customer_key,customer_id,customer_unique_id,city,state
1,ad8b08a7cbb1487f8c4cc0e532cc8550,71f4ea31d0bf4a31b012580e82b14d66,Sao Paulo,SP
2,d5fb874d8cbc4c45a4adb4829bf6f930,8ad22b054c304e6393a6c348bf7c9fa7,Sao Paulo,SP
3,53b8497d71004e038e644fd28b225fc6,96abea9386cd4e2a9f223253ca9cd822,Rio de Janeiro,RJ
4,4e1439e003194cd4a04bbd39c1cbdbd4,9c99752b66664f0d8e039ba4f8145da5,Belo Horizonte,MG
5,05eb0a4701fb4c6b9530b1cd95fd1824,dcb07bc3436848539d70f7f386dbaf46,PE City,PE
6,8ad24e7b31924dbc806acc176907a197,1f54528467bf4ddca920727cfdf76aea,Sao Paulo,SP
7,fd3003bfbc474299a6b5b4a3e9a1eaaa,6727fba7918448efbe49278dd25d2a12,Sao Paulo,SP
8,bd0963759bb64f59a524d9b20e45611e,e43cd7fa38bc4fdbb4dd7ef0cbb57b50,Sao Paulo,SP
9,77f519ffa40345a89f32247286e31dd8,bc67e6d1ec9b4ee6b6d2b4fe8c0ff424,Curitiba,PR
10,ba6715f193a0400a9fbe37488c7ffb40,c2722d1a7c2a4637af6f58a104f0815c,Rio de Janeiro,RJ
11,d44a5e323012428696536226cfb53f3f,050c7b8528114e3ba4bbe14374c6def8,Porto Alegre,RS
12,57ae38fcd9564447b026bfba7e81fe16,a23704c6757f41c6a118a66ca8ea111b,Sao Paulo,SP
13,0855e8ed3b0048739f4404e5a18b8418,ea39ef34aa3649a3b27996c5d874dcc5,SC City,SC
14,7c17df2f50ee496890118f3d37d1d210,d31d196085c6470dbcb3f1cafa698818,Rio de Janeiro,RJ
15,3d71670e34514ba98271a03d04bf5655,fc81b39f41da4ec2aa07c99a6410ae00,DF City,DF
16,f58ebf6fd36d452db74a14adee82aed6,32eee986379b4e4d8d1e160e8b33f962,Sao Paulo,SP
17,8a48b8ebc84d4ee3ad5a905e02252e15,f415785125d546f5a7150ee0cc209af9,Rio de Janeiro,RJ
18,a6d45c0a494d4e55a1f6dd252f0ad671,6030aa8e9be4436585f0b110fb693660,Curitiba,PR
19,106f9852cc014d6696675276be6d41b0,897982f342ea4d7082f990a382e95f74,Belo Horizonte,MG
20,4e5262ca3dc54596aa694d5bf5c64c35,2e0ee780feb543b6af9410ccf513aabc,Sao Paulo,SP
21,76f2137a56f2463a889b5e43e7dc6a0e,5b26d0866c0d404ab2cd50817dec9a34,CE City,CE
22,050d6e3bf44048ccb7bb3796e0865471,7b8c742b15ed463eb1e5f2063e4c5328,Sao Paulo,SP
23,612d9f9a013f4ea2b6483f51517746d9,4f5e67923e744178a51a063a9733c51f,Sao Paulo,SP
24,2981a530092d43c798dc301946b801b1,f13bc98dec8e422dbb632da1fc3171e3,Rio de Janeiro,RJ
25,0d47466fa7cc4c5b807361c05e479521,291c1b56653345bb886e7342fbdef8f6,Rio de Janeiro,RJ
26,87d7e8bdb22c4cd3802c90a45945edc0,7487c47b8e0e4b96a71ce1353622da2f,Curitiba,PR
27,d3b0df719e74416ba886a43bafc394de,3e000338dcde415d86c2e66acf4a392d,Sao Paulo,SP
28,cef694a7f1e84e96b1e1d9dc945a590c,3d4fabbbc5e445d5805f4cf4c196689b,Rio de Janeiro,RJ
29,04a2db5d60ab403b8f717dcc133dd653,d79e82218ebe4b1f9ebe0c71a7213c4f,Rio de Janeiro,RJ
30,17bef70210b54a97ab0fe2fed1c2a887,29e5f7346ca445c3939e73412c57c64d,Sao Paulo,SP
31,9ee6066d88234237ab32976cc1c104a3,5d59e7ccb61c42899d805a8959a24ab6,PE City,PE
32,6bfadc4cb56f4dbcbd8e37c2a91917ca,daa9d62bc7f0438e86adede07ff143f7,SC City,SC
33,3ac17dd4be08407d81b11fd9ea371e65,4f4343e6ee4e4bd0a53f89f0715b5d73,Rio de Janeiro,RJ
34,e51a96805aa649bc96320c1c83479727,ddcd6a1ebf00430887933cfb52d28995,Sao Paulo,SP
35,b00d0137c6b54c668fdcec7a71f50eab,a74d465dd748495c8cadb14675d8ddb9,PE City,PE
36,a8bfdcdb8da54d60a5e6726dd158c1a5,293c596de6214f08bbb9c292d4ece68d,Sao Paulo,SP
37,787a1800f4b74141a9defa409fa120cf,54c0f7a79d784617950a95d8428375bb,Sao Paulo,SP
38,07aceae8005e4a05adaa7bc868d538af,16bbd4d2fd6c4e14af668ccc2deeeee9,Sao Paulo,SP
39,4e8ba231d5494c139978e3f15cce3b7d,f7c10b764cfd4272b263c096f5d53054,Sao Paulo,SP
40,3895f147b0184fa39fd88f5ef8da50fd,a0144ab6c50c43e8b364591fcb3b598f,Curitiba,PR
41,8825f2ef58dc4933b5f2589638d3725a,2b53f6b9709440ec960d9cd3e918b8d5,Belo Horizonte,MG
42,3e129f3d91ae4fd48b080a114458bbfb,fa9925f51fad4b6c8afc8c3784a8566f,DF City,DF
43,57ebf9ab7715458aa270d93f25ec780c,5b32112ecfc6484aaa0bedc78cc8895c,Sao Paulo,SP
44,d5c9db05e78b43679cdcd941c0206a86,e1de34cd2c9e432785f6951332ef0619,Rio de Janeiro,RJ
45,cf54b78bef34478d965292b680d1c2c0,185b8346f509402c83e964c4c493c14e,CE City,CE
46,a30db5258b6b4253a131fc4b3bad01f8,4667ec4a011a4bc1ad29e50ae255a540,SC City,SC
47,30267e01bfcf4464a9448e776e321d24,8a65946bbca64be4a98515d795df0a6c,Porto Alegre,RS
48,32e01670028b44c494c28ea4d43950cd,a340f194a94e45a19b20fd337b78914a,Sao Paulo,SP
49,baa8248c06214a8f9b05c75588c3b559,3bf5ef1898e14d3ca3426540f6c4fb8a,Curitiba,PR
50,ea1909c50c454da59529fa0483f71423,2c1afa1bcfdb4e4e85a4ecb9d54fd9cd,Sao Paulo,SP
51,df8a7b9ba9c44783990d41196e6ca13c,a69515ed6bbf4c7a83a0f27464deeb90,Rio de Janeiro,RJ
52,6e12fc91359e48988dea46af7df511c3,4dad97dcb45d4560b293655ec901bfe0,Belo Horizonte,MG
53,c318f5a7a49c459188ffac0c66d10943,bd94255b1b794b499b270e0ce676bfdf,Belo Horizonte,MG
54,9870750e456047af8ccf268ed228c4ec,38d7933cd0324ae7bbc7bf5979af6381,Porto Alegre,RS
55,b0a73e43602d400dadb173ca56fa989b,b4409531f5374fdfa45f716ff7f3f9a8,Belo Horizonte,MG
56,96bf5596f2f44d8b8862b0a9c133741e,e3ff9538255443b8a193de4019ef642f,Sao Paulo,SP
57,f35bdb6a59474d1a8690586d3b415e5e,b5928b66cb344744b795f8ecc1cb49f6,Rio de Janeiro,RJ
58,7886892ac1f148db884eb290f9245428,74abe553a0db4f09864a877700679bc1,Belo Horizonte,MG
59,e14a1ce8e474405992a7017a2fb48d6b,166cb9ffdb634c14b469f64ff7c8645e,Sao Paulo,SP
60,f96316cb51b3483c8e98b85a751d7b14,161feac081d74b438a2d3d62298ab3c6,Sao Paulo,SP
61,e2095ae5480541c4afa2d02db68e5f4f,a31225ebbec447a8b138af61760c7949,Sao Paulo,SP
62,124fa9ccd994489388f2b1cc29aae2e9,f26f1641f4304028be5a8f50c2e6e7c9,Sao Paulo,SP
63,2283eec1a1b0441593c16e531129ba86,51548c66109e4e3cbe2bb1c3619a6a2a,CE City,CE
64,237f70e9308d421687b5193a631b3845,0fb933b2ae77462cbc50d8ca95b5ed11,Sao Paulo,SP
65,7ce3da30689d4094bc503ac3f4b5b92a,8dc603c068604dddaba81e1ce6777bdc,Rio de Janeiro,RJ
66,8da8cc9b456c4a4d8777bb3a0db6f1e5,f655b3dcb17d45fe9135d822569647af,Porto Alegre,RS
67,2556ed48898d4bc48f8c5150c0dc6a5e,7d0409b9dfc44f1aab871f60166be853,Sao Paulo,SP
68,fab9b2164b8841b2bd9e3eec58d04e77,87f874f30f344183a119042d6b09f0e7,PE City,PE
69,95645de8e6e249c4b107479a674f0314,3176e573d3924d05b9af164d18bac42a,Sao Paulo,SP
70,df44e01d24f24aa985492ec5fa9d03e9,fa8df79ab5384822b036ea8c458877df,BA City,BA
71,461784611c2940a6adc68b11caab28ce,bec976a54d4e4daebe1832b55d8cfa2f,Sao Paulo,SP
72,892cdba862904cf99b5a4a1284080441,8fdd20b81e2b4f0c99a83e7d933bd398,Sao Paulo,SP
73,101422713b644ceb9b5c5d4085fdf6c2,5279db671ff140bfb6fe37e1d40cc969,Sao Paulo,SP
74,2dd1e6e15f1043e0aa8a44afb35ea27c,3fc26ce40d7c43f9b41b8c4b208e4ca1,Sao Paulo,SP
75,5fc3bc2db8514c8097f552648a917624,2fa595d9ce6c4b4ebfadfd1d0ab66db4,SC City,SC
76,ae6b4c8d3f484f31bac4d84fdc8545b3,f7ac6aa25c2a4235a8471ab515821b20,Sao Paulo,SP
77,aa856d4c626d48db91be2f97ebdd2fb7,16ac739e98244084b338e49bdeb15c80,Belo Horizonte,MG
78,4904d7d7015140e783ff232ab2b953bb,93faeccb8f824798ab0e0308146a6a8d,Sao Paulo,SP
79,d4576d8186124c7c95ad8861e42a6658,f4b81250c51a4369aefdecbb7cbb0362,SC City,SC
80,8b157cef2a7a4b1e926f5ba304134369,1225ae2d03404cfa8dc427884f25be31,Curitiba,PR
81,5829cf1a0a294ddbaf6d328f4972c886,b93b5884e45a4f2496c5f89d84fc8f01,Rio de Janeiro,RJ
82,31ce1ec332d34ba3802a20ace6cf1ce9,c3993f5102ac4e1293a620c76861c37c,Sao Paulo,SP
83,109982c50ca745e58818f65919922b79,47e958328bc64b4e8358b5c9853ab879,Belo Horizonte,MG
84,65fe70a2c8fa4b87b884ba0d4ccb84eb,a5e9337daf4f4a68898c567d15b9894f,Sao Paulo,SP
85,0c68594a02d5426ba7d605f681209812,d639a5523747453492b369b4e0a9eb0a,Sao Paulo,SP
86,a1e7d0bf69154429902e7a2aaae6198a,e3aa23030cd746d688192de19dd1a139,Belo Horizonte,MG
87,532862ba1eff4f46b77c05d6e6ec11a9,4a8f3761c91a40f387f69a3d809ff9f4,CE City,CE
88,f1cf8062a7f34bc5b0172a98f43d3cea,ce1f6cadc59d4db8995cea979d2e67f4,BA City,BA
89,6e987faa2c124430ad5bbbe354a58e39,0df9c055f24f437187775d2d75b47761,Belo Horizonte,MG
90,f9d73db95cb145959653353954ad7f79,1e33475513b1464aa2bc7a4eb7fae9a5,Rio de Janeiro,RJ
91,50324974730347e387758c68f9935532,87f1b0ac3b2741c2ae494c45ad003d0c,CE City,CE
92,302a7cd61ed0418e99b79e8d6752f457,c9245ccba927412b85f61b2b59baefb4,Rio de Janeiro,RJ
93,9a37d89158824e32b7e907ac6cefe651,d70f1456ae674010b622d33a756bb05b,Rio de Janeiro,RJ
94,0212fe3279d64ad2a17decb8abeae049,1e2c9adac1ed4035919d094f0aee54d5,PE City,PE
95,570e0d11956142788ab06755132df119,d3f65962db474c9dabb734c7921e9e63,Sao Paulo,SP
96,da3e65876a1743a788590c6b8fc8d1b3,ef1e2299e9954c1f901b0d8cb257c745,Sao Paulo,SP
97,7f1fa2824b584cb3a8265c4a8d0892e9,6faf823a69ea4732b95cc0c6a175d8dc,Belo Horizonte,MG
98,34cde8f1b2654374be8596e34fc41fec,92a1d5a28c6b4f839585002856d6eaed,Sao Paulo,SP
99,91ab4302e294434881963407b13e0136,85fe69285fe046229a9fd180a22ca1a6,Sao Paulo,SP
100,c91e16ab46be40769d6ac942f81f62dd,bfc618c460a940bf97f3aa18f015c199,Rio de Janeiro,RJ
101,8a93007371fc41c6b8320d07cdeb56ec,d3d17e6f7da046f4aaa72984f94fe858,Rio de Janeiro,RJ
102,4b769d62636b43aeab870820d240fe7c,615727e6f23d4b17b4408cfddc1ac3f6,CE City,CE
103,056a2f3270814d489d7b454f4ede402a,e91b75658d51462fa77ca279fff212e1,Sao Paulo,SP
104,8d3285e10fa84892a3ce6ce3fb697b46,6ff2e0f919df4b1ca074baef583a19a2,Sao Paulo,SP
105,8745e68a3cd74927b07a4f88c425694c,874de09e537148af92c20361e08d2e67,Sao Paulo,SP
106,125d37cf793f4191bc9a669552f6b782,f8ecd840d4584937a93b888fdc63e877,Belo Horizonte,MG
107,80627e77349b4a37b6863c8dc10de145,0892124b156644e38e200fc7d99eb52f,Porto Alegre,RS
108,5d68c3aec9e2460887ef77ab342bb051,0580ae17346e420fbfef0a4d80be9f2c,Rio de Janeiro,RJ
109,b4a6a41b197448c781777e448abf4c3b,986b376af21f48f089156cbe0eeab53c,Sao Paulo,SP
110,0f4f91729dcf42a5bd943224dcc928b7,12aad429058443f9834ad3c35da45568,Belo Horizonte,MG
111,96be55ad6bab4a90b09cec33b234e091,5c52c2b2f8084c92b80cddffe5deebaa,Rio de Janeiro,RJ
112,0b7a94ad368f4383a28c45ed2a8f2936,d4115b80acfe45609c7d0a94b53830b9,Sao Paulo,SP
113,697cded2176a41e68c129a38d9476158,1060b904c8114e12b56ef9c589b2b3cb,Sao Paulo,SP
114,d9cdf4233dfe4dcaaa30e2de68f64159,376ff70e17124ab1baeb046d5fae9f03,Rio de Janeiro,RJ
115,54f47d1b4b3546d58fc68d79975d50ee,83736c605b404aa583cd70e7c026ab54,CE City,CE
116,400ab5e22da04a2199104b273a2ac292,1135323e82e045359040ecae6d4d066d,SC City,SC
117,382355c6d4c04faa9c29d0c31cff91f6,d358890cf8da425f81934794d504317f,Porto Alegre,RS
118,6494393db5c648529ee05740a82275c9,1dbdb11a23cc40f7a97c6ff80cd70b91,BA City,BA
119,c9456db136aa4d769d2e103d78cd0d46,b1f3d33341484fc394e6e42f198a0833,Porto Alegre,RS
120,07201e05cf2341bbba4e37f4521203d9,4da13847c142449b96d6d58a7b1ba25f,PE City,PE
121,3abd22f00c444ca7a0907ef0c70d4572,361218a2a3fd410c83c216b3e5081b0c,Sao Paulo,SP
122,30336e0d08e74a31b446328c3fedc311,f157da4f395140d59e536d187ad2c9bb,Rio de Janeiro,RJ
123,97b5f4e832d54bfc88c11726ef6fa3f4,c4bb0deecce54c0e8a089da50b77e517,Porto Alegre,RS
124,5b825329275b4abdba0bfd5087feda49,d2a5ea6289224a83a436b1d51ab637cd,Belo Horizonte,MG
125,768e1d6e50cf4ad2978934bc4feece30,43b63358317c4bdcbc3edb90e9c58f64,Sao Paulo,SP
126,e0e76584c8b1418a94464ad27ebd691e,3726e2244f0949d4acc899d748175c44,Sao Paulo,SP
127,f69b658e10ab4d45916ff7d029bc82a6,d5b7e789e14b4bdc942686ad2e728df6,Sao Paulo,SP
128,17dff0420fb94811b7cd163f04212c2e,1daa299453c444dfa4936fd45762192e,Sao Paulo,SP
129,79d72d631eaa4023a2f91b7a26791b97,05494ac048c3482ebdfb4a18b16b214c,Sao Paulo,SP
130,4136386870cd49878a8929636386fb5a,79315aeb58834b40ae686e88e94151ab,Rio de Janeiro,RJ
131,8bacd661ee1341e18671dab85c36d8e4,51b82cca0de940adab202a9d8e38294f,SC City,SC
132,abc4c04941f74778b318a1256ed4ef3a,681e3ee6982448188c0f5ab98b7158e7,Porto Alegre,RS
133,b052b993d6f84c99a5f6f1a534299030,8e3b46d1190046e0b6c4d2821105b2a1,SC City,SC
134,154f47f096174f98993ba23fa09960d7,8b970764b3844b2983e12df6ce300d28,BA City,BA
135,b4639eeec58a418fb80755414ae8672c,dc58cc0eacdd434bb46db5455c70270e,Sao Paulo,SP
136,7076ac3ef1d34301903938fc7c9858cd,6a8ab262e0a448af87d5f11565ccbc0e,Sao Paulo,SP
137,c35e419d02b64752a7876f29a4ceae8e,ed4179bc6a7d4cb6afde9dca5ef14dc6,Sao Paulo,SP
138,25d10d0ca3e74204b0b02ddcad08aaf8,3327ff8e9f1b48c4bc9a9db23914797f,PE City,PE
139,9693b661e2464ff2ac0697b6f9eb6b2d,f18a67a3adcd49ee9d7187e9fb4c6942,Sao Paulo,SP
140,3154aea294de4aebb628286a9c43ab54,dd0096b9e0234e0ba39c0c6b2c0fcd68,Porto Alegre,RS
141,e46fb9b92924400b8df989d74cac15e9,59983e7fc8574c62b6caf8c9866dfe8e,Sao Paulo,SP
142,5bd476a0145c49568bafd87f35121ef2,ddbbd61bbe4e4864a7756365c1fb11c2,DF City,DF
143,b12c23df6fe440ababc7efa048940862,0b67febc58b8441b8fb03bd376417b79,Sao Paulo,SP
144,1ff1792ea0bc4b52a8ce0f5f4d8d1c4b,56244ca1357a4dcdb24a93a76967aa6e,SC City,SC
145,e30aea062f1b4f02b490e89c2bfd8114,0148dc39dde049c5a80cbd9a6e644719,Sao Paulo,SP
146,954f8b95a6bd455e8af2ea3e4fd3bc11,de478d14e8f34161aa19576170f9d661,Sao Paulo,SP
147,26202436157e4c1690306162abf76f34,32f4648965784f7eb82b6e6679aab1dc,Belo Horizonte,MG
148,0f8a9123d90f4fbdb893318de50cc5d7,e9f58ed35e08426bbae5768906bbf47f,CE City,CE
149,a1e735f396b04ab59659f4bb24195d36,43f3193d3b274beaa5faf411ba5da931,Rio de Janeiro,RJ
150,b40980ecefd845ceb96f53f240558a71,6c3fe488fdca49c7a5c2e686a6cc5dd0,PE City,PE
151,4ab693d530544230a83e5d7113769de0,e7ead520bb164343a31b1e5bb3b53dfc,Curitiba,PR
152,c30578a3386b4c6783731ddab3736b72,b5e88253d94e4d1b96d558e49d407172,Curitiba,PR
153,484fcebf834c4a86931e801cd0837429,57f4956c91414dda983546c6fefbb35a,Rio de Janeiro,RJ
154,9569c4ddef5a4dcfbe63d54c832aec14,07857d02f8b345339b5db5b6a02938f9,Sao Paulo,SP
155,d6ecbada3d5f4f82b68e9f90c40acd15,9b1b2b93f02b47dba734d0fe28653323,Sao Paulo,SP
156,8ae1c3e9295040aa96fd1315e30bc3e4,ec70faf30b6746eb94bbd3c5dab26877,DF City,DF
157,6cdd558621154912aabc57a3b0993aa1,51d4c340f00a4b6489ae6e016e13b365,DF City,DF
158,a7773431259542fe95664c6eb5597e4c,b7cbfbd1e7f54dc99e6b274d9c50e5c7,Porto Alegre,RS
159,760d67f1c48544d3bc39f46b55329a6a,3b5f7e865c634a2594f4dd114ac3af5b,Sao Paulo,SP
160,eb4fff10a3c14cc9bae7761dc38fae3d,0e9215374fe14e22888a5d5b3fb3b9b6,Sao Paulo,SP
161,9938ba2a56b34d44a5c9210c511b00ff,51310782394c426fa3f58c9a1f39a6d3,CE City,CE
162,c53831ff90174b2fad52399ed71ecebf,adc1d9dde4c64cc1814ceb3aea8a588e,Sao Paulo,SP
163,f1af75d37b74448694f0f93b4f332ed8,acfa3ade3aa646dc9c4f5d4519bc1670,SC City,SC
164,31aea2c209d044d0af4d73b3a1611bd3,251794c2f62745278b272cb8084cd6e7,Sao Paulo,SP
165,85644124ad9841f4a95d6bee15d3bcad,4f5d94b811734e128b144bf9f1d17aa2,Sao Paulo,SP
166,6918ef678193432bad2b0a28c6a6514f,cec0154cc90140bea075cdd217e163be,SC City,SC
167,5693d921be8e48baa78179948e6f1795,61298b0413194b7693c6cec68af1f888,Sao Paulo,SP
168,1e02c4c8655440ffb41e42cb1856b0b7,dc952d6e95934fe9b7ccc44229e8b344,Sao Paulo,SP
169,93f057cb61d846ddbe06d856d7e269fb,a30717c8a5134e308a4898249fc3929b,DF City,DF
170,948daed6490b4a199d164886f2e21b8f,7287fa7b55314edfac4c25c918133351,Porto Alegre,RS
171,0ce182a3bb064b98a04ef1c01b080f30,68004f0010af4dd093febf7361bf4c01,Curitiba,PR
172,1d33f56690ad46ce9555f71a63b2f422,546c536ba2f346c18ad85201a7c51c48,Curitiba,PR
173,fe52cfc63b6a4dc58eb451c5325e5b6b,6cd711bf0aa746e19e46c4a51f72c805,Sao Paulo,SP
174,54092d9b9cf0416d963eb6fdc6b57eb0,2141f324ea86452da1fe323de4884b53,Sao Paulo,SP
175,b1b2cd49afb94f409a8e2a27a3d086a3,cd4ebcbe459943cb9274bb7ca05ffcff,Rio de Janeiro,RJ
176,5c6c52fd8c3240be927fc50407f4b933,969dff4dd6b64370a555be4dd27d308d,Sao Paulo,SP
177,9baf81dfa0ff419781b5cfec4d20e77b,bfd5ec956aa04b9598fec85a416495ec,Sao Paulo,SP
178,a3404b8e465d45df932b294fd69f2c01,896d8fcaa0c74402957bc0aeedf94833,Curitiba,PR
179,4e6804fbb17f451d926f8509a5c7a93b,4d02b85712dc48ab8962b27b3c9a45f2,Sao Paulo,SP
180,0a972056eb664de58c95f47947bc09bd,d4676f968bc444a68035d5940407d027,Belo Horizonte,MG
181,174097bd2dd345d4a91dd77060b37734,069f0d3de6c94ecbb99b3a9d4b6bd008,Sao Paulo,SP
182,2e751f04064f487eae1efe6b6495b8ef,a67550cc1f594485bd9ef38886b3cdfa,Sao Paulo,SP
183,7ad7c4269bbe43cc99072a817a30a718,43ea97d14d404ba58aabe9a74842067c,Sao Paulo,SP
184,8d517cf3b4a34b28bdee673a225af4d3,8c8924a72c7642358d05199b7c1ab94b,SC City,SC
185,1c8ab4da34354c088991a8a196798ff1,edbd431925fe43eeb4972861da29a602,Sao Paulo,SP
186,b50507388e3648e2963730c649b01a98,8bd3b6bbbd1f488790bb65a09e3db910,Rio de Janeiro,RJ
187,cc2d70bc060c46d19415ee1ac31d82b5,da30482745c043f1beeceab0a336a010,Belo Horizonte,MG
188,e465ede11fe245ab8c55ab664b065d49,3466f2e94d4e44a9b54f49fdc2cc045f,Sao Paulo,SP
189,14b980d67fee49cea156e8ddfbec1fb9,a7301c4ac772442bb65d5ba6033a5f61,Rio de Janeiro,RJ
190,87a0031e1cdf46aca2c6109ed4f2cf37,b3131a0605354be6ba9da8f43ac687d6,PE City,PE
191,870746182a334a2cbe790e874416c3c1,eed3893d1bfa4c1ebb3f95a989ec2c3f,Rio de Janeiro,RJ
192,e5fd6646227b4af0a6d0ffa4b0875dec,a8774306c1bc467b92bc7fc3c8fff5c5,Sao Paulo,SP
193,02eca988a7b94d50a121d0e47b12d504,20a5bad25bf94c1f8a149798e8882be1,Belo Horizonte,MG
194,c51a6a2104c34dd78ce55f45463c5ad2,1812ae3bf64145bcb125125e6d13f2a3,Belo Horizonte,MG
195,d132a97a2ff0497dba8271b57d81f064,e88f67db629d43ffaf0b1f16f0cc6f4e,Sao Paulo,SP
196,6f0867b9cd354bd6a577804aa0e1e862,5c1a6fb25b754b6f82b0a3feff7d47ce,Sao Paulo,SP
197,52ef3e0ff9fd4e2484ce0efd4ceabcb9,9333987eec28486db30a24640b2e37e9,Sao Paulo,SP
198,7768e7307a1d4fe9a0d48391a6e99676,f4c5d21f62534a5dbe436fa4eb2db7c5,Sao Paulo,SP
199,638e79a09494422a90a1c7abf374d3ed,1c9a909fee3e407a9654dd8c63e48c65,Sao Paulo,SP
200,9bb50489224647fb8df2aa0b294b27fd,77a7d17bf0f7473a8e072742ca6938a4,Rio de Janeiro,RJ
201,fbb1b37758664d7487091a232b2afe1c,abf109002c9b4b7fa56340c002317252,Sao Paulo,SP
202,a5a615ac5065481eb97294dccf1d1491,a69d74f1361946579e7961b76b6047bb,BA City,BA
203,5310fa3562bb43b8929f1903b2bfb3b6,336606b6bda54b359c15347381e29aac,Belo Horizonte,MG
204,f23c6caddcf2457584049509655f1ec5,8b0a6249193c440689e314ee8f054b55,BA City,BA
205,f09aade0eb7949179572753290562fd0,59849789d9874cc7b9400b90e5a1e5b5,Rio de Janeiro,RJ
206,69fda16be77d4e1fa31c4ab937a0b7b3,ead59774c3964f45925644fc755330d6,Sao Paulo,SP
207,01444335422d47c9a1e2a4df710c8d5d,14a0b36347a54a2e9e673b02e7a96da2,Rio de Janeiro,RJ
208,beb702bfa42a4514af4c23bc045648de,cd70bfe775a448eca54fb9f8fe0cf664,SC City,SC
209,0ca326b63f41489295e3f0be2667b10a,01bd1f36323b43589cbe226eb3f9f080,Sao Paulo,SP
210,b792de2937e84f33822be858493af785,7b70ca3e7e834de7afd02362d3c026cf,Sao Paulo,SP
211,2169533b2394427394e974fc7a8c1a26,c3e57150a11b4ea095b32761dcd9ca0c,Sao Paulo,SP
212,d817a358352c4d21bbed1025da220183,125a75c9806d4ebc898efee35cb83093,Sao Paulo,SP
213,8a6af7c2f1db40548caaf93778032b44,63c26aab9523436994008f6b16725ebb,Sao Paulo,SP
214,c963e4b80bf74e738faa89cdf46be38d,e40c76c3ac634e5eb4d4d36daf22022e,Sao Paulo,SP
215,30067ed350844444b7b6255a2843b129,9be45ffe49b04874b09bf06a557f50b1,Sao Paulo,SP
216,63365aaaa523492b90bb02a07548ca9b,c47dc32a277e408a9e24670d087d612d,Porto Alegre,RS
217,3ac1e9824c07416f97d771c697d16bac,1664cee846ad4132aa1dca44ec8c1736,Sao Paulo,SP
218,bb7015b24246419eaf01cd0e2429af8f,d29bd1fb370045dba63b120d693e15e3,Belo Horizonte,MG
219,a5a4a84dfc0f436da8af338c353c93ed,48ce901466604802b5a92b5aaf67185a,Rio de Janeiro,RJ
220,891252f1faa448b79df3c5d792afbd14,84431890dc504567925c0ee48483cb4e,Rio de Janeiro,RJ
221,68aef40874b44188a66df5c710cd714a,1f37ddd0ecbb43fea9400107e9715afe,Sao Paulo,SP
222,d864981508fb438a9790eb161d6f26d3,b63efaa1a5c349869f8f037ffec80a25,Rio de Janeiro,RJ
223,f7edcfda55d3431aaddf1500ae923d74,600b43f0e90d4b7280156ec235eb33c8,Sao Paulo,SP
224,4deb35f0ac5b4138860e2b1710e8fa98,aa195a8244614fbd969aaf48a7616ad1,Rio de Janeiro,RJ
225,ea0963d8078749c9ade88228aed1dfee,a8f9601b776b4f7e9c62add73bd09706,Belo Horizonte,MG
226,7268b757cd1e4d51aa5c34568d1c0e69,513f89bdfb5542b9aa54483619e0b737,Sao Paulo,SP
227,14057bc595b84172a488f4e268d583a1,5579c42c4b9a4c708f82dde7805efdd5,Sao Paulo,SP
228,dc937bbc26c049d1a02c867521823b9a,84c09c5539cd4cbdb3ae589b93cb4db6,Sao Paulo,SP
229,09b626635c42431a9b2eff937f118277,f767726a59654d1da1b52d99e08cc031,Sao Paulo,SP
230,e2addd4453404d49ba2af153dd13bb83,c40ec2e621e04bb9acb4c0f7c0fe50cf,Sao Paulo,SP
231,ac2a6d3db9c44426b220f1a327a2fb0c,8ddc7f4119bf40fd829aa2296987153d,CE City,CE
232,2237c93aef6840b1b9dba8dd96d35108,8111d624a9724d2582ac4bfd7091da32,Sao Paulo,SP
233,a22c5a5602c040a3bec6bda3e164a0f7,2b7d5e29059f45988f705f256078ac37,Rio de Janeiro,RJ
234,f3887eec8f1a48aab7efef8af732e701,08549d0022ce49b19bdca0fa936c040e,Belo Horizonte,MG
235,314f0dcc4f944425baf8b4df8e4ff73b,8174398e2ccf47138541c18c036cdbf7,Belo Horizonte,MG
236,5cb5fd6c0cb046879ca9dbc0279c494e,883eb19e9aee4b3ca6efb2011635591a,DF City,DF
237,243f43b695dc4531acd59e3b8cbd1185,647f79f122cd4a2f8fd2eada7016b147,SC City,SC
238,cfc25451a235438da24055c56c412ce0,d9b97df1c2c74b498e4f1c9660d5bbea,Curitiba,PR
239,4fde723ea91147609cdbee8b07bcda55,c7c6ca37961247de8d32c31b1929c1e6,DF City,DF
240,a66450f02e3c4f1aab1a060c0cfeb6cc,247b950e32c3405886d6e1fb1e963ec3,Sao Paulo,SP
241,07d98536069e419185e41b7e8f8cc577,0a2be454b037499aba9b0eaeafdf34e6,Belo Horizonte,MG
242,69e9e43c47fd4885ba75295a777938a2,ba02b25297c748039b72a07b263486a7,BA City,BA
243,037d4027762a49938b6cb7fa7ba7acce,485a30d7cfcc43868d99a3e6052f3922,Belo Horizonte,MG
244,1162f720a6f540a0805d912740c48bb8,694b2541dee645ed9f2bc8708421e731,CE City,CE
245,2c1dffea99da4dc29ba1038a6a08cebd,b282189422fd4274bc454374b39825b7,Sao Paulo,SP
246,6a6071e0c2e849bca194e64c5b9bafb9,8c665964ff43464187b15538707a108c,Rio de Janeiro,RJ
247,713f5413408844a2acdec59c83b242d2,67f2e03d9a794e5eaf5bd83dddd48e18,CE City,CE
248,497c7e94091b4c5899d9c5958381518c,799f7c06cb464c26bd636eb1b2dcd6a8,Sao Paulo,SP
249,f20ec0ac76194840b64dfea835fbb7f7,4ecaf1fedab14729a50515bbcd9e2de3,Porto Alegre,RS
250,72100b10cc2c4c19bdc8306700e56b44,1faeba9a9b9f4e3eb55597f3b9358fc2,Sao Paulo,SP
251,61c286c2c7fe4b5aadcc67de98080b4d,33b6e176dc564d9db8a2ba99545726b9,Porto Alegre,RS
252,98f441edf2524fc4b67b215c2d1eee79,d8bfd956c1634e728fe9de7a5a8491a1,PE City,PE
253,4245bf6a3f9d4d81b727ebe6e77d0f17,faec1a14d4694318bcc4c7f1fc7e5f57,Sao Paulo,SP
254,7095f794c56247efb8fb4b81d1c077c1,04cdbd222f814a4e9bb56be4a0a510b4,Sao Paulo,SP
255,c628271600ee45b982c8213d07612bd3,ea79f6679dc2419f88ee1b6748943339,Sao Paulo,SP
256,6333b677945b4b75b0e99998b3279d11,8c8c425eaaf044fd940c5205d3d3eb8d,BA City,BA
257,08e4cb46e59246ba9766b98f854ef7e0,868a0c4d40314a8fa88cce090c4c479b,Porto Alegre,RS
258,bb716139ef1b4b3fb028b8edeb424d25,d79787084cb84b08b820bee7f26ad75d,Sao Paulo,SP
259,b3e8de1f717d447a980d9fcbbc28c2a4,08cc896d13f64e7b9730cfc0462d885b,Sao Paulo,SP
260,a379e50fc87442578d7cbf57416d5ab6,0d619e2acbe74451aca80c9732feae2a,Curitiba,PR
261,9132225bbfcd4b73b46105f466994386,ba77602b4aa54db98b9b392a61984e22,Curitiba,PR
262,487d2b3dd3cb4a5482cb889a05457290,a1c52877c53b4f2492f8de30ab9c6db6,Sao Paulo,SP
263,0a2795f4d4374b2ea869b662dbb5b0a5,fa484614e24d44b9aa6255e988d85abd,Sao Paulo,SP
264,a972d5e0df9547279eb06ecb850e1098,571c17b8a66c4220b1af41523e617b94,Curitiba,PR
265,46d7d2ada23d4fa0bd3eacfb57822244,f5e324cd800446e39edc935a72381981,Rio de Janeiro,RJ
266,8b02050633784c1c9872fd1e1ce77593,acdbd9f63be4446d9876bf1e1b5324ff,DF City,DF
267,4bca5538061c49bc9bb32e9fc72359dd,dfd3174503684e739de8ff598a2e4ef4,Rio de Janeiro,RJ
268,5c5be6491f7b4684b67a3907446e8555,a8626d11273649b082f30c8fda83e66b,Belo Horizonte,MG
269,a81938eb81054592ab2a7aac3f89f3bb,564bd5b8c03d4e50a498123c6a2628e2,Rio de Janeiro,RJ
270,8aefa6cac10047d29f3c93a40de532a0,338024adf3014fc3a20cc6fa59ed5195,DF City,DF
271,bb265065b1774013b6a64012da7c42db,f6ddd30d07b244ba8bafcf7c423c626a,Sao Paulo,SP
272,a72c6f931db74fb28a6734815bbb57c8,a7b8196068ec48888deff5541f111c62,Sao Paulo,SP
273,f9e73af302c14fddbce50834c70d218d,0421cb3616724c01a05a97bb8aede05f,Sao Paulo,SP
274,bafe8d625c7242f0b0a3a023e095161c,d33e0dc9517942669292ef41339b21fb,SC City,SC
275,fb5456faca6243a5abe47fdaf7f539c5,10e4c4b9c8dc4d74817a4adde5e80bff,Rio de Janeiro,RJ
276,ce759e1da57641a98c4ec1b738293528,043e868302834a8789f99a634d3fd848,Sao Paulo,SP
277,19da3dc3041343389848aadbf6ae21b6,55024190a18d4794a49c8c50993f4fc2,Rio de Janeiro,RJ
278,ea9a50f373864e67b57cd0e8eb962ea6,9d7586207d6942119e314c45f30aa13d,Sao Paulo,SP
279,90aac43837a5459ba03902251a7b5068,ef9013f21bcd45568f51065ff1047671,Sao Paulo,SP
280,9664b053cce14306ad240355c4a7371d,327ca19763e84371b8a88d602c7b3e02,Sao Paulo,SP
281,0f607d1858d244759be1f26834473f02,c128b6fa7cfe40cd9291b04ef667328d,Belo Horizonte,MG
282,a6a9786d3e7b4d32acc624a392eea401,abeb77c0cd59443c98f1fd3549bacd77,Porto Alegre,RS
283,035ab7a2efdc46138c163719eb33ce09,4c17840550ba44fbb43f2b097e70eed4,SC City,SC
284,ae363c1c83874cf6bd8022bccb45f753,cd2f550051964bb68b98af0dfb2ad7a8,PE City,PE
285,a88e000369e24cb088359c713721c191,d0edcecdf8f64ff19a5b473748fce203,Sao Paulo,SP
286,d86d081a7f7044d1a2a07a0f19724897,f858e2c5d4fc4360aab17590c60546a5,Porto Alegre,RS
287,8e5a5d49bb524536bce3938a8a7860d1,b592f51c0f564a0ca68b19ef8814d262,Sao Paulo,SP
288,c02e5747f95844f49ab6bffcdfbc869c,a2142aca200f4b9cac7f75419877352d,Sao Paulo,SP
289,3536fa6512614b1ea7d5123ae8be0d7a,b9d662065bd5424d82a4bf23c0d756de,Sao Paulo,SP
290,c19cf84f096c458e9899879dc239356e,6b896331bf0a4158b38f11d0673c76e8,Rio de Janeiro,RJ
291,d4e5bb0882894140822d0f6c342a96e3,a4d5491994ae4911bebba789508867bf,Sao Paulo,SP
292,9743af13d27f4f44a258c2bd7b9e2d0f,3dd3d1f865f941d59db551380ab32b7d,Sao Paulo,SP
293,6a4bccec731542cab2eab8d7eb95b841,e4e286f432c84276bf4a42a108ab8e5e,Belo Horizonte,MG
294,72e14da8e6b541ec8cf6983cfbb7c3b2,adf26bc4ccd84041be8f71ece1a3f7cf,Sao Paulo,SP
295,9cbbea06e249430daa67e3b791ce40d4,84bd0e2d99b04eadacdbd1d31448e4c3,Rio de Janeiro,RJ
296,fa90a1916b7e4014956b3ba99d9eb0be,0a92950c8b4e408c8a2085759eee753f,Sao Paulo,SP
297,74e92460051742c4b2b2f31dca409e69,59b46874d2c24f67bfd772989c135aa3,Sao Paulo,SP
298,9b482bbd072543838dbfc082ee585b8a,18dfbcf443c64862b00c1dabee3b203a,Sao Paulo,SP
299,6a4689758be34e0584ea193652fba508,d902e727ab2c46e09d6e582ba6299b86,Sao Paulo,SP
300,5cab52d0e07f4280a81122bc07112e0a,72f86d64815041baad22d16ad6b72b5d,Sao Paulo,SP
301,3a59352b26784e5c9d406a217119a7ee,cf56a2427c9a404e9f5d18bb884b0547,Belo Horizonte,MG
302,6131e5e685e1431285b87a56383b69a9,0c948733867b47d7a0aadd5131521169,Curitiba,PR
303,8275d927e07747b48618bd9c06f7ec0a,44fa7a14797e4e729050a700d511749b,Sao Paulo,SP
304,130bd81ecfd046e1a69942302186c53f,8eb50bed850c48aeadf66d2825068351,Sao Paulo,SP
305,4e328fc6af4f4094bef7db50782dd2e2,c079364e40284726940366f9dc889ae6,SC City,SC
306,f3bef0b9fded4dd8a2f7edd436d96e58,9b2cf215de624597a2e785bbb2680895,Sao Paulo,SP
307,6732cb942efe445eaf274a3f80344481,5dc6476383d14850b431244f60ecc1fe,Sao Paulo,SP
308,dc8c3a17c17343f5bbabcaa642cb6d75,39a7d7233ae441f597f8f0b2073f7618,Rio de Janeiro,RJ
309,d6aa0fe42409428eb9e9da897917ef91,d324ca78c9174cc09e097af66e86f24e,Belo Horizonte,MG
310,f08de76902004fa58eb1b97de13d95f7,2545e8e0c5924d4a92a3b4aafad89e97,Belo Horizonte,MG
311,0109b10cdd094d39bcb92519b6d3dbcf,386dd10b1f5f4c0da8e49c3d2f7cc194,Porto Alegre,RS
312,daebe9e8805a46b59ed1065f2ead2e38,04f464e4044f40b29c272154cd8b5a4e,Sao Paulo,SP
313,6945fe5d20d74daca4ed764e2f155ece,e062c61624d749f88bed2aade9301347,Rio de Janeiro,RJ
314,805883e683b54cee82faa008146868a4,c6693f4f86b247e49c54ce46dcde66d1,Sao Paulo,SP
315,649ea167e7364a8d987b7fee4c237473,f06f306f93a74e0f9f4bf688225e145d,Curitiba,PR
316,af132db459784d0cbd549752db66ca57,9fa8393aef3240a585b2e87e5feab6d5,BA City,BA
317,8538b53e494f4ca2ab30221c28fb5edc,f7f6ba0975594d90a77b4a30a55d8bce,Sao Paulo,SP
318,9d136f30153b49d98aa5bf0aaf852de1,a46cc2147a7742b3a433a6a02fcca25e,Sao Paulo,SP
319,be2ffee1f2f54f25a645c273b4c0801f,b7a520e39b824232990ba05fc6f82b60,Sao Paulo,SP
320,7d2ed726611347e68e8caaef234c207d,f7817dbc01be4851ad0fc7cd61a948b6,Sao Paulo,SP
321,0d211d12b1d545fb83df339fb5ebcb30,fe1b2678965b4b0fb57674834f6c2a9d,Sao Paulo,SP
322,ff0ebd005bdb415da02769098c51066a,8a8a6333adeb4ef2869e3f60c264882b,Rio de Janeiro,RJ
323,f123e5ff31324368b65ee762c1faae5f,343704eb672944498c0ad532a4873965,CE City,CE
324,c2b3a05596da4692827808fd671bb617,b53001024a334eb99ca8faad6b78ab9c,Sao Paulo,SP
325,3e71db5805fe47d5a09f0e51dd7b1ebc,d3effc25466d4010ad26695149f7c7f4,Sao Paulo,SP
326,c9eeffea8ab44e288ffbc423f566b027,fd2d35acf9944138bbf0a2d0289d6337,Sao Paulo,SP
327,b529a93e751c4056bf794151a9a4e7f3,84e9fcda56504d39b841ac50f2d5af9f,Sao Paulo,SP
328,b49021a0dfe44afdb4b05979fdb0171e,4eafd26d84d84dccb8703854b7ce9de2,Sao Paulo,SP
329,5573d451de57409ba6869baa0158ad07,8d56235bd27145bfb2769d5d7e50f082,Curitiba,PR
330,d13acb90005b4639857082dd9c24cd11,f21640be86c4456f97cf2c8b74910a60,Sao Paulo,SP
331,278beb3a9e8f4094af8b2b302b77a383,a1bdfee3fb094db2a22805e3b454f2d7,CE City,CE
332,b515e8edb5a146fbb0125a7b6975f3ba,a73b76bbbe2d41a8adedc97942fa206a,Rio de Janeiro,RJ
333,02e1701a373a4252ba4e8a4c78fd9a14,a179623e9b154a9080ef83ebff8cdaa9,Rio de Janeiro,RJ
334,f43cb0da098348cd9a4959904a1abfff,e615d3ae2b2d4d83a2911cc3e6745658,Sao Paulo,SP
335,78b2df4163f64d14bc119954787204a4,9636a6c5f4b742f98cce945ed1e9aa05,Porto Alegre,RS
336,0b94920218cd40b8b3486eace43e611c,c9a369c79ee74a439a65764cb1670b7c,Rio de Janeiro,RJ
337,b745f63e9fcb452a9755007145525c99,44dd7935b1a741f2a8b6b881d99bbbd9,Sao Paulo,SP
338,325d623781df436eb25f817c63088d40,9d26435be6b84658bd3ff53c199c949f,Sao Paulo,SP
339,611bdfc04b5c4d63bf46dbf71b6efb1f,6a78caf7fe554a74a7f622a0b213f1a7,PE City,PE
340,87e07442bb7f4c91b577a5a13937c66c,c7706ad682af4f4f893db35a330c3ca1,Sao Paulo,SP
341,4461995a7c3b4f6db0fbcff773648ddb,257a7fd8d1c644dc9356a239adec217b,Rio de Janeiro,RJ
342,5824a5386e794723b16dc21d783d82cb,b1887f77c9bf422fb5f564b83b98491b,Sao Paulo,SP
343,9ea3eb3aa4234475a8714b19c0788b9a,5bf3445bbd6b482d8ad87d0bbba85d10,Sao Paulo,SP
344,f34a768513ab44809033ecb720fb0fdc,5cdf11d9fb1348f3a2c2eafee79aa451,Sao Paulo,SP
345,3d766a98201a401ea2b9b42d8a3ed84d,697a0b8bfda1464da963f98233061416,Sao Paulo,SP
346,c8283a74a6ea47fc8d448208b01f08a9,1eb578dc094b4d27adbeba81e3a0414f,Porto Alegre,RS
347,fb83b715e6b04292a461dd14fb3cbfb1,3d683ab1d87e49c08bfb9970e0a8a248,Sao Paulo,SP
348,3955b653dbed428d836dbc5e81cd93c6,6a522015af0948e4bdbe563932cbe2b7,Curitiba,PR
349,2de07a27f0c3498ea957882ee6aec63f,4c9186eed66b4332b7e090b1549e112a,Porto Alegre,RS
350,9858eb5f247d492191f13107f37a3a17,88b920072a0c44e58c71427c67e371ac,Sao Paulo,SP
351,b8c68ee4737840cf88ede00ce9e376b3,e58f937f7ca640c0a1ede044d0834c96,Belo Horizonte,MG
352,f8890a42ec8441c1ad077998f65d7fcb,9deb61a9b4d4407db02cfd95b8324a9e,Porto Alegre,RS
353,886616c2ca754d51bb56bbb9ba7774e8,df6ba92a243c408dbe287896054de284,Belo Horizonte,MG
354,49c25d9c0b724d9eb4df91d8778a6e32,1f401cc6993c44eea27a08a389315d27,Belo Horizonte,MG
355,9113c984bb8f43d9b4fd2eedfe3de2f0,a67540776a6b4d1396b7f8017e514b0e,Porto Alegre,RS
356,88649df75214450f99fd518c228ff4a5,f636b54340724fccacce28f24e836bf6,Sao Paulo,SP
357,67fecee027e644549465885351208d00,0b4fbca82a714bcba73667a97fc00208,Porto Alegre,RS
358,6238768d3bc24eaf8ce76227c2728a84,d3d7ab1e6283463f8e046a0841bac910,Sao Paulo,SP
359,f7cb67df6d044b43b5f11ca3dc3f8b15,ab634ddf7fc740ec9eea9271bb042799,Belo Horizonte,MG
360,22c02cd1a6e9481aac0e5b0688033363,f060e011b7db412ab91be001ac458f29,Sao Paulo,SP
361,0050506a1287433ea73951d451f601be,07716bf2f44f4bb5b5aecbe93a8d19ac,SC City,SC
362,7a338323be074350a497793d0fdeb8fc,270a82201ce7468b86712f58ba614045,Rio de Janeiro,RJ
363,f36e29b5796c436e903127e2ccda159a,6320d4d172c142d287ff2a9146a2dc02,Belo Horizonte,MG
364,93dda7226b054e0dbb69152c42f320a8,c2e061324f8e43e5bc235eb7a1811b12,Curitiba,PR
365,b04cb56caab54e49aaa2945e240c897d,aafb438a6f074884aa6828f5d81e4692,BA City,BA
366,01398d257c084ef795ce3e21983d3c04,b7529aa9601741948eba056f085a8419,Porto Alegre,RS
367,f0baa2c54362496bb7f3e65b7a0d834d,20533e988fd040a4bdfa6a6799c3d8f0,Sao Paulo,SP
368,a199bd4c37b7434e91a174cbc9a36454,b7654df8202f4aaa8d493eeffe912d42,SC City,SC
369,5047729c34584e9dbd0d355d632ff509,7afaec919efa4954955522502a82fc73,Belo Horizonte,MG
370,bddb2a61047e46da8d149602f3f2deb7,5f2cdcde5b254b38b764259444565fd5,Belo Horizonte,MG
371,adfe1a084867431db3b71d6af046abdf,5389cd7127b745499ee3c9f603b9f8db,PE City,PE
372,5e002bfc8442452bb79a2eee1aba8eda,661d2fbe244b4dfd9e9a542863a17523,Sao Paulo,SP
373,455f421a6eda4fa08b2b58ecaf373fe7,8691bacaf0ec444487631214135a4659,Sao Paulo,SP
374,24410d41b97d4466b2348c27edd31c9a,540f23090073472583581f1f0b1650cd,Rio de Janeiro,RJ
375,797b60914c074a0a8e081fde18e53f94,ba3dcca25ae14dafb8b55c15f2ce9cbc,Curitiba,PR
376,8fe688160db8492b81c058aa62f73cc6,541a4086f4bb445785c7cda4430d4f5b,Rio de Janeiro,RJ
377,b0fe8c22d770454284c5811c14cd50af,f1375b6218b64157bd8db45bb1c858dc,Belo Horizonte,MG
378,2e8459de66d9489499e1486130592f72,74ba9d8235534864b203ea58e75d2fae,Rio de Janeiro,RJ
379,170dba746c634b798f1228eef071d6d0,3f2c7b4d20dc43fca3c209c09d6b29b4,Belo Horizonte,MG
380,a689c79b00ac42c2a80122668aa1ad2e,ca7ca78fe4c34add996713b4a3ef696a,SC City,SC
381,08113e3b28744470b4ea27fce5f028e7,4d29c82b144f4ace96554106c718d957,Sao Paulo,SP
382,480ccb0c86db4757aa910220c3917a6d,f4b2562cb4484546b746f8b00bcdb869,Porto Alegre,RS
383,71f64b5d0e1d47af9359d24109e2fff2,448eff350e6e4a1b9b84ee68e817601a,Curitiba,PR
384,3783ceea2ee84a8bb3332ad32a1f00bb,6ec6d73d618b40eda09f2cb39facf906,Rio de Janeiro,RJ
385,2574963779684d5a8a84e017cf02a4f9,b893b66dcdcb4989941503f67a9102b4,Sao Paulo,SP
386,44659ae96cf643168b233b42ca634677,92395754a7174e9881d593a5c53d6b1c,Sao Paulo,SP
387,417fc5aeae7749cc86f0701712aca1a4,43f3daa245424d4f85b004e4cd2af7f4,Curitiba,PR
388,e40af5e25e3e4a4bba52f6311c3d3171,fa517526ee0144018b4e38ae51462cc9,Sao Paulo,SP
389,fe676f037cf544acbfd10e84da6f890b,abf8d5bb9d234cefb440569512331478,Sao Paulo,SP
390,052c50fcb1b84c0cb1d940fc3bba0b58,d1cbadca9a85413ab2a8e9a57abb7e01,Sao Paulo,SP
391,d236d26ce7f146008334fe996bdadcb2,7d9891983179421faa377815fbe24f37,Rio de Janeiro,RJ
392,7ea2c9c0580b4144aea42adf3d528eb1,aa31f0fe81cf430aa646b1ab68ab75e6,Porto Alegre,RS
393,ca74e1179c04433cb91a4b32371cae3b,11ec161d6b5c4597aa01bb90d3a0ee58,Curitiba,PR
394,27ae635e393343c089ff0ee138035099,d0e3804f2073407fb9da86eb0ea5d9dd,Sao Paulo,SP
395,f43f007d19ee4798ba4a86b23775fa23,997876efa19549c69ef45547f2747d74,Belo Horizonte,MG
396,1ee9a6bca26c46c7a022b25759126e37,212020e88c544ab08c71eb2b4cbcbd19,Porto Alegre,RS
397,d2240aa082c54a45a00eaf4e075ecbd9,6dfeab52b75b406983b5d0fd0bef7607,Sao Paulo,SP
398,a9e4c548b7244bbeb85ec87c56af60e8,1c38520a6be840e09dcbc0b5010b079c,Sao Paulo,SP
399,aaaacefbe30e48d7842fc214fdf90a5a,a9ed91644464497aa5495a08779b11aa,BA City,BA
400,35a177dc893c41b8b6f124e29b1e23c5,683eb41158224603b170c2aec96ec558,Belo Horizonte,MG
401,972a281991764d438bdbcb9fd37e5262,92057ee1327b47e9a679a5b0a85c82e6,Belo Horizonte,MG
402,7e375c9dcdf8473ab176bd87d92153e9,9ccd167dd4e444499c704bace2b614c1,Sao Paulo,SP
403,4f2cdeae3171454fb5e02403bb2001dc,0c7a25f21a5d4324a431b6342184793d,SC City,SC
404,390e891679ea4d9f887329f8b129301f,8ba5af0333d34ba59d6f37e4078f95bf,Belo Horizonte,MG
405,e21bfbbdd8c54114ba69a9daaac8dcb4,c2912a8341fb49caacd713f666ba3ae1,SC City,SC
406,d4201c3ecfd54c84b2afb599ff43aca1,266547dc38e24f11b4daf508141ffde6,CE City,CE
407,569f0e530ed644c3a300df7557f5bfad,e4278525898a4db69355ffefe7a8b460,DF City,DF
408,a12636f9df684a018fb38d202cf90747,bed6325dd1c4448a97f183c2f1745fb3,SC City,SC
409,4ee044c5c7064df2a5b0c1a514813c1c,36c9a86b3232429887a2ac808f57f2cb,Sao Paulo,SP
410,c23189c7644b4949abd769f6e9f96ff3,a3e383477333478aaae479692a312714,BA City,BA
411,ac9964d1c624429e96c3694bee773c2f,ae1aa7f47d614c3b9096c8fbefbcd31d,Sao Paulo,SP
412,df36a868184745ea876ba9c526c0322f,6306590023b24b2e86e65e32e328ef19,SC City,SC
413,bddaf768aa334219ba9081efa03374ed,4ff06211f0854a4c84842bf977d7c3f4,Sao Paulo,SP
414,4614070ad9654248bbe90a7af70f4079,f2d96552d855409d8f71205e06ed2e06,Belo Horizonte,MG
415,d31e9652d14f48df96ef3b56ef7958c6,02486a1284334729969a317f3c34d6bb,Sao Paulo,SP
416,2b2cb32151a645b8b877d3113cd18a8f,876ba602f6c8414b8208019090a286a3,Curitiba,PR
417,45940285ec634da097c76264ca860aa8,e4b16915da5f4414873349afd39f4369,Sao Paulo,SP
418,da8cefc662be481292cd19d62a5d8934,fc4e31195f924f45ad033716229955e1,Sao Paulo,SP
419,a89bb188053349a78ba5382840997075,48660ce9e9f54536bf5d2413cafcee50,SC City,SC
420,84730fb435034fa0a5410228ed13005b,f6d2a326c60d4b88a5ed01d497deea8e,Porto Alegre,RS
421,5485d9f827914e2daf27b20489be2381,81e6a162270a47fcb56b508cf8186a23,Sao Paulo,SP
422,ba75038ac2a84025a9be6915b37b5532,cd017472a22743d091bea096c3ab48fe,Sao Paulo,SP
423,5dee50732043462fb831af2a6d8e3357,c70e18468c92472b8e818bfc5f9c73c9,Sao Paulo,SP
424,7e1028b6d8534c74a45a8af0acf0d91d,ba05ba05a04b4d83b95d6692b0ddeda8,Belo Horizonte,MG
425,1e47c9f7c9c242f09e2847f11100e20b,88b48efd579c4caaa4545b8813d49e8e,DF City,DF
426,e4ebd6ad1cbc4482b0be32e40a3aae57,25a6846c682048f29a7e5866c5ec1dc7,Belo Horizonte,MG
427,8ec6c19876d64577bbf64bc7e2b600d9,57e1bfbe518a429abe6ef38da311c902,Sao Paulo,SP
428,0263ee9da4e54807a4dda46815c497bb,58be9853c3534f03a9c11fb24706a161,Sao Paulo,SP
429,81e0183e715e401fbfec4b5e8760300d,2928ad1e946d4aa5b489c5c85aaf0b8e,CE City,CE
430,1a4e6c777c4f49ebbf848f4a740729ec,c410ba56c72f47a8beade9738c0335ce,Sao Paulo,SP
431,147df74f1b0043d8b83ca131782ae72d,b4363fb6b7fb49e7bb687b2b6419d573,Belo Horizonte,MG
432,e8534ecffcc74bbbb7520910af902063,fe8ea69039094ef8a7afc695ee3ded84,Sao Paulo,SP
433,3aeaa4c110ab4ebe848ea0cedf5f3c8c,0a7ad773a0244d52a8fd2fade066b4f0,Curitiba,PR
434,984d507482754e39a5dc29583621632b,78bf571fd40f43ff9bef3400c6c287a0,BA City,BA
435,fae71b4fa2da460281c58eb7bf94862e,6d783a0f520a43ba8d982a39ed14c6f0,Sao Paulo,SP
436,e841307e5995461599959733bab18e72,e539dc96e1244b51945041ffe234e30f,Belo Horizonte,MG
437,27286be86c3c4aaca6862a8eb5740cfb,31636d805cc84ec6a2cd1e021b7fb34d,Rio de Janeiro,RJ
438,b2cb2b09892349d8a8e90b77b2e60cb3,d0bfae69c26d4f1090c2a1a7190615c7,Sao Paulo,SP
439,ecb763702a494e1cab584800a523cf5a,ceb9a893f38340d3b7c00ebc125a3717,Sao Paulo,SP
440,451d13fb1bbd49968af3b95896218c8b,f97e4788973647f6932507c4262bfcc3,Rio de Janeiro,RJ
441,69b24de9f8bd4f9f9872094b1b603c7b,02cb142b97284ffe99c236f0463c81b2,Sao Paulo,SP
442,220845d768dc4d4488c8bd25cd49b7cb,fb3a541b66174e17a5d8f41fccc3f0ec,SC City,SC
443,918c25445e054e42b4a90079d0ab8a0e,d844871ff3a04b6f99cd5b821d13b341,Sao Paulo,SP
444,70c10b10199b4d9785f801728019cecf,8af7aae1ae2a43b7b4a642f7bcb2169f,Sao Paulo,SP
445,6aaa9aa2d1224793b1c2be6664a99be7,d74cc678a59440329a6c93b71741733d,Sao Paulo,SP
446,2acc05fd654342e98f8083a304ae4da8,c17df22dd9024244a0a8f6abaa0236a9,Sao Paulo,SP
447,5e3eb50c8ac34fa0a290104fc8371821,dda44418fa594d72a15a1e0fa44f0804,Rio de Janeiro,RJ
448,a5c60c3b534c465c8c03de4f85af5ab6,d7ba083d9d3a4ad4816992ededc97632,Sao Paulo,SP
449,edd7c3ba2aea4573b335fa8297aac4be,118b00caa27545139bc78773d4246961,Porto Alegre,RS
450,9397085924cf45b5a1d49670122e3779,61c6f6bccc77493698512d5c97a06085,DF City,DF
451,6b96df2c6f0f4b519f2307edb8c7bd80,396bd1c3611d4c2fbb897b8a7fc8da97,Curitiba,PR
452,84a74cb527bb496a97cc2c85a0ccbfe8,cec5cda80e934bc1bfbc8fcee821100a,Sao Paulo,SP
453,b3d21bb7e2ac4724945a627e68d1f144,0c2db7f67fe04e34b9eccf37b677198c,PE City,PE
454,84de676930744a34b316de3c80a08b8c,25fba3e45e254c2a9d955534ca7fcf85,Sao Paulo,SP
455,a5c4bd73af174e9da31101f37983dcc4,cc3d21f417d14ca4890849975ce9a4b9,Rio de Janeiro,RJ
456,0017936265b5439c9d8b33f8b3d3124e,ff0c760845834179af63b72041a2a0ad,Rio de Janeiro,RJ
457,822577474c7247ca84e94545cfc76ba5,0692ac1d9c3e494ab063f4da4f81a657,Sao Paulo,SP
458,957d9a610fda4af2b2e9fee2874dbd76,9935d0eaac174977b6ca64a82248727e,BA City,BA
459,f2559b59448b403daa1503ac242b01c0,c62ff50a640748dea602f147b74c218d,Sao Paulo,SP
460,e8356751cdca499a859b30f297edd75c,6281906251d04f038b25a90c03341d54,Belo Horizonte,MG
461,a0cf623025e3445b917170c3c0f15132,ab08608506fa43aea72bd87100d94ebc,Sao Paulo,SP
462,4571f420d2c54dd2883ec7317867b999,65773acb8d7740d286d8b7b08c6bc765,Curitiba,PR
463,524992071c5a497299d5ba8114033188,cccfb97e8e4b489497f2e1bf15699155,Curitiba,PR
464,d8ac46977c924a7694bb6fcd0193e567,f049491078274fe297d05af23812288b,Sao Paulo,SP
465,a52c9d98cefe4ad4856c480628d6e404,4574338e2c7d4ff79329a1590726317c,Porto Alegre,RS
466,a30af092df3342828fc56bace6a89567,046ad552832f42d79f21b9dbe4eca09d,Porto Alegre,RS
467,fd8b5a827e5a408587f9f121858413e8,294d68a5ef7d409e926c76677812c174,Belo Horizonte,MG
468,56ac8df99ade4604b9acbae3433d5db2,91d2833306884ee7b6590f9ae0b1d9df,Belo Horizonte,MG
469,3a986bfed87f414c81cc840a7c5f4599,1f2c5ce9ad63404db7efbdb39b60f61d,Belo Horizonte,MG
470,fd22171f3b6741ad9795821f2e2ce9e6,8e8738d2ad444ea78d6ea69430618f64,Sao Paulo,SP
471,f447ac03070b456a80963077ce278c4d,e9ad1d588049440980014bf619072d00,Belo Horizonte,MG
472,ccab9d3dd01d4b11b03e667b4f13970e,0c19b89b24e1439794ed4fbe71546eb7,Rio de Janeiro,RJ
473,7a584b9d4cf94288872ecf8ec6cce64e,d23d6994d0114d38b5b8c7889d6f9581,Rio de Janeiro,RJ
474,075f794cc4e74c6aa0ba5489b94997e5,08aabadde5b2422f9e034dd858437414,SC City,SC
475,8824a30e536c46bdb533a2fcfa1b8f6d,dc0925910414474384f812193d8be205,Sao Paulo,SP
476,8792b357ec464ff8a26b30c4f630c903,c44861ef55574a96807a0b9577359adf,Sao Paulo,SP
477,884dd5af71ff4c93859953f1e9f7b11e,d0fcae7f3f6441e386f4356aab34d3a2,Sao Paulo,SP
478,a688353b3f0847a1b3c5c43ff4935677,5d367d5caa004a39a11f700a9edb2420,Sao Paulo,SP
479,5622541cd1f947fca79a0d71e3928275,a459a45e44614235aa889d73b9112729,Sao Paulo,SP
480,41f79ef91b1f421392c6ccd0f7ebaee3,cf35f1007ea3451b9eed13f761101796,CE City,CE
481,05c0ff2e6c7a4210a5c105e43f05af89,37d33811c7354a9b84556a3315c7c860,Sao Paulo,SP
482,aeeb78de47db4eb9be3569ba5611cd86,48be4dff8c3e47b1a502eb5cc4f88f1b,Belo Horizonte,MG
483,7cae1edc00354e24bb8c292b29885d2c,033b65cb5d07413796638bf7ad490534,Sao Paulo,SP
484,18efbfc3464a45a695f36a1ffe6ed96b,5b021ad69542406da959b78ad8aec5f1,Belo Horizonte,MG
485,4700a15816794f08b20090d7bc0dc8fa,1a8a8bd955944ecb881ac0152833b221,CE City,CE
486,6a8b67877f1e44cc8fcadca32dfb63c4,de69d8f928344dabafddcc698555fbd1,Sao Paulo,SP
487,3d907e945f4b461c8ebf5d0f5285c38e,ab8d5b055cd74f3a8cb0249e66db6735,SC City,SC
488,4dfd971c1d154402badf91e0d5f3864c,fc491e02f9894013855ef3e411353423,CE City,CE
489,5e9c464f35594abfa1eddb3b03ab34e6,6cb2e04893764073a3d41ff4c81d8684,Belo Horizonte,MG
490,fcb5666ed267441e8861dc7a48747ed6,edc970a3046c4af3a51e3028a2ee26e8,Sao Paulo,SP
491,8d6f5c7093604f98b997fde10332b2d2,45dcd32341094b21a79f7c06c8233e43,Belo Horizonte,MG
492,e4cb6c2cf7474ade832a78afe47ae47b,f88460191d6a4a15b1d98bc44acc5ca0,SC City,SC
493,0ecf9e9b203e43dc882499875d24d4bc,87fc101b5ffa46beaa9c3cbfb8a71d2c,Sao Paulo,SP
494,05344c96cf834359990efc828f89ffc6,fadd408aecd74c4dacb25af81fa3d03b,Rio de Janeiro,RJ
495,2eb19fd6706c476fa1b94731ed313a86,a88c45b151a742ed9712e78bbf233b77,Sao Paulo,SP
496,bafbca9c794a472abaaa65f6a209afcd,93bc194d99f042c3be3f7ef7e285aa92,Sao Paulo,SP
497,c6c5548a36514984ba85a24f29a5da4b,81870ac87adb47efbddced0c3c2b956b,BA City,BA
498,13ba8f24e60045c9804c2d16623fcde2,3f38126e7b324c43a194a44f749731fe,Rio de Janeiro,RJ
499,df057c81f92942b2a6a73d27050a9f75,890b6ffce01e4dd8973116248804cf52,Sao Paulo,SP
500,6d9a8c43db0b4f5b8a71a3ffa5678c52,a4d71d927d594420ab1d36a991bc56d9,Belo Horizonte,MG
501,10f25d458fc74ac285ddbf7afc3ec543,81805f6231604ed1850d9b280f579137,Sao Paulo,SP
502,a5fec0f5bd674624baa519d8616187dd,d49ca3f9e6af476a8cde00353b790bcf,Sao Paulo,SP
503,e53616b9c9e34fc5a0418da2e9503210,263c6fded2bc4ae39b657907f50df678,Rio de Janeiro,RJ
504,8a02e4b0f983416ca390d31507ed83e0,8cb87049942544e5b49387583cdbaf39,Sao Paulo,SP
505,109713bd7a9445ea8cfc4e9ec1b1095e,773bb8a2969148bc9e5c8c729040a4f6,Sao Paulo,SP
506,1cafcb4e0916411585be880ac68d3c83,84654f2399684dfb9855a656fcd6a9f2,Sao Paulo,SP
507,e6c2d66ef51e4bce88540279971a8041,48409ca11e6346a781dc4aa90418fece,Rio de Janeiro,RJ
508,26fc590be43d4649abec53d265af2973,72e60f71860e414f82f4aa2b0bd7bd07,SC City,SC
509,8b93ba5fb9ee4d45bbdce73f74c793c6,8334da60a8e440b0ab5f1cc15a1a76eb,SC City,SC
510,2f633e3ffc734501b3dbfffbb682dbe1,d613d4537e8d480cab1decd4b619a759,Sao Paulo,SP
511,613f5da993844889a7f1c269058dada8,9b2da34855174774b83f8df9ac7416ea,Belo Horizonte,MG
512,4670e02704a54d9ab085d8f2b7ce7cad,969e741d766c4174b74e159dc6fec17d,SC City,SC
513,00410551c29943d88eacd3ad215a648a,accae54776e240838cd646933898d2e0,Sao Paulo,SP
514,d3899b42e50f4c858713539a45d3361f,5a8a756f00b64c5da6838f4527740af9,PE City,PE
515,0647a7706ceb4a4797138b27c7013737,0bcac980b70c434aa2a54db04d845f19,PE City,PE
516,43e2cc97b41845ceb4b3578bcbaed1f0,f068dc41f42f413a832587addface061,Sao Paulo,SP
517,19b8095adc22453287741c4aca0ae5af,8a7c1e93e4db4e9a9ea9e0f0433b0304,Sao Paulo,SP
518,9eaa87c26da64f54926ed2ab17ddd8a4,1848e4965a12448fb017e6dcc4dc2dad,Sao Paulo,SP
519,36d9623469704864a715d930248f76df,a2e862287e0d4531b5db53c574c07ff8,Sao Paulo,SP
520,1690866a612341989116d6b12e0d6d8a,af10ae3b38fc4250840963c0a34abfa9,PE City,PE
521,52844431310c4695a528b4d2a8b20eb6,f36ed5d1e9ca4fe1891507039ad7a676,PE City,PE
522,0db384039c5a4e1e99df6d925fa6eccc,2c3d75c24da74b10975e0d74f0f27a28,Sao Paulo,SP
523,68b784f5c06f4ae5baf2657acb8a4350,27b2379bd9414cc497955ec1c6554efc,Belo Horizonte,MG
524,3be87add4e454c5db9a07b5c679c6a66,910602037495456090bf74a5ef826b87,Belo Horizonte,MG
525,1e4f14bcb9484253b57ab2585c79bb45,cdd590359a09499cbeb816e9f5f218db,Sao Paulo,SP
526,7fed5fbe933343edb16292d618d91518,7a93020c105248b9859f6b9d1139245c,Belo Horizonte,MG
527,f60d1a7d67c649129f4dc811bd7c8ef6,fee1bf894257475a92ce97e6080cf012,DF City,DF
528,2a03cb1ee90249159ea8c7e3b0148c37,b1861daa692d410c9f09d3bbebc66824,Sao Paulo,SP
529,0c0f8b31a6c84a208255e48d9d616086,d2b7939a8c8b4c7c8ab202e6dab3afc8,Sao Paulo,SP
530,49409677e357495a9a29f09cb1882e60,9f1a3c1c3a8a4cd291047966b720dd5a,Sao Paulo,SP
531,5a00f068994741a5ae9427685f2ade69,7b6aa80eb9f241fdbfbee7a07e9f34b7,Sao Paulo,SP
532,d0b66548124848ab838a830cb104f839,69cf295178a24650b6c807104c28960c,Sao Paulo,SP
533,52462219f18847aaab165b0618f629c1,78fe24fcb26746bf81f994a539a87667,Rio de Janeiro,RJ
534,434ced1276f4423ab92c2669d69225c2,80409c7bbd0c4333840fb39e8f558de1,Rio de Janeiro,RJ
535,3a2b72d03cb94c95b53b3f8ec1aaac22,4c8d25e6c78947a8bb0f1d1ed178545f,Curitiba,PR
536,480d1bce33d04d73a317be939b8ab753,ee6b30b6f4e043bb96105b48899511e5,Sao Paulo,SP
537,781e78ff8cd44629944f8507678b7195,ebcf6152b99144f8a8b84205d349613e,Sao Paulo,SP
538,9e8dd749ec0742b5b6fb21703e28794e,b369505bfeb84261a369814cb6414708,SC City,SC
539,64b54abc0e37458982d065ed99de38e3,706c748a7dee4bfe98e6bed554c1a18e,SC City,SC
540,71083b611b19465a9d942879b3e24037,e29cf8223aa2460fb691569b5a994016,Sao Paulo,SP
541,570991a8dfe84b008296fc8a51588edd,3c18929c942a4cd3b4f4208832a64da2,Sao Paulo,SP
542,9c52a1cb1bfa4f95ba05e2c05d9a1534,740c73bb96c546c09c11e6cebea30610,SC City,SC
543,72a8bc916e414f26bb38eb9724c0561d,2b6b4ce4c80047989c03659d3629a1fc,Sao Paulo,SP
544,9470af7afbd248dfabe94b3cb4709df5,1d36311c762c46b1b064589effdc6413,Sao Paulo,SP
545,12a2918fff484d17a0b0df7a995ec2b5,3dac6469ad5a439394363146fa2ae0bb,Rio de Janeiro,RJ
546,c6a9b025e6b843d99ae4d173479252aa,ecd46b63c65f4b349a4fe35ff9f51d2f,Sao Paulo,SP
547,89f31f3b0a4f4518b16b259b6a08862d,940cc1d90c614d4cb5a4fe6f5f4188f7,Sao Paulo,SP
548,ee70e2a8cc7b4abb9ba216c138f9ca21,d2c1803653c441a3b148b9ae2516c2e1,Rio de Janeiro,RJ
549,649512dfe0c84516afafcbef62819a08,db3fdd70a0894677849c490f0036578a,Curitiba,PR
550,aa2efe49eb32460db1b895df0fe3c7b7,08f1a31fe0c5435985ff3637bac7ac34,SC City,SC
551,5c9624c30310470a8bb96f28a45d3d2c,5201980b99644783bbcbb1b89a7c2005,CE City,CE
552,1230fdc9c1fa4806912e81ce09332326,5cfcdd25a9234e92b8e4ec0e0aec17a3,Sao Paulo,SP
553,7f704855153e4b4a93c56f76c88736f3,78452095450c4d09be832a9b20a034a3,Sao Paulo,SP
554,a0dd516ea1ac4ee99f31f46d199bf25f,394f6b68637c4510b3d5b9a2960e7307,Curitiba,PR
555,7c3907f6605f4073932f287947e78803,b086bf10018f4b629c24060ea3ae5e2b,Rio de Janeiro,RJ
556,be8a159593954b2bab9881653bc98fe6,9cb2de7e9a83431cb625f482d1951cc5,Sao Paulo,SP
557,2a72b706e42a4ebd9c55f7af66abc96d,a4111e03f0d04aeeaf9bf2af473c4dcb,Sao Paulo,SP
558,97e892d38fcd455d91fc5f107e5e2b8b,eb4080fdf4984278b8108943825b7115,Sao Paulo,SP
559,af04441b027941dab109f0824e0c9a6c,ec4343742bcb4bcf9845699c1fd6a801,Rio de Janeiro,RJ
560,50fc1eb3d806475da0f24e88cda116c4,e4edf46aecab4f178d432dc1b41b178c,Sao Paulo,SP
561,0ebbd0715a3e4e9dac7fcb6ad6e1b5f2,9bacbbc5d2474019bed150061df4e80a,DF City,DF
562,8efb85c5914d48cdb708b7c856e279ac,d33046debcb04a2bba5acc325558b9e7,Sao Paulo,SP
563,9f53200a3e1a462f8bd473dddb98bc08,1dabc9c6603143249564ffe8232ed79b,CE City,CE
564,bc9000806869402e927bfd380dd0389e,8979f97ba4594ff5b33e5a9a82116c37,SC City,SC
565,ccdbde53f3054d17bac92353be13a850,f6ed4a28f1bd4e27b0d5e2137c1f7cde,Rio de Janeiro,RJ
566,20a459d885d64869ae9980990757032e,3092aa394ad648108861488298586189,Porto Alegre,RS
567,d073749aef4a4f7982e43ceb3acbab51,1d18ef6f8ae7416aa82596c27474a370,Belo Horizonte,MG
568,e2cce84f8e554e9a819d115d569c0f78,3c12c47e6ac94ef8a7ed3d48716d1542,Sao Paulo,SP
569,4bb8fe4ea948485d867e114a4b8c7c8f,b258758268ad4d118586ef7b5d7c6e23,Sao Paulo,SP
570,bcdab56fac4f44c88d9366142608c6ff,e6811b43a8994f3697f6cd3aa8c156ec,Rio de Janeiro,RJ
571,59aceaf2a5dc494ebee8700c789842a0,69069a917eb44e09be0972c0ccd011eb,Belo Horizonte,MG
572,b0feea29bb304d64b062fb0890762cd1,19d626b52b904549a5a93fe4c275494f,Rio de Janeiro,RJ
573,d7615b02b1f84b5f9ab5c10639b887da,1287e0dabfe74b65830b1a94b1466a2d,Rio de Janeiro,RJ
574,eec090c154724609b40774f7d9e3a214,3186f0baa3734d80b3a0e19a5b309598,Rio de Janeiro,RJ
575,95b8a969e0ef44a6a6a9c16a7c58ea2d,d8ca8c93faab4361bff260e08ff203f5,Rio de Janeiro,RJ
576,dccdeedf6c514307ac5b54d7fedebe25,85c83af530324628b0ee519062a868aa,Rio de Janeiro,RJ
577,93d0a5aa9c104d778674e1870fe764fa,311384db99684c788d3df5a0582c3397,Rio de Janeiro,RJ
578,aae969c50d684635a3d8ef6c997143ba,eedf10eab60246c5828d3b52bbd58d7c,BA City,BA
579,5771a67bccd94a819d21c279244419e2,5dcc45c1e31f42919da4c8366f1a2b88,Belo Horizonte,MG
580,123ea903c6ac48c0afb759eb6044b5d1,9393ae65d09b437394cdcba02b393271,Porto Alegre,RS
581,e12ccdbb45844f84a525c4231e6dcd1c,5ba62021be214cb9bd95c0e305ce9271,Belo Horizonte,MG
582,5222c10500144771a3904025b73b8aa5,ba1fef7d3ba54282bd1a1843fa7f8581,Belo Horizonte,MG
583,3952b17fab2947fda2e539de6735f3ca,07239859d03b48ba9cd1d96f93443a97,Belo Horizonte,MG
584,66b12e16fe5942ab89a7c2c5433dd8f2,f428ff9b9b7f4dc28ed06b24055dba16,Sao Paulo,SP
585,16d6c1af24654f7dbace34221bac2a7b,b02743b47e38443390d12d4e366b2a94,CE City,CE
586,a7ec4b286d864053846930b243ae6fd4,6ffe91b6faac4bcab864b8aec29b599d,Sao Paulo,SP
587,f166612ca03b4025ab752aed9f80413f,5e83c1a9e70043d7b0f4d69cb794ea7c,Sao Paulo,SP
588,6546770a3edb40e38d169cd7bf2260b2,4ce15fde4fc7425aaefc5b08e782352d,Sao Paulo,SP
589,2cfd96a5545a414bac79bb9ef3a7ec33,80f56f512d76481d834f72e9d6c6278c,Sao Paulo,SP
590,ec63452ccf924311a5602bbedd2076c3,ca1a73c5eb8f450990350735c083b50f,Curitiba,PR
591,6983e42074e140968e2a34da5086cee4,4afa8cb0c5614801aebb2fec861610a9,Rio de Janeiro,RJ
592,c0fadc0fc33646eaa0489c1147d15ab6,bff01aa642284242871d62705aeb4087,Curitiba,PR
593,840fe451867043d08a10c257e3704578,09ff07028cac4c0692f2fe9b2e9b38d9,Sao Paulo,SP
594,9de063e9f0074027bf37616431459878,5cb6925ebb554f1888bf0a017d0f1a48,Sao Paulo,SP
595,104b504915f34ff3ab036deda62d0b06,d9d851d7492f4ba19d921d525c71d2fb,Sao Paulo,SP
596,d7c3a763ac0c4887bb2be3fbd24d41b1,928b172214cd41b4832573e1c36079bd,Belo Horizonte,MG
597,d2f846dc908745e3bc8065ed4fc4435d,48a374283bfe4816a357fa31a0843b0b,SC City,SC
598,cab28af5249848f3a93fbf3e9b6022d1,691eb03c548e491faba83a8c36b4a5d5,Rio de Janeiro,RJ
599,3220a1c6a5f5467b827c22613e578c8c,12d4d269c6824bc2bb16b6b4af9c2c7f,Sao Paulo,SP
600,98e771d0d95643e4ab7d94cb16d23a4f,061266856b0f4912af159c5f9ae35cf8,CE City,CE
601,f74e9964072141acaf95593852a4ed7f,5bf2657bca3d4f7f9d3d16c9ca6aefcc,Sao Paulo,SP
602,8709505de9714ae692757fba871a1ec0,4cc48703a9d44fbc9e25ca85d647d4c7,Rio de Janeiro,RJ
603,01f413ed04684825a8d7bd9b27793946,d0440b49218f4d5baeb172feb9daf438,Sao Paulo,SP
604,eda3534142e74d458bafe19b2efbeffe,0fdf3123ac5845e4bd3543d514541f45,Sao Paulo,SP
605,6eb2c8dc81094640bd842234561187f4,9f7528a6f2b742a48a70892245ba5809,Sao Paulo,SP
606,89989b4834864fdea993f54a807088a7,e820c96dffea4591a62b9775a12d768d,Sao Paulo,SP
607,89a660249d7843f693711c068af6910e,28023723b8b64a7f958771fe8ce69b63,BA City,BA
608,b3c4d8cefb154270a665515e232b78c6,c276e6bfc2cc481182f088530434e864,Belo Horizonte,MG
609,2389451e83404b809c0fbb909839722a,a81f2ce916e3495d8751f894a09dc765,SC City,SC
610,265589b8e1664988959b9d0cfe391265,0af812f1246a4ddbab5b9bd13d0e512b,Rio de Janeiro,RJ
611,8fa703a0a47b4d81848520c5dacc1ecf,27338c42117840d78bf54471aa46eaba,Belo Horizonte,MG
612,acb83c8a509641bfa0a9874e31336a23,6cfb85c2b2e24f818e0ede563afaaa7b,Porto Alegre,RS
613,45633b339b604093a462677379bcee2c,7691077f3e99408998a6ccc26932427b,PE City,PE
614,aa6ce8860a0c4a3da20060d710cbb7a8,d28cafc372a140cab3f2d21085f4afb7,Sao Paulo,SP
615,052e2b2dcc2940b98ac2e0ac465dd679,04dec994c61b40d28c849df62b4ac1ac,Sao Paulo,SP
616,92fa64c304f8444aa6317154a3381b70,718734d792e743bbb588299a554f0090,Porto Alegre,RS
617,6d90190a907247fab4a01b8be14c4e6f,69c37e401f66481590f2df6360100d7d,DF City,DF
618,3678f3349c2646bca07f929957bde0ee,45dc03d39277434c85b0146ab83421da,CE City,CE
619,7afe5ea14e9c40278b52860639f49988,360929ea93604396b6d615ba9a6e3681,Belo Horizonte,MG
620,8c6584cf03d840728e4a62d0d28a8a48,597ab4291b3d4303bde2e3497a5c216b,Sao Paulo,SP
621,430bcef17337421b894a24c22963224d,8958a19189a94a6991ff9c1b62eb2d93,Sao Paulo,SP
622,e88d621a3d6a4e2c8eb6350f5e9ce87e,93c22d2a50e645b68f56ef4ea79dfd01,DF City,DF
623,48a3ea37a1a04410b2a3445755917bb8,92d9f3da2dce434cb5c557da0ef183de,Rio de Janeiro,RJ
624,00b21fa67655437484f8a0b5e7b74b5e,49f5f18627c84111b1fd0066ba0a7ea5,Sao Paulo,SP
625,835929afaa4840dba32fa122bce1a35d,21607ff30268445a9b77969ab91b9615,PE City,PE
626,bf01ad77d63745ec91a3db6b19e77701,36f897c84ff04975b72b7848876245b7,Sao Paulo,SP
627,f37ad64fdc4e4f3ea4de31dbaedd1b41,0b37d68a80934e94b594868345475890,Porto Alegre,RS
628,92cf68f23f364109b7c535a1154fd151,1ad3b338e55249c18c6553de9de86f5c,Belo Horizonte,MG
629,df754e68ed794d04a5b5f1dfbaddde70,48f2523c0da54f50a36b6614e0e5a49a,Sao Paulo,SP
630,d5f5e49c711d4ae28f69b31bebdcfe3e,116a7e53059e4d3fbe206b4ce002cbb5,Sao Paulo,SP
631,6e168e1097db4e9abeb810dee920bd88,15d72d0c8575426ca9c4a73b6c2b8379,Sao Paulo,SP
632,75151ed3771649f7b68f3eed70ccfd65,b6d20dec5a904905b89d8cbe3a2ccce8,Belo Horizonte,MG
633,7cd26eeb256541a69828b6eba6621ce3,5406cdd912e143e78577b8ddb0d7b586,Rio de Janeiro,RJ
634,e78df1d1696e43afb5b643753445c927,e697e6f71d59465385df4a39388442e7,Sao Paulo,SP
635,fd92dd36ec5c4b54b36e43ef6db1ada3,8c86a0d151c24f60b82a15be364e5287,CE City,CE
636,e7400955f5e84e6fad91c2c9fdcb44ac,d9d2d24ee9b74efaa1efbdec679dddea,Sao Paulo,SP
637,3168ec296389465290697dddb5b9a863,4b51a566fd554b98a8fb9a35a3c1b1c7,Sao Paulo,SP
638,c3f16462c7fe41d185ed882dfa43103a,1e27daf7b82340a3a82abbf5e3dd8df3,Sao Paulo,SP
639,56bc9952c7534d37a3564b526874532b,4ec846dede51457dab3ced0d67951a10,Sao Paulo,SP
640,1c6a1d1a92054ce5af52c54f44dbb96d,cf7b88a552254e4a9f6234ebbe01e2d8,CE City,CE
641,b2a4d07fb8694d099244ac318a1d581f,d14a599a76c0400fb99c37d1b51a1207,Sao Paulo,SP
642,6f0c564c17ed4954810d8f9bf541bf97,a3a4d6a80364499b80071b0593e2edfa,Sao Paulo,SP
643,ea85837dc0cd4150b4ca822a5c260e06,e3a919e749b843d99cc78cfb37572035,BA City,BA
644,11510a40fab64ff7bde90adfa851d084,ce46ebeaeb454a328e7c15daf315a0df,Belo Horizonte,MG
645,50d868debe12456bb128715242cbba4f,941a3b7239b545939ec3754a52a0409f,Sao Paulo,SP
646,dd6dd33843c6441096890b3d5bfc8be3,5858a72c941347039e812c59ad787064,BA City,BA
647,639037ad683045c2946e954a2a8b898e,be78cab5ce0d431a8f4658a80c5cd93c,Porto Alegre,RS
648,298f5ec0de934ebab87ec4db8671118e,4f31919850b54d06ac15f86d375b65be,Sao Paulo,SP
649,a1b3e7b697784a79bbc3538e72a2f526,c117be438f44478bb81d6113ef0097b0,Belo Horizonte,MG
650,cfddc440e5ec4864b8ba5afd74f2ee12,055de3ad9e524d1bab518c52577768e9,PE City,PE
651,4344d5d81bb6438696e2fe553a2e9beb,6fb6eb2593474c448913e7660b65230e,Rio de Janeiro,RJ
652,8900ab066ef74da7b8d65953e2717385,e27afc0485ec4abea769f7e088c5d419,Porto Alegre,RS
653,b7310ee337cb4f7ab77185780e1cf8e9,ceb7679deb1344cf9e6e2a09c8a0e61b,CE City,CE
654,101bc992c6c7442dbe832b61b6bc43de,7967dda6e1cf4840bfbd39c34e9caa2d,Porto Alegre,RS
655,f68ca148911b408a8baf5928590c667b,9d27f7446b494f92879b7425b2a1dd0f,Sao Paulo,SP
656,9e7f792009194d62a3f574b413b1915b,190da6b408024c5f91bddbcfcce481e9,Sao Paulo,SP
657,23c761049df14b6390b02e9e3ceb4c67,dd15ca70499d43618c1973c4280567c4,Belo Horizonte,MG
658,515c60b6094b4572b989853b3e242caa,3a9b439fc1124b9eb295af18a126eb44,Sao Paulo,SP
659,65e4d2727fae4fbea3b8d46e40317694,29abffbc14f24bbea97e7db881ede1c6,DF City,DF
660,e3f97b257e0a489fa4c350412a4831f7,694d7567bba84bd2bae5e8429ce5b5d7,Sao Paulo,SP
661,922ed4eee0be4676848494b6f2aa1bd2,758bbe8eba264ce2a30b26f5d9415b9b,Rio de Janeiro,RJ
662,66840ce301444385a8c97e47ab104fd0,3c7f5fc3e5e54370a0eaab99eb6c562a,Porto Alegre,RS
663,b43be52eb9fa418f870c05644c54e46c,53f826e956e240058970e0ac996826c4,Rio de Janeiro,RJ
664,fb7b0bd98b854991a0c66678281835b9,38395a47af4c45c59a7cfb647e1ee5d3,Sao Paulo,SP
665,cd290179d15b4b8ca0b747fa2027b8cd,a92deb092dd24804ba9cde738f023ed7,Sao Paulo,SP
666,127615b40eba4d36b1f62efaa365b82e,4e0d95dc28334e3d8257a5cc1b0c1a28,Belo Horizonte,MG
667,7f60fae3a0994564a8b9e67235484473,24141b6c21324c9bbf41acb40bb57c68,BA City,BA
668,351cff75c0514708875e6e59fce31135,02a8ad4c320b4b109fcb960d3fd53d4b,Porto Alegre,RS
669,fbdcc5e7c5a440ec9775859a02683833,4280a55cc9204354a4459d66a68fe9e8,Sao Paulo,SP
670,252d0f0fe7fc43adb1468266e55120ec,e25e78d0902d4c89bb46b9ef193c6a34,Sao Paulo,SP
671,273e0ae4fc7d47f4aec60116b9240a84,26ec80a2b1a74245acb2bb0dc2fc9be8,SC City,SC
672,e056b402e2e442f79a4695a809f1a6b4,a6155556b5c844c68a111a8216cd3f11,DF City,DF
673,bdcc9379883440c8a4db1081e3a8c23a,cb1f2f757621435f8a600aed368099c3,Sao Paulo,SP
674,124f974ca0a94a8790130dc27cb1e8f9,374e5ebf979c4e18b0341855d2be6fff,Porto Alegre,RS
675,791b94e92782464a9bb30c13579f4e95,12b434cd592944329e79973e2d69440e,Sao Paulo,SP
676,885ac7aeaf114d31a18ddd9e230df124,aa122090e4ff403f89765555a69505b9,Rio de Janeiro,RJ
677,aaeaa801b62d4cfc98c17a7b96a9dd7d,dfbff81e17a541e88ad05e95f40004ab,SC City,SC
678,b9125af0d1644a32acc3929378f8300e,82b643d622624ccfbca15c413ccd3a6f,Sao Paulo,SP
679,b3321e9369654f2ba551f4e25ead4d2d,e15e18883b684e9db16a247f139464b7,Rio de Janeiro,RJ
680,b0224f85885d4c75808350f2001af758,ef3cb967414148e3a0dd214f0a1684ed,Sao Paulo,SP
681,2e8683e964db4174b57567b1ff353d9e,a9b87b66e28d421f93e169fe0af05af3,Sao Paulo,SP
682,d3ae06694adf4b76830fd5be387d9bc3,1dc551d1ef6147a5ab39d36db17d92d6,Belo Horizonte,MG
683,47393f36a40541da94694b02ff807e90,28297cf4062542198cf5d128aa53e694,Sao Paulo,SP
684,51299ab8cc8e4f0e9fd4c7e82ec2e5ed,f451733b23554643b86ee1a8562ef65a,Belo Horizonte,MG
685,6086f275fc4b438c97129faea224a731,1309df174b314ec6919bc775ff25b8c9,Sao Paulo,SP
686,3bae0dab50ea4ed08a1dd13c58483387,1cbb1b65a7a7491f9db189d60193622d,Belo Horizonte,MG
687,4d99933ee7bb4bf3af6dfbb26cdb494a,d05be54c772c451889c0bb25956313f2,Sao Paulo,SP
688,09bd4c3e9b02411fbb69a8b95c69ab4f,abf8f5f6aab042699170a496440a9292,Porto Alegre,RS
689,1229996a3f4e4da384df3ad4fd65ca76,b3bcd174f44041ec9592f92e4fdcc4a7,Belo Horizonte,MG
690,d3c8af5a48924a408b617e91e7ce0731,ed4b5d2a38df4bde826e55f4d1542e97,CE City,CE
691,41fec6d721ac4683af89918e35111285,13bc043fda034ddfbf84414c2a888f80,PE City,PE
692,21702a17195a4ad7af341d76047eab92,41a60870e6174ec5adcc8af559d54d30,Sao Paulo,SP
693,c1bb64a7f57b4612adfcfbe12e6aafd8,2060cb16027740b089cf380e99bd00d2,Sao Paulo,SP
694,66fb6995e66143888a38f9f50a068446,b3068e3e66e643209cef2ca75ce189f7,Belo Horizonte,MG
695,55c07cccf66e4895ab9e3f881856899f,471d263aaf1f4ca7933fd342cdd3c429,Belo Horizonte,MG
696,e48c3dd31ff64ee4a80164caaf04cec3,15db27e800804d2fb9573ccafe90742d,Sao Paulo,SP
697,76460a90e6214963bcd39205f345e412,212af3c8a7254185b133077817e55886,Sao Paulo,SP
698,97fbda4b76b243dcb57df9589e5d888d,7b53442b63c6479da5205085ad7bce22,Belo Horizonte,MG
699,d8f4a213dd3a496e8ebad5cf091681b0,1860ad62e0c442c6b09362a5322f462d,PE City,PE
700,56161b5858fb4737bb00b58e831cf16f,242075e47cdf479f92c2bb0147330553,PE City,PE
701,5a901ef5979f4960bbfad96dd0a15385,57e5bb59ed054fb4bd92fec64638501d,Sao Paulo,SP
702,c9a2ec6843a144d3ac5616f8b4938f93,b65d845f1a08438a9a85c441ea3f4c94,Sao Paulo,SP
703,aee9fe75fba44ec3be6251db97daa238,6d2cfccc658544adb11717065da4a28e,Sao Paulo,SP
704,72dd923cee4e4af99a31d9697996bfd4,0f65bc15ce9e4f6e992183fa9d9c9948,Rio de Janeiro,RJ
705,9ac1e3a40735421a85e532aeb7a04369,511597dec55f476fb7f1b1f9cde990b4,Curitiba,PR
706,46e3b5179ff540029e724adb2aace512,b0694abb2d5242649fa7dedf4e2e6041,Curitiba,PR
707,809fd93d26c2475a9b1a0bb60d4a7567,f1d9cd22bd56415680f710a1d992bd35,Rio de Janeiro,RJ
708,04ff49eb73a34eb49c538c855dbd9fc4,48f65bb0e9bb4e1e8d04bdf23a8d55b5,Sao Paulo,SP
709,9c258df298fc49c7872e9030366a10ce,0c46f1fa149347e59fe9368e4871a621,Sao Paulo,SP
710,a6d967fbdaf849a0abf2b58542ffcb7a,d585bedd5ce544f8b54207fb906fded9,PE City,PE
711,1c67e47e486b4a0cb562220bca0e72e4,0fb5c8ff80964681b2bbf41386b1171c,Sao Paulo,SP
712,31a36161045e455b8715d209e8f89ab5,c8a8023c38784410b9e2e5987aaa68db,Sao Paulo,SP
713,231feeb6f73a4cd595c74a39b6f6371f,4c1e1ad235fa41aebebdf2d6d649c4f2,Porto Alegre,RS
714,4e5904115e284feea4cf07a8edadd583,fe4584cb76204a88bf13172620774021,Porto Alegre,RS
715,781bd87e7a3743ac919dad27c324a6cf,6a2979ef9428491488ffc81d9394e319,PE City,PE
716,7abc0acfd20543dd8ee01726a9e5ffac,e52a5de63fea46f49c46be9f16cac180,Sao Paulo,SP
717,c278e55e65c741bf9c1feb5def5951ef,51359ee8391644abbaf69226b16b7545,Rio de Janeiro,RJ
718,62e86fb3fa074f77b2afa3c985f5c0d2,7854f4a3a1fd45b38c388d788fd64f82,Rio de Janeiro,RJ
719,f5c26f57b6444643bfb58ca2af9f4d3e,3e9aed7566654f78b7a4b8630913dfca,PE City,PE
720,1cff6f6ec5cd42c698b6fa53d914bacc,cd67009b66b3483b967437d67b8ee9a0,Curitiba,PR
721,bc2d02ff72fc4cae9fedffab2e7cfe0a,5c87dfc88402495ca69560994e91e572,SC City,SC
722,f873be109bab487789a254c305b89591,ac69538db0684061ab2e6c72a1d61fab,Sao Paulo,SP
723,86ea4e703d7f4e4e9c8110a758a03ee3,3505f6a24ed84548aa427b616fe000a4,Curitiba,PR
724,e10b34a59cdc47c09bd769a9bcaa69a9,7cdf52808d8f4207b890b23650178520,Rio de Janeiro,RJ
725,e71b2262bff443e1aceb6ef2dc46ad39,9c286a07bc1f4788b5bd2334954b0e4a,Sao Paulo,SP
726,d3c24fa17f5d4a66a5da37aed82cd2d6,89eabdec92a7440f975f35175008edf7,Sao Paulo,SP
727,f32d37b7fc354ec78a69cefdc00b5f0d,f718c3b8739f4d24a522011f7efbbfc3,Belo Horizonte,MG
728,98b0edf3d76c474c81abd030dd75d69e,622999a570d64002b90573acae8b7fcf,Sao Paulo,SP
729,2770af35c7994e8384a62a5a2460d426,e4c3b3fc07d94b27a1b05f08e112fb0e,BA City,BA
730,19f97c4f34ed4b688984b2c8be2ae384,65a2da0742734bf498014072f0cacf02,Porto Alegre,RS
731,79625e5cdff145d68e7367b06e9f4036,4e780a7aff4649518067d8153132bc4e,Sao Paulo,SP
732,62117c0ca370446199bbb86ab8c4770c,6b9d05fd5c234ee3ba318ec37d07d2d3,Porto Alegre,RS
733,605a1fca048045e5b72aa8fb3804c40f,f1ad10e703474beca7949835ccdc6a35,Sao Paulo,SP
734,e0f29970f13746658bcbaabcf5c923c4,d2e0a45de440433299ca83df90556504,Rio de Janeiro,RJ
735,736f41d5bb564564a25857e54058ebd3,40a7f0ea943246ebb3f7318566ee36f3,Belo Horizonte,MG
736,a6527d16eddd4ad38c385edabb177f6f,e91a0640661b41eea3966dba4bd00f7e,BA City,BA
737,45ecc6e31223427d8d23f915931b0dff,300f530701314d16943c8804bf83bf2d,Rio de Janeiro,RJ
738,fc61924dc37246a6ba9cb56052f9475a,1bab948c1c024f958e13c60cb4846aff,Curitiba,PR
739,fba5ab37d8bb43889684ad70ca237951,d90b6dbbdf49416e9ca0fdc11b0ad694,Curitiba,PR
740,cab577b7527c4a6d9f72f299657729b0,68ad243a3f3241c697655b1ea2045e02,Sao Paulo,SP
741,48c9f62e46af49a5be794db48adec130,d070f619eb2b43688be12ab4492e6a65,Rio de Janeiro,RJ
742,2e39ed98368c436abd8eaf488acff305,697cfe9b871648009739f1550019c7cf,Porto Alegre,RS
743,67dd28cced2e4b4bb04784ab012f51dc,a5ec6f5728bd405ca10babb560b3f857,Sao Paulo,SP
744,ae3fd82e53b94dc284f77c5f882d3f1d,18cb8390fe3a4b00b0b345c48a0d2873,BA City,BA
745,e119d1faa50a4b0fa75a75d2ae8b8c98,d1c6292c9f9d46bda982223c1ff4ceeb,Curitiba,PR
746,ce83d3ba573042c2a588f64f0f0511f0,ce1eb038497645fe8c3046bcc0ddf186,Sao Paulo,SP
747,8ba375ec44e54f6eb9850db658deb3ec,b7596259672145178ed41e039801352d,CE City,CE
748,4931601148e840b08993a3ce3a8985f6,6e805062bce244d1821f81d5ae694827,Sao Paulo,SP
749,18511116bdd1471ea806516d1320b558,1657d43cf93848eeb937b4573560c4bc,PE City,PE
750,f8a945e68a034d65908736ead257cfec,9c4b10de406c402c9ad3b37e7a8dce20,Sao Paulo,SP
751,b44e5dd3d96b41c896ee1c922b0c3734,89377faa8c5f4bcabbf74d8260ad1f60,Curitiba,PR
752,9b0a3eed66384371b424cb34b1b903de,d426ac7d84d04cec8023bf3036c91d98,Rio de Janeiro,RJ
753,aa02b67e6aa840d8833625f0e2417cb3,3abf32a344824bd79f4883b1ee58c328,Porto Alegre,RS
754,decf870ca7864bbe95a3c5e304c0debe,25da332678ec4f5287c8b227087377e9,Sao Paulo,SP
755,ca38a16073b149ceb24b17482f21ede4,99affbb3f7634e3da6aaeb9082852965,Sao Paulo,SP
756,ee9fcfca27b4474e9a1520e245fd2ac2,331700a64d454f9cb268907e01caf354,Sao Paulo,SP
757,61074cd18d9b41b1b3415a8a054577fe,090a389684ad4871b0a00b3cc7e046f0,BA City,BA
758,140dbece8d134cc18a9e608bfdcaa492,7c4e0496a7c9442ba2fea90bc7bfc679,Sao Paulo,SP
759,5daadd8c4a9e4cef8dceb17681092352,85b07e872dfc43cdb7d19076d6b679ed,Porto Alegre,RS
760,6cec99f2bb054e049128ae7e76946731,67a65ff507ca42c9bc5578c6dad379b2,SC City,SC
761,ddd2bd0fbfef4d4ca9c9cc1d7e18a394,3bdae70e809944809df33de9d9439547,PE City,PE
762,0138e3d6292740af97baeb3a8ccd98a0,767664b47bc24df0ab4ebfe5238fbe3e,Sao Paulo,SP
763,c9b78b0bc8ae42d4ae2d490850d321de,5cb16d23372749eaa63f8102f2ea076e,BA City,BA
764,2dcdea807afa4513bbf3bca5845c1cf2,ed6109f4ade940a3889ec37d5e1dd7ca,Sao Paulo,SP
765,14932a44cc4c4b57bb9bf8ca8ffcc225,6c4aa45dafcd4848bec2fe3df280fc15,Porto Alegre,RS
766,608a150944ff41cdb899b14cbde15ecd,2b20c8cd577f4a60ae0891f11514af38,Porto Alegre,RS
767,7e302cbb217045a5a1e1e968e6da558d,ebbb7af9af7b43c986511e7e4c8e44ff,Sao Paulo,SP
768,f7a765db27a44945bda31af4ad1c90c4,bcc1a58cecde4d5383031290998709ce,Sao Paulo,SP
769,a437e1b7c43a4480abcc632d6fd8fb7a,cd0db16fe05b489f92a0fedfbe0c5699,Rio de Janeiro,RJ
770,c759c4d864f5434098d5d30a19fb4d42,e607d239b1cd4f38b9af7428cf5c2ec0,Rio de Janeiro,RJ
771,b3ef03fa04e14be99a9511d37d87ee8b,7b087bc5a48243239f14080d519dcbf7,PE City,PE
772,b266639eda7e4b1eb52d510b6ecac882,99c6c21445f04356820f1277f8cde3ea,Sao Paulo,SP
773,d279f8f79725444392f8a94e7e54ece3,70273a1491bc4ea097d357a883f864af,PE City,PE
774,e0ab8ead7a844548873aa7a167a204f8,6870106d2f444b51a90e77cfacc82d76,Rio de Janeiro,RJ
775,c6e5c958e15349dc91603c8b108af9a3,22e9ecd29d024f018c73d6c3c1eba72f,DF City,DF
776,892f49b3c06949fab3a42823392a783d,df0cabfcaf62434389a839395a1b6782,Porto Alegre,RS
777,ac66e2afd335408b9e26666850f97a76,5496667dc98d4f958cbad32aabe6bf43,SC City,SC
778,995d68fb536341e3a695f64cbc55f407,d1f43b3cffcb4119b281f6021e6c26c8,Sao Paulo,SP
779,279c3592760248c8b6fa63ac206c2469,d75a61671464459e810cfe10e183d590,Belo Horizonte,MG
780,5cd64224bf3743e6af99285b01d1c20a,2752c738dafb4c8ba90830616abb79fc,Sao Paulo,SP
781,a9614c04cade4f1388777bc3011d0e6c,7815d7e776c144e29cc14220e3ce14f6,Sao Paulo,SP
782,1628ea272d9c46cca8e9d4c4245462d0,7ed18ab5c8c343f5991f16478a3a351b,Belo Horizonte,MG
783,b2bc3f74d981487ebb880d29c7507eda,0df2912ca6514c5cb0407fc92c513f1f,Porto Alegre,RS
784,030d56faeec34034bb91e7baa4b26e27,b02c2535b92f42299ff16bd2c73c64cd,Sao Paulo,SP
785,79e7c52ffb3a46f794d77c6dcdcb1a49,924ee97f958d4f6bb08c457f0f63113c,Rio de Janeiro,RJ
786,27fa810fe3734f98889e2a7f7fead4a5,61ae191c71d04683bd84c669e40fd3c8,Belo Horizonte,MG
787,9fe16a80b8204ecfbddb05a365b5d3a7,372da537d1e94d54aafb2c19e0594731,Sao Paulo,SP
788,4d63af9d9fcb4df3a89c9483126e32e3,34af5662092e4d9ebd36e1422d57c7e8,Rio de Janeiro,RJ
789,3fd6c622614542468364d06c0c65c1df,20926a5f03f346dfb9aa8fdfd8316d2e,Porto Alegre,RS
790,10003613888247089593aa5c7beaee68,53eb76b8c0ff48a3960189c300f4a66c,Sao Paulo,SP
791,5952da6a7b6448acbcea55ca9c6f7dab,c9795131acc84ebda586a748fc50e6c4,Curitiba,PR
792,553fd903561142b5b95f4b6680312cee,e66f475a33ce42fe92b4bdc585c606d9,Belo Horizonte,MG
793,25e4f132e98c407790921c6209b62e27,51576072a029430c916b20925161ab50,SC City,SC
794,aa7b97f338f64df29ce51935ceb21408,81fcbf0fc5fc4a61b7783071181b9be4,Sao Paulo,SP
795,577864b5719c41469616f8c79004a2c4,2eb867088006499488b53caee5c0e590,SC City,SC
796,6833936db01840319ad04e2c2ce177ef,6efddfc90ca24fca938364ac164f9c32,Sao Paulo,SP
797,3df16758649342afa4c90be3f79b1cb7,4016273723854e92bd2cda92b568c37d,Sao Paulo,SP
798,e19eccd569e044ffa2a2048ba232b0ff,2cdb4086ccf746ad834c7b400e176b7b,Sao Paulo,SP
799,663be792565d4118b9e82d97bea11df3,af80e4fa134d4b5cbbf17e1a6358e957,BA City,BA
800,81df60c48ec046189e019ba9aae6a77d,18783ea9b0054f688adc9d8863562d8e,Porto Alegre,RS
801,9283e9c92a3942ff9c41c842457df5fc,ce14dffb201743328ce0ca8ebb0bffd0,Sao Paulo,SP
802,965239c679af458e8a3a2859b7a2525c,c7b8d6f63a8240ca92e1ff625d6a8bed,Sao Paulo,SP
803,3bd2ff7baef84f9b800fe1e98d2471a3,8e8fb3d1f15f426183c64850aef97009,Sao Paulo,SP
804,8438c33a7d7d40b4bdef062185e71d15,2263a6019a244ee78addf46b962318b1,Sao Paulo,SP
805,f7778eed55a24f3a8b579a28e2ebeda0,205dd0d3380046948d217648b625e1ab,Belo Horizonte,MG
806,a67b19eeb396448ea13ee80dccd92b37,f90ca01ce3cb44e0b276667d37166411,Belo Horizonte,MG
807,980fca094ac24f3b80f38ad6fa2744fd,49032087befd42019617806ad55e0b42,DF City,DF
808,060bcdd150b74f149c9a9a8cfe11b22d,e6aed86564204e39ae713d5b52758b2b,DF City,DF
809,0a86da38fa534d98a0980b0a01249c0c,dcc03afd38764e6584a32d02a87d8c2d,Belo Horizonte,MG
810,9527949071324d07ac4e123079baae0f,73546670fdc941ffb116cc4293ef3506,Sao Paulo,SP
811,a66ce426473341b69e76d46504092d8c,055a589898e141589f211c7bffde16f7,Sao Paulo,SP
812,ea829455e606453d8990196fa02e091f,d20c34c83108494b85b5886b08dd6b72,Rio de Janeiro,RJ
813,72102c7070444103b546cc0683a4fc5b,295a9b6376964ed6891f6c526844fc80,Rio de Janeiro,RJ
814,73b90212d9a3449cb87695b0fae14e35,89182f58713e40a68a07ef46c51e3b28,Belo Horizonte,MG
815,5035810f76cf427e9d46ea106b9f4430,e55bc1919d7249ca87f2a291e0256615,DF City,DF
816,b7ae367719044e69983baeee959fff36,a663d7cf57bf484d9bff54aaef840e72,BA City,BA
817,d71fa26fced648da87d6b944b407118a,0e98e9ece8d74c7b9aa37698c2e68d13,Sao Paulo,SP
818,ae881fb114f24129adcf4a1c672ffee1,bc33344aa9654f4f8a01cf535032d7f0,Sao Paulo,SP
819,e01ea7456fc847b99a0aaacb12a2e7b2,0725f14bbecc40248212d7bb5d64d24d,SC City,SC
820,a1f10fe5df684b67ac8f522b21cd7045,425ce6434eb94fe88c395a20f707faf2,SC City,SC
821,b816370cbf0d483b8f21512a43fc6ec4,7feaa41a1f0b4eb39d0cde46b2e311b0,Sao Paulo,SP
822,f12fd1741e064103be0cc97dbce3398e,3633d9fec13349a38281ba4f530d8f3d,Porto Alegre,RS
823,a489839560b7489e835854d6e7388039,05ec23f4c44b4d1cbfd81ae1e524dde0,Belo Horizonte,MG
824,990b0e83e4e64eb7b0d195e4821c237b,cf32b3471f7b4b15b49dbf787a749614,Rio de Janeiro,RJ
825,5034853c145e4b5da88102704e555b8b,45294339f2014087ad27110b51749030,Sao Paulo,SP
826,41738a94e984423b9f9a5ddbdca8eb9e,9e9eee8003934e738995750a3602e31a,BA City,BA
827,7b5084164ff84ff984a4cc2599dd3179,ce40ce29a68a47bc971feb952cf37a32,Belo Horizonte,MG
828,aa757570ecc14fa583440721db98e969,a1110e7b0e3e41f1b7b9f2b12ebd56e2,Sao Paulo,SP
829,fc51d6a8867742a18eb650c09b1edb8a,65c5e1f680874c109802ee4c7bf04cb7,Porto Alegre,RS
830,e90056610dd8451b93a02f9f76cd483a,83cb98d304f84196a5be4bb833ac1c82,Porto Alegre,RS
831,607c98d1981441a6b43d8dbfd6ae9c71,a21adbab6c8c402dada9146d7c8da2eb,BA City,BA
832,7c100eaef3ff4ceeb0f4b634529cdd72,a1eb43cc67de476283ccf0101b451a3b,Sao Paulo,SP
833,d9ef5320eec84e2182ed0bc15a2bc807,ae306db04a744b859c404da1402ba850,CE City,CE
834,27d5ab156ec5452fbc4b83e40e074566,47dadfda04c84915a5c9128c4f05f98c,Sao Paulo,SP
835,8aeea9c3fc9b4a9dbd00c404306a68ae,5f5bb21f034148a9930d0634ff2129be,Belo Horizonte,MG
836,388d098ba4e645b9ba09dfe450c55a52,08971ff4ecab40feb301ee96f5339521,Belo Horizonte,MG
837,9c5baa0d41fe44cba881e00eb9f6b286,e9120f4ba81d4f859e95fdc021e8f2dd,Sao Paulo,SP
838,70630e5821644febb0a1f3d885319bf5,dd7951b007454ece9e369d423369fdbe,Rio de Janeiro,RJ
839,c400f7fdc9184b9d935c974250a6bdf8,7302ef126402406da297fee38f797d58,BA City,BA
840,d9bf86d245ec4845a3e692c32baa260b,6535df681e8f4b9eaaed94bab039549e,Belo Horizonte,MG
841,da78a668dacd41c8b42dcbd10928a4e3,fd1d75e3090148abb927fd0b32192601,Rio de Janeiro,RJ
842,69ed8e70da3a4ff4bc48343e7a6284c7,b114b638dc0c40b4a9e467438d3388c2,Sao Paulo,SP
843,7e5755df1c5646e682925c154b3537f1,16ad0f9b149048068508368d4071dac6,Sao Paulo,SP
844,12124f510606482f92cf5f53d81d7ebe,c660c40d3f97465090addc4b82fb17e5,Sao Paulo,SP
845,69e561b75a394a61839843b9a4faf977,5177a39038bb432fa141136ad3b53ef7,DF City,DF
846,d7ff464234fc41a6bfad973496df04ff,a9fed2dd6a45468e96818b5e2c67f1b1,Curitiba,PR
847,45ea5531af9a4baca07b25503ebf38d1,e989d4e59e9345ec9fe0f2d73814b7a6,DF City,DF
848,8ea19ed75e534469a1745ce6ab9e808f,5d738ce2bf7b49b5af284654d8aa4eb6,Sao Paulo,SP
849,8899f28e63e142a2a7d1ada818f5c167,7b705d9b5af24643bf1113ec7bef3ad1,Porto Alegre,RS
850,045f432100e84a2a8bb0cbc12c23e682,34ade731a4ba4ad4bbf7ce30ff4a935e,Sao Paulo,SP
851,d3b86f17742a40098a58121724bc3e79,8cc3fdb5b3bf47b6afec45e0b41ebf1e,Curitiba,PR
852,962f2872cf5a4681a577b1a594aacb23,4df2d8d8518847ef8d0a44a91100b6d9,Sao Paulo,SP
853,1a055b90c52241eb8280f23c5d49a2d3,2e0f755db091453c9c38bcba1c0c6b60,Sao Paulo,SP
854,675ec2bd9d24497d82291ede2c14c967,c98444f86b7544fd9166b0c484f7dfe9,Belo Horizonte,MG
855,553f1ece47924fdcb28a2a39f945bf7f,9de99fc6fc1743d2aaed7437a6d19d12,Sao Paulo,SP
856,b89859f417d74f81b97b72b3b9d1627c,4985159c040942d8b481e7b268b81611,Belo Horizonte,MG
857,0671aae1592c49a8a6a56cf02adf4602,eca9fbe3d7954b689f390d434cea6fbf,Belo Horizonte,MG
858,0181bbca333b4ddd9ff447be01923fbc,c992d817a8c441e5aaa90a9554934931,Porto Alegre,RS
859,1fd3879df882462cbe796d68c936b808,86f76154195a42388022cd3391333f4e,CE City,CE
860,b4cd49514a5647899d263bfca1430a16,ce4420b249c54af5be70db0f11f6a2cc,Sao Paulo,SP
861,8ac8cfeb696648aaabb52b46fc2ce72c,75f3983cd8f3490784f620d3b239388a,Rio de Janeiro,RJ
862,36761b01cae749ba839ddfcb908c3d4a,298cb87412de4016890777ca29f15036,Curitiba,PR
863,ea3e2cd0ec7642d29e3cde663c4f65fa,2f886b5da6164e819606fd4d20ecd077,Belo Horizonte,MG
864,788dd1bd915244d5b672cf596d4a001e,7325843399f544269b8675f69936b967,Sao Paulo,SP
865,705d63eead4f4462a462836b92149780,99c5a3de0e624de1ab31e9813ea1f19b,SC City,SC
866,340a9a1ca78e4d9394f77ae22cb3b60d,c1368db34d8340cca72af6af0b0e465e,Sao Paulo,SP
867,ae41dbb888984516a48472865c2970b0,85a0958a1cd34e5ab579d0cf9ca2216c,Sao Paulo,SP
868,a6994fb8de6b45509f2fd355428ad760,060fa54a3c114ca2bddff5a666d3e41d,Sao Paulo,SP
869,08a5e4d884e74878a11f92945390c4ba,551023d17d294aeea661c3b75d79178f,Sao Paulo,SP
870,9a9c58b4fed649349eac188451386efc,77709f94f96a44a78beda67bb1749a3a,Sao Paulo,SP
871,84c67399793a45839526442d90a17b3d,00bf995700134bf1b21c73c4e6e302b6,Sao Paulo,SP
872,633d88594615413da3bd0d232ee0b3f5,bf0d002a98364032813edadb96ab1fbd,Rio de Janeiro,RJ
873,9ca745db00b44b979f87ce1edc7ffc6d,ec17284dab4e4554bc9883f0cf22803c,Sao Paulo,SP
874,0fc7b089d7c14882aafc05c071549cc2,d3e4a76aa5704e729e9c39b34be88373,Sao Paulo,SP
875,876d0875ec09439e98fff27367c28831,9db1a5181cca4033acd6b0991a2e99e9,Belo Horizonte,MG
876,b4d91130956c4f5f9fb9a402106473f7,aeaf463de3894e6997f18e5bf6909f94,Sao Paulo,SP
877,c3c8fe7cd0be481c9812066c522a89f9,4e175f2d44634371a81512522d7142f5,Sao Paulo,SP
878,9ccd303f84bf4048b6451edc7d83241d,84b482629bdd4063b02eb18de537d60e,Sao Paulo,SP
879,3460a8a9a16b4f17959eacc546c6e457,05a1470b8e54483b821dfa0451173cf6,Sao Paulo,SP
880,a40d84d214c7426681f409e3ca9c9d89,e5e75257f7e045109a250c1048c561f0,Sao Paulo,SP
881,3529add6b1fb44878b6f3be4d0997c89,708372580fe747cdbc950f3c3b835628,Rio de Janeiro,RJ
882,5bb6e04413ee47f38835fc3bfe1d6212,e71f2a6b0dd343498995cb8fa5d61a24,Belo Horizonte,MG
883,a2b0a4ae12de49f09d38d415e0381cd7,ac612c163cc0498099a140169cf3d455,Belo Horizonte,MG
884,9442f63fe880431aa78c72281b78b539,ee7c9995817e4c83aba7c08c73b30bc8,PE City,PE
885,774f1bd250cd4dffbe28aa2ca995737f,65d2ea33444b446ea6d4bb9b25a201cb,Rio de Janeiro,RJ
886,697b99905b184c3785b3ddbadb989830,354dd56fd78b4d829965a447d4f9f40d,Rio de Janeiro,RJ
887,fdcfb406912f4656a27df0a5d5aa30ed,833467ee160b43d1b37e63f4ace1cc39,Sao Paulo,SP
888,18994e4216a54ff9ac6e65fd35f7e297,1607ecb79e0b4684b5a96f8c64c74165,Curitiba,PR
889,86080be6137d4ec99f9f8353ddf4fa3b,5eb9203dcf4d449db7c0a7989ee39b3c,Sao Paulo,SP
890,586c0535749147b2bc83810a8245e6d8,98f440b1f9224eb09492204e7c6e17a3,Rio de Janeiro,RJ
891,74c5cdc90731406a9b4f4ba7ed888d53,8ed47a5bc9444495b9b5b45239fdcde3,Rio de Janeiro,RJ
892,acf799597fad41e1843dbae8bbb1c479,26b80cc828754b88a4235c22815fd96b,Belo Horizonte,MG
893,99194ad89fc844dcb0cf79c1a740779e,65092d0942f545038e3b8ccd6ac9a3c9,PE City,PE
894,17158296b9aa4a0f8dfc8c5102a8d218,abae154bfdbf43d4ab1a85633999b592,DF City,DF
895,f52edc2a5c5942929ec03a3301061578,930828f321e147d9833cb9ec1a7e54dc,Sao Paulo,SP
896,73ce415e8b9045ba82809b74771aff00,44adddd1962d471f83a54acad5054caa,Sao Paulo,SP
897,0c2dcb5c306a4be0ad8908a4fe7aed93,3c363bdfd00a48549ce64d617d738907,SC City,SC
898,3a4512ff3bfa4d6a9ec081cf7d1f7cd5,e083ae459d9a453bbf86076eaea34147,Rio de Janeiro,RJ
899,1175144294914d7f962dfc0fb989564e,2b85b376f42f4c318a8425984bd027a4,Rio de Janeiro,RJ
900,44721de6e4e347a78867efcfd0a055ee,625758a19bd54608ae43558384be4e36,Porto Alegre,RS
901,a1e8fb3da2024f5bb5071cb8abecd613,fa67d74dae9e46d096ced99ff4afda13,Belo Horizonte,MG
902,f0df83cd662543c28da9b95019c7bbc2,f282cdfdda624bb0ab677230dccb9212,CE City,CE
903,cfe802ac31594460925142f9f10b1f62,4fe3b4afa9b748a5a96a713bc7f06935,Belo Horizonte,MG
904,c5bc5950f40b48b096ef41e51e3a2091,56ef993aafa241da86e55e16256fbf46,Rio de Janeiro,RJ
905,beb6482f396e4c259969631a5784fc55,f16d6ce87e19413ead1cd6560ecfdadf,Rio de Janeiro,RJ
906,4743cd1dc6494d83831ef46ab89ec83a,86f00082ddc54e489e580c124c8129c0,Curitiba,PR
907,5143b264dd2845de9453db288a5c0271,9e6ecea2ed14497ea1a35732638718cd,Belo Horizonte,MG
908,1574bdb8f65145d9884fef564dc13430,49dc128e3cd64fc2974b6394d61f737f,Belo Horizonte,MG
909,8056ed573eeb423984b43b179cc60faa,b38136829911483fb5d32aa9ada6ee0d,CE City,CE
910,4f3393aa95434fefafa892b3aeea954b,0db917fe945744879ed569b2c7be5823,Belo Horizonte,MG
911,a493fa3b11814dea914bc87082fe05d8,0bcc2d303d40403f8303917045c51a28,Sao Paulo,SP
912,827e50886fa04625b4476b0bdcbcd976,a52681ba3ee94678965d0688e8cbf436,Porto Alegre,RS
913,8b33346a008546e3a43c424f90865d83,3687afc9c4b246fbbab85ad8864e6dfb,Belo Horizonte,MG
914,a2fb2df2bcf74056a304a3dfc55b1921,3d2e8c79d1824d4b8a1b6c2d8e0d2991,Sao Paulo,SP
915,f07a61db27574650954fe64f81b2d78f,8311cb7473a8470393851e8cd3ab1ee9,Rio de Janeiro,RJ
916,768beae757be4d029e6f0add892d1e11,3b39bfa36bbe4b0083eb8950daa59be3,Porto Alegre,RS
917,246cfc20a14544cca07b4dcc8558a0a9,1b898518335c449b9b024aca4c5beaa2,Rio de Janeiro,RJ
918,0d054d7c4aca4692b35f79dfcf475329,3714d0c6d8f34a4381f252ae84880f11,Curitiba,PR
919,48fbe0f471c843e4afa00e28f1469c0c,80ec434c56674be890c033c05607d941,Rio de Janeiro,RJ
920,e4020d7a589749228f8b8f2745af9bce,0c30af220490466eb055ec0c0a0682b2,CE City,CE
921,250c9d6cc65e4151b0a30b6d8ebb91db,459fe95767ef40c28b474049dbfaa002,Sao Paulo,SP
922,a29b50a511dc4155973e31d9217c9083,442d138b085c47bc9b89a05cd75bf032,Sao Paulo,SP
923,276b66ada2d14a038ccd9f7a6f741de0,08b10e7212a74858a8837c025044d274,Rio de Janeiro,RJ
924,24701690cfd44e51a434c35db8ea0dfc,17cb98ca5fec4ed1aa2352265c36eb7a,Rio de Janeiro,RJ
925,7c989c691cd54d488bb2d430f2c03c9c,074f796cc36c403ab7285555300a82b8,Sao Paulo,SP
926,743872c926c44d00b560fade7551af74,74d31af7cb8b4fc38f0c39b4c52ce563,Sao Paulo,SP
927,65c0cc9dd4b34f3aa27d08389b686cca,2731da04353d4e46a650d29039273355,Belo Horizonte,MG
928,a908bda7f651438eba16e7dda3f9d7b2,23d3cbb128524a2b99eefa9d36a6a5db,Sao Paulo,SP
929,ac95dc2471bc4113be625faa349b455c,2683c85e10bd4b9cb01de6e1097dce4e,Belo Horizonte,MG
930,f00ecb4fa04e47079ceaa3cc2e3445f5,189930887fda4512b082e6695eb6aa4f,Curitiba,PR
931,7c11cea294c7437c9dc595bc8b7d2c8b,f7beab76f907456ba11cc59f3b1988e3,Curitiba,PR
932,0cd17b74bfdc4bd49585ea04798bbb7e,273d1e01f6f64d6190021ef578197377,Sao Paulo,SP
933,cb7eceb4e05640c29c075f01f4f2d10f,bc680acc00734c49afb880c544a32912,Belo Horizonte,MG
934,7cb245394ad244b28a20efd5cd91d36d,2d25b3c280e44059ab4c8c7d10b02288,Rio de Janeiro,RJ
935,94a9f77110e34fba8968ea0d08083bf3,3c0cba59154b4861b6e7ad998180b99a,BA City,BA
936,f15bc06c22cb4253a6d003362f1d3861,9f322bab3bfc484e855c72cf1b189c4e,BA City,BA
937,5eb7de06644244d2957b3b2acdd149f7,49c6aa3abd5240c1aab604b065921c4b,Sao Paulo,SP
938,3be64bd968654cb38cb0d1c83d0c89a9,de821c5e89544c17885220d435b15826,Sao Paulo,SP
939,aee38396d76246e4af8bef7659674aae,065cf01d7f60427bb07b7fe0a9bb1126,Sao Paulo,SP
940,00491bf103b344978b50a3474cb1f251,51987f9cd51447398d374214d45fefd9,Sao Paulo,SP
941,4617b47fd1b24cb19b98df2dfa908291,744e52b6e8564b588a38abd3abe1d284,Belo Horizonte,MG
942,f031fec84617474abda7c678ba33eeae,a2173e974917486fb67d4e138795cdd7,Belo Horizonte,MG
943,e7baa61024434c37a04e8a380830914d,9754599dc9d0419faa51bcde0ba6d3e4,Sao Paulo,SP
944,e6ffd721d23048e7848041ca5a27ca9d,3dda32d1cef5465e8f4c4809bd71fbcb,Belo Horizonte,MG
945,c09632adb4544777ab28e2b6655d0975,0ebf81388d214c0793aca670afeb6040,PE City,PE
946,23ac89ec791b4a49b9e78d5684067fd0,7b3e8694b0f24223828ef3911c2e05a7,Belo Horizonte,MG
947,20a5edc6e6824927b0dfa0e612874f5a,21a09261e37d48ea8ea0a443402d38b4,Sao Paulo,SP
948,f4f8c945f276427c9419d21cb5e56127,bef78024c1874b8da4e0faaeed8a9e66,Belo Horizonte,MG
949,4a5d9d8cd53b4c3fbecad6f5a38af74f,8826f83dd8d642f99292f63d89708e85,Rio de Janeiro,RJ
950,dfc10254a80e407ba6454f39f7c5d82f,67cd87ca933640c8ab7f8e8ee0838a15,BA City,BA
951,c623dc211f9b4333bfd4eb5924b69d99,5c5dc78e56b244d4aa4005c561a4af8d,Sao Paulo,SP
952,9316e60d13684cde898992e4aef50e4b,dff5e6a1552946c5a4837511ea96693b,Rio de Janeiro,RJ
953,16a4f0261ad5427a9364c756897f0c99,6684bbb52db944fbbab855315ec60821,Belo Horizonte,MG
954,c7b03320cadb4bdfad6c15d374a4a2f1,706ed00ce34e490a9f6a3c0caea591df,Rio de Janeiro,RJ
955,33d96b9178a84a04b18e48d90067382c,c917792b1ae14adfbb67dd264ecb0d2c,Porto Alegre,RS
956,1913a17402b547d8a3cd1b5f20de274b,6674342560ac4b45811de833d60dd1e9,Sao Paulo,SP
957,409f881453684a568cbba288c5ce78e6,e19f6d32a3a6451393377efcddb6046a,Belo Horizonte,MG
958,f477f76408c54c81988a364f91330f1c,19d35a0e290640638201e0cb7aca84e1,Sao Paulo,SP
959,964e1d17195646ff9ed1760feca6f360,37b460617bad4ab7879a1c8c0ac9c17e,Sao Paulo,SP
960,46d27b056f9845c192ea71fdc45f57c0,bd3e7646b81745adbb74468dc6d1167f,Belo Horizonte,MG
961,c3755a3f8adc42f7a38d3fc3a9584e84,eb69c6954db74223a8c9061e1e1a56e4,Sao Paulo,SP
962,85b65d03d5904c39a0904c1f73313da1,ffdc2d55085d4d45b99a14141cf7b6ac,Sao Paulo,SP
963,f7892982d2c54d5d871a9ad6dc646361,46ef29dbc0044d51b0c0fc7dd755f6e1,Porto Alegre,RS
964,c97dcd20625342a8a5570f46a5e504aa,3ae0a6e9e7ed42bb9df6f8772b2f692e,Belo Horizonte,MG
965,f9f670ec78e74d069f1014687cef2302,951afa14ddd14535882659073b89b425,Sao Paulo,SP
966,feab557ff1ba4b6f91eb9974fccb7dca,aa3da3d78e1f43ec9c6d77d4996664a5,Belo Horizonte,MG
967,148cb51bee954fe5b8bf9a9ac1f57476,90b0f9b9275b4cc09e294f1e6e98a4c6,Sao Paulo,SP
968,3801cbad04f54b7fb5195d7ee56de2e0,4deacfff59e943b798e5604f12ad700b,Sao Paulo,SP
969,45421e697c0c4f3e8bb69abaf714b5e3,ef20798f96e7473cbe807da7e5c400fd,Rio de Janeiro,RJ
970,61ed54360c104fefb2b6ecb6b0d58d2f,39d20767312e42eab34a8197d7bc1592,Sao Paulo,SP
971,60f85840afc4473b9e56f72e335a16b7,16ca755ceed84474b9d446555cb72369,CE City,CE
972,635b150fbcb243b7ab8ba1b11943de43,4a5eea4213574fd18421c8857328f4e7,Sao Paulo,SP
973,315a1a968abb4fb5a8003d8896d0d076,70ac6576a591414fae9de16a846bd80e,Curitiba,PR
974,15f89edd98a642519c557b9d4ce0139b,596c7be1cc8a438e9b2f214f210de284,SC City,SC
975,f7584a5089e94c6282bda8c0ebecd32c,066ca918bee54c728199c08c755c7eb4,CE City,CE
976,f3375a5a4e9e48f7a4c0110ec9931ada,eeccdf302521447d892d7c40f81e329d,Rio de Janeiro,RJ
977,873ab4ef86f048eaa63c01de8f50bfbb,0fc975dd1f0842be88cd86ce11ca63f3,BA City,BA
978,18b969fb1ba34d9c9c536d1bce65eedc,9ea20a314b13475c8b23c4387ddd0d78,DF City,DF
979,b81244f702c94e00a254258b0925e5d7,1e00cf1b51e049ee89aef43452566dff,Sao Paulo,SP
980,13a479992e6e463f82a7df46c240b4f7,6a530e46365e4cb889dd5cc63939064c,Rio de Janeiro,RJ
981,d36033bcb60141908f938e93a821f037,b8e045320efa4dcabecac180ff649175,Sao Paulo,SP
982,2b016696ae4045bb8cd01cc09abce3c2,0e88ffc1fbec4d2e91d3258458109d1a,Belo Horizonte,MG
983,d4a9d65ee5bb4aef8f74987665d74649,7bb3a4cf2cdd4cf1a22368edd85f170e,Belo Horizonte,MG
984,60000b2c1c094c498545fcb1317e7a6f,92afe8e6593a41659eef3c30416114c6,Sao Paulo,SP
985,1e7ce15f4d864935b90eaf54dee8903c,0b48374ce7a8403ebb00263b3cdaa8e5,Curitiba,PR
986,38b7a5b0df094206b5dab36609941384,3ce2b9e21ca04a2dbe554192d6790561,Sao Paulo,SP
987,613c67a77b0c428d8e8d5a3365d43ddd,dad3eac30b8149218b9a4ed7882b8818,Curitiba,PR
988,f1550c435da641c8aa9a5bf38746fcee,8f6828ff0df149c38d86c7bb08a04d9e,Sao Paulo,SP
989,f540a07261fe4492a428646fed839ea5,bc9b1f31db49415bb11650965fd5816e,Belo Horizonte,MG
990,b10e2f53a0154d32a7640cfba9dd10ab,1c4ac9f8c02a4cd4ba04b7a19eb3ee6d,Sao Paulo,SP
991,4d2b94017f3b4124838abdc6c1c0a341,a96d9516895b4ac29be182f1d0d65257,Sao Paulo,SP
992,3ad1c80192d442999d31839b0227e3b3,7c53686102cb4ec5abbc8f5898840990,Porto Alegre,RS
993,ba65447f4bbe42a5bce108cc4c793bef,6b62be0f829141c682ec0bc6185b4033,Sao Paulo,SP
994,4155bee36666440380821617f47b3c0a,586f193c8eb149f981aff7a21977ce31,Rio de Janeiro,RJ
995,5f60f86174af429e9d2938b12559ff26,0096d46f324a446c986e9dfecb2e66b4,PE City,PE
996,a4f2fa6928af42c6bd40edce22d93b3d,e2860ecda49d4d09a6bf83c924ead4f3,Sao Paulo,SP
997,74dfd3062d7f4917842b2e06f902493b,0428c6e6b5c7488fb8945c3a5b6d0815,SC City,SC
998,4179d706e86f4f9fb4b420f14368e1d5,15525e366d9640eeb61b014d58badd62,Sao Paulo,SP
999,96f18e70922d459dadbd9e809b794fbc,0ab84700dd644c4c8ea0857197942308,Sao Paulo,SP
1000,7f1840a7b2c24b21aba71c5d7b604b33,37fc8d5eca9e4182af7ae5e2f17b5007,Sao Paulo,SP
1001,e7ab00e59aa6450d994b6aeabf0e9bc4,64f528a20e8c4212b94a3fe2b0c106cd,CE City,CE
1002,14decdd1c54849f08c33e8def1795fbf,c651f62921b74b4e841826856b82e85b,Sao Paulo,SP
1003,ae6b15d89aff413e938ea3528071d5f7,87b812a74dd74f829167c4bbd603a251,BA City,BA
1004,c3f95209b57d4d208ed0484979e43ec7,a993750d53294d968f5ee604c45faf14,CE City,CE
1005,7e46b9fe719548b3b503e4ca7cde0a1b,957747f7c0ff4ba289d175c7e84146a6,Sao Paulo,SP
1006,61e5afcf3de24d908b8fd78a95d0870d,9016e40e9d0842bbb9af2d39f7c6e295,Belo Horizonte,MG
1007,f5fc3acf42ad4f51b7bdddf5ea4b604e,fb0fe9dadc2f4f42b803ca2d1cb839ef,Curitiba,PR
1008,65bebf93752449079e3b6c4a7e1e0e47,665cbbef45f34ab6b8b0f807033c4deb,Sao Paulo,SP
1009,dbd9a8861cc946049b5abcd720a8067c,94eea1b3f5a14ae9b4e5796dad6c72de,Sao Paulo,SP
1010,c749409f308d434aa53e55913b6e0364,2d8bec7a73c04ffa88de49bcf1252366,Rio de Janeiro,RJ
1011,a4d0fd549f454bf19d2261b23b4c5be5,257ac672d27a4acebfe017211785ffc1,Curitiba,PR
1012,f4b6c8cada1746588e3793659c1dad1f,1116b38d0a81450c8a0c575c5397d6ee,Curitiba,PR
1013,8435c7e2c6c24c1ba082dc27f55b4c44,5bcaf7e518544c97a4b31ebdedbbee5b,Sao Paulo,SP
1014,6873cb52a28b4eaea78f81b58dcd156f,8b6ea1a800a5484aadf2ba81b1b100ab,Sao Paulo,SP
1015,06d0917da3ec49d2b377dfb1a181d8ec,de9126990baa4c1bb6cbe52e8b674c7e,PE City,PE
1016,af79be8586b745348b2d8c171634aebc,c3e04ddcf72a4999ad5d7b67493bb00b,Sao Paulo,SP
1017,91b4b8956ac54df09441ad435e0880fc,c09d8c4fd49d42fd897c9b4e30628147,Porto Alegre,RS
1018,bd94867fbd4946f1af723e8e6ef15447,e6db9801c20d45c4aaf48090f73b7194,Sao Paulo,SP
1019,62b41564f10f49f0b2cccf5bf6d2047e,b4de9377b7684cf484a18fb5226fe135,SC City,SC
1020,0516e3c292764ae5a5b6406967a94d37,ca8ca534c3034bc094a21e8c3e67bf78,PE City,PE
1021,b0470fcc267c4370a328efb39167be59,b7f10f18bf174112af869e2f63b58a71,Sao Paulo,SP
1022,ad35907d160345f3954d592024ae8546,6da0143abf124be9848ecd1127aadee3,Sao Paulo,SP
1023,2649f89f21444be9954f0fd4949177ff,4f186389c7384779ad95dd1bea48227c,Rio de Janeiro,RJ
1024,c263ba3367394aa19e30ae5858788061,db7cf115512a414c85c76ccbfc68191f,Sao Paulo,SP
1025,1d6cb6289a694259b167a443f046f7fc,65822f344c6840c1a90c244aacad8697,Sao Paulo,SP
1026,2de035b668e84916be41e337d3e4c85e,d56c4068eb4042798301995c607a1b0f,Belo Horizonte,MG
1027,2e04b1363e2543d4ba425c8a134f6483,616ddfccc1fe42388f960bce2b472b92,Sao Paulo,SP
1028,9c1868ab7dad428ba1c87597af897d13,0edd175f71dd4acd8d23230cef8d9b1a,Sao Paulo,SP
1029,f1a6a3b8fe244dcb96b2d20f9b47ec79,9389c1d199d64ccd8df9c36f2eaab147,Curitiba,PR
1030,4aefc5999bec48e89c1c501a6eedf079,12b61c30cd914c9681bbdcf71d00137d,Belo Horizonte,MG
1031,4c43ecd090e94cec9fc1a48d587be307,1421f1c9a44c4924870c6305482bfe87,Sao Paulo,SP
1032,32c24ae18657482d9449df8e9785da8e,df93767434ba4bc1af3be7d2d7d6bc36,Belo Horizonte,MG
1033,8bc948de53564556a00a55ef04f6faa8,d5afa4901624401488577ddbcfdf179f,Curitiba,PR
1034,71fde444bb0449018e9a554184ae43ab,33b507fd406b4f2ca0d96808a9beb52f,Belo Horizonte,MG
1035,22f698a22a87479bb2a7c1c262eb16f5,a2ca989b38174626807dd2cd6a3b9212,Sao Paulo,SP
1036,3ff4d1333eb14b7cbd7cb765090b7921,39ebe654bb5c4bf8ae39b40bad755317,Sao Paulo,SP
1037,3a81826417b54fff9512cd26f8ec82c7,984697d8da714ea5bcd937fad88d437a,Curitiba,PR
1038,08aa84921de94b4b8f000645579f0fec,82677793bb2a45628b5f3a3af0fd724f,SC City,SC
1039,8e6f4b0ecff74476891da29e2a17dd6e,327333a6d5fe4533a417b9133cfd0878,Porto Alegre,RS
1040,b7d545709e5c4ce3a3632e55eb563bf8,d47cb39cca1a45f9b23ae9d320179469,Sao Paulo,SP
1041,5f5bfbb005bd4e9ca6d20ab59fe0b194,c62e3739b8d54838a509655fc700541d,Belo Horizonte,MG
1042,c8e6edaf6f19452ebcda8495e543a911,dadca5055b7a40e78be9edf40df05dfe,SC City,SC
1043,50c5efaa96224ecdac72571e472cfd30,5ecf360de4764217b4f3a7d4006119d6,Sao Paulo,SP
1044,65fcfa27e9b941bcaf5b95a26bbdadd3,b647c2306437401da0e572845b1c0361,Sao Paulo,SP
1045,47da4bcab37644109147392daff5f2a5,209e84e4fd33403e911d95a7edeb94cd,Belo Horizonte,MG
1046,ac160058faa5479394cf019232c588fd,2b9a67b394b24cba801348ecb92ab514,SC City,SC
1047,3d54e5775c81428aab640fe4746f8d39,2dcb866a843b4b869205dab711a5984e,Sao Paulo,SP
1048,3fd4b233d4774d948ecc5125fcb07f5c,c3bf95584f574eafb33f4c1335ad6afd,Belo Horizonte,MG
1049,65a316d9b1094fb78739c15aecf6c3ca,9683230d30a842ca9e78403a48fbc7bc,Belo Horizonte,MG
1050,a5b28e32b50b494f96ae46be5da30fc1,7320c91efc634c409b5d941f27b4d16f,Belo Horizonte,MG
1051,f61cf2cb5fb049de9c515cbe65b32413,dea7ad6922b042e5980950e3672acc2f,Belo Horizonte,MG
1052,539155cdba2447909e8da456118589c7,905c52d4b25b42c4b8163e8d6df99ed0,Belo Horizonte,MG
1053,cfe270256d3a437dacefaec714e09a94,85e3b17d82164fb6bf95992b7ee64833,Sao Paulo,SP
1054,e381d8fe1f7149288cb43d6d15bffd6f,9508066fbc0140d99c4f05760d90c577,Sao Paulo,SP
1055,0b2a4749f852424fb7300e5952f129c7,8437b9f03d0b4491a0b078fad01ef9c5,Belo Horizonte,MG
1056,a521828e70b94761b21209489c6a8d6f,ac2c82e5a6b04facb8fa24de3f8bd561,Sao Paulo,SP
1057,0481e7da306245079b545d0d7e34504f,670aabf8c7224f91a20fd33477b6147d,Belo Horizonte,MG
1058,91f038d1d1624090b38b4e011d5af2bb,8636269693ef4b7490d6a722eec0f7a9,Belo Horizonte,MG
1059,a8a7faf2d38d4bea97ebe781c69e6aff,b36f2f384f8b4997ba954fd17454c1a9,Sao Paulo,SP
1060,3431c304928b4ca790d06366e528ebd4,aaf4f2d674434c89ad9af47fc78d1b06,Belo Horizonte,MG
1061,4290eddff95a4887be2c4a0c87aefead,a999b103c0e84197a8ed4bb91eab84f0,Rio de Janeiro,RJ
1062,d4da6e08040943cb82d655e40b5bf61a,9dfbc140c5f5476681273e416272ad62,Sao Paulo,SP
1063,96b402e8ba864a2494de5d3e75d08763,2427a62d243b4f4089aabaa9a975fb86,Rio de Janeiro,RJ
1064,c449dea0cd04493b9e3dfe9c7f8f018f,c473c4d3619a4edcb6a2d8f02e9a5f24,PE City,PE
1065,3966f7002e7a48dba550f4294627d3f4,868db5afde204abcb6d7d959be94df69,Rio de Janeiro,RJ
1066,6ad25adf902a4ddb828b8ca205193ca1,08d84efa93cd4670b36916046d81437f,Belo Horizonte,MG
1067,02179552f2174577b2ecdb2e8634f9e3,3d63d960cb9e4d41b32ba00329a27a71,Sao Paulo,SP
1068,b1056dcca758455e845eb469924e3fe7,cb207613689a42b5bbff6688218c56f7,Sao Paulo,SP
1069,d65ecf7fca144f57af69c2a1c0e6f1e1,cf48d212a7724d85a77f73f5e7567384,Sao Paulo,SP
1070,931b697d4bfc4732b764bf3d14c85d61,4f2de85aec104b3382056fef39ad51e6,Curitiba,PR
1071,c7aef61366e74a578908a17696d6b27a,ee677c5ca16f411bae6bc72b6c7b81a8,Sao Paulo,SP
1072,94a7552020204674aa3cbf0c3d9e3110,21a93ce43f2c46b3bda0ebd6286bd7c2,Sao Paulo,SP
1073,21838af8809c4519a6f3107f962e4936,e770edd473d14140bb3c4bc8c97fe400,Porto Alegre,RS
1074,34b545ba76754d75ac5dd4e90a847995,db288715af74441eb96eb519c1c0bbc7,Sao Paulo,SP
1075,0b2c6a507cf54d068842aa89354a9340,9d81033c80e946a8bcc4d430d47b01dd,Sao Paulo,SP
1076,673dd8e4dee34d4eb51a6ec79b6c1e87,9f5a0621bcfb40f1af8c8b9869ffc5dc,Rio de Janeiro,RJ
1077,107da5bdb3e64101a4f1eebab1274e1f,e021b06c5a98481b915193439a88fd90,Sao Paulo,SP
1078,121e462982f647e0b0c055b33e2dcf8a,f2723a9ef0014f89ab7f29bad89f4591,Belo Horizonte,MG
1079,22d11973669d491e82574c1dba397570,946a84d9b79545208ed3415d917987e1,Sao Paulo,SP
1080,36acaa414a4947af8512b2c308d4a212,0753139e8b6444bb92ef83465ab9e464,Sao Paulo,SP
1081,9fb21e810be144b5a4b402d48aa516d1,1148d47f7db7497cbd0b83e672663a5f,BA City,BA
1082,26c657ff92514ad88f0f859d48285e4f,183147e90f4b4466b14e19bd059a0e0e,BA City,BA
1083,594a7c624b0e41e783603760b8d4b408,1e5003ae212949149982310ce710485b,SC City,SC
1084,5adedefc40f448b582be26425a373248,090c5fd85d3c464b9daf28fb8307723b,BA City,BA
1085,7090348c1c32425ca934ef52145899ad,d7c775ea8eec45e9907ddf4ca64b5690,Belo Horizonte,MG
1086,200ee3a0a12449bb8c3e6f889c23725c,6c5069e96e4846f2a4824ba8741946ca,Belo Horizonte,MG
1087,1167788b39434b8692cf7356924830b6,b2d1cae738e641fe933b06e3fc297e89,Rio de Janeiro,RJ
1088,e0a24b2220a849a4804d90a4ae287472,7727bfe85bb249ebae4158649bf1779b,Curitiba,PR
1089,1fe0c650a98d454fae9e196eb8c9156b,79a62a94a032419294785ffd610c6deb,Rio de Janeiro,RJ
1090,a6a34fce31c74ed98513f88c2a1a2ec7,55e0f90e13874f55a57b5faa45932d67,Sao Paulo,SP
1091,db28e49f6e394bc4b9d8fb254828f9ba,5cb3668c16834e43b85669d7fc46592c,Curitiba,PR
1092,c6e57efc190d4f28b7b823699fb8c3ef,247de5519ad04ceba87b11135733b836,Curitiba,PR
1093,acce2953deac4843a4d1c9e02477814f,15bc36f9bf0f44268457c9c7b4093d06,SC City,SC
1094,0f57375f74cb40139607c77561aafbd1,ed6b1359eaae451f93d12e0e65d7ea26,Sao Paulo,SP
1095,ab0ae94cfcda4cae868eae4d024c95e2,4d005a79b837429e9e554d250f71b37a,Sao Paulo,SP
1096,817fa4fec60246499f5a38801e204f4b,1c010c9b6d144ead8cf4b3b80340921e,Sao Paulo,SP
1097,0e922f7764cb4b66b574e2b16b8c782b,0e1f96bb28f941d6acb7be30c8abf38b,Rio de Janeiro,RJ
1098,31ed116df8644938bdf404b83f2975cf,db0d02baa0e743cea2241986bf525c2f,Sao Paulo,SP
1099,36c6e799e0694645b5d6f11f797abd29,e565ac6224e34268bb2344571d8285aa,Sao Paulo,SP
1100,c288a25a47d543d597d9dfbabd93b4d7,3dcd05ae78da46bdb3fe4fa83a8b6ca7,Sao Paulo,SP
1101,b7ba21cea14a49708e20de1a32c9c990,e28181e791834615bf780123e328688b,Sao Paulo,SP
1102,ec8dfd238d454d5c8e7cf52d712f991b,172428f54fb74dcc8742a6e8fac86b63,Porto Alegre,RS
1103,f114fc6b9ec44afbae6a78256feee746,43bf54e4d0124457867ffb59c43c3f4f,SC City,SC
1104,035ebc3a2ee447e48c5a01d2682ead60,f6fc8d5dc2b84c6f8735fbfa2bc91ced,Sao Paulo,SP
1105,91669b2edb1d487eb427096a89129b55,d0cfd31b7070417389943bf75034ec5c,Belo Horizonte,MG
1106,888e2e6eb93046c990c4b823d1a9e77a,c6716b8fa7f74842bafc526dc37f37dc,Sao Paulo,SP
1107,33db5edb2c8349fdb305e6299002bdb5,21072e94e1a647fba95785f604e00d17,Sao Paulo,SP
1108,f93522aba7934efcafa77ddf80d31e27,66f03a45475243c08716a9d927914e08,Porto Alegre,RS
1109,b5967e023c54451bacb857720ed9e76a,509b665c82df4b1cbf7b08f562ec8693,Porto Alegre,RS
1110,2ce72c4c638e44f1ba07fc56b8f2a825,2aa757264a0d4355a148a9bfceef593e,SC City,SC
1111,38054e8b87424a83ad7b58832cb6a7bc,e30cf2173d8b4a8c9fb0ebf09c008f2b,Rio de Janeiro,RJ
1112,996eb7229c5d41b0a330e828b8e37c75,02b50fc0f10c47b1956c7cf532ec7377,SC City,SC
1113,f025baeaf90943439022e84705632382,7459a418c8884970841b5f3701dffb2f,Sao Paulo,SP
1114,28e856ca9abb41ecaf08d68fb13655d5,94af213559a54f908cc198fdc2ec1d65,Sao Paulo,SP
1115,65bfc33e6cfa4b0c9849415458fc803b,860a3bc05be54b618d7cdbad1e7ddb72,Sao Paulo,SP
1116,03c4a35191b7462287848a118a7f209c,d01b373b9ec3434491e6ffdaf91c14a6,Curitiba,PR
1117,2fa1b06a12874cf0ba86a4eb287546b3,495e1242272044caa09dcc90d3d50e52,Sao Paulo,SP
1118,7e521b5e8f2646379b932cdf240f681c,5eaa21721d7b42d4a85b86431dd9950e,Sao Paulo,SP
1119,90947f745005422f9716abdf34593d85,57176b64e13c47aca92984be40c0848e,Belo Horizonte,MG
1120,f36033376a4a4c11a13710ac9f5ea887,76e5a88ec4ee4ed6a728bb1a14ada7ff,Sao Paulo,SP
1121,de0663ac07a14cefafd515530a76aa52,2a5f97ec45774dbd97a9afb8bab78176,Sao Paulo,SP
1122,701d9f4ddbed4441a2a56ef3a3e18c93,2237098939764fa3ab0e8ebe8c96f1ca,Sao Paulo,SP
1123,6363edd7e4c24f81bae6617238408aa3,bf508010714444b89aac38350692620a,Sao Paulo,SP
1124,56a01b1a85f745b897aec1d812936d4a,30dde02adab04d18807cc9bd10ec82e4,Porto Alegre,RS
1125,cc07a1a95d4742b491396cfb5a8f1d16,c2e4fdb9caee4abf8ac50da8d5a62df5,Belo Horizonte,MG
1126,6d07b272ab4144beb8f7679a303d1636,9b6e7249174f4af9ad77a3c2b53550d6,Sao Paulo,SP
1127,8c71e198544a48deae3352558028c824,f62fe18429c643c7aa46755d0b304c02,Sao Paulo,SP
1128,f977daf6995e47218b2ddbe50414ef67,026e0af1099d44949513b5fb3af4bbc1,SC City,SC
1129,36702c4b93174b338fd706e626a9730e,1b71cf384683439a9ec3547e5b19cf9e,Rio de Janeiro,RJ
1130,2381a290e5024732bbd99ea285b875de,ba872cb71d1146de969710555ed71d38,Porto Alegre,RS
1131,2a84fa9770734e5db3a0328a1635c77d,69b323a0afd0485689f57870c5df2704,Rio de Janeiro,RJ
1132,1626e4c730044d16b049e256e9692092,9bcb1c459ca44416b6cf107911a403c6,Sao Paulo,SP
1133,81cd4b14ba1d4b2599b76426ff84737f,1503ba45fdee4081894d64d52a11f961,CE City,CE
1134,078890691816492e83c6a02e5b26465b,ab4823f4f7714f06933dcbf836496c39,Belo Horizonte,MG
1135,548bbcc90e1b4792b7f3222211631bc9,6f6c6e5f10d3400280de29bc90fd6471,Sao Paulo,SP
1136,77478eb070a448028160db04d9b26c1a,829d847c087f4fb0a100bbd67ba92bba,Sao Paulo,SP
1137,81f674aa58dd4fa8bdedf06a53a3fc45,cc61c91b294449fda9f6978b382ce3dd,Sao Paulo,SP
1138,2107890c059c4d4ba5ded0b1dd1409f8,923b7d7acd6f4647a5072f4ca474e185,Sao Paulo,SP
1139,7c105dbbb6bc4992a97eaa069de9cdce,24b731b4bba84bdfa91aade155221229,PE City,PE
1140,113f21e88fb14fe49ff6bc8907116f59,3d5bfe938c7246dc9a47ae73eaa63ef5,BA City,BA
1141,2f12b4f202504a6c910d8d708a3586c1,c001c3d08ac74fc7b3baf86b25179ec4,Sao Paulo,SP
1142,cad819d313c94a1b8741ba120151ad42,c8c4fa2c61be438aa8a2afe47a788b9e,Sao Paulo,SP
1143,428c5b08eddb4efa9945ef906f078b08,71c408f09d5442c89abd9e53a8a95791,Curitiba,PR
1144,a0b334de530d4efabde19b28fdb91cfa,bc1d50f7866e4054955169ee155b8c61,Sao Paulo,SP
1145,ce7bf3eea28d451f99129fbb8412f20c,361b5c4ad86e413a812a9d0b7b325a2c,Belo Horizonte,MG
1146,2bf15659d6854bfe86412231657bb985,9c125fecd7d5484c8724e6269447b852,Porto Alegre,RS
1147,39f1119c1bb543d2b720bf47504246c9,6849b0a0aec7415f9985edd877ddc67a,Belo Horizonte,MG
1148,38dc9717b1834906bf574211b123c19b,ef507908da4144bd8f872aa4d1d3ebaa,Porto Alegre,RS
1149,922da57a7e434cd583ee3067ad3cb1e2,1971d0184f02442baf8de5ae2e0d3e82,Porto Alegre,RS
1150,b60a946eab494140bca6fdb234cedaa0,207b1e039bfb447280facd1034b8b6f9,DF City,DF
1151,6da8bebb1ef34405a648288b29aa18b9,66225c9d2b6e44a29a4ed518d3a634ae,Sao Paulo,SP
1152,bf7efa0080974e5da57c43877b5e8536,e7860de15a22410685533e47d15c3615,BA City,BA
1153,b60039e97fe541e9996695cbb257f209,92cf4f6a10324f2280d81a40d3bfec7e,Sao Paulo,SP
1154,21a0cec91567412292c76dd9f41cae2f,370b104217c14ab6901e7337b7c827ba,Sao Paulo,SP
1155,5ea21d9e92aa4528b0331d1140723b92,9f90e0e0274d420e9ae8eadbd9d4b168,Sao Paulo,SP
1156,581a793a105e416a9222dd7e1ccf4c44,b591b891bedf4f5187b3148b4fc2ad01,Belo Horizonte,MG
1157,8e932956a2354040a68b1160ae30911a,88389c12ab0742a5aa4d597c8a3ca7e1,Sao Paulo,SP
1158,7a283d11bb794385be7c20acda196b3a,53194980fea642d89200bbdb9bac1f0d,SC City,SC
1159,4988ed18b5d346cab6937fdf8eae0d20,e8389a0422d84a3ebeafc00a487544f2,Belo Horizonte,MG
1160,77c8b06a49b04e85a2b1a8544d1e0795,aa741950012949de9d6c5002027eeb51,Sao Paulo,SP
1161,68f6d2f2363b437685807669e5c70d19,11a490d7556b46839b3780b9dd7f2ec4,Porto Alegre,RS
1162,2ff0f12b1dd04379b9920b7c6fd194ce,ee145776438b423ba56612025536bc13,BA City,BA
1163,0ece161407a241ffb5391288cd262519,e2da7619ba81446dbcac51c3ac1a9989,Belo Horizonte,MG
1164,04bcd3a9fec843d6b37e7eddff986595,2005446e08f94f13b6552e29e7f9d410,Sao Paulo,SP
1165,08980463bba741e6889a97ec420ff3de,1258f1f1a75d435b8a7fa04d0c631c73,SC City,SC
1166,e1263072ba894696b6c758e1048672a8,ced8f6bc16374f0084773af8350f59f8,Porto Alegre,RS
1167,990e2a6a721d4018af809f94a7adfe68,f6199016f32540f289bb31e0624a7433,Sao Paulo,SP
1168,39529e22a61f4bf9ae7ef9135a972904,ff8d5675f7784a8cb5a8dd46fbe5e11d,Sao Paulo,SP
1169,b1c63d3cf5604a27af64edd81915b604,ef3c22a8fe384fb4be1ea3634d8e8bce,Rio de Janeiro,RJ
1170,b795931d6e344f3998f85ee7781a269d,10eb26f103fc4602bdc5812317c4bce2,BA City,BA
1171,5622eeb2e2804b22aa1994da1dc597c0,52c7212d44b5441bb1ea470bc51966c4,Sao Paulo,SP
1172,53aa15bf41c645358be2e4393cca5184,32e6843e8eb44d07a385bcde43e3eaab,Sao Paulo,SP
1173,8a3bee6a17204a5482e7ba29a3fe4feb,38f99db33e4b44988091df24d1dec51e,BA City,BA
1174,9cb427d67136434f882503496856ddde,324aa85de97249fca30e49b9177c800d,Sao Paulo,SP
1175,fa772d3f1112461ab9c2df005bdec708,d693b86df89d4f86aec5fc697d941c08,PE City,PE
1176,6a2ac179af6f4c87aef7ae58c3b47638,e92bf152fbe44fc2905f89c9a087cb6e,Sao Paulo,SP
1177,da086a170efa4fff9a31d49e599eeff6,688855937ae8416ea592e9fe1170ba5b,Rio de Janeiro,RJ
1178,a989723d241a44e2ab5c9c62cc620ba0,bfbf486531b2478388d54e84a2918de8,Sao Paulo,SP
1179,b1088d42b3ab4b8f839d92364626c01f,acda2bee02ce41b8ad4417639528c80d,PE City,PE
1180,5b9b08585e184315b7aa38b4487c7234,c6355d4676f948d89fba22e432680abb,Porto Alegre,RS
1181,9da58c41c89f4630a8c5da41e192bbeb,c6415043963a42509235f97e3c72e084,PE City,PE
1182,b81f365e40b84be2bc9d398617741f49,0a0840b02ab4453e8469887815155508,Porto Alegre,RS
1183,d47b770fe9714eaa88d049174f938643,110d65cbbd344031af82f7624a4fc44b,Sao Paulo,SP
1184,e1476288e2e74d0c958424a002260471,2ef2d1601c474fdbb4af543c96ba60e2,Sao Paulo,SP
1185,e5752996710445b1a1f233adbc939899,51b627e5abb544a68e9812d58d32dc0a,Rio de Janeiro,RJ
1186,0125a7f037cc461298850fbcc4d3b90a,4bbc8d48b9f94b72a9d4cf5672858a7f,Belo Horizonte,MG
1187,5c87d2bf414e445d9c17d2d195621601,a760fad936db4f81b34cb1ad71ad369a,PE City,PE
1188,820bb7a4953543d8acc6743cd5ed3259,0a0deeb0520d43fe9ec4e5bd1b8c5247,Sao Paulo,SP
1189,aff4ea1b902f4be0900b112933b7a98e,f81562e5c8a64a739d4922b641b8c158,Porto Alegre,RS
1190,fe47c157b33f4d84972abe063780eae2,cc4fe6d257c140208699980c832f78ec,DF City,DF
1191,72ae9c2d7d3043d1951107b80f0111f1,0f02d6209c054e9890d32668eca526c5,Sao Paulo,SP
1192,5688be5722554f2d82c60e3de7cf0569,182d7f32b6e94037b764a747a037097a,BA City,BA
1193,5b98f923b0414a3fa94f19b65ece21f3,283ee0f5ea0946fca5abf5212e1d4ea4,Rio de Janeiro,RJ
1194,1fb9e2c0418843bf94f0402d852c23bd,daa7aa84ad8d4f74b4d81abe43a8d319,Porto Alegre,RS
1195,4ff7c32e24e74e49b4769bfc8cd0fb78,fb359d6b626c49cc8682bb4f867df43c,Sao Paulo,SP
1196,86ed1bdd47544547bff191d0e5d3adb7,067e1c7aff1541c4bb3a4cd24a98d1ba,Sao Paulo,SP
1197,b5662d7979f54dd7836346c0e5bbd947,ff0221838c0c4ff3b633f4e0f3bb0df9,Sao Paulo,SP
1198,f3d14df5542a44519b43506b8359d5b1,aaee25bf5f164d869c7fa0a8e5c3d0cf,CE City,CE
1199,4e010016836248568138ae4cfcb07870,ffeee70e995444aeaa87b9adf11ac97b,SC City,SC
1200,ad34a727c7ec406fabd2216d376e17b9,0d9e33fcbb3141ff820f58354ed5a689,Sao Paulo,SP
1201,a45310a122aa43a3a778bcaf4c55af94,a45558583d734be19110702169832e05,CE City,CE
1202,0716c116b5984aa7b01bc1418d3fc1e8,464d90e566384150808ee9a82b3c7e66,Belo Horizonte,MG
1203,7c6da3711f8e4ff786cb7c568d732601,c40c9a8f745642c6b30ee323d78b0048,SC City,SC
1204,2996207d3067454f9ee3b2ce1496ce1c,1c8da9a5114e40f089099d3369aa888d,Sao Paulo,SP
1205,fafd2db4491d4c378f53cdcc9adfabaf,0b3aada7c19248b5b4576600684a09dc,Sao Paulo,SP
1206,483f09f7d7e94eb18c99d8ce571906d6,1120b061e6424803aac44dd28ffde354,Belo Horizonte,MG
1207,1b522a4656c64176b000d8bc8cf27d2c,8e78e6340ed845eabfca4735a427e2ab,Sao Paulo,SP
1208,b124b085c4354967a87f9e0c851c7a32,8e093f92e94441529f2ae661379fe4ad,Rio de Janeiro,RJ
1209,ad88892f180e4976bbf79d1405a09f38,75d3d725b127486e9e7ad2dae411a704,Rio de Janeiro,RJ
1210,60b69284ef14439ab1012ca24959574b,a56c62aeb97b4dfba78c08addf44bfc0,Sao Paulo,SP
1211,add5671658da4e26824b1bb9fb5fbad5,6356922cad2c4e0c9a2a8b357d9abe57,Sao Paulo,SP
1212,162659ba13494db696efc2d323fc1e36,7211cbdcd4ea4a2d9fcf3e5378142639,DF City,DF
1213,291b30780e4143daa9ee7ae1550ec243,4af7a28e165740e19f71ffbea6fcb85d,Sao Paulo,SP
1214,fe4c943c73bf4b01be2626b78bad5308,c1edc7a2719c4a65b82b2a8ea0c4c4e1,Sao Paulo,SP
1215,768e6d2600f2404ea832e1daf271838a,39b3da46c31642fb9742bcdd09d2758d,Rio de Janeiro,RJ
1216,2e55dc53bd5c46289cb6cdde9bf4f6cd,622760291825468f84e9ac0bbd95e37e,Belo Horizonte,MG
1217,36f6e549793143b2b826deb98a16ba16,c1b298c115a34678ba3f1327ef2573d1,Porto Alegre,RS
1218,b0157bb9823b4fc89cd3a60504d3be97,13e985ebf5474640afa02f23e3b55262,Curitiba,PR
1219,777414818fc24a739fa3e83252a4103d,6a86e27b8c1540d0a15999a9637756ef,Sao Paulo,SP
1220,1ecb45bae1fc4792970542a504618333,fd847651312c44b5974eaa445ed90c37,Sao Paulo,SP
1221,28b4a5a3c08548d89628c5d26e07badd,29def06ea9e9478b85a22a05633de440,Curitiba,PR
1222,4e68b38bae5a4423b8fb0315438e706f,23923a3b183f4636bbec374d20f4bab8,PE City,PE
1223,eb16633cb2c04b4a9fe70966b847a198,dd824a7da1f74799b45856cb7a015498,Belo Horizonte,MG
1224,5d1f14744204482db5bcdb480bab0dbf,b7708fcc6a694167820ddb04c761df31,Sao Paulo,SP
1225,3141e936a53d414baaea0aea2cf1116d,f1e90dc994f64625ae4cf9a334f25ce4,Sao Paulo,SP
1226,ee89c026c2584bd784c76dbd6a5bc6de,973c0d3e563c45929bf97a200443a234,Sao Paulo,SP
1227,3c6094d21dc5424a83ba0b7d61573212,5b53af0357a94a79861907450df7dbb3,Porto Alegre,RS
1228,69f9b7daf99c4d5fb9984bb94964f090,357fde9ffa954ba4b988c71464ef2988,Sao Paulo,SP
1229,646580f1414e46a292a3470e8214a1e1,ec5b723d57d24e07892695b51df58d43,Sao Paulo,SP
1230,bcf7c9b50ef04285ba308aa447249b86,4a2853abb3294424b9e2ff184281e540,Sao Paulo,SP
1231,0f6e0686d9354edeb1be07151d2fd50a,dced86aa90be438fb2b1d8147b152411,Rio de Janeiro,RJ
1232,03ebdb04a8754e2ca6f4f5fae2f15bd8,33d862b525d24db4bc48cc662d77416b,Sao Paulo,SP
1233,5ed8162ad5ca41a7ada250cd2d962f1d,f0fbbbb8806144f6936153cd2d1f84d9,Rio de Janeiro,RJ
1234,0c1ad83548e24431bbf6774f67e51085,a623144b22684047998ec1e3f2f6b4f9,Porto Alegre,RS
1235,ca57b584d7b64e11bb274c9065da29da,26d12acd683a4814bfc126ca0cde587e,Sao Paulo,SP
1236,9448f2c642b541daa2383733ece84d5c,79daf9f21bdd4f6a900d0d7128d8eb60,Rio de Janeiro,RJ
1237,b283f1df3eb342cfac3a0cd1c81964ce,3b640c264e6d4ad5b30471d195847e6c,Sao Paulo,SP
1238,67860d714bd84114be8750d37f0ede9a,01ba00d530454879ad5cfab1590a4cdf,Sao Paulo,SP
1239,9a05b7352e034d2186e0bf816e2928aa,e4a5eaf3fd9b46c68f26e43b7fda9cff,Belo Horizonte,MG
1240,3e6ee42d232b42beae8fa5ceeb75d20c,f3c7a8fd8392465987312f52275f457d,Rio de Janeiro,RJ
1241,442c0f368d9b4b27ad727113922d6208,77394cfe42dd446088fe7d326b8c9074,Porto Alegre,RS
1242,a33030f500d64abeae9169fc30fd8124,c05161f17c2a46daa0ab84125ce5be45,Belo Horizonte,MG
1243,a5eed80434db4232bd4d780f043d3538,0359065040814f238580fe9a9f8d27cd,Curitiba,PR
1244,f01f91b47a9f4c299e42e056b63a411a,22e48fef14a74283b845cd72b928f7c4,Rio de Janeiro,RJ
1245,be5df4309a974ded83eefb7be5c3b9da,ee2fccaeb62f468182b33f5fdb16ff53,Rio de Janeiro,RJ
1246,749f6b19a650488ebaf9e0c176c04463,3532c342b704409ba12b160a42758df2,Belo Horizonte,MG
1247,0f2fb7e25ce147f284a5b6c59aeb5a3b,9b47240c7f114d7da1409f03e6a6212b,Sao Paulo,SP
1248,96fc4eb707194e98a6060b5cd8ea21e6,9d9ac9549e8349948cd4a0b39a51a908,Sao Paulo,SP
1249,6b781b3f7dab449fa10efc8ed0293fb9,be2f63be11f24b4ba3174f631d98442e,Belo Horizonte,MG
1250,eb078c7c71a04116b4c2d6fa6effb7fe,c232a177e69a423bb1c4ac36cba65261,Sao Paulo,SP
1251,6809ffbad4494c83a876f1f58622f016,10c15cfe72cb417c8e72d043afd1346d,Rio de Janeiro,RJ
1252,68b4b89d05034e82a15e672a30945df1,a281d1c4bc914005804e2cbdb7d57049,Belo Horizonte,MG
1253,2916a596937f43de8c9c8c73602c5975,6c92b1ffb57b4a49b212287fde3eb031,DF City,DF
1254,9c2ab2bf2146438a8e71c3709ccde92e,4719fa3effa74d30872140684c88ffbd,BA City,BA
1255,f35b3a9270da4f1cb924d5a286947049,2ff6c65889074a729ccd382a01977187,Sao Paulo,SP
1256,9ec5dbbcf6f6465c9be6939d39675ef4,e9c1f7762c5846509c487c9e706a0c61,Rio de Janeiro,RJ
1257,045bd311a14a45cdb2e38cd2b0874303,d6ead806e10e4f41a9383906442b6810,Sao Paulo,SP
1258,8397cc25a5334f218deddba6ee1b8f6b,4aab05e95d5c4c458f9da97030268c8a,Sao Paulo,SP
1259,b82e0d428afb41d9aa95a8e3bf4fc591,6112eb4dc73c493a8120ccd80684dd03,Curitiba,PR
1260,0a82d58cbc084fcc9fa5034b7719e5ce,630eb30970784818969e18e964bfd481,Sao Paulo,SP
1261,909c0108e24849999ebfd8cde22b71f3,3c0764b2ce6e4804b0d2c2ae44af8157,Sao Paulo,SP
1262,3e68c200dfae424abac5ed623a2942d8,a63bd109dfab45379c018354a325d28f,DF City,DF
1263,5cdf35df4df04cc89f0bb79fb50719a4,7a31539ff8744022b63b6f7dbd888a4b,SC City,SC
1264,599116146ccf4ac48539afd39f85a634,bac2cea8674f429a98c46360d3f3be9e,Curitiba,PR
1265,eb861c57a9d5483e9b6512ff3236bf6d,9718c5cca14b436cb3253de6c0944c3a,BA City,BA
1266,f55777212be445fc8e92e875f98501d3,12317009236240ea98a7a35ef0d33926,Porto Alegre,RS
1267,cc3d2c00109d4686a257ece982f6f077,2b1abf009b3849968dfa5a9738adf029,Sao Paulo,SP
1268,c9b9e7bc90494ecf941171fda5c351e9,e853d90f190042c790a4c6180901fa91,Rio de Janeiro,RJ
1269,f341fc8ebb5640d296e8001ae19fbe68,628840b609e1464f8c9b1f3242d71a8a,Rio de Janeiro,RJ
1270,642b7cc686964eab89b574951ce5f1a0,9ba5d3f5669a48b099478e0f9f861c17,Sao Paulo,SP
1271,db96064ecaa8440ca059ceaa7ed42004,69bac55890704096af6b0e869ea6ec2b,SC City,SC
1272,0789dbb2afd44199bbd5ea032c7a13c3,3448fcd434674ed7b0a030b2579bb34e,Rio de Janeiro,RJ
1273,8de83398f4194bce95b74732a06c7445,1acfbfac27ad4c26b5064f2bd7f18d18,Sao Paulo,SP
1274,4837c192846849f9a56bc1adb7fd7c56,08dea351c0a64ee2bf78bf2f4f24be77,Sao Paulo,SP
1275,e279fbf9df5d4e2d861af16cf6a9ca92,609eca3cd0b148f48d98f28cb64a2c79,Sao Paulo,SP
1276,22664e424ad6471d904c44661933990b,87008566984b47ae9a50dc491ec15060,BA City,BA
1277,303e146870314d9894eaed594c6225ce,006392415c2d4d539d57318bd48ff7e9,Belo Horizonte,MG
1278,6e6aa3d7e0ac4976bad8e3d7965472e1,60df1a753c4d47d68a5448c49de96dfc,Belo Horizonte,MG
1279,a7fd7ee6db144f5489f72811c49a3716,71cfb1cbff1544c2b8d8f13305a25571,Rio de Janeiro,RJ
1280,5ef269e8b42945fcb59fefed9c7408a7,ce2f5e05021f42728f1506dc3e93cb70,Belo Horizonte,MG
1281,f705022b991d4e1b824289e83bfc678b,6f8abb3d7726486f85086dd9d980bc0c,Curitiba,PR
1282,87d7100936d24891a367daa215f58302,d344fa89852043c4b20fe07fb5501a64,Rio de Janeiro,RJ
1283,371367b47fec49f4af5dc5fd7352d419,917a0d40476b4396be73a54e5ba2eece,PE City,PE
1284,c63fd18ab5fc49e7b06210ea5c9a408d,cb1222e4746f42f1b82f58f4e4c3bff9,CE City,CE
1285,74d34b74c45646dcb02f215611ae6fdb,b47dc910a3d14c949951fee12f5efeb8,CE City,CE
1286,27b53990a6fa4ffcb2d99a019cf80f5d,8923757f55c6421f91aef14711036052,Belo Horizonte,MG
1287,7cb9d4ef6fce4adda8cc42e914eaf7b1,abb812664e5149ad8b905e728b582502,PE City,PE
1288,0b11b785a5bf455eab27a59f66cd4885,78dddb76f64a4665ae46e9493f78aeb1,Sao Paulo,SP
1289,3eb91c5350f44fa5ab565de0c8b79988,71c1c8c55a34413cb5692bcfc4f27cc0,SC City,SC
1290,16a34491c37043cc981f9b9d2194e407,8926838e32474f16b429c175b085c74b,PE City,PE
1291,edf95238b74e43c0a724d2119f5af2f0,b6dd6282f3174202befcb7d96edfcbfb,PE City,PE
1292,9c6982993e8d4a2592ec667956592c1e,d34262992c9f496093fc48e27fef0a13,SC City,SC
1293,1972415ecd6a4952be442c40af5e334f,28792a43e99b450292b153a78d2373c2,Sao Paulo,SP
1294,e03ddd4e9d574a80b80cf793e7bec006,7c7ecbde6cb8486b83eafd0037f392fb,Sao Paulo,SP
1295,ad3df0af397a4ec5bc7e5270672939e7,c485ff66d0bb4de9bbee41cf26911132,Sao Paulo,SP
1296,2301f095a41848488d306fdcc7d4f206,3da5fb7df525485c86ad30691d6ebb41,Curitiba,PR
1297,7dd0c7b8325848988149453671e6529a,bb62c0afb9bf45e98063684fa7bd06ff,Sao Paulo,SP
1298,c4dea9fa53e8412f8c31e4871def8d07,e5df1584d3c64fcf811c010dbaeb38c7,Rio de Janeiro,RJ
1299,812570487ca645169308ee57ed7496cb,bc926e00144e4b9bbebd3a6f0aa1cf05,Belo Horizonte,MG
1300,d6d99602449a4c68ac143996fa064db0,5b1389e2ad3b42a79aea77ec948aff12,Belo Horizonte,MG
1301,7ae70b99123b490281d6211d2790c328,89b985d032394075bd5ec15eb7326e4c,PE City,PE
1302,5d828ab56f2a406b9978b3f4011e25d2,a2b7ef317a0543bb8d2140c32364ad5d,Belo Horizonte,MG
1303,1b3484512e7a4cdd874c60de2b11a2e6,cb481976701c41ceb4441d349e01dfc1,Curitiba,PR
1304,3b3d5e85b3f8470b84e8687b7e0e222e,e680381a5df84abe82e42d07a0a99f21,Belo Horizonte,MG
1305,598a054c8b8e43a8828b537d994c199a,0eb347e34bab404fa1e677a45509de77,SC City,SC
1306,01987215528a4b38b72fe44d27e438be,79735b2cee2e4021bb4c35cf7524421f,Sao Paulo,SP
1307,f39048525d5c4a3eb09f0331b1853d1e,a428120e74d1489ea13e1cebc19b5830,Sao Paulo,SP
1308,46a5070d2bd746e2856655d9d312aa67,6274ab104ed64806af1cd021981ef2a3,PE City,PE
1309,f60394335dd64a13852acc41f33843de,ca8f6aa7f7344583975669d491567fe8,Porto Alegre,RS
1310,ac22cc65480c4c0db73721d3d1655bbb,a98dabe657584fb585aeaed15f5c287d,Belo Horizonte,MG
1311,3f95d8d029ee497bb8a47391c05c0f93,da9e4d586f9046f1b9b7e60cbd77b639,Rio de Janeiro,RJ
1312,1d7ab4adaaaa4616964fe75a6a293128,c36199dc1eb944609da0e7485598390c,Sao Paulo,SP
1313,bf015caa0e7a4684ab07655480fbebb7,143fa48240f6435b905358f2b335bc73,Rio de Janeiro,RJ
1314,4c7b71b37f824d0e8ef31a7b97179635,e1b5045bf2dd48d59c6bb1cb48d6ef9e,Sao Paulo,SP
1315,d3c847339e1e40b3bade4b0f548a9986,5ea02a3c4b29400789714088021f2514,Rio de Janeiro,RJ
1316,1f0e9ed3ad644caab52d749c6dc2ded1,86827fab76724a3bac851b0cffbe2745,Rio de Janeiro,RJ
1317,7b45e01aa9c44555b4ce6a60386b4949,09c91712da514fe3ac63b4173a63c941,Rio de Janeiro,RJ
1318,97be6bd13dee45c2b40b5a98d46268a3,4a6de0bbf81e4267a9543b1d53823b47,Belo Horizonte,MG
1319,88e46a0f39264fe1b600a9772c137eab,abedcec536df4e60890196c3bb1c97cc,DF City,DF
1320,44f65eb6b1b34c779277cb9c023a611e,24d006a24854468f806ba7370c9d1a2b,Belo Horizonte,MG
1321,481a9ccb56c54499b5e19e1f1087a69e,117efc1e73f84c518fdcb98cd1565110,BA City,BA
1322,9b734b133d6a4cda9d5b3f8eec504337,451f5734915b456dab797ce616fbd1a6,Rio de Janeiro,RJ
1323,8ae006ff52944040b91024838232cf44,0288918db1e94722904e46776b8e4d38,Belo Horizonte,MG
1324,21783e3dd54046189a01e6c8bdc79da9,d1f22e427ad24c2f9ef82162ddce9dda,Sao Paulo,SP
1325,373ada922ccb459195e5e29f52e7df91,1e835995933a4cecb78d4cc8e4695ad6,Sao Paulo,SP
1326,9bf6482c06ca4ed3b27f3d635fad2015,163ed37fd5844736b7f5ba1eaa87b9bb,Belo Horizonte,MG
1327,af2a3d4626e74b6588b5eafb5630f221,cee6417ca12f4f3bbe8fbbeabd184fb6,Sao Paulo,SP
1328,69017a0212474ce6a4f14f114d0cb36f,08404ed6cf234740b62e1e118b974882,Curitiba,PR
1329,0585ff5de28c42f7ae86ea6a45b262c1,72fb9b7c07194082a81ae92375e15ef1,Rio de Janeiro,RJ
1330,5157603a0deb4f3ca8d23f1a941eaa15,0ee3a6eb92dd4b138518f821712566e1,BA City,BA
1331,d55911eb52cb4cf6afff23fd8486c618,7b6161e6c498471d82fd8f754af9b3fa,CE City,CE
1332,4adce4d6a5f8479db54f929bfe7aec77,d40138cfbabd43e288d01b0e6633d22a,Sao Paulo,SP
1333,a083f67dc354493bb9bf17a556c23ec5,f22d44a1e89f48148725d2325cbc972c,Sao Paulo,SP
1334,ab7db97396544f7696564f02e4b3cefe,eca8e9b1e99f4af892fabfeff1eae718,Belo Horizonte,MG
1335,e6626d1e6d5f40728ae047f57000c9e0,55584c51cace4e88845957a32080a6bf,Sao Paulo,SP
1336,d9a63bd41f1a4a8eabef06e7c07fd0d4,5ceab43bcb9640b4b72cc8c867532c67,Sao Paulo,SP
1337,6d65515315e94efa86c64105e9ff8d5c,e13c94dec0c840358516944dbcbfde36,SC City,SC
1338,dafa58214f8340f8b59f31f81350cb06,670779f6f99c4579af3ddd32ae3f1eff,CE City,CE
1339,5528dae5a41344b6a8675183e9d6c151,62d4f21a50504e23a7ac7b0e55fc7b9b,Curitiba,PR
1340,fa0f043bc5554d43b8bba2d9669ea780,e7c9accfc20e49169ff2ff068795112f,Rio de Janeiro,RJ
1341,ce282f501f814546b32533a0614a4478,7059a3b214ae458795fedc0c35814c01,Rio de Janeiro,RJ
1342,86ef09dd44804f37985db65b97da2579,3d988f296fbb4386b8171b79bf4da7b5,Rio de Janeiro,RJ
1343,14d3f4f935ed4068bd09e2cc654b75c6,2bc6913aa8964abcb504ce52b6851a6c,Rio de Janeiro,RJ
1344,a1a4e489df87495fa013bf0bb2072788,e5873cd0a58a4a4cae3aa6a352072334,Rio de Janeiro,RJ
1345,c7898dc0473441caacf17aa9cc259c0e,7beaa6de049b4e719a1eed99d7c4608b,Sao Paulo,SP
1346,e6d97411fee74f6f9080a4da08a6caa9,e3c8415ae8d04f6a84894efade3c4c9c,PE City,PE
1347,0c80e9eb76fc4fcf99e9b3f733a71409,c28c2af1a3414dbbb8e3c4c2e39e0a7c,Curitiba,PR
1348,d7c2343414d144398682265782488976,8e9506eb502b4760b59d4617eaa375ed,Porto Alegre,RS
1349,ee17c9a6780f47a0b64ef98877c82f98,517fac4ff4a9467e88f5e7f79aedc519,DF City,DF
1350,a1e5faf8b591429fae31962d56b28ac8,edcde625fb5b4af2869da03a84b51e87,Sao Paulo,SP
1351,bef0149dcb9f4a179a81820a21a75ed9,983b814939e4444d8b702bc1b3c471d4,Sao Paulo,SP
1352,47602435d9254aeaa58d79a2a655d7da,3dfb78cbc8474f12aa3f239404058af2,SC City,SC
1353,bb83ea50d55b4ecc9da9c293a4db96f1,d29aa808e0d440b79544a54150a43580,CE City,CE
1354,3964e020120945389ae2b014cd2dd489,ae6e86a0fc834dec9b499ef7ac06973f,Belo Horizonte,MG
1355,9510a3ded04d4d2a97a75850c9a0627a,d58719f5b2f24276a14c96af6424011b,Sao Paulo,SP
1356,2c401b3247744550a2b9600519be5ee6,2ed414a1c8ba47b19f6a2f58651cabc4,Curitiba,PR
1357,8e87de7360ec45999aef0822343c3c0b,5d3b3fe3257a4a6fa0474028c7f9418f,Sao Paulo,SP
1358,90e3096bdec541d3a0e9499b01bb44d0,d2d2092975b54ffda13e124f68b922fc,Rio de Janeiro,RJ
1359,373ce3ba60914636947dadd8a7fa4a8e,180b2f13983f43a68af58992292428a3,Sao Paulo,SP
1360,ca6f07bc68ca485fb26d5b46e2c61693,5477f25ebfcf4e86bd6789c7d63b00f4,PE City,PE
1361,2d5815845437408780922b1bb80ef7c7,5accd3adae774b32949f5a7a2ff24f9b,Rio de Janeiro,RJ
1362,6bac8beef55d46f7a44310492c098c81,21236ec5bfa54a7ea63ca3a52c30e645,BA City,BA
1363,90f375c316d6453491f3fc57a360928c,310fcab51976487eb7e3b83ccb352ea0,Sao Paulo,SP
1364,97fd1ab31e924d37ac78fd0edcab62e6,a95490fcd63d4d56a4230bbc36e9cc85,Sao Paulo,SP
1365,5d00cec6567e4ac092f922cf86168608,4c029ae57eaa4da087c0bcbbde1b93d9,DF City,DF
1366,938d246335c9410caa188e6d81e575e7,db91f25dbe544060afc740d7a2596f7b,Sao Paulo,SP
1367,9b7f9d8079424b5c8fb6a0d232d9b2c0,9bc8b99dfcda435bb5538ddd4212b019,Belo Horizonte,MG
1368,bb22d276ef1c42c987984d9ba0bde090,bee2282c65b14e4cb5870a38e29be32d,Sao Paulo,SP
1369,2e6fae4ccc8647cb8af695018d771939,0bf26dc0656247e2b7b2e1588edcd757,Curitiba,PR
1370,daa6a1d183b14b3c8ef6b85c063dad2a,7d0da914db944ea4acd1a4efd3164058,Sao Paulo,SP
1371,f92fd1850e98431b8859baf13696179d,6dbdf15bcec440a28275c52bec24cdda,Rio de Janeiro,RJ
1372,49dacbf5046548f1bd63946b7568f5f9,9f177c72e3474a89846d77ce15acc935,Porto Alegre,RS
1373,3a10144a705e4fb09d6c9ffaf03bfbc7,a4b4d0655aec469e8623f35bfa978ca0,Sao Paulo,SP
1374,824f07b2470240f8b924a6685606182f,2a6ed673f5ed46ca9ff2bf2a77089f1e,Sao Paulo,SP
1375,4277af831df84f6eb1ef3f41ed06004d,5fd282ff02e04457968712d449f8d032,Porto Alegre,RS
1376,a37374d4ed1f4b718c33f1f7d9a81f1c,b3092b7f9e294b729158d5c1628bc70c,Rio de Janeiro,RJ
1377,c19104b69d264affaa1342cecb0ccf49,fa5e043f38af47d5b5386cc132924906,Sao Paulo,SP
1378,442444d5c9604f7299677fcc6f9d796c,4ec4b7add66245cb8f6fcc4c9d48c4cc,Belo Horizonte,MG
1379,c0e5b803506c4be98a608c739c69bddf,dc1cae5d0f4e4438b1e48fb90f62c317,PE City,PE
1380,f0c097a3592f4a9fa4b04b5ffec9a76b,f0a20e35a450463295fde57be9fe3a55,Sao Paulo,SP
1381,d4aa6a6205ca4b95af38a1bffe4ceb81,75d0bc3c3d114738bc3571d5e7354de3,Belo Horizonte,MG
1382,69d8278ad31d4d91b297f01a43498bee,c0a54f6dadf54c778388a1a3f444f9ee,Porto Alegre,RS
1383,5328225ea1234baeb382e1eddfde6008,23c616c844564aabb129305039432d18,Sao Paulo,SP
1384,5c76770bbe5f464ba606bf76148ed443,3f556fb0aa1c410b8804fe17d1211ad4,Sao Paulo,SP
1385,fd10a60e59624c7684109bc1e04632c5,6a5e22f0c5af498f91c6a2d3c2640581,Rio de Janeiro,RJ
1386,a3bca610254b4796b4af2541e3452fc2,8105e62466e543d0949359749d4e1d5a,Curitiba,PR
1387,64bb30d5574e4bd29bf9bd8f0403ca7a,2c4f0d7f484544c784b38d10e70cfc4a,Sao Paulo,SP
1388,6ec882ce54f1407faa5846bcd2044b43,fb1cb3d8ba344e6f8d0f9595d5e1d477,SC City,SC
1389,90a2a44a34384d018abe283de8942108,58c166f822ef4034a037cd5aa3e46fc5,Belo Horizonte,MG
1390,f0b8405945a64e32b364e37090413e1d,9433242395c9484f9d1e0daf5572ed81,Sao Paulo,SP
1391,2b28daf8820a4263a92aae2f32975447,8b3c22582f974289b0232a5b6006ab4d,Rio de Janeiro,RJ
1392,4d32d0cf1f164a37a421de2d80e9cfea,029e8e2935de437a848687498ffe4086,DF City,DF
1393,c565378c5afa4d08a0bad29acb69c384,886ae7759cf942399585ac128fe29524,Sao Paulo,SP
1394,e3b33a5dc4fb42aabbbedb221466feb6,684964862f7b479b9aa40ccb21af1223,Rio de Janeiro,RJ
1395,6e55ff188c854d9da70a1c26103d786f,28f65dba97654f6b98a4193ff8f5189a,Belo Horizonte,MG
1396,8ee81733c2934d7bbb54f8502640b32c,2c24ccff218e4978b081c424f730be51,Sao Paulo,SP
1397,65c3ec0d4a3843a595081ad9eae4f273,b78638cf5fc743ebbc13990a744d86c3,Sao Paulo,SP
1398,62339d20d9a5451398fb7720150c28bf,26bbaf56901f47d69728931ee1028552,Sao Paulo,SP
1399,c4ddfedde5c54121812b14a421ebe214,a0b20e03c3434b589576f9ac1dc8130c,Sao Paulo,SP
1400,b46c6bbe85c44543a00226123cfc00b2,ae5d7c226abf4618b55ef4d2b9b65e27,Sao Paulo,SP
1401,a67005b39a814d06a80df637b32a40ff,9c7fe0852e9b41c7ba0d7daa644e0800,Curitiba,PR
1402,95a107c39d7944e79d43285e2a529195,747e2cdc283044ae9685adc6a907bf3b,CE City,CE
1403,6604a1d3206a4fcca17cb07829680f7d,0722fafdc1ec47d7baf4b27ac67fecf1,Sao Paulo,SP
1404,bb9a3e614bcf48d096812449c9a18d77,b1626d81ed254bb4b9232b58c91fa899,Rio de Janeiro,RJ
1405,09ef35caa97143d584ef87d30867a8f9,ff185cf42ff24b4ea8c39368f39663fc,Sao Paulo,SP
1406,032ad4773bbb499bb41a2435103f725d,17c90dea3a3b4075b44e9a012c6c086d,Sao Paulo,SP
1407,7924056db9564de9b551a2d335777df5,8df9c8a9a5b94e4f895e05f127fec243,Sao Paulo,SP
1408,97f025b19c254a6c8788907fdbd26689,aa3da3a77dce42a892c2a22d225ee951,Sao Paulo,SP
1409,047ec920f2734892aad83fefb18b6cd1,f21670bc4e264a2d88902faaba6aa671,PE City,PE
1410,1d2f6618a035437098c7f6a678a93320,04174197e1c24dbe882807df29ca1a5b,Sao Paulo,SP
1411,4921bf6692904f2aa0a50605fd23f3a8,2532f68bb9b640cbb3416e025e53a2e9,Rio de Janeiro,RJ
1412,1e0822aef31b4beca98d123cad588c04,4cad36c7958e458facfcc9d6b6c5df07,Sao Paulo,SP
1413,dd370c77501448009caf324b4da32b43,8810a16f6d464677812e68f72afa3472,Sao Paulo,SP
1414,85d7e0c742514e3ab930d8c6316524e7,cde146dafffa46978700e626bce69bb2,BA City,BA
1415,e61bd50a58f64ea6affbae2c11497a21,046b28604fcb405eac26ea28142f0a7d,Sao Paulo,SP
1416,e0e3e6a901044a35b364b727b9652fba,31ee922063e94a6795b27b53c6a9bbe2,DF City,DF
1417,47acf47474ee487884ebf811fc379c18,d17749d9b90946d9b97a02ed6e1ba13b,Sao Paulo,SP
1418,6e5f39897b424d71b9e9ed0fe45b63b4,b03c1690f29c48678cc77d37f8c40182,Belo Horizonte,MG
1419,19d0c3ad668840cb992ee6f9a409683d,b5e8066a13754d869a7cdc5a83c64bd6,CE City,CE
1420,9ef182dff3784062980a07ffa4a015a4,a7a5ae55453942cfbe886e1d1fce293b,Sao Paulo,SP
1421,655e7de5416949009ed385f886ae60f0,32657d27f2744c0180f4572113405487,Rio de Janeiro,RJ
1422,8e4333dd03034b06b60a8fbd33511898,b295137458b9448681c68ba1a566415a,Curitiba,PR
1423,ae9728ec5aed42ce84e1f40e2e457eee,c88dfd11a3b4476484362183328c154e,Sao Paulo,SP
1424,66982be9df254653b70de941aaf1ee3b,75290d265a17447aab5614b50fda046a,Porto Alegre,RS
1425,b59116cddc9c43f98f4cab9fc33da692,4158449cdc19474d953c2a8d7ee46573,Sao Paulo,SP
1426,49440d14205140c7a601bc5d307c1024,6e41dccab57a4c3f881dabacd864c24f,Sao Paulo,SP
1427,f9f73a050ece49ba9ba88cc430d8855e,2414c2a5954743d692d5eacacba65328,Sao Paulo,SP
1428,ad030512da6d4a6db6c8e76d76b7ee28,9ff8381cfc6a4e57af776ef842f692f2,PE City,PE
1429,a8d8abb2232b49b39bdab8ed72f741f9,54db32a84d2e4800923844f25c661b58,Sao Paulo,SP
1430,e7e2f8704a7b47f8afa428434c9e721e,21fc6006200e4a01a34757a0fa47ed37,Sao Paulo,SP
1431,f735bae9060f4c6e9656bada440194fa,21a5618d947b45acbc9b08e07c0d500e,Belo Horizonte,MG
1432,c4bd858a43c749d58fd7d234d7158bad,5fe55a4868da4417b0bc2d376b1a80dc,Sao Paulo,SP
1433,e0ae68e530524ec8b4f2998dfe8e52d4,c75cec30441d410ba483db8eea9eda70,Sao Paulo,SP
1434,d79a75abbe71425db2a9ae8bc7d173c8,c2588f47c5634e19bf4cbc3ffcc1bdbd,Sao Paulo,SP
1435,5b9eaf41c4c74ff59db65c8d192f7314,8f071d9405c64f1f8bec73323eb4faf1,Porto Alegre,RS
1436,fda29de7e041465bb38d49334660834c,c6b9e85111114e51869da21ae00b0104,Belo Horizonte,MG
1437,120e2f723cdc4f17b21bda08fac248ff,0d35a5c623534a7984fc8bedd25df147,Sao Paulo,SP
1438,0e0b7ef702a54126becb5aa35af67216,19d2a99a97cc4432a70dd5e420b79084,Sao Paulo,SP
1439,6fd9854829fa440386cedc97e411ffed,8e110ec2f0f24bbbba9c09fc1f22a115,Belo Horizonte,MG
1440,eb83082f1f2d470ca3f11a6541346343,40a71dc4460c48d48870a27650a5ea6d,Curitiba,PR
1441,c91e4cce2a1845e0b1c9b558acfff3ef,77629e56dd9c4a6784126e5fd59cf4cc,Sao Paulo,SP
1442,15ffe5dd7bcc448982196f67640f476c,1526ada452f8442085a2ec99415d5f2d,Sao Paulo,SP
1443,26bab46a1f5248d7a79f28dfb511da38,ef3b506c2aaf4fd49d6e3b08577a9309,Sao Paulo,SP
1444,2e341b0b5a1b40839c5e15f595d0293b,8d4efc31bce84b6eb1929f7828ba6bea,Porto Alegre,RS
1445,7c4135739734452fa3fdf03c3c4e8e12,2a388a4d105f4336b651274b6af8fe7e,CE City,CE
1446,0f7b260ee9154d63abb432c8d430c6f1,613ee725ba5a4a51bf102b5fdf4c1d90,Sao Paulo,SP
1447,d1a2d5c4d8914ca59359b7d50d98f476,3f97d673524f419cb2c7d6df7d3e4564,Sao Paulo,SP
1448,719358d4678646afa3311e578f824632,df4ecd24cb4f4992a5a4a9b45ebb6be6,Sao Paulo,SP
1449,0ded98feaa754f618938a6aa009d6106,76c055de801e47ba9ed6de7e3955ec97,Sao Paulo,SP
1450,479940cd6c3e4e71b51dc68aa5076197,7ac53800cd6b404c8404705ccf71bb07,Sao Paulo,SP
1451,58e36f49fc8c47d29d7911b8e565e734,775427985da54484a35ff014704bf549,PE City,PE
1452,716b9039fd1e46189f973ed8b0b130ae,7f628e4254c04d6ab89ccb711fdd7b96,Sao Paulo,SP
1453,750dbbe28d7e486b9e16b980dd632827,21fa16fe1ae04819bb390f0b13c1ae77,Curitiba,PR
1454,68a673db36d949a1a8bd527a337a2401,186ec07da0b24a4d93fb3646ee0a7c01,Sao Paulo,SP
1455,c7dfa8a8012941f883cb01d149bf6f14,8d81a873c2ef470a92ee0577331a15c3,SC City,SC
1456,433bad2b27a9404a98753d671c6f08ac,05838b5627ac4aa597687df5411b237b,Rio de Janeiro,RJ
1457,89d83374085c4fcf82bc7e248decf9d7,ebd55e3319c1475490c6cc2e47735f74,Sao Paulo,SP
1458,c26cfc31d72d428d9be966dcb3512a2a,7528ffcac84a4ab3ba86daf7a7575389,DF City,DF
1459,b6ec8c4a9e6144bc95db833017e136f4,abd36c8689f8484595843593f919229b,Sao Paulo,SP
1460,d1df12db66dd464d8a9bb5299a0a1619,58dfed32f3154db398eb12c147e0fd62,Belo Horizonte,MG
1461,c7a691362a80472380f6dca97ad8bcf3,1d3cdad14d6a4dcc851c478f6c9dc8c5,BA City,BA
1462,9c049d42b1924d559f4f4459c12c34be,12371b7395cd452a818e48f0013e993c,Sao Paulo,SP
1463,2752c5cad55442e68476c071ad53f5d9,1a8ac32a7fb64c6b94df04105ef34456,Rio de Janeiro,RJ
1464,deb1ca8049564db3bd86090ee972f47c,d72c945c168e49e2afc66a318dca474f,SC City,SC
1465,0056ad1ba5e3401c9017ecf8336ba7aa,8455e0e200df4304b0ecee13a25a6a0f,CE City,CE
1466,6956cc71c8324960a47f7abe7d77569d,7a00bfb56cab48aeaa56a5c0eebb831c,Porto Alegre,RS
1467,fe4189a6e51a4f00afa6729525a4521d,a0e1b61b7e094894978eb9082435ac06,Sao Paulo,SP
1468,8f1c2b699a52405995aa776b9ea1af9d,4891a9a617f048328ddfba93431f89d0,Porto Alegre,RS
1469,3ecd9b1c8faa482698aa173c6afa4f41,339d81f01b7a4d8cacbcf40e44738c7f,Porto Alegre,RS
1470,ae5e10db880e41bd86ceb4bba546ed31,1c8a3bdff51447b0a5029585616414ec,Porto Alegre,RS
1471,6ee14470133a43fb8660aa00e0e714c8,647221996503476c8789fe3a91aea0bd,SC City,SC
1472,67c87424f7b74794952911375afe780e,07a51fc0be8b4ea9ac87c54f6da4bc64,Sao Paulo,SP
1473,9dd428c2a2f44df2a9ec1f9d51ac81df,092d06e0e7da4038b4c02c3c5790ba07,Sao Paulo,SP
1474,34fb0feebab24fdfacff3a2e9b58e9c5,ec9b018c61c04826b43dcf99af964b41,Belo Horizonte,MG
1475,5774d35f9db748d0ae656f42b9370116,655b670069c44af0a39375f3b694f8de,DF City,DF
1476,18f4100f8dd74d5fbff6b9aa07e485f8,7ed684cd3262486ca583ab3966cd39c1,Rio de Janeiro,RJ
1477,7023d1aaa1684ade9282d2c45767c76d,d195cc9f737a45939497f6358b9b85f6,DF City,DF
1478,138a7c876cab4a0592febbd658bb40c5,af322533b9d64bc8bdc9331a2342a22e,PE City,PE
1479,cb9963dcc9ee44708faf02f84c920379,2ddbb7f68e8341a4ac12c3f5a31c714e,PE City,PE
1480,823510ad083e423da05eaafbbe06c773,9316a1e647964998a2f3605400d482d4,PE City,PE
1481,20150e5e21794a78a15e23ee6ff5b67f,74a8d95aa4574c9c9041cd5893fa9817,BA City,BA
1482,c0b1b596fc5241fd94290499874aad9c,2cd189a77b6b4855a55f87addf4da8cf,SC City,SC
1483,3b5f307b1e56437ab4fe9aafdab43eca,dc8948398ab24d36bdfedc4bd9b5ad59,Porto Alegre,RS
1484,e0e3a25295fe4e6ca1566fb63b7aec12,203232a6f8334770b0df1ee19d6b523e,Sao Paulo,SP
1485,d7c675450a0f4d43b301e109ec1781dc,697c78b66cd94bc1af850292b93e9f21,Sao Paulo,SP
1486,c9f7808383304707b7dab153eab34a01,c727bc8b9a704dbf9912f7d398a2d1b3,Sao Paulo,SP
1487,e2705435176d450eaed05530d39979b7,4674d4d201af45ec8afbf858ddd4639f,Sao Paulo,SP
1488,aa336422ed1845f5beb55807f0bdaf70,3f78debc0ae54ada9b69a0a9bff76dbd,Sao Paulo,SP
1489,1b28627e3e5c424db168a34ca51a0c0a,ea395f296c614a0399972da9ac169b96,PE City,PE
1490,eff06ff96c134c89b4b2c870c2589dfc,efcbd964e8db4b73b972680b3221b9b5,Belo Horizonte,MG
1491,45d85a60f2cb48649d0f1381417433c8,e093fb936cb543548aba207614073c45,Sao Paulo,SP
1492,71f92f4966da4f938ed7fc19e3f5e8e7,53de79e2d37f463daf4257e74adae5ad,Curitiba,PR
1493,714de569b50d44d6905b0f71fac6b5cc,d52746a076824a4fabd5aeb5b5dcfe15,Rio de Janeiro,RJ
1494,01ca605e548e4adfb0776da7e5c50d5f,0ff454fec0ee4322b442ebf10701faa0,Sao Paulo,SP
1495,84882803fed04bde93be72c5e7bb9c09,ff4fecad3d0d42fb99033881ae4a1604,BA City,BA
1496,da5bd252747240fda2cc551b4e5413b1,a27941dff3804e41906801be884ffe3c,Sao Paulo,SP
1497,001c3f88b6094305abcc203b27a1026b,4942bca435b343e687e910d37d553797,Porto Alegre,RS
1498,c1c1980133284879a34a301ffbd55894,c78962f9ac8c4434b13666daab556d6d,Sao Paulo,SP
1499,63cea22c8d124eb5b677d8b81331bf86,dae336e566b44a2998b0916b05b97751,Rio de Janeiro,RJ
1500,b583a2f0c9904b68b20a2dd3aa03a821,78f29e3f23594d4da1267318cc632383,SC City,SC
1501,6e6a1072930145d0906b7e39c43eb1d4,fdc55e2f98d344d28d89791695350ef0,Sao Paulo,SP
1502,25c9fdb1382244378253db704a0ac0ca,72eb994d843f4e5482942a3a7c0fcb85,CE City,CE
1503,609452e265104689ba1982fb5ba2c5b4,c5a7a4ff43984c789fba8bdf421dda63,Sao Paulo,SP
1504,31b7275c4c01432fa6fbcfa9c2163fb8,bf449868c90343ce804371262200f57b,Rio de Janeiro,RJ
1505,b60b700e3e6b4002aa28546b3f2e01d5,655a3270150f41308cf8e6681b6a13a3,PE City,PE
1506,df13106df04f4583b70241b7c7b8a734,d5a567216294445aac31335dd7894bd5,DF City,DF
1507,058dd36c70b9465e96039d889d59ad3d,9fe2323360544391a43b262d8c890469,Sao Paulo,SP
1508,64c83ae6e2c14fe9af2871ff683bb334,3db7b03e923540efb0816710489b3bf5,Sao Paulo,SP
1509,85954e57b70144239ddd84d46296e71b,7511f7560db84e448b1889ddb085d52b,Porto Alegre,RS
1510,a1b67f6182574a3da4c6a1cb064b3158,5079dabfc6684734b72908964753f19f,Sao Paulo,SP
1511,40e92e3899004ed0a9f53ac234968d69,50f7727fc4da42fca86536526c78ba5c,Rio de Janeiro,RJ
1512,9e585b1997cd430dadb93d1b829c0907,bb7fd1b4bccc4cf5913e00b6707869e7,Curitiba,PR
1513,8e0df3034ba5417a8caaf67f7d732a68,8bb0928a558641efa4555d257fafb8bf,Belo Horizonte,MG
1514,b8647f652dbd4e9d802b1eac5fd21fc8,18101e0ba5064b288987433efffe43ca,Sao Paulo,SP
1515,c5e504eb3c4442d58ec6bcaf2a140c85,e7c582e545dc4876a8233fe04daa2e20,Rio de Janeiro,RJ
1516,9d28bc3365634fbfbb2e67eb7b77b75a,3c72632a43c04280a3bf14d232fd5336,PE City,PE
1517,db0cea992e534f89a9c380193045d421,1cbe9c908b1a40e3b31bfdd8fc37db9e,Belo Horizonte,MG
1518,7668ab76ecc04ea9bd99002b4e6c8344,5ed4357fc4bb45c58b4ceb7a4298f72a,Porto Alegre,RS
1519,30ff43cd4b094413af6a54c9180d3f73,9e838a05306d4d59b05d466b7f081054,Sao Paulo,SP
1520,e3a46c05eb4c43b19d8b9faf53644eea,1645ce6431d94e789378dff8e5b1c6f6,Sao Paulo,SP
1521,92a3b4f3e2244a5ca0ab1c0ba3719a81,71ab45d1f8f14f2dbd1a39c8bdf311a8,Sao Paulo,SP
1522,ff25d672a6a74341a6c20e2f27fdc31b,9881bb2ba38e41c193e290ffb8ca863d,Rio de Janeiro,RJ
1523,d61216bd3fa549108695097a0f6bb0c0,5d14baff094047faafa8f46ab9af6a9e,Sao Paulo,SP
1524,5489edfcd82c4f46a736d4784af3415d,312de02f47e047e88925c0627fb3c7ef,Rio de Janeiro,RJ
1525,29fe9e66baaa491181f18a6431a74c29,7ddfea258c65416b8a1904401a43df29,Porto Alegre,RS
1526,811b70ff6e754d5d819a1da550ff426a,69cfbb70dfcf4e29aa54e137cacd0fb3,Porto Alegre,RS
1527,b923130ab87b470e9bddeb0cf402fad5,aee2e3cc7c894a00bd433eca1c80baec,Sao Paulo,SP
1528,4c56c86bc0db411c913da58d7778fcf5,ba3996b499c24575a83d054a3974c5c0,Curitiba,PR
1529,3522787f392d4d27ac955043bbf9326e,c1347557530349ae8409661fa4b76eb2,Belo Horizonte,MG
1530,b86333e6be9241eba6e48ffce0e54db6,36e15f981eb6434aaebb4ca32f7b7e5c,Sao Paulo,SP
1531,8791d465a85e48c1a92f8a18b5e1cca0,f75dfe61d626404e840821091ebac402,Sao Paulo,SP
1532,a990e94abd1a4ac29ea029f12077f6e4,720c666053ac49ddac06376f20b3bcf8,Belo Horizonte,MG
1533,86adb13f077b4db195e4187395a42691,5f42abf4e635434ab6e6cd0d1f1020ac,Sao Paulo,SP
1534,a9f871f2805e44578f1566c76036a4ec,89cea8ce0a4f4a469ac96bc4b89d1b91,Sao Paulo,SP
1535,eabbd62db32745a689c66b0773a50fe1,12c4d1c183024fd6b86c033baf2e7c30,Sao Paulo,SP
1536,f1e3629cf1664f388d00679d7cf08fea,982fb76635934b9eacc7f2d75ddd0e3d,Sao Paulo,SP
1537,b02bffed160744608e24b0929861e160,89628e493fd34727914c0f2ebf1c8c99,DF City,DF
1538,8da7041596bb4c64bb20ff8c2c4882fa,23162d8522b0492baad073e36a90e1f1,Porto Alegre,RS
1539,63770b65b7c647b6a233608e79ef89e8,dd0a00ef9e5747f3b3ee5e0998624c66,Rio de Janeiro,RJ
1540,96bbaf7bd8cb46dda14e5776a305a053,a8877cc4a8784bec95c5a5997172f987,DF City,DF
1541,b747a07fb3b349f884ee6fddf04bbb31,c35ad74c060149328bbcef586c0cfb06,Belo Horizonte,MG
1542,b954f94f218748ecab2f9d27ebdc7ce4,3446d08f222344f590e2fc68d717f875,Porto Alegre,RS
1543,926eb9d6ee344dd896db6d2a425ebda8,545f7b3de09e406aa963dfd833e09334,Sao Paulo,SP
1544,ade10e0f100548788a9bc3761734c293,d8ef58e17b714359a31f043e3c8a3001,Belo Horizonte,MG
1545,3539a96ac233481a8ccce549dd147270,bfa23eea3ce84d1eb2e726398eb890ca,Sao Paulo,SP
1546,3472c0de01a94027906f5cfcd1d2905e,af82a63f910a4593bfdfa31caf463dd2,Sao Paulo,SP
1547,70077c51deec46bebec68cc9d56b9b73,059abb215e05456d9bfd56635288fb78,Sao Paulo,SP
1548,9faa1cd3ea2d418e805c76e1e4a46341,05df8fc58c82485b8aa4ef56b2c42e3d,Sao Paulo,SP
1549,0b79a76546384b11909fb6c95d4a838e,3ae3f347c18f436fb274a9fa9822c42b,Sao Paulo,SP
1550,6d095b36c8174698a797a33c3a2745f9,33d8ec24b8bb4ed58b69c3b45c9f7f0c,Sao Paulo,SP
1551,bcbe022af4e1475da4d801c825d125da,fe7831be7060479590b7401972e8d560,SC City,SC
1552,eb41b518e0c44c209c1058a3d5ed959b,706d9032d5af4e69b87b3f780119c19a,Sao Paulo,SP
1553,1f905a1b8a4e4cfda3b3cf9a3f1eef33,ac37bcadf74941fbaa9cb1a4dadc6e64,SC City,SC
1554,ebac300399e54b878bdbf8c573996829,8657f671545d4e20b48cc81ac2b7daa1,Belo Horizonte,MG
1555,b7c96424eba548e5a3bf46798aed38b0,00a63aaf14cd44dab4e9ae58bf8f1e11,Rio de Janeiro,RJ
1556,67c6304b7fc34c77abd9737a1816c62c,e45f06b6fa0c48119306d204df7e0083,Sao Paulo,SP
1557,38dfbb48a43542f28377ff34f5473b68,02e9c2f0f8e14a1cafdfde285d628c01,PE City,PE
1558,c988ef92454f48198038b1389192f7c4,7be4d6808b854aa8a03e0438594a4036,Sao Paulo,SP
1559,f3d8ced30a2b4b8c860c1eeb84165b1b,fa051710999b48ee879162c758d45def,Porto Alegre,RS
1560,a104d44a02f845b790258d4e143201f8,233f25f118344546a9831fafcdbaad82,Belo Horizonte,MG
1561,7fe00835f66b4476a408901f23333bfa,99c5dc6e74cf4fc98ccb383a954c09a0,Rio de Janeiro,RJ
1562,9d4c9ad7508245e1852a5c7c205ee5f5,076ccaca13284e268af9117e3f0f9bc3,Sao Paulo,SP
1563,9b42e2b7c68a4173a89f5adbb46ee35b,32bafb1d14714be5965ce89cc6afa189,Rio de Janeiro,RJ
1564,ac28731699e744338db448fb1a9709e9,0520e2f2f9fb412da977275a13f99bd9,BA City,BA
1565,576e250f8c9c46b7a861df4386cdff38,b6b17739b12d4edebc3981483e5c26f5,SC City,SC
1566,75d39e20a4b54386ba2599be5ec85de6,b3c1cb45553242599bf80ee669c3c00f,DF City,DF
1567,21ba15658a064b718e563ac52959264b,d0fa31807ff34384b706936766bd1de8,Sao Paulo,SP
1568,3d0ad7d202794da785c6ce201d4a2ac9,4816358e80f34b76891a45ea61a31430,Sao Paulo,SP
1569,3202dfc9e6b34ed689857fe89363c8c8,ed206fe6f9ca404593cf743381ffa0e0,Sao Paulo,SP
1570,de1c245b2921469fa1ba660280b24de1,ff2a6e2f929449b2b67ae294c660285e,DF City,DF
1571,58bba7e9f7be45cbb9281f6ad1ea24d9,d312a8a8ffe049a3ba6ee3da7ed6a59f,Sao Paulo,SP
1572,adaadf62d6b148879d8b68eb058b24bb,6939acea297e43e39e511545e02c2b24,Sao Paulo,SP
1573,368e1cfe58ca496b8bc07e95fa7aad8f,6cfd5d7fe79d47f4a5b4ec157c81e369,PE City,PE
1574,a96e3d337c394be5bd003d1a3a9ca5ec,25f0851f9ca24bc2b33940f48c255eb3,Rio de Janeiro,RJ
1575,9169239311064699a56c7678644920e5,23170e9f879940b2a281ce7a5551d053,Belo Horizonte,MG
1576,9700231e944343b38edc33919e9351e0,ff1dd713f73e431097139b5f7ba439fe,Sao Paulo,SP
1577,711c7018208f4204a4dbe1210cb539ad,e9c345ef265f4d0ea46c18b7c351a907,Rio de Janeiro,RJ
1578,035f7a59fe774a9e8b84f23c816e5031,c7ebd54a745142119b7c962c265439e6,PE City,PE
1579,03d7cc2b0a2d461eafe82ac27c95dc10,2395dcefcf7a424d93b5d899a14a7091,Rio de Janeiro,RJ
1580,cb9627c897b14f2e8b2f804b2bfcd6a4,2e5335ddfcaa4b178bb4f7d134d0b23a,Sao Paulo,SP
1581,4d16c6c709dc4dedbac5c99a60bd845f,1bcde160037543459057ecd2d11f58b4,Sao Paulo,SP
1582,b1b49c936f584b2bacb84bd3cd8f85fe,41d1a7a3bdab41e0bd2535ef5b4edf0b,Sao Paulo,SP
1583,c4ec24c34ebf40d1b6ce85763840bd6b,f8a825e80ec74874a2ba4ca476721c29,Belo Horizonte,MG
1584,cea58eb18e154f828248e0802218fa44,5e149fe927664a6fafc65e3fdadd81b0,Sao Paulo,SP
1585,f96fa00d44ae4d7ebec06afb54446403,7d43cb13ab6c48e79c67c9b00126c911,Belo Horizonte,MG
1586,c80f3b65451c403a9c2edbecf9f31261,eb02ff1181854f079f76d7c27d7e6958,Rio de Janeiro,RJ
1587,cb34567b481f4a738a98787d86bf12ad,6e72517a32d5471187b226e955d8251b,Curitiba,PR
1588,5f9846071efa4ef98dd35b24f208e0fa,c0a72042d1cb41afb2ba37be5a71053d,Sao Paulo,SP
1589,271f695b6fa2463b878ead8c0b8337f3,bc1817a6ad6c4aada2141d0b1de1fb52,Curitiba,PR
1590,435c4e075dee41ca809fb7a9dd009496,0d1f1db6eeec41cc880662d57b53b4ed,Rio de Janeiro,RJ
1591,f79e12c6666a42939fa0291c5c769d96,c49d0744b15a4ce09454632337e3802d,Sao Paulo,SP
1592,e16d94f5cfcd4b73a52c60aee6352837,b9fc40d0db9347989dc6d5a0c0eaff5a,DF City,DF
1593,2a28c868ac0641429bf3c0b2b42ebdbc,4ab5a63f349444bda8c99663cfc43a88,Sao Paulo,SP
1594,c63a3ba767ac4c0281be785a56fa2741,5fe5bdb9114c44c487ddf8d844784580,Rio de Janeiro,RJ
1595,9da30e8d970c4a7ca234f48c98c90be0,a45ab8bf443a44a6be365f68ca863a02,Sao Paulo,SP
1596,0cb661fa62c842f1b5f9ea94e3a97d59,1ea40b99e47d4b739c63ca75142719e5,Rio de Janeiro,RJ
1597,deb452389c924deca8fb7d8ec32047ba,0f73ed63bf9e4beb87b7e040816912ac,Rio de Janeiro,RJ
1598,0ea64643281d47f197febfd616283fd2,29256366b2354b66ba8bd1d60d0ec863,Sao Paulo,SP
1599,2994dcbeac4c41ff8edebbcb51512599,6ac2235fd02843c2903ac6b36ef5bf36,Belo Horizonte,MG
1600,f668ad64fd4f42ffbe1f87d38172fa3e,66bd89ce6db146b6a27985e28018019b,Belo Horizonte,MG
1601,3d7701ad9a6b4573a786d69f5bd0676c,9b69c19cf51b4b8f9f19e32d74fc2e23,Curitiba,PR
1602,b4589946eab74a1b961cd3a9b9588cbe,7359cd8167d64e3486a0389ce9b5dbf3,Sao Paulo,SP
1603,e14aa48b27a64982b528984289764197,896ea5718c9f4639aa7da37f2aed4ad8,Sao Paulo,SP
1604,6da3c04452754c59b4b9be67b8a5dff4,b4657dd78e824eefa8330593834ad9ea,Belo Horizonte,MG
1605,6de262f36885413fa9c9a6e8058ce04b,db8b3670932d46a1bb0c46b78e910841,Sao Paulo,SP
1606,5d3d5c6d2832464284766957eaa80243,96cfa72d454a4257b49f358ef393b6d4,Belo Horizonte,MG
1607,957cbebae124457283b9304431c393bf,9100b4c300114b678dfcdbe39eb2ea7b,Sao Paulo,SP
1608,1754f57722ef4cfcad6fc5eec6ddd1c8,9af3827e55744427a4a7ff79b5ba2aed,Sao Paulo,SP
1609,f4801f34c6194fab92b1f299f6d787f8,0a5725dc1146435da73ad7eb43cc0ec8,SC City,SC
1610,3a9a59665fff4b7e97eb80e0249b8911,1710d5b102294797bc480758421f9f74,Curitiba,PR
1611,632faeee767d4ca1a1f261117dfb3201,964c09580b2f4a308ebe378e26d976fb,Belo Horizonte,MG
1612,def2ec465ee342cfbdd85ece7e307537,03666c8136ad4e6f9438b47b2e961b5b,BA City,BA
1613,330d5ca1d3bf4766998e9c67722f4226,450b0147a0de4076bfecf1a6a04bc552,Porto Alegre,RS
1614,1e0790f3264445aebce9473982645016,1a52dc96725f4733a3a66ec3f13da25d,Rio de Janeiro,RJ
1615,38bd634b773b49d1b19ae8a342e51953,5cfe7f31210e4236ad4abbeb769c836a,CE City,CE
1616,b28b1d8533fb4513b2de5dd0255bfc9d,8195004c6ddf4d6b8aaaee08a51a0bf6,Porto Alegre,RS
1617,bc44d00dba0a4dcaa6de7e59edad5c70,2dccf46397b4403c857602e37da54747,Belo Horizonte,MG
1618,19e9b83510584cfc98f02f60348c90a2,e3a52e5d9a664633b33fd6554993dc61,Sao Paulo,SP
1619,86ca0a08e342468d929d67104d2b8221,694126bc149644149c607b475250209b,PE City,PE
1620,15a2a7c04b714091b823398a2e2a8528,99e68192029a40ffaf2e80b659104b0b,Sao Paulo,SP
1621,156c3d96fcd447ce91f162bd6719d3ed,0b841e6a346847989f2754720bc08434,Sao Paulo,SP
1622,a3fa313b413e4b0d910791b6cca1fc99,0bc87cfa779b473bbcd3fd5de8f75a96,Sao Paulo,SP
1623,3d89c7d437224ceb9fd52b9ddd881454,b26dbfeb04ac4276b38cd9e5a1a7dcfb,Sao Paulo,SP
1624,e63e025eb43843bc8d7c2182b89ac623,500d0d2e04734a189ad9bdebf9af055a,Sao Paulo,SP
1625,1e9bbbe07dd24d959b73240a119a332b,2eee3d71edd5436684169efbbabeb937,SC City,SC
1626,2ac108b9f07643bea7a2cf7584245452,bf5bc9d4c5a340bdbc5ba90185236fe8,Belo Horizonte,MG
1627,41a0c021f28e4b41a74480f41f76836f,fbb05cc798804aeeb9dbd8153e61467f,Sao Paulo,SP
1628,ac6c8d01528d45beaac61abeb7e095a4,4efd0d4b2fb2441aa39499f26fb4c6a9,Curitiba,PR
1629,2dea487e0b5a455f91429a8e1e963807,54fbcedb1b554959b210ef391f907368,Rio de Janeiro,RJ
1630,1d83d68941004a36b1b933644e2e1771,47f024f101ab41198638c00e79fa6c1f,Rio de Janeiro,RJ
1631,dbe908a7894c43e0a3765cb489d8ee3f,6b66cd0b010146d1a9f42ad27fc01bec,Sao Paulo,SP
1632,666f2416714e4660b0558310f86c83d4,dfeefb2902fe4367b9c4f0ec1e6365da,BA City,BA
1633,60ae723fd228491f91d7bad710fab009,08bd0b190c0447c7bb374f8cc3ceda13,Sao Paulo,SP
1634,57b04b79fada48d2b1df8d2eb73653cc,b4a7de2ac65d402eaac2982bb0591883,Sao Paulo,SP
1635,6d66021925cf4ec08481ac1bd5f54b5a,064f5d26c3c249c494b89cebfa8dc55d,Sao Paulo,SP
1636,5ae5675dbb2948c68aefd3a9f77a79ec,f35e7306dd8d4f55977509709e685a54,Porto Alegre,RS
1637,d999ddca216f4251a900aa1a759337b4,5cdcf93de47a40c482affd2747ed1ea5,Belo Horizonte,MG
1638,f6870447103148f0a87a668d09742108,b7f0c61d275749f78f0a04f863043667,Sao Paulo,SP
1639,5b6cc885592247ab92b6fa3e2d6dfdd8,019c1583cc7548f78962a5ccca9303fb,Sao Paulo,SP
1640,139e5d24fafb4a068d9eb587c5e6cd93,1805913b72744ec78b2687c4db546b39,Belo Horizonte,MG
1641,62ab40b8c4464b0291a2d8596c17a6a3,13145a326e0341f084f50d7b8cef363e,Belo Horizonte,MG
1642,c53c2f667b53435da5693dc839bf58ba,f901dcef092d4096a4bb630cb6087c25,Sao Paulo,SP
1643,97a33eeafd7d4a2095577bc9ca073361,166b7681a154492fb35f6743934e9a90,SC City,SC
1644,b1c124b43a084166b9180a322bbb4ecb,5e855c6e032c48e9915a9de0c4d89a0b,CE City,CE
1645,e2b66c477d474c1c969ee7a45f8c7e76,640f71a1ef234b95afcf9ff435f055e9,Sao Paulo,SP
1646,dc9653706d974acfbd09fcafb5f45a11,0de48a895aa1402ca83d926ec4c156df,Belo Horizonte,MG
1647,b30fcdf688ce40818e3f878f08090dca,86878ed9b2f040cbbe80759dc5533b62,Sao Paulo,SP
1648,ae2f50e5743442efbf63eaa7637a357b,62532d5c2ab94e13812fb4998940503d,Porto Alegre,RS
1649,e93791a7337447dd8c1541a3aa7b91ff,b3b5057e39ce423dbd89b74a63a85b50,Sao Paulo,SP
1650,6fb36b2ba08849c1b6eccb932e3313bd,9dd15553cdd34d1e95ec9e053df6e8a8,Sao Paulo,SP
1651,61c9f3cdaa4c4c2b8e44fd82061404f0,5958395c458c42cabda48a36c4b748ef,Curitiba,PR
1652,ab6160bf1084480ab6021838fef5ff2e,fc8ef6478d4c440a8275e55b9eeb8cdc,SC City,SC
1653,7692fb7751284d7b92c13e117581cb7e,a88f33aecd35464d923988388e58bdfb,Sao Paulo,SP
1654,f130cf9cdaad4876bd0f81001895f24e,259c2e802de148b1a4247175e744936d,Sao Paulo,SP
1655,6f5d5b26931f48b9b92e24eb292734ac,463cd18a7d8540eba725f1a3c50f10b8,Sao Paulo,SP
1656,a0eb620e511248c9acfb41daf787a2cc,cce036bad24d4e71a49508242ea9b49d,Belo Horizonte,MG
1657,84e34233e28d43d2b271c218b59bb6e1,ef5aad3e121f4615b6eb72093e423f3d,Curitiba,PR
1658,e2fc7956f83840b48d07bf292555ec4f,5053d08f227b4b8d84d7469f6eee1f5e,Rio de Janeiro,RJ
1659,ef648c3babb94b8db639b4ae854fa7da,2f7cb480334d4eae9af23406018bce72,Belo Horizonte,MG
1660,79e86a5c909b451c94652dbddf397f93,4e7c7625af9c4283a72702afdf00fe7f,Curitiba,PR
1661,528cb480f3904276883351a725bc10ee,6b1443845590402b896d133c943fc083,Rio de Janeiro,RJ
1662,4657e59039e249e6a540def4c954558b,646678c3cfd7411f8542fa37399045fc,Belo Horizonte,MG
1663,69381b8485584a0cb80d54c5cf5f39b0,5518b5378a0f485ca6125b16f36b2aad,Rio de Janeiro,RJ
1664,2548aee820114cbca91547b35b5562e1,eed0d5878c4843039e24b0d26810f992,BA City,BA
1665,b77cc8a7a5854ccabb319af495b6300c,64138214256c46729a80ded86c44c898,Sao Paulo,SP
1666,6bc27bcde9d04d17b1ce2fc9398c44e3,1aac5ef4593a4fb79e12cabcd51636c6,Sao Paulo,SP
1667,bca3e2b27ab5475da653d9b83d883320,fd68c74ea4524270a9bb2043afcfdf96,Sao Paulo,SP
1668,7215e69a08cb49a3baff6dae2c7863a6,f54a3dedf9fe4003a8025a12cc61a944,SC City,SC
1669,cf851ac42dbf490896647f24de5a986b,cf0491e19ec74b8cb3038d8bbec3266e,Sao Paulo,SP
1670,46243ae6c4054fb28f665a73ae766300,fc779c81e7764ff48cdc3c4ca78f5111,Sao Paulo,SP
1671,177208a8c7214e08be370ce3d9b9a4e8,e1e96fd2a7f8433f900fd42276b7b2b1,CE City,CE
1672,33d7baef875c4d87857603b13ef2c49a,beebfbbd521849e3832c6a67d5d0864d,PE City,PE
1673,4dce69b945cf4ac38a8f2c4faf23818a,87424bca835d493b8e6a275527d5f744,CE City,CE
1674,4d693f7b48aa4ac4b11fce25cc7089f3,628e4775a3f64b048ab1c1b2f158f263,Sao Paulo,SP
1675,a99b49b0a46e48faa696c664734a202d,9eaec281b7884b6eaf0c5d9c7e32264e,BA City,BA
1676,06caa197cf2e481a9f80ddc6a2d00335,95a349a1d00a4043bb1092dd533e1b18,Sao Paulo,SP
1677,e37bc2b35c4445298d76ed2c4a393ddd,ae3bc6d8c567410cb106ddf299f7deee,Sao Paulo,SP
1678,feb2509be3ab44509bad45bfc06716ef,268b184353a04742baae489ab6d7d7d0,Sao Paulo,SP
1679,ada11af4c741428895420b9c398e0fda,96e6a31ebed64e7aa94a3a24a4af012e,Rio de Janeiro,RJ
1680,bba566d3a9b6426c9f652357d03b57c1,b22cc9dafcbc490bb84abd0e500800e4,Sao Paulo,SP
1681,5b9a183b569a46ea806dc093b7c51e80,c175c042615e4b1e91c951b3d13d5f93,Rio de Janeiro,RJ
1682,8a92bc1c9a2a45f3b52588f3255eebb6,d0843ff95c0f49afb609e0168da02546,SC City,SC
1683,017cb92e96f74e45bd5c6b7080d3b1cc,2983686e4f944c199504f9324afd92b0,Sao Paulo,SP
1684,34e1f53ef3ab4af390e29758fb750848,1d8720cfe3004c4f84fd56d63b17fa58,Sao Paulo,SP
1685,f580f369438d422a8cac4a3d3e8f915e,ca8c454ad08c4a14b08692cca68f0e0f,Sao Paulo,SP
1686,65e82fd88a6340a789018a17bfa9c9b4,9aff70277ff04cfdb7e21f33cc9d6df9,PE City,PE
1687,85bb7d9afc9f4a6a9a2b5a5cbc207c4b,bd4d2fe886ff430894ce25ae9082b29f,Sao Paulo,SP
1688,adab8f409e6e4c1aaa49a93d0095dc78,0ac1404d18d043ebb18a121c88f51a5d,Rio de Janeiro,RJ
1689,93ac80599b334e49957c6fc381bce81e,6aae7117f63a41a0a2006bf872abd948,Sao Paulo,SP
1690,321d76db56804fc0b563474994977351,b4914a39353b4a5eac3fa99b61bfcc23,BA City,BA
1691,ad12347289b943889c7d3898e0a80845,dc17523da5324e93ae47e94421a87605,Sao Paulo,SP
1692,d72286042d034d33b66c10c73f790b25,65e96d68c45b430bbc25f44074a0ff2f,Sao Paulo,SP
1693,53cf510045084a7cbc943124b8038835,ebec379da5e848bc9e6a4f303347a7dd,Sao Paulo,SP
1694,0f5f487ab4264c60b58e41d899d7bdc6,2238a8abecc64b77943d6c9ee2faaa45,BA City,BA
1695,d2b6932d2c5a473cbebcfd049fa3a0fd,f1a22ea9144244e89e4f181a5373f315,Sao Paulo,SP
1696,07399d9714534ed7834eb9f717cfc0c7,143592ae5e1048c4aa6623a08d5fe10e,Belo Horizonte,MG
1697,de71e24040bb4255bf8a57f9705de29b,ce63f65b2268452e8483dc4dbb821c13,Sao Paulo,SP
1698,bb57feee35824d9cb21a8456293ccbae,a571f317ee164dbe8363027c53c0a0d9,DF City,DF
1699,226d732338ef41b784a8d5498bf22b35,f90805965ef74643a11bc8471eea8e8e,Belo Horizonte,MG
1700,c31982f0ff6d4ed995e6337c3486ab34,190428d0de7c4c2096802f4d0e295d29,Belo Horizonte,MG
1701,0536787e132e4a53bec88e5ff72e08d0,200e0fdefa944f1399bb3432f3a0161c,Rio de Janeiro,RJ
1702,940b0e5585f24964aa3bd6cec89f5b95,9dee2b7940da4a79822d67653ef58f63,Sao Paulo,SP
1703,dea0baa8aaf345a08ce9f1e88e51d1cd,62f3cd5c5a194784b2524148f972302c,Sao Paulo,SP
1704,9e143cbdbb4c48c5a34e534bec7d6984,f1f9007faeba4ab8abc0c2aa95cb8757,Belo Horizonte,MG
1705,a9df121223314dccab707aa386ca532c,fe7689974e1341339d50be9e62e160aa,DF City,DF
1706,b8cf1a07111145cc8962454b1a6d040b,4a9b7591c11549a881c89d14624f25f1,Sao Paulo,SP
1707,b6192780abf3440282818f7d7f497c38,c0dc7ea05170421a92cb3b693921830a,BA City,BA
1708,e0ceecdaf61e4248acaf8321949f0a23,1a5c83d4c47044379061aab84f72e53a,Sao Paulo,SP
1709,0219a9394ba6408d8a99537e271fe5f2,829bea6d6cb6459aa4da5943d09a606f,PE City,PE
1710,611ccdf80ac4443483c77384daf3be4a,015cbac636f542d4879eb6e92db9b2e7,Sao Paulo,SP
1711,e80763d688c34cb1b14720c59b278c55,8290ef3d198848dda19e98522e7ff111,Sao Paulo,SP
1712,d4991d8ec23a4ac78668c3dc60a3da07,b6a8b2c4822b4b8c984212af64d7c413,Rio de Janeiro,RJ
1713,696f2dcd9b2b4b8994af29275725773c,5da5a5f8c5a0469892c1eb1a59364d06,Porto Alegre,RS
1714,2f19e7739c324645bafbcf4102bc28f6,b79e8eedcaa74c6d80ee05cd1ff9fec5,Porto Alegre,RS
1715,fc549677f14c43f4bd307af67937c407,97c4c99013af4df4b9c3aeea87eaa2b8,Rio de Janeiro,RJ
1716,e6f8a45fdf9a4fe1a561bd05035da521,818b3704935c45bbbe38961f5f76454c,Rio de Janeiro,RJ
1717,95cfde374df341c3a23922e1131d77f9,8650d95ee8a442c988f2a8bc7342e4b1,Sao Paulo,SP
1718,03c495ff30884be0ac9d59e20efa3b40,cb0546d9f2ea4a7fa678be913ca9841e,Sao Paulo,SP
1719,3f4fb4b490cb4b2f8e039a81c38a7e53,b55a764d97c0498db26465a8b154fe5a,Sao Paulo,SP
1720,9f877d1b40bc46d2bacc28309c638b3b,a7a2c4099a6447ab8982b9ad5f7c19d5,Rio de Janeiro,RJ
1721,5e6890e1692f4615a5d1822527bf0e9d,55611f93e35f42518082f118db3bbf2d,Rio de Janeiro,RJ
1722,921a6ed3d60a448990a33f7f7944f81c,381a6d60734b405f88242bd367549cde,Porto Alegre,RS
1723,d36d159d140e4c4b931d44d4737a48a1,6c089a8909194f1faa7b7189ed9189a0,Porto Alegre,RS
1724,3a22b941cc6b4e5e9752148586e4f302,0dfc69b72b4c44799b8328f340f944b3,Sao Paulo,SP
1725,b061752ceede42ebbe8cbc4039f0daaf,16c4ffb040a146c29b648c3a8648adcc,Curitiba,PR
1726,28b1a4bf28814eafb7cdbe85d8de6adf,135b51f3ee8445ff903ebfc96656be1a,Sao Paulo,SP
1727,375c5b67fd7f45b2b98314b9971deae0,235fc0a28e00475ba628d5c5e4be1115,Porto Alegre,RS
1728,fe221480c83a42e698b3c0e27b2d7a79,aa7c7b923ff14cb581f66028c5b39b73,Sao Paulo,SP
1729,3df0af1519454972b619d5a7f736d25e,9ddb77e85cfa4e49b5a94e1b4383e44e,Porto Alegre,RS
1730,a003a3b71fcc42c7b0dfcc7158adfd90,b87813ec360a4a1081851d11c38cf6b1,Rio de Janeiro,RJ
1731,a9f344a4b4e6426a8e417f602b227e1c,a2248a947a6641d48ccfb0137f996cca,Rio de Janeiro,RJ
1732,16b2910250ed40998e9167e44515e892,315590f36f7f43ff94f273a5dfc9d6f0,Porto Alegre,RS
1733,d9ce3b99c0d743b387b813d0d82832f8,5b692f8afab04c3d84d1b53bff34aa82,Sao Paulo,SP
1734,5878ee56ea2f405ca740ded039b115a4,e7e28dceadb84f17940ea06c4203c2ca,Sao Paulo,SP
1735,32af843aec3b44c4833fa07d51a6e41c,7b8f4fd238034f208b11ff60f431e740,Belo Horizonte,MG
1736,6827128bd0f6465da99b71f0c1232da9,cf0ad98f6d6f433c8cd1b1a0ee363ab5,SC City,SC
1737,b12a76e0680d4296b3d7dfd0ec0b6123,f75b674b736c4ec5ab82d6c663fd4907,Sao Paulo,SP
1738,6e6f9fb8a3024c4e9c3d2f9e33686d12,79bc6aac526d45b2a53d535c5a279dc1,Sao Paulo,SP
1739,364b2bbb683a4cc2bc21d9f690b120a0,a090f2beb17f472a9b3d7164e95702f5,Rio de Janeiro,RJ
1740,08a94a9eba454ab28b30b0b390cd9796,168e1aa04874481789ef87266d3be504,Belo Horizonte,MG
1741,a18e8ed63521494ab5cf4da29eed99ea,0e25ad3a5c5440d08ff7fd891c2fd85e,Rio de Janeiro,RJ
1742,ae963b0fc1ad4cc1bc0f51db09560b37,251a5bae7b454166924cf523e64bed7d,BA City,BA
1743,6078d2c1e5c64d26ac8a32c742be0291,3efba113d2894880ad72e9b4eded60ca,Rio de Janeiro,RJ
1744,4e0c3add5511403383fc269061a4f9df,4bd7158cd97e47d7877975727b08dcb5,Sao Paulo,SP
1745,9f2f1008217a4a96be86ee4a7fcc6401,dfdd7b9c147d4d74944dff29a8de1e60,Sao Paulo,SP
1746,e5d9c256be02481b94a101923b2e9ca4,033f4b58c17145c18bb111db5b1b8840,Rio de Janeiro,RJ
1747,2e7942eb8ae44175994633f7961d157a,6a743f61ee0a4ccab0fd7e5b30ba7086,Porto Alegre,RS
1748,5d7a06220431410e8925364a63b69be1,52242ed7105c47ec81cc08d96303506d,Sao Paulo,SP
1749,13e17595d3de47caa141c55a40bf465b,ef6081fb8d0d4fa0a98cb83e5fb018f9,CE City,CE
1750,cababa168e26463a9b277180b0ef1ffa,5b1c61dcfce74f618c0acf5983f6510b,Sao Paulo,SP
1751,0f5b7e62adb74d33a809fd5187636a94,75e9681dbb5a4319b95ce7a0b3159701,Rio de Janeiro,RJ
1752,4f1e939f77b9458bb3c2bc8701b2723a,83c409a9861c4a7091dc0d2ee11c78cb,Sao Paulo,SP
1753,096ce21b572f4e349b6e0ce5c8147dbb,8f2b746f30ff4bafa9499c4011683066,BA City,BA
1754,9beca509513544f9a427934a60b42bf4,df722e7221d743518f5b994917af3672,Curitiba,PR
1755,0feb03e8f11f4bf3a9318ddfd8f776bf,abeda50f4e99456a87c12bdd98ad0f8a,Sao Paulo,SP
1756,4238e61da5cd47e495221ac7ce74673d,7d3235080b96438bae83afd99abbb466,PE City,PE
1757,2234b4aed8164f4590fe7f034a0521d2,02a087c6fb2f4c59946a590e963aff43,Sao Paulo,SP
1758,303b039ca25e4ac587104c3a81b2ae5c,1e9743a9fb7043518fd1b3b45c211557,Porto Alegre,RS
1759,5b0f8526cb4d4a9287e6b88ee8cbdcff,03be9f2bbec6466784e15e39e14e72e2,SC City,SC
1760,1bd45524265e4f2396b33a346c5d493e,9cff12f0972443238ea2204360bf30b3,Porto Alegre,RS
1761,e8fa280133e046b79cbd87c459253210,d7c39eac243e4a09a33cdcfbbebfa867,PE City,PE
1762,fd4a78ec3c564011800668ef6d6c444f,43b72bf1e7d145f29219cbf572ca97f3,BA City,BA
1763,0108257ba701480c906d0c79b6c3ea63,1d6ab9147adf43b0ad4456df336806d8,CE City,CE
1764,f28f9471e7c24351ab78e79b557e4989,074fdbd995d44979894124512bd6c0a4,Sao Paulo,SP
1765,198039209e7246279351a8e34e791832,4aad54ca00604a238e6e7723164c62e1,Sao Paulo,SP
1766,cc7612d419e845e6adc54881ea501c99,3b5b954902874a8abeb16e0c75094b06,Belo Horizonte,MG
1767,84ac65b268de4ab9ad1ad77a5254e569,433d0e89210e4e2a8b22519c6907247c,Porto Alegre,RS
1768,d883d47816044d30a744d42af64dfd8f,877779c099904654ae2d425609845c94,Rio de Janeiro,RJ
1769,4a7f51994b234db0823e565463d430ea,06ccd6c9ab8f4738a7b333949f1e00f6,Sao Paulo,SP
1770,883b362dd767400ea862788b7ac2328d,b776cf44124342cd9b44809f8eecd601,SC City,SC
1771,19234081c8d44cc9b49fb08b516d5da5,5561a8b0eb4a4371a18f4ee0ef7d2487,DF City,DF
1772,dea773be9d334bea8bf0066e6b752320,1ad1b95af1c3420280032850323ca564,Sao Paulo,SP
1773,c3e0cf31501d4a69b93e290826631ccc,951d0b0b18304d58bb76c2d46f5fd8bf,Sao Paulo,SP
1774,fc60d6ad47c541bf8eac929a548e0898,539c846a26164eb981f20fc2c6fe37dd,Sao Paulo,SP
1775,e819234cd31f4324b4beb56d53d735ec,0caf5016b14948248fad4c89cc5dc1d5,Sao Paulo,SP
1776,2e4e2a053b3645b99d83a5f85b2b08b3,443cd63c5d944aca92dcc5197893d681,Porto Alegre,RS
1777,3215e494074e4de4aaaad01fc0a69e46,6dd854a88b7d4d3d8c731e9abdd5f0c7,PE City,PE
1778,dc83596f6ef94390984f4dbc04c82d01,d5990c0e47d84e819ab5e3a6c0f64abf,Sao Paulo,SP
1779,18bb6cfff696441ea11278fd1c1799b7,3eb623b53a3140e6ae5e54160a3a2245,Rio de Janeiro,RJ
1780,295d66f9756543e9a1d095aebc346f39,95bee884509043879427cdcb850b418c,Porto Alegre,RS
1781,1fac6a482e854e41b42fc4165f66c8fd,1da40f2db42f4b31a0222c5f71a1afe9,Sao Paulo,SP
1782,f477837a4675463e86f6ca518cadb21f,2cefb512568d472facf3de797498824c,Belo Horizonte,MG
1783,a95bc655cf714a97a6749c054ec6305b,12162e261cbd4077b451c0674f0f1d1f,Porto Alegre,RS
1784,9e24308a70274bf491eec3cc00cfd193,0e9eafe08e4440e0919f931150fc2ef1,SC City,SC
1785,416fe3175bca4f4fbe7502ef2da8167a,12ca572541864cbfb4e87ca92420ab92,Rio de Janeiro,RJ
1786,e3951f552e92441a85199a457c98a8c7,a4851f99f3124fbead1e4ef652dc930d,Porto Alegre,RS
1787,cb0bee3975aa41daba2c4c2b9e1146a0,e97fd90e97cb4e01a8d8ccc81a1a7aa4,Sao Paulo,SP
1788,629dce7a55e74b0db1230426302b003e,ab2f6a4020094b59b58004a46c04777b,Sao Paulo,SP
1789,3c2318c07029442ea6bad49fba1f5008,4dfc8eda5bfc4cc5b15669fd1fe046ad,Sao Paulo,SP
1790,9211d6416ee847838a4ff1fb565c5e74,89fbb2230b824bda99df64e5bade2c64,Sao Paulo,SP
1791,69d37903150d4ff1bc96a07759247787,908d79284ac14b56a056c5c7945447f9,Sao Paulo,SP
1792,bb3d17ce4d4044b597c0307431da215c,b4ab84a92b3b488793535fb6f9a7fd20,Sao Paulo,SP
1793,81937d06f6e94251b008e72a22a581c1,f84a961846954a5d823665ab9a91daa0,Belo Horizonte,MG
1794,24cf863b0d0441c786338331813f8939,0377a6c155284dfda78bbd7e88d4e5c9,Belo Horizonte,MG
1795,1b54c3d3a24e44879ba5eb32dcce6ff7,989b1acfc3c9481bb751e00df6ab99c0,Sao Paulo,SP
1796,e2cdf89c3c5f4de29b440866777b71c7,d88ac39a7e9c4e648a1af104129e8dc3,Sao Paulo,SP
1797,5303374ee7bf4e589ba068c792a5a356,1b037a54da2b44b69704618cae28d2e8,Belo Horizonte,MG
1798,439b07b21d204230b262d8a02191dbc3,a4a292a3474f43af87f387ee433c9b94,Sao Paulo,SP
1799,5d318503513d404fafd610e086170967,518266ddc42e4922bbf6c4464c79cf81,Sao Paulo,SP
1800,03465889edf64c6a8a0bd7d7038b0196,b9f248ab965747ff8f132311800c455c,Porto Alegre,RS
1801,d8a88d6d525c4c8cbc98dd3c6fbde7e5,c1a51188059548da9ad96a50f6f267d3,Sao Paulo,SP
1802,ef5028e76ffb4bed96620171da1c37b1,f6431889099b4dbb9400f0b5ecc72eb7,Sao Paulo,SP
1803,0fd8beeb51924a01b2ee8bb7ba5e1bd4,21b481be507e4104a2c767cb433925ff,Sao Paulo,SP
1804,b14a72bbfcb945099aa1ddecabd18955,63ca181aeb47416ea2dba245718b58a0,Sao Paulo,SP
1805,fadf443a26884c939fb2f8de7c89fe1d,baff1642e87a481084c355595e32721a,DF City,DF
1806,7c680b5f01504a2ea396a62e9e8ad83c,9c4d1dc38abf4d3faf754bdce51eaef4,Sao Paulo,SP
1807,8613172a689d4d82bc6db14f2e9afbcb,77f522f8eb5b4969be6ccab43a382e31,Rio de Janeiro,RJ
1808,0e4f8496b7bc4cc7bad522f6b950c2cc,0007764ec32941cbb97a27e8673a9759,Porto Alegre,RS
1809,12fec648027643c99e97787baee19d1b,7baa760720b94618bbb154174c27e1d0,Sao Paulo,SP
1810,e5a6730204c6404a939194d6755b40c0,d2cab412071846c08ab592d6b4407fa8,Sao Paulo,SP
1811,f69f495edbf2472884dc7a86c0eb962f,57b01a7e7a384ecf86a3e0be5ee2b60b,SC City,SC
1812,1c3e159319c54a31a785bd8dbe6ff92e,d0b4fbd710ba4e02ac0847978ad11f08,BA City,BA
1813,7c23af7ee74d4a989d6b851732ccef54,82c3b15292ff4726a29a6803a0c382f6,Sao Paulo,SP
1814,90fc921410b94c2887b6721f12d5344a,49a7dcfe840c4e398cafba50e351b333,Sao Paulo,SP
1815,fb78b908c1ad4df4aac3e7a9ccfde6ed,89775a0a394a4734b3dbfbfbf0c71e7f,Curitiba,PR
1816,77ce4c5bd4d9435aa18808218f49bf93,f4fe40ccf9bd47ca9687d8c8c99fec76,Sao Paulo,SP
1817,796bb016c2e645d197e3b7dcd6e79ab8,fdec82fb46284975806151fb34909ac6,Sao Paulo,SP
1818,6e6d7b61357c40f0a0cbf511fbbfc849,d0e9eb30c9504fddbff2c5867cd55099,Sao Paulo,SP
1819,774b36e547a54a1f82ab4f88ff9ba093,a70322230507403ba751e06a007b17e4,Sao Paulo,SP
1820,812de7b09d64401088859742343e3242,c68194bf7bfa460baeaa8bbf04e02b81,Sao Paulo,SP
1821,ad5ef5a87b91444a998f12944883af6f,291855e356284b9f83c612be61c9179e,Rio de Janeiro,RJ
1822,805fd20f5cfd485fa772e567cdb50243,f9e242703fe14c1d8e6e405f1a357a7f,Porto Alegre,RS
1823,fa9ee1c4d7c9409589b6ed112e66e5f9,15433358b2a94fa79c77d3c4af2ec607,Rio de Janeiro,RJ
1824,690af60f82bf44399fd6fa5e00d7034b,385d123889394219a43608f1338c56b2,Sao Paulo,SP
1825,54c446b8a82447978612f1ac66be6aff,21bee3a1e0074b2495ad497dd31e1b55,Rio de Janeiro,RJ
1826,4376fdd25b8d48faa9f54c2e14103284,ab13fd8d3b944372babe763a57763870,Porto Alegre,RS
1827,774d64027f424e78afdd9bab4cf7d747,88dce7a70ee549a9a51dbd0c0961758b,Sao Paulo,SP
1828,b5ccccb6555e42e7bbbffd5c4da9aaae,eeb73c3c541c4bc28ac44c5275fabb57,Sao Paulo,SP
1829,69ac8da016174197be0780727a76c84c,6b2310e2775a41a8ad7824b749e20cc1,Sao Paulo,SP
1830,dc4040b28eab41f6b0674cf792e1e1ce,20f6d48384494f9b801335fb270c19b0,Sao Paulo,SP
1831,07a7469199de4e45a2f37008114701f5,37f6e3b4bb38485a90b5003d99cf257e,PE City,PE
1832,dfc4bda456ce4bbea32b542f6eaf197f,a69465ed890c4cd18b2131d55714b4ca,Belo Horizonte,MG
1833,31c2e6bfc90d484785c6051e7d6c8818,fe50f4a6085145e59d9ca6766a0e6126,Sao Paulo,SP
1834,ea69f60c4e42494da4571e74176a7764,e312099b4f394bd19947d1baa161ba93,Porto Alegre,RS
1835,e3bfbb43756e48e09563f7a7b82abb8c,00d6a479ff0e425a91c1f26cac5e754b,Sao Paulo,SP
1836,12edf533e561421ba168abec8d6252f7,79c7ccc7b5a34afdb2da57e7fe86f097,Sao Paulo,SP
1837,28882a96bf434feba334ae79c4f0abd3,1d824e837b464b9389f6fd8261f1dde4,Sao Paulo,SP
1838,e337b1bfa8b0450b856058fdea419c02,d29d92dc7a204da5810333626ab9c68d,Belo Horizonte,MG
1839,f6164ca5fe0941a88349b001becdf8c0,ff6af2d4f76b438691c28e7c1bc7df30,Sao Paulo,SP
1840,c747d43e9d0249ac8a91906cd628bd97,bb831e69edde4127b588db4de1af0ef2,Sao Paulo,SP
1841,95968aad55d4496e93cdf579f9fc72e9,a2d17408899b4081b8cdce6f0af2983c,Sao Paulo,SP
1842,9e5919e6dce74390b0d5b1a4f7f8d61e,45807b4f406c480cbe7e7efc094c52d0,Sao Paulo,SP
1843,f0edb599b8b84169b3e3eef060fc6650,5b902f9002a747c58c1ee1219a8a3172,Porto Alegre,RS
1844,0c8d58cdda9f42d7bc677f24944e3de2,d93b5d88364a49a3a87920a32df00b48,SC City,SC
1845,658b82d4c0f44934a3bebe6fa7f9750d,2c3b6649b1de4de390c592f99d1e3432,Porto Alegre,RS
1846,d1c72ecd5420472e97fea31cd36ae987,9c86187bc4464489be1d0e00647a972e,Belo Horizonte,MG
1847,f9a9ca7cb2a44ebeb82d044dc427b44b,64f4194d678a4ffba61ef24d27cb2c86,PE City,PE
1848,b54331c242e1464abd1bc302d51c1819,335a5df65d944dbb80fa059277d093b5,Sao Paulo,SP
1849,3325ce349eb44b8490aae2720318481c,5f561c1b08ee49b587eaac116de52b6e,Sao Paulo,SP
1850,c4da25b4fc0644d7a038ad48bb2247a8,d8ccd834b61e44ce90552cf3a6505a4f,Sao Paulo,SP
1851,4feef47e56af4c60b2e586a46162db8f,d5a0dd3c919a4cf88096ee59eb2e96dc,Sao Paulo,SP
1852,055b4cdb8116431ebb9fabc58c08d208,2270c9392b3249d087f1c75c2d33eb3c,Sao Paulo,SP
1853,ded5db7ee211453badb78f8e29abdffa,189c20e3bbdc47ed95a3b207365b9292,Sao Paulo,SP
1854,2dbbd55e06854749a2b7ec624075a5c1,67ff838f762547a9a90abe07b75bbdeb,Sao Paulo,SP
1855,7b26711af163402c9494f35e43940aa5,913988a563a1434daa43e2f1286930d5,Rio de Janeiro,RJ
1856,538cfc8538094b3891c82a225e38908f,19fa5c3d9a3a450fbc01511d06802228,PE City,PE
1857,71694dee273c47a7a10e3e2fa46c6c39,20b9d25366354918aee596fa5e6392b9,Sao Paulo,SP
1858,4c19dcad28a14a5683250da3ba57833a,5bb38f2d9ae4424dadc99b79ea5475a9,Sao Paulo,SP
1859,f274b4cd900d4aaca0dc950f1b113c3a,2a13138efb9942f58fbf5e35e4cce3e0,Porto Alegre,RS
1860,7f71f94104a34abd9222999548f10316,376c549d4e774c949520c09071025e89,Sao Paulo,SP
1861,5e1a55b78fe24422bbdb0de0ff3648b8,d28ff0fa324542109c44c755d654cf63,Sao Paulo,SP
1862,470e45270d4e48b4a087bfc4210082bc,ccb74e33c5244e0c986b74f5de8eb335,Sao Paulo,SP
1863,3168f1c842f14415a5d75b95c0158dd9,bac38bd9e6cb4d34a9d06f84828c9bf1,Porto Alegre,RS
1864,33d986e3218047f5926acbf094bdb798,8153806d326b468b8a810bfe51bd3a8f,SC City,SC
1865,bb0981714c794299a78f4f32a012d8b6,cea3705977f54147afc1852a784ebfe9,Belo Horizonte,MG
1866,729aadc6df0a4a6990f9c9ac019d40c1,40a907623c3f4acc8e72e9a9958db326,Sao Paulo,SP
1867,2d36d8d5bdc248fbb4188a5403594541,d31a3d0ce1104764a27c41da12c1e8fa,Sao Paulo,SP
1868,3c046c9700d0475491c3ce4a92c6bf33,94faa828089248a08693a49c53dc06dc,Sao Paulo,SP
1869,b8ee21a515e44bdaac644951347bf6d0,d9bc57510a4e4c41a54363900d7f0582,PE City,PE
1870,617060db7ca1457ca848214933a8683a,bd0c99dcc4014341996a423a20243450,Belo Horizonte,MG
1871,016917d8be764769a5f821515f76d98b,7a7a385036d741cfbe085c96f0e4c977,Sao Paulo,SP
1872,1e3478171b9341f5af9f666b5d7b56c2,10a98a1a382a4baea59efa0779f51ea0,Belo Horizonte,MG
1873,879cdf1fcc7d48eb8e127eb4081c8da1,028c39bcc9fc44989700d5771baf92c1,Rio de Janeiro,RJ
1874,d4237834c3c340a6a139d3e4e25cfc7f,05fc45a9221d4a1db79ec63efb42e01f,CE City,CE
1875,27bd9f0e422b456d8937ace6f36e6235,d9a528e0e8054c89821bc38bd16a0d02,SC City,SC
1876,0152376817b14d02be4ec8dfd6b7bb3f,071916b141f846f1b4d5021d62420e6e,Sao Paulo,SP
1877,a8919ccd933b4f4db6643b1805ba83eb,b0bc71daa7384991a857a2d6b2921f65,Porto Alegre,RS
1878,7a7e072a6e6145b98aeb413dda4cba25,ef3ae4e06167416ea275d8662d7eaf90,Rio de Janeiro,RJ
1879,8a87d795d5e74a1c8cf4b00721a8e4df,a4d49e68819b4fb18d2ad97ab3fddd39,Sao Paulo,SP
1880,474e1b2d09c34026b4c6ac31465731c0,e0807b18cdc241bc8eec49e7c9320a1d,Porto Alegre,RS
1881,b47f899977844b838eab72344ec989c5,9efe0cbbd23c4bf48f73c8bb7ce3860d,Rio de Janeiro,RJ
1882,ab907f55740a4affb5b68bb17f7b35e4,129dcb8bed444c4d8d47f730fb5a0c83,Sao Paulo,SP
1883,4d37e3110df643b781974c104c39a36b,b1fb946897a641d6831d01d0f1e472c7,Belo Horizonte,MG
1884,9b2025b02b554d6bbc2757aa1749f119,bd9fe182ac614930a89f10bfb78bcce1,Belo Horizonte,MG
1885,19f7fe09f2c144d0bbb047098a5abd56,b52cf6d959a543ac8c08a4300af13e55,Sao Paulo,SP
1886,afb95c20313e4413a264882374e01787,197e56eaabd7486ba966cff94fd0e69c,Sao Paulo,SP
1887,18f71ded1b614049bb0b0b8943a415a9,edd0c8236985446caceae79c7fdcac36,Belo Horizonte,MG
1888,ca6abbb3372f4d2084e5a5af98048955,b4c06fc5bb9645ff9971bbc5298e9a87,Sao Paulo,SP
1889,cbb8e4def7a246598dcaf752137c9578,6d941e7dab83452090171cc639f449a1,SC City,SC
1890,9dc4fa332ca5454994987a959fccab3b,d12246ff666740b884a99fb499fb12e0,Sao Paulo,SP
1891,7d4c2ee9c77641918c9e88c87a0c5fb8,d4944d9c8e474065ad4526b351da91f7,Sao Paulo,SP
1892,fcf21906e9284029b2d0887dacfd8ee6,e0d99a4f060f423e8dd27cc0898b13d1,Sao Paulo,SP
1893,01fb1052fd0f45fca2a2de61e9481fe9,d46eb554ef014e72b7391b5c6ed72329,Rio de Janeiro,RJ
1894,78adec5d65ca4d7ca4508a0949e2809c,3f706127fc694e4a80b5b0cd15e2fcc2,Belo Horizonte,MG
1895,cf1a94b1619549b49cd1ceef6a91cb6d,f2d4dd2267f74b9cbf6418d91dc73969,Sao Paulo,SP
1896,3fea6e9eee4f4f37befef4386875ea02,050f91a99fe8438f92201c0e5d3e3ba2,Sao Paulo,SP
1897,5fadf50d9968414d9c7d9402db2f4901,7721c24c5d454cadbb952e7f29983dd6,Curitiba,PR
1898,2368e41890744b6e9d29bab510f3e25d,e131135b27554366b195a7301b69385f,Sao Paulo,SP
1899,9368825259d74db085116be87706d238,a85162736ed745d39812e8efa4550199,Sao Paulo,SP
1900,07681c9fbceb4c4fbf3523b5547560e7,08922e2548354fa9af6d9a9cce89c37e,Sao Paulo,SP
1901,ea201200093a40488835328488b392ed,bcab03c4f4024ebea89e427581e33188,Sao Paulo,SP
1902,2c3fce4c1a8349eb844dbd3fd6d2e393,eeaae42a7bed49d38e074e0237b0acf3,Sao Paulo,SP
1903,04365048bee841d0ab3b229825a10cb4,35ee0857383149ba9e3a04eea27f5864,Sao Paulo,SP
1904,a54240dec39a4a5cb93693234fdf0c6a,3bd259f94b0c475bb301e9e13e6df426,Sao Paulo,SP
1905,81e559b3e4284902bf1b7f191ba3af5e,9e7f7fbfc36d4f279db7d0d1f3bf056e,SC City,SC
1906,b01edabfbb894a0fa7d00febeadf75ab,8d9ade0152b74c4db1b97653d5aa2a6d,Sao Paulo,SP
1907,e67000dc706c45ae937b0c0fc16d3474,f84a5ec4e66e4c368bdf7e75fd05879b,Curitiba,PR
1908,fe8453aa2f1343d5a52de006a18a4c37,022d8123dc91451a84b368de4eedcd9b,Belo Horizonte,MG
1909,0822b4fd9d724737b49ae28b41ad8971,b15a9418c1524713b5b0b31ff604c8cf,Sao Paulo,SP
1910,f11fe2dbb4494382b94d2a93fedde806,f52754348994486b9606a716b9fb0f80,Rio de Janeiro,RJ
1911,de8bc44e98bc42d8b8164e584bb55838,cdb74e27e2bf48bfa4b6dcdee5cbb85d,Rio de Janeiro,RJ
1912,da78eb73256d40bc9b1b20bbc3f733a0,9b27b2642eb9460a900dbf404df79fd8,Sao Paulo,SP
1913,2549dad5e7684518b99536554e96e622,81d5a46edeab4a98be9eaa9e31cda488,PE City,PE
1914,e0c106bd4adc4da18dfc34d587dc5798,fffb0c0d107c45cc9365227692a9b7cf,Belo Horizonte,MG
1915,75216d528345467b9a42974ee19975f5,97bba21e2af940988cc7befd6336cbd8,BA City,BA
1916,751707e70b374761b78f56265b751125,84e921f1706649b291bdb2a2d34b1606,SC City,SC
1917,f68f5fb48f17415fb054ee8e31de8809,975b2b1a92404fa69b3b12b0d4857d4c,Sao Paulo,SP
1918,4960c235683843f997377f382a94b5d7,70303ad9abf2456abe33b4d4d745015a,Sao Paulo,SP
1919,c4c991d4b983468fa06d9162ddb3cf96,f158a0651c7c4fe9aa29a7facb2fec6f,Sao Paulo,SP
1920,1ae620fd0a814b93900eca0b75d3bd18,98a950220e9a4db5b5c00ef089e9842b,SC City,SC
1921,465b539d906c4f6ab5c025f9c411f597,3f49c96dd2c34a50a8463586afc3fbd9,BA City,BA
1922,f3c350da1d454fa3b4c157935e25f3e4,f0e40eb0a6004788a45b204df967263c,Rio de Janeiro,RJ
1923,721e449afcaa4763826ca5d2b529a3d9,170df10960af4e868d7fad28425b91f5,Sao Paulo,SP
1924,f1bc07e0a7dc41b49729fac5decb4e03,b12a636605b54e4fb3c9a225a92151c9,Sao Paulo,SP
1925,567f1633582e47e3949c08234c263ec1,8619f7259f214915bb75b8570213b433,SC City,SC
1926,e198b83bb95a47ce8e883160dc4d0293,f441a08486a7424d90d97b8962b575d8,PE City,PE
1927,fb4559c9d49a4a3ea962209e956245a8,b0d8e1e65de848d8a13cc1346bf72f01,Sao Paulo,SP
1928,37c21adc8b0b464da5d064a5f661cc5e,264dbc8e65a54b04bf4aed82278b029e,Sao Paulo,SP
1929,99cf46050558497082f04712bbd6f96e,1042208ad0aa47ce88b20e06240b0fe9,Sao Paulo,SP
1930,68e4cf5117294c4e928e3f6e15810199,167351f130924c18a5e396f979d39b2b,Sao Paulo,SP
1931,ae53a6b3bff540138f4fdf5ad48b4e29,36a8ee659498410ba430121cb5484e78,SC City,SC
1932,8d2fe525b0204a259206c2aacd5627c0,124a97c0c10842828473f69a727d44ed,Rio de Janeiro,RJ
1933,ee6627e5015e4088a102fa7cb037bba6,943a3a2e17fe4c2094251222bbc2c046,Belo Horizonte,MG
1934,c347bb2063fe4b428a99867fb169dcd4,7ae45c76d3564525a4ce9ad5d3b70928,Sao Paulo,SP
1935,f471678937d747c583942e745084e1f9,8d825cf456c44356abbef36c368d9d43,Sao Paulo,SP
1936,9b74e247277943e08c7f4c231c8d0da8,4d48cc1547ff4281a809ad702dd576ca,Sao Paulo,SP
1937,335f544af21241418a6902187775fd8d,491bb62efb4046f3a02a8ecf78209c3e,Curitiba,PR
1938,4fa4f72225c64f4f8fc6ab0bd932327b,752c4531e4634271b58f7182031f1a7c,Porto Alegre,RS
1939,063ffe5b5c13471bb20986fd0938c2b4,24d18c6ea70844668e15d73deb9d01f5,Sao Paulo,SP
1940,e85809631eea424fb2cd8b781a17b2c8,ea2aae5f1674440483671e928554313d,Sao Paulo,SP
1941,b2cb093cc3a9445391f9088eb9dd7cd6,276707fd924b4f76b381665fc7e23adf,Sao Paulo,SP
1942,209f1cb1292e4478868708acb1857fdf,69c408e4f3a34dc1aadcb3dd5c97f96d,Sao Paulo,SP
1943,c05a4be596534133985b8fb5741e3296,a826053391054d4c9d5dc176b064dc16,Belo Horizonte,MG
1944,6cdc3e18cc49421bbca12f3a2e69a297,17772c034dd14e329bdafeb8d9999d43,Rio de Janeiro,RJ
1945,fa7922b62213406fb2db73c3fa194e17,8e87880617d74c3d9946d0aba1fb88b8,Rio de Janeiro,RJ
1946,c9f517eef35b478da2807683832f6a60,55194e90c1164169b2feed155d961ad4,SC City,SC
1947,90cecc908ac9451c9f812a45a482662d,a66866e6cddf483db04213761828fad7,Rio de Janeiro,RJ
1948,723d755466b94e1181d40851c4b9b1f9,0e7a606e7bc347b18cd8ba89c85bcd40,Sao Paulo,SP
1949,2647020d486d494ea00714ceed202d15,7d9ecf18da72465f8cd25c13917476ad,Sao Paulo,SP
1950,9e27a975d2034dd48043640515824718,e84a0ceb3780420994939469946616e8,SC City,SC
1951,003ffc55070a4bc8a58444e62ed7b73b,dd697a9348c3433db6700961642c29f7,Belo Horizonte,MG
1952,a2197feb825149d78a970d9aa74217a4,c1140dcd4b2946b6b972d184af2e8cbe,Sao Paulo,SP
1953,cbea6a1ffb8c4eab93e5f85e8a1eded1,10c2679b7ddb48b286319fcc0471c47b,Belo Horizonte,MG
1954,603f479462854589b2f57771dcd87b3a,a90389d6dc01499c9390f1bc86cb76bc,Rio de Janeiro,RJ
1955,6fc5dbf65bd44e53b6da402e08b9786c,3c6d141e13624efe8af5d73a051184f4,SC City,SC
1956,207bb6ba5c344f6292cff2c333e8164c,32dd8e5d28874ca9ade8f1d99d4a9fac,PE City,PE
1957,f7e93b82b92549a8ae65cf494fcb3918,4f83250857174655bed6b79b725a04a7,Belo Horizonte,MG
1958,57be7df6b8214edeab9d48f8a96e2468,bd0c25b961be458290c4c858109bebd0,Porto Alegre,RS
1959,82c722c1ccac4b149ba2db0c550c9719,2c8576cb1cca4fcaa40afcf31dfffef0,Sao Paulo,SP
1960,dd7613b6231240c09732f921f50c9771,addaf71d5150471eb06356fbddcd9784,Belo Horizonte,MG
1961,98e8c90a17df434292974ceb13731863,69839d3112fc4df2a417ccabe4da77ff,Curitiba,PR
1962,f996dd7c05f7429696126e7a8213a971,3e5f6510f73647f2998d5d969b724003,Rio de Janeiro,RJ
1963,5118580888d045cf8ed88fa23028c0bd,e852e758d3b943b897b8ce226e1f5725,Belo Horizonte,MG
1964,505fb0a759d6446988d933e9d426e8d1,88a5888327a44a0ebe627039a1ecc206,BA City,BA
1965,5c899e866fd149d1853804196eedaef2,f55048879aab4acba0a7af94b5788813,Sao Paulo,SP
1966,930d5764610746d4b27edbe323bc28d0,6be1ae86fa104f78998dfa2549e7a6ec,Sao Paulo,SP
1967,6cec10d86c5d493abc9debf2b8dd4e8f,c64c5f1cde584cf1832ace18e83c008d,Porto Alegre,RS
1968,0ea14817e65144ef9b3cb1a6f52629dd,fe1fb2bc7ede45e19101517e22b816cf,SC City,SC
1969,d0daabd5b7eb4ad0a42c66e010da8fca,a7ca3f0d55224ba6ad7457428b74e94f,SC City,SC
1970,a84c71ef57ea46ecad26e5b86ed64aba,96b2036d736146f28bbe3373200865ee,Belo Horizonte,MG
1971,99d1ff1f1524444da6464953bf12d233,a8672e407c804b258739f1c95293b9a5,SC City,SC
1972,ca00869aac8c4a6cbb398cb1acf9aebf,52750f0fd3e345c3b2877a626d4c16cb,Porto Alegre,RS
1973,d6d4adda1b57438582d707410f1eeb78,cf81c47e9f074639ae3b4953ffebc99d,Sao Paulo,SP
1974,8bdff30825ef4329abe3039176cfdac9,3fa0940c80a64a9ea8858ee6c05014ed,Curitiba,PR
1975,bee6a56e0b0f4361a70aa77814d165cc,51366b85de544f008034585d6c453fbd,Sao Paulo,SP
1976,b488abc712834277bce7be0481816c63,00f0a6dac37349bb9d693652f0653eca,Sao Paulo,SP
1977,f970b3d2664b49f48b72dffc32435140,cfe16d105077437ca6129512e8182b31,Sao Paulo,SP
1978,cc16b2f15e964248b881dac71ec29284,5e90f4ef510740c79328c3d437aca6be,Sao Paulo,SP
1979,14272526d1b6485aaf5f5c7245a64758,b9ec86d7d01f48b2a98e4ca157233aa8,Sao Paulo,SP
1980,c812251f30104a3eb482d14fee05eb51,7d0ddbe69d9440d482aac66ee2d5fe54,Sao Paulo,SP
1981,d7b018eacc2645c3af46775c4aa1e590,960defae65284cc987b2f26acd8b84aa,Sao Paulo,SP
1982,7e472845855a44c89e7eacfdac4e0cdb,de4fd733c81f4a3fb4e89adda9fe82da,Sao Paulo,SP
1983,ae02e1488be0458c9b2be81b03e32441,344f3ada3a6b497eaa5d76f9b9440bec,Rio de Janeiro,RJ
1984,34abb16a57e94fbfaff892c3a74997b7,411fe2e40eb04cf3a70fc81ff62c07dd,Curitiba,PR
1985,8cac459beda5434e9d7c0316919ad86c,e3b2b794684e41f0a43d9cdccb559ef2,BA City,BA
1986,51ee8192c5524706baf36c58d9fa02db,f0437797678b443f849f59a223c3f31e,SC City,SC
1987,42fcf3b366ea4f0f93c75133bf64fa76,23b9433a4dce432ea83e96e979a798ff,Sao Paulo,SP
1988,ad662f631cb548ceabd6ec633a30df9c,2e66fb52533c425ab724782d2112cde2,Porto Alegre,RS
1989,657ee0d2d6534a80a67e0a30189e8f74,ebe5260713cf4d2fa8a152836076b03d,Sao Paulo,SP
1990,afe44936b73242409196227c0cccaa49,ae48e4634ae942d39f3f7ab13faaffba,Sao Paulo,SP
1991,cec1f2299ee044ffb45f3ae875c78a2d,6f5afb42873745e5b53ede3301d8415c,Belo Horizonte,MG
1992,4360d39e3a714dbaa4750bc2db8df3c1,240b78c5ac4c4c1fbc573d3293257ac4,Belo Horizonte,MG
1993,0ea8608ca0a046a6a4c3f1245e354de6,d54d7c1e11d6410dbf901514ff1e3167,Curitiba,PR
1994,79a9bfd367ec4477885192193e99856c,91ee2b4b8cca4b98b395e34befab19e9,Belo Horizonte,MG
1995,b335e77e106342228a594351e3b80fc8,e9a6da5f36f04d01a26f0e9141510ba4,Sao Paulo,SP
1996,9f208ec1013e439dbd23f3b4a3278a70,c12f4de5b1ef4252aaa0175c093fdf20,SC City,SC
1997,3091ee8bd86c4a908d23d9fd1f00655d,2c732aea8777434e8638afa6094c079b,Belo Horizonte,MG
1998,f9bf869035cf4d0e8bc97140187854ec,610012bf227f428ba2cd87b67e19fca6,Curitiba,PR
1999,77ffef4461924f1eac2035b511d4bea4,03c37306033c4018922257af9b9f5a72,Curitiba,PR
2000,4a850fb96fe94459a5bb750bd0742712,a14742f2d8ac4799b82c7f164365b862,Sao Paulo,SP
2001,e70e6354e9984486936753644909b352,fbc65e2d99bc4874a8015622d3664d9e,Sao Paulo,SP
2002,c0869d802ae844e592e104d89dde58c7,14173c96977e4a3ba6a8bf0dbf7e575e,Sao Paulo,SP
2003,54bfe26bc9c243a08f0feb7a81521ec1,11accb25177d4e7ca1cc01c6a30a2497,Sao Paulo,SP
2004,9365a76b957e4596843502a099ab4389,cbc9f2391d854448b957d401fec0e0f3,Sao Paulo,SP
2005,ebd85e31574e420280ffc3a75612992c,05f9c4c82b494c8bb69ac12545b7a351,Rio de Janeiro,RJ
2006,4727a602c63b463fbad34192bb823ed7,b83fd9e19aa743a29093dc8a8712849a,PE City,PE
2007,584cbbf82d5440468d5fdd6eaabba597,27345f53ddd447619d7e53ec234efe78,BA City,BA
2008,b7398a3e0e5648e0b290844d9400d073,2451a9b2afaa4e33b8d5868654800599,Porto Alegre,RS
2009,7119677ebf6546dea8b97e6cd747618a,a678f88f034c42d597cce53b59675144,Sao Paulo,SP
2010,037172f26cc84c77974b27ac3871ee08,3a11033d053b440c926e2bcc204ab712,Sao Paulo,SP
2011,9bf7cd2b65ad4ed6bb9da3b99bf88021,7b7a1368ca4a4fd6b9e115317b6d176b,Porto Alegre,RS
2012,48042f4f7a1a4ccfa3b3f049e338c26d,7e2dbe55b9fa4be18c5508bfdb9eeb1f,Sao Paulo,SP
2013,597611f4fd5946849a119d3417c56d9a,eb48ddbcdc8646449e5da01fd6aab94c,Curitiba,PR
2014,ba3427dfb82d45c3a08bac6463473ea4,6e507f1f231243238ce87214412e103c,PE City,PE
2015,7487f947e4ef41799cf3fd91b34caada,f7b78143d0a34def9bcd403d384d72f7,Sao Paulo,SP
2016,e354ece939534374914ce0e04e0dfd06,de98e8c024494773aae6e35d2bf2a2bc,Porto Alegre,RS
2017,b94ed1f648a0413e96b49e89ade9d454,80e66167ecde4893bd41d2fc7afcf033,Sao Paulo,SP
2018,7b87011d99a64c7a8375ead13ad7a243,26197d1a359e4439a54863f3403ed2ca,Porto Alegre,RS
2019,a80eed803c6349cb85b3ff12b06b19e8,c1d19aa3e33948be95ee9507d14559b0,Sao Paulo,SP
2020,e29603574d8e4e078e6b03bbe754a7c1,afeb8585bf4644abae816a25a4a656a2,Sao Paulo,SP
2021,c81beb2b70554ce7a8dfcd767bbad2c7,e182981a677d4a4582a662ff9a259307,Porto Alegre,RS
2022,c8fdd94aa9e74591938af2c1258de97c,a23a0aedbfe34f7693056e6ea3cf8124,Porto Alegre,RS
2023,d1a1f2b7da3f44ecb18a52a696523019,4dd12cf25f2a4c13b78054b85b0ce77c,Belo Horizonte,MG
2024,12a1fcc18337430f905e9682ae9062ce,1e539246e65e4152a651e04f441b7430,Rio de Janeiro,RJ
2025,208a9fcf9230477eb6d58eb666dbcabb,4072ac4a27224b8db33da924a704e565,Belo Horizonte,MG
2026,607c38852ab0478c94b1ab86255e75ab,4dd78a053eaa41d4ae907d611f9dbf83,Curitiba,PR
2027,7fdf2ce6025a4f2f9bb2dd5ac2866c18,f4cfe19d71b2442f974976107f0ff682,DF City,DF
2028,c795bb443e3947a9a783f5db425eca60,778591c28da747cc82fe6aca3f011258,BA City,BA
2029,adebf23139a247d5b26c8d763a0459bc,f16940edb63d477fbabfbf916696e3a6,Curitiba,PR
2030,fc7a42a7b43a4b8c8817934984a859e0,03fa2ef814b646adae012e3e455a25b4,Porto Alegre,RS
2031,f4cc17796d5742dda0fa3897d9907157,685ffae7e26e4603b8a24c2659cd625c,Belo Horizonte,MG
2032,8bdec45c2b7c475aa59e5fe1c9df6ead,b45a57142af84ed8b2c2a4967569277a,Sao Paulo,SP
2033,268ccb8d08364314a04db6b3eb680cb1,506e2c58bbd84e4eba91298c6f4b7725,Sao Paulo,SP
2034,54d5b5c2993e4c1a88d522314243ef19,f095961301a9420a94ea9ca47a06cac7,SC City,SC
2035,90c31c4710e1422ba3340a7b91e05b52,3968113b836d49b3931b24a41fe4bfa0,Curitiba,PR
2036,64e03c7408fd49dc8733d344b20737ea,0960df67f6ba46f7887f7c0b3ba18e31,Belo Horizonte,MG
2037,8f21bc0b003d44eb97d0a2f5bb5b71f1,d8924465adcb4521927f9546d7b08405,Rio de Janeiro,RJ
2038,fa86c8dabd4244d2b839b6a017e4a61f,267a450e59214d1eac82d507851782a4,Sao Paulo,SP
2039,8f7a236ed67644ecbd4d2ef2f5256a21,254feb163f6e481b8c2850637b6023a9,Sao Paulo,SP
2040,810cd491da3d4953bb698c28479782c6,36ceec64879d46cda9f1f40e4fb305dc,Rio de Janeiro,RJ
2041,83ae8fabfa6240f7adfe0ecd8d318723,7bfc02c9d0454f9bbd75e467c435499f,Rio de Janeiro,RJ
2042,8b843937dc174a9780210deb30a0c9b8,bb0926addcd34cc1929cb3ce5c07b9aa,PE City,PE
2043,d299e3b6f34749f096398cdbb3de8704,3ab437aca8dd4b6d9c0314e82bc34da1,Sao Paulo,SP
2044,075cb17d06c94c9c8d2b8436c26b834d,4c7859fa55054b239323c68e1bbbea9c,Rio de Janeiro,RJ
2045,2c387e6bb31d49e69fdf1593379f2d32,d75934ae50c7489c9581ef94d229d0de,Sao Paulo,SP
2046,fafa0d40b8614122aeaf83cee742cf28,522c44cb2b3343299a2af4547fc59a70,CE City,CE
2047,c210cc481b7c4578908efbf583871a8a,797081c0ac464e9cbe2cf8786063823e,BA City,BA
2048,4a68b05e84634f639e00f4e23f5bd27d,d0da2e6958fe4cdbb97c28db1eec2794,Rio de Janeiro,RJ
2049,637ad2ce325f4e37a15b4c1eece8c1a3,3b1e313c912c47e4ac8536922038c95e,CE City,CE
2050,756e30c96ddb4151a07ee8ac7410ed78,5b54ed5268c44c94b37c9285088096c1,Rio de Janeiro,RJ
2051,458a0ffd45774dafb7cf58952335ecb5,462df40e442e4b84a5a4e8cf4fd0455e,Sao Paulo,SP
2052,6e1014f6af744cf090bb9e19d9beac2c,f23548c980f6451b9eb0967be0498571,Rio de Janeiro,RJ
2053,c88f0f96c9c24de9bc5f32e92c46c39a,372e843386a243b7a09da6d30e7ad018,Sao Paulo,SP
2054,b9cdba7430ce4c6ea79939d697c232b2,5ca6ec2ca2334be6a4194df651d723e5,Belo Horizonte,MG
2055,8a09b602c1704f4ab9b1ad511c228c83,f8eaf84e513a463c865ba30b1c411a87,PE City,PE
2056,3a35de8c0d194e16bd8494f7a20f604b,c55e687bfe7948e49026bcf4c1a21b41,Curitiba,PR
2057,b73943bb86c2449e9c73020bbd71ee91,95f34d525c554a3db72ce6a33be1fdbb,Sao Paulo,SP
2058,13acbd88d3ef405ba1aa846c3853441a,7cd3b4ece18d4fc4af9c91c7259ae1fe,Sao Paulo,SP
2059,1fa840b1e346456893372921ebcd54c1,ea3708205cb448bc8cdeedeb3939ee33,Sao Paulo,SP
2060,0c0b442a3f464bc8ab18dd73d912507e,21110088b9374f3dbdffcfba91b76566,Sao Paulo,SP
2061,81fc5753d86a42a6a7308fa9414e0ad4,ffbe4d5bc71049d68a77730316928f24,Sao Paulo,SP
2062,a9cdc24aac7a4d8f927c7a8b899d7967,274fd1e9dac14f468c7b1b38ec80e0c0,Rio de Janeiro,RJ
2063,b62eccda83394c12a7513769d2d2b83e,a1e2eb30b6174c73843ee54fb5ec3a09,Porto Alegre,RS
2064,749a36373c9b49feafad7f7de193e66f,1392ee51f7ee4c5e807840f63f778cc4,Curitiba,PR
2065,194dc2422d624547b1b8b44df7738e32,130922e1ccbd4f7db4095adb499e57e7,Sao Paulo,SP
2066,5606ecc754cd49369f54c412762807c5,1c9ca34fcffc48ae86d5e7a635c807e0,Sao Paulo,SP
2067,5f89c09bfacc4a2e812b2efbf399f269,f8fb9d9988f74c54966bb2115aa32854,Sao Paulo,SP
2068,f4f1c73f06014f099e0eb6a543ad70ea,b43c9e8d917946148f38c6378827d216,Sao Paulo,SP
2069,d2730600a81f4398a91e7916db99b68c,8afa1d99a42a4b74ac4c8633535716de,Sao Paulo,SP
2070,437124538e424016aedb53c1530bf997,afb605ae5a55444dba3302f4bbff275f,Sao Paulo,SP
2071,5b53c82a6efb4ae48566d317851b1bb8,a3037e62d44842bfa819e2a2642a1bf9,Belo Horizonte,MG
2072,119a7315490649b3b2e3766f735dd419,1a1978b0b1a842388ab470093f8e5611,BA City,BA
2073,b012e93ead20447e929df4ea7e5e8d4c,14e5e7cf75d34ecd8e7fe8f51149012a,Rio de Janeiro,RJ
2074,6a1bcdd3a81c4a9b84fb84ead8923ef3,0ec3434816164a108ee571e1e0d362a7,Porto Alegre,RS
2075,e976cffe03b54a3992b1cc34f24d3e2e,1f42cf4eba1c4b45a50799da64cb1435,Sao Paulo,SP
2076,bfd9636f6d49411296f1ecce00deadcc,4b25893919bd4716a52dd6072947c3be,BA City,BA
2077,250e967b20564ea48a45fcfcdcc816f7,70b5827865be445983a12b7eaec5145b,Sao Paulo,SP
2078,c906953799e9405d8155f0eaf402cd26,db44aa64d3a6416aa7079c31940578bd,Sao Paulo,SP
2079,a02ee25d3d93472bad9ff01e77f38e01,d4c91639649242bcb63c8332c431c726,Sao Paulo,SP
2080,ed9e936d08a8488b8f735c1e6a30f563,5fa8beac68684fd89a6d3cd64743ef22,Sao Paulo,SP
2081,656543aff44647a8a98a417a5cda54b0,d7345514a8094be285f4931ff6a2b8b5,Rio de Janeiro,RJ
2082,137b4ff77a074ec2adb4a98f9ef1e9f3,f8cd02ddc69342bd8082ae198a8bfecc,CE City,CE
2083,7dee16cb859147999a2dee6ab6a3b5c6,842c5abd3e794c72b5dfbeed52178e1d,Curitiba,PR
2084,ab6ef9822b7843308df2cacaa265ae34,9e5f8435d8a94b4a96e3daa55380470d,Sao Paulo,SP
2085,6410b29492be45b79d1b61883d43b1aa,59ff3827efca465fb2cf414d559129bb,Belo Horizonte,MG
2086,38ef69b67c424ae78087c32cff976cbf,5973dd1ebb4342dc9ca48de0b5c278eb,Belo Horizonte,MG
2087,01005b01ca014dcbb775193aaf743e69,8a04e71024744fde8df3afc448d8d74a,SC City,SC
2088,2cff509ed19d42a2a303d2a2d879e167,8bfd928014e0414db23d7226e99b22a1,Porto Alegre,RS
2089,935cc7e9db97460ca7e5f4cc75cd2993,49b0c5ea01ec4a4ebfaa2f308a3df05f,Belo Horizonte,MG
2090,de535bb357844efd8979f41c9b350e00,58096ee0c27b41c4bca5eac3367789bb,Belo Horizonte,MG
2091,ac0ccfd2b87849f899a96d21510d8fed,eff42baae4a14f44920503b61eb8b9cc,Porto Alegre,RS
2092,52a1468261294b74865c9ce7490d5884,f11d8d002b9b489fb098d355448d23db,Sao Paulo,SP
2093,ba308cc18a194e129b0a22f157a33162,311aecf7e5604891bf39e9b6228837c0,Sao Paulo,SP
2094,4e1328cc821c424a827b25e7bed8e771,7d765d763976413082ab44a2eeff9595,Porto Alegre,RS
2095,6d7ee84946ee4a968321f55c34749793,3d9a4058bfe24ac29a83f4e8c9885350,SC City,SC
2096,b2cc2fc39cf247c68ddcfb94baa9110a,bcdb08df055b4427b390191e032bcd4c,Sao Paulo,SP
2097,f7205b8407b34e5d9e4cb404ce48cc7c,153032ae407c4cc2b5d32d69a1914b06,CE City,CE
2098,0993ac1b069a4d459ef2cf5d9e34d38d,22359208922d4703b819628a9a8e46e7,Sao Paulo,SP
2099,7b08c205267a4f62ba3c4381206a57c1,3408cfe241054195a7418224b88eaf51,Sao Paulo,SP
2100,d26d03da6ce04d62a3f794e122cf849f,cf55533fa90647e3a443bbdcb9721184,Sao Paulo,SP
2101,1e69d0d0723340de85419dc2827cbf52,7b67ff655754479cb055f50f68391f58,PE City,PE
2102,e025c208329542e1b8575e280082341d,d6621f09f4584e96b7cc7c0940e2043c,Sao Paulo,SP
2103,777e433b545b4ea1a2a5f20476c3078d,2fceaabb776a4588b21cebbd70d6e21b,Rio de Janeiro,RJ
2104,fcdbd2f2605d4360af18a709c365e2e4,d23d737645f6483ca181e5e69c26e245,Sao Paulo,SP
2105,c236a8d6f70a455e8d0813f53fd7fec0,e8ec8bdc20f340798cc75b83b44c50e4,Rio de Janeiro,RJ
2106,42ec4c795bca41d3a73887c05800b384,b918c5b8819f4785a0c90cd41d102a5a,SC City,SC
2107,c3c88b5fd6c74aff8afdc7a153f7044c,3f6d891615da49009c15a5f4c0351231,Sao Paulo,SP
2108,6c217ea05ebd4430a870344a05e44a73,e04e5dd53feb4025bb081e55729ddd3a,SC City,SC
2109,2ae96221e16e4fe1b3dac87a54307adb,79bb0891e3304b369ed83c60d78be92e,PE City,PE
2110,488726b081ac4ec98c8d5e890d489140,33a49e7e697e4611b1d2ecc139bfe67b,Sao Paulo,SP
2111,c077346d855843ec8dfc3a48e5385f5a,d0edcd84719f435daa3aa2fac19596ea,Curitiba,PR
2112,ddd669c8b867485399a8b5c469cd62fe,13fb89c48e8e4a87a30e369f22248dfd,Sao Paulo,SP
2113,3676fc60ad6044ba8a9d06235e914f31,e99dce0727434f76a942520b8da91edb,Sao Paulo,SP
2114,923050dd36ee4efabdacd24e4505187a,9e60b1e7478a49c2b718e1eace308082,Belo Horizonte,MG
2115,2937495197e7441b8f2ea75f40014e99,aaaae402b3a443c7a42899475e9e3a39,Porto Alegre,RS
2116,4d34eeb28488464a953d7f3beba5524d,3246da26d3614ef083aa67916393f833,Sao Paulo,SP
2117,881b9e669a734f38b954a395783918c5,49df43e2ceed47e29de2f7553b352a20,Sao Paulo,SP
2118,b32e708f03d24502b90b688883b27c90,89c8210c4c0f44dd8f4ef2bceecfd37d,PE City,PE
2119,f7a59de6d01c4f1f9137e0a0b38565f4,9cdd435e508c4b8998cbcb6a8d4bcb71,Porto Alegre,RS
2120,a43e681ab9e24862be77647bf8657677,64207f6aae8c4844abcd83e0927732b3,Sao Paulo,SP
2121,9e2ed778cc634fe58524536f1a1716c3,5d3cd4d91a4246c5945c98c00a3f75b0,Rio de Janeiro,RJ
2122,00d92704d5db498f9daf6a40d79e171f,293d2dcdac584af596c3d913402eec1b,Sao Paulo,SP
2123,b000bae8a6a04f0cad3065ff631005aa,d4c96f3493d74de0870e88c3de7ab99a,Sao Paulo,SP
2124,439b8b9ae98e40d597b9fb068b07c972,99e8a541033949aa9c5842412af57e1a,Rio de Janeiro,RJ
2125,06c980bc449b4170a066f6928b9a826c,59c48ab3054b4058a5d3f520a3e18d0e,Rio de Janeiro,RJ
2126,09990b4ea82949a7b3294287243b9ed9,3f9cd140567840928b9f5ef7b4d3e1ca,Sao Paulo,SP
2127,5dd0cecd4b9f4e3a9b9afd8a46b0d0c9,75a46122ff954ac6b2f272674727443a,Curitiba,PR
2128,df1f06b733554e4d94c2514c70265a3a,0acd2d0daa304ba98fee9b2b0948335e,Sao Paulo,SP
2129,e22acbf450164416b0734fbc472962a2,da4c2eef7bf543c6ba1d2f914469dfb6,Belo Horizonte,MG
2130,2950328e345446c692fe00d6e385dff0,6b6ff05850744cbabbaa549964736e5c,Sao Paulo,SP
2131,2f2c243612d1413f974d82bd17871be3,9bbf53fc53aa4bb1b3b49365c4e72079,Rio de Janeiro,RJ
2132,361d076d2d254794a58453c873781f34,82138422032b4406b24050d66b9ab025,Sao Paulo,SP
2133,593bf127f92d4fa5906f6ab190294a81,3abeff731bdf4e88ba38e63b16028c94,Belo Horizonte,MG
2134,82f3d64fabc04cdcba66d1d84f72a68a,62ae295acb3b4750bcc4032cb38697c0,Rio de Janeiro,RJ
2135,53f09191432244f68377c4beb86801b9,7add11ff44a2459f88a92be61f14da6f,Sao Paulo,SP
2136,9eee0039a53346f69f84005831279f09,b27cbb41664a457bb522d9dacb3c20df,Sao Paulo,SP
2137,8ad6095a888e4b4581f39af373e32e77,4a53d3c7b3e6456c86994b3608ce4059,Rio de Janeiro,RJ
2138,30ec5c46dee845c8844d476feb924499,915dcda959cf4392ae3a7856400b3438,Sao Paulo,SP
2139,2a22d6845c544820bae000f1e86c0497,075e0dfcc66a4b17a984f3746bca173e,Belo Horizonte,MG
2140,6b9090137d094e40a7433a852ae32c77,7c7cd03007b04ac3a32aa85faff42bef,Sao Paulo,SP
2141,0ee10ce372804dd8a51fc04c4ca7e754,5da0a05c7fab451cb53a4dd9afc54888,Belo Horizonte,MG
2142,3649cd62445249a3a0b3079a38bec34e,94f6f0cbea504e6d8d3cdb1bc4b3032d,DF City,DF
2143,9d40a075357b4381afa1cf0d4ea1c4ea,1ce3534d89fc4f25bd610ccb780763ac,Rio de Janeiro,RJ
2144,0a60ad5c40b14f64bfb21daf9c3ed0a1,5ff9c9da5cc74d54918d875633b58002,Curitiba,PR
2145,87f6f9fee3a14fe0b4dd4a3a00ad3ca8,9c4b1f70f1be490ea6128653a1053268,Curitiba,PR
2146,f2c8000000d34a93ad465a82ece5b4cd,891c9cbc07d9467eaf6956893d5dfb90,PE City,PE
2147,437395f7417940408fe81a586f29e81e,934d08aff8aa49a8b4af8053a488bf04,Sao Paulo,SP
2148,e5cfc80523524dfcbbe00d357ded4530,bb6de5272e0147d5b275a1b280206e6e,SC City,SC
2149,b8073fba002e4e7d873a9cd98f17b9c0,a886d8b4b5674b1c95a01b8cb759f82d,PE City,PE
2150,626683d8b5ae4530b60d6f4725024228,131bde9f0a514949bc247ebbf75dcb8e,Sao Paulo,SP
2151,91f15733773447c5bd50a24d99ab2e45,3196eb706fac4d5e88a05e09b9d1e589,Sao Paulo,SP
2152,242fe22e5c5c4f01b58dbd2d5fa59149,6458cb4835b3435281f9c6255acb1752,DF City,DF
2153,e5a57e453df740c7a30c8ece42c1d0c5,6d236664281b4abf9450aad9e5d62b11,Belo Horizonte,MG
2154,c61832310d2d4cb2b8658c9cfcbc519d,ac2c9a0e648d481b98d0db35dbb1dfd8,Sao Paulo,SP
2155,12c1de78f7714d8399eb0ac64fe70a62,f7acfdab4edc43b38bbb45d4c9a4b39c,Curitiba,PR
2156,8528768ee9fd426094dffd90542c9fc4,cf90a9def4e6484db10c02bdc9c2cade,Sao Paulo,SP
2157,828a184b453b442f8c482c4cf81d58d3,0f3c3bb57f354a2f965c94d6aafbea21,Sao Paulo,SP
2158,906c7a23c92843fd93eec29671226cea,85a4640c92dc404fbe4ecb1fcd2efb4e,Rio de Janeiro,RJ
2159,4c61333c7f1b4c2a9b147456981ce1a0,005f3aa849b74772b86afb6fb4cfb314,Belo Horizonte,MG
2160,58f21f60fd524465a19290e54dc77b61,4a17c0e096b94931b5f6fafd332b770a,SC City,SC
2161,22cb06d8979c43e78ec4380da9136f6d,9a89a4500820452ab0f7ae2e81ddda07,Rio de Janeiro,RJ
2162,ddac76cf981b47c899201ab31c3f3652,686ac85ef2c54468ba035eb66e159269,SC City,SC
2163,34f53f646a47409eb4d2bdfbef381ec0,c84db07ab2d14694a5795dc5ab93c17e,Sao Paulo,SP
2164,845317d85e5f408dafa350676e5746a9,5ce941a92028472ca8df540294d9ae20,Belo Horizonte,MG
2165,859570de5d06477fa2079e8e4e97ce32,17c8a1010ebe4a9b8d72021a5fb7b844,Sao Paulo,SP
2166,27e76886849e4a94bf50d08b2e94eeec,ceeda1c7e916494886b7229fb71ce8bf,Sao Paulo,SP
2167,be675e664e0944a68b7b06a4e365a042,4af1fc7f1430412a8a51cbdf3d2ac510,SC City,SC
2168,a5c91c40c96c4a6197d842abed21cb1e,b275410092624b33a5e66e7718488df3,Sao Paulo,SP
2169,25227c053a104d50ad73d11728783f65,dcb4fcaa86ba4a66ab0c2a86ad8d7a9a,SC City,SC
2170,4f0ffca76fdb40f7bf9159974d71d94b,7b2a2ab53cd240a9b70cc5e7fe01a929,Sao Paulo,SP
2171,7204c899bd48461888551dbaf669c7d0,7b5c0e4af8bf444997e92208e99b1e10,Sao Paulo,SP
2172,689c335cde4e4d5ca08a3fb30f2c3219,860e365b5de244d7ad45c26844b3fba5,Sao Paulo,SP
2173,6c929627f8ce4642898449f922812b24,b05caf92320f4216b705c92c80b700e8,Porto Alegre,RS
2174,dde7dd413928469f9a3be1cd54a9f9c8,ce25b0cb4774490ea1b36c06eebd7e63,Sao Paulo,SP
2175,bd1cfca67f6d46c4a334decca67edbd0,d8d8307f72e6420f8f8ae787efe04584,Belo Horizonte,MG
2176,b78813a15add457286e9a8082e1bb722,6729c2be02264c06a3fe4ad79f6830ef,Porto Alegre,RS
2177,f03e3ab070a748459930665f03184896,1381326908394da59ef3e18df5a07881,Sao Paulo,SP
2178,b6b25d9eecea4995b0c5cd3807fa2607,8392d1612ef64592b16dddb894fdeb01,Rio de Janeiro,RJ
2179,86367b2c2c564b6dad8637d82872c158,82ac32c11ac44b75a689aafdce6129ce,Sao Paulo,SP
2180,b7b2c396b6164a628b6d90d26bbec755,2ef3822b55864947813ef8df2a51e94b,DF City,DF
2181,da3483b9bbc9450e908d113bee96e65c,064a431551c94e4ebd157db37b02f62c,Sao Paulo,SP
2182,0763ca0fb3744ed1a3706addad891018,cea45e6bbe284441955a384657765998,Sao Paulo,SP
2183,b17cf2af3099427aafab770acd5d055d,076410135ccd402e882b9de8a730241e,Sao Paulo,SP
2184,cf3b72cc7a734b9aa50e0533722ef91d,6dc0b14af95e4705bdf5026739c83816,Belo Horizonte,MG
2185,93c27d1c4ea14c3ea263ffe970ff93e9,750f1a74a279467ba32b8202898874ee,Porto Alegre,RS
2186,08687376a2d946ee84a4fbbcec99f1a5,5060d79aa99042e484a65c94dc515896,PE City,PE
2187,179d2a443a824192aafd02241ce4c077,5100b577c642420f841cdac800bbe26c,BA City,BA
2188,ec2a424e89354430bd2910e4b779f801,567b40815fc6488f998cb35a2fbbc895,Sao Paulo,SP
2189,dc0ff21cda8a4caba7f0d4b2ff531cad,ea32e6deda9a47408b433adcebc9599a,Rio de Janeiro,RJ
2190,e5ad0b48972642509647b80c0069625f,79849f78a14d4f458cf1a711903bfc37,Porto Alegre,RS
2191,b32b0706110e431aab9eb00c50c00ea6,fdbe26da9ca645ff844b573f9ba6f5f2,PE City,PE
2192,fa4f937bd7bf4852bc6756e79d498a90,4e33efbf5900479388fffa767198423e,Sao Paulo,SP
2193,beaabd5dbb0f47bdb809aeb49a43cf45,211c77b77bdf4b38a6510e3b49b75a3f,Rio de Janeiro,RJ
2194,2caf4ff9985e409fbfddfe0ad54b29a4,f9cdae37092241bbbc946a330a46f8df,BA City,BA
2195,e205252c8d3a4643b7610917238d45cf,f66ab550c0c247dd92d163a969118d80,Sao Paulo,SP
2196,801e1ce0f63e4017bb02769d6210e6d4,cf5e2e9f321049c1be333730dfb49062,Rio de Janeiro,RJ
2197,f05ceebece6648418bde5feca9429caf,c1df55587a254a35af54efd05af966b8,PE City,PE
2198,24ed32c2da5145fc9f181bf18861b509,c2841dde967842e09a1945469d18579a,Curitiba,PR
2199,be67e0d7f5e244f49590707a8891ea8b,1e63d2043ed74b2aaa50ee853d65dca1,Sao Paulo,SP
2200,ad33660736d54e3cb437a106ac30c606,de2d4dc1fedd45c09708cff378fa721f,Sao Paulo,SP
2201,3eddd360c4484a98895e0245c8c27a50,a3b05f0c87144008aa6470c85f322201,Sao Paulo,SP
2202,375b6e2ca6d24f30b57e279b177f6ea8,3130e5c8fdf84bfd833efd53b979ae62,PE City,PE
2203,d208fa8c7df345419036fc2f342d12d4,5c99c8e4bc134d15bcd84cebfe2e2d73,CE City,CE
2204,0d12a99cc84342b094e4bb48fb195a7b,bd68887aa2894cb7a50d9a15f4b3e82d,Curitiba,PR
2205,b540c0c438924b62aecea2d85f4f615f,ee4f2c0ccb1f4c15acbebc55d8d3c93b,Rio de Janeiro,RJ
2206,621f1f3127c14044947d9cf2dc2343c0,1df8d3c6b9c6408097ba918d3a2010a0,Sao Paulo,SP
2207,7b14301134f14a919a5be906cd159ea9,be0ff89e5a6f4750ac7aa543e92bfc58,Porto Alegre,RS
2208,b8f062b79cd143a58376e1a745106653,f00744d647ee4ff691585c37c00b9684,Sao Paulo,SP
2209,5cd33f6111e94a6f910113031d5b850b,4648739e859843d0a664d91e752d3702,Belo Horizonte,MG
2210,fe9c464ca8d746ecb01ad83604e5806c,f097d73f31d84c9da4a210d107a67c9d,Belo Horizonte,MG
2211,46992c483981488ebbd45aeef242cc44,6b05d591f60e4cd0b1bc034bd5067c6a,Rio de Janeiro,RJ
2212,874e6c6018f4458abe8774d6391d29a8,63d5a6d6b28b4c0cb9f9ae61e5142b74,DF City,DF
2213,d85b25996a6f445e856e221f7311655e,62a15fa572084a9cb39df6142f4efe59,Sao Paulo,SP
2214,cd918f2e5dce475891f20f25bd82d621,3356a8c589b44d23b15da0a77f5bf0b8,Porto Alegre,RS
2215,309816e685ee4655be87dc5161979921,09a82fdd73df417fa02161f334e5116f,Sao Paulo,SP
2216,5fe25eb5c67b4296a1d0e080786eab2b,f824c5e800174f41ab4a20dc6a0a3543,Porto Alegre,RS
2217,68b1c0cd187b41aeaa68363c226aa18e,c80ea7b09453418c8ce3266088f5a98a,Belo Horizonte,MG
2218,132abcc925d44bf3928139c76dc2c875,722230cda76744058e60a64a8c0e8767,Sao Paulo,SP
2219,30f3613690b44bc6ba4c401e2c84a5e4,5adb2542912d4d5a92a82feb42ad7443,Sao Paulo,SP
2220,a79b325db835477b945bb9cc0f40192a,2a5fa3a6124c44e69ec8897f620e2c03,Sao Paulo,SP
2221,dbaca1e75d0d49208b3147372859d4f6,9ab9ca45de714818bcdad2e5d5bd75bc,Sao Paulo,SP
2222,aff4fb23bcda43c08ec89abf2b9d0bb6,3adcb1d09a49474c89ef7bd8b403937a,Porto Alegre,RS
2223,8c6384098f484ed0bd613a0eddfede20,bb8fe76b3b8346ac9bf14a4d447a0bd4,Sao Paulo,SP
2224,791e623987934e0e85185c8cd97b8583,92c81d69bfb04ed8a37710e0dbc86d3a,Rio de Janeiro,RJ
2225,dba6db4582f24a0f898949a7d6352b79,df47a846f7064d38841d695076ec0e14,Sao Paulo,SP
2226,d9a048087e5940df892c710faa5fc096,97a30a0913b749708d8e8de8dc56e1da,Belo Horizonte,MG
2227,d5f4daa74a1747e0b55c4ea6ee546f8a,a9c41631cb67487aa70cf06d172ee862,Porto Alegre,RS
2228,cda1b75f575c4725934d08a92721b84b,bcfb67b721524b9dbd06a242d1e4294a,Sao Paulo,SP
2229,4284c6f80c6e4924bea3455364121a1f,b11eb314d2b44a69aaaff4d80a2ce3e6,Belo Horizonte,MG
2230,0b063ca17339498eab1702e537072473,cac51b1bb1714f868156d69b816f8b98,SC City,SC
2231,a5311ce1837946a885feb64f606de3a1,04134e3ea2e649768eb98d2b0f05cdbc,Sao Paulo,SP
2232,184224e3bb734a55a077d484169288cf,43d42fdf13fa491b94081681c1cd4b5e,Porto Alegre,RS
2233,3870258603cc433ba3ca7fd577c769ac,9cf0986ae7774bebb362535c04ce8b42,Sao Paulo,SP
2234,8a8f762048d4407098d42427d9eb6a6a,99c0c67cf23c4dfdb583d937320ea44a,Sao Paulo,SP
2235,01e6e969464b4841b997b1089019cd33,33f6aca7683e4689b15e6b51a16a489c,Rio de Janeiro,RJ
2236,3e0be25b01ee41a2a264b124c72845e2,4223ae98e52b4832939946996ddcfa5a,Sao Paulo,SP
2237,c411e3a5cee24834aba440bfb8b43e7d,91206b7665ba426c803275428f1e9d58,SC City,SC
2238,2ed13751b24d414b8dd1c6ad9346bce5,d842443a8d914a548b9b84bb4ac8b8c8,Sao Paulo,SP
2239,b30bd69389714ae7bd638457b9c3dcc5,cbd2da3759f143298bb60874cc1b892e,Sao Paulo,SP
2240,b114351a575241ab85a9565845c62787,a4600dbcced7474ca5218d3910e82222,Rio de Janeiro,RJ
2241,01c60a0e784f433a99a2c05c944e0f28,60dab723dbc94963902c76c98381755d,Belo Horizonte,MG
2242,f89c78e9d4f240b3a1cc2cad175d1fc9,c2a91eb760c24be59cd1d2b937a3367c,Porto Alegre,RS
2243,a77c4ac211994dcebf0e212b9e4a7842,6e7f2766c1194aedb7fa607766cfda7b,Sao Paulo,SP
2244,440b4851df6842fda02a40264b6fd84d,5ca66f63293345fba69a5c6f1aa49d37,SC City,SC
2245,53155c830dfe47e08a96249141c3d374,1318c90e5eab4004a6b4251f5914bc77,DF City,DF
2246,0c228ef204f3447ea8177b262692a014,e685070747534c01a841baade72f716e,Rio de Janeiro,RJ
2247,b4d90ca800e14beb8daa1337d438692c,ccf439b10f084c89816fc7815143e7a1,Curitiba,PR
2248,6d59766498a6480e9c33eb5e5e3ec52b,75fbc389bd41484da139d3446869b02c,Rio de Janeiro,RJ
2249,c8a469e84fe84568901ff4e77558c7bd,4ab58cad8947455cbfee4876f5b06208,Sao Paulo,SP
2250,31d7107f763f4e4cb1b85a0e640a8129,77bd0cc171224fbe8a52d8fe738b2534,Sao Paulo,SP
2251,03860d8460ff48388f6b5a4016d087b7,69ab1ff92364467e92ce70fadca215b5,Sao Paulo,SP
2252,2ea6da1ae2564a328af1d353ae230cd3,2abc68bcc9e04170accaf113c396e1c6,CE City,CE
2253,f583dcac3e6a4fad94dc741e3aeccc4e,ef8b42eeeaf4417b91f51c4676d47582,Sao Paulo,SP
2254,238125e16f18423f893d83beaaab4517,bd25260f25f24b5c8ba3130381c3debc,Belo Horizonte,MG
2255,6e901c52a0024737937d3ad66619892a,d00c7cf49e4d48848e9da1d1755ed568,Sao Paulo,SP
2256,c6d0dcaac81948c493b0cbd2be3a3b57,19b3fc1e10184ea39365c095f6d234db,Belo Horizonte,MG
2257,a2059bfaa8624ec7bd41cbb870285df8,28168a9572224b27b1ab870b17edca75,Sao Paulo,SP
2258,9f0a780f538e4134a8669f630f24be03,72dabc81eb1b4191baaaafe96c922c2d,Curitiba,PR
2259,75916b357b9845678f740e2d813aa103,7f78e77610f44509b5ba6badf0786670,Sao Paulo,SP
2260,e0131760ab00424692968e706f00f0fc,3a6863d4f5f8427db2e77c78d5a7e2f4,BA City,BA
2261,995eb5e3fabe471da76daefe6524d4ef,6b8af20c4af34d85a6ee85aaf4245f39,SC City,SC
2262,3ab113dd73ea425ba867bb2aac80828d,d47ebae4748e4f4eb1559864212f90f3,Belo Horizonte,MG
2263,bb24a5c7a2d843c7b1668e88add7021a,0db7f7e4adb34022a1b83c62940cac0b,Sao Paulo,SP
2264,c473d6a1fea64ceeb017b42a6633219a,6d757c535ba84651a02ecf12a8ec53a0,Sao Paulo,SP
2265,24e57300da2047588030e1a2e724bef4,dd0c8bb99a904ccb8dd3bb065801f986,SC City,SC
2266,ffc86497a83a41559a070fa6908140b3,58c725a6d9204733a83c6dce6565c355,Sao Paulo,SP
2267,5118ee3e914b4a78a6d5176a5d2db72d,3ddad57da7764a98a9ef211ad08c9315,Sao Paulo,SP
2268,e43041b3750748a18355149bb3737855,197ffc3230bf4574932d51ee16c4775a,Rio de Janeiro,RJ
2269,e21696c0ef7b4718a6e16bb5854e075b,b6f36538fe5940faae60d2715cfb08f3,Sao Paulo,SP
2270,cfe80a9dad0e4763b074427f47c0f12b,c6a587bf30294dd2884fc46e463db8fa,Sao Paulo,SP
2271,72da255802a04b0f8449b247470d9691,444351bed14d4d38a23b9c62de741a2f,Belo Horizonte,MG
2272,55727b82dae546f8a91c7aca6df5a338,cd79821c5bdf4f98b8a79c2ca6473136,Sao Paulo,SP
2273,b4b9bb7c5eb047d3aaf2109a606dfbdf,d9444271096548e2a25789d48672f82d,Sao Paulo,SP
2274,176ba0d22770454fb78457f726b15c86,43b7d6988870425aa6ef2635dbf0a887,Rio de Janeiro,RJ
2275,0e94fd6ec69448068c4230feb42958ff,e0ba504b2d814848812b82be26d33ce5,Sao Paulo,SP
2276,83682f09b9114928b799dc17b6d0b3ac,c32c745ef82545688ccbe9224b675e10,Porto Alegre,RS
2277,46381c4ef9f349979051bc6280811ef9,0c993e6f7cad4c14bd0c281b0469fe95,Sao Paulo,SP
2278,9dfbb3c0cdf44bf093c64cb4a73be8d7,96e4a570f6f24c8d80099d2debd0686f,Belo Horizonte,MG
2279,f9ffea0641284674b2e2fc6f96b3036c,67e3ab8d3f054047b13154432f08ff4c,Rio de Janeiro,RJ
2280,9229274b7c554e8da469f59856aa13ea,6e16cacb9cc94a1c954df6d308524e02,Sao Paulo,SP
2281,74513451b0c4472db3dd0733fb85bc68,5a45ef8d2731491ab3b08da8bbc4c84a,Sao Paulo,SP
2282,225c1e437b39450f9b74bdca9776bb30,2118d2c3cc364e20a0d35d0b887a0147,Sao Paulo,SP
2283,bcc7a8b235c541a4b9e7bec17369d6c0,c0b0766eb48b4fc98a62b1f41427ab0c,SC City,SC
2284,f984560da4304455bf05e2c083cad55e,c109c9211a56481592f2acd205ab21ea,Sao Paulo,SP
2285,76d8be4b37b9467896423904e59c2c35,7d1009233ff644b18e2f272691f83505,Porto Alegre,RS
2286,0d16a174d0bb40de87e7de5ebcf2ac9a,108a3e03e7e547e1b6dcca38eccfc4e0,DF City,DF
2287,2cbb6416b1c9485583a684605757833a,905b4aabf5784810b00d0f8dbbaaafdf,Belo Horizonte,MG
2288,1121ec274a7f4c64a2446d090384e260,a8ecc758c5054a09907651d628f26a4a,Sao Paulo,SP
2289,b7e9c77f48394805bb332882a47d111d,b1ddee65fa154bf8aac623b26b33afad,Sao Paulo,SP
2290,e460eee921374e4fa3f69d4cc3a66ce1,8e4c2d7adcac4766afce356f6ec183f5,PE City,PE
2291,03797632b071433696817ac5391da500,95651aa2c5ad4715a520508b8bf831b9,Porto Alegre,RS
2292,2deeb501aa9045d3b56f92f1642fbb00,31e65c87a7d6466db55b8e7e884e4cbf,Belo Horizonte,MG
2293,bb774957557843d9b28f6733e2260521,8850e4cc185e40d589df2645388ed05c,Rio de Janeiro,RJ
2294,5926964aa19b4aafabfb06777cce2dd6,54a37c697f6d425d949d1dda9549422f,SC City,SC
2295,a5f71d913b30491d9d28ea6b67cf5fc0,57e77f2d7d89423e9d6cacc11e6b4f73,Porto Alegre,RS
2296,70815a2747ae4e77aa68748ecac4787b,cf41e50f54324818ba9c0648c4ff1962,Sao Paulo,SP
2297,7da0a8c5453a4345b79b54ad39e74d84,05c9099049804797ad56eb77a5900a27,Belo Horizonte,MG
2298,3600f9c9f3894dec9e7b64a0c45c7cff,34ef1e4dde2d4f11ad9df3c4e4cb0973,Rio de Janeiro,RJ
2299,6a283f9685074991b9d882b69c27b179,1a38aa4c074c4cf4986a47b08d754b85,Sao Paulo,SP
2300,9b8c342af05e4f91bf0d4499ae4d7d5a,33ef3dad9a5f459cbbdbef7752e264c7,Curitiba,PR
2301,dd1294d7dc3b4266a0c4092cf552531e,1893883f1f4041e5a152fb395d6bbcc1,Sao Paulo,SP
2302,d7746cc883b54d86b6ef1b8e9cbade88,8971c77756464ee196a2ce89984e64c7,Rio de Janeiro,RJ
2303,1fc3fa97e8b04ddaaaccc924bf05a66e,1dceab3570e44e55a65d69168df74421,Sao Paulo,SP
2304,8169374c1f2746dba1dc23a1c484b264,2d0e81b16b4745f19c81b1a68a61fd14,Sao Paulo,SP
2305,909de1f3079e470f95cfbac7c094a4ac,d8c6fb48df044f539b8c231910f0bfc3,Rio de Janeiro,RJ
2306,be68deb0e490434b80ce00ef61fc129b,94ab1cb9724b49c09677c81aa01f0afd,CE City,CE
2307,43aad8b01da2431f8047354e132937a8,3bd4d483ebbc4d5b982385571f0fafea,Sao Paulo,SP
2308,d1ac7b94addc41368206aedd102d1747,82f47c3693904020b31eeef8d1476a05,Sao Paulo,SP
2309,14dbb9fed339409fb7297782df980e0c,4c29beaa003548a18512a3da0e9241a8,Belo Horizonte,MG
2310,57c4f7e810b44e9780085f6f7a6538c3,d3a492654f224b7c9cadd1eda5f7d331,Sao Paulo,SP
2311,de990314d2414840bd5ab0d21043178b,e41627ca60be402ea6b99635615f241c,Sao Paulo,SP
2312,e322d8b657394f9789a9bee548e497cb,2fa11135249d4b8182f6b1760f207462,Sao Paulo,SP
2313,8e2332eb3d9c462daff7d997af16a692,83ff5f279a2e44e6b34c5c85a23bec01,Sao Paulo,SP
2314,41cee4e9a5ca4c4fa412619597e4442d,6c96999f3f8f4691bab15e6604a92cf8,Rio de Janeiro,RJ
2315,5383712117014c67a8bcf3528d061f13,4f058673016e4f5eb0b4a8e2f68d2f5c,Rio de Janeiro,RJ
2316,2a5468a7478042d4b3d3cadaef38dd12,17fc44aaf0f24dfcb4daab8b0f2ce5f4,Sao Paulo,SP
2317,a5a49db0e05b4817858d74a710b09b9f,062ab82412e44d28afd3f04018510f0e,Curitiba,PR
2318,d721ddfbd4af479db44de720545748b5,13b3f9a9829a429da9566a84db19cefe,Sao Paulo,SP
2319,9458c016600d4d6f994ef291469f54c9,dac71bb555074977a3c0d9e586ed5cb5,PE City,PE
2320,3e2ff910aef447b583a18d084d9ff902,0e6799852e3d4f06b7f7a602c51200b2,Belo Horizonte,MG
2321,c15bdf7a339a4b34ad6cfc2ac747dd54,c201abf2d3d94c68b4dfc061c10fcec9,Sao Paulo,SP
2322,2410c49e60cb4db2b26b56c91a07e7eb,d46f17aab4ef44e09ab4d4c2e0b077a8,DF City,DF
2323,7c89e4afa6f74dfc9264be6d0db05422,f4b51c080580477a9dad1c2846afdff5,Sao Paulo,SP
2324,2126bfa298c94fb9be7ac10a944165b3,00179ef67a364d4fbd24a22887c930b1,Rio de Janeiro,RJ
2325,c171da3b6cc3467e803175a609390c0b,1c09b7327f9c4b669e7e282118763a3d,Sao Paulo,SP
2326,77c4957130bd454da2c44fd8dfcef50d,a261a864cb7a4789b46eed5377b99ae0,Porto Alegre,RS
2327,93c77022a2a14295b7b5b57fdd3491ce,6cd4bade79c241b083ba47814b83991d,Rio de Janeiro,RJ
2328,265926246e3a4994bc4c4facb9379af5,abe9ffa9032346cbb0a806a9e353e959,Sao Paulo,SP
2329,14c8e3c6f57449c9a1da470aa6939a8a,4086200daef649dcbb93d0ff0b095461,Sao Paulo,SP
2330,d19000ab5b7449259319152d98162973,317e836242ca4107bacf9c32e3ee0530,Porto Alegre,RS
2331,f465afdd9bf2470480463a96554c1019,80f82f7a252340768410d4227d247e6a,Sao Paulo,SP
2332,2d872ae9154844d7b11a385389cc749e,f6f47f675c9049b7ba8b3729710a4760,Sao Paulo,SP
2333,b9e538b3daaa448396ac715651b1d3e7,0f288570d1994825b7ca1a9a22ee155d,Rio de Janeiro,RJ
2334,a38421a1eebc47dc9e42eed6ceae382c,6a03174d719c49f6a373a9b149694838,Curitiba,PR
2335,7d0b7e42c0904e88922f2b6e65905f14,b3aa6b9eedef44be8d9782175ce7e8c7,Sao Paulo,SP
2336,bce9d64ef46d48c08a96935db07e71d3,7662f9e410d94f74883bf2f395f85803,Sao Paulo,SP
2337,4949502421e641328afa9bfab45ea779,5d80ae7c97814a2f9881540da95aae09,SC City,SC
2338,537c54b615364c159ab4e65d8aeb9b7a,f5e2633616264221bd4640bcb9c923b1,Sao Paulo,SP
2339,6aa475e05c9844cd9ac15253983dfe15,f9c2bf46943445ce8ae7096fd9fbd3d3,Belo Horizonte,MG
2340,6bbd17ed6bed400b8b5a4af197d686d0,ea251ddb539d46509d9a5d32d586d407,DF City,DF
2341,800a19eae3a648b49f735b05f0e05b3f,ae5fe2d7800d4dafae8c13c61de3429a,SC City,SC
2342,d676499b52274a6280ee48f77b21478b,dcf838ee52744891b45c2694f07816c6,Sao Paulo,SP
2343,5d78448013904e9c9ed909389d016d1a,2a75d2cae71a4c1dbc8cc06328129f7b,Sao Paulo,SP
2344,111ab77e6cc74f12a22d961c16b64c33,52a5097fc65a4a51b0a1b74089a3fab1,Sao Paulo,SP
2345,88b6e2706db44dc693f3010612afde29,73e61bf502084d679f5a71d373428566,DF City,DF
2346,aab26fc704ce4de2b5375be85b0954dc,7d81da4430094aaa8b5173744ddd3010,CE City,CE
2347,7008a23b930c40649866b6fc5fcef796,e8b5091e727e42eb87fa801e5cd0068f,Sao Paulo,SP
2348,706cbe27c7704236845413886dc7a3f3,21574079619b4a9d894bf62412e5682e,Belo Horizonte,MG
2349,c57aee8596d247e3b25f804eaaf2c90f,ab4ccc34b6b043ecaa55b2b754cce3c8,SC City,SC
2350,3e0960ddf90547d08c26a990467fb598,4dbca173dc864bee88951b4b1a476780,Sao Paulo,SP
2351,d721dd8aefe943a881c51b248d6a76ae,d1dc52b14968444aba75a63ecc11c1e9,Sao Paulo,SP
2352,b698e90aea7c4e5caa331d75f54c9d6c,f38e0d83945a455e9a1213cd8f5ef452,Sao Paulo,SP
2353,9c3547b09fdd45a19577af0adcca4414,41e8c765eae64f61b7decc35ef1b54ce,Sao Paulo,SP
2354,164b5ad0cb774c0a9256fe1885628ba0,f704acfb0a744e81a18eb55cec836a94,BA City,BA
2355,a5a00c1772b846368efb04ad811af41b,dde1849dfbb045ed99dd8971b46fdf54,PE City,PE
2356,5c59422cda3e4725b8df4d759751f47d,6f4faedd297c45bfa43bd73f84c3deae,Sao Paulo,SP
2357,478bcedd74284d249776a9ffe2374b28,d8cf9c680cc248faaf6dd0fe1285b9b6,Sao Paulo,SP
2358,326fcac06d67430f81eff37eb606597a,b61756189ac94ca78cecfde0282c9e10,Sao Paulo,SP
2359,c46679548e2246c5b8606a90ec298385,98a2b794d8204f41b76210499c094567,Curitiba,PR
2360,a282fe24c229446c92f409c5876f8624,186598ba1e484008bcb9b56fcff3af40,Belo Horizonte,MG
2361,f25aa03eee5149cbb72a584f2a38a984,e757a7edb6b24ef6bd3f01ca0e1eb8c3,Rio de Janeiro,RJ
2362,2d84e13d0bd44587a062a630811e8c5f,1785ddc5ba094f1caf0173dfc318b247,Belo Horizonte,MG
2363,0d41b33aff8a43738826914229cbc42e,225db9f905d84012b048345721a0ff6f,Sao Paulo,SP
2364,dc65d5a40b554657b54cadf44a69101b,021ff4069eaa4be58902192e81237533,Rio de Janeiro,RJ
2365,f5b7a6e1d15646bc95a5096b4de69252,0145ada45a1c4358ab4193fae57c3dc1,CE City,CE
2366,3cf50a60fbf24d0e97572eee6dae33cd,c1c6bd90d38b42908777d8819238ca9e,Sao Paulo,SP
2367,9e08f1c1a28b4738906024b45ff2508e,397b561eb67648b283b2ddb4456f3bc8,Rio de Janeiro,RJ
2368,a429fd5d72b24dcba2cec7faa5fa91ec,c47522aca55e4bdc83c7ade045732fda,Sao Paulo,SP
2369,eae7daf65edd4028811060cfc0a5fade,b40e9e1308374151b59461905ac7311a,Rio de Janeiro,RJ
2370,ee58d787a5bc49fd8553e9bb12f6b01f,07354ad904c5459189109088982cf33b,Belo Horizonte,MG
2371,357b4bc7c1ab414e8f7e8b6a8aeb9c64,484ac52e312d43b3933378ffefdc7488,Belo Horizonte,MG
2372,8764ae362ca245a280936e05d239a731,167ddab3ec1042a48a615e26a10b8e21,SC City,SC
2373,467d1017827e437fad18ca37fecb026c,5ba77d0e3a654c108f37af6b4c2b6625,Sao Paulo,SP
2374,0fa2b7ac0de441e687e3e99864adb0b6,aad5777cc5d94272b2a00f432ddedc5f,Rio de Janeiro,RJ
2375,513975e9c4c147aa8f16737f1f4dadbd,741b6a8d3ddb40f0adfb78934aad4cc8,Sao Paulo,SP
2376,e572bf58dfae440081a440504246092b,5ab3782742ce49a5bff379170617c9ba,Curitiba,PR
2377,aed566b6f8184d5391f1272c7fb5b606,54c740401ae148f3bcdfc84680e48f53,Sao Paulo,SP
2378,ba2d0ac8949040c5ae102b9218d63d88,91dcd6ec0cbf4ef0bc4f6b6b0840cc80,SC City,SC
2379,98a4e60203fd436a8367f34b982e607e,944cb5d2eec74311b186e0ba3d76517b,Sao Paulo,SP
2380,d52282091c5f496a8ba7d0803f13a315,7a05a491a454461e8f03fb35e3874d70,Sao Paulo,SP
2381,4214774089f64586bb7de1e506a88ab1,8366d1de242345f584f110bf7502f277,Sao Paulo,SP
2382,fdd4e3933e5d4b4c9ffa56e0efa613c2,5c12f929fc19400fa6b6daac16097e4d,CE City,CE
2383,1c5430108f5347d4ae141cb48a4aacb2,664b09130bbf43bea1695765241e8d13,Sao Paulo,SP
2384,5c94bf6eb9fa4b039252231e69503dea,168127dcd5c944ac9fee55ee4cfc9130,Sao Paulo,SP
2385,0a2aaf553a484512ac10934f014c3afd,1ca628727da8404c93b86bde0271bf31,Sao Paulo,SP
2386,6744c08f14f64cd2849a49f55a7a66b1,ae69b1fc999e4d71a263d6d3f5922e8d,Sao Paulo,SP
2387,f855e6dca29a4e2b8a9d65d77d00ad49,0f0df396379647f0bc69b4a2a8f527d6,Sao Paulo,SP
2388,958b232220564410bfebf497718f61c8,2a48a309a06e41f29629438989cfb7f0,Rio de Janeiro,RJ
2389,81526a2652ba4af49e553e7a3ae2099d,b8edeb4595ea4d13b0e28919c7870daa,Sao Paulo,SP
2390,25144f29ade34198ae4a6887ec51c024,17f4456bd4994e4493a65b5283c6e8a6,Rio de Janeiro,RJ
2391,e442b8224d524c298dca58e36223cf1d,a61b488c7b07451bbb14ea88ece27584,Sao Paulo,SP
2392,a4aa4d9178ec44ada92e55f110be1a80,8613bd5f3380487cbca1983ea18dfcd1,Rio de Janeiro,RJ
2393,0e38131a1a3740708c48512e25ae8aef,ba1837e784e343fd8196b50bb4efd720,Belo Horizonte,MG
2394,61cdb0447ecc49f6a9506683a4ee6dcf,a3feead9db374e6c876bd1b4a1d84ec5,Sao Paulo,SP
2395,5b242aaae3984fa4bbabf6172e6aeb2f,db11f2ab4e144394aed291f8e388f740,Sao Paulo,SP
2396,10b8c046ecf9416b95aad81c2f0c62bb,25f32f752e6d4427ab40fcabb3237967,Sao Paulo,SP
2397,74884224131d4760a72d2b681bed5666,c17ea639fe654b45994d7e4ee1d1cda3,Sao Paulo,SP
2398,423b2cf5412046fa9c0cfd9e58530725,987544602cb24e9f85afbc33251ba15f,Belo Horizonte,MG
2399,d6d05587708d4d43aaf20475b0eb7e79,84a8ff77a4ca433589139f2c31047d41,Belo Horizonte,MG
2400,6d8f0e09075441238e316736530dfa69,1749dcf8de514b18b33be4fd70f3a8c5,Belo Horizonte,MG
2401,b263a89e1d944cfbb074e5f4790fc69c,d0dc10bf7bf3460182df31d85c47a406,Sao Paulo,SP
2402,fafff7a59edb46fb85dd16e4b91872c9,0897004372b04e67868696196c39cccd,Sao Paulo,SP
2403,4c249cef8eb841e39e2eaf0acdac99c2,a74def07fa3f46c88048a6d7898e9faa,Sao Paulo,SP
2404,c4729f924f7d4723aeea370cebee9b8e,0d29df2dd3c04257a5b8c3ba1373bb58,Rio de Janeiro,RJ
2405,94a531491f98408eb9ed4cd1052f661e,44b73913fde84558b2a8ee5fba1b59d5,Rio de Janeiro,RJ
2406,13271dbd5274427790d04f875669c20d,e241c530f131414a9447c7489454f148,Sao Paulo,SP
2407,c8e9044a95834929967c2df40dc939a9,70f04513bd614287abaf1107173b37f7,Curitiba,PR
2408,0d427cf94fcf496b97cf319c644014d5,e0e818b8c38646089f71029cf5968592,Sao Paulo,SP
2409,998e666cc6634b509343ba1f981f268d,213e05be44f249a097b5cf1a27e3b97f,CE City,CE
2410,997ee07267a348d68e8bcd1eedb4b5ea,6f885b705e884e1c97b7465472217734,Sao Paulo,SP
2411,510b1ebe2c694f7baf341ec2f3b6ee66,e551def47e584f1c9be91304047b9099,Curitiba,PR
2412,f48c2b74ed7d4ec0b69155182a42639b,ce26782ebfaf41439730e7c87e8bcb0a,Sao Paulo,SP
2413,b45c3975f2cc4ab99276006b8613f62f,b18e6d17c1ac4213a9f576e72b708056,BA City,BA
2414,a5a97ca38b38477bb33933651d8c7634,5d942b918ebc48cf940e3bd3c99dae4f,Sao Paulo,SP
2415,596b51df49ca4a569732f52d2914a8fd,e48a1a2767504aecb54f9eeee17e51c9,Sao Paulo,SP
2416,cbc294f8130e413ebffe42232aa1daf2,511918df6f9b4c3a9a7572fe02a1aed9,Sao Paulo,SP
2417,78feb986649f400fbfc3b862d16c1f61,e5c26d821eb7454c8f33e3970a3d105c,CE City,CE
2418,295ccbf537644758ab41578e5d5670e7,56693290689d432ca8158b67f9267f18,CE City,CE
2419,39e8986c395347dfa12c8ce0f1887bd9,9eceebee548e43d4ad433eddd7a29720,Sao Paulo,SP
2420,787f475cf6a8414cb16061cda48437fe,b5ff73ab7d5c48d9b88a672fa586ced4,Belo Horizonte,MG
2421,11ad363c0acf45288e2072eb58410616,c290a71bc6084a1f979acf4c520032da,Rio de Janeiro,RJ
2422,25ecad0f15f64a19ba4932360391c306,b3fec8c8fca54c4fa91af0e833081d1f,Sao Paulo,SP
2423,9020a83502f54960aec595ada5847be0,ad8dcfc3f6af43219be44fbc5bb317eb,Sao Paulo,SP
2424,cb4ff124975b48d292c29807dfbb7af6,ad102f985f354e05b666f1c8c95b95e6,CE City,CE
2425,6fcd6f1d1bc344978ba89cae16c501ce,d9bd271202ac4d4796917019e9e1b0e4,Rio de Janeiro,RJ
2426,f527655b15804c2e863fc724510a93fe,26916786fcda469a928a340f64e3058e,Sao Paulo,SP
2427,1085918686c24d08aaf769c2543aa117,27a9edbedc7f47b4a4305dc4e47ac68a,Sao Paulo,SP
2428,455f2f3a994647b8984c482009e5e3a4,0263ea23acae4100a55b2ca1a240bd07,Sao Paulo,SP
2429,cecffec6d545429a93ceb75316f8f817,68c1a97978f34035acce5b5a5f74895f,Rio de Janeiro,RJ
2430,e13b2779f32a4290b1a792f9a2f1de4d,0ee48ae86b684e6fbd50bc5efac0ff7c,Sao Paulo,SP
2431,79c4aeb4e1ef454892718ab5cd968288,d83e9a170d1a44929a30ed6bf2541145,Rio de Janeiro,RJ
2432,1d131cc7a6fa440bbc0508255f0c8c12,b47a77e3413c46a99c680032ec5f1c10,Sao Paulo,SP
2433,fd46e519798641f2b27f59b017e37408,6bd4bacd14fb4baba6d832e8abd02784,Sao Paulo,SP
2434,15f6fe7dd0bf4a6b97d31504914aad54,ef0928676be34c95acc9deb82e50c05a,Sao Paulo,SP
2435,0d4f5a70f376450ca2bbcc03303ec64d,a7991940274b49c78b871104c94fb92d,BA City,BA
2436,254b29433a3f4440894e5a18ef25656c,dc43943608d34403bd867b4e8a99f360,Sao Paulo,SP
2437,dffe29b90506460391a42606603b76c3,5f12f62068e74ba1bc91cbb0211fced4,Curitiba,PR
2438,97cdfd73a30b4e0abce416368a313624,5fe3c4a0bf254d2990aa2a21fa5a7db6,Sao Paulo,SP
2439,79fd8c83230743168cd663f74b9a1775,c136efc8047e436d811d58e8ce7a57c7,Rio de Janeiro,RJ
2440,7a855f88e2c34712a457d9a71351b659,fe7efd2899634e2cbde9a19154e39d1b,Sao Paulo,SP
2441,f18b219bf0c34abfbadf7b436acb8d49,78ffeac8845342cf8f45ab2d07061830,Porto Alegre,RS
2442,e877e933b2e74eeea9bea2d481cdd87f,f88242fb53a6422e8f7ede1cf919dd4d,SC City,SC
2443,f65d28d086ac4beeb96dd5af390e1c56,8249c6e259fb4830a16f73365184b77f,Sao Paulo,SP
2444,a55f2ea8bf4249aca0e1129c2eac6fee,2183e4aed5574d90b90b19160398a421,Sao Paulo,SP
2445,c2b72b8878044fb5a88bbe93b5064068,b9de0e38171f4215944262b24d0e307f,Porto Alegre,RS
2446,6330bdbe7eab41f7acd07644be7d3668,c48ec7e0fa024a069fd1db570aa0816d,Sao Paulo,SP
2447,a33fdcf20994434e920e0ff2d124eacd,7aa8bd01b5574d8bb0544c017bf75e76,Belo Horizonte,MG
2448,12e48420d3b54e2cb6d1ff0afc063d90,b769ca89715846c0852f3e9459ef6a3c,Sao Paulo,SP
2449,b2ea85ecd3d74347b1caea0b0d921be7,3a337f26953049188e43341f1f3f4f0b,Belo Horizonte,MG
2450,3cce03537e814736bfffa68fd9245615,64c10d06d3e94ceb92f67479676fc237,Rio de Janeiro,RJ
2451,ecbb4a23458a4922a9b5ae12a1b07c42,b8527c9e3a6940f58dcffe614863db92,Sao Paulo,SP
2452,fc5db50f33a94df9b81fcbc2d2342f85,03edc3a4818e428a931ed21a19e3dbf3,Belo Horizonte,MG
2453,2f4368e2191346ba87ed26debd1b737a,2c33a26e7b1d41e3b1b5265395372d9b,Rio de Janeiro,RJ
2454,fc6a360ed4294a1b80367002b251226f,8d1eeb411b664973b1905023c4e38725,Sao Paulo,SP
2455,2e7170991ca24393a0debdd76b410030,f37f63693647404fa1fe57066c365413,Sao Paulo,SP
2456,0831466f240d45618d2181fe7502366c,8144c37afc6f4837b3f541d73af87e24,Rio de Janeiro,RJ
2457,1c04ab1c7e5b4a9f92d058d1e27270c2,2b4fe8256c4b4f2f8aeb5b993fe7a431,Sao Paulo,SP
2458,1aef134ff1124461b9c0f096c3d66458,1408e47faeeb4518bc87479d10bf4bea,DF City,DF
2459,0d4952653b32496ebbb65e735d8d5b17,20ebc853aac6404e951e14c03a448d57,Belo Horizonte,MG
2460,78c57c51901f4a6daec4525d39b3e893,3df747dce87f4e47b4411a76641e238d,Sao Paulo,SP
2461,96296f6540e747e9afd983e669ac9950,7ffe903945bf4679bd9a28c8ffa28ec1,SC City,SC
2462,e436360c0ffe47598535c0798ada2222,46933e2c809d4fd8885555494b43ef12,Sao Paulo,SP
2463,169b80b197ff40e58879d6b8342fb618,834db866d5fb48d7ba2573a197ef47a5,Belo Horizonte,MG
2464,bc9b7365bbbf4a81b54e57f3c18cab24,8cc11c8db99f4741b746a4f488e4d8cb,Sao Paulo,SP
2465,97eb4bdc47784630ae064a300818be3c,11b4a2ac8f5e46f9a86497b553062424,Porto Alegre,RS
2466,4e201f3b8ab340c58d45a2d878730faa,ba4c6d822cab4686946f51d5ed81dac8,Porto Alegre,RS
2467,854ca09f0d3844f88d5a88b2528abf1c,d9c107d36a8f46e983b79f6e4bf0856c,Rio de Janeiro,RJ
2468,6aa79c352e0848c0b9c58b77b6c81a01,aa6dad4623684ff5b660fad8af7d9668,Sao Paulo,SP
2469,5446ddb035ac4a0b9b48a6eeaaa9ff5e,27973a9e0f9248b7857ba06573f22bda,Sao Paulo,SP
2470,1502bb4c4a5d465dae160772b79d3e9c,051f4f7c2de8489aa7153b1d4a1945ae,Sao Paulo,SP
2471,842127763fe54a10818f775e5cdfe561,dcb148146d454477826c0c3501c15df3,Sao Paulo,SP
2472,83cd9217c8644755bce2eb38ea5d38d5,0a9f8316bdd64474ae5b29a8b43f478b,Sao Paulo,SP
2473,d8ba9f261e204226bc7aee4f7be05ca7,64130115fce54de9b1b3f6fabee02bb4,Porto Alegre,RS
2474,647c5d9f4844476b8681db063bba42ef,2bf67144427a41f1aa1b06cebd4fd2ef,SC City,SC
2475,7277aefbdb784426a8cfda177cb1383a,1de9984886484d24b0b244a33c2cb777,Sao Paulo,SP
2476,9d2f7f4ac01c4f82b3254f1890b4c840,eb71ab478ae54214bc32479dfd4a1f3f,Sao Paulo,SP
2477,576300740e1c4a3195bb5c8aec9412ba,62fa31e673b44d7aa87b9bf73122e9fa,SC City,SC
2478,41787f65006149a3a597579709727ea7,f440a7a8a9544fb5b3c34f6b4db680a4,BA City,BA
2479,b41137accd724a8fb372eaade9aa3456,909d1e6b22da442a9b0f6babf5e4902c,Sao Paulo,SP
2480,786dbdf47a41422592a84ed25ac241b7,dbb3a4fe0c44473ebbc867a4a94afda7,Sao Paulo,SP
2481,84943a6b307d4e6b893a123b30c48a18,7ea7c894b0414a6ab2b2b6d342eb054a,Porto Alegre,RS
2482,6538b243606f44a5b5f1a033b8b3379a,534dfba573934142bcbeb526958d3694,Curitiba,PR
2483,f57b219b6bff4c9f95a993d8f33287b6,8a1cda11d2f94ce1b5f4d1bc56954d66,Sao Paulo,SP
2484,4749353e83824294beb8d99ba492fbeb,14b49b76802c462fb17aa9594627fa64,Belo Horizonte,MG
2485,8ac81b068f84468280573d446a7a281a,f1330b8bbeda49ecb20c768ecb599a6c,Belo Horizonte,MG
2486,d71f1c01449744a2bf098a299c8e0b4a,405de610b8d34e3fab8841f710a85378,Sao Paulo,SP
2487,9a0ab6068ce345a6a24f5a5181f397ba,0046747ab1de48abbc3090388c520c49,Porto Alegre,RS
2488,6038f50f2a144381aa284986c3b77af3,c6e59623995d417e8d0d4be90447b86a,Rio de Janeiro,RJ
2489,546362f7d5714c7d8f109636a5cc822b,a5cb915a88e34121ae8769c5ccdd9505,Belo Horizonte,MG
2490,81c3d2938dc0440f8db19768fc5296c8,e3e766eff7924a959f2c26f54aa48577,Rio de Janeiro,RJ
2491,b4fba18b8aa94745a1de1d65bf5002c9,f964ce23b1db405da409c78c9f46904d,Sao Paulo,SP
2492,bd3d85dec19945c5b33e277fb2964be0,73ef2c7844f741639685879acc85a23f,Belo Horizonte,MG
2493,78396c34bddd40828dd4e64d4a037647,65328ae2e6504366ad895b63f84eb9be,Porto Alegre,RS
2494,a3f4a0c4e48c4bd995af7500ac453156,e6f1521296f1464fa44775da78342485,CE City,CE
2495,1c239573fbe24722a5888cbb114d7a18,9a716eb6f8884dff9b83908004342d70,Sao Paulo,SP
2496,1887b8bdc13e4551ada69bfd820ed1b6,a5055c1e28c64e919176652f9f077bf5,Sao Paulo,SP
2497,708ce0f2f36049d3b85f3e3faf5a9ba3,483c7fd236b04603bd85dc0f389656e1,CE City,CE
2498,26758a8303504e5483403a44b27f7ce2,85affad97ff1489d8cbdb8f6242351e9,Belo Horizonte,MG
2499,5af6e87c33ee4d0f853c8eeb15af48fd,c69f02913cff45b4aed3c3f63e7e25e7,DF City,DF
2500,8db642ebfc3143bea9fb4e5246ef6536,b65a1b129bf943c79bab9af471d1119f,Sao Paulo,SP
2501,74b443ab08ce442c8497f0b9310db779,a3a558db51de4aeb9d4bc380fb32dd08,Sao Paulo,SP
2502,65fada6ab58d41bcbd17003f0f832f0e,86a6d7c37f7e4b3487bd08ffd5580321,Sao Paulo,SP
2503,aad929926b97449496a8dfb363b22bda,d56bf02dd05a43eea32758b05f1a1aea,SC City,SC
2504,c191f7128ae44abcb1219680f390da36,c271b3cc22e44ad6a38042b25a8ad00d,BA City,BA
2505,82bcfccd5608440b8c9815abeca9b98c,31ea84efcdbf433a8adc20e209812c9e,Rio de Janeiro,RJ
2506,55e0ddbbecae43f199a1ad17c8868ffc,3cf95d48c9524362a08d29a4c2e50788,Sao Paulo,SP
2507,d2c90deaa4f1445fb9c8cf42a0c3fb88,0314ca18bee442c18450b68b5a1519d5,Sao Paulo,SP
2508,58f0e1e140774477b542d617fc995268,c1af4061e3844c74adaf51265d4fb14b,Belo Horizonte,MG
2509,186d34e77a484bc0bc9418fc041fa18d,e960dfc5240f48efa3f5bc6462600ff3,Rio de Janeiro,RJ
2510,6348bd595c684d049b3761db9cc55efc,222550d9d07843bbbc09aa6ac630b532,Porto Alegre,RS
2511,a590cfb033b443949ced8bf262ff8722,c3d64003c3f7414a9c431fb2c751c168,Sao Paulo,SP
2512,0e7fc00178e94392b25033b410154686,b55920011e5d4136bd8b81d6c4568e00,Sao Paulo,SP
2513,0706e78f0e1a445eb74c27554dbd0e16,8cafd72d701e429ab5e31b3be899c3f4,Sao Paulo,SP
2514,497fc2d4f2994b42ada81f4a5ffee696,723f25bcf15746b6bc1cba5a32a3cb85,Belo Horizonte,MG
2515,c544082dd0494901844da078ffe34692,931cc28d34044620adb4b0e0e8078f69,Rio de Janeiro,RJ
2516,0cea37ca9af5442d80847d7cfe3ac7ce,1102b4977daa4c28951a60faf511240a,PE City,PE
2517,e497a1e0592e4633a36598802f12ecc1,e10a3dd212b442409042a55e9fffaa6e,Belo Horizonte,MG
2518,bc6d3daf8b23429680a5d7ed7f11f8b0,eb9de836bd25427796f5933bff24cf6c,Sao Paulo,SP
2519,08556496bb944803bf895a60995f0164,f6f10c3d01964d6285410080bc05005b,Sao Paulo,SP
2520,9631186dac1c4479bfd1e16bc43a5521,f265f957047b4d369dccce394910e522,PE City,PE
2521,a565ca8614944f8fb248ba5479ebc69a,f0fc87d499b7451c93a380930f6ac8f0,Sao Paulo,SP
2522,f1fbc98af5654bf688bc85a6ec9cb912,24b6f155c2a949269fdd3c832a55a1e7,Sao Paulo,SP
2523,0523e80c3ff448ada394f52e152273e9,571186a62339493f9c670ae58c18098b,DF City,DF
2524,5c37340bb29e4f4d8fafd56ff63cd7a5,a3e0231947be445cabfa9317fca3b1b8,Belo Horizonte,MG
2525,03b503bc76b944fe96e93670040cbd9e,512ae071f6d64351b93052f4af385ee8,Rio de Janeiro,RJ
2526,e0430816412b4e4795a22127cd2daef9,4b26fdfce64447a5956c95148b0e60e3,Sao Paulo,SP
2527,0664ade2ccb4441e93287bb5eb3d4318,47ebfdc421e841ed886d786135687dec,SC City,SC
2528,9f4ef5ee92a54a079f03bb1d3ad61cd2,7f787507535e4104a29d83ac3578a941,Sao Paulo,SP
2529,83851c273e3740f9badac7bb308b4f61,b177755417b745bf933e8e997138e8c4,Sao Paulo,SP
2530,2ccb6ed683564fafa6ff949305e3d57c,9e7ba56b4f704391bffe922043d88b15,Sao Paulo,SP
2531,eef9c59ca02e47a9a11f6ddcfae35061,05e8bcc597414f8ea3cb517ee56385de,Sao Paulo,SP
2532,75f5ad22c4994032ab3e127104ebe05d,800d42787a624a2693e7b072c3a420ed,DF City,DF
2533,172617bcf233480789d791c41f676706,4fb9feafc8ee485e8f40c38a8afe6562,Belo Horizonte,MG
2534,b1e6d441a6d8434ab0c4df751bea38c5,3d81276dbb3c4a9b980f35a56b03cf79,Belo Horizonte,MG
2535,3f8547cf2bac401fbde36121341fd140,d9f15a789ef6477e9e9f04024d583df7,DF City,DF
2536,406da59d07b9494da3e26def3a897ace,a1ed39006d694254b5b5fc2fda0ff875,Sao Paulo,SP
2537,96c55e09c4074edeb39faa7d4f5e32bf,9136ec8b0b064f47895d14fbc74bd861,Sao Paulo,SP
2538,57e5355335114389ab75012d298e8a72,387c29f8628f49139de9d277901dd0cd,Belo Horizonte,MG
2539,60c3be8ab2b64bab807b43393017d5ae,f3cea0c0f5c94ce192bd9425bac4fbbf,Rio de Janeiro,RJ
2540,56d2e2f10d5e41ae90e9e9b9681684ab,fd982c53871c4d55909b4367dd43b5c7,Rio de Janeiro,RJ
2541,5bd990faa864477ea5067bde83d41361,7989c53f0b3f4a32afe18aa1eb939885,Sao Paulo,SP
2542,48022c887f9a483a95074da089989e31,039a588160064beca019a6adac75739d,Rio de Janeiro,RJ
2543,fa121ff2f93c4218973c2896f4a9ca52,d72983c16d2d4089aa1929da381687ab,Sao Paulo,SP
2544,fb51e0b236f744e4a463e77414c00ae2,dd44f5af04f943139a444a9c65ef189e,Sao Paulo,SP
2545,2c183d58b8534dbb9bf916978001a8cd,983d40e821384c348f5fcab8be27fb3b,Sao Paulo,SP
2546,42f65648f3f34510ae9e8ac78f1956b4,17075a39ee684ad4877291c29dcfa245,Sao Paulo,SP
2547,7b9009556ce3428caf3f28c2d3ba219c,35441afe5cf84de9ae7f75da0000bc94,Sao Paulo,SP
2548,109fac728db54a0a9ac425241ab72768,e0ae158c250642bd9b562504e8972856,Sao Paulo,SP
2549,e6e2f46a48ff4c188da2f57db3a87fd8,0c403cfd29404f65807e37e979ee2279,CE City,CE
2550,96eff01e3ab042f5bcfde1c4b95dd6ab,54a4fad65af04c81aff1f5225b308a75,PE City,PE
2551,d1cffadaefc5431184018c92fcc7eec4,5728fd53f0664304a47bbd3ef215d6ed,Belo Horizonte,MG
2552,0838a25c64914f5780737172137eb0fe,4c4b6652c9cf463e963aa2199359bd5c,CE City,CE
2553,5c0de9fc0663463b9a404bab6b14f21e,fb4a6f975a2c41019165ca374e92e99c,CE City,CE
2554,8406ef3bc9184663827c30880dcaef53,d73ccbcaf62848e1b37dd87b1c9f0a7a,Sao Paulo,SP
2555,69e9a7f494b7424bb5707854c63b2f7b,b52994d0fa094374a6fb9b74066025be,Rio de Janeiro,RJ
2556,e2a26263e33d40ac8e54c3d9dc7b27f4,33b4e4d40308417ba6e1e45a806e3d10,DF City,DF
2557,2c51812311544216bb3e1ba61306c383,24d0f05be1bf44b4bbfb042240528b1b,Belo Horizonte,MG
2558,cda4cdbad3ec4993a403bcfc1429d4db,a2b99a0afccb4b33954d722f9a4e0ef7,Sao Paulo,SP
2559,a58dc4c89ea9460f83fab1cc1c7365ea,6d18311f2f684d3cbc1ec51d581a5dae,Porto Alegre,RS
2560,7e9d130a740f441e86fa0433821d77f9,e3856a5082e5490090297f5d8c57139f,Sao Paulo,SP
2561,84b6e55f41e9471bbf21a7b7cc60c838,90227439044e4fbd8bc48f3154e39d3c,Sao Paulo,SP
2562,d23881dc2af14487b94859ec2d64939d,337f9c99a34648d4a8baafcf7a10119f,Sao Paulo,SP
2563,7b51e58041e24596b0d125e58cf6f00b,01dd36be926649eb89d95f5ef5a24273,Sao Paulo,SP
2564,e15108874bf443879644a69d47e40306,0a74db047b354e9080b8637e3dd2b1dd,Sao Paulo,SP
2565,8277595ffa634f06bb95315a795a8cfa,9aae36ab946a40a7b58e17dcddc865be,BA City,BA
2566,1185fbb8cae944c99ae22e635a55b64a,3dce176176a7418086445cf123c659ad,Sao Paulo,SP
2567,38cd37a938aa4653a4f1837b28587f9e,2098c054404a4691bd35e0c47f67f96f,Sao Paulo,SP
2568,1af2edf37f2e441d8f9f51465c509d8a,e831ed989b2f464e86bee86e18017e82,Sao Paulo,SP
2569,385496233b684eafbba59008cd8261b4,18508c1a01e64af199c9bba7fac6505c,Rio de Janeiro,RJ
2570,e6c4b72123524871990712bd07d57553,60cc27d72dc94127968c90af4be6bb99,CE City,CE
2571,1a5e919397ba43d9abeab42efcb19286,44d1a475ef6c40da836f77219dd43411,Sao Paulo,SP
2572,bfa235afc5d64547943553be4ae64592,9f695944bfff41d6986c33c721b4fc3e,Sao Paulo,SP
2573,b4a776d89ab14ebeb6eccdc052cd23f5,c33682a193e44a82bb1298767846bb97,Rio de Janeiro,RJ
2574,92f3d81a47e94b80a1faf22f0704e178,296b380fe3a34872bdf986d1d40dd158,Belo Horizonte,MG
2575,5fb6e3b655d344a9835c3f9d71562cd5,ebc50e4aac0d4ae78989a0b60fc37ee9,Sao Paulo,SP
2576,29f4864400b442cfb726273ec82966aa,ea13e4dc81b646d2ad2f01d8c60d4714,Sao Paulo,SP
2577,bf54082af8694eb49221418250e926c6,b278bc5975ff43e0a589682193d97742,Rio de Janeiro,RJ
2578,68ea49f839684b7daf26fcb4dd6f3985,cc511b52b63c437589b6d76c4ce95aa7,Sao Paulo,SP
2579,27e7eebe0ffa4e468fb603fe0f95bf23,18d8c54c79ab40319b8f1dd2dcf17993,PE City,PE
2580,8a6b5a55a98041aea918f944e76228e9,7425e619ffd34b5d88adb97ad5f84aad,Sao Paulo,SP
2581,67e6818abed54a388028ab162e3274a1,92ba073fea7041b6a5d43369067e31c0,Sao Paulo,SP
2582,ba62cdb3a2d248559a86ed2dfaca9955,5ef84f6c0f31424cb985d492c86a4061,Curitiba,PR
2583,d821c6cce1014999ac536b2534dfb3e3,8d61784483d5448eaa68e7a721cc8760,SC City,SC
2584,9658279944ba41c39c08cf1fc5679bd3,8a0823ba8bc246798c260b26acb5153d,Sao Paulo,SP
2585,7ebf93bc687a4b0abd1a7c1ab8013c68,8b69d26a531641ad9d798291914bb979,CE City,CE
2586,0045f36c37884223ab264d7a228e53e3,f07717e2413b4302aea329df8f403d99,Porto Alegre,RS
2587,79efe6861018449894374ef1ad999111,b1c402c2717c4c23a8ec86407a0d4caf,Sao Paulo,SP
2588,151f3d0169a444b6888769cbe06b6b1f,4665bbd2e8ab43878a5109127410c45b,Rio de Janeiro,RJ
2589,daec08e3d7d844bd86b1d9c7b4611d2a,06007638d23e49f7be829fd8b6039805,Sao Paulo,SP
2590,be35434b07464e01ad38c0b92c2e7e9d,a7c9864b68df49f4ae426e83698c23cd,Sao Paulo,SP
2591,b2f3deecf1704e21a9418ba636e0709c,02c7829a519349d8871f7c4d5b47a2da,Sao Paulo,SP
2592,312f2b1b79034933a7c895c88eb0d866,b02d393fc7694a2188c6aefd6b4248bc,Belo Horizonte,MG
2593,9971d35ac2084f1881f7042af2363494,1a34ec8548cc4c21ba1ff6eb5d81b929,SC City,SC
2594,ac7e58fd12f44406a5f4e9648aab6806,ddec9cb7bb644af09b50ba94aa26cde9,Sao Paulo,SP
2595,2c431773fb7c4ffbaa2a0e37c84ae3c5,dbea90f89bf2479bb9eafa2f34a896ca,Sao Paulo,SP
2596,364bb1d5b56a4c3db023310de5ecd71c,d69f603828724338a82aacb5bdc4ed13,Rio de Janeiro,RJ
2597,9187b4b6ea174f5f8229eb2b9e484894,679c1caae00b4b41a1b9e433f3711638,Belo Horizonte,MG
2598,d5b623f85192400b95d181a657225603,51cb2a3cc81349c58cadca51df78427c,Curitiba,PR
2599,1a17c9473af54eceb3cb7d206f24502c,111171ec8059460eb817b9326924994f,Sao Paulo,SP
2600,ce323cafe2f146228e2cab11e625673c,9a70ad3aed5f4d45b30451289738fd5f,Belo Horizonte,MG
2601,965203a0edac41b0846a7e2f2d8d9466,70ee797696ff4f04a4fcf5d650e5b51b,Sao Paulo,SP
2602,52d293f303e64a779d104a82368f29f9,638dc843fcb145668735438d497277ab,Porto Alegre,RS
2603,25ad2c07bbbe4137a6f0f46d8cf924bf,572240160544450faaab245e0f0ba28d,Sao Paulo,SP
2604,bad4141d5d9c4c009fa8fd2668f3bf83,d65cfb9b56f240ffaa3fb5a709048603,Sao Paulo,SP
2605,3083deee84f6426a929f863deb3f26db,99d6326c7c4f4d2998c301cd5aa06915,Rio de Janeiro,RJ
2606,ad9464a1b77f468ca5d5fb9f62279fd1,b3a164cafd2a4720a6cd55a9d911f389,BA City,BA
2607,94e696c9a13d4670b96ac3da8313d2cd,0a018b35bbab446a8c1aac8264a5ec51,Belo Horizonte,MG
2608,b402131f7c36485ca3488c34075aeb88,c7d20960c17d405f9631c75da5ff4e57,DF City,DF
2609,0cc2a6d1c87b48e4af8a4e8762b4d998,677970170c5140dfa20a3e23f16483f6,Sao Paulo,SP
2610,cd2ffd257b744a49a81c24b018cd1eec,c05228ad294f4286997f5aaa6d19cd31,Rio de Janeiro,RJ
2611,6c890e3dd63b47ea893bbf022a514ec6,d45e6e9e00534375849f89a16d8f91bb,Sao Paulo,SP
2612,666508d68c274d08ba4cb726d46e4818,5ad79f72ecbf49a380399734984ec935,Belo Horizonte,MG
2613,1bc723d1c90e4328bd6dbec89a84aad5,32ec7972d68b42f381a893f94bac12d5,SC City,SC
2614,e468bb0c9edc40588b715dbff8e8a165,44182ed72776409aab65b2e8c9f19123,SC City,SC
2615,df79496e3b614a10befb163e9bf8316b,aad6ec6d0b8142e59ea47e96638f0f67,Belo Horizonte,MG
2616,9e36b305063848c0aa03a01b6d1bcf7e,3e1f333444dd44f1b0683e0791894f88,Belo Horizonte,MG
2617,dce2b8ab428f404e87a614a19d7f31cf,5e30855b683f48209a3271b0b093f186,DF City,DF
2618,894d02ed1837416eb5270421a822ab8c,29d3bcf708a945d4ae07863b0f3f5123,Sao Paulo,SP
2619,440360b0f5024cc1aa4bbd83033f352d,e9417a9108a44baf8d43c3cd7cc2097b,SC City,SC
2620,da3ca4ea18f54f53994c5b1a359b5bc3,c5cbbc77130e4f48841e331aee602315,PE City,PE
2621,17494135b3ec49a5bb873bfef9b78329,7523f561f2ec4be983263b0acd421f77,Rio de Janeiro,RJ
2622,c7ea27eec4c849d2905e57e4a39f4066,3e0c605d6b4f45279027bce0052bc1c8,Porto Alegre,RS
2623,8f97ad2ce3af422dbdf55ca41457ed05,f67cbc1ed460451cb7903be5e2171912,Sao Paulo,SP
2624,0c2858c9e7914fd9b2b830592bf79275,f8e66e7c60ab41269ad0dc946e40719d,Sao Paulo,SP
2625,e1f23e862c5f4455a2a7c35037a12321,8aa4302a9416452a8155f4611e50b54c,Belo Horizonte,MG
2626,2a6ca4d68aa242f0934cb3230b632c03,a4163e89ea8d4ca0b0eca67b1dd0da8d,Sao Paulo,SP
2627,3ec6e5ed9d0740168b4f2a376fcdce25,aad2b06722ea40db9039ea452193eb0b,Rio de Janeiro,RJ
2628,6033f60499524b46a51690e18ac839ce,9166e947c5cb4734a72bf941bd9bdb9d,BA City,BA
2629,eeb8cd8c2439423b92a0bec435b4ae47,d3b7b0ff1df8444489ca8ee4a808fd69,Sao Paulo,SP
2630,845bac5831e449769bb8cecf8ffdc19c,d617d70caf69445da72875f7115ad4d3,Sao Paulo,SP
2631,20c745c100c040f0a82e81a075dd7926,be281c17f64d4342a183c089e140619f,Belo Horizonte,MG
2632,cd6c9fa4bb1f4b96872d98d6fd952483,c98f9d1c8c6c4128a68593c1a2a4e5a9,Sao Paulo,SP
2633,abedacee549043f99b4c663cd23f9165,165f46dc7cc54ec7ae3fcff27b44bdcd,Sao Paulo,SP
2634,38499c94ade24ccd8f4d395524903952,499d078797924d4a8e2ca3fd769ad87a,Sao Paulo,SP
2635,8bf78f4a798d40eda63c4c41ca32b737,0e560b3102ed4d5fb29e74b401b3d924,Sao Paulo,SP
2636,363c544346ea41f4a50357d73b52277c,be5efed03e7d40209ae43388beb7a621,Sao Paulo,SP
2637,b7815431056b41839da8c87383d215db,6a88e1d1ddfa4e619185ffb8783a4529,BA City,BA
2638,6a8d419f7b8b4886b65206f4249208e5,55538d96d8b74872ac6add8cee76750c,Sao Paulo,SP
2639,19634e85aa1a4792a242c29990d6e359,bd33d1b00dcb421baa339d686af5a00b,Rio de Janeiro,RJ
2640,39ce3956103a4a939879852212037361,960ed47af0344223b503ce2a437b6544,CE City,CE
2641,c600cc57e3d94ba4bf1b0cbd59cce294,c1dbef70afb7442a91029dca66afc64d,SC City,SC
2642,034bb2458c5049fcbbb2f55bb60b997e,d258b713028744d2825264f7001dfb35,Sao Paulo,SP
2643,02c2c60bec1747dc9025f8642bdf59d6,9c7167321ce846b0aecc4b0c348a103d,Rio de Janeiro,RJ
2644,40e9977c9bbf4fd1a6670f2525e64257,461445c68b4645799eafb5b1c1499e96,Porto Alegre,RS
2645,6532bf8f781940188733c46a2c48f8d2,038aca982f164448ae68190dd2fe7594,Porto Alegre,RS
2646,1eccb8d5eddf406f84b0cbd99c4fa863,8b255c5697b54468bebc45aa42546206,Curitiba,PR
2647,3b5235386ca84e6994290eade51e0d4a,4d31e26591c043fa9f14a943b1c61231,Rio de Janeiro,RJ
2648,6ceaa5e6507d48e1acc95d0e878ab060,078ff53a321b44148e667829c00d2faf,Sao Paulo,SP
2649,760d5012f17540618f6bfd2a2de6e1b3,c068c0ed975f4da5ab5929d5413723ee,Rio de Janeiro,RJ
2650,39669d045c4a475eb52d19d1c8123958,150bffe65a1d4a2f8f95b73552719b18,Belo Horizonte,MG
2651,6ab28635a8e444a4a14d94f9ffd04364,27c7870a85694cceb58684869962f8e8,Belo Horizonte,MG
2652,2d43477636094e53b89fbdde0fcd724a,a984aa190e734d649754f83c1e4cb51c,Sao Paulo,SP
2653,12b88767a70d45e784788a983a669449,cb022e6a88c64605b2b326209f8f657f,Sao Paulo,SP
2654,4ab97c8489524e678c67ec11f6b1b6b3,6dfb28a0d85c4dd199fe5a6fe0449d95,DF City,DF
2655,596c5a4d7a074601b75ebf9ffce76a94,967fef0946f14821b74a98f3c708c221,Sao Paulo,SP
2656,82f4e700ca054b009e188d13d2af53b0,fd4f819637a74585b0a98734cdb9296c,Sao Paulo,SP
2657,54c22b6f76d84b038c4014ef1a2c9e41,69ea1d2210e843cfa15cdd83473cbd67,Curitiba,PR
2658,96e59738401b4b6ab5d107a45c3b9ef3,66fcd71ee798485085c8e2664ac7a797,Sao Paulo,SP
2659,820ea2004ac546f880717ce9e9633f1e,20c8afc3a853495b9a4202e9922649ef,Sao Paulo,SP
2660,5fe1cf187df84be1adc2600b30c1aee3,1c4fa526855e4b4d9d07d89f714dc2ba,Rio de Janeiro,RJ
2661,71dddba36914436abfa607b27a30a2cd,ce836149b24142eca11293a4fe45c73c,Belo Horizonte,MG
2662,74a1d2df4386442081e0a638c8bff55e,9f53dc8d84a24856982a49f3e3cbf0a5,Rio de Janeiro,RJ
2663,ba790e5aaff947f9aeefb1ffd1cf15e2,eb2d245103ed4dae9e7bfb1fe90c880f,PE City,PE
2664,d4c90d97ee0b495a9894a0d3a60468d1,c8187575279f4b39af68d141ff29f7d0,Sao Paulo,SP
2665,2c11124e330b4d28936d67eadb0c0236,1cd0646ebf2d41479ee944df6832388a,Belo Horizonte,MG
2666,fe9c7e88ca1349f3a1a274915768a2b4,99b806c83b044720997b2fe42343c1f5,Sao Paulo,SP
2667,649f89928c4f451bb6356c8d0be4a567,fc2c7fe269974c6281d20531bc33e334,Sao Paulo,SP
2668,384ef1add82840c4b9dfa5967a902ccb,5d2c83a9ec38451c9ec59493484c672e,Porto Alegre,RS
2669,ff710a44c0994691bc5fcae99f79f762,d345dbd5fd7f4a4fb3ec17f688d80c86,Sao Paulo,SP
2670,96e82530869945eabfa087fe6109d5a3,c78b047e917b48a889af88cfa31026b2,Belo Horizonte,MG
2671,a5d1f80aa5ed4982b967a95cdb569927,427c732043b44de1bf2430ea6ad2824f,Sao Paulo,SP
2672,5b3020d6eb714c73b7e3e2c4ce035959,8efb2137362d4a2bbe62da9c9f9ca9a4,Sao Paulo,SP
2673,fb9527c59ad246f59fb130124ad14322,93f81a62f4f64985a247781717855a52,Rio de Janeiro,RJ
2674,5cc8650548aa49a3b2cbc1406ac4e767,9ae289b890ce4830950fd92b1aab37fb,Belo Horizonte,MG
2675,f13c28971b37432aa1b945af37780ede,e4f26f28fd984d33a3a9e663bb49515f,Sao Paulo,SP
2676,f71f73a2783040ffa090aa5724ae3d5c,fccfbb688b0b415bad50b72ca20c2673,PE City,PE
2677,740a246865794b1d9f53d3304962f6c1,731272ddd7e3454abed78f1178944ac7,Sao Paulo,SP
2678,2201f45d64bb4879b439bea9ff614bc9,d580e94b67b84ea2942d87121e1ea045,Sao Paulo,SP
2679,33ac259d75ae4f35a9e4179eb73b42f4,b405a45ed0eb4e2eaa7186ba40f2fe2b,Sao Paulo,SP
2680,1ce35368fc90439aa08c2a6fbbc906a3,55f9d37984b74ed3a8e34f11b261ba07,Sao Paulo,SP
2681,d1a109dbe8a646f8ae70416c36a0cd0f,1fa5ff81976f479fb2d3269a5af50dd3,Sao Paulo,SP
2682,59290a5f3fcf4e7c9ef4f32b5aecaaa8,04fdbb22f03a404c917ac6bd3ebe9b07,Curitiba,PR
2683,e5962bbd1fad4588b513b48c0a1a5350,3b8e6767ff184454b259a2d7fca14edc,Rio de Janeiro,RJ
2684,bd875cfadcfa4800bbfcf44e877b138e,c4f644dc022548199dd873cdc81dd8f9,Sao Paulo,SP
2685,d9f8de2dfe7d4a46bc27a0307a47d61b,3df94b6a22d34e808e5c0254140f8a5a,DF City,DF
2686,6cc4651cd4ff470caf726258c670aa90,56b090cd6222422db720b95e06af7a35,Sao Paulo,SP
2687,06f53e15555b4c449e015e6b6bec8c0f,9909db5057b940389f17b952e522b148,Sao Paulo,SP
2688,d70ee86813c44476b13a2e11beac18af,8276ace0f33b4f29af01ecc7b550dcb2,Sao Paulo,SP
2689,b3b35e078a9d4c58b6a98b014b59cac9,f7419388e0d9407caedbb92950e1a644,Sao Paulo,SP
2690,a116d3f4dc764435bbbeab37ec4050d3,20ff8da32da040a6b04d8a993bcee00f,Rio de Janeiro,RJ
2691,e265b91576ac4f2e8bb1e7da13233a96,dbb5cd5fe8f44624b6023db1bd38e064,Sao Paulo,SP
2692,91664e55d5d941d7b30553c94a827c75,f3b5aac77ed041f3b5cb56f960d821c5,Rio de Janeiro,RJ
2693,a83a91c1fa1e4376849a1c282efeab77,82b5a49cfeae4296a2b8a25c47d67dd5,Belo Horizonte,MG
2694,e70415e688b0460a82d088224d0212f9,7317ccd9877545b0ae8116a40213b0e1,Curitiba,PR
2695,83c609b53f304bbab7388a0260044b18,174d4ad4a66a4913aea913bda32a063c,Porto Alegre,RS
2696,ac94369657ac481da6e7244cbfb7b7a3,206d54586e3e453d8da00a7c30ce2982,Sao Paulo,SP
2697,1980bf04f4d1488e9ce4c1ff332253ca,dc71d80ea6044b9cb002fa6f8ed1eaa7,Sao Paulo,SP
2698,9f9bf6e795d545e6b2fd8922ef4c8df4,947347c910394d21b1644817cbf88220,Rio de Janeiro,RJ
2699,fb29a57ddb81416f84c007e6a3167549,cf65076f69324c7b8755d71b1fd6faf6,Sao Paulo,SP
2700,855d6f6234f446f6b22aa320a7b2bb25,9aba98e6aa194640b2b759f6c9cf5eac,Sao Paulo,SP
2701,c35b406b306a4f30b2ac61dd0937699e,226b1fa33b4e47289bc6549971e34111,Rio de Janeiro,RJ
2702,e153d21ec09143f8bded4f57565c5d22,67a7eb3a96954df9abf31f5c994361c4,Sao Paulo,SP
2703,1993ff4e41174348a3c2c7461eeadb7c,700054afb0ce4e9ea8bd025d62b2529c,Curitiba,PR
2704,77105d1cb41f40659fcf59c1d12b5a88,b184fa164db4452ab6413fb354604c65,Sao Paulo,SP
2705,a2cc299ac075401e83a087f2f6954e05,94742f676a4a4ff4995021b710c44497,CE City,CE
2706,0ea5c418b1db439d93c9a495b01518ac,a36085f35d7e47b29291f9aa3eed9e46,Curitiba,PR
2707,c96ed78d0ec948b9a10c12f9c812c298,5a4bbbc3e20741cbb7ebc6821053ee32,Sao Paulo,SP
2708,583479b6bebf4b52aeeda4d815ce3504,b2de20e993a44eab946726fbb663bf93,Rio de Janeiro,RJ
2709,8a43e23e87644d24b6a217dd2a6ef358,9714da64dce54a029398940004acf60a,Belo Horizonte,MG
2710,806254cf84e44a8fb2cca562fbf9379e,295e926b7e774b95b560646967a8fc89,Porto Alegre,RS
2711,d2ec66ee1a304db1a839c6e1f80bcfdb,203392b8a5644ab791a6f23d529fe8a4,Rio de Janeiro,RJ
2712,fc73b8b6683f428fbb7805b43afe3a2e,0959fd0934e54dc6b680d36ff89d7df5,Rio de Janeiro,RJ
2713,876e8892a39142f5a4e5fcc8c6d50c13,3db2254091634fe8806331657191dadc,Sao Paulo,SP
2714,8fca1fe2061e41789cbddb39699226d6,29e71485a26c4496901f9f6d4d393c28,Sao Paulo,SP
2715,d6986d11739e4392a2fbacf8a84ffabf,2f6d1509723c47fe9ebf33bd29a79a24,DF City,DF
2716,8fe700403dc443ecb6f080a0a84454de,d624b6ef0646438798a698b7749f77c5,Sao Paulo,SP
2717,833c9d806f2d46c5b5256c1793c03567,28657e174bd94b058fff77016e3ff1d2,Sao Paulo,SP
2718,7ec7a7f32945487d93f65ba3c87884f4,74b19746500343068007fbc9ad523130,Sao Paulo,SP
2719,209ae0a8473c4f7ca274b4b045856c90,b71b087e9c7f4850b84ec97f69d56be0,SC City,SC
2720,80cc5f8d43a14923bf49e734aede45fd,43a26f19eeaa446b9344b239bb2c32c4,Belo Horizonte,MG
2721,5fdec59737354dd6865d00c15ff1ef2b,4270c90b3d0e4e59aea38559781fcf27,Curitiba,PR
2722,18f11b99661d411c9f017249ce962406,7743e4f074554d9cac9bb56add85a745,Curitiba,PR
2723,ee3b7ca6e0b3460d9792bd73cb6d8c08,9e0f74f1f4f64d07ad12f6f14fc566f3,SC City,SC
2724,a214c6effec34660b329030c8c2f2ae4,75768a3eeb7d4c96894e811a52384b71,Rio de Janeiro,RJ
2725,3aa21edc26eb4ba9bf443086018c2059,0db24ecbd63941c3ae2a4b76edf40655,Sao Paulo,SP
2726,08214277fd294509a3fa96d542e58af1,9033caa73f2845b1a9f19ac2306d2932,Sao Paulo,SP
2727,757756d85b1c4e899b8108d50724e056,56f7c22a4d304d2fb1e938caacd2e0a7,Belo Horizonte,MG
2728,48b644ecc11e494ba24f709c67a7dad8,1ea12249766e40be8c3fe428ade92717,Sao Paulo,SP
2729,3e57283f0e114c498af2a16c5b0cabf1,877e84638563459f88ed5175adc268b3,Rio de Janeiro,RJ
2730,ccdd47cfa7bd460b9056aef7f28a8907,87081c3b47a949df8faf4cdaa2b92f85,Rio de Janeiro,RJ
2731,12926e186d9649ac97c9ae4df63c43ff,131ba00a577b4b29b2702b14379c7842,Belo Horizonte,MG
2732,376ce406027f4a678e279ff03f85f457,9a6eba15d3c84571906dcbf74c719ecb,Sao Paulo,SP
2733,d1b15b6288e544cf8865e47910eb9859,a03e4b72d67d4cdbbf01d2adee8c63ec,Sao Paulo,SP
2734,98a13c61c43e4f948b74e8aa6a8e0c44,b1f1240c1e754236a283b37ce68872fa,Porto Alegre,RS
2735,85ec572e379d40dcb144408b54a9ee85,7c460d5e750345ab87cf4e5f262a9292,Sao Paulo,SP
2736,fc54d31fbefb472a8025e9659a37c7d1,eb99965ac2424ea98809f992052134bb,Belo Horizonte,MG
2737,9d4f10ba7c26464fb684ea3384f80c50,1949ce858ee64a0a9af26e5cb4d43aac,Rio de Janeiro,RJ
2738,0076b212145e4d7899900dfb7ec036ff,52568e902d644440adc1e49f0d1bd2c5,CE City,CE
2739,bf0d8148eeba4a289f3a83d511f1e72c,b7ce5e5f0de6459db466b4a03adce3ab,SC City,SC
2740,5d524d51ace146b58cfa55fbbc694e3b,2802dbb3977e4f8b88469f7d359866a4,Sao Paulo,SP
2741,f2212fbb41444af9940591ed111aeeaf,10964677f07448aab942b2eda06560f8,Belo Horizonte,MG
2742,f7d5edb8917a4636a117d8e038b27836,4ae50f7abad54712828fb7bfc3fe0ad3,Sao Paulo,SP
2743,af6a591c41b24e1aaec3c1d08caa8b9d,5444e486330d439cae51ea81c7ec43a8,Sao Paulo,SP
2744,e17ac7de4d464abda094e36ed2ef3291,1f240606a5c6416d83a8b0127f2b80d7,Porto Alegre,RS
2745,5b055eb5e9544eb298e99ea0faf9cd9d,062805994bb54f51b095f22b6402d5ae,Belo Horizonte,MG
2746,03a69ec61437492ea62d64930f980a53,bee6ec9f008843c38dc5684353c2519d,Rio de Janeiro,RJ
2747,da586c183ce44c7ca1161a3ea532e070,ce5caab931c848a6b4a124cd78d4c776,Sao Paulo,SP
2748,e02172ae580a438ba2beabbad4d0d748,1faaedc6e0674029b9b355f7fb7843d5,Curitiba,PR
2749,df3dd8afd70347fa920e54e854e2d079,b02417ce5c4c47678e47ce8de7e6fc3e,Sao Paulo,SP
2750,99b02690c739429f90ee61ba7049b137,126ed7f666bd4ffd94efcb683d11a235,SC City,SC
2751,d8287b1b8f454416b47ac0c2351d6c2b,5c97920191c2465c95e7717cc191fa8f,Belo Horizonte,MG
2752,4d5377f14b18405d9aaf145233c4d1d8,85a1a45a7b8142beb4dbb47112a6e2d1,Sao Paulo,SP
2753,68dcc088b94d486686230127de8c2296,23884bc9a9024b2db721b0b5aa57deaa,Sao Paulo,SP
2754,e95f0b4c16c54e82a8560f2880380a50,24a4652538504828a662cd12df0a8c84,Sao Paulo,SP
2755,7653481490e64756aa020495f181610a,067baf4422b4432580ee7873ae5e2542,BA City,BA
2756,b3431b87ccae4d5a9ed946b660853b07,4f8cdeaa25274e3bb8921613ff035785,SC City,SC
2757,7428295794914fab95a2cce353547bc4,65cdd640baf144eb944a3b86ea22a598,Belo Horizonte,MG
2758,0c8afd4e11e043bebb573bca68956a8f,4a24c9fe6fd847018b72c0f455f4373e,Rio de Janeiro,RJ
2759,2ff5a658f4e4492eb1f820c06eacb93b,14c889c5dc314fc290a37dd5edadea05,Belo Horizonte,MG
2760,1d8a9fc82cbe477aaa37796836af31ac,eb8f275eec7f408fa7f44867aa1c960a,Rio de Janeiro,RJ
2761,996d4ddf3b264105a88f9e2b7ae63871,53246b32fe91439eb6b03a20fb1bc3b7,Belo Horizonte,MG
2762,f87b63285bb9466ba431f475c2a32b3d,38ce4f8be78a4111a2b90db8f0c5e809,Sao Paulo,SP
2763,9b9a44cec4e44db4aad32eba9642a690,d862ac90424049169ef191d93f395ddb,SC City,SC
2764,b3fb2d1927234060b791bcad12642f9a,db940fd19bac43afa9278da7d427640d,Porto Alegre,RS
2765,93dbf530b20647769c205fa5dea8bc0f,3af08707bd1a440eb853dcf024969c73,Sao Paulo,SP
2766,09b035d66efb4f7bb33cdebf724c44a3,148bdea25e7f41c7973b2b3e234f4fbe,SC City,SC
2767,3092e826cdca4a7da67bd610333f6935,48a06b180c8c4d68a230196f1d773452,Rio de Janeiro,RJ
2768,05caac4c57e4449d98375a9d853f24a7,1679e8f5b519438080b3e40947f903e6,Sao Paulo,SP
2769,85c8bf7fe48f4552be1158138962b715,91e4f999b9384d1f808a07c01bbaca75,Sao Paulo,SP
2770,10d7b0a84a8844db8ba5cb5fdb0980cf,01369f28bb81443f84e60b2b06883c67,Porto Alegre,RS
2771,3f5373698f254d18a2c48bbe961cd9dd,bfc0b174b6704ee09700390394476190,BA City,BA
2772,58339e9671794d86b8d200b79777d26c,b0562ff23f6c468d8ff6994b81d76c97,Curitiba,PR
2773,62651fff2bda4764a09306975702d695,e67e9c0693344a70a0a493c75fe7dbb2,Belo Horizonte,MG
2774,6ef83bed51514cd59d1325d811ea3dbc,34d866bc8a964e67ad89df3beb5c0302,Sao Paulo,SP
2775,9e1920b4dd394f21a1adbf82f057dd78,06b0c2862ef248a3ab34fcde699bdb7a,Sao Paulo,SP
2776,1223b4afb66540dea82e2f1b4f81a0ed,6b20f952476e4aaaa641c88add9a931e,Sao Paulo,SP
2777,39b366beb9ec4247a2cec4a1c324a657,e6bdc63ad66c49479b33077fe726d887,SC City,SC
2778,c3244b31e9fa4828815f86437b53f717,b80dcfcc85b249a89bda2cb7ea2300d6,DF City,DF
2779,15953c8825f34b93ab934d932a73ee31,1b31f9c1613a4ecea4b9239843885430,Sao Paulo,SP
2780,2499a2fa87a144cdb8320902f7bd5843,f7d8a88d9f5e4567a87d8b52f7dd425d,Curitiba,PR
2781,2b21d5e2b6bb4c2ea7fe30bb97e3e6ac,da45cf5f3eab4c67aa3291435618e648,Belo Horizonte,MG
2782,16d4aaa7ecd447afa48188ead9773b42,8e7843273d774ec7b9c30b8195c2b618,Sao Paulo,SP
2783,760cd48e9dcc4b99bee68fe87e1e92c5,8a3ede04c5b2489894aefadeb2cc44fa,Rio de Janeiro,RJ
2784,3877f61d0c044604b208601e529d9bd6,e5a856ea7cb644f98df873b25559aec1,Curitiba,PR
2785,800c0f90e80342148b80f19c6cae3891,91a9c02978ec416f9dd9463711b586bb,Sao Paulo,SP
2786,6e470de3775149aebdabc89619d52a6d,aad06954050e460caf024202dc7dfa05,BA City,BA
2787,6340be336bde4cee863f23d3b8cdb0ef,16ac36f26d9e4219b8504953a2054efa,Sao Paulo,SP
2788,8dec202d954541d88f8e8fc4b785b8b0,af8e38f4903b48a7949a2988451c444d,Sao Paulo,SP
2789,6ce6d959744b4d4bb732dfbe74d0e880,5f8effe5880c4631994996ec3d649072,Sao Paulo,SP
2790,78108dacce8b4e77ac9d6f12c8708451,bc50c0a474124f609133dc55060b4558,SC City,SC
2791,ddbbc63d991a4540854a7fc592199d9e,26fc3ac8726d4ab3a90e140824e20863,Sao Paulo,SP
2792,7f531b7ee4684d468e55177a65c0d3d7,741d6198ca2a439cb8620dce282749d9,Curitiba,PR
2793,7378eb6fc41d444183bf2791052167f4,ef7742a9d1454038932886377a6a55b6,Rio de Janeiro,RJ
2794,3ef7cfe6ffb54231936e853e429c865e,ef7800a768bf4d39afe6d42fd87b8b08,Rio de Janeiro,RJ
2795,742dbb7a4e0a44d2ac19b16c3c9b17ac,aeeb69f0ee9446f49b3e65ea86c772be,Curitiba,PR
2796,0dc28c0f0fc94eae81094436ba65cdc2,3a1328959bd6491083927bcbe2f6f652,Rio de Janeiro,RJ
2797,3305b8fc9b07450a9c84ecd63d813387,49ec739f01394ca3971298760029532f,Curitiba,PR
2798,5d2ef64b3e2b488896b2d7c8054d69ec,4bc7f104d1994d05b92935934d7e72e6,Sao Paulo,SP
2799,07e09cc089f04c25b3935033d1433b6e,6f5540d77b9346a4899c1f1935d698c9,Belo Horizonte,MG
2800,d6207382983f4dccb0289b2e2e045ba5,88b7573488d3449d9816fd96b411c867,Porto Alegre,RS
2801,fbfb66fb8d224bf290b0f9e06abf7e8e,47bad1f137704aef84db71540d063cfa,BA City,BA
2802,84ecb630927648c1b1724e40625052b3,c089c6735995414f9aede94a0fbc028e,Sao Paulo,SP
2803,ff890d14de74498ba1063d994a64f4b2,ec41f3757246446580f89c12ce74effe,Belo Horizonte,MG
2804,53ebf7103dc0455097beef9942637a40,a5b75201ef0149ca8c9e9fd4b5f07640,Rio de Janeiro,RJ
2805,bc6acbdf2f8a40f9a1e742bf140ef02f,6fd37f9888e541b1b0e41d2f90cff91e,Sao Paulo,SP
2806,7cde920123434cbfaaff25a960e578d2,4a671c8b7a14451e923c2265b2ddae51,Sao Paulo,SP
2807,90449b8172084e07b536d1f0a9dd9028,6ddfec0919564f568035280c5f343aff,Sao Paulo,SP
2808,2d7eda7f349a46eea7c8171b9c0296b9,e7b221b922534fedadea38c4cbb47cd7,SC City,SC
2809,1060d19b504d4613bb3dad9ca25a907e,55828aa7f6e34fae8706bf801fd014b3,Porto Alegre,RS
2810,198838c56321464caddb6bbaac187390,dd61c4bdd5bc46998d5cdc164c436bd2,Sao Paulo,SP
2811,341f7c9e586d4250933e29f9ec623e5c,527296c7936842e890040d52f084d145,SC City,SC
2812,0204c8ce0c4540ad805bd9ab3705ed2a,268f56b5b5184ede8ce78ddc3006cbd6,Sao Paulo,SP
2813,4f01b654098a4d97b0f2390bacbecb5f,f8fbc4a2fda94cf798889ef9ebc3daad,Belo Horizonte,MG
2814,04d092e98dde487e97bf48387e34c75a,5bfc769ab81d48b2b2205077a0ac0c00,BA City,BA
2815,9e7e3f6a75ad4e659d7d780512c0d833,6515a90d4ba94147b54b5a3349945623,SC City,SC
2816,dd427f6c4c6a40059cbda3ca7d321808,0230f13a605748d19c274d1bdfd8bd60,Sao Paulo,SP
2817,5d74b4e94dbc44068f3912f4aeaa051f,058dd7cb0f85495ea9b387f2e3a4c173,Porto Alegre,RS
2818,dcd7ec9e16ac49e58c9c89f7e4b7ceb5,7ac77d8a81804127bf48edcb03d8ed50,Rio de Janeiro,RJ
2819,9019b2903c9445689e089cf8fe1d30bf,f73236ac9b48441da260fb2cb0896f40,SC City,SC
2820,4fbc842ea36d4ea394f928945c378931,ae88b3a9807d40a5aa432d8443dfe6d4,Rio de Janeiro,RJ
2821,ce195090aacb460496c69e424058e9c0,0b0a3aecad5f4a8baa2fbf66213ab4d4,Curitiba,PR
2822,b0909ac698d44c2998655f64e5bf72b3,4a3c083ff96f43fdb435e7a513f2c497,Sao Paulo,SP
2823,4d63004fc6744c91aaaedddb6053dfdb,69716e2128384f3a861cbe3c51ba9995,Belo Horizonte,MG
2824,67a9f7de0e7a4d2bb3d1ae007344816d,d4fae44c781e426aaec8c76bb5001fd2,Rio de Janeiro,RJ
2825,25c772d63313482a9ae201dc21a0e402,a1ed5c82daf6476792205cf99e4afb41,Belo Horizonte,MG
2826,f978209ed2dd47058f417d8c58a33cfa,c6fe4748f14345ce886d31140c6b7d7f,Porto Alegre,RS
2827,7cc6dcd54e6d478faa343cf40cc7f1a8,ff786ece7a544fd5b22a7ed6cc7c20a1,PE City,PE
2828,b97e8a75b651442cae2bbd005c38488f,768c282a4c804638a3f327a67b8d1c67,Curitiba,PR
2829,2ef4aff810eb4ddf81ecace4adbcabb9,f721ca275eda4c729d655358b5007f46,Sao Paulo,SP
2830,7226714ba9b6448fbaffc7d2e2c2cddf,7898c80b9b0a4373bceffbc8537825c9,SC City,SC
2831,d0edafa4aa784dfd833ae57ec5bd15b6,0ceb6074e5ed4da8acaa061504ad6484,Sao Paulo,SP
2832,5df9e07ebcc44e42af5c3013eea74c6b,50bb422e024c48c1a6fb2b5a78501970,Belo Horizonte,MG
2833,6e85649c7923413db759efa32ae2deed,8427ae59129e48e5ae436ef2d5ce0e35,BA City,BA
2834,f1368a7efb434f668a754f9fab30aff1,ed7eb64a13804651a58171e1feb6e454,Sao Paulo,SP
2835,72d99075683c49c09666b3a0bcf1e02a,8f837d4bf52644819f0721e2377c349c,SC City,SC
2836,baa12f555573404e8cdba75fc52d6553,b8567d2350d94e50b577c13b6ebe220d,Curitiba,PR
2837,5bf950fa8f8848ba85da505b2b01b58d,8261a6c4a47f407bb79677a54157f328,Rio de Janeiro,RJ
2838,979e35110c574d2eb5835166ba51ec3f,88f6632871d84f3f8edfbd0e19df28fb,Sao Paulo,SP
2839,65f277b7ec0f4c3ea5d62d52cc882250,94260f66fa884f3684baa943e54b5e2b,Sao Paulo,SP
2840,ebb19c47a50d49c2b9079f2fac2d9755,0cd569c5dc5843d9a137cd2aa11222e8,DF City,DF
2841,0a31965ab158467aa67c40c65338ca1c,1b3ff22819c44b28a7403838dc0d856d,Sao Paulo,SP
2842,952e1ab5a6fc4974a7712a317430e017,af1a0578c0954b0492969cef14c1e09e,Belo Horizonte,MG
2843,d31741d83be54409a9426688e4c30eed,5f1f774872964dca8b89777126fc0c52,Sao Paulo,SP
2844,d3414807563c4b82a310c733d86d4101,b4d13730f20647a695bdac75d7214ed3,Sao Paulo,SP
2845,d8cacf1cc8184131af68c31821874614,1047e4a8d1cd420ab44f95ac0ce390f0,Curitiba,PR
2846,fe1322ddef80496f937d5bda81ed2132,aa83a525788948219848ac74c5bf6427,Sao Paulo,SP
2847,60958c328e064ceb82c606683b29d8f0,9de5715ffae246d2abd185640ac460b1,CE City,CE
2848,27d014174646431eaad268d47c88cb2a,db4a949294144d27a388ee8ea8c8a577,Rio de Janeiro,RJ
2849,36865bb7b9764f1c8e9374c469a48e30,761dea223f8c406facfe268200add537,Rio de Janeiro,RJ
2850,ec420213ed6546ad80627beeaa716c11,53290462ba6a48e9b814650dd3865720,Sao Paulo,SP
2851,98eacf265b6b4eae97799ce440c66e28,84a5c1e819734772af40740e0bcb78f0,DF City,DF
2852,e1a6f03c1bbe45e7a0e6d719dcf1f1dd,6dd10fb9da0d4b489b53c9f60f356400,Sao Paulo,SP
2853,0c4138e0b77944d5b05951845e8c78c8,bda91ec3d6ea45449f27197f987ef95a,Rio de Janeiro,RJ
2854,e9aae2d187e147b9a721227fba461df4,53ad5e556da640a9b811b3bf3268e157,Sao Paulo,SP
2855,84740e8e59744c22b42bfec152069ad4,3e7c56008ed6485bb81539b688f7bf0b,Sao Paulo,SP
2856,9f8d9d6ec2164ed4918d092262d4c2d1,e7b5c5e08ead4d9c90509c629f452ff6,Belo Horizonte,MG
2857,83225d39912c4c758f804a4f74ce5adb,bafa5d48f06243cf9136e11c53ad3002,Belo Horizonte,MG
2858,f5d8017e00d54308b5592e546354b7f8,fca95edc8f564ed0a8a0c02733cd014b,Sao Paulo,SP
2859,4650b01e1538489fb227210055f4af4f,7f81fbb47191484f8f9f769a7ce6316d,Rio de Janeiro,RJ
2860,5a63a5d9e1344d6b8944fbd33aaf382b,5eee17208bdd4e1ba7799ea7bc89bc38,Curitiba,PR
2861,d16d8964dc62495eacdb9105b0723ed6,ab52cc985a6e4a468e4f9c8a127b65c2,Rio de Janeiro,RJ
2862,640872cea0c64fb18da5567a7d11c410,31f5defa4bdb49588e738a4f55cf2225,Sao Paulo,SP
2863,1ab9d7364d864c5b9f02a80c5778394d,22e1d859189f4039b7de0fa6b2ce30a8,Sao Paulo,SP
2864,7ef1313dcbbd4f21bc15925d8c2aa3ba,bca786d3b30c4673b5d8bd9693a94c09,Sao Paulo,SP
2865,20b90e63005b40b7ab61ad2b783dd247,3e30891763774705aecd94b24181371e,Sao Paulo,SP
2866,555cd5bd4d2a4f98b0c350263011ec42,9f475f4dab19493698350893d6813453,Sao Paulo,SP
2867,c630fe5721ed478c9c3bfa9c96983718,a2a41763e4414e80a8859d26580ec79d,Rio de Janeiro,RJ
2868,f9fceb84d33c46c5ae0f2841dadc6065,96a84301bf33467d877b3c1d1bf76c6d,Sao Paulo,SP
2869,9b20cb10c9d94748aaa3115e9c88fcb7,35f76ae1fe1b493899c45fc6d29a3ef2,Belo Horizonte,MG
2870,febb188253544bfcae3612ca9d4532cb,51a34e5b194742d39cb0b47513f4a74f,CE City,CE
2871,4df5613a75264dab83214f26f3b332ab,5b7ed2b3d7354fc7ba698ec440fa672e,DF City,DF
2872,779bd140166f41fb91702238a99e25d3,6eeebf05a89147fe9fd761c709c719be,SC City,SC
2873,3a3e1b86b2194d148bd0512f5415b8d0,48168afb0e014196aef8bffd81d18ccb,Sao Paulo,SP
2874,aa7113671cfc413983ee417c0b2632af,21e1b7fca13f4b839a516f3af7722872,Sao Paulo,SP
2875,dea324312470412f919e1c7b8d4144bf,0209e40ae8854e02987ce680ddf41549,SC City,SC
2876,9f3b996ed69745d7adb58d35d8846581,2185bdb4c5cd4a4bb32e2208fa80f875,Sao Paulo,SP
2877,b0d2b8cb288f4d188d8362215bec38cd,6284c4357d4d46368dc1bf8cd30b19ff,Sao Paulo,SP
2878,117ba686db7b47e291c54cc63b950953,e70721a26b474fd8a1c90b77416f7e0f,Rio de Janeiro,RJ
2879,b3e3174120ef4dee9c6199b133514162,76453f2a57d9417f95c7f1fd5204710e,Sao Paulo,SP
2880,6181626d59ba453580fe6c7f87f2bd27,3bbd15b387f34343aaba997748031552,SC City,SC
2881,5686b30c704a4cd3a62beaaec8767b9c,01976342bb0943ec8eeec451432e953e,Curitiba,PR
2882,aa333d17f5a040df915807326d70e7ea,908fe7bb5d47481d8141e423da7ba47c,Curitiba,PR
2883,1ed2e1c1cf4b41a2a7ba8843b6450437,68de7aaf662240a1b8944f952c97d775,SC City,SC
2884,8d6aea4eef474056b96e2995805ba7a1,e73aa8bed8454649bd7e929704f958a0,Sao Paulo,SP
2885,a93b6b44e8af42d9895cdf18161669bf,d6816c927091485e90d9cd6826d7f3b3,Porto Alegre,RS
2886,fcecc2d1ed174ebea8b8c033a7543225,f0dd41fcd4d44a78b49a6a87b268a3a1,Sao Paulo,SP
2887,743a9e0eaa2a4d03bb1c32437cfc4224,6fd454e787fe4ffeb25525fe8bea6f38,Belo Horizonte,MG
2888,6c4be16783604f4cbac831d819fd6d0a,c96a82166ad04790bc4383cf304cddd7,Sao Paulo,SP
2889,2a9d395ad2864337a9ef7b2a216ed36f,57c062d481e9405b8e03677b830be1ba,Porto Alegre,RS
2890,d8e8aa2646e04d92a4c07fe19869dcd9,f9e289a3278248738108e0dceb9f7e71,CE City,CE
2891,76bdb8d183254bf9b153ffca2d938cec,b1f869f05c6844f38fb73ce0bf212921,Sao Paulo,SP
2892,d976cad762074527ad1525c6c2f1e7e3,f662509437eb4b2b9df861c43ca077f1,Sao Paulo,SP
2893,82a143443c0d423db1b7badd3005ae86,46556370fe2c420ab1a39e19c59532bc,Sao Paulo,SP
2894,e117595a1b904f4c96d5a4dcf298af7b,dc01556612a74b9fa4a5908194ef6fee,Rio de Janeiro,RJ
2895,e7d6058ab39e486cbbb3c83c2e73ea37,b3848022ff7f4fd6a29cd16e75d896c6,Sao Paulo,SP
2896,db7289bf423848f89edc85ee0747f6ba,5eb3b73c0d7342bf9e7de0e885636e9a,Curitiba,PR
2897,29237aea719447ec9853af8e3a5ddd36,d5fb0d9c03ed4d1dbd03275ce4a4f4b2,Rio de Janeiro,RJ
2898,3d792e46c7ff424f963df88174ff2d2e,142285fa969241dcaa1e7116454c722b,Rio de Janeiro,RJ
2899,826733e2f4c149e5b906da715a0a1336,1ef5f964573842cc9061c4fd4180782e,Porto Alegre,RS
2900,0d20a4f4c4974c4da1765fd0941883fa,79c392a1afcb4b5d876bc9f61954a366,Sao Paulo,SP
2901,2995bf474162423e80b60c012e88bc90,578d4e0bf8c94741b55b9b70046e39e0,Sao Paulo,SP
2902,288bc223177f4f73ab1c98c70d1955c9,dd30e5b113494293bc039219d8df90d8,Curitiba,PR
2903,ceb033a79dfa49b08a66af561e18e105,46e91f12719b465fb0815319de04005b,Curitiba,PR
2904,6151ad01835745d18d95fbb9bb5ec641,e116dfe628404d45843428b49577ac10,Sao Paulo,SP
2905,abd7d8daf5b2408baa45768385ef50f4,8d9614d6c7dd41deac6c3b917978122f,Sao Paulo,SP
2906,965bfb1352684831bf3019e882b140bc,15c0d7cb1d9445cdb26ab3130cb882fc,Sao Paulo,SP
2907,9cda3ea6bb254128ab4d04dc77581b78,7f30cca0195e486abce96ef38ff2e2a8,Sao Paulo,SP
2908,8f58bbd44ea040dbbec1fdc9d0c93df8,20b7079610d14cc1a60ac412f883f9f5,Sao Paulo,SP
2909,92d8575e046e494f9c704b5a05a66eab,1748f5d9a8604330960c65b6bc007efd,Belo Horizonte,MG
2910,181c25c79e2042e09abde74d07cf3e8f,2c707c3200614de8b9c2e994dc111deb,SC City,SC
2911,4945ab2098944276871f4472c712435e,21b93368c31049edbc8d62da0f201386,Sao Paulo,SP
2912,04f133a63535406e91d2930ef9dcef69,e8596400567b42e0b8ee85779a17a22e,Belo Horizonte,MG
2913,557f261c5777425cb6776b5c29b5acf1,d4070c348e4641c9a5d88c58fa00a4a7,Sao Paulo,SP
2914,565411e7ce0c496990eb3643cbe9f839,dade7b99f75945989022dfc7a39237ae,Rio de Janeiro,RJ
2915,2f192cc157144f2a85594d2726bf0bff,eef6d774201d4c099f1d2ebdc37807b2,Belo Horizonte,MG
2916,08bce43e4324401db1d59c902f53bd19,67e4a974e441432a9d15c4d0b7f21c88,BA City,BA
2917,234b717f9bb9422c9542a5d8628d4664,42018c712e75446fb188c7ea097fe46f,Sao Paulo,SP
2918,3845ae0570f845b280829777b745be9b,d1ee17bf7c944a2690eb272f68aac935,Sao Paulo,SP
2919,160c7a2249c1432d84ffe0643a572540,fdad6d1a2f524effab3f17b3634f36e2,Belo Horizonte,MG
2920,c42b29959e7f4ce1af5b79f97fd9fa84,c71fc5bf75c846e8b4d0ece27574405e,Sao Paulo,SP
2921,7dc77e7667484891ab253f2d3bb606f3,cef8ab0d238040b89b82f0a779522a4d,Sao Paulo,SP
2922,ebd391bf18674123acfa01ecf61354bf,9200fa03202d49e793fa65012b5f0852,Sao Paulo,SP
2923,25f952ce0a324aeca3c37d6f3c4ad3b9,4ec4ad31e6524967880426eea73afc11,Rio de Janeiro,RJ
2924,2d24ca4181a1456ea04a770c3e67854b,433bf119c03348cdbc11de3f76bdbf52,Sao Paulo,SP
2925,1697d225c34049c490505536bce8c1ae,bb6dbce3861649e88a0a70cb184cc173,CE City,CE
2926,48c1065196164f62a4aa6b0245c415bb,1c6abd0723d24970ae156c2eca540020,Sao Paulo,SP
2927,1df5f39f94854b4498ff3cd938d8c960,b943c43979e6442aaa5412e4e0d92b35,Sao Paulo,SP
2928,508f2f8fb2684332b4f73df90928de1a,5b7508d70aaf4ab7adbbeaf88b9c0049,Belo Horizonte,MG
2929,fd249cc079084b13833208b515fc5a98,d8f9306216614789b97ae69d5e929be5,Sao Paulo,SP
2930,9d3dc9ae0d50418f8047141018ea42f3,a13a3bd34e9b496c93bd080e86de66cd,Rio de Janeiro,RJ
2931,8e6b5ebe48da49df8ec5a50aaae98b6e,6c31b81db78b42dc8724144709f023d5,Rio de Janeiro,RJ
2932,59d54c98ae8c4a19bab9b896aec72ad0,549b989fe3c447398a1fa9dc2ac65b24,Rio de Janeiro,RJ
2933,f744b489ea3e4645afac800e61a7bd49,73f11d94bbf04dc8bc7a01c67408f18e,Curitiba,PR
2934,c1c7487ee40a42b38a6cc2e46f4622c9,52a1da044da040bbbc43effef5178c46,Sao Paulo,SP
2935,d166fcd190054828bdabc95e9aa641f6,b9632ac5e6b64410996e746a15938bdf,PE City,PE
2936,3f6f0c8f0e064e38abdd68229eaf6ccc,3318bd1ae6864c9ab131e75e07d62f08,Curitiba,PR
2937,189d024ea6f54eb7a8291dec49964797,365a1848a5ff4a26b94ea59de15dccc9,Sao Paulo,SP
2938,04dbcba4a7184cd4bb9c46ad93acd826,88b5fd1df5ee4f44bef5e1a2ace7a7ac,Sao Paulo,SP
2939,df3a39dc39f04079b86e3a0f4495f28f,6677ab0d37ad461785b182067abe243d,Sao Paulo,SP
2940,046961b9c36d4e409d6f8491d65e3d4a,6c5a974ae68248fc92d9558bf0008700,Sao Paulo,SP
2941,082766e1cf0e4035a15cc8ded1897a8c,d9fa32ba8c9f4b16bbd7388a39852d37,Rio de Janeiro,RJ
2942,5932975db28b4d1aa6b9a4ba57174918,7e8daa357b7245da888ccb2026935662,Sao Paulo,SP
2943,94b268028af049189dd77cab365ff39c,c537a1098b524aa697919f482baf3032,PE City,PE
2944,f3e322e11bd94a8a8fa74e0602d60d2f,02d97eece5fa4d66954f8c272051bfb4,Sao Paulo,SP
2945,204333f097fb466099b8856f4ac95b63,0280c6e2d235492aaab3149b2e9ff6f6,Sao Paulo,SP
2946,d5281ab6ad8e42099b12f6c29b0360e7,8cb31be0ce454354aa669f3bbb52062d,Sao Paulo,SP
2947,8134c7cf397d4929b462d6ec6484fe5d,d8caf090ca5942e6bf85b402438e86c3,Sao Paulo,SP
2948,8940f17d42244709b52216d87106298d,ec630ac36bcc4fbc8449a235390c9b40,SC City,SC
2949,1272b0e8ed5f47f5973cd38b75e48a61,0b5295785cb24e16ab59bb2c54c86a26,Belo Horizonte,MG
2950,49aaadd8cdbe4ef9b9016ffde61a5c8d,0f4664ae153e428fbf1a3166edea0aa3,Sao Paulo,SP
2951,583de8fb4f104f0d99555e05a29fcfcb,e11723e7521449498d3fe4d5873838c3,BA City,BA
2952,ea4b547928534cff845af31832a7a0e0,6616c33e9d574673b660740002603201,Curitiba,PR
2953,7223328997ba44ddbae7af639d4054a9,74f2f983a8c5444eb71a04ac984dfb96,Curitiba,PR
2954,72ed9fbc1fad4806a3383884100836cc,c7e9ad9a7085467e9e16b9eb030efc14,SC City,SC
2955,ec4ba5faabe440f0acde33a693e235c6,8fa92d3809ba41359b4cb2e407c180b7,Belo Horizonte,MG
2956,18bf55f899604183aef8cd9534f992c4,4a98f6c7e1b7407fa845d40b2f91a966,Rio de Janeiro,RJ
2957,ee1c755b03ff4089a101eaf936bb1470,dda3b21d55c34481977f422051d8f88a,Sao Paulo,SP
2958,57ee475a74f746089c0eb792eea327f4,84ecb930e55d4f909d8ae4192e8cf969,Sao Paulo,SP
2959,7f5ee2c96b4045b2a9b90d061a5ecc54,63157f4a818643ceb5b578daa6f201a7,Rio de Janeiro,RJ
2960,59c1ac18075c40ab9ccf4bf490cb3744,a32e1c39ce254604aac2892754b45ab8,BA City,BA
2961,b12dad83dc58473ca91c0637b95e81d3,cd103592978145619a874518c142bd75,Belo Horizonte,MG
2962,6e8e8a9d5dac4c3b9564427773faa957,880f56efd60e45df891494ea440f4efc,PE City,PE
2963,7b2d55b6ded94bbf94109d631f323003,cf499ad4a027428dae24b6855b94238d,Sao Paulo,SP
2964,f60620c30bef414cbe2117ed853ecc4d,b14d9684d9f14584a1ba1ddd75d8fb84,Porto Alegre,RS
2965,780b49c51b76480fa1f12b405924f138,5c524e068bb042cf908d8cd47291faf2,Belo Horizonte,MG
2966,fdeb3852d0fc483ca37442eea820a820,4424d26da5d54b4198926e51d319177a,Belo Horizonte,MG
2967,329229fa506646d89ff4424671c4a68c,65f8efc55bda4f218650cab63a42c066,Belo Horizonte,MG
2968,395a48dbaf5944e385e39fa059c0dbaa,db7a2de720784b60823d0b6fc8d9a9a9,Sao Paulo,SP
2969,e74284c57881410597622b3d8479ef88,dd98e885071c4103a6755e00c15e7480,Sao Paulo,SP
2970,10c64141a9794110b89fd0d96b225ae0,e6b090c618554b1ba142e260ca73167a,CE City,CE
2971,6a77103c36584a9089e0f412fa10d4b4,bf87caa246e74e23b58c79896258fcfe,Sao Paulo,SP
2972,cd7f4a2e954f4f32a196974c50f64ad9,6fb0024fc63d422c8df388b52f553a55,Rio de Janeiro,RJ
2973,26af9a791bde4e8f8e1e7e03dd919706,81255a9637d64a46a7da838e01e19455,Rio de Janeiro,RJ
2974,ea95e2823f884e609e0a7372c9aa6290,10b940dad42949ed958182d32e76a849,Sao Paulo,SP
2975,915c775714ca4305ae1d2e780d4601e1,636075216dd54ad9a809c0931c50171e,Curitiba,PR
2976,b885d91f4971434dad2d0bd61df65f14,8f1c6a714ef64aa991411786a3347da9,Porto Alegre,RS
2977,611e0a9b7cc2446fac10f9b216cf312a,d6d1b87deed94cbabe90b9b3c9f08ad6,PE City,PE
2978,3cff52da66a4485a91f1500d5f322926,bf5cd2ce73004d8db236057601c45ef2,Sao Paulo,SP
2979,c8ba5892271a40c9b515e4938e6979b9,8258fe51128847b28896da0a63209d3c,Belo Horizonte,MG
2980,1c56f0e7853940f681de369d89301bf2,0681e74d85c048da99ddaa992ce41c5e,BA City,BA
2981,c5ab47c3da7b47e09f1a20f60a24065f,00eee34fbc264ba2bb3b488524bcc3af,CE City,CE
2982,c1ff9e51577841da9f683684f84f16c3,7005cf1cd0034e35aa6ee24f893f2523,DF City,DF
2983,e2dbb197a21849ea8ca1dde5f4b38ad3,5e5ca77f57524448a7b56b380ecfe7d3,Porto Alegre,RS
2984,212797be5491430ea6ef1b69a663e2fe,3ddd624a847f4e1a9621df667238f193,Sao Paulo,SP
2985,7e8e8399253d4afa880466be8dd2c86a,ec271508ca0f46f7821df9c1b620555c,Sao Paulo,SP
2986,5730ee3a55c14b8a804f60ec1c54c06f,8947ee316dd04e35ab449804380ee1d9,SC City,SC
2987,214649a914e7439884827a4aaf561b8e,b3e496fa05974c4d9a0e04797f7ae33a,SC City,SC
2988,d7771775770f4812a01eb43e7e123ea5,891c3c8204f4487682cdfc489433c6ed,Porto Alegre,RS
2989,80079556112c4d9fa140c0b2c048a6ab,30971067ffd94483b8b70d3e3479b330,Sao Paulo,SP
2990,b07427ed52ee42b7a73d53e5e0fb117f,f1c65ec18cd74f60a65fb51e85606a2c,Belo Horizonte,MG
2991,291ec46ffc91410d871d7008c7d7d43c,5d7d090870494e2f9b7e187309dcaf38,Sao Paulo,SP
2992,d403125fe8674147964587323ea9e1ed,36e5640e1d294547a78e2eafa0c5882b,Rio de Janeiro,RJ
2993,f1c959ba3b1c4ceea7344bc25e783e18,22730b52ca60436e842084193b353c48,Sao Paulo,SP
2994,8db5a8ca130a4e7da7c5a93941069695,8a94162d6d4640ac842fa94b793faebc,PE City,PE
2995,6c180d4323b84187b3352b724b7fe71e,5dbda138ce134a9f9d7f77fa00978d71,Sao Paulo,SP
2996,e33ef06495704d68b47c651c786f4661,202d23b17ff844da9124af994a5bc33f,Belo Horizonte,MG
2997,5ce68e665d1240f0b9ddccbfbcc94883,b22c1c80cd0f44fe952f7e5f401f3ebb,Sao Paulo,SP
2998,5e9eaae1ce7c470e91511bcad72154d6,48c9665aeff345c3b59a2037d8c57001,Belo Horizonte,MG
2999,823609f2467e45c6a69492ec7e11f551,95c78384e7d74fffb6a4fbcdcc51ff15,Belo Horizonte,MG
3000,cee511e9b2634e28b7185a9bf0c9b738,d5e3d62b24aa4b9c8629e1c995dd0ae9,PE City,PE
3001,52685d5dcba14a2b91f5ce36377ee599,ee7d09a3f0044da6972d4be826766c24,Sao Paulo,SP
3002,ccb5d1e0c1464adc84b5e4c2c2a8216c,e960cb6b2a114b97ba572535aed0836a,Sao Paulo,SP
3003,b26f15b767dc4f6e9015b92f6308a0e7,673671fd187840ccb97b7265d5ec3c66,Curitiba,PR
3004,151d0b424c9b4bd28d73c1acca858996,e8e9d7f9df694553a0da0f01a8815f52,Sao Paulo,SP
3005,88eab3731bbd4230a671c9f9f128752b,1558829173b94bfca85c2d5fbcd5f936,Sao Paulo,SP
3006,047361d4e47e404b93adfd56e7ee20b6,f6e185a18e6547deb3ec216a2790ca5d,Rio de Janeiro,RJ
3007,47522a8c02a24752b6d5a61c486623fd,16e0db28ae1c45d190c43d98e0cc5f8f,Belo Horizonte,MG
3008,c5c14fcc9a5a4ddca1ce896ce4a2e237,ff981238a6a54ab38dd596dbcac0dbfd,Sao Paulo,SP
3009,b84dac1f4f55429ea04f3809bf41d24f,21e205a1b67f409aa38847f8e1f6fd69,Sao Paulo,SP
3010,038ae56a47b7405a9d8d7a7963821306,b97ae4eddc934f50a18224750df7ba12,Curitiba,PR
3011,4b3da092cd2a47c798f78a8107546c96,f18be17006654f97b09c6cc4cebcf8a9,Rio de Janeiro,RJ
3012,cb71cb92627743008b30b1b5c58ae3d4,710d1775f02a4f34b7ed83a6d5f293b8,Sao Paulo,SP
3013,e5df43b84de24c3aab8cd0365a071e84,3c59e33c48314d92be793bcf53656d5e,Sao Paulo,SP
3014,189c7e412fef40c6b521c6fb1a160b32,6ae8c6d8448f4e22aa483736f7a915dd,Belo Horizonte,MG
3015,a04a15c485ce4d70af4736d82c257bca,4458612a080d49f8bab09ff631bf3424,Sao Paulo,SP
3016,ebbdad89edb343d59157a7402b9ac14b,f1fdfd81367c488092df9df758813512,SC City,SC
3017,3570709640164f2da615f3f244ada40d,12a7a7d9feab40edafe11e15b1695d65,Belo Horizonte,MG
3018,6063c8ba0ae34076b0c9f8bc2bae2870,7798e85d75954d6587969e4179aa66ee,Rio de Janeiro,RJ
3019,ab7d0cd86d0e409aa5c46e70f96ffef2,8a9d96dc270b4a359e8c7a2e4dd86463,PE City,PE
3020,8c484575581a4b1abd529a72b1ed236b,8e8d1dba468842edae4b72cddd4ff091,Sao Paulo,SP
3021,2793e6aa2a064e66992f7e5f82c67f0d,7599ad9cf09341baa6a44c8cdcb65803,Sao Paulo,SP
3022,58cea8d255e8436dabe8e7971e9cbd6e,23ca7dbff34d4c77b8e8a914fba752c5,Belo Horizonte,MG
3023,211a60159e5244e3a8df5ec61e1d8421,46e1c2fa5585491596d50a6159f31bda,Belo Horizonte,MG
3024,756eeea2523947c6a624488c3fcfb450,960b9fabe32048519013ac2c668af667,Sao Paulo,SP
3025,3fc31fe1d4804564abeb0e561738f8fb,b5e085985fa44396aa2fd1ce3a5dcb89,Sao Paulo,SP
3026,afdf82238a754678b85f1d00469e5899,dcbdc9afd43d4154a7cddb0f388e93e2,Sao Paulo,SP
3027,e2959b999b0d4f74b54cc27c7308057c,6d027485363f4e26a74a70ab389f1d96,Sao Paulo,SP
3028,275c8d1969ac432099bb9532a6a14807,683f77fdc84d4f669c2e6309baa9f403,Porto Alegre,RS
3029,0eea3ab9ac93475da56c506b7d1c82b0,75bbbcda2fda4b97a83db805bce859b1,Belo Horizonte,MG
3030,954323dd0eb2468688b3b6b4ac155678,978a13f97f39414cbfb9376632cfe0f9,Rio de Janeiro,RJ
3031,d1950d28459544409e90f2a3cbd528d3,2d9faf9a72ec43f096d05c3704b07ce7,Sao Paulo,SP
3032,867ba32848f7402bbccfbf6ea0f3dbfc,1a5848829a004432b9afcb56373b603e,Sao Paulo,SP
3033,9ae32374745f422a9c387f65e3b729b6,c0eb79165c13493898af4be12f3a7d86,Sao Paulo,SP
3034,0d717135f32c4bdcb3f33aacafed6123,de9ace2f83114824ab048d38ceedbf07,Sao Paulo,SP
3035,1fd8a433924944ab92b433128f5c70d5,1222f34358e844da8757e8e48d5d6142,Sao Paulo,SP
3036,5844c8a94d224706bfdca7226da37b54,33bd48ed8c7348ef82f68d64af385283,Sao Paulo,SP
3037,875811140d4f471188b51ab4de89ecca,a3fa889227914efc9202cc6fc98cdf80,Rio de Janeiro,RJ
3038,de4b0756572844b59e32425e1a50fff6,94a7478992f34ac0991e692b1d2634b0,Curitiba,PR
3039,fa82a52e60b04ba6a223ad8c8c4787a1,4c92a499c9bf40acad7b356f7f680496,Sao Paulo,SP
3040,2867dad63f1a4a8e9e324455ebdc0714,acad4b81c03e4733b31fba55d9791472,DF City,DF
3041,a8d01f2a48594671806c2c9994799c28,b6c18d3fd14b405b8ef03d26965558ea,SC City,SC
3042,1e5f2ddd402f46c9ac664c4ef61998bd,56ac4c822d064cd58acf6f2f2d5b7eb6,CE City,CE
3043,e898ccae339b4e91aaf8eadbd4e2cdb9,371ac050a456473181880eb5bf6e1c2a,BA City,BA
3044,73b7b836933d4a13a0fb3fe37fb26e27,0d523abc6e45468ba64797157f34a4ee,Belo Horizonte,MG
3045,45be8db4aa194e3491878805bdfd0042,926878b9d6ef40f4b968be88dd12beec,Belo Horizonte,MG
3046,28053539dd294c4592be6bca5ccc4f49,ff2af778e75b4b75930a0eb52586d099,Sao Paulo,SP
3047,d3a6f46ec5794a2797d1c6358d6283f8,a734483ffcd043598568425ca87f3c0d,Porto Alegre,RS
3048,dc871243d1c8475ab796f6da1f3c2ffa,63a21a0f5bb64cefbb89949fd23d113c,Belo Horizonte,MG
3049,9ce58a369d73461fb2452ab686eef165,9c72ba01509d40b19aab1facc3250931,Rio de Janeiro,RJ
3050,bca3b8b5a542495d8332dee9935f56ef,f3828513c61343c096b6bcdf6b21ff7e,Porto Alegre,RS
3051,bb7bb8ec93b64dc98a498a627675555d,cf34f3df79534939a307af35afabd427,Rio de Janeiro,RJ
3052,f588d35dff3d49c1acaef38461d3c5de,bd8ddecd9f3f460d97922511935b47bf,Rio de Janeiro,RJ
3053,246dbe3218cd4f43a2f0add0a9364083,73625395718c483fa672484f3de2a937,Sao Paulo,SP
3054,9aa992fc4e9e4d7592a0b04fd5be972f,be3b7a9a7ceb4a9c986ee022274bc421,Porto Alegre,RS
3055,4cbc925a307f49d78980e869b88d07e0,698f493d343146fd90136498c5def979,BA City,BA
3056,94779b65a1e0456cba1ebd96e32401f5,7806ce1ce9664d1a97717826413f2936,SC City,SC
3057,f6af65b1cdd4446d8f5838f10faa3d08,896fd0e496cb4d7fa9a3dd0322f9aa28,Curitiba,PR
3058,b52882c0e11e4c84b54c163d853cc2ad,c0f0afea03a2480fa8e7a0c202f71727,Sao Paulo,SP
3059,f63794c2f2394de0a3d8a25da87f0b3d,06444d5eb8054ee0ae33123d9470061f,PE City,PE
3060,702664dd076f4a53b9a5fddaa781cd69,d98807aa02744768a443d179b749c1b3,Sao Paulo,SP
3061,493e7db5a08442c98bc6ef2c12966626,036b10ab58aa443c8e5794f0eb6a1aab,BA City,BA
3062,c5ac92bf9c4e438b8f6e3fc95857deef,fed4d4b539004d2d8f44b8a05d1f9f8c,Sao Paulo,SP
3063,90150558a603410381b1a62e51ce5181,3a694c7bcfd64833bb95fca6a315fba9,Rio de Janeiro,RJ
3064,8c43541f129242158f2cc752c09d7937,4881e1a89c594a05be8380a3d52d93f7,Porto Alegre,RS
3065,cb025331112f4a6da84bf2e9f9d488e7,ab7b777004e74bad9a70cadfadf02ed3,Belo Horizonte,MG
3066,dd9c63a42edf471abedab1454ccd0a26,84851359abf24ebbb27dcd1ebe4929ac,Sao Paulo,SP
3067,de6cc856b3db4dac812410bfd731141e,5fb9a60cc8f4487ab73900223b47bbac,Belo Horizonte,MG
3068,687df5f7e68f4440b45ec81bf00abe15,e0d57b93db6846e3b8858c6862a0cc24,Rio de Janeiro,RJ
3069,0b66998f4f83419785d96fc408ed6936,4e5556edaf2e494dae643d4ba8d00f05,Sao Paulo,SP
3070,1e631a53bba74a3f9548ad97fdc5b221,21a9d8b2a03c41cb89ab564a01716205,Belo Horizonte,MG
3071,01c0abc179fd4180b8f1fbaab5196b90,0f0fc51e7f10407b86a663e9d53fa8b7,Sao Paulo,SP
3072,4e36fc5bbb0d4a21b6745a6305a3c5f6,f718ca7823a84dd395b16c99c6ddd531,Porto Alegre,RS
3073,78adedd8e1cb4d8ab3a2a0e9453f8b9a,fb5bfe2627bd4e46841b6e57ba3c910e,Sao Paulo,SP
3074,cdee2480810b41408933b4bb04460484,b52884cec9024efa976475782ce26d74,Rio de Janeiro,RJ
3075,327ab7d9266040b89a9fb9dde05ecbd0,0db6faee06da4a92b0766dc94563ed24,Sao Paulo,SP
3076,ac812c5d16004d38967236f8dc255b1c,82385fe029ff43c88143ebcae7a4b6b3,Sao Paulo,SP
3077,76d2a56dd2454962b809cb14d4e8983c,ab68dd97bd754af29e3ad6ae22a70547,Rio de Janeiro,RJ
3078,860ff1e1dcbd45e1a88cc583ec35df8b,87a86acbc16b405d8e84e530c22bef2c,Belo Horizonte,MG
3079,4126a7bb050549c8a1aafac53b4865e4,915ce4bb9dcb4663a8639c3bb6f1e489,DF City,DF
3080,d26d92f22cb34df5afc93aaaa0146060,d0a519d667394ea3b4dd1ec29c1cb74b,SC City,SC
3081,f5f9fbe1867c4a9e8aea147ea9fd494c,a98d83e6d0a7490a8a1166c31298400d,Porto Alegre,RS
3082,903b2171eb8e4ca887316198cc45a878,0c49ebfacd7c4bdfb57c4d8e5d1d0066,Rio de Janeiro,RJ
3083,b88cf4569f024a55bc545e627503bec5,6b39c2ee3cd943f491feebe3783fb36f,Sao Paulo,SP
3084,2338ea66c29e43099dd43bb46b2f75f7,d9745c6964f5431189510302c6ef93fe,Sao Paulo,SP
3085,d1536e3292b7446593eb86112f5be6d2,dde439be4ca84228b28584d6e64e71a2,Sao Paulo,SP
3086,6df38163e6644bf4b369b005abe1384b,d066a041ac6143d1b885a6ae5dac64af,SC City,SC
3087,f9aaf96a87034d4e99ea2c7305675348,b7236cf8133b42e68c8fabab33dba307,Sao Paulo,SP
3088,cee8ccf288324ee1be028bf7d92a7770,a5531f2b1ef546c1923695d676b6b851,Rio de Janeiro,RJ
3089,59e8ef5f2eb545f782681c53aad52112,ecee5dec5179431ba81b1ae3adfdcfd3,Sao Paulo,SP
3090,e7f2b9df5d904d308c4cc6ad006fc53d,94ab73559b474e76b26993b3b0d9a72f,Sao Paulo,SP
3091,368a9a5d9b004ea29853169db1f4d9ca,8f0f0d17e5394c56bd8b210ab344a623,Sao Paulo,SP
3092,8c9b024c3e004a478f7da3ac3e7e0627,74e305bb94d7420ba5fb8760cf13ad52,Belo Horizonte,MG
3093,623c48a19b8646a0a87e184ed7a7c0bd,f5ff5ebffa5742f489b84330832866d8,Rio de Janeiro,RJ
3094,430cc8f4f84a4023a4f4baea8f007db2,ffaed0cbb62c4898a45a9573193d126b,Belo Horizonte,MG
3095,f7256c5cb8c440bba4a7a3c023454ce1,e638e0016cd1471ba87eee64b06c9394,Rio de Janeiro,RJ
3096,eab3fd4e37324a108512e283ae7d2505,275af30d290a412594e6163d9012d567,Curitiba,PR
3097,f8985c42d6ae4e1c8596d31551e704d9,2098f13ef9b74308b9d61b12a32f67b2,Curitiba,PR
3098,d5da377aa9904b8398285f954e918340,15b79f09786349509cf83590bd79d2ab,Curitiba,PR
3099,399085043efa4e47960652283bdb8b0d,e624b663a2df41169f28320c0441a0d1,Rio de Janeiro,RJ
3100,f083081865f2430da15b6f4e31f7d9d6,497f2ee6348f408cbc3c1b16909be5f6,Sao Paulo,SP
3101,c6981814c883471dbfa5931c652900a6,20b6d3a902834af4b6e0548b3c8c43bf,PE City,PE
3102,2d0dd7cd6fdb42588d069079cec3106b,d494e15eb82f42e289a259a83ab3284f,Sao Paulo,SP
3103,95ff5159bc614ad9b9b54d18dfdd0dd7,c11f090d657b4c73aa00aa5710877f8e,Sao Paulo,SP
3104,dac4174b09c044b19b9df3bc80559360,88111172ba7c495d903231d9a30323ba,Sao Paulo,SP
3105,08196d6562f24d77b9c0592433c50008,b4d0fccf2e804ebd9088c04fc77f924e,Belo Horizonte,MG
3106,ff6d05144d8749d6be2342aba29cd1fd,695f0649ac5943b5a297b7bae50a4644,Sao Paulo,SP
3107,df97596d8323449891d42ead65313654,3e2321ae36244553bc5d1e610c9dd33d,Porto Alegre,RS
3108,4e91bfa0bcb44fe292c23f543ff5efdc,137b65b131a54f97a10f909be649b2de,Rio de Janeiro,RJ
3109,9931cf7a45324de69b2a55b61753a204,d94e131eb04a41c980de8740762914e6,Rio de Janeiro,RJ
3110,34a70a87e59d4d5ebbd4868fef894af3,f8c749c116a74c1989c29e813bab76f2,Rio de Janeiro,RJ
3111,a743a9d4fbf84538823ab17460cb50fd,c59dbd65bf774903a5be724e39420fba,Rio de Janeiro,RJ
3112,0a7daa70b8ef4fe289086736dfedc686,be007d045aff4b36996feefa656ea86f,Sao Paulo,SP
3113,cce147c536c24024a66e164b90804935,20b8fd735e654c7c819c09fc5df6786e,Sao Paulo,SP
3114,add776c4cac14cd1b39309aa634a51c7,c6dc6022717d41939e2c8d7f7c8feeb3,Sao Paulo,SP
3115,061b021cedad49f381537127074f3ba8,dc2cedb92bea4f67b03a9379bb34042b,Porto Alegre,RS
3116,3011b580289b42d0891929c5b997a8d2,321b73cbf9134e63a70fe7cf89c63d84,Belo Horizonte,MG
3117,d5f2249a9498457eb0cebd3adecfc1e8,2c934f8653184d4d8b9f28a481abb60b,Rio de Janeiro,RJ
3118,0f79d14c32f44b469e593c134713525e,2e1327e379af4554a45507202526a534,Belo Horizonte,MG
3119,6366754efbec4af1af7ab5bdd3d757bd,a19d6631408a457bb86877cae1d8451f,Rio de Janeiro,RJ
3120,3322bb6bb6bd439f98a15ab7c9dd87b1,19999772df8a4eb3aca6cecbe6ac4e04,Sao Paulo,SP
3121,04cff16314d84683aa5e77d7a1e7706f,50e3debc710a41c3b11cfa9eaf8b4c3b,Sao Paulo,SP
3122,f46b75ab7c4544dc8d7ff5e881ee4703,aaf5c0f201bc47c9a3c9ac646fdac314,BA City,BA
3123,eb2f2a4de1e1469b81eb02f71489f666,f4232e06e3a54626b86477a30f4cad97,Belo Horizonte,MG
3124,f83f9dd78a3941c7bb450a2b9584ad3a,2181c7569cc4468e8f984c38cee056fb,Porto Alegre,RS
3125,48f553fbb1e443738a2e45e6814f5412,9a2e757a11224aed909a9be022abbb2b,Rio de Janeiro,RJ
3126,de1d8ed8b2a94f70b12a5468a906b6c3,3708ace09b4645b8b5d751358f9e08d7,Curitiba,PR
3127,3afb38ffdd98478899934b0bc118930a,d49691121500474ea178294aaf73e8e2,Belo Horizonte,MG
3128,81881b1090b2491285b227c1be40c9e4,534ca0c6135643318ad9b359d9097f1a,Sao Paulo,SP
3129,a13fb124ec37432a85e401cce8611f53,6d7a7371c37740ad8d50d2c3c6820616,BA City,BA
3130,37e82e436c7742fe8594d05ae77fcaf5,868c579577334d8391211dbf97d249fc,Sao Paulo,SP
3131,ad5717c039694d3a8ee44a1754d5a1c9,cb9ba2aba4e04248b94f4f445a4c4906,Sao Paulo,SP
3132,a04930a899564bc68924f2f2e880d82c,17b564759ddb4c1eaa63b4356ad9ddb3,Sao Paulo,SP
3133,6cf613a7da5745bf8af90a779012bf38,2601043a2f934d07a4e5a230ba58f358,Porto Alegre,RS
3134,780a41bf46f5496a9524e6be5fa98f40,22b08817b10f45229c56f98a116b7861,Porto Alegre,RS
3135,1ad08914952547f09bd163d25420a6ec,0e8b89fce95c406faa0791860b929eb0,Porto Alegre,RS
3136,90028b72166840a499877e2ba71a0b60,b4be592b1b834363bd5c9d4bc9fd8f70,PE City,PE
3137,dd27032a2d494bd28bc933a0ba4f22d2,cf91ace0864b450d9d4a5d1d54fae1c7,Sao Paulo,SP
3138,415eb99f0d0347808b3d3f594111449e,99299d7b66034792a08106dfceeb2168,Belo Horizonte,MG
3139,6598b2644ba54939a3e2d641f6ab3ef5,599449b6af3b4d44990f4dd87728f5fd,Belo Horizonte,MG
3140,6316b81294034596b3cbffe89d9f93a8,eabe3c5b7de749fdb0dda0575eb5265f,CE City,CE
3141,cf2e7eb072164339b4e2eaa152334766,04a5c8d79f5b40ed8aeea1c5985e0507,Sao Paulo,SP
3142,f0ccfe595e6946daa9f1bb8945291487,afc5b7cd61f44bbf8f71cbb57ddd326a,DF City,DF
3143,43a105f844c84bcd9b803f6c3a384aab,818b4c2712614bf796108ed27d03cf5d,Sao Paulo,SP
3144,eca1d332774c49aa99c4cbe6b87fee22,52caf60744d5420e9a74dc441f5680e4,Curitiba,PR
3145,58ce407ee42b478cba1c559b0ffbbedb,b3ebf891e03441638faa435400d5f845,Belo Horizonte,MG
3146,22880598cf534168a2a1333e90780ddf,c3e98679a3b44d2dae0c91e601b8ed90,SC City,SC
3147,05f8f7dfc97145f5856b0f9cd4d4e38c,b31f9cdbb91f4fff9c8e6dc2489f5041,Sao Paulo,SP
3148,121211b7298841c894c4b993a27e2033,09df53ccad614695bce4f1236f79a4bb,Sao Paulo,SP
3149,757945f65bce4f479fbc0544465c3f1e,4b79b2bf76fc4271ad632e314ed11b1c,Sao Paulo,SP
3150,ea739d7297644c9c8af2f360d4db31d9,38819777b31b4bde9c717d5f4b029fe9,Belo Horizonte,MG
3151,47f87ba2ce6a4cc9bffa75a3fa05d0c6,25ac0e29320d43dfb40dd10817283a7d,Belo Horizonte,MG
3152,026b9d57f27e4efcb9c56728ad70243d,f6c8eec9ada84e128d22b33dc34b1972,PE City,PE
3153,ecf89462ed3040d1ae5965d3c5e44c4f,c0247b4275ab4113b926f225d75aa4d3,Rio de Janeiro,RJ
3154,a8c156743e564005b8f8102810316182,2ad46920b94d4bdba259052af6e5b91b,Sao Paulo,SP
3155,720d86413583498e9e765ec999d8ced2,8199d558db1a4a24b0f744e6efde48c1,Sao Paulo,SP
3156,c50b101da7a440a990482c0fadc9ce9c,1f4bb70f20b7411990b661382e3ca3e7,Sao Paulo,SP
3157,418d7bc96ab947089a5cc6638f7ee8d7,21ca7db4edd34346849f488f70f6764e,Curitiba,PR
3158,70d9eab871d145d2be397237647822fe,63d9937517f9488db37271919b04b1bd,SC City,SC
3159,47f1087784764a2282871025c3aaa752,a7a9a435051a4c8381b09554c091068e,CE City,CE
3160,c21214aa157b43c790f0547953490125,40c51f4fea7544599deb5671c36d102a,Sao Paulo,SP
3161,b1ef91c0317f4babb7276ffca0428c3c,f224945a84be458ab4c722a91cabc0cc,Sao Paulo,SP
3162,4e2b46c4a3dc4bc9b80991246b798370,ae4bbf156d5e44c394de62e0a79483e5,Sao Paulo,SP
3163,16b92f46fa024bfca1cfccbfc360dffa,83c0f171a2ea424893285c8dd6ceb21d,Belo Horizonte,MG
3164,75d6a5915d70476abbe6f35e64951590,5dc8b9e0493d4169bcbe19a5c319820f,DF City,DF
3165,1962fe752eb040f0b4af191af76c5942,2d0e1dcb6ff643a6928c1a2ba323dd95,Sao Paulo,SP
3166,4869092e0cc54d0cb684f50db07f0f64,8af17ed97f9c403892efc0cf3690d2e8,Sao Paulo,SP
3167,43e5dbf1560c4dc1bf645dc27c64aa69,7bf5e9aa0abc4808aeda9d88aef8f902,Porto Alegre,RS
3168,61ceb46c8bc542638440733b5f4164b4,b355e4e525f84548857dee37b1c7de48,Belo Horizonte,MG
3169,6c857e32dcef4df79f96aa9dd3c417e8,34cbcf3af73642da8c1294911f3eb2c5,Sao Paulo,SP
3170,77a7fc0678a548b8a515871d3e297c90,6d381d203d294c8dafb3a374766e06e6,SC City,SC
3171,e750a527077c4aa0824740a6041fb6f6,beb0c312e364425681462063854b821b,Sao Paulo,SP
3172,d3d1b2b902a74112ac2e81c7fb18b238,0805660c411749a4822e16d0579f511a,PE City,PE
3173,07b631e9897948a887ee3aaebe122f7e,4c2d04a3e2a64078ac3279f35843e854,Sao Paulo,SP
3174,d2847a9bb3884bd1af8a57b44f4a67f0,11b1a52cddc445b695189b3602a96881,Sao Paulo,SP
3175,ed8cb2aa3ffe42a99b05dd2c899b59ac,b1d70d94450349fb9b3eb0905a74663d,Sao Paulo,SP
3176,1a4b3b1098d34cba867af1be418adae8,d2b8c40c92a9482aa3e5725172e6d946,Sao Paulo,SP
3177,a03b89c276c04f309e675d687c09459d,fecb47ce0c364e9191aae8036e75131c,Rio de Janeiro,RJ
3178,f60a5887d45948a9bf4f000046fa0b3f,e88508353a944a368ed4f04f02ffffaf,Porto Alegre,RS
3179,214dfb4d81c1418ebb4bb15be07955e3,e38711d71b3f4700ad30e5f0f22fa604,Rio de Janeiro,RJ
3180,18f675c095444603b5df8fc8237bc80a,e7137ad8dbf84f459e64f2926a5bae64,Belo Horizonte,MG
3181,c46fb4b8179f491ca3812abb20b66314,35a4dfb9c18647ab822f29656898124a,Sao Paulo,SP
3182,39e331a37e7a4c82b8407b27efa8f54b,4082db05a3d248b1b0ef06efb957ac34,Sao Paulo,SP
3183,103714440b2840e68626a520689a9265,0f2d7a9f86724640a81f252194ae6fb4,CE City,CE
3184,e7de9c96d85948d49bccc8799c8e6c02,323f7308e7f74b89be76123042cd0de2,SC City,SC
3185,11041647add14afb91839731f83f75a9,15dd73ebec544d5a8d2af737b68d5d76,Sao Paulo,SP
3186,3ef7133f241b44829dc1d5b73465d76a,0dd7e36618e74be8a4c7aa2fd3ea48d5,Rio de Janeiro,RJ
3187,530129a520234393beb52206e21cc80d,ffa970a8043e4bd2b67d0355b2cd2da3,Belo Horizonte,MG
3188,d8b47dbcffd0465e8a999692f26e75c5,7bd3e5e9f0d0413ea40d93698184155a,Sao Paulo,SP
3189,84d69f628308422ebe0329ad2b3eda8e,65d2898494a14c2bb9435889e632dd5d,Belo Horizonte,MG
3190,fe5201ea9ab143d0ad8ee4708eea223d,50d6c4a7bd0c493a8dbc240bb0423a02,Rio de Janeiro,RJ
3191,dc7d1d8eb0c3451c82b6ba4af2ad96b9,561af5b9a41a45d2b34fd729438f9a02,Sao Paulo,SP
3192,2d1409ebaa4846fb979f0e2f131672af,8ef6056f3fbf41beb6fbdebc11b32f35,Sao Paulo,SP
3193,d84f12bd15ac4dbf985b83559edcc3fd,5b4ed78b59644c69af4b66ecd21f4ca8,Curitiba,PR
3194,dbfcf678fe7a46239e25f8b6c045c773,33bfaf8e14c843edae4ea2a5a4fb4d03,Sao Paulo,SP
3195,b99a8b48cdaa43b59e63e6b03a9162a2,c9c8d993f9ee49a0bd7e95f0a8cc24a7,Sao Paulo,SP
3196,7fa11f76f3484dd7b969e39c9c9e0f43,198460d1024143468789d7e6076aecaa,Porto Alegre,RS
3197,7b514f72251a4e74b6ae6606a802d75c,696be0d9bcb1445cafa97b912e757622,Porto Alegre,RS
3198,eaf3ad022ff9425e8fa710b8be0d50f5,6a5d13340bed426385320bc6078d3cd2,Sao Paulo,SP
3199,0289ba650dc24aadb62a78e9ba40b1df,ef95a9e3294d472ebf7390bfcee220a4,BA City,BA
3200,d971357fed9042febd91688b0a51ff3f,e482e404fa7a4239811a8ac312021ed0,Porto Alegre,RS
3201,a15324ff0a1b465eb9e2de4634a70430,84cc538a037747ceb577544eb3e8761c,Sao Paulo,SP
3202,927152a2aa7046bc92d3f02acab008c3,9dc9282e06714319b7691b7a38f0b4d6,Rio de Janeiro,RJ
3203,3cf9a05e4e73455f95adf35b42abf205,2a161b67932149718f5f4a1c4dd8e96a,Porto Alegre,RS
3204,8117b1f83328426099ceb5063c681903,6ff26d50744c453a8c7432c3d9e2815b,Sao Paulo,SP
3205,615b5202f0b94144bbe1e8888ecb4453,a6b223b095104cfdbd89a6ba47a60531,Rio de Janeiro,RJ
3206,2a9c2e3c43894e1dbb67c69153275452,8d0f819a59d449af8041a67e25b768b9,Belo Horizonte,MG
3207,b63014ffc1804e7bbc61512f90d4184a,dbc964033ee84df89038c0281cf7a2f0,Rio de Janeiro,RJ
3208,ef7fb56648fc4d3d9749f1dc5e88dca7,151abbccd1264f538490f2ec0b72e245,Belo Horizonte,MG
3209,94b0e98ce92f4f46a0c22e9707c849fe,3014d0ed7af4493d92ee566dcb968d6c,Rio de Janeiro,RJ
3210,46615d8c3c4742d3a09b8e1559b640b0,478ea006284e4913aed5685da4a440dc,Sao Paulo,SP
3211,330a741fcfbc4a3d8708257bc8fff8b5,2498395d0c0246998e37da56f8d67029,Sao Paulo,SP
3212,5222f479dd9c4fedb10f924ea89f2dd9,642fff4c3b414badab53d9a93ed2da2c,Rio de Janeiro,RJ
3213,536248a40d494e05a619180c900bddb6,31954018014d494fa5622aa40ee2652d,Curitiba,PR
3214,8e5a4ac8eb02471abc1168ef2bb38f49,17231df44786494bb366827a5ba0ffde,Belo Horizonte,MG
3215,e2a93aeaf9014b27a00ca7e4dbaacf01,911b7d7f04274268932d951f87b39cc2,Rio de Janeiro,RJ
3216,e8e8e5e305f14841bc02811a6a3f2b53,55bf95be90ed4dfbbf4e50646e609a7e,CE City,CE
3217,9fff92650799472abdcf9b7ae85a1e4d,111b847297e84bfea0a7b53810f91758,Sao Paulo,SP
3218,d1b01eb65144484d9977a7e81f047d52,7e35f4405bc0452eac2817e84d149813,Sao Paulo,SP
3219,312841593cf5456ab613b7da78f3352e,11c39fc8433648b58c3bf66c422f5f1c,Sao Paulo,SP
3220,29e4008083844b6bacf5cf09843f7d3c,c213ef04a3154d8dbefecb06d0fb5d08,Sao Paulo,SP
3221,c811eb31abf44e48b3401f4b52d59294,c1adac7da20848a6a83580355ed01ff6,Belo Horizonte,MG
3222,9f77e2fd185d43848a15fe19b3b56edf,921811bcbcec431d81b68afc0113287c,Sao Paulo,SP
3223,71bfb1e312904cee90605df1a30877bf,f1bcb94077424586b8ba66b6d5f635c7,Sao Paulo,SP
3224,f48211ab97a34dfd96da1018873ca04a,1dd61f379594430b8219fe2b23de2383,Sao Paulo,SP
3225,e14ad1549d994082a65f40a0c9b0fc09,6df48aa8026d43b09e8d012e3249b1d6,Porto Alegre,RS
3226,334f485c3344421692d2521e8dea348a,8bd9415a513f49d9a71f617a58faa58c,BA City,BA
3227,7693b59b14a548c4bbe489e6e28b969b,a9fb30e0208a4b3ba39fabc4d72929e0,Curitiba,PR
3228,591b4d08a29b46339ece3c8b1ce95745,4f17fb4322ab4af5abe33c5457e8726d,Sao Paulo,SP
3229,5896ca45baeb4a0baae4d50213cd2d31,1c8114291b29446483f2d91d729445ef,Belo Horizonte,MG
3230,668d8243ca2042409444a80583b60fb3,6601dc2a87114aad9678530c328f32b2,Sao Paulo,SP
3231,0900d7dd24244ef1a2a46c1548c33c2f,dc794403f8694f8a8ebecf214482fb97,Sao Paulo,SP
3232,a62cf2e1a15e41019ae8f91429285241,b29dd5314b2549cb9f7c1d1c6b255c69,Curitiba,PR
3233,9623fe2d82d94a7897aaf8b4e6f17134,89190b30a3ee47ae8d61ce2e60fc5f69,Rio de Janeiro,RJ
3234,2d686b296d67438891a18f12498b356a,bb6e1bf928a249b780eb8eae699b8fcf,Sao Paulo,SP
3235,7538b43bede6451b817c43bc4d26c7a1,ff377d35901c4374997bc3a0df383976,Rio de Janeiro,RJ
3236,c5e2cb4b982243ffaf68158b7778f443,528c6e1437d2491b9f448e60ce1d5490,Sao Paulo,SP
3237,07fd4a00e0db453d8cef444d60da2d8b,3250d682c9b04c07853eb6e1435d2b3c,Sao Paulo,SP
3238,71a01eaf689f4943bc26f9831e7cff89,182dc3e5f6bd45c3a39f1c39658ef506,Rio de Janeiro,RJ
3239,79ca58f7f21e4e058fd37ffd0878d616,f84648d6fe9a43f9a803a120ef9a6fae,Sao Paulo,SP
3240,68784a9c940b49759e99b83c690e6b6a,a07531e70bf347b5b6a53e04d741d925,PE City,PE
3241,1393e381a91f4db1ba98ef79cbd5b82a,54f58203bcdc4143839c0035b700191a,Belo Horizonte,MG
3242,e583c0b94d4b44379a1e95baa7010c5a,b41c6c94850f432f9b0cbefb4b4f20fc,SC City,SC
3243,955cb0cff22248fc9251fd6244572037,cc54b9db0d334afda38305b8e057d8ec,Curitiba,PR
3244,107708b2aa3d4ba79bceacdfc98c0885,1d742eda8a1e44e18d2505a507005750,Belo Horizonte,MG
3245,af17a269c5de4a6a93311d65f83b1f1c,4b75df2addca45fc985bc768dffc5de7,Rio de Janeiro,RJ
3246,ea297a40673f4d279f39b5fda9862ae3,6892b4fb08a14176bea13f66f10f483b,Sao Paulo,SP
3247,0b989bd1bb2d457ba5aee30f52f7801f,7903bcb193c549dfa49d2fed612115aa,Belo Horizonte,MG
3248,6ed2753c973843f7a3205b1bbb9a4579,623c7d65bbfe41899084ad41eb5f5e95,Sao Paulo,SP
3249,0e55347f72e14613be613634b5741494,fe2a262797d74f90804a888d504334fb,Sao Paulo,SP
3250,25e20b84789d4b4587ab7e9d2e2bb219,5c5459181cd5413397e87f81ab223e5b,Rio de Janeiro,RJ
3251,7328776d7a444fb68171f702d4bcf399,378b47c6cf59480182e9342458e5ac56,Porto Alegre,RS
3252,85cf37e4ca504655900eca4ff773df1e,ce87ef73d5cb49319c909b7586ab5005,DF City,DF
3253,d3a47f8800844d88bc3ef126907134c8,104f6dfc76554062ac835d7a1cd4f89b,Sao Paulo,SP
3254,053a7ac4929e454fbc23144d9d497ceb,3e31240bdda0490ebce243454077afa1,Rio de Janeiro,RJ
3255,16737742f3ae4072ac0dbf67e6a21fcf,46d97f6c1ced48ba94574b1ed9b4123f,SC City,SC
3256,e81d2b95c5ca4c6887c444332e0072c2,c91d3085e0ed4e68a217cbc4b934c0d0,Sao Paulo,SP
3257,293398164d80437f8d475f90f7e3af67,cd17c56ae7b245458bac0dd283edd6f9,Sao Paulo,SP
3258,b686b684ac0f41b1ad220a81fdf4e3b9,afe115855afd4aef95f77e4ec70ba5a3,Sao Paulo,SP
3259,8cc9fc0244734e9fa45c325079cb00bf,bebebdb445e74f189d6041c34565f52d,BA City,BA
3260,62aea0fabeed4cf2821e16158d04958a,9871a4c6389b4cd48cfa6abd60f451b7,Sao Paulo,SP
3261,a39e239ed1f94244a5ea65716b658a32,5b5af05521c24fb1b665303e742ef03c,Sao Paulo,SP
3262,7e5bdb09f9c64d05abfcfa85db795f6f,f28a7306f6a546d8a65fc952aba5af21,Rio de Janeiro,RJ
3263,9d50296e663e472197da773c04f4fcf6,609061c16b294d309f7605578f26ea00,SC City,SC
3264,c221ceb7cf8f48cbb8b4fdf9fa582517,7cb007eea60c4185b2ad798e15bf4eb4,PE City,PE
3265,1555b58a914a49da91c31631681dd75d,3adb244b138248daa7eb34d6dcda6406,Rio de Janeiro,RJ
3266,c18e556b843f4cd786d0773c0fb4979b,b24daba4474643408cfead39cc7dbbe0,PE City,PE
3267,350a11655db9459dab9593932cd256b4,3790528f04c54c1fb346cfc66c080cc1,Sao Paulo,SP
3268,437967a3954a4afebdd7867001e4226a,6be5eea49e74445ba429ed0aa9ae2684,Sao Paulo,SP
3269,2121eed4e4494967b344fc425912a41d,218a7b8fcd9f435a9a23f741936bb640,DF City,DF
3270,7009f53db4314ee88f8ce7b690d8db70,dc673f6f24524e4e8dd7df69ba563fa7,Rio de Janeiro,RJ
3271,7713050e778c41048b296ab348bb808d,0aa216ed62c541beba5ea0f376b4d814,Sao Paulo,SP
3272,10e40086d1b746daa82d3639f4f94653,ee53cb8d7aa24c909f73da7de65b7b65,Rio de Janeiro,RJ
3273,757156310989440cae20b1d398b2dfd0,5233930f197f4f998853b286e7984a1a,Curitiba,PR
3274,9698124f50204203ad03cc75de7bafe6,0371ca3532254ca99cc26b3e6e28a333,SC City,SC
3275,7f86620ee21e47fcb7fee4f25f972aaf,c562ced05c684fcfa944639129be9ca2,BA City,BA
3276,4a3f3f4c87fc4821a887c79d18008aff,108a287fe1994bc0986ae90d43450856,Belo Horizonte,MG
3277,ecf58b8452dd47189aa9f21743ed3ceb,ad90475085264d4b9c084c5d77afce97,BA City,BA
3278,291daeb9385b4e11af9a26c5dfc0ade6,1d0b6c596a884986b0e3ea29c58b3144,Rio de Janeiro,RJ
3279,bcf7d5632e634dfdb6bf2eee4ed5bab9,31b9948c361b46f7b84b216588ede28d,Belo Horizonte,MG
3280,e7d3574e2cce4ac5923914177c0ee255,d318a85b24e74a50acf904d9319d8a56,Curitiba,PR
3281,0d47d488261a426f8d8e64ae541b0902,5e771fa1493b43b6ac994271197ac344,Rio de Janeiro,RJ
3282,be68696759744cadb3cdcbe734341390,0d00ca3cde8d4eb2b4d54965ed5a8598,Sao Paulo,SP
3283,d6ef8ff573d34e3984bd2fec98d5ada2,05a3bc0f6eb046e09f48a435ea53cef4,Sao Paulo,SP
3284,bddcd009c6d94d75b8cb6809ba3b2d9f,8b2ebd55914e4fa48c3eb1254bc1dc82,Belo Horizonte,MG
3285,91d048e6d3b44b62a311422bbc066dec,59675624cdea495388a903dc17429d24,Sao Paulo,SP
3286,7c524253ee19405583153abbfabdd103,95ea782c26b54773895ed411e40e5442,Sao Paulo,SP
3287,f9ce708084f74059a3d9d7ad7d2e49b9,c4198ffd77ca448bbf9897e920fd33be,Sao Paulo,SP
3288,036eda1d4c4340e99cbaabeb7a8327af,a502aef464c44fcfaa07e9d202082f51,Sao Paulo,SP
3289,92f4d2ddb80e4c62a5ad42e048980b74,08393bf85c9e492f8a8d60902dd29a38,Porto Alegre,RS
3290,a1b224eab5684ba18b0469457c97ee39,be56aa1544dc4b8c837bbdfe0947d02c,Sao Paulo,SP
3291,4dc8a10135ac4489bd67f35af12cd672,7bc88a80f0214da48668dd738dd92b86,Sao Paulo,SP
3292,8502a5a40c2d4e0eb144f7385cf115e6,64897632cba943c8b8a7284ae5023fd6,Porto Alegre,RS
3293,67dbca1208784cbbaad9d5551b1e0fbb,9c42509448ca46f68e920584c88466ca,SC City,SC
3294,dde7c76f88074134ac2636cac83fc6ff,2d792d8dc38b445f8d3de8af6a35f894,Sao Paulo,SP
3295,b3349ce7ddbe4969bdc358ba64faf5af,5fc56c41bfd64a55bf2f065f0b6b3102,Sao Paulo,SP
3296,bc33813aa08149668248bc16a6b9145f,010f87da5812438ab5533b23fc35b55d,DF City,DF
3297,1791e528434c40b5bfcbc7ffced657ca,ca024528b5464c4e9bb0b2fa0b4109e0,Sao Paulo,SP
3298,267304d6027b4d5f970b1c364221942f,137ca99c7a6e49ea8ee76be7b1ea79cb,PE City,PE
3299,a4f6a09085494624b8f9028096fc9423,f0e352d13f4c47b59b59f874a6b7955b,Sao Paulo,SP
3300,cb2ed45000e64034b3d8175e7af8a960,881639742f564cf787df4bc722e45e0d,Sao Paulo,SP
3301,a2bbaa76569a45e790974654f1226eca,da5503608bfc4cc2aaa361448c116c20,Sao Paulo,SP
3302,10746e597e69464da82169fd77d5eb12,afaff330443a4f27a0807758a51966ff,Sao Paulo,SP
3303,ad03f53457cf4f2796b412294b4bc6e2,d35d761ac90d4070b042e4cffee4e647,BA City,BA
3304,af3f01b4983c4637b009e01ad303b9bb,3f92914b57cc4df2b550d5fbf04538e0,CE City,CE
3305,ff7c04fd87d64ab0b5261d6dd18ab0e5,ff7ae7a9788449b3b3b212a2b07520c0,DF City,DF
3306,a8b59e5ca77a402d93570ca4c7e9c18c,dde9e8b6f27f46d089e47815c6d93382,SC City,SC
3307,b2201252b5fa48ac80bb5ab008398097,340824bb7634446392e136f2a166d889,SC City,SC
3308,b815922642cf4057bdab40cd1525f0a7,ef1fbcc6c6994711abd69f0832ff4a90,Belo Horizonte,MG
3309,dbb21b4152494faf991e133ae75fc9a0,55f39a34e7794ecc9a3ef9dd99152ee7,SC City,SC
3310,13767dd3be9840b39a71553141ec89ec,256097f6a0004cec8cd15ccc2c36e6e4,Sao Paulo,SP
3311,02fe6eb77da742a1812994ccabca0ce0,e57cbc5a60734c869b229213a7bf1ccc,Sao Paulo,SP
3312,c4007e0ab0724c3ca21b5fdd4b3f9121,915031324276441489d35d1942665a24,Belo Horizonte,MG
3313,c1d3f79d74d44815ae531f38bb914f2e,4f44a0b2cc1c402d821ac43adc61e53b,BA City,BA
3314,423cac595ec84e4487a5f4f8d30dcd22,10de7b07c6e44b16bb6bfcf47bc7249d,Belo Horizonte,MG
3315,4c26414f2a2f4a21946f4de8a9d71ca4,95e7e7a9e30e4604adb01a343ea5b30d,SC City,SC
3316,3099d530b3ec496081adc0285a4bd539,4102cf4bd23c473fb5a93148e1351ccc,Rio de Janeiro,RJ
3317,5a11ace763554fccae60e72e8588a499,4534f6492a104498aa5920bb8ed9ecda,Porto Alegre,RS
3318,e4bf7741828f43ad995fda05f662ad00,3d1e0851efbc442b8c6c1c12d248eca8,CE City,CE
3319,7132c41d64694dccb1c87623f7f7c6f4,29c82f3fc742495a9e7bb66c6a42e619,Sao Paulo,SP
3320,755dc76c82e24f56b182243d24d4b4df,ea7f0a947b6c4ef2831c3de2b4a885b0,PE City,PE
3321,7b50023bb7104fea9ec4ff3912c73e84,2fa20201947248bc88c5a0cd7f49e9d5,Rio de Janeiro,RJ
3322,a263c216bca449e68ace9bbe326d7e17,4cfce8eeeaca46eb9309fdd04e4e56c1,Belo Horizonte,MG
3323,6850c99e82ea4626acb9249ec36b78f4,2cf57edecd0748f69f7b1467a48e67ed,BA City,BA
3324,30ce8d3ec35f4138aac2547f19b5274e,bb370b95ed7441b68c06e07416b95bbd,Sao Paulo,SP
3325,d49bf4f65a584ee99a2b9c957b165564,65b7b98cb7fd42a68503bf38d14f9cba,Sao Paulo,SP
3326,68d3984796864f20862a8cbb0ff8ea0e,8d55d40c56f34f39a35c654a6a686168,Rio de Janeiro,RJ
3327,3b2120ae78484f668eb0864712c3a1ff,5a34cba9061b4e9fa47365ba94cb9909,Sao Paulo,SP
3328,f7c637582bb944c49100786d6788b7f5,1bcfa5e2471249b6b30a4925ca337e31,Rio de Janeiro,RJ
3329,a84729990c564685ade377283df6d510,fa535cecee48419c8c2429f9b193845b,Sao Paulo,SP
3330,eb1d3ef297fd47aea80739c915d6f9c4,4cb93ab867dc4a03ab3b293137b359ac,PE City,PE
3331,11f0c756ad01441da2394b20696607e2,9f0f6b58cdf146a49c58f44a9086d0aa,Sao Paulo,SP
3332,d337b10491a74e78bb78ee03115d97ae,cbc078c0aa9a4c05acdeb1273f0f201d,Rio de Janeiro,RJ
3333,808dabea177e45c694bbe8c61c69ef5d,b33334128de24947bfd3662bbcebc683,DF City,DF
3334,f926434e147549bb8437796488bff768,9101b7f3cb454f438be896b37334511c,PE City,PE
3335,fab7bb1bffd84b2b8a65297f5fde0f31,9ce2d2c15b794cedb17b45b1fdadd953,Porto Alegre,RS
3336,83ea1d07563441f8be1a7686158ed3bb,d830f519967643d4b599c80becc74d48,Belo Horizonte,MG
3337,ed917114ed064672b43cf5e19e16f1bc,f5beaf4cace64e4cba565344005107e6,Sao Paulo,SP
3338,fea3f95185744e52855ccd2b4a6c79bd,26c4db77f59f45389ed1528373b6f5fd,Sao Paulo,SP
3339,fb02449296864f39abe0b03c2d77db2a,4e0deb5f6eae45a0aa0b4764cbeaad57,Sao Paulo,SP
3340,a584d3f4b03142318079120121fd118d,009182b7bd71491fb9191c7123070a46,Curitiba,PR
3341,7b6f7835c7c34d66bf84d35dd43708af,d958cfbf9a754fe986f08fd651c86724,Sao Paulo,SP
3342,1a2ef1576fee4d05b0d5b48df3de5b67,4bdf125fda264f8a95b4ee36312594f7,Belo Horizonte,MG
3343,607c2e9dae2e4f8cb77f3b696b6017f3,e630f563c5d643cd9501ea0d04ff36b1,Sao Paulo,SP
3344,d38cf751cf2c458f925d54b0e3314882,40bf7c603fe64665b8434dc90f31acc1,Rio de Janeiro,RJ
3345,57e00856cfdb4e5e949f3bbd460ea963,51c5fdf8f49b455d8d1afeb0cb0e2188,Rio de Janeiro,RJ
3346,ef8a2e144b494ba192c7f606a1f04b20,48fedd82b92b4842bf14f4de9afb4441,Curitiba,PR
3347,e95c98747df2477490279d39ae67276c,8233321ba9944b8a8e24e224e985e719,Sao Paulo,SP
3348,d78d517ba4a349bba358ac25d62ca22c,057877bd4704404b8b9f07e91129a4cd,Sao Paulo,SP
3349,fd6ce9a7e6a54e39a6340b76e430ebee,6984e3abd6b9418da1c03c645ce55f01,Sao Paulo,SP
3350,38f795be02854667a1e05433c1f8dc54,e26e875ec57f42a39bafd9ea7dc0df6f,Sao Paulo,SP
3351,733b00f336144d90a4d6a007d985ee5d,449bd584d73a4fdd922acdf80342c7a3,Belo Horizonte,MG
3352,1b11382d648c411282d2b480e09a9dcb,3a32f8ea828a436e929df0a666f164fe,Sao Paulo,SP
3353,df7c072cf81344abb7f6f5dc5066290e,07ec6622d3e4473e8214338092f3cc94,Sao Paulo,SP
3354,4516d4053cc44114911e641147b6b8e1,f48b9e586c56477eb264106bdcbb433a,BA City,BA
3355,41650e0e19ba42feb4028aa41dfacab5,08424aa04b2647dea2dbcac34e8fa539,Rio de Janeiro,RJ
3356,8b75e40b50294c778d6c3dbecb9f6c1a,1f60e934a651488e941ef62bccc15a0a,Sao Paulo,SP
3357,f15116ce59804a52ba34ad9b70a58358,51ea8984278f4c35a1fdaeeba2588430,Sao Paulo,SP
3358,8bc3484e3d6d49eca1e0d23a15628b31,e634392d58e14abf8e26406231683137,Sao Paulo,SP
3359,7c54c91fe5614f78b7c1a5f42aa14150,8bb12a04c240435ba355dfa779f46d47,Rio de Janeiro,RJ
3360,4e0f946f03e64beb81510b3580b9cbfe,7a7e51396e1141a8835a13b2e94fce88,Belo Horizonte,MG
3361,ec46e259565640da89b18fb6ffee43d3,42496180bd8a4fd89474eaa2d4de7fb1,Belo Horizonte,MG
3362,4bb29196ea9a4cbf8b74f880a07945dd,63ec215d3bea438f862ae582152a5760,Sao Paulo,SP
3363,2d16c48942a34392a1062b546d924570,d784b0a49c2e4a6c809bcddaf5fc2b52,Belo Horizonte,MG
3364,246c50fc02044df1beb8ba460cf02178,072c4f41bd8849659818116823a3d893,Sao Paulo,SP
3365,ae5eacc9d1ea43038d914858b24d9698,2cd81dc020e54473abe5a4a599d93f23,Rio de Janeiro,RJ
3366,32c07e872c4a430085b77ff71f1a3abb,55df04c931dd46a7ad3418ac08f2a561,Curitiba,PR
3367,375eef63c808449f935a442fe34406d6,63d3da5c35f141498b32831c1161ae9d,Sao Paulo,SP
3368,d3f22676122543168c9302c9eaa0d7f5,17f38f2dcb21497c8da89fb30a5214e7,Sao Paulo,SP
3369,efc764db160445ee98795396dbed403e,2795d3c560934f42a90792277b9c2f05,BA City,BA
3370,c9daee83b24641b693aa750da7b5c053,42e4ca6ad54c49ba87c5b192619bd2d6,Sao Paulo,SP
3371,e2f9506517d44955895380bc834e5912,0127a86449494a0c8581dc76e5c0a1ab,Sao Paulo,SP
3372,d4ce109b8273461ab0861189dd7f7c54,6593e24b1f494b1493a102ea6bd45d92,Porto Alegre,RS
3373,077dba629bcb424cb033f9aadcf204d4,4a5a2826e8ce4a69a830fa4068d34d4c,Porto Alegre,RS
3374,a9778222b5814dcaa81769fe205b4421,91571aa829ef47279e98e28c2c31d675,Curitiba,PR
3375,47aeaf4dd65a40b5bdba049ce1a43d73,4be12374dece453482431bf9644cdcbc,Sao Paulo,SP
3376,37ca0a44b0c94a10818308c7b7a3b30c,f8bf2446d3344e96968e8b8df1b6810c,Sao Paulo,SP
3377,9d5a55a3be314e28b3615e50365d3e76,ba2298b28daf4c9f972748fcbc0c2e5f,Sao Paulo,SP
3378,467380ba7e7e4e79a3546e2c2ecc3055,59515e1e938c44c18c5e50bad89d1931,Rio de Janeiro,RJ
3379,dd6a0c8944f24fb3adf5af5e6fae3523,934145125a0441cbbac7942bf54c8f7f,Sao Paulo,SP
3380,a5c4af3709fa4a94884a3cbf0c6ae295,10ea5385938244cfa923fd0ef5a026d6,Porto Alegre,RS
3381,5c8bac8c40a54c179fb5eb374a94ffc3,0edccdf2996f4682a3a682ec7e32c66a,Sao Paulo,SP
3382,1500c377b6984f77bcc0ae4d90a1ae7b,ba2950f2471147edb9ad370747fc4326,Sao Paulo,SP
3383,c4e6c3e8e7da4fecba369a2a80ffd631,78d6c262a4054088a33ddabfcd2ec6b4,Rio de Janeiro,RJ
3384,bb291af81fef4e1eaced39197fcf0e80,0503dad6a4564ff4830d7046ceb95c69,DF City,DF
3385,01cb3242c2154f1793185de8d752916c,568d92b8b4f549afa0c0da7014a6ed78,BA City,BA
3386,9a1e6999d8b949e3905bfb030ba353c2,04b285886abc48d695c0751f16b6896e,CE City,CE
3387,e9536bb90c6c46b98afba232f645b0e7,e34aab6cca4b4affb8b684bad48ea26e,Sao Paulo,SP
3388,61f0776dbbb9405fad89e915a79a817f,de60701716134f30b8fdc15828faa972,Sao Paulo,SP
3389,668eb705a1d8425e8bf4ddc2652e6055,e406401e63e84433b06ebc74ccbc2402,Sao Paulo,SP
3390,be98bfef22e442109a35dbb90806414d,592a9274977047678afcefde0b03214a,Belo Horizonte,MG
3391,f4be97b7c26d4d159ffed3effce65d57,91f8653dd63547b7bc9895bfb1260d3b,Sao Paulo,SP
3392,9c3ab7eabe7a44afa512f414793cfe18,3cb3bcec66bf408fbd93c574cdb6989e,Sao Paulo,SP
3393,4f83e73ba7a1434387f5c1fdd99b1ddc,7e30b939e09a4d44ba57bae7d70ce341,Sao Paulo,SP
3394,3afe87d1ad8d48719e00bedd248a72a1,5a2df24fc3264f6da3cf8bcc60273dd6,Rio de Janeiro,RJ
3395,5ee6abf2b05340a6b1f3593bc6eb2e68,0872ab7edf9a4a269ae7c566f4c9ec33,Sao Paulo,SP
3396,199dafd368a44e739c921b52c4c4ca5c,d8d78927761b427aa2862f23e8b7dd67,Sao Paulo,SP
3397,094ef4ee855d43af973df908c82bd68f,6335d4ba703c43959d2802b423a0269c,Sao Paulo,SP
3398,3d9bdf06b7ad4d73a9ff82791ebdc052,2a8b83732f1f49b1b52decfabba12cee,Sao Paulo,SP
3399,5e7aff6576e440cfaba994b6243a4ea7,ecdf067691ec4f5496ee201cb6ba09d7,Rio de Janeiro,RJ
3400,f8b669b41fbf4359af296c4ef9d49df2,36f0216cb4e1406ea213aa535f617adf,Porto Alegre,RS
3401,783dc55c0474437ababbc524e89a6d73,09b6d6010706418c9bde986056bd8715,Sao Paulo,SP
3402,10406c3c077a4c609363fa832506ade9,94384bbe762e4ab7a8c6edd2f8c55d2a,Curitiba,PR
3403,8589ce49310841fea7cc1d7069671706,984a441212b7436281cf3261ba3d5fd6,Sao Paulo,SP
3404,d6ed4a5f080a434886179463c1df516f,f3274bf980a748bfa1aa5d89d0e0ebc2,Rio de Janeiro,RJ
3405,6b13d5dcc6e64e93b1d3c81b18b14b0e,b02ff2a6ee874f3ebb53868000fab6d3,Belo Horizonte,MG
3406,c38bf54688e245138ff333012352e1cf,4c462a4f17734d5f9f64eb17dc3eb987,DF City,DF
3407,5b6fedfafcf14c609a6d700ff3619982,916a732972614759b430f7572d1cb45c,Belo Horizonte,MG
3408,7ccefbb0ad3a476eab48d840018bb7bf,4a44fe2878a641b79048cda0aefc599b,Sao Paulo,SP
3409,609c5a8f424142e2b65a0f6d73db50b1,de9a86d9e76b4ce289000dd4f32ee305,Rio de Janeiro,RJ
3410,df43813a475c42da951fcb68f4fffc00,b80d6285750f45dba41af8138035f2b0,Sao Paulo,SP
3411,a8dfb3fc42eb461eaa75c1b62d80b814,3510d7ccbcee434e8fc3721cfd1eebad,Rio de Janeiro,RJ
3412,d81d1eb3cb9e403ca91a88d94ca06789,2dec557ce8b8463587daabb5e19d14cb,Sao Paulo,SP
3413,889a89cc5ac9493dabf1144549a7e64d,0ef3b91244d74052a97e194df0f0720c,Rio de Janeiro,RJ
3414,a9668fa20add4f618acfd824217a27c5,be0793b0f4dc4b96a94f19db3fd882e8,Sao Paulo,SP
3415,6b78a43a6c914e99b27272317c0b5c48,8ea1bd42dde34b03ae94dedae74aa940,Porto Alegre,RS
3416,8c84a254af0848a0932c4cf107fb1911,e64d5ee9b5f1405582e21dcd05d107ac,Belo Horizonte,MG
3417,98f2439e8d62415694567499d95a2711,12972c50e1d94d4a99748456d6e39290,Sao Paulo,SP
3418,41ea43ac64d048f28e9a5f020e32f202,871be911641b449da79a5a2a485f33b4,BA City,BA
3419,92255bf195164765817212c5fda19a0b,48aeca6d40a1423887bfa35e6f572972,Belo Horizonte,MG
3420,53c152de0a9b472e986cf585606360b7,61ab9ab6033f446581f2db87b6c3db6f,Sao Paulo,SP
3421,cdfb0d98dedc417897508b8f9cb76133,c500701103434adb988aefd2ac501859,Sao Paulo,SP
3422,9bdf96f701be4068b3a99c74067dca4a,208bc08c6c224b49b73fd42ac659d3fc,Belo Horizonte,MG
3423,4b16bdf6044a4c27ae741d2124b2b0d2,a735110cf8184f198d2343c62a431022,Sao Paulo,SP
3424,ffca3baaf71d4ff0ae621dfe60b31f4b,9dc0fa14ad084f15a12d317df4d7c605,PE City,PE
3425,2f644ad592fb4854a2d7b46dbef5048d,69a6a030aa74465baf89d4c135c323a0,Sao Paulo,SP
3426,9c8d5ccebf484952b5565b1b80a57f82,26e2ac7910ca492f937e9e38e02f81f3,Sao Paulo,SP
3427,30a0bd724fbe4e6b95d07dd2a532f3aa,f97017eb56804ba7a969d4d2b8c75f8c,DF City,DF
3428,faddc12ddcfa455c931f6e74db31bd48,e8340009cb48433cac74797add86994b,DF City,DF
3429,836abec0a8194aa0a5fca3b0592ea206,1a2246dff7a44ae88ee023e3e4cb6a88,Sao Paulo,SP
3430,0970217a23d04782b074e95b54f81706,c3bc53db5428407e9da777f59121272e,Porto Alegre,RS
3431,571f9e20086d4d05873af4e58fa8d8ce,b28e09ab6ece4d25ae70b9e067ff5b54,Sao Paulo,SP
3432,dc69be6eb975494e8dc4cfb0c8bb3572,e7f48622f5934625bf0357ede4f70853,Porto Alegre,RS
3433,dd54fbe96f014c2e88fdad9396a81b8d,02209740eda54b1f955a6c7014ec75b8,BA City,BA
3434,8bded71d3f0741c6bdbdadbec5aba4db,caf4dda3e31543c7901d4074e657e97f,Sao Paulo,SP
3435,f16bf5abade14fe39be54e9f34107cb0,d0ef08f35e1440038ffca0606a62934f,Sao Paulo,SP
3436,608f6939b9b6414188771999ee46b8fe,7fe8becc2ebd40358e720ad767a788b9,Sao Paulo,SP
3437,85b8822f676c49e78414908fd6a59cce,b3b34e810d6b4982a809560303256f75,Sao Paulo,SP
3438,ae3327bb7f98440aa8ddf3128236c0ae,5a8e6b945c7f4d73aedd0aea5d7f88b9,Sao Paulo,SP
3439,be0b965f78114590b64c5fe8f2efe686,8a6c066f9702453e95446e51be1e99cb,Curitiba,PR
3440,29be07ece7024257921679bdc2dab83a,c63fc875ecf84a2c9cb6d02db8c84878,Sao Paulo,SP
3441,d87648eb5d4c4231a7256f45a3de4c17,07e2867aed2245efb0e9f40dec91bb50,Rio de Janeiro,RJ
3442,81a81ab49f184c1c8fe1aa310a4fdbd7,a085e3c4f7c048e4856a0c23be06a6b0,Curitiba,PR
3443,4e99f5dff21340909322d5d62ac9e4f1,c1e0329b84b14f03aa47d26c2a2707d6,Rio de Janeiro,RJ
3444,3d4c2cfb861947da86ff22bb17741117,5948b3d54864442083f4b79f1db103a4,Rio de Janeiro,RJ
3445,41ef5217ef224e6b814fa1b050293999,bea4dd2b24cd40c084f557f54f8fbc84,Sao Paulo,SP
3446,856ef5d5442448e8acd15b6b1adc1bf2,65d13663391d46c0b967976b4069ad6b,Belo Horizonte,MG
3447,a48acc8c70d947d4abd83ed15abd60da,1b990de300194377842ca7a64bca0b23,Sao Paulo,SP
3448,b24a4fede4704b8b988937be435e0f55,d8e3d939f26549daaa6ae62c564c7785,Curitiba,PR
3449,f91fafa6bbb54c1391e7edfc0fa1193a,70bb083fb26c4857ba615f63249c6a0a,Sao Paulo,SP
3450,2644b669b283492dae64d60f3bab1a98,47db5b9de9674ae899612e36edee60dc,Belo Horizonte,MG
3451,0a2336cc7acd41749e10fea5beef3a02,e98c26d8051e445684a758d22026ba25,Belo Horizonte,MG
3452,ed04e635de8b452a9718482534ea8e90,486e2aad12f647998787a4fd569f7557,Belo Horizonte,MG
3453,f95d04d32e784b3486a8ee23a33d5464,abd2c59a1ddc44269df1f2f2a5709bcb,Sao Paulo,SP
3454,bfa1972c1ec64dd8868e2ccc531a46e6,9b740948d5314d8a8cd8b28edcafca47,Sao Paulo,SP
3455,f94848e3f0874507a771844b221454d5,683ee32eb38d4c9dbad643686fd00754,BA City,BA
3456,b5cbb4efcbc048e7b64a237e2e07282c,5bde29bc7a2541d98ebe6f565f488af9,Sao Paulo,SP
3457,84bc6be8b3854e0fb3d7ae2fb5bce330,2f3d28bfffee4b7c9665f664a56e4b75,Sao Paulo,SP
3458,fc4d685c866e4274abb0ab0571d78c91,4a52180cf24948feb4d9cc242d5529a3,Belo Horizonte,MG
3459,31b2c02f2be0413faf2fbfbd575536da,b613a6daebb64a75b864091d03b777aa,SC City,SC
3460,69ffc5e68de147b884d3c9f62a48a1f0,0fcbdc6e8f904143af26da2c7584f751,Sao Paulo,SP
3461,586c6f26f7ef402b9117897b24edc064,1b70f205182c41b0ae84e91a401e4984,Belo Horizonte,MG
3462,23b50746aa6c41999fb47cab419fdb31,fdee26963a0b4fc3b16aaffe9daabd22,Rio de Janeiro,RJ
3463,9f1a652d94da4945bea954f7aba8dc17,031bc537244c40b7b1dcedecd598bc6e,Sao Paulo,SP
3464,314510ae95704475aecaa94d8023ef04,99a015e147cf4b14a9b5729cfaefaf75,Belo Horizonte,MG
3465,a7a3248f704d4c6ea487590a3800f9b4,ccaf93f9b3ca46d7b7099baf7ff824cd,SC City,SC
3466,f637d16b20b141bd82336f4f5f3f4b73,92161b7371e74f529bd4ca27d93de2c2,CE City,CE
3467,d807b3780d154e318f90854c8b0ee72a,4ddcbc85a8aa48909ac1ae5508db7fad,Sao Paulo,SP
3468,326a6a60edb7476ea40f9bcca1b1c6cd,7f15537d4fc44d4aad52319f547bcc7b,Belo Horizonte,MG
3469,a6ac7002c26343ab8b0fd56efd78680a,e6a8669d0b7441c5aae6d69ccbab9e2d,Sao Paulo,SP
3470,bbf8c950015644d29c6756f7b369bafb,bb3072cd44cc43e0a6a4feb5511e0ecd,Sao Paulo,SP
3471,4900a5454f6d4a2cb48eabe3dbe72921,a8d8810001fd41bb8f7bf4f0919ed06f,Belo Horizonte,MG
3472,2b8d0ce9d7674d62a476bc35deda4682,9b10335b62df464599897e12a9aa21df,Sao Paulo,SP
3473,9ddea3252d034533a6c9f1954a140e71,9e8b7936fc7642859033e1d5de6ae61d,Sao Paulo,SP
3474,0f3e474b77314d599d45f690b8a41f89,7266451a08a944f28f19539a6c931bfe,Sao Paulo,SP
3475,45ec2f02ed6f46898c12d7fa4ad19483,526698d359474459ab5722b86240e403,Sao Paulo,SP
3476,37676a4d91634b2c93c0923d0aeff87f,9a2a5c31a13c445298cf94e9ebf41969,Rio de Janeiro,RJ
3477,a6ea811a32fd4ec1952269ee49a18dd4,5f8bfb1c52ac4c47a4fb2572fbbe7373,Sao Paulo,SP
3478,5d65e47ea6e14c9c874329f5036539c6,70a87f8911324cfbbd5a45c6d9a5ea17,Rio de Janeiro,RJ
3479,a75716b676f944499858aa8c8037066d,346b6d53b9cd47e9aceb96774de65df7,Sao Paulo,SP
3480,49ca9870d0354e818feacaac698120e9,7d491d4ac1504bd2a33991e72aa6509d,Belo Horizonte,MG
3481,5b37e2087d0246c6a3fe07aa0ef4f0f1,9e4d6132629a41abbedb38e4a8643156,SC City,SC
3482,6bb2b60a6f1246dd9be58c0d9ba114a3,d44626b955cf48ec86c3d822f9a567e9,Sao Paulo,SP
3483,4b0478a80cdf4a4eb6c509fc2e760b62,b3df9f5b9ef94eb092069855496d4b5e,Rio de Janeiro,RJ
3484,3f7e03033a7849ab8565e9a8ad22f506,b157a8f0ba1a4d60a784c6f720cabe6f,Belo Horizonte,MG
3485,e9565b4c1871456caf5dead0b49bd41f,b732f217a96e4815a004c740a9150c64,Belo Horizonte,MG
3486,884847355dbc4422a9bac0b77ef97059,05a2f73aea5d42d4a966a37fa6a3f50c,Sao Paulo,SP
3487,76e6025669104e72b3a1dc21361658cf,ed8d170d74bc4ee0bce964eb802e54f1,Belo Horizonte,MG
3488,33916eb700784c768a39b2f43a8443dc,7a999d5505664393b5409ec0edee2ef9,Sao Paulo,SP
3489,67091e604fdc40e0bd81d397a5406792,cc05edf830d24b9a949375d4e7b5b86e,Sao Paulo,SP
3490,3f1553ebd9074f50a2adf752956c1f54,4169c92ae9324a24a224541e68fe4d87,Rio de Janeiro,RJ
3491,37eeeb469e3541afa6f23fa44ea1e80e,ebddde3dc3384e8195981a2e4b697969,Sao Paulo,SP
3492,eca40bf571524620afdf9cf8377a78e5,c6569d1e5fea46f68d046b07663709a3,Rio de Janeiro,RJ
3493,21f8dfed5eaf454784c8c0fd6c1b0815,744a12089c354a4da0079823ffc91237,Belo Horizonte,MG
3494,6ec337dd3309499aac81a907b8daf4f2,6c9f3ff4272e4622a926499de4f98333,Curitiba,PR
3495,e882957d19304c168116ab089202c4ce,8c281326095240a383c8d19c6f1702ef,Sao Paulo,SP
3496,837063f96d264f3f9bc827f35d394846,21add337bf484abcb749be3bac65d198,CE City,CE
3497,b14f8146303d4834afacb11b11ddb3de,8541a43239524697aeff20e3e8d2cf02,Belo Horizonte,MG
3498,93012e46353c435f9cbc023df13e9f4b,187f52dba8b440ebbd74857af453886c,Sao Paulo,SP
3499,b5fcbc73d1d445839b238eaf03d59ab9,ffe5881be8f04b58bb5161d673e25bc8,Sao Paulo,SP
3500,9d82cb8e925847beab2be6ba625794b1,1b7a9ab15ffe49afa789cb5e3d7aae96,Belo Horizonte,MG
3501,d93ff79af1db44cba2d89c2ac7aadb7b,4531b7d7b8ec42cf8cc505ccc8600d88,BA City,BA
3502,274879485ae446d199c5c4c7c8ff7cd7,f8d931a376c746e4a1f05eea813c2d81,Rio de Janeiro,RJ
3503,e1e0823c14554f1296652deddc09e7eb,cf1bf88e0d5d456d9c07facb4b5ec7d7,Belo Horizonte,MG
3504,d7a788dbc074454fa620e3f82c4d92c8,48ca4a119b564a30ac121cb1d7fbf5b0,Sao Paulo,SP
3505,7def4f80c2b14761949516f7b7be6860,b5df201aac1a45c787474252bccadecf,Sao Paulo,SP
3506,9dba84f771d24dca8c166e91bea4b751,987f6d239bfa40388d86ddcb0271f84b,Sao Paulo,SP
3507,7c6025f0231c4a8dab35c4bb49b4d2f2,0d29e6c85609431bb044fc3d236c2cc6,Porto Alegre,RS
3508,4950dce034f647328901063a13621fcf,bf0ef04e53e24e28aa186f5c1a783dba,Sao Paulo,SP
3509,ad33036b7c3c4757bf91f67b6cec64cb,aa9037b4fd2e464a816b5fd0fffd6baa,Sao Paulo,SP
3510,d4e97f1e9c3941ea99f774ad1ddc9941,eef98caf73b0472aa1d41bc02edd3fab,Sao Paulo,SP
3511,6615c41bf1fc4e5fb02151c277fd64ec,9e357f9768c74dcc81ded5703a1aeba9,SC City,SC
3512,43a77fb6e06542acade809ab87d1b427,22ac37d350f643b49cd94a0cf33945e9,Porto Alegre,RS
3513,b75824e84da54776ae1c75b5fa4e365a,f01518a859de433786fb332501ddfcc5,Sao Paulo,SP
3514,11d8d06552734fb28087fce0d2aebf74,61a6f69dcaf1484da2bbc5c9eba24113,PE City,PE
3515,4a181235ac5f4c9f80b40319f73373c6,597181c70ac5437d8d16a0c0ff5d088a,Sao Paulo,SP
3516,9119eee3fe0b4b7a9af19b1f1598a65b,5a6e4d707a0d454dade1aef2d4b9b8a2,Sao Paulo,SP
3517,5662bd8dcd1a4d9abf4bc109592754eb,b466c729e7014bc1b935b1ce4175574d,Sao Paulo,SP
3518,36284032847a4483b92e304df2a50f76,ed40b0d0010042bea2206ac14003a533,Sao Paulo,SP
3519,e151e6d900a64d4683a33b912bd00f18,9ad10eafd5f1430cb9ec795a7fca7afd,Sao Paulo,SP
3520,ad541143d3544127a4401d336acfd946,04f01bea49184eaca564c7d223bd8c50,Belo Horizonte,MG
3521,4bbe5670ab6b493a90390c1266f26dd5,40166e475143447289586615c6b7d637,Belo Horizonte,MG
3522,be58d5e3710a46dba1a02f89b533d884,698faafbdc2d451eb245b97c8792511c,Belo Horizonte,MG
3523,6beca50744414793ba3e3bc0c0901daf,23dc0cc3b5c9459c8f1b044867bd96ad,Porto Alegre,RS
3524,42fece97a6e445c98416c7634d028d93,087d575168fa40fa90bf8bffbfb12d98,Curitiba,PR
3525,e955b0e7fbef4c479f398c34f5791ac7,f896042adcbf4216bd3d1ac8a21f94b0,Sao Paulo,SP
3526,9f205f7aab0f48a996b5a5803886b3cd,1721f4092c4540588f25de432995ab72,Belo Horizonte,MG
3527,b31662321c484638a07108a70694aabc,b5ae4f1fd4de477cb51590ef05e799d5,Belo Horizonte,MG
3528,326a36baedcb444c9132496930e65de5,58aee3eb0e2042c79fc26a86dba19995,DF City,DF
3529,3cbab08afcfe4b0194070e69ca997194,f031848f2ff9491d8f46dd462800192c,Sao Paulo,SP
3530,5613f7d8621c4c85924d7c0190d137eb,314687ff17fd4ed89cd960df17955b8b,Sao Paulo,SP
3531,86c8e3326c53407b9b028259f367308d,7058dea83bd943809bba683780f71ab0,Belo Horizonte,MG
3532,4a9849fa7c6e482e92804889a6bdbc7f,29cd1324ed2144609007147d56eb5f1f,Porto Alegre,RS
3533,0dad804b4b714c54acc96b72ab4b6e8d,edae71413a97488891020f47b322d909,Sao Paulo,SP
3534,494bc72d1a5842839a2e852738605ba6,8e9956495db94bf48fa28297610af7cf,Belo Horizonte,MG
3535,9d275942e3e54b5890746b3be4ddce5a,ebb7a2a67c264679a4671b7855116e21,Sao Paulo,SP
3536,e999ae8a185543499277b7e95f89dda5,500297cbee074b2a91eda4019260259d,DF City,DF
3537,89f4b18ff36b4943a108e60e8a621378,9d54371af5b54815a13c8d0a4d7dd6c2,Sao Paulo,SP
3538,aa761715725e463bba92e5ee6b7926c2,20e001ccd475458aba2cccbe9d38ce20,Sao Paulo,SP
3539,179dd3a7e1854ac3b9d7bf40586373af,a1f3ef2777b4403993b2441d9e4a4032,Sao Paulo,SP
3540,ba31cbd6764440ad90b7424f4eb52e5c,bdbb78d0313c4565b35280d934a354e6,Rio de Janeiro,RJ
3541,ff9238abd18e46bcabf513bd67eea872,744b42e6c2f74c76bd00297c6270d001,Sao Paulo,SP
3542,d9dfdc16a8cc4ab4b008ede6b7b782d3,19649fa971a84b55b060eaaa4b8abe47,Porto Alegre,RS
3543,537d7f570e7b4d8f90e9788c8c465b8f,ce0787d4c08049be8842f971f6e256b0,BA City,BA
3544,ba7a7ce4322745d8873c32857dd692f2,d97e34e7e3df4a59927c7938c7f4df13,Sao Paulo,SP
3545,0280422bd21b4c63a59a2054007b6fb1,dd3ae00839344007a4dca0be7afd53c1,Belo Horizonte,MG
3546,986242d5d4bc4a0980b1e144cb103934,fb5715a4eded46cdb0261325e98ee603,Sao Paulo,SP
3547,679de7874139448b90c8e98f783ffaac,7f2d6456b1ac4528ad792d2af4872451,Sao Paulo,SP
3548,42473883fb6d4957bcd7da08fa5a6c4e,7af658aa8d304596bffa30e0db34e6a5,Sao Paulo,SP
3549,1215d35404884f959f4967aae82c0182,3481b4fcc3514ffebfe2dc74ec81e840,Sao Paulo,SP
3550,f54676a4260148bc85f73b598c1c8e19,4d8a10eccda44d62a2abd62e8f12c0fc,Belo Horizonte,MG
3551,debfe4ee30114f2ab4a339589851efbd,1defa399b6f24af1afc0587c8d118f71,Sao Paulo,SP
3552,cd4d338084c149cfba091621f72bb2ab,ec4f356abda4429987dd86e7a6d881bb,BA City,BA
3553,7fb266622dff4a9da855bc9396483b90,9319b5644522426d871e1a6b870617d9,Belo Horizonte,MG
3554,b5226eb504d14feaa42f1e201b3a5a0f,5e6d227d5b384467b69c36ca71697107,Porto Alegre,RS
3555,7e5472f719534587bfc4ecbe3fb30e0f,b8e70053322f4b84b506e677e379e6cf,PE City,PE
3556,000d0044d4954926adef7cfc71480593,39afb24a337649adb94c7ce56ac165db,DF City,DF
3557,72741ce0c5da48bfb34a098832469139,cd1ff32848e64758acfface848286ab9,Rio de Janeiro,RJ
3558,bd1f9265f072454d8b0e2e2cc10a31a2,868dbc18a88443c7b5227b8d9d667c75,Rio de Janeiro,RJ
3559,fb2273f984b84baeb9f3aa4ad3bee646,74c824b52a2f4d0b96dff6b02362401c,Sao Paulo,SP
3560,05f7654eb1d94cbfab09e1f63a891f1d,4dd378ec3c9e4339a7d329d360a5e924,Porto Alegre,RS
3561,899328dbc264468fbce7724d7f037c1b,7fe4afdd06774b08abbdb578bb28e109,Rio de Janeiro,RJ
3562,c9a94556a7064c7e81bba5661d2134a5,eb625772bf1b402b972fe8a5fb672de2,PE City,PE
3563,4210ebcc7d88442386c8e816f35b04fc,f09eed01dc9d4e84bc01d5dc462d6f66,Sao Paulo,SP
3564,5cf94bb844a744d69166cea6fd9702f4,6aa4a1b1e07b4296954ae740766d84b6,Sao Paulo,SP
3565,8274d4d711814b88b6d63da0b4dc0c4f,ca12eb8cb9124d84b364bbec5162ab66,Sao Paulo,SP
3566,9db63719c11943a0bfa053d40b276bba,d8cdd43dac18452abe9c22db167175d3,Curitiba,PR
3567,6400aa757e744223b73a85fb642ed7f8,e383b24a25bb4348b45870aa13d396b8,Sao Paulo,SP
3568,cd1ee7f249fe45aea49c34a334efefa1,ce771a5bf5cf43348959dcb575a046f1,Rio de Janeiro,RJ
3569,5d116adf8d9443eaba18fd9d0c0291dc,553233cf22b94e8caf2209dfe0c08599,Rio de Janeiro,RJ
3570,0df03b5e3432415da7a7ac84d01dbe94,23d7d232224f4b1385d4cf572175e4f8,Sao Paulo,SP
3571,f037bf3372ac4e98bc2775a9cc70a06d,ce47f60126aa41d197972f6a01559c6a,Sao Paulo,SP
3572,4b897fc919ed4887b0946ffb6dd31e76,40d60fa40721480eae6b319be81fc09b,Rio de Janeiro,RJ
3573,c56ab48014ed40ba9a982090fed37a0a,57802c5051524769be30a641c089019b,Sao Paulo,SP
3574,dbd273bf8c7a473c9283967383be6dd6,6fb38912375b4d91ac7ea61cd2581e08,Rio de Janeiro,RJ
3575,1ec13b690ac74804a3a88510ea148198,1210046f498a47c5a942a0148a0bfef6,DF City,DF
3576,b718bc616a314cd4bab97987e6807f95,080aaa2f5987468e8e8f2dddc01d4f77,CE City,CE
3577,68fc3067654d431d9bb5fc33e796d248,1124b00a19e54994a188ed101d672d5b,Rio de Janeiro,RJ
3578,0d7f2d279c2e43fc9062de82bf8d2df9,5b3ea74f3d974264bc1b5cd1e9360c24,Rio de Janeiro,RJ
3579,d054cf44094d4824a70aa0946871ab97,1ac312218779401f84804797a22bfedb,Sao Paulo,SP
3580,a582c95d19e0428fa19d88c2322e9eaa,91809ee7659f4b41b39b4fb5cddc114d,CE City,CE
3581,08ec60ea2f3c4cf4ba0dae772fb1bb7c,659cfe4c5f6c4fd69ef00ac41203e772,Sao Paulo,SP
3582,cad586c297ed4acd9ee8b381d9cd40da,cfb8197399c14541a69bf174b8b6296c,Rio de Janeiro,RJ
3583,2e57cfea3cff42b9bd6c63ab2c348d35,81324edeaef04f89937425925026f25a,Sao Paulo,SP
3584,6840ffef255c47538278fc4e08522657,b9e5b7bcbc28487a98aad4a1b1226f79,Sao Paulo,SP
3585,826d216fe3154225a9cfa4966b4a8265,ae1fee08b8a24e85bca1530120469147,Sao Paulo,SP
3586,188461e51be5478884ea0daebd20cfad,c684eb4478ab4823826cf47f5d937af2,Porto Alegre,RS
3587,6661b12109bc4d418abba4d09eb6eb8b,5c742787f4a54061b74f22140e2df366,Belo Horizonte,MG
3588,a52aef2cbae44fe3a335f55da26314ba,e980744fb0814a748b5855dfcb1aab45,Belo Horizonte,MG
3589,533136e3548946858b5e1e163430eda4,00247d4a92f7474199f0d9a474fb5e73,Sao Paulo,SP
3590,66f2506c0d7044b789dc407de4b3bf2d,1a0fed1e8ba841e095e8e8828647a0a3,SC City,SC
3591,c1b103947f394e7fb14234e67563c71a,418ad23e3ad1441894f434d988788389,Sao Paulo,SP
3592,8699a7773c3945d399e31abaafc6d37e,d84e6e0631d24448b26832ee83e755be,Sao Paulo,SP
3593,af23b93b97d1439bb78a91c680e6f2e8,ed12c0a2579a44a39d1e3418c9b2f5a6,Belo Horizonte,MG
3594,5c15b63b2b994634950d242ae06c57eb,6a44917ace7541d5bf26bc6cd167a98c,PE City,PE
3595,394b497ee03a47c587340ca57c369375,f7d7dad406d341d3af1443fac88d3b90,Sao Paulo,SP
3596,6d280c721e0e4a7aabe57db5afdd7e53,b3d85b18bf0d4c80af12adf29414573b,Rio de Janeiro,RJ
3597,e634d004b8154f5ca83b4f098ec43c54,efe443f3e1f24cd4b448cf319972d272,Rio de Janeiro,RJ
3598,a48f61c192d8445397d131a35ebe116d,14ec63182f2744cda1831db510e4a0c8,BA City,BA
3599,36764af0eb3b472583cfabd4c0a2b045,a8eb1f2e1a8441e9bc11552adfe00a1b,Sao Paulo,SP
3600,506a43a4a1c74e17bcd7f267ea82ad5e,b554efb40ad24ff59ccd495d63fd6ab4,Rio de Janeiro,RJ
3601,7deecaf7c271477e989969a7cab8ef69,4deae89647fa45b7a5c1f5af1fd35d0f,Sao Paulo,SP
3602,e588a792c1674039b71626792187856a,35798d13e86c4aefbcde70ad6e4706da,Sao Paulo,SP
3603,8b90aa8914a943b6958b611fb1222d27,d06898d57285431ab44da058bbfa5b78,Sao Paulo,SP
3604,f4daea84c0a04b339759d932fded8d33,e0e4852986b94e1ab8aed7414ac38b49,CE City,CE
3605,47e69fb807834be6ac6ab0417f17ddc8,149c2945ebc44f849258ac1b8be48669,Sao Paulo,SP
3606,6f00f4cb3f8946f0b2cc4ea36cde44cd,8015f972e14c45c8968f36e7c3b2abef,PE City,PE
3607,ff8bb7c06d2043ffaf455c8cd2cea5bf,496a2e41e4e8485cae75e49f3fb4c72f,Sao Paulo,SP
3608,8c385a20a2f247b3940ec40c6e20e687,1223e2a2b85b4d40b7dafc6d32341993,PE City,PE
3609,155648d7c324457b91150e7539ce6a6b,5f74500ba8164b57840d766756ec2e1d,Belo Horizonte,MG
3610,339ded0c7b724783b5cc9d359a30cfc1,9ff14c02a13e476db2956f5b693c7342,Sao Paulo,SP
3611,0cca144913914163aab0c97f8391ebe9,603909e288884227b0d3fd185f1b5f98,Belo Horizonte,MG
3612,7d402123366a44f2a1e7dffe0f2b1cfd,c7975f34348142bcbe7f12ee33b0d4ae,Sao Paulo,SP
3613,2e666f268bd64b779bfd67681ca45bd4,732e6c5e20c14b3aaa8e1dc952865e48,Sao Paulo,SP
3614,f57207d223dc47d0b6aac7f6a6beba76,974526f4089c4b3db78cbe5d945209cd,Rio de Janeiro,RJ
3615,26f659019b2c4276bcdfb3cf72c8f720,1fafdc3d29464a26be2e2bb826d66620,Rio de Janeiro,RJ
3616,934b3767d7fe4b23acb60446b68498e6,b3158d361c4145d4a83d2d4c792b3fc9,Belo Horizonte,MG
3617,96a19f8ce45645db9e603b4aa0aea66f,b100ad6a373d4099a5241ccc97ab9fab,Curitiba,PR
3618,48fdcac2f9bd44c0b1ef9821b0d46f81,bdf501ba654343838693e9f3c72c84fc,Sao Paulo,SP
3619,e5104762da6f4d3b92a7317c7695a630,8331cdb0b8144918856ecb2f56a4081d,PE City,PE
3620,e44fe0cc487041e7b0e424f66519e605,97ecb309a15e4d459e60611ad51633ec,PE City,PE
3621,ee6ccff1b810433ca2eec28ed5f3a1ce,e004f60cd6a84781856f5fa688376376,Sao Paulo,SP
3622,6bf9b77e145f41bf9b4b4550c4a3a9e5,69a5d1a8d7be469facad737f49271e5c,Sao Paulo,SP
3623,bac28fbf315d4a1cb4fe98af1fa2c1b7,4e8e6e79409744388b28562d16c81f1d,Rio de Janeiro,RJ
3624,bfab3934163a4e6dbef3878c8122b49b,48c0a013014e44bfa2cbdcc09acd0410,Belo Horizonte,MG
3625,55dbbb51f8b04808bcfe7e8169126341,9bc1ac20e6ff46d7a68af7a5c23deade,Sao Paulo,SP
3626,425acab5bcb74c9f8550fa873a29f2d1,56216c2636b5478b82dc0d9dd6ed40f7,Sao Paulo,SP
3627,b53062cfcf9b4852a635eee72501a55c,d7fc3a5dfefb43b99cc8046522b8215b,Belo Horizonte,MG
3628,d8e73684e7d948bb919e1d9608e6fd6a,dbea659169a34ec1940d2af371171a8f,Belo Horizonte,MG
3629,8e9c80df34134eeb8cf6765bca1e51d1,827efb7361f946f4bb33e51a0850c544,Sao Paulo,SP
3630,f54c421487ae44cf9883d31efcb08ec8,7f8f3ca571f1437fbde39d8e5ca608d5,BA City,BA
3631,6c9297f5eeb9436a9891557f909c41f2,bf57596173734423ae106ddff62f0b74,Belo Horizonte,MG
3632,fc21f098dd6f431b9bd06c477a85b66c,f2eec0917c2346d2a74fc6b2d4a112e5,Sao Paulo,SP
3633,ddf8baddaef2488bb4b226e709849fec,2b840c66bb9447138e736a1fbb8cb090,Porto Alegre,RS
3634,976d449c7fb949478d198fc84499444d,5a11c8979c3f4a5490fa311bcc099566,Sao Paulo,SP
3635,38eb3cdef38f4841ae94d8763ae6e724,82ef611eb6894be1982fc4ea42051544,Rio de Janeiro,RJ
3636,666d97768b99413aa64edee32399ee70,b1383c413a62435fa4ec424447ed8ee7,Sao Paulo,SP
3637,1061043022424bac91786ba74b459e39,3307c580ea88444f9178ed0c1dbbca67,Sao Paulo,SP
3638,4c11918cc3cd44f8807b041b87513489,b6f9db08204648568554d88453327015,Sao Paulo,SP
3639,7b55eae6a13945fbaf228fe746557e0a,878bbdfd1c5b4fe7a15a168b774f28af,Sao Paulo,SP
3640,e8c16e268e3c40cf851da526bef99530,fa05c78ffd2f4d138bcca54e58433945,Belo Horizonte,MG
3641,6c8305632d14417d83716556d230d964,1ac58710e9b749658e51cb3266651b01,Belo Horizonte,MG
3642,6000198b2be742328b7d365d068ae812,afb5ac1ba0ed4a56927e4033c46d3506,Sao Paulo,SP
3643,f31060ffe6bf4bddb3f71550b229a25f,c8c4b0d412d340f48cbdfb78d16d6154,Sao Paulo,SP
3644,cb20a00a18f84a5ba5f5ab26a0ae85c4,4d07231978374b2d806c73dc0784c37e,Curitiba,PR
3645,dd906cf9e3fb4843b71368750a151a5d,aa4bf99be254478aba4969599d0ff7e5,Sao Paulo,SP
3646,f00d2dd12ec24be38a559998b9e39126,408239953b4d4074bec744c11dc33035,Sao Paulo,SP
3647,52f54728299444468566f847b60b01f4,74313adb27364b1584853952490ff89a,Rio de Janeiro,RJ
3648,9ef9adbcdb9940d282b66040cec69f3f,2210df450cde4b6cba4417dfb39c4d00,SC City,SC
3649,fcbf708ff9154b3e8d1d75765a0e658a,0d8b4cb557a74b3493797bd422ad17e4,SC City,SC
3650,0203f2fdff4d44e78a3a7ec631df76c0,6787bd4fe78c4ad6927b7496d9db16e0,Porto Alegre,RS
3651,9bb7b063e0dd45ca895554816dec6764,19391c2a7ed44531b632d2551a4b0f17,Sao Paulo,SP
3652,7924e8f668284ad08312a64369594de4,20a8e011ae6b45ee92f0e0c316b55a86,Porto Alegre,RS
3653,1fb26171bf7440f09b74afa079ba52ed,d7e5837ffcd64924ba33f27650bc17cf,Sao Paulo,SP
3654,2a529e758f144681933b9fb5cc5b45b4,58982c3cda6c49ac996544c52870da69,Sao Paulo,SP
3655,3229bd72e9ac4c4b9374881487a0d7da,99425774aa4b4db5a249c529448307f5,Rio de Janeiro,RJ
3656,0cb34c8dbb71475eb6ab3f67b90841e4,af4ecae592ec4b1da92745abb1daf9c6,Belo Horizonte,MG
3657,3c4846e79ab149aca9121db38e38eae2,5b9ec98a8e5747fe84366a178570c7c1,Sao Paulo,SP
3658,ead6a80e2f7c423bb1776cda345cc7de,7fd49102e9374a16a7cda2024916436a,Sao Paulo,SP
3659,f928006387df4ed3bc696dac65fb6353,860e966f10f646c7ac6e88a0a560ee0b,Curitiba,PR
3660,578f633cc00948de913ddeed31ac0ae9,13bab86af02e4cd39d87075c102785db,SC City,SC
3661,8523bc5ec8f24816a7387f5df5571f78,cf90022bec3f44dc9c465fbc4489bf4c,Belo Horizonte,MG
3662,cb63c7ce23854e5d87897fc0c61a12e3,1a86e2d7d2174d5c9e544f2b23796d35,Rio de Janeiro,RJ
3663,d154946e1e3640fb8452214360b20646,0aa3b33ad3e74c1e890642546dda670c,SC City,SC
3664,b1bdaff6354b40e88758a74bfa5102f8,1141092f3c214e5c8d01e632bef7176a,Porto Alegre,RS
3665,e288f37c4dc3455eb3ba3fc0de2074cd,ef68c6460e3444bc83f9c76c4a406c43,Belo Horizonte,MG
3666,832cd74329704d58a08990c8d8c3c9d0,c902642556c44d0a9b3e03d34f9f3b48,Sao Paulo,SP
3667,90fcd38fd5de458a924cf450a46e0e27,fedb66d7fda647098cc615f8a4225c80,Sao Paulo,SP
3668,8549753e29564a989c27f8daa5066238,c0a7e4a381904fcf9e90c1fe278dd355,Sao Paulo,SP
3669,d5b3f5e36a9148808c0401a0958c8bd8,d74e165b6e8a476b902199923d592a50,Sao Paulo,SP
3670,c8bf7a966f144674abadddf92c0234f5,102effcf4c784e47b6991102fbfa7fc3,Sao Paulo,SP
3671,71b04278a4ad462ba203cd780bb703ef,23b5168da7b64eb492f7ce7ce3efe591,Rio de Janeiro,RJ
3672,9acb48d397f8433d960466866c5e4380,ff985b7333434966a41d15b83b09afe1,Sao Paulo,SP
3673,bc75fceecb1e46a786dbe1c8c8926ab0,362afadc05da42198a84d342364eb48c,Curitiba,PR
3674,0ee0d11fd13c4df0b457c3235a4d5816,37f4839661d543c9b86830464d36037c,Sao Paulo,SP
3675,d8001440eb184dac822bf82a7766357c,d04f9b7dbba4468ba2fab1520da1976c,Rio de Janeiro,RJ
3676,2011c08d684a40aea896542a8fa3bc77,94b1a5b3330b44559cab3dbacb036899,Porto Alegre,RS
3677,47333be40f2b4d52b91ed0128b5e1576,166d6c71fea54108b16fe242493f9449,Rio de Janeiro,RJ
3678,7d7130d105ca423aa53153326bc3fd50,0a795e0d72814bdf9388804d1b32223d,Sao Paulo,SP
3679,49bb71b8ec9c44549d7dc47f31684abc,b89c3e706db54ca5a4094bce4017c291,Rio de Janeiro,RJ
3680,4721a8e10fc84946a52c1e3c7f250adf,c13ab28848ef444faf1231a1fb58b0fd,SC City,SC
3681,0835c14e5bbf40188f998daf223201f5,34153e2ab5a046f08a8d65353ad46bb9,CE City,CE
3682,cfbecbb0da4341d7977089ec01c90834,7d89c98705f14f07b0ec198e4a2d4f65,Belo Horizonte,MG
3683,28362274b6974fbeb2a0d1ae2a8cad42,01edb0c36e134afabaff81c9a0ba1da1,Curitiba,PR
3684,738ccbb3a760438a98b0ff63c1b7d0d8,fa143ac41a36424f92bdee54080de097,Sao Paulo,SP
3685,36e4e3ac10dd4623913d5d0ec4cd47cb,3b8c85160b69495fa5c1e2d8e9009173,BA City,BA
3686,222d58d487d74f42ac0afad0d1668316,96293c46dcf44dddbca122c0b1832dad,DF City,DF
3687,8d1b9f02a753443a8fdbe617cd5ebc9a,26df79347fc548c9a7b3d14418c541dd,Belo Horizonte,MG
3688,c517167623b346a0b986200781deb05e,bc889e0e956e4c389d1c86f254207c18,Curitiba,PR
3689,a33389b349a94c7f9c2d76da76aea8eb,f0a8be9aa495463e86f2167a2b967dd6,Rio de Janeiro,RJ
3690,a71e185597514dc88e4f7421ebe34a4a,7dedc9afd65442088a917335622ee171,Sao Paulo,SP
3691,9dad2977ddc8406ba20f247e3107f899,a34f73a9cf4f49c796f0e329f98d4777,SC City,SC
3692,51a614d0473c4ef5aa0ed4e251d36699,31c81409f0874c3c9507979f8c5f68fa,Belo Horizonte,MG
3693,2e95f26c80194d078a04a30ed469765f,f7feb3be33cb4875b5f1b4dc940d92cc,Belo Horizonte,MG
3694,68a073104b464643834eda8ff5d2bcf0,ff941b5827bc4819a28499689831ba6b,Belo Horizonte,MG
3695,8ed33dd8cb8a4b49997160973bc863a3,b59bedb3f3484bdfbb0ba17285d04d11,SC City,SC
3696,0a1752525bf2427089f3bb210271dab4,8b15fd8d06334175864ead63842273a4,Porto Alegre,RS
3697,5eb7a57747544c258b380268d48c54f3,338a0d4855a447e083ed06b8ec33a932,Sao Paulo,SP
3698,068c27661b014e389082f0455054140a,fad733ae08224dd7a117cc58f5e3f945,Rio de Janeiro,RJ
3699,d9abd63ee3f54bdfb5b9e88b30688f01,910e6310e71f4fa3ac723d4791ffe23f,CE City,CE
3700,9e7a0cf947cd420dba2ae66d3770fa60,5f34c1dcee634c69a19a91a8a3cfbbe4,Rio de Janeiro,RJ
3701,0f7e37e6d50641d1ab661b7d5d928af1,8e0a20dd474f45459db989b9fa264df9,PE City,PE
3702,8b53e2f7c21243dd936820bac18c9483,7296a6a9e959414b93343b792c3af7bf,SC City,SC
3703,d35e04cbc6634b109cf84dd3b290a9e8,828bad65bc9b4a1c918cc9c687b3c7ae,Belo Horizonte,MG
3704,1934a60b569349799ad03258d3c8b2d9,b9c7a5dda75b464890cc0a43ae440588,Sao Paulo,SP
3705,001c429a52c5483e810893f242f45a86,b1604e9bec2a41b4996a3023377c0177,Sao Paulo,SP
3706,208d12f58c0e4c18ac679e8d6af37e02,0d577ad28df747c8ba0154faebe9c96f,Belo Horizonte,MG
3707,9854852c929c45369ee07c0b6715f0c8,a7059e9a6edf4161a5043acbb9856d54,Rio de Janeiro,RJ
3708,8c4fb48e13a34d78a68a6587a1166d25,d7bd1835ee80490e8ec9b1bb011c84e0,Curitiba,PR
3709,15cd124ba82145ef83b8085d779e8a63,ab838f8141cf421da2349372299150da,Curitiba,PR
3710,6caeffef0ebf42cb936dc26b21567686,e5e73a557f3f47cdaaed381f7ca539cc,Sao Paulo,SP
3711,66ba2d2093cc4da8ae7ec0009fbcde4f,e5a8e0d26d0247a69e2058af78df929f,Porto Alegre,RS
3712,3ad1a51376b74c6683d0d47c53a8168d,189b3f327f5747c39e8d20d17a82e7ba,Rio de Janeiro,RJ
3713,53fb4ff9cca042f7893fdc485b7d761c,b94534fc7faf4af0a9714da281030406,Sao Paulo,SP
3714,f0e5f5dc1bd9452490e1379ea49badbd,30f47eb333414647a15fd96f4028fd9f,Sao Paulo,SP
3715,d1c81e50b0a846069fc9ea380d1b597e,5a18cf1140b64386bfda1dfd489f2a9e,BA City,BA
3716,2e7475ad72f84ef9aa47c7061af51bea,6194add02a84453abf004c5faffae22f,Sao Paulo,SP
3717,9426919e6f7e460285bd5a1360c05894,de9717bb5232474e9edf8f16a7b155b4,Sao Paulo,SP
3718,af8ab45a94ee4594bafce1b5d9b56882,66bca5a54e6f411cb2d5ec8b22cefca7,Sao Paulo,SP
3719,48c502dc5775491e95f6307a7a574ea5,2b1876ad32e6424097699cd4ccc24a49,Sao Paulo,SP
3720,4517cb92987a4b01b0a92424e5378de7,7a8aec7ab4054f5c9691142d3eb9fb11,Rio de Janeiro,RJ
3721,11ca5eddbb7845c591824744d8301c85,a5324a986d83475b88d424e7d0f8f858,Sao Paulo,SP
3722,5f3e82f27a0e424f8b5542eac2d9ab41,9ae03c155ae24fe8a9e9200d40c1fff5,SC City,SC
3723,5c6f6dcf0237485a9629fa8ef368f5ad,153a0d49c39e49cb82d00830f37363c2,Sao Paulo,SP
3724,0970cfdbbee141788676c2ead65cf533,6b416d24e56e4f0795e592246f94e835,Belo Horizonte,MG
3725,f254ecd07de7488581a0e82e8531727d,760c0c370108479fb3a9b5a17f730621,Sao Paulo,SP
3726,7f8043d96ed5437ba983d6dcb469b41f,14542ee6c2344ae788611490597e5d96,CE City,CE
3727,3ad2591533ff4066ab6754ca5f735d10,913ef7d658d4433ba90a10417fc9b50e,Rio de Janeiro,RJ
3728,4a82d3e4611b4001b5951eaaa6dbf2dd,1048dc329b5f40dc94640cb98d573bf7,SC City,SC
3729,861c4a3c1a954714930239062dfed0c3,bba2ff1d1ad6418db3a9c770f9106099,Curitiba,PR
3730,c784b801464a4d25b6c77c94cfa489ea,3628bae33e794a8bba2f3b96059bfdfc,Porto Alegre,RS
3731,9e4235cac09642dc8cc2fa1b109d2cd6,b99810cbbc9944bf9b603ac4aa3681cd,SC City,SC
3732,38f0fa68c233416886e71f6c91890d8b,7a9421693dd647919e6f2d9f8110c4fa,Sao Paulo,SP
3733,bcac9595d5ad4fe0921c7fc679d76e3a,a5489c6a87f04c6aad929a9da0d442fb,Belo Horizonte,MG
3734,99c31d55a25c46b5a20d11f036727a71,3c4c0c7a33bd482b879b1aa024e5453c,Sao Paulo,SP
3735,2684594e356644a39fc317f51b7c7ab9,0005ec175a1647fab8593b4e095812f0,Curitiba,PR
3736,9cae0a28658f4ecfa1a77e76b0a06310,b3b530d9d0cb43148695dda197e2df5d,DF City,DF
3737,70e6a169708145d4b66a4a3e90ce24d1,7f2b96fb86244a52b4e9d1404fb90ea3,PE City,PE
3738,d5677fa1ebc447aba3e97d23a9898d76,2cc039d967604b20b833164b8ee69900,Sao Paulo,SP
3739,63dc8c9be93e4b9dbe026869aa0ff9df,21d92236a27a409f8ef91beea6d24bef,Sao Paulo,SP
3740,63ef062af6a543cb9ee6cbe55a02a198,14c9f02d43d447348fb931e9e154fa36,Sao Paulo,SP
3741,d0e79f4e28be4fe8b5cc66034da2ece5,037c8e132f794dd184ee707a015b33d9,Sao Paulo,SP
3742,c824e501408e4d1fa4b9636fb9dfec4f,dc2cba096c804b1f949638ba1a197e95,Sao Paulo,SP
3743,0d1028ef519f4c86912cca1a8bb95d7e,878a1a714a174c1e952782ecafd2c02d,Sao Paulo,SP
3744,017a8d6ec4f9448eab633602e226a3c4,b13ff0fa438c461db8dec77c141e7a66,CE City,CE
3745,d1219d32ce3e4bd3ab4dede457bcee5c,f0f6a9c3e57443779f9f2ac6b4b4d2eb,Belo Horizonte,MG
3746,8924c11b56124e269c52282ea8e65349,cecb252523c14b69b5e83fc1f8e4f467,Belo Horizonte,MG
3747,c4819811725948dd9ff49cff65f30d39,ee112bcb37974d34884bf2f73701ed0c,Rio de Janeiro,RJ
3748,2f9a3a8c582e47e2939dfc4c839cd9e6,ebfea20df6ee458282150e66072413ad,Belo Horizonte,MG
3749,e7b5f5a0c28c4a7e814998c8243dca73,a7e52bb81c6e4d9081f0fbfdaefe9c81,DF City,DF
3750,5f73b36988314a93b12e4052e807c6e8,126bd242ee5242efb9105c47b1c02f98,Belo Horizonte,MG
3751,39eb4d9f678b4bf184dca99ec6092147,47f8d86184264307bd6c7459a1af22b4,Sao Paulo,SP
3752,5a9b0d01ac4c48cb975689d2b19c9b83,8c67042ca00f4364893ed858f8d64237,Rio de Janeiro,RJ
3753,bab4043e4732451ba3a528ea64c4acf7,e3c10ca79d4d4434a918fd282ff1f7f7,CE City,CE
3754,06c3bafb0e614a90b30250adf8e5b525,48b5891f9f8541d69c39aebf150d6009,Sao Paulo,SP
3755,2890b706f47442d88e1fd4f55eae332a,aa48eaf968a14e5691f1e0d29be30bca,Belo Horizonte,MG
3756,d3f5e2d019a14f238a10cc00d71defee,f3250e90b0f4474e905fc1540413661d,Sao Paulo,SP
3757,15d36f5d92694dcd8a903ca369c7882a,d0886bfc526743c28d887a5030b43e92,Sao Paulo,SP
3758,4eaecc6e3285442082ffa3ecdb77eb7b,561980cd0bb240c88a7ef8d791d47179,BA City,BA
3759,903bddb79dd9415b95aa7abb34ee4323,156613a4f0344399911fdc5337e46247,Sao Paulo,SP
3760,253ddd9c517a41a0b9c12f124b3c0111,36e329813db84892a63caeaa9e3a166b,Sao Paulo,SP
3761,0be7b9a276264f3ea1bff829b8acdb28,d34c62aedea94760bf8c831bf78aa549,Sao Paulo,SP
3762,cf1749d1fb284f0f9337975acb3226d0,382e9e3ecd5b4077bff9ca8b63faa374,DF City,DF
3763,addc1712ce7c4802b931024a45cc9e68,1b2eb32b452b4408aad512f3384fbab4,Sao Paulo,SP
3764,4880c22921564a79b215668476409340,2475434a7ddc41f6a94bc8ec392b0f54,SC City,SC
3765,a4fba58acf314638a94997da728b0e40,08386978eacb41b9b3a580a8478807e9,Sao Paulo,SP
3766,753076082b5d4434b90d7ee45b0dd6a5,b3cef1148db84e83a50fbe0f41c65fac,SC City,SC
3767,3a82ed74257e4b95b99cdef09f313f5c,c9ee08af1e8340bc9251357b3a5bff1a,CE City,CE
3768,dba633eedf5c41b99ec01aa6660f70a0,2e0007978a51454bace34472cbdfbfe3,Sao Paulo,SP
3769,92bbf3e2c21447f3ae577c6a8b8c9bbb,7399c925cf3e48d1b91c2cf8079b5472,Sao Paulo,SP
3770,8f491751a14b4d64878334e8cf02a1ca,048616d35640411eb2aac241cfb49325,Sao Paulo,SP
3771,dec79513232d42c59d48b757b5ef8ccf,579af82840284d9cbaddebc3a6ff2019,Curitiba,PR
3772,0ea85b0776c3467ba035d2272306df4a,270ed717bcdb49b0a1c343ec6e11d280,Sao Paulo,SP
3773,9780b630fc204c3d9c3865e000f3302f,78131f29616d4252a24f67d8c7e68dc0,Sao Paulo,SP
3774,71cd336f12f547bc98daccfbd428e969,a156f46cffd643fd85e9911507b13976,Sao Paulo,SP
3775,eee565dc93344a8ca4d6887584535b58,2f4b6f05dffc4486aa0e3af52af6510f,Sao Paulo,SP
3776,d66f01bcd89f4d32b1679d5987096447,a47050e41db2418eb401520f813fdbbf,Sao Paulo,SP
3777,c4b3428463d24826be1c87aa609e1d22,bd9b1aa7787549a690ce0dfc0c60d0d0,SC City,SC
3778,8ec277a6834146c7868d35ca68ce1d92,b4629525a0974877bf8a3c256fc608ab,BA City,BA
3779,f5bd32e7b063431b9cfcd96a9256b10b,b5c5c4b6d7af401fa70cbefc6b3966b9,Sao Paulo,SP
3780,9ded7d39f49e49c3b68076b90d0ec9d9,57f2750b93304bd3b9e9b50c1ed61243,Belo Horizonte,MG
3781,b8bef2a91a4941e78bd3364521d524fb,8f93a6a2270c4161acf10f8ad139bb61,Belo Horizonte,MG
3782,07198c343e214547bdc2dfb1f2e4ff8e,98d86539dd1442118c54e1d7470977a0,Porto Alegre,RS
3783,50c21c63602941b0b350c5e5d7bf322c,822262bb8d8a45278852c89ca28171b1,Rio de Janeiro,RJ
3784,75dfc9fba9d14084a8293e74323e18c3,7b7e106f01674cfa8ae6befdec3819ce,Rio de Janeiro,RJ
3785,205e6e9b740248ad83919e9d117d6620,5c7353c5287e4b8ea5357df540d2c111,Belo Horizonte,MG
3786,b2f39fefce7347fcbe9535900f88053d,5269b6f869574d46aa4f0309b3d3aeb1,Porto Alegre,RS
3787,c6811301ee2f4cfa91d01d9bcc2b88fe,c2bb09bc318045fbbb86f90087424910,Sao Paulo,SP
3788,1e2e42c5e7aa4bbd9be7cce16f3b8724,8db6f95bb1b44f9bb10184f63027d263,Sao Paulo,SP
3789,876673a9f9124c3d9aa48584f55a304a,52143ab2340f44c788a15b42444daf03,Sao Paulo,SP
3790,4627cf5d532e4b9ba6011d58ea43242d,f4daf07d3e5f4762b4ac50f6c6068f86,Rio de Janeiro,RJ
3791,3038255bc68945709e69f2636c87e47b,50d707183da14eb6b6e8f21a36f387ce,Sao Paulo,SP
3792,d9d899e8c76b4716a6ae39e4dd72f43a,469f8d745b094b6fbb93fe66e624bbbe,Rio de Janeiro,RJ
3793,a36c66ba246b47aaa1551c5f8edf03b2,f4e31293ea7040389ab23dce89447eb3,Sao Paulo,SP
3794,ef65625f075f4ab299288029b3384328,442e7d21371245a99a3226af7288b93f,SC City,SC
3795,8a3c288cd4bd440ca92aa382cf89993a,04e09d4a2a2c446b9eb7ae0b020775d7,Sao Paulo,SP
3796,e8cabc862e374db2958c8cd499f96355,815a535f40574656b6d2629a63560238,Belo Horizonte,MG
3797,da6a8e266d664edfb68c3af1f1bb74fc,35b9e018605e46a59a2247915c3a2d4b,Belo Horizonte,MG
3798,7aecb8ffc3fb4d6db43cd02b9906d198,1a6ddac98bb24884a8b8d4c17bff9571,Sao Paulo,SP
3799,37012ac2e0a744928bcce38db0f46674,904d37487c75478080473243df841981,Rio de Janeiro,RJ
3800,46bdc882cb534dacab847000f85770cc,779ebabec9f7473b87424228d52fc1fe,Curitiba,PR
3801,43e9cf34712047519672d9cba8458974,38625ab5c9004fdab05ca39a200171c6,Sao Paulo,SP
3802,9eb27a80a94a4db5b4774642694a88b7,5beee40b57c1462e8b30499f1def9e98,BA City,BA
3803,c177c5a019504d8193daac299891d4d4,6e78b33c13e84796a45192466ff26d5b,BA City,BA
3804,826bc703ada34f0aaa7de516a6857aff,ee99c6430b034b66a6af8da595ac0c2e,Belo Horizonte,MG
3805,06c41199a08f406c87401fc97263d366,856040cd30214a8fb454588cf41063f5,Curitiba,PR
3806,f27c2b607a154c17b6b60867c10eb8ed,4ad15468824c4fc6a27f2eb75cb34f2f,Belo Horizonte,MG
3807,4a42f156078b4a2ab79b0c174a11530b,e1e20d1a0fe0425abea4e5d525eb47fc,Rio de Janeiro,RJ
3808,2ffb12c036f9480fb7228600573ba975,7f17a6229a624de6808d24395be95d39,DF City,DF
3809,c136034f1a024233994d11dd0c5ebc94,0f14ec445d3740a6a603baed9957afa3,Sao Paulo,SP
3810,eaab3724c0cd481d8f71af4aa3dc388c,c25cd0c6c83b4bcf90ab240df44a9ba7,Sao Paulo,SP
3811,7fc67825602e482581d539d96f0808db,d7d479db187e4d8e85f267065b1b2a8f,Sao Paulo,SP
3812,5a7dc391624849d2b0339c9672daadb6,9fdbb75d964240e0b18ac2796291b8be,Belo Horizonte,MG
3813,4de57ba33be24f95808402e7fc779873,f9a3c385fd3f4c358595be3a2f7e6d24,Sao Paulo,SP
3814,9cd7eeefe0734de9aecf3ecc1f7bd7a5,a9bd5729f11242a09c3f3c3f1705366d,PE City,PE
3815,d8463dcab8b64194a7fb2291dec6c353,0bf964d3f7a64dd087035bf97cd9b7af,Sao Paulo,SP
3816,269403495d314ed0a0a6555d2e44c699,fbff0c8609bf4c5e824b330e0d1e6ba9,SC City,SC
3817,e499555ebf564f4498c40e65411af2ed,d53d38e2a02a41c4b7688a38a4bd7ea5,Sao Paulo,SP
3818,6c27265eb120412ea40dc700a8599ff2,3ae2ce98f4ad427aaf532adcbc08e38b,Sao Paulo,SP
3819,809ac0da27884c728a7d54ba29f0e474,ee804c563e9343b28f7b787bf248cbd1,Sao Paulo,SP
3820,c51275dcc17b4942a780545d8210cbb9,bfdd165daef243a2af6cd5a3e09b830d,Sao Paulo,SP
3821,f26f078b554f4c6dac51a414c8ee0627,4393c25726e046c4bc85f82709288579,Rio de Janeiro,RJ
3822,b2f91419ddc24d358c02b1febae70a16,7e67939e3e51425bb074d02f6d998cee,DF City,DF
3823,71cd68cd3f8e4dc093b16fe94b041695,ca2490769f0e4fbb873a5de5fa3efcf4,Sao Paulo,SP
3824,b7743ea7f44448f2ad097ba82cd83a2e,2b19fb10ef964b5686c71df4c4e4fa87,Belo Horizonte,MG
3825,e0f21096010846bfbe97a7229aa6aff5,bae26f0522c8449c88f04182862b830e,Rio de Janeiro,RJ
3826,70c489918040418d9a36fe74d9b84a02,427e2c644cc64305b93fe295b32bdbf5,Sao Paulo,SP
3827,83a48f7aa2a24c39aaca5521862c2a89,c799610ff03241b7802fc16a93effc3e,Rio de Janeiro,RJ
3828,6feed94b4fe24b6f92e845a5bdf39387,c11c40db9e434edd93126bbd0ab90b2a,Sao Paulo,SP
3829,3156e24d3f554bc88f80e45f8910d394,b906b816d3ee4557a7ca4c22f67a5181,BA City,BA
3830,23945044423146b58bc19061a3ffc157,cc5e521c9309472092f4a8f5f36297d3,Curitiba,PR
3831,89b43ad392704418bd0cd64144f04ce9,3f43307a6a744cd6a03ed9e25ab04ea0,Sao Paulo,SP
3832,18e70a1cc20a4824b70657bdb20bc008,9a93ae14b025418b8bcdb7c39e062e80,Belo Horizonte,MG
3833,93a6c8f2943c482c8d8226b1e27c1e83,5c87b26efcb94b3e95f7a04e5d8de3ad,Sao Paulo,SP
3834,bef9e91ab8084d0d800a551a71d05fae,a4dc6e3fc98b41dfb6b27900853d0efe,Porto Alegre,RS
3835,cd65893c4b284543aa54d93f5bdedee2,6a95a4794e384c07afe52a6315796bd6,SC City,SC
3836,0641ae4561e8461fbaa99e05f560580f,33ac590bddd34cdf81074006f6fa3f6c,SC City,SC
3837,c81b1837b3974b1a94386992398846d8,790d085ec7844b65b72365a6c6a633b0,Sao Paulo,SP
3838,dcc4bbec92f64bddaa6fecd4a8d61e20,ed835307e3de4a13acff27c102c8ae1b,Sao Paulo,SP
3839,de7c8a2b6bf84b00875abfb4c5e1a73a,0c94afa218ba426bae6fbc46fd63943d,Rio de Janeiro,RJ
3840,0d7a95c3e8e04c11b0ca00b5f84cc45a,af450ec3e0e946c1b2808646b80430ef,DF City,DF
3841,efd9ba1898d64355a53ad6d710de5fec,3f1851ac4cbe43f38c0ea49274426e32,PE City,PE
3842,bd4069bf73ae4987a580df726e79a701,fae7365346944a9a851ded4605e5681d,Sao Paulo,SP
3843,74a738c8c69549d79b4304d2f578b9b0,f538273fbb384c8992aca2667d51d777,Curitiba,PR
3844,3d2359e58c2c42d58be5ff58ffb6837e,8e844d3994f9470d91eaf38ad6c79f8b,PE City,PE
3845,4f2114a53fad43268e96473723692fa0,68a1e121c6f44f1f97f37a3b09978a59,Sao Paulo,SP
3846,2a795087757740ceb53c8aef4e64c2a8,67b65eccda9b41019c05609e7c582a13,SC City,SC
3847,67fd9b8519d44995a6f37ae05e0482df,b06b86e4a80c44a7b350aafb048cf911,Sao Paulo,SP
3848,f614544dff354dc5bd34884bd20d20c3,a053edc4327a4640b6b8ada4b4b3e341,Sao Paulo,SP
3849,f84ef1c31cbe421d8c0d9167a9a06d8a,fea85a2b773b4af497df6136d6f3e210,Sao Paulo,SP
3850,d4d4754880b046f7af6c5651e7ce3af4,01581a15dc824a91a0444d2c3eea3bfc,Rio de Janeiro,RJ
3851,6e074879c2d848dfb3aaeeca431a6ab8,34e7cd88850c4611ae3ab199823b2956,SC City,SC
3852,a6d11e51fb1a45b79189b47fe8852c34,eda10e3b58b34216a0eab0baf48f977b,Rio de Janeiro,RJ
3853,4a739ec4f225405ab7621b7f9d065e33,e19f5a2a76b94e3b9bbbc50ad5416909,Sao Paulo,SP
3854,aa5ca792fb04453f8df327e07c16d808,9fd4b88ffbd34bad8c643cec37142e51,Sao Paulo,SP
3855,f582edcc210945f09f7e3d39aa5c2527,c9d2c282b0094e9aa2886d35c14250c1,Belo Horizonte,MG
3856,3f5c0ea35401434aa44760d78c517e31,1c275300bf3f4e7cbca425ce6552fda0,Belo Horizonte,MG
3857,8a066ca8635544ed82513f31b59cd027,e898d167c95646c0bda64c7b0afab87b,Belo Horizonte,MG
3858,5ab14371688049dfa2b0f836333a8502,cc3ff22bc60c46d3a64ec941bed0dcc3,Sao Paulo,SP
3859,7accf3669d404e6cab5c8d8906dea0ff,4d3fefbaa36e4c52897ff3973b85025a,Curitiba,PR
3860,1c0cb7dab0a7421ab2a93eefc4ecef9b,90f5bbc700b74c89bcfb2632dc80cbff,PE City,PE
3861,afa3e850856543158b6fb80c8031553c,568f85a071bb4c3fb8f3ea189564f125,Rio de Janeiro,RJ
3862,201b57efbf0047948b33bd5e01bea87c,4537b5b18b98415682646761e285176a,Porto Alegre,RS
3863,6bede962538c4564aedf8d385e0ae1de,d94cebc609fc4347afe2a745398e85d1,PE City,PE
3864,8e0ac903da8a4c119b29317bde789d52,9853306f0b4542bf8977932c462b82c3,Belo Horizonte,MG
3865,2c9994f37e3e4ae9a6d2aa366056aa66,a044f1e1df514d6a8525fe590f32aa06,Belo Horizonte,MG
3866,532e474100b04266964801cc66d4120c,44be3161b0784e3886d4aac9428c07ea,Porto Alegre,RS
3867,913a3daed3cd4849b6820f36d45e3d82,15a5e9eb00a1452cbb3cdec6015b43e2,Sao Paulo,SP
3868,68424aa6aeb8441fb55b08c66e888930,8d25eeb787c94120980c185cd6e2e23a,Belo Horizonte,MG
3869,76b507848e394d5e903bd89a363d8c0e,a8b7173d0db9424ca1b188722326dc02,SC City,SC
3870,f4edb2405648419484b2f75d9d3ae9b6,52b8c0b7bbc743d984274deed4d3f213,Sao Paulo,SP
3871,9ca037f743b74b10a6b2df60e57fbd30,a450e315e2fc41808735a19bed8c484c,BA City,BA
3872,8767e32c4e4746f59f50be27b2df2108,d2a8e8f5c1dd4f0c8c9546ab2709a727,Belo Horizonte,MG
3873,97c694e137b24a8d8000a1cf3fcab4c3,d8a29577f8bf468895ebe44a52a038d3,Rio de Janeiro,RJ
3874,6823c8bfc59843019712a68b00f96d77,52db2e9b40de4334bfc34a4474d95ba8,Belo Horizonte,MG
3875,ac186d98bc1043f299c4f6f7afc987e3,bfb8b5823fd241fab2cca78f073058ce,Sao Paulo,SP
3876,93c8805857e045a9ab4ffdc07f778205,fb646bf5c97045de87917cd4d2bfa9b4,SC City,SC
3877,c3ed838c1e8a4b4aafdeea00b363a00a,af2b8bf9f9c740b6b42190931568704f,Rio de Janeiro,RJ
3878,bf4107e51aa9433c8823892933af1a07,a71fc6c3491444ce80952ebf901a2a3a,PE City,PE
3879,be8d737f1d6d4b5fb475c6dcd5f8aa92,591b0b3104fc45d09b8ca2444c38fc2c,Rio de Janeiro,RJ
3880,7aaeed0deb2248eab52afb20e587fff5,3881107de15747ecacfffa87b3231982,Belo Horizonte,MG
3881,a6d717b28bac4354aad0ac6b06b4bea9,73721e7cebef4a4892b45df67b650ab0,CE City,CE
3882,eafc85ce56d24fb58c96171029fc1c67,458fd3f094a6433b9a87f18eb823a845,Sao Paulo,SP
3883,ce3338838e394536bee367a7d41cb929,7b308cc3ba8f451fadb59138b6e2d204,Porto Alegre,RS
3884,c083c14e696541d8a56f0e4d5b9aeefc,4661960fdc1849a8816536ea90153245,Sao Paulo,SP
3885,1617f22cb5be45f5a16144af9b9213d5,721bc99ad6d64f13852e3e48374aeadc,SC City,SC
3886,3fc9f8d25a5644ee8f54066ee5a00720,903f0de405e04ebab23da21d30013dd9,Belo Horizonte,MG
3887,f4a4df6b62094ff7b4f4a99db42dd645,c99ae8a0a62b4753bb8654f28fcf0572,PE City,PE
3888,5f2eabc01ec74ed0b36edf0e2eaa8fa4,be25227e9113492bb94b602f5f2a8760,BA City,BA
3889,55f5ab5e165e4eb2add08b104235562d,63f32990ed98447b887c423a09fd76be,Sao Paulo,SP
3890,28b90a7a97b1431b9e23940d00cbd545,869c2a71f4f54e25971a576140f7b007,Sao Paulo,SP
3891,7f6b8ebce86f42b9931c94686387b16a,319117bd059e440da6b757d6bea2edca,Belo Horizonte,MG
3892,af1f753eb3ef464ca60ac69f87249193,eaa75fada4fd45e991bfe340dd8eb572,Rio de Janeiro,RJ
3893,db0db417efe4426fbe04145f8dfe2743,dd29a203698846c59d8d9651becd1c65,Sao Paulo,SP
3894,fba6ed079ed54167b861758ebf6a0d5d,3820efb88e8b47e9abece110dcb7a235,Sao Paulo,SP
3895,4a56372e4d1749148d736397b4b66d5e,f39c4ddcdcf6493080a0d48c8961ef88,Belo Horizonte,MG
3896,407798f2cb03421595222a5424cc8dfb,bf01c7fee0da4f789caa823073a4f66e,Sao Paulo,SP
3897,c292eac7f85f48dd9efbb16eaa82aef2,9496233e54a04d16917d9ad7ef7952cd,BA City,BA
3898,e81430fe48f9410c9208b83b5878ab81,66f00cc47b2043f583bc49ab51fea69c,Curitiba,PR
3899,424fa7c371f84987a7ed74c2d18a8615,a52fab87227b4546abe1b65c631999c8,Curitiba,PR
3900,3eb82817f175419db3ba648e95507b21,540a766f1dc149c09f8e72be597ef61a,Sao Paulo,SP
3901,3d5d468178d847a0905606782e664c37,4fee4f3774614f86afca3eb7e29d8dff,Sao Paulo,SP
3902,3ca66cb76f28491597d2f5abc639695d,ef7b413522f74bc78cdd89b54a906b16,Rio de Janeiro,RJ
3903,77c44a12f94c490b9d8569c903641bc2,e954021f1ba5483a8fc5e1064905dfe0,CE City,CE
3904,7870333b45474a3dabf9fe597860e097,8114543c9a514c2f936f2f594f9fd72b,Sao Paulo,SP
3905,4d4343fd6d004c09b72f68203e378630,bfaf6269443c4ed4aa32008e84224059,Sao Paulo,SP
3906,beb8c875f1184ef98e5bc1abd0c38a60,4375758bc14d4acd8fb97ce63a6f5dad,Sao Paulo,SP
3907,775310f69f1b4870bd812c02062c14a4,3f5f0dd6496844f9834b2c27af178c05,Belo Horizonte,MG
3908,aada296eab294e9ba9476bf5ef7a43e5,854ad8501b9c4d999e034cf6b8724326,Belo Horizonte,MG
3909,7dd71be01df94fb5993749a8f9bffd39,e5e9a18c0847412b9dd25d1760f28ee0,Sao Paulo,SP
3910,91c3550eaeae4b94aea7f3cbcc1a81df,3e44a44b5e6542c18b76264523a402e5,Rio de Janeiro,RJ
3911,cf5133640d7446bdaea410c22c7bcde8,0ad2d4fc1fa24f28a9f94fdcfc937ac7,Belo Horizonte,MG
3912,a3e98c3402ea4c6cb86b9f1afe41ccf5,78e2bff9eaf641d6b222d4201b5387fb,Rio de Janeiro,RJ
3913,fac280d6cb254826bb0daa4410706a48,88636ad92c5c41b9b6726ef10c49e453,Belo Horizonte,MG
3914,bc83d34e72b5486b87dc46a3815cbf8e,cd154d50ac7b4d1db3acb41bc193ed52,SC City,SC
3915,98b6b5069883434ba581a47d9310a068,e5f9040556434ce89b7897f70190c0b0,Porto Alegre,RS
3916,0821a12b4e5e429ab2ee473b46a5846b,925cedc0423746f0bcb4d89aaa481072,Belo Horizonte,MG
3917,9220e22d34f140d5bf588e033589bad3,21f00a4e342348428f7d0a072d26b720,SC City,SC
3918,5eb1e58d94a34281a8c3a6323c932105,9eb9e8f911894f5e8af8da6070d068aa,PE City,PE
3919,f66c7be322a646408b6318a2b9cb038b,9b75ce456d234087a0864cd5d44d93d3,Sao Paulo,SP
3920,22e26bfd72a042fca0436821727bb45a,6e7ebf2ab6a64210a2c17bd9b1458a76,Sao Paulo,SP
3921,7ee4d47dbc4d48dbb312b7502b886665,ca5865f59c7a4a3f9138a7b1beccced6,SC City,SC
3922,36e657c8f509479d968f3624bc5980d6,1dd7f78f94cb4d5fa56bdd2ba29d0368,Sao Paulo,SP
3923,97d9dea5241044f89df8ca0b18648362,c670b83cf26b47909134b54eeaa65d67,PE City,PE
3924,d000a1737266412fb3a8b94ae852c4db,be2b6d8b614949b9a30476afcb1601b9,Sao Paulo,SP
3925,e87335e9315c4720945b602edfc59d6b,0efbb15643614b5d83308d4ddb7a05f3,PE City,PE
3926,5f19baf1156c4a3287b30a305f4f835b,8b518f24a69542d8ba435e9081f5973f,Belo Horizonte,MG
3927,ac6fcf7a63ad47c5a343c68dfe893265,71eec01170f24dff8b79f33707ec4311,Curitiba,PR
3928,82afb6d4fb6f47b1ba33e7e3122b57d2,c908f861c05844c39402fcfb35313ec1,Sao Paulo,SP
3929,f51db3e06ea445c8bbc2ec00933f48f4,2811b04673d84715b6a041aca40d4396,CE City,CE
3930,1510520ab8054d0793fdc65443ec994b,c7a3f1c3fb9d44c0beb1b12d965840d3,Sao Paulo,SP
3931,df8282741fd34ff19092d43ce90e00f9,7f1ce4a088024f5792c5e08ee08bae22,Sao Paulo,SP
3932,7cf3f8bb2b1d4a4ea2a02119ca653397,3b05efcb4b2145a288f2c77694fd9d1d,Sao Paulo,SP
3933,ad315d4813314504b7de2f65adaad8cc,79b00df8b73a417f92bb1f89246ae813,DF City,DF
3934,e73002c3e1e643739ad45f6c4d2509de,853000ad5c8c4c5fa698c2c2feb4a947,Rio de Janeiro,RJ
3935,9f6fb7139761420696d4406555e8e273,4a96c0ef34614914bd78992ed12cb9be,Belo Horizonte,MG
3936,c0cc9a512bd14b9691806ff56dc2aa55,15d34930c5e44eb68989a5bfa6706772,Porto Alegre,RS
3937,d6c831c61d7b4d14845b8e77be6ce7b5,76e8129ea4244ddaaf2106a3af3c7a09,BA City,BA
3938,ffd3cca58be946369278749d3b1bbbfa,44de5555b5a241919c64628f1299f967,Belo Horizonte,MG
3939,dc569544489549299dd254d1e7a0617f,eacb969b32494fb0ac434e6fefcd80dd,Belo Horizonte,MG
3940,97f7c3f6d7b54fd9b3675c667100a081,e8a9c369db4742c7af5743b232c35b36,Porto Alegre,RS
3941,17262294dad3489dbaa1c0ca7ceb301b,757f9910abfa4ca7a9e2664622201b50,Curitiba,PR
3942,751482750fb44f9c80aae6969f128082,10a5c5f13b8642bb8133c606acaf815f,Sao Paulo,SP
3943,41c5f58165f44b6d948004aba2181554,11a72738c7b148149599df08e8f58044,Sao Paulo,SP
3944,42c6832f491a496199a573a4b3f5a886,17b8744c7d1e4be19ca30f563f4797a4,Sao Paulo,SP
3945,229bedfaafc84afd946761d2838faf92,233cb565bc254d61a4843466744bf211,Sao Paulo,SP
3946,16f7b31a976946429663a381b8914964,2b771fb4130049daa27bf4af5d5b694a,Rio de Janeiro,RJ
3947,058ef27c57894d099de2e437dd893ef0,aecd06f61c074028963a272fdfec4f16,Belo Horizonte,MG
3948,21340106fe844b53947644f9035decd8,033ba72a5fc140ebbff4cc106783b6ad,DF City,DF
3949,604da5220daa43dfbad867926462d743,cb37a19c043d4c44b04b0547189d5ae0,Sao Paulo,SP
3950,1ba0ee265ff2498186a606e30dd55c83,c561e46a9d6243e9bc518d482e66a8bb,Curitiba,PR
3951,deb6921ee02f440eb6705b76df804582,bee1f7100cf64e948a68652adfb8a951,Rio de Janeiro,RJ
3952,5ab450257aff49bfabf1a96f46eabd9f,ecb1ac39c37f4d50b73e05d0b657e696,Sao Paulo,SP
3953,7443df4ee4c7406ebdbb6e80c5d35d8c,047537813be94856a6f81b391c1ce6e2,Belo Horizonte,MG
3954,a659708da1c34ea8a2c0f64012613985,2c0b6fc0c867418680f2ff7e298e6212,DF City,DF
3955,cb8d39332090448394fcd6337cdb736e,d2bde1ad3e85431c9c442583f259a7ca,Sao Paulo,SP
3956,c5620667cb5e4dc7a4637e86aa370b97,afce56a2eeb24f3cb109fdab44995053,Rio de Janeiro,RJ
3957,286e86623a9b43569f508cc383dd3228,455f1f737d7d4dd3bd1e1ca34e1de28f,Sao Paulo,SP
3958,ca01ded6dc814dc885ff1349d4741bd6,7ec5732a6ac342fba22e53475d825e4a,Sao Paulo,SP
3959,3c5a7370dbc248e3a2999752f44316f1,40c368788a554d2bb629afb22590a29f,Belo Horizonte,MG
3960,9c3b5020e7524308bd1b114cf088606f,22f7c18212e14c85912cbee76001e629,SC City,SC
3961,c9aee24d20774b4084b8206403796edc,5ee28922195e471386072d5030ca35ae,Porto Alegre,RS
3962,212e6f0d56a74b95bc5fa9971b9d5411,eb2f5d8132a1425eb589626fa497a66b,Rio de Janeiro,RJ
3963,3c3fb316113542c590541f588093dd15,152c74d6b47042a4af33e1b9a145bbdd,PE City,PE
3964,37beaf12665c4eed9486f0c8198e40b1,405334b35b9e4ca4bf949e39a5cd6732,Sao Paulo,SP
3965,f55abb5c44ff4bfcb4f03b13d1ca7cc9,a55160e2fedb4456a5995472a5c34ca5,Curitiba,PR
3966,d71c1d9e2a344c4cb2d56b95c81cc5a1,5e6fc570cde444febe0067c0eb137416,Rio de Janeiro,RJ
3967,387b11c3d20a4bb294af0111122df0f6,e5c68d911f224307abc2c52d5a434980,BA City,BA
3968,10600949323f47c69ad256f81c927e20,c334190c616248898ac0c54c807e4688,Curitiba,PR
3969,9fad6e2e1b3441f896f495c3f1ca4b93,c99c62f814ec4615b07a1aa7d7bd4181,PE City,PE
3970,10c3cbe400bb45c791afdf647f9266c8,0cea9a3588a24cbdb69e66fd8c275c9f,Sao Paulo,SP
3971,d708901e2491468bb33773b96af4432f,6569afdddba9487c9ba7fe0235cd2c3b,Belo Horizonte,MG
3972,ff6afc6866c24914bd236884b6c9c195,34814ac7f1d046eb88c943ba4a214621,Porto Alegre,RS
3973,8efdfb1197bb4a1196c030cc77871d29,74882e0e78644b3c9d03103a657355d2,Porto Alegre,RS
3974,398f793bfd804a1db41567dc0bc294f9,de5382fd7c8749f69539ac09264f8e49,Rio de Janeiro,RJ
3975,80048f7bde334965b29dfb67f79996c1,985c3b3a45fd4248abdec572ffa36674,Sao Paulo,SP
3976,368f73da527441d794a3016e868707a7,103129ec76da4ab59efbaa653c0da68c,Sao Paulo,SP
3977,6528a9810d0144d3a42fc73c2a048c17,53d69b2cac80499886ff6c53c11b9fe6,Sao Paulo,SP
3978,e0e624daa0dc4e11966238561fc31495,74b22c3e68e94d0d817deb9349bd0a7b,SC City,SC
3979,42426a0ec008458ba573df92c6090932,53eccd5ac0c74ae0aeab7d493ed5463e,SC City,SC
3980,4bd9e97280904b9ead889166fb5cfe17,8b3bed4ddc8b47ee91153df9f503edaf,Sao Paulo,SP
3981,54dd7b5520c5401d886edd65f325702c,64bbe3d2288b46a784f09f16a251f0b4,DF City,DF
3982,f0a209d7f35b4cfc9673e43b26215e6b,48e9f687ad384d17b31fe0fa3f27c0cf,Sao Paulo,SP
3983,8c93146d3bb24e16b0a14fd5ad5e08cf,55f0aaaecda1469ebd19bce63bc5b6c2,Sao Paulo,SP
3984,98286d0d8b604f65907dbd4961138edf,7ec192c330a944b29a4e99a644e36aa6,Sao Paulo,SP
3985,de649ae515f0425e8efea9b53f523e69,1c30ffb157264ded8f04a799e48e4a2e,BA City,BA
3986,92fe80aeb010401b9e8dd4e7f80c82ba,55ffba447f574f7b8c9fdd65b50c12fb,Porto Alegre,RS
3987,ff5d8ba710f34bdc850f5d0af9aa46f6,129c4895b4ee489da28902e92fdf8a3d,Sao Paulo,SP
3988,d4ed10445055446184624f160dccac96,4c6c2cbd0bde4376bc974a461f9dcca3,Porto Alegre,RS
3989,f625e58ffda546f7b561889fd3bda62f,2a0314518b5a4b28a183ea81c1a0fdf3,Sao Paulo,SP
3990,bbd394093aae49dbab5c6c70930f5adb,42e1a3d104ec47b09263d41d64638418,Sao Paulo,SP
3991,30e701c5ca4e404d8a630c9a8d009ddc,f97a96f673ca4168b8008fd0abcbb51b,Sao Paulo,SP
3992,7a35d2a9c190479296cfa1bdfce5e9e8,3f93bcaaa376466bb33ac9788b38766e,Sao Paulo,SP
3993,6d12278aaee041fc9e562774f181e38f,3a7dc6060fd94857946b174eba058758,BA City,BA
3994,cab73379f9b94aab832c5e992de297d7,38249f46754e4348ae85dc8e5593682a,Belo Horizonte,MG
3995,898a70a5587f4253b48e2439ec4c15bc,2d8a3b3984de408eae5237940ededd8f,Sao Paulo,SP
3996,7c16245cff6e42729a33f2b98def4adb,38bfe2e5be70492191df1f05d7a1c0f0,Sao Paulo,SP
3997,b8d003ca04fa4956b762775131b0e5de,d5a2d702d5844404acc589a460d1409b,Sao Paulo,SP
3998,ec39989c83f94131aa252caa89b3bb53,bff27d93675d4d04979adb03bdd9d715,Sao Paulo,SP
3999,73b6e505e9434cb391debf0b7035fe0c,ffa2ce32e5a644f297495a50d999e891,Rio de Janeiro,RJ
4000,23f8568600914e4fb80152f9006731f5,205bcfca8a364c50b4cbecb934800480,Sao Paulo,SP
4001,4aa11349dd2c4c76b1da04cc3024d610,e6edb48c7f0c45d888815adf9493b88e,Porto Alegre,RS
4002,49279ba817da44adb7229d137bd9fff3,42a7174542944c409ca24b3cb2643a08,Sao Paulo,SP
4003,931ce4dc8b144819bb3e56c2fc3a3595,ff3af3bdc8a240619995b73e8951a214,Sao Paulo,SP
4004,d9a59f7addaa4833b8fd0f4139892dea,b40d1a9a5dc14102ad3e5fece7c19c30,PE City,PE
4005,e1fcac25bdcb478887c9b13330032473,3a432941492140ce9492688145a1df24,Sao Paulo,SP
4006,72493d1518bc4fde96f5e5e7fabbbf41,5c82c8c1c4bc4cbc9d973469c8dab885,Sao Paulo,SP
4007,a9fcbf3ba330456284b38dcda7a5fa14,4b37073b7afa45c5a17c58b3377e3df4,Sao Paulo,SP
4008,7566220a45ef41cf9ab7790e8fdf6e73,d5e6060bf622434098203d22418f7b4a,Sao Paulo,SP
4009,467c7b35c1364c11a42f63459e3fbb62,1d4b0ecf85a443ddb09980d58f91ef4f,Sao Paulo,SP
4010,a25e837c670849f5a8816476b02672f9,600a187183814ed597821ff5cbea7316,Sao Paulo,SP
4011,8b171fecff58413bb0601059a749eed0,85ae21602ec441dc896d68d8449a0e43,BA City,BA
4012,0c6f35d8f9a44792a0b35a1937cafd2a,b624df014d0b428b8d1eba9bbfc3ed03,Curitiba,PR
4013,9807d7bb2d1045f5be83978be14d5dc3,cb40d58a3668498e9a6f9e5260f730cc,Porto Alegre,RS
4014,6b8292982888443d9f9afe1830704dee,8bd76fa90900455f8571fd91b7f3818c,Rio de Janeiro,RJ
4015,ea65dfe5a834434ea155ae0d24e9b902,b3f545f9e0d84e398d8742ab51a3ff3f,Rio de Janeiro,RJ
4016,355c75ccbbae492498b71b550cded258,58b18fc129fb47e198822de7ad7cf1a1,Sao Paulo,SP
4017,50e63e71469d4d2f865350f78748a0ee,63eda552672d43a99ccb5f97a7d80dfe,Sao Paulo,SP
4018,82ec9ddc828f40faa8e9e3bf3ff7062a,70c6145875e143a2833b1b309700a21f,Sao Paulo,SP
4019,6dda38f6c0634507ab21cf0a0e92b62a,94745477877d48e6a72472ebd9b691af,Rio de Janeiro,RJ
4020,e80e0ae5a86542deb4c62b5229d511e6,a8195d6ce44e4ad79f801b120ac4a5d0,Sao Paulo,SP
4021,c862ac8221fb46d6a96253038a156bcd,e400725e4c9e4553944c622b34fef373,Sao Paulo,SP
4022,6e7cf06bed0b405e97309613c7e86a67,fb396cd85df54e26b885a55f3cc8a3b3,Sao Paulo,SP
4023,cc4c104a32b84883811d5b144fc09adc,eed53b763ccb4a08bac7eb5285ecffdf,Sao Paulo,SP
4024,2cc8b82e98134e9c82a7d2c73135700c,c893d26fec2247feba277906286fd6b1,Sao Paulo,SP
4025,442f68a33cd044139a15d0caad8dfdee,71bc8d45128346a6a2e017b15feb7bed,Sao Paulo,SP
4026,e4494d8e153848888d128d59945374a2,f2be9774751b40fd803562f14f6dc786,Sao Paulo,SP
4027,c509374f4f3e4f0a95ba866118c41a91,87151b4241b34c53915f8cfdf4bfd8da,Sao Paulo,SP
4028,6763a1c672004082a03b71e779826569,c93a69b250f44b27a2bbeb871d821e37,Sao Paulo,SP
4029,1f3ee166f6724ac0b2c2fb3173eb9841,e5da0dce11c546f4894b1374a1fcc7fa,Sao Paulo,SP
4030,523592e87c1747149dd27bee5b400ab1,3bc58863a0a74126b835ec91c294c06a,Sao Paulo,SP
4031,f0a7911059db4d6392e38a9b54d6f18a,7b0950c095b6463db87f1b39784fc71f,Porto Alegre,RS
4032,79cdee6cc7c84c8fa08c82a07c7d38ee,4cb9156e49ef4e9f8d5fdca1da858dcf,Sao Paulo,SP
4033,3d9299205f534347aba9c0c7e0ae2ada,e06ad14032724606af0587bd8220e8bb,Sao Paulo,SP
4034,1eb12524ad954d71af5eccd3ac60b030,94cdaefd92f24802b75e9665ec157793,Sao Paulo,SP
4035,2173fbf5b330476e8687cb7cb8648907,84f431178c7649c1965a6c53391acc27,Sao Paulo,SP
4036,06521449792f47848a748e8d47dadc6e,9cb112293aa241f2bd9d83512be3d741,Sao Paulo,SP
4037,be79b878488443048ec65379c8b0b99d,0333527403d143b79b03e8016b3e225f,CE City,CE
4038,5ca786389258453abbdf79314887d5c6,1433979aa97348c5a4e59bb9f8c9d05c,SC City,SC
4039,8e542966818040939377cf0d49767175,c621e962898d46069804ecc2525526c9,Sao Paulo,SP
4040,343518aab3e9480cb73adaaefdf9254c,d5488b51b2664c3388373f3b09489d85,Belo Horizonte,MG
4041,a0157b3a8bc5403a84ec554c6894e2c2,fb6c2498029f454381096771fdf5959b,Sao Paulo,SP
4042,1c48c7d4ce284a69b171b7b15bbc7116,d5c331534db54f999837c1b3ec1de6ac,Sao Paulo,SP
4043,76e6e5c65d0d4ad4a02455a0a4ff96b4,5e35dc68fec14aebac9c881c786b1568,Porto Alegre,RS
4044,d2f17a5bf4a8441d95c62cc0cba0ca32,2a859e52cd87464b9d7008e9aa3da10f,Sao Paulo,SP
4045,bc401acec7b448759e81b86e4932541a,38530448a0d042be8ae2ab886fc6fa15,Rio de Janeiro,RJ
4046,0906c1eaaffa40cfa6cbd773ca89b999,ddf53d91e2d645e8a5fdd857e2b1966e,Belo Horizonte,MG
4047,22e237cd078a4bd3a45992ffc43eb010,1c4f986719be4633b5f0d7d362c4ab3b,Rio de Janeiro,RJ
4048,5aa1a6cba1e54bd6a7e88fd6b6c7aeae,e5ae1bdb26c1475582a344e9a583ba55,CE City,CE
4049,a5cfecac4bb14e1299843daa9282b5b8,1a03acb3ef244e8ba6db26abaa699888,Curitiba,PR
4050,d8d520f51aeb449f9269bd43efc1ac29,1cdf733c880041e88c90c6238c0701b3,Curitiba,PR
4051,41409b1ada264720943bd7cef4e2307b,67313e67a9aa4a69b0fab6152434fdd0,Sao Paulo,SP
4052,e84098c2cb4344b1844c4861cca2bc66,1349bf39ac974870bb0d714936d6bdbd,Sao Paulo,SP
4053,e1442ecf0a4d46ed81ce8971913f50a1,673c8492d05d4c9b8afb9e417aea5c28,Porto Alegre,RS
4054,acd41225cea94b59b2af377ed1dd4219,f2e6bfb943f644bfac64cd435279783c,CE City,CE
4055,cf7bbf8a035441e5b33c43ca4b75a6a4,6587b723c72e4d209d6ed84c8e29e53b,Sao Paulo,SP
4056,9ff228dcfe5c41ab9bde3db5f0236d8f,64d8e3f26e3e4d8784b89672609f3c69,CE City,CE
4057,15fc29bc032a4789a56c54bfcccb5526,f84b92b9fbb94fdc9a75d217acbaf807,Sao Paulo,SP
4058,0cf448dd0f4a414baefc2c4759023ce0,7bfc07c9c2614e1d94641e3daa4a59ea,Sao Paulo,SP
4059,9f30ace9eec14888abb2ea7865b3594e,352e01cd36a44e1ab05e015ffa4403c7,Sao Paulo,SP
4060,c6e8027d8ef5462c9446c4fef28be684,d4e3943cc8ad4c0fbdcca7673f908aef,Rio de Janeiro,RJ
4061,0e790dbcb19b4df8a48b0c0381d39361,3785bba87e4a42cbab45515e6deeac3e,Curitiba,PR
4062,732d29370ba4467b8c6acf7aea97a46e,b37c5e09dd65485a8068deda43e6d4d0,Sao Paulo,SP
4063,9c6a3e98611948bb848c52b6e5fad6e2,1640b6c71e464f51856edf7489a90c3f,PE City,PE
4064,3ad5483d50014423aaa9aefb7248de8f,8989d8a561a14b1b918e324cb5de0fbe,Rio de Janeiro,RJ
4065,a59dc75bc72a4c99a46698323420f2bd,e55cc220aa6045ca8d90bf4b15914674,Rio de Janeiro,RJ
4066,d48929f000c2418f90c84f81e0ed7462,9a80097c580940a9a1fb02a997136d77,Curitiba,PR
4067,03ced125825d45169c086bf5e3e6ea49,4354b1b97e5c466cb52e01bcd2dc12f0,Sao Paulo,SP
4068,44c45512c2c6481dac46cd6c34d38915,f3fde11e548d4a7eacd4de2f8e86221e,Curitiba,PR
4069,688c0bb033744877bb5c13a00214bcb8,18600c220d8b441688c89eaba38514f7,Sao Paulo,SP
4070,ba4e3793672343ecb36e4bfae7d6598e,62b7232d396045cbb4ff98fb97232b56,Sao Paulo,SP
4071,7201f9c280654aea90fdb08b94c9eed1,042f4791963d4489b1d075d23e7b9601,Belo Horizonte,MG
4072,e3e5617145d842f794301445c258ea7b,f1334542e4cf435d8597c23365719624,PE City,PE
4073,b7dad02233fc40e18c9a71355c6ff091,e26074e6ea914b478e674cc48d4ca4cf,Belo Horizonte,MG
4074,518a9326a6cc460a956fad87ad9ccae5,979c8d4ad77b40d0aec43476b067bb77,Belo Horizonte,MG
4075,09013348364243bc889dd77653791428,ad5805925d9a429ca84007c6285126c1,Curitiba,PR
4076,6515e8f229864edb87e5168fff5b0e6d,0c1a2e05936f4b83ba1fb218be6200e4,Sao Paulo,SP
4077,49b50403b4184b818a7fa88256c1809e,fcd44b03a2464363be6384b59dca3fbc,SC City,SC
4078,1d1ab51077a5486d867bf51722283523,6f6a9be4a140460f84e36d30aec07af0,Sao Paulo,SP
4079,c0478ff064984142b3075634550e4c3c,ae645855c801407189fc7746c105be9c,Sao Paulo,SP
4080,35867f346bf941d4b615edc56a69118f,85c36d62a1f6465b9b042bc0c985e5f4,Sao Paulo,SP
4081,1a4d9cd67be54f9d80cabaf36d10ed7e,f7494253df3e48c8afa4565cf7bc9a9a,Sao Paulo,SP
4082,e454218d02b24b9da286f3ed762bac2a,6099815ea02e4873b3f1a9c09b19478c,Sao Paulo,SP
4083,0a491cdee6d640cfa2f721a9b125a11a,8658b2c559254531947b5e0ef416abb9,Sao Paulo,SP
4084,1f426bc42be24b8eae315f2de5a6f717,db9b883f6c9347cea83b416ea70ca678,Sao Paulo,SP
4085,ff295b734b8a4646bb4ec49f5eb8e103,f422f637c78a48c4af1588225c57b066,Belo Horizonte,MG
4086,4a925283449e4143a489faf85bca1a6d,f5d2915b6e5c4a63ac2d68abddb024bc,Belo Horizonte,MG
4087,6de7e0935f9e4bf6869183faff303552,30c6ec9fc47c431e955d4198697f8e3b,Belo Horizonte,MG
4088,250e90bfd7444170a70c0be9a394ac58,970abc1c0d594eb496becfa70c00ebd4,Sao Paulo,SP
4089,ae997881062d4d28a60cb2ee89d83668,d264ff5a9fc44cffaa291f5afdaf95af,Curitiba,PR
4090,2ed6ea71f18d4d12abe66ec57b11eb7e,98c307ebdaf149e7acf323af141568de,Sao Paulo,SP
4091,37fa343df01241b187e02d433671eaaf,4dd8318cd537454188c18a2b71508f2a,Belo Horizonte,MG
4092,583b1144bf45405998abf33f0ee720f9,a2869e255d3a4c78a807683d74a9a508,Sao Paulo,SP
4093,d6b474c5ce3a49ae8120752804e55113,08fa857b69d64100b9b1ab19b2aec038,Rio de Janeiro,RJ
4094,d7eff35fc98d4e1fa752393011f75da0,a16571bb42f84b7cbe1d4ce0a221c7f7,Sao Paulo,SP
4095,44401e8a311f4b4bbd766fcfeee18bb7,7977a66ceb8a47b9885fb9b254a6ef4b,Curitiba,PR
4096,2da4af2ce326401d85128e6906ae87a3,c5bb61f45607410da6ea3369d42c0bd6,BA City,BA
4097,1a12dd4712cf4019a0ce0b2632cc0d14,af3e5b4fb77d48d89985c5de3854e8d4,Porto Alegre,RS
4098,bf901938c88440d0a7f3426d907714d7,03a88a7748b04b309fbc8358bd2691c8,Sao Paulo,SP
4099,43d3db15eb2641c6a30d729b80452cf5,bf2e28754e9e422baec233da9925be0f,Sao Paulo,SP
4100,1673c312f1ad411b824a86d9b7099b27,e1d0e642f9fc43a3b0ba24e877a167e9,PE City,PE
4101,78373d4b76b94cb18273b5b36286020b,de07009f779e42cca366a02e5c5cfdd7,Rio de Janeiro,RJ
4102,4176509ec90d445da2b937a1eb5a60aa,5032c1e5d8b844a291599b8b562fa5eb,DF City,DF
4103,8e80f8da133249b58fa95b069c28fcb1,1ff4e52c98b148ef9b5a88abf3eeaf76,Sao Paulo,SP
4104,11b60ed7638d452aabc62e3b3e1bbafc,6062399203b84a2581480d66af0bbff7,DF City,DF
4105,e254c491a4c64794826477a2a0cc0a67,0d538b8951d642c09af2004c3697f067,PE City,PE
4106,ecc460c0e4d741a4aefd72e5a17936a7,1161297643554cd5aed5874ade1e102a,Belo Horizonte,MG
4107,be923e5e9239464d9c6d0f694925bdff,07c3ac67609f468a8802884c956d6748,Sao Paulo,SP
4108,22e5e9df6cae4bb8b0ee9e518d7fc0ea,2d4d609ddcd642ec95713351e367d65a,Sao Paulo,SP
4109,c7ced14bfbb74bf18874047e386d373a,9fe6abaee55b410d81a818a8e65e8cbf,PE City,PE
4110,a7f25c7bcf144c89a10a4902e63a623e,63462b9d446640e4a37de0e92c7da39e,BA City,BA
4111,952d6a5b6fb54016b6e4cfe9457303b2,9d1f474064e44c7d811508727682c6a9,Sao Paulo,SP
4112,fdc5ef2caf604457a022ef0729f47a45,0e24b072c9d643c9a0722632d586045d,Sao Paulo,SP
4113,b4a881aeae014b8f8f7c3adadd22f366,852d60ccde3d4b60ae84df6c85597430,SC City,SC
4114,871b0a215a7648f2a45f5ffe52c7a4cf,f22f7042c3d24a09b8343038ef2e9dd3,Belo Horizonte,MG
4115,5bbad212967e428eaaf2e0e37204163a,b92e0ec51165405ca8fe60b805caac0b,SC City,SC
4116,a520b86eeea043afbb824c75fa042205,03b911d8dc034edc936fc7b45571a2e2,SC City,SC
4117,7617aa9cef254a0fab4214f64162133b,a2ba4df9079c49389eb80b20c0faa6c6,PE City,PE
4118,f1526c94f25540e4995e448d0e326198,55b4663ef38444a28289cff73eca05ff,Sao Paulo,SP
4119,402ca61c328447c7bf9471e98faf8688,71efbeb272754e94b4164d1b01983771,Sao Paulo,SP
4120,f4bd9621323d4de1a8c5b4187a870131,d4c1363d50ae4ad8b112d02ae1cf77c0,Sao Paulo,SP
4121,bdd2d5d9f2f842d8ab6316bae73ef054,157ac24f1be3458f8d8285a5a2f658f2,PE City,PE
4122,19c10fa121be406aadfff714d2b56996,cc3726639f71496596dee4cab0eec14b,Rio de Janeiro,RJ
4123,3f4a6435dd434c7db6d9ff62e726b653,18a76fdf9a8d4f27a32c87cc46714093,Sao Paulo,SP
4124,36e7a93e916b42439356a12de85dd964,4c561b3496cc40b389efaa33eeb32c70,Sao Paulo,SP
4125,58778f7c14d04d75894e359470741298,9cc93d030ab44cfea71aa53c64cf7a02,Sao Paulo,SP
4126,6d1c47babdf34282a07c2b9df56a3ede,5ca5ac6cc7ef4329927f9c5360eff78e,Curitiba,PR
4127,d1ba30c2d3b2479eb9da167cf0bcec9e,f6fdf7ee589242b8a3bebfebb587f7eb,Porto Alegre,RS
4128,0885775cc7f442db8f2c31ab0f4fab9f,9cf0ccb637804a98b8e1f70997af65d9,Porto Alegre,RS
4129,41a092cf1bec4f2a98def58ed9fc894b,356496a4c1e4499f9882478169b9960f,Sao Paulo,SP
4130,cc22b63a4bff497d8acb2e28f7eee8ac,5a1963d1383b47beac2a8fccc78a2f45,PE City,PE
4131,f3b58ea8ec784c5a937864436d33e98b,0480e9b3bb4e4f40bb32357ff2a5b0ba,Sao Paulo,SP
4132,0b544693054146dc97756fd13fd66a25,64f85a5d22f942e785095574c7ff4638,Belo Horizonte,MG
4133,8f16fb3725f34a5c983b6d7944e62278,156f21688d3d41c8b307c82a92e5de2e,Sao Paulo,SP
4134,4eb3441093e8416aabc95bfcac4282a4,d4009d9662634852aa68cdedec18d6b0,Sao Paulo,SP
4135,842ce52778084ea782dbfcdba4de3657,6d8b3abf1d9b4c7093e702f15292ccaf,Sao Paulo,SP
4136,bee3e342f8f942a1a49b29bdf864db36,e9f13091d6f04b24ad441a469f91791a,Belo Horizonte,MG
4137,555ae47cc4f24041bcc61e85f456588f,6273a33366694c6587c94c4fb835dc96,Belo Horizonte,MG
4138,9163b78d884645208d0d00a6e208a0c6,6908760fe06d4bd9890c9e8c8eeb0e85,Sao Paulo,SP
4139,3b86cab3214a48b187ca9f03f5eaf89e,7a766d8fc74d4157a640e4b3c3850478,Sao Paulo,SP
4140,66732e3f8b844cf784bdf386767afa92,962a07d2feed4adc976e4d66eec44eab,SC City,SC
4141,104bf41cb89c43ccb4be4d95f29b5e3c,828daa37027e47a8b4744ec1858022e8,Sao Paulo,SP
4142,e760a46a33d5466cb6c32006050e8205,dbfd3a3e25e343429f0f444de96c1f50,Sao Paulo,SP
4143,9ab7cd29342d490d9e6b93bc97c63259,2119856f60734627bfc57fcadf47c9b2,Rio de Janeiro,RJ
4144,a8fac1f989aa4a37944327029e674b4e,689e684b7eb44e9986c5045f2afb49d9,SC City,SC
4145,77ef52813caa4ebe8093d28f6bfe982b,aa53377cad7a4742905db48cf6bb9be4,Sao Paulo,SP
4146,02084efb87f54c399a1821d09e95aeeb,c6cc92f041244aadb1e858bd0efd00ce,CE City,CE
4147,330057a6619743e7a7739440d9f3e70b,d6b64518539c4cee86ae6e12bd00ea07,Sao Paulo,SP
4148,37170c8f7c614728a6515a29845497d4,1f610aa2010841a0abcf6d5dc6a6baf5,Sao Paulo,SP
4149,0b0a5c2d525c4ac2879e9bb1a1119c8e,78ee34530a2648f5bd3feb72f95268ee,Sao Paulo,SP
4150,f7dbbd933bf24fc4936948a1d0009f58,4ad414e044e5483b80ff676f64395477,Porto Alegre,RS
4151,b501c228843a492aab90069a076440f5,21895bbf43d24d8686aa389be1cada48,Sao Paulo,SP
4152,752ed4d4869b4a5f95a6d6bacb80f88b,5787585cd8954b65b50704f3c7d5f034,Belo Horizonte,MG
4153,8cc2504ebf33464798520e04c13e6f59,42f6edf3adc64b1cb48553dcfcfa9846,Sao Paulo,SP
4154,f39bee9c245840abbdf8f911c858e7b1,f0da1261fc0d44ca8176cd0cffed3a99,Sao Paulo,SP
4155,d9b6acce121b45f5bd730b7777c8e990,1e1eaf28589b42a69de26bbddd4f02c4,SC City,SC
4156,109ccc11e57142168bf86e247eab58d3,0bc0a3d502634c1fb0356ab12cd6efee,Porto Alegre,RS
4157,b3b57a0545c14d19ac9efefbba28f0a0,e4074b4ca46c4e31ba66d816dbdf68c6,Sao Paulo,SP
4158,c2165b336ca1456fbbd5c8091bf0c1eb,87e9a420846e4ae097934c9f5d961f49,Belo Horizonte,MG
4159,548e647bf31b46f29b9a640b3eee8858,064e5ffdcc3a42a79a8c8e87629c4e88,Belo Horizonte,MG
4160,d8c04b1a53774d959463295d29246968,e106dc60a98348aa905a2e765869fade,Sao Paulo,SP
4161,c26b3d7bf629474fa8c73c2e5695836f,fa510c4f0a7e41cf9f247396bf2778de,Rio de Janeiro,RJ
4162,7ba4f118cbf740cf987203083d7795f3,3f288c642bd64a36ac492f96530c6cf1,Sao Paulo,SP
4163,a98aef4fbffa4addaa77744740ea079d,63506203a41b41d2b3012d1e5564aa0b,Rio de Janeiro,RJ
4164,6e5eb67e0db643ccb01f391e81e6d902,fbed00d3e2f049f88e2cfdd176fb49e5,Curitiba,PR
4165,f5d3c7c8565341309dd682d88be3f7f2,7294b10603c6446f8db6e104845bcb41,Sao Paulo,SP
4166,cbb6f400e39e40c49fe9e78c43e6eb23,23d11d0648e4469d9b6a2b22f6a9e3af,Sao Paulo,SP
4167,500974997d2a484cbf2d81e48d36ed2c,4289e49f34fb4b3b99eefbca21b34f03,Sao Paulo,SP
4168,cfc538a22218474ca2ece18dc8ca4b7a,95ec0631503f4413b3c3831ca25b5fd3,DF City,DF
4169,6c6d2d55e6ce4acf8066a03ca9978628,60d58ea1de5a4d81a4428024f32cd88e,Porto Alegre,RS
4170,432cd23402d24d1e88876be0969747fa,54b48d9c5c3445839652435349a16f4a,Sao Paulo,SP
4171,68100ea3a4464bf1a320cf617d8799d8,6353413e486e4d03bfa583afa1111709,Sao Paulo,SP
4172,2a5bfcc7c4f2409597900e7bc37aa338,e85cafd77a5c400d8263bbca6a09caac,Sao Paulo,SP
4173,ab6622d23d1046129bb3a7b0515c483d,5c79c695517547b3b4d8e11e34abfaf2,Belo Horizonte,MG
4174,e34bce22eb6940a789f7a5a8f9fdf538,80dd8944012d4557b81622a23969853a,Rio de Janeiro,RJ
4175,4b325aa2908d4ed7b7f4d068d28fcd4b,ea8eb923dc544f9081cd03f4e968baba,DF City,DF
4176,1fdebccc383045e88b0afc653ac2c718,b72f15a28fad40c48b665643841c2633,Sao Paulo,SP
4177,230349147f9e49c498bf5df53e09702f,50b45fb33a6e404eac14c913e6f0c8a4,Belo Horizonte,MG
4178,591eb5b0b48f431a9bc1c8a89901eb24,6b2edbac46414c5ebf326c244d27907f,Porto Alegre,RS
4179,f3f5b66b2a4b491993ff2773989e2c5e,9d32337e62f14d5b9facd7b0e07d7639,SC City,SC
4180,0143e7ffde1e4b5f81d4e9782758b479,11fd2da5bbc0426c8f6d0523e76475e3,Sao Paulo,SP
4181,5a7e287d724546e093b77844d58bcd04,0f029e431d9a4c35aa38e113031ea4eb,Porto Alegre,RS
4182,0bf84e21a5d444378c4ada2577f8930f,f013b87bd08945d0bb3f5e842f100293,Sao Paulo,SP
4183,0ab4d6c1558f496e93eec712092e7021,dad9ef0f233d468bb206679d5f650b1e,Rio de Janeiro,RJ
4184,d0ddec7bafd64429a308f60d3c7a70c2,47382e00f20246028aa72cbbcc9e0ece,BA City,BA
4185,93cd72e187424b128f7c682b7e417fb1,9c0a0f64bb094f18914c33a63ce73b80,DF City,DF
4186,7821061644684056836b234ff0d6dc1b,447150e4d74c4306ad0d24ce8fa1ea35,Porto Alegre,RS
4187,daae44ee88254df3a48fc4d6f0439b7a,e0ee2ce7a121468f8337585e317fcdba,Sao Paulo,SP
4188,76f41d12c0504fbb8e35784f2b227dd8,34c7b36dfe264f939f1dbe854fb4a829,SC City,SC
4189,0161a7d0d9874b988231f28b7fa55304,951ed0436a0b4a1bbd1425f50153d205,Sao Paulo,SP
4190,932eb8fbf5c948a4954c9636affc93a0,bd0fcb24e50b41fba34ccbf1fa13513a,Sao Paulo,SP
4191,2e7d481375dd4191a3aaceef108ff46a,9cb2d7ebb80043ed921b300288fefdd1,Belo Horizonte,MG
4192,445ec505b8714204b27f8a60d53d3ebc,ce8d3375e41c4a4f8abdf2ece5b9a42c,Sao Paulo,SP
4193,ff209979666e46288e1bf5062c3b0263,8239091e91ba40b485748dfb602ec669,DF City,DF
4194,4e6d3428571b41929134239a347e553c,422533de35c94f85a21364a04b23dac3,Rio de Janeiro,RJ
4195,7ab1116eb10a47da80cb7d47bdde2501,7b29810e713f476ba59b506bf047818d,Rio de Janeiro,RJ
4196,9bf93f81a34d4bc1a4ec175cd5e73690,afc7db2cfefc4e0d9eb2e709487ade62,Belo Horizonte,MG
4197,6772d67c4ca947768ea71d8e9c64b1b4,1a174533e50c40f9a565882d58c36f49,Curitiba,PR
4198,6fc1ef698e424606b2d5b8c2c0d4f240,2baba004fd8c496ab85641213961e2b0,Rio de Janeiro,RJ
4199,0e4110a549cd46068f5dba0c86c4daf6,2b1cd752b88b4986be6c9b8908286201,Sao Paulo,SP
4200,7ce379d9e0264b67ba2faf50600f8bb0,1c0a0bbc7cbd49bd92a7a84157338b68,Curitiba,PR
4201,58a614bba5f34eed8f3540bb34dec3b3,a62db0ffe92342989c096d23d73b1565,Sao Paulo,SP
4202,3ac2ebfc07db4c14999bdfb377e7c1ad,1ce99e9e78b54f9180dc6702b1e9c1f8,Sao Paulo,SP
4203,4739a97de922403cbe20bb8af1dd5b09,e9c7398e2e0241d6a10fb320f72c08af,Belo Horizonte,MG
4204,d580f8646dff49e599283eae824e9a54,0a6d054371e04df8b4cd973a9a52e1dd,Sao Paulo,SP
4205,2276d7e0b5a441f88aa24a2c3cb06999,5f91b9a9ce6a42ac9285a80aa8604cd8,CE City,CE
4206,fe80a969592e46df8adc7b9bf4e47cf2,2003b7ba4c70455e934793c3f014f4ef,Belo Horizonte,MG
4207,42f7d905a26a442c9f09d91fcd969024,e2c24a17dd6c4b2aa3a97fd7f8fe5072,CE City,CE
4208,bc064c22a3f2450faf36c5ab3b0a0e2a,748bafb289bb405da4304ad6c6fa4a99,Sao Paulo,SP
4209,37b2bb1e13cd4694990c208581e65420,ff49a136bb8d4ec580c7ea9f925b5da5,CE City,CE
4210,9158b0e4b48d4b85b3a69bc038ab724e,87ffae8fd64547e4a176e54487131858,Sao Paulo,SP
4211,5c6ca6ed5f024983951e4ee50ff3272b,315a2cbc6cae4ca4aa892d8fbf47b622,Sao Paulo,SP
4212,698c67755f104dd68756dbb95a9ce813,ded7e5366a664fa7b03b04f694330b36,Sao Paulo,SP
4213,f792d5310b6b41bd8bac6dbde40db909,3cfad42e62144ba2aaa0167253092a1c,Rio de Janeiro,RJ
4214,bf47876ed67f4455b209f51120c2d0ba,d38e91ec4e1b4301aa9f990d35880b35,Sao Paulo,SP
4215,dc066c08d30b4143a612d4b527e52f8c,152de1ff7dde4d6686b1b6e3d6aaf72c,Rio de Janeiro,RJ
4216,c8f2c1b27ed04218bd6cc834da85aa1f,d4b7c4d51db04063a2daef27639c5427,Sao Paulo,SP
4217,40ae6abdff564e8dbb83f9a5e98f3184,332d42cebb2b449aa13ae4027802f4d7,Sao Paulo,SP
4218,ed8daad4b92a4b9eb59116f70e8a6705,5089d8b775b84fec95193735034a04e2,Belo Horizonte,MG
4219,3788ef0b29964b4cbd70994a7158b238,910f4fe7f5dc407c9f85a2f003deef66,Sao Paulo,SP
4220,e5d6ae9f580d41869feecccb80ed249c,e2803fd0d7944ffe831d9027401446ab,Curitiba,PR
4221,2cd1a0a4d1494acc92497e5bc9be3238,9d81dff3086e4ad3bc66c5858ac909db,Belo Horizonte,MG
4222,7cef6987060b4de98887443733082fd5,296ae12225544b018264aa6d1b0e54b9,PE City,PE
4223,a051d5bc988c4f7da0389a0d8f228d12,9964c64972dc44f5a968a9b7924e1d21,Sao Paulo,SP
4224,e17daefc049c4d7aa9203f9f3c17a2c8,93ca927cfcae4447a750c748a2c09cc7,CE City,CE
4225,e9ebf4dc706f4f17ba2de96d3a964411,864eaffa2e314edfb0fed908737f45f2,Belo Horizonte,MG
4226,9e9fb3623ab14a808bf8337360affb8e,4f8f137613ca4892a6ac82ae542ab7da,CE City,CE
4227,8a82264de4634966934d732de5e634e9,0f78a14967fc409a95475a292f83ced5,Sao Paulo,SP
4228,054b6bcf16274d9396491b766edebede,1c2bd7e470b545058d77c902b43741ad,Porto Alegre,RS
4229,2bd6dfa406094aaf8f75d8c11c6d5cc9,0b544ad7463d44dbb693ec3bd096356b,SC City,SC
4230,d6a4891c8f024c13806ac7f0c7211718,7f392021357d4c58a6e038406e59c8f1,Sao Paulo,SP
4231,23cf620fed0848d7bc12bf8784f3b662,0fcfd225d989481ea17f0cf35564f53a,Belo Horizonte,MG
4232,bdcf06ba6a78449aa0ce9c9dbfe59156,b801945d644d402f99e6fe8550709abb,Curitiba,PR
4233,f46a4019ea474107a29c35add93a91b5,32f17b149ef2473d9a05745efc755bda,Belo Horizonte,MG
4234,f52f8248564a46b688d2c3b7cc5049da,6e56229700964a5193ba9e12b057961f,Sao Paulo,SP
4235,bba506c7bc99457eadb2aa2e67566463,b9815844944b44c983b77088ea696131,Porto Alegre,RS
4236,330cf26751364c43a9e7c799f88732d4,46dfff6dba17416893b1fd98247aa81b,Sao Paulo,SP
4237,b263e9460df4425fadac1fd802454e69,5abfed641d8d4fa5931357a909c71b0d,SC City,SC
4238,c08f6464094b4acd8cc72b345fd59f8b,082adabb9bc2492f8578426ba3ed5466,Sao Paulo,SP
4239,b3fe5453bae04ccba3dd95f1f12e78d4,fe879f56f95843e582361904bf894ac3,Sao Paulo,SP
4240,c6a47aef50a04c37b90aed0942c466d2,0299a7ed1440482fa5f15be36dd95402,Sao Paulo,SP
4241,0327982ad15f4f9f8a239e2b8d496ed1,0c2a1a20c58c436fb3a7baaa5a29c4f9,Belo Horizonte,MG
4242,4582c3442af646c9a66fb17adb135de3,27d0c4b6fad74d60bd1de01011d1c63c,CE City,CE
4243,d93738a2b7a54c5abedbb9765e000506,6ec687e563da43db97516d45f2e655e4,Sao Paulo,SP
4244,14e5895003bf4b26a8f28fb4fa752c4e,3d1e731951a14ceb96b53397136a3e9c,Sao Paulo,SP
4245,a95ab859ef664bdc860b7684693e5a73,f0a734e14097422fbcecb0a4bb5aadf2,Sao Paulo,SP
4246,552b18bae97d402da4a43fec206604da,175b465b364c4f22874ad036b62a69fb,SC City,SC
4247,63f3a05a0e914e66b456f827344d3296,ab7c0ce6ec184e58a98a3c31b974ec12,Rio de Janeiro,RJ
4248,68edaa6f81b249ee8012d09c53b67e51,3a24dd19345c4fc8b848a99151966c38,Sao Paulo,SP
4249,5fea304e37a543d7a17eff2c2c6d7b33,e0eb51b0570b4cd8844a5422ceeb5cc8,Belo Horizonte,MG
4250,84d89547044246b8a728832963af093a,ac0ddbeadeae44fda7768320dd270bbb,Sao Paulo,SP
4251,76b45143def14ae0a933e38ecbd876eb,cca944b968d042e4af9f4d7061b5aea2,Sao Paulo,SP
4252,dc4204edde0b4422b1a92694fc8b464a,718ff11502fc49ab8902acb4406b346e,Sao Paulo,SP
4253,0c016f83d81346058a0dff01ddd5dd57,14d4607a55734deb86169828860876ad,Curitiba,PR
4254,35f15214f32f44ab89917d3e3815badb,7927feb8d06746dcbae2a14567a5522d,PE City,PE
4255,1ced59e0df3c4e6ba3b66492ab4a5eb8,66ebb1cc405b480592bdad07b50dec2e,Curitiba,PR
4256,9f251f95ff6a4f3581d5d095fb8f9d2b,58370cbc63fb4c44b97498412fe68519,Rio de Janeiro,RJ
4257,7391f02fe4cc4aa5a25cc4ec53404af0,5c533cac9c4348e6b1d509172f290a15,Rio de Janeiro,RJ
4258,8d0ce5e3ede7469ebc050663652da7f2,61aa69e906704cd68b236d348bee7914,Sao Paulo,SP
4259,ac7ce06d3ef843afbafced422e28d14c,b1394132b50d4ac5bece12b9f9bfe048,Porto Alegre,RS
4260,a3ab40d481e342b2b1354beb1aa0a572,3388d4ff4d754bf9a6aa72414a626e1b,Belo Horizonte,MG
4261,4f6ee86e69304297b2311d34f26e40b0,2c817e2ec8484705a20df19ff31b5173,PE City,PE
4262,20e8672d6b964b709d8bd2320dfbba99,0f5a677f3b764f30ba3afb942e45a9ec,Sao Paulo,SP
4263,3d3f027965e142459ee018fbc948dd9d,b152b9a45a314da0b4d6134a6e65f535,Curitiba,PR
4264,fe68a8e51b664515935dc147b47d56a8,74640f44afb346f5a9047b00daa47c85,Porto Alegre,RS
4265,b338d42174dc4f9c8c269d3e216e3541,9273da28f67b4844b8befaa095d157d7,Sao Paulo,SP
4266,23ae2f83f5cd4a03b790bae98ea4c408,4c821c88a0184c60821a8756360aa9a1,Belo Horizonte,MG
4267,d10c0074d4cd49a68517c77213f629c7,b59c7601538a4720bec26aa001da0858,PE City,PE
4268,92a76782016d4b14898c4af3ee377aa1,067716b2c0ba41d7ae57a01152a448f9,PE City,PE
4269,3b29b5321b78496fb137a11430c83afc,a7fca700affc433a900e5a326b1319e9,Porto Alegre,RS
4270,45904e9dc2924fb6a4260a7d13702167,ef82bc928a9c46c583c5d746238ce27e,Sao Paulo,SP
4271,5ee5ed1c9d6a48539eacb33fa62dad24,7d45af4d5c7a471c86222fc77e2008fc,BA City,BA
4272,1bedc09f1e964c5caaafae74297fbd18,2c5ab079a59f43fc9cfd6723da262e56,Belo Horizonte,MG
4273,16c8131b1119450bbae0b5b88e2a0d88,510b1cd9f36f4f558eea0251e7947766,Sao Paulo,SP
4274,b97e1a3f500a4606bad198cec17e0129,84051cfe626e40ca80708059c6fdd1ae,Sao Paulo,SP
4275,1003996c179b433ca69d2be88aaecd27,117c050bb2a948178d56b9b5825e28e8,Sao Paulo,SP
4276,4a3901ed58be4ee4885dde02a388a9b4,68ddd95fdb0f42f2bb2a16edb4e21f46,Sao Paulo,SP
4277,dbaec894cad746909726278567040170,78c725ae11af42d8a6406660f72c83c3,Curitiba,PR
4278,71cfce2533634f378f21df215f65a9f7,2b582a6702a8467fa4530620b7a068c7,Sao Paulo,SP
4279,4addc57ec84d4a369206baddab440ae3,2d11476de55d4be088cbcd23250bae3d,Sao Paulo,SP
4280,77a683d2fc34403cb36c88e944141c64,43eae31e239a4798bcf71ded17da29ef,Sao Paulo,SP
4281,b73cf200d15840f0b738208d78e2243d,33bd59f385b945d4a3d8166b32056bd7,Rio de Janeiro,RJ
4282,e81d3999945d440c9d6f86376fa1a542,0954eb81f6ab4c26afe4529eb29c55ff,Sao Paulo,SP
4283,b21edc7b818d4754b1de3f2d3942b02b,71e70a07a20e48ce918a2002f4802004,Sao Paulo,SP
4284,433fad7441494fbebb3edaf3b98638c0,7aa92b686f7f4a5b9cafd506f65774b6,Sao Paulo,SP
4285,fd013252c47d4820880263356bb3c40d,9c898824ca1c477789b5d90f45936b72,Belo Horizonte,MG
4286,c691a06cb14943118ca3705c1318f722,81ad9df56b724ed89a6e7d0591f8348b,Sao Paulo,SP
4287,27838369417b4f559d32f2ef7c725721,1e7c639ffe70405981673228dcf42949,Rio de Janeiro,RJ
4288,82bd21218d014d5aba9adc980f21d9b5,ab4add7979eb4cac85e0b657bbed3e71,Sao Paulo,SP
4289,b861a70bd7a342db8eaee0d55c838b58,8cc66dcc9871496e94568dce6209e35f,Sao Paulo,SP
4290,91d929e81ced42c89e19347f191f65d6,7d9b875b622f44df966ff1e04cf51765,Sao Paulo,SP
4291,b399365a62144e4b88bd4814529c006c,233e49d10b764bddb4cf8e81ecd71c8f,Sao Paulo,SP
4292,8981794423954c74a991dce34325d6d7,cb88c86bb3614e3ab55bdd0d3412107f,Sao Paulo,SP
4293,26b639fb1cd64861b6362b073467b60d,db588ece7919410980d29bab5256af8e,Sao Paulo,SP
4294,9d6368cbfbc84b0c827196e2baaecf3e,ecb72a1a3e0b458cb83c91358323efdf,Sao Paulo,SP
4295,1b3a78b98c49480799daf603293f6f39,0dc8e5a997944b1693f16a409e3ee749,Porto Alegre,RS
4296,91fbf3de69b64425831bd5479f7b2754,26974452a92147ba9a47cc3ae0e77fdd,Sao Paulo,SP
4297,32e71c187a43440383dfd7b6d696cdee,3fa88a07b5cd4042839a073d5911477e,BA City,BA
4298,88cbb767c6604513bf7e88ab27c172a3,b94a39349dc34b8c939a673a9ae8a9f1,SC City,SC
4299,43ed33f2743f430dbb8a5088a5683572,2a72f782f1ed415da6cb95765827dd4d,Curitiba,PR
4300,d3961305051c4e38b9674fba3d085db7,9cc5c126855145259f778aebce85e48b,Sao Paulo,SP
4301,77fc35395b5f4203aeb7f36dcd5a479b,d669c9492a72476ab8771808c41bed9a,SC City,SC
4302,03f9c0e97f674191972a72d6d7ceabe0,d9a91e0aa6014b4aac2b574f21a572a4,Sao Paulo,SP
4303,8f9abebd5ec24a878c17fe05a23dff37,4f87951b79cc420695089bec6171b0a5,Sao Paulo,SP
4304,696960e531224852b4178465cd5a0648,01163663afb14f95a6b50a66ec89f8e8,Sao Paulo,SP
4305,46a81a98e0824ad0b3814eed754b06b4,5ac59d8a46354d8887aad808f6d57e7b,PE City,PE
4306,fb9fffebedba4702aad0d8adfebedbc6,d07e550188d2414c85c5c5d35bb4f11d,Sao Paulo,SP
4307,f7c21165a675464da37214ac38a93235,d2c72946c6fe4ae1b84730002850b60a,PE City,PE
4308,8728453fd8754204803e2ca48bf49e0f,1c29874b311848b1b0436b9b1e1accaa,Sao Paulo,SP
4309,7801a2093ac345a9bc7eccf264c61d76,44a28296d18c48fd893c42a2f5454003,PE City,PE
4310,859d00d4d13640dea0126bef016a6611,a330bbcb0ff244b6a6a606709304222a,PE City,PE
4311,7cd3565504e24f4183a9c3506ff456be,6070100f6c0148c7896691aaf348b487,PE City,PE
4312,7dcad98caf334265bb5d4c4e8d6a7901,75db5464b46f4ccb93de092d5b472391,Rio de Janeiro,RJ
4313,c4d62af2600a4eb0b7e7506ad392d61e,a93933fbcdd54e8f821052604c283e21,BA City,BA
4314,ee0b64ebbb854ec6a63bd74901b5286d,17ffc578583946328793b7db215fdacc,DF City,DF
4315,6bb13868b9014f99a03d41711e853a03,bbba277b8e894162869cd4a879d1c3cf,Sao Paulo,SP
4316,24b89446f67748268e983179ecf45550,be147683a30f4c01940cd3e09a3bbaee,Sao Paulo,SP
4317,164e98c914964a40a81746a61ff7854f,6d2a787405794674b1965ba3c623e98b,Porto Alegre,RS
4318,8a7498c4d5ca47259b2f63c92d0cd417,4d9cbeeef1794bbb8dbcffbc94200d7f,Sao Paulo,SP
4319,486475d60b2547dbb3968bb76ae65b86,f163bfeac99c426a824fb6ad3adac916,Curitiba,PR
4320,c345197efc5e4992b0821e76218ba163,72e181fb6e314be39a03428995e2e676,Sao Paulo,SP
4321,0d800ce7425f458192796fd4d5480655,9ce526fb7ca745c7a245094ab65d05bd,Rio de Janeiro,RJ
4322,24c01996c1f8488a9a0e92af80765067,ed27676b1b174663a26db7e04ec40209,Sao Paulo,SP
4323,b437038ba3504564b6d96dfff26f8425,59c52214427f41b3889d9deb295ba375,Sao Paulo,SP
4324,2f97278877f440b9aab3142771a22585,a9f50dfe00d8402eab5745b63ab09efb,Sao Paulo,SP
4325,dc3de5e0ae3d4202b2d5734b2211a3a3,78a66f9059394f688e2fecc14c80bab2,SC City,SC
4326,3d267c5b12f34974b9af77c434bc5d5f,3b001d37c3c14736a80808d3c404367e,Sao Paulo,SP
4327,7d002fc314c044d1bcc9402ac4a9dcbf,23663d42064d46499b6e4668c11bed0b,Curitiba,PR
4328,f2d1a390c7dc46d8b6250d8ecb82e845,8a3b025955224ce08b08057b3a6c8c68,Curitiba,PR
4329,dd992aba236d4b5ebc4e56c6f5364d98,a5ffaf92f770418fb8ab603f30440b1b,Rio de Janeiro,RJ
4330,d77cd0b025c44fcdaa7833261626d3e9,4a5824d4fefe4caa937c5a1d162d2849,Sao Paulo,SP
4331,e84653a84617467da1e04d95bb8970bb,9efe9fbf576f47729d3903014cdf78cb,Sao Paulo,SP
4332,03906da7744f44539cde2633f4680f7e,5e6292d400044c34a505eb56a26e70e8,Rio de Janeiro,RJ
4333,e242d0ff6d7e47369cee632dbccc4b07,1a155ec2dea54f5a96ba3aa6ef8a18f1,Sao Paulo,SP
4334,547cb22956f448e981a2a844a293bbea,62d043851a394d45a613a889e56a5ef5,Rio de Janeiro,RJ
4335,268cb9e902f14eccb4f6973fe0e349da,be80e3fee46f4fd694bd14b5d8e7f26e,DF City,DF
4336,48ff7221aea04db4a8c3318f30258b6a,a194df5f4ed44401be480b622d59f624,Sao Paulo,SP
4337,88f3c807ec5d471683850cf5ebacfe58,85aef8a8eede46f6a4eea60243c9df8b,Belo Horizonte,MG
4338,c09281b186f94c03b286999ac9e97413,9fa76a29cd6b4a30bf69a310cb1214ab,DF City,DF
4339,2420f628975c4d8187154fd4f7e0e250,384c66c79a454317aef8e97627620e0f,BA City,BA
4340,8ce59e1201b64a22aa875c02fe934453,96e5b25435614b9d88d14003825fac70,SC City,SC
4341,b5ab31d4ef7e471399e108d68565563f,962bd392335b466383674d188bc5e73c,SC City,SC
4342,e1809ff0f7ec48cfa1135b12aa26bcf1,c9ff29771f364077a8893626285f854d,Sao Paulo,SP
4343,6a036f15dc594743a673558e66952512,bffd52a27bc64fe8a58350cb88734856,BA City,BA
4344,8af83a11ab014a118e3c0646dc217c06,cef5db1342584d5385c270bfdb167d4b,DF City,DF
4345,b76d42823062409595158b670c3d9607,786f92c1fa5b4b02abdf99423a9dcf0b,Rio de Janeiro,RJ
4346,7086aad55a0d4c768d9ec3d09e00688a,01cd6db9fe5444729daf1edb9a00b41f,Sao Paulo,SP
4347,263f355f9bd54c0d8b4e214986a5ba07,df840f0e9cca42899d20928855be7f10,Sao Paulo,SP
4348,3c704d23943b41f2b9b3704a05ad3ab6,3056f5d40f6e4bb7bd5ba9fa738d530f,Sao Paulo,SP
4349,ab785817d7694292a366d0591933c148,5b3d1a77ff4b470d83b21640d870019c,Sao Paulo,SP
4350,51b5ee8a995744078f1b267dff1c8eba,24626be7a949434391ee48ad32767a75,Belo Horizonte,MG
4351,afbb402ee430456cbc77481d2adc50e7,8dd78bb423d84a218dc8e263508893c8,Belo Horizonte,MG
4352,76652ab883714006bc730fb9d073c2cc,d5e88fca80a34564a4548b60961f43ff,Rio de Janeiro,RJ
4353,0e345497f08c411288ace9ed77a75e28,ab4e90f4595b4b738d5004f93189555c,Sao Paulo,SP
4354,d5ee6b040a4048d2bdb1d3eb8d103dfe,3ac459732c9844cda7cc01cee6c407d8,Curitiba,PR
4355,1a98666e18934806a36c0fd5fe77cb81,90e5f70fc5074e89864028ba5dd91cb1,Sao Paulo,SP
4356,32d2a6ef738e43cbb659dd1ce5d31b74,da2691890bac40389f1fa32620ebd780,Sao Paulo,SP
4357,8f63dc46786c484283705657d410a015,9ed7a24895c44a7da26d026de3bb0334,Belo Horizonte,MG
4358,e5a200ca397b40dea1abaaffe7a6e9ab,f1bcc82557c8460db28c70e1ff88b5b7,Sao Paulo,SP
4359,176f0430362a447983b80943f11ef8fd,699b4e18b42444bf818ffd7016c604ee,Sao Paulo,SP
4360,f31389fcbd9045cd8c17d290ba116bb8,ec228b54ee8448b4bf7b6a589125967d,Sao Paulo,SP
4361,318bb094176945f894d0128228bdf375,4003e56b988e4bff983621210e044765,Curitiba,PR
4362,eb626631a82443d68fc35a866a6d437c,50d1595c8ece483aa183d5cc6efc3f92,Belo Horizonte,MG
4363,3e75c90df47642ab8eaea5f91f4e2f18,dc397111fc9647c49c1671af250cac55,Sao Paulo,SP
4364,e3fe018935a844738f8594378c1a5c67,80e300655ac84791a88f265fff84e7cb,Sao Paulo,SP
4365,c326d764c7d541bbbd6fc825f8fff90e,933e8720121146cd8884ceaae19c7358,Belo Horizonte,MG
4366,f5f3ca3647914eb5a95862022876f510,162594b2f2cc4b7fa04086d9a43d9600,BA City,BA
4367,a411f9f615dd4c9a88446cfadf49713e,4e0d10d3e224426db328226798f19e30,Belo Horizonte,MG
4368,aa1d087dced846cfbef208ca9077ea27,8afb089e0682436988f0fec4d659c385,SC City,SC
4369,2653bbbc79d44228b19114bc5cf62259,6454f333db6842cabc55ae6eb642f341,Rio de Janeiro,RJ
4370,dbd22559579140feacd5eacb4ab21050,4ccf3a8976a74626a5e9535f41ac8999,Porto Alegre,RS
4371,dbdfa3cf0a17450f9646a3e77540fd2c,1532c47a2b514f5a8f0dc4e20bbcf570,BA City,BA
4372,324f5c2094ea412e9b62f5c08ce8566a,1a74a1a7a9b1472d970a15c982847c84,Curitiba,PR
4373,c54a47fa8c6b45afba7690ed2e356067,b61254b4473846e68547c85d05eb9c9a,PE City,PE
4374,afc37d1855b6439db442e431fddf0487,a18970e3162a4ab48bf6d16141eeaa4a,Rio de Janeiro,RJ
4375,b2e395c8274c4d10823cdf7c823be73d,e6c2f7bf46fc43f4b858af7a2b36c303,PE City,PE
4376,3523019ecdad43c4b8105cd7d9154b81,dfb361c40c1e4befb20fe366653dff00,Belo Horizonte,MG
4377,522d29f560c5445fadd40351b37a273e,45de0ca92e7a4a4abfcd5e86f0f616d8,BA City,BA
4378,beeca2cf63b84673b674e5b348decab1,81344dda7d324502b4e19e7189f8ca3c,Sao Paulo,SP
4379,4a9aebcdf545481d8ac66b0e77dd16d7,19a486c30217460682e18159c6e35397,Belo Horizonte,MG
4380,6f9562501932428dbd9ca4f1719a5aaf,89bd57a032c443528e5eba534b3ec72c,SC City,SC
4381,fcd2ad38d0754f2da1265afb79483846,a1afff27608f48c69b7ae6197b978610,Sao Paulo,SP
4382,da8bd472d87346d1bee7aa9eb2f70705,41186572bb374db59ea6c3677f563f57,Belo Horizonte,MG
4383,09179fb9e4454b49b238ecbf2407bc6d,d768e6e8872c4f95ba568eb1b6009838,SC City,SC
4384,4dd2c92a24d7440e80c8b6ad6f801005,807094e0c12043bc90cf09e88e2b27ea,Sao Paulo,SP
4385,b7a3b007950d4899a12908420602808e,09cda0b22b3744d2a8251c4238cf1cb0,Sao Paulo,SP
4386,4190f3dd364a4f0b9da6725da50e46c9,b41a3fa246944bb2addde6dd386048d7,Belo Horizonte,MG
4387,ef0cbb68ead04da6996d751b649ada15,d8811a987ae74ea89a326732958d3995,Rio de Janeiro,RJ
4388,d8dbfa0dc76a40c7bc7f8b8596e7006a,501c4cb6fa9d4febb82ab3853bb9c592,Sao Paulo,SP
4389,44fe1580ede9424fa3c8986dc8bb6521,23e4be0c1b604fb189fc33af0cb7831e,Sao Paulo,SP
4390,74b02ed43cb448b79ea2678fc05a42b8,b082e75ad9254e148e5c784b91cf20ad,Sao Paulo,SP
4391,a80f2da73d194d7794daa57045332b29,728a0342d92740f79c9e3198d1028dd4,Sao Paulo,SP
4392,679ea097cfd447f7bfb5fe2f8c2d77cd,f8fd14d233fa4849b5aefaa27cfd9394,Sao Paulo,SP
4393,85ace63c58ca4103831a787bd4dd05be,92654aa76f3d45a58bea7a3c1744b086,Porto Alegre,RS
4394,902dd0b272674ae7992c8d951ee7c66d,f4654cb99b0545709f185ad8d2773061,Belo Horizonte,MG
4395,9051e57af6944b8cad08511680145098,fdd181935f7244ba810312248ea8b477,Curitiba,PR
4396,6825e4e464a043b7835c439fbef805b1,8af35dc04f7946758fde3047b93e756a,Sao Paulo,SP
4397,d89d46c02a6b4842825c4a1fd97cc663,3c70295d02464c0eb0514a7828062a30,Rio de Janeiro,RJ
4398,d9a0bcb0a7ba4fffb55d24812a09fbd3,a8a565528747489381250650934a92d5,Sao Paulo,SP
4399,6e13e0a7b69343ef8aad443cd0a773c0,19289ba1dba0406d8172d5a06acd8dbb,SC City,SC
4400,1cfbd34205644cab8ba1f14dda94fdc5,37aa657e991f4829a9e5cf4f8ff86145,Porto Alegre,RS
4401,bae6e4d54e814abfb20130dfcaf644bd,f5fa7b64c886435aa46ef1bc649a444b,BA City,BA
4402,950f8766cd7d485a8ebe1ab667e5097a,663dc09bb9fb404a80079ce157432daf,Sao Paulo,SP
4403,8938d346d01c45ea947eee421c599c66,236df72bc89a4d99be861a756e2ce450,Porto Alegre,RS
4404,944e686788d9468eb049085c57bd85ad,798994fdac8f45ceba3a7b231c1fad0b,Rio de Janeiro,RJ
4405,9cbdb483ded34f3d9fe9c43aae0a1d65,d7e9424d08f7423192d9b77ace94d485,SC City,SC
4406,01edf298c6f340368c4ca895f1acc227,e34ba70912cc47bcab83947c040bd0b2,Rio de Janeiro,RJ
4407,cf733822482b4881b2a3437a8c1135b6,0a57be7694b443e3bf08449dc722d3ba,Rio de Janeiro,RJ
4408,3b8adbe795b84df9ab6f9220a7f65095,74242f7c1cf045debb286ce0b69823f7,Sao Paulo,SP
4409,fb8031c8a8ed43cf9a1c5d9dd2b1bfa0,1ee60194760448b49fe6a0ab328555cb,Belo Horizonte,MG
4410,5bcaff403fdc4822b7efd0d949244de6,17480b1a599546e3a354eb21da1ae67a,Sao Paulo,SP
4411,cc68d581c6bc4ada94a4e0ed5e2a67f7,f1cfa2d734844b48b7efe96c6166c065,Sao Paulo,SP
4412,964383dd8c264aaf9a2ffa19f00ac215,343c0d5049164594af7edcbd7de9a14d,Sao Paulo,SP
4413,834e1582b2e54670a28e275ff3f39d87,fa65e1693b7542568b0648ceab33355f,DF City,DF
4414,5543d491dc7e40d791eb50c661d70b42,41c057ace7964486ac33fe90ee7de1c3,Sao Paulo,SP
4415,00d8732cb9184af0a7911f34ae7e53f4,45fe81ae7e3c4da7986d499d7f28d15b,BA City,BA
4416,0c8163d5fc854b2a91f4386b45b029b1,ebd60bba39c042b8a1a953886b83247c,DF City,DF
4417,ed7246356bfa4f7eb43a1d466d76a366,75ac410da4914a0ba55fbc8ee9accf32,DF City,DF
4418,a4116fa35e074008aded6b4bc9dab9cb,2aa31eaf3bc9413588d9127c9ae4b560,BA City,BA
4419,bd90434b0d8444caae32fd0265fdf11e,e7a07b1309a0431c911a16724c672bf7,BA City,BA
4420,05ea9be037c34507a42433f937f1e971,f4c07bcf6e754ab29b10c63e2bc7a0d9,Sao Paulo,SP
4421,b24ebc11eac542389445d38c5e47e88e,3a3a1cd328544ab69bcecefccd8bf6f7,Sao Paulo,SP
4422,c9719456160841b9bdc616dd5979c1d1,bf717762194145399840924ee834e047,Belo Horizonte,MG
4423,41de08d488b54a94903bbddf146b16a0,40de3f054bbd414292f08c4508ca43fb,Rio de Janeiro,RJ
4424,525a21cb30d54da4bc363cd3005e1f48,e922ee9e29df45928b956c39039cc1ba,Sao Paulo,SP
4425,8f6a069ed8244c78ab4beac9f2efe84e,e53567092191406795523fd169a0d1a7,Belo Horizonte,MG
4426,caa2e943773b47799b36c1d2c6631a37,5ff19aeb2d344e4489c19e941fa74898,Belo Horizonte,MG
4427,498da88306bf4c4c98aaa3320f3b6469,948944105a9f4db29ce523ea5ff8fdf5,BA City,BA
4428,26f147c8e9e44c0080741b338c663e93,9cdd394ca96148a9bfaf2d6daf943bcf,Belo Horizonte,MG
4429,cc2564d58b3b4facbdfe5d923cc06ddb,60bbabf2e55541ab806e4f6663822923,Belo Horizonte,MG
4430,54a65cb9142a47b5affeb0abbea81c03,9190269be9b34bc28eb7919a53a6392e,Rio de Janeiro,RJ
4431,f0128eb5c90c4b04bffe2d52a6d87126,16b94cfe05ca49a4bf91d1f337ca4928,Rio de Janeiro,RJ
4432,c8f5a8897eec4eb4b1d515d7de309962,af8e109542764e94b56da34b2e220bb6,DF City,DF
4433,d523a79f061d4a659f23cd9ee93bfe8d,a3078eb9cf3b46448897048ea01db9be,Sao Paulo,SP
4434,bbf36ffe3d0943e9b42d62434291dcf0,53320f92b14e4dae8959c32da835fe1d,Rio de Janeiro,RJ
4435,ce38c14b3a194fbca9dca44a527fb31f,6eebb32fb5ef4a348a30b6faf927ceda,Belo Horizonte,MG
4436,6428004eedd74057a2df53d12e40fbef,953520e240b442f4921c153cdf20fa5f,Rio de Janeiro,RJ
4437,68448cbc31754ccaae6d2d139a304c8a,8b601d2b3fee4067ab1369e29992edc4,Sao Paulo,SP
4438,a1a4c07a24d046b2af6ca2f817ac134f,f8c20dcf4a1547c397b36abff4ed0a82,Sao Paulo,SP
4439,90a5bb83a726487bab829426548f25a4,f887e34fe5f4460686d9f9b1247f67c9,Sao Paulo,SP
4440,503e78fbaa13413ba87998bd8b110e02,56d9c47cc6bd49a78e6c0f109a750bb1,Sao Paulo,SP
4441,e78835cc49e54f778c034b730b251024,2d95ccaacd1a42679de20f33c6fb7092,BA City,BA
4442,a7897f4cc0be41ddbb84bfd2faa08018,6cfaff7d54e345bba81a26e77185625b,Rio de Janeiro,RJ
4443,a4a5bfb09f2143c1bbc012a02479b3ee,a684f3e2320a45bd84617b77d1e8f39d,Sao Paulo,SP
4444,cb69d8b9516d4d19b711e41567e0757d,ea34cf45841c4b3dab2fe60bacf00675,Sao Paulo,SP
4445,0dfca4ccac6f4289a81897ecd5941033,c585f8ca0d2d4ad88fac890446d6c330,Sao Paulo,SP
4446,81fb12a2816f4f13a4a795511d8dba16,b5fbc463d753437da9623d0e4710895e,PE City,PE
4447,03d7e78dd71e455daf1e8dfe13cc0cc9,c35efe94d6684f05ad13fe27d3bcd652,Sao Paulo,SP
4448,fc75782b20394ebfbe2d0e957be1b380,1a3d8a3509ce4880b7631a06ebee4b05,CE City,CE
4449,5282bb89272d480280a82e322da131b8,c9eeeab286424e66adfe8fb5c0174175,Sao Paulo,SP
4450,57db4d136c204b9bba76ae5ae160ffcf,df0b6d6f0fb44fa89d1b1639e9af7e7b,SC City,SC
4451,bda30d2c39ee4cc39840dbc55c2601f2,448a3cd1ae2a42fc9de2890190f01eca,Sao Paulo,SP
4452,1161b3fdff5244f393b356806a640b51,760c454e8f244197a6859503712400cd,Sao Paulo,SP
4453,63a870cf5f05411ab74c249e1f62bf76,9d15ba060a6246c09f916ba520a070fd,Sao Paulo,SP
4454,fdc4fdecbc8e42089cd22ce380bc978e,6c3c110891c94ed3bae1c95fead9d7d5,Belo Horizonte,MG
4455,d6b41c8000ac4adf95f48d809eebcc96,6f76bf6b477e45e3916261ad93630b29,Sao Paulo,SP
4456,67866ef831fa49599f97664c405495b9,7918a7f93ba74923a4c18bce057bef08,Rio de Janeiro,RJ
4457,5c893db7ac684d359d2f2ceddb87a8d0,9de80f548095454e8817ac6bab4b90fa,SC City,SC
4458,324b113b9c954996ac2e419943ac6381,90893821800a4d1982e48e6ccc82dfa6,Sao Paulo,SP
4459,ca98670453f94010bcc82424f5d1fe4f,e8654c599ea34035ab9967181b1b93cf,Sao Paulo,SP
4460,ddf97d1fca8c49ee9083b726bc99858b,9429624bacec4250ba891a957e6e94fb,SC City,SC
4461,df077a1df4e94331a006c43009ff341d,f193aeee4e094d9babcee5e0646e4576,Rio de Janeiro,RJ
4462,df4317b68d8847cea47d03cef911dcb8,acc1d278631a4d719514d41b4932ed1b,SC City,SC
4463,9f01a8d062904898b9c0107cb8b1a7b9,b67532efa0f64f5da7a2a735e716f25f,Sao Paulo,SP
4464,076120bc08334245a71a8ff5e4ec20dd,2bf46d09087b4a68962cf885f110bcef,Sao Paulo,SP
4465,372c919d07c14e9dab79f20f97796329,0179c189657249c0be86d885bd50ead5,Sao Paulo,SP
4466,856470f123774b89897553de677b493c,ebbe83bba83e4215a44e32f44e639c9a,PE City,PE
4467,8d4abc5cf88d440a9c2ace3f680a9a94,4eaa4885b6cb45699f289e776865a5fa,BA City,BA
4468,2e3ea351f9a24875a2dada24157bcd91,bb585ea81799410c801557fc775d3e25,CE City,CE
4469,9f7221560b0545c69a67421d5eeac354,d42c37062c20474ca7b8ec3b6adf614b,Sao Paulo,SP
4470,f93c0ba878004fd8acd87bacdf0f9789,5b891150a99848c88d9332ad65290a63,SC City,SC
4471,446debce5a6d4f7d93373861bd8ab164,f91a1697765848dcb0fdc333d4952c6d,Sao Paulo,SP
4472,de208235aa1c4bc7b5098d528536eb3c,ee01a146aa2f478492c8c18cb3bf2b4e,Rio de Janeiro,RJ
4473,7af602b13afb48a18de95751e5c998e7,1d61342a3b284bf7bdcc55d5a1f6b089,SC City,SC
4474,33e2b580321343418ebfd34f46330141,ab08b22215ed4210a4df54687d1fc059,Sao Paulo,SP
4475,06cd3803f6ea4a3292cb9748e74d4142,e2b96ebc271349028a6c17bd5b368ee4,Sao Paulo,SP
4476,c86f3fb1e25a45a4a8321988f3ce0891,7472bf0e858040bca65cb73c2c9f3e21,Sao Paulo,SP
4477,265b1504740748e3807b3db3225f7b06,35d93fd922004443ae289f3d9e1b9819,Curitiba,PR
4478,74995bd63632403f8306ecc0fd62d6cf,4169c7ca81d84061b953b12f39bdd260,Sao Paulo,SP
4479,b7d3d7c58f954d13bd741dd76e787122,0c71c9e10238438b8614fb68a128d24a,Sao Paulo,SP
4480,3c6d8923889c4af6963a838c62431647,69a2c3a2a8474467805c6855fe61d461,CE City,CE
4481,5c2464aaee3044a5ad93d519d4b4d1d7,371e8d6583ca4b469cb0a2bd54d43de9,Sao Paulo,SP
4482,c61c306f06444bda8c2adb636d64ecbc,8db87f1e91c540e795bd31f3c9ff5638,Sao Paulo,SP
4483,6d0e92cb9249410d84bc3911ac8619fa,21b74b75073f4bf8b91cf3867bd435a7,Belo Horizonte,MG
4484,03a026917a6d4ade987b96cf5ecc49e4,7b073265b5a84372af40df47fd0aa7d9,Curitiba,PR
4485,6be3012cf7b1479993bec87b74e03532,06d308ab342746ff8fc9b94be7b19470,Sao Paulo,SP
4486,84cc9ad62396422ca899b595c4621059,979db8295a2e47928f11f8625f366899,Belo Horizonte,MG
4487,25366b08849547c98b2004c4e17dd747,5f086edf0ab84f7a82005be087908ea7,Sao Paulo,SP
4488,4a744f6816474fe6bd5dad5b47dc2457,1b57cba43d8745b7897e9971ce8ec68b,Rio de Janeiro,RJ
4489,8caf5ce17c374f7a99047afce072354d,b1e8741969224dc68eecbc4ee62ad0dc,Sao Paulo,SP
4490,b0cfb5b073024053ab3b1ca7df9a8c1e,3ac7f73a17e344eabbcbe9eecf8bbe14,Sao Paulo,SP
4491,a1376dd04eb74b3ab1c7ecdcf7ddca79,b040d2ec7a85497ebb1d86a566161b37,Rio de Janeiro,RJ
4492,84812dceb903454fbdeb165f265dfc4d,b465f717ea3348a6ac83a37adfd4bd5b,PE City,PE
4493,32570260dcd4425eb305a02e2389f5b4,6f046005054f4dfa991c5f641fdb3ed5,Porto Alegre,RS
4494,165bdfc6892f40bf8820d5c49e0b7e62,0b5127c4ff114d82b770b15cda8b0991,PE City,PE
4495,07b1ad64682e4b118dcc3d9c851664e0,bdc6f3d8212f464aa5b37aa2b6957467,Belo Horizonte,MG
4496,27bfeeed422042b3b8fdaf2107fc4b83,47fee4b1a9644f868ae1e0773eea7855,Sao Paulo,SP
4497,34fcdff6673f4ee7a1a6298213aa459b,db5f7155cf96479a881c46ee4e2e2f5e,Sao Paulo,SP
4498,c0e045fde4be48f888782a3018dfb178,a7d299a47f7c49798dd69b758f41998c,PE City,PE
4499,d7739957c7bf44ab9a7a95a92afa339b,b4029297b74e4962bffe844e443416ca,Belo Horizonte,MG
4500,5382092bc1d4409f98781727cf13b411,b9643016db69492a95a3f2029729fa01,CE City,CE
4501,848d06299ba440418799aa4b5ee0d0f2,dfc510f967844c87969ef550d64878c3,Sao Paulo,SP
4502,9159fddd37114b83bc54d2774ccbd786,f0fbbcc1b5284232890bb44bc46d5111,Sao Paulo,SP
4503,3219aa0cdf2a4a7a8001b86de617e259,485262d9faf5423888eacf77b64aa8cb,Sao Paulo,SP
4504,796c5a76cf984cd78a02f85098b04dc4,4b906b49c55f485e8d7bf64c5556056b,Sao Paulo,SP
4505,3245623a8fbd44539c35a043c21f5a68,f99d99cf14644c8bbc9400257efe1feb,Sao Paulo,SP
4506,98a7d3bed0cb4177877e87725e6057e9,3cb92a17194046b79a8909eed648386f,Rio de Janeiro,RJ
4507,48ac03e05bff4fc292750353e4620690,c70c22ddf7734b4189c0f2d255375545,Belo Horizonte,MG
4508,88bbf4a5c5e2475293fd97271877506a,cb4f6431909942818f6db82159451a49,Sao Paulo,SP
4509,fa93fa9aa94a42b7a66e70fcf52a8095,84c5926fcadf4ce99ccf230cd377e912,Sao Paulo,SP
4510,9d6e8381a6c04828939b48fdf8f764cc,820f4fa83bb7474182ba76be7383baa8,Porto Alegre,RS
4511,4bcec392e9f04250bca4ffb8b5fa5433,3553225b2d1b40538c3d272d876ca512,Rio de Janeiro,RJ
4512,8ccecb0b7f7741abb4477137a42829d1,6880fca14a204d2582af5608eeb24bbc,Rio de Janeiro,RJ
4513,0f37479e5c50496fb2a724f529b36e93,bd4902a7f6fd48d6a99bce5ea93e49d1,Rio de Janeiro,RJ
4514,35b42f96dbcf4d8f94e987b133b7e4d9,3f61643aa669444ab3a8b5c518d08a0c,BA City,BA
4515,e86a88d0ea024f98add4a862ad1234ab,0d7db5c2ad7843b6b9f44caa8bf58005,Rio de Janeiro,RJ
4516,0f0be2e413334f9d97b7b64aa9b6a05a,4508a9c79d9b4437a24f1a9324528b71,PE City,PE
4517,c5b8c1beebe24076a112ad78d23a855e,f270badf6d904d8db3c7275c2af3bc85,Rio de Janeiro,RJ
4518,a3556d077bd44a01baafdd61a23d5ddb,e2afd0a1b23b48ca8b67a0dac948a94d,Sao Paulo,SP
4519,b441a85ba52a43f8b2176bc85622607b,7a58342bc90843299ef339f75e5b87d7,Sao Paulo,SP
4520,2b2abce884614d83ade1d0dedbf6ba14,3fadd2a30178477eb9f6e32ed9e0f733,Rio de Janeiro,RJ
4521,2e718faa505d42aabeefd312548f18f0,1e73c9a8f6ce4ceb95c7f3550e5fc1ed,Rio de Janeiro,RJ
4522,c27a58db9ab5427ea996b5aa5b6d5c84,61691bf952fe4d2b974a4a1334b0fc63,Porto Alegre,RS
4523,0b90366f8cc74a278b1172c6bfdaf9c0,2dfc6e259f9740218f2cb83a364b58c6,Sao Paulo,SP
4524,370a702a45dd47f19b91f0cf30ccc6d5,c08b037d43794052b62fdc7d3e37e353,Belo Horizonte,MG
4525,1ff5b2b1d84e4f8784112437c2162318,413d0cb5e3c34b7e80e47692fdae3b97,Curitiba,PR
4526,6b353eb3e6c74848b3b4a7f7ab4db1a2,c02e8108d87d4bbe84c9ce3182aa4ff4,Belo Horizonte,MG
4527,f7bb15f688d547b2abc59cf35f607e05,31c3ae0b38bc4b6b9907d5a986a7396b,Rio de Janeiro,RJ
4528,9df06cf188934c08a030d254d881cd33,553f801789274896b7515140df193612,CE City,CE
4529,ab96216d4dcb4c078fc0f007c147eaee,c5b1d19726c343cb8894547a0d76afa0,Sao Paulo,SP
4530,580ab8925a934a8fba60b272db68fd14,905b1461044f4399a831f53bac8f7c6e,Sao Paulo,SP
4531,187413f436154d34a2d4ae994b53bafe,b4ff8587e2814ee99d2888e1b2e1dd35,SC City,SC
4532,4175b2007cad467ebb452de0c7173f2d,29ed6cb3a13d45d3906135230a4f1034,Sao Paulo,SP
4533,bff0e169cf094a3e98fdb2af6f2c2e04,b95cf9723a8b4080ba1ee1147fc33a11,Porto Alegre,RS
4534,67b3680952c64e608fb7268661630be1,ec74957acb7b475c99e5f704d7503209,Sao Paulo,SP
4535,5467e76d80724ca493440ea88c63de37,5392b5804b074919b551550cbe5ab05a,Sao Paulo,SP
4536,6cd8fd9faf374260a33719ef0943b66b,44b91ceb4c27412db70fad599cc940eb,Sao Paulo,SP
4537,118c0e03eed04c819f73a2a574b71f11,3a18f5d3940e4479a1766e7c28f6b774,Sao Paulo,SP
4538,2eb21027ad4b425090a6bb680cb99358,c8dc10ead46b4b18acefd24b57b3ed4e,Sao Paulo,SP
4539,91bf5ef082bb426295c38f9f43955840,37c81a36599647a88c0b6fe6b2e7ed3e,Sao Paulo,SP
4540,0ed82098e030431baeee012339b8ff1d,4bb82972426b400fa7dfc775c52c9759,Curitiba,PR
4541,533af7ba3d5b48319ef9ba8d5229b46a,ada09e36fd2b4a2cac5d867d11ebdbd0,Curitiba,PR
4542,30577cb453634b54871df10682e0c576,d47514ac1a934ffb8ee15fb173e5162e,SC City,SC
4543,d551253ae0b64818886f73562c62d3a5,b08a5dfad76b40e395dfd4a6b76d1aa6,SC City,SC
4544,509f94f8658649d9961b454b01ff551d,21468d8f32284ce0b6a043d1b9a50574,Rio de Janeiro,RJ
4545,b02cd2557102405c969d32220a1f0b6d,addbd0be6059486890b307a85504b9de,BA City,BA
4546,1c0a742d04734948ac2f9126aaf4f5ba,ca954b40db1d4f3d9aec9c5d44f1d9e3,Rio de Janeiro,RJ
4547,137ec0a28f3e4184885c64a4a1bd0adc,3798307fc8c04cd4b3d747322569c24e,Rio de Janeiro,RJ
4548,8b1e1f0a2dff41aea65d29795635e8d8,c6a1bb4b8d7f4e64bca476cb15930bd2,Porto Alegre,RS
4549,d8bbfa0cb22b4d9496f79c33450586d8,ea6521599e6749c98660d319b7b0bf43,Sao Paulo,SP
4550,4d26dd0425ab4866a2056ccf36ac5fb8,077be884fd4148068d1389bea3fec5f6,Curitiba,PR
4551,dd4d5ffd8792402589a82c892c721aaa,1fea1b1c9b1843c6a64e2dd6dd4e0022,Rio de Janeiro,RJ
4552,f5bf52362f1e45cf813812c635a711a3,489234b3d5e14d3491f77794757c48a1,Sao Paulo,SP
4553,7a5030b41c484c219b48d9c82e1fc56e,4596aa0abb2d4931a735ccac491c6577,Sao Paulo,SP
4554,227a1d2e16c04c7caddeb3f4d35b21d2,e28d174211ca4cefadae6e0fa96d2eb3,Sao Paulo,SP
4555,6ea45a5916434ea0a58ce0c84011661b,462084c5171b4f9aa418c7310829c298,BA City,BA
4556,9cc4cc94d920444a98f4114251f8722d,85638fac53fd43d49aa67862141f3192,CE City,CE
4557,bd41764345a445e8ae04ad7594ccaa56,58b7d0d217a44873b7f1d410b97a5713,Sao Paulo,SP
4558,6432081719364612ad73028a0cdee52c,64b486cbd56a44a9862457647384624a,Sao Paulo,SP
4559,47f3f7597d1044af94bdd9801b65b768,78cbf56e6b0641a39eab4edd2976b7b6,Sao Paulo,SP
4560,bc25dcf44bb94a43a2d0edbad7489b3e,b283742a05ed452ebaeb62faa48ee820,SC City,SC
4561,6ccda5e993a841e190c0edd510b4b532,3f4c274bcec24057addde054645718f8,Sao Paulo,SP
4562,df5edf9390a64ff580c5de658337b558,b433e5c7598f49f69834c1dfe771d7fa,PE City,PE
4563,5b184a7205d54a80b2fc676ad2cf0952,39df93839f7e46de99a4984ae86cb375,Belo Horizonte,MG
4564,0c249e140f73494ebb0e2ebea1e79666,f1e1f575b8b54a86aaa504f1aabad7e4,BA City,BA
4565,804910f47e784f69a609d416b67b31b0,08bcba6b810245f8927cfe5d67dae366,Rio de Janeiro,RJ
4566,f8cc0235548f46088370221b96f2be6a,5735eda39d5449bca42b543c22e18e6a,Porto Alegre,RS
4567,3cd15353c8be49bc8f37b725b55e12e1,5e1ce3660c63406085d885f7b744f408,Belo Horizonte,MG
4568,150289545c36477380e666cf9eed4258,f055c1cbeae04578b2940bf7c7967fd4,SC City,SC
4569,efc59d78da7d49a697ffa28c71d7882a,96ce6aec1724476cbf504dfa8febb65c,SC City,SC
4570,ae40c8894d9b4beda08a867c991245f2,e54ccb69b88e412fa22c09650b4594fc,Belo Horizonte,MG
4571,afc92f658a134caba3cff57129965e55,ca29d4d4b4e44c5f83b848bc97772621,Belo Horizonte,MG
4572,30425bcaa45d4318a3d3d6c3d9a0ade6,013896a8ab744e12876014b418a67a4b,PE City,PE
4573,887a65c46bcd412ba26218e3fab67991,9ef4e43a0f464079b3d4a5500c476078,PE City,PE
4574,5c8103ba9b324f3699cab7ffe64a5ca7,8db3a5620a774821a200156f4c920e2c,Belo Horizonte,MG
4575,71620df0f7df4b0ab0cf6a9f6d3226af,07eace60c38e4e9691f8fb8656f6a8d7,Sao Paulo,SP
4576,bc8362ce8384405a84dc66f278d5654e,13e9ea2f1e2b4f2ba6fa230c0b8ebea6,Sao Paulo,SP
4577,2f052ca313fe4f9dba1f03738dc32cf1,6ab71d349f934d49b83c4ed573947f5c,SC City,SC
4578,d462502bdaf44b718344e0e6b3382a2e,0eea92a593024d298c8b043e561157e1,Sao Paulo,SP
4579,2e57c092745d412d9adcef6ef3356f4a,7783d9c9fc6f499c9b30e4c707cd3e5b,Sao Paulo,SP
4580,eaf449647bd74dc1af41742467d9081b,b6972c7be83e46ecb7ee0833541fe119,Sao Paulo,SP
4581,17997187f2304f73af602945c98a9eaa,7b9ee0be09ee4373a76147ef84dadd6e,Belo Horizonte,MG
4582,850b76e580124dfa86685cf5e3518472,9b26fb5ed47843a1bcaa23b37d92430d,Belo Horizonte,MG
4583,60a3631483a2470fbe64e13152414a4b,fc615251f7a34d878584cb1dac083ff0,Sao Paulo,SP
4584,23ee558818fc453a9034291032940c9d,932c714be75c422a9ba2022ffe0e3f1b,Sao Paulo,SP
4585,ab68b86187b74fe98ffe191b7e49f0ac,5b20b7f02b504fa5814f705bb03f09df,Curitiba,PR
4586,6fe16b6eaec143ee8983f0cd3375e377,b81f27c583a54fd88656e9b809245240,PE City,PE
4587,10ab1d637b6149ee8720c3b03d79b013,d5128bf142a3455386a1eaef8cc234f6,Sao Paulo,SP
4588,e5857de78f3843fcadd94888b15b7719,d3f4ae908c1841eaa1a1767eb63d87a9,Sao Paulo,SP
4589,111d3b41e3244d24ac53f656e3746a4d,b20a7f1b655c40a384f42b421ee95b0a,Belo Horizonte,MG
4590,014a518fb8034c98be4bd94028dedc21,197064abb5a6471dbb82f535ba4f1fd4,Curitiba,PR
4591,66c43b3c73134d2db9c1d64cdc91e4cc,1cf1ec18369641f784edf723fce55b27,Curitiba,PR
4592,a083953af5cf426bb1005cc410885ea3,c0b1754a7c6f47e686fe0d99701a5b68,Porto Alegre,RS
4593,3a8d16bf9b2d4c68bbdfbc947244c0c2,d53baaf93b8446b387479e23919e6937,BA City,BA
4594,268b933f0de04bdfb5a29583d11d8bf6,915096971f5f4f58b6a600ae08aab664,Sao Paulo,SP
4595,c164fd58a09148399a0c0e0c9ce2fc44,25a2c726291a4e52a166bd6489b3df70,Sao Paulo,SP
4596,1f3bd131f35a4cdeb75a51887a5a23a1,b34a20dd3a3b4d65acaec9c69135414f,Belo Horizonte,MG
4597,c6d9d52295284feb899e13242482b952,a7b038422034493dbb95dcd0e434d0eb,SC City,SC
4598,43c835012d574d52ae2c1fdd504c2c98,d89dbeffaf774d12a76ab0b1f9042ddf,Belo Horizonte,MG
4599,4d8b73e227f44ea4a48a37462ad8cf9f,e7ca954a66f34c12a4d3f8c5bb31267c,DF City,DF
4600,9cdd3b073e404a0f94607fa07c2e4f56,443eeaaf71e24ef4aaf32852b401dae2,Curitiba,PR
4601,7bb32ca1d3fe487c98f551db791d567e,f4d61964c3ca4532a395ad0b7bafe260,Porto Alegre,RS
4602,7ef961aae3bd4abfa129f72e96bf870f,6cb263c5d45543ec921b165e4adca1ea,Sao Paulo,SP
4603,7dac0485573542e8adc692914b7bdfaf,3d38d0b4933044088efb6cb93c33920a,Sao Paulo,SP
4604,83885024dbd64edab46f83a9307efba3,7628ced853a34c41a118ea2c163e483d,Curitiba,PR
4605,8c4c008d35954a728d3aa3c1c5f4fa37,2518c5f3d83e4d88b0dbc5adb59983b5,Sao Paulo,SP
4606,3cb893f57f454cd8b51ce73fee577eae,35f21f6b86c34d3d8805ae4e4517e359,Sao Paulo,SP
4607,4f73267ba7a747e7a481bccea1f17463,b192a74db30c4484a6e6f625c182c75f,PE City,PE
4608,d9b1a43f1dbb4fc9b099cf201ec4a5b7,e2c9ca8084704faf859688e32df2ef31,BA City,BA
4609,4db838c622e24c308a95a791234c5146,41367eb0a8964620892ddef420b4718f,Sao Paulo,SP
4610,240d56542ce94302b755782012387138,1c7e211ba1294a6e943eb4a709c6e527,Curitiba,PR
4611,a8532e276cdb4e01962e434eb9b73ef2,4e7d56dc841742e29e639e750bd2be2f,Sao Paulo,SP
4612,a5b4655e442e4f679378bba6ed10181a,4e2a03d868614babb1f72f12d6bf06cc,Sao Paulo,SP
4613,5620d3e2b4fc44808a32df94d8f4f3c5,ad812a978d6747dd9cc3342716bc751a,Belo Horizonte,MG
4614,25a3576604354bb2b4000d62035be5b0,4f677d94a8d5462c8880457236ba3f44,Curitiba,PR
4615,b01516fe810a4dc48edbe7f0321e5323,4e63907f4d654156a58165a252c12ec2,Sao Paulo,SP
4616,bee20127ea2b41c29a032eb28e54b3e6,63e69cdb66344ae4b40286505fcd5f89,Sao Paulo,SP
4617,2a0d5b93ddad4cf59556d1dc0dd6e8ef,5f46b22be28942689ef75f99f04d8ca3,Sao Paulo,SP
4618,fa5d7376afc74440a275bf7144225b3f,6897e58e79d643639fba60a6d9dd171f,CE City,CE
4619,fdd21ccb57484d28ab1ed3f5c15567c3,a5ddfd91bd334983b7492d10d7adb56d,Belo Horizonte,MG
4620,be895f3104e34829a065451cdd783875,f1da6e4eda4544c7a66d74af026c677d,Sao Paulo,SP
4621,8f3362895b7341359c61b028b6defa93,4b27afcc77b044f488500a83a681601d,Sao Paulo,SP
4622,60067f0472b248ac9584852b82574d58,6851e3abb7914eb681aa30aa82f6d925,Belo Horizonte,MG
4623,a6de9b85481f4e4fb2a87b389557f2ad,a22f2be904b74bf0bfb579e24714bb96,Belo Horizonte,MG
4624,06c38bbe93064c05b654624f23adf865,d02cd1a83c7f44569b6310aa7b57632d,SC City,SC
4625,5230df8face848e29bea6eb5492742b3,934b4d36eb52400eb32b25fedddde48a,Sao Paulo,SP
4626,2fc677532b9343a292ec75150c7d854e,4d2d2aa023264d6cb250532675ca13da,CE City,CE
4627,9f2aa94f90b14110a071dd5e822609fc,a7fb716b66a34dea9e0f4613b8b4ebf3,Rio de Janeiro,RJ
4628,15e65a6a243b481b93f9815d78583a87,7e10a56c6df8420c9d2affd4f10f225d,Sao Paulo,SP
4629,c169f3c752864f4bb14ed2095fe4e23f,0ec5879bd5e94338875112b6fc30e0f7,Sao Paulo,SP
4630,b990d41b39e1485c80ec650349e184c4,4f967007741b436c8692da8129871487,Rio de Janeiro,RJ
4631,736d283387e64c4c9623aa00a4953d49,681d1cf79f3240d0aa5b0fbf0c32968e,PE City,PE
4632,071bf37c1fa44fa0bee742cda7d17756,84e2abf9402f4cc3bb61035c4fd08cb9,Porto Alegre,RS
4633,d71c20df63d34d4b87533d36f0ee5b01,d946fb5e20414315986d2de33303f70c,Belo Horizonte,MG
4634,78bd674bb07d4111b87c12848d5e6fc7,78931dbcdafb405cbf1e8eba9aec5e0a,Sao Paulo,SP
4635,f3e98e8441624aa98877034def51326f,19fcc1c67fff48159aa266ae43b5759a,Sao Paulo,SP
4636,9c5b43e8ee854d319776209970917b01,7ce280cb66734f708fe78fb1a20573ef,Rio de Janeiro,RJ
4637,a459b8ba5b6546c8b73e8eb78bf57393,b92c3ab5de9a40f29beea7436e135bed,Porto Alegre,RS
4638,e86f4cd7ead74ab3aaadbe84e987efec,4b33785127d54a4c8890b7d0c060df23,Curitiba,PR
4639,d3a9ed53b23d4887ae48f411df77e41f,77c58ac3c1ce4df6a3f214a7cc7569e3,Sao Paulo,SP
4640,720f3269e882419cb7f1b6ffb2300966,66186ec6c0854b1fbb50ff1854ee0386,Sao Paulo,SP
4641,8a5a47f39ec440b684f5aff4476d79a8,c63ef97cec3f4aeabb6acc3def2c800e,Sao Paulo,SP
4642,a76d3b4b8c6548d5add724408db26fc9,e019548646a84124993632ea9c30c2ff,PE City,PE
4643,726d1e6a231e4837888361d061c70f08,797bba6a9237430093120ab6212af5f7,Rio de Janeiro,RJ
4644,3d1afa8aba5b424e81c617dfd4b00ebb,53be6d0071594628b9f127231356423f,Sao Paulo,SP
4645,51af58a67a414eac9a9977db103f1c09,098ba8948de04cee9a21b65e19532d03,Sao Paulo,SP
4646,283ca86bbaac417fbe443513052eb084,ddf2e32ef5b04ff1b59b1886b09607f9,Sao Paulo,SP
4647,1102ab9df860428a85198d5685f5f786,6e7e97d254b441c0a2e9d5f9c5f9e6f2,Rio de Janeiro,RJ
4648,8c5a790a12b44d119bfd3da539e7c4f9,610c5132b762473494b0e55065e98682,Curitiba,PR
4649,fa1d0ac41f3e41479fcb4ec525dbff87,c53e7c1718e8493596f19bf205964756,DF City,DF
4650,63f8ed9d60304d3fb12e68b491db109c,d18055e3bdbc4fd182106e7df901f42e,Rio de Janeiro,RJ
4651,81c88987b0e4444abb34ce32220527a7,e2a19564b72b44a5b9b8763e39723a32,Sao Paulo,SP
4652,6e7852ea088e4f4390b19be7ebec954a,28690ce302f54dd2ab35548e4343e8d6,Porto Alegre,RS
4653,709410759cfc497389e4eac49a319958,6a13618b53fc4e76955727c73ec42a51,Curitiba,PR
4654,5a488ca435b84ce3b5cd441f65895e87,2b4582c64d784afa89b525782e27cd59,Sao Paulo,SP
4655,d1e9784d9583460285edccc9e9e4f683,edb677c004064eb986d6c7a2aa721bf3,SC City,SC
4656,192c7b91a44f47f5b7901749f424c4a1,e5ffcc6807ab4edd8eb2dd8f164df8ba,SC City,SC
4657,137f75527bb04b4dbb97500aaaba8e42,13afd77b241d478197cc51be01037998,Rio de Janeiro,RJ
4658,41c4661309554f9ca3766ba14014c4f4,53fdbb6e36484d17bb23ce402bb4fd6b,Belo Horizonte,MG
4659,f0bad0de8a864c6c8ace4cd4d15b2c37,48c53a8b9b3248beba5df296351cc281,Porto Alegre,RS
4660,4107280abe1d46849b544ec1932b1a1a,436f1aedb5ba4b86a052510be7d5ca9f,Belo Horizonte,MG
4661,539752a9009546cfae64758d0b6bac80,44e25e5945d649cfa4664385619c1027,Sao Paulo,SP
4662,1d793602b3c04ce490ea56edd9d772ed,a4ad0b7efdff40bdb2501c0175484e6c,Sao Paulo,SP
4663,032b620ad13e46d8a6ec935e3e82017c,4b598cca5b4b49928e02caa1c59faf8f,Sao Paulo,SP
4664,e3502bcbb38c457492a358759c144dc1,f633bfc817d648baa4747f308176cbf4,Curitiba,PR
4665,1579cdfd9131431abe7feed157b54512,394eabbc0f364ee7ba21f466620d0e09,Rio de Janeiro,RJ
4666,3b08f962cef34435b10b42ead7b07cf5,ceaf67e5e02844e7833a101027c67c50,Rio de Janeiro,RJ
4667,fc6326cbbbaa4aea86085ee8371f5e60,6d38026c2a0c4fa0b9ba230803a35b59,Curitiba,PR
4668,157d92acc2094814bbff89a9013df735,8ec03b4078024568b8f80b67fff311d4,Sao Paulo,SP
4669,40e70ba5d6dc49e7b724f5aeddda78fb,87d10838c5f94eb8ad5ead881c43b307,Porto Alegre,RS
4670,322e365b277c4433a267f35ccf215b29,6fd501451dba4f3eb51f94a93cc60811,Rio de Janeiro,RJ
4671,782bdfa724344bdf8446dfa0ceace3ed,8b86f72fea794cc6bc802c4e48e036c7,Sao Paulo,SP
4672,2dc33580de3a441f8bdbc94475252f9b,dfbaefdbb9564110900396c3a6301b13,Sao Paulo,SP
4673,a2d99bec324c4382be1fd2e1fc49af61,2476941aa78f47ce93fa0c88529743cc,DF City,DF
4674,3085eb9360134d8186bf8941406eb076,0a7bf71c921d447ba6a5e91623a37823,Curitiba,PR
4675,254d0f9869574ea19a80f9c78ddaf38a,eab842a398b4416bad073c4fefb174cb,Sao Paulo,SP
4676,b8e25cd25196480ea745d1685ef27215,f29dd94f7a5e491d8436ffe14789cf7c,DF City,DF
4677,a8306aad560e4e89a9777d243575451f,3f85f995c41147a09a97dcb101998614,Curitiba,PR
4678,b618e895fa2e41bc9e99d24356c12f22,139a09a35a9e4323a7f495d082c9750e,Sao Paulo,SP
4679,1e9d74c92f4e43389361cbb623c78a70,89738caff5c24c408645530e7e53de2d,Sao Paulo,SP
4680,ac0b00db35484fd1b535c5523641e66c,cdd34b6ae4cd487a9a60b23ede6520d3,Sao Paulo,SP
4681,51f385e422564d5c85cb4fe558721116,c9f251c36c7645feb844929ef4c15e67,Belo Horizonte,MG
4682,97f59be8a96a40829d90f939771d7ee1,9cf575649bbb4ed588650349e880288b,Belo Horizonte,MG
4683,24b74e22ff1c4b3895a40cf1d67482fe,02f31d565d7a42768c072ba33e8fd99e,Sao Paulo,SP
4684,b5f9552fac164073977ffad8a7c6d0e3,dfa33f03117a47c1bb98f49ff691e2f9,Rio de Janeiro,RJ
4685,3c4cb13c505f4aada6205510a8227038,d61edb2d0b974f669302355b6b35a398,Sao Paulo,SP
4686,a911ae0709c144fc9906528cf6f44f0a,d648a2c543c84d7abc5f440a80fda0dc,Sao Paulo,SP
4687,ac48f75f67294f4b99fca202b76933eb,47ad020c0ec444cca3220937de193ded,Rio de Janeiro,RJ
4688,6033a722ffca4e229796f8dd962336f9,dafe7183f24f40c086b6775db794b73c,Sao Paulo,SP
4689,70d3dbd4137d48beaaaab0a407830d36,e40f05303ca047269bc06e223ad0a7e3,Rio de Janeiro,RJ
4690,7a6b3bce950e4a1cad84c7895f5f8a5f,8c93cf5d704a4adbb87d676e8da83867,DF City,DF
4691,ff66f090fc8849d499aa8f65f275563c,48caa4373dd44f51823528b2457da855,Sao Paulo,SP
4692,ba4b46dcb5954753b7bca557d03d675f,e1fff9f94c4a4292b5eaa18f8c58ca5a,Sao Paulo,SP
4693,0c6652c0451c47beb52163556aa90137,15481c1801bc47c89a65249de3362f6a,Sao Paulo,SP
4694,69c6531efaf64a448c5d562a0f6c8a42,44abd635b47e461a94eeaeaf9cec8b21,Rio de Janeiro,RJ
4695,7aa9d9a3963e4676b20079fe26e4f544,3a5b2802d5da485c912b57dff1dfde9c,Porto Alegre,RS
4696,401543cf31c54c5b9b17257f3134de29,2c3873f36199451cade7db6edc457648,Belo Horizonte,MG
4697,38b4c1345658454bbda7a4af8dc46010,bb2ad5dc3e5341e7a292242224a4e622,Rio de Janeiro,RJ
4698,5a58403379bc42328351402565628227,ee5e8073a7ad4ec1b05d3c518f202f38,Sao Paulo,SP
4699,81d3400878fd4267a7c5848062da59b7,0b3cc462f8674f168c36aef8cb04be37,Sao Paulo,SP
4700,2d58a123647f4a2abb82826949abbcd6,1a4b32f81bab4f7296a29fe83d894006,Sao Paulo,SP
4701,5bb3150e7540458188144c287a0af9e1,cfa327c6456442ef986cd0992f77f22c,Belo Horizonte,MG
4702,7f1a6c8ed4144c9cbcb74dfafa99711d,b6e1ce48ad7f4000a7f4d4c4065f252f,Sao Paulo,SP
4703,f4be8e6e4d6c4d2fb29db83d4ffe3817,d5a27e458b2d4d7c915e5732cc15d801,Curitiba,PR
4704,9f7edafa71744b589cb3dc85681ee5d0,be199c182c45466780ffbc503946d15c,Belo Horizonte,MG
4705,cbb5bfbe86cd4c29891f71b12c3de2ff,97156e11695c4b2b849cf4f2fe11d493,Sao Paulo,SP
4706,cd92ff0899d04294ac26ac43144fa9d4,2310ba505a364b4eaf61e3d4f7a7f1ac,Rio de Janeiro,RJ
4707,4e2270aa7b5c40de8190ca608f4a804e,cadd63e1898d4c64ac805a081fd23f1f,DF City,DF
4708,69cf358c12fe4260a449a49621ee63e8,6dd6816c79df4b88b505ca1d79827818,Sao Paulo,SP
4709,d436996a20bb4166a32b10424a036ce7,26f8a1dbcbce4dcda1c926f3a55e9534,Sao Paulo,SP
4710,3ce98854fd49459d9633103b7cc10421,17a7bd1ceef34923a7a2d3de0c7eed99,Rio de Janeiro,RJ
4711,e336bab08ea84a0fb83627ebdd4adc45,aeb4bdc10fe944f2b80fd3d12b07eb9f,Belo Horizonte,MG
4712,c3c31bae7f3e4515b423133929d5e582,2ce37c8839b7455b97373e71d268218c,Sao Paulo,SP
4713,a73a19255ae34f0f92a4437ea6825a91,4e9cc2bd27b841c8af20922378da2825,PE City,PE
4714,b471bdb5c7334e0491fdb5d24cfc94bd,0c429513323a499dab1b66b5e425ce2e,Belo Horizonte,MG
4715,7e13aa3d94714a699f40105b1b929844,b2cfe4ed1010430098ed2c82629632d9,BA City,BA
4716,4e03622bdaac4bd3874ce58815480014,5aa3392b37cc41789f0847f542cdaf25,Sao Paulo,SP
4717,35aca95850934788bb0cf583aa931605,c511f7bdb0e74e98ae38a4ccfbfd6d66,SC City,SC
4718,938d305d5251436bbb90bff16daa3b06,5a1264fd3b234fa4a7aa050f7c0cf9e6,Sao Paulo,SP
4719,7759203d3c2c463aa7d829c3a08c8beb,06f36606c5f2475cb85213664117b257,Sao Paulo,SP
4720,6e8de4a3b6e242539ed09e96ee71d99a,128f7f68904542c99db8e1c89c076c53,PE City,PE
4721,799a42b3e2b94a068cab04749bd52eb5,5e45a6c786fb46e284c61abfd1d494f2,Sao Paulo,SP
4722,2a04f0f2bdff4bd9a0f032624ebfb9f9,103941d7fa6c4c18b8bb132b25a74fc1,DF City,DF
4723,abb81de22f054c99beb5fbce937333f2,da55abba842642a2821fef226f259f03,Rio de Janeiro,RJ
4724,31412a969766460994185539b7b5d871,9e38bfb19bfc41cfabd1680e8dc84171,CE City,CE
4725,aa356813ccf641e5a222b1ade5a1c0fd,3dc77dadf06a4c62bfdea679c1f69f0b,Rio de Janeiro,RJ
4726,bd3484bb5d144d1a8605c4d53c3a5743,82dfb8643ea94b11a36bb3feae403688,Curitiba,PR
4727,d95a29bda42c4d4898c2a9e5b39370e0,525f4874815e43d8829f15f2eb454247,Sao Paulo,SP
4728,e3e6e81642a747d09a4858573c98eaa3,7cb6ca4b428641549f95813f55239e51,Rio de Janeiro,RJ
4729,84ca587946b24dd59a1739649a5ffc45,af0a3111fb744a70b3e779b67b1162c4,Porto Alegre,RS
4730,9afc3028be2546aa95234f722e8f2415,9d8b4020b1f94ef08a99c3c4cda2a9b2,Curitiba,PR
4731,cf3b8b4303be45889c97c3c6a21c89e7,95da2345c7d1418a83d186d766f5cff9,Sao Paulo,SP
4732,791de5b8f5934552a8d6d1f2bbc4a58c,4d9205fccd884fde8de8d6bd7c29f735,Sao Paulo,SP
4733,046152c60181433f82c6a791962b45f3,f971afc757e541ddb0fd04e986753355,Sao Paulo,SP
4734,2602028f4b5441218c76233641443b57,ca469844bbeb4d928f3bfdd1b2e00976,Sao Paulo,SP
4735,0be7792dffe649e9bb7f5ccec3ec708c,a034c78def344f4ba3546d750d558831,Rio de Janeiro,RJ
4736,6309ac880ce043ff9c2b904ba71b551a,98ace28ecec24b76b488efcf8cd61f85,Curitiba,PR
4737,9ba8244d0b74429aabb661938a213f52,a0560c9700704b9e8d62ecae9062b6db,Sao Paulo,SP
4738,1edf32cb2cfa4ee8a4eee098a95f410b,d38ba95847ca4b97a312ea39cf9837f0,Rio de Janeiro,RJ
4739,a3f81835ce3e4595ad9666fb7889ed42,4d706a3fb86e4a91ba03ea30a6ae61db,DF City,DF
4740,f02d5f53b09a4f1b956c5c794757841d,df698655fb0d4c4791690b7be3b97f70,Sao Paulo,SP
4741,a9be9e3201584d6ab3e1834135262047,9f5409e5fe094ade8d298c020b1c95b1,Belo Horizonte,MG
4742,29e9a8d63f73451f8516ad630dc90ed6,18c02a6758fa461aad2093c81c5e926d,Porto Alegre,RS
4743,13b535cfa4a641d4a886a7e07826ee64,b9f36d2810384be18f73b53b5fb30d51,Curitiba,PR
4744,40a56cbe9cc34adcb0c3414936e39634,d1816000b7ff486d8e3b248a6425bdb8,Porto Alegre,RS
4745,b5eb18098cd74b8b91271c4d54cd730f,f116a962ed624b5b82755e3fc05cc4a7,Porto Alegre,RS
4746,ab654d0d4c774988aee44085e08fad96,c62a2cb4de044071a3bd19f0940d7974,Sao Paulo,SP
4747,45420ec7bec94fa3b2cd1cf223dcf66c,aa8095b3e7664d1282234af540bd2571,Rio de Janeiro,RJ
4748,09addd4a69f4463391e5e51bf05db0e7,b163ebdc32044b80a8b5927ebb5f7500,Curitiba,PR
4749,79c9463a788b434dbc12d6b9953de975,84cb7b74e960412fa8df38bc20a95b9c,Sao Paulo,SP
4750,f78198594b434b7596cea62e5022bcc2,a2cf72313bd443d79231875152a1d8af,Sao Paulo,SP
4751,58f207da4a1642a9a8d4b83b48acc359,c0381e79cdb44a788eb2bd8c8ae42fd9,SC City,SC
4752,132b284173f345e78b593ea266a47541,cf1f4ce6b6994009b2285ccb5dda82a8,Porto Alegre,RS
4753,74ffdb9d63894b46860e031459d166a6,a1673f7a2f924c3a813c5ec933ddba0c,Sao Paulo,SP
4754,fdc1895ad6dd41faa50f2d3c298218f8,f0ed68fdb072475cafbef6fffd9001e1,DF City,DF
4755,bdd3587ab6824a8e82468b04e43b9e5e,a0acee1c9dcf48a6a0619963313cb3ae,Curitiba,PR
4756,24b19c6a07194e72b70a270565315e69,87f4f4e0e7684351a0224d090f216ebb,DF City,DF
4757,54734603a5004a1095a3f07f68bee728,00a80f086b88413f96aa2e099d746f0e,PE City,PE
4758,b095eb34bdeb4bad9a23b089d8a6e209,6b143514e2764baca8074bbfb4f4dd72,Rio de Janeiro,RJ
4759,12d310caa5c8400696e744fb543b1547,84ada4b606a54a99805ba7df05dcb444,Curitiba,PR
4760,a6449b79449b434189c8762ca9ffd13c,97eac81ea3eb43b7b11a3cd57ecc1af0,Belo Horizonte,MG
4761,36d9289d41f740d48ce723d0869bb8de,b63c190ede0a4151b80cb7410053c46e,SC City,SC
4762,92468e594dcc472bb1e8dd652b7f9a9a,94480e91cf7b4bdb979b58b50bf2f281,Curitiba,PR
4763,4bb957f683924c82aa06e92da82f63c9,e5d00cb14f784222b5c3c7cc0f9cca0d,Sao Paulo,SP
4764,d4f0e19fcf4b4762af5caa3568402e8d,a6cbc052fd3a47e3bf7eb160697a2128,Sao Paulo,SP
4765,71bb0a2e80bf43a19ff9374138ba4cfc,343c3dab395842829b60056c1739bc33,Sao Paulo,SP
4766,ee70c62ae10143efbd29b05717169432,a49c345408544edea953091cc031d44f,SC City,SC
4767,4be53aaba4e94a84892113ff885287eb,fb3ab16731bb4c96b67a730d1ef4f076,SC City,SC
4768,5865e15f6ff648bc986f3dccb3e49836,3cf21b7865b7472e88870ea895d6800a,Rio de Janeiro,RJ
4769,7741fa71582b4fcc8b2481fb50b70c9c,b4c4d5ac754c4ab3b41683a8a4c5f24d,Belo Horizonte,MG
4770,184c2fa2745944a5a2f7b0cdc3965e7d,b2a9b4c27715482b9c9da2cfe84e979c,SC City,SC
4771,1fbdf9cca14a40e7947cfe2cd8fcd581,ba7bd420ee1649b18faf49b29a89558b,Sao Paulo,SP
4772,ec70ae644c3f4df89391195b55af83e9,b4fc2549f6d143eda9c4037a3226d75b,Sao Paulo,SP
4773,a29cb20953074929a2b08cbf27ca3f9a,6bcb80f9f1ab40dc8ae3f0419769d904,Rio de Janeiro,RJ
4774,a59b6c7d16f14e4c94a5acacbd075e97,a69a228ac6934a8fbf870286ed1a1dd4,PE City,PE
4775,d5e668ceec4b43e89faf1363d031f8f0,87df96a260bd4b3294651868d42b97ae,Curitiba,PR
4776,4a7662cd297c460780724907abd60340,fffefe280e364637a2a7a8adc5e4f85d,Sao Paulo,SP
4777,d6d85ae938934d5ab3abede01d31c142,8ab02044915246f19b1b2ce429cc0168,Sao Paulo,SP
4778,bfaa7210a1c840ca995058934b372653,f0c172d380214b69834f1015394f1f8f,Belo Horizonte,MG
4779,0675a6bbdfe045d9bdfe52bc6848a5d9,7e81c98b67034938a042ef8c3faf61fb,SC City,SC
4780,8c7de6415c2e4397b5419e7f3f52ffb2,caf5ca6967804a418ebe30f5a977bb41,Belo Horizonte,MG
4781,05770d42c7774e5595025bf4c8efa2d9,2ebc69352e81441e96ef420e49819538,Rio de Janeiro,RJ
4782,3b09757a5e8849b59ca4420b16553e83,acb02e54ef9d46598e83483839e600e1,Sao Paulo,SP
4783,dadb1c434c7d42439bd5c900c6580783,6380b9b833fd48b7847a2bf8f447a964,PE City,PE
4784,dc4d65a888af4488b0146531b93a1323,671d8c80bb04456cbf001e51fe9da481,Sao Paulo,SP
4785,b0089a5204184afa9656d36c4c968307,4078089e432a47b3a693c1e445a7563b,Sao Paulo,SP
4786,c6b3870c28004ede86a202cd3201cde9,7816f64da93c4f7faaf7a5b511500149,SC City,SC
4787,d8154fe5e0094742b92651296dd5e30c,258d60f332c248338ae7d7bdd50ca0e9,CE City,CE
4788,85c3427f2fda47c6b10df6bd605d03bf,bf449414b35546ee85833b54cacb4391,Belo Horizonte,MG
4789,88723a9bde3c4c4a813b20688a65c3fc,dd2e6ee0848e483d8e621671e4ec33e9,Belo Horizonte,MG
4790,564b2ccba6e24866bea7bb4ddbe1c4d1,d8933c1ac1604ad2b6439538ddf3a10f,Sao Paulo,SP
4791,35faabba40934609b08bba65296b93ba,270d1423d4b04652b0da1b6e715d286e,Sao Paulo,SP
4792,cf29ff4158bd476bb2c13400e057f3b5,c299a65939cd40929a8d3ee634835e66,Sao Paulo,SP
4793,b3cee13178944325a023a84636c12fb5,611cd18569c945afa2ee56817558a9de,Belo Horizonte,MG
4794,cc6bd71f319f4aa0ae87d5f81139dd52,414ad0ef121d4c92afad9dc32f30dfa6,Sao Paulo,SP
4795,a9dad668a01849e38839824e6942739f,ed8f3da112e240ca9d11ae5c70d32aa9,BA City,BA
4796,b16d39b26b0844339b3c8db818455cc1,ee22274d818f4cf993617e58d16e1940,Sao Paulo,SP
4797,63d00497931a4a3e8cbbdf16f2592e3d,f70a25c5a37b4aa7bdfddcffcb66e26b,Rio de Janeiro,RJ
4798,686440b358d649b1a8e48bc02b33fa8c,eb842539c7764fcf871268ff9037922a,Rio de Janeiro,RJ
4799,1e1b68c758c240deb574552f787f5c61,65a984aa9a0348a9a69f0b4903bb236f,Belo Horizonte,MG
4800,148a5251507048c5bfcb95bc705d9cb7,6157b6b982d445299d0503482d8f6c66,Sao Paulo,SP
4801,0deaecb874e6448ea587c0368168542d,8d5b9487e9164371888ca61f84a90cb0,BA City,BA
4802,baa7346a88c54a869187542986c1d45d,8603f73e49a64a22b22f8d0fa274e313,Rio de Janeiro,RJ
4803,8829579e41a8447fbdd589a7e2e262ed,e89984ae3b134bf28e82b6e2fa1bdb21,Porto Alegre,RS
4804,54fe1d493a40462fb2b673d59e0efaeb,7b8acb4f796e4b47a45e4a82545d57e4,Belo Horizonte,MG
4805,4da62226cf424fc7b739762602bd3a58,e78f37090f0640a4a9520e159775ea25,Sao Paulo,SP
4806,2c9b09890665446abe60776f44fa37f2,cb63aa63a9d1467f9c0a5c32f28a8740,Belo Horizonte,MG
4807,84cb687f6d1043bca3eca670619dba05,fe2e9f26355e41859a89f417d799a238,Rio de Janeiro,RJ
4808,078f8bab8afd4df9b591e822ec294fe1,d5cc6a37fe074344b0440cc1c89a2f80,BA City,BA
4809,847381f57cae4c9b8aa7ccf47aa736d9,db26604733034dcca84d905050b932ff,BA City,BA
4810,2430afe9500e4c058d65e6aaad8cd3c2,d40c6e95d2a4473a8d9461c34bfdee3b,Sao Paulo,SP
4811,512ef7e3626b400a922aa79de7b0a47c,964e9fb926f245628c7f303a2ea1261e,Sao Paulo,SP
4812,babe77e59e6f417a8013f591629dfaa7,0b61d4522ec34be888db28554b747d84,Sao Paulo,SP
4813,5989acdc588c4fdeb69afcc1ed5ed45a,ccfc41a666c74e2391374e6c09bd21e8,CE City,CE
4814,0ca261060ae04a2f8b535f9551ffce51,7c6585d5474841a5a5079bea26e86782,Sao Paulo,SP
4815,aac8178480ad4f18b397b8b986381d21,f9f7bbf9f9024152a4bfb75454890055,Belo Horizonte,MG
4816,0659cb557695443c9a0189e1e4abb69d,d5c0b6192e064ca18fe908b086f0d9cc,Belo Horizonte,MG
4817,b22cebf20c1647cf97dc71c4b2b366d1,5f4d6af61ae84ef38d3abe805ea883be,Belo Horizonte,MG
4818,2fa94775b7f742bea3ec6c5a49b951d1,633eef61d613413cb4533c066ee6caed,Sao Paulo,SP
4819,0598c7d7c6b549a9b6677e0e8ee98796,708fbae2436646038505187c76064f27,Sao Paulo,SP
4820,78a2125b7d3a4bcea922755b6faee40f,57b2f913f4cf4326aaf4491bade4fe6d,Rio de Janeiro,RJ
4821,fb17b17b424a41bc8227cc68095e2c6e,d51641c21e5f4c89b1132321c363f50d,Sao Paulo,SP
4822,956f739fb9324d409a5a8617839d1d3e,48a792b274794714acaa451280d69654,Sao Paulo,SP
4823,ba278945345645b69fbee5a44aa0f47c,0ce57b215b324294bcd6cbb482243161,Sao Paulo,SP
4824,ef28fec4aded41559b0e131a97b0f2f1,89519bf60f624904b7778a195c5a3268,Belo Horizonte,MG
4825,f3c96d90f9bf4c6990993939382abf29,81ba84b933934fc5add38cb239a94bd6,Sao Paulo,SP
4826,6baa2acb031545af88be113501f5691e,86ac0cc6ffe64591a96cb3464988f54a,Sao Paulo,SP
4827,2048fd4ffebc4869af617d636c259c59,4008f219ea5346bf9b395bc734411d46,Sao Paulo,SP
4828,bf99ef7262874bacb52dba3203d135c4,e6144928eff6416885276930899574cb,Sao Paulo,SP
4829,95f92e250bb54958a1fa08cb892b8def,9b6068d3ada74f6fac80fd1cf49d760e,Sao Paulo,SP
4830,304e1cfdc8ca42fa8363899f65cdca64,47f26668cf444d028ea022f0ebb463f1,Sao Paulo,SP
4831,8309992cc5db44e9b96722f20b37511c,ac7c2d8a5ccc4cae846415292914849f,Porto Alegre,RS
4832,73abfa79b2bf438a99e1da95cd183ac1,aee507074a33450c97a125fbff1f022c,Sao Paulo,SP
4833,8fea1587486944939669209867c897f8,08ccb8389fbd491f876fb6f193780ebf,DF City,DF
4834,2de4a0fb86e14cefad5241d6231060ca,5ba32484bfa64c6884250120cad73e2e,Sao Paulo,SP
4835,e452adaeb13a4bcfac5bbc16694e21f9,7f4518c6140244fc89d3c024266852b8,DF City,DF
4836,76d75616496747108c6839e4e2ee45c6,e5ac66398a334e6cabaf2c0ffa63d4f5,SC City,SC
4837,28647aa2456b4825b960dca292568348,6653599720554ced95fa408dc47fe159,Porto Alegre,RS
4838,5a0f69192d794668b48ff581b2e46ae0,c0b7b7f8bbeb4857b9bc5ac9a5960007,PE City,PE
4839,8f3208bc6b0f401da8270ed5c9e371d1,d0a2b8808cdf4980abba765a68956d6e,Sao Paulo,SP
4840,586b3fd23d9741a09445f6da5bbfd5ac,b2121eccc43840ee9c4639ea2d088c88,Sao Paulo,SP
4841,763bc46b2608475e9278f6a48342e0ad,8ee382a09f554826914ddbdf4ca33e20,Sao Paulo,SP
4842,b581d1f3ab5e4f07b8d78372ed295137,de7e16db1a7f4defb60f1f88e778a023,Sao Paulo,SP
4843,0b5d1cc4d3884e9bafbbe1c55528db97,4d57e60ae75040579da12778965caf3b,Sao Paulo,SP
4844,ac9b79a630a94c2496885ade36dbcbce,002b714fddab4e24b82952969c1cbaf5,Belo Horizonte,MG
4845,cd6e792139a4485d970a1ceda8b04de8,b2e435f8776146bb9a89e4a55f80073e,Sao Paulo,SP
4846,64f0511cd17f409389d17e347abf4b95,553285557bf94c9fa433a20f38b2e4a7,Sao Paulo,SP
4847,a164b1057212435f8701e98dff7a3a1d,6388f53a42fb41828cb2cf1d3eb710d7,Sao Paulo,SP
4848,c565bf4aa5cb491dbcf7ff83592a8fdc,02fdd99ed0c24b8ab698f2288ea5ea40,Belo Horizonte,MG
4849,6e94714912024c198b3f4d96720497f0,30f0e7c40ed9468c8acf51821d7a0d92,CE City,CE
4850,fb6e94effff94e18a5b5718af6002a51,e4f20c5add894666ab45b12d9a369f1f,Rio de Janeiro,RJ
4851,c2674807f61d4965b80f497e4ffb0308,fd4e974419ca4e5fb96f1d797fe9aa5d,Rio de Janeiro,RJ
4852,3581dc009b274a83a45beb18628ce271,6452e8e1861f420686070ce19d1ca0a4,Sao Paulo,SP
4853,b9daf7270c0c4009bbd7e53bed143819,51fbb66174fd49f88ba850703d536be5,Curitiba,PR
4854,33ed8955be304a5391b58780f7d1e85b,5714769af6a345f5b9df759d16be4a8c,Sao Paulo,SP
4855,47293760c3334d1e95103400b14d3f44,bb93f8dbc70a4699a4c719da8b3dac84,DF City,DF
4856,729e07222b524aeaa852b6f2be7610e8,88dd2771fb6d416fa8cd60e7979cc267,Sao Paulo,SP
4857,6afe2f306b984d4bbab97030d4698c53,23064471fdb841979f359955b0c9ef91,Sao Paulo,SP
4858,24aabf2d6c6844aa81492dd92dd18f30,0a65128060ff47029e813e163195f3b8,CE City,CE
4859,de8ef0b48dd24dba8cff5a6d221b81d4,366c66eebc4c4aafb8f232525e964f3c,PE City,PE
4860,4a004e54b44d4dbf9d6eb7340414f419,1787f3f20cc940d3a3400f2a8a9d1267,Belo Horizonte,MG
4861,7561168f31cc4386bf4f588616715534,e4b8817920b2482a936707748188c890,Sao Paulo,SP
4862,323f811a96a546c2801ec1851f4581e4,a4639034b9d5497594137ffd765d6d67,Porto Alegre,RS
4863,cc1432c884a242a5af087eba7af6d963,dffcf3430745492992c5fd2bf9c8c326,Sao Paulo,SP
4864,04e1fd068f0344bfabfc08e4ff4237f3,968b1d8d7d2a4b1f89589571a7f82426,Sao Paulo,SP
4865,88ed21485d824cb48575b8ceab2c5833,7b359a6dc806477b844f97ebd617daa0,Sao Paulo,SP
4866,399c4d7bac4d41f6be078c5846d5cb01,0b9bac9555984e65a41ce8f4127437d6,Rio de Janeiro,RJ
4867,60e660b9aaff4490a65a16309129990f,14b8b5d8808e48f5b21b64eb72c31833,Porto Alegre,RS
4868,d0a0123f58534c6da750fba6a5a19210,d71d107a58c44f14951babc1a78de099,Sao Paulo,SP
4869,7da1be8e8e2a486a825123fda6cdba61,bca47b38c9a94d43b3d477fab850a009,PE City,PE
4870,c48e5c8484534292a7f5ea96d721ef1c,1a26f14ae0ad4cb48ba206b2eb50c82b,Sao Paulo,SP
4871,26b356a75dde4308ac039fe19e2f78de,bab507c920ff4bfea4a1e2ea3b8b0795,Sao Paulo,SP
4872,baaa541a058a4771959641a90e9df48e,316a9b2d3cda479d8a24a8f8fee875c4,Belo Horizonte,MG
4873,a808ea1a1abd4fa98e431ca1ee2d6e17,0b62bd9f1e304699891aae4d6ae18e83,SC City,SC
4874,455cedf00c1b4f4eacdaa13feba3b9ea,8fc4bd8eab0f4c338c131fe6c779faf3,DF City,DF
4875,8dc597534baa439d99110c00c831202a,afa9740d62704c02ad585599d6eb7bf6,Curitiba,PR
4876,2969dda1982d4421adc2899d135a26ea,0459574ab611470fb3719d323ff6ed04,Sao Paulo,SP
4877,6925cb1326084cd5ad7dc6469b90da6b,365bb43ae44f4532a003c071ae0f395f,CE City,CE
4878,8cab4e6381ae479a82f2f9209a4b66ca,80e431e78a954807b0a064562fea5839,PE City,PE
4879,b3082e04b9744c5987220ad59d89218b,faa799d430224710af44e6fdc11865ea,Sao Paulo,SP
4880,2ea3dba5f23c47db9eb7b5d83c8fbaa2,2ac3c7edb2384c2aab6c1f8edb5f1a29,Rio de Janeiro,RJ
4881,447878c85fb14fef844547cbaa6a674b,cdd4f89350d74d9cb37ad4a81a9492b5,Rio de Janeiro,RJ
4882,df39b220ae024a989def3c2addd0a38d,69dd2bfbb3f9450ebac41d88d6821fd0,Rio de Janeiro,RJ
4883,52fc07c40214404fa24e85462ca07468,9da61413bbd34cbc9fee734a7ef48250,CE City,CE
4884,18cb9c2b958e49ebbd372daa1bcecdf9,709238e3dcdd4003be71924e3eb7ff8e,Sao Paulo,SP
4885,a913061c9dfc4b0a9e0ce59c5d0317e5,1bdb7a3311fa47ed8c6b5840cdc7c6ac,Belo Horizonte,MG
4886,3bb97fbc30b0426dbefddec96c801e51,3c67de9269374b12a93d6878a5e46466,Sao Paulo,SP
4887,a42e6f14a8504e41b5e1df35d52516cd,f6e02981e7584b28b1e9dfb6761c4bc6,Rio de Janeiro,RJ
4888,1efcfc37a8414a79bb4f06965a60f9f2,e2a8b24110264fafb67aeba781787fa6,Curitiba,PR
4889,4847a3145ffe41feb40be2d86c93ffba,0031e911c63447dd82ef7408481c23d2,Sao Paulo,SP
4890,97f17e54a625428c941082e23f31292c,7ce27171843f47929794ebc0712e7f62,Sao Paulo,SP
4891,b126d91bfb5a4f16b323d280e484892c,32a871ce02224d7395773c2c2c43a1b7,DF City,DF
4892,14264fa196f84e5d9457c4c81f147e04,7f9f3d36e6c94f3ea8b2899ae487137f,Curitiba,PR
4893,356e32c8de7142dbab89908cfae6a4e0,881d11564fda445f8a9e24e30616410b,Belo Horizonte,MG
4894,c493ab797d94432cbb8278aaad982c89,d7bf5005f0e0461ca1bde583462b71a6,Sao Paulo,SP
4895,23aba58a38db43a2b40aafceff4cad55,8216da1bad934ec09961e399d67fb834,Rio de Janeiro,RJ
4896,dbb9f8c8c5b842c698ac28856ad2d743,54796887cb7d4b578b4cd99d616d6380,Curitiba,PR
4897,cde5f02bf3b3496dad17ccf14fbad81c,55783c6cbd8e4bdabcda5ed8c64ca160,SC City,SC
4898,e0d07835d6e84c9f9122c3fe61f562bd,c016378c15cf4302b470124be2726bf5,Sao Paulo,SP
4899,5bc31508d531460f9c5b0643bb4f88e4,ded137fb42404d258c332a2832db11f2,Belo Horizonte,MG
4900,0516336849e24695a7279697ed25ef03,bb7a362a778f44e3a9a6d5fa309ad25d,Sao Paulo,SP
4901,4ef46cf6bbf54cd993040ca55d6652de,6c60dfb58c484038b84f3c7945ffeb29,Sao Paulo,SP
4902,05785c3ca2474bb79f5840e353a08394,5c1fcd04cc9e4576ad185c4acc3a2fcd,Rio de Janeiro,RJ
4903,4aa44dcb6c074774840febe53c324759,25f6a3a5460f4445b8eb049821ea9220,Sao Paulo,SP
4904,da2fa4920c434b4da1df402786e5cb47,1f4802435b0844aaae53e60aedd23a65,Sao Paulo,SP
4905,5b174684be154df1982e2ec785aa2f28,c3567c0147574b6999ed00b9c509283e,Porto Alegre,RS
4906,633432f9207444ed92bf3ca1fbd09163,8af14e458fe04c2d872bc7db01f3d4ef,Rio de Janeiro,RJ
4907,81246627fda14e49a4867aedb295c214,e0849c006c7945e29641a9a678b76436,Curitiba,PR
4908,b39c6733759946709d4079c659654c33,ffbaee98a73f4b819c3af03fd6e3d0be,Belo Horizonte,MG
4909,82e615626143420c8185f8781e6fea32,cafeb13fce344403a79fdd7b4976342d,Porto Alegre,RS
4910,f5938d23364747f4bb09687dcf7e94fb,8b4c12ae5ad84cb3a966e13eb6afe871,Sao Paulo,SP
4911,6263023242824035b140dc36bbf53bd5,a59ce44e77c542659b50575afdbb7bbd,Sao Paulo,SP
4912,89f9fcf6f8e640d1820b3277aab98129,b0b81a7e614a425bbaf73785838a313f,Belo Horizonte,MG
4913,d8d671a7100245ca9b75802665b9aae6,d596a6b120554dfcb23c48fbea35ef75,Sao Paulo,SP
4914,42da6e4d0af640d8ba9d5196c6dc2e35,cc4d18acd635448698a4b6f3ed7b6188,SC City,SC
4915,3ef77b6704994384a4d2ab43fbaf6c14,712e811e3b5a4d8487236e311ee45aa6,Rio de Janeiro,RJ
4916,bd0ba6bcecb5469bbcd6b8bc57db524e,797320f8bf9b413480e9f713dbb83980,Sao Paulo,SP
4917,2a075a424f054e659e892bd000eb2b8e,ffd6125ac9ef472d9f11a54ef4df2b50,Belo Horizonte,MG
4918,b3f18fcd64954094b6fe85e6179bebdc,dbcd8af03dde459a9ee76f1264704a97,DF City,DF
4919,60acd801a570470181ebc1cb926b302a,fd763ecab530469995d5c87c40bccba8,Sao Paulo,SP
4920,5bf2ac006fb944319dcfb5f74d748dcd,6988cc83071949979da06eeec0d459a3,Sao Paulo,SP
4921,812377cb3b7c449d9b6992b9b8c6c9d8,2ca00b83142c4165a00fdb59ab25fbec,SC City,SC
4922,39e144ff121242b6b48d6ee32cc6ea60,9dd884fed85d42c6a493a3b960f6bbe8,Sao Paulo,SP
4923,d9891e45e39e4d6caeae0ed01775bdc4,71a780f66c7341f6b3af408105695fd3,Sao Paulo,SP
4924,2034ffb56c5c47a5b93b8e219ee362d7,8a23af0d44e24720a4aa3109d25288b7,Sao Paulo,SP
4925,418f456eecbd4d279af40765118ac41d,409572991d4b410aa55dccea5789ad2d,Rio de Janeiro,RJ
4926,621ddc7ea259465588a62b4a7cc845f0,3c682c47a73748358dab8ec6c08b5c34,Belo Horizonte,MG
4927,a32265c3d69c4dafb99f3522b212a7e8,07ef92843cb2496da3a0d5df4b7a0f01,Rio de Janeiro,RJ
4928,f241945abf454009bcb86758de1a8176,e6883a71e8e14a4ea7bb4828725321d7,PE City,PE
4929,bdf6ed38b81d42d2829ed7dc5d49b8ea,fe90c596ed634243be3f8da17cf51f00,Curitiba,PR
4930,11000d0a6cee4d84b790ede24b5006a4,59e4c6d3049d4ac79932125974bc06c6,CE City,CE
4931,fa63a8b1e82841dca6cc194be2ac27e6,2d1984e0301c4721af3d2e7e6263cee2,Rio de Janeiro,RJ
4932,4cbac316501643bd8be0045030746d29,653ab9f1b5fd4356b78a38ce5324f07c,Sao Paulo,SP
4933,7a8a25192d1148b9bd1385057dd525fc,f3427d2c2b7f4de6895b24b00a59af57,DF City,DF
4934,2e6b73da6a974812a820a1168b8e5797,05acc50d8b6d440ebfaedb208207fe90,Sao Paulo,SP
4935,ca2416ef08a442798765a0c6319b6db3,3dd940618937458586cb5253332b1aae,Curitiba,PR
4936,ed050d1fa62649c89e0a7a231ae89034,cfe578076d0141d78b68252e2b8cd969,Sao Paulo,SP
4937,03778b1399a14277b07c9b0396738912,8fcc77da41ce4bc3939d43dfbd32ed81,Curitiba,PR
4938,e3c547202a9f4ece92c7e2edd76eeb91,37aa2ac31d934edf94fdb0dacc743afe,PE City,PE
4939,92b54eada6c7456ab3042875a9e6dc4b,374ea8458111482bbe1488a86788f75e,Sao Paulo,SP
4940,8947bb27b7c84adcac8133e9e5cd8bd6,7cd5914a71f64e42b41fe0170b422ba5,Sao Paulo,SP
4941,1a85742a69db4ee9b7bfcf212f02d188,cf72e17a8ec24c168e4a1fc3cae706f1,Sao Paulo,SP
4942,658017e4d0ae48c896fd67e4d9561ba0,d839f07323324daf9587062b0f053f46,Rio de Janeiro,RJ
4943,bdc92a6e921649b39c3050df48346e29,3ae7bfc7cb7c497fae741768ffe80a49,Sao Paulo,SP
4944,90513521062743b1b7ce4d367ebe830e,e78abe3e32584898b8a78bc6d4f9d4b9,Belo Horizonte,MG
4945,690ce7c767b8449f895095d5fc8fff9b,a1ac5991c5d24f1e9c46632aacf530cb,Sao Paulo,SP
4946,10f00a84ea0a4feabaca4ae838730dae,a9daeab0284943e58e5e0f346d5a6c0d,Sao Paulo,SP
4947,915a4648bbab4b1cbec009c020a4e553,0e9cd836c03c410693c5d42eb2f62f69,Rio de Janeiro,RJ
4948,f19254d730354038a8d1e890aa6ec7bc,725a0f9f16014e5e9a1ba2a8ba1d04ce,Rio de Janeiro,RJ
4949,e39a4cfd479d4befa9f7f81486aa08bc,68bddc7596664a7cb7ba34c5b1014b62,Sao Paulo,SP
4950,65fc99d376c44918b64887053586da10,28bd7e1041a64e76a18da1098b7277bc,Porto Alegre,RS
4951,594e4753f6da4ee8b9f3034c4578d8e7,2f5afa5153224d26b3aead2c5817324a,BA City,BA
4952,6c04433adf7f4a208bb467992ca7b907,4dc823587d014119a53e23dc2080a619,Sao Paulo,SP
4953,32e96d65e4474bc68fd566fdb056fc2e,6500fbdb34564fb6adc38c23b9a35c47,Sao Paulo,SP
4954,fd188425d9154b90afcab72392017ebd,ddb089e5dbdc456cafa4a6a2716cc8eb,Curitiba,PR
4955,4eafb9a3ac614bd5bb9271152d58eb8c,3ff11b36eb8b4a73b0bb420c31e85409,Sao Paulo,SP
4956,374edc8679e441559c3cb298323c016b,77d6eac4295a43baaf677e7f0db57fbc,Sao Paulo,SP
4957,c15013b7a9a14c699ab7a5525aa73c96,98191cb981864cf78ded79316aeef200,Belo Horizonte,MG
4958,898d37278c9f4bd9817b37d8dc2d3f9e,8d3e0e25ea5f4dd8999ce90ac031af4b,Sao Paulo,SP
4959,f9f6967f3316407ba9bb03f86f565b56,3b56ba97ec254548814e92bc81fa3e46,Sao Paulo,SP
4960,4bd004e0473e4c0c9d7e4c14147c9b84,8a66833bcdcd438e9c0a08d19849811d,CE City,CE
4961,6fc597f71a214fd8ad0e5576887a3947,788382c55884431c913b36bbcedd1827,Sao Paulo,SP
4962,8b90950373144337925329f7f4b91020,31fbb7cb65504c50a47759991a3d3df7,PE City,PE
4963,a4515811c7544b218916f979088bcad2,3642d13d36424a93825b882bd44213b5,Sao Paulo,SP
4964,125258fe1e374c1088d773a6f2b2820c,6d2328c098104206b829da396e73ff1a,SC City,SC
4965,0869b9dd46454873bbac01a7fc5d3101,40c6630f5018429a85b4a44bb78be4ec,Rio de Janeiro,RJ
4966,ab1e559dc33e4727814215a0744e28fd,0ad3dd386a2b4b17a2470634d0da8ad0,Sao Paulo,SP
4967,cb248418136b44bf8a1e9e980b0db577,8cbcd703b6d7411cba8dc74a9900af71,Porto Alegre,RS
4968,357868da2216408e860ae9a9a8c93f2b,bd3692b5d8b245bf8ffb9959400b262e,BA City,BA
4969,2fc22cfba1b14229b53cfe637dcdf0d8,118d960017a7490c9071f437ab662304,Sao Paulo,SP
4970,df19149a16ee4368a04ad5d8e40e38bd,56328a8ba1134a839dcd978f88a61682,Porto Alegre,RS
4971,c6b966cd97e04e009b70022b6119c97d,ed86280c2307479cb39e40cf1dde7c46,Rio de Janeiro,RJ
4972,a87f1c37dfae481ab8bdeda6a44c404f,8a4859a377e344789d50b8292a3dc88e,Curitiba,PR
4973,e8708095708d467db17d3b70d253910a,a0448450b3264606b704c5c2afab2f8b,Porto Alegre,RS
4974,d31d3885968f4790bc3691340774a387,27bbb09118564584aa47a034c4b6c609,Sao Paulo,SP
4975,7c2b5b2c89eb455fa97c6c61c75a396c,2678ca5c5e7a42e7b0fcb9c8c37e781b,Sao Paulo,SP
4976,a609caafdcf1416fb3ed319ad747068a,4ac9889460b8439b924fb10c00b3c10c,Rio de Janeiro,RJ
4977,8832b90dbdc44c8ba582bbfa5f16a4f6,7e5b6713000a44949d1956f20efff6e6,PE City,PE
4978,9c182eacc61947dc96ee2ea2b7d29472,278de3445ba0472296a3dd1517e6730a,Sao Paulo,SP
4979,84f238ea4afe4ef798444ebabbd56db4,f234047e700e47ec913326eeb0c96b16,Belo Horizonte,MG
4980,67794a37072a45bc9037e0d52a62bbc3,fc7b2fd95d604a96b019cf11e25e8a57,Sao Paulo,SP
4981,8cede07c451a4a2b808b3808377a0df2,68663b7588a74523b27bee7277058019,Porto Alegre,RS
4982,8a5611913ab74089b839dc13ed8481ef,55ac7b88f6d7403e8099ddc4368a9da6,Belo Horizonte,MG
4983,fcf1b9ce9af8408a880cbf0fd5b80172,e980f36a3c5748b9bf0e893319b5554b,Porto Alegre,RS
4984,997587dada804cb8a723a288936a97cb,906bf43d6b3745229f68117b7f011cd0,PE City,PE
4985,ddd6e81094c54b12b68d0f403f48a0da,bb95117c34d745d7b4eccd2e01e1cb61,Sao Paulo,SP
4986,aca1d47b61114381b355c5971b229bc1,86e0718da5fb40489b5ab2dcece6a6fa,Sao Paulo,SP
4987,a8f6718eb4ac4c48a0de3b6ea2092393,8ace326ae16e40c5993abdfd10a88a06,CE City,CE
4988,acf4a3d772934cc8a833489e33986436,97747d1d22e749d2a549fb4ee6d82761,Sao Paulo,SP
4989,57da8cf388484f4eb17d5304f14545e9,4ca107e551544ae1be787d4504b92045,Porto Alegre,RS
4990,2b56ce6297a048e1ae203cd8356a4711,7efac8d0aec641f8befb6efe29f3bc94,Porto Alegre,RS
4991,ddc9e492d08149e8abe0bde6b764eaf2,72ba7605d038493fb473376ae2a26b6c,Porto Alegre,RS
4992,9588a78ef51c46d49640e21fdfa53a57,bd485ce6354b4fb58d0846115c125a0a,Sao Paulo,SP
4993,458261f079bf437d8666a04d0744b108,029e38a192d54445a178a8ab863b1dc0,Sao Paulo,SP
4994,58d63aa82fe84e1d99ce199fcf74aefb,fca59991857f4feab2fc7a43461b67f7,Belo Horizonte,MG
4995,eefdab489ec842ca8239c04807d6f0a6,acf259a66a2a49d5a044c8d7f0480ff6,Sao Paulo,SP
4996,b1fa81f516304499857512fa6ab12ae4,0a4c247419dc4d84a0c7357e7ff43f68,Belo Horizonte,MG
4997,4676f0bacd764f4c8a38fbcb778ac7a5,0af8bdb82c074968ac3dd21192cc2f94,Rio de Janeiro,RJ
4998,01d9f07063804a3188546f7bc3231ef3,700773c8c78243e0abc2b5d6a95ab933,Sao Paulo,SP
4999,10dcc963113443c2b60d472f6db07308,59f3df6bfd2c44bd9a9ded3b68185b00,Sao Paulo,SP
5000,5519fc4b49e246dfb0533ddac72e4cde,2256e316dbee4ddb937bbf59c4de62c8,DF City,DF
