order_item_key,order_id,order_item_id,date_key_purchase,seller_key,product_key,customer_key,price,freight_value,order_status,review_score,days_after_won
1,86324c7f3572425997957125016e3cb5,1,20171130,1,292,4915,170.63,21.94,delivered,4,54
2,86324c7f3572425997957125016e3cb5,2,20171130,1,119,4915,47.23,8.5,delivered,4,54
3,86324c7f3572425997957125016e3cb5,3,20171130,1,48,4915,51.71,8.5,delivered,4,54
4,eb39b79a3cc4497abd9b4e6e2fa8645e,1,20171008,1,312,4439,127.94,22.36,delivered,5,2
5,2a1cf9e606c043019009765886b5fd2f,1,20171023,1,324,1039,56.04,11.22,delivered,2,16
6,50bf8be85c774b8eb3949b9d71d2b429,1,20171007,1,91,3102,9.67,8.5,delivered,5,1
7,d552a6391f26499d985c073cc212cd82,1,20171109,2,413,3360,160.15,19.54,delivered,5,4
8,676a74ced85842eaa168b1488803c43c,1,20171108,2,190,2109,38.97,8.5,delivered,4,3
9,7d02dc66f1b347b6ac49b5dbdae843d9,1,20171121,2,260,2085,126.87,17.87,delivered,5,16
10,745997975ab94453ae543daabf0eb483,1,20180105,2,373,1440,75.65,12.0,delivered,5,61
11,7d5a4f5427fa4188aa368d570d9ad8ab,1,20180603,5,176,1095,453.57,37.61,delivered,3,19
12,b7df3dbc4edd4407815c783432c552fa,1,20180516,5,296,2786,74.71,14.99,delivered,2,1
13,b7df3dbc4edd4407815c783432c552fa,2,20180516,5,84,2786,68.27,14.77,delivered,2,1
14,bea93f12e31b40aab4defa8bbd06c131,1,20180628,5,444,2229,226.56,18.39,delivered,5,44
15,38dcac4b84b041d1af908d45e2faba22,1,20170926,7,108,3457,82.56,10.33,delivered,5,17
16,da08cb988a2a455fb526bf3da500ddb5,1,20171205,7,133,3317,57.81,8.5,delivered,4,87
17,bc4f8211adb34304b5f9a9c907af9076,1,20171005,7,409,309,318.11,51.67,delivered,1,26
18,bc4f8211adb34304b5f9a9c907af9076,2,20171005,7,141,309,55.41,8.5,delivered,1,26
19,bc4f8211adb34304b5f9a9c907af9076,3,20171005,7,261,309,49.05,10.44,delivered,1,26
20,23cfdf646fe847e9b2b003b7e2d64708,1,20170910,7,313,2334,195.97,33.38,delivered,2,1
21,5a611020614640058fa588b021ea07fe,1,20170916,7,302,3553,151.73,23.59,delivered,3,7
22,5a611020614640058fa588b021ea07fe,2,20170916,7,297,3553,26.65,8.5,delivered,3,7
23,de03fa5daf2b4038b2949b48ca2eb7b3,1,20170815,9,437,873,183.39,36.63,delivered,5,7
24,210d300d02c4433f95c7211be0e1ff8c,1,20170905,10,434,4787,17.13,8.5,delivered,5,19
25,210d300d02c4433f95c7211be0e1ff8c,2,20170905,10,226,4787,124.94,25.88,delivered,5,19
26,341facf08ccf4e15805972ab7f30f725,1,20171101,11,134,1761,128.82,24.66,delivered,4,5
27,2ed394912cd845c196f2c380b7f61bb4,1,20171103,11,425,2759,187.37,24.39,delivered,3,6
28,6bdfa5685d0a4cea956d79d1153ccb60,1,20171102,11,40,1,152.52,23.79,delivered,5,5
29,6ac43388280845aea5dc3f6e14e857d5,1,20171029,11,340,786,49.66,8.5,delivered,2,2
30,e3e8748a83bd404390dc7118fbb61c33,1,20171101,11,497,2328,33.59,8.5,delivered,5,4
31,e3e8748a83bd404390dc7118fbb61c33,2,20171101,11,313,2328,136.7,27.92,delivered,5,4
32,5fde347bed5f48cd91f72086f9974b51,1,20171216,11,453,4237,126.69,27.45,delivered,5,49
33,9e3d0b0c18ea4f1c80dfb1bc2555e233,1,20171128,11,401,137,99.77,13.69,delivered,3,31
34,8a423b63e88749abbf9327ad9025c861,1,20171030,11,70,2812,60.98,11.92,canceled,4,2
35,542d6e35552c4ad886f058ccd2c069a2,1,20180312,12,242,4596,209.82,41.21,delivered,3,5
36,c68674033f244f4fa98d09257aec4e5b,1,20180417,12,491,3652,23.4,8.5,delivered,2,41
37,c68674033f244f4fa98d09257aec4e5b,2,20180417,12,67,3652,88.65,11.19,delivered,2,41
38,f852624338724c0dbe82ac8ee75a1d84,1,20180317,12,220,2652,83.81,15.44,delivered,5,10
39,e84a0d7f221443d6b145ce3376a1fb3b,1,20180403,13,323,4213,77.13,10.61,delivered,4,19
40,1de21e439152409cb0f0fbd4c7407b14,1,20180319,13,389,2356,84.21,15.56,delivered,5,4
41,10253c2ccc57428589653f22e09f327f,1,20180323,13,180,1605,172.86,19.17,delivered,5,8
42,0621eec93c44424bb4371655b800d5db,1,20180323,13,225,651,28.93,8.5,delivered,1,9
43,5fed305635aa45d3be8b7b8bfaedd2aa,1,20180605,13,333,2732,220.63,24.09,delivered,5,82
44,5fed305635aa45d3be8b7b8bfaedd2aa,2,20180605,13,389,2732,18.86,8.5,delivered,5,82
45,2cf8d700ad1b40efa7cebe26c67bac10,1,20180319,13,269,4012,85.25,11.31,delivered,4,4
46,9cb9b48ed88f4e39946cbecf0dfe7698,1,20180326,13,213,1772,24.94,8.5,delivered,5,12
47,aed51ddee1c94d89b643d9b629250137,1,20180319,13,349,1767,35.3,8.5,delivered,4,4
48,aed51ddee1c94d89b643d9b629250137,2,20180319,13,322,1767,15.27,8.5,delivered,4,4
49,aed51ddee1c94d89b643d9b629250137,3,20180319,13,207,1767,19.5,8.5,delivered,4,4
50,d87106bfb77a4b2895cfb4392d725cdc,1,20180309,14,37,1906,56.66,9.88,delivered,5,4
51,b61139487bdc47c1a396edb974640f39,1,20180313,14,348,1822,104.8,14.57,delivered,1,8
52,e6eecc1af0a046fb909fffee28bee7bc,1,20180316,14,454,3675,184.45,26.29,delivered,4,11
53,e6eecc1af0a046fb909fffee28bee7bc,2,20180316,14,144,3675,135.09,27.19,delivered,4,11
54,0db47a90e23f4699bb7e6534faa09c68,1,20180308,14,212,3507,68.6,14.04,delivered,5,2
55,c860e16206f3487b98d0dca1e1c211ea,1,20180311,14,161,3215,238.69,42.37,delivered,5,6
56,8fafa2d4288246a989792e5248d6f2c4,1,20180313,14,495,2171,329.04,61.95,delivered,5,7
57,833960b4ea4445e6bebd409ddb32b8be,1,20180622,14,333,2234,176.15,20.0,delivered,4,108
58,dd8480c0a2e840879aaf036914babcff,1,20180308,14,182,2739,78.17,15.54,delivered,2,2
59,dd8480c0a2e840879aaf036914babcff,2,20180308,14,229,2739,144.35,26.7,delivered,2,2
60,7575fcb00db74a0ca27553b6011b4ee8,1,20180518,14,239,1967,50.17,8.5,delivered,5,74
61,f00db1e27d0b46bbb953dfd335ac40d5,1,20180113,15,12,205,75.28,16.12,canceled,5,12
62,5b800b71ca224d4cb19f370e9becdc4c,1,20180120,15,158,3828,67.62,11.06,delivered,4,19
63,87c978d275ad4acbbcfa3c4ce211b7ba,1,20180222,16,163,2442,39.41,8.5,delivered,5,13
64,b90961bf91984a0886a04ba087d18cd1,1,20180222,16,30,487,60.49,11.52,delivered,4,13
65,b9bff7f7b7cc408b9af496cd4b7819dd,1,20180211,16,408,2276,183.87,25.24,delivered,4,1
66,7ba56e56144d41ba8a2d0187f2b6b8ec,1,20170922,17,382,4148,56.05,8.5,delivered,3,1
67,7ba56e56144d41ba8a2d0187f2b6b8ec,2,20170922,17,135,4148,198.92,25.48,delivered,3,1
68,1a373478e5cf44c2a79f1aea759a3051,1,20170927,17,489,2994,115.7,12.18,delivered,1,6
69,5acb2f4fd46f42d3aa2704564d2eab10,1,20171113,17,324,3372,47.53,8.5,delivered,5,54
70,5acb2f4fd46f42d3aa2704564d2eab10,2,20171113,17,469,3372,21.2,8.5,delivered,5,54
71,ced514f01d444978a7f2a7d500f0c483,1,20180315,18,438,2132,24.68,8.5,delivered,5,21
72,9d5179a4e4b145a1b7a0cc4813fb8d06,1,20180302,18,418,491,18.24,8.5,delivered,5,8
73,fef249ed68e147228a752a851e2b4f28,1,20180113,19,353,638,380.55,71.22,delivered,5,8
74,fef249ed68e147228a752a851e2b4f28,2,20180113,19,257,638,53.88,8.59,delivered,5,8
75,9b8bcdd84fca499d989be37213e59b25,1,20180416,21,53,659,27.1,8.5,delivered,5,7
76,ae2d0e1bb6c3431bb8d4486b8072a2cf,1,20171123,23,404,1762,192.12,40.36,delivered,5,23
77,df723a374b0f4563a667ad88861cf4e9,1,20171104,23,157,627,44.97,8.5,delivered,5,4
78,763389374c034d2dac50bb19cfada6a7,1,20171109,23,210,4184,76.8,11.64,delivered,4,9
79,8aced0b2591f478ab1c2761f95285700,1,20171121,23,211,3782,6.74,8.5,delivered,5,21
80,8aced0b2591f478ab1c2761f95285700,2,20171121,23,334,3782,103.49,20.72,delivered,5,21
81,8aced0b2591f478ab1c2761f95285700,3,20171121,23,427,3782,53.89,8.5,delivered,5,21
82,2da1f7a6f6b04009b510064f2e6d27b4,1,20171115,23,365,130,60.52,8.5,delivered,4,14
83,2da1f7a6f6b04009b510064f2e6d27b4,2,20171115,23,207,130,39.26,8.5,delivered,4,14
84,a14618fc9b334866a1c708d2ca4cabd3,1,20171205,25,35,4316,133.58,15.85,delivered,1,10
85,af8d857f04924e3e93d966e5d4b2f97b,1,20171221,25,93,1897,21.28,8.5,canceled,2,25
86,edd17ea1d37c49b5b19113bc296bbb7c,1,20171214,25,162,3464,29.97,8.5,delivered,5,18
87,7f7b711dda7d428799b2b61bdb853181,1,20171207,25,469,4383,20.54,8.5,delivered,4,11
88,20d96c09a0d447b7801627929e95cf4b,1,20171214,25,449,2905,63.51,8.5,delivered,5,19
89,ed8c997ae68749c9914608a1d94d5457,1,20171129,25,158,265,89.55,12.82,delivered,5,3
90,126fb81a5d6048c7972f6c2dc70806d3,1,20171213,25,130,4521,178.41,25.61,delivered,5,17
91,b44f0703a17044cf888d8ecc08391f8c,1,20171128,25,443,2140,64.78,8.5,delivered,5,3
92,ca8c59ed4dfe458d90c5ec5246f9b041,1,20180107,25,135,1540,21.85,8.5,delivered,5,43
93,7474453b10fe45deae38e8b35a33b0fe,1,20180513,26,247,1851,81.27,13.84,delivered,4,8
94,5ea6f69e7f8749d58a865f25969a4b40,1,20171028,27,359,4402,96.22,17.87,delivered,2,7
95,a8d88206e0684f56a8e489fa0d3cdb23,1,20171105,27,246,2541,94.52,11.56,delivered,4,14
96,1a63405cac9d4d1eaa71d9252e20378f,1,20171024,27,259,1668,91.17,15.9,delivered,5,3
97,48749c762d384283a8541dbd19063023,1,20171023,27,101,2911,158.11,18.57,delivered,3,2
98,177d7d30b8024a40a54db731c0001073,1,20171119,27,179,4379,41.23,8.5,delivered,1,28
99,260bc1a6062943d9b4961b4cc2b68937,1,20171107,27,309,975,38.09,8.5,delivered,3,17
100,260bc1a6062943d9b4961b4cc2b68937,2,20171107,27,449,975,81.56,13.63,delivered,3,17
101,260bc1a6062943d9b4961b4cc2b68937,3,20171107,27,318,975,113.88,10.03,delivered,3,17
102,1d692ac6fa7a469b805e229721f44614,1,20171031,27,170,1400,99.58,13.0,delivered,5,10
103,f48b89af5ef64ee3a9964a7bb47c1f4f,1,20171023,27,92,3775,106.17,11.69,delivered,4,1
104,6bcb1d8b5af8412cb01b8ee4b7bd9bb5,1,20180206,27,273,4814,246.55,46.03,delivered,2,108
105,6bcb1d8b5af8412cb01b8ee4b7bd9bb5,2,20180206,27,293,4814,58.94,8.5,delivered,2,108
106,01ec30e90a91468da31fa5b6ba85b6d7,1,20171103,27,420,1607,30.26,8.5,delivered,5,13
107,01ec30e90a91468da31fa5b6ba85b6d7,2,20171103,27,198,1607,215.25,22.92,delivered,5,13
108,e98ca3c072fe460d90839edf5fda20ab,1,20171212,29,53,1418,97.61,17.23,delivered,5,6
109,657beef9566042a2ac31b6dfbac443df,1,20171219,29,391,3796,77.99,15.49,delivered,5,13
110,ed847bfd12f24d358900a73ca0fd79aa,1,20171222,29,80,519,20.54,8.5,delivered,5,16
111,0ef4101c423445a18027de33675311f7,1,20171219,29,371,743,37.19,8.5,delivered,5,13
112,7f7e52e75144466ba0d3fb8f6f7af909,1,20171220,29,183,687,40.21,8.5,delivered,5,14
113,7044b207cca94c43ba9401747a2b9bb6,1,20180117,29,98,2628,156.67,13.83,delivered,5,42
114,7044b207cca94c43ba9401747a2b9bb6,2,20180117,29,158,2628,98.47,11.97,delivered,5,42
115,fd7bb94d61a14ea88021667ccafb9d0a,1,20171213,29,365,4365,265.99,25.0,delivered,5,7
116,a11c6748c9f9452895fb0f4889d08929,1,20171227,29,282,3337,91.63,11.22,delivered,4,21
117,08d2901e3f4848678409e577c5242cb9,1,20180129,29,430,3741,39.27,8.5,delivered,5,54
118,9d76623f59fe4e49ac1a2ef0ce975926,1,20180405,29,401,2667,114.67,18.14,delivered,5,120
119,c9b762eb73df473cbc76491a87100242,1,20171207,29,209,4842,36.06,8.5,delivered,5,1
120,c9b762eb73df473cbc76491a87100242,2,20171207,29,440,4842,88.23,18.24,delivered,5,1
121,7c1544ab69dc482f956bb23a480d17e9,1,20171211,29,158,1251,54.4,9.56,delivered,3,5
122,0b56ea131c96439e996c544d2e3a8a9f,1,20171214,29,384,3436,173.41,23.16,delivered,4,8
123,8ceed3645fdf4dd9b8d8ba4e5e802830,1,20180704,30,459,765,284.11,52.71,delivered,4,31
124,394013d0782046b7a25627554c6b1eca,1,20180713,31,64,2049,124.54,17.02,delivered,5,32
125,ac8c9882387a44a1a55be21d4f0652d6,1,20180620,31,352,4125,77.58,8.5,delivered,5,8
126,a700fc233bc3475187fffcf8170d9ab8,1,20180625,31,401,3295,50.06,8.5,delivered,1,14
127,ba78682015a54c5c9bb3339112f533df,1,20180620,31,324,250,28.82,8.5,delivered,4,9
128,898ea2e0826a414d87e167ca41650919,1,20180612,31,118,92,259.49,25.81,delivered,5,1
129,5583b03791834108be0a802e14367e74,1,20171124,32,283,1061,100.83,16.92,delivered,3,44
130,d5a29b459ec5468a9e951dc6f4297494,1,20171023,32,24,1294,81.86,17.55,delivered,5,13
131,8e38cb4326cd46e8b24070ccffe0cf42,1,20171206,32,253,4579,121.57,22.24,delivered,5,56
132,8bc954985f44413da1643338a096c2a1,1,20171108,32,75,4559,146.23,24.19,delivered,3,29
133,627ba442d24146de8c731fd40d18996d,1,20171031,32,416,2742,144.07,12.43,delivered,3,20
134,627ba442d24146de8c731fd40d18996d,2,20171031,32,347,2742,159.98,35.1,delivered,3,20
135,61e2fb563d214d999aab0928fd9d6c4e,1,20171110,32,413,4228,302.03,40.23,delivered,5,31
136,5b11969229de4775b37ea37d90024d64,1,20171018,32,135,235,107.99,8.83,delivered,5,7
137,5b11969229de4775b37ea37d90024d64,2,20171018,32,401,235,61.9,8.5,delivered,5,7
138,d137151a4215484b94e18dd83856e0b8,1,20171020,32,355,2159,133.6,29.01,delivered,5,9
139,ce6b30816bad4d1fb0eee13f387d2471,1,20180330,33,446,4748,130.45,11.96,delivered,5,12
140,e66c3edd083041ae97d13bdc6beb4e6b,1,20180418,36,105,3213,21.68,8.5,delivered,3,6
141,bd405084ec0241dabe4efe334f64c640,1,20171109,37,113,2904,130.53,19.85,delivered,2,54
142,bd405084ec0241dabe4efe334f64c640,2,20171109,37,252,2904,50.29,8.5,delivered,2,54
143,a6cd70aff43f4a3ab76acf29beb541d2,1,20170923,37,467,2848,362.01,78.46,delivered,4,7
144,a6cd70aff43f4a3ab76acf29beb541d2,2,20170923,37,320,2848,54.1,10.61,delivered,4,7
145,c98c21096901442dbd8f6e51687b870a,1,20171025,37,214,3190,178.61,30.47,delivered,5,39
146,6091a9c881a2468ba3ad3761c0d97e39,1,20170919,37,410,189,275.84,50.14,delivered,5,2
147,491cd99394574acc9f5967ba18de8676,1,20170921,37,247,3131,112.58,22.1,delivered,5,4
148,491cd99394574acc9f5967ba18de8676,2,20170921,37,142,3131,13.07,8.5,delivered,5,4
149,237eb5cf447740e7a46ec78938e91dd7,1,20171221,37,110,4731,65.25,9.87,delivered,1,96
150,237eb5cf447740e7a46ec78938e91dd7,2,20171221,37,107,4731,91.94,11.59,delivered,1,96
151,8e871d88ae434e0e8d45651a9af6f7cd,1,20170925,37,374,4808,41.3,8.5,delivered,4,9
152,3e59c32425684937ba2dc6f3948041e8,1,20170926,37,302,2375,147.25,26.44,canceled,4,9
153,c6a992a723704ee6a8592f9131c4bc8b,1,20170920,37,375,3766,26.37,8.5,delivered,5,4
154,324084b2959a42e78253bd985be2e612,1,20170928,37,288,2521,47.49,8.5,delivered,1,12
155,324084b2959a42e78253bd985be2e612,2,20170928,37,184,2521,82.73,16.84,delivered,1,12
156,18f1219735094d54bcc8f34ec00caeaa,1,20170917,37,420,1762,84.99,13.51,delivered,5,1
157,15ba5db19eed47249594901a328dc304,1,20180304,39,414,3227,57.95,9.15,delivered,5,6
158,1d280aaada934d9998e6d0a6e2f15654,1,20180330,39,195,3391,73.73,13.01,delivered,2,32
159,31214e176c094ed89027ffcf43dc081e,1,20180309,39,481,1367,113.75,19.65,delivered,3,11
160,31214e176c094ed89027ffcf43dc081e,2,20180309,39,340,1367,33.61,8.5,delivered,3,11
161,31214e176c094ed89027ffcf43dc081e,3,20180309,39,454,1367,19.28,8.5,delivered,3,11
162,1a7ca5ddc9bf4ae196bf643f4764580c,1,20180330,39,270,14,215.97,23.88,delivered,4,32
163,f49c869a9f6344d8a6f24beab669acbd,1,20180307,39,460,1718,74.6,11.29,delivered,3,9
164,ffb7000dc3354036949879b9749c32c0,1,20180430,39,349,4385,226.53,48.0,delivered,3,63
165,b9da33987a9d4456ac34f333a9a4bab9,1,20180227,39,258,3355,23.65,8.5,delivered,2,1
166,e6df5fcab43f433aa7448a94f64e9888,1,20170808,41,113,2654,34.6,8.5,delivered,4,25
167,6919b3de681c441bae34cdc332fa37db,1,20170807,41,244,4707,29.9,8.5,delivered,4,24
168,cfe42ea9b0af4661b91896475669dc93,1,20170716,41,42,2928,105.67,22.32,delivered,4,2
169,046f39b31e0e40c8a64ffddaa0abc40b,1,20170720,41,82,2702,116.82,24.45,delivered,5,6
170,73891265c0d849558a9354699d905f23,1,20171003,41,495,4403,77.01,9.14,delivered,5,81
171,2aac893e770b4f8ca702222a126a4c00,1,20170718,41,455,4314,68.03,14.8,delivered,2,4
172,2aac893e770b4f8ca702222a126a4c00,2,20170718,41,81,4314,173.52,24.29,delivered,2,4
173,0b478f8d5c61426cb06d3690a34a2beb,1,20170727,41,317,966,103.95,15.49,delivered,5,13
174,5dd3b5e4460b4612b72565359e04c09a,1,20170824,41,209,1836,12.36,8.5,delivered,4,41
175,b277c439c2a9469ea53b2d9a01445a02,1,20170716,41,224,2935,106.21,13.12,delivered,5,2
176,b277c439c2a9469ea53b2d9a01445a02,2,20170716,41,58,2935,29.35,8.5,delivered,5,2
177,d96377b3fde54d038e34e12028d1d8ad,1,20170718,41,479,4906,211.02,38.23,delivered,5,4
178,d96377b3fde54d038e34e12028d1d8ad,2,20170718,41,468,4906,36.67,8.5,delivered,5,4
179,e1bf8a346ec7461db42d2b0023c45814,1,20170811,41,32,4132,35.59,8.5,delivered,4,28
180,145cd2bb41a24c2ba587d8d28be2f2ad,1,20170919,42,168,309,110.96,17.82,delivered,4,29
181,145cd2bb41a24c2ba587d8d28be2f2ad,2,20170919,42,334,309,36.36,8.5,delivered,4,29
182,30671027a1a4448396ff01b56d30e2a5,1,20171001,42,144,1185,181.15,33.75,delivered,5,41
183,861b04d05861409d8cd7ea80d8431a7c,1,20170911,42,196,4917,129.11,17.74,delivered,5,21
184,870a0d1fb2d348f59146cae2db8e6f17,1,20170901,42,224,4260,38.93,8.5,delivered,5,10
185,2f50ede0aab14ac59f5d592a63935f15,1,20180608,43,5,4147,11.78,8.5,delivered,3,8
186,b24a548b127f4dffb6c9f3b902e6b197,1,20180612,43,430,4535,14.18,8.5,delivered,4,12
187,b24a548b127f4dffb6c9f3b902e6b197,2,20180612,43,446,4535,105.92,11.72,delivered,4,12
188,0703f8e7553a4832b2bd0208e7402585,1,20180601,43,383,4318,114.8,16.99,canceled,1,1
189,5d29590508934c3fb6db29132bba1271,1,20180405,45,451,2140,115.54,9.5,delivered,1,8
190,bd4a04d9efab4c3d82f1f8544f6d9eeb,1,20180507,47,315,1264,28.01,8.5,delivered,1,3
191,bd4a04d9efab4c3d82f1f8544f6d9eeb,2,20180507,47,249,1264,35.07,8.5,delivered,1,3
192,deef47a890a14385bf964db176fc4e5f,1,20180511,47,323,4062,118.65,15.02,delivered,2,8
193,deef47a890a14385bf964db176fc4e5f,2,20180511,47,106,4062,11.14,8.5,delivered,2,8
194,6b04470ccf864842b7150f6132eff93a,1,20180607,47,307,4698,30.44,8.5,delivered,5,34
195,f3eb324098a240858a358993c82765dc,1,20180506,47,474,3641,29.61,8.5,delivered,5,3
196,5ea680db16c14300bebcddd7d8b2450c,1,20180518,47,497,1399,56.45,8.5,delivered,4,15
197,5ea680db16c14300bebcddd7d8b2450c,2,20180518,47,454,1399,45.61,9.08,delivered,4,15
198,5ea680db16c14300bebcddd7d8b2450c,3,20180518,47,333,1399,93.49,18.45,delivered,4,15
199,10ffe0851d0c40b0aa22694a42909e97,1,20171009,48,345,2015,119.91,17.94,delivered,5,68
200,10ffe0851d0c40b0aa22694a42909e97,2,20171009,48,175,2015,204.09,41.32,delivered,5,68
201,a84937381b014611be23e5dfa2f5eadb,1,20171126,48,214,1301,57.21,8.5,delivered,5,117
202,178bafb323a44194bf6d082f3ea25535,1,20170818,48,137,3914,70.49,8.5,delivered,5,16
203,ac7ca8d5941f491b9697109e71954d3c,1,20170918,50,398,3653,111.21,21.85,delivered,4,13
204,0407d7465062410a9f93cc2869257933,1,20170917,50,357,674,126.3,20.17,delivered,5,12
205,0407d7465062410a9f93cc2869257933,2,20170917,50,52,674,67.31,11.11,delivered,5,12
206,09c0a10d80c2454ab4eedbf4c45a609b,1,20170907,50,36,3959,160.64,16.3,delivered,5,2
207,ae80b1c5e5ef4829a3ed81cd84da9187,1,20180508,51,310,787,114.24,21.63,delivered,3,35
208,cb2cc4e4c382403486777ef988724021,1,20180417,51,318,822,166.37,25.92,delivered,4,14
209,b2ca148337b8495baf0bddb9ae628e32,1,20180411,51,244,2756,108.08,12.76,delivered,5,8
210,0210d342192b4fa5897afc3a8ef8f021,1,20180404,51,299,2872,120.8,24.85,canceled,2,1
211,1df0d5ae60924f4fa7f2198a7a2e6963,1,20180411,51,372,2963,82.01,13.6,delivered,5,9
212,a9b260b00ae44d889e1e128276da9f3c,1,20180711,53,275,1824,48.76,8.5,delivered,3,1
213,df78a1cd50a444d1a73fa50075250fb1,1,20180710,53,410,2755,125.92,20.01,delivered,5,1
214,2f1edae2c4c14a83a93200971cc28185,1,20180911,53,440,4770,49.99,10.28,delivered,5,64
215,73fcd56412864b42a3e8fa90656cb512,1,20180716,53,178,1975,124.39,13.62,delivered,2,6
216,19dfd6c675cb4d309809b8ecaa1b95f2,1,20180720,53,25,1024,173.54,16.55,delivered,5,10
217,19dfd6c675cb4d309809b8ecaa1b95f2,2,20180720,53,487,1024,76.12,9.64,delivered,5,10
218,0336055dc6c94e4bae1306efe2dce5d3,1,20180729,53,393,3727,198.28,23.85,delivered,5,19
219,e73b1e65a2ac4603a443eb971356ff15,1,20180725,53,135,588,63.73,11.29,delivered,5,16
220,3da7f43e615f48ce8851c75cc7f55f9f,1,20180711,53,240,1417,24.3,8.5,delivered,5,2
221,3da7f43e615f48ce8851c75cc7f55f9f,2,20180711,53,173,1417,68.37,9.31,delivered,5,2
222,63a603473cf344e19f5c1561e5018e3c,1,20180714,53,495,2807,58.47,10.66,delivered,2,5
223,63a603473cf344e19f5c1561e5018e3c,2,20180714,53,250,2807,67.59,8.5,delivered,2,5
224,63a603473cf344e19f5c1561e5018e3c,3,20180714,53,202,2807,16.85,8.5,delivered,2,5
225,7d3390490dcb45d0ba93f5fb9f4118c1,1,20180712,53,161,1754,25.99,8.5,delivered,4,2
226,7d3390490dcb45d0ba93f5fb9f4118c1,2,20180712,53,441,1754,17.83,8.5,delivered,4,2
227,c96b11e541b04830beebb154ab5ddfee,1,20180804,53,428,2864,105.37,19.87,delivered,4,25
228,6c3ec30e427145a4b2a69c7b67f362f7,1,20180729,53,186,4898,88.78,18.64,delivered,5,19
229,6b4d58f252d44b6388c6213aa19d73a6,1,20180714,53,404,3297,47.71,9.81,delivered,5,4
230,5fa72a7c38414180ab1dc839c26c0863,1,20180713,53,123,1585,75.49,8.5,delivered,5,4
231,5f03175d6d934b4dae871bdeec172b28,1,20180729,53,239,16,69.01,8.5,delivered,5,19
232,e57a5b2ae30d456897747186172f5418,1,20180810,53,50,3643,21.03,8.5,delivered,5,31
233,53bb21cc8b9e41dba9f43928bb1a31a9,1,20180815,53,126,4008,29.66,8.5,delivered,5,36
234,46aeda7f4d314bb99e50af5bde019806,1,20180715,53,293,2862,102.39,13.07,delivered,5,5
235,9312fa7a32a040248ce2e3a596968905,1,20180711,53,191,1776,156.72,28.2,delivered,4,1
236,a74fbc80a8144fffbbec3cc43c2058f9,1,20180811,53,98,1005,118.44,19.56,delivered,3,33
237,a74fbc80a8144fffbbec3cc43c2058f9,2,20180811,53,199,1005,44.24,8.5,delivered,3,33
238,a74fbc80a8144fffbbec3cc43c2058f9,3,20180811,53,40,1005,117.6,16.98,delivered,3,33
239,413b88fe547d4421af1dcce428324a37,1,20180905,53,19,860,24.35,8.5,delivered,5,58
240,413b88fe547d4421af1dcce428324a37,2,20180905,53,236,860,52.08,8.5,delivered,5,58
241,413b88fe547d4421af1dcce428324a37,3,20180905,53,331,860,422.34,49.73,delivered,5,58
242,2cfc78ff76f843fc95f80da5a439a601,1,20180720,53,306,4449,86.68,9.1,delivered,5,10
243,2cfc78ff76f843fc95f80da5a439a601,2,20180720,53,271,4449,19.21,8.5,delivered,5,10
244,2cfc78ff76f843fc95f80da5a439a601,3,20180720,53,349,4449,73.63,8.5,delivered,5,10
245,7b4d96db0fb2443daeb181f1500a0ade,1,20180809,53,341,2992,29.69,8.5,delivered,5,31
246,2dfc2975bec54e528a9f083f2b68e127,1,20180717,53,181,3292,258.73,56.86,delivered,4,7
247,5bf4c926a9a845d08e560b440998898f,1,20180714,53,408,1968,141.32,18.35,delivered,4,4
248,4f6a9dd3936542a99df87f9cb24f7348,1,20180718,53,66,4007,69.62,8.5,delivered,5,9
249,becee4f813bc4a5890cc9e969d87b0c6,1,20180719,53,411,700,152.17,19.53,delivered,5,9
250,ad518100ea4a4d1cb2d2fb909f115b25,1,20180818,53,98,60,45.82,8.5,delivered,2,40
251,26823793fc714e24bb76fa75fa080932,1,20180715,53,159,1352,147.61,31.97,delivered,5,5
252,d983f8acf1b54d4ba27a180d67e2557a,1,20171113,54,473,3320,39.1,8.5,delivered,5,2
253,d983f8acf1b54d4ba27a180d67e2557a,2,20171113,54,246,3320,112.66,20.25,delivered,5,2
254,8f51c04a23894ca6838095e685ec1a5c,1,20171116,54,267,513,51.41,11.05,delivered,5,5
255,19c9c88c4e164049a221e71419550a45,1,20171202,54,370,423,236.28,26.46,delivered,5,21
256,18c9b118923446edac156f08f493303b,1,20171116,54,200,2989,30.33,8.5,delivered,4,5
257,b933d77c0b85436a808ba97f9696d268,1,20171201,54,122,1487,121.66,25.01,delivered,5,20
258,e47858960edf4a8da27692f0f4297e9b,1,20171118,54,73,2167,90.42,18.45,delivered,4,7
259,2e1aff510377453ebd9dfcc56ad2d45b,1,20171112,54,415,4779,53.98,8.5,delivered,5,1
260,969b3ec8c9124fdfbd0ead6090392e8b,1,20171114,54,321,1362,35.38,8.5,delivered,5,3
261,31c19a987ea84a9694fc19d63aebe670,1,20171213,54,300,3094,622.44,92.43,delivered,1,32
262,79a80ff89c4e4c1ca6619c175af28566,1,20171116,54,232,2508,38.91,8.5,delivered,5,5
263,2498c83d6ca74044bec0dd809c0863b0,1,20170809,55,93,3050,59.98,8.5,delivered,5,4
264,2498c83d6ca74044bec0dd809c0863b0,2,20170809,55,420,3050,313.28,38.97,delivered,5,4
265,2498c83d6ca74044bec0dd809c0863b0,3,20170809,55,147,3050,226.35,47.41,delivered,5,4
266,34928da238d34748b29a1ab1499a68b1,1,20170819,55,273,800,78.73,13.64,delivered,5,14
267,66a97b5a47b841b2961a050218ac2740,1,20170811,55,97,1752,182.73,27.7,canceled,4,6
268,66a97b5a47b841b2961a050218ac2740,2,20170811,55,10,1752,179.68,31.66,canceled,4,6
269,60bae93f8f1f4113bfa9cfe5ca867b2e,1,20171125,57,330,1689,40.73,8.5,delivered,5,9
270,60bae93f8f1f4113bfa9cfe5ca867b2e,2,20171125,57,354,1689,53.15,8.67,delivered,5,9
271,1e5932b2fce24e3785fb36416d71d374,1,20171122,57,275,4203,58.86,11.12,delivered,4,6
272,9cfe4ff40810405da58d1da779a9f078,1,20171203,57,344,658,94.34,9.32,delivered,5,17
273,9cfe4ff40810405da58d1da779a9f078,2,20171203,57,15,658,164.01,34.85,delivered,5,17
274,142417aa527e437db871f7643aedaa42,1,20171230,57,166,1998,91.11,10.69,delivered,5,44
275,142417aa527e437db871f7643aedaa42,2,20171230,57,31,1998,93.95,19.35,delivered,5,44
276,142417aa527e437db871f7643aedaa42,3,20171230,57,57,1998,96.05,10.17,delivered,5,44
277,9b175be058584f2a90bb73d79abaae15,1,20171231,57,101,1697,206.04,16.53,delivered,5,44
278,1ea25cca263c4295bed07e0156b98ae0,1,20171119,57,24,2385,30.62,8.5,delivered,4,3
279,fd6396e5b12f444a804b6aedfa96417e,1,20180409,58,498,3959,68.52,10.69,delivered,1,2
280,b479cb60682a401e8f79c7fc3c111099,1,20180105,59,192,1183,32.74,8.5,delivered,4,6
281,5c147342ce474e4e9352d53391ae067c,1,20180622,60,95,539,122.69,26.28,delivered,5,18
282,5c147342ce474e4e9352d53391ae067c,2,20180622,60,256,539,85.82,8.64,delivered,5,18
283,5c147342ce474e4e9352d53391ae067c,3,20180622,60,145,539,33.86,8.5,delivered,5,18
284,6b7e89c5f9794682a30982e179b9d8ad,1,20180609,60,53,405,38.88,8.5,delivered,5,5
285,76fe712012f64ebaaab0e853703b1d29,1,20180626,60,83,1853,85.52,11.48,delivered,3,22
286,76fe712012f64ebaaab0e853703b1d29,2,20180626,60,153,1853,51.82,8.89,delivered,3,22
287,76fe712012f64ebaaab0e853703b1d29,3,20180626,60,408,1853,208.16,28.33,delivered,3,22
288,93140b242eae4ee9a28a4e973089b9be,1,20180606,60,314,2446,63.59,8.5,delivered,5,2
289,a90375c37e064a8fb85644b3b0be5b87,1,20180616,60,11,1890,94.25,12.65,delivered,4,12
290,b3357bd3efcd425789a4b175dc2de580,1,20180626,60,364,272,38.4,8.5,delivered,5,22
291,6aabfba2636448af81e558a6353aaee7,1,20180614,60,417,2445,87.68,15.14,delivered,4,10
292,6aabfba2636448af81e558a6353aaee7,2,20180614,60,59,2445,32.32,8.5,delivered,4,10
293,6aabfba2636448af81e558a6353aaee7,3,20180614,60,306,2445,84.09,12.03,delivered,4,10
294,b34dfd330e314b398eb3a8bf929f05b3,1,20180610,60,443,4525,234.42,31.02,delivered,4,6
295,b34dfd330e314b398eb3a8bf929f05b3,2,20180610,60,294,4525,151.6,14.25,delivered,4,6
296,b34dfd330e314b398eb3a8bf929f05b3,3,20180610,60,204,4525,95.96,21.02,delivered,4,6
297,4df3d563199a4e02812b7d69f0aba041,1,20180708,60,237,3206,299.53,35.59,delivered,5,34
298,d5af8aa4f5374995a30366689d68e5f8,1,20180611,60,128,2021,208.05,35.22,delivered,5,7
299,d5af8aa4f5374995a30366689d68e5f8,2,20180611,60,204,2021,184.2,33.53,delivered,5,7
300,d5af8aa4f5374995a30366689d68e5f8,3,20180611,60,400,2021,55.87,11.31,delivered,5,7
301,7761c6576ca14be28a220a73226d5513,1,20180514,61,58,29,127.02,17.69,delivered,5,8
302,099feaac5c704585af0625fcfcbc2977,1,20180507,61,406,4179,278.49,33.05,delivered,3,1
303,099feaac5c704585af0625fcfcbc2977,2,20180507,61,6,4179,82.24,8.5,delivered,3,1
304,22bc5c19f3354fee92b8851a0942c36c,1,20180405,62,388,3016,34.74,8.5,delivered,4,5
305,b07aa8338854402c9c21909f3a3af17e,1,20180204,63,186,678,103.77,14.82,delivered,2,12
306,44596ef294054a6c99126b36b019cbe0,1,20180125,63,471,3933,406.64,46.98,delivered,5,2
307,85f583a662714e79a6b99463d3fd525e,1,20180205,63,377,1001,120.16,10.98,delivered,5,13
308,64ac81d05a7147e59398f1a2d2f37ff8,1,20180125,63,97,1234,111.23,10.25,delivered,4,2
309,d48b53e170d34bd1a01c0e670149fce9,1,20180204,63,362,4205,68.47,10.1,canceled,5,12
310,3a4efbfdb7b24134a7edfe8cbe3dc1f7,1,20180125,63,233,2777,105.49,9.92,delivered,5,2
311,5a4ed9aac94649959042de02ce5d96fc,1,20180124,63,99,3981,182.83,15.46,delivered,3,1
312,1078a84f445c4b62b536c1ecde60ed32,1,20180211,63,156,3702,289.37,26.14,delivered,4,18
313,8c095e1f421045c1a44863bc0e42153f,1,20180218,63,494,40,56.69,8.5,delivered,5,26
314,8c095e1f421045c1a44863bc0e42153f,2,20180218,63,277,40,699.78,135.25,delivered,5,26
315,d9643893c2de4acba29c552af7bff48d,1,20180623,65,287,1959,57.23,8.5,delivered,2,91
316,14214531cdb4406b8b1a63286e5f7bc3,1,20180415,65,224,3748,95.36,19.08,delivered,5,21
317,92d957baa9034f2b83d1e881fab49fd7,1,20180330,65,167,2293,134.12,28.41,delivered,5,5
318,74a869c2cb1b4077bb3f63af60595f7f,1,20180104,66,390,656,64.29,8.5,delivered,5,18
319,2e0d5fbb04254f0f99a2fad5bbb137e3,1,20180308,66,406,1451,42.75,8.5,delivered,1,81
320,7467571d4edd45c9973056230661ea92,1,20171220,66,60,4095,46.44,8.78,delivered,5,2
321,86416b4b38ec461d9798a2a9c4fb756a,1,20171219,66,301,2302,584.94,71.65,delivered,5,1
322,ff82a997790c4eeb9d9caf652dad847f,1,20171221,66,177,960,37.0,8.5,delivered,4,4
323,07ba0d935a0b4465b1853e9cf3e14c13,1,20180204,66,233,1329,44.61,8.5,delivered,5,49
324,2f452f6eb9ca427b93e9b0172838ae9a,1,20171222,66,212,2449,92.64,18.2,delivered,3,4
325,2f452f6eb9ca427b93e9b0172838ae9a,2,20171222,66,54,2449,52.53,8.5,delivered,3,4
326,2f452f6eb9ca427b93e9b0172838ae9a,3,20171222,66,248,2449,123.48,26.36,delivered,3,4
327,7085cc2b5e8c408797928bc50ad2d5b5,1,20180103,66,149,2513,98.45,17.16,delivered,5,16
328,7e61169cf0ed424bb779522cc10b90e4,1,20180101,66,263,2797,225.36,35.86,delivered,5,14
329,f0843e0a51f04f7bb80d410b28e7901a,1,20171220,66,296,1364,43.59,8.5,delivered,2,3
330,f0843e0a51f04f7bb80d410b28e7901a,2,20171220,66,260,1364,133.17,16.95,delivered,2,3
331,cc2e77adaa5e4cfb8b76e8a58aa92936,1,20171224,66,260,4752,62.65,8.5,delivered,5,7
332,88c4324142f947aba5e13bb0fc13e2a3,1,20171226,66,6,2858,58.88,11.66,delivered,5,8
333,2e201b9d23404b28ba7b3bd663e2e72b,1,20180101,66,368,4895,85.31,17.13,delivered,4,14
334,dcad4c7e76514d019f92374bccbf3ef5,1,20180107,66,401,4255,195.77,30.68,delivered,5,21
335,78df285603da417584c527e120572443,1,20180107,66,225,3628,6.76,8.5,delivered,5,20
336,d185c2bea9414ce68082c92657480ad1,1,20180310,66,458,1681,35.29,8.5,delivered,5,83
337,532428d17312441fa1cf95609f741f11,1,20180108,66,302,1826,268.38,28.37,delivered,4,21
338,73889f90177142cf9fca18d550961ffc,1,20180122,66,389,700,23.14,8.5,delivered,5,36
339,e7b0bf1e1c994aad8ed47ad3c63c24a1,1,20180102,66,215,1066,72.84,8.5,delivered,1,16
340,d4e68bd035a149f5a2f2c31a77aa7c24,1,20171231,66,148,4421,114.64,12.41,delivered,4,13
341,d4e68bd035a149f5a2f2c31a77aa7c24,2,20171231,66,119,4421,56.17,8.5,delivered,4,13
342,b0db934d888549538efae6de081af92a,1,20171008,67,302,1173,43.81,9.2,delivered,1,10
343,53a5187afdef484c810ca55ef4fc9aa2,1,20171026,67,417,3106,81.13,14.54,delivered,5,28
344,32d5226268504d749ce25993ad50b2f2,1,20170928,69,117,4637,41.74,8.5,delivered,3,10
345,07fca0aad69441cea1a17e07f300cd7b,1,20170923,69,98,2817,55.4,8.5,delivered,5,5
346,07fca0aad69441cea1a17e07f300cd7b,2,20170923,69,276,2817,47.63,9.68,delivered,5,5
347,9fcc55017da94a05b61f71611f3c736f,1,20170927,69,70,4906,88.01,13.27,delivered,5,10
348,648041ae88e446bd902587234156b481,1,20170920,69,442,398,37.77,8.5,delivered,4,2
349,7e3ef4e0795b48478631bbb2c9cfa06b,1,20171005,69,273,4553,134.64,19.8,canceled,4,17
350,fd00a303d82149759d3f309848afd01a,1,20171012,69,324,874,30.2,8.5,delivered,3,25
351,f1e84e605f3f4ba0866f242235228fa4,1,20170922,69,494,1366,63.99,8.5,delivered,4,5
352,775d2d5ea2e24f9a9b2e4195b7d93ac7,1,20180619,70,499,53,138.96,19.76,delivered,2,9
353,93ade066d1914c5dba2f2d3864ea16b4,1,20180707,70,246,2992,86.33,13.64,delivered,4,28
354,cc868a95a69448018f16327ee7f14852,1,20180615,70,279,4343,126.42,17.14,delivered,5,5
355,00ae439b0f174dfba65fb3bf662b546c,1,20180612,70,487,1874,85.34,8.5,delivered,4,3
356,00ae439b0f174dfba65fb3bf662b546c,2,20180612,70,63,1874,89.99,10.34,delivered,4,3
357,f8dd546c55aa421aaffa22d1bd11587e,1,20180613,70,497,281,85.81,15.48,delivered,5,3
358,f8dd546c55aa421aaffa22d1bd11587e,2,20180613,70,167,281,80.5,12.75,delivered,5,3
359,d85852c53d3646ac969e3fad415855df,1,20180810,70,339,4849,235.94,23.23,delivered,4,62
360,bf74b8075e4b41ceb18667a9eb6f43fa,1,20180624,70,82,4297,24.94,8.5,delivered,5,14
361,4e76818eb12e4bf798e4e73c9fc3b57b,1,20180612,70,413,625,99.74,12.3,delivered,5,3
362,4e76818eb12e4bf798e4e73c9fc3b57b,2,20180612,70,186,625,82.19,15.75,delivered,5,3
363,33257db948844bc0ba9c60ee4563d01e,1,20180709,70,296,927,16.56,8.5,delivered,5,29
364,42d7a3fa7ea84efab1e83e67c2d99f7c,1,20180613,70,100,3499,57.41,10.7,delivered,5,4
365,f00afdabeb2748c9bae8ba5c7f6bccc6,1,20180612,70,41,37,88.44,15.76,delivered,5,2
366,6ad69ec4324d444a841e48d0a5a55291,1,20180614,70,351,3995,90.81,8.5,delivered,5,4
367,d72b2940243648ff8324acb3cf2e9805,1,20180621,70,336,1305,343.05,63.57,delivered,5,12
368,d72b2940243648ff8324acb3cf2e9805,2,20180621,70,43,1305,200.28,36.3,delivered,5,12
369,3e3722324aa040cc91c2ea60dc6d2efa,1,20171117,73,35,2438,265.15,36.0,delivered,4,33
370,378bd8f2b331499c80c5fbc0e63def8d,1,20171017,73,35,1127,41.8,8.5,delivered,2,2
371,d65569191039427a97f3f9edaf0b5f9e,1,20171029,73,164,3401,80.07,13.69,delivered,5,14
372,34b988f736694922adbb38335ddaf119,1,20171023,73,349,2913,87.33,15.31,delivered,2,8
373,34b988f736694922adbb38335ddaf119,2,20171023,73,230,2913,28.28,8.5,delivered,2,8
374,b05873a4f1654747bff7f70affa764fe,1,20171018,74,29,1883,69.17,10.19,delivered,2,3
375,7b556d027dba4869b6ab75b2ce194d7b,1,20171017,74,104,4448,97.5,8.5,delivered,5,2
376,b86991fbde93482eaf8eb5fcddb4c5fe,1,20171104,74,353,4043,155.92,24.6,delivered,5,20
377,409c25692d48483aa45779d64370e0f8,1,20171019,74,408,86,154.54,14.27,delivered,4,4
378,e71c234be4ee41d9aab38e1f37d26322,1,20170818,75,118,3649,30.37,8.5,delivered,4,10
379,4fc0f68a710b4acab660c75c50ee043c,1,20170811,75,273,2195,30.41,8.5,delivered,5,3
380,77204dfb55b24932a2eeb3a35ccb2b7a,1,20170813,75,187,3771,25.02,8.5,delivered,5,5
381,8be3dea6c8e642dd8173e51a2584ecb1,1,20170830,75,434,3542,55.68,12.06,delivered,5,22
382,403f01a53f284dc99d865cf29e447f8d,1,20180224,76,293,1058,320.6,31.51,delivered,4,23
383,203dfba816d1417b8a1e03ac363da420,1,20170903,77,370,1268,92.83,12.01,delivered,4,3
384,203dfba816d1417b8a1e03ac363da420,2,20170903,77,122,1268,25.86,8.5,delivered,4,3
385,3b532a03cf6f4541bf08798cccb4704f,1,20170911,77,426,3687,164.66,19.37,delivered,3,11
386,3b532a03cf6f4541bf08798cccb4704f,2,20170911,77,332,3687,89.63,17.85,delivered,3,11
387,4f1220a8710a4200ad4ee015a76931e7,1,20170720,79,304,2790,128.62,26.67,delivered,5,17
388,4f1220a8710a4200ad4ee015a76931e7,2,20170720,79,176,2790,162.15,25.13,delivered,5,17
389,3291ab1a87f14d5d9c8385ee0689c246,1,20170713,79,432,1024,103.58,11.35,delivered,4,11
390,3291ab1a87f14d5d9c8385ee0689c246,2,20170713,79,310,1024,23.05,8.5,delivered,4,11
391,c6f1755c9eb5413c88cb7653cc84248a,1,20170720,79,463,4928,133.97,25.49,canceled,5,18
392,3b9f36d8158c4dd5877a503dc01a6290,1,20171003,79,406,2480,153.36,32.95,delivered,2,92
393,0d80286362f14a72be93a8d43278d606,1,20170802,79,424,4599,28.93,8.5,delivered,5,31
394,08fcf1693ef6412491842de932812d48,1,20180330,80,308,3158,38.75,8.5,delivered,2,15
395,31d915de7a4745879f6b9537987f6715,1,20180322,80,295,1457,136.1,29.04,delivered,5,7
396,39b393ef1d1742b19399c799dfa3c9d8,1,20180329,80,223,1931,553.06,99.09,delivered,5,14
397,6921f4ce31b2402ea7d07b3a2c1a8fea,1,20180404,80,153,1408,31.45,8.5,delivered,5,20
398,01f927966e9c4ca2b4d60336b396bf2e,1,20180503,80,319,2807,122.5,25.18,delivered,5,49
399,ff583caefcaf4fef943969a85643a520,1,20180403,80,186,4945,130.34,19.12,delivered,4,19
400,96307ede3fd04a50ba959fff3c532d85,1,20180401,80,444,2519,87.78,15.33,delivered,5,17
401,78935fb7395f4c8cb8e80d821c6e72a2,1,20180326,80,139,4681,27.73,8.5,delivered,4,11
402,f6e09d6fdffa4348b0a09d978986aaea,1,20180410,80,298,1027,116.85,23.48,delivered,5,26
403,d8426266e7b7473b8e5afafe0aa1f40e,1,20180407,80,5,409,81.18,13.33,delivered,5,23
404,1a7d7a8ecc54403a93d9ce14a44f743b,1,20180324,80,213,3957,88.64,8.67,delivered,3,9
405,1a7d7a8ecc54403a93d9ce14a44f743b,2,20180324,80,451,3957,87.02,9.01,delivered,3,9
406,b3c560302f734462aa7e6975cf186169,1,20180330,80,305,1032,51.7,8.5,delivered,5,15
407,190e5c5efe3949fea5c4cf2bc66f0e7d,1,20180210,82,119,3380,51.15,8.5,delivered,5,13
408,84bd6d72ceef4338a69eba921794cb78,1,20180211,82,171,481,54.76,8.5,delivered,1,14
409,259b090f0bef4cc5a97c17413028add4,1,20171207,83,95,932,38.61,8.5,delivered,5,18
410,189f941b88714544919edbb43c0555db,1,20171123,83,492,540,64.46,12.97,delivered,5,4
411,c02b18a8fac840cb82250b20bc6474aa,1,20171209,83,34,105,95.65,14.64,delivered,5,19
412,c02b18a8fac840cb82250b20bc6474aa,2,20171209,83,65,105,54.68,11.4,delivered,5,19
413,80cac4ecbef04c2cab5ab3a4f0219504,1,20171218,83,378,2704,79.32,9.38,delivered,5,29
414,80cac4ecbef04c2cab5ab3a4f0219504,2,20171218,83,411,2704,128.18,15.75,delivered,5,29
415,80cac4ecbef04c2cab5ab3a4f0219504,3,20171218,83,81,2704,20.25,8.5,delivered,5,29
416,c9e51b8718034b739dd45fa6efed0fcc,1,20171126,83,467,3419,142.56,25.25,delivered,3,7
417,c9e51b8718034b739dd45fa6efed0fcc,2,20171126,83,404,3419,280.74,41.19,delivered,3,7
418,c9e51b8718034b739dd45fa6efed0fcc,3,20171126,83,479,3419,666.57,61.02,delivered,3,7
419,54f18c480cc643ed84bc3c0375ddf982,1,20180131,84,86,4876,58.02,8.5,delivered,5,14
420,195587e71a4e48ba86631a1cf22525ef,1,20180213,84,207,3810,69.69,8.74,delivered,5,27
421,195587e71a4e48ba86631a1cf22525ef,2,20180213,84,22,3810,103.18,18.65,delivered,5,27
422,ee1340ae5c7b427aa76c735593d093d4,1,20180218,84,20,4611,42.97,8.5,delivered,5,31
423,ee1340ae5c7b427aa76c735593d093d4,2,20180218,84,326,4611,55.33,8.5,delivered,5,31
424,80a84a7287a44083875708a0f9fdaa0d,1,20180127,84,160,3331,183.35,22.4,delivered,4,10
425,80a84a7287a44083875708a0f9fdaa0d,2,20180127,84,232,3331,364.41,54.83,delivered,4,10
426,a78c055c52a441979c59f6f413c0044b,1,20180210,84,481,2606,39.59,8.5,delivered,4,24
427,49080631058d4e9dbc852c7377cd8c9c,1,20180118,84,318,2037,61.03,9.09,delivered,5,1
428,49080631058d4e9dbc852c7377cd8c9c,2,20180118,84,74,2037,22.84,8.5,delivered,5,1
429,4a73e3a564c64ca9af79b71c2ba7ebde,1,20180122,84,485,3629,35.43,8.5,delivered,5,5
430,4a73e3a564c64ca9af79b71c2ba7ebde,2,20180122,84,319,3629,35.97,8.5,delivered,5,5
431,0dfd76aa6bbd49a0a523b110c667d017,1,20180303,84,142,3279,304.3,37.95,delivered,5,44
432,1b5acb09d1244826bdec5e2842f496c8,1,20180121,84,178,1501,106.12,11.08,delivered,3,3
433,1b5acb09d1244826bdec5e2842f496c8,2,20180121,84,241,1501,140.81,22.26,delivered,3,3
434,99c6eba34e19436093c6181f3ca6667c,1,20180121,84,424,3742,704.48,135.08,delivered,5,4
435,de39053bbf7c4641be542bd468c9d48a,1,20180122,84,120,2018,21.49,8.5,delivered,5,5
436,97adb20fec3f4729adcc01456893e9a3,1,20180128,85,217,414,64.88,8.5,delivered,4,10
437,641c75cc4c704ab3a5eafcb4942d9b7d,1,20180127,85,478,2402,82.19,9.49,delivered,5,9
438,d9df652da01b45b48e3bd5c73414b708,1,20170817,87,124,3758,128.9,14.47,delivered,5,31
439,33e170ba0d5f4228a79cb92efb8a86b3,1,20180507,88,65,595,53.07,8.5,delivered,4,22
440,33e170ba0d5f4228a79cb92efb8a86b3,2,20180507,88,68,595,66.72,8.5,delivered,4,22
441,720af744937e416fa5095a59e12befff,1,20180421,88,167,736,73.98,11.45,delivered,5,5
442,967fa541129f4db98cdf8fd20e57410f,1,20180510,88,358,4815,58.71,8.5,delivered,4,25
443,30df61c1bb5a480e8c0a2fe0bc34cf36,1,20180424,88,157,2451,26.04,8.5,delivered,4,9
444,572feebaee86437f8ccabc913fe27e92,1,20180502,88,68,3050,25.94,8.5,delivered,5,16
445,5641132317434e66a2399e2419e6b51e,1,20180423,88,47,4235,187.67,37.2,delivered,5,7
446,5641132317434e66a2399e2419e6b51e,2,20180423,88,422,4235,122.21,26.5,delivered,5,7
447,5641132317434e66a2399e2419e6b51e,3,20180423,88,499,4235,36.83,8.5,delivered,5,7
448,a68c47ce8e1e4d56bd5de6f39904da0b,1,20170915,89,159,1829,52.43,8.68,delivered,4,36
449,1e36643d0c2f4f548f5511191f72e461,1,20170813,89,355,3854,38.26,8.5,delivered,5,4
450,b2a8c910a17c4f3993173ecfbe8a337b,1,20180501,91,222,4065,204.23,39.14,delivered,3,10
451,c7066385422543da999353b2845b8f0e,1,20180508,92,126,1077,87.95,8.5,delivered,3,25
452,2c50e95fd6ec40269bbe2834cc25f281,1,20180414,92,344,3363,73.7,12.81,delivered,5,1
453,d4ec01c92e334737973c27794ffbff70,1,20180419,92,5,1946,67.8,13.72,delivered,5,6
454,6ba44927171242f69c1f4294874da7dd,1,20180418,92,22,3571,141.09,17.0,delivered,5,5
455,6ba44927171242f69c1f4294874da7dd,2,20180418,92,29,3571,34.5,8.5,delivered,5,5
456,6ba44927171242f69c1f4294874da7dd,3,20180418,92,288,3571,50.86,8.76,delivered,5,5
457,caeb4c90c61d4b9aa9aa37e251ff500c,1,20180523,92,450,4880,75.18,8.5,delivered,5,40
458,e05c72fe6f7d44eb953a8d448a21278b,1,20180620,92,22,3461,142.01,26.18,delivered,5,68
459,d2ab9d4e64324c909fd7876ef289a755,1,20180422,92,392,362,279.71,51.92,delivered,5,9
460,1c1bb09d128646599b19a2a448feba77,1,20180426,92,249,1774,426.67,83.78,delivered,4,13
461,1c1bb09d128646599b19a2a448feba77,2,20180426,92,269,1774,114.12,17.13,delivered,4,13
462,3e32d441edc640f6843478bb2e23da26,1,20180504,92,144,4866,14.52,8.5,delivered,5,21
463,0c128a866d0841ee8639f3e0c2780c2f,1,20180425,92,268,3162,38.16,8.5,delivered,5,12
464,2f60a7f82eb64af8be82a0465bfe5208,1,20180514,92,419,2887,83.56,14.7,delivered,4,31
465,268444b5189c441fa42fa85db2021ba5,1,20180418,92,19,375,248.93,42.94,delivered,5,5
466,a29e823d0ec44451b1080168d6eaafb4,1,20180501,94,275,3279,280.33,52.2,canceled,5,21
467,9319c40cc7e243e09a3defa6fdcb3054,1,20180413,94,7,1443,38.32,8.5,delivered,1,3
468,9319c40cc7e243e09a3defa6fdcb3054,2,20180413,94,80,1443,141.43,25.46,delivered,1,3
469,5adb5e24d884411d8aea1547b4221048,1,20180519,94,343,4539,52.94,11.23,delivered,5,40
470,5adb5e24d884411d8aea1547b4221048,2,20180519,94,149,4539,50.95,8.5,delivered,5,40
471,1cde77de4725493bb451c422703fdac0,1,20180515,94,145,1727,99.1,8.5,delivered,4,35
472,2afc6f69895140e9a4089fbefd1931db,1,20180503,94,394,4371,103.66,14.1,delivered,5,24
473,6cf5842357db46b196df1ee4683a8481,1,20180514,94,292,4903,22.02,8.5,delivered,5,34
474,224795a8a4844f55b1883edfc3abf3d8,1,20180419,94,105,2327,30.85,8.5,delivered,1,9
475,58b799b4252746ac9ceef198fa142345,1,20180529,94,289,3175,58.27,8.5,delivered,1,50
476,fd23a94d76484e6b9b516d9db1720ff2,1,20180421,94,214,4316,43.18,8.5,delivered,1,11
477,d654cf918442475686b2118113a539ce,1,20180424,94,458,2766,57.87,8.5,delivered,4,14
478,d654cf918442475686b2118113a539ce,2,20180424,94,218,2766,473.45,58.05,delivered,4,14
479,1d5b42639b5d4e69ba85e273e9dceb7d,1,20180413,94,408,2877,317.49,41.64,delivered,4,4
480,1d5b42639b5d4e69ba85e273e9dceb7d,2,20180413,94,206,2877,126.07,13.74,delivered,4,4
481,1d5b42639b5d4e69ba85e273e9dceb7d,3,20180413,94,156,2877,56.03,8.5,delivered,4,4
482,61095a82f397487a84dae07b64c1d0fd,1,20180420,94,225,400,162.05,17.72,delivered,3,10
483,c0093f804eb9487db8cf44928523f90b,1,20180424,94,271,266,256.09,50.42,delivered,2,15
484,55724b616989454a9791dfdc611a7ddc,1,20170626,96,123,2714,88.16,16.56,delivered,5,4
485,481427d26e4d413eac406098483af1e9,1,20170625,96,103,1983,62.26,8.5,delivered,5,3
486,f55724a539a441259486e9577ca57e3e,1,20170628,96,401,3941,161.45,16.55,delivered,5,6
487,640c8f93389d4191a8de8911676d3599,1,20170726,96,247,3041,48.32,8.5,delivered,2,34
488,477049770fb8416abc4586fdc455a22a,1,20170712,96,30,1177,30.29,8.5,delivered,5,20
489,c5544d9f51894cd0a2003e11566c70cd,1,20170704,96,337,2761,22.08,8.5,delivered,1,12
490,73ebde6dab004382947b102bcc11c78e,1,20170625,96,382,4833,30.82,8.5,delivered,1,3
491,9e5f520c2e6d4ab8b8665b66a4438a74,1,20170624,96,235,4064,123.86,14.02,delivered,5,2
492,f7d1880d6f75415385af3a19ba664578,1,20170804,96,201,2539,199.5,21.95,delivered,5,43
493,60592ded959a433abe0278452aadfd70,1,20180126,97,396,2038,117.16,20.38,delivered,5,2
494,df799820105f43fdb7c5e21c3c9060f2,1,20180128,97,115,4754,45.65,8.5,delivered,5,5
495,9ea659b593ee4c6f9bbf513357df574c,1,20180427,98,355,1852,188.09,40.69,delivered,5,18
496,a0ba8957020f4c8a9a875bfe0ce84636,1,20180508,98,493,3586,32.88,8.5,delivered,5,29
497,883c6ad19587410a99e5149abdb38f41,1,20180414,98,79,3386,28.81,8.5,delivered,5,5
498,3e8baddb93c146a5906c6585875f9aff,1,20180423,98,311,2943,109.38,20.98,delivered,5,14
499,96b88a3efdb9413483a0794522a68b4e,1,20171125,100,399,2760,78.77,9.91,delivered,1,25
500,aafb4198da0246e3b9d32cf3f29c865c,1,20180212,101,128,35,14.19,8.5,delivered,5,40
501,4bf3c21fe6904525bc1bcae2d562cfb6,1,20180202,101,381,320,179.92,26.18,delivered,3,30
502,4bf3c21fe6904525bc1bcae2d562cfb6,2,20180202,101,437,320,91.91,18.26,delivered,3,30
503,9cd58935a7d144b4bb428385ac0a6dc0,1,20180106,101,189,2945,169.59,25.88,delivered,5,3
504,cd573813c56846f59d7f56f9b18b002d,1,20180109,101,85,838,239.17,44.99,delivered,5,6
505,67fa676b3c4248ca83aa0e4d3d97dd04,1,20180121,101,221,569,25.19,8.5,delivered,5,18
506,67fa676b3c4248ca83aa0e4d3d97dd04,2,20180121,101,278,569,78.94,15.17,delivered,5,18
507,67fa676b3c4248ca83aa0e4d3d97dd04,3,20180121,101,436,569,80.02,8.5,delivered,5,18
508,f7231268d36748f78f7e290739748e30,1,20171216,102,395,4319,33.96,8.5,delivered,1,17
509,797b34abaa1a4916b7d0031024e7f177,1,20180108,102,214,4562,63.28,8.5,delivered,3,40
510,0e3bd0b705ad43de9fb6523d9d3200c9,1,20171204,102,425,3203,28.47,8.5,delivered,5,5
511,4554b0bec72b4987bd624d7a21afd10d,1,20171203,102,75,2482,22.25,8.5,delivered,5,5
512,accdc36152bf408b9ecee38f1b7eefe2,1,20180120,103,279,1223,84.72,16.7,delivered,5,1
513,c1b04cbf0fd94f5a9342d422c2931077,1,20180119,103,237,2002,107.66,9.77,delivered,4,1
514,40c03d4276df464a8476ada6c72435c3,1,20180521,104,468,1855,110.55,17.09,delivered,5,2
515,54af72dedf5c4ce38ae725a813d59e30,1,20180611,104,416,3119,161.42,15.67,delivered,5,22
516,f56861cfca424964a10547ceb312ade7,1,20180530,104,343,4951,224.34,35.97,delivered,4,11
517,5979f69b7dd14f18ada03c5e76f581ce,1,20180612,104,233,699,112.19,23.59,delivered,4,23
518,d945e3fa74bf41999c211369806c3b97,1,20180614,104,64,4652,65.02,12.76,delivered,5,25
519,d59c419466724d7f807899bc4d115a53,1,20180528,104,307,3100,84.4,8.5,delivered,5,8
520,d59c419466724d7f807899bc4d115a53,2,20180528,104,156,3100,32.08,8.5,delivered,5,8
521,b10253a988614beb871e458a7281c686,1,20180602,104,149,4524,51.41,8.5,delivered,4,13
522,b10253a988614beb871e458a7281c686,2,20180602,104,24,4524,74.51,8.5,delivered,4,13
523,08bf45e51a6c42fdaa1dbbdcaeab86fd,1,20180523,104,265,764,124.2,11.74,delivered,5,3
524,2c34661b8d5f4c6cb9283452209f081c,1,20180622,104,358,80,107.95,19.27,delivered,4,33
525,2c34661b8d5f4c6cb9283452209f081c,2,20180622,104,81,80,15.44,8.5,delivered,4,33
526,f1b34ed7d5a7473f8df026f766b50c06,1,20180528,104,159,4811,87.27,10.79,delivered,5,8
527,145c5fb83c3b4a818dd0100700f8d53f,1,20180602,104,294,2959,27.43,8.5,delivered,3,13
528,ec9551dc721148059822515d92ed0c5c,1,20170725,107,339,3713,77.59,15.09,delivered,5,7
529,a7a821ed1cb5472480608d98f6f45464,1,20171017,108,102,1743,85.82,8.5,delivered,5,4
530,0c45a6add9324c5596efcf083b27e901,1,20171020,108,65,2227,95.81,20.36,delivered,5,8
531,ee10c73e8bd949478a8d96c64aeeefe8,1,20171029,108,308,2688,24.57,8.5,delivered,5,16
532,14ed52dc5c314b218657f3aa91963ad5,1,20170625,110,110,2194,224.1,44.84,delivered,5,4
533,14ed52dc5c314b218657f3aa91963ad5,2,20170625,110,480,2194,270.41,38.66,delivered,5,4
534,63afba1b80694962a3decc7280c1a59b,1,20170626,110,231,4757,48.94,8.5,delivered,1,5
535,ee16d261b57c442f98c2a88ab18a6929,1,20170628,110,118,4985,29.61,8.5,delivered,5,8
536,ee16d261b57c442f98c2a88ab18a6929,2,20170628,110,497,4985,30.41,8.5,delivered,5,8
537,ee16d261b57c442f98c2a88ab18a6929,3,20170628,110,148,4985,60.44,8.5,delivered,5,8
538,feb53ee675c446ffa1d0acc0af196610,1,20170713,110,9,581,192.02,21.39,delivered,5,22
539,4f249b4bf6ee4e79b57fd62968ea3853,1,20170711,110,360,2873,27.54,8.5,delivered,5,20
540,bf879c01583a4d509f49d3cadf0c26d7,1,20170623,110,45,4006,93.85,16.51,delivered,4,2
541,1a2d5b3995714356addf7edb36a66ce0,1,20170901,110,208,220,41.05,8.5,delivered,5,73
542,6f52d94ba7714e63b6e1e4bed76decb3,1,20170705,110,116,776,69.92,9.47,canceled,5,14
543,c0511d5abc0d449b93c9d3e23e536056,1,20170625,110,226,175,47.92,8.5,delivered,5,4
544,d48ab283494040a89fbec7a383af409f,1,20170711,110,194,4911,153.6,28.95,delivered,5,20
545,1a9eaeaa446b46a0aab547563616fe14,1,20170723,110,240,2068,50.23,8.5,delivered,5,32
546,2945cabc03174774b54f7e4fa7bbd807,1,20170705,110,472,873,96.34,19.74,delivered,4,14
547,809c594429d44b4783b0b7954cd15c10,1,20170623,110,487,589,292.62,62.56,delivered,5,3
548,1f5b6d79f99a45928e8ac40324f5216d,1,20170706,110,305,2566,61.52,8.5,delivered,5,15
549,195fde1317124ad796857df32938a963,1,20170621,110,57,3639,66.44,13.98,delivered,4,1
550,b212c33b857343ad8eb6341e2aac17e1,1,20170726,110,389,874,151.26,21.06,delivered,5,35
551,46a632e054444e988805f48148e45ff4,1,20170709,110,88,2278,89.25,18.66,delivered,5,19
552,1f4aed6bbed34252b0466e4c6d01d453,1,20170624,110,172,2407,116.41,23.15,delivered,4,3
553,da3c7c62beb0491ba8942f1aa39023dc,1,20170629,110,120,2289,53.28,9.23,delivered,5,8
554,ffcc141e95aa44268d20a80506bc85e4,1,20170720,110,192,3336,210.91,44.63,delivered,5,29
555,4a304bfc74b746d2ab8f442fb25f6d85,1,20170707,110,14,893,157.36,30.62,delivered,5,16
556,801fb57d73174f6b9116d46054892125,1,20170708,110,160,1998,120.33,20.02,delivered,5,17
557,3292341a6c1e4c0884d0f3fa2f1e4c2f,1,20170707,110,369,3312,34.48,8.5,delivered,5,16
558,d4b5d01a29df45d28c44ece93194b84c,1,20170706,110,121,3913,35.12,8.5,delivered,4,15
559,d4b5d01a29df45d28c44ece93194b84c,2,20170706,110,233,3913,34.12,8.5,delivered,4,15
560,096d2fa5884340c2ac1e31c14450485f,1,20170713,110,254,1268,210.28,37.95,delivered,1,22
561,ab2d55be6b874d5685a27da1fe5687a2,1,20170717,110,434,4589,217.7,33.45,delivered,4,27
562,b84d2048081d488789d2b1f2149881d6,1,20170812,110,338,1257,35.79,8.5,delivered,5,53
563,828af6df776b491285a6f94dfb125bd2,1,20170712,110,474,2137,61.96,13.28,delivered,5,22
564,fe8fc62b50924118b2839aacd8423130,1,20170711,110,459,1645,201.05,37.62,delivered,2,20
565,9c1cc1c8d610408a9f8863c0b382cd31,1,20170715,110,188,274,23.43,8.5,delivered,5,24
566,8a183f1b59b74eeca9d7baa5166e674a,1,20170629,110,237,1876,108.53,17.91,delivered,5,8
567,fbae1dd89b844ff0ae052e0d063febb8,1,20170804,110,13,3184,19.28,8.5,delivered,5,45
568,fbae1dd89b844ff0ae052e0d063febb8,2,20170804,110,416,3184,110.33,17.9,delivered,5,45
569,01344aa221974003a2d034baec0c75b0,1,20170627,110,206,2155,229.09,25.02,delivered,4,6
570,305c1c15e99b4bf1ada3e379bd3293d8,1,20170907,110,322,833,27.72,8.5,delivered,5,79
571,c7bd35092d4f4240a85d9a153dbc220c,1,20170715,110,307,41,231.17,41.71,delivered,1,24
572,4edd9c218d094884a70e17d000f8aee0,1,20170802,110,371,3895,64.47,10.04,delivered,5,43
573,1256db606a0a467083d30f3f22b324d5,1,20170705,110,165,4778,45.44,8.5,delivered,5,14
574,021b21688b9a4d02a41d649af5eea8f8,1,20170712,110,200,196,39.1,8.52,delivered,5,21
575,021b21688b9a4d02a41d649af5eea8f8,2,20170712,110,4,196,95.6,8.5,delivered,5,21
576,021b21688b9a4d02a41d649af5eea8f8,3,20170712,110,42,196,87.66,16.63,delivered,5,21
577,26ad1da670654893b26989ec0af58e96,1,20170713,110,218,682,165.05,14.91,delivered,4,23
578,720230885a374c00b68e7790bcc6b13b,1,20171211,112,133,3766,139.97,26.63,delivered,3,26
579,574f76d3ecc04e659d5c1b00cdb6dfa0,1,20171119,112,1,719,83.55,8.5,delivered,5,5
580,d54d6af326bb48aa83dad3efdbe5867e,1,20171217,112,341,4349,37.15,8.5,delivered,5,32
581,d54d6af326bb48aa83dad3efdbe5867e,2,20171217,112,427,4349,117.53,18.83,delivered,5,32
582,2710d6f4941a4acb8306c05bde8c0f0c,1,20171120,112,101,3317,106.26,18.53,delivered,3,5
583,110675b8eb614cfea041d6572f57dba1,1,20180131,113,135,503,49.67,8.5,delivered,5,3
584,a2260e3940234461931d6d0c9a590bb8,1,20180129,113,439,2008,76.76,15.82,delivered,5,1
585,19bd4352734b407a805f4cc0ea56cc1f,1,20180401,113,71,3433,141.0,13.78,delivered,4,63
586,78d7a8d03469488bb5f5d74b46d4e368,1,20180427,113,11,4481,367.15,50.48,delivered,3,89
587,78d7a8d03469488bb5f5d74b46d4e368,2,20180427,113,385,4481,45.15,8.5,delivered,3,89
588,78d7a8d03469488bb5f5d74b46d4e368,3,20180427,113,373,4481,64.89,14.13,delivered,3,89
589,27c3ea9cd7e94bb0bd054c574b165732,1,20180202,113,327,3938,92.46,15.55,delivered,5,5
590,398d73f5119a4709a6e0e59cc66fc684,1,20180225,113,135,1275,41.58,8.5,canceled,5,28
591,6ea61042b9684a3386d7c752f8815803,1,20180206,113,97,1956,69.16,8.6,delivered,5,8
592,6ea61042b9684a3386d7c752f8815803,2,20180206,113,321,1956,35.2,8.5,delivered,5,8
593,0fca608d8cca460382f4272e84f21e31,1,20180211,113,8,3789,201.28,39.68,delivered,4,14
594,64545e387a4b450281917e861806bac2,1,20180223,113,366,4731,105.53,16.89,delivered,5,26
595,2af835226c26437d92abd8bdb692bf12,1,20180203,113,77,2813,70.8,14.44,delivered,3,6
596,4515cc653dde47079ac2d0ca40308de2,1,20180519,115,455,834,100.28,16.48,delivered,3,17
597,4515cc653dde47079ac2d0ca40308de2,2,20180519,115,237,834,82.35,13.31,delivered,3,17
598,e00257bd483a4cc7bdc0e7374841fde6,1,20180517,115,465,1528,124.29,20.64,delivered,1,15
599,e00257bd483a4cc7bdc0e7374841fde6,2,20180517,115,390,1528,86.44,10.03,delivered,1,15
600,7f69cf873b4b4eeaadd631ecb72c650b,1,20180510,115,411,2281,39.81,8.5,delivered,5,7
601,7f69cf873b4b4eeaadd631ecb72c650b,2,20180510,115,323,2281,105.52,14.78,delivered,5,7
602,e08f014fd8e54d8599fc4183a45afa6d,1,20180223,116,159,926,46.86,8.89,delivered,4,67
603,9c1dfa82cb3447068bb77d7b3762b3b3,1,20171228,116,13,380,21.97,8.5,delivered,5,10
604,9c1dfa82cb3447068bb77d7b3762b3b3,2,20171228,116,267,380,42.88,8.5,delivered,5,10
605,ebef1399077a463c90e8231d6b9e135a,1,20171220,116,163,698,69.59,12.41,delivered,4,2
606,b8c74f6e4ad94394bae58556794501ef,1,20180415,117,272,1368,25.55,8.5,delivered,5,32
607,67f451c7c45d43bda16a8b33a313edec,1,20180414,117,353,2920,573.9,58.12,delivered,5,31
608,72eaf7d73c1947a8bc9121bc57fb2328,1,20180324,117,60,1929,60.4,8.5,delivered,5,10
609,72eaf7d73c1947a8bc9121bc57fb2328,2,20180324,117,454,1929,245.87,44.61,delivered,5,10
610,8d04430ce4df4c66b3be506b77be6afe,1,20180320,117,98,185,334.39,41.92,delivered,5,6
611,5031093da3e7470a9d6c8f68eb76198e,1,20180325,117,90,4385,69.88,11.68,delivered,5,11
612,9d2c886f72d2405187ec1614e0e8bb2a,1,20180316,117,240,4829,26.71,8.5,delivered,4,2
613,37385cd9304a4c96a73ee56979c480c7,1,20180322,117,251,1603,82.72,16.49,delivered,4,8
614,37385cd9304a4c96a73ee56979c480c7,2,20180322,117,162,1603,73.21,13.68,delivered,4,8
615,e516961eede642b4bdf287fabdafebf5,1,20180403,117,232,1197,42.97,8.5,delivered,5,20
616,a037536085f34c79a4238a463152deef,1,20180427,117,111,528,53.39,11.65,delivered,4,44
617,830ee577ace940c4826f7ece0189b752,1,20180417,117,218,1790,140.23,14.13,delivered,5,34
618,830ee577ace940c4826f7ece0189b752,2,20180417,117,182,1790,31.5,8.5,delivered,5,34
619,a6197b1b6c8040e98c79d013dd5a68d5,1,20180315,117,187,853,151.99,32.33,delivered,5,1
620,06788188afd04161a886e0064ec2be5f,1,20180413,117,408,1682,156.27,12.82,delivered,5,30
621,202ba852cf64410c8af47fea4af2f784,1,20180221,118,381,3260,58.36,12.41,delivered,5,11
622,227dad7ba753446f9e2aeb9ac93215f5,1,20180220,118,327,1361,62.21,9.84,delivered,5,10
623,acb124c7fed04f36b0200178ecb21d25,1,20180217,118,21,1404,67.99,13.89,delivered,5,7
624,d4bd2ec65a0e43a1801598cde8d077f0,1,20180607,118,118,1408,36.28,8.5,delivered,3,117
625,0130f3ffb58143b78c50d14239710b86,1,20180327,118,95,4463,57.18,8.5,delivered,5,45
626,0130f3ffb58143b78c50d14239710b86,2,20180327,118,69,4463,66.14,8.5,delivered,5,45
627,f00afefc5ee8493e9cf57b03a7d94af6,1,20180220,118,279,4509,41.58,8.5,delivered,5,10
628,9c58a94e30ab45d0ba21284bc0039330,1,20180221,118,358,1313,177.67,24.91,delivered,5,11
629,8ae20fabbde6475f83ca8de2f5485588,1,20180320,118,320,2673,116.82,21.31,delivered,5,38
630,04054beeea9149d4ad9900d33f79e0fc,1,20180313,119,364,2720,89.8,8.5,delivered,5,5
631,dd881cd0500948aab577415f82eff89d,1,20180402,119,317,266,175.52,21.5,delivered,5,26
632,dd881cd0500948aab577415f82eff89d,2,20180402,119,276,266,33.46,8.5,delivered,5,26
633,1300dd7c1afd47218d4eda6fef507551,1,20180327,119,354,3517,150.82,13.07,delivered,3,20
634,957494443d0a4d84837550596195e11c,1,20180120,120,67,88,168.81,19.19,delivered,5,13
635,957494443d0a4d84837550596195e11c,2,20180120,120,20,88,74.92,8.5,delivered,5,13
636,8bf3b43f899a4c6cad90bc7c0c68c453,1,20180127,120,350,1560,75.13,8.5,delivered,4,21
637,b172ec348e2c42e7ab330f27853d0493,1,20180108,120,295,3743,25.83,8.5,delivered,5,1
638,3f8a25524f734c49986ef632e155e1be,1,20180119,120,16,1160,70.71,14.21,delivered,4,12
639,b5599d147b814b41bc2d173a73959475,1,20180118,120,217,3248,135.43,26.77,delivered,5,11
640,b5599d147b814b41bc2d173a73959475,2,20180118,120,402,3248,60.85,8.5,delivered,5,11
641,eb6e48ed88d1461aa38174210449fe16,1,20180101,121,157,3861,151.07,12.28,delivered,4,18
642,eb6e48ed88d1461aa38174210449fe16,2,20180101,121,106,3861,80.8,16.17,delivered,4,18
643,13c9c59d62ee40c9a815ea1d3ebdf773,1,20171223,121,483,2282,42.56,8.5,delivered,5,10
644,a1fe8dcd0d1b498dbb6bd57df55327a9,1,20171219,121,238,3203,44.36,8.5,delivered,5,5
645,913e3be370a945a98a58148043d83884,1,20171121,122,52,2714,40.94,8.5,delivered,5,25
646,c3cb6645ea1d414b82b1b8d3b3bdcf34,1,20171126,122,298,3336,58.4,12.4,delivered,5,30
647,5676c1db432b4ec7816d049f37bb92d6,1,20171201,122,152,30,24.04,8.5,delivered,5,35
648,0e391e2cba1b4bd9aa07412b0c4002b1,1,20171112,122,335,2604,129.69,21.45,delivered,5,16
649,479d7e6876b4420898bbb9e98f6d332e,1,20171117,122,51,4696,33.72,8.5,delivered,5,20
650,479d7e6876b4420898bbb9e98f6d332e,2,20171117,122,396,4696,27.66,8.5,delivered,5,20
651,92d98820926249e0b02e949b142764b1,1,20180622,123,358,2715,67.66,8.5,delivered,4,36
652,92d98820926249e0b02e949b142764b1,2,20180622,123,84,2715,34.43,8.5,delivered,4,36
653,b5d0326dbbf6468b921b50618e9b223e,1,20180720,123,99,4123,34.47,8.5,delivered,5,64
654,57515a9166254dc3b617f737d24dd838,1,20171121,124,379,1926,30.93,8.5,delivered,3,4
655,1f9a70ac74ad4768bcec23a32ea18b6f,1,20170819,125,383,3315,23.18,8.5,delivered,5,10
656,b8593dd2d43740be81a1969aa20e39d8,1,20170901,125,45,2983,43.15,8.5,delivered,4,22
657,4e031e652f7c4136acde9f2458ebf259,1,20170903,125,352,2660,6.93,8.5,canceled,5,25
658,76c6a73273904f57ad2c155a3d5f91c3,1,20180619,126,283,3649,803.92,124.9,delivered,3,25
659,9f73de24ea254ea0b50ce9579e9c886d,1,20180615,126,142,1811,39.94,8.5,delivered,3,21
660,9f73de24ea254ea0b50ce9579e9c886d,2,20180615,126,10,1811,74.55,16.08,delivered,3,21
661,9d52b0bf899e4b599b965fd0dcbd461f,1,20180527,126,457,2939,190.4,36.49,delivered,5,2
662,3ceb6fa8203541f8bca4209add6e0213,1,20170704,127,222,3858,341.96,30.58,delivered,4,13
663,fe62e1a06ae4488ea766efb07dc02b2c,1,20170720,127,189,1459,118.29,25.32,delivered,5,29
664,5435d14e8c024c3dae9283c91eee7b92,1,20170712,127,24,2986,203.48,25.56,delivered,5,21
665,5ebc9993b21848a894b3d98249d3c81d,1,20170712,127,228,3333,122.42,18.29,delivered,5,21
666,ddf3e373403244a786a6c8e27b2cc35e,1,20170629,127,304,1544,170.96,32.76,delivered,5,8
667,1bf756d362ae409697a120983e8d111b,1,20170702,127,240,2503,280.71,38.64,delivered,5,12
668,a6d91550d0714f7491c3e8c6e4ec7dee,1,20170628,127,54,2049,69.3,8.5,delivered,2,7
669,f35b376d753442c59b459b3340cc1abb,1,20170719,127,496,4502,57.37,8.85,delivered,5,29
670,f35b376d753442c59b459b3340cc1abb,2,20170719,127,238,4502,216.38,44.92,delivered,5,29
671,bb74453e0d434f2b99f249b199b3df3a,1,20170713,127,93,2856,98.16,9.45,delivered,3,22
672,bb74453e0d434f2b99f249b199b3df3a,2,20170713,127,106,2856,140.4,15.19,delivered,3,22
673,0dfa220bf0704d4682d62df371369a39,1,20180629,128,140,64,57.72,8.5,delivered,4,34
674,abd15c3544da4cfbaf6f569c90acea21,1,20171008,129,455,4159,139.76,21.28,delivered,5,45
675,c1a2bb8dce24488eb157e10afcd2d22b,1,20171004,129,463,4062,175.24,16.62,delivered,5,41
676,e4650c8a5160429db53af4fca906ae0e,1,20180826,131,246,4688,46.71,8.5,delivered,5,83
677,dad401dbd3024a1a99cb82a5812efa27,1,20180605,131,357,862,27.26,8.5,delivered,4,1
678,dad401dbd3024a1a99cb82a5812efa27,2,20180605,131,25,862,33.53,8.5,delivered,4,1
679,dad401dbd3024a1a99cb82a5812efa27,3,20180605,131,439,862,52.4,10.42,delivered,4,1
680,69c33e505e5545fbac3873edf9d59b1c,1,20180711,131,452,3980,36.35,8.5,delivered,4,37
681,0f407f39bee04b99ba608bb8da899591,1,20180616,131,330,4206,87.88,18.88,delivered,2,12
682,e31ffcc4f7394e529d88ab003b14acbf,1,20170924,132,398,860,78.94,8.91,delivered,5,35
683,e31ffcc4f7394e529d88ab003b14acbf,2,20170924,132,295,860,22.87,8.5,delivered,5,35
684,490c94ee128047269805f369a8dd9cb5,1,20171001,132,3,4657,110.56,16.12,delivered,5,43
685,195ea0468ee448db9cb85ded708ee4ab,1,20170823,132,314,2332,46.93,9.34,delivered,4,3
686,f08add0fac87497786f43ee27f9ac833,1,20170909,132,462,2562,46.91,8.5,delivered,2,21
687,82df6944733441d98389bcdc0941a774,1,20171015,132,232,2271,41.28,8.5,delivered,4,57
688,82df6944733441d98389bcdc0941a774,2,20171015,132,464,2271,190.96,37.42,delivered,4,57
689,2a1f114282d24f62bd7215c7b44e885d,1,20170822,132,146,3159,111.15,19.07,delivered,4,3
690,5c84dcc49d6042ea98accd1fb69298ee,1,20170826,132,353,2906,87.65,11.81,delivered,5,7
691,1ddacad8f2fd454e870c42b5d70f1282,1,20170831,132,471,2793,66.83,10.17,delivered,4,12
692,1ddacad8f2fd454e870c42b5d70f1282,2,20170831,132,472,2793,95.28,15.78,delivered,4,12
693,4adcaa010d6a4a608609cc6f66fb678d,1,20180401,134,361,444,89.21,16.91,delivered,5,9
694,b2997326397c4384a6623edd80dd209f,1,20171226,135,231,4148,114.07,17.23,delivered,5,23
695,b2997326397c4384a6623edd80dd209f,2,20171226,135,115,4148,237.38,49.63,delivered,5,23
696,4705dc1859f5468a9b3f86109172ad16,1,20180302,137,37,3414,105.92,14.09,delivered,5,2
697,6916e737ce4441a593046f382d6d2f34,1,20180315,137,251,2512,125.77,24.87,delivered,4,15
698,4d24e53a41e446e78b011d35766ce407,1,20180301,137,51,3628,130.06,25.09,delivered,5,1
699,159e11361099467c82b70d53227c9b45,1,20180308,137,327,3178,96.29,19.29,delivered,3,8
700,c75a6f50ae4341a1b2e5b27f0c1b4972,1,20180313,137,274,22,52.51,8.5,delivered,5,13
701,7525d8d8d891491d974a09a8dd84ecf3,1,20180301,137,365,1563,128.47,19.29,delivered,5,1
702,efc6736c5fba407390b792ddc22ea31a,1,20180305,137,298,1936,60.69,9.85,delivered,5,5
703,a363298bc73f488e9c39ed8087f849b2,1,20180307,137,393,4542,74.3,8.5,delivered,3,7
704,a363298bc73f488e9c39ed8087f849b2,2,20180307,137,96,4542,77.31,8.61,delivered,3,7
705,bdaaee02b1cf4abaade9618eca87fa88,1,20180429,137,235,2581,168.53,19.1,canceled,4,60
706,fd20477ffac94737886c149b5ddc0386,1,20180307,137,80,2333,141.64,16.54,delivered,4,7
707,c2da6951ad644cbe9c1dd7b410c18e78,1,20180402,138,138,1145,423.21,62.42,canceled,5,9
708,fff20bd1c9c94f5c88ed369ad7fa9231,1,20180407,138,169,3473,71.53,14.6,delivered,3,14
709,57e7867c3d294d4cbca0d44087da770b,1,20180416,138,356,2572,60.83,8.71,delivered,5,22
710,c812631a1e1b4a2aa87db5b64a236878,1,20180406,138,59,302,112.92,16.47,delivered,5,13
711,92da9626bf8746a28c144582184f82bb,1,20180327,138,480,3426,155.27,32.71,delivered,5,3
712,73199980036f4813a183e86573274602,1,20180410,138,410,2246,77.88,10.5,delivered,2,16
713,d52c751f375d491dab9653a1ac7dbf92,1,20180404,138,475,4514,511.11,88.31,delivered,3,11
714,4b3987dc69a344e88eb470abf2383c20,1,20180402,138,387,3913,105.58,20.06,delivered,5,9
715,2a8903445a374419b2e45a21619fc7ca,1,20180326,138,208,244,98.84,9.34,delivered,4,1
716,b98a6d2c78304989b713e1fda022b6ac,1,20170903,139,122,1225,57.23,9.84,delivered,5,10
717,a9fd755088904009bc8b3d4a0d32ddf2,1,20170916,139,215,3164,142.51,22.52,delivered,5,23
718,a9fd755088904009bc8b3d4a0d32ddf2,2,20170916,139,181,3164,61.28,8.5,delivered,5,23
719,fdc215b9e9734641a6d3ff6bfbe0f078,1,20170624,140,416,3040,91.21,19.29,delivered,4,3
720,c8cae025442040c980d2bb5e7befa087,1,20170621,140,362,1033,59.26,8.5,delivered,5,1
721,915c10fbf51e4406bfd71cbdf3116fbd,1,20170804,140,311,4084,38.03,8.5,delivered,1,44
722,36c133d62cfd4fda9c2e9bd6773acdc7,1,20170907,140,250,1902,304.85,41.88,delivered,5,78
723,4fcb73df54e8440f8c24cad8eca7b804,1,20180617,141,348,4921,183.99,35.93,delivered,3,7
724,ebc26f7e1840400eb770df2c9648b48d,1,20180615,141,380,4257,54.09,10.57,delivered,5,6
725,dbf4bc937a2543708f4d6815b56ba059,1,20180613,141,420,3089,142.09,27.98,delivered,4,3
726,dbf4bc937a2543708f4d6815b56ba059,2,20180613,141,486,3089,92.42,19.81,delivered,4,3
727,25be991fb7b2408f873c80778825db0e,1,20170630,142,289,1506,130.86,18.61,delivered,3,16
728,df1d910a839a4f219c801c97f931aa27,1,20170710,142,396,3281,68.63,11.31,delivered,5,26
729,64de8b5b70c141eaa01ef951f83b60d2,1,20170715,142,490,195,145.7,18.61,delivered,5,30
730,64de8b5b70c141eaa01ef951f83b60d2,2,20170715,142,56,195,37.74,8.5,delivered,5,30
731,79194de046e14aa0bfe6997b757587d9,1,20170625,142,130,4785,226.75,27.96,delivered,5,11
732,bb8a297a2a3842ddbe7a30a9e841ffb2,1,20170628,142,458,3576,28.95,8.5,delivered,5,13
733,bb8a297a2a3842ddbe7a30a9e841ffb2,2,20170628,142,59,3576,24.47,8.5,delivered,5,13
734,78de88b385ae401292d645cd906c4205,1,20170622,142,387,1587,26.02,8.5,delivered,5,7
735,56a90d4550f34ab58612f9a86e5357a9,1,20170619,142,81,595,57.77,9.3,delivered,5,4
736,56a90d4550f34ab58612f9a86e5357a9,2,20170619,142,194,595,165.34,31.36,delivered,5,4
737,76b36ad1531d420380de1b4d52c9994b,1,20170620,142,115,21,119.62,9.99,delivered,1,6
738,76b36ad1531d420380de1b4d52c9994b,2,20170620,142,44,21,258.8,26.49,delivered,1,6
739,bd161dae5ad14504915ccc9f2a04199c,1,20170701,142,453,456,17.83,8.5,delivered,4,17
740,fd9fdabd28434d0d851fd07c4a99db37,1,20170706,142,94,3642,150.62,21.62,canceled,4,21
741,c3811051c59e42ad92f4d0af6b5df0d6,1,20180319,143,166,2344,65.21,9.7,delivered,5,20
742,c3811051c59e42ad92f4d0af6b5df0d6,2,20180319,143,278,2344,126.58,19.62,delivered,5,20
743,d91947a2211b421b9b98b8c72bf4abdb,1,20180317,143,205,4486,209.3,22.41,delivered,3,18
744,de0c3af599e54532bd7c7b5905bd775d,1,20180315,143,216,212,312.91,67.79,delivered,5,15
745,de0c3af599e54532bd7c7b5905bd775d,2,20180315,143,284,212,111.07,9.71,delivered,5,15
746,de0c3af599e54532bd7c7b5905bd775d,3,20180315,143,150,212,21.73,8.5,delivered,5,15
747,52a2bf62f1eb4d63baf7a01eb14eb5e3,1,20180307,143,71,4123,586.09,107.66,delivered,4,8
748,20a47f2ea4724952bbe01d625d1cb151,1,20180406,143,214,3346,83.77,16.3,delivered,5,37
749,74aa84e05e2c40038869d75a8af889e8,1,20180502,143,356,2174,238.5,40.04,delivered,3,63
750,12d1a2fbe5804551a2c108073e1de780,1,20180321,143,232,2964,197.9,31.07,delivered,5,22
751,52d4335ccf4e42a8ab272d50e89f1370,1,20180324,143,134,4054,74.23,8.5,delivered,4,24
752,0c7f5a29abad482a990c058ce95b5994,1,20180313,143,246,2234,19.73,8.5,delivered,3,13
753,7d0f476e62f54c29bf61887aa5bb6ee9,1,20180304,143,264,708,180.24,27.04,delivered,1,4
754,442cb7ca5aef46d4babe851c8a672224,1,20180310,143,205,4471,174.38,26.71,delivered,4,11
755,29f3b486d3d74d1784e6c6dcf8368345,1,20180406,143,369,1202,164.76,14.82,delivered,5,37
756,d007d9da4c5143c18227c811b8e17bdc,1,20180306,143,1,980,43.51,8.5,delivered,5,7
757,b0699458abea4a1eb4e8f3f6c5b2f82c,1,20180303,143,172,4227,34.37,8.5,delivered,5,4
758,c454a292e00944abb528501cbcac6ec6,1,20180314,143,39,4222,49.28,8.7,delivered,5,14
759,c454a292e00944abb528501cbcac6ec6,2,20180314,143,494,4222,64.24,10.91,delivered,5,14
760,29f18263c6ac4c39b4a7a1393060421f,1,20180322,143,326,3867,100.35,8.93,delivered,4,23
761,29f18263c6ac4c39b4a7a1393060421f,2,20180322,143,239,3867,83.74,13.53,delivered,4,23
762,3d4f841ead3b4067b69d0a153c9b2ddf,1,20180303,143,69,1428,153.3,24.21,delivered,4,4
763,110552f5790f4c2f828bf1ce0f128f42,1,20180329,144,139,3057,38.89,8.5,delivered,5,15
764,c6723bbb1c7142968066e6aeffdaf10b,1,20180730,146,44,695,95.6,20.73,delivered,3,52
765,c6723bbb1c7142968066e6aeffdaf10b,2,20180730,146,285,695,80.65,14.14,delivered,3,52
766,f434999ef0254c45a5f4a659abf013ee,1,20180610,146,61,3605,39.55,8.5,delivered,4,2
767,7e42324d32bc4cff8b059ca163251638,1,20170923,148,21,842,41.35,8.5,delivered,5,38
768,908a85145fbf4efa91b894df4dcdc85c,1,20171006,148,30,3861,72.69,8.72,delivered,5,52
769,12e2ffa668e540428045f4fa11981ae2,1,20170825,148,375,4489,143.23,20.33,delivered,4,9
770,3b4b3b0e0142412399938df9ec10f39c,1,20170831,149,212,1243,380.25,34.85,delivered,4,2
771,59c924417b9049e2ada1b783317d70ba,1,20170908,149,475,552,367.09,71.96,delivered,5,10
772,149396f05188418cb059e590b44f638a,1,20170830,149,255,3842,84.61,13.35,delivered,4,2
773,bc470f0e81194769a47ace0fdbc11a2e,1,20170901,149,25,1447,121.15,12.21,delivered,5,4
774,87765af3ba74429b83a1a53ad11b63e6,1,20170810,151,391,3880,37.25,8.5,delivered,3,1
775,484826174bee4147a378b8c3227c7f4d,1,20170823,151,7,1439,74.94,16.38,delivered,5,14
776,0d342f7c621247a393ed420fc3fed34f,1,20170817,151,405,3856,72.57,11.93,delivered,4,8
777,de0265f882614456ad385289fe35b250,1,20170913,151,445,2735,67.45,11.05,delivered,5,35
778,eb35e6cf6ff8407c88a8111da69c3e26,1,20170812,151,131,3698,30.33,8.5,delivered,5,3
779,ced9e2f3d2654da2ab41a0d0bcde5f8f,1,20170625,152,348,1240,153.44,26.89,delivered,4,19
780,4b855b183bf84c47971f3384bf806c42,1,20170607,152,208,461,186.16,22.3,delivered,2,2
781,25b6b4d41c8e4b7181da277406024957,1,20170610,152,482,3612,34.92,8.5,delivered,5,4
782,25b6b4d41c8e4b7181da277406024957,2,20170610,152,349,3612,307.92,61.31,delivered,5,4
783,25b6b4d41c8e4b7181da277406024957,3,20170610,152,48,3612,102.42,21.11,delivered,5,4
784,7bf24c2caaa24617af4e14fb12a4f720,1,20170613,152,393,3757,85.14,9.55,delivered,3,7
785,7bf24c2caaa24617af4e14fb12a4f720,2,20170613,152,228,3757,187.32,35.69,delivered,3,7
786,2a68b8e2fa6b45899add8cc834da27a6,1,20180630,153,274,4981,220.14,21.16,delivered,4,13
787,2a68b8e2fa6b45899add8cc834da27a6,2,20180630,153,347,4981,122.8,25.31,delivered,4,13
788,d37a642adfac4615ba4de3a3b139e4ba,1,20180722,153,393,2624,104.29,9.63,delivered,2,35
789,3bf1922635de470080a5e1831fa5b8b2,1,20180617,153,410,4905,28.29,8.5,delivered,2,1
790,be00d35f18ec4d219484a1fe261a06c5,1,20180706,153,41,3203,34.43,8.5,delivered,3,19
791,be00d35f18ec4d219484a1fe261a06c5,2,20180706,153,302,3203,27.13,8.5,delivered,3,19
792,fc109046af6b40eda13b74acc9300c87,1,20171218,154,88,2765,147.34,17.63,delivered,4,3
793,7c924177f8234e84b09d044716b88be4,1,20171222,154,170,3639,55.79,8.5,delivered,4,6
794,3edd7d9fc3ef4507a986e486f8cfb89f,1,20171231,154,392,1497,63.11,8.5,delivered,5,16
795,3edd7d9fc3ef4507a986e486f8cfb89f,2,20171231,154,75,1497,83.48,18.06,delivered,5,16
796,3b3825ee84c343668b31e4536c61b6fd,1,20171218,154,493,955,107.15,9.42,delivered,5,3
797,f5b0f46b8e4548948edcda31120ae996,1,20170915,155,347,4377,323.82,45.14,delivered,3,2
798,dc6efe9299dd471ba816c3f5b4bc1aba,1,20170925,155,40,1822,92.86,10.58,delivered,5,12
799,a1225b459fa34185b166e960d93be52d,1,20171031,155,27,4097,123.47,24.03,delivered,5,48
800,2326e71f95f8406999e35c31e2d1fa0b,1,20170928,155,5,2253,318.71,64.65,canceled,5,15
801,734995c5465b47ed8486341f7187e99b,1,20170915,155,136,1211,133.9,13.62,delivered,5,2
802,3b16f5cea5d443bb87500aa5e0279d0b,1,20170922,155,152,71,62.07,9.72,delivered,5,9
803,3b16f5cea5d443bb87500aa5e0279d0b,2,20170922,155,84,71,939.42,183.35,delivered,5,9
804,eba6e3b929d14960817ec659a50f211b,1,20170915,155,73,836,132.95,28.66,delivered,4,2
805,098e16cb08a8441785c9745fa6a0cc04,1,20170918,155,277,2093,99.35,11.84,delivered,5,5
806,e37695ea71904b82b27eb34734f4fe6c,1,20170924,155,299,41,109.96,12.61,delivered,5,11
807,e37695ea71904b82b27eb34734f4fe6c,2,20170924,155,234,41,154.91,33.18,delivered,5,11
808,e37695ea71904b82b27eb34734f4fe6c,3,20170924,155,247,41,274.41,49.65,delivered,5,11
809,3ffca5b3ec1e4b4a95318d15d0ab2b6e,1,20170919,155,221,1477,175.08,15.93,delivered,5,6
810,c1d1095e6b9a4f25ab2d51522e8e974c,1,20180505,156,415,2753,101.1,11.93,delivered,5,34
811,c1d1095e6b9a4f25ab2d51522e8e974c,2,20180505,156,410,2753,40.26,8.5,delivered,5,34
812,34291b53146b4e849f2b45fa2e985166,1,20180419,156,318,3654,150.52,31.42,delivered,5,18
813,952b966fe3e64b7fa539e730d71fd88d,1,20180514,156,482,4439,42.24,8.5,delivered,5,43
814,952b966fe3e64b7fa539e730d71fd88d,2,20180514,156,151,4439,71.4,8.5,delivered,5,43
815,70d7c48657c94050a2c7a4c322f157e0,1,20180519,156,143,2416,103.32,8.5,delivered,5,48
816,5dda57c8ae2d4771af4a9688fa9b4800,1,20180102,157,354,1746,52.65,8.5,delivered,5,28
817,21b0baf8af744a0ba5bec3067f781bb3,1,20171206,157,33,3717,102.34,22.34,delivered,5,1
818,5c5a7cc25cd441fab9b4f923cbe7d661,1,20180618,158,309,3088,94.3,8.5,delivered,5,22
819,df7cb964e97d41e8a19aa6d1473253ba,1,20180702,158,246,4326,927.4,152.62,delivered,4,36
820,35b8f4dcefb04fb3b4f6d4b05bd192e3,1,20180528,158,185,3336,213.61,29.34,delivered,5,1
821,c6575222dbfa48bdada339b68acfd7e2,1,20180628,158,445,1084,34.12,8.5,delivered,3,33
822,de1753e896f14dcab5f55c67382ce6ea,1,20180630,158,130,3432,130.84,19.96,delivered,4,35
823,1cb2ce250b0942578a334c3d21fe2ecc,1,20180529,158,68,837,242.58,43.4,delivered,5,3
824,1cb2ce250b0942578a334c3d21fe2ecc,2,20180529,158,231,837,77.56,13.11,delivered,5,3
825,0b91d453bdb647a294d262e4f9a95383,1,20180529,158,429,2033,116.65,16.52,delivered,4,3
826,6e2e0e2b07c64866b135a00d7fd3c5ff,1,20180605,158,326,553,171.02,29.21,delivered,5,9
827,6e2e0e2b07c64866b135a00d7fd3c5ff,2,20180605,158,146,553,10.28,8.5,delivered,5,9
828,446fef7af2fd4ddfa7fc68b9aec6c124,1,20180701,158,410,1541,514.9,99.33,delivered,1,35
829,8df970a62f234ad791cd2b4264ae7c74,1,20180605,158,8,1718,262.51,39.07,canceled,2,10
830,1bb32dd1754a449a90fbd06274cb2de9,1,20180717,158,464,4000,144.84,19.6,delivered,5,51
831,31d79f5e1d9441e389ce66f8ab16497c,1,20180529,160,442,2448,68.47,10.37,delivered,5,1
832,3b322698bf6a4fb487b65e441a84ee63,1,20180718,160,167,1898,25.78,8.5,delivered,5,51
833,5274e523e4d44d909a335bda6c9e0bfa,1,20180607,160,322,4284,57.32,11.44,delivered,4,11
834,558340dd37b34dda8a19ae03bf6da2f7,1,20180602,160,469,1143,87.14,15.06,delivered,5,5
835,eae48312e7e1497e84dda36fd9812201,1,20180711,160,428,4785,147.88,31.55,delivered,5,44
836,2113a702531a436fba95430be20e2f67,1,20180726,160,270,4828,62.62,11.68,delivered,1,59
837,522d7f2531424e27b9918cf765d2e1de,1,20180701,160,431,4109,131.31,20.3,delivered,5,34
838,ee3efa5554e84d808f0501242f9c627d,1,20180603,160,23,295,36.6,8.5,delivered,4,6
839,73ccb92e575d4fcea7373da8fcf43e45,1,20180613,160,47,4427,99.59,19.02,delivered,5,16
840,3df58b42a7414cb79dd9c5fccfdc2e54,1,20180604,160,445,1306,31.79,8.5,delivered,4,7
841,f11585ffd61d4e4883575c77ac5c21b5,1,20180702,160,404,3576,124.92,17.73,delivered,4,35
842,17eaa5bba6a8447d8847150a82b18638,1,20180607,160,484,3189,36.39,8.5,delivered,5,10
843,14ed53d2a2374126a3c327c37221d276,1,20170731,161,237,3861,123.21,22.6,delivered,5,20
844,275e937974e14583a51d054433fb96e3,1,20170817,161,468,1226,21.23,8.5,delivered,5,37
845,bec35616e38841ea985d08eda24f7c39,1,20170821,161,4,3586,602.48,82.5,delivered,5,40
846,9da90c7d2b18463cb19b73abda205f0c,1,20170722,161,178,2179,12.14,8.5,delivered,5,11
847,8c9da273892a4307a4718698587d63ed,1,20171025,161,89,1989,151.02,16.16,delivered,5,105
848,d9de3ed64914487892ff206daa3cdd9c,1,20170714,161,393,4094,114.99,9.79,delivered,4,2
849,0a6c09da34b94337a56a590b17e41879,1,20170725,161,183,1745,72.02,12.88,delivered,5,13
850,90843662d3884182955be92e427c6f15,1,20170722,161,113,499,144.36,26.61,delivered,4,11
851,8038fca2caef4754a77c9598cc210c13,1,20170805,161,473,4512,101.3,21.03,delivered,3,25
852,fb123c56d89849168c70f1900795b47c,1,20170712,161,498,2086,61.2,8.5,delivered,5,1
853,4d5d2ab6fbcf4a7087ceef5f1b6a6b02,1,20170713,161,310,2379,49.92,9.07,delivered,5,1
854,80bd5133996e4be19d5e040ee3453474,1,20170722,161,20,3686,48.14,8.5,delivered,5,10
855,2f959088dbbc451484614618f3576022,1,20180616,162,438,3905,90.86,19.41,delivered,4,15
856,aef60dcdad89473998878723cbebc7ee,1,20180630,162,205,3452,296.04,59.72,delivered,1,29
857,d151b886f69f42e0bd261d07c7abd4d7,1,20180602,162,195,4323,105.54,17.44,delivered,3,2
858,dcc29d464f914acba94b891f0c064388,1,20180421,163,383,4219,110.3,19.19,delivered,5,14
859,3a2e4a7913bd4a598fc2026f09fc3273,1,20180204,165,92,1698,114.34,19.13,delivered,5,4
860,3a2e4a7913bd4a598fc2026f09fc3273,2,20180204,165,37,1698,118.26,25.44,delivered,5,4
861,684a655d259848a7b9c3c3e722959749,1,20180224,165,181,4460,30.44,8.5,delivered,5,24
862,d85f8740911544e3939b09badf2ba4f8,1,20180217,165,457,87,55.91,8.5,delivered,2,17
863,1b703a540a074d19830503f08979e0ca,1,20180202,165,347,4774,65.91,13.04,delivered,5,2
864,f8e17841d30149e3908070a845d2b8f8,1,20180206,165,212,2250,109.07,9.09,delivered,5,6
865,f8e17841d30149e3908070a845d2b8f8,2,20180206,165,285,2250,39.53,8.5,delivered,5,6
866,9ddbe541293f4bbfa75f86e5f27604ba,1,20180226,168,25,698,49.77,8.5,canceled,5,43
867,c3aab65948b04a4e9fbf7ebe7c1254ac,1,20180116,168,61,4192,71.06,8.5,delivered,3,1
868,c3aab65948b04a4e9fbf7ebe7c1254ac,2,20180116,168,485,4192,62.35,9.39,delivered,3,1
869,e4c556ed72fe4a85861ba05da0954d13,1,20170916,169,127,1178,52.85,8.5,delivered,5,17
870,35dc7e212e76433aadb2d98adc8e16b3,1,20170912,169,20,4491,99.07,15.43,delivered,4,13
871,b9a6733f5df746668f9967900cd215fd,1,20180422,170,106,2999,40.67,8.5,delivered,5,9
872,9783104296ae46a98920d9508a05f2d8,1,20180506,170,67,3308,20.08,8.5,delivered,5,23
873,9783104296ae46a98920d9508a05f2d8,2,20180506,170,231,3308,109.26,16.25,delivered,5,23
874,2bca602ef0ed4fdc9fbe0231ae13c7fd,1,20171211,172,312,2612,11.51,8.5,delivered,5,15
875,313473a9c1a5471fbce9fd55d6804be7,1,20171225,172,181,4763,239.27,51.32,delivered,5,29
876,a23a8133f3db45ee90bcd3db90a2fd35,1,20170702,173,190,2812,103.76,22.48,canceled,5,4
877,9ea1b06fa8c34a15a922417a8ce9882d,1,20170706,173,353,2656,49.45,8.5,delivered,4,8
878,3d1a70d347a043a0a476944196b93529,1,20171216,174,154,680,13.3,8.5,delivered,5,10
879,6647bdd42a65429e99da599f36bbaeef,1,20171223,174,177,4581,87.41,18.52,delivered,5,18
880,aec72808e1e84ad4b8b1d32eb02f4255,1,20171215,174,483,3007,22.08,8.5,delivered,5,10
881,03c2b72942d942be874a961671ae650e,1,20171224,175,50,3231,163.07,32.99,delivered,1,30
882,7c770f7361884a23a032b422803ab1f4,1,20171118,176,252,2453,38.59,8.5,delivered,4,36
883,139257b213764c44af6f3d0a9b3a70ea,1,20170723,177,21,1221,135.58,25.83,delivered,3,1
884,d924df1e053a48bcbd16878114125b31,1,20170730,177,452,3160,27.25,8.5,delivered,3,8
885,649722f4379041048d295be9b5492b99,1,20170806,177,73,4202,83.19,10.15,delivered,5,15
886,649722f4379041048d295be9b5492b99,2,20170806,177,30,4202,93.26,9.92,delivered,5,15
887,7a783588e19a4586a934c4ec44b1ef9f,1,20171127,178,403,1412,180.86,18.74,delivered,5,7
888,3a7a0c5937294ce4865ce75cf0a8d49b,1,20171218,178,89,79,104.87,16.95,delivered,5,28
889,2b866f903583451b9bfeff57434f3f84,1,20180311,179,295,2373,51.96,8.5,delivered,5,22
890,2b866f903583451b9bfeff57434f3f84,2,20180311,179,91,2373,203.33,38.96,delivered,5,22
891,2b866f903583451b9bfeff57434f3f84,3,20180311,179,46,2373,72.16,14.08,delivered,5,22
892,fb28cd78f8264c70b09f22c14b387300,1,20180313,179,293,1350,79.76,9.92,delivered,4,24
893,a98e3d2d4f454f1db9abcf66a0dec2f6,1,20170719,180,312,2313,111.52,23.18,delivered,5,1
894,b2f86686dacc4c51b3e7c1ce55a273b4,1,20170731,180,155,1939,199.28,27.29,delivered,5,13
895,b855b9dd50134408af8aaee0bfd82792,1,20170807,180,105,4869,46.32,8.89,delivered,5,19
896,b855b9dd50134408af8aaee0bfd82792,2,20170807,180,380,4869,200.4,43.06,delivered,5,19
897,7f0f45ec05fd47c2a42def597c589a5e,1,20170722,180,243,4116,29.09,8.5,delivered,5,3
898,7f0f45ec05fd47c2a42def597c589a5e,2,20170722,180,110,4116,120.48,19.77,delivered,5,3
899,702b3e889ac14384959231c0521d3d5c,1,20170721,180,213,3783,197.78,18.24,delivered,2,3
900,702b3e889ac14384959231c0521d3d5c,2,20170721,180,253,3783,143.58,16.29,delivered,2,3
901,7bc055dfb9334ac3929d2035bb67ff2f,1,20170727,180,396,955,44.36,8.5,delivered,5,9
902,64be5cd0bfb24669b1b7552f0796076c,1,20170904,180,21,4117,45.4,8.5,delivered,5,48
903,e6c581db71cf4e4abe46e5818dc4baab,1,20170810,180,270,282,151.72,32.33,delivered,4,22
904,e6c581db71cf4e4abe46e5818dc4baab,2,20170810,180,26,282,75.11,11.86,delivered,4,22
905,2d1092b275d54b20bb748cea840f0f4a,1,20170804,180,155,3112,70.14,13.56,delivered,4,16
906,05e88e6e38064e17889ccb44cdca39ee,1,20170811,180,56,959,97.85,17.09,delivered,5,24
907,c2d13f3ce0c24ba68ce19e9a0751face,1,20170812,180,112,1263,156.65,16.75,delivered,5,24
908,c2d13f3ce0c24ba68ce19e9a0751face,2,20170812,180,201,1263,53.48,11.5,delivered,5,24
909,c2d13f3ce0c24ba68ce19e9a0751face,3,20170812,180,373,1263,33.44,8.5,delivered,5,24
910,e961170c168f4d6aa9c2760dfff6702f,1,20170819,180,390,3624,149.5,20.98,delivered,4,32
911,e961170c168f4d6aa9c2760dfff6702f,2,20170819,180,442,3624,43.26,8.5,delivered,4,32
912,e961170c168f4d6aa9c2760dfff6702f,3,20170819,180,251,3624,22.02,8.5,delivered,4,32
913,53dd4fd626e54db5a20c7570e9c4c48e,1,20171021,180,440,3968,56.55,9.71,delivered,5,95
914,53dd4fd626e54db5a20c7570e9c4c48e,2,20171021,180,354,3968,28.4,8.5,delivered,5,95
915,7a7f58b761e54a999e3c4dffaafcbb32,1,20170925,180,149,944,77.76,8.5,delivered,5,68
916,cf9f0383e91140f2ba7d6e5c47dc2f63,1,20170805,180,401,1960,340.78,34.84,delivered,5,18
917,c30a765131064bfe8781efa6dc8dbebd,1,20180520,181,221,2159,89.7,8.5,delivered,3,5
918,a3123493bea74ae09563ecab82763d2e,1,20180515,181,395,2098,27.44,8.5,canceled,3,1
919,446bb4c2164a4f028fabc1ceb7d015ab,1,20180521,181,79,3718,63.36,8.5,delivered,5,6
920,d2a070ae9f38456a8d53101902b1fc75,1,20180517,181,388,1853,221.12,40.8,delivered,5,3
921,4dc28c27dab947118274180c47769a49,1,20180526,181,340,214,216.11,32.34,delivered,5,11
922,eea28069e50a4fd39cd3bd64172d301d,1,20180303,182,387,450,102.77,14.54,delivered,5,15
923,eea28069e50a4fd39cd3bd64172d301d,2,20180303,182,434,450,35.74,8.5,delivered,5,15
924,03061fcafe874017b1a35678ce63cea7,1,20180310,182,31,3106,157.96,22.02,delivered,5,21
925,2b245a2154bc4609ad57735b1a15ff09,1,20180220,182,312,112,53.7,8.5,delivered,4,4
926,1a3cfcb969b64d1c8271ecf474e67f8e,1,20180430,182,71,4953,52.7,11.5,delivered,5,72
927,1a3cfcb969b64d1c8271ecf474e67f8e,2,20180430,182,127,4953,100.32,11.09,delivered,5,72
928,6e278cfd83ac41c889513d71a4f947a0,1,20180219,182,381,240,76.56,13.43,delivered,5,3
929,fc4c7980ffbb4718bd11c842fb2ae15c,1,20170715,187,141,4752,46.29,8.5,delivered,1,9
930,799f121e173e4d53aca88be6ce83b75c,1,20170805,187,153,2046,69.79,8.5,delivered,5,30
931,b1bff3c1561644589ecb921ca76f2939,1,20170802,187,151,2766,71.79,8.61,delivered,2,26
932,20897fdc6db9402f9e61d86fde39326f,1,20170818,187,172,1402,112.8,18.5,delivered,5,42
933,208f8f88a8ee4c48930d47715d501156,1,20170708,187,269,4038,134.54,26.79,delivered,5,1
934,856df89d3fa94e88ada1b6be69df9f16,1,20170714,187,282,1159,85.98,18.26,delivered,3,7
935,dfe047c434c54c288967965ce9124f45,1,20170718,187,318,2592,27.16,8.5,delivered,2,11
936,ee04cda78a974eb1842f6ce90568a466,1,20170712,187,442,1760,232.31,23.95,delivered,5,6
937,91c36d067f8e49bf90d97b41b81df4cb,1,20170713,187,466,4061,84.76,9.23,delivered,1,6
938,be6f80cf6c184cfe8fe09fb118fd31bf,1,20170722,187,99,3248,65.07,8.5,delivered,5,16
939,d9ae6fe551e240f7998fd0480e292677,1,20170708,187,356,140,83.58,9.44,delivered,5,1
940,3064ff04e91c461fa2d77954a46cc40e,1,20170824,187,212,2983,355.15,49.35,delivered,5,48
941,dea9bf26a1454f148ec89242b78e8f53,1,20170711,187,484,3529,70.46,12.66,delivered,2,4
942,f35cfe57bd8d458ab9f3ca86bf48d7ad,1,20170723,187,67,1892,46.57,8.5,delivered,4,16
943,fa3da08ee2464875890a86d9ce57a323,1,20170730,187,456,3747,86.84,9.0,delivered,3,24
944,9313233c135e4c9bba5fd98d8ded1549,1,20170710,187,134,3274,124.82,16.25,delivered,5,3
945,9313233c135e4c9bba5fd98d8ded1549,2,20170710,187,155,3274,24.22,8.5,delivered,5,3
946,9313233c135e4c9bba5fd98d8ded1549,3,20170710,187,53,3274,34.79,8.5,delivered,5,3
947,4cda655a41014688b6c3daf028b5dfd3,1,20170722,187,92,652,23.23,8.5,delivered,5,15
948,26a0d30e661c4579a9d9b2e4006cb229,1,20170714,187,213,3107,313.68,48.77,delivered,4,8
949,85749c6635264429843c8e02ef517d81,1,20171002,188,441,2515,75.1,8.5,delivered,5,1
950,01ac899d44a34025b4b512e04a196684,1,20171009,189,86,732,96.45,13.11,delivered,4,57
951,c50b3223d1844b6f82e659b467a0a8ef,1,20180204,190,323,2800,228.51,26.91,delivered,5,98
952,00bcf9fbd5b2489e8cbef90dbb444fab,1,20171124,190,257,1438,74.4,16.05,delivered,4,26
953,00bcf9fbd5b2489e8cbef90dbb444fab,2,20171124,190,195,1438,148.44,22.4,delivered,4,26
954,8b2f39dd93d24effba1d49040dae8afb,1,20171119,190,137,4095,353.81,68.28,delivered,5,21
955,cf75bb90d7b549b6958367900c630a44,1,20171101,190,162,2234,126.51,15.09,delivered,5,3
956,047b6d475a73437399310b0a734341b8,1,20170919,191,404,2902,66.31,9.24,delivered,5,45
957,d26474bddadc49d48383823df9742a36,1,20180629,192,48,57,97.74,16.04,delivered,5,35
958,99217d2fc4e4443da9802bceca6707d5,1,20180603,192,490,1247,28.31,8.5,delivered,1,10
959,f0e7718757e14857b0771761ad470aa0,1,20180531,192,65,3864,70.3,12.42,delivered,5,6
960,1adeae12ae914ef991ea8f623f745315,1,20180530,192,119,3200,10.53,8.5,delivered,1,5
961,355bdd68959b48eba3930d00a48a95d3,1,20180701,192,324,2662,111.4,15.95,delivered,5,37
962,4191aa17a47d43ddb6fcf9108ee28629,1,20180607,192,310,241,35.67,8.5,delivered,1,13
963,dc3f2aa4b8aa443aa56efaa4ebc382fe,1,20180618,192,36,272,150.92,16.07,delivered,5,24
964,654a83466b664a389efabffce65d4d91,1,20180617,192,322,1971,29.82,8.5,delivered,3,24
965,e408b1b9fc9641388aa873877ee400e0,1,20180614,192,18,3882,142.41,11.7,delivered,5,20
966,e408b1b9fc9641388aa873877ee400e0,2,20180614,192,216,3882,130.7,13.62,delivered,5,20
967,c6a8c09fda5e477cadbfbeb7abb2a47c,1,20180609,192,296,2710,54.35,8.5,delivered,5,15
968,c6a8c09fda5e477cadbfbeb7abb2a47c,2,20180609,192,364,2710,34.98,8.5,delivered,5,15
969,c950cecb94ab442f94d536c14dd1992c,1,20180720,192,314,2912,42.58,8.5,delivered,5,56
970,c950cecb94ab442f94d536c14dd1992c,2,20180720,192,220,2912,47.7,8.5,delivered,5,56
971,7cc05852ee854b17bc4a61cb74ddd0fc,1,20180602,192,244,693,71.41,14.14,delivered,2,9
972,735fe66e5c1642f89eb84c9c9750c5c9,1,20180529,192,87,1069,206.11,30.93,delivered,2,4
973,c871b00ad8cf43499fd3898fcad3e796,1,20171011,193,443,3399,100.0,8.94,delivered,1,12
974,afe4e7fc2ae14caa8f38aaae018e98e2,1,20170817,195,297,2220,176.26,30.44,delivered,5,14
975,6999acfe9c134abebd30e68623900b49,1,20170906,196,161,4793,176.43,30.77,delivered,5,19
976,422447751eaf443eb35691b73674c05b,1,20170827,196,217,4513,205.17,24.41,delivered,2,9
977,422447751eaf443eb35691b73674c05b,2,20170827,196,375,4513,93.51,14.21,delivered,2,9
978,271b4438d7804a5c902ce797a44ccd50,1,20180614,198,228,379,245.42,20.07,delivered,5,17
979,16e7f3080f6e4213bfe6d72b27e9b5fa,1,20180630,198,173,2326,146.89,20.97,delivered,5,33
980,2a9fc132f6074249a50ee9907d1db906,1,20180624,198,448,336,46.79,10.29,delivered,3,26
981,c34b50cb724349bcabb9460d9e505a37,1,20180706,198,472,2309,13.71,8.5,delivered,5,38
982,478a6d3b4acf402fb9e3f7f5d90004c3,1,20180618,198,397,2568,38.3,8.5,delivered,5,20
983,13b952529e514380b17ae94b2bc0efc9,1,20180629,198,274,3960,158.24,30.6,delivered,4,31
984,13b952529e514380b17ae94b2bc0efc9,2,20180629,198,366,3960,89.67,11.68,delivered,4,31
985,e728f060024647f6a8e9a04e31accd94,1,20180330,199,338,4701,75.39,8.5,delivered,5,6
986,08b661a1d0964afa8787e3ff64da2569,1,20170908,200,327,2669,34.59,8.5,delivered,5,25
987,08b661a1d0964afa8787e3ff64da2569,2,20170908,200,365,2669,52.07,8.5,delivered,5,25
988,8034a8df844045ca823c20db6393cf88,1,20170816,200,453,4241,37.22,8.5,delivered,5,3
989,8034a8df844045ca823c20db6393cf88,2,20170816,200,34,4241,103.11,20.31,delivered,5,3
990,74487ccc29bd49b8a47f403797569805,1,20171104,200,143,4275,102.96,9.29,delivered,1,83
991,74487ccc29bd49b8a47f403797569805,2,20171104,200,370,4275,10.29,8.5,delivered,1,83
992,74487ccc29bd49b8a47f403797569805,3,20171104,200,250,4275,54.22,9.86,delivered,1,83
993,f05db41abbd6485c8dfe55a479c71e8d,1,20170819,200,154,3413,24.0,8.5,canceled,5,6
994,30bf77dde43d42cfb116303547c7a190,1,20170823,200,42,3128,41.35,8.91,canceled,5,10
995,72fe031a1c9e4bd79adc9cceb94e4cf7,1,20180322,201,410,4724,135.26,16.57,delivered,4,4
996,55c30976d5494216b925cd86ddf9093b,1,20180330,201,265,1744,23.43,8.5,delivered,5,12
997,4d5d4b5c74a8482297187f04c74f73fc,1,20170821,202,343,1976,79.86,11.79,delivered,5,23
998,d2a208cbb1b94ff5a956d13efe4ce7bb,1,20170803,202,29,4060,189.9,27.65,delivered,3,4
999,9ce6a930cca34da3ae96cc6f42af5309,1,20170817,202,172,2791,38.21,8.5,delivered,5,19
1000,86cf976a33fc4da1ac81d3ea2af9d06d,1,20171105,203,282,4546,64.67,13.95,delivered,5,3
1001,b4386e90253b4b38bd83868ccc91afa1,1,20171116,203,31,3958,357.35,59.33,delivered,5,13
1002,61d163d6f0c9419594298f8fb6cddcea,1,20171108,203,221,160,88.47,11.54,delivered,5,5
1003,1fee45d21ec04f9bb0ddcb9bd771105d,1,20171104,203,332,1762,317.51,69.74,delivered,5,1
1004,7634ef1574c34ef39e657f42e77630ff,1,20171106,203,389,3358,49.72,9.72,delivered,5,4
1005,437badba304b4eaaa0658a8ba53009f2,1,20171105,203,97,10,122.61,21.53,delivered,5,3
1006,8956ced7c21c4a7a9679d1acff2688eb,1,20171105,203,229,4864,88.89,8.5,delivered,2,3
1007,9619667c168c4c8ea654d8f13ab0a205,1,20171104,203,271,4262,38.15,8.5,delivered,4,1
1008,9619667c168c4c8ea654d8f13ab0a205,2,20171104,203,385,4262,389.97,71.23,delivered,4,1
1009,9619667c168c4c8ea654d8f13ab0a205,3,20171104,203,471,4262,103.98,18.71,delivered,4,1
1010,5451ecfa103a46bfbcac0deb5202a117,1,20170717,204,256,1842,170.08,32.67,delivered,5,2
1011,9802583344984642bf7413fa37d1f729,1,20170819,204,259,4218,19.06,8.5,delivered,4,35
1012,a8a69973d3ee43629e911d5051159279,1,20170922,206,277,4029,69.35,9.82,delivered,5,25
1013,71aa7ba64c504db7a0849999e00ea25f,1,20170909,206,437,3358,38.58,8.5,delivered,5,12
1014,a78a1356d6844065a2feb4510ace28e1,1,20170921,206,227,2788,36.43,8.5,delivered,3,24
1015,68d5d6f2859449febf0b787dd220dee7,1,20170915,206,46,2953,162.63,30.62,delivered,5,18
1016,c23e4cb752b845cbac88fae9f9800487,1,20171016,206,139,844,17.8,8.5,delivered,3,49
1017,b62667180f094938bd9aca30b74b0a3e,1,20170830,206,171,331,34.06,8.5,delivered,4,2
1018,792e0f45b4ec42a9a7937284cc2c0b43,1,20180316,208,204,1523,69.79,11.56,delivered,1,5
1019,81540a51071e4967b75c2a62125527a5,1,20180411,208,200,1776,49.43,8.54,delivered,5,31
1020,9c111b0002914aa193dcaf0b768dbeeb,1,20180429,208,115,1408,33.24,8.5,delivered,5,49
1021,c9c2a2862b38446c86f8735f7461a2ce,1,20180609,208,376,2113,26.63,8.5,delivered,3,90
1022,c9c2a2862b38446c86f8735f7461a2ce,2,20180609,208,172,2113,50.56,8.5,delivered,3,90
1023,ff0930b35089445baff5affa2febe981,1,20180412,209,205,1217,58.81,10.84,delivered,5,10
1024,6984eb7dfa634c988823c4638a252887,1,20180403,209,286,1026,196.75,21.25,delivered,5,2
1025,c016b02d9ae24500820b8fdb1566d3ae,1,20180429,209,205,2935,106.51,19.31,delivered,5,28
1026,08d300c5a5284852a8e64a8c3157f86e,1,20180403,209,253,1712,46.44,8.5,delivered,4,1
1027,08d300c5a5284852a8e64a8c3157f86e,2,20180403,209,112,1712,40.33,8.83,delivered,4,1
1028,fd187157ec40492cb9506658922a444e,1,20180408,209,205,4365,123.41,12.63,delivered,1,6
1029,b08f8c9d1d22475bbee5c26bc4821c9f,1,20180516,209,255,1146,35.06,8.5,delivered,5,44
1030,74f2311431e5457499931f1c91241208,1,20180416,209,19,4750,147.38,16.6,delivered,2,14
1031,e662741a57734567bc5fb636877b86b3,1,20180518,209,355,436,146.24,23.66,delivered,5,46
1032,c375b3088ea0480f90d319898a26f675,1,20180414,209,381,2057,37.04,8.5,delivered,1,12
1033,a44080add98243b0800464a0f29afe8d,1,20180408,209,350,1566,180.92,17.61,delivered,5,6
1034,a44080add98243b0800464a0f29afe8d,2,20180408,209,321,1566,69.47,10.78,delivered,5,6
1035,a44080add98243b0800464a0f29afe8d,3,20180408,209,416,1566,61.88,9.41,delivered,5,6
1036,07302ed07d3f4f358646b3c9def3d01f,1,20180408,209,66,3266,26.59,8.5,delivered,5,6
1037,a22590413e84496db17ee248478a25c0,1,20180504,209,113,104,25.58,8.5,delivered,4,32
1038,a22590413e84496db17ee248478a25c0,2,20180504,209,304,104,56.48,8.66,delivered,4,32
1039,a22590413e84496db17ee248478a25c0,3,20180504,209,364,104,203.04,34.48,delivered,4,32
1040,6754e08652774efdb1c682043c2c024c,1,20180403,209,338,3912,38.15,8.5,delivered,5,2
1041,6754e08652774efdb1c682043c2c024c,2,20180403,209,9,3912,33.81,8.5,delivered,5,2
1042,8d2ba54b687d40a2a0dfe6fb4a1e3f44,1,20180618,209,183,3028,183.7,22.6,delivered,5,77
1043,146df949fa884c56bddbd18a3cedb836,1,20180510,209,357,3012,34.83,8.5,delivered,5,39
1044,13a2441fb8724054961198907db227fb,1,20180430,209,16,1289,67.04,8.5,delivered,3,28
1045,5dfbc292f1634a48bd76f9c89f0b347b,1,20170928,210,220,1624,100.34,15.37,delivered,1,7
1046,70b11a332a5f4c839b949205cdc918e2,1,20171016,210,493,1673,108.58,10.7,delivered,5,25
1047,13fcc40109e340e2872466445f66d06a,1,20170923,210,234,312,156.8,26.01,delivered,1,2
1048,b9ddcea1f4394daabf3adb9459bc9a00,1,20170926,210,42,1784,69.97,12.39,delivered,5,5
1049,ddc9522cebfa42a6a867a94b2ddc9f59,1,20180512,211,262,1352,44.14,8.5,delivered,1,22
1050,3415a83381054a3899f3fb88d738c44a,1,20180527,211,349,2973,21.38,8.5,delivered,5,37
1051,a4e0fda5741a484f823489fb092ee114,1,20171210,214,224,2717,40.86,8.5,delivered,5,29
1052,773d9c02c36445fabdddc9f0eaaf7436,1,20171028,215,115,3304,64.8,14.17,delivered,5,16
1053,46ff321aad3946fca534e4e87f9ecc0c,1,20171002,216,425,3859,71.29,11.37,delivered,5,20
1054,12f979d830af4aa39d48c8cd94c5cd46,1,20170926,216,184,1166,26.72,8.5,delivered,5,15
1055,42ac6bc7109c4defb258a680dc57d652,1,20170920,216,95,1894,42.42,8.5,delivered,5,9
1056,5f7b9744be2442d193e39250f1caf957,1,20171019,216,167,1384,77.49,10.02,delivered,4,37
1057,b3ddf1876cd64df29df57b38ad3ec107,1,20170919,216,294,3619,71.82,12.55,delivered,4,8
1058,735ca68d74794d0cb4e64cad696f540a,1,20171009,216,315,4888,80.36,10.22,delivered,3,28
1059,735ca68d74794d0cb4e64cad696f540a,2,20171009,216,306,4888,91.05,10.97,delivered,3,28
1060,735ca68d74794d0cb4e64cad696f540a,3,20171009,216,103,4888,45.63,8.5,delivered,3,28
1061,8795f142eca642ce9ad861dcd80cb29b,1,20170917,216,223,2343,198.18,37.46,delivered,5,6
1062,a4795eae28e34ac6914f253de869ad57,1,20170922,218,263,611,59.55,8.85,delivered,2,36
1063,a4795eae28e34ac6914f253de869ad57,2,20170922,218,17,611,55.24,8.5,delivered,2,36
1064,a4795eae28e34ac6914f253de869ad57,3,20170922,218,379,611,35.45,8.5,delivered,2,36
1065,a62013dcf17b4f11a357941ad18c8946,1,20171222,219,344,3832,67.52,8.96,delivered,5,3
1066,73dc1881223f493eb7133fdcfb64b046,1,20171223,219,105,3200,41.14,8.5,delivered,5,3
1067,e796d24654294c9ba69f09e35c123758,1,20180420,221,232,1676,237.5,27.91,delivered,3,41
1068,ba1af5a1c37848de848a6c5cebb0e09b,1,20180317,221,201,536,211.06,17.04,delivered,4,6
1069,7efefdbacc024282a84beabb22dcb9ae,1,20180315,221,6,1015,196.48,24.04,delivered,4,4
1070,dc9e122d4e824bd5bba353efbc6dca28,1,20180315,221,107,188,78.89,17.09,delivered,5,4
1071,84b256aa07f04e01a19d2a2cea1d948b,1,20180419,221,397,2536,112.04,21.02,delivered,5,39
1072,e75cda9c509245aba8eaa0146391632e,1,20180328,221,186,4212,61.17,10.29,delivered,4,17
1073,730077536d534dde9669efdc5960ae1a,1,20180317,221,403,3968,116.52,22.63,delivered,5,7
1074,6a25c058bea341c5948286b68f48245b,1,20180321,221,471,1621,106.66,14.73,delivered,5,10
1075,ae1f7ba1ac56495c988cbdddd4e0488a,1,20180604,222,180,881,262.56,48.62,delivered,5,20
1076,7f0531b81a324a72910c3190f791cd06,1,20180519,222,428,3429,46.21,8.5,delivered,2,4
1077,7f0531b81a324a72910c3190f791cd06,2,20180519,222,469,3429,127.35,18.99,delivered,2,4
1078,7f0531b81a324a72910c3190f791cd06,3,20180519,222,110,3429,84.25,14.86,delivered,2,4
1079,18d99546174b42a7a08b27e48497f08f,1,20180519,222,452,3609,74.74,8.5,delivered,5,4
1080,5da004f6f2e447068a2efa098a4f74ff,1,20180725,222,338,4106,50.53,8.5,delivered,4,71
1081,5da004f6f2e447068a2efa098a4f74ff,2,20180725,222,224,4106,40.58,8.5,delivered,4,71
1082,30aea488bbae4f779506b642d94bf268,1,20180527,222,410,1568,46.38,9.51,delivered,5,12
1083,a34aecb415d046199d2e62f17af18b11,1,20180621,222,473,742,86.2,15.99,delivered,5,37
1084,4bbe5afed7ae44d09690ebc84dbde15d,1,20171203,223,182,2241,58.68,8.5,delivered,5,44
1085,b66304936008495988a162298cfe1964,1,20171102,223,258,2613,56.03,8.5,delivered,2,13
1086,a6a6454df3d54732996b2d6e7d6637c8,1,20171129,223,24,474,21.96,8.5,delivered,5,41
1087,3ede02bd0d3a4e7db51d81ee6cc34462,1,20171219,223,488,3222,63.78,10.82,canceled,4,61
1088,b8762a6835e7460a8a33d5e66cb031cf,1,20171116,223,184,2443,38.72,8.5,delivered,3,28
1089,f44f05c49a994429a89220aa4f60766b,1,20171024,223,96,2704,24.47,8.5,delivered,5,4
1090,f44f05c49a994429a89220aa4f60766b,2,20171024,223,352,2704,147.43,19.14,delivered,5,4
1091,f44f05c49a994429a89220aa4f60766b,3,20171024,223,17,2704,20.03,8.5,delivered,5,4
1092,a87250ac72b64e76aff6ae8fd33a0bd5,1,20171206,223,24,42,178.02,19.46,delivered,5,48
1093,251ad6ba4d55445e9dd9facbb39f7f59,1,20171026,223,1,2382,75.74,15.65,delivered,5,6
1094,20027f8e3d974a698bfe7bf461c5e040,1,20171113,223,226,3908,109.43,12.99,delivered,5,25
1095,23f4d810523f4fc4bbb48b4227695fe1,1,20171109,223,452,1004,92.91,8.5,canceled,2,20
1096,3a496f3c45c84c92a004dc6a7bbb26ee,1,20171031,223,23,1454,104.34,22.74,delivered,5,12
1097,b0b3486fc2a842dd97f37a8aa34d85f2,1,20171029,223,180,3319,35.16,8.5,delivered,5,9
1098,6da1ad53f8cd4df09cd703aff4ec269a,1,20180529,224,463,575,19.91,8.5,delivered,4,68
1099,c23fcef045eb49f9b917f7883c50c89a,1,20180410,224,309,1005,102.7,11.4,delivered,5,19
1100,ff2441fe24614ed6ae015aa02e974cc8,1,20180409,224,213,1074,258.57,46.56,delivered,5,18
1101,ff2441fe24614ed6ae015aa02e974cc8,2,20180409,224,339,1074,111.11,15.13,delivered,5,18
1102,baaf106847944a10b92d545754d56c68,1,20180327,224,384,4224,263.06,21.06,delivered,1,5
1103,ab046f7c16004445b0a593a611972c2d,1,20180606,224,99,4802,122.51,23.35,delivered,1,76
1104,912a9c529ea64de08e56db46dc7580ad,1,20180324,224,439,256,65.32,8.5,delivered,1,2
1105,7e5705ea5e0b4bda9101e882b2e2cbe0,1,20180409,224,467,776,34.05,8.5,delivered,5,18
1106,17e1531efb4c4a428265ab8131699da1,1,20170726,225,312,743,214.36,34.2,delivered,4,2
1107,17e1531efb4c4a428265ab8131699da1,2,20170726,225,297,743,85.68,8.5,delivered,4,2
1108,17e1531efb4c4a428265ab8131699da1,3,20170726,225,468,743,83.14,11.32,delivered,4,2
1109,1490b2832a8146c38e6935c78fa99439,1,20170622,226,295,2919,11.25,8.5,delivered,5,1
1110,c93de4faa7aa4ecca46a6796352a58bd,1,20170627,226,42,3374,97.01,14.57,delivered,4,5
1111,1bac0e8e062841c288a38bec5a128c01,1,20170730,226,6,3957,123.92,21.05,delivered,4,39
1112,33eff7a318fd480f8e22849b7608f89d,1,20170716,226,385,1672,137.27,27.04,delivered,1,24
1113,c85a7a1054b941f9985caaf3bbd39fa1,1,20170623,226,308,4018,55.22,8.5,delivered,4,2
1114,fc9c32f04fb042dcabaaf27f4e2f4949,1,20170711,226,39,1803,153.18,28.6,delivered,3,19
1115,b3e9fcedaa9f4f8ab84aed9532a6036c,1,20170812,226,22,2892,44.63,8.5,delivered,5,51
1116,b3e9fcedaa9f4f8ab84aed9532a6036c,2,20170812,226,483,2892,32.33,8.5,delivered,5,51
1117,3a97a25223a8424e9a0cf4be0a240149,1,20180206,227,245,428,124.21,25.11,delivered,2,1
1118,3a97a25223a8424e9a0cf4be0a240149,2,20180206,227,38,428,112.59,23.76,delivered,2,1
1119,09a3c7ea74d34330a9f87c6d320be548,1,20180131,228,179,2976,335.24,44.91,delivered,3,2
1120,ce488fad8ab345079d1e5c640fcce1ec,1,20180202,228,205,4432,146.13,13.86,delivered,5,4
1121,58fdd7a56112409589707b00764e540a,1,20180221,228,333,1076,909.42,101.98,delivered,4,23
1122,ea02980e619c4e74b0a6fffcc862ec64,1,20180224,228,483,4849,52.91,8.5,delivered,3,26
1123,b597b3025e0949fbbd018abc8a6b3f7e,1,20180223,228,61,765,102.13,16.1,delivered,5,25
1124,1eeedb3a35de4ae7a8b2d61853e65ab2,1,20180214,228,342,4441,44.21,8.5,delivered,3,17
1125,06dab9deb35e4266bad387ab23c1db15,1,20180315,228,31,4987,58.2,8.5,delivered,5,45
1126,83cadc4989e648b5be4e3cffea0f4cd2,1,20180306,228,298,4162,191.52,34.64,delivered,5,36
1127,45a52c282a2d4ee095a95a5338cd0a06,1,20180131,228,114,3516,73.15,8.5,delivered,4,3
1128,e4308fc9b99f46f8b8124dcba62db2a6,1,20180309,228,337,4916,54.45,9.6,delivered,3,39
1129,81e3b16ffcc741a88f3bc7fcdb140a7e,1,20180221,228,325,4774,115.2,10.95,delivered,3,24
1130,81e3b16ffcc741a88f3bc7fcdb140a7e,2,20180221,228,391,4774,20.43,8.5,delivered,3,24
1131,81e3b16ffcc741a88f3bc7fcdb140a7e,3,20180221,228,281,4774,39.38,8.5,delivered,3,24
1132,4407f9f9e8e941719065d1947d045e6a,1,20180212,228,46,253,128.56,11.46,delivered,5,14
1133,28a4b4d01a8e400b8fe722478ea7961b,1,20180215,228,63,3459,160.35,21.92,delivered,1,18
1134,28a4b4d01a8e400b8fe722478ea7961b,2,20180215,228,141,3459,94.41,17.81,delivered,1,18
1135,4d71bbf33ccd4068bd0f4b92623ed3ce,1,20180308,228,430,2090,261.19,22.45,delivered,5,38
1136,26345521a82e4657a6118d85709cda37,1,20180217,228,20,4093,57.34,11.04,delivered,5,19
1137,041795d0e3a9421dbdfedcdbd80df77f,1,20180203,228,135,3481,104.49,12.46,delivered,1,5
1138,041795d0e3a9421dbdfedcdbd80df77f,2,20180203,228,449,3481,91.74,11.87,delivered,1,5
1139,2f1ed9623278411b9c21de2f7f13becd,1,20180130,228,171,4839,329.48,64.58,delivered,5,2
1140,1328365dfe6b4561a8e1524d3c5f14c3,1,20180219,228,135,1079,92.66,11.83,delivered,1,21
1141,1328365dfe6b4561a8e1524d3c5f14c3,2,20180219,228,222,1079,56.23,9.18,delivered,1,21
1142,e053fc0b91224dfcb701bdea601361f3,1,20180130,228,293,4476,85.3,14.63,delivered,5,1
1143,2556860e89c34b0da17c4d9b1c1af46f,1,20180203,228,41,1161,70.67,8.67,delivered,5,5
1144,6330006c87054cc5a99b74979e81ca74,1,20180201,228,227,2942,35.64,8.5,delivered,4,3
1145,22b349ef6e554d89a38202bb93cab4c7,1,20180425,229,274,1561,123.99,14.91,delivered,4,39
1146,6541a19b582c41c3940131357c81e2dd,1,20170904,230,413,4955,126.46,16.23,delivered,5,44
1147,6541a19b582c41c3940131357c81e2dd,2,20170904,230,23,4955,285.85,26.7,delivered,5,44
1148,7102b7e0f9984740bba7854843916d08,1,20170725,230,206,1139,37.78,8.5,delivered,4,3
1149,dcdea4db00cd49e18ea654b27a326694,1,20170829,230,465,4250,175.9,14.42,delivered,3,38
1150,dcdea4db00cd49e18ea654b27a326694,2,20170829,230,495,4250,55.8,10.58,delivered,3,38
1151,ca45031e7d294698a04caf2abde36ab2,1,20170811,230,491,4987,30.38,8.5,delivered,1,20
1152,d68bf2147a784c76bf14d3f71574a1d6,1,20170728,230,277,3170,53.73,8.5,delivered,4,6
1153,5ce8667a59ed4326b4f012f233faa6c2,1,20170730,230,66,2527,135.64,15.98,delivered,5,8
1154,7047e5aa503941168c71ac94b50d6679,1,20170908,230,212,4871,84.45,12.47,delivered,5,48
1155,7047e5aa503941168c71ac94b50d6679,2,20170908,230,24,4871,82.14,8.5,delivered,5,48
1156,36524504547947f086cce25365d6e72b,1,20170803,230,382,1290,42.12,8.5,delivered,5,12
1157,5f2adc851b3142ee96ea4b930215dbf8,1,20170728,230,421,1296,81.27,17.14,delivered,5,6
1158,0427e7616c10462a8e18a71297bb748b,1,20170827,230,166,711,24.8,8.5,delivered,1,36
1159,b460ff1da0f04ca9802fc32ecc3c2335,1,20170723,230,424,2787,37.27,8.5,delivered,1,1
1160,e6bf3010ecd9487690acebbe8c45e0c4,1,20170831,230,429,4269,15.16,8.5,delivered,5,40
1161,e6bf3010ecd9487690acebbe8c45e0c4,2,20170831,230,318,4269,62.0,8.5,delivered,5,40
1162,9b8e623739d445ea81918ebb37e3c729,1,20170809,230,186,3708,41.11,8.79,delivered,5,18
1163,758d7d51294b4707b11c5fd1351e981e,1,20170811,230,185,1231,143.23,29.67,delivered,5,20
1164,a297ae380bac4b78a60c285079e5443a,1,20170725,230,97,1632,17.86,8.5,delivered,4,3
1165,4b0ce8e959014ac288d5fde073e578d7,1,20170903,232,314,3390,46.44,9.96,delivered,4,28
1166,1ceccb140b774380a78d5ec5b870863f,1,20170902,232,65,1224,100.57,18.26,delivered,4,27
1167,f3cf32c6aa70462c817df3258275b64e,1,20171108,233,472,4953,30.31,8.5,delivered,5,16
1168,4d46a2a2959d4cfe8a593457748eb350,1,20171107,233,406,1854,181.7,35.25,delivered,4,15
1169,d06f8388586c4f919ac56f24dd554524,1,20171029,233,475,254,120.4,22.95,canceled,1,6
1170,d06f8388586c4f919ac56f24dd554524,2,20171029,233,263,254,29.55,8.5,canceled,1,6
1171,d06f8388586c4f919ac56f24dd554524,3,20171029,233,356,254,84.09,17.4,canceled,1,6
1172,5c39bad4c0e24629aca60dc4002143b0,1,20171128,233,78,3947,129.66,22.88,delivered,3,36
1173,37a016824ade4aa1a6bb0a7c7d173976,1,20171127,233,219,1218,15.46,8.5,delivered,4,35
1174,75e0383d42fa40cdb91f2999309f1b65,1,20171029,233,319,760,60.9,12.89,delivered,2,6
1175,75e0383d42fa40cdb91f2999309f1b65,2,20171029,233,444,760,34.84,8.5,delivered,2,6
1176,23ac350719b048cf923b01f7f93c2590,1,20180605,234,492,894,67.68,8.5,delivered,5,70
1177,23ac350719b048cf923b01f7f93c2590,2,20180605,234,349,894,44.97,8.5,delivered,5,70
1178,c93ae57da7964205ae9a2add5fce572b,1,20180327,234,238,1333,18.67,8.5,delivered,4,1
1179,2347523715654d08b43e4804ee395b58,1,20180411,234,243,2724,25.59,8.5,delivered,4,16
1180,2347523715654d08b43e4804ee395b58,2,20180411,234,145,2724,49.22,9.29,delivered,4,16
1181,28ea0ee8f499426b858bfba44d7fbccc,1,20180327,234,154,3417,9.23,8.5,delivered,5,1
1182,28ea0ee8f499426b858bfba44d7fbccc,2,20180327,234,487,3417,86.43,13.37,delivered,5,1
1183,c983fe7cdef9470ca649e602dcbe683a,1,20180414,234,152,1222,115.12,21.26,delivered,4,18
1184,6068f5852c934c10b4a3767b8f29a77d,1,20180522,234,35,1660,27.17,8.5,delivered,5,57
1185,edb0c38605394a008315813f30fc1ee4,1,20170918,235,128,207,14.87,8.5,delivered,2,83
1186,d33b22175e3b418ba81f1ff4f31e5b5b,1,20170701,235,96,4539,107.32,16.26,delivered,5,4
1187,9f0881eb8eef4588a28099c5fe1b672d,1,20170702,235,204,59,158.77,23.21,canceled,5,5
1188,142d68e7fd494e6d8096721ced5eb4d7,1,20170710,235,277,363,31.93,8.5,delivered,4,13
1189,f47f9d2d1750431da15e8a446c251869,1,20170711,235,424,2630,130.03,19.51,delivered,5,14
1190,483ee2023373494dab4e2714b305b917,1,20170726,235,161,456,48.64,8.5,delivered,4,29
1191,0c4522c4a8f54816a9e53459f10aba3d,1,20170719,235,98,4551,151.25,14.28,delivered,5,22
1192,0c4522c4a8f54816a9e53459f10aba3d,2,20170719,235,398,4551,133.55,24.71,delivered,5,22
1193,01494134fe584d409f319cb3e824eab5,1,20170818,235,336,1052,195.21,16.56,delivered,5,52
1194,d75f0f9805d445a7a30f3d9ced45f08b,1,20170716,235,113,2105,70.06,8.5,delivered,5,19
1195,b51472bcc3804cdc90f5e92555358ffc,1,20170815,235,473,3176,93.54,11.23,delivered,3,49
1196,b51472bcc3804cdc90f5e92555358ffc,2,20170815,235,73,3176,117.39,19.1,delivered,3,49
1197,7f60ebb3761c4e00a2e0c4b82eada512,1,20170710,235,160,2888,245.43,28.95,delivered,4,13
1198,0ef2fa68ca1b45b58526413b4d7c2d3d,1,20170718,235,436,567,170.53,25.07,delivered,5,21
1199,61084e89447a4ea4b4e5bfcc5c4c5ad8,1,20170924,235,455,1858,99.38,11.8,delivered,5,89
1200,099d1cb2e76f4268ab213d2b62a3c1d0,1,20170703,235,240,3541,126.17,10.6,delivered,5,6
1201,ad051f21c92446f9b082e5c274aae34c,1,20170709,235,155,1688,47.33,8.5,delivered,5,12
1202,f0ed3dcb04be4b80a1e1ee5fbca63545,1,20170628,235,379,4913,45.7,8.5,delivered,1,1
1203,9ae6ed73ee4b415dbdd311af68d21802,1,20170722,235,376,3387,119.19,18.39,delivered,4,25
1204,76da7ed3ef1348928f463561ac72bc4b,1,20180328,236,486,4193,43.64,8.5,delivered,5,7
1205,e2d2fb6739854dbf98a0f8c06e2d50ec,1,20180405,236,79,3002,71.58,10.73,delivered,3,15
1206,51c6ba11f1b84a7aa9ae7ac991a22ed5,1,20180420,237,264,3739,48.72,8.5,delivered,4,17
1207,b5709eb41d9c4c91acf3f73b55c9f600,1,20180405,238,61,369,39.29,8.5,canceled,4,3
1208,b5709eb41d9c4c91acf3f73b55c9f600,2,20180405,238,96,369,42.57,8.5,canceled,4,3
1209,b5709eb41d9c4c91acf3f73b55c9f600,3,20180405,238,309,369,353.46,44.19,canceled,4,3
1210,91c5b267266048a2bfd323a70a0ee377,1,20180404,238,106,113,163.79,28.83,delivered,5,2
1211,d50e5c0bc1d04f98b1ed44582c8a4426,1,20180420,238,285,1789,214.53,31.08,delivered,3,18
1212,d6e096ec05164ba58b923516a3ba8d01,1,20180602,238,236,4067,405.93,33.5,delivered,3,61
1213,b4962ad96b0c455791a7da8d92e84ff2,1,20180129,240,206,3368,52.55,8.5,delivered,3,38
1214,b4962ad96b0c455791a7da8d92e84ff2,2,20180129,240,345,3368,38.24,8.5,delivered,3,38
1215,9081aa0901db4ddba59167998e9dba1b,1,20180131,240,437,1328,64.82,8.5,delivered,4,41
1216,3316eb425dfb4488a05b4f663cdeea75,1,20171026,242,425,1041,50.59,10.62,delivered,5,19
1217,3316eb425dfb4488a05b4f663cdeea75,2,20171026,242,440,1041,68.12,13.62,delivered,5,19
1218,3316eb425dfb4488a05b4f663cdeea75,3,20171026,242,213,1041,160.84,32.35,delivered,5,19
1219,d1593ee756484f839ff72bdc29f4cf19,1,20171021,242,391,4552,112.97,16.0,delivered,5,14
1220,f0b0404eb595424896ee528c781c6973,1,20171108,242,102,1766,206.15,41.04,delivered,2,33
1221,f9b0e08cca78422d981f72aabee273b5,1,20171020,242,292,4803,87.83,9.07,delivered,4,14
1222,f9b0e08cca78422d981f72aabee273b5,2,20171020,242,390,4803,44.76,8.5,delivered,4,14
1223,e0a3aefae5f54fb3b176d6eb72156e0e,1,20170925,243,279,3253,129.73,16.78,delivered,1,23
1224,ad5c8999b72149afa5fef850c4e3fe89,1,20170903,243,335,1489,48.7,10.13,delivered,5,1
1225,389737af155c4a6aad78b8fd12f6d647,1,20170927,243,142,4269,35.1,8.5,delivered,5,25
1226,18e85e0df2704a10a1d9d1ab992e13bd,1,20170907,243,441,4267,15.28,8.5,delivered,5,5
1227,b26f2ea5f19a4ccd8f616fad3f5c3194,1,20170806,244,61,1262,67.01,8.5,delivered,5,50
1228,601e01b50ba547c282b0fd645c5a0b10,1,20170625,244,46,3832,77.46,11.34,delivered,5,8
1229,a07abc37095a433e922942f114a65618,1,20180623,245,481,4581,194.55,21.71,delivered,5,30
1230,1953569e902745b19b675ea68ee26bc3,1,20180716,245,353,4334,205.65,28.28,delivered,1,53
1231,cffe597621f44e73af0b62edf718b8f4,1,20180608,245,420,2865,81.39,12.81,delivered,5,15
1232,cffe597621f44e73af0b62edf718b8f4,2,20180608,245,321,2865,88.3,15.84,delivered,5,15
1233,0b47905c8cdd4253a4bdf12b7a6dd15e,1,20180603,245,256,601,111.83,17.93,delivered,4,10
1234,eb40887d5bb04ddc8bb890ed6897e61e,1,20180708,245,100,1709,51.47,10.67,delivered,1,46
1235,00373611341b43f99dc6b397188fd0a4,1,20180527,245,251,4721,253.12,34.42,delivered,4,3
1236,977a72e9300d4c4abc9bd4ee8e40cbcb,1,20180607,245,188,4034,81.44,12.99,delivered,4,14
1237,3c3dd3ca6f134835842547c8981ee3ac,1,20180627,245,427,3483,68.72,12.96,delivered,5,34
1238,976dff66caa74feaa36ed1eb8dedb0a7,1,20180605,245,300,2105,24.0,8.5,delivered,1,12
1239,1e335a7cc286442190aa306def148661,1,20180525,245,92,4460,67.53,9.49,delivered,4,1
1240,4cfe9b01d48f40f58c046c6e05b23088,1,20180527,245,311,1573,26.28,8.5,delivered,2,3
1241,e317fd449035497bb97e48c34a2bb364,1,20180526,245,17,942,74.11,8.5,delivered,5,2
1242,faf0adfe4ca64cde91bf995ec0e8689f,1,20180617,245,158,4996,77.21,11.86,delivered,4,24
1243,faf0adfe4ca64cde91bf995ec0e8689f,2,20180617,245,1,4996,222.6,27.4,delivered,4,24
1244,c37ce054e2c5446fa5067592abba3493,1,20180603,245,317,3381,62.6,8.5,delivered,5,10
1245,882a899a310f4c648862c7315ee1c05d,1,20180528,245,45,4793,21.49,8.5,delivered,5,4
1246,69111858b89a423ebf6c2b77e4c69f42,1,20180626,245,423,3150,11.42,8.5,delivered,1,34
1247,cc20fd7fff254e36a71845df13d50c70,1,20170821,246,176,4939,19.22,8.5,canceled,2,13
1248,7bf8ec9686bf48149c8c54911708bfb8,1,20170817,246,196,4345,37.8,8.5,delivered,5,9
1249,c85d00598a1a4a9e806e2f75749462f8,1,20170830,246,93,1894,25.73,8.5,delivered,4,22
1250,88780aed32344d6f8c57d62c50b5305d,1,20170901,246,390,370,40.4,8.5,delivered,3,24
1251,b84bf44623934d68a0006e13eb05306c,1,20170913,246,89,2504,12.2,8.5,delivered,5,36
1252,c20af4f9ba8b40f7a4d5c8722ad24601,1,20171015,246,459,4636,75.91,8.91,delivered,4,67
1253,b84f3b858c704f3da616807076a9125b,1,20170819,246,433,3842,132.22,24.51,delivered,5,10
1254,b84f3b858c704f3da616807076a9125b,2,20170819,246,187,3842,150.96,19.73,delivered,5,10
1255,b84f3b858c704f3da616807076a9125b,3,20170819,246,350,3842,67.85,9.64,delivered,5,10
1256,1a357e7c492647b69a884e377a0f4104,1,20170830,246,61,4006,110.94,10.67,canceled,5,22
1257,05601b92a04c46d985fe52ab1f07e42d,1,20180106,247,347,786,326.01,48.86,delivered,5,18
1258,94f9ea6713d840329a78bbc70e36c1b1,1,20180116,247,218,38,227.73,34.41,delivered,2,28
1259,5a960787575049b984edfd87c4ac2b46,1,20171223,247,445,4521,124.44,21.12,delivered,1,4
1260,5a960787575049b984edfd87c4ac2b46,2,20171223,247,282,4521,18.15,8.5,delivered,1,4
1261,92ba16c6bf9540e7b737632038feeae6,1,20180119,247,310,4291,98.47,14.42,delivered,4,32
1262,e5d365d2cdab40ed8bb021119cd81df1,1,20180123,250,151,3101,39.26,8.5,delivered,5,28
1263,e5d365d2cdab40ed8bb021119cd81df1,2,20180123,250,486,3101,101.03,17.94,delivered,5,28
1264,acfc37a99ea64e5a8c0a8761ce0f83b6,1,20180104,250,27,2244,44.82,8.5,delivered,5,9
1265,1d73f0a515dd4574a06c693a01254f27,1,20180121,250,337,4015,14.3,8.5,delivered,5,26
1266,1d73f0a515dd4574a06c693a01254f27,2,20180121,250,411,4015,358.26,67.04,delivered,5,26
1267,5bf50dc39a464e3bb63655ac2f3a5bee,1,20180115,250,377,3226,42.1,8.5,delivered,5,20
1268,75c1e566bda24792a2a1c24bdc2bc46e,1,20171116,251,420,3155,8.69,8.5,delivered,5,5
1269,b33af89fd89a447497db73ea5e3d2023,1,20171116,251,432,642,46.34,8.5,delivered,4,5
1270,4ccd600c1cf443c080dd18d580ef5b38,1,20171125,251,332,3632,83.86,8.5,delivered,5,14
1271,32231ae06b95431bb7fba3e1be9a2d84,1,20180116,252,124,193,52.77,8.5,delivered,4,3
1272,32231ae06b95431bb7fba3e1be9a2d84,2,20180116,252,87,193,25.28,8.5,delivered,4,3
1273,0e68d9a356d946c280f61c5cffd05106,1,20180125,252,269,2236,243.26,40.27,delivered,5,12
1274,e9647e5eb8c844bf8f716a55950a68b6,1,20180530,253,122,2120,44.19,8.5,delivered,3,29
1275,e9647e5eb8c844bf8f716a55950a68b6,2,20180530,253,418,2120,62.57,8.5,delivered,3,29
1276,d72bce5c29ed48248dff37fecaf63257,1,20180610,253,118,4301,155.67,24.05,delivered,5,39
1277,d72bce5c29ed48248dff37fecaf63257,2,20180610,253,102,4301,70.26,12.8,delivered,5,39
1278,60ac8f3ee5d24bac9a230ef9eb7d2f1d,1,20180516,253,370,4755,146.73,24.21,delivered,5,15
1279,854f2cf82e634fba8e07cbf0b8d7a655,1,20180502,254,500,4923,121.83,22.37,delivered,4,5
1280,ce3f414449b146fe99f28a406948cf52,1,20180502,254,235,240,51.1,8.5,delivered,5,5
1281,f56b0cede7f9494d9ea9c7a488f9b0a1,1,20180512,254,451,2882,231.36,31.02,delivered,5,16
1282,f4483c8606b34b9096db5bf6c6cf47c1,1,20180606,254,24,241,69.73,13.41,delivered,5,40
1283,7c7bb4d2c1b04f28bbff7e5801f0407d,1,20180618,254,446,2958,46.64,8.5,delivered,3,52
1284,7c7bb4d2c1b04f28bbff7e5801f0407d,2,20180618,254,324,2958,30.25,8.5,delivered,3,52
1285,7c7bb4d2c1b04f28bbff7e5801f0407d,3,20180618,254,106,2958,126.23,13.67,delivered,3,52
1286,f857c2440f9a45878ad8fba75503df9f,1,20180519,254,219,3828,125.69,14.74,delivered,5,22
1287,11bf0b9a9b1b493d8b9efd3f42fcbeb3,1,20180515,254,436,306,19.63,8.5,delivered,5,18
1288,1a22e6dacf15481c8c43f2802a81ce6b,1,20180430,254,318,1611,54.31,8.5,delivered,4,3
1289,b2420192bb414760b355abc31d2998df,1,20180514,254,363,4872,148.62,31.76,delivered,5,17
1290,7ad44a9834004659b176f1256296722d,1,20180506,254,92,438,27.51,8.5,delivered,3,10
1291,bae7e0bc89864f808c4242aff3ac9e0e,1,20170930,256,57,3957,62.37,10.95,delivered,5,18
1292,219030668721459a90a4420541abc3c3,1,20171001,256,135,3210,269.55,43.9,delivered,5,19
1293,30805536e2484d038e52ce0bb316251f,1,20170926,256,104,4635,48.67,8.5,delivered,4,13
1294,a30830d4954e4f9b97d7f4054db56b4c,1,20180103,257,129,3499,42.32,8.5,delivered,5,5
1295,a30830d4954e4f9b97d7f4054db56b4c,2,20180103,257,165,3499,169.99,24.24,delivered,5,5
1296,372b84c89fe8467ab475163db41edc14,1,20180107,261,108,3876,10.9,8.5,delivered,5,20
1297,b6245988a7954978ba9c2054dd5b0e61,1,20171219,261,96,1503,56.19,10.48,canceled,5,1
1298,b6245988a7954978ba9c2054dd5b0e61,2,20171219,261,15,1503,20.27,8.5,canceled,5,1
1299,4272e81e00694b11bea6050442b03bb4,1,20171220,261,31,3545,163.62,24.11,delivered,5,2
1300,efa71eef634347d89488b8f19ea98102,1,20171218,262,453,4913,28.79,8.5,delivered,5,8
1301,efa640ca479744acac52cade0eaaf3c7,1,20180217,263,97,4670,103.95,15.48,delivered,2,11
1302,3db3a8a51f894d9cab95a191a7491147,1,20180222,263,267,4901,151.28,32.55,delivered,5,15
1303,355eab53c0db492da951a988df09ed1a,1,20180209,263,479,2036,159.6,23.95,delivered,5,3
1304,355eab53c0db492da951a988df09ed1a,2,20180209,263,5,2036,174.3,22.11,delivered,5,3
1305,355eab53c0db492da951a988df09ed1a,3,20180209,263,356,2036,31.05,8.5,delivered,5,3
1306,765aac8a2eed4fbca084a633f2f2bfd3,1,20180208,263,322,4742,256.73,49.39,delivered,5,1
1307,765aac8a2eed4fbca084a633f2f2bfd3,2,20180208,263,208,4742,64.78,12.85,delivered,5,1
1308,6c269f056ff846d4baef64d8ea59b30c,1,20180217,263,137,246,75.48,8.5,delivered,5,11
1309,b7f9965cca64452898f8db8d16af8be9,1,20180307,263,349,4324,123.58,21.05,delivered,5,28
1310,3ea5e30cf6e64261b057de43162127de,1,20180304,264,413,2203,245.94,20.04,delivered,3,10
1311,c39378e0f8dc4857b84beb094a0ca6c7,1,20180309,264,222,2878,245.72,51.64,delivered,5,15
1312,c39378e0f8dc4857b84beb094a0ca6c7,2,20180309,264,169,2878,138.81,23.93,delivered,5,15
1313,908d40a783f94d8cb4313fb5129515c6,1,20180331,264,246,2149,43.23,8.5,delivered,5,37
1314,25e096065aef43f78b6aa721bc78bb60,1,20180714,265,444,82,103.86,14.88,delivered,4,58
1315,49c0a447446c4996ac48ec6c519f6a45,1,20180518,265,486,2100,18.92,8.5,delivered,3,1
1316,0cce58432a2947a9b2503c0ff636e39c,1,20180704,265,258,2668,69.54,13.63,delivered,4,48
1317,78515908186c4b159cfaf3902d125d27,1,20180614,265,338,342,44.52,8.5,delivered,5,28
1318,edb333e506404e6a8d6d4e159c25a175,1,20180604,265,96,1767,58.87,12.72,delivered,2,18
1319,1ff4a7c3cd764382a9caec07ec301a86,1,20180604,265,433,3046,41.15,8.5,delivered,5,18
1320,0f6fc590cd754847841a05c8935eae2c,1,20180521,265,400,3468,237.76,20.82,delivered,5,4
1321,0f6fc590cd754847841a05c8935eae2c,2,20180521,265,381,3468,103.56,13.53,delivered,5,4
1322,8aa24051b6044720afb9df3145654d84,1,20180527,265,338,1068,43.85,8.5,delivered,4,11
1323,93fefa2911054cb4b171e4a3809bfcf4,1,20180719,265,422,1794,141.8,29.04,delivered,1,63
1324,01f4ba4829c141d2b62ed69048b925ca,1,20180529,265,497,3274,68.07,8.5,delivered,5,12
1325,f9d77b96e315413da8e13d6ccadd2ae9,1,20180605,265,304,3606,137.03,13.21,delivered,5,20
1326,bfcccb822ffb429db4e92fba70463af1,1,20180603,265,350,493,50.72,8.5,delivered,5,17
1327,c2b0862c6002401e9c51a1926f5e3292,1,20180707,265,312,963,17.26,8.5,delivered,5,52
1328,c2b0862c6002401e9c51a1926f5e3292,2,20180707,265,48,963,135.27,21.4,delivered,5,52
1329,1216f610440c4bac98886c194796a85d,1,20180517,265,103,181,85.81,8.5,delivered,5,1
1330,2378c25f1a28486bb23c02cfefb4205d,1,20180521,265,414,3150,642.38,133.1,delivered,4,5
1331,314d44b34ec342ed8e905ef787c51696,1,20180719,265,17,1020,139.04,22.15,delivered,5,63
1332,b83e469a15214a5cb64cf3aeeb4cbf19,1,20180601,265,363,2436,64.72,9.24,delivered,4,15
1333,b83e469a15214a5cb64cf3aeeb4cbf19,2,20180601,265,469,2436,79.56,12.11,delivered,4,15
1334,5ae608ae4471493d8066eb4260f581b3,1,20180701,265,301,4916,59.89,11.59,delivered,1,45
1335,186744c51c1743ec95722987427e231a,1,20180519,265,168,2700,189.39,21.43,delivered,4,2
1336,dc49c3db27ce4fe8a91d084faea48e67,1,20180518,265,249,694,41.06,8.5,delivered,5,1
1337,dc49c3db27ce4fe8a91d084faea48e67,2,20180518,265,348,694,104.53,11.11,delivered,5,1
1338,3a599bded8754fcba5a8cee67fcde17d,1,20180625,265,301,2249,169.07,21.93,delivered,5,39
1339,6066a8987acf463a8731b2471866ee60,1,20180619,265,187,2813,405.69,69.18,delivered,5,33
1340,921f9dc3e04f45bcb3c8665ed2d12e88,1,20180225,267,41,4309,373.69,47.5,delivered,5,11
1341,b7b2c16e25654a869d0196518a0b3a46,1,20171214,269,480,337,171.27,26.01,delivered,5,3
1342,9fb870931c0f479c9628e2f10bfd5ecd,1,20171221,269,135,2690,10.26,8.5,delivered,3,10
1343,9fb870931c0f479c9628e2f10bfd5ecd,2,20171221,269,233,2690,58.84,8.5,delivered,3,10
1344,61ebcd56bb70445bbabe1288df86a400,1,20171123,270,145,2410,443.39,71.8,delivered,3,45
1345,61ebcd56bb70445bbabe1288df86a400,2,20171123,270,59,2410,39.85,8.5,delivered,3,45
1346,34caaffcce614101a69d695fee8ced47,1,20171014,270,336,4182,211.38,24.47,delivered,5,5
1347,f7a20058823144688ae7051d65303867,1,20170906,271,14,337,43.53,8.5,delivered,4,72
1348,ce6a97ae85ae4fe58ccf9c3c67fe496d,1,20170709,271,308,2959,92.1,16.37,delivered,1,13
1349,ba7879c2bd424466afc3a689396e9dbf,1,20180518,272,40,2725,321.38,64.35,delivered,5,4
1350,2d6d7ab8d7c04c3fb68e30aae48b868e,1,20180613,274,154,3659,59.51,8.5,delivered,2,4
1351,6119d6a6f668463c92f4698e60673367,1,20180611,274,295,4040,101.18,20.47,delivered,4,1
1352,0dfed6fc8b89422f9b91cbebd246eaaa,1,20180712,274,264,963,77.34,11.03,delivered,5,32
1353,6ece55b9aea742fe868b542077c74d5d,1,20180611,274,241,2035,57.36,9.53,delivered,4,1
1354,3bd79fe3df554e89ab36aedc3f410721,1,20180723,274,448,509,80.41,10.16,delivered,5,43
1355,3bd79fe3df554e89ab36aedc3f410721,2,20180723,274,187,509,113.17,18.56,delivered,5,43
1356,fb62e784fa7e49b68d6313f2cfc3ba6b,1,20180616,274,378,2544,121.29,16.77,delivered,5,6
1357,df966ac052864cc196f22e7edca443b4,1,20180628,274,102,3575,41.98,8.5,canceled,1,19
1358,0072f5a196ce4286bac55ec703aad2b7,1,20180719,274,169,4003,130.82,17.13,delivered,5,39
1359,57faf43fc8814cd486a77b30b549a4d1,1,20170904,275,221,245,115.76,16.5,delivered,5,58
1360,26f709ef072940208a8af5f0bffbfa62,1,20170730,275,467,2467,39.3,8.5,delivered,3,22
1361,530dea22e3a24004be473fd880e22fd9,1,20170709,275,204,1209,64.62,8.5,delivered,1,1
1362,a2d6197546194bc8947a81d1ea07723d,1,20170718,275,322,3014,75.49,8.5,delivered,5,10
1363,3513afcaa23847bfa862be400e39fdf2,1,20170716,275,145,405,73.19,15.7,delivered,5,8
1364,478fbbb87ff24c4dbae43d553888597d,1,20170730,275,181,1972,262.62,34.09,delivered,4,22
1365,839a6a39f6394f3f8d2cc085e6a4875d,1,20170829,275,491,3565,318.55,30.97,delivered,4,52
1366,13ff7d3d2d624c8786820fc38bb0b169,1,20170809,275,248,3056,742.42,132.08,delivered,2,32
1367,73b433f7227c40cea3a0ae41c7161110,1,20170811,275,421,4170,795.52,150.77,delivered,5,34
1368,fbc8a568eab14a55a700c3043f93a326,1,20170803,275,298,2471,153.15,14.22,delivered,4,26
1369,fbc8a568eab14a55a700c3043f93a326,2,20170803,275,258,2471,79.2,10.96,delivered,4,26
1370,176fb542912b49be9f68bea2ded93dd8,1,20170903,275,46,1646,129.62,17.09,delivered,2,57
1371,694717f8d51943349c58abe2d580fd9f,1,20170809,275,48,4581,186.69,31.29,delivered,4,32
1372,fad172f38b4a4c6d81277060404b6225,1,20170710,275,285,1897,153.54,20.53,delivered,4,1
1373,3fe0cf3ac8cc4d758b58f17224c8153e,1,20171112,276,349,1988,38.36,8.5,delivered,5,2
1374,16a325aa5bbe410692a4bc0113253b7f,1,20171112,276,191,721,32.17,8.5,delivered,5,2
1375,aca1fbb4b8044ab89affae1f97cfda3c,1,20171216,276,190,642,187.39,37.06,delivered,5,36
1376,bda9ac089c634dc2ac620224e16bdb4a,1,20171224,276,25,1326,27.33,8.5,delivered,5,44
1377,ceb5fc40b9d64c6cab1ca3993dc10811,1,20171112,276,125,1779,38.14,8.5,delivered,5,2
1378,ceb5fc40b9d64c6cab1ca3993dc10811,2,20171112,276,22,1779,104.93,11.11,delivered,5,2
1379,5411b1f2f51e41eabe92a449bbd0b717,1,20171111,276,230,4452,169.96,25.94,delivered,5,1
1380,ce282da3bd8641a4b2bf77520662153c,1,20171113,276,271,4361,220.88,26.86,delivered,5,3
1381,47fd6d9c803b4acf9cc7bc7353624cdf,1,20171111,276,396,814,294.26,42.19,delivered,5,1
1382,a38243eeaef54cab85156ff1b86a8c17,1,20180203,276,379,2237,38.44,8.5,delivered,4,85
1383,5ec5cd4c08cb466c8b39d2d53d1e5562,1,20171111,276,96,4199,60.91,8.5,delivered,5,1
1384,1a902667468d4f0eab9b7a3ef5e650f5,1,20171225,276,77,2393,81.21,14.77,delivered,5,45
1385,36c5786cf5dd46b4a52b0f1d5be44591,1,20171126,276,132,2252,53.15,8.5,delivered,1,16
1386,7740e09bb3c84b0a8e303e72dfab04d3,1,20171114,276,209,4055,159.27,18.08,delivered,5,4
1387,28252b645f78447ab6372560dcc071dd,1,20171111,276,282,762,66.96,9.8,delivered,4,1
1388,501fb63deb2845eabcafe7dad430797b,1,20171205,276,160,4993,267.18,35.89,delivered,5,25
1389,501fb63deb2845eabcafe7dad430797b,2,20171205,276,229,4993,223.11,38.58,delivered,5,25
1390,aad0cdc395d0447eacd2f8bbd87f9814,1,20171112,276,112,3146,179.66,39.09,delivered,4,2
1391,79e9e265c2e14d7faec89a5602eb8937,1,20171225,276,170,753,363.3,70.16,delivered,5,45
1392,3f8c923f868d4870b413c147e40cee0c,1,20171118,276,143,1182,81.53,8.5,delivered,5,8
1393,f580ca9924f4462c95b0ab384a9f949a,1,20171210,276,434,4779,128.06,20.2,delivered,5,30
1394,6cd09db94eb442158c82b20bd1e478e7,1,20171111,276,215,4827,129.96,22.54,delivered,5,1
1395,814d1c9504354550a7d4da27afda7cdd,1,20171123,276,296,4406,173.59,32.88,delivered,5,13
1396,559eb20706bb4581a455d15f568136c4,1,20171126,276,287,1118,213.07,31.68,delivered,4,16
1397,559eb20706bb4581a455d15f568136c4,2,20171126,276,96,1118,142.52,29.43,delivered,4,16
1398,559eb20706bb4581a455d15f568136c4,3,20171126,276,116,1118,87.05,12.66,delivered,4,16
1399,7bab6285f3694ac8a26b4bf0aeca8074,1,20171123,276,28,4572,143.36,31.16,delivered,3,13
1400,143bf711f8e64132b2ee0a5727718251,1,20171121,276,471,4217,73.52,8.98,delivered,3,11
1401,65b5b1e68afb44628a71bd7fbd83cc4d,1,20171106,278,476,4108,51.28,8.5,delivered,5,22
1402,e4d8fbd964f344fabd4f2bc51f26444f,1,20171112,278,410,4786,50.37,10.47,delivered,5,28
1403,e4d8fbd964f344fabd4f2bc51f26444f,2,20171112,278,167,4786,52.1,9.1,delivered,5,28
1404,b3b0cce9ecd248a7a5751434670f61d4,1,20171031,278,258,3047,12.37,8.5,delivered,5,16
1405,cb728307dc8b44f1992ab3467a254133,1,20171126,278,436,2889,249.11,45.55,delivered,5,43
1406,afdbff94c44a4117858272e256868c21,1,20171119,278,131,3477,280.39,59.36,delivered,5,35
1407,573e83566de44a20820eb3192830d309,1,20180306,279,240,3394,38.99,8.5,delivered,5,45
1408,6bcb31a54c194297b50990024c272b0f,1,20180123,279,99,2092,16.07,8.5,delivered,4,3
1409,ba0e4b3dd82949a1ad8492b75b37e5bb,1,20180123,279,78,347,101.55,9.37,delivered,5,3
1410,d6fe073dcb604a7786d21128f967cc26,1,20180205,279,52,2049,67.52,13.58,delivered,3,15
1411,0d5ba54c857149a888d36654c94b0332,1,20180125,279,324,2045,178.87,28.69,delivered,5,5
1412,89682ac1384045e5a9890143775ffbd1,1,20180306,279,322,2788,92.79,8.74,delivered,1,45
1413,181d9bdc2e8b4b5a8b1de09109b3b262,1,20180203,279,279,4484,131.35,12.12,delivered,4,14
1414,4a1841d7c9bc412ba72ebb656d51989d,1,20180209,279,364,1521,62.55,9.93,delivered,5,20
1415,446063dec1f842909cac3a5ad5dd801b,1,20180126,279,96,3365,60.59,12.09,delivered,4,6
1416,446063dec1f842909cac3a5ad5dd801b,2,20180126,279,344,3365,426.37,69.39,delivered,4,6
1417,91aa32b419a14f02a305998aa63c727f,1,20180306,279,281,1056,43.32,8.5,delivered,5,45
1418,1bef75df9e87458fb4063037ce7875b2,1,20180218,279,378,4141,157.04,30.67,delivered,5,29
1419,0aa2ccfb55804b4eb28ebe81db06ef8d,1,20180308,279,309,2979,77.67,8.5,delivered,1,47
1420,eae0f7fa5eb74692ba496697c651f0b7,1,20180106,280,399,3762,29.62,8.5,delivered,4,7
1421,39e2a7851268448fab2d0124435aa409,1,20180515,282,307,3330,106.38,8.82,delivered,4,34
1422,39e2a7851268448fab2d0124435aa409,2,20180515,282,434,3330,218.89,21.58,delivered,4,34
1423,d79ab4fdc6424a9c8505ce0df80370f9,1,20180424,282,220,2879,69.46,8.5,delivered,5,14
1424,d79ab4fdc6424a9c8505ce0df80370f9,2,20180424,282,58,2879,31.71,8.5,delivered,5,14
1425,e4de397f0432498ab0293bc105e7df65,1,20180430,282,23,4128,101.67,12.58,delivered,5,19
1426,fadfbd4f49ba4abdb0080815f1ab226c,1,20180430,282,369,3926,152.79,20.06,delivered,5,19
1427,26971330688548f9914a333cd8f13dfe,1,20180427,282,305,3508,31.06,8.5,delivered,5,17
1428,6a83e6cee6cf417199c998abcbf2751d,1,20180421,282,234,3289,103.3,12.42,delivered,3,11
1429,4a7dd29723fa46b2a3916452acf78249,1,20180423,282,123,904,31.31,8.5,delivered,5,12
1430,43e11a839be145589ffa10486dfc9324,1,20170818,283,313,2322,264.45,25.83,delivered,5,3
1431,d5e23df794584119afa61a3bcaaead52,1,20170824,283,218,713,125.03,17.2,delivered,4,9
1432,b15c7730aab24b6c9c1aeb97e3e5c986,1,20180502,284,206,1438,164.46,15.15,delivered,5,2
1433,abedc87a8b8249568b12dbccd9e11c6a,1,20180706,288,215,2784,94.32,17.62,delivered,3,30
1434,1e024034cca7410d9fd0456abc41907a,1,20180613,288,77,2670,66.4,9.23,delivered,5,7
1435,13ccf54adda944389ab4a2229b717e4b,1,20180608,288,457,1983,70.85,10.36,delivered,5,3
1436,8aa20677d2d246dc9c2fbba2118e8719,1,20180625,288,58,3725,757.37,61.41,delivered,4,19
1437,604e394a5e4546c4b43a9116c8bb454b,1,20180620,288,219,4505,53.63,8.64,delivered,4,14
1438,ebdd14cad7364af48163f57d7c0f529a,1,20180607,288,498,623,374.26,39.26,delivered,5,1
1439,3a703700542e459cb9761429cf1cea47,1,20180610,288,104,3717,415.59,80.39,delivered,3,4
1440,e36ef16ccf854dd38d5bf84b87e08305,1,20180625,288,390,1538,53.31,9.46,delivered,1,19
1441,d3f7ffc9669c43beb8c42517ab882668,1,20180715,288,145,3036,25.18,8.5,delivered,4,40
1442,5aaf6c90b7524cf6b2e281b3cca6e8fa,1,20180318,291,419,3430,70.74,8.5,delivered,5,34
1443,f54d1f287425404883e5c98301de834f,1,20180219,291,441,2432,98.94,9.41,delivered,3,6
1444,f54d1f287425404883e5c98301de834f,2,20180219,291,271,2432,135.14,15.11,delivered,3,6
1445,f54d1f287425404883e5c98301de834f,3,20180219,291,76,2432,140.34,16.56,delivered,3,6
1446,f999e0ebdf2c4d658d6e7d91c82b72bf,1,20180224,291,402,3378,54.44,8.5,delivered,5,12
1447,8abf19ee1fa540d38840b9754299729d,1,20180406,291,370,4699,23.6,8.5,delivered,1,53
1448,77b9c07b46cc4f998fb93f7f01418e59,1,20180309,291,279,2646,31.98,8.5,delivered,2,25
1449,2ab3421c60ff4aa0a7e08406f19ac9b6,1,20180611,291,98,409,89.02,10.67,delivered,5,119
1450,2ab3421c60ff4aa0a7e08406f19ac9b6,2,20180611,291,397,409,70.03,9.18,delivered,5,119
1451,55346e45a6c8457aa6b2470ca0c8f1e7,1,20180401,291,4,3414,153.67,19.09,delivered,1,48
1452,fe84a79bfabd4ef5b45a8f15f04896e0,1,20180217,291,446,1586,146.81,12.83,delivered,3,5
1453,2ea4425ec480406bbed6078fa0c711a6,1,20180215,291,120,3323,37.32,8.5,delivered,2,3
1454,2ea4425ec480406bbed6078fa0c711a6,2,20180215,291,230,3323,60.91,8.5,delivered,2,3
1455,60ee57527d644a64bfbc262c9b46a637,1,20180224,291,139,3789,40.88,8.5,delivered,5,12
1456,14e15b00ff744ea0bf061b7495c1aef8,1,20180302,291,448,2794,33.16,8.5,delivered,5,18
1457,492531bb005c44e484916d5af73ea409,1,20180324,291,48,4632,80.11,11.45,delivered,5,40
1458,492531bb005c44e484916d5af73ea409,2,20180324,291,431,4632,50.97,10.12,delivered,5,40
1459,f01a4d0c7d184417a9f8c93293893302,1,20180511,291,194,4336,14.56,8.5,delivered,5,88
1460,b6d5215842ba44018f5f9097c189fb6f,1,20180203,292,253,2905,63.73,13.59,delivered,1,2
1461,8eecabe7c755486db3a941a9d3a75bad,1,20180218,292,36,1958,39.9,8.67,delivered,4,16
1462,8eecabe7c755486db3a941a9d3a75bad,2,20180218,292,352,1958,329.43,42.37,delivered,4,16
1463,4b5d1aab71a444298f2f1515605619cd,1,20180404,292,311,688,301.24,56.53,delivered,2,61
1464,f2b3a0e71efd46c69913d5af8cc848e0,1,20180313,292,109,604,82.99,18.2,delivered,5,40
1465,9841b8c1fcc441309493ec147d1a06ba,1,20180214,292,309,4093,154.88,27.86,delivered,1,13
1466,bd18de940cf54e54aa54a17c81520663,1,20180217,293,361,354,61.25,11.05,delivered,4,11
1467,2cab41d1211942e19892853f577bb92b,1,20180303,294,293,1223,49.62,8.5,delivered,5,14
1468,2cab41d1211942e19892853f577bb92b,2,20180303,294,431,1223,42.74,8.5,delivered,5,14
1469,815293555d7c4563a644fc387de203cd,1,20180328,294,4,3131,342.09,54.98,delivered,3,39
1470,e8b207dcc9c24323aea478b19fa516b1,1,20180219,294,451,102,32.67,8.5,delivered,4,2
1471,c3d0f91b4a8e4a2db147f1751ac5b19a,1,20180614,296,298,1494,40.69,8.5,delivered,3,5
1472,c3d0f91b4a8e4a2db147f1751ac5b19a,2,20180614,296,82,1494,78.48,10.79,delivered,3,5
1473,31e0abff7fa34b0e8ad3e464c6991f1c,1,20180623,296,224,532,87.87,13.33,delivered,3,14
1474,093331ed6f4f4fe3908e0d5ba30129d1,1,20180611,296,224,217,118.12,23.31,delivered,5,2
1475,c1da2bce9cb8410abff58eca947a3ea9,1,20180708,296,2,2281,256.89,49.85,delivered,5,28
1476,c1566bc9b26245d1b5cf8c3eeb8586d4,1,20180702,296,70,402,61.7,9.25,delivered,3,23
1477,6bf7d2227be84317a52f98911524188a,1,20180621,296,476,4321,122.43,24.26,delivered,5,12
1478,d497fabe0b83429084fbf9c692f5a2e5,1,20180626,296,402,4022,42.62,8.5,delivered,5,17
1479,b1d277118a2840aea7686ef415e532e0,1,20170820,297,198,3803,17.37,8.5,delivered,5,14
1480,b98a230c762745259ca10913fb901044,1,20170829,297,332,4614,209.58,36.02,canceled,5,23
1481,1ffab6d56498414ead732ddb11ea1670,1,20170807,297,231,3556,28.22,8.5,delivered,4,1
1482,1ffab6d56498414ead732ddb11ea1670,2,20170807,297,163,3556,144.51,31.02,delivered,4,1
1483,1ffab6d56498414ead732ddb11ea1670,3,20170807,297,186,3556,238.16,32.07,delivered,4,1
1484,35e7cc924ade483aa69c597a1e009abe,1,20170819,297,182,1371,71.18,14.32,delivered,5,13
1485,35e7cc924ade483aa69c597a1e009abe,2,20170819,297,462,1371,745.01,147.66,delivered,5,13
1486,35e7cc924ade483aa69c597a1e009abe,3,20170819,297,498,1371,63.55,8.5,delivered,5,13
1487,2296accec6344412ac9e0e0fbd49869e,1,20170811,297,236,4661,36.37,8.5,delivered,5,5
1488,d4d4c8003fb24bbd917bdfdeb7326840,1,20170923,297,183,368,121.83,11.55,delivered,5,48
1489,6d9540cc2ef64c0e84c61fd3722135dc,1,20170826,297,243,4301,71.5,8.5,delivered,5,20
1490,eb34bc372a1a448389bf690e3f27de44,1,20171013,297,251,1071,81.78,14.87,delivered,5,68
1491,eb34bc372a1a448389bf690e3f27de44,2,20171013,297,135,1071,70.69,10.7,delivered,5,68
1492,14f15361bf2d45c3b9ac3098221c126c,1,20170807,297,192,3696,27.39,8.5,delivered,4,1
1493,f50681a9389f404fb063a3150f1494ae,1,20170814,297,121,2515,45.24,8.5,delivered,5,8
1494,6a820b4dc2694c1ea2cdd09c454be9f3,1,20170821,297,396,1454,37.52,8.5,delivered,4,15
1495,0337292b88294c2d81c904ba53846173,1,20170820,297,195,1640,71.73,14.7,delivered,4,14
1496,7529c357a4ec47adbd7d98dcdbf7eadb,1,20180429,298,415,1009,63.01,9.37,delivered,4,17
1497,cf43120775074a5ab0830e008cf1be09,1,20180318,299,97,3443,45.39,8.5,delivered,5,20
1498,ab533aefc1f84770b04534edeab054c2,1,20170925,300,126,1744,49.56,9.27,delivered,5,15
1499,84ccb82d34b14e819e1a751342c23962,1,20170911,300,329,1776,19.12,8.5,delivered,3,1
1500,d3b04adb165c4dadbf44a676bd815a21,1,20171012,300,121,3912,62.41,8.5,delivered,5,32
1501,d3b04adb165c4dadbf44a676bd815a21,2,20171012,300,170,3912,129.98,13.64,delivered,5,32
1502,e61fd5e984dd44bd8cf0815d57bee86a,1,20170912,300,142,1113,24.53,8.5,delivered,2,2
1503,73909a7f46ef4d13b56ff00f9037067a,1,20170914,300,59,3933,130.03,13.79,delivered,5,4
1504,3b201f52e43b4abfb09a99d44fe7a564,1,20170911,300,302,4841,77.37,8.5,delivered,5,1
1505,3b201f52e43b4abfb09a99d44fe7a564,2,20170911,300,382,4841,57.12,8.5,delivered,5,1
1506,3b201f52e43b4abfb09a99d44fe7a564,3,20170911,300,232,4841,84.82,9.53,delivered,5,1
1507,935749c5498f440899c6aa6abece645f,1,20171030,300,43,1126,203.72,28.86,delivered,5,50
1508,73567abd45624899ac5b3e69c62027ac,1,20170901,301,407,3535,31.51,8.5,delivered,5,26
1509,62264d6d99eb44c68a9d7e195b72a9ba,1,20170814,301,332,3060,89.53,8.5,delivered,5,8
1510,933149acbcce4b96b4f1de1c127e097d,1,20170815,301,400,4055,125.94,24.97,delivered,1,9
1511,4b298000fa8f4e3fa95c8d883d13c182,1,20170809,301,469,2463,19.47,8.5,delivered,5,3
1512,bfac2d71d0b044ebb3611b60bee410d2,1,20171202,302,106,2473,48.14,8.5,delivered,1,18
1513,bfac2d71d0b044ebb3611b60bee410d2,2,20171202,302,258,2473,71.25,14.93,delivered,1,18
1514,297c5a1d1f31450a9d70cfd9da7c7230,1,20171207,302,17,2707,106.48,21.29,delivered,3,23
1515,5f8f8fb9f0ac48e4b2f7f18ad1c8d1a8,1,20171204,302,140,1294,270.3,41.13,delivered,4,20
1516,7234f4e508cf48018c196999c67c7b4c,1,20171211,302,231,4846,46.39,8.5,delivered,5,27
1517,c2a31d0e137449c8854475160627e720,1,20171021,303,296,2102,191.81,18.04,delivered,5,31
1518,e09a669c00754f1a9fe31b0a00e8428e,1,20171001,303,275,40,68.97,8.56,delivered,5,11
1519,ab0e390908784d249b7714028a1d685d,1,20171221,303,117,4691,176.35,33.22,delivered,3,92
1520,f00b285812ab416a8987d9bce4d920d5,1,20171024,303,35,870,18.1,8.5,delivered,5,34
1521,f00b285812ab416a8987d9bce4d920d5,2,20171024,303,75,870,60.58,12.12,delivered,5,34
1522,e3270dd14607482b90d45af75ea1eb2e,1,20171010,303,431,1581,21.17,8.5,delivered,5,20
1523,a7c8c4367c2741f0924d56886b759e05,1,20170928,303,410,875,20.1,8.5,delivered,4,8
1524,f7c95e4115ce4b2d800d701ab48dd460,1,20171120,304,391,931,68.6,13.63,delivered,4,15
1525,f7c95e4115ce4b2d800d701ab48dd460,2,20171120,304,322,931,23.34,8.5,delivered,4,15
1526,c900d0d749904b789759bf152108b24b,1,20171128,304,158,2630,150.22,28.77,delivered,5,23
1527,67dc0925d3324f4985d3aacd3a2481aa,1,20180411,306,256,731,73.36,8.5,delivered,4,8
1528,48122b7217a24d13bc711ee5f9db654a,1,20180621,307,28,3753,97.01,16.49,delivered,5,12
1529,12ba7c5ecc714c58aabdc17e719e843c,1,20180612,307,155,1322,93.96,18.46,canceled,5,3
1530,12ba7c5ecc714c58aabdc17e719e843c,2,20180612,307,172,1322,22.13,8.5,canceled,5,3
1531,5e722ac7d7ae469d94d884d496a8daf0,1,20170624,308,493,1333,18.44,8.5,delivered,5,1
1532,008022a6f08b46c7a6445feac7b559db,1,20170913,310,319,2054,60.64,10.87,delivered,5,20
1533,43832d6038084b3c938faff1e50de83e,1,20170902,310,3,2048,102.34,15.21,delivered,5,9
1534,43832d6038084b3c938faff1e50de83e,2,20170902,310,441,2048,37.73,8.5,delivered,5,9
1535,b863df25586244c8a79349f61b8cd857,1,20171011,310,198,2418,58.77,8.5,delivered,5,48
1536,ba66626cea0449cdbbfbc30a155f003f,1,20170907,310,242,2790,49.85,8.77,delivered,5,13
1537,d61f06532de24d868176ba1ff2527a7e,1,20171211,311,475,416,98.68,15.78,delivered,5,75
1538,d61f06532de24d868176ba1ff2527a7e,2,20171211,311,437,416,26.07,8.5,delivered,5,75
1539,16b5350265844207b6aef9972ec60963,1,20170930,311,56,4736,80.61,10.86,delivered,4,3
1540,6e6c8e48fc02437c8c3f6204a49e0367,1,20171009,311,391,611,56.77,10.41,delivered,1,12
1541,34ed7d4f57ef4b98b6131b8f3cce0002,1,20180102,312,325,1397,60.03,8.5,delivered,5,22
1542,34ed7d4f57ef4b98b6131b8f3cce0002,2,20180102,312,174,1397,21.62,8.5,delivered,5,22
1543,9f4024ed7bc244cda4de2acc4a6ce735,1,20171217,312,224,341,75.04,8.66,delivered,5,6
1544,3fcc9541fb77412da5004a4cb6c106a4,1,20171223,312,99,2751,68.97,8.5,delivered,5,12
1545,d3e82aa8c231482493d33321357fa6da,1,20171212,312,412,3212,69.41,8.5,canceled,5,1
1546,7ab923d6e6c14a9182ee11cd95e0c75c,1,20171221,312,357,552,393.04,73.21,delivered,1,9
1547,7ab923d6e6c14a9182ee11cd95e0c75c,2,20171221,312,164,552,115.57,18.18,delivered,1,9
1548,a382ddb47d3d46caad5d0f801f7f4006,1,20171213,312,373,811,90.44,13.23,delivered,5,1
1549,f368f7f621a84580ad4dae521d9c8619,1,20180116,312,91,488,61.82,11.33,delivered,4,35
1550,f368f7f621a84580ad4dae521d9c8619,2,20180116,312,156,488,34.19,8.5,delivered,4,35
1551,f368f7f621a84580ad4dae521d9c8619,3,20180116,312,88,488,86.42,8.5,delivered,4,35
1552,f7901f7ce26c433e84b65597082492f3,1,20171212,312,299,2320,14.02,8.5,delivered,5,1
1553,1a7bd0ee24404a8e8953ccf4d79e94ca,1,20171220,312,146,925,77.31,8.5,delivered,5,9
1554,1a7bd0ee24404a8e8953ccf4d79e94ca,2,20171220,312,44,925,75.12,8.5,delivered,5,9
1555,07e6150f18064dac986790979ffc9de2,1,20180126,313,298,4729,31.34,8.5,delivered,5,14
1556,10c10983c6544ec9afd8ff29eaacf7c4,1,20180117,313,464,2634,133.94,12.98,delivered,1,5
1557,348b27c2292e48e28ffb548054091456,1,20180115,313,456,886,32.29,8.5,delivered,1,4
1558,452fd033a31e46b3adddf55554c1554f,1,20180113,313,360,4146,183.73,22.6,delivered,5,1
1559,f9523bf9c8e14f99ac0cbf54184d6873,1,20180114,313,279,2982,316.82,28.63,delivered,3,2
1560,f9523bf9c8e14f99ac0cbf54184d6873,2,20180114,313,278,2982,85.01,8.55,delivered,3,2
1561,9e53ac9469bc45bbb62ea3d62a112315,1,20180215,313,198,1021,82.92,11.94,delivered,2,34
1562,4ded2e33e5dd47f9bd9a1671079478bd,1,20180215,313,490,834,76.19,9.01,delivered,5,34
1563,4ded2e33e5dd47f9bd9a1671079478bd,2,20180215,313,328,834,23.11,8.5,delivered,5,34
1564,947f59859eae46d29c5d661f17e012db,1,20180119,313,287,1225,22.7,8.5,delivered,1,7
1565,d19f399d59dd4727ad0fa151dba04415,1,20180124,313,162,1563,24.89,8.5,delivered,4,13
1566,68d534116a674cb295a445d2c5eb8e3e,1,20180117,313,393,2944,63.45,8.5,delivered,4,6
1567,82e11013676f4213aba8f34627d33edf,1,20180117,313,479,1500,67.36,12.13,delivered,5,5
1568,82e11013676f4213aba8f34627d33edf,2,20180117,313,7,1500,86.4,15.71,delivered,5,5
1569,b59103ff3b144f1aa84b54ee78f9252e,1,20180115,313,245,3233,126.37,24.86,delivered,5,3
1570,469166ccec264a8ba86b3e7bf1274daa,1,20180205,313,127,83,63.77,13.47,delivered,5,24
1571,27e127d2212e47078291cd8fbc6a1da8,1,20180205,313,226,1981,45.15,8.67,canceled,5,24
1572,05c3fd86944248e29c3bf23cdae2554e,1,20180129,313,396,3153,13.64,8.5,delivered,1,17
1573,36ccb42450cc4bfcbdfece992d4bb302,1,20180128,313,362,4385,69.58,14.43,delivered,4,16
1574,34e2ac2940c24ae7932b00970a7a3570,1,20180114,313,498,3849,24.97,8.5,delivered,2,2
1575,3a5adcf6a2ed4f23a190bb04a324b155,1,20171127,314,230,1099,131.8,22.54,delivered,5,9
1576,3a5adcf6a2ed4f23a190bb04a324b155,2,20171127,314,92,1099,65.74,12.56,delivered,5,9
1577,3a5adcf6a2ed4f23a190bb04a324b155,3,20171127,314,432,1099,57.47,10.13,delivered,5,9
1578,c7da1e8685ec4f77ba04c59bb82b7649,1,20171207,314,452,1792,54.28,10.36,delivered,1,19
1579,7ab20d06704d4a4ba06d8c4d3f38b84b,1,20171118,314,495,4902,107.6,22.43,delivered,5,1
1580,c690752c1e8b4888997b52123c5db11f,1,20171119,314,94,1127,112.94,15.87,delivered,5,1
1581,d28bded40ec247528630c4295b737a50,1,20171212,314,273,3579,37.99,8.5,delivered,3,24
1582,882b8b5bc27249688477b85e6dad9f5a,1,20171210,314,386,1458,114.24,20.72,delivered,5,22
1583,fce2d1a0d8224834ba32d99fbd6bee77,1,20171225,314,95,4514,46.42,8.5,delivered,1,37
1584,e1d8581714de4dc2bc595fd290bf3683,1,20171126,314,296,1387,58.23,8.5,delivered,5,8
1585,e1d8581714de4dc2bc595fd290bf3683,2,20171126,314,196,1387,29.28,8.5,delivered,5,8
1586,11a8f7c0e2514b3aa65fd216a7e83f02,1,20171202,314,265,4500,271.77,22.55,delivered,5,14
1587,15e60d12a0e44fde8366a7656eaab383,1,20171122,314,181,1480,78.28,16.17,delivered,3,4
1588,15e60d12a0e44fde8366a7656eaab383,2,20171122,314,234,1480,115.13,21.67,delivered,3,4
1589,15e60d12a0e44fde8366a7656eaab383,3,20171122,314,119,1480,72.21,8.5,delivered,3,4
1590,618d57c6edcc43f79a03023128289ebf,1,20180118,314,372,1928,46.36,8.5,delivered,5,61
1591,93ce7ad0fea7420e83934be25ae98025,1,20171205,314,160,1567,77.47,13.87,delivered,1,17
1592,93ce7ad0fea7420e83934be25ae98025,2,20171205,314,369,1567,86.17,8.5,delivered,1,17
1593,c3a37ac17baf4bc6b1ce108f98e0c0fc,1,20171217,314,192,28,15.6,8.5,delivered,4,29
1594,c3a37ac17baf4bc6b1ce108f98e0c0fc,2,20171217,314,286,28,63.52,9.99,delivered,4,29
1595,21560356362a4396a898f02f7b9bcf60,1,20180720,315,313,2315,106.19,17.59,delivered,5,16
1596,1ad73dcfa054477da4b79d6986ba326e,1,20180704,315,259,2839,158.05,21.85,delivered,3,1
1597,c39898bbf45c490991863b56fbb2afa4,1,20180710,315,479,580,96.5,8.5,delivered,4,7
1598,6df0eb4cc85e4ce982b43a22c9a22bbc,1,20180707,315,400,2937,36.65,8.5,delivered,5,3
1599,533f76b8ca794995b23c2711f93a11c2,1,20180710,315,84,2277,48.31,9.95,delivered,5,7
1600,533f76b8ca794995b23c2711f93a11c2,2,20180710,315,299,2277,31.0,8.5,delivered,5,7
1601,05ee953d012f47d98e44db3828715bab,1,20180309,316,381,1548,172.95,21.76,delivered,5,27
1602,0993096cd79e434b8d10e7825406409e,1,20180215,316,212,2410,352.29,38.45,delivered,4,5
1603,0c8111bb9dbf4564b07b86fa45720ebf,1,20171204,318,211,816,56.91,8.52,delivered,5,17
1604,b23ca9dd18d64f6abe1bcc328ff98650,1,20171123,318,118,1888,68.16,9.29,delivered,2,6
1605,b23ca9dd18d64f6abe1bcc328ff98650,2,20171123,318,183,1888,204.21,37.33,delivered,2,6
1606,b23ca9dd18d64f6abe1bcc328ff98650,3,20171123,318,6,1888,72.37,15.34,delivered,2,6
1607,b4b1071a6ffd4dabb1e9ec2af9f90460,1,20171206,318,122,2063,83.66,12.51,delivered,2,19
1608,03eebb8ab4f34cf180f706adb079394b,1,20171124,318,215,1944,20.36,8.5,canceled,4,7
1609,03eebb8ab4f34cf180f706adb079394b,2,20171124,318,250,1944,166.52,32.98,canceled,4,7
1610,03eebb8ab4f34cf180f706adb079394b,3,20171124,318,403,1944,68.5,13.25,canceled,4,7
1611,ca91b48051194134a0e30d3940a94e2e,1,20171122,318,423,1414,142.42,22.26,delivered,4,5
1612,fa9aeefc8b97424189d8d025397269f6,1,20171206,318,455,657,71.77,13.7,delivered,5,19
1613,506c1f56c39d42df9a9652a0a26e4430,1,20180602,319,380,2517,64.73,11.36,delivered,3,5
1614,c8e54b2c43f145eca3195e4f19856b3c,1,20180604,319,226,984,162.64,30.07,delivered,5,8
1615,ae89f616caa44014a69362b4b18851ef,1,20180603,319,37,4080,70.83,8.5,delivered,5,6
1616,ae533ff8fddd4c42a91970e366866186,1,20180602,319,258,862,265.48,36.21,delivered,5,5
1617,83aa737926f441b48055b4627e0ec7fa,1,20180731,319,401,3539,131.0,28.29,canceled,5,65
1618,30ac8f77009c4612a399fb597e18f8b2,1,20180620,319,49,220,48.95,8.5,delivered,5,24
1619,3acd5f4763ad474c90b42bc447f41b38,1,20180401,320,488,3421,273.96,36.19,delivered,5,1
1620,c08e8d2558aa4091afa3e7a2386fed2b,1,20180409,320,257,365,108.44,11.0,delivered,5,9
1621,c08e8d2558aa4091afa3e7a2386fed2b,2,20180409,320,39,365,30.14,8.5,delivered,5,9
1622,c08e8d2558aa4091afa3e7a2386fed2b,3,20180409,320,13,365,115.23,17.99,delivered,5,9
1623,4b9a6dced85146018c37147799372aec,1,20180426,320,498,1104,42.66,8.5,delivered,5,26
1624,1c6750b6857d40808b31c618ca06c2b3,1,20180404,320,329,3856,124.51,23.78,delivered,4,3
1625,1c6750b6857d40808b31c618ca06c2b3,2,20180404,320,99,3856,19.82,8.5,delivered,4,3
1626,6d38a40918c6432cb1178c40ee0e0168,1,20180418,320,245,4653,199.3,39.99,delivered,5,18
1627,84dc16dfa1b247529b6c085cd3d7ea14,1,20180420,320,97,1052,34.68,8.5,delivered,1,20
1628,75d5911174024e52b0858c47fe709c2a,1,20180402,320,158,1746,54.07,8.5,delivered,5,2
1629,cd76fc680afe427e986e6aedd0f1a46a,1,20180403,320,446,3370,175.47,15.14,delivered,5,3
1630,cd76fc680afe427e986e6aedd0f1a46a,2,20180403,320,11,3370,68.04,8.5,delivered,5,3
1631,6f9f9c96f9174f90b32140374dc656d6,1,20180408,320,150,538,75.51,8.5,delivered,4,8
1632,f7acbdf96de845a7a4f5a8fe6bf39906,1,20180405,320,492,2755,94.99,17.51,delivered,3,5
1633,f04c16a99ad44f4b96893a56a86452ac,1,20180401,321,390,388,81.56,17.67,delivered,5,26
1634,ddea021c24004ed195378fe33d7da51e,1,20180410,321,217,1901,29.37,8.5,delivered,3,35
1635,b7b6aaf592c6493f8ffcfd0e2ae0e4e1,1,20180308,321,407,698,45.54,8.62,delivered,3,2
1636,7eb0adbc21324fd9b6b04e9aeb4b737e,1,20180316,323,244,3719,62.82,11.49,delivered,4,3
1637,94f94e0950b340589aeef2a5ed48b88f,1,20180315,323,238,1784,325.18,55.89,delivered,4,2
1638,94f94e0950b340589aeef2a5ed48b88f,2,20180315,323,66,1784,339.8,64.76,delivered,4,2
1639,94f94e0950b340589aeef2a5ed48b88f,3,20180315,323,311,1784,138.38,21.47,delivered,4,2
1640,6043f8635882402d814afcc98edcf024,1,20180319,323,410,3740,68.67,8.5,delivered,5,6
1641,8597d5c34688418d94a1bdb3c43618e9,1,20180316,323,141,3904,38.72,8.5,delivered,5,3
1642,bbffc7614b2345babbf2a409ee5edf84,1,20180401,324,210,2799,37.39,8.5,delivered,5,15
1643,bbffc7614b2345babbf2a409ee5edf84,2,20180401,324,414,2799,60.07,11.78,delivered,5,15
1644,5a1ae10c2fb64e788b5a4bea96ac23e8,1,20180318,324,285,2299,28.36,8.5,delivered,4,1
1645,b5e8b5d5a08146d79ecb3167f1ee78ec,1,20180402,324,399,4742,36.45,8.5,delivered,5,16
1646,6ad65afcfe294d45b0920a0486088b01,1,20180328,324,413,877,37.38,8.5,delivered,5,11
1647,0b151d9925a7444792e606b80ad8ea4d,1,20180327,324,393,1579,11.5,8.5,delivered,4,10
1648,0b151d9925a7444792e606b80ad8ea4d,2,20180327,324,327,1579,16.97,8.5,delivered,4,10
1649,6f20390218304c20875de01c9ad8673b,1,20180406,324,424,271,173.72,21.33,delivered,4,20
1650,732de0e491f34fe995151e4327d6def8,1,20180320,324,42,4781,105.83,18.46,delivered,5,3
1651,753f992f5bd142618f3f685b5590122b,1,20180415,324,265,255,31.58,8.5,delivered,5,29
1652,fc1b7bd64af3477ba0ed7e2207454bbc,1,20180411,324,379,70,29.88,8.5,delivered,1,25
1653,fc1b7bd64af3477ba0ed7e2207454bbc,2,20180411,324,326,70,22.48,8.5,delivered,1,25
1654,2826516c700b431bb53c05872eafcef1,1,20180425,324,143,3758,182.12,19.31,delivered,5,39
1655,2826516c700b431bb53c05872eafcef1,2,20180425,324,352,3758,143.49,29.47,delivered,5,39
1656,d8d792a2176f4904ba65497380fc78b3,1,20180517,324,345,2758,103.63,12.93,delivered,4,61
1657,c66b8a82fd3e45948f39fc74a5b7cc5c,1,20170723,326,363,3688,55.68,9.08,delivered,4,1
1658,ecf6c962e62b414a8be23b2491dc1715,1,20170725,326,448,3834,16.51,8.5,delivered,3,2
1659,64910e989d6d429bb2a92f8656ac0507,1,20170804,326,380,868,203.82,17.41,delivered,4,13
1660,6b9cc1e8eb5642009c97492a8934b547,1,20180118,327,159,2272,145.96,21.78,delivered,5,42
1661,ae3de232dcfa4b629a1d65d4923950fc,1,20171227,327,55,1424,55.83,9.84,delivered,4,20
1662,717683192865461e879dd04c1e72df76,1,20180601,329,457,4403,86.52,18.35,delivered,4,12
1663,717683192865461e879dd04c1e72df76,2,20180601,329,49,4403,41.37,8.77,delivered,4,12
1664,717683192865461e879dd04c1e72df76,3,20180601,329,12,4403,30.88,8.5,delivered,4,12
1665,422feaa27cca41bc8024dc46bba2e86c,1,20171120,332,42,3503,170.4,26.08,delivered,1,1
1666,8b18767a1531459c856fa255a0adc5c2,1,20171207,332,395,1221,71.17,8.61,delivered,4,18
1667,5778572cf65d48658a9ace9557e135bc,1,20180105,332,213,2120,20.57,8.5,delivered,5,47
1668,5778572cf65d48658a9ace9557e135bc,2,20180105,332,59,2120,36.62,8.5,delivered,5,47
1669,66e7689b8ede4c62836459880cabcb01,1,20180103,332,119,3795,26.72,8.5,delivered,5,45
1670,7392697cf2604af79b45b5ab648c1cc2,1,20171121,332,338,386,134.63,16.31,delivered,4,2
1671,a6e8d78d9227485ea1bd251dd88ceeb4,1,20171224,332,431,2002,37.56,8.5,delivered,4,35
1672,8a9e3979aa084b2baca282939f21ad34,1,20171120,332,337,4640,37.12,8.5,delivered,4,1
1673,2c2bdb3590dc41babf7d08de18b59cbf,1,20170912,334,263,468,61.98,13.48,delivered,5,10
1674,c8f14d81d01b442e82ecf5f82b408e28,1,20170905,334,478,4873,126.09,20.5,delivered,4,3
1675,4045932f7a8e4ca694aa5b1783ef1080,1,20170916,334,83,3310,256.93,30.76,delivered,1,14
1676,8ebd3f2e950246b582b63c239dfa213d,1,20170907,334,476,4321,69.59,14.68,delivered,5,5
1677,1d2530ecf8134a36aefa46537f2087b2,1,20170914,334,394,764,184.57,40.03,delivered,5,13
1678,86f87ee56dbb4a0f861e3f572f1d9c9e,1,20170903,334,473,2028,208.67,27.13,delivered,5,2
1679,a74f4b83e3fe497fbf8f754e8ca9b2ab,1,20170911,334,86,794,26.66,8.5,delivered,2,9
1680,841335553066422ab6c8dd29ff226062,1,20171007,334,139,466,119.92,13.66,delivered,2,35
1681,5511a23808854073aaa122a913a13d19,1,20170710,336,182,1621,31.39,8.5,delivered,4,19
1682,ab3eee7dafa0410dbb47e8b674944d83,1,20170721,336,170,233,146.46,16.02,delivered,5,30
1683,4ed14c12de51429e8ff30d9b35d01f50,1,20180525,337,80,749,31.87,8.5,delivered,3,27
1684,e035494aab5549bc83305672bc62b61a,1,20180505,337,35,2113,80.8,8.5,delivered,5,7
1685,4ae8f47643e3487c8bd014d73c638717,1,20180519,337,251,228,58.09,8.5,delivered,5,21
1686,e3f6454aae3f42dabc419dd14e8aacc2,1,20180501,337,185,1671,153.89,31.08,delivered,5,3
1687,e5454556f8214796bf9404fd31f271d8,1,20180505,337,332,2534,119.88,24.1,delivered,5,7
1688,83f84f6434db460e87f478a8ac3e81a1,1,20180209,338,287,2995,101.4,11.88,delivered,5,5
1689,2af2ec42f69144eba2929dcbfd323a66,1,20180207,338,427,3477,318.34,43.71,delivered,2,3
1690,a1f66471d8f74ba0bdd6c22582d38661,1,20180216,338,160,4677,195.09,22.99,delivered,5,11
1691,a1f66471d8f74ba0bdd6c22582d38661,2,20180216,338,73,4677,96.84,13.35,delivered,5,11
1692,5806c9d01d574bcdbf387a556c8c2728,1,20180219,338,162,2255,157.24,17.19,delivered,5,15
1693,48840f373a4a4508a57a738ad6b9675a,1,20180210,338,66,1264,127.89,23.12,canceled,5,6
1694,48840f373a4a4508a57a738ad6b9675a,2,20180210,338,320,1264,231.32,30.45,canceled,5,6
1695,48840f373a4a4508a57a738ad6b9675a,3,20180210,338,274,1264,129.78,12.32,canceled,5,6
1696,13f8c48100c049ef8ddadddea328c133,1,20171106,339,69,1499,132.71,14.24,delivered,5,61
1697,c0fd7dab6198452aa33a95f8c3a42906,1,20171110,340,262,1885,166.59,14.63,delivered,1,14
1698,c0fd7dab6198452aa33a95f8c3a42906,2,20171110,340,106,1885,82.92,17.65,delivered,1,14
1699,c0fd7dab6198452aa33a95f8c3a42906,3,20171110,340,378,1885,42.95,9.05,delivered,1,14
1700,a6df78b090664183ac688d387891382b,1,20171123,340,173,4162,208.09,17.46,delivered,5,27
1701,00963c1803754f54b14191440d134c71,1,20171024,341,341,374,128.29,19.4,delivered,5,21
1702,00963c1803754f54b14191440d134c71,2,20171024,341,300,374,94.93,16.71,delivered,5,21
1703,cafc4e1c4e024d4398494796ad09d39a,1,20171005,341,467,2955,246.92,24.3,delivered,4,2
1704,cafc4e1c4e024d4398494796ad09d39a,2,20171005,341,93,2955,80.69,9.62,delivered,4,2
1705,cafc4e1c4e024d4398494796ad09d39a,3,20171005,341,360,2955,69.63,10.18,delivered,4,2
1706,6e8aab4cb7864baa8504a4b063417a20,1,20171009,341,290,2074,74.15,9.99,delivered,5,6
1707,c68c3610e70b4fd0ab62031205f6471d,1,20171025,341,414,2508,75.34,8.5,delivered,3,23
1708,1183d077ed3e45dd825626793c45db1d,1,20171011,341,448,3167,225.01,34.1,delivered,4,9
1709,8d9a75618cd84d5ab6f63ac7e88f56dd,1,20171010,341,65,2439,140.43,30.11,delivered,3,7
1710,f31554011c2b4677a7a53980d9359693,1,20180305,342,255,2991,36.45,8.5,delivered,4,5
1711,f31554011c2b4677a7a53980d9359693,2,20180305,342,117,2991,112.23,21.31,delivered,4,5
1712,fc0c2d33fc59435cb6d02be892d051c1,1,20180602,342,52,3112,124.67,12.41,delivered,5,94
1713,2eedcc776f904c639db75ad7a4854142,1,20180503,342,441,200,81.71,10.66,delivered,5,64
1714,89dfcd9efeaa47c6a956d561b56e23db,1,20180312,342,48,4941,79.11,14.7,delivered,5,12
1715,eea69e3d5b3a41e3a4a02fd6c8df9989,1,20180303,342,381,1824,75.84,8.75,delivered,5,3
1716,c538dc9a470f40e1a1ee123c3bfe3aa8,1,20171209,343,488,4618,61.37,8.5,delivered,5,3
1717,6f8a2db461c9422b9865e62ff8a466a8,1,20180315,343,352,2431,209.8,28.36,delivered,5,99
1718,46a322b0b57a40f5b2a0e786774029b6,1,20171219,343,333,1079,125.42,24.52,delivered,5,13
1719,16d405f6c76441cbbdf356451ad93486,1,20171215,343,133,4895,96.85,20.6,delivered,4,9
1720,f9f57503f68645008defc5acf31b43b3,1,20171208,343,80,4562,81.34,14.32,delivered,5,2
1721,6355519cb57c4c44a8770960bd08d85e,1,20180308,344,303,744,381.39,79.12,delivered,2,45
1722,16976da097544fe295d758530c5c3577,1,20180312,344,310,2754,157.95,28.09,delivered,3,49
1723,e2104b6307b04dd595892595d44198e0,1,20180302,344,376,2901,43.31,8.5,delivered,2,38
1724,fed16c7dd2a645ef8d03863f3686bb18,1,20180220,344,372,3676,715.36,68.16,delivered,5,29
1725,c0df3684ed00429d9a748cf66517ec6e,1,20180127,344,271,3600,100.4,11.24,delivered,3,5
1726,0fed1cdb24bc4b4ea9974def4ea87b96,1,20180330,344,308,194,57.06,12.27,delivered,5,67
1727,93c148d6cfa54b9faeb878108b8e16d5,1,20180130,344,237,3898,76.76,10.53,delivered,2,8
1728,93c148d6cfa54b9faeb878108b8e16d5,2,20180130,344,418,3898,157.35,18.55,delivered,2,8
1729,76d12f3326b54eb28761f9ec8e26b477,1,20180123,344,473,332,44.65,8.5,delivered,4,1
1730,42d58c95fe7d43fe92e9267bd635e76b,1,20180101,346,194,662,13.67,8.5,delivered,5,24
1731,ffd2365b968c44a0ba2203c6eb65b177,1,20171218,346,481,131,28.41,8.5,delivered,5,10
1732,271b1b02ae1e453386d860f195a13c3e,1,20171213,346,245,4941,39.17,8.5,delivered,5,4
1733,0b99a0654a5a4df6aa95c01a1a5637ff,1,20171209,346,407,4815,84.6,17.98,delivered,5,1
1734,7f9ef2426fe841faaf934035079c7b0d,1,20180111,346,407,3441,24.81,8.5,delivered,1,33
1735,54d3e920a9e64ff488ed0be3f8ab7c21,1,20180215,346,136,1722,4.4,8.5,delivered,5,68
1736,f34f890cb4084e6ba385180a13902b7f,1,20171214,346,367,1586,38.27,8.5,delivered,5,5
1737,d03b6215150345eba70c49f7e7d2cdb1,1,20171231,346,297,3427,65.75,8.5,delivered,5,22
1738,76933c1912554d0c89933af9038cbbb1,1,20171210,346,195,337,186.11,14.93,delivered,4,2
1739,eded8885dc5745869e3d19e29e053b2c,1,20180320,347,458,555,275.17,46.21,delivered,4,28
1740,b4a50556c85a4cc2b6b1e1c54ab7e3f4,1,20180302,347,404,3157,17.35,8.5,delivered,5,10
1741,7ca319c9e4954103bf8b21a3d2c01635,1,20180129,349,463,4070,53.63,8.5,delivered,5,5
1742,c64b91f110be4e2c951b4d82a1c8ca69,1,20171218,350,3,216,24.67,8.5,delivered,5,14
1743,0fd2d03d50034c10952dbf5a6221e3a1,1,20171215,350,16,4556,22.87,8.5,delivered,5,11
1744,b6c8dc4910e44417a1347dd636c4d185,1,20170802,351,431,3902,68.85,8.5,delivered,5,12
1745,a516f34173ad443ba4120d1911e022a1,1,20170722,351,244,864,109.85,24.0,delivered,5,1
1746,a516f34173ad443ba4120d1911e022a1,2,20170722,351,456,864,111.31,23.65,delivered,5,1
1747,18047da17c054ba5bd660c587f2f4eef,1,20170724,351,458,4237,198.92,43.17,delivered,5,3
1748,48509934069e4d4aa6936c51b0db4570,1,20170811,351,425,3057,61.65,12.66,delivered,3,21
1749,43cbc31aee9e43ae88d0a9be0f2db102,1,20170804,351,367,1224,77.97,8.5,delivered,1,14
1750,a7a219fd1a6042b7a88690b54f075a99,1,20170803,351,288,1235,137.83,23.67,delivered,3,13
1751,5eb1891ff2f248e19f1f9698e1c2c048,1,20171130,352,268,1284,53.06,8.59,delivered,5,20
1752,07705bd1c2154f8f90609271069d0352,1,20171226,352,330,1475,49.09,8.74,delivered,4,45
1753,ff082b60cce048e6be11a1e76049c4d9,1,20171125,352,39,1077,94.55,18.32,delivered,5,15
1754,ff082b60cce048e6be11a1e76049c4d9,2,20171125,352,416,1077,135.67,22.64,delivered,5,15
1755,307d757dc71242a39d22b26f08c12f71,1,20171213,352,229,942,42.83,8.5,delivered,5,32
1756,6c83c1b07d5f4283898786aae34549cb,1,20171128,352,420,1371,49.39,10.42,delivered,5,17
1757,3b244ea5ab934e4bbb6562dcd640103b,1,20171112,352,481,25,49.28,8.5,delivered,2,1
1758,3b244ea5ab934e4bbb6562dcd640103b,2,20171112,352,173,25,32.38,8.5,delivered,2,1
1759,e9bcd55c22024b64a815610dd72d6afa,1,20171116,352,228,1811,132.61,20.14,delivered,5,6
1760,e9bcd55c22024b64a815610dd72d6afa,2,20171116,352,280,1811,79.18,11.03,delivered,5,6
1761,7f5fd2b5f7a7472bba1f79ad1d4277a5,1,20171127,352,350,3970,151.87,23.66,delivered,5,16
1762,7f5fd2b5f7a7472bba1f79ad1d4277a5,2,20171127,352,487,3970,41.86,9.16,delivered,5,16
1763,7f5fd2b5f7a7472bba1f79ad1d4277a5,3,20171127,352,301,3970,29.88,8.5,delivered,5,16
1764,9a7f05972ec448319a232e0b87634793,1,20171117,352,317,2747,29.87,8.5,delivered,5,6
1765,382a63434ff74e8e84696a87fd06e2e3,1,20171119,352,319,2033,98.33,11.88,delivered,5,9
1766,e1e9a50cffc8426bb8e869b948273f11,1,20171211,352,220,3649,225.32,48.16,delivered,5,31
1767,d9d577ecb98f43f99fb3d8208c7a72a5,1,20171119,352,69,1023,262.26,22.43,delivered,5,8
1768,45ae14fe0a864b00af66fba0feb6c596,1,20170811,353,166,2216,121.73,25.3,delivered,5,2
1769,446933eb217145f2a62170a6fb44007b,1,20171130,356,449,1198,19.68,8.5,delivered,3,13
1770,8d8fdd4883fc46d4b0bc502ad3cbcbd0,1,20180205,356,463,4955,34.55,8.5,delivered,1,80
1771,8d8fdd4883fc46d4b0bc502ad3cbcbd0,2,20180205,356,218,4955,483.74,91.8,delivered,1,80
1772,83d5fc3593e145caa1bc901ac84334a4,1,20180528,357,285,2101,160.55,32.95,delivered,5,13
1773,83d5fc3593e145caa1bc901ac84334a4,2,20180528,357,287,2101,27.85,8.5,delivered,5,13
1774,ad74cdfc60c34d21bbecfd4a549af718,1,20180701,357,460,4185,230.96,45.51,delivered,5,47
1775,217622bb5bfb4810830eb86a7218d0d9,1,20171102,360,318,2578,30.56,8.5,delivered,5,22
1776,1e0fc255f40347c18b63a9345745ba30,1,20171013,360,235,3239,93.54,15.88,delivered,4,3
1777,5c445a6438094caf8a683762b09004ca,1,20171019,360,320,751,105.03,11.87,delivered,5,9
1778,8cc66219099f4e45a38782a0f1160dec,1,20180710,361,243,2598,45.56,8.5,canceled,3,8
1779,d73fb7192dbc4678ae41c2db113e8a1c,1,20170913,362,221,4711,36.8,8.5,delivered,5,11
1780,a5269924bc734578817ea5576f45523d,1,20170905,362,127,4273,47.66,10.4,delivered,5,2
1781,5b41bf8558fa43b78b6413b94adb9d87,1,20171004,362,2,120,217.53,26.32,delivered,5,31
1782,d370c7b3778a463db2cbd31e8548bc1c,1,20170910,362,35,1646,20.3,8.5,delivered,5,7
1783,d370c7b3778a463db2cbd31e8548bc1c,2,20170910,362,430,1646,39.43,8.5,delivered,5,7
1784,d370c7b3778a463db2cbd31e8548bc1c,3,20170910,362,202,1646,55.86,10.62,delivered,5,7
1785,c397ca1172b54643812459832e2b9bd2,1,20170913,362,427,4830,64.19,13.86,delivered,5,11
1786,533ee74d88f14eb7b96a23f1b8dc4133,1,20170909,362,398,3848,98.83,14.77,delivered,4,7
1787,258c6cbd7124448da62fe9cdcc06ee94,1,20170922,362,38,3190,19.54,8.5,delivered,3,20
1788,f1959e4f3d7a45ee9095c48239772f2d,1,20170927,362,235,221,97.6,16.82,delivered,5,25
1789,476da16c411a4cf697f34f9acd3b1f50,1,20170912,362,73,944,241.21,43.13,delivered,5,9
1790,9394be79baa849298dec3f4a42c0064f,1,20171012,362,4,3182,88.7,14.3,delivered,3,40
1791,9394be79baa849298dec3f4a42c0064f,2,20171012,362,402,3182,37.08,8.5,delivered,3,40
1792,d6d3218d8c2b4989a75fb391a94c7f0f,1,20171122,363,109,4024,58.95,8.5,delivered,5,22
1793,31e38a4b82734a56b0253486a6fff537,1,20171113,363,38,253,33.08,8.5,delivered,5,13
1794,220ab3a0ba084d498936d136b01f5219,1,20171106,363,65,2772,64.41,10.46,delivered,1,6
1795,87094883d32949ba8c0c0902f6bf0b62,1,20171215,363,456,4392,58.96,10.33,delivered,5,45
1796,8d17fd7469e04695b1170b71efaf3dac,1,20171104,363,411,227,76.63,8.5,delivered,3,4
1797,41e2129a7ea34af48f4e44df4606aea1,1,20171121,363,51,4086,45.31,8.9,delivered,3,21
1798,c0eacf767eaa40b0b4b87434a3442673,1,20171104,363,402,3647,54.94,8.5,delivered,4,4
1799,f4b20ff45c264d459a8da972ec29a85f,1,20171114,363,199,2531,92.34,14.62,canceled,2,14
1800,3430449bff01451b9cd4474c65cf96ed,1,20171105,363,235,1953,234.78,33.14,delivered,5,5
1801,ab7fd2bcd230415f87f098553bb3fd91,1,20171121,363,410,3916,108.9,13.3,delivered,5,21
1802,dfa2f876fbbb4efdb1a71b54b94d2253,1,20171108,363,224,2089,47.31,8.5,delivered,4,8
1803,1b76f09a6764473e825bc330962a0f21,1,20171209,363,158,4418,266.76,23.85,delivered,4,39
1804,607bb7cbac4c42c3a3bd6ce7831a2aab,1,20171118,363,322,4145,161.11,14.32,delivered,5,18
1805,198c10d717d04b3b9835828fa39fd9b2,1,20171109,363,89,4122,136.04,18.85,delivered,5,8
1806,1b8c4e302d4544a8b439e15e3ef75367,1,20171108,363,83,1410,97.59,9.67,delivered,5,7
1807,240e12aabaf64fec92a77adfe13e1d27,1,20171113,363,460,4795,197.89,39.13,delivered,5,12
1808,5b62cc93e6fa41b09a7d32c2ecef4e6f,1,20171205,363,8,2573,53.39,8.5,delivered,5,35
1809,8d180edd3ff347e29f8e4d874cc694a1,1,20171102,363,4,1136,18.42,8.5,delivered,4,2
1810,8aab8224d89b40a6984142798f1731ce,1,20171213,363,215,2119,69.45,9.96,delivered,5,43
1811,ebefdf1ee9974fbfb9cdd8d82c16bb17,1,20171101,363,137,2977,63.22,8.5,delivered,3,1
1812,389eee9d981446ad8bbc123ebee85e2f,1,20180220,365,162,3200,103.11,14.28,delivered,5,26
1813,84ee3815b2824bc783c3b9e4cc959450,1,20180505,365,352,693,51.32,9.99,delivered,5,100
1814,e55d5058163c4e7f9433d04afab2bd99,1,20180212,365,252,3606,158.37,33.08,delivered,1,18
1815,d990c80b29704d6e9c8b1da8df32da2c,1,20180201,365,369,3052,41.95,8.5,delivered,1,7
1816,d5beddcf51924ed3a20d94af16756340,1,20180211,365,288,3938,282.6,36.57,delivered,3,17
1817,9eb370e92264478e9ef74adffa079bcf,1,20180205,365,72,2802,79.34,12.86,delivered,4,11
1818,9eb370e92264478e9ef74adffa079bcf,2,20180205,365,160,2802,235.74,29.73,delivered,4,11
1819,9eb370e92264478e9ef74adffa079bcf,3,20180205,365,165,2802,226.05,47.41,delivered,4,11
1820,94963e7eed8e4ca3bbd647a370d6b170,1,20180618,369,294,2980,123.93,20.73,delivered,5,17
1821,2ab0b836c6d04405ab3ce25bbb972344,1,20180716,369,257,1101,22.61,8.5,delivered,5,45
1822,716a9b33137948c19f3194db0aeff42e,1,20180728,369,142,2954,27.33,8.5,delivered,5,57
1823,275e3e5c09c14b568b29cb7a6a36cc56,1,20180617,369,284,631,58.61,8.5,delivered,4,16
1824,617e68fa22e2441a85d4c42a4033a755,1,20180603,369,424,4976,112.0,17.37,delivered,5,2
1825,f5e0d0ea606a44eeba192e5ecf64fcd1,1,20180613,369,142,3538,36.04,8.5,delivered,3,12
1826,edd396fb7ea54ef0b6b733416e8c03ee,1,20180718,369,441,1145,161.34,34.59,delivered,5,47
1827,3e92d59984a64798bb81ef16ce5a92f5,1,20180709,369,410,307,53.94,10.86,delivered,1,37
1828,96b45f54b24846d59d628a02b5160a77,1,20180607,369,279,456,30.89,8.5,delivered,4,6
1829,96b45f54b24846d59d628a02b5160a77,2,20180607,369,291,456,62.16,12.12,delivered,4,6
1830,89f49df2ff1c49d0b882b422daf33eb8,1,20180609,369,472,163,54.94,8.5,delivered,5,8
1831,7cdc10cfaf634019b066709c2ab7bbe4,1,20180706,369,257,3281,33.69,8.5,delivered,3,35
1832,9d77d1014e294e449cd5f56b3d2bb580,1,20180607,369,69,4081,89.26,15.84,delivered,1,6
1833,d2419fe5df9b4c41962a386c52ae6b2a,1,20180610,369,176,4666,206.87,18.72,delivered,5,9
1834,b6a3060c824946269aeec808fb3760f3,1,20180606,369,178,4986,208.4,29.94,delivered,5,5
1835,ad99a04872ac4f4ca9866f1f11e4a91f,1,20180607,369,451,597,203.87,31.9,delivered,4,6
1836,ad99a04872ac4f4ca9866f1f11e4a91f,2,20180607,369,333,597,111.76,16.79,delivered,4,6
1837,48b044b749cc4ebc98ab25d89896b4d0,1,20180612,369,490,2689,204.81,28.55,delivered,5,11
1838,92b23a7c847f4998a6b65975b833dfb4,1,20180603,369,365,1666,613.81,118.33,delivered,2,2
1839,32df4fe60d62478892fe834e03629d9b,1,20180617,369,35,3583,97.69,14.16,delivered,5,16
1840,d8b5e5e508bb4af48fc5dbec5c565aac,1,20180604,369,63,3171,20.01,8.5,delivered,1,3
1841,56c222b32f7843f1b40f88955e955ef8,1,20180611,369,479,1057,34.91,8.5,delivered,5,10
1842,29d5735876f646d5844f749ce2d628aa,1,20180710,369,202,1378,105.88,20.35,delivered,5,39
1843,88c9e1bd8904469b93b5d1b7bd294a22,1,20180619,369,429,3536,67.31,8.5,delivered,5,18
1844,3deaa544df994cf39781863b6a8dfe8c,1,20180612,369,373,3557,26.86,8.5,delivered,5,11
1845,04e8533b920741059469d4614900ec73,1,20180623,369,477,33,136.62,26.55,delivered,5,22
1846,64b51de3a2a740fdb576584f3ce3af19,1,20180429,370,348,4971,29.1,8.5,delivered,5,6
1847,9686cb3d408c46e695073268ed209597,1,20180424,370,490,74,33.5,8.5,delivered,5,1
1848,8b4b7f2546944198b72ae15dbdb61749,1,20180513,370,327,1054,276.54,25.04,delivered,5,20
1849,4a1e170ba11244e3bf38724e0486d949,1,20180424,370,88,2883,40.93,8.5,delivered,5,1
1850,e9b05209e5ec42a6bc503168b2056f3d,1,20180511,370,49,1499,124.24,16.73,delivered,1,18
1851,c8acf9a14ca14d189aac679d7716f9e7,1,20180520,370,309,1779,83.95,9.21,delivered,5,27
1852,6904c844d3fc40a2984081f33fd90633,1,20180614,370,97,4276,72.69,13.26,delivered,3,52
1853,3400f71fa0a34b4483a83b4587ef84a2,1,20180524,370,276,2647,285.29,26.47,delivered,5,31
1854,a26655afcde74fa29a3ed3719173818f,1,20180430,370,254,1926,33.85,8.5,delivered,4,7
1855,a02094baac04414bb4eb3e89c181f057,1,20180426,370,73,2242,19.39,8.5,delivered,1,3
1856,cad3ed79c6ab4b489af17e2f1a86a445,1,20180527,370,144,2839,118.99,15.67,delivered,4,34
1857,3db7949047d34486a8b9adbbdddfecbe,1,20180618,370,438,1509,25.32,8.5,delivered,3,56
1858,780859d296aa4beab51a313284a87675,1,20180610,370,3,1145,339.13,41.48,delivered,5,48
1859,b4b6f36ca9104f13a9ef45093c002243,1,20180601,370,240,198,88.38,13.06,delivered,1,39
1860,4fd5966ea0bb49cca1532159dc7889a2,1,20180515,370,124,2692,32.31,8.5,delivered,5,22
1861,6f898d3f54bd49c99dc5249f5a9c774a,1,20180513,370,113,3889,65.1,9.67,delivered,4,20
1862,94cc0241adac4b9b89b9a8adffdba39f,1,20180512,370,34,2108,47.14,8.5,delivered,5,19
1863,94cc0241adac4b9b89b9a8adffdba39f,2,20180512,370,228,2108,75.68,9.84,delivered,5,19
1864,02d990787f894087b486f41f67f1e8fb,1,20181005,370,475,2626,2.07,8.5,delivered,5,165
1865,02d990787f894087b486f41f67f1e8fb,2,20181005,370,240,2626,78.5,16.58,delivered,5,165
1866,48dbf287522d42bdb0a98d05b34e5129,1,20180528,371,174,3329,105.75,21.66,delivered,4,1
1867,48dbf287522d42bdb0a98d05b34e5129,2,20180528,371,127,3329,49.61,8.5,delivered,4,1
1868,c49ed9d78d814942a098e9a5647e50f2,1,20180606,371,363,2182,135.13,11.78,delivered,2,10
1869,fff8f864a72a4a3f998e40e3a5be40cb,1,20180622,371,51,2833,121.78,13.28,delivered,1,26
1870,f4d0de80b0414db9ac1db14c901e2e9f,1,20180605,371,224,2045,44.74,8.5,delivered,5,9
1871,2a4d614a00c64f3b9be1000ebaf93420,1,20180722,371,243,1483,16.83,8.5,delivered,5,56
1872,055117ef4e11453e8f6d6ff2212951c8,1,20180603,371,443,4940,29.44,8.5,delivered,5,7
1873,49393ffaf7314fa99b07d0415ef22a85,1,20180611,371,227,4920,53.71,8.5,delivered,5,15
1874,5ab4e302bdc849a0b12151e563d4e14a,1,20180608,371,342,2971,53.16,11.1,delivered,4,12
1875,d41ba9d242ad4573a471e3876bf17f7e,1,20180116,372,46,691,95.3,13.25,canceled,5,18
1876,d41ba9d242ad4573a471e3876bf17f7e,2,20180116,372,345,691,50.46,8.5,canceled,5,18
1877,8ceb04200d144686ac2a54a304284d7b,1,20171104,373,370,3208,203.64,35.48,delivered,5,35
1878,0be8f74318794a23920708a33f32dee3,1,20180421,375,428,32,209.53,24.14,delivered,5,2
1879,0be8f74318794a23920708a33f32dee3,2,20180421,375,202,32,58.81,8.5,delivered,5,2
1880,f55318c52847460ca7b2f247b641f894,1,20180420,375,108,2188,192.42,37.58,canceled,5,1
1881,83141281e2f44cceaab80bb14396eea2,1,20180422,375,81,762,162.04,28.62,delivered,5,3
1882,e162da9e32bd4babb10286bb2902d542,1,20180505,375,85,3797,118.2,24.68,delivered,1,16
1883,aaa5f5e8f35540368144614b65d18022,1,20180420,375,81,4098,50.8,8.5,delivered,3,1
1884,8f387bf9c9b444f09361beadc9651cad,1,20180421,375,343,3654,76.71,11.32,delivered,4,2
1885,292afa839e6d4a3494a91f3b529d506f,1,20180517,375,385,1789,23.19,8.5,delivered,5,28
1886,fc419448253e413294030a604a4d5de5,1,20180622,375,461,358,96.08,8.5,delivered,4,64
1887,fc419448253e413294030a604a4d5de5,2,20180622,375,217,358,31.5,8.5,delivered,4,64
1888,e7e0ed592d5b4dfdaedeb95cf10e3615,1,20180511,375,331,4215,29.54,8.5,delivered,5,22
1889,e7e0ed592d5b4dfdaedeb95cf10e3615,2,20180511,375,478,4215,29.33,8.5,delivered,5,22
1890,cd8fcb3c44a9414995f1097eaf06107b,1,20180509,375,212,3298,509.73,49.38,delivered,5,20
1891,c7bbee0174174e9f8cd677bea5507223,1,20180504,375,15,2532,162.27,18.46,delivered,4,15
1892,c7bbee0174174e9f8cd677bea5507223,2,20180504,375,141,2532,69.74,13.42,delivered,4,15
1893,988ef1fde6004f84b35bce813849a5a0,1,20171205,376,420,1506,836.58,111.26,canceled,5,26
1894,988ef1fde6004f84b35bce813849a5a0,2,20171205,376,333,1506,158.84,30.25,canceled,5,26
1895,988ef1fde6004f84b35bce813849a5a0,3,20171205,376,390,1506,76.89,13.37,canceled,5,26
1896,62423c3a6c19485e9595ee4d34a84361,1,20171124,376,211,2738,52.74,9.65,delivered,3,15
1897,62423c3a6c19485e9595ee4d34a84361,2,20171124,376,171,2738,26.33,8.5,delivered,3,15
1898,53ddcdc1d33140af9b20ab55cb3649dc,1,20171204,377,419,1672,63.47,13.87,delivered,5,1
1899,db3acb4e23004809b7534456cbb8f011,1,20171222,377,346,4094,101.63,13.63,delivered,4,20
1900,e099dc9adeac41898f0520c93f4fe5b7,1,20171221,377,7,3346,346.46,29.74,delivered,5,18
1901,47682b4ceed548439e50851332bc86dc,1,20171217,377,79,3668,36.83,8.5,delivered,3,15
1902,47682b4ceed548439e50851332bc86dc,2,20171217,377,432,3668,172.1,23.29,delivered,3,15
1903,38bfa63f63154f72bd442251b84606a7,1,20180106,377,46,2100,165.44,13.44,delivered,4,34
1904,a7de00fe43634f5cb5e23ae28a880ba7,1,20180218,378,375,1048,159.12,18.65,delivered,5,8
1905,a7de00fe43634f5cb5e23ae28a880ba7,2,20180218,378,181,1048,16.07,8.5,delivered,5,8
1906,91c220d6371b4009b3a139ae402056a4,1,20180311,378,118,3713,72.95,10.79,delivered,3,29
1907,18e08ad96f0644f2b04f7485bcdbcf85,1,20180612,379,74,2237,275.83,58.2,delivered,5,40
1908,cac72f848f724178a3cd2c571cb76032,1,20180224,380,434,471,244.02,35.64,delivered,2,36
1909,b4af00420545488a88b4536627ee2c8e,1,20180127,380,303,3987,137.89,21.83,delivered,2,8
1910,b4af00420545488a88b4536627ee2c8e,2,20180127,380,63,3987,228.73,18.82,delivered,2,8
1911,37c5403f714b465a9297437722ca28d1,1,20180219,380,98,1218,85.11,14.03,delivered,5,31
1912,e9cb49288436464e9f540c0ff031bf5a,1,20180208,380,367,3026,36.1,8.5,delivered,5,20
1913,8f3080ab15dc4123b109f4213dcc41de,1,20180129,380,134,3229,41.67,8.5,delivered,4,10
1914,9022aa6b052d43138a60828baea0eb1c,1,20171017,381,28,2691,60.12,12.56,delivered,3,1
1915,926eb66635e64c0ba3ec8622f70e5cee,1,20171026,381,151,1741,202.92,37.58,delivered,1,10
1916,926eb66635e64c0ba3ec8622f70e5cee,2,20171026,381,207,1741,194.69,28.06,delivered,1,10
1917,926eb66635e64c0ba3ec8622f70e5cee,3,20171026,381,320,1741,74.71,8.5,delivered,1,10
1918,3c0122de6563474a80feafea47bd32e6,1,20171209,382,205,1277,156.56,21.97,delivered,5,31
1919,3262fa3548f249568435299637e0229d,1,20171110,382,288,4978,39.01,8.5,delivered,3,3
1920,c46f05d33f4c46a8892bb136561582de,1,20171124,382,210,2534,60.45,9.11,delivered,5,16
1921,c46f05d33f4c46a8892bb136561582de,2,20171124,382,450,2534,45.9,8.5,delivered,5,16
1922,c46f05d33f4c46a8892bb136561582de,3,20171124,382,183,2534,31.52,8.5,delivered,5,16
1923,cd0f9b103c8f42a187cd5c8e8507ce9e,1,20171114,382,93,2679,110.92,14.06,delivered,3,6
1924,f75a3f3e5ba745cb907f236e5617b229,1,20171119,382,194,4677,554.83,73.93,delivered,4,12
1925,1453df9f0fb04e9a82e0057c5a1a60cf,1,20171120,382,377,1170,185.29,35.95,delivered,5,13
1926,e23bd481da8245379a098a322d6e69a1,1,20171108,382,472,2492,118.46,18.44,delivered,5,1
1927,eb1a20e5ec2b4d85a9863f629b96c7a6,1,20170907,383,139,450,117.85,17.14,delivered,3,20
1928,5ace26ccddbf4b38ab2f81dde01e3204,1,20170912,383,449,2076,153.31,31.11,delivered,5,25
1929,60e60d2597264571b0517db0e1d433f2,1,20171019,384,181,3259,1644.31,154.6,delivered,4,31
1930,9fd158b32cd843b68d2b185594b8f57b,1,20170814,385,25,3165,64.1,13.93,delivered,5,34
1931,f6a16ca49c554c04930c0697f82b60ae,1,20180528,387,198,4114,32.87,8.5,delivered,5,4
1932,f6a16ca49c554c04930c0697f82b60ae,2,20180528,387,383,4114,58.17,8.89,delivered,5,4
1933,c7e919c4966a4252b27fad29c50631e8,1,20170916,388,310,1388,203.28,41.71,delivered,5,37
1934,20dd4518c67c4407af045fe3a77c358d,1,20170815,388,347,2014,50.34,10.43,delivered,5,6
1935,bbb2d59b1a504f9c994aaf53753d6e14,1,20170913,388,363,4261,85.64,10.74,delivered,1,34
1936,fa5f20a273004c148901bcca179aaae4,1,20170814,388,436,2456,29.93,8.5,delivered,5,4
1937,d840cc213ceb47d9963283f476f480d1,1,20170912,388,279,832,209.52,17.57,delivered,5,33
1938,7d864192d08340dc9341762ebb3ab6d9,1,20170812,388,216,1562,74.91,12.13,delivered,3,2
1939,b9d5f0a5c9394ff097396c1a8de0c752,1,20170813,388,497,4047,69.35,13.17,delivered,5,3
1940,1a7489d4873248868932c0eb2ae68e95,1,20170903,388,40,1293,51.86,8.5,delivered,1,24
1941,0e3b0beda4d04a149276b178439a9342,1,20170828,388,4,3007,45.18,8.5,delivered,5,18
1942,aca93d8176a746f7aefc6c4f0f533fc9,1,20170811,388,111,815,35.89,8.5,delivered,5,1
1943,b72734c6272b486cb983792cd03a812a,1,20171228,389,112,3236,252.17,44.14,delivered,5,3
1944,1d98781d98d14bd992246ea76b483e7d,1,20180728,391,41,4864,44.38,8.5,delivered,5,54
1945,ae78d81096584e1b9435dc5ac3429860,1,20180624,391,305,2003,12.35,8.5,delivered,1,20
1946,192be1f219de4ad6a1a2579715bcf4cc,1,20180606,391,94,287,185.47,31.0,delivered,1,2
1947,39aa2e961c6f481690e0c17ee542cfbb,1,20171027,392,249,801,196.33,33.18,delivered,5,16
1948,27f72447e0e34e59850ad5107fe640b8,1,20180606,393,3,113,118.93,21.01,delivered,3,53
1949,984b96b142804b7eb371e467fbd7fc2a,1,20171215,394,421,3082,26.32,8.5,delivered,2,7
1950,ef88b9876b4a4224bb4309c528cbda78,1,20171224,395,112,4339,93.66,17.77,delivered,5,8
1951,55d399a0045e48e1991901be2cd050d9,1,20171218,395,146,3054,27.31,8.5,delivered,5,2
1952,55d399a0045e48e1991901be2cd050d9,2,20171218,395,156,3054,83.48,11.77,delivered,5,2
1953,55d399a0045e48e1991901be2cd050d9,3,20171218,395,60,3054,58.16,8.5,delivered,5,2
1954,c13650c0d3d54f6596c0a1c00eaa0bbd,1,20180126,395,248,3705,451.91,45.05,delivered,5,40
1955,c13650c0d3d54f6596c0a1c00eaa0bbd,2,20180126,395,496,3705,324.03,34.38,delivered,5,40
1956,e8df3867eac1460ebf2c715a0f490507,1,20180119,395,122,437,68.33,11.75,delivered,3,34
1957,e8df3867eac1460ebf2c715a0f490507,2,20180119,395,376,437,165.14,29.83,delivered,3,34
1958,fc1450a3298d410ea3297537c5f3c386,1,20171230,395,366,1656,176.7,28.18,delivered,5,13
1959,1baa479e6d52490d8ac8557d68ac1044,1,20180216,397,195,1679,97.54,16.9,delivered,5,21
1960,e6904f63cdc24cd39750da30edb35830,1,20180127,397,446,3070,86.23,15.47,delivered,5,1
1961,7c7278cdce10431a857f1f64e7a70d85,1,20180131,397,72,624,53.15,9.34,delivered,5,5
1962,40fe7ef6217a4b3798002750f5234535,1,20180202,397,185,3694,257.54,25.92,delivered,5,7
1963,40fe7ef6217a4b3798002750f5234535,2,20180202,397,445,3694,58.02,8.5,delivered,5,7
1964,d2003c1527f34342a61d5a327ed55afd,1,20180317,397,224,1805,98.27,14.29,delivered,5,50
1965,705cd73a41eb4dd3b8cb0e2b6ad8592c,1,20180208,397,111,1357,109.69,11.35,delivered,5,13
1966,9293c951677c4ebd9e65434d2ac684d0,1,20180217,397,388,218,114.63,10.51,delivered,4,22
1967,9293c951677c4ebd9e65434d2ac684d0,2,20180217,397,229,218,194.42,29.31,delivered,4,22
1968,44fc6e8939f94fb4bd3be9d7159d5417,1,20180306,397,275,3837,32.97,8.5,delivered,5,39
1969,5f1cacb0a2c043bbb18f67250bb04fab,1,20180206,397,50,58,19.83,8.5,delivered,2,10
1970,968ccab384df4daca42782cb88d809e3,1,20180130,397,120,1387,8.38,8.5,delivered,2,4
1971,5ff42924c0d94ad095cd9e62a1d67a1e,1,20180127,397,154,335,189.28,17.36,delivered,5,1
1972,0f7bb67da4e349429c6f629e585f33a5,1,20180130,397,7,190,42.94,8.5,delivered,3,4
1973,b03d51bfcca94294994be19b5277c28c,1,20180222,397,400,4984,110.48,9.99,canceled,5,27
1974,b03d51bfcca94294994be19b5277c28c,2,20180222,397,341,4984,56.27,8.5,canceled,5,27
1975,4052436cc971415f8c1186c4c5451bc8,1,20171104,399,133,2620,158.02,23.74,delivered,5,10
1976,10093d7e137e477d8dd0ff58f10c58a9,1,20171116,399,229,2386,14.1,8.5,delivered,4,22
1977,d9020a1920004c4dbf55606b3bf4e1b0,1,20171111,399,313,2053,166.18,24.74,delivered,5,17
1978,db05264aa1ae4c4da4937a94ae96d684,1,20171203,399,231,1862,309.96,41.84,delivered,5,39
1979,2ed6f7c54f1842d3849e256e24605d00,1,20171105,399,165,2784,161.66,20.35,delivered,2,12
1980,2ed6f7c54f1842d3849e256e24605d00,2,20171105,399,459,2784,39.84,8.5,delivered,2,12
1981,8ff3f221d7ed489490e0912e596f5ad2,1,20180410,400,329,3620,62.37,10.18,delivered,5,17
1982,68b22458fbc84b6ebf9a59745c861a47,1,20180417,400,290,1127,60.71,8.5,delivered,3,24
1983,68b22458fbc84b6ebf9a59745c861a47,2,20180417,400,434,1127,28.79,8.5,delivered,3,24
1984,68b22458fbc84b6ebf9a59745c861a47,3,20180417,400,465,1127,17.68,8.5,delivered,3,24
1985,0c367db5ca5242ab9571f9cbf940ec77,1,20180329,400,33,885,42.07,8.5,delivered,5,5
1986,0e908e8c032440ac9b63c6e933560272,1,20180411,400,274,3500,127.55,10.76,delivered,3,18
1987,8d47622ebd364df692e434b46cb09cc8,1,20180105,401,22,242,75.83,10.33,delivered,1,17
1988,8d47622ebd364df692e434b46cb09cc8,2,20180105,401,33,242,123.32,11.01,delivered,1,17
1989,e1a85f70679d42398c903564e958ed3a,1,20171223,401,369,3889,82.21,8.5,delivered,3,5
1990,8d52e2cb734142d7b6ebd46f6b3b124e,1,20171227,401,481,2225,67.45,13.06,delivered,5,8
1991,8d52e2cb734142d7b6ebd46f6b3b124e,2,20171227,401,226,2225,99.68,15.88,delivered,5,8
1992,f82cd9d38ff64cb3bf1ca0d0a55d71c8,1,20171220,401,425,734,48.36,8.5,delivered,4,2
1993,1b9b5aa2b21149ab9ab0bdfad290cd3e,1,20180515,403,42,2440,258.65,54.73,delivered,1,3
1994,7cf8bb9baadc4393acfea65c2194aa34,1,20180516,403,386,512,46.14,9.82,canceled,5,4
1995,0738ec4b10d24150b70e1cdfb08af1ff,1,20180623,403,206,3334,141.19,20.48,delivered,1,42
1996,72d8216e23584baa95c256020fa55e2b,1,20171215,405,67,4788,72.31,8.5,delivered,5,12
1997,d76a2f6824284bad87c47a20159929a7,1,20171207,405,291,790,17.17,8.5,delivered,3,4
1998,d76a2f6824284bad87c47a20159929a7,2,20171207,405,49,790,253.9,36.3,delivered,3,4
1999,d76a2f6824284bad87c47a20159929a7,3,20171207,405,157,790,41.17,8.5,delivered,3,4
2000,16283b9d52464375925604f9258ea9ed,1,20171214,405,341,329,45.03,8.5,delivered,5,10
2001,38eb8b105d5a41fd90b0ec4efcc8c95c,1,20171227,405,232,2868,135.52,20.42,delivered,3,24
2002,6b49e631ede94c1d9b2e3dbdf47926fe,1,20171205,405,166,3772,30.34,8.5,delivered,3,1
2003,0b36325a865d47b2af0b3f23bdbf1af3,1,20180111,405,330,2895,57.86,10.22,delivered,3,39
2004,0b36325a865d47b2af0b3f23bdbf1af3,2,20180111,405,273,2895,173.25,20.35,delivered,3,39
2005,f4a7279266cf4f2a95c9070c65a4edf0,1,20180207,405,256,2956,67.27,8.5,delivered,5,66
2006,25e0e006e345435a8de641da71ee4cb6,1,20180124,406,322,4979,122.18,22.17,delivered,5,23
2007,22100c23664547c981bb1b73055bb380,1,20180104,406,16,1339,44.81,9.19,delivered,4,3
2008,a19531bbf41145ea85edc59414fe8347,1,20180118,406,217,4121,40.98,8.5,delivered,4,17
2009,cc20899537704c3bbd3aa9a3b185641e,1,20180104,406,137,2345,92.53,9.16,delivered,5,3
2010,4d1cf89cd8a742eaa5ad3955c7670dd0,1,20180110,406,164,4797,278.97,50.55,delivered,4,9
2011,b439e85c64ef4e6d8ca426c40d1e590f,1,20180107,406,309,1073,43.7,8.5,delivered,5,6
2012,b439e85c64ef4e6d8ca426c40d1e590f,2,20180107,406,376,1073,56.34,8.87,delivered,5,6
2013,cc8d242a223945c285f21e0cde65dfe6,1,20180113,406,243,1361,20.96,8.5,delivered,5,12
2014,cc8d242a223945c285f21e0cde65dfe6,2,20180113,406,499,1361,28.66,8.5,delivered,5,12
2015,cc8d242a223945c285f21e0cde65dfe6,3,20180113,406,116,1361,60.27,11.83,delivered,5,12
2016,eba5f7986fa54d29aff7fda9570d0e47,1,20180618,408,29,3199,150.22,29.94,delivered,4,14
2017,ddf9037ae2774893b5b6c3b0cc32b906,1,20180626,408,400,1593,198.73,17.54,delivered,5,21
2018,201760b44d3e40dba1eb7f34dfa9ba0f,1,20180823,408,354,753,330.29,35.5,delivered,4,79
2019,76ac9dda106e4f2d8dfe1dcc2e8c93c4,1,20180613,408,88,3405,63.56,12.2,delivered,5,8
2020,9037a777851c46bba3b808001d76c85e,1,20180606,408,236,1779,71.9,8.5,delivered,4,1
2021,5379589fb6b241ffb32b0b37229ae98f,1,20180705,408,61,2981,41.72,8.5,delivered,3,30
2022,053500583c7a4b97aadcac5fd6700296,1,20180622,408,44,2220,127.65,11.6,delivered,4,17
2023,56068f22f7ae46e79db007138e154739,1,20180623,409,151,2173,25.18,8.5,delivered,5,36
2024,352819128cbb472fbf1cedb993b946b6,1,20180523,409,324,2367,53.39,8.5,delivered,5,5
2025,119b1025f6d14a15885f4fd511e1d30c,1,20180526,409,259,2460,54.66,8.5,delivered,1,8
2026,119b1025f6d14a15885f4fd511e1d30c,2,20180526,409,188,2460,83.77,8.5,delivered,1,8
2027,119b1025f6d14a15885f4fd511e1d30c,3,20180526,409,320,2460,256.33,24.5,delivered,1,8
2028,c36b95287b33439d9f899cb790c2a549,1,20180520,409,89,4024,66.36,13.69,delivered,5,2
2029,4cb6868aafa04467b3f32801b1bb051a,1,20180521,409,450,1459,73.08,10.97,delivered,5,3
2030,e19126bdd18649d9ac6c8a03ba11ec53,1,20180530,409,105,2075,27.62,8.5,delivered,5,12
2031,e19126bdd18649d9ac6c8a03ba11ec53,2,20180530,409,334,2075,112.34,23.26,delivered,5,12
2032,11ec745b14ff4bff8ac96d6e2358c02c,1,20180521,409,185,4669,49.75,8.5,delivered,5,3
2033,c8ae60a939b04beb955188ad163e4266,1,20180603,409,134,3807,128.09,16.86,delivered,5,16
2034,a7ab77f18329494fb528b7e4f33ec575,1,20180605,409,246,1805,96.65,19.69,delivered,3,18
2035,32b013399f94453680580fb46ffe0846,1,20180614,409,417,400,61.98,12.67,delivered,5,27
2036,f80312983b76436db68fc0352a929390,1,20180521,409,40,2657,127.35,10.65,delivered,5,3
2037,cac444207bb34319af156b9ed34ae03d,1,20180626,409,463,2057,90.3,19.24,delivered,5,39
2038,99ada44d730d42338c37d04be9d4083f,1,20180606,409,106,3146,122.17,22.51,delivered,3,19
2039,06dd34906e14425ab4d6ce52a36a0209,1,20180521,409,216,3406,91.38,16.73,canceled,4,3
2040,1b7558b1dadf4fe3b2cb5d153b041618,1,20170928,411,321,217,289.16,39.86,delivered,4,24
2041,c23f82163ead4de0ad758543df2a002c,1,20171108,412,410,4974,50.16,10.04,delivered,5,12
2042,2d8175769a204959851357ffe3e3c5bc,1,20171122,412,322,4023,222.4,18.94,delivered,5,26
2043,c3c84cb4a0984309b94234255f4e477e,1,20171029,412,225,3480,542.45,49.74,delivered,5,3
2044,464141aa184a40e19f7ea3f381b90855,1,20171030,412,2,881,92.37,9.18,delivered,4,4
2045,33fee3c33b50472e8ea2da916548c878,1,20171108,412,466,3403,49.54,8.5,delivered,3,13
2046,b715c2d4902347dc93461a20af9b92fb,1,20171018,413,476,3938,44.14,8.55,delivered,2,7
2047,fcae65987d4b4878ae4fe7df409c9172,1,20171014,413,58,1859,80.27,16.82,delivered,5,2
2048,a128f84be3424733a0ac58d45286044e,1,20171025,413,383,3204,126.29,22.52,delivered,5,13
2049,b88ae41a723e43bc854694b65ec77b97,1,20171022,413,317,3047,27.4,8.5,delivered,2,11
2050,6161b8f7d0d445fdae9ef9e4e5e31c17,1,20171103,413,386,4953,29.58,8.5,delivered,3,22
2051,3a1436fe0eb349198f69e335abd92f8b,1,20171218,415,35,266,29.55,8.5,delivered,4,21
2052,3a1436fe0eb349198f69e335abd92f8b,2,20171218,415,143,266,235.47,46.47,delivered,4,21
2053,a9106c3050ab4b8dacd9d8bc46162d44,1,20171130,416,244,3214,440.83,49.02,delivered,5,1
2054,611b19000b95468fa1b5f660f81d51a0,1,20171206,416,470,2021,40.42,8.5,delivered,5,7
2055,8a400d85394349079c8480bd1602cd7a,1,20171201,416,361,3017,107.3,22.5,delivered,3,2
2056,8a400d85394349079c8480bd1602cd7a,2,20171201,416,165,3017,227.29,41.73,delivered,3,2
2057,a1b00652e99a4a00b7cf501eb4c0a22f,1,20171205,416,358,2652,147.43,20.81,delivered,4,6
2058,debe27eb5a6a4881ab759b1edc4508e5,1,20171203,416,118,4128,32.38,8.5,delivered,1,4
2059,55b8a9542e1f4f75ab32e335a8ca3e0a,1,20171205,416,338,3915,122.29,23.84,delivered,5,6
2060,028be07272f54babae7bca084d0356b5,1,20171220,416,241,3634,108.02,13.36,delivered,4,21
2061,4ef198e6e5394c8ea39c8a449cf60583,1,20171130,416,310,3023,499.34,59.0,delivered,5,2
2062,765c98031f7f4902a5b8512997708e3b,1,20180216,416,419,37,75.8,15.05,delivered,5,79
2063,75455d39270f40878f94fe27257dc3cf,1,20171203,416,380,2794,17.44,8.5,delivered,5,4
2064,f5418b1b38f24034aa3f896fd3c76ef8,1,20170926,418,324,2913,61.24,8.5,delivered,5,6
2065,d4dd9ba6313d4ea8b74b3a7f51bf77aa,1,20170925,418,215,124,68.32,8.5,delivered,4,5
2066,5579792f3a414abaa5ab27360606649f,1,20171006,418,168,3218,118.5,23.5,delivered,3,16
2067,a56489087de2444e9d346b961daaf1b4,1,20171002,418,149,467,24.3,8.5,delivered,5,12
2068,a56489087de2444e9d346b961daaf1b4,2,20171002,418,85,467,38.27,8.5,delivered,5,12
2069,64c85a687abf4a769f91965c31b793ec,1,20170922,418,12,2341,174.5,35.37,delivered,1,2
2070,64c85a687abf4a769f91965c31b793ec,2,20170922,418,67,2341,168.33,33.61,delivered,1,2
2071,64c85a687abf4a769f91965c31b793ec,3,20170922,418,177,2341,216.2,34.92,delivered,1,2
2072,083d5deaf0ca4e2b826b34b6b2764007,1,20180328,419,325,2860,62.69,8.5,delivered,4,5
2073,64ba6c7b47034701b6a1096fa4386104,1,20180326,419,411,1970,39.88,8.5,delivered,1,3
2074,d8144fd58c8c4f72bb37871e8cf8312c,1,20180429,419,484,3713,75.43,12.27,delivered,5,37
2075,ba0978aa027a4252a7eeb849a88a607d,1,20180404,419,397,3419,71.86,13.54,delivered,1,12
2076,0b05bc6ebf83400987a522f9a8b788ea,1,20180514,419,287,3981,31.21,8.5,delivered,5,52
2077,3bf111beb4144d8d9f82dbb4dc3710f8,1,20180429,419,88,2706,18.62,8.5,delivered,1,37
2078,64a30a75fd0e42e2a26234b5cee92682,1,20180502,419,433,3752,63.02,10.69,delivered,1,40
2079,825753da8f9c42c88bca0aa14a0b1c0b,1,20180505,419,437,2660,39.52,8.5,delivered,5,43
2080,401119e331494ecfbb90e353295ff682,1,20180326,419,289,1435,124.18,21.85,delivered,4,2
2081,30daccd02bfb42cda6a293cdc825fc50,1,20180501,419,204,1328,19.17,8.5,delivered,5,39
2082,3c64cc4a3c18416ca5a6bd6e91f72b0c,1,20170915,422,341,494,78.78,12.0,delivered,5,22
2083,007755e191414cc5af3607710b8585fb,1,20170826,422,287,3586,32.18,8.5,delivered,4,2
2084,cabe743aae9444a8a11ae675c12983e3,1,20171028,422,482,4673,36.56,8.5,delivered,4,64
2085,cabe743aae9444a8a11ae675c12983e3,2,20171028,422,74,4673,67.96,9.38,delivered,4,64
2086,c71fb76af8654256a19263baf087d1f2,1,20170829,422,279,2623,517.93,66.14,delivered,2,4
2087,6f34948a0e294788b774c3a335d3509e,1,20170915,422,127,3950,53.63,8.5,delivered,5,21
2088,6f34948a0e294788b774c3a335d3509e,2,20170915,422,315,3950,91.72,10.99,delivered,5,21
2089,9616dcee1f2d4dadb78e7b7a94863fd8,1,20170909,422,383,1072,142.0,14.69,delivered,5,15
2090,67c5e576464149c28efdaf2aa6f9f19a,1,20170913,422,12,4188,51.93,8.5,delivered,5,20
2091,d79153f754c44e9abbba2d6fca12eef7,1,20171014,422,36,2159,43.61,8.5,delivered,5,50
2092,d79153f754c44e9abbba2d6fca12eef7,2,20171014,422,256,2159,56.71,8.71,delivered,5,50
2093,d79153f754c44e9abbba2d6fca12eef7,3,20171014,422,97,2159,57.35,8.5,delivered,5,50
2094,8be706f3855e4d71b805879b80b8c9ef,1,20180303,423,338,2862,25.81,8.5,delivered,4,33
2095,b554498aecc542fe920bcf136bcd4906,1,20180130,423,34,839,151.13,22.27,delivered,5,1
2096,31b6994d87a9418f9db4e6ab686e1d9b,1,20180212,423,412,2009,80.15,14.01,delivered,1,14
2097,31b6994d87a9418f9db4e6ab686e1d9b,2,20180212,423,32,2009,71.48,10.77,delivered,1,14
2098,31b6994d87a9418f9db4e6ab686e1d9b,3,20180212,423,192,2009,49.59,8.5,delivered,1,14
2099,c2905b1aa4264bfc932f4c25c4eec09c,1,20180207,423,335,2469,53.85,10.37,canceled,5,8
2100,702bb2a592734526a503c0ad026cfb62,1,20170622,425,323,1481,177.41,29.22,delivered,5,8
2101,702bb2a592734526a503c0ad026cfb62,2,20170622,425,102,1481,113.5,10.47,delivered,5,8
2102,4a8c16261613404ab57e19c43f06370c,1,20170804,425,82,4427,48.89,8.59,delivered,4,50
2103,996967d486244402b8c7909cd860cdb1,1,20171231,426,249,4755,65.64,11.91,delivered,3,1
2104,513a2d9beb9f45f3b2f922663c11ab85,1,20180101,426,233,3750,53.89,8.5,delivered,5,2
2105,513a2d9beb9f45f3b2f922663c11ab85,2,20180101,426,214,3750,184.4,23.58,delivered,5,2
2106,f6bc83f510934a18af5b5f6174d89753,1,20180105,426,153,2549,45.49,8.5,delivered,5,6
2107,ae8209f067d545dbb785b4b5cc1e0970,1,20180110,426,315,2050,79.91,10.09,delivered,1,11
2108,38ca104810ff4c89938110769ef21086,1,20180128,426,370,2935,30.13,8.5,delivered,5,29
2109,793dcf5055834aea96511052da23f45b,1,20180105,426,294,3128,50.43,8.5,delivered,5,6
2110,5dc0ae255e4c4c208483f71a7db9d4ef,1,20180120,426,375,404,40.83,8.5,delivered,5,21
2111,355dbbd4b4ca42538ff36a3c804dac88,1,20180202,426,106,1545,216.32,28.37,delivered,3,34
2112,892ba5e5b0d449f0b4c202e413c35087,1,20180101,426,383,4261,370.07,70.3,delivered,3,2
2113,c0e87937cc2c4ed797c0653a9272e23b,1,20180103,426,9,1174,703.99,98.91,delivered,5,4
2114,19aecb0c63a94fc0860f0ca0d3320284,1,20180203,426,368,3159,27.03,8.5,delivered,4,35
2115,d96336bee3c045599fd456306dc07be0,1,20180130,427,245,2505,69.64,9.83,delivered,5,1
2116,c14dbfaeedca457eb002ee9f12cdc14a,1,20180525,428,377,2341,37.12,8.5,delivered,4,16
2117,ec2b224b76c043198a34946d294de87c,1,20180516,428,28,4743,29.41,8.5,delivered,5,7
2118,4a13e8d96e8a457f84b56d3c1e9c08fd,1,20180522,428,423,3579,40.43,8.5,delivered,5,14
2119,4a13e8d96e8a457f84b56d3c1e9c08fd,2,20180522,428,87,3579,160.16,20.55,delivered,5,14
2120,4a13e8d96e8a457f84b56d3c1e9c08fd,3,20180522,428,342,3579,82.57,8.5,delivered,5,14
2121,0f0984b6432a4799ab711ae34ccc029d,1,20180715,428,233,4156,39.62,8.5,delivered,5,67
2122,85f2fc5f58414ae3bbf8ecd0f4b48a32,1,20180228,430,275,3066,41.47,8.5,delivered,3,22
2123,bd7703a723a54ca4b81a6f30340d89af,1,20180529,431,184,4829,14.19,8.5,delivered,3,10
2124,bd7703a723a54ca4b81a6f30340d89af,2,20180529,431,197,4829,101.25,17.72,delivered,3,10
2125,bd7703a723a54ca4b81a6f30340d89af,3,20180529,431,171,4829,143.14,23.97,delivered,3,10
2126,9fdcbb82ae794690adb790e842d4c760,1,20180521,431,337,2264,238.55,52.47,delivered,3,2
2127,aebe4f7f4deb4a019904794cfdead8eb,1,20180608,431,74,2060,64.43,8.5,delivered,1,20
2128,8ccc38663c5e4ae384396277b7b78abf,1,20180520,431,87,2113,108.08,13.23,delivered,5,2
2129,8ccc38663c5e4ae384396277b7b78abf,2,20180520,431,80,2113,211.38,45.86,delivered,5,2
2130,8ccc38663c5e4ae384396277b7b78abf,3,20180520,431,450,2113,4.72,8.5,delivered,5,2
2131,d941e0191a6044e3a61c1d11f2c08a35,1,20180530,431,131,4411,388.84,57.98,delivered,3,11
2132,ea73dd6888d744f2acd9752da8fbf7f7,1,20170905,432,391,4114,60.18,8.93,delivered,5,16
2133,48826ffb4cab4cb0b01b2baea6da6206,1,20171002,432,193,1024,263.26,37.7,delivered,2,43
2134,d709fe59671846a0b65fef0c074b5952,1,20170915,432,74,1872,69.38,12.92,delivered,5,25
2135,fcc8fbefb0504bd8aafccc0ec1b0450f,1,20171001,433,15,1051,131.17,11.55,delivered,5,16
2136,0aac5d90804342c69470d3564cf4e9d2,1,20170921,433,17,3781,52.4,10.27,delivered,2,6
2137,b2141908ca55466ebe178c2a8c96cda3,1,20171012,433,22,2211,493.47,85.97,delivered,5,27
2138,c2db42853fab44aeb182a7a44a511941,1,20170922,433,153,801,135.18,11.05,delivered,4,6
2139,6235ad6a88f24d0e9bc9e01e0736dc8a,1,20170930,433,382,1045,18.6,8.5,delivered,4,14
2140,3fe966e943f0426e8748be84043ae19b,1,20171004,433,250,3944,103.43,13.27,delivered,5,18
2141,4eb20c0828534387b93366912f94b537,1,20171221,433,387,1649,159.59,21.7,delivered,5,96
2142,b655ccc7edf14a8f8929641582765869,1,20170925,433,217,2909,403.24,83.48,delivered,5,10
2143,7b9bcffe7bff4417a405f1f1f9d350a4,1,20170908,435,184,4163,34.09,8.5,delivered,5,8
2144,7b9bcffe7bff4417a405f1f1f9d350a4,2,20170908,435,57,4163,200.48,35.48,delivered,5,8
2145,ccb7fd672ae04cc2b1385385f0023c07,1,20170904,435,213,3412,166.42,26.35,delivered,5,4
2146,c7893f73bc4b45a1b6fa6738a3c22733,1,20170923,435,479,4634,73.41,13.54,delivered,5,23
2147,ccd6e8ec7a3b4ccabdf4f32dc0fdcfc0,1,20180623,436,175,3337,26.01,8.5,delivered,3,9
2148,6077be39e4524231a9250f258e62dc89,1,20180622,436,60,979,80.36,16.14,delivered,4,8
2149,5619329c2c67458d887def4c8ced1e8c,1,20180705,436,213,1697,185.88,40.48,delivered,5,21
2150,826e0acf8beb43beb91c07afc256b0e7,1,20180620,436,262,2137,22.89,8.5,delivered,5,7
2151,450921249b1a43559150a7e84ddd1e3c,1,20180710,436,66,3311,46.63,8.5,delivered,5,26
2152,21f4abf705b848e59e3af438b8041b67,1,20170830,437,457,4650,59.89,8.5,delivered,1,8
2153,2b6aacafc45f4a70a05f1468d87a8666,1,20170920,437,270,3983,48.31,8.5,delivered,5,29
2154,4c78fc739cd74efb80c967499ea8790d,1,20170828,437,477,699,228.47,25.46,delivered,4,7
2155,49bb5f6dcb434e0e9750169ed39929f4,1,20170828,437,134,4053,160.87,28.83,delivered,5,7
2156,959b6c97413a45d6933c7d8d7376a893,1,20170830,437,417,1501,133.49,21.21,delivered,4,8
2157,0af91e78553c4c999b5e595b1fa43c1c,1,20180506,438,3,2052,129.69,27.47,delivered,5,1
2158,02e1112d869844b0a9417b9739d92e04,1,20170828,440,470,2307,42.18,8.5,delivered,3,4
2159,38e43fa4857149e88e34716295324c23,1,20170831,440,499,3997,95.9,9.12,delivered,4,8
2160,d9360ef2c8fc4232af94c2f89fa3aee1,1,20170902,440,125,4116,147.83,21.49,delivered,5,9
2161,60d938a1f0f14c8f8790af698dda8d1d,1,20170826,440,116,2973,107.29,20.78,delivered,1,2
2162,b8e2ed6b31fb4b0985a7c321bd61cac0,1,20170815,441,7,1229,58.04,8.5,delivered,4,23
2163,d182d47533534353bbf88720b01c8522,1,20170819,441,378,3854,67.72,8.76,delivered,5,27
2164,d182d47533534353bbf88720b01c8522,2,20170819,441,233,3854,119.78,15.85,delivered,5,27
2165,d182d47533534353bbf88720b01c8522,3,20170819,441,318,3854,48.6,8.86,delivered,5,27
2166,d4e7290833354adc99f5bcd4939719dc,1,20170805,441,1,4267,65.5,12.57,delivered,5,13
2167,d4e7290833354adc99f5bcd4939719dc,2,20170805,441,451,4267,48.1,8.5,delivered,5,13
2168,2056abd535e84dae99365b54809b5c4f,1,20170802,442,10,1306,263.92,29.17,delivered,4,8
2169,e2f954d557dd4729ac491acf559b7c97,1,20170730,442,228,4291,16.76,8.5,delivered,5,5
2170,5f9a70280b554ab2893d1c7edf2dc103,1,20170802,442,372,2662,54.83,8.5,delivered,5,8
2171,f82b6aa386c24f498121486a7dd96603,1,20170814,442,264,663,67.17,11.87,delivered,4,20
2172,9c175e88590a47cdbca2583f7aacc291,1,20180206,443,2,1990,124.29,21.89,delivered,5,2
2173,a87d6c3e7f1a4162a877ddfee8ddafbb,1,20170820,444,212,2700,17.8,8.5,delivered,1,5
2174,8c92afad32d84e899382f5423dc4f891,1,20170816,444,496,2744,85.28,14.76,delivered,4,1
2175,489d293f1c274c3bba2216cb35a6f301,1,20170820,444,258,770,55.78,10.41,delivered,4,5
2176,489d293f1c274c3bba2216cb35a6f301,2,20170820,444,239,770,188.37,27.84,delivered,4,5
2177,1863520ff84143afb7445e716d0df728,1,20170823,444,202,3206,104.38,11.69,delivered,2,8
2178,2ba47556e7dd4bfea393fed3f55d726c,1,20171219,445,333,1436,34.25,8.5,delivered,5,9
2179,e8e94ce51c944ddca34e0563f34f86f6,1,20180705,446,173,4764,405.44,33.01,delivered,5,33
2180,e8e94ce51c944ddca34e0563f34f86f6,2,20180705,446,103,4764,171.86,37.26,delivered,5,33
2181,fcb69982619c4252a67bbd2abeb0f22f,1,20180728,446,342,404,46.16,8.5,delivered,5,55
2182,fcb69982619c4252a67bbd2abeb0f22f,2,20180728,446,143,404,105.21,22.97,delivered,5,55
2183,fcb69982619c4252a67bbd2abeb0f22f,3,20180728,446,16,404,51.47,10.12,delivered,5,55
2184,15cf6a6d11384b6db672722f8ca47c2d,1,20180619,446,353,1792,32.42,8.5,delivered,5,17
2185,221f730b83fb49e5a3b9036545d0bac0,1,20180707,446,379,1273,111.91,14.33,delivered,2,35
2186,221f730b83fb49e5a3b9036545d0bac0,2,20180707,446,433,1273,34.45,8.5,delivered,2,35
2187,742d0152b1744488b966091a2087c6cf,1,20180727,447,299,3700,28.82,8.5,delivered,5,36
2188,d8cfad25d32a4592875326002436e027,1,20171113,448,257,447,71.05,10.21,delivered,5,9
2189,d8cfad25d32a4592875326002436e027,2,20171113,448,32,447,86.22,12.4,delivered,5,9
2190,b61f0d826e0948538ca1e4c318922c74,1,20171206,448,146,3261,105.95,21.07,delivered,5,32
2191,c65992931ba54188bb125740426b0661,1,20171108,448,183,4945,91.08,9.33,delivered,5,4
2192,67897a8d83344597951a19a10196630e,1,20180117,449,465,4119,316.72,56.95,delivered,4,35
2193,67897a8d83344597951a19a10196630e,2,20180117,449,168,4119,33.05,8.5,delivered,4,35
2194,67897a8d83344597951a19a10196630e,3,20180117,449,301,4119,59.16,8.6,delivered,4,35
2195,78f8daabba2b474faa987837aef76830,1,20171217,449,126,2198,88.73,12.07,delivered,3,4
2196,abe5235fad204d1e8bbc04c83265c811,1,20180103,449,430,2884,39.5,8.5,delivered,5,21
2197,db260632a9304555b2dfe569d696de65,1,20180103,449,336,3169,123.86,15.59,delivered,3,21
2198,7ba2e66ee9aa4aafa366b4bb3e87253a,1,20171223,449,289,195,68.75,8.5,delivered,5,10
2199,7ba2e66ee9aa4aafa366b4bb3e87253a,2,20171223,449,439,195,76.79,8.98,delivered,5,10
2200,7ba2e66ee9aa4aafa366b4bb3e87253a,3,20171223,449,399,195,28.92,8.5,delivered,5,10
2201,5bf43e203be845d7980b6f25433e5475,1,20171220,449,443,3753,41.92,8.5,delivered,5,7
2202,5bf43e203be845d7980b6f25433e5475,2,20171220,449,370,3753,65.49,13.32,delivered,5,7
2203,5bf43e203be845d7980b6f25433e5475,3,20171220,449,471,3753,29.63,8.5,delivered,5,7
2204,4b5a7069b4b94c5e9d7187d473f472d6,1,20171216,449,490,2785,246.3,50.1,delivered,5,3
2205,ec561fab10f948b58cdffa5620286ef0,1,20171220,449,305,741,243.73,31.33,delivered,3,7
2206,4aa30e3d0ffa4bc4bb29291ba49100ee,1,20180105,449,485,4224,47.09,8.5,delivered,2,23
2207,4aa30e3d0ffa4bc4bb29291ba49100ee,2,20180105,449,357,4224,418.3,71.6,delivered,2,23
2208,dc5ef0476de24c68ae3b139b56b921f3,1,20171223,449,473,1543,63.77,8.5,delivered,2,10
2209,0436fff8c2c643748635c4d3fa20e3fb,1,20171009,450,16,1264,48.1,8.5,delivered,1,32
2210,e275ecb780134184b245dabc9f3f80de,1,20180326,451,210,2681,31.0,8.5,delivered,5,7
2211,3a794481ae5a4b6fb5e9a9d7d1f58130,1,20180323,451,1,341,20.19,8.5,delivered,5,4
2212,937183c740484e7fb9db7133938116b3,1,20180328,451,52,1759,308.15,65.36,delivered,1,10
2213,bda52114a492465d8b5ff1c23d9084c0,1,20180407,451,203,4734,18.96,8.5,delivered,3,20
2214,5b03e7952ff142749bda3c2f48ce71b1,1,20180423,451,103,3629,64.79,11.05,delivered,4,36
2215,ff97d1fe34564eecb26ed96f2f448e82,1,20180417,451,459,2050,154.36,20.46,delivered,5,30
2216,ed6149ef6e93447d88e532e4dcbf41c1,1,20180415,451,52,8,160.27,25.82,delivered,3,28
2217,ed6149ef6e93447d88e532e4dcbf41c1,2,20180415,451,357,8,64.24,8.5,delivered,3,28
2218,2940da8812054b31bfcac0163a1cf4c8,1,20180410,451,430,4018,27.69,8.5,delivered,5,23
2219,e36061e7deb14abe966b24c5d02d7cd4,1,20180402,451,18,3343,12.6,8.5,delivered,3,14
2220,49d05bfb32454c3fae668243d7d2e3f1,1,20180321,451,39,1649,41.8,8.5,delivered,5,3
2221,0df8b24d4d364e4783682776f0ced326,1,20180413,451,458,2800,77.9,12.23,delivered,2,25
2222,1661b2a5fe9a4afb88df1366b5d78a3b,1,20180411,451,265,411,35.55,8.5,delivered,5,24
2223,78696da68e0941c09e70a9bc9c78f68c,1,20180331,451,170,1021,49.54,8.5,delivered,5,12
2224,199cd42750ed4119aba6bbd207e1db9f,1,20180319,451,217,4832,89.35,17.64,delivered,5,1
2225,8539415f8b2a44c8b63e57ea29eac18b,1,20180401,451,399,2591,121.32,18.34,delivered,5,14
2226,23ce3c35b23840199733be3ac7a9ce2e,1,20180513,455,27,4617,56.42,8.5,delivered,3,17
2227,23ce3c35b23840199733be3ac7a9ce2e,2,20180513,455,435,4617,39.85,8.5,delivered,3,17
2228,ee60599d66c84aaf9e9fed4177fb47cb,1,20171118,456,312,1001,18.01,8.5,delivered,5,14
2229,ea1b255bfd1b454b81cb34fc4217e6de,1,20171202,456,344,210,94.84,8.5,delivered,5,29
2230,82466c2b9f1c48ce8342f5e1e62445ef,1,20171107,456,481,1718,49.13,8.5,canceled,5,3
2231,878af984a8e440f0aa850da34a98c82b,1,20171111,456,373,1899,68.7,10.27,delivered,3,7
2232,ff64a18df1764c9898fc1f73880ee6b5,1,20171105,456,326,4690,11.7,8.5,delivered,5,1
2233,0ca614b5fed643caaa58083328515899,1,20171110,456,272,1726,20.22,8.5,delivered,2,7
2234,139abd42be4245bdb0e58aee549185f8,1,20171208,456,74,555,10.64,8.5,delivered,4,34
2235,0d04ec79eb964676b3054cbdf8b24b9b,1,20171118,456,278,2407,43.63,8.5,delivered,5,14
2236,9f6332d5a52044af85e9caae7a2ef821,1,20171208,456,495,556,162.11,33.46,delivered,4,34
2237,0d01701bc02c4003b636f7afa9c26c40,1,20171108,456,441,2895,135.3,24.99,delivered,4,5
2238,1ab743859ab54dde89e8acffa7119be3,1,20171111,456,423,4731,102.74,10.83,delivered,3,8
2239,1ab743859ab54dde89e8acffa7119be3,2,20171111,456,290,4731,27.37,8.5,delivered,3,8
2240,4599f204ee4b471d89e7e1141a84a0a8,1,20171212,456,278,1143,308.4,55.31,delivered,5,39
2241,63ff16b15f384dff97297c68233215ee,1,20171105,456,19,3189,54.14,11.86,delivered,4,1
2242,fbca710c3e734f16950bc6c9c528b784,1,20171124,457,459,4290,31.37,8.5,delivered,1,25
2243,e6d3aedc845e4903ae4606e7a4d8dc7d,1,20171105,457,109,2538,72.31,11.5,delivered,4,6
2244,960bde2f8b2440dbad7a79121b23f150,1,20171219,457,147,1785,136.76,16.5,delivered,5,50
2245,e29ed1a12914456381bcb37ea7853435,1,20171106,457,101,4326,35.06,8.5,delivered,5,7
2246,ba481936781a43cbb248cf9061fe4334,1,20171108,457,447,1676,19.04,8.5,delivered,3,9
2247,2910352273a746deba58fc250aabc9cc,1,20171113,457,125,1478,50.48,8.5,delivered,1,14
2248,935c834638614ea19b6c86d4806172c2,1,20171108,457,287,1003,44.26,8.5,delivered,5,9
2249,935c834638614ea19b6c86d4806172c2,2,20171108,457,167,1003,122.1,11.77,delivered,5,9
2250,9b04e980622647e289b236b1e2ed4594,1,20171110,457,261,637,34.19,8.5,delivered,5,11
2251,bf3f1cde66e84012b20d9b3ca1e87be3,1,20171113,457,253,3679,78.67,8.5,delivered,5,14
2252,f6648080289e4b2bbae87172396c12cc,1,20171103,457,391,4528,70.03,8.5,delivered,5,4
2253,f6648080289e4b2bbae87172396c12cc,2,20171103,457,117,4528,63.14,8.5,delivered,5,4
2254,7c0d9d12ab934ae6a3ce9c496dab42e6,1,20171031,457,139,3637,168.87,14.3,delivered,5,1
2255,fce07c4803cd4a1cbb0d72830b7b304c,1,20171127,457,7,106,93.18,12.39,delivered,5,28
2256,f9383780d3804af8a0b9c2110d147fd9,1,20171106,457,447,3950,232.21,39.49,delivered,5,7
2257,8bc77a092775432c92b8ea8f34e974db,1,20171225,457,194,3868,56.09,8.5,delivered,5,56
2258,bde6f9f3f6b44e5b94c0f82a6b43f969,1,20171101,457,296,1552,92.34,18.27,delivered,5,2
2259,44967bb367134bbb93401de1d09e9b56,1,20171109,457,382,2978,35.42,8.5,delivered,5,10
2260,9d5aacf46733472ba170962ec6267ed1,1,20171105,457,182,2920,307.42,43.68,delivered,5,6
2261,09f1db01a4254a42af8acf7d71cd4966,1,20171201,457,439,4246,73.89,9.25,delivered,5,32
2262,fa2116bc87474d379c89cce17a70b186,1,20171117,457,58,4698,140.54,27.31,delivered,5,18
2263,5353090a8c8445238b878ff5bd07ac35,1,20171109,457,162,844,58.8,10.76,delivered,5,10
2264,19913ddd984c48e5b6d4a30974485bce,1,20180315,458,39,1903,68.4,8.53,delivered,4,16
2265,6703401857ba4012911846fe80319e43,1,20170926,459,333,3445,81.81,10.76,delivered,5,6
2266,6703401857ba4012911846fe80319e43,2,20170926,459,339,3445,67.47,9.31,delivered,5,6
2267,4a8b54f9e9044de0ac304048cd16b878,1,20170921,459,377,4462,61.69,8.5,delivered,5,1
2268,87cdaa2a1dad40e6822b25a023c650b8,1,20170925,459,166,1830,152.03,27.12,delivered,5,5
2269,d5db4af4eed44ce78713994a9da100ee,1,20171001,459,27,2622,64.48,8.5,delivered,5,11
2270,2602e2dee5504a0fbe3429c5eb6c7c32,1,20170926,459,124,3087,70.55,14.08,delivered,5,6
2271,846bc84b9c344ec0bc8e2964d40dfdd8,1,20171027,459,71,2463,111.33,13.25,delivered,5,37
2272,15163835008d48d7b119a969c8715fe7,1,20171007,459,163,440,117.93,23.69,delivered,5,17
2273,c17e3530aac54bfd81eb864a26212337,1,20171011,459,207,4346,59.43,8.5,delivered,5,21
2274,94f4d9f5beb841dfb7fc7c0139d38d42,1,20171002,459,379,1362,68.25,13.81,delivered,5,12
2275,c69a3fac4dae408dadb3f3850703e226,1,20170925,459,341,727,72.62,11.15,delivered,5,5
2276,bb54547072ea434baf5964de1f82d747,1,20171017,460,297,4189,124.13,26.19,delivered,3,8
2277,7f82d116dd994ae1b267632bb01ac5c3,1,20180416,461,488,3424,52.64,10.79,canceled,5,3
2278,6b21fad5c2aa4b30a85790fd3feff539,1,20180514,461,285,202,456.13,58.49,delivered,1,31
2279,6b21fad5c2aa4b30a85790fd3feff539,2,20180514,461,143,202,37.44,8.5,delivered,1,31
2280,6b21fad5c2aa4b30a85790fd3feff539,3,20180514,461,388,202,40.09,8.5,delivered,1,31
2281,6eafc1be44e34c8bb180d58e9f5767e6,1,20180226,462,445,4314,54.24,8.5,delivered,1,58
2282,5a93183b92394304b6916c108d648f41,1,20180211,462,293,1270,53.93,11.5,delivered,5,43
2283,4a3838f7900944df995fa4452cfa2abd,1,20180101,462,386,1827,78.56,13.95,delivered,5,3
2284,4a3838f7900944df995fa4452cfa2abd,2,20180101,462,444,1827,119.73,25.32,delivered,5,3
2285,4a3838f7900944df995fa4452cfa2abd,3,20180101,462,438,1827,27.18,8.5,delivered,5,3
2286,5463b1dad8134afbb63b13d49db83d9e,1,20180104,462,49,4750,119.71,24.85,canceled,1,5
2287,0ab3b9525d004965a13e3c77ae010ddc,1,20180119,462,33,2800,291.67,57.77,delivered,5,20
2288,50168ce7aca348ed93c9e3c559155306,1,20180124,462,44,4414,82.95,9.67,delivered,5,25
2289,d323eb641463413186dca99031bd9a08,1,20180512,463,116,1903,93.59,8.5,delivered,4,6
2290,d323eb641463413186dca99031bd9a08,2,20180512,463,464,1903,50.64,10.54,delivered,4,6
2291,daad6cd2f508412cb7f93a83ca2b15a1,1,20180606,463,342,3890,53.28,8.5,delivered,5,30
2292,cc02660f13be492d880406883158a421,1,20180509,463,488,3660,143.5,19.12,canceled,5,3
2293,f51a32c2c3524e73937bca6e96746516,1,20180525,463,300,3495,142.47,25.63,delivered,2,19
2294,f51a32c2c3524e73937bca6e96746516,2,20180525,463,335,3495,40.31,8.5,delivered,2,19
2295,b4a5e9fb58dd48aa831a3b9e82833d8c,1,20180614,463,214,3004,72.24,8.5,delivered,1,39
2296,c9913ffab05545939a472ae16f3ba461,1,20171104,464,492,2571,37.22,8.5,delivered,4,27
2297,81720f038a9e4bf5b2b58db479ab91c3,1,20171109,464,349,3168,134.77,20.67,delivered,5,32
2298,60a8e69c3f564068b2ec1336c1e72c7a,1,20171019,464,436,167,46.97,8.5,delivered,5,11
2299,3800db1817cc4e5c840a84f27c675d97,1,20171030,464,328,4266,251.25,30.28,delivered,5,22
2300,9f138c027a2b4277b52ab4504dcdaf9e,1,20171030,464,204,3219,49.19,8.5,delivered,5,22
2301,9f138c027a2b4277b52ab4504dcdaf9e,2,20171030,464,9,3219,96.33,19.2,delivered,5,22
2302,475aaa281eae461a837aa69de7df3637,1,20171018,464,81,344,65.03,11.98,delivered,5,10
2303,2a71be7bb628419fa998be6a34e5a4ac,1,20171020,464,359,117,30.55,8.5,delivered,5,12
2304,192d4685c362410f8a0a85bcf5562a4f,1,20171022,464,401,403,89.64,18.29,delivered,5,14
2305,8df76e4fc6c64b6781ab7acd83519da3,1,20171019,464,47,4678,554.03,77.92,delivered,5,11
2306,8df76e4fc6c64b6781ab7acd83519da3,2,20171019,464,123,4678,159.74,18.46,delivered,5,11
2307,3da1d5e8705e4db292f3864e0a396ae4,1,20171023,464,366,1874,44.64,9.51,delivered,4,15
2308,9408337e2dca41aa929ea5376cb647f0,1,20171009,464,221,3376,132.21,13.89,delivered,5,1
2309,2d01c45d04f84dd393a1a12941d30e91,1,20171122,464,157,2246,117.13,10.56,delivered,4,45
2310,8746fcf736854f8e9d46e34d513831dd,1,20171023,464,468,2714,63.05,13.22,delivered,5,15
2311,8cf4aef15f79478cb21b9b03398aa7a6,1,20171211,464,39,1334,76.25,14.25,delivered,5,64
2312,8dfa6e16e30a4b039695b21e61229edd,1,20171224,464,219,4190,53.41,8.5,delivered,5,77
2313,508eead901304e3997525bf024fe5dcf,1,20170811,465,405,359,64.61,8.5,delivered,5,12
2314,4babaa7620af433388cec341c453f2b7,1,20170731,465,10,2427,100.06,16.93,delivered,4,2
2315,1dfe223699a5409ea8de63687991c051,1,20170712,466,425,2749,65.1,10.99,delivered,5,1
2316,ce3def0d8ef14a50b358535818ed48f7,1,20171110,467,38,1099,83.79,18.02,delivered,4,56
2317,ce3def0d8ef14a50b358535818ed48f7,2,20171110,467,214,1099,121.94,16.39,delivered,4,56
2318,ce3def0d8ef14a50b358535818ed48f7,3,20171110,467,252,1099,20.53,8.5,delivered,4,56
2319,65ac29733b154687844a6f3a34172a2f,1,20171218,468,466,3856,166.61,15.11,delivered,5,48
2320,8e774ebef6ba4e7c98c890c6a8c9c3bf,1,20171101,468,79,1456,68.93,14.17,delivered,4,1
2321,d2d774ec85cc436fbf5e1bdcf5a7025e,1,20171125,468,434,2180,63.31,12.47,delivered,5,25
2322,0f34b27eaf254d76b910a06a2137ada2,1,20171108,468,352,555,45.54,8.5,delivered,5,8
2323,9960355057724b5db56f06ea03ed2e2c,1,20171104,468,87,4226,23.67,8.5,delivered,4,3
2324,422cb55b090c442bb4d8ca18ecea9b55,1,20171116,468,223,250,78.44,11.16,delivered,4,16
2325,522eff14114c49bc934ad59e54dac356,1,20171114,468,337,2784,114.07,12.31,delivered,5,13
2326,1e8e689c5ab347cb8524f051696f3c5d,1,20171105,468,295,661,39.15,8.5,delivered,5,5
2327,31efe99185f944d3ad715f02e91876bf,1,20171107,468,471,541,127.81,24.53,delivered,2,7
2328,f43e11af96a247da9bee98cd73f08b80,1,20171122,468,3,4744,157.51,30.7,delivered,5,22
2329,98b16adc0fcc4b54b38f9484690d0859,1,20171102,468,403,4497,158.04,27.1,delivered,5,2
2330,daf02d21a82349b29563a6005e20d7ff,1,20171125,468,182,4805,106.91,10.63,delivered,3,25
2331,61dde3bddac94b27ab9d8adfdf771d4e,1,20171122,468,498,4486,24.82,8.5,delivered,5,22
2332,f916b36ed5ae452483201952b344e230,1,20171114,468,495,3524,108.74,9.39,delivered,5,13
2333,9a980a89033540c797ef47a9adb0f9c2,1,20171114,468,365,3910,63.35,8.5,delivered,4,14
2334,da2f2fd78ff8430fa4792245dc75dca0,1,20171113,468,28,4922,301.0,34.49,delivered,5,13
2335,2c2e9fbf33b143d1a988d4bb27fedc2e,1,20171112,468,250,376,157.24,18.1,delivered,5,12
2336,cf65bf33d05549c3a7d6bc5ad420ba46,1,20171101,468,259,1964,77.33,16.58,delivered,2,1
2337,cd2041074aa34f4f93754e1e43cad31b,1,20171126,468,202,1901,36.64,8.5,delivered,5,26
2338,e9cc9464ff8249339401513fd4d021c6,1,20171129,468,80,4785,36.53,8.5,delivered,5,28
2339,a96b7fca4676487386c0dfa64de510f6,1,20171104,468,14,157,51.56,8.5,delivered,5,4
2340,46b857cc6ae1453fb2111be790dbec70,1,20171213,468,336,2356,321.3,36.76,delivered,5,43
2341,46b857cc6ae1453fb2111be790dbec70,2,20171213,468,66,2356,141.97,23.1,delivered,5,43
2342,46b857cc6ae1453fb2111be790dbec70,3,20171213,468,24,2356,95.63,14.55,delivered,5,43
2343,8f87245e16ea409a92f7cbb9a3f5d7ec,1,20171122,468,480,469,47.13,8.5,delivered,5,22
2344,8f87245e16ea409a92f7cbb9a3f5d7ec,2,20171122,468,438,469,100.47,15.01,delivered,5,22
2345,051022adc35f4c55a606b0c9f468935d,1,20171107,468,61,4789,75.76,11.97,delivered,5,7
2346,59ecb08c3f6a42e99364b1a601d41376,1,20171107,468,31,4000,111.25,18.47,delivered,5,7
2347,3f505fe707974e8aa4c284c269507751,1,20171103,468,294,2367,52.48,9.27,delivered,4,3
2348,7ccbf7bd230c43f8ab81a241e6ec6d1f,1,20171129,468,482,3864,43.81,8.5,delivered,5,29
2349,6e945ad9c5464d0c83c23b117786a636,1,20171110,468,183,1642,251.32,33.99,delivered,5,10
2350,eb95c7870e7a43a1bb299455b6e62906,1,20171101,468,478,3246,174.55,25.86,delivered,5,1
2351,eb95c7870e7a43a1bb299455b6e62906,2,20171101,468,107,3246,151.18,22.23,delivered,5,1
2352,776f68c5453942c2b9ae9a6ade1fd98a,1,20171025,469,485,3100,136.35,11.0,delivered,5,32
2353,2f9e12728d824ca9b32360e58c9fe388,1,20171029,469,30,3226,235.4,44.13,delivered,1,36
2354,c87a79397ccf47c5b5d5f117cc12402e,1,20171210,469,286,849,273.53,25.93,delivered,5,78
2355,b8d85d0a46264b78ac4b75c7b46a1474,1,20171115,469,108,3575,49.57,8.5,delivered,3,53
2356,7d8b78b5222045fdb29dc0a38b7e4a1b,1,20171108,469,348,1088,155.17,32.92,delivered,4,46
2357,3d3723c2ba46435e9fd711a54ebb1efe,1,20171023,469,127,2508,132.8,25.01,delivered,5,30
2358,3d3723c2ba46435e9fd711a54ebb1efe,2,20171023,469,60,2508,69.72,9.5,delivered,5,30
2359,a043330e365e4705b902717ccfa91482,1,20171002,469,169,4979,50.35,8.5,delivered,5,9
2360,e1bed0fe40504788a833661aa5be3d62,1,20171003,469,215,1085,11.17,8.5,delivered,3,10
2361,ce11b3b83c8d49a2ab3cc6d4feb3b51f,1,20171215,469,205,809,29.79,8.5,delivered,4,83
2362,ce11b3b83c8d49a2ab3cc6d4feb3b51f,2,20171215,469,36,809,177.8,25.67,delivered,4,83
2363,10416e18963c452da74e84b7b3e28482,1,20170713,470,174,4535,153.78,17.56,delivered,1,10
2364,0bd12f23b5e8479b9dbc550734d41be2,1,20170715,470,118,1284,81.66,15.17,delivered,5,12
2365,522c521d2c4d40e5ba9be67945d4e5db,1,20180228,472,124,1714,316.76,51.92,delivered,1,17
2366,55c42eb13faf4ac099e11c617ca40a10,1,20180302,472,276,343,205.77,44.74,delivered,4,19
2367,5acded29eebe4c8382c031cf345e61ed,1,20180216,472,429,4916,59.15,8.61,delivered,5,5
2368,699e80f99ef74d58b4e3364a39b80133,1,20180315,472,131,248,30.34,8.5,delivered,4,32
2369,96715b0a4e104176bba95a424612c0a6,1,20180212,472,373,3730,82.13,12.2,delivered,5,1
2370,eeb7cb0573874b7dbc0ffb4c2f59961d,1,20180301,472,488,303,157.69,26.21,delivered,5,18
2371,eeb7cb0573874b7dbc0ffb4c2f59961d,2,20180301,472,295,303,34.72,8.5,delivered,5,18
2372,b469ea146c14438eb3d29ca0d1717a33,1,20180219,472,187,556,67.79,13.23,delivered,5,8
2373,b469ea146c14438eb3d29ca0d1717a33,2,20180219,472,200,556,140.76,30.51,delivered,5,8
2374,5ce2c2c382584f35bce95473488a8700,1,20180227,472,313,3927,155.34,20.8,delivered,5,16
2375,74d9358a936f4f6bad3194f8e2e7b14e,1,20180301,472,241,2055,44.88,8.5,delivered,1,18
2376,121c44be39fa4c749750ac611a0f5be5,1,20180419,472,266,4756,41.54,8.5,delivered,5,67
2377,6fa2fd96ec41428c95a1ee283869e4ef,1,20180315,473,255,898,66.33,14.28,delivered,5,13
2378,260386444b9a4a5b9b9b060f6a3f2d9f,1,20180309,473,243,2277,374.17,74.75,delivered,4,7
2379,121f1f00315144a0867865927bed6679,1,20180418,473,234,4120,114.93,19.84,delivered,5,47
2380,730e9e12bd80412ea2a9b735965b249c,1,20180416,473,199,4721,114.56,14.3,delivered,5,45
2381,3bf6676adc444bb9a92ae09287d76f96,1,20180218,474,158,1898,38.92,8.5,delivered,5,24
2382,665b6e2a33944fada103da7b9e914580,1,20180131,474,226,2161,68.28,14.99,delivered,2,6
2383,0d3d7102e5f24589b30d0d0a0be0bf39,1,20180219,474,168,905,313.53,60.6,delivered,5,25
2384,0d3d7102e5f24589b30d0d0a0be0bf39,2,20180219,474,356,905,48.24,8.5,delivered,5,25
2385,f642d75bc18b4723a4f11b2fb4c54418,1,20180303,474,431,1177,277.41,26.76,delivered,5,36
2386,423652451657401e942156685aff6954,1,20180207,474,467,4375,225.28,38.48,delivered,5,12
2387,423652451657401e942156685aff6954,2,20180207,474,133,4375,141.28,22.72,delivered,5,12
2388,423652451657401e942156685aff6954,3,20180207,474,345,4375,156.53,25.29,delivered,5,12
2389,46970fa8af21424ab8a31a75a71a2226,1,20180203,474,369,4341,22.92,8.5,delivered,5,9
2390,88d0564b127c4634a82a2430bb2dd84f,1,20180201,474,117,1584,228.92,20.29,delivered,4,7
2391,6fa3ed2cb23245dea8383d583787da64,1,20180301,474,64,3734,159.61,24.6,canceled,5,35
2392,b181f8e169f84edb90f2fb94c430cb3a,1,20180111,475,253,3306,78.32,15.27,delivered,5,11
2393,33d63a33c9a84be5bf0d6bbb6152ab2f,1,20180101,475,364,2093,300.81,62.89,delivered,5,1
2394,700465ea009d4b8090b426acb72809e5,1,20180205,475,31,2503,106.4,19.63,delivered,5,36
2395,4535cb0ebdc4449bb6e61c270952bb47,1,20180102,475,24,3642,43.06,8.5,delivered,3,3
2396,ef741e74589340a2ba5af5cfe9a1bc8b,1,20180212,476,228,3464,148.39,27.84,delivered,5,1
2397,ef741e74589340a2ba5af5cfe9a1bc8b,2,20180212,476,311,3464,79.56,11.78,delivered,5,1
2398,3e61d8d8fe23476492524154ede55fac,1,20180307,476,288,1322,45.07,8.5,delivered,5,23
2399,403fe937f9a04c84abca7f4bbee0c023,1,20180217,476,381,1261,62.04,8.5,delivered,4,6
2400,403fe937f9a04c84abca7f4bbee0c023,2,20180217,476,302,1261,65.42,11.75,delivered,4,6
2401,f440ff06210a4964bec93beae1cac428,1,20180215,476,471,942,147.67,24.15,delivered,3,4
2402,f440ff06210a4964bec93beae1cac428,2,20180215,476,354,942,26.22,8.5,delivered,3,4
2403,491c1fe07adb4ae88ea168f4c97ceba7,1,20180308,476,376,2636,73.33,15.51,delivered,1,25
2404,3576feb457b642d6ba8a1b989b66b656,1,20180320,476,466,1994,94.25,8.5,delivered,2,36
2405,8c77e85946044bf98520ab60f6aabab7,1,20180204,478,357,1537,140.0,14.0,delivered,4,26
2406,f821c22df017408d9a27d785a5b915fd,1,20180117,478,286,4060,42.85,8.5,delivered,5,8
2407,b1eb35c619a64f48960a071a7b23b038,1,20180126,478,476,876,15.39,8.5,delivered,5,18
2408,1394ba9fb9f347e381dd4196868f1688,1,20180128,478,194,502,69.57,14.86,delivered,5,19
2409,d29eb8ec43cc4009824f45ac5601608a,1,20180113,478,461,2405,97.09,9.12,delivered,5,5
2410,0fbdcd5bd96f4e3dbfd66842950b06f6,1,20180225,478,246,3809,81.26,15.33,delivered,4,47
2411,fe5f98a355644486a6b906953a81b9f8,1,20180129,478,295,906,110.81,24.27,delivered,3,20
2412,3332467f92f640978393dc48c119c99b,1,20170831,479,380,3597,122.58,26.24,delivered,5,69
2413,3fad9f80065c40f995b11ab4efb1f977,1,20170625,479,235,2422,41.68,8.5,delivered,5,2
2414,dfe3b36f2d6541d19b53d5bab353b69b,1,20170624,479,323,1726,52.55,8.5,delivered,3,1
2415,dfe3b36f2d6541d19b53d5bab353b69b,2,20170624,479,466,1726,101.14,18.28,delivered,3,1
2416,b7c82e14f65149f9b796152c5503e64d,1,20170705,479,435,1110,256.92,52.34,delivered,5,12
2417,17d4eebde99e482e9ee5ef1ece965cc9,1,20170706,479,487,2849,63.51,8.5,delivered,4,13
2418,c99b6d8fb21747bdbe0b8f1736d21c20,1,20170708,479,159,547,112.96,24.78,delivered,5,14
2419,c99b6d8fb21747bdbe0b8f1736d21c20,2,20170708,479,140,547,87.29,17.81,delivered,5,14
2420,da4efee6735a43e4ba357e44495005b4,1,20180510,480,197,3429,191.27,36.91,delivered,2,6
2421,b34b3a1f0e5a48928e423f4fc12ced80,1,20180612,480,11,1673,286.65,38.61,delivered,4,39
2422,366b95a424ce4c659de224e1fe664971,1,20180507,480,417,2875,46.68,8.5,delivered,4,3
2423,366b95a424ce4c659de224e1fe664971,2,20180507,480,467,2875,75.5,8.5,delivered,4,3
2424,fcbe8d64484749c8a1b41585aa6602ad,1,20170924,481,443,3861,55.18,8.5,delivered,3,1
2425,71db889cab48460a8284592d43a9604c,1,20171029,481,208,3145,48.1,10.38,delivered,5,36
2426,6da1fc6e2570423782b805d5c2f4c64b,1,20170925,481,326,2657,95.95,10.08,delivered,4,2
2427,0337fb98bef04f23a1bebc634e06eeba,1,20170927,481,114,3375,60.21,8.5,delivered,5,4
2428,8f6a49faf4654047bfba4d84389d50af,1,20171026,481,282,3559,69.9,12.1,delivered,5,33
2429,8944bc0a37c74e969a93a73e6770ea14,1,20171009,481,17,556,42.64,9.1,delivered,4,16
2430,a5b79665696a4483b56e006f4fd574f7,1,20171005,481,194,1531,137.44,25.92,delivered,2,12
2431,98f4f0d4d852421d9bf570d75a4b8b3a,1,20171002,481,183,4589,18.67,8.5,delivered,5,9
2432,f43001c1797f47a08351f393aabef348,1,20171012,481,62,3349,60.25,8.5,delivered,5,19
2433,6878560cc3a447e3ba0190b4802976b5,1,20170928,481,187,2994,121.46,26.11,delivered,5,5
2434,31677d7cdc2a419f9e99fdea5d35969a,1,20171007,482,205,3060,75.12,11.6,delivered,5,8
2435,9016165a60fe41eda6bd885be00173ca,1,20171018,482,176,759,82.93,17.41,delivered,4,20
2436,888ac8761cfd4d17becdf7492efae135,1,20171017,482,306,2605,38.06,8.5,delivered,5,19
2437,e0bf99ca0ea34205af961f36461fc3c8,1,20171005,482,18,2570,248.39,33.19,delivered,5,7
2438,8378be53d3464cbf8848b1b35a6dd347,1,20180612,483,45,2834,66.25,9.78,delivered,3,71
2439,8378be53d3464cbf8848b1b35a6dd347,2,20180612,483,390,2834,41.56,8.86,delivered,3,71
2440,b3b338e9ea7b4fb7bdab12581215c7d0,1,20180409,483,103,619,199.1,29.16,delivered,5,7
2441,f07e9c5a160a4b16911cd9349a238729,1,20180413,483,428,2741,80.72,17.52,delivered,4,11
2442,f07e9c5a160a4b16911cd9349a238729,2,20180413,483,233,2741,88.06,16.94,delivered,4,11
2443,8ba697445daf428dbb27b9c2f6c77a4b,1,20170907,484,11,2739,389.33,67.61,delivered,4,22
2444,c5c49d2fd38d4232a2786b81ffee36e4,1,20170922,484,481,1307,90.84,10.69,delivered,5,37
2445,8ba9e9df6a154748ac652599d33ccd11,1,20170821,484,40,2272,69.57,8.68,delivered,4,5
2446,06bb67376d15490f8bec0255713caa68,1,20170904,484,66,2034,80.3,15.94,delivered,2,19
2447,56e5e39afbcb4667ae52d77695e8948b,1,20170817,484,262,321,35.03,8.5,delivered,4,1
2448,a9fb3dfd189d49ffa43e82a7b80efd71,1,20170923,484,56,2210,18.66,8.5,delivered,3,38
2449,57a87ec09fcb4b2d91868ead22507602,1,20170831,484,23,4575,21.84,8.5,delivered,4,15
2450,57a87ec09fcb4b2d91868ead22507602,2,20170831,484,285,4575,64.91,10.66,delivered,4,15
2451,57a87ec09fcb4b2d91868ead22507602,3,20170831,484,496,4575,92.68,15.96,delivered,4,15
2452,bf9d12209c3548eab59533d7e77d29bc,1,20170907,484,392,2475,74.29,15.48,delivered,3,22
2453,2d45f2127a934c8f8bd26562a089de27,1,20170908,484,250,3292,28.85,8.5,delivered,5,23
2454,259556660c6a4b12ab3d6c1c12ca58bb,1,20170819,484,166,117,52.9,8.5,delivered,2,3
2455,4f51e24862ea44f587e7a029d64c0d56,1,20170820,484,62,4161,20.2,8.5,delivered,3,4
2456,d879fba213d748e29ebb3bb9304b426f,1,20170906,484,175,2316,37.85,8.5,delivered,4,21
2457,42f075bb7ca04e869901d9eeaed6acd9,1,20170926,484,114,2778,8.04,8.5,delivered,5,41
2458,b3d3411266354371a9b5f393662440e6,1,20170909,484,95,4836,24.72,8.5,delivered,1,24
2459,9f689ac991cd4ec99d00256c3e132b93,1,20180402,485,213,797,173.81,27.74,delivered,4,51
2460,9f689ac991cd4ec99d00256c3e132b93,2,20180402,485,215,797,243.48,20.23,delivered,4,51
2461,9f689ac991cd4ec99d00256c3e132b93,3,20180402,485,71,797,151.11,32.41,delivered,4,51
2462,77f43613d1ff49f2baf68a673252c3f8,1,20180215,485,425,2381,117.01,16.27,delivered,3,5
2463,dc3b6db5f0db4a7c9792428259a91e93,1,20180218,485,362,4143,209.45,36.85,delivered,4,8
2464,48c35837fcc045868a0f9e47988fa45f,1,20180312,485,204,4291,113.4,21.41,delivered,4,30
2465,aad4cb2119a341aa9ddc9a239663ca1a,1,20180215,485,422,2192,21.09,8.5,delivered,5,5
2466,19e820c2c39c4ee68f6c5442384fde47,1,20180217,485,434,2630,95.51,9.94,delivered,5,7
2467,b2028a4de6d349759adfed9940d3a4f4,1,20180309,485,115,1218,34.8,8.5,delivered,3,27
2468,cadceb58657e45fb97a506586211072a,1,20180218,485,182,3027,126.5,18.89,delivered,5,8
2469,ed36b7733e9b422c8a87d311d5a41b1a,1,20180308,485,436,3201,54.28,10.88,delivered,4,26
2470,90093e5ec4de424bb5b43202df733c78,1,20170630,486,320,186,13.13,8.5,delivered,3,4
2471,31e81e95ac924689b29d77cf0d08ca3b,1,20170701,486,346,1927,50.13,9.3,delivered,5,5
2472,202b06575f2642129a6bd4ee54047204,1,20170811,486,21,3260,45.8,8.5,delivered,5,46
2473,a6c41ce4fd1846d48ec117508fd3f847,1,20170713,486,394,2646,135.86,13.29,delivered,5,16
2474,e02cb75715204fadbfd5a1e60015e979,1,20170714,486,458,3865,121.32,22.06,delivered,1,18
2475,a284ec46000446c987010c3f800f9c2f,1,20170716,486,212,2087,11.53,8.5,delivered,1,19
2476,2a62a8e81d634255ae09340539772a0f,1,20170821,486,251,2983,75.65,8.71,delivered,5,55
2477,2452629040f84133a9b23f251d4de9d2,1,20170701,486,353,4129,31.74,8.5,delivered,4,5
2478,2452629040f84133a9b23f251d4de9d2,2,20170701,486,259,4129,168.89,18.24,delivered,4,5
2479,c91485626174426890a2274aa8163eaa,1,20171108,487,189,297,128.81,15.2,delivered,4,3
2480,35d11cdcf09b46b7b8ad75a080314dcc,1,20171202,487,181,3882,23.84,8.5,delivered,5,27
2481,35d11cdcf09b46b7b8ad75a080314dcc,2,20171202,487,476,3882,114.54,17.34,delivered,5,27
2482,95d7f2441c334151b0dfd45080ecd5ad,1,20171115,487,191,3551,200.07,26.67,delivered,4,10
2483,770e8a5944224157bedef966995bee28,1,20171107,487,213,3035,118.08,22.84,delivered,5,2
2484,46cec0b7b99045b481259e8d33f94245,1,20171106,487,213,1338,41.84,8.5,delivered,5,1
2485,1187f4305c664a4da9d58ecc4c5d4e20,1,20170927,490,464,3851,134.77,15.58,delivered,4,12
2486,b88d166bbadc4f61b7ad6b4bc24db8bb,1,20170925,490,495,4976,71.36,9.1,delivered,4,10
2487,ab3dc89e2eda4b86b9d063075b672448,1,20171123,490,458,269,24.72,8.5,delivered,5,69
2488,df6c8cebcfe44f15a2a7289d0defbda5,1,20171007,490,499,4073,75.18,8.5,delivered,3,22
2489,009f6e53a9bd41c0995abb93803a8822,1,20170926,490,69,2427,53.35,9.86,delivered,4,11
2490,e03e8b8fcd224d22a88ad527d2b7aef8,1,20170926,490,342,3726,225.43,24.77,delivered,5,11
2491,71db084a2e2744d1bfeb6ee799149c40,1,20170917,490,16,2022,18.59,8.5,delivered,2,2
2492,dc9e03d52dbc4a2f899fb77f09def786,1,20171125,490,221,1014,49.76,9.82,delivered,5,71
2493,ffbbff43fe724ee182e8234353a116ad,1,20170924,490,455,4695,24.54,8.5,delivered,5,9
2494,d472eb2fad724dd29d5314bdd25185e7,1,20171010,490,325,3856,33.68,8.5,delivered,3,25
2495,ff32cd382d2e4635b52bf1871ea54649,1,20170919,490,152,652,70.86,8.5,delivered,3,4
2496,804e5618fe61456596bab20091c9b7d1,1,20170923,490,240,2051,61.61,12.23,delivered,4,8
2497,0fb997173c8944748908fd2e3a6ae903,1,20180222,491,329,147,18.53,8.5,delivered,4,93
2498,e7345a1569a248a6bce6f94dd07be243,1,20171226,491,97,2833,57.42,11.56,delivered,5,35
2499,119da75fd098406e9a0cd979408cdf18,1,20171129,491,303,1092,164.03,18.31,delivered,5,9
2500,d795a0abec314f0c9ab86f64c3773bb1,1,20171129,491,454,2161,297.4,55.61,delivered,5,9
2501,6ddea173615f42d1b9d44a4840c9489e,1,20171109,492,130,1487,59.83,8.5,delivered,5,37
2502,82d634c3ac6f47b99397a8642b818b57,1,20171014,492,412,1351,62.16,9.51,delivered,3,12
2503,044383a872a949f68d7d5589857ae1ad,1,20171126,492,270,764,68.35,8.5,delivered,4,55
2504,b704eb2454bf48a498f52d98c04a44cf,1,20171017,492,118,3101,75.78,12.24,delivered,5,14
2505,a2cb9ed69c9a4ad8b55fcd5257a289b9,1,20171024,492,448,4008,97.79,11.9,delivered,1,21
2506,5fbd252b307946b3a1af5d9598f6f6ef,1,20171203,492,321,3786,34.25,8.5,delivered,5,61
2507,5fbd252b307946b3a1af5d9598f6f6ef,2,20171203,492,301,3786,57.37,10.79,delivered,5,61
2508,3f3ab97abfe4432882e96a7e9cfec8c7,1,20171107,492,160,4121,41.22,8.5,delivered,3,35
2509,3f3ab97abfe4432882e96a7e9cfec8c7,2,20171107,492,244,4121,261.1,22.93,delivered,3,35
2510,566cd28bccfe444ca3250dd9ea64dbf2,1,20171006,492,91,2003,43.14,8.5,delivered,1,3
2511,a9701ae5213848d5affc89a3317ebc7a,1,20171004,492,159,448,37.81,8.5,delivered,3,2
2512,56eb48354e184de483bcd681d072f3cc,1,20170810,494,383,4851,37.8,8.5,delivered,4,5
2513,549fca1ffd1a4c07b564b8b7372089b1,1,20171106,495,265,560,33.49,8.5,delivered,5,42
2514,678d6a9419454ab69196886dd7205a6a,1,20171022,495,167,643,88.85,14.8,delivered,5,27
2515,6ae44993cd2a4f06af170a60e3d6bf39,1,20171001,495,498,4799,348.4,31.03,delivered,5,6
2516,6ae44993cd2a4f06af170a60e3d6bf39,2,20171001,495,365,4799,260.16,41.22,delivered,5,6
2517,6ae44993cd2a4f06af170a60e3d6bf39,3,20171001,495,384,4799,94.08,13.3,delivered,5,6
2518,8040318f222c49c4a98fd7b87bdf3525,1,20171009,495,144,424,167.3,24.17,delivered,5,14
2519,4ea8d46c9f3043cabe4ebc522ba6c4ff,1,20170930,495,206,4678,58.3,10.17,delivered,5,5
2520,820e26df67884348a8d5c8a9c900e220,1,20170927,495,484,2393,152.9,25.55,delivered,5,2
2521,820e26df67884348a8d5c8a9c900e220,2,20170927,495,253,2393,72.59,12.71,delivered,5,2
2522,e5df867f4e154f71a5e1dd20b3f25bdd,1,20171012,495,79,4539,230.34,44.55,delivered,4,17
2523,e5df867f4e154f71a5e1dd20b3f25bdd,2,20171012,495,407,4539,41.6,8.5,delivered,4,17
2524,916ae2fa1af34fc79e0a22a17f849e27,1,20171001,495,50,1011,36.04,8.5,delivered,3,6
2525,916ae2fa1af34fc79e0a22a17f849e27,2,20171001,495,92,1011,368.02,55.44,delivered,3,6
2526,de1d764cc24a41f4bebc02d11dc38c1c,1,20171022,495,94,4884,128.14,15.99,delivered,5,27
2527,2db5ebf5781c472aa3b9ad160e70d9c9,1,20171112,495,56,2649,147.67,17.05,delivered,3,48
2528,a4ca628774cf4fe5a2370d2775a36cb1,1,20171010,495,324,3257,53.99,9.59,delivered,5,15
2529,18e6036e7951421d90803a6ca37b158c,1,20171006,495,136,65,43.37,8.5,delivered,5,11
2530,a7f8a9043d9449b7ae2f452a10429eb1,1,20170928,495,81,3963,60.23,10.37,delivered,3,3
2531,a7f8a9043d9449b7ae2f452a10429eb1,2,20170928,495,248,3963,95.5,19.11,delivered,3,3
2532,07e0ac20b93c4a72ace7effd339e1b26,1,20171015,495,361,3229,101.07,17.41,delivered,3,20
2533,ad4b20d653f1402dbfdf0bf83c7846a6,1,20171017,495,487,1626,190.96,41.85,delivered,5,22
2534,a852ebc04cdd4c42af75943363e781e0,1,20171002,495,80,1019,43.76,8.5,delivered,4,7
2535,a852ebc04cdd4c42af75943363e781e0,2,20171002,495,33,1019,17.79,8.5,delivered,4,7
2536,a852ebc04cdd4c42af75943363e781e0,3,20171002,495,112,1019,76.67,15.41,delivered,4,7
2537,df56e9ead85a424782db793048c1590a,1,20170930,495,484,1926,147.52,20.72,delivered,4,5
2538,35148d7c8a744a5a9931c4989ddeded2,1,20180127,497,109,3966,34.11,8.5,delivered,4,44
2539,37c6f2f18aef4ea5ab0c5a4ad2c00b3b,1,20171221,497,166,2743,49.65,8.5,delivered,4,7
2540,43910c047c5349cd8ce4a5e461932e5a,1,20180108,497,303,2454,48.97,8.5,delivered,5,25
2541,43910c047c5349cd8ce4a5e461932e5a,2,20180108,497,48,2454,12.33,8.5,delivered,5,25
2542,b35a234311284eaab00680134406fd19,1,20180422,499,322,615,331.68,35.0,delivered,5,5
2543,9e2be1d3743b47c3bcad17c2f5b4c0c6,1,20180613,499,306,700,52.09,8.5,delivered,4,57
2544,65cdf3a5e58a4733bb36b796be6c8e74,1,20180420,499,310,3220,194.26,36.29,delivered,5,3
2545,57b82750cf7d4b36a422c899dcd4dd0f,1,20180515,499,47,1242,29.85,8.5,delivered,4,28
2546,804cfded75f741abb996e773eb312b3b,1,20180422,499,217,1887,56.32,8.5,delivered,5,5
2547,804cfded75f741abb996e773eb312b3b,2,20180422,499,415,1887,54.93,8.5,delivered,5,5
2548,8107dad5e7584443988defa99a91ca80,1,20180501,499,199,1259,32.18,8.5,delivered,2,14
2549,4ee0fd1ba005461b83e4d46ff54ab4a3,1,20180423,499,229,2969,48.5,8.82,delivered,5,6
2550,366bcdbd706a4d6cbb19d1ab283f1357,1,20180504,499,6,1695,56.94,8.5,delivered,5,17
2551,c495d3b5c43c46949e6437acd21ea59a,1,20180512,499,353,4090,41.98,8.5,delivered,5,25
2552,c495d3b5c43c46949e6437acd21ea59a,2,20180512,499,305,4090,320.56,39.0,delivered,5,25
2553,7a2c25ccd3684627b92b3c35a9ea792a,1,20180530,499,384,2196,37.92,8.5,delivered,1,43
2554,a8a4f467f3cc46f19040d207b80f8c8a,1,20180504,499,313,3104,114.51,20.35,delivered,5,17
2555,4d3bee1dd99149d8896dfd512bb2b553,1,20170804,500,203,1938,129.77,13.58,delivered,5,38
2556,f1aeceac91cf4f1fb32222fee3531dbd,1,20170628,500,131,3232,290.41,32.3,delivered,5,1
2557,dd25a764d7a04ed2a9978b28a6d4617c,1,20170706,500,310,2609,100.85,19.88,delivered,5,8
2558,dd25a764d7a04ed2a9978b28a6d4617c,2,20170706,500,202,2609,123.59,25.26,delivered,5,8
2559,0c7a3b3f3105490c9cea56456059d75d,1,20170718,500,202,136,101.13,10.93,delivered,4,21
2560,d6076f353f94444c957b4590efdd0d92,1,20170711,500,40,441,31.1,8.5,delivered,5,14
2561,d6076f353f94444c957b4590efdd0d92,2,20170711,500,29,441,50.74,8.5,delivered,5,14
2562,3a8302e254d94101989a8c223ced630c,1,20170704,500,56,2462,187.71,17.39,delivered,5,7
2563,3a8302e254d94101989a8c223ced630c,2,20170704,500,380,2462,84.44,14.49,delivered,5,7
2564,4724e68c4e264503b5bb35413f23fc16,1,20170807,500,187,2019,193.96,40.8,delivered,5,41
2565,a4e69cf063864d35b1981e1f50ff616c,1,20180415,501,384,4880,81.17,12.68,delivered,5,20
2566,d3aa6fa8dfd440febd1526d9ccdeb67e,1,20180412,501,172,3841,38.79,8.5,delivered,4,17
2567,d3aa6fa8dfd440febd1526d9ccdeb67e,2,20180412,501,265,3841,166.84,27.19,delivered,4,17
2568,e766b44688a34862940b496e17af2179,1,20180516,502,301,731,188.86,39.43,delivered,5,2
2569,e766b44688a34862940b496e17af2179,2,20180516,502,197,731,33.52,8.5,delivered,5,2
2570,3a7535e0298d4687b47b5f45934842fd,1,20180702,502,94,2396,120.23,26.01,delivered,1,49
2571,077d78602e904da188fe1f6b0472914f,1,20180528,502,294,407,70.05,8.5,delivered,5,15
2572,bd9e9b56950747b091972da3040ebdfe,1,20170903,503,293,1055,47.12,8.5,delivered,4,16
2573,a909ea0ceb0c468782e152eb6b605260,1,20170825,503,128,162,16.64,8.5,delivered,1,6
2574,08656fd80e694cc4b9b7c93d71d7c1fc,1,20170822,503,43,2947,98.12,17.37,canceled,5,4
2575,ca8bd4a42110480eb9579968ff6f9e34,1,20170919,503,321,2179,190.56,32.48,delivered,4,31
2576,633dfb57df154a8db4f486c6bccf73ed,1,20170908,503,386,2894,85.04,8.5,delivered,4,20
2577,e955fe2881b148e4a737166d3f297238,1,20180118,505,81,2753,27.35,8.5,delivered,3,4
2578,cd62ef5b58674706a0f7e135af274497,1,20180122,505,166,1063,182.79,28.86,canceled,3,8
2579,98925eb04fad40db92d4076dd8524ec6,1,20180118,505,78,1598,108.23,20.29,delivered,5,3
2580,7494285f08ff48a2bd87ed59039f9647,1,20171117,506,183,1826,413.36,88.08,delivered,5,128
2581,cd8066f8f8e4476d81def3ea85c5382d,1,20170801,506,372,4079,150.98,30.97,delivered,5,20
2582,0d24dc65eb7f42e2b857d40eddb6c27d,1,20180123,507,483,3359,48.37,8.5,delivered,5,42
2583,0d24dc65eb7f42e2b857d40eddb6c27d,2,20180123,507,270,3359,101.54,17.57,delivered,5,42
2584,30e11df92130499baa8966bd141c657e,1,20180607,508,185,3379,99.59,12.44,delivered,5,13
2585,30e11df92130499baa8966bd141c657e,2,20180607,508,233,3379,36.01,8.5,delivered,5,13
2586,30e11df92130499baa8966bd141c657e,3,20180607,508,460,3379,106.75,16.31,delivered,5,13
2587,d47cb238b2d445e6bf8c9fcd988bf61a,1,20180527,508,372,1007,7.26,8.5,delivered,4,2
2588,44007e7903f1412aa0cdd91657f653cb,1,20180531,508,379,3934,69.96,8.64,delivered,4,5
2589,44007e7903f1412aa0cdd91657f653cb,2,20180531,508,480,3934,47.18,10.0,delivered,4,5
2590,90f799367cc144b39381a4d2c8f37397,1,20171026,509,7,4448,84.43,10.54,delivered,4,9
2591,60714679939c4eb38085ce38b00fa2b6,1,20171018,509,285,13,167.09,34.18,canceled,5,1
2592,838a1854f811494dbee7534c734e6c49,1,20171025,509,130,4871,62.66,9.4,delivered,5,7
2593,0e1548e3ee3e45e8b5b53ebae570afc5,1,20171020,509,416,1738,43.61,8.5,delivered,4,2
2594,12af1e1541dd44d1993f0d504aa2a170,1,20171203,509,403,1589,34.15,8.5,delivered,5,46
2595,8bd60c28cfb642299d24705d88d47599,1,20171203,509,154,1985,123.98,24.1,delivered,5,47
2596,9d0e3a3070914d33a8f9ca90a5a78189,1,20171020,509,102,4703,98.74,21.07,delivered,5,3
2597,6003f5ff0b5b47099d25e47397b361ad,1,20171026,509,59,3526,73.28,12.18,delivered,1,9
2598,4f9154e992b64d9c9b5b1529b7b36d5c,1,20171118,509,249,5,74.49,8.99,delivered,5,31
2599,ca51c1296fa04bfe99ab5a24f654d566,1,20171111,509,166,2362,124.89,26.84,delivered,5,25
2600,57b979b4621a45c7a80749e341aca03f,1,20171113,509,466,2374,157.09,26.5,delivered,3,26
2601,5ae7e94d874c40abba232568a60b2883,1,20171103,509,14,1070,132.21,22.13,delivered,5,16
2602,dc6df0cef46c40959e3d6f282a7e38af,1,20171018,509,182,4876,25.62,8.5,delivered,5,1
2603,dc6df0cef46c40959e3d6f282a7e38af,2,20171018,509,250,4876,68.46,9.8,delivered,5,1
2604,343dc5126c984b3cbc0b17354803537e,1,20171028,509,385,132,71.02,13.05,canceled,5,10
2605,2894b2f3128748ea831359f95da51af6,1,20171021,509,48,941,158.07,22.36,delivered,5,3
2606,5271f7d69eb54f6bb205e8bb131f0e9b,1,20171106,509,187,1900,116.57,12.67,delivered,5,19
2607,a1798bb2523d40fc9522c78dceaed2cb,1,20171007,510,231,4319,53.28,10.28,delivered,5,2
2608,235389512dfd4c179e4fdef086cb5624,1,20171014,510,58,3709,73.13,14.04,delivered,5,9
2609,235389512dfd4c179e4fdef086cb5624,2,20171014,510,314,3709,131.78,20.42,delivered,5,9
2610,235389512dfd4c179e4fdef086cb5624,3,20171014,510,492,3709,131.24,15.32,delivered,5,9
2611,27865c2990c84b649c30664b45db2fc9,1,20171021,510,164,3565,90.99,9.59,delivered,5,17
2612,8c8d7f5e4e474d69bf60564469c2b36e,1,20171006,510,143,3912,41.68,8.5,delivered,3,2
2613,8af636a756704b5582ef9e91ec1892d8,1,20171030,510,141,1161,202.63,30.83,delivered,4,26
2614,fcd79e93a812449db9368d5df3d02995,1,20171015,510,403,3142,126.81,25.36,delivered,5,10
2615,fcd79e93a812449db9368d5df3d02995,2,20171015,510,318,3142,45.03,8.5,delivered,5,10
2616,90920cd0db804f7ea664bcbc482998d9,1,20171115,510,446,3059,98.61,17.12,delivered,5,41
2617,90920cd0db804f7ea664bcbc482998d9,2,20171115,510,435,3059,231.48,50.06,delivered,5,41
2618,a20c358e66754ba8a3bd27428ad10f3f,1,20171010,510,399,4872,180.05,15.12,delivered,4,6
2619,c881e96ff6a5495c82e2843ac29483cd,1,20171025,510,147,4827,73.75,9.52,delivered,5,20
2620,cb5db762f89145578613c8cdf34dd63b,1,20171007,510,282,1886,48.53,8.5,delivered,3,2
2621,05a318970935452ab61893bab4e3926f,1,20171006,510,115,4648,302.57,35.95,delivered,5,1
2622,05a318970935452ab61893bab4e3926f,2,20171006,510,474,4648,177.86,18.83,delivered,5,1
2623,b8ef740a1d71445e813bbecccee9c997,1,20171020,510,97,3845,122.74,20.3,delivered,3,16
2624,2de76443b2c94bc7979bfad2c1ec6b49,1,20171015,510,104,3330,32.8,8.5,delivered,5,11
2625,eda2276b141d40c8b1eac6b6e5cc3e40,1,20180619,511,344,3870,63.22,9.85,delivered,4,11
2626,8aa655613e6d4fc5ab5780ee069c678f,1,20180628,511,361,4127,92.39,8.94,delivered,5,21
2627,5676e9e8478c4a2ca8ecc551a25a1816,1,20180620,511,251,4304,222.63,41.62,delivered,3,13
2628,1619915f19f043f78db78f991c2a3352,1,20180627,511,75,4131,52.25,9.87,delivered,5,19
2629,1619915f19f043f78db78f991c2a3352,2,20180627,511,403,4131,176.14,25.83,delivered,5,19
2630,75c6cc0cb3f541559c9f88c27f6375f7,1,20180323,512,302,3481,178.61,37.59,delivered,4,32
2631,26a63ec6103f46a189210af957eec006,1,20170914,514,372,4760,39.32,8.5,delivered,5,16
2632,4c43474642bf468cb0288ff54bf0c7df,1,20170915,514,256,3375,23.12,8.5,delivered,5,16
2633,f7464c300d674f55b6eb75d12dd418d2,1,20170908,514,405,2670,142.5,28.94,delivered,5,9
2634,50e3a6e5764c41a99d78d95f90afa8eb,1,20170918,514,24,2273,119.25,16.95,delivered,5,19
2635,236efc1124db461b98a092c4bd9ebfb1,1,20171016,514,459,3275,63.49,13.73,delivered,5,47
2636,c60ded1c5368493c88d24cf9c2bdb837,1,20171013,515,119,142,67.69,12.15,delivered,5,19
2637,c60ded1c5368493c88d24cf9c2bdb837,2,20171013,515,354,142,176.6,37.61,delivered,5,19
2638,d2e03d159c7e4b3b88301f67a0590434,1,20170929,515,82,1211,31.12,8.5,delivered,5,4
2639,d2e03d159c7e4b3b88301f67a0590434,2,20170929,515,198,1211,105.47,11.95,delivered,5,4
2640,d2e03d159c7e4b3b88301f67a0590434,3,20170929,515,171,1211,100.31,16.75,delivered,5,4
2641,8a359f62d61741a2922e74825f012501,1,20170928,515,35,3485,281.64,40.62,delivered,5,3
2642,d5f37eaf95274596886a7a3217f5e831,1,20170914,516,485,4785,16.67,8.5,delivered,5,3
2643,45655a3943f144958788de7f3f3f2cd1,1,20171016,518,367,2587,88.76,18.03,delivered,2,8
2644,e93eb15c66a1429999268944b8a7642f,1,20180613,519,156,4146,160.35,12.99,delivered,5,19
2645,f82c35ed3cb64173bfb4a9c4ec96b3f6,1,20180527,519,413,1643,197.44,15.86,canceled,3,2
2646,e649b96d509b471ab1484bcc3fe19620,1,20180704,519,245,2775,27.58,8.5,delivered,5,40
2647,aeba4f4ca2534e40a38edec36c03f798,1,20180605,519,380,3039,194.85,34.63,delivered,4,10
2648,1bdf2f870b084357a7901628ffa37b29,1,20171010,520,437,673,119.77,10.34,delivered,5,24
2649,fd021cd8c22c4d3a83a4da2cf690e151,1,20170819,521,274,1489,80.25,8.5,delivered,5,26
2650,21deec4aabaf437facc4be3b423b4dcd,1,20170804,521,401,1986,53.42,8.5,delivered,5,10
2651,1411d798d3d945d5b83d7bbe82a12947,1,20180217,522,231,4266,56.23,8.98,delivered,5,17
2652,1411d798d3d945d5b83d7bbe82a12947,2,20180217,522,417,4266,204.56,32.31,delivered,5,17
2653,47ffc1a36f18446fad6e73550dc0b45a,1,20180201,522,88,2366,214.12,26.43,delivered,5,2
2654,47ffc1a36f18446fad6e73550dc0b45a,2,20180201,522,115,2366,189.7,27.74,delivered,5,2
2655,ebe3bab45e2749b18697958caa7a31c9,1,20180209,522,99,21,147.74,23.53,delivered,3,10
2656,917326333ddb49b9af2e1aec4a5f6112,1,20180209,522,287,1768,78.75,9.18,delivered,5,9
2657,917326333ddb49b9af2e1aec4a5f6112,2,20180209,522,472,1768,100.3,15.07,delivered,5,9
2658,8c057ab0db474bedaf10b7fb4b07c9bf,1,20180221,522,83,1013,40.41,8.5,delivered,5,21
2659,2cd53a3a539842f19e917fc2aa72c6da,1,20180224,523,24,2753,270.74,57.07,delivered,5,20
2660,c46eb93f96b54cbe875253714150a858,1,20180310,523,183,3043,96.05,13.72,delivered,5,34
2661,37bc54caf0ca4b03a2f6ab21c1483374,1,20180205,523,164,2381,259.14,54.96,delivered,5,2
2662,37bc54caf0ca4b03a2f6ab21c1483374,2,20180205,523,388,2381,155.2,26.3,delivered,5,2
2663,74f1581126604890b082f501e0759300,1,20180222,523,151,1072,86.83,8.5,delivered,4,18
2664,74f1581126604890b082f501e0759300,2,20180222,523,169,1072,47.49,8.5,delivered,4,18
2665,83892ff2a9884cad8557e0631ebccd61,1,20180216,523,271,4429,24.02,8.5,delivered,5,13
2666,32e22f8f0f884b26bc0a3f9c59c432cb,1,20180204,523,388,3969,79.62,10.38,delivered,4,1
2667,0c92a8d670764ff1b926340c6fc3195b,1,20180214,523,79,381,883.76,106.35,delivered,5,11
2668,0025bc7f4263494e8149452371d41769,1,20180205,523,31,2346,70.26,13.38,canceled,5,2
2669,6d50458b18cc40c9ae6aa80af5495224,1,20180205,523,195,2005,43.05,8.5,delivered,4,1
2670,e08ee83f82ba47d1abef7b70603ef2da,1,20180214,523,326,939,80.14,10.53,delivered,4,10
2671,71d0a58768a34e9ab230011fa90ae17d,1,20180206,523,146,732,19.47,8.5,delivered,5,2
2672,71d0a58768a34e9ab230011fa90ae17d,2,20180206,523,142,732,60.36,8.55,delivered,5,2
2673,feb99af3ea9744a4ac9060a7deaffaf0,1,20180217,523,172,345,44.09,8.5,delivered,2,14
2674,feb99af3ea9744a4ac9060a7deaffaf0,2,20180217,523,18,345,314.34,66.91,delivered,2,14
2675,beba89cb82ff4d27a65c3020f119e19d,1,20180215,523,448,3913,43.37,8.88,canceled,5,12
2676,beba89cb82ff4d27a65c3020f119e19d,2,20180215,523,319,3913,27.55,8.5,canceled,5,12
2677,97bf333d75bb41e4876c61a757257f6d,1,20180204,523,320,4973,67.17,8.5,delivered,5,1
2678,c7f28a3567be4e74baf54d3227c5804a,1,20171111,524,116,4147,196.65,37.44,delivered,5,28
2679,22dddfa34b2b46ab9dd17328df7a833b,1,20180227,525,150,4608,51.99,8.5,delivered,3,4
2680,6927f25cffc64ab08db73668134a07ea,1,20180417,525,470,2973,86.46,15.92,delivered,4,53
2681,6927f25cffc64ab08db73668134a07ea,2,20180417,525,249,2973,33.22,8.5,delivered,4,53
2682,4b54d5a5476c4b54a6d1f244c5f2c1bb,1,20170709,526,447,2863,48.16,8.5,delivered,5,5
2683,8bb15b4668a74171ad5ec7033037efed,1,20170803,526,447,2230,219.15,41.57,delivered,2,30
2684,482026ac90cf42b7a54e7717625b9468,1,20170818,526,19,2030,45.78,8.6,delivered,5,45
2685,834a92643d9d4ba29a13b4dab2f3b04b,1,20170713,526,465,2925,14.74,8.5,delivered,5,9
2686,834a92643d9d4ba29a13b4dab2f3b04b,2,20170713,526,281,2925,122.29,10.09,delivered,5,9
2687,9724db9cfff74661a3c00040abff0271,1,20170723,526,54,1358,37.82,8.5,delivered,4,19
2688,a9587b14520546f9bb2e3add9acb3dd4,1,20170916,526,297,3585,48.89,8.5,delivered,3,74
2689,370d9605ea23461097fc0ea55b3e49b2,1,20170719,526,488,603,242.1,39.36,delivered,4,15
2690,370d9605ea23461097fc0ea55b3e49b2,2,20170719,526,496,603,141.4,13.6,delivered,4,15
2691,9d91e2d3fc3a482e9fa86ddfb05f2a18,1,20170710,526,115,4369,38.69,8.5,delivered,5,6
2692,9d91e2d3fc3a482e9fa86ddfb05f2a18,2,20170710,526,118,4369,279.49,55.93,delivered,5,6
2693,6a6ec172df3847e281fb1a8e63f54f92,1,20170705,526,93,4938,191.86,30.11,delivered,5,1
2694,87999ddd4bf04dbdb3f73eff48497fdd,1,20170822,528,167,829,58.89,8.5,delivered,5,2
2695,f08acc5cc3cf4a51b32aa944363f8e03,1,20171125,530,119,1258,559.28,53.49,delivered,4,8
2696,d8af5985bf084371b58b44aee006855b,1,20170820,536,226,3455,102.6,13.99,delivered,5,6
2697,37ee6bbaee3d4c45b52c4e488a57d8d0,1,20170819,536,403,1411,96.92,18.01,delivered,5,5
2698,37ee6bbaee3d4c45b52c4e488a57d8d0,2,20170819,536,454,1411,37.24,8.5,delivered,5,5
2699,2ead73716c0e4e649ebcdd7f8a6e9d3c,1,20171208,536,187,2532,250.76,21.36,delivered,4,115
2700,781e497370f04175be6b2a1209f9d9dc,1,20170830,536,62,4142,116.09,16.86,delivered,5,15
2701,08611f6e24fa4db293899acc16afaacc,1,20171107,537,397,734,44.63,8.5,delivered,5,13
2702,2fec383a499f4480b66f8d33ea8b8cf8,1,20171029,537,481,2276,84.03,17.82,delivered,5,4
2703,131313be00c246e59031564d88e45874,1,20180213,538,460,2069,96.43,13.35,delivered,5,1
2704,131313be00c246e59031564d88e45874,2,20180213,538,19,2069,37.6,8.5,delivered,5,1
2705,131313be00c246e59031564d88e45874,3,20180213,538,135,2069,136.2,25.5,delivered,5,1
2706,af539647007a402f9166b83861822305,1,20180223,538,496,3524,50.34,8.5,delivered,5,11
2707,64e929d75f344e3eaac89e130a1a324b,1,20180225,538,147,3393,41.83,8.5,delivered,5,12
2708,64e929d75f344e3eaac89e130a1a324b,2,20180225,538,189,3393,105.28,12.21,delivered,5,12
2709,46d68ec6d22a43de8a73774250c3ef96,1,20180501,538,131,3793,18.66,8.5,delivered,5,78
2710,cb6bdc5861a044b892d24c179ff0ed8c,1,20180213,538,97,1107,37.24,8.5,delivered,3,1
2711,d9affadf0dc2445981cab776c642608e,1,20180218,538,477,2020,72.36,9.08,delivered,4,6
2712,d824c646e5cc46fc9ef5d810a79dd5a9,1,20180713,539,344,1423,177.99,24.63,delivered,1,37
2713,b8b5cb3aa37f49d9a80b0983b052153d,1,20180702,539,134,992,50.09,9.93,delivered,5,26
2714,934f152e0547428a8c1e50dc1e336c36,1,20180719,539,64,1396,89.31,9.52,delivered,5,44
2715,690094015a334408b7c73dc0b0480c8a,1,20180627,539,175,1270,320.79,42.97,delivered,4,21
2716,e6ad2de72a784687982dcc8e8a60210f,1,20180607,539,426,3525,26.96,8.5,delivered,5,2
2717,e6ad2de72a784687982dcc8e8a60210f,2,20180607,539,274,3525,89.19,10.33,delivered,5,2
2718,e298eaf703a04bf4b3b6f454afe55487,1,20180618,539,295,2824,168.28,29.18,delivered,5,12
2719,d5a74f7c671f4412a36bfa2d72982d39,1,20180613,539,444,2966,19.18,8.5,delivered,3,8
2720,859557e93d1548dfb5dfc6e3cecc5b57,1,20180608,539,327,3293,323.2,28.65,delivered,5,2
2721,702840bffd8b4c22b35265deacb29029,1,20180622,539,225,1409,110.83,11.29,delivered,5,16
2722,702840bffd8b4c22b35265deacb29029,2,20180622,539,37,1409,16.93,8.5,delivered,5,16
2723,702840bffd8b4c22b35265deacb29029,3,20180622,539,97,1409,52.92,8.5,delivered,5,16
2724,78ca6fcee0cc4f0db19ac4a23ce7e682,1,20180701,539,480,1736,199.17,18.87,delivered,4,26
2725,78ca6fcee0cc4f0db19ac4a23ce7e682,2,20180701,539,401,1736,329.27,37.78,delivered,4,26
2726,78ca6fcee0cc4f0db19ac4a23ce7e682,3,20180701,539,209,1736,131.28,19.14,delivered,4,26
2727,e8929cc40d1a4a9f9548921a9c914824,1,20180613,539,65,1998,85.76,12.25,delivered,3,8
2728,74aa2bca87cb4b1fba3972ff6052ca21,1,20180615,539,172,2388,120.75,25.07,delivered,2,9
2729,74aa2bca87cb4b1fba3972ff6052ca21,2,20180615,539,407,2388,68.47,10.35,delivered,2,9
2730,0bb061b16b1c4eabaf7ba48850ba60e5,1,20170911,541,276,2400,160.45,34.61,delivered,5,74
2731,128c87e978d147d291f8bc4258c0c121,1,20180307,542,500,4781,42.98,8.5,delivered,5,6
2732,b82721ec441044538f993e65b9c67214,1,20180324,542,104,1589,37.34,8.5,delivered,5,23
2733,0d4fc94e195943bd9d3975dc54ae1fa9,1,20171212,543,385,1287,315.01,64.21,delivered,5,37
2734,33ea34235a3240f38fb10135b3f09d46,1,20171111,543,494,2136,28.62,8.5,delivered,5,6
2735,9fae6ddd6f944c7fa31d41292538e09c,1,20171122,543,460,3313,439.92,62.24,delivered,3,17
2736,b140a0bc3f2241dfad1f735d40d98afe,1,20171123,543,204,261,96.67,9.4,delivered,5,18
2737,ba26af23810c4d7697ba865da5809b50,1,20171110,543,8,3963,15.84,8.5,delivered,5,5
2738,ba26af23810c4d7697ba865da5809b50,2,20171110,543,155,3963,123.59,10.6,delivered,5,5
2739,4b19ea4672824a6d94bd1590275fb26e,1,20171114,543,103,4375,25.95,8.5,delivered,1,9
2740,da7a787a18554d59942be0446533ce68,1,20180110,543,204,4196,108.76,14.83,delivered,5,66
2741,598a97931e474af4970a5bdbc34ad338,1,20171204,543,276,2045,229.88,20.27,delivered,4,29
2742,598a97931e474af4970a5bdbc34ad338,2,20171204,543,62,2045,229.51,46.36,delivered,4,29
2743,c532af0323f246dba340411730622bf4,1,20180113,543,378,4330,40.58,8.5,delivered,5,69
2744,41367faf290f4c6dac10856d27e1164c,1,20171120,543,142,590,64.83,12.22,delivered,5,15
2745,ee8714613e124636b31a90c5afc94e9a,1,20170712,546,185,3966,93.44,13.82,canceled,5,10
2746,ee8714613e124636b31a90c5afc94e9a,2,20170712,546,134,3966,21.05,8.5,canceled,5,10
2747,cafaf28d474d4d82aa5afef68892633d,1,20171113,547,194,692,504.36,95.06,delivered,3,56
2748,076d601d95b14788bcfcca9337ccd922,1,20170921,547,121,3443,44.09,8.5,canceled,4,4
2749,207af1d6b05f49ae8056e740cf96c9da,1,20170921,547,487,2374,32.42,8.5,delivered,4,4
2750,5b91f1eaf5b9411fb82be92dfaa0c070,1,20170923,547,283,2548,114.9,19.47,delivered,3,6
2751,0b1ce158184149269d99c2364f7106f3,1,20171107,547,401,2760,85.74,13.46,delivered,5,51
2752,0b1ce158184149269d99c2364f7106f3,2,20171107,547,357,2760,32.61,8.5,delivered,5,51
2753,60811b44ac464ff6aed5e461a931b7d6,1,20170924,547,490,2005,111.64,15.43,delivered,4,7
2754,d6418bd1dd234533b01d0eff1d1f342b,1,20170921,547,40,4337,63.05,8.5,delivered,3,4
2755,c35927af17344580be05a570d2fdd9be,1,20180521,548,10,4768,118.25,15.99,delivered,1,23
2756,c35927af17344580be05a570d2fdd9be,2,20180521,548,364,4768,637.83,105.96,delivered,1,23
2757,b42f8e3f97504d509d84be5d26df73dd,1,20170912,549,329,4624,297.83,38.58,delivered,5,19
2758,1eb370fb2f0143e88f2c1947dc7484e8,1,20170917,549,26,3242,74.9,16.27,delivered,5,24
2759,1eb370fb2f0143e88f2c1947dc7484e8,2,20170917,549,110,3242,70.79,9.81,delivered,5,24
2760,39d52ebc69d644f99f7b0e626f1a8792,1,20180214,550,478,4565,106.76,10.99,delivered,3,3
2761,39d52ebc69d644f99f7b0e626f1a8792,2,20180214,550,149,4565,14.05,8.5,delivered,3,3
2762,05d532ab6a9d460db8e8cfe1d3bb4742,1,20170811,551,352,1606,103.27,22.34,delivered,4,28
2763,7811f7799a5646e28d167dc15e6f6edd,1,20170719,551,100,1620,74.13,12.36,delivered,5,5
2764,90021dae87fe4aa68b54edf3ca9d20f1,1,20171008,552,341,427,36.54,8.5,delivered,5,7
2765,bb89415061684fedbf5aa66c25a4a46a,1,20180604,553,91,3952,157.55,34.33,delivered,5,22
2766,bb89415061684fedbf5aa66c25a4a46a,2,20180604,553,480,3952,285.85,34.26,delivered,5,22
2767,bb89415061684fedbf5aa66c25a4a46a,3,20180604,553,147,3952,32.06,8.5,delivered,5,22
2768,7c5c3fef68fc4f6792d3375121e67fe2,1,20180605,553,432,4288,85.63,13.2,delivered,5,22
2769,7c5c3fef68fc4f6792d3375121e67fe2,2,20180605,553,88,4288,123.67,10.99,delivered,5,22
2770,8b68266dd95b4f3cb129c7847655a745,1,20180516,553,456,1872,14.0,8.5,delivered,4,2
2771,be2b9e97953146af8e3a57056861830f,1,20180611,553,89,4883,159.72,15.8,delivered,4,29
2772,21a3cabdc27e46bb9d4c9f6ee6418cb7,1,20180519,553,58,2687,66.03,8.5,delivered,3,6
2773,b894dda0ba3d48c3857a90a1cea3fa6c,1,20180529,553,150,2423,147.3,16.62,delivered,5,15
2774,87407100fd7e4e20adcc86baada44d4e,1,20180527,553,185,4400,132.49,21.73,delivered,5,13
2775,5fdc2ea0616440669c77f07a94a0616c,1,20171218,554,417,427,86.35,14.51,delivered,4,3
2776,7c4c35c5fb664715a79353892135aff1,1,20180110,554,211,3511,68.05,14.85,delivered,3,26
2777,c89039a08cfd468881c64e9b7fcc3c0a,1,20180101,554,333,2871,64.56,8.5,delivered,2,17
2778,c89039a08cfd468881c64e9b7fcc3c0a,2,20180101,554,9,2871,635.62,75.78,delivered,2,17
2779,787463f298e24470a44746fe3e872810,1,20180208,554,185,1999,25.26,8.5,delivered,5,55
2780,75177e07620f4e3fafc6a5af3140fe91,1,20180130,554,28,257,38.54,8.5,delivered,5,46
2781,0cc0f3aa1e914cba9e003824d1d34efd,1,20171230,554,450,1187,41.15,8.5,delivered,4,15
2782,1c516b489388420e846c3989bc33b168,1,20180107,554,2,4814,29.5,8.5,delivered,5,23
2783,5f7c0e00a5f04f09bdea717f91a4b96f,1,20171222,554,345,902,71.86,9.98,delivered,1,7
2784,c126215d038f4d7c8f4bf48082e56dca,1,20171217,554,43,151,55.84,8.5,delivered,5,2
2785,0f5828f520e74004ba26e6128342e1b8,1,20171226,554,96,1638,131.07,10.62,delivered,5,11
2786,0f5828f520e74004ba26e6128342e1b8,2,20171226,554,480,1638,38.59,8.5,delivered,5,11
2787,01ac67bd15764048839d8ebbcd67f96b,1,20180203,554,107,447,43.46,8.5,delivered,5,50
2788,290c2444eea34876a4713e0c55e18ed0,1,20180607,555,205,1069,199.05,39.27,delivered,5,4
2789,290c2444eea34876a4713e0c55e18ed0,2,20180607,555,117,1069,34.9,8.5,delivered,5,4
2790,f2a758056a4b4aa58a4c04b2e833e0d9,1,20180604,555,489,2399,27.12,8.5,delivered,5,1
2791,f2a758056a4b4aa58a4c04b2e833e0d9,2,20180604,555,54,2399,203.64,16.51,delivered,5,1
2792,f09811766b4249d8a15d579651a23d89,1,20180624,555,407,3678,122.67,19.81,delivered,5,21
2793,93eb74d8f333483dae453409ad73a67a,1,20180605,555,391,2049,28.59,8.5,delivered,5,2
2794,1f88b4081b0a41bd9b4542832a8cf4db,1,20180626,555,459,4540,125.86,22.57,delivered,4,23
2795,e8a3db10c924439ab7936b2608ad23f7,1,20171119,556,409,3384,293.63,56.73,delivered,3,11
2796,2218205aa53b4bbabd80e7ddd6e76455,1,20171117,556,307,3418,75.56,9.95,delivered,5,9
2797,2218205aa53b4bbabd80e7ddd6e76455,2,20171117,556,242,3418,270.36,51.9,delivered,5,9
2798,cda1e99be7104a2d8ba9321206e99249,1,20171121,556,123,1492,58.48,10.02,delivered,5,12
2799,fe656ed54f6545b8ae4bc769f14342bf,1,20171112,556,402,1522,137.56,25.59,delivered,4,4
2800,8247e5dd7e8b4cd792b70452e071eafb,1,20171117,556,168,446,121.98,22.44,delivered,3,9
2801,8247e5dd7e8b4cd792b70452e071eafb,2,20171117,556,12,446,150.28,15.57,delivered,3,9
2802,622d2099534d479d9d1dabc391d687b2,1,20171130,556,228,3001,28.26,8.5,delivered,4,22
2803,1669ab1a3e07453eb3098e8a94df2692,1,20171120,556,44,360,95.37,14.28,delivered,5,11
2804,1f3925834ad64fffbd8f9d20d9e04f76,1,20171121,556,443,1053,95.5,16.76,delivered,5,13
2805,733406c1f11d48f882c0a459a46ac15f,1,20171110,556,162,1338,117.2,18.02,delivered,5,1
2806,06ac24600f5645e9a2853d0256b936de,1,20171210,556,51,4538,170.0,24.96,delivered,5,31
2807,ba039e96225a4e298bd80276db0d49ec,1,20171109,556,133,929,53.22,8.5,delivered,4,1
2808,f7968e7a14b84cffb953d5a8daa53b58,1,20171110,556,413,1288,37.14,8.5,delivered,3,2
2809,c87a533fe06b445f983edc50f0ea6768,1,20171129,556,39,3412,258.24,53.75,delivered,5,21
2810,4915c051d497426fb26a4191a60b541f,1,20171204,556,459,610,124.9,24.71,delivered,5,25
2811,fef55a9684bd4af699b027d932ae2c17,1,20180306,557,210,4698,28.78,8.5,delivered,4,53
2812,e530cbe8944f4339829276d9c410d6db,1,20180114,557,278,2601,40.37,8.5,delivered,4,2
2813,3a23eae9dd7948b9bd204fcb27b4ef01,1,20180114,557,333,2083,83.69,18.18,delivered,3,2
2814,902cfcb4bf1241ad87277e90ce494ec9,1,20180117,557,15,3304,97.69,13.11,delivered,3,5
2815,739f3dce426e46afbf88980a40894fe0,1,20180130,557,65,929,44.86,8.5,delivered,5,19
2816,739f3dce426e46afbf88980a40894fe0,2,20180130,557,273,929,41.42,8.5,delivered,5,19
2817,a3256a2b83674f64b7b93a6f46e9f381,1,20180120,557,16,720,117.36,24.79,canceled,5,8
2818,3d175d6d732448a9802c99956eb6128b,1,20180115,557,489,4810,106.83,21.09,delivered,2,3
2819,829d3d00ac7d4728bc6616f296e90acf,1,20180220,557,33,252,16.61,8.5,delivered,2,40
2820,08f97f677922453cbe6e54f4914bd158,1,20180128,557,371,1064,149.94,13.2,delivered,3,16
2821,3a40391c8cd2442da9a7d8c366bbaf8a,1,20180317,557,39,1217,27.01,8.5,delivered,5,64
2822,44976af0cf6b4d69bd61e4abe34dd740,1,20180120,557,89,2222,70.97,8.69,delivered,5,8
2823,ee5d499262b64cd7beb7b8695b2c88f0,1,20180115,557,450,2077,135.86,16.42,delivered,1,3
2824,54e032e583b24baeb3ca3d133d2b7023,1,20180131,557,75,1184,97.04,9.49,delivered,4,19
2825,17e258175c064a74920dd2b4558c96cb,1,20171021,558,38,2408,50.21,9.62,delivered,3,28
2826,17e258175c064a74920dd2b4558c96cb,2,20171021,558,217,2408,198.55,41.47,delivered,3,28
2827,0a407bc0ba704cdda9dabc2a97728cab,1,20170927,558,414,450,124.35,26.47,delivered,4,4
2828,7443ddf280a840f5a97c5cf8256baf32,1,20171010,558,122,2769,126.63,15.08,delivered,4,18
2829,45c25b7e6b104ce5b5a6b5bc522bfb9e,1,20170930,558,433,2610,109.15,20.25,delivered,1,7
2830,b5668ed7034a4d5fafbbb7efdc7cda2b,1,20170930,558,390,2107,121.17,25.39,delivered,3,7
2831,ff122da0151b41fe87e08acb43fad6be,1,20171021,558,5,2215,254.07,35.63,delivered,4,28
2832,4c2efb2a8bef4a14be32ee4aa3c197cb,1,20171102,558,452,848,52.86,8.5,delivered,5,40
2833,4c2efb2a8bef4a14be32ee4aa3c197cb,2,20171102,558,476,848,103.5,17.75,delivered,5,40
2834,171183b0931943698af09428ab43f053,1,20170928,558,324,3484,67.36,8.5,delivered,5,5
2835,055af2b7648649458f6140715400434b,1,20171005,558,24,4451,152.22,25.79,delivered,5,12
2836,81485021b7e24c4fa07debd599b12711,1,20171005,558,193,2632,40.24,8.5,delivered,5,12
2837,04b54761d49d496b94eaa7399bcffa71,1,20170930,558,345,2247,304.18,38.08,delivered,4,8
2838,04b54761d49d496b94eaa7399bcffa71,2,20170930,558,440,2247,88.65,19.09,delivered,4,8
2839,04b54761d49d496b94eaa7399bcffa71,3,20170930,558,328,2247,176.44,21.12,delivered,4,8
2840,d83201601e3743d98c9280368ea33094,1,20171103,558,360,1970,49.25,8.5,delivered,4,41
2841,fd120e1d822346b59dbd21162b0afa1d,1,20171027,558,245,3540,57.56,8.5,delivered,5,34
2842,99fa535c6720448dae2d9ce85b38b704,1,20180329,559,429,2952,87.87,10.0,delivered,4,5
2843,99fa535c6720448dae2d9ce85b38b704,2,20180329,559,341,2952,126.12,24.37,delivered,4,5
2844,bb7e08eb77fd46a38b2d4eac1d11793f,1,20180420,559,408,400,86.3,13.71,delivered,5,27
2845,527b1c89c63e49a4b469cbab6e0141e7,1,20180326,559,266,677,100.33,12.63,delivered,5,2
2846,7da8f0d545ef4d09abca12d3d3ccf110,1,20171107,563,138,4689,108.59,18.48,delivered,5,31
2847,4fc7e34a7f0944048d23fdf77f86a784,1,20171212,563,371,4626,63.83,12.15,delivered,5,67
2848,6eb6dd626fa54d7a8d677afca1b019c8,1,20171016,563,472,4907,245.77,39.29,delivered,3,10
2849,eb9bf72418e54a58a468b63092fb7678,1,20171027,563,79,2187,18.96,8.5,delivered,5,20
2850,eb9bf72418e54a58a468b63092fb7678,2,20171027,563,259,2187,170.49,14.82,delivered,5,20
2851,07b90785ace84ecfa37c3df3bcfd508d,1,20171026,563,148,4962,73.38,8.5,delivered,5,19
2852,48ce98a8d47d4b39a04e3d78376dc6b0,1,20171018,563,19,4890,128.51,24.9,delivered,5,12
2853,428cb2cc71334ee9afa2ec8f12c8a1a4,1,20171013,563,457,3998,153.79,31.52,delivered,5,7
2854,4b438c81f36e408eb62ea0a6e9c701d4,1,20171016,563,336,4365,54.9,8.5,delivered,5,9
2855,f4ca4a610dff470e99d1ea7de04c5428,1,20171207,564,421,1006,18.61,8.5,delivered,5,34
2856,42cc9ae81b0f4526a3f8e58aa685e306,1,20171202,564,399,1144,98.67,19.3,delivered,5,29
2857,30423f99de364b8882ad3862af7e7725,1,20171109,564,169,1978,103.74,13.97,delivered,5,6
2858,8d5c84e4444b4acaaccc025c24a810db,1,20171129,564,363,2837,446.33,87.77,delivered,5,26
2859,e472a4e561ea459a83a611073198fd1b,1,20171112,564,353,1010,47.52,8.5,delivered,5,9
2860,b06198f66cf64625b8ced84f32aa5e4a,1,20171111,564,406,754,86.49,9.03,delivered,5,8
2861,3ad17ab3f82f43ea80dad0af0910eea0,1,20171115,564,334,1180,102.83,15.31,delivered,5,12
2862,2a639d3bc6414dca9eebc5134dc2d92f,1,20171128,564,347,1474,50.68,10.41,delivered,5,25
2863,bbe7d4b561524b45a3540054012ca127,1,20180122,565,18,4991,107.72,15.24,delivered,1,19
2864,19a7352ce2ae4d70ae7293b18655e0e1,1,20180212,565,333,2138,144.46,21.83,delivered,5,39
2865,a3e9a9a4ab9048078258154fdaac7684,1,20180109,565,26,2356,45.3,9.82,delivered,5,5
2866,0aee1fea8ad1468c8cf95bde1d6714cb,1,20170927,566,116,1114,150.42,32.09,delivered,4,33
2867,c518549c536b4e4a9e25426115f750f4,1,20170829,566,435,2984,256.37,47.04,delivered,2,4
2868,96df8843d06e430b86285f49221e56c4,1,20170912,567,311,4980,69.87,8.5,delivered,5,2
2869,beb7c7cc5eb34699a01ce52db48d914d,1,20180208,568,300,4003,71.11,9.16,delivered,5,44
2870,8688aa5db1c8498887f7fdd7b7fc1325,1,20180102,568,51,4265,45.96,8.5,delivered,5,6
2871,3aa06f082bfa4333b370b596d8879b11,1,20180112,568,123,4776,108.12,13.5,delivered,5,17
2872,9082d8cafd434fb49c47c2a3e5421b08,1,20180209,568,26,1961,117.48,11.16,delivered,5,45
2873,c3122f238150454bb56c3979345490ea,1,20180130,568,23,1538,170.33,17.87,delivered,5,34
2874,7e913c38ad8045f4b0859611fb0e30be,1,20180111,568,427,4725,19.18,8.5,delivered,3,15
2875,63ae501a5cd04ce6a7364c0bc423382e,1,20180107,568,422,1397,84.08,15.31,delivered,4,12
2876,f53245a95dbf4a8890cbd7377a6de4e1,1,20170625,569,248,1394,43.64,8.5,delivered,1,15
2877,6031ce645ed64ea7a6c662c38b493dcb,1,20171103,572,295,486,134.47,16.49,delivered,5,56
2878,394769a3e86f4c918ee31a6e123dbeb6,1,20171009,572,500,3933,49.35,8.5,delivered,5,31
2879,4906e048e7a045ada7dbf50556e6081f,1,20170911,572,87,1681,44.36,8.5,delivered,5,3
2880,dc19cbf2f2504005a3bed12fc9a384ca,1,20180129,573,193,4538,150.05,25.65,delivered,4,6
2881,635fefc16fb842e9b301508bf955885a,1,20180128,573,35,4883,171.58,22.67,canceled,4,4
2882,e91bebcc86e74c5ba8b8ce0a296408c6,1,20180130,573,155,3680,45.89,8.5,delivered,5,7
2883,044569ed395b40ecb1dcfddc65daad13,1,20180224,573,327,26,84.04,10.0,delivered,3,32
2884,fa3cb93c51714e1aafb6269dea89d170,1,20180126,573,115,4455,60.87,11.63,delivered,3,3
2885,10eaa2be6d8c47c48120e6e91669327d,1,20180124,573,203,2050,250.46,25.96,delivered,4,1
2886,10eaa2be6d8c47c48120e6e91669327d,2,20180124,573,432,2050,37.98,8.5,delivered,4,1
2887,c368ea0bb76c449e9c2645e8156cdbb8,1,20180125,573,452,3602,26.97,8.5,delivered,5,2
2888,a770dbbd24d24130b125c47eedc49b83,1,20180201,573,333,1906,66.49,14.1,delivered,4,9
2889,3be637f8c8ee461ea92a482e559aeb20,1,20180208,573,52,2162,42.42,8.5,delivered,1,16
2890,fd22cc4ec48a40f5b1e1fc55bafd44a2,1,20170730,575,382,1468,55.53,8.5,delivered,5,3
2891,00782c19dd8842019cfbb603ec03d282,1,20170805,575,144,1117,32.71,8.5,delivered,5,10
2892,ae41bd0311504fe8a42650672df769b1,1,20170821,575,182,4223,330.6,36.59,delivered,5,25
2893,ae41bd0311504fe8a42650672df769b1,2,20170821,575,36,4223,137.25,30.04,delivered,5,25
2894,859c725f49ff4ee3913a1802e42db072,1,20170822,575,111,822,138.66,25.53,delivered,5,26
2895,859c725f49ff4ee3913a1802e42db072,2,20170822,575,229,822,79.5,14.95,delivered,5,26
2896,859c725f49ff4ee3913a1802e42db072,3,20170822,575,196,822,172.18,23.68,delivered,5,26
2897,d322a0beccd64ff48285433ac7ab3a8e,1,20170819,575,47,3290,112.68,10.59,delivered,5,24
2898,7a07c4cc81f64d3bab6bb208ac3f0851,1,20170809,575,171,765,183.95,23.39,delivered,2,13
2899,6d007b381b244d7a96fe96d319344daa,1,20170728,575,106,4874,148.71,27.02,delivered,4,2
2900,990252399f374071baf44ba72332568e,1,20170813,575,253,468,166.78,27.88,delivered,4,17
2901,e75b6273ee744e2cbea1a7eda9db685f,1,20170728,575,324,1761,529.52,90.71,delivered,5,2
2902,a531e3d83b904a7db0e555b7eddc4555,1,20170807,575,298,799,149.22,14.8,delivered,5,11
2903,cdbcdb7b9df54831a9147c11411bbc6e,1,20170901,575,67,2350,73.57,8.5,delivered,4,37
2904,1f303c51eac34095be6c3ae7258f5ab5,1,20170805,575,230,3205,66.07,14.29,delivered,1,10
2905,57875cda823548e799a0fb6ba586cf57,1,20170727,575,139,2446,17.8,8.5,delivered,1,1
2906,4f3bc4f724284edd9998cbcb6422aa38,1,20170830,575,32,2951,90.44,16.96,delivered,4,35
2907,4f3bc4f724284edd9998cbcb6422aa38,2,20170830,575,484,2951,38.63,8.5,delivered,4,35
2908,4f3bc4f724284edd9998cbcb6422aa38,3,20170830,575,69,2951,210.9,33.87,delivered,4,35
2909,3b7fb33214c045f48b4ea83a741e3bd0,1,20170820,575,320,1793,117.85,19.92,delivered,1,24
2910,d74b9dc1b9f44157b50f939295d845d9,1,20170910,576,373,3689,58.52,8.5,canceled,5,2
2911,5215b34869ff428bb026468ef1298b96,1,20171004,576,497,4496,64.7,10.66,delivered,4,25
2912,7110e9cc7e8c426aad72002e014575a6,1,20171026,576,51,2629,90.88,14.5,delivered,5,47
2913,f25348d8aac04d14acbc1bfe3bf41c73,1,20180517,577,223,2155,65.96,8.5,delivered,5,41
2914,1ce617dcbad24953ad5afe637b0e3324,1,20180417,577,229,651,191.89,22.43,delivered,1,11
2915,1ce617dcbad24953ad5afe637b0e3324,2,20180417,577,95,651,84.26,8.5,delivered,1,11
2916,1ce617dcbad24953ad5afe637b0e3324,3,20180417,577,162,651,167.13,19.46,delivered,1,11
2917,3a2ba345e31e4a0f8193312ce7d13842,1,20180416,577,167,3031,118.75,16.48,delivered,5,10
2918,3a2ba345e31e4a0f8193312ce7d13842,2,20180416,577,409,3031,91.0,19.85,delivered,5,10
2919,abc93bda94e94fc8aa573248ed90153b,1,20180206,578,374,1428,100.96,13.64,delivered,4,1
2920,ce0dade477154d41815af607ff33c46d,1,20180215,578,348,4927,81.33,9.27,delivered,3,10
2921,6f73e52a60664a97884b1eaf453a53f5,1,20180224,578,41,1836,74.97,9.18,delivered,1,20
2922,6f73e52a60664a97884b1eaf453a53f5,2,20180224,578,18,1836,31.3,8.5,delivered,1,20
2923,5b4ba837310e46edb841906c1024acb1,1,20180214,578,37,3922,74.2,14.69,delivered,3,9
2924,306c37de10dc46b687dc1399204baa2e,1,20180217,578,132,2944,135.88,10.98,delivered,4,12
2925,ab18d3516ea44a788280caff231b7563,1,20180211,578,12,330,108.59,13.14,delivered,5,7
2926,ab18d3516ea44a788280caff231b7563,2,20180211,578,212,330,23.69,8.5,delivered,5,7
2927,aa53fbbb70ac4f4e9d45de40d0b5e897,1,20180530,579,406,3785,75.69,8.5,delivered,4,60
2928,88d2abaa279c4fad997b3096d820cea5,1,20180424,579,10,1396,383.11,45.78,delivered,5,24
2929,3214ae71c0b44a359e4261cbd5a4fc2c,1,20180406,579,162,3247,34.37,8.5,delivered,5,6
2930,4ee258f72bdd435693df3a92fd595156,1,20180401,579,357,1577,151.77,22.14,delivered,5,1
2931,972e1ba8e99b408d909a0ba0411960bc,1,20180405,579,88,731,121.16,21.02,delivered,4,5
2932,c4bf3f4cb8b94cad9ddfd2e32f315c60,1,20180410,579,337,2891,254.89,33.7,delivered,5,10
2933,8a8804e11d1d48ce8e7128ece9d4dc3b,1,20180409,579,12,4638,173.62,21.38,delivered,5,9
2934,fb47f549638b432fbd0ba6681f34f1fd,1,20180403,579,398,177,99.06,14.82,delivered,1,3
2935,9d90b23c4e9f4f63aa8c5afc6f228b5a,1,20180412,579,439,2249,30.25,8.5,delivered,4,12
2936,d900f366cbf244d28f43303d44c2c890,1,20180410,579,354,832,38.7,8.5,delivered,1,10
2937,d3a0b9d8ef314203be0adb54f3d63aa3,1,20180414,579,235,2028,111.77,15.23,delivered,5,14
2938,5d2caa64e073467fab24b3d574130764,1,20180418,579,52,2968,71.91,9.91,delivered,1,18
2939,062189f5400b48e48dc28557a11cacc3,1,20180402,579,215,2278,328.69,39.31,delivered,5,2
2940,3e24e869c29047a29448921c95af7eda,1,20180420,579,278,2526,30.21,8.5,delivered,1,20
2941,a939bbc9f351401997485c0f0c5f7635,1,20180222,580,324,1984,39.18,8.5,delivered,2,10
2942,6515efc4e1e94770942ec5ce970485d1,1,20180116,581,81,4880,64.82,12.27,delivered,5,41
2943,ca14c65f6e244e99abfca71868acc301,1,20180510,582,440,4708,45.54,8.5,delivered,5,7
2944,4c7fe3d25086446f80cd880350dcc44a,1,20180523,582,456,4713,76.32,8.5,delivered,5,19
2945,324f029e21ea48b1b5c5a72bce6a7b76,1,20170925,584,131,2784,59.15,12.16,delivered,3,3
2946,98e992ce62484988af657eb0a0db8a99,1,20170924,584,149,1268,49.06,8.5,delivered,4,2
2947,98e992ce62484988af657eb0a0db8a99,2,20170924,584,432,1268,80.81,15.52,delivered,4,2
2948,6a98c75580374afbacb4ea8bb61b834b,1,20171007,584,385,150,46.58,8.5,delivered,5,15
2949,6a98c75580374afbacb4ea8bb61b834b,2,20171007,584,204,150,23.29,8.5,delivered,5,15
2950,85d1cc430c33466ca446639a8efe5ee6,1,20171016,584,241,2087,42.11,8.82,delivered,4,24
2951,85d1cc430c33466ca446639a8efe5ee6,2,20171016,584,232,2087,66.8,10.31,delivered,4,24
2952,778a58e62af141c3bb571d15c0c84643,1,20180519,586,180,2247,176.35,16.86,delivered,5,8
2953,6d4c69e4eb644cfc94b5916a4cce2b26,1,20180531,586,65,3724,329.2,65.36,delivered,4,20
2954,6d4c69e4eb644cfc94b5916a4cce2b26,2,20180531,586,293,3724,91.3,13.01,delivered,4,20
2955,c32e993dc1a745b98e317a6d19245b87,1,20180525,586,356,3750,46.28,9.86,delivered,2,14
2956,28a556fd392f471b9b61d5f6252953ea,1,20180519,586,308,669,136.19,14.51,delivered,5,8
2957,e977a39806ce4ae8b5fdd2590a1bf57b,1,20180818,586,65,3118,189.86,24.29,delivered,4,100
2958,6407187fdbf14a3b811da517849834b5,1,20180616,586,255,3673,46.95,9.31,delivered,5,37
2959,aaa1d8ce61a241c38093d881f8ffda88,1,20180608,586,164,2909,49.13,8.5,delivered,5,28
2960,aaa1d8ce61a241c38093d881f8ffda88,2,20180608,586,14,2909,37.05,8.5,delivered,5,28
2961,47d2a028bc704fffa3d77a651dba5fef,1,20180705,586,423,4844,183.92,39.95,delivered,5,56
2962,1c26c409dc984e9da6fdaefc43fcff1d,1,20180521,586,402,2483,20.82,8.5,delivered,5,11
2963,589fd60408644c048aa2c5fec61f03a2,1,20180603,586,413,2226,78.38,11.21,delivered,5,24
2964,7bfec4473a8849ba8f80f95485bd04a8,1,20180527,586,10,1105,82.85,14.71,delivered,5,17
2965,44e30b4bf7cf49cf929cde099852cd02,1,20180701,586,145,2311,227.42,19.33,delivered,5,51
2966,44e30b4bf7cf49cf929cde099852cd02,2,20180701,586,426,2311,137.96,26.18,delivered,5,51
2967,bb423ccf4b564f848440900b2fdd36ed,1,20180624,586,200,2653,68.73,15.06,delivered,4,44
2968,4036e238b9224c648279be19c3c3e794,1,20180527,586,282,2117,187.63,22.08,delivered,1,16
2969,558ea8c221e447ad82f0f80a41f5b098,1,20170726,587,210,3879,198.65,21.75,delivered,5,1
2970,558ea8c221e447ad82f0f80a41f5b098,2,20170726,587,424,3879,77.74,9.9,delivered,5,1
2971,5da00e97bb5143bdbb9ea198370aba5a,1,20170803,587,14,27,27.64,8.5,delivered,5,9
2972,b69350a7a197409fa81bb7182df8e4aa,1,20170731,588,83,81,110.59,16.13,delivered,5,40
2973,ef7fa63b9f7e477dab23cd3c469ca21b,1,20170630,588,357,4326,140.97,26.57,delivered,5,9
2974,f1b30638a5644326ae7d80e98e3f6965,1,20170817,588,260,4685,54.43,11.07,delivered,5,57
2975,2f751146ef2348748e1cc790984611dc,1,20170710,588,431,4550,125.65,26.56,delivered,5,19
2976,d9d5044524584b20b837e00029868b7e,1,20170717,588,210,3303,163.18,34.19,delivered,5,26
2977,209ce3a35dad44e895790f1d5bede792,1,20170628,588,449,3807,174.42,21.43,delivered,5,7
2978,209ce3a35dad44e895790f1d5bede792,2,20170628,588,277,3807,162.95,16.97,delivered,5,7
2979,209ce3a35dad44e895790f1d5bede792,3,20170628,588,464,3807,98.32,18.47,delivered,5,7
2980,431ae923bfe849af906715cdad4524ff,1,20170622,588,492,2953,53.56,8.5,delivered,4,1
2981,9aab1ee057464945bbb4941833f8cc3e,1,20170717,588,245,3542,59.18,8.84,delivered,5,26
2982,cf63707fbcf14a2b834e081a35426a38,1,20170704,588,252,2098,208.19,19.75,delivered,5,13
2983,c925c589e8dc48f983d96d738d88b990,1,20170624,588,200,530,50.42,8.5,delivered,4,2
2984,c925c589e8dc48f983d96d738d88b990,2,20170624,588,349,530,167.55,23.45,delivered,4,2
2985,83796197012f4efda31cb3ea10e32159,1,20170625,588,176,3857,61.19,10.1,delivered,3,4
2986,4003fd68d5af4dd588b2164bfc44c031,1,20170712,588,38,812,213.27,27.47,delivered,1,21
2987,4003fd68d5af4dd588b2164bfc44c031,2,20170712,588,314,812,186.62,27.38,delivered,1,21
2988,4003fd68d5af4dd588b2164bfc44c031,3,20170712,588,32,812,100.23,14.76,delivered,1,21
2989,5bb7cf621ab3480c9d75e99dd1260bda,1,20170722,588,24,439,45.3,8.5,delivered,5,31
2990,c09d5c8f6c874ad2b0853aadd1babe06,1,20170815,588,158,1768,81.52,15.94,delivered,4,55
2991,64978eafa30847ad986da5a8122ec18d,1,20170803,588,154,1709,237.35,26.69,delivered,5,43
2992,4a84bcd12e2e412785fa2fbf205480c5,1,20170709,588,320,1439,35.13,8.5,delivered,3,17
2993,5025e40afce04e39855e88e01889caa5,1,20170624,588,328,3108,225.64,29.19,delivered,5,3
2994,d0a1372473784111b15028895e022f9c,1,20170624,588,216,1430,128.14,26.42,delivered,4,3
2995,7b9928fd918e486c9a18f98a406052eb,1,20170702,588,80,559,94.45,14.87,delivered,5,11
2996,b8cb38be230a47dab9a9a7c3b90cb269,1,20170706,588,179,3561,168.07,15.7,delivered,5,15
2997,5ade9d4645b048e7aff240d500c0200d,1,20170624,588,424,226,60.09,8.5,delivered,4,3
2998,87712979672f4ec9a0abd5bdd626825e,1,20170722,588,349,4938,23.61,8.5,delivered,3,31
2999,115963decc9b474196cbdd75d14067fc,1,20170627,588,424,1777,110.25,11.74,delivered,1,6
3000,0edc59f4835245a1a6edcdafe521d7eb,1,20170702,588,382,2927,116.94,23.85,delivered,3,11
3001,0edc59f4835245a1a6edcdafe521d7eb,2,20170702,588,147,2927,29.85,8.5,delivered,3,11
3002,e8da88cad110447196d799fb20870a15,1,20180207,590,246,1986,72.53,8.5,delivered,5,13
3003,3a4bd8b3155e47ebadd340bbc85a9641,1,20170806,592,92,1996,119.86,24.26,delivered,5,25
3004,fb6e032d4f3d44bc8b20639f9210a254,1,20170728,592,105,650,121.31,23.53,delivered,5,16
3005,7b449fd63062482ea52768d9abef62dc,1,20170714,592,181,2931,54.36,8.5,delivered,4,2
3006,7b449fd63062482ea52768d9abef62dc,2,20170714,592,218,2931,37.69,8.5,delivered,4,2
3007,7b449fd63062482ea52768d9abef62dc,3,20170714,592,311,2931,21.34,8.5,delivered,4,2
3008,61c0b226b59946c79190fcbb95fdc2f5,1,20170907,592,74,2016,37.86,8.5,delivered,3,57
3009,88368d9990024639b40a628b06f91892,1,20170802,592,262,4827,99.99,20.31,delivered,5,21
3010,4879a8e13ec3436cad7efb2a3bfefd43,1,20170718,592,438,650,74.4,11.44,delivered,5,6
3011,4879a8e13ec3436cad7efb2a3bfefd43,2,20170718,592,224,650,68.32,9.7,delivered,5,6
3012,4879a8e13ec3436cad7efb2a3bfefd43,3,20170718,592,260,650,76.64,11.36,delivered,5,6
3013,3dee8bfe47db4d9783933aaa0fd09122,1,20171204,592,43,4411,162.95,14.22,delivered,5,145
3014,3dee8bfe47db4d9783933aaa0fd09122,2,20171204,592,10,4411,96.83,13.75,delivered,5,145
3015,da7c7ad8f6ee48d9bbe632e02c818342,1,20170827,592,491,3090,34.09,8.5,delivered,5,46
3016,5dca441516fb43d2a5724b1cc6b51540,1,20170807,592,163,2308,105.48,15.62,delivered,5,26
3017,ae5ce2a5039740648d62b4089c023972,1,20180508,593,147,412,333.54,27.63,delivered,5,7
3018,ae5ce2a5039740648d62b4089c023972,2,20180508,593,40,412,39.86,8.5,delivered,5,7
3019,ae5ce2a5039740648d62b4089c023972,3,20180508,593,5,412,89.03,12.86,delivered,5,7
3020,73bf545ab95543d59d3415273984ec14,1,20180530,593,398,566,181.78,35.02,delivered,5,29
3021,12c19d39b8b04fb5af84f15caaae7b01,1,20180529,593,217,3739,26.29,8.5,delivered,3,28
3022,ce48b4231bec4b1bac92f387ede28861,1,20180316,594,163,3242,45.61,8.5,delivered,5,1
3023,cbaaab40ce13482794668b899e4773a1,1,20180329,594,41,1713,27.34,8.5,delivered,1,13
3024,7a6f2606600d4b1cb1be6361215fec55,1,20180327,594,203,4188,28.87,8.5,delivered,4,11
3025,7a6f2606600d4b1cb1be6361215fec55,2,20180327,594,116,4188,34.23,8.5,delivered,4,11
3026,39b452b13cbb4d4db99d20809c898c60,1,20180323,594,24,3909,258.93,46.96,delivered,5,8
3027,99a00cf5d15d4c0e92b35864c6a16977,1,20180328,594,48,2255,65.77,13.6,delivered,4,12
3028,95d7b522669f4e2a8f887e2be2f296dc,1,20180513,594,120,3399,39.21,8.5,delivered,5,58
3029,c8b476070ec045f3a6c3e26102475bba,1,20180321,594,121,1746,45.32,8.92,delivered,5,5
3030,dad4f77f40ea4a9db58e7082a8353ef2,1,20180318,594,51,684,83.76,14.45,delivered,5,3
3031,5ddbc40e5db840fc8f0b6b2348f1698f,1,20180319,594,40,1408,69.69,13.64,delivered,4,3
3032,542dd92f65634f95babbcc684859533f,1,20180321,594,213,2139,21.96,8.5,delivered,5,6
3033,40de9b49e900438781c149d9a8c6e1ca,1,20180328,594,304,2212,22.9,8.5,delivered,4,12
3034,bfe9bfb7f62647389decaa5004fcbe56,1,20180401,594,438,1402,127.52,11.72,delivered,5,17
3035,feeadbdff714468899c915c69b341270,1,20180316,594,22,2797,21.48,8.5,delivered,5,1
3036,feeadbdff714468899c915c69b341270,2,20180316,594,425,2797,121.46,17.73,delivered,5,1
3037,77105d9bfa164b7d89bc92446a5b0b2c,1,20180318,594,490,254,151.48,18.54,delivered,5,2
3038,7cb3ae758577472f8e6c2142ddbabb52,1,20180327,594,473,2588,31.57,8.5,delivered,5,12
3039,7cb3ae758577472f8e6c2142ddbabb52,2,20180327,594,58,2588,24.99,8.5,delivered,5,12
3040,cf55b602e68e4802bd4cc3ce75a29ddd,1,20180328,594,247,3330,30.39,8.5,delivered,4,12
3041,20c51ceccc514ced88edf98d800613f5,1,20180124,595,224,4051,42.59,8.5,delivered,5,19
3042,227bd800542b47c0a3af2b9513531eaa,1,20180119,595,193,4116,47.6,8.5,delivered,5,14
3043,bf73c8da26cb49a8a5e08921007d3a8e,1,20180112,595,87,68,46.5,8.5,delivered,1,6
3044,d4122cdf90494dca8e4ab4254faf7c6b,1,20180110,595,449,467,39.92,8.5,delivered,5,5
3045,d4122cdf90494dca8e4ab4254faf7c6b,2,20180110,595,383,467,19.49,8.5,delivered,5,5
3046,785ad63ba2264f828c52f8c20af9c908,1,20180114,595,451,4031,66.73,8.5,delivered,4,9
3047,70ff385345d540e9b0221dd7a88a3778,1,20170721,597,154,4088,131.19,20.81,delivered,5,23
3048,8963265821f9466db6624921068f854a,1,20180425,598,11,455,90.95,19.34,delivered,1,47
3049,8963265821f9466db6624921068f854a,2,20180425,598,291,455,132.19,19.81,delivered,1,47
3050,4f03ed58358940b484e582957269b88d,1,20180314,598,88,4015,36.39,8.5,delivered,2,5
3051,4f03ed58358940b484e582957269b88d,2,20180314,598,378,4015,143.84,22.55,delivered,2,5
3052,fadb83b1fb9d49ee95229c5c17287b92,1,20180330,598,149,2152,115.73,10.74,delivered,5,21
3053,30de031f6fe9493c968912acb6b9b16d,1,20180312,598,393,1126,52.07,8.5,delivered,5,3
3054,34c48ee8fd1d40f2a10258fcf6e59c11,1,20180308,599,32,154,47.66,8.5,delivered,5,4
3055,ec825b80629f49948ffa8166bc69e260,1,20180416,599,117,2691,76.49,10.81,delivered,2,44
3056,e47aa28a9fe44300bbcebfac898def2b,1,20180308,599,450,3365,12.27,8.5,delivered,5,5
3057,fc98e7ab4d6f40b29ba0fbd9620a571b,1,20180317,599,33,2403,27.49,8.5,delivered,5,14
3058,fc98e7ab4d6f40b29ba0fbd9620a571b,2,20180317,599,289,2403,70.87,12.27,delivered,5,14
3059,9964af67cc284046b8a9085c4969eaae,1,20180306,599,500,1228,65.7,8.77,delivered,1,3
3060,452c269d3174490689cc5009ca1c4804,1,20180314,599,274,87,107.04,9.73,delivered,3,10
3061,7557eeda5079413d9b43e34ee39879cf,1,20180308,599,242,3490,486.77,49.45,delivered,4,5
3062,7557eeda5079413d9b43e34ee39879cf,2,20180308,599,478,3490,257.05,28.68,delivered,4,5
3063,2ed02c189dfa47c7a57f53bf6fde4d72,1,20180424,599,350,3368,59.41,8.5,delivered,5,51
3064,2ed02c189dfa47c7a57f53bf6fde4d72,2,20180424,599,129,3368,179.78,17.44,delivered,5,51
3065,bc590acbda5440a0838efa20175a3ede,1,20180304,599,408,2642,66.72,9.95,delivered,5,1
3066,294f996c80914f8e9cc547adca9bcd9b,1,20180317,599,364,3746,91.64,16.86,delivered,1,14
3067,b70e47a342dc4efcbfb8cde18b0589c8,1,20171111,600,129,3677,46.56,8.5,delivered,5,22
3068,416831e4bc1d42688d67cae0cd992102,1,20171101,600,53,2971,18.55,8.5,canceled,5,12
3069,1191b916051c4e8eac7cbb87ff5affcd,1,20170918,602,222,3951,37.43,8.5,delivered,4,12
3070,a9aac64958f348b3818dd8d5b33fe8d1,1,20170906,602,409,4949,17.98,8.5,delivered,2,1
3071,2dc6578bba5a4b59bc495cddf47dd419,1,20170906,602,133,4803,56.75,8.5,delivered,5,1
3072,5ac4218ea4224dd58cf26ad65fbed52e,1,20170907,602,488,2969,50.32,8.5,delivered,2,2
3073,9850e93cd77d430888c197b2948dd86c,1,20170915,602,101,3976,79.17,11.02,delivered,2,9
3074,b744047d78ad4080a52c8401621b9879,1,20170920,602,296,446,41.5,8.5,delivered,5,15
3075,34cd8ad86a98488aa9c290005681fd22,1,20171009,602,414,4858,240.81,28.93,delivered,5,34
3076,34cd8ad86a98488aa9c290005681fd22,2,20171009,602,239,4858,98.53,16.55,delivered,5,34
3077,49c523b5581d4c54b1bcc6e7aee3afc6,1,20171201,603,15,4370,47.64,8.5,delivered,5,14
3078,663eb662d576498082a9b48160cb272c,1,20171216,603,32,3318,83.56,12.91,delivered,4,30
3079,663eb662d576498082a9b48160cb272c,2,20171216,603,213,3318,404.7,37.82,delivered,4,30
3080,cdb93e36894445f0b7d9fd635c504927,1,20171123,603,184,4422,49.16,8.5,delivered,5,6
3081,2c7d2dc59ae7432d9e62a08704a50873,1,20171122,603,368,3305,109.09,9.45,delivered,5,6
3082,2c7d2dc59ae7432d9e62a08704a50873,2,20171122,603,335,3305,87.98,11.94,delivered,5,6
3083,9857d2443002463988cb94fb60e4f91d,1,20171123,603,475,511,31.16,8.5,delivered,5,7
3084,66db27cb933449f2ba5e080e844baa99,1,20171003,604,201,866,154.44,21.83,delivered,5,2
3085,244e712fc9c84fcf89295fb859a90e52,1,20171005,604,78,3569,59.62,12.97,delivered,3,5
3086,5705739ea902481fa82d01cfa9554271,1,20171012,604,473,4438,35.8,8.5,delivered,5,12
3087,5705739ea902481fa82d01cfa9554271,2,20171012,604,99,4438,241.73,32.39,delivered,5,12
3088,f9a7dd0b91c14016a19834344467381e,1,20170818,605,263,2948,37.69,8.5,delivered,4,57
3089,b554d4475835486bba712e7c19f980ab,1,20171103,606,448,1214,56.86,8.5,delivered,3,23
3090,b554d4475835486bba712e7c19f980ab,2,20171103,606,24,1214,135.01,26.02,delivered,3,23
3091,22beebd420c048f9b352e2b684329663,1,20171017,606,225,2198,19.43,8.5,delivered,4,6
3092,7610df4f32584ab4b34f27636cacf346,1,20171017,606,419,4579,125.22,24.75,delivered,5,6
3093,53c26bb8cebb4636a900bdc243092f0e,1,20180705,607,27,961,16.53,8.5,delivered,4,75
3094,428365c3b9bb49cc97184be8d9bd7ef6,1,20180505,608,264,2643,86.84,10.44,delivered,5,9
3095,4cb432a1ab474b2e9a3455f7ef69c953,1,20180506,608,142,1896,347.67,48.77,delivered,5,9
3096,02b8355e2c344713b856e46bcd8ee33f,1,20180430,608,274,3393,32.91,8.5,delivered,3,4
3097,02b8355e2c344713b856e46bcd8ee33f,2,20180430,608,437,3393,58.11,12.39,delivered,3,4
3098,02b8355e2c344713b856e46bcd8ee33f,3,20180430,608,255,3393,26.51,8.5,delivered,3,4
3099,610f7026209b437499f1a1eea5dd6d5c,1,20180509,608,126,4631,79.21,11.55,delivered,4,13
3100,610f7026209b437499f1a1eea5dd6d5c,2,20180509,608,320,4631,84.12,16.11,delivered,4,13
3101,610f7026209b437499f1a1eea5dd6d5c,3,20180509,608,146,4631,47.99,8.5,delivered,4,13
3102,e0a6319629fb436b9dd03004936419ba,1,20180517,609,30,4543,177.1,20.68,delivered,2,14
3103,251b54ce92724e93863d0502f601ee05,1,20180508,609,296,4003,57.02,8.5,delivered,5,5
3104,213e8cd072dd41ee9d10a66670a3904c,1,20180517,609,97,2154,16.07,8.5,delivered,5,14
3105,c113b06de5ea449abd45da0224d6288f,1,20180510,609,459,410,18.77,8.5,delivered,5,7
3106,7ff989ab4c6044bf82a6f27f10b143d9,1,20180319,611,108,2691,27.86,8.5,delivered,5,4
3107,3090ea6e0ca84dd88968df1822dd10d1,1,20180325,611,158,2317,211.88,17.67,delivered,5,10
3108,3090ea6e0ca84dd88968df1822dd10d1,2,20180325,611,82,2317,50.76,8.5,delivered,5,10
3109,3090ea6e0ca84dd88968df1822dd10d1,3,20180325,611,257,2317,42.96,8.5,delivered,5,10
3110,2c2b15895d504ebd9f4c881cc1c7f4cf,1,20180316,611,115,1342,39.74,8.5,delivered,4,1
3111,5732edd0db484bb7bc64c0990bdff1ce,1,20171127,612,164,4393,43.7,8.65,delivered,5,32
3112,63c0ef25fc0d406da74d5b537904994b,1,20180123,612,130,1545,43.0,8.5,delivered,5,89
3113,159c3cacba8c49d0baf519b05a381414,1,20180227,613,345,4530,138.67,25.86,delivered,4,38
3114,b4ef226c8a2d4c4a8ed8cce9c5e1ba6e,1,20180126,613,444,2961,48.08,8.5,delivered,4,7
3115,1baf0d9ad2c04628bfd434772ecc9602,1,20180330,613,13,2190,94.81,12.35,delivered,5,69
3116,67cf9163ad0744fa8abc1416dc67734e,1,20180212,613,496,835,22.96,8.5,delivered,5,23
3117,83e0c2a847194f0285f8efe3ab03e803,1,20180122,613,141,2116,67.93,12.42,delivered,1,2
3118,77c3848ea4104dc68ca76a99df3555ca,1,20180126,613,310,2714,94.51,19.66,delivered,4,7
3119,ee77b035b4b0480fabcccc36a9f7b3d3,1,20180205,613,359,1262,138.25,23.16,delivered,3,17
3120,ee77b035b4b0480fabcccc36a9f7b3d3,2,20180205,613,402,1262,149.98,28.26,delivered,3,17
3121,25c3626a2d39460792f21f9cc26d4db1,1,20180129,613,429,1853,44.33,8.5,delivered,5,9
3122,957f54bdd63b432b9d34f5ccf62e77bc,1,20180221,613,92,1236,17.9,8.5,delivered,5,32
3123,957f54bdd63b432b9d34f5ccf62e77bc,2,20180221,613,309,1236,47.84,8.5,delivered,5,32
3124,e3748eb8f105429faac560dc6ce0e03e,1,20180223,613,416,3382,63.31,8.5,delivered,5,34
3125,e3748eb8f105429faac560dc6ce0e03e,2,20180223,613,42,3382,84.54,8.52,delivered,5,34
3126,d778a3a541d34605b313f2aff70cb26f,1,20180127,613,433,3910,47.86,8.5,delivered,5,8
3127,d778a3a541d34605b313f2aff70cb26f,2,20180127,613,45,3910,61.74,8.5,delivered,5,8
3128,d778a3a541d34605b313f2aff70cb26f,3,20180127,613,161,3910,42.51,8.5,delivered,5,8
3129,c86a3a0884104b3093324cf27e6de3d7,1,20180212,613,297,1818,29.29,8.5,delivered,3,23
3130,c86a3a0884104b3093324cf27e6de3d7,2,20180212,613,98,1818,273.15,38.32,delivered,3,23
3131,119692b586c74fabba27f5feb92c3764,1,20180219,613,100,2867,16.02,8.5,delivered,4,30
3132,cb104b4cd708467e9689af50c131decb,1,20180121,613,191,4884,43.53,9.29,delivered,5,1
3133,e9d34733197f4274803093c204b71126,1,20180215,613,299,260,205.27,25.61,delivered,5,26
3134,9bb22d7a757042a096a15d2d00b9117e,1,20180128,613,405,3126,62.25,10.67,delivered,5,8
3135,e8d28ac5f9c741d3848a3eefb0a25dff,1,20180202,613,297,3668,79.77,11.73,delivered,5,13
3136,cac0a344554d48218c12f4d27b63e2b8,1,20180202,613,66,1965,162.8,17.55,delivered,4,14
3137,1632ff46456247f4bf254ea9d52961f3,1,20180208,613,355,1722,138.67,21.15,delivered,5,20
3138,1632ff46456247f4bf254ea9d52961f3,2,20180208,613,324,1722,34.47,8.5,delivered,5,20
3139,18b37403493140eab1a72bcfe3244082,1,20180223,613,167,3167,137.27,11.5,delivered,5,34
3140,984a6d7171ba4709a197331434004363,1,20180224,614,13,133,52.71,9.96,delivered,5,76
3141,6b8a565d64004ed1aa23033b80945e8d,1,20171213,614,264,3568,95.65,11.71,delivered,5,3
3142,d3bee96a15504b1da4121ab20eaea2f0,1,20180226,615,378,1252,116.17,11.9,delivered,5,1
3143,a2abfd3443bc4f2bbee0307765403551,1,20180226,615,488,4148,98.53,13.77,delivered,5,1
3144,ca460d1bb0614f5f960436fdb9ef1ff1,1,20180306,615,498,238,111.86,24.54,delivered,4,9
3145,0bf7366ada0d4f9ea8e6a4c6ab6b6f67,1,20180213,616,397,475,246.32,37.84,delivered,5,19
3146,ed73e64f5b144a189d15a645ff47b1a1,1,20180131,616,289,1556,124.01,17.91,delivered,5,7
3147,8dc68d4167bc4e75aff638207111dafc,1,20180129,616,151,4758,162.0,23.49,delivered,5,4
3148,623dc3f155504e859f3226d4f0d4869a,1,20170829,618,355,2965,51.85,10.84,delivered,4,4
3149,7407025595d74246b7d4deb058572494,1,20170828,618,339,27,59.15,9.91,delivered,3,4
3150,7407025595d74246b7d4deb058572494,2,20170828,618,408,27,349.14,60.0,delivered,3,4
3151,474e96d05ce345488552c35be3e2cec3,1,20170827,618,479,3308,139.08,30.31,delivered,3,3
3152,f03df28fbf4e4b8cbb4c02eba827904c,1,20170909,618,486,558,63.17,10.13,delivered,3,15
3153,f03df28fbf4e4b8cbb4c02eba827904c,2,20170909,618,6,558,215.26,17.64,delivered,3,15
3154,f03df28fbf4e4b8cbb4c02eba827904c,3,20170909,618,397,558,99.31,20.24,delivered,3,15
3155,aaeed860a64b411f88584df36169e777,1,20170920,618,250,4290,63.78,10.35,delivered,4,26
3156,aaeed860a64b411f88584df36169e777,2,20170920,618,160,4290,22.67,8.5,delivered,4,26
3157,bfa9aca9ec1d4b0ca072abd1e3d7922c,1,20170630,619,137,1408,43.37,8.5,delivered,2,8
3158,e561a662c8bc48f29ee6f2d77292dcd9,1,20171005,620,347,4473,86.49,12.36,delivered,3,8
3159,33c58a2937f4404fa9534e3bd25c39ae,1,20171003,620,313,2339,245.33,40.57,delivered,5,7
3160,7f109df9236846cdab2b081570ca6785,1,20170928,620,64,3628,58.27,8.5,delivered,1,1
3161,374759a65292456ebfcbb88378e68b27,1,20171105,620,372,1738,38.28,8.5,delivered,5,39
3162,97ce3e4989034594b3bcec9c5861b179,1,20171009,620,283,2109,92.58,14.84,delivered,5,13
3163,12b7b5c419704f1a8e2ba4e97ffa524b,1,20171006,620,214,2021,144.2,29.71,delivered,4,9
3164,12b7b5c419704f1a8e2ba4e97ffa524b,2,20171006,620,163,2021,117.27,18.23,delivered,4,9
3165,c2baf37d689a48f384fea42659db8af8,1,20171002,620,52,3170,120.64,13.31,delivered,5,6
3166,9054fefacaa943318b7e8221a2a677fe,1,20171005,620,213,3462,43.63,8.5,delivered,4,8
3167,10aea23d5f04436f9d8818273f242707,1,20171031,620,351,4735,43.61,8.5,delivered,4,34
3168,d9aa421664874e008b961c4b56a73222,1,20171109,620,5,4086,184.77,36.56,delivered,3,43
3169,d9aa421664874e008b961c4b56a73222,2,20171109,620,109,4086,39.57,8.5,delivered,3,43
3170,d9aa421664874e008b961c4b56a73222,3,20171109,620,89,4086,96.32,20.14,delivered,3,43
3171,136026c927ab4b05a5653e7a2183457b,1,20171010,620,215,3595,22.33,8.5,delivered,5,14
3172,4d7b0bd788234262965fdaa3cfe1256a,1,20171007,620,403,2354,124.76,26.66,delivered,5,11
3173,4d7b0bd788234262965fdaa3cfe1256a,2,20171007,620,250,2354,107.43,16.72,delivered,5,11
3174,7df12a6a7a4d4968adf3430cf94716fd,1,20171011,622,40,3602,34.62,8.5,delivered,5,50
3175,df925b2a81954c47a01e986bcb5beb26,1,20171018,622,199,3916,191.75,41.71,delivered,5,57
3176,effc6684070b4b3f93f6003f499e2187,1,20170923,622,495,4868,132.06,23.92,delivered,5,31
3177,2b3e110c8c074f04b49a2e211da2637f,1,20170827,622,82,912,90.74,12.97,delivered,4,5
3178,2b3e110c8c074f04b49a2e211da2637f,2,20170827,622,370,912,285.66,55.13,delivered,4,5
3179,e9fd362dc2f2440799115f009e0004df,1,20170908,622,70,3913,101.58,8.58,delivered,5,16
3180,c5a277e3bad445f8baebb17ea0793683,1,20171107,622,367,3609,78.68,16.38,delivered,4,77
3181,bed88f393bd64e4098b1ecdc2c3d3acd,1,20170904,622,230,942,116.41,14.11,delivered,5,13
3182,1d3bd88454a94228b88c7f748bd98d06,1,20170902,622,358,958,93.5,13.84,delivered,5,11
3183,86a8673da8094309826ede86352ff6f8,1,20170902,622,162,2810,40.97,8.5,delivered,5,10
3184,986e9e496f4d4dbebede1295cb3b569b,1,20170926,622,404,2156,63.17,8.78,delivered,5,35
3185,f756ba35b5f7446388085dd7666a3899,1,20170823,622,311,4999,44.97,8.5,delivered,5,1
3186,3efd3a85027b4db49ea774865c8076cd,1,20170906,622,242,1109,108.96,18.11,delivered,1,15
3187,1bfbdd4487624f7ba1375f5337166822,1,20180322,624,397,193,198.5,23.1,delivered,5,9
3188,2f2d49e227264bb3a5ec288b6d453f01,1,20180322,624,474,1341,36.26,8.5,delivered,2,9
3189,6ba9c78ee1a140de91b7682563333c65,1,20180314,624,316,4306,314.06,31.06,delivered,5,1
3190,6ba9c78ee1a140de91b7682563333c65,2,20180314,624,104,4306,33.84,8.5,delivered,5,1
3191,96b5de477023480280b0928a16cdacbe,1,20180314,624,452,1271,116.28,13.42,delivered,4,2
3192,8f72a5b0cee34cc095b24b9ced0e3e9c,1,20180323,624,45,4613,54.8,8.5,delivered,5,11
3193,915c678e9bc2440e94f635cc0faa0e03,1,20180319,624,329,3056,76.33,12.03,delivered,5,6
3194,03a8a46a186441088465b009deed96a9,1,20180621,624,362,4020,119.21,14.63,delivered,5,100
3195,a65425870cc3421ea2d088e569f2d4bb,1,20180317,624,321,1194,39.03,8.5,delivered,5,4
3196,485b6b5fc65e4938aa205b3b4a47e3a2,1,20180417,625,77,429,127.77,24.92,delivered,5,7
3197,938a357e498c41dd86d7ed42fd574f32,1,20180427,626,300,3198,331.97,63.71,delivered,5,2
3198,439441efe9e94ca6a76e6f13d0125e73,1,20180430,626,291,4956,108.93,22.55,delivered,5,5
3199,a1cd25d1812b4795bb3b585ce2e88656,1,20180522,626,221,385,245.96,33.18,delivered,5,27
3200,1906f382985e44308edcaf4a259d1160,1,20180427,626,128,2784,342.54,29.26,delivered,5,2
3201,427eb09c5e9c49fe8dbd8c5e43800ae5,1,20170829,627,67,4252,94.36,16.2,delivered,5,6
3202,427eb09c5e9c49fe8dbd8c5e43800ae5,2,20170829,627,446,4252,64.07,9.53,delivered,5,6
3203,a382bae3b86843f2aac7ad270082bfb1,1,20170829,627,93,35,95.03,18.53,delivered,5,6
3204,87764860814d4fe3b0ed5b5cefb50b3f,1,20170901,627,479,4505,79.27,16.25,delivered,5,9
3205,fd903b44b357464f915bdf102d25d613,1,20170830,627,81,4089,120.75,11.5,delivered,4,8
3206,79047c351f7e47ed8c6e44e8d175cb18,1,20170704,628,24,3276,88.28,16.33,delivered,5,21
3207,f56c22745bad481aa86658920d09c63b,1,20170923,629,443,3310,201.69,19.47,delivered,5,4
3208,1b1446395eda4dee8b814c046aa27bc6,1,20170924,629,1,1749,178.1,30.19,delivered,5,6
3209,9851502d3fff44229d22ae4557e8e564,1,20170925,629,91,184,273.12,27.5,canceled,5,7
3210,b2320d7ef570469c9303009af81fb3cc,1,20171205,629,427,2108,140.81,22.61,delivered,5,77
3211,e66bccc672224bf688d9c65f52ca43b8,1,20171008,629,345,2773,101.82,17.92,delivered,5,19
3212,e66bccc672224bf688d9c65f52ca43b8,2,20171008,629,183,2773,441.82,39.11,delivered,5,19
3213,eec6046480c4403aa96f1b7c157a6897,1,20170926,629,345,2331,38.2,8.5,delivered,5,8
3214,64552d1919f04f32ba33df51a61b83ce,1,20170924,629,261,3369,19.01,8.5,delivered,5,6
3215,d16578ea74a04320b318c02dc58e805f,1,20180309,630,256,4501,32.36,8.5,delivered,4,6
3216,d16578ea74a04320b318c02dc58e805f,2,20180309,630,307,4501,101.44,17.19,delivered,4,6
3217,8f94c084e8df47a6a64669546817c419,1,20180323,630,31,4619,100.8,11.74,delivered,5,20
3218,ccbd8bd3023b43d282ec31eb98072f5d,1,20180307,630,378,2648,75.35,14.3,delivered,4,4
3219,ccbd8bd3023b43d282ec31eb98072f5d,2,20180307,630,470,2648,43.57,8.5,delivered,4,4
3220,ce8b930d8daa4400a5a4e2be492d6be0,1,20180411,630,374,811,106.71,11.99,delivered,5,39
3221,888fb56eb8d948da8094a64a00209a64,1,20180307,630,361,4941,150.1,17.88,delivered,2,4
3222,f33641ec0824452fb9743a46171229b3,1,20170710,631,500,1867,204.08,20.48,delivered,5,19
3223,f33641ec0824452fb9743a46171229b3,2,20170710,631,360,1867,222.37,27.41,delivered,5,19
3224,f33641ec0824452fb9743a46171229b3,3,20170710,631,348,1867,63.49,9.14,delivered,5,19
3225,8b4e10a55a13471da1b610bc0cacc021,1,20170922,632,152,2314,211.56,46.46,delivered,5,11
3226,3ac2942860a9459ca83476625a83ea0f,1,20180220,633,326,1061,93.72,17.53,delivered,3,40
3227,3ac2942860a9459ca83476625a83ea0f,2,20180220,633,369,1061,106.92,12.65,delivered,3,40
3228,3ac2942860a9459ca83476625a83ea0f,3,20180220,633,318,1061,279.34,41.15,delivered,3,40
3229,d65648d711f44c309a4171fc32e60799,1,20180113,633,210,842,122.02,17.46,delivered,5,2
3230,0f92a69245f34581b468585357c178b9,1,20180212,633,227,264,62.11,9.83,delivered,5,33
3231,7abaaf53476348d985106b7969cbae81,1,20180129,633,292,4161,40.15,8.5,delivered,1,18
3232,6aacf9d4e57a4875807f10425d7f7490,1,20180117,633,258,1075,427.53,41.78,delivered,5,6
3233,6aacf9d4e57a4875807f10425d7f7490,2,20180117,633,183,1075,661.54,99.78,delivered,5,6
3234,cd7bffb37dbd4e098e7b030684e577b2,1,20180125,633,304,1475,177.75,16.0,delivered,5,14
3235,8f5d4815dc2a4a37b6ae25ebad23f7f4,1,20180121,633,291,3847,70.5,8.5,delivered,5,10
3236,6b9a020c77a2440096e8aabc3ea60c6a,1,20180112,635,457,2167,176.48,23.48,canceled,5,11
3237,d6a55449c3f4433984b46b09d9cf0c38,1,20180108,635,471,1827,153.41,17.97,delivered,5,7
3238,f6c2c43d4f3f48fa9ce27914084bb403,1,20180114,635,213,220,142.24,28.37,delivered,3,12
3239,41eb8db8f28a45acb30b0b7e06eac593,1,20180203,635,313,1961,36.88,8.5,delivered,5,33
3240,0c4ff9b794674f12b63122c950b2e920,1,20180125,635,402,3685,73.49,12.63,delivered,4,23
3241,6cc88e48b7e0493ab08805edeb26de37,1,20180103,635,108,169,128.81,28.28,delivered,5,1
3242,6cc88e48b7e0493ab08805edeb26de37,2,20180103,635,373,169,112.67,22.15,delivered,5,1
3243,03c94e28457e493280067cb8dd24df3f,1,20180205,637,52,1340,239.53,45.79,delivered,3,32
3244,3d49e4580000498b8036384f52b500d6,1,20180124,637,49,2528,71.99,15.56,delivered,5,20
3245,8ac5410eaae64f68bd2bbc39e180a241,1,20180129,637,500,2098,39.17,8.5,delivered,5,25
3246,17fd0a2f319a4e67b3d7a0e96b531e14,1,20180116,637,30,3734,117.11,15.43,delivered,5,12
3247,c79727cbd5284139bba4662132f1c276,1,20180110,637,485,206,72.65,12.38,delivered,5,6
3248,ab255487c5d14f1f87089175de40a124,1,20180107,637,112,1067,204.59,21.68,delivered,1,3
3249,5feb2d8c90b4414eb1044cf1586fb0d6,1,20171202,638,448,2092,135.85,25.38,delivered,4,13
3250,41f7a1ac5b5240af887e0a2835530007,1,20171231,638,79,3502,44.81,8.5,delivered,5,42
3251,41f7a1ac5b5240af887e0a2835530007,2,20171231,638,394,3502,68.61,10.25,delivered,5,42
3252,674e0c23b38c4b3e8c9510e9a690d600,1,20171214,638,263,4023,137.28,22.93,delivered,5,25
3253,cafa953ecf6d428a950e077cf5cdf520,1,20171126,638,254,4951,128.22,22.17,delivered,5,7
3254,f704d85b2f8d4dc4826dbe9c0bd4dfa8,1,20171221,638,428,4825,103.72,20.41,canceled,5,32
3255,1bfbdd12b19e4404b281f1a1844f9dfe,1,20180626,639,154,892,34.12,8.5,delivered,4,10
3256,e891ad84d0c54a239a208861d0f2442f,1,20180704,639,115,4803,41.39,9.0,delivered,4,19
3257,e891ad84d0c54a239a208861d0f2442f,2,20180704,639,469,4803,150.51,19.68,delivered,4,19
3258,1072f232f5a64654bb26e47dd723817e,1,20180628,639,381,1357,33.08,8.5,delivered,4,12
3259,cd8faa85e2304ebb8f24127a1e623a22,1,20180713,639,309,2883,54.13,9.81,delivered,5,27
3260,5bc5d086b8b74671b47fb1b1d2d1993c,1,20180501,640,437,3946,52.71,10.13,delivered,5,16
3261,5bc5d086b8b74671b47fb1b1d2d1993c,2,20180501,640,426,3946,53.83,9.89,delivered,5,16
3262,185d3ee388cd4b5abc1c4ba1c98a3f5a,1,20180505,640,377,2959,804.28,89.55,delivered,4,20
3263,185d3ee388cd4b5abc1c4ba1c98a3f5a,2,20180505,640,493,2959,93.46,10.16,delivered,4,20
3264,32faa0d9fcf44071a8f1c2ef30d1a7cb,1,20180427,640,110,1866,297.05,50.43,delivered,4,12
3265,6fac9ba826864596906ed64c02f57aa1,1,20180425,640,426,3137,78.24,10.89,canceled,5,10
3266,c1e0c2be7b374d41b020d890f83f3848,1,20180422,640,26,3109,214.13,21.4,delivered,5,7
3267,e939a6334d04475c9d718ef4e6adfcd9,1,20180517,640,271,356,26.46,8.5,delivered,5,33
3268,185f8c490a4b47289a8184d3825a26fe,1,20180509,640,180,3802,72.06,8.5,delivered,4,24
3269,3a403b9522a743dbb7edb4876548eca5,1,20180305,642,28,1863,57.26,11.59,delivered,4,3
3270,472bdd3cc8f64c219b97a0d287164b90,1,20180112,643,2,783,373.0,47.12,delivered,4,7
3271,472bdd3cc8f64c219b97a0d287164b90,2,20180112,643,111,783,40.97,8.5,delivered,4,7
3272,13014f47497c483e9c6d306927c6d95d,1,20180116,643,285,1706,141.61,20.6,delivered,5,10
3273,31a7abe041d5431192371649f1f25c0e,1,20180228,644,397,2351,52.24,8.5,delivered,5,68
3274,d767ffd4d90e45ee919aa4a014725450,1,20171224,644,46,3898,14.25,8.5,delivered,5,2
3275,15a8565fdbdd4326acb1e65822088ce9,1,20180104,644,276,2132,42.35,8.5,delivered,4,14
3276,f97129463bb547c09c6a7211f4506e6a,1,20171227,644,99,2664,127.49,23.28,delivered,5,5
3277,ccf66b4d01f74fe89150d2f76acfeace,1,20180104,644,138,2057,155.29,30.02,delivered,5,14
3278,89b292a578284675bd5849cd479597ab,1,20180307,644,139,4625,244.42,30.35,delivered,2,75
3279,d55d1395672642cfb6f0d28a8dd3067a,1,20180627,646,284,2153,114.69,13.64,delivered,5,44
3280,f84d0c9137d34c06bd216b7d030566fe,1,20180602,646,433,3660,88.64,11.49,delivered,5,19
3281,296c3e6c73964c57bbe0477bffbef9d8,1,20180702,646,332,4325,17.83,8.5,delivered,5,49
3282,5ee4ae744fbf423fa1a3fdfd9783c43b,1,20180608,646,46,4438,142.46,24.29,delivered,5,25
3283,badb81b026f3420fa42ef23bfdf1b641,1,20180601,646,273,1569,51.38,8.5,delivered,5,19
3284,87845def5e804a358726c5e927a41236,1,20180529,646,54,3907,81.97,9.7,canceled,5,16
3285,488ae82a80ad4d1fa14fa788ee67dccb,1,20180516,646,209,3520,350.47,67.59,delivered,4,2
3286,36c56f2a6cd74144ba80f8dac8e4fda0,1,20180518,646,171,79,77.38,8.5,delivered,5,4
3287,edc3cb46df344f27a86c572a57cd3b23,1,20180717,646,1,2230,88.32,19.27,delivered,5,64
3288,edc3cb46df344f27a86c572a57cd3b23,2,20180717,646,201,2230,37.45,8.5,delivered,5,64
3289,edc3cb46df344f27a86c572a57cd3b23,3,20180717,646,176,2230,145.55,20.89,delivered,5,64
3290,ca31ff0b05db4f3882e3b74e9c2607fd,1,20180606,646,434,3033,10.74,8.5,delivered,1,23
3291,c801923308e44274a747dae2e4809871,1,20180523,646,72,3752,364.99,59.24,delivered,4,9
3292,c801923308e44274a747dae2e4809871,2,20180523,646,245,3752,95.55,14.06,delivered,4,9
3293,f1dbd32c6f8c48a29eea798a394f71e1,1,20180518,646,222,481,106.61,16.28,delivered,3,4
3294,274103ce4b54445eb6d2e2a8fcbc3eb8,1,20180524,646,314,1977,303.11,57.49,delivered,5,10
3295,e878353ac44346e79da54dd40fa4b78c,1,20170710,647,249,961,26.71,8.5,delivered,5,1
3296,7402b9d7e60a4f1aa6f44246a7c41253,1,20170727,647,113,3074,497.38,98.96,delivered,4,18
3297,d782da7fff2748298dfb9f72440a1897,1,20180414,648,398,104,137.03,27.75,delivered,5,28
3298,8f138585f4fe47fbadbf0449914c0e4d,1,20180406,648,487,4450,143.39,21.32,delivered,5,20
3299,a8e355a2614345a4834e13c0d75c6fbf,1,20180514,649,32,1221,104.98,22.13,delivered,4,33
3300,e98622c1dd804ffbaa21264e58dc1b3f,1,20180514,649,58,2881,62.52,12.52,delivered,5,34
3301,a207deef940e44dfbf986f6cfcbbfb9c,1,20180430,649,310,3262,82.34,8.5,delivered,4,19
3302,331e821efc0642de977829dbc145cad6,1,20180502,649,31,473,42.43,8.5,delivered,5,21
3303,af85d35621fe480ca07634c35bf3c226,1,20180709,649,241,4704,101.9,14.47,delivered,1,89
3304,e9636b42553347d4a4a989efaf49b9ff,1,20180419,649,146,852,19.32,8.5,canceled,5,9
3305,861654adb80f40fe864502026418ab1b,1,20180415,649,282,3173,357.79,51.72,delivered,3,4
3306,352c327be372465bb87d9378e75287dc,1,20180414,649,442,1219,89.19,18.75,delivered,5,4
3307,372b4cbef3bb4d9fafe75994d0dbd3b1,1,20180603,649,278,4204,195.49,29.79,delivered,2,54
3308,5f9ff1fe924845f5b8621415f586867b,1,20180504,649,465,4614,218.83,32.97,delivered,5,23
3309,99461201c6214f5983268d383639210a,1,20180418,649,207,3730,35.33,8.5,delivered,5,8
3310,69a5179664ae44459c65bf91b9150278,1,20180511,649,130,3530,392.95,82.08,delivered,4,30
3311,9f83250dd240491c8929a6ab8a1b8228,1,20180424,649,292,101,116.75,20.99,delivered,5,14
3312,00f2f28276734032aff89d88702ed441,1,20180521,650,303,2109,66.25,14.46,delivered,4,2
3313,6fc5256ac4074af09e63997f30a2c081,1,20180707,650,197,1593,210.87,30.22,delivered,5,49
3314,9a69802f0e2042c18463db17e58225da,1,20180606,650,196,538,113.47,16.16,canceled,2,18
3315,80fa42601f7946b3bd60c6dd825d583a,1,20170928,651,465,146,43.45,8.5,delivered,5,7
3316,3ef7141ceab04c0c9ff4d6a0aa1be985,1,20170927,651,425,2528,34.13,8.5,delivered,5,5
3317,1e87c3aae8a6487ba05c39182600e0b8,1,20170927,651,406,3682,53.28,8.5,delivered,5,6
3318,5dfeb1e0b57546c88f7e28dbc2a90537,1,20171017,651,192,1775,28.31,8.5,delivered,5,26
3319,5dfeb1e0b57546c88f7e28dbc2a90537,2,20171017,651,210,1775,96.31,16.32,delivered,5,26
3320,d1e91478788f4759bd36ec8f0548d1a5,1,20171004,651,61,703,119.13,24.24,delivered,3,12
3321,d1e91478788f4759bd36ec8f0548d1a5,2,20171004,651,425,703,99.21,16.43,delivered,3,12
3322,45b05a78d61c4e3b8e4d6ca15cd8dc60,1,20171006,651,364,4200,44.76,8.5,delivered,5,15
3323,45b05a78d61c4e3b8e4d6ca15cd8dc60,2,20171006,651,414,4200,45.19,8.5,delivered,5,15
3324,45b05a78d61c4e3b8e4d6ca15cd8dc60,3,20171006,651,12,4200,10.93,8.5,delivered,5,15
3325,35a60cb0031c47fcb3b5e1940b0be0af,1,20170923,651,376,395,53.04,8.5,delivered,5,1
3326,9251ce21303e432ea85bcddfff4c36d8,1,20180219,652,34,2844,165.96,20.91,delivered,5,2
3327,9251ce21303e432ea85bcddfff4c36d8,2,20180219,652,310,2844,84.47,15.75,delivered,5,2
3328,6733e8aa3cd344a4affbf5377ef4c995,1,20180316,652,454,4052,69.69,8.5,delivered,5,26
3329,64f6eaf356a042669f2a9316969a4735,1,20180221,652,306,1316,40.15,8.5,canceled,5,3
3330,64f6eaf356a042669f2a9316969a4735,2,20180221,652,320,1316,58.92,8.84,canceled,5,3
3331,d52b716af289495db48cc6a48e54e52f,1,20171119,653,38,3464,92.48,18.95,delivered,5,46
3332,d52b716af289495db48cc6a48e54e52f,2,20171119,653,427,3464,142.62,17.23,delivered,5,46
3333,07ffeb14e84f4d0f96016601a648311d,1,20171007,653,50,3496,34.7,8.5,delivered,5,3
3334,07ffeb14e84f4d0f96016601a648311d,2,20171007,653,389,3496,115.02,16.72,delivered,5,3
3335,8849561f94954e0a8601f09439777d82,1,20171023,653,210,2280,39.72,8.5,delivered,5,18
3336,f87f83819bb940f6ac3e937c33ae3858,1,20171124,653,380,4564,116.57,17.79,delivered,5,51
3337,e2c966bee3ab4b24997c738b6325f473,1,20171008,653,6,1259,199.87,23.12,delivered,4,3
3338,5ddeb0bf7cc4464e933f273924ff6395,1,20171124,653,360,4829,165.83,24.51,delivered,5,51
3339,a8f9d5df83494c1dba0b53635ddcc496,1,20171030,653,102,275,138.51,12.7,delivered,5,26
3340,a8f9d5df83494c1dba0b53635ddcc496,2,20171030,653,34,275,44.7,8.5,delivered,5,26
3341,0f884520206b4519a283df52e8e2ded2,1,20171008,653,286,3665,71.66,11.84,delivered,5,4
3342,c8c351d5642a47e581dc881797e5bae6,1,20171005,653,325,2541,75.96,15.97,delivered,3,1
3343,af571766a4e04f69adb4aebefd39bc42,1,20171104,653,302,824,37.66,8.5,delivered,5,31
3344,40882786ba7e4028bf2caf632b5b5867,1,20171013,653,39,1736,92.13,15.1,delivered,5,9
3345,df75bfb2d70848159c77803e01bb62a9,1,20171017,653,119,83,53.1,8.5,delivered,4,13
3346,32d1b1dfb1da47dd9b207486cfbaf423,1,20171120,653,358,3630,117.86,21.97,delivered,4,47
3347,f95e5a4cc32f4353812f27737ac649a5,1,20171205,653,436,2682,32.79,8.5,delivered,5,61
3348,e01fe2fb66284d78b74ccfcbaad99c32,1,20171009,653,338,1412,134.7,24.8,delivered,4,5
3349,cee998bb5f7d47719d465c2c0b7e18b7,1,20180622,654,132,1627,107.19,16.65,delivered,5,5
3350,e3ffa97c3d024c98a4f7095198146a77,1,20180611,655,3,1975,55.42,8.5,delivered,3,10
3351,785be048da074fc1a7eba5c2c0b56a7d,1,20171016,656,142,3910,157.0,29.68,delivered,5,22
3352,ffa204dc656548669bd1813c9222a7c9,1,20171113,656,391,1727,106.71,21.88,delivered,5,50
3353,ffa204dc656548669bd1813c9222a7c9,2,20171113,656,189,1727,227.13,43.8,delivered,5,50
3354,b204d1aaa8b34f85a4362986064318f3,1,20170927,656,8,1678,51.62,8.5,delivered,5,3
3355,790709432ade45b1a00a42a2de0bf844,1,20171208,657,237,4055,230.35,28.74,delivered,5,3
3356,ada8c12564374e5dbf78a30bad6fecc1,1,20171223,657,113,1226,65.18,8.5,delivered,1,18
3357,ada8c12564374e5dbf78a30bad6fecc1,2,20171223,657,121,1226,86.73,9.99,delivered,1,18
3358,07437d48c281430ea8d7af01f44967e6,1,20171217,657,409,1676,195.42,35.94,delivered,4,13
3359,ef820e1d2dd745ad85684102da2b85ce,1,20171218,657,4,3582,61.45,9.14,delivered,5,13
3360,ef820e1d2dd745ad85684102da2b85ce,2,20171218,657,454,3582,256.9,28.56,delivered,5,13
3361,6497964dfd41423e8a4a9b28f0ee4b4e,1,20171219,657,439,3444,47.97,8.5,delivered,1,15
3362,6497964dfd41423e8a4a9b28f0ee4b4e,2,20171219,657,395,3444,362.79,45.58,delivered,1,15
3363,2edba938ad0847a29b3b6183ac1ac925,1,20171207,657,457,4248,103.96,12.58,delivered,3,2
3364,2edba938ad0847a29b3b6183ac1ac925,2,20171207,657,244,4248,98.45,19.7,delivered,3,2
3365,6a5cf21f24ff4e34b2c73b35a6aef0ac,1,20171018,658,377,3106,164.2,21.12,delivered,4,17
3366,2704761d8e804d70957945190b6afb6a,1,20171007,658,384,4724,12.83,8.5,delivered,5,7
3367,5e051794ef374739b6c78f55e5a98f6a,1,20171026,658,371,2959,56.2,8.5,delivered,5,26
3368,510f29f04ed04420975c2ed515b608a9,1,20171019,658,276,496,102.96,10.15,delivered,5,18
3369,b2037e6bfe4f481eb82173bb3ae358ae,1,20171007,658,480,1177,222.27,39.77,canceled,5,6
3370,69690d58c20044f98bb2a2725d131c11,1,20171008,658,33,3770,39.01,8.5,delivered,3,7
3371,69690d58c20044f98bb2a2725d131c11,2,20171008,658,102,3770,101.69,20.24,delivered,3,7
3372,02f3741fc02844c992ee694d38112bb7,1,20171116,658,393,1762,12.04,8.5,delivered,5,47
3373,1f8acc5a58e04961919c8c93c56b8edc,1,20171011,658,436,3906,48.04,8.54,delivered,5,10
3374,d9a6bff1ca964e14bcda12ca947c8abd,1,20171113,659,226,3995,120.92,26.39,delivered,5,44
3375,42b7a77aa8e0453fb807fddba97e3060,1,20171020,659,498,4301,46.16,9.18,delivered,5,21
3376,42b7a77aa8e0453fb807fddba97e3060,2,20171020,659,128,4301,35.14,8.5,delivered,5,21
3377,c104ac41b4a944568db498449037f0b7,1,20171009,659,338,1230,62.46,12.59,delivered,5,10
3378,13f0f2f108034d5c8f8f2032ec5e1154,1,20171016,659,187,3711,207.9,41.23,delivered,5,16
3379,5bc36dc3e8374aaf93c6241d0a758b83,1,20171006,659,171,2211,100.22,9.61,delivered,1,6
3380,8251056b65844ed08206d41a2ed7902d,1,20171203,660,7,1268,62.5,9.74,delivered,5,2
3381,3b55fdd0641d4ce2bb9fe3738f691a01,1,20180327,661,347,3342,75.7,8.91,delivered,5,9
3382,527e30c4270c4accb20f818eec969387,1,20180402,661,198,4635,147.42,14.31,delivered,4,15
3383,527e30c4270c4accb20f818eec969387,2,20180402,661,266,4635,93.73,8.5,delivered,4,15
3384,2f431bfedeae4be4bfddd0e19412362c,1,20180319,661,222,3081,144.53,23.1,delivered,5,1
3385,bfe4be48fe3f4c07b654d811547adbea,1,20180410,662,39,4906,67.18,8.5,delivered,3,8
3386,e18a58633b104982bdb74d84fd37aaab,1,20180408,662,78,1636,99.44,16.54,delivered,5,6
3387,2203ae47864043b0b5f078bde4b7bf98,1,20180427,662,375,1194,12.95,8.5,delivered,5,25
3388,63094061d44648bd8130340dd4f0c2bf,1,20180405,662,359,3972,71.4,10.66,delivered,4,3
3389,834b3e4f07b44e509791dfa02f90744f,1,20180107,664,98,2011,15.52,8.5,delivered,5,20
3390,834b3e4f07b44e509791dfa02f90744f,2,20180107,664,185,2011,59.59,8.5,delivered,5,20
3391,834b3e4f07b44e509791dfa02f90744f,3,20180107,664,171,2011,73.25,12.54,delivered,5,20
3392,520abf6125334def88682321b365c402,1,20171225,664,352,2589,118.28,19.09,delivered,5,6
3393,520abf6125334def88682321b365c402,2,20171225,664,315,2589,264.33,32.25,delivered,5,6
3394,520abf6125334def88682321b365c402,3,20171225,664,72,2589,42.74,8.5,delivered,5,6
3395,001a02ce02154444a275a2f7b9eb2523,1,20171225,664,299,4332,198.59,34.66,delivered,5,6
3396,2486d17fa9cb4615bec2b5d695290cf6,1,20171220,664,480,4215,233.58,31.23,delivered,5,1
3397,2486d17fa9cb4615bec2b5d695290cf6,2,20171220,664,16,4215,32.28,8.5,delivered,5,1
3398,42acfe9374a64af58236147559ed5c61,1,20171227,664,306,3772,461.59,85.04,delivered,5,9
3399,d5455cb605fd47e98793d8fd8bab6b5c,1,20180315,665,262,211,349.67,29.41,delivered,3,14
3400,d5455cb605fd47e98793d8fd8bab6b5c,2,20180315,665,333,211,205.08,25.99,delivered,3,14
3401,d5455cb605fd47e98793d8fd8bab6b5c,3,20180315,665,286,211,74.27,12.83,delivered,3,14
3402,4730b72ce55b4f07982a12b584a13214,1,20180413,666,69,2229,78.75,14.89,delivered,5,16
3403,ce0060aa6ab847ed943e0c3fa7a8f807,1,20180407,666,364,3536,432.7,64.56,delivered,4,10
3404,4e0d65c8f21946d8a16b34b43a954152,1,20180411,666,401,1741,37.08,8.5,delivered,5,14
3405,4e0d65c8f21946d8a16b34b43a954152,2,20180411,666,398,1741,29.87,8.5,delivered,5,14
3406,3a64f432f7e94d9f982e14ff3bc5403c,1,20170906,668,120,450,90.28,13.7,delivered,5,9
3407,3a64f432f7e94d9f982e14ff3bc5403c,2,20170906,668,153,450,400.56,71.21,delivered,5,9
3408,3a64f432f7e94d9f982e14ff3bc5403c,3,20170906,668,24,450,52.74,9.91,delivered,5,9
3409,5999ef3f3e334bc2be89d866fc8724a5,1,20170922,668,263,4000,25.7,8.5,delivered,4,25
3410,a5615421c3fd4cb3a9a833ee0f466ef3,1,20170911,668,285,961,195.26,36.38,delivered,5,15
3411,c3fdafc84ca74f4897d0daa64278a24b,1,20170914,668,242,4306,32.33,8.5,delivered,4,18
3412,45c17a6202914fa896961fbb791aa09a,1,20171004,668,457,750,183.74,20.57,delivered,5,37
3413,1897cabade6141099ad4985ad8fe71db,1,20180525,669,355,3166,766.55,108.63,canceled,5,22
3414,bf25683b0dc5412b93f3102f52b80c5d,1,20180525,669,352,1780,56.39,8.5,delivered,5,23
3415,c818235cafdf4c6e8451b1895b503629,1,20180604,669,230,4009,21.23,8.5,delivered,5,33
3416,b47464d8a7ef42cea42288397facb583,1,20180511,669,445,1456,66.36,8.5,delivered,2,8
3417,9e3896419ad945119037e387f5b5acaa,1,20180507,669,447,4461,80.77,8.5,delivered,5,4
3418,9e3896419ad945119037e387f5b5acaa,2,20180507,669,163,4461,72.31,11.97,delivered,5,4
3419,9e3896419ad945119037e387f5b5acaa,3,20180507,669,86,4461,96.15,8.5,delivered,5,4
3420,0e9932a420934be4a173b2f809579d5c,1,20180627,669,177,2144,27.12,8.5,delivered,2,56
3421,0b0b00caae0644cdbdce44169b1a7d96,1,20170915,670,455,3247,92.73,14.77,delivered,4,8
3422,c67e9444a76c41df88385602df971a05,1,20170912,670,479,2820,144.94,12.46,delivered,5,4
3423,3a265ac52c314b959cb994e43666aa18,1,20171125,670,388,4932,255.01,31.96,delivered,5,79
3424,d61f2f9e5afe4b1988e76041144c5a56,1,20170929,670,279,1392,64.24,11.01,delivered,5,22
3425,4ffdd8265dd74a1daa81070fadb98432,1,20170917,670,16,3677,163.3,32.51,delivered,5,10
3426,517b186c6dcb4a8cbcbd1dd134435643,1,20170929,670,444,2554,83.59,17.41,delivered,5,21
3427,02cea0ae612d4d27a44cb2497b7ee506,1,20170917,670,121,3175,77.97,15.14,delivered,5,10
3428,02cea0ae612d4d27a44cb2497b7ee506,2,20170917,670,19,3175,124.43,26.25,delivered,5,10
3429,c68bd883398b4e64b51ad8de6a6d17f3,1,20170930,670,324,4022,46.68,8.59,delivered,4,23
3430,a85f7d3423f94011be75067e767c9de2,1,20171025,670,223,4681,46.43,8.5,delivered,5,48
3431,248e6294720c4bb0af6b7a1b324f9b8d,1,20170924,670,186,1874,20.53,8.5,delivered,5,17
3432,8227cf3d98e7497d9dd659e84961318b,1,20170913,670,499,3451,245.39,21.98,delivered,5,6
3433,82307a6263db46bc9e4f134b78cc7aaf,1,20170910,670,249,2230,99.36,11.35,delivered,1,2
3434,8c8cc8a4437e40b0a4f6e39da0e31acb,1,20171110,670,114,2769,22.25,8.5,delivered,1,64
3435,21695920d75f4663ab037bb126a01ed8,1,20180403,671,29,3243,133.75,26.9,delivered,2,3
3436,804de4ef3c6d4009aa88f550f72148a8,1,20180415,671,48,1,27.52,8.5,delivered,5,15
3437,c0cffe47120640648a22b9ae175ab1d9,1,20170805,672,215,4646,35.01,8.5,delivered,5,27
3438,f855efe1e5d147b993c5969903b6064b,1,20170728,672,408,4616,39.56,8.5,delivered,5,19
3439,38cfb9dd81c34fc9bf269e4daf284381,1,20170731,672,310,2277,49.26,8.5,delivered,5,22
3440,bae5c7c48e9c4e52845082f60745b399,1,20170712,672,15,160,59.84,11.45,delivered,4,3
3441,d7f175c3542642fe8e43f9c1b6e44ad3,1,20170820,672,194,3211,87.54,12.99,delivered,5,42
3442,1c610d31c0d74e348f02cd2ed822adf5,1,20170812,672,124,2541,89.58,15.3,delivered,5,35
3443,1c610d31c0d74e348f02cd2ed822adf5,2,20170812,672,138,2541,59.76,8.5,delivered,5,35
3444,c233b9c84f474006a95d91b8d5c2fd66,1,20171210,673,394,1845,235.12,39.65,delivered,5,3
3445,54c4e0ea1fd1412cba3ddd6392aefbff,1,20180112,673,372,4186,83.37,15.06,delivered,5,36
3446,54c4e0ea1fd1412cba3ddd6392aefbff,2,20180112,673,149,4186,32.91,8.5,delivered,5,36
3447,d5e706d730c44995a69d93f61ea0c144,1,20171214,673,55,481,171.57,32.05,delivered,3,7
3448,fb2b1d143e8a4c429526e9a19bc2ae28,1,20171226,673,49,1750,136.48,18.09,delivered,3,19
3449,935bba79b4ec4ba8a6a747e4455161c0,1,20171213,673,477,4916,87.02,14.32,delivered,5,6
3450,450b5f2541c940479b1d56966d3a012e,1,20171223,673,393,4865,49.48,8.5,delivered,4,16
3451,8b1c1339d6bc428982e34c8cf63f5344,1,20180623,676,474,983,139.04,14.27,delivered,5,12
3452,8b1c1339d6bc428982e34c8cf63f5344,2,20180623,676,418,983,36.19,8.5,delivered,5,12
3453,8b1c1339d6bc428982e34c8cf63f5344,3,20180623,676,243,983,55.87,9.43,delivered,5,12
3454,3ea6382184de4dab8b9b228850d32216,1,20180615,676,332,3287,229.41,23.48,delivered,5,4
3455,3ea6382184de4dab8b9b228850d32216,2,20180615,676,75,3287,87.28,15.21,delivered,5,4
3456,d14eb253dec54098b6c89db5bb86e421,1,20180702,676,178,4949,73.41,10.24,delivered,2,21
3457,d14eb253dec54098b6c89db5bb86e421,2,20180702,676,451,4949,95.35,17.55,delivered,2,21
3458,122de140a4954c978d7f2bb96c9ac1fb,1,20180701,676,132,84,90.77,18.0,delivered,1,21
3459,122de140a4954c978d7f2bb96c9ac1fb,2,20180701,676,485,84,75.34,11.89,delivered,1,21
3460,4f0d458dad30400e8224db60504fb40a,1,20180615,676,197,245,7.19,8.5,delivered,5,5
3461,f21ccadaafc74ecd82e232f26c7cd689,1,20180706,676,386,2330,45.47,8.5,delivered,5,25
3462,62818ba3524348339b61a9b819faeb1a,1,20180614,676,441,1169,42.78,8.5,delivered,5,3
3463,f666ebcda65b4551aae156333661c421,1,20180613,676,112,3587,65.35,8.5,delivered,4,2
3464,f666ebcda65b4551aae156333661c421,2,20180613,676,152,3587,166.14,21.74,delivered,4,2
3465,3d4aaded01514b05a74e87e3fade4122,1,20180612,676,26,126,67.7,8.5,delivered,5,1
3466,e5f492a903a64eaf914f19216c640434,1,20180622,676,241,4774,92.17,9.9,delivered,1,11
3467,ff6ddce5646d44faa4658a425a69565a,1,20180726,676,353,2084,228.44,22.72,delivered,5,45
3468,85fd425b82f44e6382057bcf3e3b084c,1,20170713,677,20,3382,91.89,19.62,delivered,1,2
3469,17b5b91cfd114eb9b7cc95b3fa48d4e6,1,20170726,677,166,4266,62.06,8.5,delivered,5,14
3470,f59670a5a0f249b4967199e43ae2ee78,1,20180505,678,227,3528,93.19,8.5,delivered,3,28
3471,86f672755270485eaa8281d769d83ea6,1,20180416,678,58,50,164.95,24.56,delivered,5,9
3472,49dfd26c912d4157abf19c492f2bde4e,1,20180510,678,87,1372,48.79,8.5,delivered,3,33
3473,d5cc825860284b15a879d757c0d1da64,1,20170921,679,48,1542,133.67,19.12,canceled,5,2
3474,6530e0815cc94c8ab10a676b7f09832e,1,20170727,680,178,4473,105.75,12.89,delivered,5,8
3475,54b340b085274a258301b1f6b4d90bfe,1,20170812,680,17,3031,61.2,8.5,delivered,4,24
3476,24823d0a95c54ad59ab0963c0a8d4505,1,20170806,680,138,297,115.57,18.22,delivered,5,18
3477,47a02b5ff5124324bd7a4ec6dedef6d8,1,20170726,680,109,1540,29.0,8.5,canceled,5,7
3478,f5a48ddd0f5e46ff9de01cbbcc1b097d,1,20170725,680,84,847,20.9,8.5,delivered,2,6
3479,b32eee63170f4d808e26a746d1255c55,1,20170815,680,416,3556,21.3,8.5,delivered,5,27
3480,517d062f0c714a3f9fca99e07b25a9f5,1,20170811,680,210,3166,38.75,8.5,delivered,5,23
3481,e636b29691154c29867085c390e8aca9,1,20170720,680,419,2128,95.43,12.39,delivered,5,1
3482,e636b29691154c29867085c390e8aca9,2,20170720,680,87,2128,100.28,12.67,delivered,5,1
3483,e636b29691154c29867085c390e8aca9,3,20170720,680,25,2128,57.61,9.09,delivered,5,1
3484,dd8f9d23651e4d6b8f652823c44c146b,1,20170727,680,127,637,128.19,24.51,delivered,5,9
3485,6f2c7ab0d86748809e143cc2a4e3984d,1,20170805,680,297,3839,97.18,19.8,delivered,4,17
3486,b06e2bc2bfdc4390ba5eb25c532c8614,1,20170807,680,177,68,82.55,13.87,delivered,3,20
3487,d31b9f60aeed4c958bcd328c9d8d61ba,1,20170812,681,440,1954,331.39,33.62,delivered,3,27
3488,d31b9f60aeed4c958bcd328c9d8d61ba,2,20170812,681,350,1954,55.14,8.5,delivered,3,27
3489,d31b9f60aeed4c958bcd328c9d8d61ba,3,20170812,681,6,1954,87.83,10.05,delivered,3,27
3490,569b73c1f6eb40c9a22bf545b9d920ec,1,20170801,681,391,4624,383.41,82.45,delivered,5,16
3491,83183306aadb4ba1aa00a795377c820c,1,20170719,681,415,1522,87.37,14.39,delivered,4,3
3492,83183306aadb4ba1aa00a795377c820c,2,20170719,681,452,1522,77.6,8.5,delivered,4,3
3493,197fb8f8a2b24cfdb38ced1703bfe9b7,1,20170723,681,113,124,51.28,10.49,canceled,3,7
3494,197fb8f8a2b24cfdb38ced1703bfe9b7,2,20170723,681,376,124,48.05,8.5,canceled,3,7
3495,09e74a47974c47a1b6aa33d4fdd79e61,1,20170803,681,149,1860,73.99,8.5,delivered,3,18
3496,ddb4195ab05b40089a67414cbceca70c,1,20170729,681,304,3801,74.05,8.5,delivered,5,12
3497,319b92c1146949dba7b2ad0d1b3dc5a5,1,20170809,681,169,1008,118.95,9.73,delivered,5,23
3498,4f94b88f8a7b4b17b5b88b4519478305,1,20170820,681,309,4741,56.64,8.5,delivered,3,35
3499,468687e7f16b408dbb0236b2f63c63a7,1,20170809,681,143,2512,85.99,8.5,delivered,4,24
3500,468687e7f16b408dbb0236b2f63c63a7,2,20170809,681,224,2512,100.66,16.38,delivered,4,24
3501,eeef9156e6ef49b79c54e74386a6d855,1,20180417,682,409,2026,76.51,10.77,delivered,5,6
3502,eeef9156e6ef49b79c54e74386a6d855,2,20180417,682,107,2026,42.12,8.5,delivered,5,6
3503,e7fdb443fee34140a3274f82ae49dd3c,1,20180418,682,474,954,104.52,17.63,delivered,5,7
3504,e7fdb443fee34140a3274f82ae49dd3c,2,20180418,682,382,954,145.29,27.92,delivered,5,7
3505,e7fdb443fee34140a3274f82ae49dd3c,3,20180418,682,212,954,87.86,13.12,delivered,5,7
3506,795c4042446a46f09e3c263b49ee9744,1,20180523,682,289,3784,115.81,15.38,delivered,4,42
3507,ebb8389ce336456da6abaafd78739608,1,20180224,683,112,1345,68.94,8.5,delivered,4,27
3508,3e9032d5393943f9b88aa91585f94553,1,20180309,683,98,4007,87.2,15.23,delivered,5,40
3509,3e9032d5393943f9b88aa91585f94553,2,20180309,683,325,4007,258.68,43.0,delivered,5,40
3510,94b45a6306cd44a69ea0aa56d485de51,1,20180312,683,350,3352,225.12,43.4,delivered,5,43
3511,a57f121f75684597b750bb52afac25f2,1,20180212,683,158,516,129.89,13.87,delivered,5,15
3512,d7366cf38c4c4b00bda93a56cd416ec4,1,20180201,683,77,4247,42.77,9.11,delivered,5,4
3513,a52ad6d5f12f4133b0753b7e9d9aa798,1,20171206,685,325,4484,104.48,19.31,delivered,4,19
3514,208ea0791d1c4b65875c588cb774baf7,1,20171231,685,242,711,25.13,8.5,delivered,5,44
3515,208ea0791d1c4b65875c588cb774baf7,2,20171231,685,82,711,54.21,9.5,delivered,5,44
3516,68a38ec350d9452e93d2be3efac04d57,1,20171224,685,227,3505,67.25,8.5,delivered,4,37
3517,75a654ccf3524604b2801d5e1236db88,1,20171218,685,35,2043,76.22,8.5,delivered,4,31
3518,75a654ccf3524604b2801d5e1236db88,2,20171218,685,39,2043,50.86,8.5,delivered,4,31
3519,117e91807aba4dd29d331f51b40515bd,1,20171202,685,177,2354,51.73,10.36,delivered,5,15
3520,ab4a0a242b1d4e04ab1b94a65328bc5d,1,20171122,685,74,3584,146.04,20.15,delivered,4,5
3521,5ea8c2413ac74129850a1c8fe9684bf7,1,20171223,687,474,2351,124.63,25.62,delivered,4,9
3522,486f3b9825294daaa9ee167a2bba51ca,1,20180103,687,276,1680,192.19,28.33,delivered,2,20
3523,1b27a089902242e98e1a5ea03964c7b3,1,20170825,688,423,2557,43.24,9.3,delivered,5,9
3524,d0d180841bf04e7da8afa9c4bff057a7,1,20170830,688,33,2502,114.29,19.57,delivered,5,14
3525,379c30fd3919442a9ddfb7855b1a52c8,1,20170921,688,91,4373,120.87,16.51,delivered,4,35
3526,4a36ce4861f348889734975043052852,1,20170905,688,445,155,16.05,8.5,delivered,5,19
3527,e295917ab1564e29aa100e97681620f8,1,20170822,688,64,4496,69.58,8.5,delivered,3,6
3528,d00cf564b0f847d4ad2e9651b1c06e7f,1,20170822,688,208,4155,109.53,14.49,canceled,5,5
3529,ea98fc95ce384e77990723581547c2cb,1,20170830,688,456,4253,79.09,13.83,delivered,4,14
3530,178b820ea01b47108842070793a2be42,1,20170909,688,20,4164,43.97,8.5,delivered,3,24
3531,178b820ea01b47108842070793a2be42,2,20170909,688,344,4164,233.37,22.91,delivered,3,24
3532,753d51d9f9ab4a1d819645e0b90aba7a,1,20171209,689,401,1513,7.65,8.5,canceled,3,8
3533,595f71b352734f0ba6921a6e6cae36c7,1,20170915,691,194,1682,277.02,23.48,delivered,5,16
3534,595f71b352734f0ba6921a6e6cae36c7,2,20170915,691,481,1682,61.86,11.98,delivered,5,16
3535,71d51b61070348d39132d33dcb7bd1c6,1,20170901,691,41,3555,71.71,8.5,delivered,1,2
3536,71f1d601d3174b9fbc9406dac694db98,1,20180403,694,232,4230,239.06,49.61,delivered,5,17
3537,71f1d601d3174b9fbc9406dac694db98,2,20180403,694,391,4230,136.89,13.86,delivered,5,17
3538,cd95ba418fe1454d9c5f2ac8cdcc6513,1,20180406,694,4,57,95.29,16.29,delivered,5,19
3539,013cb952455c4e7fa22da24c5fb8b2dd,1,20180330,694,58,1883,72.63,12.47,delivered,4,12
3540,d162a5c2d63d42eb844ecb4ad81b1f57,1,20180313,695,298,4015,119.74,12.68,delivered,5,10
3541,2cc8a6e7b3f144939ccc1ea7de77d475,1,20180312,695,285,4595,40.68,8.5,delivered,5,9
3542,f477c24ed26c4e56bbb1a42a2aa942b5,1,20180309,695,455,3892,163.05,28.99,delivered,3,6
3543,f477c24ed26c4e56bbb1a42a2aa942b5,2,20180309,695,326,3892,42.53,8.5,delivered,3,6
3544,f477c24ed26c4e56bbb1a42a2aa942b5,3,20180309,695,357,3892,40.08,8.5,delivered,3,6
3545,0ed001c57d3443cf8e2a8420a23f2c16,1,20180316,695,460,616,37.96,8.5,delivered,5,13
3546,0ed001c57d3443cf8e2a8420a23f2c16,2,20180316,695,297,616,21.19,8.5,delivered,5,13
3547,4b5d12249da7459384a77ff0daa66a9a,1,20180305,695,204,1433,47.56,8.5,delivered,5,3
3548,d0afa47060e8459cac5f4f98137ba72f,1,20180516,695,160,1954,41.43,8.5,delivered,4,75
3549,f48623f3e4ab4f06ac7bb50f06dbba9c,1,20180325,695,80,3728,50.54,8.5,delivered,5,22
3550,2a6f8c92c0d64f5ab90b32c7ecb426cb,1,20180415,695,212,118,59.8,12.43,delivered,4,43
3551,e4fd10e7cf7f4d76989c3724ae7b6512,1,20180330,695,174,4169,90.45,16.03,delivered,2,27
3552,f235d5f1e0b14e64aadb4d12f5c1d879,1,20170805,697,275,722,30.01,8.5,canceled,5,34
3553,c80cf807bea44fbf87a7e82da30923b1,1,20170907,698,309,4994,53.21,9.08,delivered,4,48
3554,e1e52199074040e6af17a58ba2ae9e77,1,20170804,698,398,1830,67.45,10.65,delivered,4,14
3555,0d9e407029964603a21a4ee2a2f2b6fe,1,20170810,698,50,3671,74.45,8.81,delivered,5,20
3556,894e87ee59a84218a74639665b2f330b,1,20180110,699,424,4863,70.69,13.32,delivered,5,22
3557,894e87ee59a84218a74639665b2f330b,2,20180110,699,303,4863,90.73,13.82,delivered,5,22
3558,8eaaa507a3fd4b5e852b83a7f3af5498,1,20171223,699,86,1429,35.41,8.5,delivered,5,4
3559,063c46cb32e74cebb8de68e343b0f04f,1,20171224,699,410,701,22.69,8.5,delivered,4,6
3560,a5621292f0e344c2a8aaade4fa8d93ca,1,20171220,699,200,426,34.46,8.5,delivered,5,1
3561,7b749c7d779e4513bfe197a292e16c4c,1,20180402,699,252,4719,81.55,8.5,delivered,4,105
3562,971b129d420d4773813234cc9f41787f,1,20170924,700,288,635,279.7,57.12,delivered,5,18
3563,8af0184ced884eb696e72583fe1e7acd,1,20180411,702,455,2416,78.62,15.8,delivered,1,38
3564,d1674369e63e486da4185a47d8d0033c,1,20180310,702,66,1652,99.05,11.88,delivered,5,6
3565,4dff026e068e4837bf10d13baa6f3a33,1,20180320,702,96,4128,110.92,12.2,delivered,4,16
3566,863e7b71143540a6a5d8bfb0b1d8ce02,1,20180308,702,36,4557,92.39,13.6,delivered,3,4
3567,863e7b71143540a6a5d8bfb0b1d8ce02,2,20180308,702,114,4557,143.79,27.67,delivered,3,4
3568,974290ae8b62414eaf9b43afacc2d453,1,20180305,702,361,3762,85.49,11.82,delivered,4,1
3569,2d3c4a14bb4a424db57343520a3d0671,1,20180217,703,362,2719,51.35,8.5,delivered,5,16
3570,6331317ccceb4e6e9905c0f9a208a37c,1,20180217,703,150,2947,319.72,28.91,delivered,5,16
3571,a02390e3e321491ebdc0090843383126,1,20180207,703,113,4496,32.0,8.5,delivered,1,6
3572,a3719bc29fe44ea18719f532e43d9d9b,1,20180211,703,244,1997,62.11,11.42,delivered,4,11
3573,7e5b2233bfc140a583a1b6bf56654cd3,1,20180211,703,140,702,95.9,12.42,delivered,4,10
3574,50a77e201a504957986788a017b30cc3,1,20180213,703,254,3711,38.12,8.5,delivered,4,12
3575,56860c14dca2474d98021760c3c09506,1,20180202,703,142,1132,62.85,13.51,delivered,5,1
3576,56860c14dca2474d98021760c3c09506,2,20180202,703,259,1132,49.97,8.5,delivered,5,1
3577,2a3adaa25c874bc288c542ddf26ff368,1,20180223,703,226,4203,65.91,8.5,delivered,5,22
3578,2a3adaa25c874bc288c542ddf26ff368,2,20180223,703,278,4203,92.09,18.66,delivered,5,22
3579,2a3adaa25c874bc288c542ddf26ff368,3,20180223,703,463,4203,28.54,8.5,delivered,5,22
3580,bc3be7cc46774ac3af7538c52c536e3d,1,20180227,703,137,2311,15.23,8.5,delivered,3,27
3581,bc3be7cc46774ac3af7538c52c536e3d,2,20180227,703,94,2311,22.96,8.5,delivered,3,27
3582,33fc31778944430083220f7d7b9450de,1,20180212,703,246,510,74.47,14.42,delivered,5,11
3583,5f26dd2a6b0245adbb87573f4ce25ce9,1,20180629,704,285,2727,50.57,8.5,delivered,4,16
3584,955799661a7d4c3195237540686c4175,1,20180617,704,493,889,149.36,16.84,delivered,3,5
3585,451a30b4178e43098dea607ff179f33e,1,20180730,704,2,1326,26.6,8.5,delivered,2,48
3586,c1e691321ce54ce5947f36c3b7ba14ff,1,20180711,704,47,1753,82.53,13.83,delivered,5,29
3587,acb3e7bf8b8b43e39cce28b46e75094c,1,20180614,704,375,4497,113.63,15.06,delivered,5,1
3588,051855b1c8c24bf8b732b0359992353a,1,20180112,705,398,125,84.34,16.82,delivered,5,1
3589,3286f43e984f451a9028f799adf1750f,1,20180112,705,383,4064,245.5,36.91,delivered,5,1
3590,90ce36325e5d4767af66aea7ac461850,1,20180205,705,156,1925,92.13,8.5,delivered,3,25
3591,430538e35de64968bc192a4b37b88ce1,1,20180214,705,184,4818,54.89,11.32,delivered,4,34
3592,430538e35de64968bc192a4b37b88ce1,2,20180214,705,34,4818,20.98,8.5,delivered,4,34
3593,430538e35de64968bc192a4b37b88ce1,3,20180214,705,207,4818,57.25,8.5,delivered,4,34
3594,c8bf9453d6264966b3635a947bb4e5bf,1,20180203,705,267,2617,107.67,14.31,canceled,5,23
3595,6f33532637b84ce780510489dbe156b6,1,20180127,705,465,584,126.26,21.88,delivered,5,15
3596,1270078248004df3b49aa91929fc41f2,1,20180201,705,162,3231,100.19,14.73,delivered,1,21
3597,092980bdbc5d4020bdc745ab833d8160,1,20180130,705,4,417,41.35,8.5,delivered,5,19
3598,04a4aac6dc0a4277a76296b8361211e5,1,20180122,705,442,954,34.91,8.5,canceled,5,10
3599,04a4aac6dc0a4277a76296b8361211e5,2,20180122,705,176,954,67.9,8.5,canceled,5,10
3600,fd0aa437a93542dbb14d79106acfa96a,1,20180125,705,412,3101,165.31,29.26,delivered,5,13
3601,9b27282c6591454a8f78d2c0513a41e2,1,20180118,705,238,3069,16.14,8.5,delivered,5,7
3602,9b27282c6591454a8f78d2c0513a41e2,2,20180118,705,47,3069,47.48,8.5,delivered,5,7
3603,5821f208e160499691c60fe5dc1b10a8,1,20180421,706,459,1886,93.53,18.99,delivered,5,3
3604,5821f208e160499691c60fe5dc1b10a8,2,20180421,706,199,1886,43.07,8.67,delivered,5,3
3605,0ad9fa3a97764d75811b237bdb28a99e,1,20180305,707,135,3754,91.66,12.38,delivered,5,23
3606,912bbec8f9bc4299877c0de71a1f771a,1,20180321,707,397,4560,20.59,8.5,delivered,5,39
3607,4b0e5df65bbb40ec925796660f7f469d,1,20180215,707,446,3054,38.15,8.5,delivered,4,5
3608,4b0e5df65bbb40ec925796660f7f469d,2,20180215,707,81,3054,77.83,15.08,delivered,4,5
3609,4b0e5df65bbb40ec925796660f7f469d,3,20180215,707,159,3054,112.0,18.49,delivered,4,5
3610,3c570a2e9c6d4fe5836010968daac2d0,1,20180224,707,26,3279,97.38,15.24,delivered,4,13
3611,23af5529d2a74fd3b830c32b68e88840,1,20180306,707,265,3820,37.51,8.5,delivered,4,24
3612,97f9ead17fd04f05a5a535105261b692,1,20180306,707,99,2369,94.06,13.04,delivered,2,24
3613,97f9ead17fd04f05a5a535105261b692,2,20180306,707,115,2369,372.91,78.79,delivered,2,24
3614,471cd2328b954c9c81c2d038412aeae0,1,20180724,708,411,2734,75.47,13.89,delivered,5,55
3615,f7bfcdbcc738411f9599023f10a65ae7,1,20170817,709,314,1976,69.98,8.5,delivered,5,14
3616,a853344967a94df7981cd71206c6d40c,1,20180116,711,308,4976,205.45,35.03,delivered,3,6
3617,a853344967a94df7981cd71206c6d40c,2,20180116,711,150,4976,378.92,45.93,delivered,3,6
3618,a853344967a94df7981cd71206c6d40c,3,20180116,711,484,4976,151.48,32.04,delivered,3,6
3619,0287725550a34748a3d49a934a254b83,1,20180609,712,166,1617,51.96,8.5,delivered,5,11
3620,e1884791c8684d198cab5e02cdce3b7e,1,20180618,712,244,4888,42.61,8.5,delivered,5,19
3621,17541076f60246e2b3eea591ef70c1b0,1,20180603,712,481,4564,124.57,14.32,delivered,2,4
3622,c246239ac8cc4eb3ab2c7beedad21355,1,20180719,712,443,3434,19.96,8.5,delivered,4,50
3623,ba0a67d3b17e4fd1ae0b25cf735c54e7,1,20180608,712,190,604,122.3,11.65,delivered,5,9
3624,46c1c3f90ee04141af84aa23b3d998fc,1,20180602,712,249,812,28.92,8.5,canceled,5,3
3625,325ede4ba739479aa5d4e9dd6318baa8,1,20180604,712,337,4967,90.58,16.04,delivered,4,5
3626,eab92417efd4449b8941427cbd787fef,1,20180602,712,197,1087,112.82,16.6,delivered,5,4
3627,0c2ab9a29d404e80b5ed6d3decb2fa77,1,20180531,712,161,4828,41.7,8.5,delivered,4,2
3628,2e870bb29f2d4d528e0e5e0df605b8b1,1,20180604,712,16,969,184.39,36.37,delivered,4,5
3629,2e870bb29f2d4d528e0e5e0df605b8b1,2,20180604,712,157,969,72.02,9.13,delivered,4,5
3630,2677f8acb2a346db9fc0aa4d23a98bbd,1,20180531,712,453,4409,90.14,15.89,delivered,5,2
3631,42e35764ed5d4d82b360a1f4c042c7e6,1,20180618,712,71,4587,32.99,8.5,delivered,5,19
3632,b6d6e07632664234ae922a06694538ea,1,20180601,713,121,4682,67.37,11.76,delivered,2,56
3633,b6d6e07632664234ae922a06694538ea,2,20180601,713,199,4682,75.58,11.2,delivered,2,56
3634,bf66d37efd334a53a377fccbe2162971,1,20180428,713,309,4951,99.32,20.07,delivered,2,22
3635,93279c44e5274cb49ae402b0cb759bde,1,20180502,713,468,3473,112.45,10.24,delivered,5,26
3636,76bec2fb8d2c4fb49b45a9cf0bcd00ee,1,20171024,714,166,4418,152.24,24.63,delivered,5,6
3637,76bec2fb8d2c4fb49b45a9cf0bcd00ee,2,20171024,714,382,4418,140.89,25.57,delivered,5,6
3638,25739681b14d4f38b922237da1e3122a,1,20180120,715,405,434,18.86,8.5,delivered,5,22
3639,25739681b14d4f38b922237da1e3122a,2,20180120,715,239,434,140.69,16.75,delivered,5,22
3640,e3c419c3a4d54d0f938e92c112a2b9d3,1,20180119,715,154,3709,132.07,15.61,delivered,4,22
3641,492eb19637224c62b4012797f4de99ed,1,20180106,715,32,4594,23.11,8.5,canceled,5,9
3642,7173b78aba6847c094df7003f32f00bf,1,20180119,715,142,1337,49.63,10.26,canceled,1,22
3643,7fc772b37f924fa790fbe403e6efc4a4,1,20180103,715,313,741,61.13,8.5,delivered,5,6
3644,ebfd39a135624b938399b8a95bb85bc4,1,20180102,715,280,60,76.7,8.5,delivered,5,5
3645,f57aad7ef66d42d89399291ed1fe4d81,1,20180226,715,487,2574,106.68,17.47,delivered,4,60
3646,f57aad7ef66d42d89399291ed1fe4d81,2,20180226,715,353,2574,190.28,18.29,delivered,4,60
3647,f57aad7ef66d42d89399291ed1fe4d81,3,20180226,715,463,2574,107.82,8.91,delivered,4,60
3648,e2ec86eaae044d43bfd93e2c0dddd89a,1,20180115,715,1,4054,15.97,8.5,delivered,3,18
3649,e2ec86eaae044d43bfd93e2c0dddd89a,2,20180115,715,241,4054,30.46,8.5,delivered,3,18
3650,2e8bfef28491494aae2a7a6bc7cb000a,1,20180106,715,320,4717,79.82,8.79,delivered,4,9
3651,2e8bfef28491494aae2a7a6bc7cb000a,2,20180106,715,411,4717,266.11,43.67,delivered,4,9
3652,e6c633217cf8476ab6b0690021835f7a,1,20180107,715,477,3226,230.22,50.54,delivered,5,10
3653,988f545017b645bf898c2fffd4c0d863,1,20180106,715,48,3232,109.9,20.53,delivered,5,9
3654,988f545017b645bf898c2fffd4c0d863,2,20180106,715,246,3232,143.42,27.09,delivered,5,9
3655,aa7cb08f3f0e430f9baac9209d6ae75a,1,20180227,715,209,3304,40.31,8.5,delivered,5,61
3656,32739332353f4ac39c6c86ec0dffb254,1,20180111,715,392,3308,241.66,38.34,delivered,1,14
3657,6fee3bdc0e6141e980ee75fa646f0a60,1,20180123,715,481,978,115.62,12.45,delivered,5,26
3658,e66e4f521fd84e94a6401856ae82424c,1,20180319,716,265,2483,53.29,8.5,delivered,1,7
3659,e66e4f521fd84e94a6401856ae82424c,2,20180319,716,14,2483,435.32,72.0,delivered,1,7
3660,a70541f174614e699cb4b32a65b0dccb,1,20180319,716,291,3001,136.82,20.26,delivered,2,6
3661,a70541f174614e699cb4b32a65b0dccb,2,20180319,716,16,3001,182.04,34.38,delivered,2,6
3662,007e4c183ced433091194082e9e79787,1,20180407,716,419,2433,148.89,17.26,delivered,3,25
3663,894e51ec994b4b58bf471a2e26af595d,1,20180417,716,335,846,426.68,61.92,delivered,5,36
3664,23d5d2ddc056486d9a6d78923fc875cf,1,20180403,716,435,4431,34.08,8.5,delivered,4,22
3665,050a857e37044e7cb1f56641e22b26b3,1,20170723,717,84,2045,165.86,25.64,delivered,1,5
3666,e4ae026fc51642c38a4813b335bb3cf9,1,20170719,717,182,1335,117.02,13.39,canceled,4,1
3667,e4ae026fc51642c38a4813b335bb3cf9,2,20170719,717,198,1335,57.13,8.5,canceled,4,1
3668,3bd9b8934b4c4a56be09871c47ae003f,1,20170721,717,317,3272,118.65,16.45,delivered,3,3
3669,2b3497bc5b264ef193dd55f21d3017af,1,20170812,717,449,653,68.02,8.5,delivered,5,25
3670,2b3497bc5b264ef193dd55f21d3017af,2,20170812,717,46,653,137.6,26.14,delivered,5,25
3671,0bbf7d4ba3f44e2aa864cfdfe98281bf,1,20170729,717,457,2462,225.46,48.11,delivered,5,11
3672,4b00c912673e414bab1f934b33342960,1,20170827,717,137,2680,31.28,8.5,delivered,5,40
3673,f0a22bf717744e1fa994297fff612a5b,1,20170826,717,500,3467,74.41,14.76,delivered,4,39
3674,c7231af4da4d4d61af08e1f54715dc03,1,20170815,717,489,3679,27.39,8.5,delivered,4,28
3675,bcda356335c846819959216346236553,1,20170912,717,224,1854,28.23,8.5,delivered,5,56
3676,43e870683bcd44a2b624cee92e973f18,1,20170824,717,138,164,217.39,25.2,delivered,5,37
3677,ef20a595ede1404dac0417f532acb44e,1,20171106,718,213,3226,99.23,20.01,delivered,5,5
3678,f0e8d477e82c49219e038349c4f12846,1,20171111,718,213,2982,44.8,8.5,delivered,4,10
3679,f0e8d477e82c49219e038349c4f12846,2,20171111,718,8,2982,51.61,8.5,delivered,4,10
3680,31e6f210cf714d2abac6882d994b6750,1,20171104,718,93,3989,209.41,35.47,delivered,5,3
3681,63845275cf7f47b2a6d4e4a70129e4cc,1,20180406,719,220,1737,88.56,11.67,delivered,5,22
3682,16ddfd4413e94fad96d1fa0a742c3ae0,1,20180316,719,66,3519,77.26,15.03,delivered,5,1
3683,d64163c562d84e2284e1da61e5839f2d,1,20180324,719,211,4438,25.27,8.5,canceled,5,9
3684,865f20eaa68e4840889f660121c335ac,1,20180320,719,27,2133,86.06,8.5,delivered,5,5
3685,b889ef45ca0344129d37319a57c5fb91,1,20171224,720,348,4929,150.35,16.45,delivered,4,31
3686,3e47bc119d5d480b90a42a15e23cdc50,1,20171223,720,135,2783,121.16,23.7,delivered,3,31
3687,bd3935485f01413ebd9b0c48a0303b5e,1,20171221,720,343,1028,170.83,34.32,delivered,4,28
3688,bd3935485f01413ebd9b0c48a0303b5e,2,20171221,720,413,1028,66.39,12.26,delivered,4,28
3689,84674479a04b4e7fa9dd54cb78573904,1,20171128,720,401,4188,196.39,42.03,delivered,5,5
3690,e2ad883cacc441babe5f411b16b42f6d,1,20180220,720,126,2729,72.22,13.25,delivered,4,89
3691,e2ad883cacc441babe5f411b16b42f6d,2,20180220,720,132,2729,77.96,14.69,delivered,4,89
3692,e2ad883cacc441babe5f411b16b42f6d,3,20180220,720,238,2729,131.3,22.87,delivered,4,89
3693,2fbac18f83374d04a870f7d45d7742c7,1,20171227,720,358,2600,86.92,17.62,delivered,1,34
3694,01ef262dc839407e9733774065be1047,1,20180116,720,344,425,223.26,47.05,delivered,5,54
3695,9410deaa376a4a9ab88fc01be4130348,1,20171125,720,31,2879,203.9,27.77,delivered,5,2
3696,9410deaa376a4a9ab88fc01be4130348,2,20171125,720,12,2879,39.57,8.5,delivered,5,2
3697,9410deaa376a4a9ab88fc01be4130348,3,20171125,720,331,2879,63.82,8.95,delivered,5,2
3698,5f22aed7c5d5464d8d302a891338e0b5,1,20171209,720,233,2858,45.62,8.5,delivered,5,16
3699,81fe8c35d1b7438ab448f80f8d06f4cc,1,20171216,720,119,2689,72.6,8.5,delivered,5,24
3700,f7d5f5a4bc4745f2b64b92e3505991cb,1,20171223,720,401,2535,72.71,8.5,delivered,5,30
3701,8bc0d9167dbe481a846b940ee7e29797,1,20180207,720,131,135,75.21,13.1,delivered,5,76
3702,6d0e3a023d8e442fb1992cb4d34709ff,1,20171129,720,387,1351,13.0,8.5,delivered,4,6
3703,c2db151cdac64a98a7aec50b73517e51,1,20171207,720,125,3869,49.88,8.5,canceled,3,15
3704,bca81806b3564f1aaed08538d874fa61,1,20171126,720,123,4767,132.47,24.67,delivered,3,4
3705,fb835209ce714dcab80999d44c9dcc41,1,20171202,720,13,1304,128.02,26.26,delivered,5,10
3706,5411b4ed702148e3bd20dc0074f02eb0,1,20180113,720,420,2837,187.9,18.92,delivered,5,51
3707,077861550fdd433497177c22b8334f9a,1,20171127,720,408,4079,76.38,9.8,delivered,5,4
3708,cca4b7a1428b4233a09883a853220428,1,20171230,720,305,1800,173.82,19.82,delivered,3,37
3709,ac7b98b2cca9422dbbd4e9780f28fea4,1,20171216,720,350,587,73.33,9.47,delivered,4,24
3710,65c6d82e99804660ad90caf90c31f58b,1,20180104,720,472,4481,43.81,8.5,delivered,1,42
3711,270dadac3b13410d94639ab440c94045,1,20171209,720,372,2787,177.6,35.82,delivered,4,16
3712,270dadac3b13410d94639ab440c94045,2,20171209,720,261,2787,63.56,8.5,delivered,4,16
3713,afb9e279e0864c4cbad1888279746cee,1,20171127,720,438,1627,322.86,29.05,delivered,5,4
3714,afb9e279e0864c4cbad1888279746cee,2,20171127,720,309,1627,33.66,8.5,delivered,5,4
3715,afb9e279e0864c4cbad1888279746cee,3,20171127,720,417,1627,49.3,8.5,delivered,5,4
3716,9a5eede73bf244a7a8230b99d596fb90,1,20171211,720,386,146,681.31,82.39,canceled,5,18
3717,9a5eede73bf244a7a8230b99d596fb90,2,20171211,720,445,146,108.57,15.06,canceled,5,18
3718,f31975208435431d877ac13b4333d42e,1,20171205,720,468,3832,12.87,8.5,delivered,5,12
3719,689e34b4433149e3a452942e90976829,1,20171128,720,267,4159,222.25,31.84,delivered,5,5
3720,b46236f8dfcf45808c9b381925e1f93b,1,20171127,720,341,4750,216.77,21.35,delivered,5,5
3721,8cf4fd43c0c549e28dcf454234739995,1,20171124,720,205,1040,32.91,8.5,delivered,1,1
3722,c251dbfe77494f888b0610394681be1e,1,20180106,720,11,2356,48.62,8.5,delivered,4,44
3723,ad392cc2d3b9426a87f0ca65c8f2e197,1,20171130,720,98,2060,9.45,8.5,delivered,4,7
3724,b6efbe9277cb43bd8e6e9f531ccd8ccd,1,20171217,720,423,2441,116.12,23.86,delivered,1,25
3725,0dda28592fbf4acfb3a5af29ec1c6fa8,1,20171214,720,52,3914,156.57,25.11,delivered,4,22
3726,e023f40afc974309b1914b37295ca509,1,20171213,720,93,4,91.66,8.5,delivered,5,20
3727,7c9afaf901f74276a171ea2770b34848,1,20171216,720,349,4001,45.2,9.76,delivered,3,23
3728,0a0767e0fe71476992510e61f50ad464,1,20171223,720,43,2070,63.57,13.8,delivered,5,30
3729,436cee6c34f947509ac78b1b182f49bc,1,20171213,720,34,3444,21.89,8.5,delivered,5,20
3730,7114c3ae3c314bcb8e819ab5a5714033,1,20171128,720,227,1802,90.64,11.59,delivered,5,5
3731,865b8e26bbd9471b9b517932edaba3ef,1,20171125,720,55,205,53.04,11.32,delivered,5,3
3732,9d34492f36f542a8b4eeb1a1f85ab0ac,1,20171125,720,198,43,38.92,8.5,delivered,2,3
3733,d03fb7559b6f4defbad8a7b9233addf4,1,20171202,720,292,743,155.5,32.79,delivered,5,10
3734,4961f665bfaa4f04b915cae04977d63d,1,20170827,724,197,2419,42.3,8.57,delivered,5,2
3735,aff6044250574b3ab2d73644d471c280,1,20170707,725,13,309,117.4,22.59,delivered,5,6
3736,806b068a67104b82a214bfb7babf6136,1,20170801,725,252,1927,119.89,11.95,delivered,5,30
3737,335094d219764f59885dccd04f91386d,1,20170827,725,130,3130,141.55,30.85,delivered,2,57
3738,a3f6b1e8dc0742f083de05ba7a86db0a,1,20170704,725,405,313,147.12,19.87,delivered,5,3
3739,19e396277b524722a7becbe982a774b2,1,20170705,725,271,1941,39.87,8.5,delivered,5,4
3740,cd7d6cae55094638b41913e0fad6ad7d,1,20170706,725,61,2095,211.25,18.06,delivered,5,5
3741,86b8e65795904f84bc6fe271450b357e,1,20170709,725,339,4982,67.96,8.5,delivered,4,8
3742,86b8e65795904f84bc6fe271450b357e,2,20170709,725,318,4982,44.51,8.61,delivered,4,8
3743,28fef6ff1fcf4422971156cd7bbdd1de,1,20170908,726,377,779,8.73,8.5,delivered,3,22
3744,09acb844845a4a6e99a2f1144a4cdbff,1,20170820,726,220,3809,46.11,8.5,delivered,1,3
3745,96f5329b4e0a4989af298c364c249227,1,20170820,726,11,2988,37.76,8.5,delivered,5,3
3746,b72fe29b97d34e2d910f0a5e8d7765f0,1,20171216,728,325,3778,256.14,41.62,delivered,5,14
3747,b72fe29b97d34e2d910f0a5e8d7765f0,2,20171216,728,373,3778,154.83,32.36,delivered,5,14
3748,5d391009b9144fe98c9d110c6419f623,1,20171211,728,419,681,73.06,11.81,delivered,3,9
3749,aabd56f7094349408ff5d43d9b70c2d0,1,20171218,728,367,4336,29.94,8.5,delivered,5,16
3750,91b6f737d88f4f6283d38f1a3a6d1e5d,1,20180220,729,276,1780,88.39,8.5,delivered,5,40
3751,69dc551e8ed540949b32046329015a7c,1,20180213,729,13,1586,99.87,11.68,delivered,5,33
3752,32dd101ec2a4478dbe8e0c9e353ba68f,1,20180114,729,2,3793,102.15,8.51,delivered,4,3
3753,a18b3a228e354a958ddebf14f531f7fd,1,20180218,729,229,2864,395.91,50.92,delivered,5,38
3754,a18b3a228e354a958ddebf14f531f7fd,2,20180218,729,416,2864,113.88,20.41,delivered,5,38
3755,4afbbfaa12284e8ba99fbba9cc3c3c1a,1,20180206,729,271,733,306.57,30.51,delivered,2,26
3756,436c01824db249d08cfa80857673949c,1,20180112,729,420,3860,27.56,8.5,delivered,5,1
3757,682bc36a8ccb4e149ae3f8cf01d84a16,1,20180126,729,260,1577,63.27,8.5,delivered,3,15
3758,41dc97df3f9e48f1a0485a843b2316e1,1,20180120,729,128,3181,32.52,8.5,delivered,5,9
3759,d92aedfa9c214ff7b0af17a5c9e62cd6,1,20180116,729,327,4534,389.47,31.87,delivered,4,5
3760,dbd7c4877b044fdeb29eb12b5b8cbe62,1,20180117,729,258,880,81.38,8.5,delivered,5,6
3761,6bda0b4e6e9148cbaf9bacf5e313707c,1,20180125,729,349,493,69.07,13.54,delivered,5,14
3762,6bda0b4e6e9148cbaf9bacf5e313707c,2,20180125,729,238,493,419.71,87.79,delivered,5,14
3763,f51f5855a56c47ffbb0b48f5784f87e5,1,20180118,730,55,819,65.6,11.7,delivered,3,31
3764,e16b2a8e573648beb04af87094df319e,1,20171228,730,494,4626,94.51,20.58,delivered,4,10
3765,e16b2a8e573648beb04af87094df319e,2,20171228,730,338,4626,27.77,8.5,delivered,4,10
3766,dac03f3d72084c0dbc5b2cbe29082d49,1,20171224,730,44,1909,137.01,17.36,delivered,5,5
3767,ddc6acc77a6f47fda9a003777ba729ed,1,20171223,730,232,1655,80.98,8.5,delivered,5,4
3768,5e632f7aeafe4534b81d83d874926a0a,1,20171220,730,211,54,126.92,19.5,delivered,1,1
3769,21cbb1c4d84f4b9394ec39930b1eec91,1,20171026,732,52,3434,77.08,9.3,delivered,5,35
3770,0bce3546fd954e55b96de24f6e328ffb,1,20170924,732,219,4972,118.62,18.61,delivered,5,3
3771,6e71c973d9ad46a9ba4934983ab4d80b,1,20171116,732,176,3823,124.8,13.0,delivered,4,56
3772,7ba02c3d98634e8aadf1d15cba2a14c8,1,20171012,732,428,3112,232.74,37.18,delivered,4,21
3773,a11ba3633d824ab3aa3dad349e379f5c,1,20170924,732,192,1812,103.71,9.58,delivered,4,3
3774,a1eacd4786874990b32b4a2f129f0fa6,1,20170924,732,499,1840,85.74,14.88,delivered,3,4
3775,69b399d843c349fbbeb892b1095a8968,1,20170928,732,347,247,92.8,16.84,delivered,4,7
3776,dece680b63764defbf95ecbab9f48a01,1,20171016,732,416,3604,13.25,8.5,delivered,4,26
3777,dece680b63764defbf95ecbab9f48a01,2,20171016,732,330,3604,77.02,16.9,delivered,4,26
3778,dece680b63764defbf95ecbab9f48a01,3,20171016,732,50,3604,286.05,47.75,delivered,4,26
3779,26fe5848808e4b8589784934bbfa38c7,1,20171012,732,334,1154,56.33,8.5,delivered,4,21
3780,4d05c410b1c341e899c62d9eda5cd0c9,1,20170927,732,215,2759,106.43,9.64,delivered,5,7
3781,919e06ee1b874a9dab74729c9b9aace6,1,20171014,732,352,4986,154.41,27.15,canceled,5,23
3782,bb147ecfeb1b4e19bb7da43c186ea369,1,20171028,732,47,4138,53.1,8.5,delivered,4,37
3783,b0e0ee2712704f029633224d530604a7,1,20170928,732,392,1518,10.88,8.5,delivered,5,7
3784,21aa9e95a9944891ae29cf78b9f039d9,1,20170922,733,425,3258,73.81,14.08,delivered,5,1
3785,a3305fdceff74378b340b2406fe5fb22,1,20171005,733,180,4717,85.81,18.18,delivered,3,15
3786,877c816886de4e47af47bf7c37bfa4b3,1,20171007,733,105,1639,76.31,10.46,delivered,5,17
3787,877c816886de4e47af47bf7c37bfa4b3,2,20171007,733,165,1639,76.49,10.78,delivered,5,17
3788,add722514b3543d28333981a7aa83403,1,20170925,733,323,4086,32.22,8.5,delivered,5,4
3789,add722514b3543d28333981a7aa83403,2,20170925,733,495,4086,38.32,8.5,delivered,5,4
3790,add722514b3543d28333981a7aa83403,3,20170925,733,146,4086,24.09,8.5,delivered,5,4
3791,195a1bc4aabe4032bb2f22b0f9d42bfb,1,20170922,733,238,771,123.62,16.6,delivered,5,2
3792,4bff3e946baa4962a75e0db4f43e17c2,1,20170927,733,124,4021,53.29,8.5,delivered,5,6
3793,55a6b0403b874a188ba696d30e53fd6f,1,20171002,733,309,4095,161.19,27.34,delivered,4,12
3794,c7e25035d9ca4377903a9a7cd7c34afd,1,20171011,734,155,4328,90.59,13.87,delivered,5,5
3795,e5d399cb311d4c15aa2b4887360a4448,1,20171019,734,54,1412,110.6,15.36,delivered,4,12
3796,9fbe08c58cd241859c45ff49808fabfd,1,20180331,735,160,4827,118.19,15.22,delivered,5,22
3797,9fbe08c58cd241859c45ff49808fabfd,2,20180331,735,270,4827,52.38,9.98,delivered,5,22
3798,baf825691b754f6f8710b14748b6f252,1,20180311,735,115,3589,52.67,8.5,delivered,5,3
3799,baf825691b754f6f8710b14748b6f252,2,20180311,735,474,3589,49.06,8.5,delivered,5,3
3800,aea86b7c45dd4b9385a2cbb08a1e1feb,1,20180331,735,207,4591,32.55,8.5,delivered,5,23
3801,f1700111b7f04c1a9f105d98205d10f6,1,20180319,735,500,855,49.99,10.07,delivered,5,11
3802,592477bf584b4362a8241c1e67c582f3,1,20180316,735,367,3831,79.95,8.5,delivered,5,8
3803,6dfdd2fa6f4a4e2ba35a6e61080a0cab,1,20180315,735,206,3285,184.71,28.12,delivered,4,7
3804,3d672626a36a4618b0c8a4528258b48c,1,20180318,735,35,3377,55.14,8.5,delivered,5,10
3805,6844755b854741a798ae4fc5ebed8348,1,20170824,736,353,855,33.31,8.5,delivered,5,15
3806,86438afb5e8342e18959aa67e9c4924d,1,20170816,736,15,2135,474.7,85.27,delivered,5,7
3807,651a526d81d448edb93d100588d1dff6,1,20170810,736,134,189,74.27,13.04,delivered,5,1
3808,651a526d81d448edb93d100588d1dff6,2,20170810,736,364,189,45.37,8.5,delivered,5,1
3809,43c6fcb6cb5348cdbd46c7ef7ea648c8,1,20170815,736,274,3408,84.49,12.2,delivered,5,6
3810,1bdb173c69724010a7b8447641baaeb6,1,20170822,736,128,1851,534.04,51.62,delivered,5,13
3811,15ff4b8351c0465ea6d7aa2ad4d15400,1,20170817,736,396,381,410.83,46.38,delivered,5,8
3812,3d54bff98b5f4b928b177cdd3ed47f05,1,20170903,736,327,2345,16.43,8.5,delivered,1,25
3813,081af62297ac4dada5e88b15533c2f69,1,20170830,737,423,2969,98.24,20.97,delivered,3,28
3814,08b64921c902489da4c204cf220ee241,1,20170815,737,451,127,74.78,9.8,delivered,4,12
3815,0fda9d412df94ab796ccb10b11193c7c,1,20180104,738,359,884,51.66,10.13,delivered,4,10
3816,7f2fcdfdb7fc4c3093cc9f1491a57d10,1,20171230,739,51,874,61.3,8.5,delivered,5,8
3817,3b9b182b8baa47429e7b6865e4472e02,1,20171224,739,398,818,91.98,13.31,delivered,5,2
3818,6bc31ed7192848f8956b64ae4fef65f4,1,20180406,741,425,652,104.06,16.73,delivered,5,7
3819,8ef7b9a9d0d740c6aebf4c6c99c758a6,1,20180503,741,287,4259,84.89,18.48,delivered,5,34
3820,41af24c945c44c5483884928d1221b50,1,20171225,743,38,1104,44.04,8.5,delivered,5,32
3821,52d2f71a99184b23bfa7629bc31ef82a,1,20171216,743,332,862,46.87,8.5,delivered,3,23
3822,52d2f71a99184b23bfa7629bc31ef82a,2,20171216,743,174,862,54.76,8.5,delivered,3,23
3823,52d2f71a99184b23bfa7629bc31ef82a,3,20171216,743,427,862,30.6,8.5,delivered,3,23
3824,4c27f42374ea40b0974fc074d29f1f0e,1,20171223,743,292,2309,115.01,23.85,delivered,4,30
3825,777f9f94964f40ddb2ff2ad0f2a9bb16,1,20171128,743,99,4311,151.4,12.72,delivered,4,5
3826,ee77529cc83f49e784bf99a66b4336fc,1,20171128,743,442,4639,157.44,21.46,delivered,1,5
3827,edde1a39974d40179260cdc718a283a6,1,20171128,743,384,3188,209.53,25.43,delivered,3,4
3828,edde1a39974d40179260cdc718a283a6,2,20171128,743,80,3188,105.37,18.68,delivered,3,4
3829,97902efd538f4b628a4edaa4583172f2,1,20171230,743,65,3448,71.5,13.94,delivered,5,37
3830,97902efd538f4b628a4edaa4583172f2,2,20171230,743,328,3448,28.74,8.5,delivered,5,37
3831,d2e6fc3ee7764f1fa89d29d8f4a7aaa7,1,20171206,743,122,4299,179.87,28.24,delivered,3,13
3832,77f91f25089e4977a67e3071e7743dc2,1,20171125,743,23,3439,27.79,8.5,delivered,2,2
3833,640a82d94b73417c8be2b9daae45b059,1,20180122,743,343,4749,44.6,8.99,delivered,5,60
3834,bef283dbff38427091919426c1848955,1,20171201,743,171,2027,471.75,99.01,delivered,4,8
3835,62ec30c62a894a0d9f5862adf9cf142d,1,20171129,743,444,1260,142.8,21.9,delivered,5,6
3836,62ec30c62a894a0d9f5862adf9cf142d,2,20171129,743,246,1260,216.39,36.39,delivered,5,6
3837,165c94f09c074470a2030dc0930bbead,1,20171204,743,37,1562,185.46,16.43,delivered,3,11
3838,0f0c696924cc451984379dabd98b38f9,1,20171125,743,482,4679,28.66,8.5,delivered,4,2
3839,459dd2bde5284a158a84eb0b36c21638,1,20171201,743,188,3208,205.88,24.23,delivered,4,8
3840,91b2fcfe91674c329d79bb454af2e8ab,1,20171125,743,229,4739,45.52,8.5,delivered,4,2
3841,91b2fcfe91674c329d79bb454af2e8ab,2,20171125,743,399,4739,112.19,19.64,delivered,4,2
3842,91b2fcfe91674c329d79bb454af2e8ab,3,20171125,743,65,4739,42.79,8.5,delivered,4,2
3843,df034ff35b1947fd947baf3aecb51486,1,20171130,743,305,1366,75.29,9.27,delivered,1,6
3844,58458dae47994e01b7f25f53d15d5b42,1,20171210,743,276,3350,68.38,12.83,delivered,5,17
3845,58458dae47994e01b7f25f53d15d5b42,2,20171210,743,122,3350,104.93,12.89,delivered,5,17
3846,41f12d604bf3406fb75c560a7ddfa85a,1,20171208,743,395,1641,36.56,8.5,delivered,5,15
3847,ec562f62c21a4891a18138771ae9a294,1,20180119,743,46,2653,96.25,8.5,delivered,4,57
3848,47aac5ba649248f19c18c446280516eb,1,20171115,744,435,1965,77.84,11.94,canceled,5,6
3849,47aac5ba649248f19c18c446280516eb,2,20171115,744,179,1965,85.38,12.28,canceled,5,6
3850,138b964c06ae456b8b3f1bf317837b1a,1,20171123,744,336,1811,186.3,20.53,delivered,4,14
3851,c34645dfaa254ebfb6dd82c485089426,1,20171112,744,14,669,616.87,79.59,delivered,1,3
3852,9fac6c7395a4420f9951a36b3063e082,1,20171224,744,326,1704,41.15,8.5,delivered,4,45
3853,f476546a4b3f44c088cbb4401e02612c,1,20171120,744,308,2228,436.73,75.86,delivered,4,11
3854,ebbbf9bd057345b39ad5f20e83f37e34,1,20171121,744,240,2439,47.65,8.5,delivered,5,12
3855,52e27c30e1e842e1a6c50fc72b0a5860,1,20171123,744,400,1533,442.39,92.15,delivered,5,14
3856,649a81df1b724f22a4d2847886d8cffc,1,20171125,744,473,2690,44.57,8.5,delivered,3,16
3857,207ec3f6fd04431c97da7561cc5f31a8,1,20171110,744,83,992,254.12,38.59,delivered,4,1
3858,5537818a2fa6434cb2746ab6def13204,1,20170901,745,248,2465,111.86,13.18,canceled,5,10
3859,a2145ad638b64a55b96dc370061a1f85,1,20171019,745,216,362,25.73,8.5,delivered,4,58
3860,fb272daa76bb42b1b7750a5bcd205cb5,1,20170907,745,454,4425,50.93,8.5,delivered,5,16
3861,fb272daa76bb42b1b7750a5bcd205cb5,2,20170907,745,95,4425,37.41,8.5,delivered,5,16
3862,df91956d8eb746d488ee16df87843017,1,20171023,745,411,185,93.58,8.5,delivered,5,62
3863,cc87f1f20d084896979577120be752c8,1,20170912,745,341,1723,56.04,12.28,delivered,5,21
3864,8571e8a268fe49e6a552a1d8b83ecd26,1,20170823,745,66,1204,95.59,12.07,delivered,4,1
3865,f08dc3f9f3c9427093621a1b3bd43f03,1,20170828,745,353,4098,38.69,8.5,delivered,4,6
3866,1cbe42051111420a81a7b24af4b61eac,1,20170829,745,174,109,32.32,8.5,delivered,1,6
3867,e4486721f5564a3f8d8f6a7f4c3a2fdd,1,20170828,745,140,1730,55.97,9.99,delivered,2,6
3868,8c1329ffae934f539c225178013173b4,1,20170831,745,348,2339,26.97,8.5,delivered,4,8
3869,8c1329ffae934f539c225178013173b4,2,20170831,745,70,2339,76.08,16.45,delivered,4,8
3870,0cf474fd1e754822aa86bc49389b8478,1,20170825,745,202,4688,129.64,26.64,delivered,3,3
3871,6b317815984c492e9a39c4d87ad83628,1,20180405,746,400,2526,110.41,15.4,delivered,5,32
3872,bd21cc5028e0489c8cb1b9bf38a29743,1,20180307,746,273,3970,267.54,39.35,delivered,5,3
3873,820b235374794b1092885effc0c8e064,1,20180307,746,484,3165,31.09,8.5,delivered,5,3
3874,820b235374794b1092885effc0c8e064,2,20180307,746,109,3165,177.88,22.53,delivered,5,3
3875,03e42f12d381495b82dfcccdd9c2bfb7,1,20180321,746,49,4942,25.08,8.5,delivered,4,17
3876,b8390de8e5a34e6a853078e94461d342,1,20180318,746,329,3421,42.47,8.5,delivered,4,14
3877,a5837b96cb0d45cfae6096de1241af69,1,20180308,746,456,118,78.22,14.74,delivered,3,4
3878,a5837b96cb0d45cfae6096de1241af69,2,20180308,746,24,118,109.98,19.24,delivered,3,4
3879,6bb2fd8ca5d0407a87d3ed962f8bdc64,1,20180305,746,245,127,46.9,9.5,delivered,4,1
3880,eec8ef29d0b8465384e4a34c4dcf31c9,1,20180315,746,285,1760,80.34,15.14,delivered,5,11
3881,b771d7d907df4983bc08f7a8ba26d543,1,20180318,746,491,3934,188.69,26.96,delivered,5,14
3882,6cd7fe95aef44da4886239244f4ca836,1,20180308,746,212,1137,65.77,10.39,delivered,5,4
3883,27933a40dee945e984d63a6ab51a881b,1,20170830,749,490,2950,118.62,16.57,delivered,4,31
3884,0532e3957f5246209908dfb27909ea68,1,20170811,749,86,4104,215.3,37.05,delivered,2,13
3885,7d283f9312514e8a9566c18c8db8629c,1,20170930,750,24,3875,47.08,8.5,delivered,4,1
3886,36e133d022ef4896b282bb4a01767c22,1,20171129,751,329,2887,14.87,8.5,delivered,3,25
3887,7a41ea8119504a78959099ffa04eeda6,1,20171114,751,261,2341,93.3,12.02,delivered,5,10
3888,45209650812148c285050863a7a1bce4,1,20180526,752,4,2345,179.33,21.54,canceled,3,3
3889,296224f27321455fac1bf10e22591e09,1,20171202,754,342,3047,33.18,8.5,delivered,5,8
3890,63d31db6cef0454dba9bae26bdbc3faa,1,20171216,754,309,3952,33.23,8.5,delivered,4,23
3891,71dce493ddb748dd8423c919d87d2dbb,1,20171204,754,202,4281,47.72,8.5,delivered,5,11
3892,71dce493ddb748dd8423c919d87d2dbb,2,20171204,754,102,4281,49.1,8.5,delivered,5,11
3893,91d37c86ea4e4c5390d61e9a3a4b6a42,1,20171128,755,144,2853,107.89,11.1,delivered,4,8
3894,76d67b23ab9f47e99a369e728da619c7,1,20171214,755,148,2017,66.98,8.5,delivered,4,24
3895,1b590f96106448dfb7a8786165ae0e6b,1,20171213,755,3,714,67.45,13.52,delivered,5,23
3896,f7223819db55463a93ce5c958e14703e,1,20171206,755,195,3775,232.88,20.31,delivered,5,16
3897,3703d416a18f44fbb759da24173b287e,1,20180101,755,267,21,166.71,21.08,delivered,5,42
3898,f5c0568d62fc4d56b1258cf090caf234,1,20171212,755,351,814,64.65,8.93,delivered,5,22
3899,29dc743f65374562ba003179d971a1dd,1,20171217,755,497,2072,62.56,10.57,delivered,5,27
3900,c1ba7e5f6d9748ce9100ee7f7a300726,1,20180325,757,109,4234,78.08,14.07,delivered,4,5
3901,73e18f7fe03d41a99933c3a41f6164c2,1,20180324,757,47,3203,38.01,8.5,delivered,5,5
3902,f1156d1aab3a492d844bf1456641e92c,1,20180324,757,162,3139,61.81,9.47,delivered,4,4
3903,97fc196ef0134dc4897c9aeed6dd3123,1,20180409,757,405,2400,87.45,14.57,delivered,5,20
3904,c24b794bf1cf402991972bd0f8c0ddb8,1,20180408,757,429,552,99.13,15.76,delivered,5,20
3905,ec72ddefd4a0402ab41b3ec2a8aeea9d,1,20180406,757,34,2632,148.53,14.67,delivered,3,18
3906,fb7bad735fb84e91a0ca1410beecc4bd,1,20180322,757,434,3036,62.96,9.36,delivered,4,3
3907,669094c171684c63a086c7718cf2aa4c,1,20171010,760,475,4355,262.97,33.41,delivered,5,44
3908,2a734f1408e8437c99f1fc66710a9b12,1,20171107,761,165,3620,13.66,8.5,delivered,5,5
3909,2d47af12cfba4f909c696d6302240968,1,20171112,761,117,3406,62.01,8.5,delivered,5,11
3910,436054885d50459297c16d243c6329e8,1,20171219,761,356,1718,39.46,8.5,delivered,5,47
3911,2f54032c09fb4c9bb75e44038e9a4618,1,20171107,761,378,2516,43.52,8.5,delivered,5,5
3912,ab9cc3ea8b614631802d15bb41fca2e3,1,20171121,761,104,4776,80.2,8.5,delivered,4,19
3913,95cfc8edeaf84d3faea4b4b3022d6ed5,1,20170926,762,148,458,72.36,9.31,delivered,5,3
3914,8b0a1eeeb54a4c4b86ea5342a0a00585,1,20170929,762,92,833,24.4,8.5,delivered,5,6
3915,d0694b8ef1924f6c83c29d9abec136f0,1,20171218,763,467,1702,172.6,32.74,delivered,5,1
3916,ae26c5590d814d33a55f074bdfd18489,1,20171225,763,254,3373,132.48,23.6,delivered,4,8
3917,2040ef278f2549bfb30a708b8f091d09,1,20180115,763,325,817,150.82,31.13,delivered,5,29
3918,2040ef278f2549bfb30a708b8f091d09,2,20180115,763,18,817,87.33,8.57,delivered,5,29
3919,2776c41637ba4b16bffd6d561e29de65,1,20171231,763,437,3116,172.88,25.56,delivered,5,14
3920,fef8b900de9246f491cab7228c2a956e,1,20180310,764,144,2243,27.54,8.5,delivered,5,6
3921,92f48b27878a48d2bfca0d2719c9e8ab,1,20180502,765,371,3075,53.48,8.5,canceled,5,38
3922,4a0811c848a140a2a438d516ae7f81b6,1,20180509,765,304,3306,25.06,8.5,delivered,5,45
3923,1da9c38217554a318b43315cbf3cf2bf,1,20180410,765,49,1402,42.68,8.5,delivered,4,16
3924,460bef9b69cb45689f78ed97c3b10cca,1,20180326,765,244,1866,95.14,9.35,delivered,4,1
3925,4f14cae3ccef4396930f48bab1b2f043,1,20180704,765,135,4157,30.69,8.5,delivered,5,100
3926,a626d4e673f24d058feb9287ed23476e,1,20180504,765,27,2980,59.69,10.07,delivered,5,39
3927,85a6dcc454624c65b71550217b81f972,1,20180403,765,241,2735,75.3,8.5,delivered,5,9
3928,3d85004845084795aebdb9640b637c45,1,20180415,765,478,292,155.78,20.32,delivered,5,21
3929,0560d19b12734109b5d397c570e9af99,1,20180329,765,116,3323,228.38,37.86,delivered,5,4
3930,9420dea165e34f1fbd01d08618fb07ca,1,20180410,765,468,2995,185.77,30.58,canceled,4,16
3931,1096a6b8b9324aa0b703d1773a9438f7,1,20180424,765,27,1353,51.95,8.5,delivered,4,30
3932,6a8c7c14a4fc4876a6d03483ae54c09b,1,20180327,765,116,3432,18.47,8.5,delivered,5,2
3933,e3e91ffe00364783a33dec0dc8c4a034,1,20180413,765,190,3292,121.61,19.77,delivered,4,19
3934,7045c3de038f4b6ab9e152636755ee12,1,20180329,765,453,1261,56.17,8.5,delivered,2,3
3935,7045c3de038f4b6ab9e152636755ee12,2,20180329,765,289,1261,260.96,49.3,delivered,2,3
3936,66ca6f5c2b2e45c480950b981d2ff70f,1,20170707,766,22,3192,151.78,13.07,canceled,5,1
3937,590db7f0d0b146d8b1f9eccddaf8422f,1,20170901,767,423,4001,110.49,22.2,delivered,2,10
3938,2c21a5238e1347879e140c9742794f59,1,20170904,767,499,28,44.97,8.5,delivered,4,12
3939,2c21a5238e1347879e140c9742794f59,2,20170904,767,65,28,1559.89,213.47,delivered,4,12
3940,5e2e07afb9284c4da55eb869f52ab25b,1,20170831,767,6,4736,958.39,117.46,delivered,3,9
3941,d087983caf01413cb515f076cec890ee,1,20171019,768,414,215,108.52,13.46,delivered,4,16
3942,d45b40e97c444da0807373fdaab0bf1f,1,20171031,768,265,3209,66.51,10.86,delivered,4,28
3943,01bf940ede2d4c84836c657a51c972d5,1,20170908,769,445,2647,73.89,12.02,delivered,5,6
3944,e743895d8bfc4251978ec9daccbfa4fb,1,20180307,770,94,1655,60.23,8.5,delivered,5,7
3945,02f9edec6b68425ab771280ffd5774df,1,20180401,770,354,502,56.88,8.5,delivered,1,32
3946,31cab6bbb1714c95a51d9db47e430f29,1,20180315,770,241,3520,102.93,20.31,delivered,4,15
3947,6a9cea00e8a34336b4764beee547e6ed,1,20180303,770,175,3128,26.2,8.5,delivered,5,3
3948,ddc00198250f4eacb8a3a0e9aee2643a,1,20170803,771,500,1205,80.73,15.91,delivered,4,6
3949,0c2bdba72866487a93178f6e02374c0d,1,20170817,771,111,1095,81.79,8.5,delivered,5,20
3950,d8dc350c83c341a1a54ddcbf8232044e,1,20170726,772,395,2209,209.31,20.6,delivered,5,9
3951,a242af7a1fe04307adc452ed4b84af35,1,20170901,772,134,2441,144.49,26.49,delivered,2,45
3952,f0b59a91f25944d7ab20db6ae0ab7a05,1,20171108,773,77,2354,56.06,8.5,delivered,1,67
3953,854a63244f304e4788a32640fa5bab4c,1,20170912,773,98,124,58.79,8.5,delivered,4,10
3954,139257f3c35b4af7b28c7941d0c10ead,1,20170914,773,121,1320,85.44,10.82,delivered,5,11
3955,139257f3c35b4af7b28c7941d0c10ead,2,20170914,773,329,1320,138.01,22.36,delivered,5,11
3956,139257f3c35b4af7b28c7941d0c10ead,3,20170914,773,251,1320,92.0,14.67,delivered,5,11
3957,6a2a4d0c28874ac3b6de255a2c0921ae,1,20180302,774,310,1887,405.38,50.75,delivered,5,1
3958,6a2a4d0c28874ac3b6de255a2c0921ae,2,20180302,774,195,1887,22.18,8.5,delivered,5,1
3959,49cf6b1d162443f0a25c41d960c5d65d,1,20180410,774,458,1506,135.75,24.86,delivered,2,39
3960,f18829d2992e48a886af02b5a82a59f2,1,20180518,775,147,4000,197.85,17.38,delivered,5,17
3961,f18829d2992e48a886af02b5a82a59f2,2,20180518,775,394,4000,173.53,26.94,delivered,5,17
3962,7e57ca1af9a0443ead112860b5b5d347,1,20180526,775,193,4752,152.15,13.64,delivered,3,25
3963,7e57ca1af9a0443ead112860b5b5d347,2,20180526,775,141,4752,212.39,17.09,delivered,3,25
3964,dc7e02af90be4207b60a1de8f8ebb0e3,1,20180514,775,28,3809,4.07,8.5,delivered,5,14
3965,bbda4bf21b564690a8c1a349b4a46646,1,20180617,775,486,449,280.43,29.8,delivered,4,47
3966,99d223d7150742f2a20b77c53738394f,1,20171118,777,84,3466,312.21,43.4,delivered,3,16
3967,1ef3a4381d7b40079fc43f5252e34ee8,1,20171219,778,75,3518,140.86,17.02,delivered,5,37
3968,f8f8221ca7004787ad8e20a74f59ee5a,1,20171116,778,372,3727,57.43,10.55,delivered,4,4
3969,c697451e1f3444738987bb57542555b1,1,20171003,779,144,4117,91.67,12.88,delivered,5,6
3970,b4d3d4daaf854520b22d9918478c4c8d,1,20171010,779,438,1525,25.42,8.5,delivered,5,13
3971,2471974e9c78479cba09a4b9a747ede5,1,20171117,779,370,4097,33.01,8.5,delivered,2,51
3972,3ff1f7e73b854eda847a9118e9f353f1,1,20171011,779,249,229,193.21,33.89,delivered,5,14
3973,bb9fb438a3054309aa3b8df77e9c13aa,1,20170929,779,39,786,26.85,8.5,delivered,5,2
3974,e704a3bcfe344e39922947544e36f540,1,20171008,779,129,1520,99.16,19.19,delivered,5,11
3975,e704a3bcfe344e39922947544e36f540,2,20171008,779,199,1520,27.82,8.5,delivered,5,11
3976,ee395ff2557f45958864ce0453fdba37,1,20171117,780,362,4648,15.15,8.5,delivered,5,4
3977,56c945b199f94fc78f03026b8f87d3c5,1,20180117,780,356,2291,68.06,14.64,delivered,4,66
3978,56c945b199f94fc78f03026b8f87d3c5,2,20180117,780,355,2291,347.08,36.96,delivered,4,66
3979,6950464c4a5748d69943d6a9d4aca3ab,1,20171207,780,440,926,40.49,8.5,delivered,5,24
3980,cb159238f9c54d1e830e763dd3fd791a,1,20171125,780,330,4279,258.7,54.86,delivered,5,12
3981,1f878ea46df9421899deb2cb4196bbc9,1,20171204,780,12,653,200.43,25.58,delivered,5,21
3982,fdf6806803234cd2b4ad24343cfde972,1,20171115,780,247,2196,72.57,9.48,delivered,5,2
3983,b13799c94d7e442682a5fe6dc57dd0a4,1,20171121,780,177,4168,48.09,9.29,delivered,5,9
3984,4f78a6d93db64258ac8c598293ba9e3a,1,20171127,780,358,1844,207.49,36.38,delivered,5,15
3985,a08d6a6c74aa4b5e9387e2697773cb75,1,20180128,780,216,3949,137.55,27.83,delivered,5,77
3986,32ae9fdfb942485884caf05648e5348c,1,20171124,780,258,3570,51.64,10.1,delivered,5,11
3987,a44ed8bc2b774206831b33502c5236d9,1,20171225,780,323,2336,79.15,14.68,delivered,2,42
3988,edc8f01369c844049891fe9ac17e4343,1,20171123,780,128,803,80.44,14.77,delivered,5,10
3989,8d0e1ec7cac542e49a99a5864ec55bb6,1,20171123,780,395,339,201.75,26.9,delivered,5,10
3990,fc27ef269b8948408bfcb0f412a8edba,1,20171128,780,1,3753,45.89,8.5,delivered,5,16
3991,fe25a3e1f7e343c8b96a70aa90ad13f1,1,20171128,780,343,3023,49.71,8.9,delivered,5,16
3992,dd0424ceef59414981413d76aed21cbc,1,20180412,780,182,509,325.24,59.66,delivered,5,151
3993,2500098abe1b42b0911d4450d17a6501,1,20171129,780,338,588,22.99,8.5,delivered,5,16
3994,fd35f16878134be1bd9dd786b0a274ae,1,20171212,780,479,215,29.64,8.5,delivered,5,29
3995,bb8b540e064240229b2d4bbf86ca8585,1,20171210,780,155,2565,70.85,10.47,delivered,5,28
3996,b5a990df063642cea11db5efa4c0f1b1,1,20171119,780,88,3476,99.32,19.64,delivered,3,6
3997,0cf02d2659e0489ebb7c0fed2419b985,1,20171202,780,164,1277,67.82,8.5,delivered,1,19
3998,96ba60590fc04349b3d9b85bc313b87e,1,20180112,780,152,3343,249.51,54.49,delivered,5,61
3999,4f36c46036b3422f964e86d8c0df694c,1,20171202,780,177,1702,142.8,14.41,delivered,5,20
4000,a4cde7195c6b4276aa2453bd45bb8263,1,20171211,780,34,982,80.75,10.25,delivered,4,28
4001,0cf9122845ec4f459fb071b53899ec3a,1,20171207,781,317,2028,80.28,16.69,delivered,3,20
4002,ffe93f90bff5419e94bf0c2728e4bf3a,1,20180504,783,84,640,222.92,48.77,canceled,5,1
4003,2979db3a62054804ba4ebd61db81861f,1,20180526,783,145,2259,18.69,8.5,delivered,2,22
4004,9aa9733a4a3d443d89acd9cf72624e83,1,20180522,783,321,3563,127.73,22.16,delivered,5,19
4005,621e6afbdbb7413bbf5280aa3e94119d,1,20171004,785,322,1338,86.52,18.26,delivered,5,1
4006,d74b83ac634c4090b4a5c86d07c5f0be,1,20171008,785,16,3824,45.12,8.5,delivered,4,5
4007,d74b83ac634c4090b4a5c86d07c5f0be,2,20171008,785,41,3824,21.51,8.5,delivered,4,5
4008,05f61fd36ed1455eb1b578526e9d10b5,1,20171217,785,430,895,50.32,10.86,delivered,5,75
4009,95c50bd6b5344e1585bd963d7c4209c9,1,20171014,785,153,3210,48.86,10.36,delivered,1,11
4010,2535eaac9bd943e4b82be0eaae212408,1,20171107,786,367,4172,344.04,55.77,delivered,4,10
4011,2535eaac9bd943e4b82be0eaae212408,2,20171107,786,11,4172,85.13,8.5,delivered,4,10
4012,2535eaac9bd943e4b82be0eaae212408,3,20171107,786,132,4172,61.54,9.96,delivered,4,10
4013,1567247d77254ed783d43f8fd4aafdac,1,20171101,786,99,3599,148.32,26.15,delivered,1,4
4014,acde2faa209a456bad035f765a461800,1,20171124,786,292,1418,262.89,43.15,delivered,4,27
4015,ed5cfad84c5740168cfdde689bf03133,1,20171031,786,44,2369,122.82,12.06,delivered,5,3
4016,bfd732453c6449a69978099d42245564,1,20170923,789,351,329,65.86,14.19,delivered,1,13
4017,7b00e1c7d4894c5da7b39ac34149485b,1,20180502,790,112,2851,87.95,8.5,delivered,4,41
4018,80b35c61566e4d73be3075d49ed6c5a6,1,20180510,791,213,2593,109.1,8.96,delivered,5,18
4019,bb277f56a8f64808aea4e822a7cd3d7c,1,20180427,791,137,2931,38.09,8.5,delivered,5,5
4020,bb277f56a8f64808aea4e822a7cd3d7c,2,20180427,791,268,2931,64.36,8.5,delivered,5,5
4021,d0c328f3cfe44bf7a7f6e42710292461,1,20180426,791,180,3303,109.64,10.62,delivered,5,4
4022,4fd76475bc1d470ea6fadb08afc10bed,1,20180516,791,80,3885,101.71,9.06,delivered,5,24
4023,1c3e1d5bbe944814ad6bff84694ee020,1,20180718,792,494,3181,65.43,8.5,delivered,4,59
4024,568cb4350c014530b6823cc68825f161,1,20170822,794,242,3559,68.71,13.64,delivered,5,68
4025,b050c4b180eb4bfd990024dacdde9ec6,1,20170718,794,135,3030,177.14,16.95,delivered,5,33
4026,87954238769b46f4b3e428317f264045,1,20170728,794,324,3456,51.92,8.5,delivered,5,43
4027,1fc84780739d41aebd42c4042775f798,1,20180421,796,63,2602,57.57,11.45,canceled,5,9
4028,c6e9601a93bf420ea2b445df8af80a7b,1,20180414,796,96,1639,59.66,8.5,delivered,5,2
4029,5caf41818dba4cd193069a41020a8fd3,1,20180119,797,280,2638,147.27,25.14,delivered,5,3
4030,04b24faef08d4e4f85ffe4fc5c39918d,1,20180203,797,281,1449,174.38,26.59,delivered,5,17
4031,f38ff9605d44427787a282bb6836ae69,1,20180605,798,66,3511,90.67,11.29,delivered,5,3
4032,a6371c1ad11a47029b53cdf1071d34b2,1,20180629,798,345,3339,413.38,33.93,delivered,5,28
4033,6fae693a3c93460f9142b6776abc2531,1,20180213,799,429,4840,202.99,23.88,delivered,1,1
4034,6fae693a3c93460f9142b6776abc2531,2,20180213,799,31,4840,77.33,8.5,delivered,1,1
4035,05456612877d4f63b201a2e235de62c6,1,20180303,799,406,3701,25.36,8.5,delivered,5,19
4036,05456612877d4f63b201a2e235de62c6,2,20180303,799,339,3701,65.64,11.69,delivered,5,19
4037,4466f82dbb0e453487e9b12bea78582c,1,20180303,799,376,4267,264.17,23.98,delivered,4,18
4038,ac283e8e93e34c5ab935c324b2356693,1,20180216,799,136,1229,65.17,11.02,delivered,5,3
4039,28a3af817b4f4416a915f6c86417b9b5,1,20180302,799,219,361,96.21,11.21,delivered,5,18
4040,e17a31ba33e3407c9231bf5447edac73,1,20180303,799,222,1990,107.76,18.06,canceled,5,18
4041,2ef31159a8cd4d8a84449a30070e203d,1,20180227,799,450,2282,87.4,8.5,delivered,5,15
4042,cc532897259e44a8a192076c830aa864,1,20180223,799,374,1402,10.65,8.5,canceled,5,11
4043,3f31854246fe4579b54b0eb9be7abd8f,1,20180224,799,377,2221,126.87,17.72,delivered,5,12
4044,9f2d4fa20f064004a2b29e7d8610e322,1,20180224,799,198,4233,283.25,40.72,delivered,3,11
4045,9f2d4fa20f064004a2b29e7d8610e322,2,20180224,799,260,4233,75.14,8.5,delivered,3,11
4046,7786a1fc9000478a921cdb4fd99032e7,1,20180223,799,129,4184,37.12,8.5,delivered,5,11
4047,f53ed99bd84944f79c38f643b847cbe9,1,20180214,799,441,682,151.8,30.98,delivered,5,2
4048,9c29ee2397e3454f87a0ea62e300983a,1,20180223,799,92,2912,114.52,10.04,delivered,1,11
4049,943261bb7f1d42c1adb44b80143f6ede,1,20180320,799,425,3542,67.01,12.03,delivered,5,36
4050,28779677fbfc4d6e9ed10d44cb4a794c,1,20180314,799,302,675,67.46,13.06,delivered,5,30
4051,8ec790a73e2b4be4b4848bca860c79b2,1,20180216,799,432,1151,36.22,8.5,delivered,3,4
4052,e0525f5056574b99ad563c556764aa03,1,20180219,799,398,3429,190.79,18.21,delivered,3,6
4053,89d07b8fd9c24e6186b9f87f17149569,1,20170704,803,345,4544,349.24,39.64,delivered,4,12
4054,3ecd832dbd3944e998d34963906c72bc,1,20170626,803,344,1479,17.06,8.5,delivered,2,4
4055,b4a00f2cbd444081b859fc63202aaafc,1,20170713,803,11,3961,215.21,40.55,delivered,4,21
4056,46d16c7479084556b98a052d4fad81d8,1,20170802,803,305,1694,625.81,106.85,delivered,5,41
4057,fbac93b1c9b94e1998cdd75302d838f0,1,20180505,807,208,3205,247.96,42.15,delivered,5,23
4058,0ac0a91e8dca47cbb8084e9c47e07eb4,1,20180419,807,175,71,169.33,21.94,delivered,5,6
4059,0ac0a91e8dca47cbb8084e9c47e07eb4,2,20180419,807,270,71,75.49,12.86,delivered,5,6
4060,0ac0a91e8dca47cbb8084e9c47e07eb4,3,20180419,807,333,71,127.01,10.82,delivered,5,6
4061,fa45a85c861e4b10bf27cb87ca010175,1,20180519,807,23,437,23.19,8.5,delivered,5,36
4062,cc13d624712244d7b031926a026c3d5f,1,20180423,807,303,393,112.48,20.99,delivered,1,10
4063,b472818b46164a7cb4cad731d67cb67f,1,20180419,807,160,3038,87.0,16.7,delivered,4,6
4064,8ecba7a25e9f4d31b559775b796369bf,1,20180415,807,214,1039,61.75,8.5,delivered,5,3
4065,8ecba7a25e9f4d31b559775b796369bf,2,20180415,807,25,1039,114.96,15.18,delivered,5,3
4066,8ecba7a25e9f4d31b559775b796369bf,3,20180415,807,358,1039,72.46,8.5,delivered,5,3
4067,04aa608c70c54dd09e8c21e5b08058f9,1,20180610,807,61,3269,81.75,15.26,delivered,3,58
4068,56873e47105b440a849e2cafc27368f2,1,20180221,808,253,4396,11.93,8.5,delivered,5,12
4069,c5fa344182ba4d65beba23cb808ca3b8,1,20180221,808,231,1098,60.2,8.54,delivered,5,12
4070,b533585e6de440a4b0af8a3fa1d762de,1,20180220,808,171,3918,69.84,9.22,delivered,4,11
4071,e5f4939bd20f4052b03e62098fea289f,1,20180213,808,174,1543,94.32,16.02,delivered,5,4
4072,43635584166e4aaab034a32ebb3787e7,1,20180213,808,182,2724,61.98,10.55,delivered,4,4
4073,00384a408e8f4929aa699c9bc46c3d79,1,20170725,810,276,2640,90.93,10.43,delivered,5,31
4074,8376b2f34dd643c1bd630aa848c4d3e3,1,20170802,810,110,1621,166.08,23.16,delivered,3,39
4075,d2599d953b4e4a46b93b9aec1fdda8c8,1,20170927,810,452,3518,98.03,13.27,delivered,4,94
4076,6dbdb2ebd2c94122a98dbc2ab1f32da5,1,20170709,810,128,2663,169.83,19.74,delivered,5,15
4077,f95854cc42f64e9dbd3d61f1cb8b4542,1,20170627,810,255,1655,65.02,8.5,delivered,5,3
4078,f95854cc42f64e9dbd3d61f1cb8b4542,2,20170627,810,54,1655,100.97,10.49,delivered,5,3
4079,fd5713053fba41fb892caacbeba692f8,1,20180611,813,14,367,29.31,8.5,delivered,3,7
4080,7f191080d78f4594b2b608d8a8f51309,1,20180702,813,325,948,147.02,14.71,delivered,2,29
4081,d814ea02bfcd46408f62664453db679f,1,20180605,813,132,1248,195.01,40.35,delivered,5,1
4082,1edf4d0ad1a04d2293dfb1604c943448,1,20180707,813,13,4893,157.48,25.32,delivered,5,34
4083,bca738d715084bdb9cd21c7b5a473e40,1,20180616,813,59,4262,388.58,79.32,delivered,5,12
4084,f5940e21e5ca4380baa04668b3951211,1,20180605,813,451,4609,20.53,8.5,delivered,3,1
4085,b1c644ff01064ec9bd63f90ed6cd6758,1,20180610,813,115,4909,112.79,21.4,delivered,5,6
4086,361346f069f24ec8b908fc9207fb27eb,1,20180605,814,73,614,72.58,8.5,delivered,5,22
4087,4a1d381c59bf46d395a2ac8f793016a9,1,20180527,814,54,3637,110.48,9.13,delivered,3,13
4088,4e6e6fdf7d154066bf1f35b100512cbb,1,20170813,815,10,1388,268.92,49.59,delivered,5,5
4089,336058364097410ba4c87d1a1d7b3016,1,20180120,817,183,2477,151.7,27.45,delivered,5,26
4090,2033db9265cc4dda8700467486885b95,1,20171231,817,197,4346,196.76,30.64,delivered,3,6
4091,2033db9265cc4dda8700467486885b95,2,20171231,817,414,4346,90.57,12.33,delivered,3,6
4092,5f52084991dc4a82a80f7af07ab35ce7,1,20180501,819,343,4720,77.53,12.55,delivered,5,5
4093,5f52084991dc4a82a80f7af07ab35ce7,2,20180501,819,141,4720,75.9,9.82,delivered,5,5
4094,359121e17909478087cefd6c32b68fa5,1,20180427,819,278,350,40.47,8.5,canceled,1,1
4095,e0dc4154c670468bbebebb8202572448,1,20180503,819,156,691,122.7,15.03,delivered,5,8
4096,7df912cf6c3048119984670453fb291e,1,20180513,819,395,3615,90.16,15.34,delivered,5,18
4097,2fb2cc763ebc4a24915da621e3b23018,1,20180517,819,225,508,70.31,8.97,delivered,5,21
4098,c96961b88a85412788ef618e52fd574f,1,20180504,819,386,2507,83.47,9.2,delivered,3,8
4099,ae9655de1c7f473eb97878092437b9e6,1,20180503,819,9,1473,262.55,21.48,delivered,5,8
4100,4195c9982c4c4731a2174bce72f4427e,1,20180502,819,276,1360,62.54,13.21,delivered,4,6
4101,1f06db1b03894a2cae4a7d61ef8a8dfd,1,20180524,819,371,1661,83.15,17.72,delivered,5,29
4102,1f06db1b03894a2cae4a7d61ef8a8dfd,2,20180524,819,41,1661,68.31,8.5,delivered,5,29
4103,1f06db1b03894a2cae4a7d61ef8a8dfd,3,20180524,819,405,1661,86.81,18.81,delivered,5,29
4104,e8cf99f88f294c7ba8b23137cc2a35a7,1,20180624,819,377,3494,19.98,8.5,delivered,5,60
4105,959f37f5fbd0458888723bdb508989d3,1,20180630,819,485,727,194.8,39.91,delivered,4,66
4106,959f37f5fbd0458888723bdb508989d3,2,20180630,819,448,727,214.01,26.63,delivered,4,66
4107,639bb2644e6d43ed9300b5a0728081d9,1,20180426,819,67,1312,45.58,8.5,delivered,4,1
4108,6eb3176cc9be451cac4b039eb7962d36,1,20180515,819,112,4525,58.56,9.25,delivered,4,20
4109,51bc74160aa64643832ddd68520279d6,1,20180703,819,154,341,14.56,8.5,delivered,5,69
4110,ced06b1460c441dc99c0134f0bae6983,1,20180427,819,205,1906,190.95,20.45,delivered,5,2
4111,999785be52b54f579ae91797f67c8acf,1,20180224,821,387,3089,326.74,27.18,delivered,1,5
4112,64bdcf416aa04a33ab2fe5be7ff33b07,1,20180319,821,201,2411,130.51,28.65,delivered,3,28
4113,e6b79120f44e45298bda36833389c606,1,20180318,821,116,3314,212.51,22.45,delivered,5,26
4114,2fe8ae50bcd844b1a8be3199ecbc1bec,1,20180323,821,12,2823,271.33,39.92,delivered,5,32
4115,c964014ca2cc48c0b40a03b567def9d8,1,20170727,822,408,856,77.74,9.39,delivered,4,8
4116,702a212dfcd74425847fd39c5df296bf,1,20170801,822,184,3481,234.73,20.82,delivered,2,13
4117,702a212dfcd74425847fd39c5df296bf,2,20170801,822,364,3481,311.14,58.22,delivered,2,13
4118,702a212dfcd74425847fd39c5df296bf,3,20170801,822,411,3481,252.46,28.18,delivered,2,13
4119,b80964ba45a34122abd50092c9163196,1,20170723,822,311,2612,23.35,8.5,delivered,5,4
4120,11547f2ca18a429c941d8667a756b833,1,20170817,822,261,2240,139.61,15.25,delivered,3,29
4121,251dedc3cf05404aba01fc9c6fed3cb7,1,20170815,822,334,4268,89.36,13.3,delivered,5,27
4122,d6b347ff6f4941418e89e54c8ccd7eb5,1,20170830,822,412,2868,50.84,10.58,delivered,5,42
4123,8e12d957c6fd425fbab0ea86da4e6c20,1,20170730,822,305,1089,25.22,8.5,delivered,5,11
4124,22d9c9d9894e4b8ab1f41a76b712d94f,1,20170806,822,229,3632,65.79,9.38,delivered,5,18
4125,3f92e2541198446eb337823cd52dda52,1,20170726,822,98,5,50.88,10.99,delivered,5,7
4126,c2e4caf4606e40b18a57d40f887b1c9f,1,20170722,822,334,3144,56.4,8.5,delivered,3,3
4127,f1ce32e15c594199b8424e1f73b42dcc,1,20170725,822,138,1780,92.05,9.69,delivered,5,6
4128,682055c84d8647dd9d54aec5b0e3baa9,1,20170726,822,392,2301,71.58,14.03,delivered,5,7
4129,a9b5bec2d9b448ee9108b27f6509336f,1,20170818,822,224,1228,45.08,8.5,delivered,1,30
4130,b0b20a037e874ea3bda7e01a0b9c058b,1,20170824,822,81,4165,45.05,9.66,delivered,5,36
4131,708dcac8552548bb89b76efbfe132e7c,1,20170816,822,176,3413,47.55,8.5,delivered,5,28
4132,e9cf6b4c854c4de9a3d69ce1e60d6649,1,20170829,823,243,2963,276.4,29.97,delivered,2,22
4133,84b2fa6f46304f7dbd0c17e24718c88c,1,20170920,823,41,2134,64.73,9.64,delivered,5,45
4134,1ec3410b05234b7ab4cfc0e1d4bd82de,1,20170824,823,14,4879,41.71,8.58,delivered,5,18
4135,df35502584584ef3a013dbda3ffc93b5,1,20170807,823,212,4819,127.4,22.26,delivered,5,1
4136,df35502584584ef3a013dbda3ffc93b5,2,20170807,823,405,4819,119.44,12.94,delivered,5,1
4137,46fa0b29bb334bfeb6824579b17412eb,1,20170828,823,229,3495,239.39,36.59,delivered,5,21
4138,eaa8fbb5c90f4648876cab7c40656d40,1,20171014,825,134,3921,127.37,10.19,delivered,5,36
4139,bc6dfff1cdaa47c09c618996c33ec185,1,20170928,825,145,3860,27.59,8.5,delivered,5,20
4140,bc6dfff1cdaa47c09c618996c33ec185,2,20170928,825,454,3860,210.06,22.49,delivered,5,20
4141,c0af007a74224228a50ad86902e413ee,1,20170910,825,401,1047,102.86,10.58,delivered,4,2
4142,1852d45053304688ba82496ab87d5bbf,1,20170928,825,115,2801,176.2,36.62,delivered,5,20
4143,1852d45053304688ba82496ab87d5bbf,2,20170928,825,193,2801,217.96,32.04,delivered,5,20
4144,d9af4b9e1bd44d5c8c71405646d72c76,1,20170919,825,175,3722,59.74,10.42,delivered,5,11
4145,d9af4b9e1bd44d5c8c71405646d72c76,2,20170919,825,133,3722,46.51,8.5,delivered,5,11
4146,d791ba6673fb4078810f540b30a72668,1,20170914,825,127,4180,68.21,11.23,delivered,3,5
4147,d791ba6673fb4078810f540b30a72668,2,20170914,825,185,4180,108.31,18.07,delivered,3,5
4148,5c64da18788a468f80faafa34faf7cac,1,20170918,825,322,3272,22.19,8.5,delivered,5,10
4149,5c64da18788a468f80faafa34faf7cac,2,20170918,825,93,3272,101.67,17.9,delivered,5,10
4150,f20b701362f34c0793a34251fdaee760,1,20170912,825,454,276,177.99,20.72,delivered,5,4
4151,6959b09a88ab4aee90abb3b19d2da7c1,1,20171004,825,103,4132,88.61,14.66,delivered,5,26
4152,3f7872424eb84b61a5f1cf9107012d31,1,20170918,825,240,4606,53.1,8.5,delivered,5,10
4153,d88e79f88d2c4711a50acaba39f2d9f5,1,20170919,825,262,512,36.09,8.5,delivered,5,11
4154,f8ab90b197834e6c87aecbbe899de955,1,20170912,825,394,3693,69.4,12.25,delivered,5,3
4155,688a7e9031e5441aa67f50497f01015c,1,20171019,825,68,2184,119.38,23.3,delivered,3,41
4156,293783ed0a784cf4820d14ae9ead3f32,1,20171010,825,139,4499,71.81,14.52,delivered,5,32
4157,8dad2ad539c941f78fee84047325ea23,1,20170924,825,460,498,143.63,31.51,delivered,4,16
4158,692878f197d7493dad43e4506d384dd9,1,20171002,825,218,61,33.09,8.5,delivered,5,23
4159,080e235f3eb44b2f9557ee72da64501f,1,20171011,825,24,4571,23.19,8.5,delivered,5,32
4160,dc5b4afab7e74c9d97a99de92d998afd,1,20170923,825,481,1634,211.51,36.38,canceled,5,15
4161,dc5b4afab7e74c9d97a99de92d998afd,2,20170923,825,250,1634,78.78,8.5,canceled,5,15
4162,1cfc0eebfad64008846c1b441cdfbd50,1,20170921,825,229,849,84.94,13.33,delivered,3,13
4163,0bed48422e5e4a7b9df3b54c6f3cb09b,1,20170915,825,456,4400,71.17,9.75,delivered,3,7
4164,b760f41fa87c4e76831c2151b46da867,1,20170930,828,109,533,171.54,22.8,delivered,5,32
4165,77e40172de974f4ab9ab59e19a6c895a,1,20170902,828,370,1922,150.56,22.48,delivered,5,4
4166,0a09d403c54b4daaaf718cd198859764,1,20171101,828,111,165,58.82,12.16,delivered,4,64
4167,698df8f7f30f4adbab393f8492f5a473,1,20170914,828,62,3483,197.1,27.47,delivered,2,16
4168,d696b3f868dc4d239c966fbd5a505eeb,1,20170901,828,296,4470,52.76,8.97,delivered,5,3
4169,f87953f8fd184b3f9c98233d61b4330b,1,20180615,829,39,3222,222.1,33.38,delivered,3,42
4170,1da636468c9046979591c2508257f169,1,20180617,829,323,3805,89.72,9.46,delivered,3,44
4171,9c0edc00456841e8b69d7e8316106b92,1,20180520,829,217,3317,46.19,8.5,delivered,5,16
4172,9c0edc00456841e8b69d7e8316106b92,2,20180520,829,352,3317,17.08,8.5,delivered,5,16
4173,508fe1997a044884a3ebae032b039b05,1,20180516,829,266,754,232.74,40.31,delivered,4,12
4174,508fe1997a044884a3ebae032b039b05,2,20180516,829,184,754,286.85,41.43,delivered,4,12
4175,8648f72ed4514b70b4e4e78a585e32ce,1,20180509,829,355,3737,95.33,9.93,delivered,5,5
4176,077bdb000d35424897a4416c07f6f48f,1,20180519,829,14,4896,178.13,33.83,delivered,5,15
4177,9202857ec95843fb9606656d4e23d6fd,1,20180506,829,123,575,79.69,9.18,delivered,5,2
4178,1d652259a6a740d692cec69131837653,1,20180518,829,494,2343,71.73,8.5,delivered,5,14
4179,f4caa5a4445546cbbeeff3ad5bd77ffe,1,20180513,829,486,1522,83.52,8.5,delivered,5,8
4180,7329f70141b34b87a7154e2cc7a4ff88,1,20180513,829,48,2730,15.16,8.5,delivered,4,8
4181,7329f70141b34b87a7154e2cc7a4ff88,2,20180513,829,496,2730,99.87,8.5,delivered,4,8
4182,2bd51ee1d94146dbb83a3122fdb50486,1,20180526,829,219,3738,64.57,13.98,delivered,3,22
4183,2d52d8286718495cbaa1a484c2624a7b,1,20180607,829,462,1717,120.85,24.28,delivered,5,34
4184,d27bf47dd2af4066ad767f2c4d8736e5,1,20180522,829,205,4535,71.97,14.72,delivered,5,18
4185,a7a4d562eaab4ddba19c19c1909a0831,1,20180516,829,493,2642,120.16,15.68,delivered,3,12
4186,a7a4d562eaab4ddba19c19c1909a0831,2,20180516,829,125,2642,39.32,8.5,delivered,3,12
4187,44f130c6676d4b2593a1a5bb521b365e,1,20180509,829,173,271,143.04,30.43,delivered,2,5
4188,2b5faef5fb2d485e904b80abc347736a,1,20180505,829,36,2683,70.73,8.55,canceled,1,1
4189,2b5faef5fb2d485e904b80abc347736a,2,20180505,829,302,2683,188.52,32.73,canceled,1,1
4190,bf648df6af5c4371a9629c437037f97a,1,20180507,829,120,3679,162.24,15.14,delivered,5,2
4191,da9db0f27e32420eb80371ca39f43d0e,1,20171120,832,337,2953,111.21,20.19,delivered,3,11
4192,da288a4a982c42c4b560ebb59928485d,1,20180625,834,35,1608,196.32,40.41,delivered,2,24
4193,7733d4c48b524eb08ddfd26e7b1d971c,1,20180710,834,412,2512,163.58,34.03,delivered,5,39
4194,692fc4d5a13f4af9b80af86edd926567,1,20180707,834,264,3858,54.25,9.55,delivered,5,36
4195,77c11bef745441289b9d15f3b33f7803,1,20180622,834,215,4101,90.7,15.29,delivered,5,21
4196,8dc98e6c9e5f499e9b68de6bcf3f92c6,1,20180616,834,449,2535,15.62,8.5,delivered,5,15
4197,242015b6394d4967ada67c0ce6b64c9d,1,20180609,834,441,1084,99.49,14.21,delivered,5,8
4198,aa4834aabc0249a483564338bed821ff,1,20180604,834,194,1144,25.38,8.5,delivered,2,3
4199,6cb3d1a9a35e469184cc589688cbec1b,1,20180812,835,76,1152,52.67,8.76,delivered,5,57
4200,691239b8be454cd5bbd0f65f8fbbe375,1,20180804,835,137,734,70.68,10.08,delivered,5,49
4201,691239b8be454cd5bbd0f65f8fbbe375,2,20180804,835,490,734,154.78,16.99,delivered,5,49
4202,d20beabe16024085819c099a4f52155e,1,20180728,835,248,3530,41.87,8.5,delivered,5,42
4203,16d39450c3db4ffb923a37cf3c8ae282,1,20180621,835,107,4718,568.72,85.52,delivered,5,5
4204,23a93f49d5cc433bb759b04833ee70d8,1,20180623,835,111,774,108.33,16.43,delivered,5,7
4205,3231e0c405104f10b8ad5ff3004cae3e,1,20180804,835,54,4881,105.83,13.93,delivered,4,49
4206,1e3733c8e0894a109e9e965e94a2fab4,1,20180710,835,219,2863,52.98,8.5,delivered,3,24
4207,90d4157314fc45c7becba8179097f7c1,1,20180702,835,20,4202,173.92,21.47,delivered,4,16
4208,5c23ee0b3be84c308e4548ec5e59a095,1,20180704,835,139,2677,305.32,61.62,delivered,1,19
4209,017b0d9b10de4123b1e25ede4210e05f,1,20180627,835,109,1644,69.62,14.51,delivered,1,11
4210,017b0d9b10de4123b1e25ede4210e05f,2,20180627,835,214,1644,35.65,8.5,delivered,1,11
4211,c454a7f41a3b4b64bac78146e3bb4c9a,1,20180625,835,53,2147,83.76,15.32,delivered,1,9
4212,729b2f0e9354446a868412a830cec5a3,1,20180717,835,171,2819,63.24,10.54,delivered,5,31
4213,f3d830f3fa1b4b42982e07ceb50bbf8d,1,20180704,835,243,672,134.68,22.0,delivered,4,18
4214,f3d830f3fa1b4b42982e07ceb50bbf8d,2,20180704,835,496,672,254.08,24.16,delivered,4,18
4215,6f1fd33ef66744a3969167f7a08df0d3,1,20180725,835,121,387,171.02,22.76,delivered,5,39
4216,dba1c98a529342a0bf234f5f5d8c2d3c,1,20180709,835,292,3411,84.02,8.5,delivered,5,23
4217,29459e01d8774042a242f62d6842c857,1,20180617,835,105,2480,32.81,8.5,delivered,5,1
4218,29459e01d8774042a242f62d6842c857,2,20180617,835,13,2480,101.58,20.94,delivered,5,1
4219,dfc71bcdc4d1447588b6ba58d09787d7,1,20180620,835,7,3446,71.97,8.5,delivered,5,4
4220,ee92b2fe76c94452a620b3d80428c23f,1,20180630,835,10,1776,62.27,10.42,delivered,5,14
4221,4878f69050104187bac573fb4a73ec40,1,20180708,835,324,4985,109.57,21.72,delivered,5,22
4222,1e4286ef6aae4039aa00b6386aaeac1f,1,20180620,835,65,4979,119.26,10.52,delivered,5,4
4223,c0c4c990cdc74b1aa175444bba8aca2e,1,20180621,835,172,955,156.62,16.95,delivered,5,5
4224,c4e6aab563534bce8de4ee0cb3e8fddd,1,20180624,835,495,1806,73.76,10.36,delivered,5,8
4225,0fb953f507654180a25f6ed775ef7c11,1,20180619,835,440,4593,70.01,11.11,delivered,3,3
4226,de46124c1683400888319487d0a857b1,1,20180106,836,136,4882,62.03,8.54,delivered,5,2
4227,eca90ba487ac45f4a23dd363037ad4b4,1,20180112,836,208,2919,102.4,16.37,delivered,3,8
4228,b08133b0467e4b3782c42d2031caf003,1,20180105,836,457,2317,86.77,16.23,delivered,5,1
4229,ad0580b727e444c99fd4b2e6cb378245,1,20180117,836,290,818,44.75,8.5,delivered,5,13
4230,9733fc5a4805448bad4a013bf8dcb498,1,20180123,836,121,805,322.4,48.95,delivered,5,19
4231,9733fc5a4805448bad4a013bf8dcb498,2,20180123,836,398,805,464.33,74.8,delivered,5,19
