lead_key,mql_id,date_key_first_contact,origin_key,landing_page_key,is_won,date_key_won,days_to_close,seller_key,segment_key,sdr_key,sr_key
1,648681c6eff847f5ab5efb2b3b4a8fcb,20180424,7,26,0,,,,13,1,1
2,efc6f34da9f4400aab362637a11a2cb1,20171019,2,17,0,,,,13,1,1
3,8c2280a5b73a49b588f9a875904a4d22,20170811,1,11,0,,,,13,1,1
4,5acf1e2f25494bc291659d14fbdd56bc,20180307,9,14,0,,,,13,1,1
5,feb976228d2e419fbdd58631b39d8aff,20180103,4,26,0,,,,13,1,1
6,1157f96160794ad081fa825b3b2a27ab,20170718,4,17,0,,,,13,1,1
7,936ec2fbd6b04ac6ab2448f021808b0b,20180214,4,26,0,,,,13,1,1
8,2aaff4051d534fd4a7e06a230c7b7d66,20180315,8,28,0,,,,13,1,1
9,20ebf66946b945a78991b9767c0e6781,20180429,9,15,0,,,,13,1,1
10,6bb4cfb9e247456097ca648523a0ab04,20170921,1,14,1,20171006.0,15.0,1.0,10,10,15
11,b01e65f9ba8646ea983d8f6fde9a7946,20171021,4,24,0,,,,13,1,1
12,9483f2acd34a4970bba350710e76d0f8,20170821,2,8,0,,,,13,1,1
13,5ac0d026cb724153a75516ea02fed582,20171021,3,9,0,,,,13,1,1
14,92e77f6ccbaf44bc929cc61a0336954e,20171120,4,3,0,,,,13,1,1
15,bd7616dd3fd44f4ba3a2962d0efe9d01,20171212,4,16,0,,,,13,1,1
16,52556c64bec44c11929edef8f1f4004d,20171124,4,19,0,,,,13,1,1
17,8b99aa7001204bf895b812810b17c27d,20170623,7,21,0,,,,13,1,1
18,6b69054bfd4a416b84d57b60b9dcb4af,20170803,9,3,0,,,,13,1,1
19,5f163f307ba249f08dda775319de2edf,20180310,7,20,0,,,,13,1,1
20,0937799ccf3c4c2197430926a7c714d9,20180418,7,12,0,,,,13,1,1
21,05c18f706a2c438c808e62f77f8c8325,20171203,9,9,0,,,,13,1,1
22,25dca5cb81634fb19886c374cc01578a,20180527,4,27,0,,,,13,1,1
23,125d58b0f85440269ca3bf54b1750e1b,20180505,7,24,0,,,,13,1,1
24,6dc31fc5ba7d4bd9b971840d726359b7,20171027,7,10,1,20171105.0,9.0,2.0,9,2,1
25,7bc3013bf04b41d0a428e90a2b719d9e,20170928,7,30,0,,,,13,1,1
26,1465f13ed9de4400bf83203a51db1f04,20171021,3,23,1,20171107.0,16.0,3.0,11,6,12
27,92869a4385de435c9743f41a7f24a7a7,20171204,4,16,0,,,,13,1,1
28,e5b60c5451724101889682eef13a75cb,20171129,9,11,0,,,,13,1,1
29,4687a46228b347c783547e8802664d31,20171015,9,3,0,,,,13,1,1
30,e15fec41d62a45e89f4b97f57c888860,20180408,4,7,0,,,,13,1,1
31,b54b86dc07c84879a5a3eafff3ec52b7,20180301,9,7,0,,,,13,1,1
32,0ef68c15b5cd47f99bc30b8221572fe2,20180123,4,19,1,20180128.0,5.0,4.0,1,5,14
33,1b4a68797a3b49388a58a23bd46f52df,20180424,4,17,0,,,,13,1,1
34,4e15dc775b46443f92b5df1540fa353e,20180517,2,20,0,,,,13,1,1
35,edd24a01c3c146b0b5d8800ebc65c74f,20170629,2,20,0,,,,13,1,1
36,fe696b7bad3c4d77a45da34f107c0ecd,20170617,3,30,0,,,,13,1,1
37,b8d273e3fe274479a876f7aa5157ee83,20171016,7,9,0,,,,13,1,1
38,2957c74a331d4b8f8c60b5a35ae00686,20180318,4,9,0,,,,13,1,1
39,8f0c6974ee414f15ae5ddfe85d404cc8,20180502,1,30,0,,,,13,1,1
40,0ce45d4789a4453d836cc908cc2c6454,20180426,7,4,1,20180514.0,18.0,5.0,11,4,9
41,e14c95852634441697717047629b0779,20171014,4,17,0,,,,13,1,1
42,388991fcf8c44dde8391db8038be7961,20180315,7,19,0,,,,13,1,1
43,c8dcb6c8dd514b488458dd8a586bc0f1,20180327,4,12,1,20180411.0,15.0,6.0,10,7,7
44,6068eb0b65954a739e3f9f80de19093c,20180326,5,16,0,,,,13,1,1
45,217c8ec231e34c2d809a8ca42cc8923c,20170921,4,6,0,,,,13,1,1
46,7d0557ff38df4bc6a540c25c6ec1858d,20180208,1,24,0,,,,13,1,1
47,f76b1f92f69043a1a0322c9bbb607b82,20170625,7,4,0,,,,13,1,1
48,5ad814c67a384187a363013098a64c63,20180418,9,5,0,,,,13,1,1
49,e871720469744e59a6c1599d4e9a54ae,20180515,9,29,0,,,,13,1,1
50,d2f61a5771b14f0c8ac37a6c42ef450f,20170703,4,30,0,,,,13,1,1
51,92397bcdafee4679a7c302feee52b02b,20180402,2,6,0,,,,13,1,1
52,4f70b1f193254d9f895d864688230ca1,20171007,3,10,0,,,,13,1,1
53,2a4da88c66f84be58b7c1617d357afb0,20170606,5,11,0,,,,13,1,1
54,d75feb48637a4e70a572459227ab6451,20180302,8,24,0,,,,13,1,1
55,030469b6f2944f49b6c072005edd704c,20180425,9,25,0,,,,13,1,1
56,363c91178e01472abcf3cc28bc655e7e,20171029,5,7,0,,,,13,1,1
57,602a177656b94d239227a264ded698f2,20180119,4,2,0,,,,13,1,1
58,2d55465a54504ba1a383f50577a28217,20171013,4,24,0,,,,13,1,1
59,40a45716eb7b4868a09429d386880145,20170831,4,22,1,20170909.0,8.0,7.0,7,10,1
60,204a6fc407cc4fc1aa49d1d06acd8fda,20170725,7,1,0,,,,13,1,1
61,34824e34c1d9442bb5c52f1e346cf54a,20180424,7,29,0,,,,13,1,1
62,9814eecde5d646f691a884f381c7c14c,20170910,4,16,1,20171002.0,22.0,8.0,3,8,12
63,48c5b8952c6c405ea46af8fb10b12161,20170822,3,24,0,,,,13,1,1
64,a4951d7bbf31499f9f51716b14bfa5b0,20180227,7,29,0,,,,13,1,1
65,8782c34c727641c398d1467c25f90576,20171113,7,26,0,,,,13,1,1
66,a042a6118fc24c748f2c51521204f005,20170728,9,12,0,,,,13,1,1
67,a0a9bb9924c44fffa4eb99e723b94b7e,20171105,4,27,0,,,,13,1,1
68,5ec1064ec0a6472ca81435a7ee83dd36,20171002,3,3,0,,,,13,1,1
69,a2819790e03d4c2fbcf6a562b3bdfb4c,20170714,4,20,1,20170807.0,24.0,9.0,1,9,8
70,725a47a8abd145579fde9cbb65b389bf,20170706,10,24,0,,,,13,1,1
71,5575fb436a26493aa8cdeb19d0a29784,20170804,3,11,1,20170816.0,12.0,10.0,9,7,15
72,0d3776d2507f4f61832b35fb13beaaec,20180130,4,7,0,,,,13,1,1
73,a02645c6501947dc91b93face9001308,20171014,4,10,1,20171027.0,13.0,11.0,5,12,1
74,5fbf5ee8992d4df5a75e45a133465114,20180407,3,9,0,,,,13,1,1
75,699ea5cfb01c40449baf816112c459e4,20180304,1,28,0,,,,13,1,1
76,a0cf918b523f48398d1817540fdd5b82,20171107,1,11,0,,,,13,1,1
77,459895005d1849ba8fc16be41f90cf06,20180429,3,18,0,,,,13,1,1
78,6037b42d5fca4e91ae344c572f1bf6f2,20180220,4,25,1,20180307.0,14.0,12.0,5,5,10
79,21559a465f914125998007135483606a,20171005,7,3,0,,,,13,1,1
80,52811f5c64ce484e92973cd6291c2dbe,20171121,4,14,0,,,,13,1,1
81,d6502ef1fd0b4557a41f065653c21888,20180311,8,14,1,20180314.0,3.0,13.0,3,8,14
82,8932a41986d1485b84acdffe2e0f0c0c,20170921,9,3,0,,,,13,1,1
83,028f88e70b5a4940aed70ea8822fc0ba,20180529,7,27,0,,,,13,1,1
84,c51e77e311074145916dfb53f492513f,20170926,4,12,0,,,,13,1,1
85,d094ffb0e32a44d380592efa64000c86,20170617,7,3,0,,,,13,1,1
86,52c196ea44a84b88968d066c7f5a78a4,20180219,7,19,1,20180305.0,14.0,14.0,9,2,12
87,bc14430018d64a938f14e4a79c1fb85a,20180509,1,9,0,,,,13,1,1
88,aae6978b81944dbbb810504f7f74424a,20180304,9,2,0,,,,13,1,1
89,58468ef0b6244941ab9f5e0a035ce87b,20180320,8,13,0,,,,13,1,1
90,1926ccd12f134db28388937e6912b83a,20171003,7,5,0,,,,13,1,1
91,74a944a37350416cbf61e787a58d6215,20171226,4,25,1,20180101.0,6.0,15.0,12,6,14
92,05d66ab3723b4ce6af521f4729f0957a,20170720,1,15,0,,,,13,1,1
93,4266f7c005fb4f14a7ea07aec08e91dd,20171129,1,15,0,,,,13,1,1
94,553a397feb024ea68c63caa7df2cce1c,20180126,9,11,0,,,,13,1,1
95,2162ef93176144cabab318768f4ab1e3,20180501,3,25,0,,,,13,1,1
96,596e13050d5b40edb845038ca2a96364,20170702,7,2,0,,,,13,1,1
97,4e53cfa7fcfe4be3bf65437c1169dcf4,20171121,9,17,0,,,,13,1,1
98,533831bf8c73400cb5c37210d2aecc80,20170907,7,21,0,,,,13,1,1
99,ec78641598f44677a7199dff45e8f0af,20180116,4,15,1,20180209.0,24.0,16.0,7,2,1
100,50cc8ee3e3da491c968c69bc7ca89603,20170902,4,18,1,20170920.0,18.0,17.0,3,9,4
101,332d793f7188489b9f2bf635d5f3d1eb,20171006,4,18,0,,,,13,1,1
102,a016c4c5e80e49a88eec9fd32b49ad2d,20180309,9,27,0,,,,13,1,1
103,a095290474244a2181dad01a5f5bfcc1,20180430,7,20,0,,,,13,1,1
104,a85e5a07bbf44ceb8a1b69792c5e085b,20170608,9,22,0,,,,13,1,1
105,4431000906e64c98ad6be1b0d8828fd6,20170930,5,15,0,,,,13,1,1
106,005dfb013c6b445d9aadc60c26c3f758,20180204,4,9,1,20180221.0,17.0,18.0,11,5,1
107,62530a971bbd43e7a8fe4ac398481226,20171223,7,7,1,20180105.0,13.0,19.0,9,11,12
108,075d2b64bb8a48df8b1c47a1c6d1ec52,20171212,1,30,0,,,,13,1,1
109,d2aaaa1d160d423baea73d615c70a818,20171014,4,1,0,,,,13,1,1
110,0ae8353702434c0f80c8681add3d652a,20180103,4,11,0,,,,13,1,1
111,4c25d2d3d89a434687c4e7ae4f4c5703,20180205,7,9,1,20180209.0,4.0,20.0,9,7,2
112,1c30745fb1574599aa25ad307612e9a3,20171030,4,27,0,,,,13,1,1
113,01c000f7f48e4810a4fb2bdcf9178c8e,20180324,5,27,0,,,,13,1,1
114,0d053721c19a4071b47cc54241b72e91,20171108,3,27,0,,,,13,1,1
115,e70616bca91943dbabc0c5eb0c2f772e,20180327,9,6,0,,,,13,1,1
116,402b91055d384849a0c972ca95278b74,20180227,8,27,0,,,,13,1,1
117,4f1bce98c73649aeae57304b2735f690,20180216,3,10,0,,,,13,1,1
118,60212b382f5f49a384679e847242db71,20170904,4,29,0,,,,13,1,1
119,f79b9f4f2bb64d76a7530dfde28f0b72,20170705,8,30,0,,,,13,1,1
120,b82ea8aea041464cbd0631b9378eba33,20170801,9,17,0,,,,13,1,1
121,1b6e584402124bd5a1a16d102cf8fee7,20180324,3,27,0,,,,13,1,1
122,cda07fd1b6c24503b34237fd66f97542,20180414,8,15,0,,,,13,1,1
123,885a54b0eea24e51b746de8a977fa7bb,20180503,7,14,0,,,,13,1,1
124,ed6b8128d8be4dfea7ecc9f12d05dc6b,20180223,4,22,0,,,,13,1,1
125,5c0e39890ae842dd9b6acd4adb06b8f6,20171012,4,11,0,,,,13,1,1
126,c2a4f1fb5a844a20a7e0252f5c92f162,20171108,7,19,0,,,,13,1,1
127,3332830e6f7c41819e26db139b10ee06,20171220,3,11,0,,,,13,1,1
128,b4cd455a81eb443fa744b15ad6213b5f,20180427,8,18,0,,,,13,1,1
129,27687f9de4124ec59572435ee0d7cd28,20171109,4,26,0,,,,13,1,1
130,ccdc91466c1c48a38c54880c7a7f5538,20180121,9,14,0,,,,13,1,1
131,09ce30da8b9c4d2dae4866653ee3004f,20170722,7,21,0,,,,13,1,1
132,c41709cf00184ad0a8402e9e144368b9,20170918,4,19,0,,,,13,1,1
133,39f064d59332466c9e9a07da9b5c686b,20170807,4,12,0,,,,13,1,1
134,82a65282c424420ca97653797f131aaa,20170706,7,16,0,,,,13,1,1
135,71b0951808fa4dfa8957571433f72461,20171024,2,18,0,,,,13,1,1
136,b7e73922b995418d9dff6d4d85ad51e2,20180306,7,29,1,20180408.0,33.0,21.0,6,6,7
137,763b6ba2b2e84439927f13317d3769a0,20180501,9,26,1,20180606.0,36.0,22.0,7,9,4
138,73803daeb8054be1b64cdd9e27ac46d6,20180508,1,1,0,,,,13,1,1
139,96da689d16194a4caaac55fc587b79ec,20180506,7,12,0,,,,13,1,1
140,b58148f83831416da6dd49470d059916,20170808,6,25,0,,,,13,1,1
141,fe8ea3b26b4e4eaeba39caa2c6f78fd7,20170725,2,4,0,,,,13,1,1
142,a56922afff9942aebb7b82637f5b7357,20171018,4,29,0,,,,13,1,1
143,3a69a18d6ae1498690b7c4d294fb0db4,20170916,7,9,0,,,,13,1,1
144,9199ef5c0a234f67b53324b713b70df4,20180518,7,10,0,,,,13,1,1
145,ed60054f0bb24a32af2f5b874f188417,20171014,7,13,0,,,,13,1,1
146,7521fc6f866a4f0784685bb47fd23419,20171007,4,3,0,,,,13,1,1
147,c4e5e7f8b4a243789d571890df5cbf5d,20180421,9,20,0,,,,13,1,1
148,78a422f9808f4d32956a0aceff8793f6,20171020,9,26,0,,,,13,1,1
149,594347f3206e485281921ebd0e118303,20171118,4,23,0,,,,13,1,1
150,d82654a77c1748b98e576d0792bb2d1c,20171013,4,2,0,,,,13,1,1
151,4e2482d5ad064a38b9ba890625dc4286,20180113,5,28,0,,,,13,1,1
152,778fbfadf87c416686baa87390004143,20180105,4,26,0,,,,13,1,1
153,f5f08254171746b48885d316af636b73,20170728,4,12,0,,,,13,1,1
154,c63837ef3d7e448d937d52346df68cc9,20180520,7,21,0,,,,13,1,1
155,df9b64bbd37b4dbfa0d02b3acf2dbd69,20170619,10,14,0,,,,13,1,1
156,273a1bab7b6c412e9f0b4c9de6560d34,20180310,4,15,0,,,,13,1,1
157,250cbcc8515f47738e64af17a727c74e,20170805,1,1,0,,,,13,1,1
158,91ee1f1aecd640fe88dcb2b106b0bcbb,20171204,1,12,0,,,,13,1,1
159,3e98bb588bb94f43aef2999a1f68e740,20171201,4,11,0,,,,13,1,1
160,1f8c03589f384a6283fae520f942ee93,20171006,1,16,1,20171031.0,25.0,23.0,10,8,5
161,bdfac1a6e1e44c9fb7a93b8fe6ca4e7a,20180314,7,29,0,,,,13,1,1
162,9304109bc63c4cb4bdb0788fe5c28cbf,20170819,9,10,0,,,,13,1,1
163,27708d9f68694020a91382ac3e0378c4,20170823,9,12,1,20170921.0,29.0,24.0,1,1,10
164,f70607006eb34021a95e6bcc881dad89,20171229,9,7,0,,,,13,1,1
165,c7f6b7d0063942d2a1270a94111101dd,20171118,4,5,0,,,,13,1,1
166,49bf73443cd54f5193eeb3ee3ab7654a,20180509,3,19,0,,,,13,1,1
167,18bbe06af9e3464393d36ed2d5b893cf,20170821,7,30,0,,,,13,1,1
168,efe9395cc8e342028c780cee1df8e0ca,20170620,4,17,0,,,,13,1,1
169,5831a90bef294bfc8f6ac80301391f93,20170911,4,16,0,,,,13,1,1
170,be496fd771df4cd5bc285f8f2fba9fdd,20171104,9,17,1,20171125.0,21.0,25.0,7,10,8
171,63d93ec8350a44988b9f5460f5bb5839,20170613,1,30,0,,,,13,1,1
172,a16ac37c41c0477db699db12fdc70bba,20171116,4,10,0,,,,13,1,1
173,cb37316572c54164bb4486dd81409f58,20170706,9,16,0,,,,13,1,1
174,a9c83a7b3470438092daac57ce8b5ca2,20180425,4,30,1,20180505.0,9.0,26.0,9,7,3
175,49c70ed04ef0492cbd0afc9f3bcbbefc,20180514,9,8,0,,,,13,1,1
176,a71b9ee256db444aa8c93dd5b8ee5313,20170615,4,12,0,,,,13,1,1
177,11022f3ddf4b4331afbeea91dd33a5a5,20171012,1,14,0,,,,13,1,1
178,27adbf121316487e971e95a5aa779a30,20171014,7,25,1,20171021.0,7.0,27.0,11,6,5
179,3d72b14655164f5b8ffd52ed172521ed,20180402,5,16,0,,,,13,1,1
180,f5e278dd9f4844b3b59e364520c7654a,20171108,4,29,0,,,,13,1,1
181,7d85079ec2a4442c92a38c06852f72bf,20180217,7,30,0,,,,13,1,1
182,33332dca46ce44d8a6a287d636c18209,20180323,4,19,0,,,,13,1,1
183,89f43653907847b6b6d17d59e86c3b42,20170623,5,26,0,,,,13,1,1
184,c0ee0072a7844072a7c30a161e1712af,20180222,8,11,0,,,,13,1,1
185,18a7026b49a440e4a7a7f0dd6b99da28,20180510,4,16,0,,,,13,1,1
186,9c755f8a3c7545949335e4b9dad684c9,20180107,1,11,1,20180118.0,11.0,28.0,1,7,1
187,8d2dfa55cdfb4979acb333533493ac2f,20171117,3,8,1,20171206.0,18.0,29.0,5,5,12
188,61633b0086dc4b6da63e524e33e1171d,20180506,9,2,0,,,,13,1,1
189,b082e3f7e3db44298daf6c0ca73d498c,20171101,9,1,0,,,,13,1,1
190,918921aaf8444603a28657c127602c7b,20180508,4,8,0,,,,13,1,1
191,9c923254ba8a467d944a3ff78b8c2416,20171224,4,21,0,,,,13,1,1
192,6e46e37202c9414697f1d926f34c28aa,20170805,8,15,0,,,,13,1,1
193,07eae5b065c14ce8886ba88fb22931d5,20180507,5,11,0,,,,13,1,1
194,39a079cd68ce475f866eb188841aa1de,20170829,9,14,0,,,,13,1,1
195,70118551b5b54d039b94f1354c5af88d,20171102,7,21,0,,,,13,1,1
196,6f7cceb08ffe46368952d320b680f1b4,20170601,7,1,0,,,,13,1,1
197,f40c7612b0fe41bcb9309592be6f98ac,20170916,1,5,0,,,,13,1,1
198,02b056e2d26f45fe87db0b0b09418b58,20180324,8,23,0,,,,13,1,1
199,4481ba3e61ec4d2ba3ae864c8b19ba3b,20171112,8,18,0,,,,13,1,1
200,03be993282274bc0b1eed620e7005a04,20180113,3,6,0,,,,13,1,1
201,b579f441447d4780a15d0b96ecb426ee,20180129,9,11,0,,,,13,1,1
202,9aa345f00a8243f6b59e8290017b9256,20170714,4,6,0,,,,13,1,1
203,14052220c0d346c0b09456d3e3f418e8,20180506,4,29,1,20180603.0,27.0,30.0,9,11,4
204,365fc4edd21b4f94b9006276ade6003f,20171119,8,20,0,,,,13,1,1
205,e6403a9cc8904f52990b782f762609af,20170929,9,17,0,,,,13,1,1
206,1af5949dc90a414ba2c261708ef841b1,20170910,4,26,0,,,,13,1,1
207,1e2dc1ffd64e4000a69668d8b6f9e3b1,20170624,4,13,0,,,,13,1,1
208,5e87a2dce81d489392ce0f32ecf62ead,20180409,1,18,0,,,,13,1,1
209,d8466e3f965b4546be0486873543e7fc,20171230,4,14,0,,,,13,1,1
210,fd6930f2529649bca84076c30bdf8563,20170908,4,13,0,,,,13,1,1
211,87f60f519ca14c9b9daf5ee64ecf5bf7,20171222,9,4,0,,,,13,1,1
212,d83aed83fdf24707b5f35f9bbaec8d21,20180502,1,12,1,20180611.0,40.0,31.0,12,2,5
213,8bd7066def544c0e85e13797654b5cb7,20170725,1,17,0,,,,13,1,1
214,a0c5fac3752d4e8ab12b94f28d6a963d,20170830,4,18,0,,,,13,1,1
215,ac09162cf175466cab7cee79a183bdcd,20170626,1,17,0,,,,13,1,1
216,378ab491205c4edcbfbe1380a3355117,20170802,4,4,0,,,,13,1,1
217,ac19151520c046caa5aa7fa0cd108def,20180124,7,21,0,,,,13,1,1
218,bbe228f881bb4c6494ffaa660c505dd1,20180401,1,24,0,,,,13,1,1
219,97c366f976d144bfbc8e68719bfecf45,20180113,9,20,0,,,,13,1,1
220,9c4b8cb610eb4bb395833c510db66860,20180214,3,20,0,,,,13,1,1
221,6f15c535ff4a4917896e6335bf851fb3,20180308,1,12,0,,,,13,1,1
222,1ecd65ae76c54cd0b915c6fc27b78404,20170821,9,18,0,,,,13,1,1
223,97522bc1194c4f70bd0487b68562d061,20171011,4,20,0,,,,13,1,1
224,b7badfc4e4974d089a6ca7d905191ed4,20180423,7,24,0,,,,13,1,1
225,87e4b5ace9324c4482826b9433241367,20180222,4,23,0,,,,13,1,1
226,fb47ab3d42714f47b128b47f0afaefe8,20171001,4,18,1,20171010.0,9.0,32.0,1,1,11
227,c1b5735149b64a36989a79f36306f752,20170710,6,17,0,,,,13,1,1
228,f1a2a66156c04af19368eecfd68674b0,20171018,7,8,0,,,,13,1,1
229,f7e5ab76ebca47a18e9cf59f8289482d,20180304,8,4,0,,,,13,1,1
230,70be423c1e924beaaaba38cdad4b08bd,20170817,9,30,0,,,,13,1,1
231,b84de479efb8431492e181428a19e034,20180522,3,28,0,,,,13,1,1
232,014b06a991614a95af9d588ac03bc782,20170918,9,15,0,,,,13,1,1
233,4f0e5dd2092d48549de06b5fc7367526,20171226,9,21,0,,,,13,1,1
234,f33add72666f48cfa0bfdba081839028,20180125,7,27,0,,,,13,1,1
235,dd259cd23d044b18ac9cc283fffe067f,20170914,4,30,0,,,,13,1,1
236,01cfd2a69aad4c0abcfbbcba2249ecab,20180327,1,10,0,,,,13,1,1
237,fa91a7dadff64c4687e86f7922bfb315,20180322,7,13,0,,,,13,1,1
238,87ce76b8d32f405385558751b0afa39a,20170604,4,1,0,,,,13,1,1
239,aa64a8fb0a104c7b95e76479476936be,20171217,9,21,0,,,,13,1,1
240,a3bdf4900070413f9c70c2d0920609d0,20180307,4,12,1,20180318.0,10.0,33.0,1,4,11
241,a8cb9d2083ba4099a62cf13294c36425,20170921,2,17,0,,,,13,1,1
242,0996246dec9247abb2298cdda9f5e367,20171018,2,13,0,,,,13,1,1
243,2ba195e9b9f44a72b5661a94074c8460,20170615,5,8,0,,,,13,1,1
244,aad3f1389d9141d5ad7c6610e002271a,20180509,7,2,0,,,,13,1,1
245,06a829ec85b7408793cbfe2a556662f3,20170824,4,22,0,,,,13,1,1
246,d791cf5de3df443d977246d092b2aa1a,20170805,5,21,1,20170902.0,27.0,34.0,4,6,3
247,b66cc0675b1a415c921cd755a561cf2b,20170614,7,14,0,,,,13,1,1
248,5d34963359ed4999a7baaf3a8edb2e3a,20180316,2,3,0,,,,13,1,1
249,bac2726723084e82bb0f3d4c4168de99,20180426,2,4,0,,,,13,1,1
250,9d7700f973754dd3893d825cd5a0782f,20180123,8,27,0,,,,13,1,1
251,242e9f0ab5b34044a7fcf937a253bcc9,20171012,7,8,0,,,,13,1,1
252,771b518084c5482990b6b8da9e53cb37,20170917,7,8,0,,,,13,1,1
253,bbbb3c22c2214810aba2010fb4cfe89f,20171120,8,19,0,,,,13,1,1
254,d404f2a2ec624f7d87c829379799183c,20180102,7,20,0,,,,13,1,1
255,fa078fdeb9414c84964af1795ecb4131,20170712,4,26,0,,,,13,1,1
256,63b41659177b4cf3934b978c092c24f5,20180304,9,16,0,,,,13,1,1
257,7b1767fe702c42e581550a92c19eec9c,20170923,5,3,0,,,,13,1,1
258,ab787f046203482782deb29d4bfe5f9b,20180430,1,24,0,,,,13,1,1
259,6301bab36829438986f9c6a58d989d90,20170616,9,9,0,,,,13,1,1
260,cc9906572c0042cf833595dad190efdf,20170611,4,4,0,,,,13,1,1
261,5d07c7b63544465d93742097f5b89a09,20171001,9,13,0,,,,13,1,1
262,ab5f81f03f544f30b9b9a6df78ebd804,20180509,10,14,0,,,,13,1,1
263,fe69e43801f441f9b71a1e9b58ae53c9,20170920,4,28,1,20171007.0,17.0,35.0,6,5,10
264,e4560272a6d74604a8046c48b244211b,20171010,9,7,0,,,,13,1,1
265,68c324622bcb4bd09141db45af5b8c5c,20180407,8,2,1,20180412.0,4.0,36.0,6,5,12
266,8490406817ac4193803e23f44098183e,20170729,1,1,0,,,,13,1,1
267,5c91f9ebce7747869d243297aa43f372,20170726,1,26,0,,,,13,1,1
268,dd09366a5c104c1ebdb1d2152e072ef6,20171107,1,11,0,,,,13,1,1
269,4e073632b6d94b3a8a3e79ea353f76d9,20171210,7,28,0,,,,13,1,1
270,22dbff69f8494141862cb116d02c44df,20170910,7,14,1,20170916.0,6.0,37.0,9,1,13
271,5cd5e20bea184a58a585eb3af38b1f33,20180520,3,17,0,,,,13,1,1
272,03a7f5a31f0d4245ab13ec9279b00a56,20170723,3,10,0,,,,13,1,1
273,72990ba109f84374bb1c61643ae0f792,20180517,8,5,0,,,,13,1,1
274,64f151f3886c4b4bbd22bac7978c5c7d,20170801,5,5,0,,,,13,1,1
275,9d9d4f7730a5430fa05cc3700f282f3f,20170622,9,21,1,20180127.0,219.0,38.0,10,8,1
276,9cb03d5344f6479e932717e27c83f450,20180106,9,3,0,,,,13,1,1
277,cdb7a10675e844648f9a8db6a46de187,20180215,3,8,1,20180226.0,10.0,39.0,12,4,3
278,cbe635412f8f4def82f85c1f2ffc352e,20170607,9,20,0,,,,13,1,1
279,25f79d4d9afb4addbbeaf417e5ca2a14,20180206,1,15,0,,,,13,1,1
280,e8e2b796c7574ee48872f05f5ae5c8f0,20171203,3,12,1,20171216.0,12.0,40.0,1,6,15
281,a5d72367c40c4215a8a3188170e57e39,20180122,8,15,0,,,,13,1,1
282,391ca96d5c67424b926042a221b31437,20170830,7,23,0,,,,13,1,1
283,3d61dbd6822d4af0bd5cf249e5ceed2c,20171017,7,5,0,,,,13,1,1
284,3ad64d2223b94468afcba306ce4d1813,20180303,4,18,0,,,,13,1,1
285,9acb20e09aa04e678e9802d697942953,20180110,9,19,0,,,,13,1,1
286,4f65ae08fd074ee59013ec54b83e234f,20171113,4,20,0,,,,13,1,1
287,1a471ff829db4075800515c0e26899eb,20170715,7,12,0,,,,13,1,1
288,dddb312f64124db2a2e3bf8091a46223,20180117,9,24,0,,,,13,1,1
289,dbf3929c0a024f538f4c198a2e39d113,20180124,7,29,0,,,,13,1,1
290,4879b2e19e164e8a9bb166e785113c55,20180509,9,8,0,,,,13,1,1
291,9229aeff865b40d09e1b6d5e72a239fb,20170615,4,10,1,20170713.0,28.0,41.0,9,11,8
292,1585043d09524ca78dc6fa3c622cb8a1,20171114,4,13,0,,,,13,1,1
293,499b98422c394cceaff623978fa0ef7f,20170917,3,5,0,,,,13,1,1
294,ca01187fcd4e4abb82a530c2e947538e,20171011,7,19,0,,,,13,1,1
295,cf41979791184748ab547879e109736a,20180402,4,21,0,,,,13,1,1
296,dfd080373d6c48fe85c8e048ee69102c,20170606,9,9,0,,,,13,1,1
297,044274854c8d4eb49a171f5c65b3d28c,20170714,1,2,0,,,,13,1,1
298,6b0ebe5214b34a04a3dd61b43a2e4eb0,20171226,4,21,0,,,,13,1,1
299,7b51cb95e18f44c1974fadb763594757,20171002,9,23,0,,,,13,1,1
300,87ed99ce1932416c990b8b514f8e0eb2,20180531,4,18,0,,,,13,1,1
301,d6350727568746bb80ba3c6387d761f3,20170609,4,1,0,,,,13,1,1
302,365fc59b88fd42beb6f4812a649a9d2a,20170922,9,28,0,,,,13,1,1
303,68a020909fba43eca2a86b22e1a34f62,20171003,9,11,0,,,,13,1,1
304,f10742040f7949db96086424ef02f0e8,20180325,9,13,0,,,,13,1,1
305,34d081743cbe4a58928a9be08b3f2524,20180311,1,16,0,,,,13,1,1
306,399efe8443934116a3371c752370ed85,20180104,6,8,0,,,,13,1,1
307,928fa94275204ebd9cb8bbfef2fc165a,20171128,9,19,0,,,,13,1,1
308,3c4dd647b3ba4e07be382cd6a48d75c1,20171104,7,17,0,,,,13,1,1
309,7c3153588d6449eeb5e95d36e565c4e9,20170801,3,8,0,,,,13,1,1
310,eeee05260aec4440bcdcfb8cedf8d2b1,20170801,4,24,1,20170821.0,19.0,42.0,10,8,9
311,b45cf10b799048d684562601d640829b,20180520,7,9,1,20180531.0,11.0,43.0,9,5,1
312,76e11c614eaf44d8999f0462714a3f0a,20170919,4,19,0,,,,13,1,1
313,e59e56193dbd4634978e737b2ba319cd,20180329,4,29,1,20180419.0,20.0,44.0,8,12,14
314,589168576db64004841f5c111de55292,20171023,2,20,0,,,,13,1,1
315,d0045b24a9cf42e885ac91bedce42971,20170908,3,17,0,,,,13,1,1
316,1ffb34c7f7914596b0631d5c52c86c30,20171202,1,1,0,,,,13,1,1
317,3b0b060e3f2b4a518a2c32be173ec7b6,20170608,7,4,0,,,,13,1,1
318,0b64980cfbce470cadc1b029f1b887b0,20171019,4,27,0,,,,13,1,1
319,5ea2fa7d867a457c9376df6aca57be41,20180311,4,28,0,,,,13,1,1
320,e34df78f60db4e33b40c0284cb31f1c9,20170804,4,10,0,,,,13,1,1
321,812338c3db2e4941aabd515445d522b5,20180207,9,10,0,,,,13,1,1
322,c37022456b3d4cb9a6060417a2988cbd,20170607,1,1,0,,,,13,1,1
323,b66f71a193ce457f9cb40083c0f6013d,20180127,1,18,0,,,,13,1,1
324,f61e03db3a804938a70181ea691e7a1b,20171122,4,27,0,,,,13,1,1
325,6b2ae1db526b4e7ea1f4159c3e37cdea,20171008,2,25,0,,,,13,1,1
326,7c99fc97e97a4020809ae8dc35388f4f,20170704,1,13,0,,,,13,1,1
327,a9fbb95f563d4ff69fb3b77f9ef3e460,20170708,9,23,0,,,,13,1,1
328,b7e43bb6ae0e429592642c3615ee7a8b,20180518,9,4,0,,,,13,1,1
329,df53980972ea4621a34e61c93053eecd,20170816,7,1,0,,,,13,1,1
330,5399696e5fe940f387282844a2ca4953,20170714,4,25,0,,,,13,1,1
331,d97f79fff5f1407e953219651efd9477,20180313,7,29,1,20180328.0,14.0,45.0,7,7,15
332,71fb9c542ade4b9f8a65a03c0315787e,20180402,1,17,0,,,,13,1,1
333,68811aa4d8f34566b02dd2db1560e7d0,20180223,4,18,0,,,,13,1,1
334,80a0d85a59194d8d91131bc41277d211,20180113,4,10,0,,,,13,1,1
335,b62efb04ec4c436cb17dded69f4f5cc2,20180329,4,1,0,,,,13,1,1
336,a767bed8939c47b5b910dca4088ce589,20180319,4,27,0,,,,13,1,1
337,b6122e8771fb4943ac3d26e2fe6e983d,20180409,8,24,0,,,,13,1,1
338,b12078756fe04d1fbfd5d6e3cac4091b,20170915,1,9,0,,,,13,1,1
339,b50ea29cf5674ed5891de064f1a05de8,20171014,7,7,0,,,,13,1,1
340,05a6231bc31c4810b4ada3a323f148b7,20171001,4,21,0,,,,13,1,1
341,8c38dc7db801405eb5a58b0e089304c2,20170709,7,26,1,20170717.0,8.0,46.0,1,8,1
342,20c4286c34ca4e0cada772813bc3e686,20171227,7,28,0,,,,13,1,1
343,ea8ef5f67aef416db150560ed8aec610,20180401,4,1,1,20180503.0,31.0,47.0,9,3,2
344,a59e8e15397c4628bb08c0a9660dc4cb,20170617,7,1,1,20170801.0,45.0,48.0,5,2,12
345,79cfcb97430948f9a97bbbad770c506e,20180528,7,28,0,,,,13,1,1
346,c03f78a7ddea4e5cb5e62e47e9ad0940,20180119,9,11,0,,,,13,1,1
347,b93f30c5af6f4bb4b9711a170941ad21,20170928,9,5,0,,,,13,1,1
348,2e3fb1df8be94a399b12223cb14694ed,20180417,4,11,1,20180504.0,16.0,49.0,7,5,11
349,d783574e11dc468a8c5b8be01a2c23d1,20170910,7,25,0,,,,13,1,1
350,2c940f7745134a3d882034367503d4e9,20180306,9,23,0,,,,13,1,1
351,931121a2443047a5aaa20fa20e6fe672,20170816,9,20,0,,,,13,1,1
352,bda1068975af4be59a9d8462167252d5,20170812,8,27,0,,,,13,1,1
353,ff395522c7a04996a7e257f8a94e4351,20170824,1,29,1,20170904.0,11.0,50.0,10,12,9
354,a7d02a9947e94be5a7161537dce68181,20180319,4,18,1,20180402.0,14.0,51.0,1,9,8
355,e6db1b8447c5473994db68ff1cba0c3d,20170803,4,28,0,,,,13,1,1
356,c02796f891f64ce1be8bf7d72fed0e79,20171103,9,19,0,,,,13,1,1
357,2e57f3154b654f47b5decde3fd6afb84,20180212,4,13,0,,,,13,1,1
358,6b35122be0ae4bb48242d8d0a3abd0e0,20180111,9,29,0,,,,13,1,1
359,a8015a5cb7ea4e45bbc0efcf45b756ec,20170621,2,2,0,,,,13,1,1
360,708949f843a044c1b01988c8ba464fdd,20171113,9,19,0,,,,13,1,1
361,3a53acabfbe9437abd7803b1a1721a43,20170614,7,17,0,,,,13,1,1
362,27cf447b6d2b4b438633d4bf252c06db,20180512,9,14,0,,,,13,1,1
363,047559c552484494b137336a65a4f317,20170611,7,14,1,20170619.0,8.0,52.0,10,4,5
364,c13bb0d9f12d43629467dba3bcec3aeb,20170621,9,13,0,,,,13,1,1
365,2b1398ad113e4fef99861bb3f3b99439,20180221,2,18,0,,,,13,1,1
366,b18abbd67a0b470183dc8bce8983e209,20171021,7,14,0,,,,13,1,1
367,0fd9fd770db34eab8fe745f041eb7af9,20180110,2,20,0,,,,13,1,1
368,1fc13182cca74bb29b591f6e5ecec958,20180207,5,13,0,,,,13,1,1
369,627a74d148ff4677a3c279882cd18ed0,20171126,4,8,0,,,,13,1,1
370,de3b15500d254d7b906b2ab294010115,20171112,4,10,0,,,,13,1,1
371,ec5640429bdf4a6b9c092e46fdbe69c9,20170822,4,15,0,,,,13,1,1
372,a4ca8785ac2242e7a2d3b20454f35ba9,20180522,4,1,0,,,,13,1,1
373,1b63eca454cb4035a0b5a82bb148722f,20180506,4,20,1,20180709.0,64.0,53.0,6,11,4
374,48889b36d5f14f089d16304de1669efb,20180309,1,18,0,,,,13,1,1
375,20e1033a688e4722a970827e28a82792,20170716,4,19,0,,,,13,1,1
376,108e70364f0e442bb5c6d860134ba5ee,20171113,7,24,0,,,,13,1,1
377,1a79a743161f49338ba697053706953b,20171224,3,20,0,,,,13,1,1
378,f32555ad2efb43589f6842f48123c5b0,20170601,4,10,0,,,,13,1,1
379,ae55d231cb0247988a8f82fcc629a46b,20180305,3,15,0,,,,13,1,1
380,4f29bfce5726416bb64e954d2ea83130,20170628,7,6,0,,,,13,1,1
381,85c42c6960124f5a94fc685dd622063b,20171203,4,24,0,,,,13,1,1
382,cf80ed84d70e48ee9112c42b20bd2ca0,20180211,1,18,0,,,,13,1,1
383,cbfdf099ad034339ae04c1fb601bc675,20170627,9,19,0,,,,13,1,1
384,96bd60b15b6043909648d9c050caca9a,20180309,8,22,0,,,,13,1,1
385,846edf85236a4ad59af9f58569d044ce,20171026,1,12,1,20171111.0,15.0,54.0,9,9,15
386,4714471d2581419690eb16bdc2c971cb,20180524,3,25,0,,,,13,1,1
387,aa7471e7ccf549d790aed963e414b665,20170615,7,29,0,,,,13,1,1
388,d47a7c0c1699487baaec84a2f7b62cd7,20171001,4,1,0,,,,13,1,1
389,310c5e8da15c46568f8346ce6cea0215,20180310,1,21,0,,,,13,1,1
390,29c28ef34a3e450e9299fa7923cbc94b,20171226,3,17,0,,,,13,1,1
391,a0bf67080236496cba7cac835759f363,20170729,10,25,1,20170804.0,6.0,55.0,9,1,1
392,2a32d46ce1ef4d5889b3f30c91c1254a,20180428,7,13,1,20180528.0,30.0,56.0,10,12,5
393,ff0bf187885f4ea6a72f281f42551349,20171028,7,28,0,,,,13,1,1
394,05c10c2a73fd4378b1bf2b352a1681af,20171018,3,20,0,,,,13,1,1
395,f7b53feb84e0422da664f9270cf81850,20180203,7,17,0,,,,13,1,1
396,b83d070cd02f47a2909ee9e006d5cc66,20180120,5,4,0,,,,13,1,1
397,07b703c38660419cb573d524d11afdfb,20171214,8,22,0,,,,13,1,1
398,1b818b2823d54e5b988e6af5514523ac,20180403,7,2,0,,,,13,1,1
399,051317b9bb4a4b7697abdcdcdffb794c,20170809,1,19,0,,,,13,1,1
400,986bd041de5c4aac9a97fd24142f3d7a,20171230,1,22,0,,,,13,1,1
401,bd69f05b5675411fbb42edb67a543156,20180215,4,20,0,,,,13,1,1
402,dee5bda91a924d3681025a5079d833f5,20170602,5,2,0,,,,13,1,1
403,66d419f82a904635a14099af6e931d3d,20171031,9,14,1,20171116.0,15.0,57.0,11,8,9
404,48cc12b2e8904bdc8cd1b80c9d2c6847,20180504,3,10,0,,,,13,1,1
405,b8d643e786ea4cad97f575d6faa7f3f8,20170816,7,21,0,,,,13,1,1
406,14a281a4eda94f8ea431036f8ead5039,20180203,8,8,0,,,,13,1,1
407,ef8974d91b1b44f6b215dcba09190b92,20180310,7,30,1,20180407.0,27.0,58.0,1,4,8
408,c6f4e64d57f54e199488aad2dc709ff8,20180120,4,10,0,,,,13,1,1
409,5a8540301f8c4a0f9bd57ac1227d6f84,20170905,5,14,0,,,,13,1,1
410,8f0f82f9408f41e2a49c4f8f456fb9f5,20171214,4,10,1,20171229.0,15.0,59.0,7,7,6
411,fb3c0edcc4f94c1d9061df67015306f9,20171228,7,8,0,,,,13,1,1
412,c6d53eccb8394419a7e4005603c4086e,20180129,2,30,0,,,,13,1,1
413,b85805ed9d2043299ecf91afa2ab0bac,20180506,2,4,0,,,,13,1,1
414,c43c34658b39452eaaf67e62ceac404b,20180209,9,4,0,,,,13,1,1
415,8424783cba044bc8954af4dcbcf9734a,20180213,9,8,0,,,,13,1,1
416,00cdb442dfd848d7b586a73dd990353c,20170722,7,25,0,,,,13,1,1
417,83347e4282e241ebac460aedc5401c6a,20180225,7,26,0,,,,13,1,1
418,4c5d111ef96445fe93962a82268b2149,20170813,7,10,0,,,,13,1,1
419,ccb625cc671d414a9c7152af70120654,20180502,1,3,0,,,,13,1,1
420,5d33d08e3d4341409842c0ef877ba188,20180127,1,8,0,,,,13,1,1
421,552737ffaae14c0cbcbe5bc150f892d7,20180416,3,23,0,,,,13,1,1
422,644678f4191f43fa9622c17081f16f13,20170712,3,10,0,,,,13,1,1
423,2fa945b02b6346acb865ee7bc3a75822,20180512,4,30,1,20180604.0,22.0,60.0,9,12,12
424,ec1c30109c9a4cf3a34daaacd95f9c1a,20171110,7,28,0,,,,13,1,1
425,b1639caf58c24c64aa680d140272ff76,20180205,4,27,0,,,,13,1,1
426,e4ff361ef9754b6883f08e7bad87e2ec,20180413,9,17,0,,,,13,1,1
427,52e8c54720fc49ddbbc2e300383b5e5b,20180420,7,17,0,,,,13,1,1
428,892cb49a47804db09dc2a774e2853ca5,20170717,8,25,0,,,,13,1,1
429,e1eea110f6ca4e0da7dd7cf95b6aa64c,20180421,7,18,1,20180505.0,14.0,61.0,11,3,4
430,d5335bc4bfe3439293f0c7c003ec08fa,20170825,4,12,0,,,,13,1,1
431,80e3f493024e4e5e9ad9f29f59b5dc9a,20170615,4,8,0,,,,13,1,1
432,e6d63feb924e4e4380ddd0882cc3faa8,20170629,1,16,0,,,,13,1,1
433,cb886d3bf09045e2a0a9f2ccc629e4a2,20171209,9,4,0,,,,13,1,1
434,dbecdecb7bfb45bc91c4add3a48fbead,20171004,4,15,0,,,,13,1,1
435,9ce4a66d27604c2e842a4208f76043c5,20180317,4,7,1,20180330.0,13.0,62.0,3,5,4
436,bd0ede6ef31f4f3eb31e277917509892,20170829,1,29,0,,,,13,1,1
437,4af228d355cb4f42ba33ebc3cb8f1970,20171213,4,11,0,,,,13,1,1
438,08efab31f7994fd1a082d121c6bb5159,20171002,3,22,0,,,,13,1,1
439,361f72dc53f146dbb4b8418943243fea,20180326,1,17,0,,,,13,1,1
440,a9f9a17259ae4b42a713ad1fe6a9a2d7,20180123,4,19,0,,,,13,1,1
441,ab96c36cf23e470c94aff2dbbbdf7219,20180122,4,11,0,,,,13,1,1
442,5925be4249754fb3b6a00f4c0450abb1,20170605,10,12,0,,,,13,1,1
443,93ef61080221466d83fc7838b232348d,20171026,7,7,0,,,,13,1,1
444,250fc290a747485aa17f51c1b6f4785a,20170708,7,16,0,,,,13,1,1
445,0657c44f81f94cb2a19843f1bc10a9bb,20180328,3,23,0,,,,13,1,1
446,7c7ab6a7dd9e4008b4383a1edaa714b7,20180104,2,18,0,,,,13,1,1
447,98588a29d86c45949f7714df9e474c12,20171102,10,30,0,,,,13,1,1
448,ca22d38708bb4123b3e9e792ec79131d,20180203,1,17,0,,,,13,1,1
449,51310cb106434fb6aa9ebac120f5fc3c,20171213,7,16,0,,,,13,1,1
450,0a268cb24fb64153b6e0419c4bab1a11,20180322,4,28,0,,,,13,1,1
451,db56d09265734258aab4c0cafe10258b,20171030,3,20,0,,,,13,1,1
452,8f4f7cc5d745461ba0aecc9cbfda1480,20180504,9,19,0,,,,13,1,1
453,b641b24c8445436d9d7474ba16136ab3,20170605,7,10,0,,,,13,1,1
454,49d51e62a9014caaab5b93a03a9d7eea,20180518,5,22,0,,,,13,1,1
455,85d34b1f38634f8e8e2deda89995cc40,20180407,4,20,0,,,,13,1,1
456,56b5b26bec2846ff887598aa5cb01444,20171025,7,29,0,,,,13,1,1
457,e939a7c542d04f2a8fe6cf79a2d663b7,20171128,4,23,0,,,,13,1,1
458,6a01be4eb94b4976923b24929d5737ca,20170906,7,19,0,,,,13,1,1
459,fe6b2ed63c9d4adba3d9ba2f42a4cfa8,20180515,4,11,0,,,,13,1,1
460,8b387836b0704b61b8f18f97818f0d17,20170810,4,25,0,,,,13,1,1
461,03be146ad4da4046a88b82b8289276cc,20180418,4,27,0,,,,13,1,1
462,2a8f7e37a55f4393b5be24324821bcd6,20171106,9,27,0,,,,13,1,1
463,0cd9eb58953d4c8abf6a7f9c8b9bd64c,20180324,1,2,0,,,,13,1,1
464,e4e3d13a5e3a4a4cbf049bdfa5580c55,20170807,9,22,0,,,,13,1,1
465,4d70b876ec3c49559b963810138a856c,20171030,2,2,0,,,,13,1,1
466,708971df1e764780a883ff2cbd089aee,20171230,7,9,0,,,,13,1,1
467,b2184231aa224354a3bf6bda6881fe13,20170807,7,12,0,,,,13,1,1
468,207df1a3dc4048b89a0228acd75806a6,20171205,8,6,0,,,,13,1,1
469,c900f46504f941f8ab7726e53eac1d7a,20171018,4,19,0,,,,13,1,1
470,196c44ccbe994066ade0d3f2f6c118dc,20180202,2,2,0,,,,13,1,1
471,71b1d13db75d4edaa7866d438a5744ec,20171121,4,18,0,,,,13,1,1
472,f0fd0c8a98254041b398b08cb946bcb6,20170709,2,24,0,,,,13,1,1
473,31920e7a4d2d49fe86939f2557e9c411,20170924,4,10,0,,,,13,1,1
474,0b11e4cf97f0426e826d4a00153b78d1,20180313,8,3,0,,,,13,1,1
475,e697eb0e22e14e289a4fb903721321f6,20171220,9,19,0,,,,13,1,1
476,3c4d27b9705845d8a929304611db7a47,20180302,10,18,0,,,,13,1,1
477,b2caca80fc2043d6be08268ed3fa705c,20171206,4,14,0,,,,13,1,1
478,ea6bc4a6633149ab9f026b0c327f88d8,20171213,9,16,0,,,,13,1,1
479,3d24b3213c4b44f7844c059a5a7f1902,20170726,2,13,0,,,,13,1,1
480,ba2cc9a077ab4d6bb68d67b28a6ebbe3,20170613,9,12,0,,,,13,1,1
481,cb091c8b162d49b0bad791f1159584e1,20180315,9,22,0,,,,13,1,1
482,fe2cef57186146afa7aa3b5dd71d187a,20180409,1,23,0,,,,13,1,1
483,6ba45807dfb346a1a0c24a58892d40e7,20170703,7,20,0,,,,13,1,1
484,954a74b003c34206b74acda82891d551,20180124,9,23,0,,,,13,1,1
485,bf64dc43681e47648c4bc275e7713268,20171227,9,4,0,,,,13,1,1
486,a8ac393ffb31475c825412ea6f94877e,20170624,5,1,0,,,,13,1,1
487,d7be609588da49dd9d3eccd062a723f6,20180208,4,25,0,,,,13,1,1
488,3abe866f0140402882aab21e304b95e1,20170929,7,4,0,,,,13,1,1
489,6dfe3f70cad84bec8b1e17c5c7e88f41,20171216,2,16,0,,,,13,1,1
490,e871dbc51e4e45b9820d77dc881a764b,20180510,8,15,0,,,,13,1,1
491,e5c60514fc6d4b7f94763018a87f55a9,20180328,7,12,0,,,,13,1,1
492,5798c2b4c53b4526a91ac89ff6282a48,20171230,9,25,0,,,,13,1,1
493,b9af50f072454f36b832613a7efe126a,20180206,4,15,0,,,,13,1,1
494,8a7a8edec0b64d89917d6b2d17ba5192,20171022,4,28,0,,,,13,1,1
495,f04faa9c8e15473dbfe6a6e7ef226759,20171207,7,18,0,,,,13,1,1
496,fb530bfa9e95415bbddbf64f1f328943,20180114,7,10,0,,,,13,1,1
497,4464d00e463c449d91499b60af26833e,20171203,9,11,0,,,,13,1,1
498,9e9d48b138534881963669ee3523eec2,20171206,4,12,0,,,,13,1,1
499,8ae4d862f5d14ccc975624893b3adcc7,20180427,6,27,0,,,,13,1,1
500,46047ec9e1434ac191ce6b799ed599fe,20171221,10,9,0,,,,13,1,1
501,8eac3fd1627c4cfea89826069db3acd1,20170802,1,3,0,,,,13,1,1
502,f8339f71f7cd4987bea00e8eda1cfa7c,20180506,9,23,0,,,,13,1,1
503,a1f12038cdb84fe6ae55d188d3f88fc2,20180424,7,26,0,,,,13,1,1
504,4bf99831d7884214a7d1eda98f56f28e,20170626,3,17,0,,,,13,1,1
505,5fda8ccbff2e40b083f53b06d911f537,20170804,1,9,0,,,,13,1,1
506,4045d99892f74d8781adcc3bfc8f27c8,20170706,4,9,0,,,,13,1,1
507,c2528200c6ba4c749c27eeb93d0b89fe,20180328,5,20,0,,,,13,1,1
508,2246cf6a85d2403a816fb1178b4befed,20170928,3,24,0,,,,13,1,1
509,d8cdbb3f95b94b1289ba519e7d6523ec,20170815,2,26,0,,,,13,1,1
510,8a143c568836482f80fc8396ed40586b,20171020,1,4,0,,,,13,1,1
511,941a7a4a05b7448d87b5e46dcc33dbcf,20180304,9,5,0,,,,13,1,1
512,137b9060930e473ab724dbdf8ceeca0e,20170829,7,11,0,,,,13,1,1
513,1698d4886fbf4526a7fb6d342227c012,20170614,5,26,0,,,,13,1,1
514,79fce5038d6e41af9c648cbf41b8cc0d,20171201,8,14,0,,,,13,1,1
515,67dcde7054f34fd38ea011e5f6938a0e,20171113,4,7,0,,,,13,1,1
516,9e50061d538d467daf2ca48bc3cb91b7,20171014,4,4,0,,,,13,1,1
517,00b6746bc3c04d3fb87433b7b76356b4,20180102,7,25,0,,,,13,1,1
518,641e98e4e002407fa8db8ffed514ad59,20170703,3,18,0,,,,13,1,1
519,95defb83427a4179b5ede17d5e3dc77b,20171203,10,14,0,,,,13,1,1
520,6339abe363564ab6989f88322e97c8fb,20170726,4,6,0,,,,13,1,1
521,e1387314b36f480b95a6ccf6a0dbaadf,20170922,9,27,0,,,,13,1,1
522,f7dc4b88b79b4543a7906304f7c4f564,20180504,7,1,0,,,,13,1,1
523,7c08dca3845e455bbd0aa1390acc96c9,20180121,2,26,0,,,,13,1,1
524,8cdb457952cf4fc583942e4b03f2e378,20170702,3,10,0,,,,13,1,1
525,2b1a2ccb34fd49fd91c783e5a06d7148,20171223,3,11,0,,,,13,1,1
526,193c222d67fa449495061cb4f9ac4721,20170726,7,28,0,,,,13,1,1
527,e0e476d603d6442a8476e119407488cf,20180114,7,12,1,20180123.0,9.0,63.0,9,12,14
528,5087174bcf284b56941a60e5ca56ac58,20170712,4,29,0,,,,13,1,1
529,52ee6760a57949fb8c0a9a717f5128ef,20170815,4,4,0,,,,13,1,1
530,c68dbd5061344df29c6063a71bf68f25,20171019,8,23,0,,,,13,1,1
531,f9f75160b57a44a68da28a2f5cfb67d0,20180327,3,28,0,,,,13,1,1
532,dd2a374e222543febcf56afa41ecff4d,20171114,10,29,1,20171211.0,26.0,64.0,11,5,11
533,38a6893422e04f74a2a5f8f69e80c6a6,20180227,10,18,0,,,,13,1,1
534,8e99614066fe4787aa8192beb74cfa14,20180214,9,15,0,,,,13,1,1
535,b2b9e342323c4af1aced3395348b5482,20170721,1,10,0,,,,13,1,1
536,a01039a585254b8dbba0dfbbdf0630a2,20180502,2,12,0,,,,13,1,1
537,8622a007e6ad420ba70e63013423935a,20180310,3,15,1,20180324.0,14.0,65.0,9,6,5
538,3dbab4dc2bf245d9bbacf9dfb7791205,20180118,4,15,0,,,,13,1,1
539,55fa5814e9644af9aa141a8ab17c28d8,20171121,7,30,0,,,,13,1,1
540,447047450bec493c9d8273f2fa9b6590,20171230,4,8,0,,,,13,1,1
541,8706a208b908412eba069a58de60a038,20180105,2,11,0,,,,13,1,1
542,0b33a2af16ed4f42b87bf070870de635,20171009,9,4,0,,,,13,1,1
543,71e8899f0be741139c70d6a92eca1bc1,20180518,4,3,0,,,,13,1,1
544,60e1e0deafc74b5988c5ade2f73318f7,20170717,1,3,0,,,,13,1,1
545,bb005bfde8294263a74a07fc5bf77b6e,20180108,9,2,0,,,,13,1,1
546,c93262809c5c4db788e5ecc061f0e063,20171208,7,21,1,20171217.0,9.0,66.0,4,9,2
547,ac04dc1625a641b3998d7a811c9b57e6,20170701,4,21,0,,,,13,1,1
548,8ddd19785d4147c98f261973759446e0,20180315,1,11,0,,,,13,1,1
549,4e8db3abaf2343269da1a9df5df7964c,20170802,9,16,0,,,,13,1,1
550,3b98bf3f41cb4cf6bfc4abedab3bc6eb,20180507,3,10,0,,,,13,1,1
551,6ca218011a46410a850b9488ffb096d8,20170627,9,29,0,,,,13,1,1
552,07fe695ef3f24f0db50ba186d094eec6,20171107,8,25,0,,,,13,1,1
553,d96421a9b7e84a1d8dadf401712477e8,20180323,9,9,0,,,,13,1,1
554,42b2d2c05c75404c9500aff105609ab3,20170819,9,13,0,,,,13,1,1
555,3628525cd70446f48f8bdd48956b77f4,20170923,8,16,1,20170928.0,5.0,67.0,9,6,6
556,aa6a83559e3a445aac03f7993a2fdd79,20180312,7,25,0,,,,13,1,1
557,83900c992b5b4a789ca5a93587a702e8,20171021,4,17,0,,,,13,1,1
558,c0c063106d9b4baa86b9e2c5939d2a6b,20180106,4,24,0,,,,13,1,1
559,683e5758e9cc434ba7feb5ff9e01c3a9,20180415,1,11,0,,,,13,1,1
560,2436f0e332a846a39b639ed71fbe1cc2,20180426,9,26,1,20180510.0,13.0,68.0,7,5,7
561,5e54699291f348dd91f955a510a5585f,20180408,1,20,0,,,,13,1,1
562,e82a6808a26f4c95a42adb84f8d49349,20180522,4,26,0,,,,13,1,1
563,e636ae3d444346758c23cf31f6bc51bc,20170901,4,28,1,20170917.0,16.0,69.0,11,7,2
564,ba56bf6a0fd645658ddd4941030b342c,20171106,4,16,0,,,,13,1,1
565,a0560f14845f434ea3695df3d624cc77,20170604,7,10,0,,,,13,1,1
566,ca5b4d81291e41949329fc284fc8a5e4,20170813,9,11,0,,,,13,1,1
567,010d1a92fba24152b3c2536e4b561b82,20171223,7,4,0,,,,13,1,1
568,6fde12d2c91a4f5d991d8eaf8301d052,20180421,7,3,0,,,,13,1,1
569,5b30cf1f25194e35814b810c9cdb2c2d,20180227,5,30,0,,,,13,1,1
570,9c1762e0d54f466aa51abce16609fb81,20180101,7,8,0,,,,13,1,1
571,99f5f202d664475b98f6b4043914b544,20170820,9,1,0,,,,13,1,1
572,1787bcd3f89f4a0eb951e05d66563db0,20171114,3,29,0,,,,13,1,1
573,2f55f35993974d26afb395a5fa28c275,20170714,7,4,0,,,,13,1,1
574,22b3a462e0ef423bb5076143fe9ad5d1,20170820,9,27,0,,,,13,1,1
575,cd8dd873978449a5ac4d32862f738bda,20180512,8,19,0,,,,13,1,1
576,7580bad0a90b40298dc42f7e09f8582d,20180113,2,13,0,,,,13,1,1
577,3ae3fa9eadfc470cb83d2875a0501353,20180407,4,15,0,,,,13,1,1
578,e7ac3ff5894946d9b29ba4a9c43730d2,20171018,5,24,0,,,,13,1,1
579,e66aef13e69f43eb819f8ed02f85a321,20180218,7,16,0,,,,13,1,1
580,2d319a07a8b54e52ac7552317cdaa7e5,20180107,4,1,0,,,,13,1,1
581,442d7e925d16499f88c8056146cfeae8,20180514,7,13,0,,,,13,1,1
582,c864db7ab04c483797e17b3cbd74298c,20180225,10,27,0,,,,13,1,1
583,75fbee523cb74644a95c653f88fca7de,20170921,7,29,0,,,,13,1,1
584,d33e46fbf2ee4809bfc74edf881da46f,20170629,7,9,0,,,,13,1,1
585,5d9b6edbf2df418dbb16107fcd332289,20171102,9,24,0,,,,13,1,1
586,4adbc9d8411b4600bd7517528a97e7ea,20170810,4,1,0,,,,13,1,1
587,c5c297262a51434ca01b56b87258d628,20171115,4,26,0,,,,13,1,1
588,399203f4dfb54083bc030a68ca9004a3,20180210,4,7,0,,,,13,1,1
589,02af1eee75df40d58c5b70fc61459b45,20170806,4,21,0,,,,13,1,1
590,5502b97198b744ce8f1ccc59a98d9ff1,20180527,4,6,1,20180609.0,13.0,70.0,12,7,14
591,aa669276209641fbb87e5a4f77b7daa5,20180314,4,3,0,,,,13,1,1
592,f21aae1b8f794661ac39ad9844957af4,20171221,9,15,0,,,,13,1,1
593,3334b85549f346ed949b14ddb37126ad,20170610,4,22,0,,,,13,1,1
594,c42e9d04b1ca40f3a2d25456188df91c,20170710,7,14,0,,,,13,1,1
595,962dcc81c4924f80b8b4e9f315bf939e,20180106,8,30,0,,,,13,1,1
596,190bdc18278848c6b67c4bef2cd6fe8a,20180530,7,15,0,,,,13,1,1
597,7180f540a54c4b8a975ebce1096b5445,20171027,1,30,0,,,,13,1,1
598,b4ab81ae950840dda901c933e9542c19,20170611,4,7,0,,,,13,1,1
599,4fbd9995715c4cd4aa1eb63980a95a48,20180413,4,20,0,,,,13,1,1
600,3767b4538c7b46358390cf3bf1365d34,20180520,4,3,0,,,,13,1,1
601,6bb22b479ea4462e89ba1dadd64031c9,20180110,4,17,0,,,,13,1,1
602,a037a090ce174dc7a0579194584c7b05,20180110,4,30,0,,,,13,1,1
603,aa63afaf3c894800b69ada8369eebf1e,20180224,4,30,0,,,,13,1,1
604,6e99483f888c4c6caf1b08a28b519ed4,20171106,4,17,0,,,,13,1,1
605,70ff8742a8ae4d9eb266c4e3c9faa7f8,20171118,4,3,0,,,,13,1,1
606,e6b53b10fc7149c6922b7a6ed0f699b8,20180217,7,25,0,,,,13,1,1
607,8dd3324bec74483fa8e208549b95d69d,20180227,4,9,0,,,,13,1,1
608,dba5c48d8798492a908f12203165b396,20171126,7,2,0,,,,13,1,1
609,fd788f280cca4c4eb530244f0f7093d7,20180427,9,17,1,20180602.0,36.0,71.0,8,4,4
610,c521a299ea034436a229113d30492a4b,20170723,1,19,0,,,,13,1,1
611,189fc2de537d4a469bf85ba746f649b9,20170910,4,29,0,,,,13,1,1
612,46999c3f3f7744df832a72528c3ff374,20170818,3,3,0,,,,13,1,1
613,d89270c5a4684a4c9f943d11c84569f7,20170830,9,13,0,,,,13,1,1
614,39edb7cbb2ba4bd28f8856417447022f,20180124,4,24,0,,,,13,1,1
615,4fad87ae439649bfaee1342f68848c43,20180324,8,11,0,,,,13,1,1
616,15a88243ee8b443db8ad03cbd4b75d5d,20180317,5,23,0,,,,13,1,1
617,6e83c841c2994a39b62e14096c85d75f,20180416,4,10,0,,,,13,1,1
618,fef0942b5a564c839e05ff8533669033,20180418,4,4,0,,,,13,1,1
619,8550b99243fa40d0856a23f5234fa5ea,20180112,3,13,0,,,,13,1,1
620,0c3635b0888b496591d96c95a4c6f171,20180113,1,1,0,,,,13,1,1
621,f34baf3116864705bd87bd797d569be8,20171019,4,27,0,,,,13,1,1
622,84e71bae1351478d8fbe6379f2f2fb17,20171128,4,3,0,,,,13,1,1
623,1bdf1c6bf73a45a5ab3f1891cb1ab7d0,20171106,7,18,0,,,,13,1,1
624,919d887349064dac8bbd75258a3d4e9c,20170620,7,16,0,,,,13,1,1
625,d8b41c06e5654365818c603d34f1ff1b,20171025,9,23,1,20171213.0,49.0,72.0,1,1,9
626,6bb9960cd184453ea34a4f302a79f629,20170717,7,29,0,,,,13,1,1
627,807cd78ae0ad46f082bc6922767843fe,20180215,7,18,0,,,,13,1,1
628,8e71a4da2690498889f5497b7759e76f,20180325,1,5,0,,,,13,1,1
629,5f523d11179f4d32bbcf3d10646ae51c,20170622,4,22,0,,,,13,1,1
630,9f75281656044e138adaa4315bc83619,20180320,4,9,0,,,,13,1,1
631,3b51025d8fab4768b56eb8ccc504c9c5,20171112,1,13,0,,,,13,1,1
632,2fe4df1cfb9a4f48979394c1f1ee7ce5,20180212,8,27,0,,,,13,1,1
633,df1e41bf87104afc94245dca2ffa1207,20180117,9,5,0,,,,13,1,1
634,1878eb549eff4ea09d808321b37365ad,20171123,9,6,0,,,,13,1,1
635,5f1b1dcafdb64f31aa09ca0ecb32b9c0,20180427,4,27,0,,,,13,1,1
636,f7dd84c44d2a463889e8b7e3ebfc4a2e,20171005,7,18,1,20171014.0,9.0,73.0,3,6,7
637,39ca2cf600e54e28a0a6756b2f8f5771,20180224,9,29,0,,,,13,1,1
638,08c17970dbe44bb08fca7846ca61bee6,20170821,4,16,0,,,,13,1,1
639,8090c1ec5f4341dabe4b20f4f3e3b192,20171023,4,15,0,,,,13,1,1
640,96b7a2ba25994fe9b4b3045395d911ee,20171121,7,27,0,,,,13,1,1
641,108029f64d864d38a5c5b679fd87405b,20180420,4,8,0,,,,13,1,1
642,756e00966e5442b9a8a8b46f8b685955,20170704,7,25,0,,,,13,1,1
643,8c9b06b71f844fe9b1b75e70db47edae,20180313,4,1,0,,,,13,1,1
644,5dfbf1965a6642a586bd69c89b01b453,20171008,7,22,1,20171015.0,6.0,74.0,10,9,13
645,088952df6bb443c6b95d8ca05d22b55d,20180405,4,8,0,,,,13,1,1
646,cf7ecbe91e6247ffaa2f47e1c0677e51,20170712,8,11,0,,,,13,1,1
647,83e5558745054bfc8b6ffcb757077a13,20170812,9,1,0,,,,13,1,1
648,f1cb0a9765964283b4d9dc5f7b755b46,20180502,1,4,0,,,,13,1,1
649,c20ce258b3154ad6a4ad000c44197c8f,20180401,3,1,0,,,,13,1,1
650,65bed488d2154c41a67b9d64e40eb38f,20180314,7,23,0,,,,13,1,1
651,a4fd826c379f4fde82f1d2485d1afcc5,20171116,4,11,0,,,,13,1,1
652,db3bca14e6604cbf806ca740c7e3fa17,20180526,9,3,0,,,,13,1,1
653,681f8e42a6ab495ca2ddca801691eaa7,20180427,9,6,0,,,,13,1,1
654,f21f876ef8d24fe1bc75219289957c9d,20171203,1,16,0,,,,13,1,1
655,3cad70fe701f4911ae9466dee6e97a3e,20171106,7,9,0,,,,13,1,1
656,23eeb90c123a4d188cdc138906e42fcc,20171122,4,9,0,,,,13,1,1
657,5897e005b3e041048bf0bbf0725e09c4,20170924,7,4,0,,,,13,1,1
658,cf6ba21205ed4f42b347b01da2af80dd,20170710,7,10,0,,,,13,1,1
659,a6bd20f125fb4e23a19ca4ead63b067f,20170722,9,24,1,20170808.0,16.0,75.0,7,3,5
660,ceca5ae010af4133ab012d35f3f1f7c7,20180304,9,27,0,,,,13,1,1
661,ae2c7b84b0b14a95bc8bd8f1d080abe9,20180505,7,12,0,,,,13,1,1
662,83f82d9a3f65410ea912efa82c2900af,20180413,10,29,0,,,,13,1,1
663,b7e7d29efbe54abeb5471114f2f03ee8,20171210,9,7,0,,,,13,1,1
664,0479427537544b8eaa3cd6b1e788c236,20170901,4,5,0,,,,13,1,1
665,fa6a715fc3094f8aa5d00b406d03ba1b,20170824,4,27,0,,,,13,1,1
666,4d14243214554ef0be85e479e3d62e11,20171228,4,11,0,,,,13,1,1
667,13bb93e788ff4349923e22adeefc0505,20170930,4,29,0,,,,13,1,1
668,a13eb682a515455b8d4dd991db33258a,20171024,4,17,0,,,,13,1,1
669,c5ef3bdb13344b49b7d3ce60cb1f6138,20180301,4,1,0,,,,13,1,1
670,2f5c9645ce30463aa52d677f86db1ef3,20180127,7,16,0,,,,13,1,1
671,dd1c9ff581f64f58b71919d150428f8c,20180514,4,18,0,,,,13,1,1
672,7f1e8bd7cc7d4af9b73744c84147989e,20180123,8,24,1,20180201.0,9.0,76.0,6,4,5
673,4b9d629e3e2b4ad9bda64d389cde45ab,20171213,4,6,0,,,,13,1,1
674,ced7d7f5487841ada9e0f72b6f09f4ef,20180101,9,20,0,,,,13,1,1
675,38418200c48f4b94be1161dc5bb8c3bd,20170911,7,4,0,,,,13,1,1
676,7c7a8d6913174e6c9720ea9d314cf1e5,20171007,10,23,0,,,,13,1,1
677,f874927930514eab9894c0daaedd6b2e,20180202,4,21,0,,,,13,1,1
678,8ea95240d78547d9adf5c95c67dc1bfc,20170723,7,10,0,,,,13,1,1
679,09f31b184daf4a3da4fcee7d425a4e17,20170803,2,3,0,,,,13,1,1
680,da8eda16b538405b9c0f6f769d0b6608,20170822,8,18,1,20170830.0,8.0,77.0,10,5,5
681,dffcc1260572492f93c0c508cc1bd461,20180218,3,20,0,,,,13,1,1
682,020e784496ff416a99882deced0b317b,20180110,4,22,1,20180119.0,9.0,78.0,12,8,15
683,2c1b77a02c524ad99af9d252c7441f69,20170922,4,12,0,,,,13,1,1
684,1c1abf3275664456916a5d0b7a14e08f,20171126,1,15,0,,,,13,1,1
685,b8da993a777945d0ae2201d0655a30f1,20170628,5,6,0,,,,13,1,1
686,309b189249904e109874a8c79b959f34,20171209,9,30,0,,,,13,1,1
687,9921cd0b3eed4858999498c5a742b934,20170712,9,17,0,,,,13,1,1
688,1220a66cd9a44eff82f22b12b89b38bf,20170615,4,22,0,,,,13,1,1
689,2741b4f728614376b6ccd44f384c1d73,20170721,1,8,0,,,,13,1,1
690,79ca2d3cd3fa4b02a95179ebd16312d3,20170814,4,27,0,,,,13,1,1
691,c4986929e821469abe2a5ff35e05df58,20171025,7,28,0,,,,13,1,1
692,e10dd571ce734bcfa4cfd46369c5f3a5,20170811,7,18,0,,,,13,1,1
693,a877fad2f6e143d7a44396cdaa25b0d3,20180412,9,12,0,,,,13,1,1
694,0901388de2c846b1a74e40f7b428c556,20170711,4,19,0,,,,13,1,1
695,fbdaf0bb3e8b4623b6b46623111ce003,20170919,4,21,0,,,,13,1,1
696,0e981d1f8fa84465855054a8f829259e,20180408,9,15,0,,,,13,1,1
697,6dd93c92a6b747e287a3e6da3fd7dde8,20170727,7,17,0,,,,13,1,1
698,a2d67e8331b543608bd445332ff52110,20171102,9,27,0,,,,13,1,1
699,4e4133b1352a49048bec4b492928f55a,20171001,4,23,0,,,,13,1,1
700,415162788ff2484193624e42c1107233,20180415,7,3,0,,,,13,1,1
701,a69e19dcaab64932984d1aedb9c0f4d9,20170727,9,29,0,,,,13,1,1
702,ad37793d187a4816ba6c3c4e7924fbc9,20180302,4,23,0,,,,13,1,1
703,c13447a6ccb545019a2d39fca54150f6,20180219,7,17,0,,,,13,1,1
704,dfeed1cf8c2443e395d498146c52754b,20170813,4,15,0,,,,13,1,1
705,6ae0c600219b4012bea250371b19fd97,20170601,4,16,1,20170702.0,30.0,79.0,7,4,7
706,17a248cb4a29468f806df49f39cc78b0,20171002,10,15,0,,,,13,1,1
707,3692eb0758ef4b35bbc252b93343ca34,20170904,7,6,0,,,,13,1,1
708,cc58af77e7c84c29a1fcd640dd2acba7,20171202,3,6,0,,,,13,1,1
709,5d79b090835c46c5bd5399aef3cb7af8,20180306,4,5,1,20180315.0,8.0,80.0,1,3,7
710,04a8fdefbee94fd282251f3040c7d8a6,20180215,1,26,0,,,,13,1,1
711,56f67ab226124ab8962512e33b39edd0,20171217,1,27,0,,,,13,1,1
712,ded50c663454497c8f4ffca3dbb3fb05,20180422,9,16,0,,,,13,1,1
713,4e1ef9cbc97e4c3a906dd676c46dea61,20171008,7,16,0,,,,13,1,1
714,59ec2a58944c40fcbb324c1f0980aacc,20170705,7,17,0,,,,13,1,1
715,c66293b3fa98479488cf187cd319b811,20180503,7,25,0,,,,13,1,1
716,0c9d5282c8c94b3f96cea7074741b32b,20180325,5,4,0,,,,13,1,1
717,767c9edb1a914935ba1618c7c8aa96c1,20170623,3,21,1,20170815.0,53.0,81.0,10,2,14
718,25410a8350c848149fe1c293dc263228,20171121,2,7,0,,,,13,1,1
719,f8aca1a352364ddabbb14db14a4f5358,20180517,4,28,0,,,,13,1,1
720,d70985318c2f4bbd91e49223592a7b93,20180201,1,7,0,,,,13,1,1
721,81844a4b48e64bfeb2b6b3c2815f4a4b,20170809,5,28,0,,,,13,1,1
722,e91d306a2a604d2aba30946ef65a59e2,20180121,4,1,1,20180128.0,7.0,82.0,12,10,14
723,be16a2e0cb0944449cc191d901ae0fcd,20170912,4,5,0,,,,13,1,1
724,61c665122f5e4a4e9d5193bf0e7d4ea3,20170911,1,8,0,,,,13,1,1
725,fbb18e191ca643f58c154131bcb4abc3,20171106,9,30,0,,,,13,1,1
726,61424758ca774dd9812a284aa0bfcfd8,20180306,3,19,0,,,,13,1,1
727,a756b95ae74d41fe8051f1c4621e5a47,20170619,4,9,0,,,,13,1,1
728,0bd26d84f0494c7cb0169012ae0d79a7,20171025,3,10,0,,,,13,1,1
729,c059e557672b49d6b3a893ede9c95e03,20170625,4,8,0,,,,13,1,1
730,9ae2acc13e9a4694a7f7265db46df28d,20171018,4,5,0,,,,13,1,1
731,55686627e43f46658761d4d039bc339a,20171206,4,12,0,,,,13,1,1
732,ebd3ac61124b4676b4f3853b7dfb8750,20171222,3,12,0,,,,13,1,1
733,17d054842220422c9c60568275756401,20171215,1,7,0,,,,13,1,1
734,95ecb587df3d4447b35139438e20ffc4,20180210,9,16,0,,,,13,1,1
735,3866428e3be84c30b7e345a3246090a4,20180221,7,5,0,,,,13,1,1
736,8ef99c4635f946b1b14522c38feb70a7,20170713,8,3,0,,,,13,1,1
737,25572541d32c485392b607bd6f345f1e,20180107,7,20,0,,,,13,1,1
738,fc64735dff4f4cf9baa8ce039b887915,20170901,3,1,0,,,,13,1,1
739,a09a4669bb2145cea94fa7f1e0a664f6,20171112,7,3,1,20171119.0,7.0,83.0,7,1,15
740,525dfbe9f1a94fe594e44b85d91e59e1,20171115,7,1,0,,,,13,1,1
741,84b4a4afa0fb4bc284698bae8dd79416,20180115,7,28,0,,,,13,1,1
742,f32a0bc5d8c1405f8d9d2d96ef6d626e,20180105,7,28,1,20180117.0,12.0,84.0,4,6,1
743,62a7cb44f0264550a206c8bca8a0addd,20180114,1,18,0,,,,13,1,1
744,8deea4ecd98047d7998cbc2255daad6b,20170622,9,29,0,,,,13,1,1
745,f277a6ebaa484789a1f2e413b48d9897,20180109,4,23,1,20180118.0,9.0,85.0,12,3,8
746,b900a6ee7eda445d86120e0614913e45,20170630,8,11,1,20170711.0,11.0,86.0,9,8,8
747,051e40464e2e486c87f07280ee85cd3f,20180423,7,16,0,,,,13,1,1
748,51b504fcd01648548672a1bcbf5a89f9,20180218,9,26,0,,,,13,1,1
749,079a74b3c8c947f1a6a34b31b77e8c55,20170813,5,11,0,,,,13,1,1
750,607587dd30a94a8b8f8ee57d13c3b642,20180111,9,4,0,,,,13,1,1
751,731c61fda1ab4064906a46324518c219,20170705,4,24,0,,,,13,1,1
752,8ad4425f7fef4dc18d10498f7e3daeaa,20180427,5,16,0,,,,13,1,1
753,d557bddbfd164ce9bef6f6df7a0bc551,20171214,9,27,0,,,,13,1,1
754,ad5441d321e34d80bc4fb158db7b03ee,20180406,7,11,0,,,,13,1,1
755,bb680af4f7984ffb8031ef56b9d68c50,20180117,4,16,0,,,,13,1,1
756,6afb12b786c6469ab19efa1bd9cae519,20180114,3,14,0,,,,13,1,1
757,4e1c1dfd62444c098df4db44611b9c03,20170810,9,16,0,,,,13,1,1
758,e09f23cfa96648e9afe562628bcbeef1,20171221,9,23,0,,,,13,1,1
759,82d21ecdac784143929a6d15c9112ce9,20171021,8,25,0,,,,13,1,1
760,ba1c96a4fc7a46aab19b1f09192b04f4,20170614,3,13,1,20170716.0,32.0,87.0,7,3,2
761,a63d75b6dad24b148fe3c0c50453e347,20180221,4,22,0,,,,13,1,1
762,46a0db760816412fa535720f1eb191e1,20180315,7,19,0,,,,13,1,1
763,df4f6af6531b4bff8c43f3a9ee790ef3,20171012,4,9,0,,,,13,1,1
764,02045439e8404cb29d2979eb1eb3b412,20180410,1,28,1,20180415.0,5.0,88.0,3,10,9
765,569bd835785b43649852cbb4349f5a7a,20180207,4,25,0,,,,13,1,1
766,4587aa304eb04ded9e164481c7c2cde1,20170809,9,18,0,,,,13,1,1
767,a575a9c7c90f40a2974988f3ea660f4f,20170828,1,3,0,,,,13,1,1
768,517704a474014bf1a9b13ffe721a6443,20180516,8,11,0,,,,13,1,1
769,12be0c91d11a4b338461bd227d28a27f,20171125,7,21,0,,,,13,1,1
770,9b1abbe0d93745e1a03a88ad74b83c48,20180305,3,12,0,,,,13,1,1
771,52e67a9dc2ca4716a2de884917fdee8c,20171101,4,28,0,,,,13,1,1
772,8ae8e482c9ed4b33b5697070c676d1b3,20180530,3,7,0,,,,13,1,1
773,6209495a47e545aca3eb7203622a392e,20171203,4,17,0,,,,13,1,1
774,1e920e86e79b4607829382bc471ade3e,20170802,7,5,0,,,,13,1,1
775,67679466a82c447aad0ae556f8763590,20170811,3,5,0,,,,13,1,1
776,72b9be95361c4849ae6507a4453a27d2,20180208,4,16,0,,,,13,1,1
777,f3210e76f752492faa0d897d208965ad,20180311,4,16,0,,,,13,1,1
778,e0e95a11f18248d2a6ccf1896e03569a,20180126,1,4,0,,,,13,1,1
779,00ae3f0e107b4f578cc8c292be0a252b,20180410,1,3,0,,,,13,1,1
780,1c17e8d019a348e7b13da6a5af4c3de2,20171106,9,28,0,,,,13,1,1
781,ead59762e975407290dddf8b338b7338,20180201,1,15,0,,,,13,1,1
782,3d3a7df69a7341dd972d85331d76828c,20171227,9,3,0,,,,13,1,1
783,832ac51dc32d42f496cdac7c281f4727,20170804,4,23,1,20170809.0,5.0,89.0,10,2,10
784,5779282ad0644b4a945bb0a61cf63bbf,20170708,7,18,0,,,,13,1,1
785,e95eb86e66634af682556c21ea189a2f,20180515,4,16,0,,,,13,1,1
786,d14be04ba8814eb7b288c8ad8c624991,20170805,5,23,0,,,,13,1,1
787,7a69f31b48c54c8b9fe3f05881ce965e,20180328,9,24,0,,,,13,1,1
788,272bbd12e4fd4e5ca8ba0c435c29c108,20170806,7,6,0,,,,13,1,1
789,2127249a28144398a53055a5474b0684,20170629,7,6,0,,,,13,1,1
790,8df571f3b87249178e78694fd211092b,20170818,2,7,0,,,,13,1,1
791,43716465dac348e0b41cb07f355d2a9e,20170822,4,22,0,,,,13,1,1
792,f6375305c3b84175b62017be888745c1,20180530,9,16,0,,,,13,1,1
793,4345eda13ef04f6e8d24d922a0c0e1df,20180221,9,10,0,,,,13,1,1
794,661e49d50e2a4c23ba2be0baec5d440a,20170711,9,9,0,,,,13,1,1
795,dc47ce85faa249f598da694b4522fb17,20180422,4,19,0,,,,13,1,1
796,b8016b87d2d648729bc32bda1f4d675b,20170804,8,1,1,20170817.0,12.0,90.0,3,9,9
797,9345eb52f6a34fbeb80f9cc6103b1f73,20180411,5,3,1,20180421.0,9.0,91.0,12,12,12
798,88f78596fe5e47c894c4a71ccc6446a7,20180213,9,7,0,,,,13,1,1
799,14dc1a1a2be9453fab730d3bbcb90fb8,20180331,1,4,0,,,,13,1,1
800,51f7cf19dc5741cd8f4e45aa69d82c88,20170827,5,29,0,,,,13,1,1
801,f86b009f786244958bd14ac9426a3176,20180406,1,20,0,,,,13,1,1
802,f2e8daedff8f4c0d829b3d8317fa77d7,20180316,4,20,0,,,,13,1,1
803,80b59553c1de484d98f0fb72f086064b,20170615,9,27,0,,,,13,1,1
804,28cd578c2ce54b738a802f4eefc6caf3,20180425,9,19,0,,,,13,1,1
805,bd6761dbe92849b698fc3240b2fced48,20180430,7,24,0,,,,13,1,1
806,11c46a6e719449fcb236fb3d15aa33c9,20180320,1,29,0,,,,13,1,1
807,2b6dff956b844cec98dd5b3054cc7811,20180424,5,13,0,,,,13,1,1
808,69d5a468ce594505878a69b5bd25399a,20180418,5,1,0,,,,13,1,1
809,cd977fe0b3cb4815a98ea9fb1093dfca,20180425,7,13,0,,,,13,1,1
810,abe0b134e6684473b0f853b1e70cf6f7,20171004,4,1,0,,,,13,1,1
811,4a9d51549f024087ba6aa2ea595701db,20180119,10,28,0,,,,13,1,1
812,dba795b80d7e4e449a929371ca0670b8,20170701,3,18,0,,,,13,1,1
813,0b9dd898aa724cdebd640b64b10b32a8,20171230,4,18,0,,,,13,1,1
814,d45318fbc40a4c1cbed5f835728222ae,20170913,5,29,0,,,,13,1,1
815,77c16e4b84b3433e93c376035da9e1ea,20170813,8,10,0,,,,13,1,1
816,0b33d2527a2c474985fd547ef064a360,20171111,9,30,0,,,,13,1,1
817,98b12bfc55304065bf3d500731d9bdde,20170806,9,6,0,,,,13,1,1
818,8940ca1218694885990403ba4b992312,20180315,7,8,0,,,,13,1,1
819,eff1aa9f049d44d1bab721b641c6691c,20171002,4,25,0,,,,13,1,1
820,194e76303e7e44a8816325b96f54cd99,20171015,7,17,0,,,,13,1,1
821,4fbbec9da5af4dedbe809cc47a7bbff7,20170812,3,27,0,,,,13,1,1
822,e8ae946f01f84dde9c30fa5923ae7b0e,20171027,4,10,0,,,,13,1,1
823,fcb22a371aa54d688ec878ffb79e69a6,20180412,7,17,0,,,,13,1,1
824,26b7b64a9b914e71b5b6a243c4286c61,20170821,7,22,0,,,,13,1,1
825,6165dc832960416cbaa7aac6da843125,20180323,9,9,0,,,,13,1,1
826,0c428299994141f29484e84daf94c038,20170821,5,6,0,,,,13,1,1
827,42e741d7a6754be4bc6b61e7c79f4918,20180126,7,12,0,,,,13,1,1
828,31c03cc6df1440e4a1e48935b5887eaf,20171105,7,26,0,,,,13,1,1
829,af731d8a951a47d18426f71f6f321434,20170717,1,6,0,,,,13,1,1
830,a389c9653e614d50bc35946453d2ae41,20180121,7,9,0,,,,13,1,1
831,3379af56ce1f421d8a1e23fcc5cce29a,20180326,4,27,1,20180412.0,17.0,92.0,7,10,6
832,df2d8a6120004355b18f42dc7e41193e,20170626,7,13,0,,,,13,1,1
833,95fed3c911404741a242abc69b2be205,20180402,4,11,0,,,,13,1,1
834,9092362a93ab430397b791e9624c9dba,20180127,4,21,0,,,,13,1,1
835,4037afe859574497b60ed2fd27c4a33a,20170605,7,15,0,,,,13,1,1
836,1293dbd80c684d389b4073683a2d0562,20170808,7,2,0,,,,13,1,1
837,27423ca03ef848bea9e671b27bc49d30,20171205,5,16,0,,,,13,1,1
838,f6a1b0fd6daf4d6f80ab4b458c21331d,20170624,7,27,0,,,,13,1,1
839,62bd43469a7149c485fd7a9128bc2fb2,20180319,9,9,0,,,,13,1,1
840,4801e840e47e4e6497e2fc2a0a6cf2ad,20171203,9,1,0,,,,13,1,1
841,ddcbd4a2b4ee4283b43027b2a513b22f,20170708,4,6,0,,,,13,1,1
842,1f5b287f5730455fb3008ab766537a80,20180117,1,19,0,,,,13,1,1
843,b88e4ab9c1e0468c8fa3961cea773143,20180416,4,25,0,,,,13,1,1
844,825e64878a0f42f386a37001bbd4bd10,20170805,2,30,0,,,,13,1,1
845,23dde8a6fbcc4b1791048bc609fe84a2,20171209,4,21,1,20171221.0,12.0,93.0,4,7,6
846,cc775c592c044ebf9886aec063be3945,20171205,7,9,0,,,,13,1,1
847,d94341d023c74650bdf937ca24082b2f,20180405,4,30,0,,,,13,1,1
848,dfb662d78a73403bb040cf3175575b36,20180212,10,27,0,,,,13,1,1
849,feb96a517450485bb3a3849b02fe8f85,20170620,9,28,0,,,,13,1,1
850,0da6b7d389414fd9a191904b885819ef,20171118,9,6,0,,,,13,1,1
851,c7d11025b9414ab49240191d1ce4a5cb,20180120,4,29,0,,,,13,1,1
852,6d0da1b90cab4e74958ac4611d314204,20180219,1,8,0,,,,13,1,1
853,8b70f54e1e9c4fc5a329c447d871385f,20180410,4,7,0,,,,13,1,1
854,5ec3b0572af34c5b97c994c7acecc7cd,20171219,8,2,0,,,,13,1,1
855,6374a21e4bac47a489250639cd3a1869,20171101,4,8,0,,,,13,1,1
856,3c9c02d804e045ed90aa6d0a2be2691b,20180215,4,21,0,,,,13,1,1
857,50f232822b934d108358cf4ae21b5466,20180206,4,1,0,,,,13,1,1
858,6fc1617960dd467aa638766d58169e58,20180130,7,16,0,,,,13,1,1
859,c4f3872338504c47910fa511e6789b76,20171117,9,15,0,,,,13,1,1
860,b481c8229ebc4866a9ff00e4fb117c86,20180326,4,5,1,20180409.0,14.0,94.0,4,5,15
861,b8765ef56945476798a55c8dbf5e54d2,20180519,3,26,0,,,,13,1,1
862,f24b8a0f9f324b83b521898383401ebe,20180402,7,19,0,,,,13,1,1
863,0d262acf77504188b85831100c86c811,20180502,9,14,0,,,,13,1,1
864,17a346672ab647ec9498969d24aee92a,20170925,7,14,0,,,,13,1,1
865,169ec65000bc4ece99f1756db692504c,20180201,7,6,0,,,,13,1,1
866,002cad8be1f446c8963c775b770a8ceb,20180419,9,24,0,,,,13,1,1
867,a6d70a587a2c46afbafa72638b867d08,20171212,4,20,1,20180113.0,32.0,95.0,3,8,13
868,a1d2ecbf63b3415cb969a5c63bb32b14,20180515,4,27,0,,,,13,1,1
869,2e72c0c267584cbf8ad3b088cd3429bc,20180321,8,9,0,,,,13,1,1
870,3b49b26a76034cf09e802ddbc8f6aeef,20170610,2,8,1,20170622.0,11.0,96.0,5,10,8
871,0bb9f67f782142a3a03a3d8ba89849f9,20180101,7,15,1,20180123.0,22.0,97.0,10,4,6
872,dfad09a17e7a4e11a725023fee307a50,20180520,4,15,0,,,,13,1,1
873,92a7f892235948caa3eb646f49599274,20180212,9,22,0,,,,13,1,1
874,027df8151cb14b44b891eb71624911a6,20180128,7,28,0,,,,13,1,1
875,d8710fe67d484c7693e065f11eec0623,20170810,4,9,0,,,,13,1,1
876,cef5eab5681744eaa6464e77886be4b0,20180315,4,11,1,20180408.0,24.0,98.0,4,10,1
877,3b026e46d11d4651a7b151ca9d09bc65,20180131,1,30,0,,,,13,1,1
878,4e85e73fba98478baa2c10aca5e0618c,20171108,1,18,0,,,,13,1,1
879,a8272c112db34da9bcdc1933963e5860,20180228,4,21,0,,,,13,1,1
880,641e5641bc33411e8e1638c9e57d626a,20171129,4,5,0,,,,13,1,1
881,34dce20203bd45418c76987dc5c86e1d,20180521,4,29,0,,,,13,1,1
882,de00a5eae58541939256c4e605ede604,20180203,1,17,1,20180228.0,25.0,99.0,7,10,6
883,dd2e196e3a4a40cabc74908a00825f5c,20171021,4,1,0,,,,13,1,1
884,07994ec07ccc4587b61f3c9713fcdb24,20170924,4,24,0,,,,13,1,1
885,959182843f2e4d1ea5b232fe9d04b2dd,20171026,3,28,0,,,,13,1,1
886,63335bc7f163456fbad97cd95a0dba37,20180527,4,8,0,,,,13,1,1
887,e478dbf98a3047dd97e83424788f4002,20180201,1,21,0,,,,13,1,1
888,a4096e7d21754e5a9b2a9f6a02d8fa21,20171019,4,25,1,20171031.0,12.0,100.0,3,4,2
889,ab741106b97c46dca27d6320ba8dfea3,20180321,4,30,0,,,,13,1,1
890,72883a4e1dd540ecaedc3546477341e7,20171220,4,24,0,,,,13,1,1
891,b4864f7171134cfd99452e2a710d7a55,20170814,1,27,0,,,,13,1,1
892,39758549e4874e8990ac2fec88efa84d,20171026,8,16,0,,,,13,1,1
893,2e3aa158f4844f098ff1128d41df11e5,20180113,3,19,0,,,,13,1,1
894,b755cd4768724fd096802099f45af535,20180201,7,9,0,,,,13,1,1
895,0105d51de1644a6c800c7476001a6033,20180303,1,22,0,,,,13,1,1
896,cc34504cc859418ca0fc6a1c0bb9dbfd,20180315,4,4,0,,,,13,1,1
897,143aca7d355e4be3a206673224987323,20170726,7,2,0,,,,13,1,1
898,bbda44d305bd49b3a20880aff4d90e65,20180328,8,17,0,,,,13,1,1
899,448ef24272d44844ba3423be23df5c71,20170626,4,17,0,,,,13,1,1
900,e35065826eae4cfc89c2f2f8caed3a56,20180423,4,27,0,,,,13,1,1
901,41762d47d9bd4dc8ba6d263682841b37,20170722,4,8,0,,,,13,1,1
902,3db19fb90a594d92b25aec243d709de9,20180128,4,11,0,,,,13,1,1
903,b9a5e50b238f444d8da9c70fefc33f13,20170810,4,21,0,,,,13,1,1
904,08d134cc102941de88b3f0551179a660,20170820,9,23,0,,,,13,1,1
905,9880047bcf1943859dae12cac3cd4c98,20180130,7,23,0,,,,13,1,1
906,9f83947518cc40229ec96135e0728e98,20170911,8,8,0,,,,13,1,1
907,f5cddefea8ef4045b481fb9a43a65b88,20171025,3,27,0,,,,13,1,1
908,de7184aa6a9b4aa1a2516ae5966a83b7,20170716,7,14,0,,,,13,1,1
909,c3aba1bc872549e9931ee005c43571b3,20170927,4,2,0,,,,13,1,1
910,3ca348ec9ef04d1c953882f322c4c0a0,20170620,7,15,0,,,,13,1,1
911,deb87cf139b943639b4ef4b469cb894f,20170830,9,20,0,,,,13,1,1
912,348c535aeb664198899230380748598e,20171221,4,7,1,20180103.0,12.0,101.0,7,1,7
913,e2e0707c64724a05a3fe401dd0a40e51,20171027,9,26,0,,,,13,1,1
914,6da584571cca4af2b85c34751c1492ee,20171031,7,29,0,,,,13,1,1
915,0b5c705e7b73433fbc79f55796371d2c,20170725,9,1,0,,,,13,1,1
916,72616617a76b4bb9aa191896ffefe011,20180119,7,21,0,,,,13,1,1
917,e5ef6113a9774d629e4df57b3709c1f8,20180224,7,12,0,,,,13,1,1
918,96bcf3c0c2844bfbbafe83adcefcbc87,20170808,2,18,0,,,,13,1,1
919,7ad6b0e53014438185419b1b7c19f88c,20171018,1,5,0,,,,13,1,1
920,157b46c374f34677bd9ad6289dfcb000,20170728,4,7,0,,,,13,1,1
921,54224002e8144e658229368187367403,20180121,8,19,0,,,,13,1,1
922,b8b7eb552e1d4969a0008769cc3d595a,20170904,7,2,0,,,,13,1,1
923,ff17f8ce9d184abdb3a13b98e5c184f0,20171120,8,14,1,20171128.0,8.0,102.0,9,7,6
924,059a7682ff8b46a6b6e57525c9edb545,20180512,3,7,0,,,,13,1,1
925,933a82b776504c27949aa15a6ad342f7,20180409,7,12,0,,,,13,1,1
926,8a2a666184b8453d8a61e07d9e48128f,20171225,4,6,0,,,,13,1,1
927,54b779195e034883a2770dd267d1a9ae,20171115,4,30,0,,,,13,1,1
928,f141282aff524752b297282df73274c0,20180509,9,7,0,,,,13,1,1
929,a354868cdfab479489fadb9cfbffaf12,20170811,9,8,0,,,,13,1,1
930,2a0c02e723654f3f894d28c87dfd2c54,20171006,4,19,0,,,,13,1,1
931,25cbdd113bcf4c3c8cf7d00497b3814a,20171214,4,18,1,20180118.0,35.0,103.0,4,10,12
932,7bc4b4714c5741638fc3728e43e8891c,20171015,3,1,0,,,,13,1,1
933,46a9c3846da24af4b9992b6f06943186,20180326,10,26,0,,,,13,1,1
934,cf66e8f3e23948c3b0fb2d237fc98ad4,20171012,9,16,0,,,,13,1,1
935,0940b40fb2ac4b098a76deccffa74b44,20180521,4,27,0,,,,13,1,1
936,6d83d9c450ac4fe9a96a3b91cda44ec4,20180508,4,18,1,20180519.0,11.0,104.0,5,2,5
937,577f3c0c09114544ab37f77f3c8548cd,20171105,4,30,0,,,,13,1,1
938,8137a3027ff6401e9094f3ce5eb6cf06,20180518,5,22,0,,,,13,1,1
939,d840dd0cccd54f35ba5d6c4c0547b74a,20180527,4,28,0,,,,13,1,1
940,d22a3e9cc17d4bd0a630c2d21ed799d2,20170731,9,22,0,,,,13,1,1
941,6267f254c44e43d29f9eee3eea772731,20171030,4,29,0,,,,13,1,1
942,adfe4a131a7a40429450707cb562c400,20170922,9,4,0,,,,13,1,1
943,34f7f482fb484fc8a836d7398968e94e,20180131,1,18,0,,,,13,1,1
944,05ec8cad64b4405180057cef9ffb51af,20180407,3,15,0,,,,13,1,1
945,8016e8d6b7c5474091ce54373e5ccebf,20180526,4,22,0,,,,13,1,1
946,b5ef3a324d7c43b3b78530a39d1efa13,20180128,4,5,0,,,,13,1,1
947,de46b55497b948a4a21b05069022ba73,20180507,4,24,0,,,,13,1,1
948,574cc25d659d4d6b8dd2025a7c5847d0,20171005,5,10,0,,,,13,1,1
949,1da5530acc8643d68c9512a2af9dd680,20170712,8,18,0,,,,13,1,1
950,71a3f61158ef44729f35631298e1fb53,20180226,9,3,1,20180322.0,24.0,105.0,5,10,10
951,40999706cb764a47b4febd95b84fbff3,20180316,9,27,0,,,,13,1,1
952,b28f68fbb883405091f55142ee7b64cc,20180308,1,9,1,20180316.0,7.0,106.0,7,8,12
953,888a1be11ae142698ce03babfa56ca77,20180321,4,4,0,,,,13,1,1
954,813cb7c4b9914bfd8dcb4331dc6d010f,20170824,5,10,0,,,,13,1,1
955,8708ec3bc4134b29bbc0e54e617d0af3,20180222,7,25,0,,,,13,1,1
956,390967245dfb42778056a25de7627eff,20180515,7,28,0,,,,13,1,1
957,14913af56ac44ff99f78c71546ef96c8,20180326,9,3,0,,,,13,1,1
958,6c8fc1c9f7a4450fa61eaee7b41e3f34,20180217,4,5,0,,,,13,1,1
959,c83f2ea71ddd4eedb3dd9aef26121032,20170629,4,4,1,20170717.0,18.0,107.0,10,8,9
960,41783c00a0b1464f896fd4887cfed3ed,20180218,1,18,0,,,,13,1,1
961,d4440714db234ee4bce95326a028f260,20180316,4,21,0,,,,13,1,1
962,5c4fc11fc1594448b05dc727943df631,20180123,9,2,0,,,,13,1,1
963,d0adee83e2744232931bd77f57f6238c,20170612,4,19,0,,,,13,1,1
964,8893c7c6e14943d0869d5082a03dde6a,20170602,7,14,0,,,,13,1,1
965,0ae5775549704f349c36ac1d500dea2f,20170708,7,15,0,,,,13,1,1
966,71d45d26da0247368da1fac49a416379,20171124,7,21,0,,,,13,1,1
967,c035cee85ccb4ebcb9dde7d912afc647,20170701,1,22,0,,,,13,1,1
968,b46fb10d5c774c3299f7be6cf88a2c17,20180128,7,1,0,,,,13,1,1
969,11a7eea3e3bc49038bb1d3de9caa1248,20171227,9,24,0,,,,13,1,1
970,09a9751888e84186aa10c54c8a9818b0,20170809,7,2,0,,,,13,1,1
971,0b86f56f1a2940c0b55e15619d753d94,20180427,1,16,0,,,,13,1,1
972,1392d8943ad04cec973d44bc68cdfeba,20171213,5,10,0,,,,13,1,1
973,bd7c3d4675604e40b1b87247226efd5e,20171211,1,3,0,,,,13,1,1
974,04e741d6af21458c89a39f7ba55cbc94,20180516,4,4,0,,,,13,1,1
975,ac176a60d22b4a5596d39ff2c7be7a78,20180501,4,25,0,,,,13,1,1
976,599060519df14805a499214c3e54f50e,20170831,4,30,0,,,,13,1,1
977,3e4591adc3e041eb80a856da61cafa7e,20180226,9,2,0,,,,13,1,1
978,ed6233711cd7459d98a6a31de8ca0a91,20170923,4,24,0,,,,13,1,1
979,c4aca6bb06054a7cbaa88bb26285d4a9,20170612,7,18,0,,,,13,1,1
980,6bba0c3a16254417bc88e379cf68c969,20180511,9,15,0,,,,13,1,1
981,04f2d12ab05048bda107d63714f06885,20180228,7,20,0,,,,13,1,1
982,4c5194d5022644659a550245b076d0c2,20170926,3,18,1,20171012.0,16.0,108.0,7,4,12
983,e5505232f46b41af85fd73b80a6971a3,20171125,4,19,0,,,,13,1,1
984,88548cd219364efa90e84a547e184a55,20170905,4,27,0,,,,13,1,1
985,54b59f31c4ba4ef5bcbff7823d8cad40,20180505,1,29,1,20180522.0,17.0,109.0,6,6,14
986,c938921800de4ad4971bab6c42d5285a,20170609,7,9,1,20170620.0,11.0,110.0,10,7,8
987,e664fbf4068b4199bd41ce5737ecab57,20170705,1,29,0,,,,13,1,1
988,bb55cfc097524b46b391e25f31be0e33,20170618,7,29,0,,,,13,1,1
989,a91659e66db74deab25c5e6c0159e1d1,20180511,4,17,0,,,,13,1,1
990,a62f7fbba7a946c0a5a8814e14ffbac6,20170623,3,18,0,,,,13,1,1
991,07900c76a50f4230895fac07a799a1b9,20170928,3,9,0,,,,13,1,1
992,6c6c29b76fd845bca162e2fd2e609119,20170629,1,6,0,,,,13,1,1
993,738993dbf8a94459ad82e2cd0b91f17d,20171027,4,20,0,,,,13,1,1
994,7666c74676ac447eac9eb8e5a0f96037,20180322,9,14,1,20180412.0,21.0,111.0,9,1,11
995,7009c753e976448ab60f68fa40ffce5c,20180403,7,17,0,,,,13,1,1
996,ff537dd0882a4405ba565abbd72accb9,20171102,4,11,0,,,,13,1,1
997,2e6fd4ed0efa4fd09a7f1bcd52cdb709,20180222,5,15,0,,,,13,1,1
998,d3456c5144a14f7abbdc6f1fd57b68d6,20171101,4,27,0,,,,13,1,1
999,9bc974ddc61641eaa3c1e066dade54a1,20180313,2,12,0,,,,13,1,1
1000,f017666a624c470cb97d1e3a97412579,20170829,7,11,0,,,,13,1,1
1001,20845e76ce32483b857c1007ba797687,20180105,4,13,0,,,,13,1,1
1002,9dee9ba512f0438caceb223e5e38ca11,20170625,9,23,0,,,,13,1,1
1003,8d473cd90fdb410f992a89f94186f614,20180510,8,5,0,,,,13,1,1
1004,524673697d9e460687e33916aefb6444,20180224,1,28,0,,,,13,1,1
1005,569426aa9fbe42849254c15704213fad,20171231,3,4,0,,,,13,1,1
1006,3e15985ed0fd4a6a978209ed05c671d6,20171101,1,7,1,20171114.0,13.0,112.0,10,6,5
1007,f34cd9c119764265ae4d031ea1d41a0e,20180303,1,17,0,,,,13,1,1
1008,5cec3b783f96429e84ee7672a0f6bec9,20170924,3,10,0,,,,13,1,1
1009,e1ce838367f74e589523d083d7e77797,20180529,4,5,0,,,,13,1,1
1010,57bb2f85e57d460ea06a469fa6f39704,20180124,7,21,1,20180128.0,4.0,113.0,7,4,5
1011,222ed7f900a64c778ea85370a6b59314,20171229,4,21,0,,,,13,1,1
1012,7019aaed771d43798152e36cf4f5fb40,20180227,10,30,0,,,,13,1,1
1013,2321e89556c34465a8fe868da9b7c027,20171003,2,9,0,,,,13,1,1
1014,65f928c497d6491cb3dc60caeaaa4c14,20171117,4,3,0,,,,13,1,1
1015,3840388c97aa41c487e7af7feaf139cc,20180117,1,3,0,,,,13,1,1
1016,4c824b1fc2c840eea0f800a12b12dcfb,20180302,5,27,0,,,,13,1,1
1017,d121ba3468fb42a1b281cc53311064ef,20171016,4,11,0,,,,13,1,1
1018,9dc14e10f9644adda777a420ed50ccb3,20180406,9,27,0,,,,13,1,1
1019,d5e1678d1c6349d99949aa79f2be6cff,20170708,5,5,1,20170727.0,19.0,114.0,1,5,9
1020,5f224c710c0644d2a858f155295b189b,20180328,4,9,1,20180502.0,34.0,115.0,11,3,15
1021,05de93bbf80b4121b88dd516ec522eba,20180201,1,10,0,,,,13,1,1
1022,81e1d8e24aae45f48fafd956474f3de1,20171118,7,22,0,,,,13,1,1
1023,9921f6dc50fd425e81a6d9169311c5ab,20170608,5,22,0,,,,13,1,1
1024,bf61a892221941fcb4b1105f1d49b1d3,20170906,6,2,0,,,,13,1,1
1025,228ecf9f53ca4b06ba209439ceb444eb,20180201,2,28,0,,,,13,1,1
1026,5884b330f0a641b1a76e9ec5a33b8c60,20180406,7,30,0,,,,13,1,1
1027,2b5e1c76c89f49f79eecf613d297145a,20171001,8,8,0,,,,13,1,1
1028,691ad80c7f6b4534b077e6ff9c512410,20171023,3,18,0,,,,13,1,1
1029,e3fed49048174e26919219b33b673b42,20180301,7,16,0,,,,13,1,1
1030,2a989446956d49f69f9fe5b3e2a36ea1,20171105,3,16,0,,,,13,1,1
1031,f4444bbc473e45b3956434a6c24b70d3,20180218,4,18,0,,,,13,1,1
1032,4d146ac4cb12443fb16bffa4ce105bff,20170721,9,24,0,,,,13,1,1
1033,363fe98a502c4f3982341a0fa4ac064a,20171111,4,16,0,,,,13,1,1
1034,3c1245fc3bd0456eaa4a5b10367a4805,20171108,4,27,0,,,,13,1,1
1035,f9b6a452807240ebb23cb46f0f4f63d4,20180316,4,2,0,,,,13,1,1
1036,ce0dc58af9a146cdb785909267142020,20170814,1,19,0,,,,13,1,1
1037,887a7f61b5b441d88112775bdde1044f,20180311,7,14,0,,,,13,1,1
1038,aa9e641198d547d7bf15b7c2eff2bc05,20171231,1,4,0,,,,13,1,1
1039,d4f12cdc4b304cb7a4a5c1275c580334,20170909,4,17,0,,,,13,1,1
1040,f81e7fa2079045c699f5a7c15f96eacb,20171212,7,20,1,20171217.0,5.0,116.0,7,10,6
1041,c9c7bf0f62fd4500a4ef58753ee4b1a6,20171004,9,21,0,,,,13,1,1
1042,e566f8bd1e134800ab05953a8b3e3a54,20180502,3,19,0,,,,13,1,1
1043,f45cd6d8520444c9b0671398f677b832,20180206,7,2,0,,,,13,1,1
1044,b81abf5ff40e45639dc53878311dc4be,20180207,9,7,0,,,,13,1,1
1045,6e276d0d94ba474b872550566196a682,20171128,8,4,0,,,,13,1,1
1046,0c02a38d0050487ea06bb1d5bca8ec8b,20180307,9,7,1,20180314.0,6.0,117.0,9,3,11
1047,197df66fed7346a6b0c16d258ed8848f,20180305,4,27,0,,,,13,1,1
1048,2c10ccb00dce40d0bc1fa0772f180399,20180224,4,20,0,,,,13,1,1
1049,6e7af5175ef04849ad3a087e6a2a2753,20170709,8,24,0,,,,13,1,1
1050,d075c0bb6f3c4590afb09939e3bc3452,20170604,4,4,0,,,,13,1,1
1051,aed9c69704724765be64cb8a7e44f167,20180419,8,3,0,,,,13,1,1
1052,74f1a7500c0147a6a73399ee4e1bb79a,20180529,9,26,0,,,,13,1,1
1053,6d7d39c8bd4a42329e894396ed83ed50,20170920,5,18,0,,,,13,1,1
1054,96328a4788aa447696cc16e19930aefe,20171209,3,29,0,,,,13,1,1
1055,b45443258ad74dbca9ec8bdb2e60d94f,20180423,10,22,0,,,,13,1,1
1056,7d8b4f8c59ea44d8af7b96017a62cfaa,20180203,7,26,1,20180210.0,6.0,118.0,10,4,9
1057,05fe106543ed44e58a8e549b46371f9b,20170604,1,21,0,,,,13,1,1
1058,a53964937e4844339a288edf2b1be9e2,20171228,7,26,0,,,,13,1,1
1059,6293d2db00df46808928d0703711531c,20180227,7,21,1,20180307.0,8.0,119.0,2,12,8
1060,85bf6033568e4b6e977263159202dbb4,20171025,9,6,0,,,,13,1,1
1061,239168c5498c4c70913de56aef1e3f8d,20180524,8,5,0,,,,13,1,1
1062,739e953a158e43319725522d4541270e,20170831,10,22,0,,,,13,1,1
1063,d9c8dfc04ef041cb839d4ae5fd6ee771,20170720,1,4,0,,,,13,1,1
1064,cfab43d136524ec2ab061970b105190c,20171002,7,29,0,,,,13,1,1
1065,d0b1872a6d2847059a5e5a5435312cc8,20180225,7,20,0,,,,13,1,1
1066,94eb5efc4ec34ceca169cbea38207fb2,20171129,1,5,0,,,,13,1,1
1067,490ab0c419be4d3b868746803c9930ed,20171221,4,16,0,,,,13,1,1
1068,80f167a5b80f4f19a909ed5d37642f5c,20171225,4,14,0,,,,13,1,1
1069,91eb8afdfcd3414c87bbc461ffff8462,20171003,7,1,0,,,,13,1,1
1070,1b656b76881540419680c5e240088d4f,20180517,7,23,0,,,,13,1,1
1071,957eaedd35a54d5f9883a8e5b45fe4f4,20180429,7,3,0,,,,13,1,1
1072,ab25eeb9185d4f8d9ecb735ec67bc727,20171225,4,30,1,20180106.0,12.0,120.0,1,10,6
1073,3e56a5e717ba452b9bc133a178055219,20180310,4,27,0,,,,13,1,1
1074,351a2a5cd2304a2bb672e7a256b73bce,20180423,4,28,0,,,,13,1,1
1075,c50df2a1505a4c2a90488b05d366a886,20170827,10,13,0,,,,13,1,1
1076,98853979f6e5449da20bdb715abbce2a,20180109,7,5,0,,,,13,1,1
1077,d09973eb6a544d34b6166b6daa7359b5,20171117,7,10,0,,,,13,1,1
1078,906f13421c6449bdaa6cce67acc9e218,20170719,1,22,0,,,,13,1,1
1079,70d4eefcca2f4473884065d09f59f63d,20170622,4,9,0,,,,13,1,1
1080,74169246196e4872b6cdc5b4a283dc74,20180521,2,13,0,,,,13,1,1
1081,5610b883ead94b9ca5ec7e9058dfd3db,20171017,3,22,0,,,,13,1,1
1082,7c03153149ec4e0d80337891e0ab4678,20170709,4,12,0,,,,13,1,1
1083,dac5416b3e9242ebb3b87f98a3a73462,20180306,7,11,0,,,,13,1,1
1084,e647639045504a5ebc76761600fec759,20170617,8,22,0,,,,13,1,1
1085,b369492f4f394d9b94a6c74282c9488d,20171109,2,9,0,,,,13,1,1
1086,218b70b7d34c4396b0765d7ffcc2094b,20180328,7,24,0,,,,13,1,1
1087,acccabbbb64c49c6b248f6e502472782,20180531,9,22,0,,,,13,1,1
1088,9e2791470f8445b5995cf8fbaa637ed8,20170710,4,7,0,,,,13,1,1
1089,4b3a23eff6f443f3af385fc4279d79e8,20180316,10,14,0,,,,13,1,1
1090,eb33eb87c181456ab34f10c88830f06b,20171217,4,8,0,,,,13,1,1
1091,6e5ca014ea72405bb110dc070b3bdc14,20171214,2,5,0,,,,13,1,1
1092,042320cc4396492eadbae5284ca95028,20180519,9,6,0,,,,13,1,1
1093,b9998f29f2b14d96ba201e22a9538f52,20171125,9,25,0,,,,13,1,1
1094,cad94a6326a949feb162a7386b1bc283,20180110,9,20,0,,,,13,1,1
1095,431c4c762cf44957930df07df372f24a,20170709,4,29,0,,,,13,1,1
1096,fd13c52eebbb4329be53dd541ddae6cc,20180411,4,30,0,,,,13,1,1
1097,0bda45824f21475788c439731a7deca6,20171115,4,23,1,20171213.0,28.0,121.0,8,1,14
1098,5ae93c21ea6949b3b741a4f81651eda6,20171018,4,13,0,,,,13,1,1
1099,2c6380fea1924f7e8ab5a38ddeda4aff,20170925,3,21,0,,,,13,1,1
1100,9cf06270d56a47dd80d0d966a5f75199,20171210,7,7,0,,,,13,1,1
1101,6f55eddced0b4bb98ed6320be8ca3e6d,20180515,4,11,0,,,,13,1,1
1102,5d027112457840399b113588927815df,20171212,2,24,0,,,,13,1,1
1103,75b5f66127334fe79a66882099833cf3,20180413,8,5,0,,,,13,1,1
1104,6fb67d1b430c4ce9a3964bfbcca7ed65,20171005,5,3,0,,,,13,1,1
1105,5063ccd16d694a19ad296aaf4a46513d,20171016,10,30,0,,,,13,1,1
1106,6c8c49d505cc4fcca99542e99f557fae,20180531,4,4,0,,,,13,1,1
1107,8f402d208b104a18ba3f0e0d3c9ab70b,20171217,7,16,0,,,,13,1,1
1108,4abc4dc33acd41b0a4277a660e0422dd,20170725,1,26,0,,,,13,1,1
1109,7e1a79aac6b1499cb162f2b06aa5d6d7,20171105,1,16,0,,,,13,1,1
1110,c799747d20c141ff82d873eca2891b0c,20171017,4,4,0,,,,13,1,1
1111,684e5e8903694a44b0249e5bf67e92c5,20170715,3,15,0,,,,13,1,1
1112,2fd48685145546319848021c33b83130,20180116,4,21,0,,,,13,1,1
1113,b711e774af6a45d38d72a53fbe14d0c0,20180218,4,25,0,,,,13,1,1
1114,8fe1ba28af19481c92dccebdb9a0007b,20170614,9,16,0,,,,13,1,1
1115,6ac021012fd44b0cbd9364e3001c36c7,20180311,9,29,0,,,,13,1,1
1116,d871470998ef4f40a1bd62c35c301f36,20180403,9,10,0,,,,13,1,1
1117,20c9fef6057647a79a93f9d6fcbbee03,20171215,4,1,0,,,,13,1,1
1118,a5caad215cef4a29b519ee94ed58c05f,20171229,8,24,0,,,,13,1,1
1119,932c4f975f4c44d19b4c93fed0ca0f87,20170714,4,12,0,,,,13,1,1
1120,0481ae5687c84f9d951c8526c74ae00d,20171003,4,6,0,,,,13,1,1
1121,bd27876d56d54a46b6698f540dcf58cd,20170826,8,7,0,,,,13,1,1
1122,9a013527a6934593a18765f28908bc7d,20170811,2,1,0,,,,13,1,1
1123,93754b05ab68488cb43e45e363f09b70,20171016,8,4,1,20171027.0,10.0,122.0,12,6,5
1124,62a133077f4344f78256346568d6ba48,20170703,3,15,0,,,,13,1,1
1125,ee7238a3850f4e0590cd56e6473e516f,20171020,1,1,0,,,,13,1,1
1126,7b4d61bd11164502bfef2c09c3993dfd,20180203,9,16,0,,,,13,1,1
1127,96589ace360a419e82740550b12ab035,20171007,4,2,0,,,,13,1,1
1128,8dab5229878440b18219371c1daca785,20180417,7,29,0,,,,13,1,1
1129,5af85f27454d4dc68590e6405e20a97b,20180412,7,18,0,,,,13,1,1
1130,2f92a5ce51754618bc7141555d06feab,20170725,4,1,0,,,,13,1,1
1131,3a4b84bcaa4844b786d447bab4500fd4,20170604,1,8,0,,,,13,1,1
1132,9430954f18ee4401a52bc011d2a1ad7e,20180414,7,5,0,,,,13,1,1
1133,d2e1dac68d3849ffaf7115eea68fb256,20171116,4,8,0,,,,13,1,1
1134,763e30b00113415eb8e5d966c2271385,20180107,4,29,0,,,,13,1,1
1135,63acd8263d764cdbb6d49d259f43bf11,20170809,1,8,0,,,,13,1,1
1136,fffc968a44294c09b32844f6911ab991,20180405,4,13,1,20180516.0,41.0,123.0,9,7,8
1137,45418a768edd4186bfbbf48cd06a45ea,20171108,8,30,1,20171116.0,8.0,124.0,7,8,2
1138,daa5267c98c04bde8fc2b49609f519a3,20171111,7,2,0,,,,13,1,1
1139,c19b773a335b474ebf20288d3af244d0,20180522,7,13,0,,,,13,1,1
1140,9ce265caee4d416eae4ab3fc742d25a0,20180322,9,8,0,,,,13,1,1
1141,b700782885af426f822dd9472359ad6a,20171210,3,20,0,,,,13,1,1
1142,3b3fd857fd214c69a3b55ff90c043574,20171219,7,25,0,,,,13,1,1
1143,979c78cd59a44ed199154469053cb162,20180316,1,14,0,,,,13,1,1
1144,7b9aa18099444924ad5fe9c9a05c48c3,20180307,9,11,0,,,,13,1,1
1145,80898c4dacf3487b98f98c4dc7105e63,20180309,4,2,0,,,,13,1,1
1146,7049b1eed66d4440924f00243acd8203,20180123,8,18,0,,,,13,1,1
1147,867f9afba70b4029989802be1c501b50,20171028,3,20,0,,,,13,1,1
1148,cf423206956f46e084801449d44ff681,20171227,1,4,0,,,,13,1,1
1149,b51d7d927ff646599c35eca06ae459b6,20180421,8,17,0,,,,13,1,1
1150,f900aa1851a74e0da9323df7d1ce0818,20171008,8,4,0,,,,13,1,1
1151,198dd1742788486baf6d025ce27cef5e,20180103,1,3,0,,,,13,1,1
1152,b63168737ede4f12a2d27b5f4ce7ea0a,20180116,3,13,0,,,,13,1,1
1153,46e38f4e27194e5787a1d0e059e6c9fd,20180326,1,21,0,,,,13,1,1
1154,cdc170b5d80a42d9abf17f87d3bd0d58,20180215,1,21,0,,,,13,1,1
1155,f615540356af4615a8caf2db75371827,20170619,9,28,0,,,,13,1,1
1156,b313a42c29204ae5b333b395f7b56e5e,20180302,1,23,0,,,,13,1,1
1157,4c7e37fb2e97454792841737c1b77e6b,20170714,4,24,1,20170809.0,26.0,125.0,3,12,10
1158,a28c0811ee0d49e79f8dddf01ec45de3,20171006,8,11,0,,,,13,1,1
1159,49f28a55f4784dd4947f98db827e282a,20171129,8,23,0,,,,13,1,1
1160,fa2a83e16e7d450ea977080b4dfb8464,20180410,4,14,0,,,,13,1,1
1161,759526445336440db2780fcab5d80317,20180427,3,30,0,,,,13,1,1
1162,c0853ac3c3d04e55a5e4dfe8c835c84d,20171117,4,25,0,,,,13,1,1
1163,f0217c65c6094e35b8af5497b28016a5,20170606,7,19,0,,,,13,1,1
1164,bb88f8cd346343e9bf087403cfd2d33b,20170922,1,2,0,,,,13,1,1
1165,64053347632f4f33945b9b9a15fab15a,20180221,4,14,0,,,,13,1,1
1166,ab575ec9f91e41e79d5f9ff1c080beea,20180519,3,17,1,20180525.0,5.0,126.0,9,9,15
1167,61621f3df2cb43ee9c379614a1bca649,20180115,3,30,0,,,,13,1,1
1168,c0527a9b6ee74bcaa89cbbb4a80d29c7,20180124,9,28,0,,,,13,1,1
1169,b6e8a6114f564fa9ba611d2a1f6aeef9,20180212,4,16,0,,,,13,1,1
1170,07ddfc520a66465c856a293371b52522,20170613,7,25,1,20170620.0,7.0,127.0,10,5,9
1171,6dd37b8b0502411da80487962ddcf159,20171030,9,22,0,,,,13,1,1
1172,e101c23938284eaa90f05aa050838900,20170714,10,20,0,,,,13,1,1
1173,45f000c9f90e4cf8b853b866a2150c27,20170812,9,1,0,,,,13,1,1
1174,3913176439d2493f93dc0a5d60d92930,20171123,4,5,0,,,,13,1,1
1175,b7448f7165c04cae882983409cba2ee8,20170914,9,13,0,,,,13,1,1
1176,47e4e73ec2c94d6aaa8cfc5a26da04b8,20171126,9,25,0,,,,13,1,1
1177,a7cec96706a145199295e3898c6f36fc,20180111,3,8,0,,,,13,1,1
1178,67fa40fb52cd40d0ba2f9ad70c4c16ae,20170705,4,27,0,,,,13,1,1
1179,db009a4a9fbf48e2ab9f7bd498f889f8,20180530,1,26,0,,,,13,1,1
1180,8b4c3b18ad2d4ee6957c00f308932ab9,20171123,9,25,0,,,,13,1,1
1181,7e141cbecfdc4fdaa098e24a1284b96a,20180513,2,22,0,,,,13,1,1
1182,a5f7523f5b1e41f2b28b49c6c7e1f263,20171003,7,7,0,,,,13,1,1
1183,eec79617eb354982b2bbabd986546984,20180310,9,8,0,,,,13,1,1
1184,15c8ebfc692e4107af74d3973b050a10,20180314,5,18,0,,,,13,1,1
1185,9e47e2175146451985366d275e117ce2,20170927,4,23,0,,,,13,1,1
1186,0d5f087422134ab3a3339cb4c5c67f4a,20170903,5,23,0,,,,13,1,1
1187,2bdd3ae31b4b4806a11ce3fa16ac4bdb,20180503,1,30,0,,,,13,1,1
1188,6f9b095e4a8a40399f7d8be1737598e7,20170615,4,12,0,,,,13,1,1
1189,04732da85fc7496282fb6db4bbea8921,20170910,7,14,0,,,,13,1,1
1190,9e517befb1944ce4b937cd0635587e2d,20180106,1,26,0,,,,13,1,1
1191,a14c5cfb941d4ac9ba328d76f03fee0f,20180527,4,9,0,,,,13,1,1
1192,4164f482f2584fee92e2fab409c2c541,20171021,9,14,0,,,,13,1,1
1193,86cdeb33ddcf459ba009814923503551,20170723,7,7,0,,,,13,1,1
1194,b335f048ee764040a85b8c1dd0589501,20171205,9,9,0,,,,13,1,1
1195,6236eb3b48514c3385d18f5507d1df24,20180121,4,19,0,,,,13,1,1
1196,637205f6ffe2464dbdefb0cb1e36b054,20180510,8,6,1,20180526.0,15.0,128.0,11,6,15
1197,07075657f09a440cac61b4e8ec482f14,20180424,6,29,0,,,,13,1,1
1198,d261aff80fff4043bb2b8f5c17fc2cf3,20171216,2,30,0,,,,13,1,1
1199,ea1cfada514c4c4e807e1bd16ff377d3,20180328,1,16,0,,,,13,1,1
1200,bc1d58fd59ef439ab364d30beed6d03e,20171128,4,29,0,,,,13,1,1
1201,fa1d7d19930a408a8c79e954ecf3eb67,20170828,1,22,0,,,,13,1,1
1202,f81e98eb7c4441c6ad5f7c1b348f4599,20180411,4,3,0,,,,13,1,1
1203,281f5019a9344bcfb73b1650a55c0173,20180511,4,8,0,,,,13,1,1
1204,db80eb8aa2ba446b89819a0124c037e6,20170731,7,1,0,,,,13,1,1
1205,61847b5b6db74ca5bbca882e41dcbe8a,20170730,7,16,0,,,,13,1,1
1206,c784f4ee4ccd4c6b9feecd5fecd2eee7,20180522,3,6,0,,,,13,1,1
1207,858104ad09ad4a16968cebfd7b189823,20171216,1,29,0,,,,13,1,1
1208,838f4649bc044d47b0a54b6d7b7ba31b,20170810,7,30,0,,,,13,1,1
1209,dc583545f3da46a8bb158e2575e51729,20180103,4,13,0,,,,13,1,1
1210,89088dd9eb5c4a87b48cdd4dc2a66e30,20180422,10,28,0,,,,13,1,1
1211,350445a17d2f44dea7669ad12e5789e4,20180427,7,21,0,,,,13,1,1
1212,ac23e8b544a14c2193cb5e6672057347,20170825,7,1,0,,,,13,1,1
1213,056073307881495a85453ff0c9e6740d,20170811,4,8,1,20170824.0,13.0,129.0,2,6,1
1214,d304480cedac4a52992ff811f2523e32,20180117,3,27,0,,,,13,1,1
1215,1a5b83cd7a404b4fb7a65f7af794e696,20171201,1,13,0,,,,13,1,1
1216,b3b7999a95794f12a33b962fd6159790,20170809,4,20,0,,,,13,1,1
1217,f789fd5852514c7b8aa1303a7c60ae29,20171214,4,6,0,,,,13,1,1
1218,87d8a87890384df884b4c12aaa47856b,20180501,1,15,0,,,,13,1,1
1219,d5ecbada75644bd7bcc7a97855123af7,20180517,1,15,0,,,,13,1,1
1220,3ef17b3040bf40d290f762554ac372f2,20180530,4,13,0,,,,13,1,1
1221,c1ef5486ec954305acae403940bc1aa6,20170825,2,14,0,,,,13,1,1
1222,2ee8d6d2d146405e8ffc248746683eb6,20170616,4,1,0,,,,13,1,1
1223,66593780d89c4b8092ea64e523be6c09,20170617,7,17,0,,,,13,1,1
1224,6a7252edb16f42ada1b8333b517d018c,20180303,2,7,0,,,,13,1,1
1225,d6122f3abdf44c8db2fcf5943c8d7b9d,20180121,7,2,1,20180130.0,8.0,130.0,2,10,8
1226,a6e74c3b61754a79adfcfa676f6792cd,20180209,9,6,0,,,,13,1,1
1227,8113e4fb393d4bd39284cbcdab603f25,20170728,7,25,0,,,,13,1,1
1228,5c28060601b1462ab785ec74b42b4f17,20171016,4,20,0,,,,13,1,1
1229,2b02fb11dc034c4c8947ee9219291fce,20171205,10,20,0,,,,13,1,1
1230,b6b87872f7b344798a68840a94fdadad,20170622,7,21,0,,,,13,1,1
1231,53d32631e8d040f28ac1e463670c28de,20170920,8,25,0,,,,13,1,1
1232,40ae35b72c884450b76ca8f4cb8f5e9f,20180501,4,1,0,,,,13,1,1
1233,72b150961e48443ba9a7067f0c296886,20170617,4,19,0,,,,13,1,1
1234,d4c6a9d5ac3a4e31bbe81cf23d127d5c,20171126,4,18,0,,,,13,1,1
1235,fe8a0af3bbe24a7c83a93c0c53c377ae,20170731,1,9,0,,,,13,1,1
1236,a208709bc1ba4201a925ae0158594ae7,20180329,7,10,0,,,,13,1,1
1237,a243ce4fb24e4d02bbd40454fe90dd68,20180530,8,23,0,,,,13,1,1
1238,211243e816524c35acd000553e3f6a52,20180106,7,29,0,,,,13,1,1
1239,cb57ceafa3ca46fe815b0d30925c9c0a,20170811,2,20,0,,,,13,1,1
1240,6e2da0e72a7047f5a191f56328c9e2ca,20170914,4,14,0,,,,13,1,1
1241,dffd124eb09d47ad8960a231fbca3d4a,20171127,8,19,0,,,,13,1,1
1242,cfa83b0f9a3b49b79d537463c8ec39fa,20180402,3,7,0,,,,13,1,1
1243,1529066887b74546b35016b2d6a160c9,20171113,3,1,0,,,,13,1,1
1244,62f14af82db34f37a5c1233966162039,20180321,3,10,0,,,,13,1,1
1245,d9e2f1d272ab4bf184ae89699456a835,20180219,1,4,0,,,,13,1,1
1246,635fa4483d9b472f895fe3dcbdc20e27,20171228,9,19,0,,,,13,1,1
1247,570a8f706f834eacba7d742ce25f916d,20180502,4,28,0,,,,13,1,1
1248,2e2940ae7e49497389c49e07ac46acb5,20170807,4,4,0,,,,13,1,1
1249,69f16b20f02045f496eba1b2dbfca84d,20180531,5,20,0,,,,13,1,1
1250,47546c9881114d6c96d37f1a4d617c12,20171005,9,13,0,,,,13,1,1
1251,c4621b3819ec48f59f106eba7cb323a6,20170812,3,23,0,,,,13,1,1
1252,96e197a4af1e489b9320c26afbda6960,20171016,7,15,0,,,,13,1,1
1253,b53e5abf98474a5fad02530299caba16,20171210,4,3,0,,,,13,1,1
1254,d6a67509af0d465487387528a291d1c2,20180421,4,30,0,,,,13,1,1
1255,638346702ee948bd9a4fbae9d260ca65,20180219,1,28,0,,,,13,1,1
1256,5e87ffd978764b919e8d151bf8ddbe52,20171206,7,13,0,,,,13,1,1
1257,98ac5acbc5cb45b19efb20d35f57f981,20171115,4,26,0,,,,13,1,1
1258,dbec6245b39e41278147060bb995d65d,20170718,7,23,0,,,,13,1,1
1259,7681f5089b6d429b85020624e3657b4b,20180507,4,10,0,,,,13,1,1
1260,4949195b98ff4b7db8cd00faa666c004,20170703,9,30,0,,,,13,1,1
1261,8a580f65d4c94cbd93cc6a1e998a5bbf,20170920,4,20,0,,,,13,1,1
1262,8e3fdc6e9b2e43d78c1d5d8f5088f787,20170917,3,19,0,,,,13,1,1
1263,72e5c663cb9b4567a5753e6952bdac1c,20171113,7,8,0,,,,13,1,1
1264,fe9d911c9aa34562b4bb8b49ddff3331,20180308,7,4,0,,,,13,1,1
1265,dba3cfb2af2c43d88fdc024acb061069,20180317,4,5,0,,,,13,1,1
1266,fbfd38db7b064e178bfa8ca0ae587241,20171123,4,27,0,,,,13,1,1
1267,33f97eef578646b48602ee412c93445a,20170721,7,5,0,,,,13,1,1
1268,a2441df2eb404e2cbe1b7171f1fb0a6e,20180122,7,25,0,,,,13,1,1
1269,520e576ea1dc4d82ac0c02a57e567e02,20170820,9,18,0,,,,13,1,1
1270,bb02a6bc00f54459b487daabd3f7ede2,20170601,7,9,0,,,,13,1,1
1271,07c7a492cdf84cfd9fb45d40e7ac724d,20180519,1,12,0,,,,13,1,1
1272,eca5b50832ca4813a387ac5c6e947f3c,20180429,8,7,0,,,,13,1,1
1273,2143e96ca1e5416fb239d277de352e40,20171019,3,23,0,,,,13,1,1
1274,93f79f073db14e9583e17b61b109883e,20171202,4,3,0,,,,13,1,1
1275,e3ef0ecbfa534327bf45bd376ba6a290,20171208,7,7,0,,,,13,1,1
1276,85a01218ff194b8ea9c3a63a894f034c,20170627,4,23,0,,,,13,1,1
1277,a1d4d9a0ed944c6aa9a84502a28c60d6,20171104,4,15,0,,,,13,1,1
1278,cca1041731ca48ba9660cb7863d09713,20180502,10,28,0,,,,13,1,1
1279,36e520c3327d467c8fe81712eb18950b,20170719,4,9,0,,,,13,1,1
1280,c73e0e3defda4a56bc3759ed2057d8e0,20180131,7,4,0,,,,13,1,1
1281,a92fa26bb77249e2b14631d3558b5c74,20180331,9,6,0,,,,13,1,1
1282,50d8d816620e4fca93edb78ba543a07b,20180515,1,26,1,20180603.0,19.0,131.0,1,1,14
1283,2a27f7076f3b43d3ac8dd8fb3002d176,20170605,9,20,0,,,,13,1,1
1284,b73f8a80b99143ac813e307b95341743,20170801,4,28,0,,,,13,1,1
1285,ffe4b190d9bb4ccaa2375b3332a0d228,20170807,7,3,0,,,,13,1,1
1286,41e34b5c26224708a05d00ea378b116d,20170926,9,3,0,,,,13,1,1
1287,ab63c86abfa84948b95665dd80f725be,20170723,4,8,1,20170819.0,27.0,132.0,7,3,6
1288,f987889b4aed46c9aaf8df43a2847a25,20171206,7,4,0,,,,13,1,1
1289,1cb599d02fee412095780a443e68d968,20171213,4,23,0,,,,13,1,1
1290,6d413254760f4a02ad0ae4633f8eb8a0,20180513,4,3,0,,,,13,1,1
1291,411acdccb64c443aa120e3bf1eb8427c,20180227,7,26,0,,,,13,1,1
1292,604a3660dc0b4da1a0d967e3db00502e,20180409,4,7,0,,,,13,1,1
1293,beeb8c918deb4495b15a54aff2fc1e97,20180112,9,2,0,,,,13,1,1
1294,5bd5b3324f344ff1bd3fc5a968060c27,20170918,1,2,0,,,,13,1,1
1295,a863bd2ec3ca4381afef4f4a1979e76e,20170817,3,29,0,,,,13,1,1
1296,5f33b9e07ddb42549e7ba0cb20b39472,20180518,4,10,0,,,,13,1,1
1297,3a37448251ed410e98e24555268f6484,20170920,4,12,0,,,,13,1,1
1298,9e78fd1b22ff42489519aa9f16f17469,20170722,4,24,1,20170803.0,12.0,133.0,4,10,12
1299,c4415db8816b441bba20bb1c8e535210,20170803,9,2,0,,,,13,1,1
1300,407764e8864943e99088ea76b82e4c6f,20171214,1,15,0,,,,13,1,1
1301,466db2c565fc4950858dabd1a88bd815,20171109,4,17,0,,,,13,1,1
1302,c258cd208a9845f0bf9cc68b9495e673,20171020,5,3,0,,,,13,1,1
1303,0793cee58a734a619d13323b1ee5585f,20171006,4,29,0,,,,13,1,1
1304,340a30643a3146188504e66da8f85c18,20180404,9,1,0,,,,13,1,1
1305,f87d1f23e51e422c95ad6626b95aa4c4,20180520,1,10,0,,,,13,1,1
1306,6478d05e08bc4bb0932fc2824ee77f80,20180504,8,9,0,,,,13,1,1
1307,b09d79ed6aea4fbdab54940b0cf7732f,20180221,1,6,0,,,,13,1,1
1308,9336dcd3a92c4920a9cf3a3ecce636ab,20170905,3,1,0,,,,13,1,1
1309,32b4f164726c4ca4b737e1195303cc0b,20180427,7,5,0,,,,13,1,1
1310,7aa8a2c80da246348808491c6db03c3d,20171001,3,30,0,,,,13,1,1
1311,0d40513b10664df782a3309b3d0e709e,20170728,4,13,0,,,,13,1,1
1312,c07c2ceb823a40dc84298e6e148a5164,20180423,8,3,0,,,,13,1,1
1313,00f6061a7e1a4f74bcbf6267f1c439a8,20180226,9,16,0,,,,13,1,1
1314,9a637807469149bdb9eb378fe1f3d9f5,20171110,3,30,0,,,,13,1,1
1315,13595557346d4fe99b85623e6a822260,20180319,7,16,0,,,,13,1,1
1316,49508feef61149c7b80e5cbea664f991,20180307,9,24,1,20180322.0,15.0,134.0,7,11,13
1317,07f44f77b5e04805a9ccae9420f31720,20180128,9,26,0,,,,13,1,1
1318,50ee706c512842248b8a6c47b8a22e5c,20180328,1,26,0,,,,13,1,1
1319,b74b4e298599415caa4165ca37ca28fb,20171013,4,27,0,,,,13,1,1
1320,707027c579604e3dab372e9918fbd10d,20170701,4,6,0,,,,13,1,1
1321,706277ac860a4194ae7d276d5bb1b962,20171025,4,28,0,,,,13,1,1
1322,325d02734de4409c90b908981a926f15,20180212,4,15,0,,,,13,1,1
1323,b598028c6feb495aa93f06767de7b3fd,20180526,8,3,0,,,,13,1,1
1324,09caf7a79f2f402789bde45d6c622490,20180424,4,21,0,,,,13,1,1
1325,27a9959b86144edc8e5d723c393c3dbb,20180412,6,19,0,,,,13,1,1
1326,289761bb1eca4dafa196b4fb0b801d64,20170713,7,3,0,,,,13,1,1
1327,28a2629c69c34416ab49474de1838f82,20180217,4,5,0,,,,13,1,1
1328,67ab32211aab4f90af7308c8a24b992a,20170819,3,8,0,,,,13,1,1
1329,8e0db41b20024a4a84962956656c22fc,20171218,1,23,0,,,,13,1,1
1330,34968686cac7401bb0e4699d85ad1e79,20180429,7,3,0,,,,13,1,1
1331,69d99c68800649148c4cd3aee685fb42,20171106,9,2,0,,,,13,1,1
1332,a71a358b835b4ddc8123bde87e0637e4,20171001,1,17,0,,,,13,1,1
1333,f8974cafa0b14f05bfee84fbd7c480de,20170715,4,25,0,,,,13,1,1
1334,83937675088148c8bff083bb23a3503a,20180119,10,29,0,,,,13,1,1
1335,dfc8406036ae4f72abc4fc0cb0132da7,20170629,6,11,0,,,,13,1,1
1336,e16c7cf9c5f249f5a63646e645cc988c,20180503,1,25,0,,,,13,1,1
1337,d0bffc5e1d6b4b1886bd39ed55d63dbc,20170607,4,28,0,,,,13,1,1
1338,1a4731ea8dcc40b4b746b22964c88f9b,20170606,1,13,0,,,,13,1,1
1339,8244cb0dc80b447fa6e8feb84e390136,20171125,4,6,0,,,,13,1,1
1340,c57dd8b0c7134d2997fd212744cf83a2,20171011,4,16,1,20171202.0,52.0,135.0,10,11,15
1341,3c46467d5a684c6395d5e5c7bbcdd61a,20170804,4,2,1,20170917.0,44.0,136.0,9,12,9
1342,4997c8965a92467aafb9fc345f65e74a,20170731,7,8,0,,,,13,1,1
1343,f99833adc6d748cfaaef023d43caf055,20180106,8,6,0,,,,13,1,1
1344,ac8cea7e1e0942fc961bbc67146ff3e5,20170703,1,28,0,,,,13,1,1
1345,2af14f51b319465daa160122615ac58c,20180323,1,3,0,,,,13,1,1
1346,101ec27dd4b845e08d95c89e45d8c3b9,20180210,7,6,1,20180228.0,17.0,137.0,6,3,8
1347,8f15f1090a574ddb8604585ffff52d7b,20171202,7,13,0,,,,13,1,1
1348,7cd9365c8675475a8494899a24fb357d,20180318,7,16,1,20180324.0,6.0,138.0,4,1,2
1349,6a82f90aa50e485f922238088a2ed55b,20170820,10,24,0,,,,13,1,1
1350,851e9ec45ad244309929fa2247762485,20170723,4,11,1,20170824.0,31.0,139.0,7,8,6
1351,20c28293e11b40a2a915be845c4c60d2,20170730,8,2,0,,,,13,1,1
1352,d9018cdf491f48d09ce277cbbaeb187d,20180216,9,27,0,,,,13,1,1
1353,d8344b6ac963476d9510f40ff06b82b0,20170607,7,27,1,20170620.0,13.0,140.0,10,6,13
1354,78ed20ea86614b7ab39b08bb35f521f3,20180128,1,30,0,,,,13,1,1
1355,41a08f7b84664713bda428ec4de1ea91,20170816,7,22,0,,,,13,1,1
1356,5079ae3f8ffd4dc09cd1182771abb357,20170619,8,5,0,,,,13,1,1
1357,e1cbe6b9764d41ce9a54f7447cafb767,20180601,5,15,1,20180609.0,7.0,141.0,7,4,11
1358,af0f4433e2e44662a3c0f97e8c3d3ec2,20170923,7,17,0,,,,13,1,1
1359,59be9ce125964737833fde85f63b10bd,20171231,4,19,0,,,,13,1,1
1360,44c4c06f434c405e89f3da4405d8050b,20170710,9,16,0,,,,13,1,1
1361,ed21961dc98542029991a26428f5a058,20170801,5,11,0,,,,13,1,1
1362,1c083838ec774518b27d2bc7df99d060,20170627,4,17,0,,,,13,1,1
1363,8c5f05b4ff0d45feafc5fdc93b86370c,20180220,9,30,0,,,,13,1,1
1364,f534c3d5572047bbab39bf9f58b49271,20170706,9,10,0,,,,13,1,1
1365,f2c4ce5b5f4d43fab6af1aefdebf23dd,20171023,1,8,0,,,,13,1,1
1366,3b01988fa6e440f086af561efe5ccc14,20170715,4,18,0,,,,13,1,1
1367,96a4e400e752407c85846bdab1b91ed6,20170605,1,9,0,,,,13,1,1
1368,72d716b2e19748398084e60894cde023,20171028,5,5,0,,,,13,1,1
1369,cf3b1757ae124d659a24c747697d534d,20171103,4,17,0,,,,13,1,1
1370,b197f1664b9d4618aa3d3522b541c3ee,20180124,4,14,0,,,,13,1,1
1371,b65042cb0d354e5d99dabc5f8b7f41b3,20180208,6,2,0,,,,13,1,1
1372,3e71297314f24ed6827a40015ee00728,20180307,4,4,0,,,,13,1,1
1373,2f953cb87eee402a8a6048db570d239b,20170604,8,26,0,,,,13,1,1
1374,9be30f48440f44ad8cf18cf17f379081,20170928,7,16,0,,,,13,1,1
1375,272b0b2ef15547edb532ab5b5b1e5c43,20180422,4,8,0,,,,13,1,1
1376,4d7bf9126fb742bba43d34d4304975c1,20170601,8,30,1,20170614.0,12.0,142.0,11,6,3
1377,5d9f289682454ab1ad80260aa10bab8c,20171105,7,9,0,,,,13,1,1
1378,6aaa0bcf8b14401dab2126eff78dfa5c,20180227,9,15,0,,,,13,1,1
1379,d075d6a73e4744cd8fd86bad51209c24,20180207,7,4,1,20180227.0,20.0,143.0,9,2,13
1380,3394caa29f294e3596a81dc16458a387,20180531,9,3,0,,,,13,1,1
1381,8f692bda095b417f9df2ca043bb4cc00,20170623,4,12,0,,,,13,1,1
1382,201695abc49d408b82eb320941e35306,20180222,7,28,0,,,,13,1,1
1383,d5430528bb7b46b5af60336fc60e7d9c,20171208,2,2,0,,,,13,1,1
1384,9213cb61755a4e64b824f4833cf78555,20170714,4,25,0,,,,13,1,1
1385,842d71efa8b64a4995deb2ecf6408826,20180214,1,23,1,20180314.0,28.0,144.0,7,12,3
1386,ebc242e4d6c34d0aa35b7b2a2d1b38b8,20171219,7,14,0,,,,13,1,1
1387,365121fbfae545efb48a3a31c93ac62c,20180318,3,15,0,,,,13,1,1
1388,d74d7727a1f545799dfd8941d0985073,20180506,4,17,0,,,,13,1,1
1389,1fb3e4a1575845b0bd91d1284936474c,20171028,2,10,0,,,,13,1,1
1390,554ae287b5fe47c4b850848f95b0a845,20171109,7,28,0,,,,13,1,1
1391,ba383b8439ec479192982a290b6731cc,20171115,4,18,0,,,,13,1,1
1392,069fd00d7cfb4211af1ef50549957822,20171018,4,3,0,,,,13,1,1
1393,e2e8cab098544f05add7c0f9223207fa,20170912,4,24,0,,,,13,1,1
1394,0a4bababca444f6ca36063e8a823d430,20180327,9,4,0,,,,13,1,1
1395,362524184b254469aad69c7b4c040b9f,20170725,7,18,0,,,,13,1,1
1396,a62eb9d080914175ad95ab833888b266,20180125,3,15,0,,,,13,1,1
1397,23efa7153cdf4f90b307ec161ae692af,20170801,7,16,0,,,,13,1,1
1398,71a419a445f4406786bae47bafb40c8d,20170915,4,1,0,,,,13,1,1
1399,9d16c500f7564a429401bba0ca467b7f,20180124,9,10,1,20180206.0,13.0,145.0,8,4,14
1400,7cbfb9b688a2456182c5a0e7c102d3ef,20170801,1,7,0,,,,13,1,1
1401,8240feee47c14c3590625d96edd5c851,20180518,4,20,0,,,,13,1,1
1402,a490bc510eff4c1cbbcd5baec58cfa21,20180527,4,27,1,20180608.0,11.0,146.0,6,4,7
1403,edf7dca0d9d4424a9e1d6cefd1e425e5,20170919,4,4,0,,,,13,1,1
1404,1e61f9d6437740e6bc68421e8fc6987b,20170717,1,16,0,,,,13,1,1
1405,5f64ddca93614286baf3856c4c1eaed3,20171220,1,27,0,,,,13,1,1
1406,e484fb57179f4de99c2390444fbd3d19,20180513,7,19,0,,,,13,1,1
1407,5b1b7c727f7249b49ff8cce52cd9e453,20170829,3,30,1,20170915.0,17.0,147.0,12,7,1
1408,c1ed75fa72e944f7a19c4e00309b3679,20180118,3,2,0,,,,13,1,1
1409,f7d1108c8e1848a08a75c3785a4ee273,20180309,9,25,0,,,,13,1,1
1410,4d9624b5c6fb41e685fc1a4baa870d92,20180123,8,5,0,,,,13,1,1
1411,965e3ade325e4e36be308dc1b3ce3b57,20170811,4,26,0,,,,13,1,1
1412,e57f95a8299a4b0f9dc2dfdb799c6ad3,20170702,4,4,1,20170815.0,44.0,148.0,10,10,10
1413,b81135d5cd4d4a50a5ff216d2bde2de6,20170910,4,16,0,,,,13,1,1
1414,cfc11fe3ec2b4202a31d19a4ec5bde02,20180518,4,23,0,,,,13,1,1
1415,e0dd4d4fa2aa490ea051a223496d1fb4,20170714,9,14,0,,,,13,1,1
1416,0f724dc5716b4bbcb8cc507a2b9752ae,20171011,5,26,0,,,,13,1,1
1417,a262cdb1cb78493893a371c220b5798f,20170704,4,12,0,,,,13,1,1
1418,850509b035a249e0a3c764d86ef24311,20180427,4,5,0,,,,13,1,1
1419,fb64f8b95b8f476eb1062240d5c61562,20170805,7,12,0,,,,13,1,1
1420,28feb9f019e044b3a226c0fac5653426,20171117,5,27,0,,,,13,1,1
1421,c4bb9a9e059540469765dfd190a254e1,20180123,7,7,0,,,,13,1,1
1422,44a0c8fdb76049e5807cf05f78af1ea5,20180321,9,20,0,,,,13,1,1
1423,73eff1e807b948b2896d44a9d20a3dc6,20171220,4,26,0,,,,13,1,1
1424,594114f7e3084bf1a2ba07e0841be21a,20171213,4,7,0,,,,13,1,1
1425,14799ce9223f40daa615a3878150e226,20171129,10,22,0,,,,13,1,1
1426,9e5c522a864a4b0591acf3122d4617c5,20170904,2,19,0,,,,13,1,1
1427,ff01897d07404cf3a16dfd681232aad5,20180115,4,27,0,,,,13,1,1
1428,e796765c9d2f43fdbe866520c68d2408,20180411,2,29,0,,,,13,1,1
1429,d3dbf362579347358cea406dd083f744,20171004,9,1,0,,,,13,1,1
1430,fc1505d4ceb74623a942140654236a9d,20180211,8,12,0,,,,13,1,1
1431,13a28f9f8274479aa9ca2d60a5978415,20180309,7,27,0,,,,13,1,1
1432,f96a176148b24d219b022e7efda2c491,20170715,9,30,0,,,,13,1,1
1433,d3bf84a1c88b49f9b9b967c770ebb18f,20170810,7,9,1,20170828.0,18.0,149.0,10,6,7
1434,e427a66d07c649c1bccb0289ca65fb93,20180426,1,17,0,,,,13,1,1
1435,543af89bd292417c905e0a0ee7699da0,20180419,4,5,0,,,,13,1,1
1436,01d50a827b09456c917df98008529358,20170610,4,5,0,,,,13,1,1
1437,b5f734737f424910875a02755319e966,20180601,7,13,0,,,,13,1,1
1438,20f4167ba6ce43c7ae143f2c3ae60278,20180306,1,16,0,,,,13,1,1
1439,391ec6cc3fc14581a8881653eb7ac146,20180317,4,8,1,20180404.0,18.0,150.0,8,11,5
1440,276d766d0d9c45289a63c9d245c682fd,20171216,1,7,0,,,,13,1,1
1441,ea62a168d0aa4cba87b9db6c19c73167,20170614,2,29,0,,,,13,1,1
1442,386bfbe10b9e4f299212b4105ea816e9,20170921,4,12,0,,,,13,1,1
1443,c1a94ef824b94e988b8e9a08176f57ff,20171022,1,5,0,,,,13,1,1
1444,a4dd3527ddad470ab7c9f7926991cacd,20180128,7,16,0,,,,13,1,1
1445,5554da8023e043568077d546a2a46502,20180327,8,7,0,,,,13,1,1
1446,f07f5ab3cb7b4409b5916c987826b203,20170722,4,11,1,20170808.0,17.0,151.0,3,3,3
1447,9a59360ce02843f2bbe972bfa59a52b9,20171002,1,21,0,,,,13,1,1
1448,28c35306020d470f8f42259c2df77a38,20170629,3,14,0,,,,13,1,1
1449,2305e86c1012454ab780d7c5fb8f4399,20171216,2,22,0,,,,13,1,1
1450,2f857909d269496ca73024bb3e43dd32,20170828,1,17,0,,,,13,1,1
1451,23485ed9684a4ceca3747b814a4f9afc,20180331,7,5,0,,,,13,1,1
1452,511bd802f3fe42dca4fb394a3547d402,20180524,9,22,0,,,,13,1,1
1453,31fe49c0b8b645d1994be08634724697,20180330,8,28,0,,,,13,1,1
1454,1f03727b1dcb4d08840243ab2b02617e,20180525,9,14,0,,,,13,1,1
1455,680f1f1ec342485f99ade26c53e2f078,20180316,4,14,0,,,,13,1,1
1456,8823d8ab9f48458fb166d5523a1f96ad,20170905,5,21,0,,,,13,1,1
1457,f29a067d0f874a4ea04d9f3821ff4bf1,20171106,1,13,0,,,,13,1,1
1458,80d0c5954b874164ae9ea689390c1329,20170620,1,27,0,,,,13,1,1
1459,3173152398ad4dbd8276226e068c9b64,20170928,4,17,0,,,,13,1,1
1460,67742698ab3c444b9773aec85e3d53ae,20170611,1,13,0,,,,13,1,1
1461,ea5068bf62b448ef846c74a6fb643aa8,20170601,7,22,1,20170605.0,4.0,152.0,7,10,12
1462,a68a214bdd1c4c408ababa53a050c511,20180411,1,5,0,,,,13,1,1
1463,36ce8a551ab642c8b974ad171ba4c7e9,20170806,4,28,0,,,,13,1,1
1464,e066d225de544275a7d71303a9578288,20170830,1,27,0,,,,13,1,1
1465,53f3eb21199f429a9ce61ec04f10b405,20170612,10,14,0,,,,13,1,1
1466,2265af8a623f475fbdd09d8b2498e128,20180527,4,24,1,20180616.0,20.0,153.0,7,8,12
1467,801b120679d745859a5e0aee1c500de0,20170727,6,10,0,,,,13,1,1
1468,b46b1316dc77459fbbf511fbdd11e884,20171204,7,16,1,20171215.0,11.0,154.0,1,2,2
1469,d80315deeace4b96b60c263fc2ac981f,20180527,8,14,0,,,,13,1,1
1470,2b080ea261954e95971ec0c9318fa459,20170722,3,1,0,,,,13,1,1
1471,31d7ff4e6f4a42a9b92a1f293badea2a,20171113,9,7,0,,,,13,1,1
1472,62b90f6c350f4fde8f8a3dfcaf0f5579,20180110,1,13,0,,,,13,1,1
1473,bc7d8d71b34b4e628fb05c6c229e98f4,20180429,8,7,0,,,,13,1,1
1474,0481b72bdabe4e4ca9e66b9838981c63,20180529,7,28,0,,,,13,1,1
1475,83dec7f4e07f41c799d3bf79352c629f,20180411,7,17,0,,,,13,1,1
1476,c31f98866c174985b803bb25ac730c45,20180507,1,20,0,,,,13,1,1
1477,3f7f1ebb82e542a7a8ada5e299cba9e5,20170829,3,1,1,20170912.0,14.0,155.0,9,6,12
1478,b7e3800ce7014256a5d0da372f1f7f2d,20180519,1,4,0,,,,13,1,1
1479,7b45fe47fe034b1aaf9280a6ff322cd8,20170830,3,28,0,,,,13,1,1
1480,61d74f8a3e6a44d693b6ba4760619a01,20180321,7,10,1,20180401.0,10.0,156.0,9,10,4
1481,753793eefe50438ab937bf1da0e6b84b,20180318,3,7,0,,,,13,1,1
1482,2cab61252ee54cee9394b95a9261a6e5,20180405,4,22,0,,,,13,1,1
1483,827453e783d24c3ea4ea3973fe677a7a,20180410,9,23,0,,,,13,1,1
1484,129dc7b5ea1f430288e2bc3d092a8cc2,20180317,4,22,0,,,,13,1,1
1485,9eb1ff3ef3224e2cac9cf606e543057c,20180210,7,8,0,,,,13,1,1
1486,2a73d62e50e243e1a76f9be3cd5e45ed,20170710,7,16,0,,,,13,1,1
1487,f7f5e35073384630aa2e610e700e5ffc,20171111,7,23,0,,,,13,1,1
1488,6b136fac45f1445eaab4088055ceae4c,20170716,1,2,0,,,,13,1,1
1489,2d8e1c71210743329fc756e0d7b2737d,20171119,7,26,1,20171205.0,15.0,157.0,1,8,6
1490,c475dc96a6b8432c8be2007f39e186a6,20171014,7,17,0,,,,13,1,1
1491,09b60ce665fa4b5b9cc3693c39d01774,20180521,4,16,0,,,,13,1,1
1492,63a3f84f42ee4b0ea45eb8befbd15a6e,20171010,7,2,0,,,,13,1,1
1493,b2cd9793019e4cabb00705302dacd672,20170601,4,30,0,,,,13,1,1
1494,ed99516a7dee4d6bac04a40e9c1a7b0b,20180111,4,7,0,,,,13,1,1
1495,8edcb75827104c6e9ddc5018b1429f8c,20171229,9,12,0,,,,13,1,1
1496,33a6e966383d46d19a866b26efba3d8f,20171211,1,21,0,,,,13,1,1
1497,742f7613bbd241a8a6a1ba1b43682694,20171210,9,20,0,,,,13,1,1
1498,6324e42c78df476794f11cc230098d1b,20180201,7,23,0,,,,13,1,1
1499,a4a246a20f8e4df4a176e18d5dd447ab,20180518,7,7,1,20180526.0,8.0,158.0,1,1,2
1500,a1cb463080b642fa9dd9961919fc8145,20180118,8,5,0,,,,13,1,1
1501,4e3f3a26d23e4aa5a3bb819678a5ed89,20170618,9,26,0,,,,13,1,1
1502,4c08cc3a1e3a46a5ad8344914f91a9fe,20171111,7,25,0,,,,13,1,1
1503,25527620d0b14cc785b347871d11684c,20170708,4,7,0,,,,13,1,1
1504,701c3f96bec44ddcad302e09f348c779,20171210,7,2,0,,,,13,1,1
1505,f682a1fad9834ea497ad826a46a5ed09,20170709,7,12,0,,,,13,1,1
1506,3a622fcef6e2446cb6405feac9a3dbfb,20170718,7,29,0,,,,13,1,1
1507,8600fdace57347dfb843b927828706d3,20180411,9,28,0,,,,13,1,1
1508,3f5b2f75b698451a8a1b7f5a99ff448d,20170616,9,23,0,,,,13,1,1
1509,4e53c1198abb447c9ece0abcf7fcfeee,20170824,9,12,0,,,,13,1,1
1510,2859c31a42c142f9a3a45f2ede238da4,20180109,1,27,0,,,,13,1,1
1511,296c235af4f244548495ba105c2ac017,20170722,3,9,1,20170807.0,16.0,159.0,7,7,7
1512,3f762b1fcc874115899eb28aadf25c25,20170906,1,28,0,,,,13,1,1
1513,5821b91dc7914b3888a68fa55b2fb0bd,20180311,2,19,0,,,,13,1,1
1514,4082e98dc3144c98b4f1656a0cffd3f4,20180505,4,1,1,20180527.0,22.0,160.0,6,7,5
1515,95a50eb5f4a04babac9f810b17292caa,20170930,4,27,0,,,,13,1,1
1516,527f817736594bc3b4b4a4245cb01730,20171219,4,21,0,,,,13,1,1
1517,0f7d5486f7e9479ea86ea1b235928d2b,20180207,9,27,0,,,,13,1,1
1518,e5a04bd1fca54400972db35c22270f63,20171202,8,15,0,,,,13,1,1
1519,a74a231e835b498eb44d5976b300245a,20170715,4,20,0,,,,13,1,1
1520,b7c129d637a24a54afb417d0c1afc163,20180505,5,29,0,,,,13,1,1
1521,00c86b2f2fe34e7d9ad8b8fc8be7c0bd,20180201,4,25,0,,,,13,1,1
1522,4f078183762f4b83bde9f76fcd87c64d,20170614,5,7,0,,,,13,1,1
1523,b156adf03c7e4c0dad0ec5191452bd2c,20180423,7,3,0,,,,13,1,1
1524,d5f4be23654049acae3a8742c3bc54a9,20180129,4,1,0,,,,13,1,1
1525,d30696e6ead2401dad86789bd4bf57aa,20171221,7,13,0,,,,13,1,1
1526,e598f2c2bc534a86b8b18fee8557c5b4,20180505,4,3,0,,,,13,1,1
1527,4ee9e266fcbe41f3a795bf592a50995f,20180425,7,30,0,,,,13,1,1
1528,00b22233c60f4165ab0cc6896c24a998,20170903,7,12,0,,,,13,1,1
1529,986030b7ff264228b086449a81f5aeb9,20171213,3,7,0,,,,13,1,1
1530,6414a20962664a2fa253b19993080c72,20180115,9,19,0,,,,13,1,1
1531,6d5f3d69205b47618ee539db8182128c,20180112,7,19,0,,,,13,1,1
1532,648dc2855f184dc09af158b7b54eefcc,20170924,9,14,0,,,,13,1,1
1533,b57b1dfc12464916bbf0cdc55e8e93fc,20170702,1,24,1,20170711.0,9.0,161.0,12,5,3
1534,27ef4e96f9ee4ccb913c75b8b4962491,20180523,4,3,0,,,,13,1,1
1535,5d5847ce068042878e3e0913309fbe3d,20180509,7,5,1,20180531.0,22.0,162.0,5,12,11
1536,b843e0bd7a7f4b12abd02c6d1488a527,20180305,4,24,0,,,,13,1,1
1537,a959ab881946481880bc4864abe7fcd2,20180329,4,21,1,20180407.0,9.0,163.0,3,5,2
1538,f88ccd0966774263b5b4227ab6da0011,20170702,1,20,0,,,,13,1,1
1539,e5ec9ff45d5c4772957fa23491a7b39f,20180223,4,21,0,,,,13,1,1
1540,42b6f1b7f26e40d1869f0cb0e4d53e8d,20180518,9,14,0,,,,13,1,1
1541,644a6bca6435479d8c9aa0930acc0960,20170929,1,1,0,,,,13,1,1
1542,256b09df91814c31af2337a5211d2ba8,20170711,4,12,0,,,,13,1,1
1543,7932c291307d4e898b6ce94875a4fa17,20180601,9,6,0,,,,13,1,1
1544,b95c38c8e87b4d18817c194b1b525e0f,20180320,4,5,0,,,,13,1,1
1545,89712dcdd9cd4f21bca45919f02cd147,20180320,2,4,0,,,,13,1,1
1546,c147c0d2a80a46c29d9ada84359c1b17,20170801,7,7,0,,,,13,1,1
1547,abeee3bccecf4a9880549099fcd06bb9,20170825,3,5,0,,,,13,1,1
1548,886ba6af47494af0946abe4a1ed2b03f,20170907,9,27,0,,,,13,1,1
1549,b22cd265fa824982ad323efe0d3eec77,20180103,4,11,0,,,,13,1,1
1550,3e7086df9df144d8bc6b4bc9ee7b818e,20180109,9,20,0,,,,13,1,1
1551,445163fef32e4328b214cc1d086f5172,20180418,2,20,1,20180606.0,49.0,164.0,9,2,11
1552,e82368cca8074049a3628e8af0390f34,20180401,9,8,0,,,,13,1,1
1553,91226b21c8d940bc84338c78ce35238b,20170705,3,30,0,,,,13,1,1
1554,a4f1c6edfe8e421e986c4e8d0ea14084,20180312,8,21,0,,,,13,1,1
1555,bf07d22708ce4f4b97b04558c04510b1,20171114,4,6,0,,,,13,1,1
1556,d5d70c2d43ae4cd3b8f0479e11d2ce84,20180121,4,5,1,20180131.0,10.0,165.0,7,12,6
1557,8e377f74cc4f44a5a32d85eb05e00db6,20180525,9,14,0,,,,13,1,1
1558,c35542487a884e62951f7e52b257da05,20180223,7,25,1,20180304.0,8.0,166.0,11,2,10
1559,71c227f5ad904f93964a994c56af771f,20171230,3,4,1,20180116.0,17.0,167.0,7,12,8
1560,cd8e74af2dcb47e89a3adbb23fac7645,20180318,5,14,0,,,,13,1,1
1561,f7fc31d59edc456d94ce5552d20f8cdf,20170722,7,14,0,,,,13,1,1
1562,57ef730044f74c29b4297835c6b2966b,20170722,4,10,0,,,,13,1,1
1563,0479adcac9824125bfba8535e462ebfe,20180302,3,12,0,,,,13,1,1
1564,5f0a9db5a761425ba1291edb863d6012,20171228,4,30,1,20180114.0,17.0,168.0,3,2,13
1565,ccbdaf7d2ea84042951dd33f1fce6931,20180502,3,14,0,,,,13,1,1
1566,5ff6b2f198d946e4a44edc1a0902a795,20180408,7,27,0,,,,13,1,1
1567,ba6ab7f22d464bdd873113bdd28d8dbd,20170828,1,30,0,,,,13,1,1
1568,3de4a8dff6554f78b57ffed2c16a82d3,20170813,4,29,1,20170830.0,16.0,169.0,1,5,4
1569,6ea398ca3a61447ca09543b26aae477a,20180515,9,27,0,,,,13,1,1
1570,5571181379da4859a62fda198ae16530,20171220,7,28,0,,,,13,1,1
1571,4b4a2edb8fc44756a9e7c865c378133d,20170930,9,2,0,,,,13,1,1
1572,c3064ecaa49b4dec86e79ac01a1d48dc,20180130,4,12,0,,,,13,1,1
1573,45b36abb57a24fc28c8acf1383dca10a,20171208,1,8,0,,,,13,1,1
1574,297d457394e642f6b303889c88b937a5,20171103,8,19,0,,,,13,1,1
1575,435b77d0f77f41218bdfeeea6a987490,20180207,4,10,0,,,,13,1,1
1576,8371d076a9d542a79ea8b561bbd0bc22,20170925,4,1,0,,,,13,1,1
1577,7dc05e9759864ab3abe4c1cb49e7c6ed,20180113,4,19,0,,,,13,1,1
1578,d458ef05732a4a71a7212722f2e18dd1,20171231,9,23,0,,,,13,1,1
1579,7e57a32b8d524cdd98257c0320085791,20170716,9,18,0,,,,13,1,1
1580,e9ce20729cd241e1be155f4603acc289,20170917,9,2,0,,,,13,1,1
1581,c68c905548e047f6bf79712f6cac9fb1,20180204,4,10,0,,,,13,1,1
1582,eec837f0d3844d41a73076f5fe7e16e0,20171209,7,6,0,,,,13,1,1
1583,f61a96a33bd3414a8e9b2b090358d519,20170821,9,1,0,,,,13,1,1
1584,a1aed382372b4ceeabc61af91bdd0825,20180530,7,30,0,,,,13,1,1
1585,f01aea77907942e781cae6708174ae3a,20170809,10,12,0,,,,13,1,1
1586,dd4cb0360a95422d90d1a666b74b50c8,20180319,4,7,1,20180413.0,25.0,170.0,6,7,13
1587,d665ca1cc9a746cb8b9521807c7ec944,20170907,1,20,0,,,,13,1,1
1588,ac589f18ae244a3e969d749a3456a97a,20170630,7,27,0,,,,13,1,1
1589,0c90e2e9683144458e62b0f41848d565,20180120,7,22,0,,,,13,1,1
1590,26777bdb2899498981230b6d24ff0ffd,20171202,1,19,0,,,,13,1,1
1591,14628105403649dc8b0e1d703f257099,20171206,1,6,0,,,,13,1,1
1592,24f843f1d57640adaccaa4062163404f,20171221,10,22,0,,,,13,1,1
1593,4df3ae81658443459e7e31cb448a3a7b,20170803,4,17,0,,,,13,1,1
1594,19d633fd896e48bdbcee9a92a841da30,20171208,4,29,0,,,,13,1,1
1595,b39d110934ee46c9b0ac800f910f3ad2,20180115,1,10,0,,,,13,1,1
1596,0847d417215d4770be4a1c097fdde846,20180129,9,21,0,,,,13,1,1
1597,15973fa959284a6baa5a7a548cb27415,20171127,4,7,0,,,,13,1,1
1598,ee9de87f6e3b4ff98a8fdba6c7ea965f,20171011,4,1,0,,,,13,1,1
1599,e86278bb75f940e7ad30e38df630fcb2,20170615,4,27,0,,,,13,1,1
1600,94633fd5b52c455480799c2613113a13,20170823,8,24,0,,,,13,1,1
1601,d4263220757e44e28291ce62a78e24a6,20170918,4,23,0,,,,13,1,1
1602,9972579a826749d5a527cd2f4d08c9cb,20170924,7,19,0,,,,13,1,1
1603,9846122a6b2c4effa6dea4a7f7bbb3eb,20180430,4,6,0,,,,13,1,1
1604,025cdb962c75474daa6c14096a92915d,20170611,7,13,0,,,,13,1,1
1605,1024c5bb0b0948a588cc8b2902414cb3,20170807,4,7,0,,,,13,1,1
1606,94317d058ecf4c9793186d76ab68b2fa,20180404,9,17,0,,,,13,1,1
1607,2c064b4d89814d9b876cfb89a0c324ba,20171008,4,5,0,,,,13,1,1
1608,6476fefe09ca422486625a6e25e2f27f,20171104,3,19,0,,,,13,1,1
1609,8fc27850ca604f1e96ca7727bf8601a4,20180103,4,10,0,,,,13,1,1
1610,497277eb36134030ad77cdd15096a128,20171126,9,19,0,,,,13,1,1
1611,a62afd626c6c4b338aef3d29857c5693,20170920,8,1,1,20170929.0,9.0,171.0,7,8,10
1612,fc7b22aa97ef49c69ea798c71496d12c,20180513,1,20,0,,,,13,1,1
1613,c72e4dec118649ecb5731c14ece05202,20180416,9,14,0,,,,13,1,1
1614,069a6a87b619409ea8215d746a1cfcb6,20170723,7,6,0,,,,13,1,1
1615,d09b36f4e5a04e72bc0916460a206593,20180506,7,21,0,,,,13,1,1
1616,3b9c0c1bc56e4795a4b458c9e2f9e04e,20180428,1,29,0,,,,13,1,1
1617,99bdc181b9f248c6b17bab8b557cc75e,20171023,10,11,0,,,,13,1,1
1618,0320bddb982448849dcea40473ee9289,20170726,1,3,0,,,,13,1,1
1619,977623555e87449192bdc6d9be9a60ff,20171120,9,23,0,,,,13,1,1
1620,9a85355cc6224e8a98a23b156d7629ba,20171114,1,19,0,,,,13,1,1
1621,3bb40ed3f92941798802d57dd0b7dc58,20180502,7,1,0,,,,13,1,1
1622,c2153d722ca24e81bf04a7294d2540d0,20170905,4,6,0,,,,13,1,1
1623,93909fd071ac4b198dda44262ad1d7ec,20171002,9,5,0,,,,13,1,1
1624,a5e6616985b64061b248a1d4e047c1fc,20180404,2,11,0,,,,13,1,1
1625,eeccf8b1ad5c45a580d86949083887e9,20171111,4,2,1,20171126.0,15.0,172.0,9,2,1
1626,9214c710ea694e2db05276dcb192cf4c,20170614,1,13,0,,,,13,1,1
1627,f835a2d37206496bb71e8934f1eb1114,20171030,4,22,0,,,,13,1,1
1628,34e3b69fb5b94dae85317c636c5ff870,20180101,9,30,0,,,,13,1,1
1629,b9e9c843a9a049a5ae968a2da32f747d,20170619,4,28,1,20170628.0,8.0,173.0,10,11,12
1630,90d53afad9904092b5561e1ed0c2564d,20180320,7,8,0,,,,13,1,1
1631,11d67dc4131546f591764976dc138976,20180601,1,11,0,,,,13,1,1
1632,5798bc362d6045749616c60b588b1ce7,20180301,7,5,0,,,,13,1,1
1633,277f6a4718fc469d9f1ea87d51c323df,20180130,1,6,0,,,,13,1,1
1634,3918ce1361344f6ba55b3c7c6da5de35,20171101,3,20,0,,,,13,1,1
1635,1673660226c34eba8ba92f1f3881bf6e,20180503,5,7,0,,,,13,1,1
1636,01af7ef84d0645f38fa23d69102b1997,20171029,4,13,0,,,,13,1,1
1637,4a737eb237a44f559c6dc4dabfd27403,20170805,7,2,0,,,,13,1,1
1638,135459e6447748f5b81ec162c4d07d83,20180314,4,11,0,,,,13,1,1
1639,daeb9d4b7e7f4b9abf9c91497a2e9eb1,20171119,10,3,1,20171205.0,15.0,174.0,10,5,3
1640,5074d01de4e843ccb5c13eaad6fe34ab,20170922,5,17,0,,,,13,1,1
1641,adda578077624de39b246310b7701459,20171105,9,5,0,,,,13,1,1
1642,a6d8b8544edf419cb13e66ab3cc3f073,20171117,3,19,1,20171124.0,7.0,175.0,12,9,1
1643,3890d66586de4ac68b6b244696885cca,20180327,9,18,0,,,,13,1,1
1644,ad0470aa66374529b00e9a398db7dea3,20170731,9,27,0,,,,13,1,1
1645,90eb364d6a584a8391df66c49f9f09ab,20180421,4,14,0,,,,13,1,1
1646,17fc008bc6294340ab5b8fe28976ef9b,20180414,1,13,0,,,,13,1,1
1647,b9c0236e1a7f4437806a6847e9f6396e,20170908,4,25,0,,,,13,1,1
1648,242285cb1ad4407691cb399efab0c286,20180515,3,6,0,,,,13,1,1
1649,9161c102e4bd4dfeb414b428c395d6ab,20171031,3,27,0,,,,13,1,1
1650,61e2a17f2e3d4bea8125f2bd15f38d39,20170817,1,9,0,,,,13,1,1
1651,2e4833fc413743b093da599f36e6fa6f,20171123,4,14,0,,,,13,1,1
1652,38d1bd3a219e4cca88d4f5c4c3818ff6,20180121,7,8,0,,,,13,1,1
1653,b477c15c7e1b4525b40cd99c5fa19459,20170901,4,13,0,,,,13,1,1
1654,31753c7c35e841bf88890f701591da8b,20171118,7,7,0,,,,13,1,1
1655,1864693c8b1a42acb5c3de82a2cb938a,20171108,4,27,0,,,,13,1,1
1656,0f81495c3c274957aea06c81c360a732,20170603,5,19,0,,,,13,1,1
1657,3b4f5baeb19d4f1ba974694b9b5cf847,20170916,9,14,0,,,,13,1,1
1658,db80d9c9f6a1489daed453218d1cdd2f,20170821,7,5,0,,,,13,1,1
1659,1bd686392f2b4ea9b501b9ebeb79b2b2,20170716,7,29,0,,,,13,1,1
1660,dc939ea5ba5a4858bb6b7aadfe0f6de3,20180109,7,15,0,,,,13,1,1
1661,65cf75de09304612a19eda9423e1b097,20171224,9,13,0,,,,13,1,1
1662,125c1a367a04489ab95480cce5c8c8d7,20171214,9,27,0,,,,13,1,1
1663,f977116e3ec446a4a1a301f39ae2d882,20180301,5,2,0,,,,13,1,1
1664,520754b1099c4b6987b2339897bbd834,20171209,7,12,0,,,,13,1,1
1665,7eaeeb955bb84616b526ea29107e6446,20171112,10,9,0,,,,13,1,1
1666,c08ed076ae0b4c0898b7e8ddb0853bb4,20170610,8,23,0,,,,13,1,1
1667,1fca5cfd752348708b3157a9f88fa78e,20171006,4,28,1,20171013.0,7.0,176.0,2,11,6
1668,3ba94e3476f24f26bfbd20bb538a15c6,20171124,5,4,0,,,,13,1,1
1669,e177797a0c7d46779a731780c42beb70,20170723,4,6,0,,,,13,1,1
1670,e765b40d2bf34e65bc70f0cf21b35a5c,20180329,3,7,0,,,,13,1,1
1671,dfc871e014f945f4afd5cdd0c77957ec,20170704,7,1,1,20170722.0,18.0,177.0,1,4,14
1672,3cf2a74e0d9c4fbe87ba71f328ed780b,20171027,8,2,1,20171119.0,23.0,178.0,7,4,15
1673,6e768567bebf4950b50bf531c17a3ade,20180222,8,6,0,,,,13,1,1
1674,c1ee256a481345bfbc2f631a56de9128,20171120,3,12,0,,,,13,1,1
1675,59c411ce7b82480faa7c41236b635355,20180518,3,8,0,,,,13,1,1
1676,01a41ac3127e4496a49331c651ef0742,20180206,7,24,0,,,,13,1,1
1677,35da89625b9f4278a7e27a257738a21c,20170905,4,22,0,,,,13,1,1
1678,f4b4df50c2564aac99cca7c87e62bc66,20171224,7,17,0,,,,13,1,1
1679,de10bb7bb3904231b22cbc179254e81e,20170923,4,9,0,,,,13,1,1
1680,19f25b9d4a3d4a99b5e5c067b91137b4,20170612,1,6,0,,,,13,1,1
1681,b42b8785962b4f588ff3534f5d0e1e88,20170826,7,16,0,,,,13,1,1
1682,345400528bf54d30a9128592d8145a0c,20180531,6,5,0,,,,13,1,1
1683,3562d9922a36492fb84d368c1be146c3,20170620,9,12,0,,,,13,1,1
1684,b89e84c9a06d4db98e6f99e4a2178e2b,20180424,3,24,0,,,,13,1,1
1685,0562d5197e9f495fad70619b9594b73e,20180301,4,27,0,,,,13,1,1
1686,da46a49995944b05bf691ab77f5b3f95,20180401,8,11,0,,,,13,1,1
1687,6a145109ad9e41d2a25bd7ad015993ed,20170726,5,20,0,,,,13,1,1
1688,e40eaed4b99b4bbb97556083a5db1566,20170611,7,28,0,,,,13,1,1
1689,dbaf35195c4f413dbc77c41c863f54d3,20170730,9,18,0,,,,13,1,1
1690,8ec1ae1406c44cfcb540f8df26374c85,20171212,1,21,0,,,,13,1,1
1691,683ab4cb5a1e4bfa9da0b50469d752a1,20171008,4,28,0,,,,13,1,1
1692,e022db51f36d4156be76d2c9cd4451a1,20170818,9,28,0,,,,13,1,1
1693,6845f1b89796426893dbc9d922290b38,20180518,7,26,0,,,,13,1,1
1694,ab2e59e9d34444bb857f5ffba2976568,20171102,4,11,0,,,,13,1,1
1695,f873edbea4be4f97b261974033e6f11e,20170722,7,19,0,,,,13,1,1
1696,1946effef24f4e16acbfcbd0bd60fb01,20180415,4,28,0,,,,13,1,1
1697,544f2986e56842dfa8f36420dce611b2,20170810,4,20,0,,,,13,1,1
1698,9b581a9c7d5845b2808013d3679d75a6,20170724,4,2,0,,,,13,1,1
1699,07d19b70de5c48e89663d0a01f9ae145,20180413,2,1,0,,,,13,1,1
1700,ea6d5983c563435da47c7bddf2b755c8,20170729,9,13,0,,,,13,1,1
1701,7ddc4d11a4b44ac6a68134cae10c7921,20170910,2,9,0,,,,13,1,1
1702,fdda7193f8d14b40abd1fb3d03526269,20171013,7,9,0,,,,13,1,1
1703,50e9106c7c464b92972e922d065985b1,20171201,7,1,0,,,,13,1,1
1704,18904b72dd734e19925c32c688051cc6,20170822,9,21,0,,,,13,1,1
1705,33ca5c3a30334f748ead767e1f915123,20180210,7,28,1,20180216.0,6.0,179.0,4,5,3
1706,d34112a3571241ee9dda7796950a2a88,20180202,4,17,0,,,,13,1,1
1707,1205b3542ee642f39aaf82267cc98034,20170602,9,11,0,,,,13,1,1
1708,d289610c45cb44efb4560d20bde0096d,20170716,4,20,0,,,,13,1,1
1709,3767fe61f9704cacb76f3437816ce938,20180321,9,4,0,,,,13,1,1
1710,535d0109fc814a17b70f276704295d80,20170717,1,3,0,,,,13,1,1
1711,60b1d1e76aa74c1d81ee209c727b092f,20170722,4,23,0,,,,13,1,1
1712,17f9bcacb5574cd9931fad9b844e5f4e,20170927,4,1,0,,,,13,1,1
1713,9ae4831f2a09483bb773091563211109,20171014,3,27,0,,,,13,1,1
1714,23d8019d1e614da6ae9d8dc43d6de53e,20170722,7,10,0,,,,13,1,1
1715,0af10507350548b286e1ae6ff13b21b0,20170621,4,16,0,,,,13,1,1
1716,ff236816743f4f23b3aee980ba8ca1ce,20180513,10,15,0,,,,13,1,1
1717,e3a7f260a3354d27926c3d9b956e5e57,20170730,4,10,0,,,,13,1,1
1718,fd590bd2eb2f4de6b9eea9ef0dfccf60,20170624,1,10,0,,,,13,1,1
1719,c6de24749c434ba4a67ae86e5889d203,20170810,10,7,0,,,,13,1,1
1720,07d50c9b36a049e98f1cfea8cd69e3c2,20171116,4,12,0,,,,13,1,1
1721,d21849a2495745c0be4c0c1333371a8a,20180111,4,19,0,,,,13,1,1
1722,134b5eef83ed4e0c817a3b62c0b0c090,20170718,4,20,0,,,,13,1,1
1723,aebc796f5eaa4bfc85df5a3e009dabf3,20171123,7,25,0,,,,13,1,1
1724,d94815c0f5764a2bb4f72262371410ec,20171223,4,18,0,,,,13,1,1
1725,a18c53ece02743edbb674ba437785b14,20171018,1,28,0,,,,13,1,1
1726,b86212345b544eeab4765342c3d6038c,20180131,4,23,0,,,,13,1,1
1727,7aceeaef9e5548c58c3cfc4cc969da06,20170825,9,4,0,,,,13,1,1
1728,7c35e5b1b81f4a599c1267cfd2db5175,20180523,10,10,0,,,,13,1,1
1729,ebaa4375f75b4c32ad1c40901dca18e6,20170821,3,15,0,,,,13,1,1
1730,a87491adda7e494582c0fd8888818bc0,20180330,9,5,0,,,,13,1,1
1731,703c9481f553491296df7c044f9c10c4,20180319,7,7,0,,,,13,1,1
1732,4bfc1a03c96d48b0a3f722f751f722c4,20180409,9,24,0,,,,13,1,1
1733,4f6e3bc0f8e44f61bbb2133d24a7afc3,20171201,9,26,0,,,,13,1,1
1734,393b838b3fb646a789e477ac113e5990,20180517,7,13,0,,,,13,1,1
1735,fb0f82c933574dae83a7864b1a35c7b7,20180205,4,12,0,,,,13,1,1
1736,297ed827852542acbf58591d6e93024c,20171228,8,27,0,,,,13,1,1
1737,724e6be9eb224004be6c84808039eb70,20170703,7,23,1,20170718.0,15.0,180.0,9,3,1
1738,2ba7796077aa40c1ab2e9b10647fcd10,20171108,4,28,0,,,,13,1,1
1739,6151df30425d4d4dbd7ff2f688263d77,20180514,7,24,0,,,,13,1,1
1740,5d8a82cda54d4ac090e0899f2158f543,20180323,7,17,0,,,,13,1,1
1741,bf6da78dd01d4182ac91d1289eec9da0,20180509,3,6,1,20180514.0,5.0,181.0,1,9,2
1742,2768c8b9fe3244278814ba2196a1d8cb,20180223,1,25,0,,,,13,1,1
1743,b9850b040c8544929674cfe5b109498a,20180108,1,13,0,,,,13,1,1
1744,5542998c1f1a48a3ba494c5b84060fd3,20171125,4,30,0,,,,13,1,1
1745,46cb8b7b097643c39631bd16b2751c90,20170816,7,12,0,,,,13,1,1
1746,0654fbc9da4647e6826a15d94af3f4cf,20180410,7,26,0,,,,13,1,1
1747,7bdae6958ac842438a1589233c3bfd22,20180426,4,6,0,,,,13,1,1
1748,5c899d8784f34184bac491eddb5c0751,20180127,4,10,0,,,,13,1,1
1749,27529d2b64204767900613f9c17ea53c,20170824,1,24,0,,,,13,1,1
1750,70086b83887b4a688bda1e9b496dc69c,20180207,4,17,1,20180216.0,9.0,182.0,7,8,9
1751,bc9d80c1a5894fdebcea8547a8458cd9,20171117,9,27,0,,,,13,1,1
1752,93337ff672774254ae0cb650f7afa2f1,20180215,4,21,0,,,,13,1,1
1753,1f5e047e0c6a4776a60a759f1faa7e68,20180426,4,30,0,,,,13,1,1
1754,b851d38596af45db875bff39e8ffdaac,20170929,4,18,0,,,,13,1,1
1755,3d92be7f639645688ccd56fe4459b81a,20180114,6,18,0,,,,13,1,1
1756,0a94ed8d9a1043e79bdb0a879249a5db,20170716,3,18,0,,,,13,1,1
1757,b2c0ff57ffaa467eb3998fbd7c651b7d,20171109,2,13,0,,,,13,1,1
1758,0f01cbb060ca4a44bb3eabf510a62de7,20180501,7,25,0,,,,13,1,1
1759,b3ddfa7d32b048d896a8b1e1f9862210,20171224,4,27,0,,,,13,1,1
1760,ef51efb77dfa4ab39b4fce62fc40be7c,20180313,9,26,0,,,,13,1,1
1761,cdc10e2956ce41d0b9c45de13ddeb1ad,20170717,7,29,0,,,,13,1,1
1762,435ae224fb2c4567944d7da88b8224d6,20180423,3,12,0,,,,13,1,1
1763,050cd4e8a0494ff29ecbdcb79384f7ea,20180216,4,9,0,,,,13,1,1
1764,2a37b41350124b1fb5b9fe5e6128d514,20180502,7,8,1,20180509.0,6.0,183.0,9,6,3
1765,da603c6e67f549cfbaef85bdcc3918fb,20171204,4,20,0,,,,13,1,1
1766,e9de03ed9e5b4725b06c08eaa16c06f4,20170923,7,8,0,,,,13,1,1
1767,1cb47e6081d141a98573ff6a32becf1c,20180314,1,29,0,,,,13,1,1
1768,acfb19da391c4b8992979a5637863d16,20180129,7,16,0,,,,13,1,1
1769,b7a5c9638b1343328a9c00a6537ddcd8,20180118,7,25,0,,,,13,1,1
1770,3f5f0cbcc5d4434c8d35ed415195331d,20180504,7,26,0,,,,13,1,1
1771,acb13a7c462d4ab8a0ba2af267e57988,20171122,7,20,1,20171128.0,6.0,184.0,12,7,9
1772,cf64521eeb4c434caf2289a8359edaac,20180421,3,21,0,,,,13,1,1
1773,cb734ec74c884423a5b03940c50f0a35,20180223,8,28,0,,,,13,1,1
1774,00b12e3c46db4be8bcba10c61623b324,20170725,2,12,0,,,,13,1,1
1775,194708303e6f4dd290dae5572af6895f,20170824,3,4,0,,,,13,1,1
1776,3acefbee093642a785f1515cdbbc8591,20171227,7,19,0,,,,13,1,1
1777,7e916ba1291e427fbe4350261c88f575,20180409,1,9,0,,,,13,1,1
1778,cc70a2e983054a3a9b9b8810136e89f2,20170801,7,9,0,,,,13,1,1
1779,e4aa9c3228ae4d9cb5659233e932a6ac,20180121,4,28,0,,,,13,1,1
1780,87a1b9ad1bcb4081a8999cb501fd02b0,20171121,3,24,0,,,,13,1,1
1781,35bf5b570e1146ca8fb7d152b9eb3bf1,20171230,4,22,0,,,,13,1,1
1782,ec06708f4edf48598ecacf6444a2a3dc,20180421,5,25,0,,,,13,1,1
1783,dbbde657887f481d939d0654a4529a26,20180117,7,11,0,,,,13,1,1
1784,2f6aa89491cc46568926730b7dd74685,20180329,9,4,0,,,,13,1,1
1785,215e1ab33e2349548393ee591bd977f9,20180211,1,6,0,,,,13,1,1
1786,79c497fdf7924f28b2deb16802456875,20170625,8,22,1,20170702.0,6.0,185.0,9,7,6
1787,76320c2a66ec49269cadaa68158abea1,20180108,9,13,0,,,,13,1,1
1788,e64456c913474af881af7f410c6af369,20180216,9,28,0,,,,13,1,1
1789,73eeb01991284ffe8e6ff8f15e914212,20180324,4,2,0,,,,13,1,1
1790,5384a4094b174164a1c9553e5bc5da59,20170805,9,30,0,,,,13,1,1
1791,d3bac5555d3d440cba0a6e94e55e5b5c,20180503,4,29,0,,,,13,1,1
1792,ba2dc8209fd04dd78faff68af96b0672,20171112,1,12,0,,,,13,1,1
1793,c0fce051796a4e208fe830364b3dae19,20171214,9,29,0,,,,13,1,1
1794,b02f6815ebdc49f79a8447dbe04c59f3,20180521,1,19,0,,,,13,1,1
1795,b346b4397a7e4dbda4fecf7bbe460b75,20171221,4,1,0,,,,13,1,1
1796,33c17b44ce734acc8f12a1918021f4ad,20180118,4,4,0,,,,13,1,1
1797,4f89a24cbab04dcc96b411dedb285877,20171229,1,28,0,,,,13,1,1
1798,837c4a78452b41f3bdc612ebd22b4d9f,20180218,4,20,0,,,,13,1,1
1799,5289455f37d3415a83209f954f69b90b,20180526,4,10,0,,,,13,1,1
1800,b63e1cf1388d4ee8a48c99bddb7bf869,20171108,4,23,0,,,,13,1,1
1801,9a03c2914cc04d4a8f5b085d1c475799,20170920,2,9,0,,,,13,1,1
1802,13837f66d86b4802a6162b6c2ad1c0ca,20180416,1,11,0,,,,13,1,1
1803,7f9eac1e9b704d319a6751cc6e217731,20171124,7,28,0,,,,13,1,1
1804,5ebfbc2a877e43fe83e8b3eb38f6ffd1,20180429,7,6,0,,,,13,1,1
1805,2776b79ba91d43508c677c66cbcfba60,20180305,7,8,0,,,,13,1,1
1806,8b039a4780fb4434b68190addc3a615e,20180530,3,24,0,,,,13,1,1
1807,6fbba8bc85ad417eae6aac98bf8831af,20171128,1,13,0,,,,13,1,1
1808,34349857edbf468f86ed9ff08d8a8f06,20180326,4,11,0,,,,13,1,1
1809,87858c9e46da4d4da9901a2c42b947ea,20180530,4,11,0,,,,13,1,1
1810,d4d9e11e24f8476c99dd93db4208ed6c,20180301,4,12,0,,,,13,1,1
1811,8797cc843b734531b9259f1d6a2524c3,20180103,1,6,1,20180121.0,18.0,186.0,8,5,9
1812,8fe66bbca17e48c6ad0c0edfef72d57c,20170725,1,30,0,,,,13,1,1
1813,dc412509b93948f6b9654df31f2b1917,20170814,4,11,0,,,,13,1,1
1814,1cbd6402feae49b1bd69b1af0e2992bb,20170629,4,19,1,20170706.0,7.0,187.0,1,1,13
1815,58deab23e6b24d0db87b46966478956b,20170822,4,11,0,,,,13,1,1
1816,d5fc44d53e314451869c4f5c78042a56,20171007,2,20,0,,,,13,1,1
1817,5b60d7827c534201b2665dd0ebe223a9,20170702,7,9,0,,,,13,1,1
1818,38cbd16870294730aa6e4a16ab33d25c,20180305,1,16,0,,,,13,1,1
1819,ec8d91ee478b46a389091e43ef001d46,20180118,9,29,0,,,,13,1,1
1820,bcfe6db78b6c41f28e003fadf8ac6163,20180512,7,10,0,,,,13,1,1
1821,ae1858c9308e4f09af9726ceceda7732,20170923,4,21,0,,,,13,1,1
1822,6397ed51e9e740c79121ca5fb4bf094e,20171217,4,6,0,,,,13,1,1
1823,bd57f0b7fcb042598cd96f86d90ae2d3,20180523,9,28,0,,,,13,1,1
1824,a9a0afa34c3a4112be4fc0f854f037dd,20180507,3,22,0,,,,13,1,1
1825,b202e82153374bdea2a00a7388180555,20171213,9,15,0,,,,13,1,1
1826,50624c0f72dc448481c6a67a1ac3355f,20180517,9,21,0,,,,13,1,1
1827,a615431e4cd048a5a90ccda73bf566f7,20170628,4,2,0,,,,13,1,1
1828,9e6075cc60e245fc9c567945d76d9daf,20171007,2,29,0,,,,13,1,1
1829,83477b61c4fc4242a7c606b711c08b9c,20180113,3,22,0,,,,13,1,1
1830,2ef2e628998e478f9ccba3feadbedb38,20180421,7,16,0,,,,13,1,1
1831,a42257e76e6249f0844acded55be5acc,20180329,6,2,0,,,,13,1,1
1832,181fe8e0b17c410e885b4a756fa71230,20180405,9,24,0,,,,13,1,1
1833,c35a46682bfd4380a45b828bb3202e9d,20170908,9,18,0,,,,13,1,1
1834,c5f5ccb675bd4fa3bf2fd76550574b7f,20170830,1,7,1,20171001.0,32.0,188.0,9,12,12
1835,f439fe2ccf7b4a23b962144a6ff38e63,20170828,3,25,0,,,,13,1,1
1836,74c97a9a50d640f684ac2ea69c9f5190,20171211,1,15,0,,,,13,1,1
1837,e28d789cd79f4b689c6a97e477281916,20171021,4,19,0,,,,13,1,1
1838,19867f09972546f494dd509ae3fe2ace,20170806,7,14,1,20170813.0,7.0,189.0,9,10,8
1839,c8c965828ec7463ea5ee8cbb9084bf9b,20171009,5,8,0,,,,13,1,1
1840,d7e40d3c79d14c25992ffda5cbaaea79,20180125,4,27,0,,,,13,1,1
1841,80d02753adc1496fa24ebf99499129b6,20170818,7,29,0,,,,13,1,1
1842,cf58c2d2446b4ec29de6ea351401fa6a,20170627,7,29,0,,,,13,1,1
1843,0334f9941de94597917429e91bbfa039,20180505,7,13,0,,,,13,1,1
1844,c0586ee2d56d4900bce6b6091b6faf17,20180321,9,16,0,,,,13,1,1
1845,c8cf14222e7044ccb8cb2674d2f8e7e7,20170708,2,6,0,,,,13,1,1
1846,448a7ebe827d4bec88ed636968b124b5,20170921,4,6,1,20171029.0,38.0,190.0,4,10,12
1847,b6bc49c2aadb46059833c5468627892e,20170705,4,7,1,20170804.0,29.0,191.0,12,8,11
1848,cf68f77c305a43b7a3ef8f2c33527c8b,20171230,4,21,0,,,,13,1,1
1849,ff21a36d8edd4a7c91a684bebb441f1a,20171224,8,16,0,,,,13,1,1
1850,b1242eef37b547ffb3a51f28f694950f,20170922,9,11,0,,,,13,1,1
1851,adcbeb944a0146768b41fb2eb5a0d968,20171117,7,16,0,,,,13,1,1
1852,5e8f434f823e4de9a2180a601a646f69,20171029,3,24,0,,,,13,1,1
1853,c663d1e7ec4b45778359323d2aa6e06c,20180413,8,13,0,,,,13,1,1
1854,d250f4644ff24d81be89eb34148a0fcf,20180315,3,26,0,,,,13,1,1
1855,ee6e519de6ac4596b722e7b5cb0de641,20170729,5,18,0,,,,13,1,1
1856,7082e8b0786442a5b0bb3c89d89e5096,20171002,4,29,0,,,,13,1,1
1857,f9e4727ac1cd4128987c9141804b0792,20180415,1,27,0,,,,13,1,1
1858,cca32a2cd6b3478394713a69083b4c0e,20180516,7,30,1,20180524.0,8.0,192.0,7,7,11
1859,40d0c3a89364476780ae1dfe3938ef83,20170729,3,19,0,,,,13,1,1
1860,eceead3245d646f18e2914b4b4249ca1,20180304,1,26,0,,,,13,1,1
1861,9b5df262d319483db294713ef0ca5214,20180220,3,6,0,,,,13,1,1
1862,184618ec2a564c428116f303229c8ea0,20180216,1,13,0,,,,13,1,1
1863,6c206dd64bc742988bb11b25273bea54,20170623,4,12,0,,,,13,1,1
1864,63e496ea5f9840dd85075cd07e274ecb,20180430,9,8,0,,,,13,1,1
1865,3e664f53e96d446a9bc4e57c957456a1,20180219,10,25,0,,,,13,1,1
1866,9ab2eca51b49498db18f7ff1eeb97300,20170825,5,21,0,,,,13,1,1
1867,c42277dd32434e7c90b850d1111badb6,20170604,4,3,0,,,,13,1,1
1868,623148d55fe14392aff40415a8e1b541,20170916,4,24,1,20170929.0,12.0,193.0,9,1,15
1869,8ce5331ff05641928644ec8b7b3c6e69,20170918,4,20,0,,,,13,1,1
1870,8be9041d6bbf4344ad793fe596c43082,20170724,1,21,0,,,,13,1,1
1871,11d8b0c8e11b4c318c54ae31e3686435,20180526,3,23,1,20180615.0,20.0,194.0,7,5,14
1872,df49bce86e9849b79cc5d1f84b7b170f,20170707,4,26,0,,,,13,1,1
1873,2bcd8e0be7ed431ca0365085441d30da,20180122,9,27,0,,,,13,1,1
1874,e867317e0a964577a98b4eedf014902f,20170715,3,27,1,20170803.0,19.0,195.0,9,6,12
1875,939ea28464d74ee89eb80f0466462677,20170831,1,21,0,,,,13,1,1
1876,e2d0333e403a4eb1a23c8e0f133e60c2,20170707,9,20,0,,,,13,1,1
1877,bcbbe4b56bc84d67a537f3c3dc1d44cf,20170925,9,15,0,,,,13,1,1
1878,e7ea63df203145b1a2cde3090d5c4935,20171216,9,23,0,,,,13,1,1
1879,95a4c9b81746453a906082f3ff066e89,20171225,7,8,0,,,,13,1,1
1880,35e06bad402b4061bfb62c9ad6bd95bf,20170609,9,11,0,,,,13,1,1
1881,3e614e786544450094c214e67faa5b36,20170731,1,26,1,20170817.0,17.0,196.0,9,2,11
1882,39f42568ff4648bfb2e1a71166737cbc,20180425,8,3,0,,,,13,1,1
1883,f5a2712faad64897968fad3ca2757772,20180327,9,28,0,,,,13,1,1
1884,a8ab14c54533469fa7eb67b81285e60c,20170708,1,22,0,,,,13,1,1
1885,394f76476f494f25abadc31734532ea0,20180213,4,1,1,20180227.0,14.0,197.0,8,12,7
1886,c6af476346ba4fbca076bc99d26bbca2,20180518,7,29,1,20180528.0,10.0,198.0,6,3,3
1887,b0e3d3658b1c43adb4ad72a93d24d88c,20170715,4,24,0,,,,13,1,1
1888,2c7d6d787cfa4cea8d564c36d8b4759b,20180111,4,30,0,,,,13,1,1
1889,e4c2fbda57f54f6b940a850a26dd0260,20180505,1,13,0,,,,13,1,1
1890,46208a2bdb5340c9b1cc2a010769781b,20170820,10,17,0,,,,13,1,1
1891,cac349c57b7e43fcad9de8c2c5c19e5e,20170809,4,5,0,,,,13,1,1
1892,35d4e2c89bcc47f6bd0e83e11a248944,20180307,7,23,1,20180323.0,16.0,199.0,7,10,3
1893,04443dd2eb914610b5dd132981e0d824,20170813,3,11,0,,,,13,1,1
1894,aeef80d7bad342e5b467901a7c44b5be,20180428,4,26,0,,,,13,1,1
1895,36f3219dd9a54daf9dc9db44f2b695bf,20180311,9,4,0,,,,13,1,1
1896,1685ac89f183496887150ccc0e08cdfa,20170803,1,26,1,20170813.0,10.0,200.0,1,3,12
1897,d0bf7871a4eb4d4e90963ae21bb64947,20180321,9,30,0,,,,13,1,1
1898,d22c225bfe234fbbb3917d0b4127708b,20180303,4,3,1,20180318.0,14.0,201.0,5,2,13
1899,b15b454a019a45dc891137d1f04f8d55,20171104,7,2,0,,,,13,1,1
1900,5dfdc6da0aa048e2a98e997658994a7b,20171124,3,15,0,,,,13,1,1
1901,13299bc0c8074e17ac2b989799e83695,20180427,9,4,0,,,,13,1,1
1902,efdb49aa7dd540e8b545e3b6f26a24ac,20170822,4,17,0,,,,13,1,1
1903,618c5294cc9646b2a0f0c3cf28920ea4,20180412,1,9,0,,,,13,1,1
1904,3aa81e84b9fa4e92bd52fa7c71aa7539,20170729,4,11,0,,,,13,1,1
1905,7eea7684859f4bbcbe4dc4ccb881abe9,20180318,1,10,0,,,,13,1,1
1906,050d74e68c81436c94fa81eeb4773d26,20180309,4,23,0,,,,13,1,1
1907,f310da1c32d74986b8f90aada7b94ae5,20180309,2,1,0,,,,13,1,1
1908,3cfa81297ce04d9085e1485c24024490,20180510,7,19,0,,,,13,1,1
1909,a93458b041af4ccaa2b24e6978175b1e,20170721,7,2,1,20170729.0,8.0,202.0,7,6,13
1910,a3f9b6d258f64e038c949df850f39e60,20180325,4,8,0,,,,13,1,1
1911,02b5a65998e3438da54e9df6d9446c62,20171130,7,11,0,,,,13,1,1
1912,7e2e3c9785c2470a99157b819863e90e,20180502,8,25,0,,,,13,1,1
1913,3e59f7c9f5af4dd4b0592d6378b9eecf,20171024,10,3,0,,,,13,1,1
1914,2dd92f05624448049907e9ba25b1e613,20170908,7,13,0,,,,13,1,1
1915,446e6b60c7d1445c9404a62001e8fd4d,20180117,7,29,0,,,,13,1,1
1916,e64559cc1bed4050b8db7185963fe8d1,20180504,1,28,0,,,,13,1,1
1917,c681e5a25fa64471a909bc51115cc958,20180327,8,14,0,,,,13,1,1
1918,5816955995f54c9ca0d706a43527cad2,20180318,9,5,0,,,,13,1,1
1919,eb061883182747049c8c6d4c9a06fee1,20171109,7,7,0,,,,13,1,1
1920,28c055fe65d14767b40094e91cd3552c,20170603,7,17,0,,,,13,1,1
1921,3b3f194c7877437a8aab794b8d802f1b,20170922,1,15,0,,,,13,1,1
1922,bf54e431a7f84bb29bf33f5c4c29036c,20171020,4,4,0,,,,13,1,1
1923,91910be6ca42486f9e59546acf410580,20180514,9,12,0,,,,13,1,1
1924,3a5c4738981b493684c01b31b1282cd0,20180201,7,18,0,,,,13,1,1
1925,b794ad01f932432ab797213ae4ffe859,20171201,3,13,0,,,,13,1,1
1926,b480d01dadc245589315f0fb8bdde09d,20180310,4,7,0,,,,13,1,1
1927,a2e3945c9a574b7782afa7822fb93e64,20180427,9,3,0,,,,13,1,1
1928,cad7d8e05bff4db18ecbc21eb5567eb6,20171022,7,12,1,20171102.0,11.0,203.0,6,10,14
1929,46cb252a17a24ae59df6de05d28f677f,20180303,9,19,0,,,,13,1,1
1930,bd8c9c3199a447b3bc28d92d27460089,20180417,4,2,0,,,,13,1,1
1931,0d984450349c4da985736eb3a36fb20b,20170709,9,10,0,,,,13,1,1
1932,d3321a957c964cf19e1188c0cac82957,20180215,9,26,0,,,,13,1,1
1933,d43bacf5f4774305bfcab5fe61fa23a1,20180325,9,30,0,,,,13,1,1
1934,a047955b428c4a38a8a556acc1c7a6ac,20180330,9,22,0,,,,13,1,1
1935,ca22523ce76c4976a0d844aa141cf76f,20170619,1,19,0,,,,13,1,1
1936,bed85673a2d14ee088be596f9a0e3ea2,20180306,3,13,0,,,,13,1,1
1937,e40745bd6b14432aa2f71ff24816178c,20180501,4,16,0,,,,13,1,1
1938,f549c9996d2446ed88591f681225d1e1,20171218,3,12,0,,,,13,1,1
1939,51fdd3504159471b8facc7261d4df13c,20180329,7,4,0,,,,13,1,1
1940,e0bcefe6c9b74e86a266662c6421b76b,20180124,4,6,0,,,,13,1,1
1941,11e3d702e6124e318222b6c05294613f,20170717,4,16,0,,,,13,1,1
1942,45ebcc83c66d428c8f44c8b9cb3a9ccf,20180213,7,11,0,,,,13,1,1
1943,48f35316ae4f44fdb7660e19ebbdecda,20171001,3,11,0,,,,13,1,1
1944,bf1f01e2d1dd463c8f2cf488875ecd5e,20170824,1,4,0,,,,13,1,1
1945,02f1b8e525554eb6a5ae4cc8256f9b52,20180115,3,7,0,,,,13,1,1
1946,9c5b7327b6fa46cb9c45a2a9e359f72d,20180317,9,11,0,,,,13,1,1
1947,03b9ef5be19741b387be2785a22c807b,20170814,7,16,0,,,,13,1,1
1948,e1a5daafacd54f0c8c3ed7dff18ba686,20170621,4,24,0,,,,13,1,1
1949,8bc427ffc8134178ae86781af9714b57,20180205,7,3,0,,,,13,1,1
1950,8519f1a69a53475b837a82b0484da5be,20171014,7,17,0,,,,13,1,1
1951,a23ea474af3e451b9679a7d78ab22175,20170622,4,6,1,20170714.0,22.0,204.0,10,10,3
1952,b465208586284882ba8ca475a85b9be1,20171202,4,13,0,,,,13,1,1
1953,f82cfaa5ff5b482a8425446f35ebcdd3,20180119,9,27,0,,,,13,1,1
1954,3695c79abd6a4da39189e8efe3a350dc,20180429,1,25,0,,,,13,1,1
1955,7ccbaae770534dc7a2e68b6099f00814,20180527,10,23,0,,,,13,1,1
1956,549c9d19de684087b579917e0a2bc68b,20171019,5,14,0,,,,13,1,1
1957,b285d9023c044400a517e1739e6f40c9,20180306,9,7,0,,,,13,1,1
1958,f3abf90c06d64e49b67cd7203b20e527,20171210,7,30,0,,,,13,1,1
1959,3538d56b1fa641619721c68041c144c3,20171205,9,23,0,,,,13,1,1
1960,19c0f7b782344786ac299fd792b53618,20170710,3,19,0,,,,13,1,1
1961,6f16051443b94a26abe90aba66c60870,20171210,4,6,0,,,,13,1,1
1962,b128d13cc5af49ca9ecf0570d7d8abf7,20171225,7,20,0,,,,13,1,1
1963,397885875d8545b0b1f7ea112eb7ed07,20171124,3,5,0,,,,13,1,1
1964,f3743dbda83d4fec8c69803a7f99269b,20180202,7,26,0,,,,13,1,1
1965,ec638e46d96446739efa4647b493bb28,20180212,9,18,0,,,,13,1,1
1966,e73a13168c264b4b91858946eb198d49,20170824,9,3,0,,,,13,1,1
1967,c785175773ce4c2390e6a3f57b1f88c6,20180219,4,19,0,,,,13,1,1
1968,50ee920d9b08456693d0413d714d3e75,20170917,7,7,0,,,,13,1,1
1969,444b940fefca4571857f54283f34a7cd,20170820,7,29,0,,,,13,1,1
1970,0c04ae9127e342eb817dac6e0d83477c,20170731,4,15,0,,,,13,1,1
1971,7f45244c1b0c4e329e39efc472a8a809,20171117,4,13,0,,,,13,1,1
1972,aebff22cefad4767b33482850f243fd6,20180512,3,13,0,,,,13,1,1
1973,a094ddc370424b278c782363977253fe,20170916,4,7,1,20170927.0,10.0,205.0,6,4,13
1974,2c4f22e449ef414797278be6cb2b7857,20180428,9,26,0,,,,13,1,1
1975,22974dc21eb5480bbe0673978232f96d,20171003,7,4,0,,,,13,1,1
1976,963818b0374c410c9dab04b5af7b61b8,20180321,2,7,0,,,,13,1,1
1977,6d95bde50fd947aa94a7ef8b3d54cea2,20170808,4,6,0,,,,13,1,1
1978,1acf7929367647d89ac6d32dad3677fe,20170621,7,4,0,,,,13,1,1
1979,f5fb371a1fe3483ab0e0b0d499f9d821,20170629,8,19,0,,,,13,1,1
1980,c3d8f58c56584b888bc219bebfc5a6bf,20170901,3,30,0,,,,13,1,1
1981,6ccad1313b554025900af57c3f78e376,20180403,4,23,0,,,,13,1,1
1982,3b937c76536345d2967a5170c84db688,20170610,3,3,0,,,,13,1,1
1983,e63ed6ac38444546893047b34e9037b9,20170919,7,29,0,,,,13,1,1
1984,15b6dfc0dc2948aa89f3baf804b9c5d1,20180128,7,7,0,,,,13,1,1
1985,0f1c3e2fe9c64c208fdef8252c375c2d,20170921,4,29,0,,,,13,1,1
1986,fa5b1e8e8a194f56ab4f5eab6dd568ad,20170813,4,20,1,20170827.0,14.0,206.0,4,11,10
1987,a8e7a155b4124467aea5d5622578a3dd,20170902,1,11,0,,,,13,1,1
1988,56e57a312b144c868de59bd640a35ed1,20180217,7,7,0,,,,13,1,1
1989,951de1a2027b4e30980ddad7fba90ca6,20180518,7,22,1,20180525.0,7.0,207.0,3,4,10
1990,7cc047f1cd9443aab359817cb7ff48f4,20180119,1,14,0,,,,13,1,1
1991,4f7215397ef64a6b949589dbb8548139,20170706,1,30,0,,,,13,1,1
1992,7f5a79fc54334d6892dcd184edede5a1,20171215,4,25,0,,,,13,1,1
1993,64bce711adef4a3597d85751936fbd4b,20170609,9,6,0,,,,13,1,1
1994,5815a421248e49899af869eb2998927e,20180214,4,20,0,,,,13,1,1
1995,00ce1d54994a4771870c22a4dda1becc,20170816,1,25,0,,,,13,1,1
1996,c2d75bf4d8374884bcf580a8375ceabb,20170830,1,12,0,,,,13,1,1
1997,dabea5913e9147cb829525472913af2f,20180411,2,27,0,,,,13,1,1
1998,46fa2abe34c740219e68c833905a291f,20180228,4,24,0,,,,13,1,1
1999,82c3b34b3f5543a0bf600b376dc0ddfa,20170731,4,13,0,,,,13,1,1
2000,07523e77445f40c19e793a7a124adba6,20180504,7,12,0,,,,13,1,1
2001,18e97173e9e64d74b3408d9b36c9ed40,20180405,4,20,0,,,,13,1,1
2002,a0e4451de5954fccb9c84f7d6628cde3,20170601,4,15,0,,,,13,1,1
2003,4d13742489594a17abebb7805b4c62ef,20180223,5,16,1,20180311.0,15.0,208.0,10,8,15
2004,0bc83cb8556d49e78dc3e8a4befce63c,20170623,4,15,0,,,,13,1,1
2005,3c0fd62b898b400089664c56e27380a7,20170926,4,5,0,,,,13,1,1
2006,61c352af8af64b0693d511f08be8e064,20171213,1,14,0,,,,13,1,1
2007,f613612827704f8e8402bd71e7a10d67,20180523,7,25,0,,,,13,1,1
2008,020bb1b0ecc04ee8b39fb3f825c58ef5,20180104,3,19,0,,,,13,1,1
2009,634bde21c48540e8be444917f99d3061,20180131,4,22,0,,,,13,1,1
2010,810984b40ece4dd2ac0ee3252fe4e286,20170713,7,29,0,,,,13,1,1
2011,30f8d6ba05884e199bc1b746e1623411,20180306,4,19,0,,,,13,1,1
2012,ad4d8360ed924696a0f44e1f19f4f559,20170905,4,28,0,,,,13,1,1
2013,75db7c1fb2694742b81b57632d4d83cf,20170604,5,6,0,,,,13,1,1
2014,cd597fa2b8d9431692e8285abebec19c,20170731,4,26,0,,,,13,1,1
2015,e340de76c48d4ba1a6e0801cc4a57066,20171210,9,9,0,,,,13,1,1
2016,d012582f91f94f4393c26c9916940b67,20180519,7,15,0,,,,13,1,1
2017,159792b31e5b4d3e8d9ef8f01e36499b,20171203,7,4,0,,,,13,1,1
2018,6ea84f6105854d40b65c16e053752583,20180105,8,14,0,,,,13,1,1
2019,325498e1c8db45d28bd8afd36496f427,20171008,4,10,0,,,,13,1,1
2020,8d9e33a02a2d4cb897f6af8780eaabde,20180302,1,14,0,,,,13,1,1
2021,d3926aa8ab04489a9bb812cbfeefe5b5,20171205,2,19,0,,,,13,1,1
2022,6885506d05614a01ac282c4b6aeed0b1,20180515,9,24,0,,,,13,1,1
2023,e30dc736dbd5459c843d3cb8655b6687,20170913,5,21,0,,,,13,1,1
2024,5ba7860f0be74a17a7d4c48b4e2b83d3,20180313,4,7,1,20180401.0,19.0,209.0,1,12,7
2025,f0556f2f558b42ffb05f08f889fa5eec,20171207,7,21,0,,,,13,1,1
2026,b1cee23100444225bf008b82e481562f,20180203,4,1,0,,,,13,1,1
2027,ce42d6fd7df34d438c8e1d8144b06341,20180323,1,24,0,,,,13,1,1
2028,9c07852a444349c4853cc0770beb599b,20180528,10,2,0,,,,13,1,1
2029,a221cdffca7940c6be949d971bc962e9,20170810,4,2,1,20170920.0,41.0,210.0,3,12,8
2030,a963fdbc823c4d49a7c1e188f4d1a0e0,20170926,1,5,0,,,,13,1,1
2031,f96fac2c13b247c5b27783d73c578925,20180525,4,25,0,,,,13,1,1
2032,ea8c9b45547e4a709f1a27d38668ad77,20170918,9,30,0,,,,13,1,1
2033,b5516628108141aa81e8b1aded49306b,20171121,7,29,0,,,,13,1,1
2034,99fbc776ca0743949881c32a42a9820a,20180523,6,7,0,,,,13,1,1
2035,6fd46a18e4a94805a00a2f3fb352e079,20171217,9,26,0,,,,13,1,1
2036,8d634ea07a20445c84f7abde8893c3b6,20170717,7,13,0,,,,13,1,1
2037,29c027bdf1bf4d53b43cd5b6c01e4c3a,20180404,4,3,1,20180419.0,15.0,211.0,2,8,11
2038,869c27e943cc44778ff4615543785933,20170703,4,17,0,,,,13,1,1
2039,a1c6b910ae1149539915d5da11ae45f1,20171207,4,29,0,,,,13,1,1
2040,e204a61539af43d4a868e674bc6362d3,20170620,4,22,0,,,,13,1,1
2041,fd27fbd085aa426bba21ead47a72306e,20171223,8,23,0,,,,13,1,1
2042,3151e4a87a2a4352a230f18c29aa4305,20180222,9,28,0,,,,13,1,1
2043,4a99d96d8b1c42f791a896d7ec59a442,20180402,9,24,0,,,,13,1,1
2044,149c76aa9f424daa92f37abc2407ef28,20170829,4,13,1,20170911.0,12.0,212.0,7,7,10
2045,5fb9eadf8f6548b5a7279731457648f4,20180111,8,9,0,,,,13,1,1
2046,2a2e120d943446f7b146843f9307b82f,20180503,1,1,0,,,,13,1,1
2047,3daf872c5d8b44c2ad994937105be016,20170908,4,5,0,,,,13,1,1
2048,9d5e6b543f27477eae1c4a438eac84b8,20180403,1,6,0,,,,13,1,1
2049,78bf8198de44437b8b95ad0e6c890067,20180524,9,29,0,,,,13,1,1
2050,6b4b2f2fc7c644f3874b03dfacefa3c1,20170826,4,16,0,,,,13,1,1
2051,88631135e9d845739dcbc3f620c13795,20171001,7,26,0,,,,13,1,1
2052,d6260021b31b4913bb602917f8252735,20170820,7,19,0,,,,13,1,1
2053,83b5e371f7ef4732b251bbe3bebc7377,20171222,4,11,0,,,,13,1,1
2054,bd38e9f7c0f948529833b6f188f4f8d4,20171220,2,14,0,,,,13,1,1
2055,8405c8f7799441fca812348a7fa80461,20170911,3,26,0,,,,13,1,1
2056,411e11a3c5f24a50a6cf60bec38602c9,20180527,1,22,0,,,,13,1,1
2057,38524bd15183402f83d450e6bd25b46a,20170717,7,1,0,,,,13,1,1
2058,10ba2bc79d764b50b27671f099094515,20180314,7,16,0,,,,13,1,1
2059,de045e17d6094f3d8e730e9039ced9fa,20171125,1,17,1,20171212.0,17.0,213.0,1,9,6
2060,27c7a56cd6894308b28c5ed618dfa6bb,20180407,9,18,0,,,,13,1,1
2061,1bd504e443d34a3cbf594f4626ae50b4,20171224,4,26,0,,,,13,1,1
2062,67f153f632a14f769d7862b731e8e23c,20171012,9,15,0,,,,13,1,1
2063,f0c0dd0dab66488f90d822fd5dc49a50,20180215,3,21,0,,,,13,1,1
2064,a62c7e9a467a4bd9a5a9125e75ee98b2,20170708,7,1,0,,,,13,1,1
2065,4d67138efb454e948d11c7cfe474b83f,20171122,4,5,0,,,,13,1,1
2066,d04b5ed816c54089ba9f0d5dd8719768,20180218,3,12,0,,,,13,1,1
2067,9f2b8229a01a447d8879c1775cc86710,20180303,4,19,0,,,,13,1,1
2068,80af6afb9f5b4605a0475718aba35e58,20180522,4,30,0,,,,13,1,1
2069,204fc84e206f40e0875bf06baad74935,20180316,4,24,0,,,,13,1,1
2070,1ddf39ffe83649e4a135708d4e14f061,20171003,7,24,0,,,,13,1,1
2071,29eb12e8c91545fe87f0ab49f09f67c8,20180121,1,12,0,,,,13,1,1
2072,5486ef2bc4fc4ca2bba4d43d971302cd,20180328,9,13,0,,,,13,1,1
2073,d0928291a46643bf85d31ce1819ef2b1,20170730,4,3,0,,,,13,1,1
2074,eef7806f3f1144608e5215597ee079ad,20171213,8,5,0,,,,13,1,1
2075,12f89f3a48fb427a94f5679679dbf362,20170921,8,5,0,,,,13,1,1
2076,7461a8067310453abefcf322ab0cc6f0,20171109,8,16,0,,,,13,1,1
2077,226fdaa54a03470681d122ad2e20711f,20180220,4,26,0,,,,13,1,1
2078,3dce3708337c4737b2045272cc1354da,20180525,7,17,0,,,,13,1,1
2079,8146eab0b971485ba2de1ae85e9bd71f,20171026,10,30,1,20171111.0,16.0,214.0,11,9,1
2080,7fc35a0188a449468e7811585dfbb215,20180511,3,3,0,,,,13,1,1
2081,4fe4e41908c54d50ad941905c1e87d6d,20180311,4,13,0,,,,13,1,1
2082,ad0d307c65524d549763c1580b4d10ea,20171108,4,9,0,,,,13,1,1
2083,a9e38e4f7af845cda1714fc10a32dac4,20180321,7,7,0,,,,13,1,1
2084,5e0e90d70a744ecb8299357ae4c3f441,20180516,5,13,0,,,,13,1,1
2085,178af3c4d1004a15ba7d0c752f93a7aa,20170911,9,2,0,,,,13,1,1
2086,57b79c4aa4e042ffb0352deda67fd2b9,20171002,7,9,1,20171012.0,10.0,215.0,6,5,15
2087,e9ec08502ffe4976823ebf0cc7f5e88e,20170926,4,20,0,,,,13,1,1
2088,966cfb015132480fbbb859917b477554,20171006,1,16,0,,,,13,1,1
2089,22b7a18de3e64980b8c8c2ff6946250d,20170819,3,25,1,20170911.0,23.0,216.0,8,5,3
2090,c15998f9b448476f9ab7e4b786acbcf9,20170711,7,29,0,,,,13,1,1
2091,6e2647821f564292a8d6801397c0262a,20170604,3,27,0,,,,13,1,1
2092,760462d3ca8f4d51bf8c133b4ac2f81a,20180202,2,29,0,,,,13,1,1
2093,5c52ee6d9a204358bf829eef4a80f267,20171109,4,12,0,,,,13,1,1
2094,d8e6359068624402a4a1db2e75ddacfc,20180322,9,13,1,20180404.0,13.0,217.0,6,9,1
2095,05f04a8ca1954cc8924c3c8ece22210e,20170902,7,19,0,,,,13,1,1
2096,b52c8219cd6f4428a97ab05579985d6e,20171221,3,24,0,,,,13,1,1
2097,c644a528819a471bac37062444f99195,20180323,9,27,0,,,,13,1,1
2098,c6f329c081404a61bfd739f1dea0dba2,20180225,9,13,0,,,,13,1,1
2099,5b1486c2b6604192acfc8bd3d420c09b,20180304,3,6,0,,,,13,1,1
2100,b05fd13a8fa6449aa6ca7a7eed0aba4b,20171125,7,10,0,,,,13,1,1
2101,f286bcc72a6642c19ecd402e6655c8c6,20180518,5,18,0,,,,13,1,1
2102,8112974ec84449d2aaf95430297895c3,20170801,9,18,0,,,,13,1,1
2103,5501b38a11444e1c9f78861a0d88ef0d,20171109,4,26,0,,,,13,1,1
2104,28e50b6786bf4ec5acb306f14f6e19f3,20180512,1,30,0,,,,13,1,1
2105,c47219796acd4988a4cefb27ec0e644b,20180325,3,8,0,,,,13,1,1
2106,393d1b6fa15f4512b84a7a0781c56089,20171203,7,10,0,,,,13,1,1
2107,fc967d079ae94061b42f6ac1680cefe7,20171011,8,21,0,,,,13,1,1
2108,3ba6d859b66d48ebafe605aa8ed1d394,20171013,5,19,0,,,,13,1,1
2109,8c435d124404472fbe2f5ea11c0bb66e,20180128,4,8,0,,,,13,1,1
2110,1f4580d872f04cf994f7bad841254722,20171205,10,13,0,,,,13,1,1
2111,e899f3a04217413f9f579b334000e126,20180104,4,15,0,,,,13,1,1
2112,77c847a452324d4c976272a304e5ba0b,20180525,4,16,0,,,,13,1,1
2113,a0d3e707744c44f8bf196109f777047c,20171223,4,18,0,,,,13,1,1
2114,e481ed986aa749acaadfb96603ef4aad,20170901,8,4,0,,,,13,1,1
2115,6e01a564a8224803b9d8c48d9dc9195c,20180322,1,20,0,,,,13,1,1
2116,87d9a6d8eeab41e9a6251cd6ff2705b2,20170722,4,5,0,,,,13,1,1
2117,9bda662e85bf4a2ab9da52c7e6e3d1cb,20170929,7,15,0,,,,13,1,1
2118,6dc1a03339d4434aa1277130c168109e,20171213,9,4,0,,,,13,1,1
2119,6e3f6e1726b847348171284d5f45b03b,20170816,4,5,0,,,,13,1,1
2120,14f06bb6f94340ba83b47a3d6b82fe88,20170605,8,15,0,,,,13,1,1
2121,2f26d39235f24beda10ebf64361f7875,20180211,3,12,0,,,,13,1,1
2122,2438420a7ec44edabe4fbbfad48ad127,20180419,9,21,0,,,,13,1,1
2123,78194420c5864a47b2f7c95984b58cf5,20171109,2,1,0,,,,13,1,1
2124,eabf814802394debaacf375266198ce6,20171007,7,10,0,,,,13,1,1
2125,9a6343b1485a4026a8def24c6839683f,20180318,10,30,0,,,,13,1,1
2126,60b958bf7a9547c7812d2b13ff43a302,20170721,1,27,1,20170817.0,27.0,218.0,9,12,12
2127,a517756a674c42249dda35e8478347be,20170919,9,13,0,,,,13,1,1
2128,baa2f681d4d6402eaf5663edc0fab5a5,20180419,4,18,0,,,,13,1,1
2129,a9a7962e27ee4de09ff4f0a51ba7f980,20171119,8,16,1,20171219.0,30.0,219.0,6,6,4
2130,cee9ba2fff5d4cc38b41ba65f6aff52d,20171202,7,21,0,,,,13,1,1
2131,10f98212b2d04b74a78ff4722c7ae096,20171010,4,26,0,,,,13,1,1
2132,cdd996e879924b31a560829e354e8c40,20171228,4,16,0,,,,13,1,1
2133,2452ac80293d4282af0fe9aec96c5abf,20180514,9,9,0,,,,13,1,1
2134,f50b9b8118334113a2fada70ab513beb,20180323,9,23,0,,,,13,1,1
2135,028aa4ef62544af7974b926f98221515,20180429,1,7,0,,,,13,1,1
2136,2b41f693c646493eac17a8e2940ad2cc,20171024,8,8,0,,,,13,1,1
2137,669a4d74a8bf4ab08ae581b504613c79,20180511,4,13,0,,,,13,1,1
2138,7716ca0713964fcf9a24b46f2694ee84,20180115,1,30,0,,,,13,1,1
2139,229ae44a36c24867ba4f2fd457a89458,20180411,4,18,0,,,,13,1,1
2140,7ec579f39c1e4bffb324d326a0f42fbd,20180420,8,10,0,,,,13,1,1
2141,8315e3c198c046b996400943a0c5585e,20170825,3,5,0,,,,13,1,1
2142,a7a3dae966324e1a9ba416b30437d416,20171120,9,23,1,20171220.0,30.0,220.0,12,11,4
2143,fb8118dacd134f0cbedbfd02c269df14,20180410,1,30,0,,,,13,1,1
2144,8307953a26c147cf9d634293c274fe89,20170707,7,7,0,,,,13,1,1
2145,b114af5394f045daab3bd833f053bcb6,20171123,7,8,0,,,,13,1,1
2146,e957506b422a4cc994ef38d0fc2090a3,20171110,3,1,0,,,,13,1,1
2147,65e9f2455efd4a1b9bf827406983b093,20180530,7,29,0,,,,13,1,1
2148,cd87745a2f484cb7994667bcba14795b,20180427,7,19,0,,,,13,1,1
2149,3febcc46db97404ba067fc9ac8e1a45d,20180114,7,2,0,,,,13,1,1
2150,95cd175b5aa54cb5a8bc249bc5fc43c0,20180328,3,18,0,,,,13,1,1
2151,d1b4d6837a4642819fae56d6e1840291,20171229,7,7,0,,,,13,1,1
2152,2abd4075c51043b784969428c6d0b7bd,20170612,4,2,0,,,,13,1,1
2153,cf2e7275d3e2452da78ac60ca189fcf2,20170929,1,2,0,,,,13,1,1
2154,7d83a0e896dc4a61acab48dd29f89ba1,20180525,3,9,0,,,,13,1,1
2155,9e27317483f143b9aa111417b606904b,20170825,4,25,0,,,,13,1,1
2156,1c15462db6f54265948011a6eaded211,20170719,4,22,0,,,,13,1,1
2157,d4e2dcfb808144828044670b9d14a218,20180129,4,27,0,,,,13,1,1
2158,141e54ac3aeb4673921c5a3ba0016bd5,20170614,7,6,0,,,,13,1,1
2159,ce3e3169ad314940b80ebea9e5a777f5,20170713,7,19,0,,,,13,1,1
2160,ba1c2c4452604996afd2ccd833b6e175,20180413,1,3,0,,,,13,1,1
2161,56bd87c250594fc1a366543724226059,20180502,1,1,0,,,,13,1,1
2162,e65013b918904743807dcc2cd45ac8b4,20170926,9,2,0,,,,13,1,1
2163,3d4a2bc0493946fc8fe24fb4caaa4cdc,20171024,7,23,0,,,,13,1,1
2164,a1fa53165f354eb286d015527698fc87,20170804,3,6,0,,,,13,1,1
2165,6168811074cd4b47bc1b62af9fb2446e,20170827,7,27,0,,,,13,1,1
2166,a80f588228bb4320a795bc805908df27,20180506,6,10,0,,,,13,1,1
2167,6465ea6238bf47f3a6a9b1eea75d3a11,20171114,9,18,0,,,,13,1,1
2168,b62cde21794a40399b6e43d5b3ec59e5,20180304,4,21,0,,,,13,1,1
2169,885212c5e28242998609ffccb09842f7,20180114,1,28,0,,,,13,1,1
2170,bbb7c3600b114aa7a88ca7529ac3f01e,20180304,7,14,1,20180310.0,6.0,221.0,1,9,8
2171,b915155207f34a7c92a37294099ed546,20180402,1,23,1,20180514.0,42.0,222.0,6,5,12
2172,e9dd997d0310458eaa3cb4e1d51593c4,20180422,4,15,0,,,,13,1,1
2173,dc54a90d2d324ad994d33b0f45aa7d70,20180224,4,23,0,,,,13,1,1
2174,1577dfaf7a4d46b9b2eeaaccc4f8de6e,20180301,8,22,0,,,,13,1,1
2175,6a960254931e470f85013b5a2ebee872,20171125,4,21,0,,,,13,1,1
2176,0dbe9fae75ed402c8091935d69a393db,20170925,3,18,0,,,,13,1,1
2177,2741a4a348274fb99d0cce98fe29c2b9,20171105,4,15,0,,,,13,1,1
2178,522cd79e91aa417a97a74f22c6777220,20171012,9,1,0,,,,13,1,1
2179,ff5277e689484ea285422f4f0208296e,20170606,1,6,0,,,,13,1,1
2180,05b2414b71704dd2b0b942ee28f6ac6b,20170809,9,1,0,,,,13,1,1
2181,a31528056d8d46e0983dca1302cc7397,20180127,7,26,0,,,,13,1,1
2182,05b571e5e03944cdb199f7aea4515112,20180519,4,24,0,,,,13,1,1
2183,49ea63dbe25a4ca6b0a9601f6d9c1113,20180131,4,26,0,,,,13,1,1
2184,c8717bb03473490cbe95992529a681b1,20180107,7,29,0,,,,13,1,1
2185,16d7a9f108b64cc690026b202b7df338,20170927,1,21,1,20171019.0,22.0,223.0,1,4,10
2186,d1982222dceb405c8933f1adaec6d8ab,20171209,5,15,0,,,,13,1,1
2187,4a7b266381fc47bda1bb8b4c745d3ed1,20180315,8,30,1,20180321.0,6.0,224.0,10,12,1
2188,4f53d5dde2944a9bb4b13fd8fd7e045c,20171006,1,28,0,,,,13,1,1
2189,60c0c26483e74b039aa785516402b223,20180427,3,20,0,,,,13,1,1
2190,25c4c13bd93e4882858e5524df1d23b8,20171211,1,19,0,,,,13,1,1
2191,2fa0a0919d7540bcaf98a2d8fac17964,20170711,4,23,0,,,,13,1,1
2192,5b6396ff004a459c8d4cb0b76a050e6c,20171001,5,24,0,,,,13,1,1
2193,64b337b150894cbc83a9ef96482057b7,20180410,1,1,0,,,,13,1,1
2194,3ef1b77196c44f7eae596f9f946755ee,20180429,9,5,0,,,,13,1,1
2195,25018c950b594514884da652787322b5,20171016,4,9,0,,,,13,1,1
2196,a9c910e761a247a5b3d3b86f63ec6eae,20170706,7,4,1,20170723.0,17.0,225.0,10,7,1
2197,50b3628445a0407687278c39146a65d7,20171027,7,23,0,,,,13,1,1
2198,35f9a84dd30c416a9dce3ac602b50605,20180120,8,18,0,,,,13,1,1
2199,25c8c3a7159843d6b6086807c859e9c3,20171018,9,13,0,,,,13,1,1
2200,1794dec1cc9b460c88ec61cd0c0f4fe0,20170905,7,26,0,,,,13,1,1
2201,985b6bf4aed84d249b130c735de8cfd5,20170817,6,21,0,,,,13,1,1
2202,584445325b1b40d4a2448f41e04a1fbf,20170612,4,25,1,20170621.0,9.0,226.0,11,8,5
2203,f69f15c30cb44b689c89c41b7304c9aa,20171023,7,4,0,,,,13,1,1
2204,a5cf070eab9b431d95f802487ae8b197,20180111,4,17,1,20180205.0,25.0,227.0,9,3,5
2205,56421c37ae5b42ae84443b732cadc4fa,20170717,1,26,0,,,,13,1,1
2206,ba4936aea1bd407daad1de059fb9cba8,20180208,5,8,0,,,,13,1,1
2207,61aa1ffeb74f4a369991d70422b56f30,20180102,7,5,1,20180128.0,26.0,228.0,10,1,2
2208,93b3cf59670745288521aa79c3b808e6,20180211,8,18,0,,,,13,1,1
2209,d5e77418b6eb4026bb67705e1cffa423,20180523,7,8,0,,,,13,1,1
2210,9a4931835c524ca7951291029021bec2,20170712,5,27,0,,,,13,1,1
2211,f64c7c057554484b8bbc635820a5edd1,20171015,1,3,0,,,,13,1,1
2212,185380913c564756a5a8a25ca4885ad4,20180306,3,7,1,20180317.0,10.0,229.0,5,12,2
2213,86e0671a803e4884b2347db43ee6253d,20170907,4,20,0,,,,13,1,1
2214,b0c0a55c39434319ab39eb3944ce942d,20171213,2,25,0,,,,13,1,1
2215,8236535606714eb1b7796641a2cee0ed,20180601,1,30,0,,,,13,1,1
2216,1fc2ad904c8a4dba909f0eac8f80b290,20180113,7,2,0,,,,13,1,1
2217,c8a40039d3004ead8d16b5fd40ce698b,20170618,3,18,0,,,,13,1,1
2218,395da3e5c5e543168c829043f8c01554,20170719,7,11,0,,,,13,1,1
2219,f913a1fbdd9c4f4e8e63e751e1059f5c,20170915,8,30,0,,,,13,1,1
2220,2153dd50751443fa86edcc4a5ccd8891,20180515,4,22,0,,,,13,1,1
2221,ed4b056a79e34e09a3ad79596036f86d,20171113,1,23,0,,,,13,1,1
2222,9519717798b546b88615153013eb071c,20170622,9,6,1,20170721.0,29.0,230.0,12,8,2
2223,d29ec04e1cb2475d9c6f41b59fd298b0,20170802,4,13,0,,,,13,1,1
2224,9b93b7163f61445d9501170860683982,20180423,4,9,0,,,,13,1,1
2225,0189fb623e504c889c516403d23c5874,20171202,4,10,0,,,,13,1,1
2226,e0897c3ef2d145cba2115e6025e761b0,20180508,7,25,0,,,,13,1,1
2227,172b5db392b747b7927f69f2ca24958f,20170929,7,15,0,,,,13,1,1
2228,ec24e7837348415dac8766ccc56f9de6,20171114,9,7,0,,,,13,1,1
2229,1878c447a80042658dc9ef57a9733ad1,20171020,7,25,0,,,,13,1,1
2230,dfdf97d565c0472a88fed82ea2845609,20171220,7,26,0,,,,13,1,1
2231,a55168c8e7e743369b2daead8b546ca9,20170622,1,5,0,,,,13,1,1
2232,079e36e2332d430faa0b1a14931dfe08,20180520,4,28,0,,,,13,1,1
2233,85ad008ed0a54c5d9e35cf22deed195b,20180402,5,16,0,,,,13,1,1
2234,4098745484834a63809c9f0aad32541b,20170716,8,7,0,,,,13,1,1
2235,b1e07cb5ea5b4a3fa94222730ff63663,20180211,1,11,0,,,,13,1,1
2236,99a81035c1e248d4893bfde7914b78f8,20180413,9,22,0,,,,13,1,1
2237,d45877dfca7a46f2ae33e4a1dcb896ff,20180417,8,27,0,,,,13,1,1
2238,c8f04f40db484762828fed7eed4382c7,20171130,4,4,1,20180109.0,39.0,231.0,9,6,8
2239,1d5895975ae9476fb799dbcf9f8cf02b,20180526,4,5,0,,,,13,1,1
2240,468b01b3f6f247fa8cdadb1b5caca39a,20170725,4,13,1,20170806.0,12.0,232.0,1,9,11
2241,6782bfda44cf472a9a2a0ab3e078e332,20170928,3,21,0,,,,13,1,1
2242,b63d4f95e6e84695a6b4292e4c3265d8,20180427,4,5,0,,,,13,1,1
2243,6b859ad641a34e22a0989305b7929b77,20180111,9,26,0,,,,13,1,1
2244,5618691d4b644157a176e1c8e31f3abc,20180519,10,16,0,,,,13,1,1
2245,7c930c7d690f4f289f314076db885f32,20170808,8,12,0,,,,13,1,1
2246,c4855f816ee74907b855e1a4f4a990da,20170621,9,28,0,,,,13,1,1
2247,6106765a32864e619a3db655d23d4608,20180111,4,1,0,,,,13,1,1
2248,ac7208693d5940909492e47c20384269,20180305,3,9,0,,,,13,1,1
2249,5d37aa88a84f41a89ca07afa66a1fd00,20180318,9,21,0,,,,13,1,1
2250,4ca658166ef9430baee8f679a3562600,20171126,4,2,0,,,,13,1,1
2251,b63959c830aa48deaaf7219d079d0196,20180126,4,10,0,,,,13,1,1
2252,59119f73353f4f7cb4183d5e85342dbf,20180403,5,7,0,,,,13,1,1
2253,f6f8fa56e80d4a5fb9531b3155684258,20170706,1,4,0,,,,13,1,1
2254,1dd129d361724a80a6a940b380d5aaea,20180117,3,20,0,,,,13,1,1
2255,fd74ba80369949758ba68f82a9e9872d,20171013,8,16,1,20171023.0,9.0,233.0,9,12,3
2256,2872282aa491465db29725214a6ebf0d,20180119,9,24,0,,,,13,1,1
2257,962d337493974b2e98765d6ef2adf2d8,20180423,9,30,0,,,,13,1,1
2258,df68b7f016a143a6b73d3129c67bf737,20170903,7,29,0,,,,13,1,1
2259,cb24a2b55c954cc58e4e3167c9ccfe82,20171204,7,17,0,,,,13,1,1
2260,9bb0fb408c9a47d8bd6e02cd0b81d8cf,20171112,7,11,0,,,,13,1,1
2261,55c95e8a86b24dc590eef007fd69bebc,20180303,3,9,0,,,,13,1,1
2262,280898cd7eb24ba19332240d5070605c,20180224,9,24,0,,,,13,1,1
2263,0b115cd0e84c406aa379b18dadb21920,20180310,8,29,1,20180326.0,16.0,234.0,7,7,3
2264,94dcc6e38e8c41eab149fa3a5038cfac,20171023,7,15,0,,,,13,1,1
2265,ba974f633348470887155f6e06f81523,20180425,9,25,0,,,,13,1,1
2266,9e8e599678a3499fbd971547e6691074,20170720,9,11,0,,,,13,1,1
2267,21acb5936b1f425db3dc4bb2d596f4f2,20170705,9,20,0,,,,13,1,1
2268,ba966b8f735c424298d04d692a043815,20170806,1,10,0,,,,13,1,1
2269,218f54ec451c4d48852cbd116c22a30f,20170617,4,25,0,,,,13,1,1
2270,5cce6febc9d94945845c9096bae3c412,20180204,9,25,0,,,,13,1,1
2271,68ce249af55646f4be29e8d5274278aa,20170617,4,23,0,,,,13,1,1
2272,ffb11f8c27924945bdcb38d674b9decf,20171216,7,13,0,,,,13,1,1
2273,7d5dff213b91487e84e041024f645a65,20180225,7,28,0,,,,13,1,1
2274,e9c4201e3b694a3b88eceabdeea57748,20180330,1,27,0,,,,13,1,1
2275,3b7a3ec88abf4ca78cecca85fc657670,20171205,2,29,0,,,,13,1,1
2276,153179595416431cbce521d193260856,20170707,9,22,0,,,,13,1,1
2277,fb28c52df7f6429e93ca3a4c85c9975a,20170915,1,13,0,,,,13,1,1
2278,954dcc286a5c43508f39b0e0a237f64f,20170711,9,5,0,,,,13,1,1
2279,a0fd327a08a6474186d4f143c8643130,20180424,9,16,0,,,,13,1,1
2280,e0ef0db3a40f4c42a4253244cf1f8e94,20180313,4,20,0,,,,13,1,1
2281,4be38c8d115c4166a0a57625de6d1db4,20171206,4,20,0,,,,13,1,1
2282,ca44479a7ac44557b53afef93239566a,20180412,7,6,0,,,,13,1,1
2283,aea434a8b986408a8a1925b8e5fa65e0,20170621,7,20,1,20170627.0,6.0,235.0,1,11,9
2284,47135389880f480facf6e85f738b5df3,20171103,4,9,0,,,,13,1,1
2285,a052404061984b508ddefadad6b2734d,20180221,4,25,0,,,,13,1,1
2286,efd87c4cc5b04955845974a769976252,20170927,4,30,0,,,,13,1,1
2287,7230c75394b547e1a6ac5bdd5edcf713,20170906,6,6,0,,,,13,1,1
2288,692364c5f710438cb157d9af23f7f9a2,20180503,7,14,0,,,,13,1,1
2289,78f503bdcdfd4057ab1e83717aa85540,20180417,7,21,0,,,,13,1,1
2290,d165563041cb47c8a13d55ce0c04b5ab,20180313,4,2,0,,,,13,1,1
2291,859f298aa1fb42c090765a7206a05948,20170725,9,14,0,,,,13,1,1
2292,cf88ddd525244fb686670aecb75d389a,20171201,7,28,0,,,,13,1,1
2293,ace1a82ca1414ed4b4bc33399cf8b4af,20180507,4,12,0,,,,13,1,1
2294,014b1e9321cd4a7e9d60c0c348ff063b,20170724,9,5,0,,,,13,1,1
2295,f2f9fee72ba84cfe994981683c8a2faa,20170901,4,30,0,,,,13,1,1
2296,93a19579be4b475a912865d9a2cfe264,20180214,4,11,0,,,,13,1,1
2297,bbf2b990ed414492b7abfaece4e65aff,20170820,4,29,0,,,,13,1,1
2298,763f86aeb78d4160bb0c2ba66677bf70,20180113,4,12,0,,,,13,1,1
2299,2666e509c6e0487f85f14ef2086db06e,20171109,4,8,0,,,,13,1,1
2300,d2f91f1ae45445d3970bc633f8318401,20171208,7,24,0,,,,13,1,1
2301,6a30c0f8255b4fe5bffc6bcbc05b351a,20180421,3,20,0,,,,13,1,1
2302,f4cead7d78c548f38187fb8b50e21da1,20171113,9,17,0,,,,13,1,1
2303,10bbde3e9ab64496a6164892619e88d4,20180316,9,9,0,,,,13,1,1
2304,1a3db9d2d4154915b3c7b24d006a9d31,20171210,7,22,0,,,,13,1,1
2305,c8487ff030a94272bafc51e2ec61f0e7,20171009,5,18,0,,,,13,1,1
2306,88ed1a9fee244ec7a4b8add86e32b21d,20180116,7,26,0,,,,13,1,1
2307,6a6aa7b2cd5e43b9bfc0fa255c192592,20170618,4,29,0,,,,13,1,1
2308,41c1324766df47db8ed30921132c4bb0,20170609,9,4,0,,,,13,1,1
2309,8b7e6d35f9a34c87b00064df3c42e63f,20171102,4,1,0,,,,13,1,1
2310,de258b9b6dea435fbd882a0ebe8bb298,20170922,7,10,0,,,,13,1,1
2311,00127c3b26dd49adb48404f472d7b0e3,20171109,9,24,0,,,,13,1,1
2312,2044d2963dd445f59bbed845b0169778,20180520,8,22,0,,,,13,1,1
2313,ed076e014214408fb17577028e07e8a8,20180311,7,21,1,20180321.0,9.0,236.0,1,4,7
2314,896bd223447440eea2efd97179e581a6,20180320,1,4,0,,,,13,1,1
2315,f03d9e6d179b422aac870c21643eae08,20170719,10,18,0,,,,13,1,1
2316,57fa24d10c7a4f16ab78481f2ee680d4,20171130,4,4,0,,,,13,1,1
2317,2b7a24dd0f8a453db17407efa33a7fa4,20171014,4,12,0,,,,13,1,1
2318,6252e87dd24940a5b0bbadd288fdd06c,20180326,7,17,1,20180403.0,8.0,237.0,6,4,10
2319,ef245ead1cf448bf921a4452f1547315,20171010,7,3,0,,,,13,1,1
2320,e7fa3909ee034e40808bef09b41a2f62,20180320,7,14,1,20180401.0,12.0,238.0,7,11,14
2321,b61777b537a74521b1a07e7ec7b87ca5,20170920,5,2,0,,,,13,1,1
2322,eaf9fdf1ce194accbd5feea6c0b02ea7,20171114,1,7,0,,,,13,1,1
2323,8de48ddb82794132b08835c9dfa0bbb3,20180205,9,20,0,,,,13,1,1
2324,2536d49184c04324855cbe88499ae0fa,20170719,7,23,0,,,,13,1,1
2325,718445e4ee7d47f09233765cca9b717c,20171101,3,2,0,,,,13,1,1
2326,920d44f1b29b41d18de0d6043fb2df16,20180323,2,3,0,,,,13,1,1
2327,2dda722e4827439bbc0ded024f63cf68,20170629,3,16,0,,,,13,1,1
2328,73261c412dbd43c1846f84669b2c8403,20180109,4,22,0,,,,13,1,1
2329,bbcb303b24dc47cfbc8970e75cc03a54,20170801,9,2,0,,,,13,1,1
2330,8189c7b8cdc742f19966750378d6549c,20180501,4,22,0,,,,13,1,1
2331,671436bc2f09402692e187c74c6e3052,20170606,4,24,0,,,,13,1,1
2332,fc2ccbd4cebd4771b3811bcfff376225,20180420,4,27,0,,,,13,1,1
2333,a1ca3076db204d5eae3272676a6a674f,20171104,9,27,0,,,,13,1,1
2334,033900e5733b4f84b7ff83594c94e333,20171111,1,14,0,,,,13,1,1
2335,450817200a2641e18040e6717f850bcc,20170816,4,6,0,,,,13,1,1
2336,a571960aaed3484e9f2dcf3d97a17580,20180524,7,4,0,,,,13,1,1
2337,2d9fc4c11b70435b947b1605d1a9f87f,20170626,7,18,0,,,,13,1,1
2338,f07e26bd93ef42b79612863cf9ba5cfc,20180401,7,6,0,,,,13,1,1
2339,689f1466700f4e0b8471f4fe07cad08b,20170717,4,15,0,,,,13,1,1
2340,ac6610306d0047adb6e7fa90ffe9fc3a,20171027,7,4,0,,,,13,1,1
2341,521f55f9f1834c62bea690ac3984279a,20170807,1,3,1,20170814.0,7.0,239.0,1,11,12
2342,11dede78e76946c5af48736620a970cd,20180130,4,2,0,,,,13,1,1
2343,1061066b6442465e89bf900a02df51c2,20170626,4,30,0,,,,13,1,1
2344,ee702c5346c8434cb0993424785663b5,20171013,7,30,0,,,,13,1,1
2345,28fbbae3eb114eb7bfdf5b65e5c0ac7d,20180212,2,24,0,,,,13,1,1
2346,d87224f7a16e47f9b98c2955d1c65eda,20180524,1,24,0,,,,13,1,1
2347,7d0ab17662264b56bb3ca35bedf73f83,20170809,1,21,0,,,,13,1,1
2348,acd27ee10e95414f8f212f759e8d7d17,20170910,7,30,0,,,,13,1,1
2349,2bfb709ae22a48039acc7c4c7f135674,20180430,9,9,0,,,,13,1,1
2350,cf31e4e419424f4982136ccd627410f7,20180315,4,2,0,,,,13,1,1
2351,58f8cbd9975f408aa1f300c954f20eb4,20180224,9,17,0,,,,13,1,1
2352,a251100c555a41ec850e42e85302372e,20170707,5,24,0,,,,13,1,1
2353,3370fb7831fc46a19ed05fd866fe4b3b,20180107,9,11,0,,,,13,1,1
2354,aba86a48129845f4be22b5caf82523a7,20180322,8,25,0,,,,13,1,1
2355,5a71fb6f9c044e18b0cddcfd5a27c876,20180510,1,15,0,,,,13,1,1
2356,fb5347cf9e4f4c6c89781fdf4309b65b,20171205,4,9,1,20171221.0,16.0,240.0,10,12,14
2357,a58ee0a27b4c40b4894af1bc0c197941,20171112,5,29,0,,,,13,1,1
2358,4fc9076a384447199ec923e087b53792,20180502,4,24,1,20180510.0,8.0,241.0,11,11,4
2359,831c01b5fa234a65a83adb342d2dc06e,20171104,9,16,0,,,,13,1,1
2360,a5ec0448e9ab43eb83630244adb2109f,20180412,4,29,0,,,,13,1,1
2361,1ab60099091e46baaa88594c48650322,20170814,4,27,0,,,,13,1,1
2362,690daac5e05140a2ab712b7820a93ba6,20170928,7,11,1,20171006.0,8.0,242.0,7,10,9
2363,9a336af65127414b80ed85ee28863409,20171209,7,24,0,,,,13,1,1
2364,f8b76439cc9144bc8aaeaf895f5e88c6,20170714,7,2,0,,,,13,1,1
2365,7bfc7e16080c439dadbdf0e2acc677f2,20170628,9,29,0,,,,13,1,1
2366,03d00b5ac2294d26a3daeaf779cb0d46,20170815,4,26,1,20170901.0,17.0,243.0,1,8,3
2367,df6c29b3ae984ede93bca210e26ce353,20171123,4,1,0,,,,13,1,1
2368,151e5bc56ad04ae9aaaa93d596355c60,20180117,9,26,0,,,,13,1,1
2369,e6cdcc4e0df74e9182b62bc64c095b4f,20171117,7,2,0,,,,13,1,1
2370,1933e8c89d184cdbb3ff1b0de6e3f6c3,20180303,1,9,0,,,,13,1,1
2371,68e78e4acd414c8192238bad36a81e30,20180307,1,24,0,,,,13,1,1
2372,067eb5aa6e3241789517a28b43506fbd,20171011,3,13,0,,,,13,1,1
2373,6591d135303a4b48918733a05146790f,20180415,1,28,0,,,,13,1,1
2374,903930d8fb1e4a2bb002b8349871e6d6,20180524,7,30,0,,,,13,1,1
2375,43b2bff600c1468f954c28e78a67fc65,20180326,1,27,0,,,,13,1,1
2376,a82bec80a8434d6c9d08145d6bd27a79,20171009,4,27,0,,,,13,1,1
2377,87df97d40d1b49579968cb19e3d9a829,20171024,7,5,0,,,,13,1,1
2378,3cb5e249c6564a048a322203ed380b44,20180523,3,19,0,,,,13,1,1
2379,4fbb2586fd744cf4a70e74d548f69b8c,20170628,7,23,0,,,,13,1,1
2380,55259d437518441ba27b95a4811e0f00,20170605,3,30,1,20170617.0,12.0,244.0,9,2,11
2381,a80716742c694e52aac7b980ce049751,20180505,3,11,0,,,,13,1,1
2382,63b7548b8dc54196b2249496b1c18b76,20180504,8,10,1,20180523.0,19.0,245.0,10,4,9
2383,f1e6d57af2e44c6abf43f7942c1e317c,20170726,5,1,1,20170808.0,13.0,246.0,4,6,9
2384,59b5470289184424a692b31a8305c4be,20180429,7,17,0,,,,13,1,1
2385,f94ef4d1710e48de946917f5c48e9e7d,20171212,7,28,1,20171218.0,6.0,247.0,3,3,7
2386,6b819667bb5a4679a3bae961d755d081,20170721,9,13,1,20170818.0,28.0,248.0,7,11,13
2387,3fbd7f6ab15c49aca9fa1f41103fa42a,20180402,7,3,0,,,,13,1,1
2388,1a43b4a564d041f894e8e98fe409cdf4,20170904,9,6,1,20170929.0,25.0,249.0,7,8,15
2389,9c5eb93dca3a41e581507f733e9c46bf,20180121,1,22,0,,,,13,1,1
2390,e8cdaa528a0d44d6893ec73f5f9beee9,20180531,1,27,0,,,,13,1,1
2391,57ee7b04259a4e8f968997bc10b3cf75,20171005,7,1,0,,,,13,1,1
2392,532a7507807d45758cb4a60cacd6040a,20171118,4,30,0,,,,13,1,1
2393,3a2b9fac104f43d4959008b5ff2d1f3d,20170820,7,16,0,,,,13,1,1
2394,7380413e4a8f4cbeb9b78f9679fe8de3,20180517,4,16,0,,,,13,1,1
2395,1b491b650891497aae9a111ca030c465,20180417,8,17,0,,,,13,1,1
2396,b2843bea6daf4e70b982e5603d20f0b3,20180212,7,5,0,,,,13,1,1
2397,8ac2f5bc3675455cb040481b3e79d5b7,20170702,4,19,0,,,,13,1,1
2398,b1b03b1f563c4e60b98f85ded002d278,20171216,4,21,0,,,,13,1,1
2399,8c54a9a22b094745bc5ad5825d27218d,20171022,9,4,0,,,,13,1,1
2400,37db0988fff64cffa9fc3259bdd6b777,20171122,9,11,0,,,,13,1,1
2401,0be6ff190cbd41ccabd4bc1c11326f33,20170810,7,2,0,,,,13,1,1
2402,1c87e826aaf44d1b805ba8be8107d144,20171213,4,11,1,20171226.0,12.0,250.0,9,3,10
2403,0cc5006800a74db0b3604aea3cfab015,20180410,7,11,0,,,,13,1,1
2404,698a6d4942494a17a1d051a4a2861972,20170925,7,17,0,,,,13,1,1
2405,92fd3949d44d4abdab10e1e408af20bf,20180321,1,15,0,,,,13,1,1
2406,ff5ff5d1cadd4b80bb6fd22f9b339b63,20171107,9,8,0,,,,13,1,1
2407,aa4aed407ce84a8eb14e6457d3d051a7,20180116,7,4,0,,,,13,1,1
2408,eb22904f04ec4ceb86a5da6d05f846f7,20170914,4,4,0,,,,13,1,1
2409,4b093f975f47417981123cbc330a5832,20180325,10,11,0,,,,13,1,1
2410,e6b107ec574c4b9f831cf4461c5c974b,20170912,7,1,0,,,,13,1,1
2411,c0766a7ac6524603b70cc2a98dd81f01,20180519,1,22,0,,,,13,1,1
2412,bc54ca2d24ee438891c9c9928fbac743,20170809,4,22,0,,,,13,1,1
2413,49b189cc7abe44dcaaffbd663b64098c,20170814,7,22,0,,,,13,1,1
2414,f6162cf9c3bf43e3a0dd7ccd0bfbad10,20180317,4,8,0,,,,13,1,1
2415,0f0fa7b9323b4e38870739085c1191c1,20170705,9,21,0,,,,13,1,1
2416,788f7c4703b54dedb5c8871f3ada2ae7,20170731,2,8,0,,,,13,1,1
2417,b0f116928f9d4dedaaf3aa45ed034c8b,20170814,7,24,0,,,,13,1,1
2418,b7417ebe19644f29838a905809313516,20171111,4,15,0,,,,13,1,1
2419,f53f743c9cf64b92960dd1102121b1b8,20171103,4,2,1,20171111.0,7.0,251.0,7,12,10
2420,95d76ab9215c46259e431b592b6ff10b,20180423,7,4,0,,,,13,1,1
2421,d541f0e6f8424a16ad48d6014dcfcad1,20170905,4,4,0,,,,13,1,1
2422,55e214c1653149c9a7d4717638d6ee4b,20170903,4,24,0,,,,13,1,1
2423,da2d109608cc4898a198a1c254d12154,20180410,1,19,0,,,,13,1,1
2424,6d9774d08c0a4d078150cd30088e6a4d,20180407,7,29,0,,,,13,1,1
2425,58072fa3f56f4ec5a03156ab953363f8,20170927,7,17,0,,,,13,1,1
2426,7d255ce888644f309f4c6a4616eba7f8,20170927,5,16,0,,,,13,1,1
2427,a0863c7b80224476bca908f1440a2f66,20170711,4,4,0,,,,13,1,1
2428,fd7170629d044c8191487a5ed07b5d1c,20180213,2,13,0,,,,13,1,1
2429,225f8b0a993043878ac5b6ba48befef8,20180531,7,16,0,,,,13,1,1
2430,8fabf76760a74f8895209412fb8b919d,20170903,8,13,0,,,,13,1,1
2431,5b81d30b227944a3a9a917fa257d504a,20180129,9,7,0,,,,13,1,1
2432,2d3ec2d79b8d46d7a57e5bb4b4fad113,20170907,3,27,0,,,,13,1,1
2433,e2258dde0a06439fb04dc7ee531d4b20,20171227,10,22,0,,,,13,1,1
2434,84f9644e4f1143cfa186a0c6185ba366,20171017,7,17,0,,,,13,1,1
2435,bf914993460d4ac3bb78c7604f06098f,20180510,2,24,0,,,,13,1,1
2436,9d1d57a79a074bf99a8c3c60a256b9b4,20170913,7,7,0,,,,13,1,1
2437,257ff3fc9f5d40c49fdfa82a4d38fea2,20180111,7,13,0,,,,13,1,1
2438,d5740a77d6bb42ee85b9fab7a19e60fa,20180519,7,10,0,,,,13,1,1
2439,0ef607b6ed494b72a90216d7272e2c5a,20180121,9,15,0,,,,13,1,1
2440,07147dcb079146f4832b6cb04838b193,20171225,4,29,1,20180113.0,19.0,252.0,12,8,1
2441,188063e09db740468db253d0ab4f300f,20171212,9,30,0,,,,13,1,1
2442,7db930044b034faa8e008531a84c5d4b,20180410,9,29,1,20180501.0,20.0,253.0,9,3,3
2443,a6cf75ccc7bc4f4c8d92ee847686e9a8,20180302,1,23,0,,,,13,1,1
2444,55e3805b24c048bf85294f603f4e4dd0,20180527,3,6,0,,,,13,1,1
2445,477f3b3cad354b71831110023879d835,20170726,7,18,0,,,,13,1,1
2446,017db4b516d24a118e5c43a99354f2d5,20170622,7,6,0,,,,13,1,1
2447,03d0f59c584d4d9f9ac3c7799c3649c9,20180303,4,2,1,20180426.0,54.0,254.0,3,1,15
2448,24d0cf29a14a42aab1308b5da6ba23dd,20170621,4,30,0,,,,13,1,1
2449,5762a2588a124171be1667b7601df355,20180220,4,27,1,20180410.0,48.0,255.0,9,1,2
2450,57ec3568de8d4e5699e0a10ade672e31,20170906,7,18,1,20170912.0,6.0,256.0,7,7,3
2451,caec6bc3f97b4294bd6036a6027c0e9c,20171221,4,24,1,20171229.0,8.0,257.0,7,9,8
2452,15ac57ae9d20466a8f3acfb397c8d3a3,20171025,2,7,0,,,,13,1,1
2453,16b39c388f1f4f5e806946fe8fda87d6,20180103,9,29,0,,,,13,1,1
2454,24f5a35e00e94b139c4833f0047311c8,20170628,7,12,1,20170704.0,5.0,258.0,10,4,3
2455,899dcc76c5d24c0fb0b3babb153a937e,20170812,9,20,0,,,,13,1,1
2456,914857e2297a426cbd00a69b94eb6b5c,20180427,4,3,0,,,,13,1,1
2457,c89190f1b287430f80d2de68b74b5fed,20180212,7,7,0,,,,13,1,1
2458,a2544589632b4a60aa1d01bc2990c43a,20180327,9,4,0,,,,13,1,1
2459,c5bfd340963a4192aed28f485dd49e5e,20171219,7,8,1,20171229.0,10.0,259.0,6,11,5
2460,eee4215d1fa94f42846b25ad5795f676,20180117,7,7,0,,,,13,1,1
2461,122b31f32d7c412d9acc6718fb9eb3bb,20180119,10,12,0,,,,13,1,1
2462,839bcfe08e134ad5b9d9439f8ca3b7cf,20180531,8,12,0,,,,13,1,1
2463,fc9b8ed15a864cb89f45ddd8b53cf219,20180119,9,19,0,,,,13,1,1
2464,fc7ef93f40f3449f8ae8004a0785b333,20171113,9,22,0,,,,13,1,1
2465,9e798aecc0e445a59a79ba0953f3614f,20180531,9,28,0,,,,13,1,1
2466,748464fa76f341648f23d90b3a1986ab,20170803,4,25,0,,,,13,1,1
2467,c457b7cf56ce4ba28bbc8666f7f6f0d5,20180528,7,23,1,20180719.0,52.0,260.0,6,6,1
2468,cd33a83d21db41f295f79fd37a6240d3,20171203,4,6,0,,,,13,1,1
2469,5aa2e03f6b7f4027b9d02975d57a96c3,20180529,7,2,0,,,,13,1,1
2470,3a78295a884d4a52b342cdd79c18e373,20180217,9,7,0,,,,13,1,1
2471,0274563a48c843e09a95a37715c814f0,20171211,4,30,1,20171217.0,6.0,261.0,12,5,7
2472,9de29730f3af441aa72f6453c48f79df,20170623,2,22,0,,,,13,1,1
2473,5821d0d358194a8d9aceff363af5aa40,20171119,5,10,0,,,,13,1,1
2474,70203cf4f2c340b8bcde6ddb38400bc7,20180504,1,7,0,,,,13,1,1
2475,ade47d9a84ad40c0bce5124d20d991a7,20170814,9,24,0,,,,13,1,1
2476,40a8572abdde45909cb2f8c480e3559b,20180531,8,15,0,,,,13,1,1
2477,699bfcfeb93b470dacfdaf3b6503c78a,20171105,4,2,1,20171210.0,35.0,262.0,7,9,15
2478,462f725d935642f196564e617e8a3750,20180115,3,23,1,20180206.0,22.0,263.0,4,11,6
2479,f91b8a6a1870486fb477042c203fe79e,20170901,4,12,0,,,,13,1,1
2480,1ee1835a62e945779eaf6af00168c5c6,20170807,3,26,0,,,,13,1,1
2481,b0c3d7516b3847f1b922e11609d0b1ea,20180415,4,26,0,,,,13,1,1
2482,3e1c06d6250f4b4584b25a7e8ed4aeed,20180121,8,10,0,,,,13,1,1
2483,2c3d49dd6b6548bf8afab5521e437949,20180211,2,5,0,,,,13,1,1
2484,39983fe87b8b41619ad35c7e331398a5,20170603,4,12,0,,,,13,1,1
2485,b7751695d46a4288896c41eebe0b5d51,20180208,7,9,1,20180221.0,13.0,264.0,9,4,12
2486,4b94d3b7f7fc4db1af4afdd399ddde88,20180329,10,18,0,,,,13,1,1
2487,2a0821e0a5c24fc18be0db860934bc6c,20171227,7,3,0,,,,13,1,1
2488,2199d804b0444d66bd17dac79ad28855,20180404,8,26,0,,,,13,1,1
2489,4c38c077f04046eb80d820cad10a5164,20171004,9,19,0,,,,13,1,1
2490,95041f3cf7ff415db16107d26be75ec6,20180414,7,21,0,,,,13,1,1
2491,c416ce9f17974e8a9519b7adc2da3073,20170915,7,7,0,,,,13,1,1
2492,c2cf03ac0e904a58ad5666a8f480a609,20170815,4,23,0,,,,13,1,1
2493,bb9cc5ef67294f43aef559af2815cadc,20171126,1,4,0,,,,13,1,1
2494,98732510ad8c4314ab4602e1fa2e9e3f,20170617,7,20,0,,,,13,1,1
2495,12f7397908374bcc9b06abd9673725b1,20180405,9,8,0,,,,13,1,1
2496,44fca2f01b4241018b3ac0ebcfaa68a7,20170715,7,25,0,,,,13,1,1
2497,39db6bd760bf4cd09b58442d68baff52,20171231,9,7,0,,,,13,1,1
2498,f0f73c1903e04a4bae3a4dcdd046c443,20180511,8,29,1,20180516.0,5.0,265.0,10,3,3
2499,82bec479e7784bd49ffdd5345b2ee3e0,20180505,10,14,0,,,,13,1,1
2500,85ae005d89504e8cad92ce8eb1c2bc9b,20180315,7,18,1,20180320.0,5.0,266.0,2,8,9
2501,c492b20d911e4afab0453a26708c1688,20180324,3,22,0,,,,13,1,1
2502,a09db01b72c64c71a86f45437d7fac3a,20170619,1,24,0,,,,13,1,1
2503,04f4c77642f54e0397b9ef75c51d8ab9,20171101,9,16,0,,,,13,1,1
2504,be21526930994f21b32e95bfb4c4b383,20171212,2,24,0,,,,13,1,1
2505,4e79fcb23a8440788f8a5d3020bdedb2,20180105,4,3,0,,,,13,1,1
2506,5b887c4e6f2745a7a5ab75ba162bb7e0,20171028,4,4,0,,,,13,1,1
2507,4e06bf08543b458086160e0371f5d691,20170802,8,8,0,,,,13,1,1
2508,95f231ce3f4c4ae6aecd4dc4a7800e9e,20180225,7,6,0,,,,13,1,1
2509,4962617ddcc5487b9da9a243a845b877,20170916,3,29,0,,,,13,1,1
2510,b6feef7745274644ae3d341a70139c2d,20170630,8,14,0,,,,13,1,1
2511,209d43d7edaa4a0ba3f6d1c32a63fc24,20180419,4,3,0,,,,13,1,1
2512,2d5b7ab54171406ea1885e14f2afc691,20180203,8,22,1,20180213.0,9.0,267.0,8,8,15
2513,859f0603fcf844bc982a40d9b57351ed,20180528,7,15,0,,,,13,1,1
2514,d066a3cc5c3f42ec9524043949b449a5,20180408,9,19,0,,,,13,1,1
2515,ab93e9248ab94092a4d6390fbc4dc6b3,20180225,9,29,0,,,,13,1,1
2516,cd51594a1d9b4357a0a8e8841851ff5f,20171129,5,29,0,,,,13,1,1
2517,be3888d8d62d47c6bca08bf175376990,20180316,4,6,0,,,,13,1,1
2518,2520f46c101144ae907d824901c28a6d,20180420,7,13,0,,,,13,1,1
2519,955d74a885d34477b2d1607203ed4a36,20170901,1,17,0,,,,13,1,1
2520,6752a557aeb04111949d40416d35ec48,20180529,1,9,0,,,,13,1,1
2521,4894d641d3154330963f0a3e16aa0f23,20170601,1,26,0,,,,13,1,1
2522,2219060c1acf40d1b5a6cff207df8140,20180125,4,5,0,,,,13,1,1
2523,5ea08605e35344cda90fe82583ca13db,20170731,7,5,0,,,,13,1,1
2524,cfd5f42826e145328fc9ffaff25a6863,20180412,7,15,0,,,,13,1,1
2525,b2e2458299494d70a4ea6af62e05aa5b,20170624,3,16,0,,,,13,1,1
2526,3a013048c9c749a59d63864616725761,20180314,4,9,0,,,,13,1,1
2527,e23bda14ab024ab79d5704b0bc6d7130,20170606,4,9,0,,,,13,1,1
2528,0918bc0fea044fcdabe62ba6f2a6c663,20180520,2,19,0,,,,13,1,1
2529,510e464e59ad4efb957c7c87dc36272d,20170705,4,1,0,,,,13,1,1
2530,1d2fc14c8adc4cfbb4ed0baa7a45ea89,20180215,10,8,0,,,,13,1,1
2531,b818d604d59f41708b472b0a099d6f1f,20170604,1,11,0,,,,13,1,1
2532,37a810235bd14909adb338f34a04a79f,20171118,3,30,0,,,,13,1,1
2533,e7fe64bd7ed341a1b503bb31658fcf92,20180319,7,26,0,,,,13,1,1
2534,e0529078c8004be5a17f328a9d691ed8,20170829,4,8,0,,,,13,1,1
2535,31c822c7249943a5a6b1439bcd084418,20171121,1,22,0,,,,13,1,1
2536,cb43b41eecc54a96a0589fc3ecf524dd,20180129,3,23,0,,,,13,1,1
2537,c59ad7ba3fab466aa1b09d90387f99c7,20170809,1,4,0,,,,13,1,1
2538,a9d446b5ed7e43e2986064ec10b477d9,20180418,4,12,0,,,,13,1,1
2539,7170924b351a4255b13d98fee6e8e9f8,20180302,1,18,0,,,,13,1,1
2540,b9f7fa456e854bbeaaa46974a79c45fa,20171229,1,20,0,,,,13,1,1
2541,7755e380a35c40bda1c63f33a0a0d7c5,20180222,1,14,1,20180303.0,9.0,268.0,1,12,12
2542,7d11517fd3624b2bbe90e50ea0bac451,20180514,1,21,0,,,,13,1,1
2543,4238716cc1ec4e288f6d1ebd2cd6cb08,20180302,3,9,0,,,,13,1,1
2544,2f570b91e3ce4eefb3b4a58f23f09850,20180323,9,5,0,,,,13,1,1
2545,4b660a1caf944858b35fb16dfecbd1f3,20171129,4,4,1,20171210.0,11.0,269.0,10,7,13
2546,c37a5e2f796a430c8a379adb1214f416,20171022,7,8,0,,,,13,1,1
2547,4d22ac7d0a554da092b48b5450705011,20171210,4,21,0,,,,13,1,1
2548,a9c3c31387294ea69abadd4f379c1ae0,20170824,7,29,0,,,,13,1,1
2549,6d1a08ad41bb4cd3a68d958688065eff,20171217,7,29,0,,,,13,1,1
2550,5e4448ac3e6e4616ba1b294faefa41f9,20170730,4,28,0,,,,13,1,1
2551,f424b8cd37424abea55cd0af3fc3f5f8,20171109,7,19,0,,,,13,1,1
2552,60baa3b149d9438bae1580cfff43211e,20171229,4,13,0,,,,13,1,1
2553,d35733c64beb45e49c064075d18f2812,20170930,3,18,1,20171009.0,9.0,270.0,8,10,7
2554,1c1cb6be86aa46b28f2835da736a47ff,20171102,2,6,0,,,,13,1,1
2555,fa9c2b1381c24c0f9828e865c1a96903,20171102,4,25,0,,,,13,1,1
2556,0730ab712da046749f017c8a2d0b7dc9,20171209,2,24,0,,,,13,1,1
2557,be4f7bb3a72a4f6b9cbc54642b120e9b,20170912,9,18,0,,,,13,1,1
2558,f2f3e61aef5548109658ae7034273e2d,20180215,7,5,0,,,,13,1,1
2559,4853e06166a94d9b84fbab193e27c0f8,20180203,4,4,0,,,,13,1,1
2560,09796e1df0b140f4ae97705be71a7fcf,20170906,9,22,0,,,,13,1,1
2561,77572d4ef0a9466d91ecf1f3c29aff0f,20180203,3,1,0,,,,13,1,1
2562,5ab03cac16274296817ed04cf2307281,20171115,1,24,0,,,,13,1,1
2563,08b01845013f4791b8ca5427815804c5,20170721,4,11,0,,,,13,1,1
2564,92aea416fdb643048830c03f9dc6826b,20170807,4,2,0,,,,13,1,1
2565,bb0fdb11cc7b4fd69c914451038de55e,20170619,7,30,1,20170625.0,6.0,271.0,11,5,7
2566,9a33540299cd4673a9c2b981ca248915,20180601,7,25,0,,,,13,1,1
2567,c8a505b0d05248fabb3149e721a02890,20170603,4,22,0,,,,13,1,1
2568,7b486f7354cf4d81aedf9b66c114658d,20170623,7,10,0,,,,13,1,1
2569,7e55ad5bfe57420592064ae80782bf3e,20170715,3,18,0,,,,13,1,1
2570,afc350ee90b24bd0afc5d7288ec2e085,20170624,5,6,0,,,,13,1,1
2571,77d3ec9dd3c74372bdfc999132230390,20180504,7,26,1,20180513.0,9.0,272.0,3,12,6
2572,af1b73cd2177456b821c2aa68a10d041,20180323,5,23,0,,,,13,1,1
2573,7124cdd8d1a5431db18907aa28fe1386,20170916,7,9,0,,,,13,1,1
2574,bdbe708718dd4440919e0e5c1e8fe63e,20170907,7,19,0,,,,13,1,1
2575,b655df1128e44d88b7cc05f7947d080d,20180228,4,24,0,,,,13,1,1
2576,03491ac1779748c6b1cad2b59906b94e,20180112,9,19,0,,,,13,1,1
2577,cc9b7f1aedd1490fa044d08afaff70bc,20170816,6,19,0,,,,13,1,1
2578,47185540fe534a63b1007c329e0b9305,20170729,9,29,0,,,,13,1,1
2579,c2accbdcd81942d9ad69b7b9f6ace556,20180314,7,25,0,,,,13,1,1
2580,cbb1cdb00d844eeea02fe795f6764867,20170914,9,16,0,,,,13,1,1
2581,f4bed7df1d234fc39f5e537a8f3f5d59,20180309,4,19,0,,,,13,1,1
2582,e9b78c9a00e540a2a9d3e335fd3fc4d8,20170812,8,14,0,,,,13,1,1
2583,2bd28561278b4586a631d16ccdc835b3,20171004,9,3,0,,,,13,1,1
2584,81f5663f45594d2a89f5860f4a260580,20171107,7,12,0,,,,13,1,1
2585,6dadd39b13954bc089b729b6a827be0e,20171121,9,18,0,,,,13,1,1
2586,2310570b14184728ae2fdb43e9e3002b,20170626,9,26,0,,,,13,1,1
2587,0aeff6a6f945408085ffeaf1578c2991,20180128,4,25,1,20180210.0,13.0,273.0,4,7,6
2588,0f524a40d5034c6f966b9e89de0f600d,20171214,1,3,0,,,,13,1,1
2589,a43d26ee3c0f4cd3ae8d137cb40f3080,20180105,4,7,0,,,,13,1,1
2590,912be2ca99344375821608580e2992d2,20180527,1,12,0,,,,13,1,1
2591,2130a3cc70fd40ea8102f5039edc3684,20180331,3,20,0,,,,13,1,1
2592,bf96403b11d648fc8983236aa885e054,20180520,3,29,1,20180609.0,20.0,274.0,1,4,14
2593,726f6faf3ccd4c6e9ee6e0aa51f7a119,20171130,9,8,0,,,,13,1,1
2594,85ff8297a5dc41faa480ed0f1fee1971,20170910,9,3,0,,,,13,1,1
2595,705cd42492194ba7af6ac9f2dc7e7edf,20180125,4,4,0,,,,13,1,1
2596,534529594b6243a89d7cd6d47507651b,20170718,3,25,0,,,,13,1,1
2597,37568ab53c35416ba0d8578498d9927d,20180120,4,11,0,,,,13,1,1
2598,014f43d79e9345079ee52e29bba36679,20180426,7,13,0,,,,13,1,1
2599,13a9ffd4224f4b1ab397f2df8afd339f,20170927,7,4,0,,,,13,1,1
2600,172575788d5a4f849cab25ca56d00301,20180412,4,22,0,,,,13,1,1
2601,37ef7cb4309d4119ab346494629fc7b7,20171204,9,7,0,,,,13,1,1
2602,e899e0edd45a4f2e8e2541d02ee7fbaa,20180525,4,5,0,,,,13,1,1
2603,291a8fc38b074b058b5b517e0f9416e8,20171114,1,13,0,,,,13,1,1
2604,8b937e25537a4da5a97c20e6415b1bbc,20170616,7,13,1,20170708.0,22.0,275.0,9,9,3
2605,a634d8936a9a4786a36910df438c4649,20170728,4,13,0,,,,13,1,1
2606,9b25322ad89c4247abd0190c5b49adfd,20180123,9,1,0,,,,13,1,1
2607,fa6fd8eaddee401daec4ad97b1fb3709,20171126,4,14,0,,,,13,1,1
2608,1e05d93280614fd4a1764e8e18ffb164,20170805,4,25,0,,,,13,1,1
2609,c53e81fa956b45d09d28f489ed3f4b72,20171225,1,8,0,,,,13,1,1
2610,612db653770e4efeb49d48248b5eeab3,20180312,4,3,0,,,,13,1,1
2611,7010b60fd0f04d94b4ec267da6716a00,20171102,3,18,1,20171110.0,7.0,276.0,5,1,8
2612,9dc94f52392f478b8b1a1e99d41b69f7,20171223,4,15,0,,,,13,1,1
2613,bd826fb879284e8ba65ac9cd56c5f326,20171001,4,17,0,,,,13,1,1
2614,9a04eceb5b6340f99953858dcfa21e78,20180308,1,13,0,,,,13,1,1
2615,f323418fe9ae4a98acf980f8cae8c659,20171214,7,8,0,,,,13,1,1
2616,eec517918d8a461683b9549ff7d76a3a,20170915,4,15,1,20171001.0,15.0,277.0,1,5,7
2617,1dd9637e0cec4aa691f968f04916b5e2,20180109,7,5,0,,,,13,1,1
2618,68572fcc74414141b094b927d70ff7b1,20171123,4,28,0,,,,13,1,1
2619,cc5272476bcb4e21befea9a1e08af2b1,20170929,3,11,1,20171014.0,15.0,278.0,12,5,6
2620,4610d631be6242e4af7475766d8ef526,20180509,7,2,0,,,,13,1,1
2621,2a2f3a336e384856ad5a75f51e1ef6e0,20180531,3,20,0,,,,13,1,1
2622,ffd5b31a885845f3b0e8ab3daa6fc8e5,20180205,8,14,0,,,,13,1,1
2623,f70801085971480cb6aafe8ce3177423,20180402,7,8,0,,,,13,1,1
2624,0a286af86b4440d69a02e9fe389e6d4a,20180312,5,20,0,,,,13,1,1
2625,407278c64a6d412699e65ea53473688d,20180114,7,1,1,20180120.0,6.0,279.0,1,8,4
2626,90db1f2bf6bb4de18ebac7750dbcb24a,20171225,2,29,0,,,,13,1,1
2627,f83c25fe44434555960416ccce923025,20170726,4,24,0,,,,13,1,1
2628,4fa844371e8c48839ebe8a273466507d,20171212,1,13,1,20171229.0,17.0,280.0,3,4,4
2629,5e7514455d824974b8a5bbbe47183cfb,20180427,7,3,0,,,,13,1,1
2630,bdc31a5c33f4455997d603a618e6622c,20170920,7,12,0,,,,13,1,1
2631,54b949c77f4644d6a1a39af57f79c5ef,20180325,9,5,0,,,,13,1,1
2632,35e9acc23389459faba299538d801893,20170601,1,11,1,20170614.0,13.0,281.0,5,7,10
2633,8daf477b3fc0407596c28e2c47443ed0,20170816,4,21,0,,,,13,1,1
2634,54f03ca888f845e083287b685442cef3,20171028,4,29,0,,,,13,1,1
2635,63a1187504a9449ba72f04bda4bd20a2,20180323,1,9,0,,,,13,1,1
2636,9ef54856ed2945f586783fd375a80038,20170914,1,1,0,,,,13,1,1
2637,01bb81485af14d4a906d85571e33e11d,20180319,2,22,1,20180410.0,22.0,282.0,12,6,10
2638,73e4a502457941f2b8c220c1c5fd8462,20180109,1,3,0,,,,13,1,1
2639,28ffc1fe415a4cdfb01488bb758ae091,20180326,2,29,0,,,,13,1,1
2640,feefcdcfeac44ad98379b97d44b7ba39,20180217,1,10,0,,,,13,1,1
2641,26d94dfef31f4b80982365a6d7815751,20170805,7,27,1,20170814.0,9.0,283.0,9,12,13
2642,61d1c7c75174404e88745fa9b60be1e7,20171207,4,27,0,,,,13,1,1
2643,ef3f239b666c46ada8390492eab9a3a2,20170601,3,20,0,,,,13,1,1
2644,f1324f765d2846fbb93ae3e240f3e9af,20171201,9,10,0,,,,13,1,1
2645,17aae0e4e1dc47898c7c263980a9f0cf,20171023,4,17,0,,,,13,1,1
2646,5eb5086dfce949e58695ad129b2f782d,20180108,7,30,0,,,,13,1,1
2647,2eadc6cd76a64397bf6318743213db6b,20180417,2,28,0,,,,13,1,1
2648,7c03a71df3fd4ec79abf9672f5d23f6b,20171213,9,30,0,,,,13,1,1
2649,f501b99ce7374543a50f134f63b7d7a9,20180109,7,9,0,,,,13,1,1
2650,6181c1cb0a9f4eaa8a0c9a44715615b4,20180506,7,13,0,,,,13,1,1
2651,1bdf05f1536e44f482c1e6b600d6aa04,20170811,4,21,0,,,,13,1,1
2652,a89fb14a7aac4bc0a4b722123142d757,20171214,7,20,0,,,,13,1,1
2653,cdcd778bc27546c3ac6d3af2e9e94efa,20171231,7,1,0,,,,13,1,1
2654,1bba4b9cfeaf4acb9cb8612920922a33,20180510,4,4,0,,,,13,1,1
2655,5bb7d682e17f4b5a9beea0e8033d3b52,20170606,1,23,0,,,,13,1,1
2656,4cc23af35e944cb2bcb51be776f26d1f,20170609,7,2,0,,,,13,1,1
2657,8704d22bf1de4269bb9ef5e898bf80eb,20180205,3,15,0,,,,13,1,1
2658,dd6681c0fa694602a0ab6e250379e756,20170809,8,4,0,,,,13,1,1
2659,cf28339aa29c49cb8e067ffbd985760c,20180425,4,10,0,,,,13,1,1
2660,d0a57ff495274311a5412e6e74547133,20180120,1,22,0,,,,13,1,1
2661,ded5d15420aa4b698feb22aacdfdbc6c,20180104,7,7,0,,,,13,1,1
2662,b53908f377b447aaa9a98bafd73897a9,20180119,8,15,0,,,,13,1,1
2663,6930166974264796a6a079985eaa65fe,20180310,4,30,0,,,,13,1,1
2664,aa4be7823533442aa418ea3a3b41b4c1,20171129,1,7,0,,,,13,1,1
2665,cb8ef887dc2d49129095ae4161f5aacb,20180104,9,26,1,20180430.0,115.0,284.0,2,10,1
2666,7333b51025df4cbfa5ffffab40d2e9bc,20180323,7,10,0,,,,13,1,1
2667,2aad94696d7948f283ccd21c0ffe9f66,20170930,4,19,0,,,,13,1,1
2668,abf90b96ebef464a8e78426a1b7851f8,20171228,1,14,0,,,,13,1,1
2669,4e422ad3461248aca3de6cef5b14a589,20171205,1,27,0,,,,13,1,1
2670,2a3c2fc8cbc74a33a5d927fca1718926,20180318,7,28,0,,,,13,1,1
2671,94e3511ec74b442d8f1aed738e0dbdb0,20171206,9,14,0,,,,13,1,1
2672,5c04d09079814cd1b70b2c8fc3e5d2ff,20180202,7,4,0,,,,13,1,1
2673,490e5382204548cbb0577a9722a9b432,20180225,1,18,0,,,,13,1,1
2674,178bfb536dea4f1da2065775925ad485,20180220,4,6,1,20180307.0,15.0,285.0,2,10,10
2675,6371d8f6c97d4bf6952351678f712ba8,20180409,8,17,0,,,,13,1,1
2676,4ac8a4f756ec4d01bac1edbdf6c426a3,20180128,7,2,0,,,,13,1,1
2677,8e351a50c363469d97f8b6da8a1f41d4,20180506,7,11,0,,,,13,1,1
2678,debfd27c5c7749a393d7ceb7afbcf3de,20180421,4,5,0,,,,13,1,1
2679,1b7076e72be64e868dafbea0717712ce,20180324,4,29,0,,,,13,1,1
2680,dc364abb5c9a4a118c285ff9fba2b0ee,20170628,9,21,0,,,,13,1,1
2681,e9a7be808d4a45a4b137c9419c5699de,20170606,4,18,0,,,,13,1,1
2682,1bb681d1673e46ffa8a1f2819a477c9f,20180218,3,14,0,,,,13,1,1
2683,27ae8bee5425446cb17afa8871719d8b,20171117,4,16,0,,,,13,1,1
2684,abf9aac390784bda9275664ee6c59f00,20171029,7,7,1,20171105.0,7.0,286.0,10,1,10
2685,caff50f5562c46e5bc39e857fa6bb8bd,20170619,7,2,0,,,,13,1,1
2686,3216d967469c4b709ed35cf47518031d,20171103,4,19,0,,,,13,1,1
2687,a5fdaa7d9c7346978c12390e3e19aad5,20170702,4,13,0,,,,13,1,1
2688,ca64363548304d6a87f8c473b82cb283,20180324,7,14,1,20180328.0,4.0,287.0,2,10,7
2689,7dec10c6b818409a9b6c23fdbe64fdaa,20170627,7,1,0,,,,13,1,1
2690,c84b686b98f04ab8a3cbf36f70c398fe,20180416,7,1,0,,,,13,1,1
2691,866551daf6c74751bc227bfbcc5a6d92,20180204,9,4,0,,,,13,1,1
2692,83ea8b79381b4ef2b62a2f87d831488a,20180214,9,10,0,,,,13,1,1
2693,1d10b0e71a2e4d78b2b864020bc0f351,20171021,4,4,0,,,,13,1,1
2694,7ca3a3b0ec554d129e1660733d5a9df2,20180412,7,19,0,,,,13,1,1
2695,0a80c921f4694c4d9dab8d5c36efb7ee,20171010,2,2,0,,,,13,1,1
2696,faf11e15df79489a9d1edf99bcbb2a94,20170728,9,7,0,,,,13,1,1
2697,333209a51b2b41c48bff8856988595d6,20180330,1,11,0,,,,13,1,1
2698,885bce60604441829eb9ca0f038beaf6,20180115,7,5,0,,,,13,1,1
2699,d878902260a141538679b2b7977677d4,20170829,3,5,0,,,,13,1,1
2700,f4a20e2d8bee43c4bcd67e1547b17a1d,20180525,3,13,0,,,,13,1,1
2701,2b631831cd264a5eaa487505aff6447a,20170901,9,10,0,,,,13,1,1
2702,d30b1ac0c76d4c789dc90a11d1ac0dc6,20170617,6,3,0,,,,13,1,1
2703,837038fd0f8a4e74a928d28d292dfca1,20170814,4,22,0,,,,13,1,1
2704,740862dd414b415eb62fee1a934149aa,20170818,4,24,0,,,,13,1,1
2705,c7b582696c034cab85609476db60b59c,20171229,3,17,0,,,,13,1,1
2706,7e95aadda8ff4307ba6e3ada2422ffef,20180505,3,2,0,,,,13,1,1
2707,6dbfd4200bfc4f42ba717c3f9131a91f,20180423,4,9,0,,,,13,1,1
2708,76090d11e100401da14dd29fa33fbe2b,20180323,4,27,0,,,,13,1,1
2709,e2c2b60678d14ac1b7d21770cb8479f2,20180425,4,24,0,,,,13,1,1
2710,a2042301d96c4dcd8a440cf36302ecc4,20170730,7,7,0,,,,13,1,1
2711,a3aa15c14da249c6b20795f91f3253f1,20180124,3,13,0,,,,13,1,1
2712,1da7494ae71e45f19289edac56df0cc7,20171102,9,2,0,,,,13,1,1
2713,e961f6dcb1e04c03a5b4f274eca65de4,20180228,7,30,0,,,,13,1,1
2714,7a7839baecf24331b52dea1a86c4284c,20180516,7,13,1,20180605.0,20.0,288.0,7,1,15
2715,214ecee5687d4784af41053d9b947926,20171013,4,6,0,,,,13,1,1
2716,23e7cc58f3a3429ca5d7d375e9300710,20180109,7,1,0,,,,13,1,1
2717,3b19aca1bb73495e9ac72e60615e1062,20180116,9,11,0,,,,13,1,1
2718,d40e48cf7a8a4e659d397a03f5164a35,20171109,6,11,0,,,,13,1,1
2719,a615b8b216964984aa09b88138de68e9,20170622,3,22,0,,,,13,1,1
2720,0d8d3e1dc407439c9089f67cf773f941,20180228,4,16,0,,,,13,1,1
2721,d5198f1126d84738baba763cc3719aa6,20180108,8,22,0,,,,13,1,1
2722,41edb81a204247a5bce48900890831b6,20180430,3,8,0,,,,13,1,1
2723,dd09a8b2abb6443a8a90812b1e9fedcd,20171017,3,5,1,20171028.0,11.0,289.0,2,10,13
2724,b3613166693a4b08bd844c38eea2ee3e,20170721,7,23,0,,,,13,1,1
2725,7a045937facc4602a0d0c37d02c5bed9,20180327,7,18,0,,,,13,1,1
2726,fc53d279b8a9458d94305b97fcbdb95e,20180512,7,2,0,,,,13,1,1
2727,6c82c35dd71c46928802c4313fe13cee,20180511,4,24,0,,,,13,1,1
2728,2e6d6bc63b1c452398ff5922951cd967,20170908,4,8,0,,,,13,1,1
2729,61332d21a97c463e8052b1b19e0d6c7e,20180513,4,8,0,,,,13,1,1
2730,f1c56f0724fd446b875d9805c16566b0,20180308,7,11,0,,,,13,1,1
2731,fe98c192486545878dc53c16db9326a5,20170605,1,26,0,,,,13,1,1
2732,0c60107058274540a3ebbf331c270637,20171228,7,6,0,,,,13,1,1
2733,aaa23b52a941494591dd2fc74458f351,20170724,4,16,0,,,,13,1,1
2734,44056d40d0944de1bae1eab2bdc1a0f8,20170921,2,19,1,20171002.0,11.0,290.0,9,10,10
2735,0584a705bf034bcba290f2fbf1f3209f,20170907,2,26,0,,,,13,1,1
2736,677b3ecef78e47e1b07f058869d99ea7,20180414,3,27,0,,,,13,1,1
2737,4e90267a48c44aea8c1475331fda0194,20180401,10,12,0,,,,13,1,1
2738,e1a2fd746d74411b95c54c37749f737f,20170920,9,23,0,,,,13,1,1
2739,3a51a762b10f4dcbb21c364657b8000b,20170802,2,3,0,,,,13,1,1
2740,d7797909213444eb982d77e3bbf95f8f,20180406,4,30,0,,,,13,1,1
2741,206ddf618a814d3d9b6ea2dd7143f199,20180503,7,14,0,,,,13,1,1
2742,360ab6e5ca274714868da3087721d411,20170903,4,28,0,,,,13,1,1
2743,59a9efb447f843eb97a36d35b8a200ce,20170903,4,1,0,,,,13,1,1
2744,4ba6d74edc6448b8a74045dfc5a53798,20180126,4,23,1,20180212.0,17.0,291.0,6,11,9
2745,65b29d11697949fb8ccfcb08e4c521ee,20180119,9,24,0,,,,13,1,1
2746,e6a25c5e64fe4cf39c8c902f1078a7fa,20180105,3,19,0,,,,13,1,1
2747,984860a5016f4918a59227511cff3ff5,20170822,9,19,0,,,,13,1,1
2748,301aff56e30b48699aff30b47fd8d04e,20170702,4,30,0,,,,13,1,1
2749,03a45a1663bc43a28c6f6251c1c715a2,20171118,3,19,0,,,,13,1,1
2750,7060bf9d329b4f79ad251d5eb59fa212,20171014,9,18,0,,,,13,1,1
2751,4bb82f093a74487a8e0df00b64d0cef4,20170706,7,22,0,,,,13,1,1
2752,16b70124828a4ef0a5481d44f354dcc2,20170911,1,30,0,,,,13,1,1
2753,5940c33164f5437dbeff0c199ca23acc,20170831,4,13,0,,,,13,1,1
2754,d8ccf4da2eb24cfd997289dff891eac7,20170726,7,21,0,,,,13,1,1
2755,e4d786e108144df2adaab71d2b311585,20180107,5,29,0,,,,13,1,1
2756,5d8389dfc7dc4d6c9fbee390a00cd0f4,20180426,7,22,0,,,,13,1,1
2757,a425a70e1308441c85770b1077d45af3,20180113,7,25,0,,,,13,1,1
2758,56b65c6aeb1b44d38f07727b924ba1d7,20170618,8,3,0,,,,13,1,1
2759,70f4857390d64b0b817bb18483e58d7c,20180320,1,24,0,,,,13,1,1
2760,4628fa49c1b444e9b6911e55518f0533,20180115,4,12,1,20180201.0,17.0,292.0,1,8,1
2761,0106890c74dd4fc5bbab2af30d3cfdb8,20180210,4,23,0,,,,13,1,1
2762,2fa0afd43ccd48ac88758d6c90a48334,20180424,4,22,0,,,,13,1,1
2763,150614d487fd4eaf8f5cab38aad4c51e,20170620,9,19,0,,,,13,1,1
2764,ea88b3772a25432c90f420053f62d11c,20170817,7,12,0,,,,13,1,1
2765,e6c43d4a9a1c4e79a3fff35a6d199285,20171218,4,26,0,,,,13,1,1
2766,989016f49b3f4d38a003fffa42e8e66a,20180219,2,13,0,,,,13,1,1
2767,58e1a77fb6624988a9ca4f44d89d8b1a,20180110,9,10,0,,,,13,1,1
2768,a76e3e9e91af417a99b960b3d456f772,20170706,4,17,0,,,,13,1,1
2769,a2fe86d98a354d258ab38a1c0ff4b001,20170602,9,28,0,,,,13,1,1
2770,ce599da47e0a414dbbe807ff950d3194,20180202,1,14,0,,,,13,1,1
2771,b70dc40ee1d94711a6579a0da7bd42a8,20180302,4,8,0,,,,13,1,1
2772,5a580a11819e44759432e718c9ffadeb,20180516,4,30,0,,,,13,1,1
2773,148e717980604b9c923d54fb39e3d5ed,20170629,3,23,0,,,,13,1,1
2774,fe89f5fe712443ff90a52deb22caa1dc,20170717,7,21,0,,,,13,1,1
2775,dca88bf99f044250b85a91d1e1affad4,20171122,9,20,0,,,,13,1,1
2776,41465de990bb4a12a62385bb97d3457b,20180122,7,23,1,20180205.0,14.0,293.0,7,6,2
2777,8f1faa20077e4f819e25b36d3071fea5,20170912,4,21,0,,,,13,1,1
2778,aa055d754d64440ca20bfdb8d557799f,20170621,4,11,0,,,,13,1,1
2779,6269837fa2fb418390defa0332d6272b,20170906,7,28,0,,,,13,1,1
2780,73c916827de24f62a447b47d9be5fc9a,20171217,4,23,0,,,,13,1,1
2781,0ed691c958374141b4161c95d63855d6,20180519,4,13,0,,,,13,1,1
2782,676eb69c428c4d1f9b00a0f8a191d410,20170714,3,18,0,,,,13,1,1
2783,e2204a57f52e42688ba766fb3a9123de,20170906,10,27,0,,,,13,1,1
2784,899dc681f4bf4f52a680d389509de8dc,20170907,3,2,0,,,,13,1,1
2785,c8822c1bc46243648f8dc169618698f9,20180331,8,13,0,,,,13,1,1
2786,3f6d52cc2eb349f898614f8ec549939b,20171217,4,5,0,,,,13,1,1
2787,29035733cb484a3a8123d103399c74a2,20180304,2,1,0,,,,13,1,1
2788,cc7ea678eaf242639985f3b0a6ac3a73,20180211,4,20,1,20180217.0,5.0,294.0,12,3,10
2789,21e11e8a3a9b422fada95138ca37458c,20180117,2,27,0,,,,13,1,1
2790,e132b7d0f6dc48278dc4c4241d042b2b,20171121,10,8,1,20171216.0,25.0,295.0,4,3,14
2791,004956ed630e42d9b8025184145530a9,20170622,1,25,0,,,,13,1,1
2792,bc5d40b2a22f4e9892a9791b944a2329,20170917,10,11,0,,,,13,1,1
2793,6c4b968ba4424cdc8eaf53f2f0c5564a,20180223,9,11,0,,,,13,1,1
2794,9160e2ff975e4b67ab7defd3bccd0715,20180302,4,2,0,,,,13,1,1
2795,cc9caba43066443d9554f369ff261b2c,20180324,7,22,0,,,,13,1,1
2796,632c67a106f443608d93e79fa3f11c78,20170707,9,2,0,,,,13,1,1
2797,710310a910a4481f9a17c81e4133c0e2,20170812,4,23,0,,,,13,1,1
2798,7e1f4793f4ee4b709364e115f56f0b8b,20170610,9,22,0,,,,13,1,1
2799,a4770bc935f341a39f726cc79ff488c1,20180413,10,17,0,,,,13,1,1
2800,3b0e2d0ec1bb4af486fe4258d666a52a,20180526,4,4,1,20180609.0,13.0,296.0,6,9,7
2801,6a9fe054c7274582abdac4a375d12d96,20170608,3,23,0,,,,13,1,1
2802,e0900c3a36764ebdadc98ef0d95ceafe,20170626,5,20,0,,,,13,1,1
2803,23463e4a829245ec8c307a48de45e20d,20170720,2,29,0,,,,13,1,1
2804,eea8dbf302724a45bdd6ac3b17b27b4d,20170827,2,3,0,,,,13,1,1
2805,fc6271301f484b3f9d6b87bf2e49403c,20170725,9,13,0,,,,13,1,1
2806,2244d85aa6bd4d63b2b7494e3ea566d1,20180401,6,17,0,,,,13,1,1
2807,311d3c673be741f193763ee4c8c6a780,20170703,1,15,0,,,,13,1,1
2808,048a416247304981b54d2991a25f2cb9,20171120,4,8,0,,,,13,1,1
2809,8267618366ee4bbe9d92908c023f9130,20170801,7,21,1,20170806.0,4.0,297.0,8,5,15
2810,abd71fe238e74b72b0709ffc42356c1c,20170810,1,20,0,,,,13,1,1
2811,f44ada456db44e8da80aeda9df0f04b5,20170918,4,14,0,,,,13,1,1
2812,e95b0deef7534611a184ca7817b45e29,20170828,9,3,0,,,,13,1,1
2813,7e65ed465edf45c1ad2e263bcd787709,20170801,1,4,0,,,,13,1,1
2814,569ce38ac1024437833f8e3b39259f14,20171230,4,28,0,,,,13,1,1
2815,26126f3cf2ff4383852e3735b992bae5,20171207,9,7,0,,,,13,1,1
2816,23debfda3fdd445499a93324fbee28af,20180111,3,22,0,,,,13,1,1
2817,60e38e7ce98d4d8384109b5d68f79efd,20180325,7,4,1,20180412.0,18.0,298.0,8,2,7
2818,3a34ea7880d84d27b3bdf19b50a05737,20170722,4,29,0,,,,13,1,1
2819,cd178cf21d064d90bcca3d2d2dd0cc67,20171210,4,26,0,,,,13,1,1
2820,9bc7cdc8b485467b91a05fb6b6b73717,20180205,7,26,0,,,,13,1,1
2821,eb9f9e654b1342b9a37a92acc5abe82e,20170604,5,22,0,,,,13,1,1
2822,2c892089adae487cb89bbec4ac01a0fd,20170716,4,14,0,,,,13,1,1
2823,d0a709077772478ab347e706eb08e99c,20171024,9,28,0,,,,13,1,1
2824,8cf0dff637cd4dc2b11eecd5f8f22819,20180130,4,9,1,20180225.0,26.0,299.0,11,7,2
2825,8bf0eb36301945f69ae0572fcef4f16c,20170813,7,19,0,,,,13,1,1
2826,e05c4bfe88494a4f857b45ee6cccbdb0,20180223,3,15,0,,,,13,1,1
2827,158fb1c2b8b04c979117b8994fedca1f,20171001,1,29,0,,,,13,1,1
2828,abae64b5c31647dd8e9b21db47924fbc,20180521,4,29,0,,,,13,1,1
2829,dea780f94ca645cc89254fae9093dfd3,20170901,7,29,1,20170910.0,8.0,300.0,6,12,9
2830,cdc8572c8ab64229a3a71541d63e0c18,20170716,4,20,1,20170805.0,19.0,301.0,9,9,14
2831,a05b4a97141a44448b80a670e37545b8,20171102,7,15,1,20171113.0,11.0,302.0,3,12,13
2832,2c80e2c4adff410d96071a25f314dd7d,20170603,1,17,0,,,,13,1,1
2833,601a6366a6714823a312b6df22b630ea,20170907,4,6,0,,,,13,1,1
2834,1ed32f8583204dfaa867189fc5412f2e,20170719,7,16,0,,,,13,1,1
2835,f455f2abed504f5c9b5231f11b76d18c,20180304,7,17,0,,,,13,1,1
2836,c7939a3be9134c85acf0a650217551f3,20180124,5,11,0,,,,13,1,1
2837,2c18afbe3ca54908999ae16ca714cf34,20170915,10,27,0,,,,13,1,1
2838,2a8034169102436e9e4de12c9f81083c,20170908,4,5,1,20170920.0,12.0,303.0,1,7,14
2839,90241a004f5644739a89bff43a25e91a,20170816,1,13,0,,,,13,1,1
2840,14c67e04716d476c9239bd2820a64aab,20170830,7,11,0,,,,13,1,1
2841,5ed6e416636f44cab4b732e5e0f70093,20170623,7,23,0,,,,13,1,1
2842,f6b710cd2db945719e1a7ce3898279ac,20171204,1,9,0,,,,13,1,1
2843,dd498ab3ae3a4565a4f356b5e156ba4b,20180109,5,8,0,,,,13,1,1
2844,1426c6ab91c145b3886b2b57d95c0c59,20180412,2,27,0,,,,13,1,1
2845,80f5f960d5634b91b77f1e65102f686a,20170724,9,22,0,,,,13,1,1
2846,9591e75d1a2f487db9566f09661acc1e,20180303,7,7,0,,,,13,1,1
2847,057f1e3b173f4955a6401eeec578f3ef,20170615,3,6,0,,,,13,1,1
2848,2c6a10fdd01545878f91ad1b6b1537e9,20170730,4,12,0,,,,13,1,1
2849,ac8b941d92ab4899b1445dc072a2d503,20170929,9,14,1,20171104.0,36.0,304.0,7,2,4
2850,770452425ad248bd955d567aa7333e12,20180324,7,15,0,,,,13,1,1
2851,cd7dcb0f52a24a6bb1115d50bd7f3338,20170910,1,17,0,,,,13,1,1
2852,d33678181d2647308deaf63a37c005ae,20170727,4,17,0,,,,13,1,1
2853,5a65f64ca53d4e21a9209c175991506c,20170721,4,2,0,,,,13,1,1
2854,a49f913ce3764103a02cd449f27b9895,20171229,5,30,0,,,,13,1,1
2855,49e57214536d4035883d0b1d6412105d,20170921,4,13,0,,,,13,1,1
2856,4ae8f94ec7ab4985942b35a92b74972b,20180327,9,27,0,,,,13,1,1
2857,3950838eef8b4831aef41f87049c8017,20180110,4,9,0,,,,13,1,1
2858,4b9615ca86e44b1584aa6e82776bacc1,20180409,4,7,0,,,,13,1,1
2859,015f6052ffd7431e87e8b17d5e226734,20171216,4,4,0,,,,13,1,1
2860,fa48939622014a85b962ee90aaa28d38,20180121,4,23,0,,,,13,1,1
2861,28201aa0f86148ceaf0797f06124b0f8,20171201,8,9,0,,,,13,1,1
2862,bcdc8cf4de8c47d5861b5e0a57eb7307,20171119,7,27,0,,,,13,1,1
2863,87ad60f15ffe42ba9f101ba6ba987bc1,20180521,2,27,0,,,,13,1,1
2864,4b3ad79efe4f414b871ea6ad1f806889,20171022,9,25,0,,,,13,1,1
2865,7b5766116a3b4fe1b84b95f357385550,20180125,7,15,0,,,,13,1,1
2866,ac6799bbef924a49a9f37dbf609b5fe2,20170827,9,17,0,,,,13,1,1
2867,9ff7cea9a1ea4ef0a14e65ff2517af36,20171030,9,7,0,,,,13,1,1
2868,3c946c0a4d1048848ac11e11a0aa7703,20180423,1,12,0,,,,13,1,1
2869,7058195bf0ed4a54a4a2a5520c90d6bd,20170827,7,21,0,,,,13,1,1
2870,342c832a22e44039bd138a76584bb79b,20170926,7,15,0,,,,13,1,1
2871,139308d5a2964617a49d7ffacf33f970,20180223,8,10,0,,,,13,1,1
2872,6b0c597155804861b7d45d8fa908d046,20170919,2,13,0,,,,13,1,1
2873,54098002f6324e6f839f596f0c12cf39,20180123,8,26,1,20180211.0,19.0,305.0,7,4,8
2874,1ce76c15e97c4bcab4db7a2c8331192c,20180106,7,17,0,,,,13,1,1
2875,78c00f9f86c64d0b92abff559942319a,20171115,3,14,0,,,,13,1,1
2876,a32af634fa904689a97bdfb7e09e5bc6,20170922,7,4,0,,,,13,1,1
2877,5ddbf91691fc410898d1da4c30cdfa2d,20180321,7,15,1,20180403.0,13.0,306.0,1,3,13
2878,21556b2df9994b0886e5a2c4ce723b4d,20170623,4,13,0,,,,13,1,1
2879,dc2f5f601e1f453b9b1f914ab8b63bff,20180214,9,15,0,,,,13,1,1
2880,f58854e0eea54f7b8539073c7b827b59,20180227,4,13,0,,,,13,1,1
2881,8c4ae111203744f49dc422800615e703,20180523,7,18,0,,,,13,1,1
2882,98cac1ff78c24ff3b321555b709a2fd2,20180209,8,3,0,,,,13,1,1
2883,f300f2b081fc4c9598b18b551cd20333,20180313,4,28,0,,,,13,1,1
2884,5588c022d80544bd91b2d904b3bfc1b2,20171226,4,4,0,,,,13,1,1
2885,1b0d446b6b39488e85b76cc35118cfe2,20171201,4,17,0,,,,13,1,1
2886,dd442c4b7243466e8857953bca3f4b33,20180428,2,26,0,,,,13,1,1
2887,1322f277264d47f2ac3c448c519c8ed9,20180201,9,7,0,,,,13,1,1
2888,6b29ca0d01ad4cae939ce0a2d69689b6,20180527,7,10,1,20180608.0,12.0,307.0,9,7,7
2889,e63b6345da0041e79296dc378fe6227e,20180320,3,26,0,,,,13,1,1
2890,16ebdc494454407eb995c7677ee9e56e,20180119,3,24,0,,,,13,1,1
2891,ea5478522d3e47b796c6f7c955a1395a,20170810,7,7,0,,,,13,1,1
2892,19625adb9c2b479c93fd55be2778ac4a,20171207,1,18,0,,,,13,1,1
2893,3c5a94907eb54f4c86d5975f9970de9e,20180527,3,26,0,,,,13,1,1
2894,36ee448744da444a8cefe03e3cd22887,20180418,1,30,0,,,,13,1,1
2895,851271b6cc3f4440a9ac0814f6b9c5d9,20180520,4,6,0,,,,13,1,1
2896,a4043f4ad5b64a5aa04da11034e517eb,20170617,8,15,1,20170622.0,5.0,308.0,7,2,11
2897,e3673200b3f94532999a4e35cbc39c59,20171017,9,21,0,,,,13,1,1
2898,f6c7099ecef542a09b7d3ea7acbb6b29,20180322,7,5,0,,,,13,1,1
2899,80f11bf7ca264272a4aeff2f6140ff07,20180517,7,29,0,,,,13,1,1
2900,d3b458f070f245a4903ec0a9b5643a3f,20171119,4,6,0,,,,13,1,1
2901,866bcd0519e847adb054089be692997a,20180512,4,12,0,,,,13,1,1
2902,4dafdf56e67e4c088f5e17a22625c9ab,20170627,1,30,0,,,,13,1,1
2903,e17c9d9991504df29d733b91a225bad8,20171205,4,29,0,,,,13,1,1
2904,d256643535e84913ad9642a0269d3f15,20170621,7,16,0,,,,13,1,1
2905,9fe335b471e54c5baef5a2c6ab8499ac,20170829,9,21,0,,,,13,1,1
2906,396fa8e320cd482fac21633f11202f57,20180527,4,21,0,,,,13,1,1
2907,3ba8d51dc00d4f5e92b06f53bee41b73,20180530,6,4,0,,,,13,1,1
2908,336daaccb1f24d34abbf6094215d36c2,20171119,4,21,0,,,,13,1,1
2909,d9dee88e1f5a4a1a94f88fec3d9fd59d,20170729,7,13,0,,,,13,1,1
2910,b420e7bab475488284b4db9bbf75c835,20180325,7,24,0,,,,13,1,1
2911,9493ddae3f0b405288583f13a98165f4,20170924,4,16,0,,,,13,1,1
2912,3169bfede77b449dbc689c89ec82da3f,20171015,4,11,0,,,,13,1,1
2913,fa25faf9954840bab3a00f690b37d449,20180103,1,27,0,,,,13,1,1
2914,88a4e3e526914d6fbedff57dc86c7b8f,20170703,2,16,0,,,,13,1,1
2915,20e0226352a3432c819901090c2609e2,20180118,4,6,0,,,,13,1,1
2916,ffbf86d4d73a451680a6728d21f208b3,20180225,1,13,0,,,,13,1,1
2917,c7b5d68edfd7492d9a339d3d0588afcb,20180530,1,11,0,,,,13,1,1
2918,49e1c46801e1446cbc4cc0a68c912cbc,20180228,3,18,1,20180314.0,14.0,309.0,3,10,3
2919,9f888f28ea364bada2d476d8df9fa661,20180414,7,5,0,,,,13,1,1
2920,6357c699a2424fbfa5565b46c02249ec,20180511,7,9,0,,,,13,1,1
2921,c3f2afeab8454fa7980c66b34a50c4a1,20180121,7,3,0,,,,13,1,1
2922,fc400aeedb744df89a8296ce78afcf29,20171218,1,1,0,,,,13,1,1
2923,cd49dc4721404e75a3adb3ddca242baf,20170710,3,7,0,,,,13,1,1
2924,0873a45822ee4b0b8d280458f54e0606,20171020,4,28,0,,,,13,1,1
2925,9d751dad515645aeae97843745d44d54,20170815,7,4,1,20170824.0,8.0,310.0,9,1,11
2926,18f0e4e34f7a4262825936c6d4554787,20170913,5,23,0,,,,13,1,1
2927,cfa46f04fc9744b9b9b64cc038ed0551,20170612,3,15,0,,,,13,1,1
2928,ec418b512aff47d388ea8826cac08e12,20180516,10,22,0,,,,13,1,1
2929,c2da7fa9b84b4b829a068bf454fe64f2,20170807,1,16,0,,,,13,1,1
2930,7855a1eab0194afabf829e5cb47d69e7,20180102,7,2,0,,,,13,1,1
2931,b849d16dfcff4834b38b18c158894a5d,20180427,9,1,0,,,,13,1,1
2932,d1198f91ccc94e4cb745b1d07cb8ff0d,20170905,1,26,1,20170927.0,22.0,311.0,4,7,10
2933,2c741ab34fc64e2e82b9cf3d69c2852e,20170927,4,23,0,,,,13,1,1
2934,19155fdc72594687aec161d7c500946f,20171119,9,14,0,,,,13,1,1
2935,66c2c3534deb49d58a12c49038018ab9,20171123,1,23,0,,,,13,1,1
2936,2470bb6ebd3a4b41bcad516dafce2ac9,20171115,4,14,1,20171211.0,25.0,312.0,1,8,8
2937,4c352d28a4794bd5ae270a8aab620975,20180507,3,20,0,,,,13,1,1
2938,ee8a7cf53f4f4b3eb31e996da58e6dc0,20180308,9,18,0,,,,13,1,1
2939,41ba729d08c64884ab8c7ef11ec28bbe,20171103,2,4,0,,,,13,1,1
2940,900d250b50ee44ecb46fa07215787456,20171104,4,5,0,,,,13,1,1
2941,bec8b3860d4d45eb81a911f057dd46d1,20171012,4,13,0,,,,13,1,1
2942,21bdb6c938824ea182b63dd3cd2b2e66,20171208,9,24,1,20180111.0,34.0,313.0,9,8,9
2943,c62b3657c37944e69ff7d1603033622a,20170625,7,16,0,,,,13,1,1
2944,dd36a4cf7fb34b348630285fb0c4edb8,20171024,1,7,0,,,,13,1,1
2945,92fcebb6e0ee4959b474478ff6eefa35,20180413,1,28,0,,,,13,1,1
2946,c774146ab58f407993cf9c601b622cc7,20180302,4,7,0,,,,13,1,1
2947,0d91d698fe954d3aa585db2850a4df8c,20170829,9,7,0,,,,13,1,1
2948,cfa3e66577614e94af1edc2bfc07f39e,20170930,9,27,0,,,,13,1,1
2949,29f316cef8014b6880fa32022d95da9f,20171110,7,4,1,20171117.0,7.0,314.0,2,12,9
2950,3db0e8f56a884457b3682979d0ebae6d,20180112,5,16,0,,,,13,1,1
2951,10a8677952b24fe9a62fb7b6a1f3a4c1,20170903,3,21,0,,,,13,1,1
2952,aef30b8a4d2544b4be7421b9eb500674,20180529,1,11,1,20180703.0,35.0,315.0,3,2,11
2953,fd709521bae247a993320182111b132b,20171110,1,4,0,,,,13,1,1
2954,27adb2cac75e4afa8a7b5ec8ff719811,20171208,7,21,0,,,,13,1,1
2955,39b5249889624aae9076925fcbf60eb1,20170823,5,1,0,,,,13,1,1
2956,0dda9f3f5217449ea023c1bcec3157fb,20170802,1,30,0,,,,13,1,1
2957,98443dd0ee4243aa90665799b333f176,20180211,1,18,0,,,,13,1,1
2958,9212b8aa2c164fc0be7f7140c4047ca2,20171111,8,26,0,,,,13,1,1
2959,ada4465144c845789fee3f68ea32b8be,20180307,4,8,0,,,,13,1,1
2960,8e03e5ad849b4b8dbe11cd410dc45159,20180428,3,13,0,,,,13,1,1
2961,61344f8a953d4af1a1787eb6c255fa4d,20171027,4,11,0,,,,13,1,1
2962,c69c746e364948df93e206a8b11a6cb0,20170815,7,2,0,,,,13,1,1
2963,ec77ad1c52c245dca8d1fc68b43ff1aa,20180113,7,28,0,,,,13,1,1
2964,06920fd8afbd4950a25fc87b01abc94c,20170728,6,12,0,,,,13,1,1
2965,abef6053b3344d56a6bab1c154df64df,20170621,8,11,0,,,,13,1,1
2966,5ea51f9cbc494694a21f352e9122a2bd,20180310,1,1,0,,,,13,1,1
2967,d6ef0c8e76464fcca30da89ebf28728e,20170613,1,29,0,,,,13,1,1
2968,c91d5b125da349fb8084d2bcfcdf99d6,20170921,9,16,0,,,,13,1,1
2969,5e5499ddd3d040fd9b1c9a6707d7a7e3,20170718,2,27,0,,,,13,1,1
2970,f709a59c2f2b4f90b4e08b93c65cfb87,20180408,7,9,0,,,,13,1,1
2971,44bab1e58806438fa9529f1e8072239e,20180326,7,17,0,,,,13,1,1
2972,a3c1c38f3c1846f7af4a9b76f7ff0621,20171021,4,26,0,,,,13,1,1
2973,c295a07efb5d43409c39ac1ae8543d06,20170713,3,10,0,,,,13,1,1
2974,58e04f07a460472bade92ba55ebb7551,20180115,1,6,1,20180210.0,26.0,316.0,6,4,10
2975,cf9c01b481d04f059953d35b68091092,20171219,7,13,0,,,,13,1,1
2976,2ec1b2fced674c46b17045f161b9c68c,20171110,4,29,0,,,,13,1,1
2977,fc9735bf1e8343eb9d7472323f059144,20180217,3,22,0,,,,13,1,1
2978,3421d8b9024642cf835dac954ed26a06,20180508,4,30,0,,,,13,1,1
2979,69eac92c7f2c4749ab440e03191d3779,20170815,1,16,0,,,,13,1,1
2980,90db6fa9c4274104b326461c42dc97e5,20171215,6,26,0,,,,13,1,1
2981,0730520bb69d41bda555b9c53824f2a3,20171024,7,16,0,,,,13,1,1
2982,984d2752c2214a07b14258e5f2dff643,20171105,4,10,0,,,,13,1,1
2983,74877189fdb643059b1372414d218784,20180315,1,9,0,,,,13,1,1
2984,7ea5588bddc64dae9b55a2cd5168a66b,20180114,3,5,0,,,,13,1,1
2985,59e7c7f458c54ec9a8f49b155d9813d7,20180113,9,7,0,,,,13,1,1
2986,980a8a8885334c3495618c581a02abc7,20180104,2,4,0,,,,13,1,1
2987,88288cae25ca4e4db099612b75b1d12e,20180328,4,3,0,,,,13,1,1
2988,a4767c7926b64c35bae972d3ba366d7e,20170813,9,1,1,20171014.0,62.0,317.0,2,3,4
2989,a89ff0b55eb64421bd27633d1302f28f,20180130,1,8,0,,,,13,1,1
2990,ceb305030b6146e589bf21d4de5e9a1b,20170704,8,24,0,,,,13,1,1
2991,dd2cb229457644fdb15217c174ab700c,20171210,4,26,0,,,,13,1,1
2992,c8f98ba84f4f4b8eadd64e08b2499161,20171227,3,22,0,,,,13,1,1
2993,95c259e704fc45f9a9ccd92c7caea53a,20171018,9,7,0,,,,13,1,1
2994,6effdc7e15d645d093f3231dc5d18a9f,20180312,7,28,0,,,,13,1,1
2995,4b311ef08f4e43e698b710b2bd1bf470,20180318,4,9,0,,,,13,1,1
2996,1839e8b3d47a48839141d0f4a8929099,20170904,8,1,0,,,,13,1,1
2997,9ee2ad20da9d4a639bada6254fda9708,20180311,4,27,0,,,,13,1,1
2998,9f374a967df840999b17d38de0d18de0,20171102,7,1,0,,,,13,1,1
2999,fe56af752af647c9b0a3ab6ead507f69,20180208,7,2,0,,,,13,1,1
3000,d050dd793d7047098eccbd46eb61c2eb,20180124,8,26,0,,,,13,1,1
3001,509704de4d564dc59c4ccb01969a5081,20170602,1,19,0,,,,13,1,1
3002,75b77152d118405c807eceb5ddedd6b9,20171101,3,20,1,20171117.0,15.0,318.0,9,6,5
3003,c2715bc2862a4331aea24c673042bf5f,20180422,4,25,0,,,,13,1,1
3004,594861b4b7f1440d95ded8d5ff8cf3fd,20180501,9,15,0,,,,13,1,1
3005,87e93bc07b5e4bd6a6a85283e727aa46,20170831,9,22,0,,,,13,1,1
3006,b89571fa26f246019a8c81d46a0c35b9,20180519,3,17,0,,,,13,1,1
3007,93ab2192071c4139bd74eee827fbe647,20170615,5,24,0,,,,13,1,1
3008,0ad65d668e564a0a860eee4e11da51f5,20171020,4,3,0,,,,13,1,1
3009,ef0be4c2423a470da33d8ed8b34dec85,20180403,1,14,0,,,,13,1,1
3010,decdac7dc29b48d4be5ed82d468c3b07,20180202,4,15,0,,,,13,1,1
3011,6f84e11fa4e74859be2a10fae8ad3001,20171011,9,11,0,,,,13,1,1
3012,5c39efd5a0e94cc08c4826795fe85203,20180130,7,16,0,,,,13,1,1
3013,dca126e9ff6d4ab1b08633a3f17fd785,20180218,7,26,0,,,,13,1,1
3014,2824d318d3a54b16a7dff3f87ee41d5e,20171011,7,14,0,,,,13,1,1
3015,b3a8dd3aad414a43adf25f7e7665ed96,20170630,9,8,0,,,,13,1,1
3016,36a72eaafd3e42d18d4067db4f31d4ae,20180123,7,16,0,,,,13,1,1
3017,8405af29aa1b41bca53889b3b77736ed,20170823,1,19,0,,,,13,1,1
3018,2a80bb9855584b1a92ceb2fe12883d16,20171202,7,23,0,,,,13,1,1
3019,254c3f3888c14217a547e2d0824ac5ae,20171130,4,1,0,,,,13,1,1
3020,4001eb883cde4a33a1c2edf471f473ba,20171028,3,23,0,,,,13,1,1
3021,06175ed23db246489f2cad1858585f1b,20170710,7,9,0,,,,13,1,1
3022,2d89653cd97040aaae16bb8146bd761d,20180418,7,24,0,,,,13,1,1
3023,8206d8bd70634894bc7dea3bce0e2d33,20170719,1,24,0,,,,13,1,1
3024,9bcc9a03504d489098ead169c12b6f8e,20170825,7,8,0,,,,13,1,1
3025,0e4f4f951e2c4a658ef037a85754f2c3,20171109,4,19,0,,,,13,1,1
3026,6d1b24f965ec4fef88b501ea313cecde,20180517,7,25,1,20180527.0,10.0,319.0,9,11,13
3027,ea2f1a430ecb405b84f04a5bec1e9952,20180301,2,16,1,20180331.0,29.0,320.0,3,10,11
3028,41bb9f2be993485d8f1a73374158a3e1,20170813,9,4,0,,,,13,1,1
3029,5bd7bd5246134b03b830e983cb7445ed,20180221,1,16,0,,,,13,1,1
3030,f9b672296d9b41989fb9789734134d65,20180204,9,8,1,20180306.0,30.0,321.0,6,4,5
3031,e5d7da4f04d54651bf2e1e6b0e4e8284,20170823,4,9,0,,,,13,1,1
3032,d442f5bd1a5d455e9bd5422654fd9a32,20170819,7,17,0,,,,13,1,1
3033,cd4c9c1db8454798a302da90555793d4,20170905,1,29,0,,,,13,1,1
3034,fdaa5a14d93e4e7f9d894bf2537eae48,20180520,4,10,0,,,,13,1,1
3035,a7eb597110a6446194b96dcb74370ad1,20180228,4,28,0,,,,13,1,1
3036,476ca5a138304fb380db2836ab524437,20170729,4,18,0,,,,13,1,1
3037,9ad51c28ae564b3a8bdaed195954940a,20170710,7,20,0,,,,13,1,1
3038,ba7f24c091ca46e08a3602772112c336,20170807,10,13,0,,,,13,1,1
3039,17e6fe152b184203b43a923cfd12e5ae,20171126,4,28,0,,,,13,1,1
3040,60c9a3745ca9405a908de5b240f03de0,20171203,9,20,0,,,,13,1,1
3041,600e7cf8f37140128b1fc555fea590f2,20180113,4,6,0,,,,13,1,1
3042,e12d830909754eb89f6c977439f21173,20171123,6,28,1,20171203.0,10.0,322.0,2,11,11
3043,8a1814f409a24a45a3f2289a0abe02e9,20171103,4,2,0,,,,13,1,1
3044,5e62d8eaaa8a4d918943c3e05d2cf298,20170731,7,4,0,,,,13,1,1
3045,edf0f2dda7ee4016b7a7474efd9fe46a,20180522,1,28,0,,,,13,1,1
3046,49f7291f358a4c61b3ccaff1862bd8d4,20170925,1,4,0,,,,13,1,1
3047,0a1e4c52d2124b5a81e1160e7708249a,20170916,7,3,0,,,,13,1,1
3048,a683b99ad2594fb388a6ca8a343aca25,20180104,7,3,0,,,,13,1,1
3049,001f3ce501eb4c2d94bdc9d0b0787044,20170610,7,24,0,,,,13,1,1
3050,552299367ecf455ebb960b20dca8f5cd,20180107,4,9,0,,,,13,1,1
3051,d0baae10d5c54b8191352c48352a1162,20170726,4,5,0,,,,13,1,1
3052,a26a94b64f8d48ea96b85726f44e2672,20180504,7,14,0,,,,13,1,1
3053,895946cced544b2c9bd88df59ab116d4,20170701,4,25,0,,,,13,1,1
3054,18fcae8270274e0c9aeee95beb367d00,20171008,7,3,0,,,,13,1,1
3055,8d0c31303789432aa0515eb87737c685,20171102,1,24,0,,,,13,1,1
3056,3237af10e9b4449d864022f687b4d2f6,20170720,2,22,0,,,,13,1,1
3057,026eb7bdbea54c59b310c3ed88d176f3,20180405,9,14,0,,,,13,1,1
3058,3efe5b404db64ee7890847a50a89543d,20170911,4,11,0,,,,13,1,1
3059,a8c3253500ff4da680d232301e781bbe,20171127,4,3,0,,,,13,1,1
3060,514a5958bd8849d4ba813ab4afe45732,20170814,2,14,0,,,,13,1,1
3061,ee1fa470762f413a9324b5378d447b28,20171126,7,7,0,,,,13,1,1
3062,c7990b738aba492e8868204cc8699ec1,20180212,4,17,1,20180313.0,28.0,323.0,11,4,1
3063,9042828d3df64ea1986567f362c09766,20180214,9,3,0,,,,13,1,1
3064,5b6d0170e88e4085bfec617994297d23,20170721,9,24,0,,,,13,1,1
3065,e1491b4273fa48d8a516c6485cb9bff7,20170608,9,9,0,,,,13,1,1
3066,ec036c384e844337b8aa5ce5cc8a8586,20170907,4,7,0,,,,13,1,1
3067,de14ff6b034148248b8ad5abb8802025,20180303,4,2,1,20180317.0,14.0,324.0,3,9,9
3068,29560730d08844eaa2bfa16446153a59,20170721,2,22,0,,,,13,1,1
3069,ee746f15818e4661b4f9a18097bf08a7,20180214,4,16,1,20180228.0,13.0,325.0,6,9,15
3070,77c8d2e0886c4b78964cd87c751ea395,20180524,1,7,0,,,,13,1,1
3071,c49e96c13a324f2ea1b4cbc6182ce650,20180112,1,7,0,,,,13,1,1
3072,62651f729ad04dd1b5698fd1f4804e99,20171129,9,15,0,,,,13,1,1
3073,fa408908fe0e4bcba1f79749d88d0176,20170918,7,17,0,,,,13,1,1
3074,7c16b0d1c4ba4215a2b2729a67f6f8e4,20171226,4,24,0,,,,13,1,1
3075,b7e89e6a6c9d43bf9fb825e0eaf76d9c,20171108,9,18,0,,,,13,1,1
3076,8d510d3781e74c7fbc87ebda0d1a7074,20170727,8,4,0,,,,13,1,1
3077,0be29b069f014680848eb7dab822ef22,20180209,2,28,0,,,,13,1,1
3078,2665c98513b64a4ab384dbe88744494c,20171026,4,2,0,,,,13,1,1
3079,f95037046d6e4613910ce64e9177dcab,20170621,4,8,1,20170722.0,31.0,326.0,1,5,13
3080,31532ddcec3c4c3184b05fdd7266cdcb,20180208,2,30,0,,,,13,1,1
3081,112396517fe445b681bcb56debca673b,20171024,1,29,0,,,,13,1,1
3082,c58982202c104d889b76d1f6db5ca432,20171107,8,17,0,,,,13,1,1
3083,c144c87b704d4d18b6e3aee6ee2bafca,20180311,4,1,0,,,,13,1,1
3084,540caccb03b447eba712b9ef8553f604,20180106,9,10,0,,,,13,1,1
3085,f6fc5450a18047dda071703333d34aef,20170706,1,11,0,,,,13,1,1
3086,9375a4543d2642188d4f7b0a37cbc739,20171206,1,26,0,,,,13,1,1
3087,18b524b0a68f468f9b9cc407aa4ee0f5,20180512,7,11,0,,,,13,1,1
3088,561fc86974b449dbbbe52cab02340569,20170724,4,18,0,,,,13,1,1
3089,4e673a2cb397444c8fcb8857bd0393a7,20180223,9,11,0,,,,13,1,1
3090,0f41dd7f951144fdbe577f3b897f7a54,20170714,4,4,0,,,,13,1,1
3091,f9a12606ca074dd89a3178eb960ad146,20171220,7,28,0,,,,13,1,1
3092,965994430f734427b32c8cc24a52d3b4,20180330,2,2,0,,,,13,1,1
3093,824026031daf4fdc89fc4218dba1d5de,20170826,7,16,0,,,,13,1,1
3094,df6a97a1465744beaed9b8d4d57c2305,20170910,3,9,0,,,,13,1,1
3095,5f1e9dcf950b4195b3fc0932308b2ccc,20180401,4,25,0,,,,13,1,1
3096,6bcf4e4e6f1146fc825409ba40b12fb6,20170928,1,2,0,,,,13,1,1
3097,f7105d91e25e49f7a69af9397895c64b,20180211,6,24,0,,,,13,1,1
3098,b8444219165f48918201eb1f022f23ee,20180601,4,14,0,,,,13,1,1
3099,214378467da34df8845427d412db49fd,20171018,4,30,0,,,,13,1,1
3100,f8ae26539d374698b9b785f5a691ebcc,20171130,7,11,0,,,,13,1,1
3101,51feef1ff6c64eed88fd87c3eef1c709,20180405,4,13,0,,,,13,1,1
3102,2d9056158af247cca75b451444763684,20180217,1,4,0,,,,13,1,1
3103,99fb73900a21401b99d5ea87bbfddfd9,20180119,5,25,0,,,,13,1,1
3104,a056a1a6936d4364a452f27a11af329c,20171007,7,13,0,,,,13,1,1
3105,fb6207e0fbcb489397af64b5a7d8daae,20170927,4,4,0,,,,13,1,1
3106,c29fa85d31e340688a09eecded5f63e1,20170616,7,2,0,,,,13,1,1
3107,1b0100feab3f447c87bff242fff96193,20170628,1,13,0,,,,13,1,1
3108,fd032946eb9043739271ce9b25e897f3,20180514,4,7,0,,,,13,1,1
3109,cb7a9d64b2ef48a6a2c4986537fc6ea7,20171213,9,11,0,,,,13,1,1
3110,4014d4ff594845d49c1d0aa73fe2748c,20171115,9,1,0,,,,13,1,1
3111,743e4a78ecca4f26815221090202f5c9,20180415,9,25,0,,,,13,1,1
3112,ee398e55db0c49529afd652550e8379e,20170710,4,24,0,,,,13,1,1
3113,0f6c49d1756f41ea83b7d1bd22665cfc,20180208,1,9,0,,,,13,1,1
3114,feab91de8f3043b598d0317618c9d357,20171029,4,13,0,,,,13,1,1
3115,8762a04713c145ffac16cc6dc2e96c01,20180214,4,21,0,,,,13,1,1
3116,2a16004fbc3a44219db5f91c251b0cfb,20171123,8,21,1,20171207.0,13.0,327.0,9,7,14
3117,949e0842a46e4215af5fd469ef96ce36,20170610,1,15,0,,,,13,1,1
3118,c4d2d32c9b83417fb2465e51ee11a1e7,20170731,4,18,0,,,,13,1,1
3119,ecca9475175a4188a95f45c81bebd9e5,20171109,4,18,0,,,,13,1,1
3120,fe1344472d5948b4b781fc92559484f5,20180122,4,27,0,,,,13,1,1
3121,aa8a356ed28d476abc7edc1f71224012,20170830,4,11,0,,,,13,1,1
3122,5c2efd3a3f0d4ac6ace8b349ff9d5f2d,20171103,4,13,0,,,,13,1,1
3123,a2d6298edd5b401dbf81b79947537ae2,20180107,4,1,0,,,,13,1,1
3124,e51ecf6e702049db9c1ca31bd066ec75,20171217,7,24,0,,,,13,1,1
3125,1ed5bb1a477c44f685c306203982bd43,20170727,1,11,0,,,,13,1,1
3126,0dc6468819e049848f07b19ae0b3b7af,20180207,9,11,0,,,,13,1,1
3127,a92a468ea69c41248f4c77b310c4c271,20180304,1,13,0,,,,13,1,1
3128,3f746c4f44f443f39fca8c0da0b23d25,20180130,4,10,0,,,,13,1,1
3129,3b6db34c68dd401b9a8bd9a46afdb343,20170820,2,27,0,,,,13,1,1
3130,5885ed80f2c04b3d887bd2a3f747b493,20171218,3,13,0,,,,13,1,1
3131,fc27390894824d9d9f27f2243a318e13,20180330,3,29,0,,,,13,1,1
3132,3a7156bf4c634c61869b64979a2883dd,20180513,3,24,0,,,,13,1,1
3133,370506b63c5440f795cb7ef7c984bfa7,20171024,5,27,0,,,,13,1,1
3134,7a7751fc3eac4ed7996ac4797af89758,20170615,9,27,0,,,,13,1,1
3135,018ac763c6794e67b7b90924520e7abb,20170805,4,16,0,,,,13,1,1
3136,9f74a5e4fc484969a2a4cd988a282116,20180326,9,24,1,20180401.0,6.0,328.0,4,4,12
3137,c5b0c24cb6d942b687f2de45ddad33ed,20180417,1,30,0,,,,13,1,1
3138,839b79ee97274dc6b4018a785c59c564,20170720,1,16,0,,,,13,1,1
3139,96062550293b4d45a9d928e32ed09293,20171130,9,16,0,,,,13,1,1
3140,bab0b20006144f9b9652442dbb3d3981,20170629,4,17,0,,,,13,1,1
3141,bdacbac0b57d4d019b85591556b70979,20170929,7,1,0,,,,13,1,1
3142,21c2b1091e3c4741a5fd06250af0f46b,20180331,5,22,0,,,,13,1,1
3143,cd2fc16aaab3437694c27a850797a39e,20180519,9,10,0,,,,13,1,1
3144,db8b431cb4f84c33a0cd215138328a8d,20171104,9,8,0,,,,13,1,1
3145,aac55cf57d554192ab829cab2d31f596,20170826,4,21,0,,,,13,1,1
3146,7d1b5d457ae34f458eb0070f256c0918,20171114,7,18,0,,,,13,1,1
3147,1e8980c6d57042449b04dc669422427e,20180503,8,14,1,20180519.0,16.0,329.0,8,6,10
3148,a43a497620874e09a84b83b5e715ffd7,20180219,1,19,0,,,,13,1,1
3149,f7589666cbc44a129d6602ac98b8d332,20170611,3,14,0,,,,13,1,1
3150,5c26a2789b7d487a94f0b31f581bf55a,20170612,7,30,0,,,,13,1,1
3151,53143db2d0cc4ccd86be41647890671a,20180320,9,8,0,,,,13,1,1
3152,9057aa91fe3d487f99ee558d218fc543,20180321,4,5,0,,,,13,1,1
3153,28bbce2ca5154a0e9b0f034e26767a6c,20180206,1,28,0,,,,13,1,1
3154,6418a389a9a441548c5c5e00d8eeb25c,20180512,7,8,0,,,,13,1,1
3155,4ee5fbc72a064facaeb7e31264afa987,20180210,7,5,0,,,,13,1,1
3156,f0609074c2204811b62c6e9f8e1042f6,20180508,9,7,0,,,,13,1,1
3157,7f27714c640749d8b07efa92a33d8f3f,20180411,5,16,0,,,,13,1,1
3158,68145cf6293343fb842d0b760b431e10,20180110,4,13,0,,,,13,1,1
3159,9a58f16277ad4421ba31723678bd3764,20180422,3,20,0,,,,13,1,1
3160,2802f05c0f224116904983f2f44b5c33,20180302,7,1,0,,,,13,1,1
3161,51847a67edc74f9bb0613cbb66b28605,20171014,7,1,0,,,,13,1,1
3162,fdbc523931ff4d8c8ae1402fd0bc9a50,20180321,4,5,0,,,,13,1,1
3163,91d01ca44e2a4ab6b1225e8cdc597a1f,20170924,7,2,0,,,,13,1,1
3164,aa644efe33ab419bab91baaa7381a2e6,20170718,9,25,0,,,,13,1,1
3165,a147b6b2f36b4ae084bac46f6c5cedd1,20180331,4,19,0,,,,13,1,1
3166,76e3f38cc286455db9e16d0299fe90f1,20170705,7,5,0,,,,13,1,1
3167,c20e2206bff94be99761cf810c3736b9,20180227,5,15,0,,,,13,1,1
3168,73215d2ec61f4ebaa1ae981079daa62a,20170916,4,5,0,,,,13,1,1
3169,518b54e1b1cf49b7bb745a6aa88ea22d,20170710,1,20,0,,,,13,1,1
3170,0cfec99da0ca4174ae5819ecd1134da0,20171102,7,5,0,,,,13,1,1
3171,82fce68bc64e4544ab29fec00cf186c0,20171101,1,11,0,,,,13,1,1
3172,60eda05132ad40d1bf26cf4475373370,20180304,4,9,0,,,,13,1,1
3173,7a0816c2fe3e4a0c907993f346f19ef2,20171230,4,19,0,,,,13,1,1
3174,1ca0bc883b5d44d9a831d64ace3824ae,20180416,4,18,0,,,,13,1,1
3175,5eff77ab647b4afeb8719a56b6c8f2af,20180510,4,7,0,,,,13,1,1
3176,445bdf121df54172a22a22de0dfd4bc4,20170610,4,28,0,,,,13,1,1
3177,265dd7d3f24649d8a939946b55fd8061,20180220,1,14,0,,,,13,1,1
3178,7c8ec85c4bca407a86097d322b05a9c6,20180211,8,11,0,,,,13,1,1
3179,0c68fb3d8b804e0cad4da5caa22e2e84,20180126,3,22,0,,,,13,1,1
3180,d1efbe21cfc44df58990dbff5271f170,20180423,1,5,0,,,,13,1,1
3181,0c77536ba00941b598c7a23cc0a0a92d,20180411,4,22,0,,,,13,1,1
3182,b30a4f5c86e24aa48abf64ff2348a0d9,20180317,7,27,0,,,,13,1,1
3183,88a81ef74c7f4d94952d9c01aeaf6931,20180223,7,16,0,,,,13,1,1
3184,6244be395951485f878deeaa931e4253,20180123,4,17,0,,,,13,1,1
3185,12f226cbbfaa4d70bc65bb6e11d53b95,20170817,9,10,0,,,,13,1,1
3186,95348ff845fd4a569f2ed1ae0f8d86e4,20180109,9,8,0,,,,13,1,1
3187,e276dc03734745b6be3203f65b74db80,20170703,7,9,0,,,,13,1,1
3188,fd0cfbae19244eb1a5ae005dae9fd7ca,20171229,7,20,0,,,,13,1,1
3189,07f6dedaf6934685a89840f9a7814323,20171025,3,7,0,,,,13,1,1
3190,08f3b676885e4e8ea2b1983e18c9e673,20171010,3,17,0,,,,13,1,1
3191,fcfced17d1a246978412813ee3a0dec1,20171225,7,25,0,,,,13,1,1
3192,d2603155eb604458ae82c40d487b537d,20170816,5,26,0,,,,13,1,1
3193,1c3932f67f3041f7872a8ac57a80f31d,20171004,2,18,0,,,,13,1,1
3194,a13e8cd6d62c4941868344dc7354f11b,20180204,7,15,0,,,,13,1,1
3195,e2ed305c65bb44ca9235b224420bf896,20180103,7,12,0,,,,13,1,1
3196,c858670c63584b37b71f84660f660db7,20170619,9,7,0,,,,13,1,1
3197,c01e2637fb924ea09d78bf0ce4ed16ce,20171018,2,26,0,,,,13,1,1
3198,523742c7c23f43bca5755850f74d2664,20171011,8,11,0,,,,13,1,1
3199,624c72b202bd40a18783b4ac4d4ddd1e,20180309,4,23,0,,,,13,1,1
3200,e6bfb40c002047c8a650a1fa2b53a15c,20170622,7,5,0,,,,13,1,1
3201,ac85a9cfa3d1478d9cb9cc99fc98607b,20170611,9,10,0,,,,13,1,1
3202,056d111854b14b76bcb605fd78cf9438,20170713,9,29,0,,,,13,1,1
3203,c716d96736474d088c2c6d2d985f8320,20171031,4,12,0,,,,13,1,1
3204,e982b211cbfb42709ba24d57878450db,20171226,8,11,0,,,,13,1,1
3205,d57a09403c844066afed1a93c4ec2861,20180503,1,30,0,,,,13,1,1
3206,ab001b4ddc544dea9167d7560fb3dd5e,20170811,3,25,0,,,,13,1,1
3207,ccb56041e55245a08a6e247c75505c99,20180320,8,22,1,20180327.0,7.0,330.0,7,4,2
3208,4f4c09cefe014c4b8e8c3d6ad0ca6a6a,20170801,1,11,0,,,,13,1,1
3209,4993076eceda4346beba1579ae5cf647,20180325,7,19,0,,,,13,1,1
3210,aef61aaafdc64bbabdc908793e41f407,20180210,9,17,0,,,,13,1,1
3211,488da9b1200347319f3eda9cd214fc81,20180404,4,24,0,,,,13,1,1
3212,21d1a4c976854890ad704b6b4664767d,20171108,1,20,0,,,,13,1,1
3213,2b8bf0ce42254d29afd8b24f986fa321,20180327,4,5,0,,,,13,1,1
3214,caa367a8023840718eb7030de8297b7a,20170929,1,9,0,,,,13,1,1
3215,159a99b7a7c34195964a9bfbe17d2049,20170813,4,7,0,,,,13,1,1
3216,3184be2a9e334dfa9eecf5636586e419,20170918,4,18,0,,,,13,1,1
3217,ab20e148628b4b7093694044abf4b9c3,20171227,4,10,0,,,,13,1,1
3218,0d73d44734824f9d98e9761c0bb0d392,20180329,4,13,0,,,,13,1,1
3219,5a736b8eaead4b029b853b6ad69c54e1,20180301,1,28,0,,,,13,1,1
3220,f3104c28184048e79041f6148c1f5cdc,20170728,1,21,0,,,,13,1,1
3221,50f428f78fc24121ae160f94fcd0cc56,20180103,9,11,0,,,,13,1,1
3222,e8c8fe34305147a8bc9df82b1836c096,20171005,4,12,0,,,,13,1,1
3223,1b1cae9631a6461195a046312e28860a,20170814,4,13,0,,,,13,1,1
3224,44f3b7ad3eb7423b82e9740d87b10061,20171206,4,26,0,,,,13,1,1
3225,f1780a31526149d2b9c86ae93b43bb3b,20180427,4,27,0,,,,13,1,1
3226,4c1a68cc77fb4845b7a027ef697e59f0,20180506,8,28,1,20180612.0,37.0,331.0,5,3,10
3227,5c007f5212a14116a3aec6cd25cb9c7d,20180510,4,19,0,,,,13,1,1
3228,4563c0a6ebc24dd398932d145b3c3169,20180310,7,1,0,,,,13,1,1
3229,ff3194007acb44e48b56999a4958ea52,20180424,4,12,0,,,,13,1,1
3230,a76e91b5708a492abedd4b19aa76290f,20180517,4,21,0,,,,13,1,1
3231,9f033cd006d547bc95271b1162ec0701,20170930,9,30,0,,,,13,1,1
3232,cb128191d7a6478181c8cd7124902ae9,20170605,9,22,0,,,,13,1,1
3233,0a4de8e2abb746b1abd41d1d0797453a,20171009,4,3,0,,,,13,1,1
3234,17b1fa160fb7402ab10d31b4154ef537,20170929,4,9,0,,,,13,1,1
3235,d297e6b1518646f4a7ec2bc2ee8edcfd,20170822,7,23,0,,,,13,1,1
3236,bac1d52d15d14db3bfdd2f24fefe4e73,20171110,4,15,1,20171119.0,8.0,332.0,5,4,3
3237,1d23d6baf417480a8fec51d96fc98cb8,20170618,4,10,0,,,,13,1,1
3238,81ab066f23b545ce870fef7d60af8d2f,20170712,2,13,0,,,,13,1,1
3239,f2cd482ec11c44cda18f7b7f56c09eb6,20171229,9,28,0,,,,13,1,1
3240,64d70fddfe5a4f8892b25669a0de0300,20180103,9,20,1,20180125.0,22.0,333.0,8,10,4
3241,62df7bbbaf704e3c9a4a42c45795e1d3,20170822,7,6,1,20170901.0,10.0,334.0,3,11,13
3242,964aca57ea934799ab023e812a634448,20170704,7,15,0,,,,13,1,1
3243,ca42bbf867404d8a93252c61823b690c,20180405,9,2,1,20180520.0,45.0,335.0,1,7,5
3244,eaf8c1359a9d47a49810cb04d862af01,20171115,1,28,0,,,,13,1,1
3245,eb4c623149d74558869ee588c943ba68,20170615,1,23,0,,,,13,1,1
3246,4709afe6af5c45bd9b041f7eb6d28339,20180425,4,23,0,,,,13,1,1
3247,bb5db14e928b4cffa10b7e2c97c9c5b4,20180114,9,4,0,,,,13,1,1
3248,ed0d3ded3ff5426c96ad950190ce6f94,20170602,7,9,1,20170621.0,18.0,336.0,8,2,14
3249,6a7397c1224a4b2a97fd744e9fdc352c,20180418,8,8,1,20180427.0,9.0,337.0,1,10,15
3250,31bd930943364dd2b94ae5a53e28289c,20180322,9,25,0,,,,13,1,1
3251,7bbf39b410c948e0aca4c40255024706,20170820,9,6,0,,,,13,1,1
3252,6a828cfed2f5400db7376965aa02ee00,20180601,4,24,0,,,,13,1,1
3253,9d728a2f2ea746198213a3f6d6521e12,20170806,9,11,0,,,,13,1,1
3254,68191e7b6163401ca8626b39ac4128d0,20171228,4,18,0,,,,13,1,1
3255,896e3d98084f42188b3528faaf77394f,20180131,7,19,1,20180204.0,4.0,338.0,6,3,8
3256,2e1810675147479e8551978c081d7cc3,20170828,4,20,0,,,,13,1,1
3257,2d529ac1e5c84c629b55e0f5c8e85099,20171115,1,9,0,,,,13,1,1
3258,2a923f82f8754762960743df84fe583e,20170714,4,16,0,,,,13,1,1
3259,980725a7c4384bfcbd6aacc8f79961af,20170902,7,12,1,20170906.0,3.0,339.0,7,9,8
3260,5078a9d34dbf4717ac6cafecd2ebfe7c,20171211,8,17,0,,,,13,1,1
3261,d4ad8c1394f44eb88181f87ccbfd5625,20170611,4,22,0,,,,13,1,1
3262,1911eb936f6d4ef7b43bf95a10403ecb,20180313,9,29,0,,,,13,1,1
3263,80d0d2275478425e825d648d60070903,20180417,7,22,0,,,,13,1,1
3264,5a863ff569804e938f247d55e48fc43d,20170716,4,9,0,,,,13,1,1
3265,d7474f94e8774f6bb51e64cb09270393,20171013,3,27,0,,,,13,1,1
3266,a72bc394aa4745359f39afebdbb326ae,20171223,4,15,0,,,,13,1,1
3267,304de76955ce4b3281d0dbc00119ce41,20180404,7,4,0,,,,13,1,1
3268,8a2d293072c349f5b04b4c72dad4b693,20170716,9,7,0,,,,13,1,1
3269,232c0525d8e646a48c95ccc5c9e865b8,20180318,9,26,0,,,,13,1,1
3270,86e07d0e7e1d4243a11b3fe682b39bbc,20180225,1,24,0,,,,13,1,1
3271,d5e3fcfa097940ebb546054e44111a91,20180119,4,25,0,,,,13,1,1
3272,338cd718f0804417ab28edce16e3c346,20170923,4,9,0,,,,13,1,1
3273,9d6f333b917e4f7ebb85a75f80d136b1,20171015,1,2,0,,,,13,1,1
3274,a58f6aa2c00249bb92cc501c2c599899,20180209,9,4,0,,,,13,1,1
3275,635a007f72964894ae55f3e029facb40,20180107,3,29,0,,,,13,1,1
3276,40020202af7f4604a3d98b2b12a46855,20170919,3,2,0,,,,13,1,1
3277,f902c27d30fc459b9cbe184c3d252a52,20180513,3,15,0,,,,13,1,1
3278,097ac8bf9c8645c1b1714298c008f08f,20170901,7,5,0,,,,13,1,1
3279,a131a9f4d7dc4df5a8dc0ae9d75416e3,20170814,7,1,0,,,,13,1,1
3280,db48c72325e141f880bf3dd16593f056,20171013,3,29,0,,,,13,1,1
3281,1524cd74d40d40cab6ad61192f9ca4fe,20180117,7,16,0,,,,13,1,1
3282,a991cdaad6a641ebb06ba9bb627f6edd,20180326,4,18,0,,,,13,1,1
3283,c1c9468054b6499783f9f2740d289931,20170714,8,13,0,,,,13,1,1
3284,ecafec75de9744399aec99499a951edb,20170808,8,28,0,,,,13,1,1
3285,65ec359c2262411ca4e20f1f3e8903d5,20171221,7,28,0,,,,13,1,1
3286,f645aa27acbb4a4c8e96189f61d97acc,20171214,4,2,0,,,,13,1,1
3287,63759e615c774691a422a233a99946af,20180402,7,3,0,,,,13,1,1
3288,4e57d21cfbfc4380b69401a510686420,20170719,3,27,0,,,,13,1,1
3289,2912031e9cab4b1095d34edaca87046e,20170627,5,22,0,,,,13,1,1
3290,75aff489d9e249a682ff83d754f3a360,20170929,4,22,0,,,,13,1,1
3291,94d2686e7b234f0fb0145d9aab21d3d0,20171129,4,11,0,,,,13,1,1
3292,bfcdd29ad2f2476dab7f85fb86d6f5e9,20180403,8,26,0,,,,13,1,1
3293,d319427daad941c38b5dcbd285c4fe10,20171008,7,29,1,20171027.0,18.0,340.0,7,2,8
3294,7bafd689cfb34080a5bf7d11bb40f34e,20171213,9,30,0,,,,13,1,1
3295,b460fcae7af6448faa6e3d76e9934ec5,20180510,2,4,0,,,,13,1,1
3296,30ef434ca48d4f6c818fb8f0a58d3104,20180314,4,14,0,,,,13,1,1
3297,f59b5a25fcc44d108ff34c9769803b0d,20170831,9,7,1,20171002.0,32.0,341.0,7,5,7
3298,0379a4ade5514fe093fc6db5d004090d,20180213,4,22,1,20180228.0,14.0,342.0,7,7,12
3299,31a26883139d4385be1bc51120327293,20171121,7,4,1,20171206.0,14.0,343.0,6,3,2
3300,758bc0faffc34208a100578f3181382d,20170716,3,28,0,,,,13,1,1
3301,2167bfe4d8f94b5b86afa64a75729936,20180227,7,4,0,,,,13,1,1
3302,efdebd708855475e8975f09e23d7c702,20171012,10,8,0,,,,13,1,1
3303,cd6d3aebf881449b9ab4a5e5dcb846d1,20170623,9,13,0,,,,13,1,1
3304,5d62521fe3e94a8391573e82f4ed2c6b,20171022,7,22,0,,,,13,1,1
3305,5bfe47bd3ff74fb1816e8c086a4b846a,20180107,4,12,0,,,,13,1,1
3306,e17b8cee895645aea3584db0c1b72339,20171013,7,20,0,,,,13,1,1
3307,01aecc1be2004be2af628b9aa006ed32,20171014,7,8,0,,,,13,1,1
3308,425f407632cb4c819636ff9bd67f6004,20180110,4,8,0,,,,13,1,1
3309,238edd16d0a845619d283759990b7e2c,20180207,7,21,0,,,,13,1,1
3310,422d283cc9254c99ad91b357ce06b8d4,20180503,7,5,0,,,,13,1,1
3311,9c015b36983946dda909496cdb9f038b,20180112,1,9,0,,,,13,1,1
3312,2057b74caa444b21a809a83a4c1be8a6,20170816,1,17,0,,,,13,1,1
3313,f288b82336844cdba596536100d009b1,20170902,1,13,0,,,,13,1,1
3314,d7f9983d49cc445c9f6aecc49d481138,20171012,4,28,0,,,,13,1,1
3315,86c52c32d105409bb4c51faa942889a3,20180126,4,25,0,,,,13,1,1
3316,3d1b3b89339c4e039f25e81b119bc5e0,20180209,1,18,0,,,,13,1,1
3317,4def4aaae2ca4b99ba83c68315990318,20171130,7,13,1,20180122.0,52.0,344.0,1,9,3
3318,4691c866da5b45b6a371f5fcf917777e,20180121,4,25,0,,,,13,1,1
3319,32b0a12d324f4fce8df46d0c3d653dee,20170815,3,16,0,,,,13,1,1
3320,d7ee48ad1a6f484b93c745893b83026e,20170718,3,10,0,,,,13,1,1
3321,4a158e5378c0404abfd110ec6fb4ec90,20171024,9,20,0,,,,13,1,1
3322,27aa8ad01316432cb90f9c2d6bcbb2a8,20170826,4,20,0,,,,13,1,1
3323,5ab9198179584380a4d5806aeb52fc72,20171018,1,12,1,20171025.0,6.0,345.0,9,12,5
3324,132248b744314356bab1eb68e3f36df6,20180506,9,9,0,,,,13,1,1
3325,e49d33b67fa94f669df1b63778056c4a,20180326,3,6,0,,,,13,1,1
3326,7c17bcd9d189406c9924c85207c8f7c3,20180320,1,15,0,,,,13,1,1
3327,4c0620955fb5413ba18a2e1bf61fa032,20170710,3,24,0,,,,13,1,1
3328,7d6591b20deb4387bb07bd05acd0d263,20180211,9,12,0,,,,13,1,1
3329,6f2afbeee80b4a098564bc4f5b56a7eb,20171116,4,1,0,,,,13,1,1
3330,c163a747aef940da8f5b815ed9291af5,20180515,1,30,0,,,,13,1,1
3331,49321d6b519646d7bd390b5103292bc3,20171209,9,22,0,,,,13,1,1
3332,1a4d7ea3696848908bd4be4aae169c2e,20170725,1,4,0,,,,13,1,1
3333,337b3dc6b0534b589e8f9387faec5f43,20170615,4,18,0,,,,13,1,1
3334,727309a6d3d84b61a5d15bc312a3f410,20180529,4,18,0,,,,13,1,1
3335,26581303319c402d8df71f4406ec2f27,20180418,8,29,0,,,,13,1,1
3336,378adb0f92ae42c9bb0878ed6b4c4f39,20180503,1,8,0,,,,13,1,1
3337,5cfb7427299f42b78c581ecb2ad57646,20170623,5,29,0,,,,13,1,1
3338,780a55bda98a428591f74345b82eb51d,20180118,1,2,0,,,,13,1,1
3339,520e9aa107d244a1a91cc822c28954a8,20180319,9,9,0,,,,13,1,1
3340,2ba1c1bd564344ad90f18ede362f2faf,20170625,1,1,0,,,,13,1,1
3341,42bdc6c68c064ee1a928ef35475d689c,20171113,8,2,1,20171208.0,25.0,346.0,9,12,12
3342,395088a0cda24043a1c1ea9c67404ce7,20170707,9,29,0,,,,13,1,1
3343,00a18b8b48644a67b64e6b74c579bb9f,20171213,9,30,0,,,,13,1,1
3344,6d97f8c91802488e88707055979ee2a7,20171009,4,17,0,,,,13,1,1
3345,9856520f38464c7fb6151719be563553,20171222,7,26,0,,,,13,1,1
3346,0de665956c424e06ad1d6cc053f64c8f,20170915,1,30,0,,,,13,1,1
3347,b54304afdfd645f88830ec1147b881bd,20171224,4,23,0,,,,13,1,1
3348,818c9101d9ff4604bd554ab42b7d1a03,20180501,4,25,0,,,,13,1,1
3349,8633c757301b42c69badf4cc7ab3145b,20171031,7,5,0,,,,13,1,1
3350,9b7043de898e40109b971d946bff210a,20180108,4,12,0,,,,13,1,1
3351,40432e706bf2442686b7349adcbd0f5e,20180517,4,4,0,,,,13,1,1
3352,739adbc9c62140aba88388518b5d7862,20171201,7,20,0,,,,13,1,1
3353,ceba1f51992a458f9ddf94483d2951c1,20171206,5,9,0,,,,13,1,1
3354,1a4d7d8e0c4a4550b608065171eeb852,20180206,9,12,1,20180220.0,13.0,347.0,3,1,6
3355,0c99ce482876405db2e889662242afe5,20171216,4,19,0,,,,13,1,1
3356,e92d69c5abc041cc8a48a3ebcb62ee85,20180316,4,15,0,,,,13,1,1
3357,95aa767c6a784b7281ad72f2c6d774f1,20170717,1,5,1,20170819.0,32.0,348.0,6,12,1
3358,f4699073285c471e973da8b1394dcced,20171206,7,7,0,,,,13,1,1
3359,92355931a41649299825b89565912347,20180109,3,15,1,20180124.0,14.0,349.0,12,11,14
3360,e7e486be05224e3f8cd3563e7dbf4f38,20170718,1,6,0,,,,13,1,1
3361,569568e36ca249c298470ebc0a46267c,20171122,3,11,0,,,,13,1,1
3362,c5ee59ff41924cdc87db0b29b540526c,20170923,4,11,0,,,,13,1,1
3363,2db91d18a021426db2addadabe3410b9,20180601,1,22,0,,,,13,1,1
3364,02ed0423f4dc4734b5e86b00b8345203,20180209,4,23,0,,,,13,1,1
3365,c279c36abb884e58a2eba34a73730263,20180428,5,3,0,,,,13,1,1
3366,6137e02aff9f4337aeba100d70282e72,20171027,9,15,1,20171204.0,37.0,350.0,12,9,7
3367,eb14e96adc9b4d3f911e8a3b3f516e3c,20170711,7,1,1,20170721.0,9.0,351.0,4,5,2
3368,98608f3a297844e1b7820872d5824471,20170816,4,11,0,,,,13,1,1
3369,97b9aee2012d4416a5a536fa1d4676fa,20171101,4,6,1,20171110.0,9.0,352.0,11,3,7
3370,52c0ab8004f549c3a425cd9d8caf0b5d,20180105,1,14,0,,,,13,1,1
3371,52b7efb703e24488a54a011a7547eeba,20170625,4,3,1,20170809.0,44.0,353.0,3,6,4
3372,831853a2f767442f9bf73c3860e6cb67,20170624,9,25,0,,,,13,1,1
3373,638fd72b5fd84b13b92826b0eb594525,20180217,4,15,0,,,,13,1,1
3374,e3764174ac604e60ac85a3bc987666a8,20170719,1,11,0,,,,13,1,1
3375,f248bbcaeb6245e0b9e8971af3f0ba35,20180319,3,16,0,,,,13,1,1
3376,911b39d553594518a6a2da059451638a,20171009,3,3,0,,,,13,1,1
3377,cb6e3d50d0f74005ab46cce306c3768c,20180213,1,25,0,,,,13,1,1
3378,554a4f9998ba4cb3bfaf97269e711eba,20180505,4,7,0,,,,13,1,1
3379,dd8c46041ceb4e3dbe87a88a033c98b2,20170902,4,27,0,,,,13,1,1
3380,09c94359ceda413c8cc915b6586fc2bd,20170713,1,12,0,,,,13,1,1
3381,2e0092ddaeb84f33853eeff8398c3b06,20180527,7,8,0,,,,13,1,1
3382,e7fbc0123cda47ed85569a7339e632aa,20180328,7,24,1,20180403.0,6.0,354.0,9,5,11
3383,3d58edccfdf54cb7a57f6c3e1cfaeb7e,20180510,4,29,0,,,,13,1,1
3384,fefe0709afc242369f52871cb4e4d2dd,20171014,4,22,0,,,,13,1,1
3385,9ec7759075b54a058af6307aae8ccb47,20170904,4,7,0,,,,13,1,1
3386,13e7430493e64064988415dd4d863db9,20170711,8,19,1,20170725.0,13.0,355.0,12,12,12
3387,c3e8bfb6c655435bbb5434f09d5b0704,20180511,4,15,0,,,,13,1,1
3388,122239075ac244b4a2824f0c7b1b0de0,20180301,9,26,0,,,,13,1,1
3389,0c09f9a2aa5b49318e96cd71df22e262,20171220,4,26,0,,,,13,1,1
3390,ff06be6f39524bfeb2ba3a539b661082,20170827,1,13,0,,,,13,1,1
3391,493752d711154d489a8a2c7630d05446,20180122,7,10,0,,,,13,1,1
3392,4d2fa2e6d5b3405b9de533866a4bd8f2,20180503,8,2,0,,,,13,1,1
3393,b4c86da32bc34c95a6916eb901fb66d2,20180205,8,29,0,,,,13,1,1
3394,a860b7056aa2458aa41b3d01a0266c1b,20180412,7,28,0,,,,13,1,1
3395,cdecf0ea7e684684a498e18465a62bd5,20180511,5,5,0,,,,13,1,1
3396,a588e8b1cb534ca58d52d3e5aec1e8d3,20171102,10,4,1,20171116.0,14.0,356.0,7,6,13
3397,f7f9fdb77eb34f6d81c2624ad7856ed6,20170809,3,9,0,,,,13,1,1
3398,d834a3efe4ac49afa8263c7e92597117,20170728,3,28,0,,,,13,1,1
3399,4705ec23ee4a4103bd9b62b39d4a1cf3,20170905,4,9,0,,,,13,1,1
3400,561ed6cce7f74d0084c67a3027c5d629,20180202,9,4,0,,,,13,1,1
3401,ad4237911b6448659047f7143b16c3e1,20180429,4,15,0,,,,13,1,1
3402,fba09eda9de6465a802e8c302077af0d,20180417,4,9,1,20180515.0,27.0,357.0,11,1,2
3403,89bbea64e0794519bc3d13ab5d42314a,20170715,10,24,0,,,,13,1,1
3404,ee674cc73ea0477084f191bbd6f81d24,20180124,7,13,0,,,,13,1,1
3405,efacc258f6b14498b6d697b958969041,20180103,1,25,0,,,,13,1,1
3406,e5cbda6c028347809c88bb4d910fdcbe,20170825,3,2,0,,,,13,1,1
3407,508867ed8893418883ed95ae35ebaefb,20180526,8,13,0,,,,13,1,1
3408,4f6a4f60c1ed4a4c8d2fb7d40df5c046,20180128,10,10,0,,,,13,1,1
3409,8526c5f6b237433994d998f526c8d727,20180117,4,17,1,20180208.0,21.0,358.0,4,2,11
3410,bef1baab68144bccad37c4bfb5858db5,20170912,4,14,0,,,,13,1,1
3411,ffaa74c933cf49c9b392e2dc43ff2f4d,20171218,7,8,0,,,,13,1,1
3412,2a5c403a61eb477b89df345c3e301544,20170605,4,23,1,20170623.0,18.0,359.0,7,3,4
3413,3640f47da1db4b4aa963f813571bcff6,20180601,4,15,0,,,,13,1,1
3414,ccda4297dae5487c9153b8ef121ad668,20180209,7,29,0,,,,13,1,1
3415,0a46f465b9fe4b009fcf6c36b0928432,20180311,3,27,0,,,,13,1,1
3416,70e0d15741f44ae19f5772219497dac2,20180205,9,13,0,,,,13,1,1
3417,d30e5f4ee9d34f05a4212720657e927a,20180218,7,2,0,,,,13,1,1
3418,baaa287224a04e059375d26714b37136,20180410,1,17,0,,,,13,1,1
3419,46a20a80ba87449eb8d9f71fd1e92c2a,20180601,4,6,0,,,,13,1,1
3420,7f6f29fb130742a8811a34e252a42596,20170610,4,14,0,,,,13,1,1
3421,f3905bd2b3ff4f71ac1b1e660966932f,20171109,1,3,0,,,,13,1,1
3422,93e6c4b576724be4b577962f303f55db,20171016,9,15,0,,,,13,1,1
3423,7298b2878a2b495abb39fdc16cb3b6a0,20180129,1,13,0,,,,13,1,1
3424,ec5006a600c24d6da99b01c2a57ea87d,20180415,4,16,0,,,,13,1,1
3425,18eff49bc657420fb37bacc29251df03,20180116,3,26,0,,,,13,1,1
3426,f4f255d42bc449b2a9bfa7ecb9472b55,20170822,9,2,0,,,,13,1,1
3427,d57908720baa4f5c8543685d328246ee,20170907,9,16,0,,,,13,1,1
3428,eb7f621562e84800a340ad99512674df,20180111,9,6,0,,,,13,1,1
3429,36b11cf17bb6443a8805757fbbfffe82,20170921,8,22,1,20171010.0,18.0,360.0,7,7,7
3430,36291a6a5478477e880f2fd6d9a55ce8,20180517,9,22,0,,,,13,1,1
3431,2e24a8e2e88a4017a327b0e5abc7fd9d,20180405,9,18,0,,,,13,1,1
3432,b57157e457504400ada34fb4a6999278,20170807,10,2,0,,,,13,1,1
3433,6cee9be3c93741a9ae271063dc96a78d,20180531,1,15,1,20180701.0,31.0,361.0,8,2,4
3434,25821daad9074cd4a38cd0baa9beb362,20180511,7,2,0,,,,13,1,1
3435,1700163544384bfe98fe37e25be3f165,20171202,1,5,0,,,,13,1,1
3436,a97d4e03deed4d6ba71be4a34b3f5712,20170822,7,9,1,20170902.0,10.0,362.0,3,5,7
3437,cf85ad05b3cf409d8c4c1e317df1ba61,20171023,4,11,1,20171031.0,8.0,363.0,4,3,8
3438,f495843b658646a185883ec4b124ca87,20180203,9,7,0,,,,13,1,1
3439,af4b7b65bcf644388dcbb7012a04bcee,20170911,5,29,0,,,,13,1,1
3440,8b10646ab8e44e869458d9092f61c8e4,20180207,5,5,0,,,,13,1,1
3441,ba3f168f515844e8a6c8879e057d7471,20171230,7,1,0,,,,13,1,1
3442,3b9c0ae237ee4b2a8758329474aeef14,20170929,9,21,0,,,,13,1,1
3443,03fb318ca2a343beb9265db5106ef4de,20170625,4,16,0,,,,13,1,1
3444,d19b94b589774496b68d2a7f685faa54,20171012,10,11,0,,,,13,1,1
3445,f220256d55154e488fc776570049763e,20170821,10,20,0,,,,13,1,1
3446,513fd4c260ae44ba87a4c506e50c722a,20180213,9,5,0,,,,13,1,1
3447,c440d315b92443d5b5636264e5aa1028,20170703,3,15,1,20170710.0,7.0,364.0,4,7,1
3448,be0ef4163616460c8a4981ed7a293ec7,20170729,1,17,0,,,,13,1,1
3449,c638df0989a14c00a5f84e8a95836f90,20170801,9,17,0,,,,13,1,1
3450,ac881d80f5de4510890e5da282d483cc,20180205,4,8,0,,,,13,1,1
3451,63693fd79d234ef3bf4ebbdaa87cbf9d,20171129,7,24,0,,,,13,1,1
3452,a67d284d997d4640bfd7f1312018cda5,20180313,1,12,0,,,,13,1,1
3453,79d36642d8cf4ce9ab97c51137a1c302,20170817,1,29,0,,,,13,1,1
3454,d793a7b43a274142a037ab7ea15c2646,20180509,7,28,0,,,,13,1,1
3455,16f1687b551446f58e9c7626479641e1,20170626,2,5,0,,,,13,1,1
3456,a8459d9fecb4429eb6f70a9ab92be156,20180121,4,25,0,,,,13,1,1
3457,4cee9a2ca3df40ddaed0da2aeb316ed5,20180409,9,5,0,,,,13,1,1
3458,90b8cd6a2ec348c1a9c3aa2cccc64c29,20170723,1,27,0,,,,13,1,1
3459,f8422c0d54444a319d7f8b94861bef0c,20180215,1,7,0,,,,13,1,1
3460,09ded9115f80477ca0a09be797029df3,20180419,9,10,0,,,,13,1,1
3461,b0741ac27d894096bdd309a091105970,20170914,4,7,0,,,,13,1,1
3462,d2435945d4864a31846d2f26010719c0,20171028,4,24,0,,,,13,1,1
3463,409bddf0ee7e433fbb8c54ca62aa6d7b,20180215,9,2,0,,,,13,1,1
3464,10deaee02e8e4455a14d29b296179afc,20170721,9,23,0,,,,13,1,1
3465,ac173ba1e74e4f949cc6c1b87283220c,20171204,4,20,0,,,,13,1,1
3466,e1b7fccb467b43d794262e0a7083b21c,20170810,1,10,0,,,,13,1,1
3467,78a9549707564d8492b0175d68faeb47,20170912,7,15,0,,,,13,1,1
3468,6951cdbb6a1243cab84946c06c4b7690,20170604,1,20,0,,,,13,1,1
3469,9f9769c331de4fa58323213955d9974d,20180129,3,1,0,,,,13,1,1
3470,7565b84b068745589ecd21927f3917f5,20180214,4,3,0,,,,13,1,1
3471,4b1c523afd3949b3854362a414048219,20171015,4,28,0,,,,13,1,1
3472,e7978f493b894540a2ed122a4b087711,20171230,3,23,1,20180124.0,25.0,365.0,8,1,6
3473,4d6853ea28c5420c8442589c05b626a4,20180507,9,4,1,20180623.0,47.0,366.0,10,2,7
3474,5ed18bdf92ea413da45b734cd90bd0a5,20180227,1,5,0,,,,13,1,1
3475,df8fba2edac94ac5aba75c670b0d7bcc,20170925,3,5,0,,,,13,1,1
3476,f51042c0f6c74660a0481c6f6788072b,20180106,3,22,0,,,,13,1,1
3477,d2ce16a49be547ff8fe5fd1cab01d74e,20171227,2,10,0,,,,13,1,1
3478,7a7b00478e0f47248c9d553caf13b650,20180220,9,26,0,,,,13,1,1
3479,6a1d978ceae849f4ab7d638ca0e5be4b,20180113,7,24,0,,,,13,1,1
3480,7b0ee5fe67194f9e8131fcbb3b24954a,20170606,7,3,0,,,,13,1,1
3481,ead8f684401b42a3a1d5c9b92fba1e6a,20170714,4,8,0,,,,13,1,1
3482,46128d8d88a447f1ab95460785b601b5,20171223,9,15,0,,,,13,1,1
3483,d02e4ace4b264fca891850603406074e,20170702,4,24,1,20170717.0,15.0,367.0,7,10,6
3484,b89180e92701498fbf31c34f69efb41c,20170619,5,4,0,,,,13,1,1
3485,a28506af6ac047b2b18ffc28b3f30adb,20180322,9,23,0,,,,13,1,1
3486,e15f44dde4974d8fa41c33109403d6f3,20180601,9,1,0,,,,13,1,1
3487,494cddcb46c74558b1a28a7f3d75a889,20180101,7,12,1,20180205.0,35.0,368.0,5,9,5
3488,eaba07d6c7a64f83bef93acc14976d88,20180515,4,10,1,20180601.0,16.0,369.0,7,2,7
3489,dd742f2abca8431a9eb29e5f3669e6b1,20171103,4,22,0,,,,13,1,1
3490,fc4b864f84964e19a5de036d0b53e970,20171124,7,20,0,,,,13,1,1
3491,26a16a4238354c7f9ea44fc40692e4c5,20171022,4,29,0,,,,13,1,1
3492,c4b5f4395f684722afb21c1372341d7a,20170815,9,18,0,,,,13,1,1
3493,45046a31b9de412cb655a0ff08844d68,20180426,8,12,0,,,,13,1,1
3494,7e32ef6a4cd0441180db1950da149258,20180306,8,5,0,,,,13,1,1
3495,c053c117471c4807b27792ccbc45aa69,20180413,1,18,1,20180423.0,9.0,370.0,9,5,1
3496,781e2ac57c684203a1dcb161f2cf3582,20180524,4,12,0,,,,13,1,1
3497,b17ca15de3ab4c43a002d8ad5f44425d,20180429,8,24,0,,,,13,1,1
3498,a15d63eecdbc4ea598acdc2e7d5ea47d,20170910,8,3,0,,,,13,1,1
3499,4b531037ba604b33adbc5c6e2eb3944a,20170619,4,8,0,,,,13,1,1
3500,cdc12be004f4451580243354c4ae4641,20171217,1,6,0,,,,13,1,1
3501,4510ee6b12564cc69ef3ac7825e7fb15,20180304,7,9,0,,,,13,1,1
3502,4fde1a6c007048e48181bde7201d9aa3,20170718,3,21,0,,,,13,1,1
3503,dfcd0f80fd8e48b985b6102b909dc67d,20171107,10,8,0,,,,13,1,1
3504,109a1e1a836b4188b7a6d3f015e3c916,20180422,4,26,0,,,,13,1,1
3505,9600295f61be4db3b9464b4ae8c0c02d,20170615,8,14,0,,,,13,1,1
3506,366f4e427faa4ae49793f91c13f2d85b,20171011,9,20,0,,,,13,1,1
3507,78b626530fd14d2cbfbeaae6feae8423,20171103,6,6,0,,,,13,1,1
3508,546f889f1eb14220854f00bcbe00bd6f,20170727,7,20,0,,,,13,1,1
3509,73aa7bbe2e4140bea88f5db1c2d0e6cb,20171208,3,23,0,,,,13,1,1
3510,103f12ee71304512b99d83c89f776afc,20180215,4,25,0,,,,13,1,1
3511,848e9cc9b0bc4ae793cdc59e6b37d12a,20170625,7,25,0,,,,13,1,1
3512,072483854d274fdd8a4e923c69d2df0b,20180116,4,14,0,,,,13,1,1
3513,dc794b09570140e4bc7c8c2936380a53,20170603,6,8,0,,,,13,1,1
3514,95bc02377f444095b13d217ec34becea,20170929,3,14,0,,,,13,1,1
3515,ba49f175fba043e7812b5cb225ca62e2,20180601,8,11,0,,,,13,1,1
3516,0cbb8d74f5a14e39a8231a787cec8979,20180301,5,17,0,,,,13,1,1
3517,6cf6a84139ee4a3e882e6c1df7441928,20171127,4,1,0,,,,13,1,1
3518,cdcba2ef91314f8a93eec64d27cfd10a,20180508,7,11,0,,,,13,1,1
3519,bb91569f462941ba94e7968815708e18,20170811,4,6,0,,,,13,1,1
3520,bfb6f19d29d04b498c4dd6f0ade71e3b,20171005,4,8,0,,,,13,1,1
3521,afa7dfef0d4647729160b35c78baffb9,20180220,4,9,0,,,,13,1,1
3522,7c5d0f27d9ff4f43b18e63da1224c867,20171202,7,25,0,,,,13,1,1
3523,b044a28d7c4c489d8edd4ff9983e4803,20170815,4,20,0,,,,13,1,1
3524,f5613b7e1eb94fd98e0195685fc17e43,20171228,4,3,0,,,,13,1,1
3525,c4d96172b19f4921bf4642e460b2c0bf,20170702,4,12,0,,,,13,1,1
3526,1885d6029aaa4a8a8c1bc9d196a35945,20170806,4,9,0,,,,13,1,1
3527,95134147e6ed4bc1bcdbfa52283f7bbf,20180115,6,16,0,,,,13,1,1
3528,7c1c6195527b490a99f760c45977139f,20180513,1,30,1,20180526.0,13.0,371.0,10,8,7
3529,9295eadc4de146cd9316edbe40dcea0c,20180329,2,6,0,,,,13,1,1
3530,d5a3e2b4db9348e9a32a45a65459ebad,20171220,7,14,1,20171229.0,9.0,372.0,3,1,6
3531,ab4c88c5c7e64e8b8b686f325a24952d,20180211,4,15,0,,,,13,1,1
3532,75a613b5bb5e433d9c3d0a7243d94358,20180112,3,2,0,,,,13,1,1
3533,1bf7d0ee685d4235bd315d78ea7c529d,20171231,7,4,0,,,,13,1,1
3534,ba07c82054eb431ea2be82a4eaf34bce,20180214,7,13,0,,,,13,1,1
3535,8540c3efd824463cb4920c1c4ea803dd,20180531,4,4,0,,,,13,1,1
3536,b41314c91e02460ab60efbe30b0cb381,20180527,4,10,0,,,,13,1,1
3537,b97eaec4db894295a00019c784b36ce5,20180226,4,28,0,,,,13,1,1
3538,090471dbbf224a8593add769e98de339,20170917,7,13,1,20170930.0,13.0,373.0,7,8,15
3539,5edbe62c898446288f1154c9cafef3bb,20170617,1,21,0,,,,13,1,1
3540,b814ad24afaa47aba1dc3908c010dd64,20171207,4,29,0,,,,13,1,1
3541,6cd7bb8939c34b67becbc75881abc6c4,20171227,4,25,1,20180119.0,23.0,374.0,7,10,3
3542,e44652d4b11f4d1cb07b6e3d585bd56a,20171207,3,1,0,,,,13,1,1
3543,2d9b12223a604626b9234c0003bf0579,20170621,4,4,0,,,,13,1,1
3544,e747bb4444e0464b96968c284bb69f06,20170731,7,1,0,,,,13,1,1
3545,4ada0461cfbd40ab97cbf34ca5ba5d66,20171209,8,1,0,,,,13,1,1
3546,5fcd04bac5b74e32abcc4f08d77bc8cd,20180204,4,5,0,,,,13,1,1
3547,e00d0bfebf7a4ea39ca84303f5d35609,20170813,4,5,0,,,,13,1,1
3548,53aab7990dbd45b0822dbd38b2527975,20180329,7,27,1,20180418.0,20.0,375.0,3,6,3
3549,38f71073f0244be3b450270fc8d6162d,20171104,7,9,1,20171109.0,5.0,376.0,5,8,6
3550,ba497e35b3cd4b9ea5318ff1af70b85b,20170902,9,26,0,,,,13,1,1
3551,4b119eb01a1544e385a27d80a94d4adb,20170802,3,16,0,,,,13,1,1
3552,e37626f36fd64cec8113316e56fc1f8b,20170705,4,15,0,,,,13,1,1
3553,0aaa9c8a705245498480e13c45f622e9,20180202,9,1,0,,,,13,1,1
3554,db1be70107064c45adb2fb23ed2b4204,20180317,9,12,0,,,,13,1,1
3555,f23cd9dc42ca445aa0a2eb4f8188ae2b,20171120,4,13,1,20171202.0,12.0,377.0,10,10,11
3556,61d3ee7e88ff4607aa693da42ac942bc,20180407,9,24,0,,,,13,1,1
3557,f56ea78d0c21406abcca0851aa3ab22d,20170810,4,23,0,,,,13,1,1
3558,a2c54aef816a4817ada7b66d324a71ec,20180122,7,11,0,,,,13,1,1
3559,3f95dda1af1a4e57a47562276836b14a,20180116,4,10,1,20180210.0,25.0,378.0,7,12,8
3560,af564fcce3c64f0da6d66f0430d7358d,20171114,7,5,0,,,,13,1,1
3561,cf066a3e7af143358fec2f2ab3cacbf3,20180416,7,15,1,20180503.0,16.0,379.0,12,3,14
3562,4d81af8e39f141c7a54f08e3d83d8970,20171216,3,12,1,20180118.0,33.0,380.0,5,6,15
3563,dc0377357d7b46508519dbbaee5c9039,20171220,4,21,0,,,,13,1,1
3564,26cb88b402fa47a0b1bfa14d714e9187,20170624,7,2,0,,,,13,1,1
3565,f3c01173c0474a378a16507f020e76a7,20171021,7,3,0,,,,13,1,1
3566,b8af7107af4a4fb48835fbd8ec4c1e3e,20170824,1,14,0,,,,13,1,1
3567,818cb64eb90247798ec0b676c3606d13,20180419,9,21,0,,,,13,1,1
3568,9b9d47089a1a4dbd8f2c8d77df3605a5,20180427,1,23,0,,,,13,1,1
3569,435abbe4c11146e8824fd1f265a8239f,20180314,3,9,0,,,,13,1,1
3570,3d6123ebb8d64a10813f144d7a475512,20180413,8,14,0,,,,13,1,1
3571,56a95b99dd2940e0bd12914554efdf98,20170628,7,6,0,,,,13,1,1
3572,9578f848ba4d4786a13471ce3b34e70a,20170905,9,6,0,,,,13,1,1
3573,aeabe5d5d950419295927c07b41a961e,20170610,3,11,0,,,,13,1,1
3574,3759687bdfd04eea8e45f4c80df59b60,20180228,10,26,0,,,,13,1,1
3575,8feabd8e988f4afd9bb47e9759ea4fce,20171019,8,17,0,,,,13,1,1
3576,fdfbf538bb504bdd9cb1baa0c3123754,20180528,7,18,0,,,,13,1,1
3577,c5f17f1f07114964b038fb6fb0517447,20170714,4,29,0,,,,13,1,1
3578,69e488b955894a74a15394657b3949b5,20171112,7,14,0,,,,13,1,1
3579,e6d9ead00c41493cbd047294a28ee8df,20170624,1,10,0,,,,13,1,1
3580,5c54cd60836e462f866e0d6ee4f3d39f,20170612,7,15,0,,,,13,1,1
3581,92e61d119e09452ca5a11ec04f11ce27,20170901,7,26,0,,,,13,1,1
3582,0a7278d8ea1f40058bbeccf328606a46,20180226,3,30,0,,,,13,1,1
3583,a80df73d29884673b7a3be43d32d9d07,20171010,7,25,1,20171016.0,6.0,381.0,1,10,15
3584,74d3634433ed49bb9d770401c15ee536,20170721,8,7,0,,,,13,1,1
3585,859519e913104c76b374a25cdab0b528,20171025,7,7,1,20171107.0,13.0,382.0,9,2,10
3586,a420784ee72e4e05af5b9e7d9955485e,20171009,7,4,0,,,,13,1,1
3587,dc6aa547578d4da5a00fa5756a9fb3af,20171105,7,11,0,,,,13,1,1
3588,f94949b910cb4dce8dd04a4c8512eb4b,20170826,1,29,0,,,,13,1,1
3589,6096327d81fa410c84886992566c9a1b,20171114,4,26,0,,,,13,1,1
3590,1c936d99bfdf410ab3239da30c6cabe4,20180601,4,1,0,,,,13,1,1
3591,adfec9cf3b5d4d8699a078c82f4fdeb6,20171217,2,8,0,,,,13,1,1
3592,3f9c7ac980a543358e448b216908283d,20170812,4,12,0,,,,13,1,1
3593,3a443ad6ad8f46cfb6695a9aee72c4d8,20171113,9,30,0,,,,13,1,1
3594,95263f6d46b8400592bada10d7c971e7,20170801,9,9,0,,,,13,1,1
3595,0da44e9681304450a5b0c378b8e9d224,20171001,7,14,0,,,,13,1,1
3596,32e25cd50ede4fb1970cd64d54b0f8d2,20170930,9,6,0,,,,13,1,1
3597,aa9974c5eff4462c86014ec4a95ce4d6,20180214,4,25,0,,,,13,1,1
3598,3d86aad00aae49d99860afef8d2ed95f,20171016,9,8,0,,,,13,1,1
3599,ec40d8c348b44151869cd69858cebf55,20180124,7,15,0,,,,13,1,1
3600,0073edb2ad6f4caaa75c1aa9c736d970,20170704,1,26,0,,,,13,1,1
3601,ebb81eafefaf44818b5372231c422450,20171226,4,17,0,,,,13,1,1
3602,90de5635d00d437a99f3b5c427481d8a,20170610,9,21,0,,,,13,1,1
3603,1d1fb59076ac4a71afa54c77edf02aaf,20180328,4,17,0,,,,13,1,1
3604,5d86caced3e2470881516045e3b4a67c,20180312,4,5,0,,,,13,1,1
3605,5b52fb3e2e7d4d41a12556837ed0357e,20170804,4,14,0,,,,13,1,1
3606,ffe0eba4310b4feba01e093f7a975aae,20171226,4,3,0,,,,13,1,1
3607,cd4e7b784c76426184bed83a43d409f6,20180422,3,9,0,,,,13,1,1
3608,5695c49eac8345e98f3a2c00ab0369b2,20170812,7,21,1,20170817.0,5.0,383.0,2,5,2
3609,3bb41053fd3f4f4c8e1e6a41c609088a,20170826,5,21,0,,,,13,1,1
3610,45b0708e2a1d41a88858074293f2ca08,20180103,2,18,0,,,,13,1,1
3611,07e9474b95234ef5b89acaae8b06b713,20170622,9,20,0,,,,13,1,1
3612,c891baf042ec4c60ace139654853831d,20180124,4,1,0,,,,13,1,1
3613,c7e4c9cb1a5e4190a18f0e13d958551f,20180501,7,26,0,,,,13,1,1
3614,674b63dd3c04423f8eaf2c0d0b49bc8c,20170701,3,19,0,,,,13,1,1
3615,c0d86efcf59c41ab929500b770e2808d,20180403,7,20,0,,,,13,1,1
3616,02f89c303e4d463fb6ee6c53856b5e00,20180515,4,16,0,,,,13,1,1
3617,b893080ec82c4b0b85fa0f07100870ac,20180420,9,14,0,,,,13,1,1
3618,c30e19fa25ef4708bb324c0818c53840,20180217,3,27,0,,,,13,1,1
3619,f7eaa9c89b3346f99939db6503982ca7,20170822,3,14,1,20170917.0,26.0,384.0,9,9,4
3620,d3386050ec644b50b9c0d5f0e3607500,20170706,4,3,1,20170710.0,4.0,385.0,12,4,6
3621,24d61314d092452abe34d74dca237740,20171220,1,20,0,,,,13,1,1
3622,3f22590d68d8489990346efd4caececd,20170811,4,19,0,,,,13,1,1
3623,f8a88fe3aa4d4d388b76aa08e5d44235,20180108,4,29,0,,,,13,1,1
3624,a5626b9bcbec49d2ba668acbe1c472db,20180214,8,12,0,,,,13,1,1
3625,c1b7fd5d1486431887496a2a14654d97,20180516,4,23,0,,,,13,1,1
3626,0c903d5a96fd45af874037f668ea1133,20171012,4,19,0,,,,13,1,1
3627,066457b9c3ac45bd9fa3cfa91a59c218,20171004,4,8,0,,,,13,1,1
3628,703bacf03e7142d0b3cb07850ccca411,20170916,8,29,0,,,,13,1,1
3629,d23a0f29578f470d8d1378f1c8749431,20171116,3,22,0,,,,13,1,1
3630,49a210414a024c9683b1b912a2edbc18,20180521,9,23,1,20180706.0,46.0,386.0,5,3,4
3631,36243329fd2a4f86a721b2e1e3c427c1,20170602,1,13,0,,,,13,1,1
3632,d629e06a26404e06af44bb1dc79935e6,20170603,4,11,0,,,,13,1,1
3633,6e3195730ff74a039ec1ae20f5f42a49,20170828,7,21,0,,,,13,1,1
3634,df1398a36dc7488b929c39c5f5fe9b36,20180523,7,24,0,,,,13,1,1
3635,318557cb85a449d5a9a214a8565127b4,20171219,4,3,0,,,,13,1,1
3636,53216efd8e7b4adba69a6587641c96cb,20180429,7,3,0,,,,13,1,1
3637,f2a2158ee03845b39d28ae068de5e300,20180303,5,12,0,,,,13,1,1
3638,762e084445954b3a85b80f821cef02e0,20180510,4,11,1,20180524.0,13.0,387.0,9,5,5
3639,40a59b9ec4404bf8a48329aa003ef81b,20170803,7,20,1,20170809.0,6.0,388.0,4,8,9
3640,4a32c2f6981740348321052a98f0dd28,20171210,4,16,0,,,,13,1,1
3641,8e3e79a3aa5a43c385f03ef5d4e155df,20171216,4,20,0,,,,13,1,1
3642,28caa2431b894e709796fe734efaf3bf,20180523,5,25,0,,,,13,1,1
3643,1a271f48ffdc4c958c98233f59f788f2,20180123,7,22,0,,,,13,1,1
3644,537764f7b2ab4494b7226535cbe086ca,20170907,7,26,0,,,,13,1,1
3645,df8ee6ea614a489aa3d132f7e74e8e4a,20170922,1,24,0,,,,13,1,1
3646,9847cd94cf4e40e6b535cd253e8c2933,20171022,4,9,0,,,,13,1,1
3647,36c902f2c177416cabf0f35a8a69e52c,20170717,7,23,0,,,,13,1,1
3648,0474f2220b2541a4aae7132ceb3505e2,20171103,7,17,0,,,,13,1,1
3649,6483386e3b3a4283a93b9952930ea9e1,20180208,9,27,0,,,,13,1,1
3650,a414819debd14801a221b6f817f364d4,20171022,10,12,0,,,,13,1,1
3651,4a1913860281446ba7e5e821089d21d2,20180527,1,9,0,,,,13,1,1
3652,de08a9e88be94f11ae62d64df8ffbccb,20170604,7,20,0,,,,13,1,1
3653,77d0d26d1fb0409584e3f076c05b52ab,20180423,3,25,0,,,,13,1,1
3654,c019f0641eae4497b83c87c8cfad0333,20171021,4,6,0,,,,13,1,1
3655,0096938c68a34baea5c8f7013a0e92b8,20180208,4,21,0,,,,13,1,1
3656,688e16e704c44d10b69b8207bc11f25c,20170908,4,11,0,,,,13,1,1
3657,06448b5ed199462a9a336e24a0970f5e,20180516,7,14,0,,,,13,1,1
3658,e99cc8bb3b34402c8afe6fb2d02b37c4,20170829,9,14,0,,,,13,1,1
3659,044b2d3003454f2db4c0f5e738b79237,20170805,9,4,0,,,,13,1,1
3660,c434bccb79c64175b02be62fb5534a46,20171011,5,10,0,,,,13,1,1
3661,28456690ca924975a4d5912f00e624f2,20170925,9,2,0,,,,13,1,1
3662,d20cbbb00ac549eb80b5cdaac677841b,20171019,9,10,1,20171225.0,67.0,389.0,9,4,3
3663,1fe77f206df4462585cf6c9da9b5b25d,20180514,4,28,1,20180605.0,22.0,390.0,7,3,7
3664,6b2dd0b7397f4b63b80a77cd4440e41c,20180514,4,29,1,20180603.0,20.0,391.0,2,11,2
3665,83e467877d554fb5af0e98071a4b7bdb,20171008,9,12,0,,,,13,1,1
3666,2373da52e666442b8d20e3302e62bdf5,20180119,7,15,0,,,,13,1,1
3667,08cd213d7e064d66b3b319fb124fc91e,20180425,3,27,0,,,,13,1,1
3668,ab5d2c908ed046e0a46ecea0ad5a004e,20171113,4,10,0,,,,13,1,1
3669,df355e3654a0485baf0ea2db5730a3d7,20171226,4,25,0,,,,13,1,1
3670,ef30fca6d5ae4971a2af0c55d70e2b20,20180515,7,18,0,,,,13,1,1
3671,f0445766e4a64849b2b9e7df05a998bd,20180209,4,6,0,,,,13,1,1
3672,0f4384e394754142bb82dac8327b90d0,20170623,4,27,0,,,,13,1,1
3673,bbed70c5cfb64159937ee76420794b5a,20171021,1,21,0,,,,13,1,1
3674,a9174f0254734bbb85edfa399464491e,20180116,4,26,0,,,,13,1,1
3675,c986c67172a84be2b44d3157dec73bee,20171218,9,8,0,,,,13,1,1
3676,556ef59291994320b7503ffd621ccf76,20170712,7,5,0,,,,13,1,1
3677,22351b4ac84442fba64188cfd7b7e3d2,20170613,4,28,0,,,,13,1,1
3678,b908d1d91f48492caff6616389d80ad8,20180103,7,22,0,,,,13,1,1
3679,73f2803e7de64f699e9e3a798c6bac1e,20171006,3,7,0,,,,13,1,1
3680,d3ceef7acce94edabdbe8efb5d01ecc9,20171116,7,3,0,,,,13,1,1
3681,5b2778c949be4f1d9e6b0fcfade7f960,20180417,1,25,0,,,,13,1,1
3682,48631eb9f1094088b14e173f8d042969,20170615,4,15,0,,,,13,1,1
3683,826e74d2bac34e1e8abaf437d94ccaef,20170613,3,5,0,,,,13,1,1
3684,36597f0189794e0eb2bffac6ec275def,20180417,4,20,0,,,,13,1,1
3685,115194b0c5414f1abbb711df23104be7,20171007,1,25,0,,,,13,1,1
3686,6a893d449ef34890bbdc35412ac8bea0,20180129,9,8,0,,,,13,1,1
3687,497bb7151fc74de6b203dd769b969648,20170628,5,6,0,,,,13,1,1
3688,04b8f6c59fda46989b3c96727a7b0101,20170930,7,24,1,20171011.0,11.0,392.0,8,12,10
3689,7398f2a47dd0458487afcae676039d7a,20180404,4,18,0,,,,13,1,1
3690,7298b2ec3460400cb605cb4d71720a51,20170719,4,18,0,,,,13,1,1
3691,a3b960ce2e614dc8a659480d9d3797bd,20180324,3,3,1,20180413.0,20.0,393.0,10,5,1
3692,dbcd2697f1174f598ded85e2d9121c8b,20170702,9,30,0,,,,13,1,1
3693,5228606698364144bcdfc740de2c4597,20171108,3,5,0,,,,13,1,1
3694,4c4f72c32d6343dd8a75eb4e18e1f3ed,20170805,4,22,0,,,,13,1,1
3695,53abd8fc4b164100bb023132f6cc6b55,20180113,7,1,0,,,,13,1,1
3696,f9f93c5c378141b8a15af625c862c17a,20180409,4,15,0,,,,13,1,1
3697,2f8983a5e0c449a29aa196b6e30c851c,20170704,2,11,0,,,,13,1,1
3698,7605559bee31465cbebda6664c0c2e76,20170629,1,27,0,,,,13,1,1
3699,e7081ed46c0a4bee9b86e660ce4fbe1d,20171029,5,30,0,,,,13,1,1
3700,60be9e448064478e90ad558b70f6542e,20170720,4,24,0,,,,13,1,1
3701,e61958fb37c642169cc6391076cc670e,20171228,9,10,0,,,,13,1,1
3702,cd604dd60fd542c7bf3663121841aa4f,20180403,1,26,0,,,,13,1,1
3703,40ec292660494a609a4a882d23963dab,20180119,7,18,0,,,,13,1,1
3704,3167bcfddd1c46c8aa4d3f7299820518,20180106,3,29,0,,,,13,1,1
3705,fab9694ae9274008b8a7e04a3da40dfb,20170722,2,23,0,,,,13,1,1
3706,4269551591e84c5f9eafa2c9568c3300,20180512,8,18,0,,,,13,1,1
3707,f42047f9a7494f44848fd05d666675a6,20180220,1,14,0,,,,13,1,1
3708,1a52d1c59cac41948ba0c2ed53f4a654,20170907,4,25,0,,,,13,1,1
3709,32e57b1a59754cbda800eb728360f477,20170607,7,28,0,,,,13,1,1
3710,b376ac4a89064014bb57e87fe71c8a26,20170705,2,5,0,,,,13,1,1
3711,5c90c46f501b4937bc4101c442248a80,20170908,4,4,0,,,,13,1,1
3712,51c39cfbd06248cb9f13e09f763c1318,20180423,1,19,0,,,,13,1,1
3713,d2760d1c38524dc3a782e2f486b56572,20171129,1,13,0,,,,13,1,1
3714,9e31a2e40b7c45b0bdf36479dcd9dfe3,20180414,9,7,0,,,,13,1,1
3715,f3b505984f3d42768372d1785ada42c4,20171003,10,5,0,,,,13,1,1
3716,06762a66235a4af59a8420e021ede2c4,20170623,7,4,0,,,,13,1,1
3717,c8f14f0fc3a94675af07b101b273d22f,20171107,7,15,0,,,,13,1,1
3718,495d7f3bbd2e42be8889aa9cc3ee006c,20180218,4,24,0,,,,13,1,1
3719,962c6dde9dbd4313bb0ef854a1c24db9,20171201,7,14,1,20171207.0,6.0,394.0,2,2,13
3720,f325dae39b3b4c71ba82ffc2649f6023,20180305,4,4,0,,,,13,1,1
3721,0e3ac232a18c475d9a9e0b5fad62b4ec,20180127,7,29,0,,,,13,1,1
3722,8afaff9ad9f2400097d39fe0412e4ace,20171123,3,16,1,20171216.0,23.0,395.0,3,7,11
3723,e6c64ec643f14705bb1a45f4b3fd733c,20170605,5,14,0,,,,13,1,1
3724,51f4620ab1f749759c4b0819edf7eb00,20180503,4,27,0,,,,13,1,1
3725,87e2d4bd79a043bb910a6c368afcddef,20170930,7,20,0,,,,13,1,1
3726,990b60ae5c254f6e801ee875b462a5a0,20180314,5,15,0,,,,13,1,1
3727,2413cb8e7e714993a959383309164e74,20171124,4,9,0,,,,13,1,1
3728,322669ce352e4435ad32e9ea26f3462c,20180424,4,5,0,,,,13,1,1
3729,ad60d47038cc4965a2248c5c84127ee5,20170706,4,9,0,,,,13,1,1
3730,3bf0c25c323c4074adb2b7f0d68fec3b,20180508,9,28,0,,,,13,1,1
3731,6638a0efc66a411a9cfaef76efa79363,20180521,4,29,1,20180625.0,34.0,396.0,10,1,1
3732,ecb1291da66b44d29ecd005a864617f1,20180521,2,10,0,,,,13,1,1
3733,957046894a2c412587cff4eae08d105e,20180324,7,8,0,,,,13,1,1
3734,8ec0d99bb3654edd94479c6045846f0b,20180412,9,15,0,,,,13,1,1
3735,115be12dfa254099a8797a8198dea0c4,20171116,4,25,0,,,,13,1,1
3736,0a3dd439564a491096cce0c953ba5a3c,20180119,7,13,1,20180126.0,7.0,397.0,5,4,10
3737,5ad9f3569c5749d3b60b3c9f67764076,20170921,1,23,0,,,,13,1,1
3738,90d38c3bf98545b5b75083bf7eb819ac,20170923,1,18,0,,,,13,1,1
3739,a78c7f44a8ba4ac3a393b8206675f968,20180416,1,17,0,,,,13,1,1
3740,36b35f31a1a54453b79daa6778a13331,20180202,9,5,0,,,,13,1,1
3741,8a20ffedc9e748ca8d22721320e8ad17,20171210,5,30,0,,,,13,1,1
3742,7220a5359c454b57ade3de9eb4fbdcff,20170903,3,16,0,,,,13,1,1
3743,f3d1e921979d4a798fd589104b6963c2,20170606,1,16,1,20170619.0,13.0,398.0,1,12,3
3744,b79e0c9511ad4fcdbf2d3ebdcad4e02c,20170616,4,25,0,,,,13,1,1
3745,5ce746e48e5647dfab37a1ef3a2e344e,20170812,4,18,0,,,,13,1,1
3746,6c35222fc198462fb2a593f7e63d2047,20170908,4,14,0,,,,13,1,1
3747,a40e4c5a58a243fcb35e2f119048b72d,20171202,1,26,0,,,,13,1,1
3748,0b59b78f8f364eb7892e1d3409f82219,20170910,7,1,0,,,,13,1,1
3749,9b2e4fecbea0460da906c78f33ce864c,20170829,7,12,0,,,,13,1,1
3750,603b43e151e54c05a19ad2c542fe2694,20171013,8,8,1,20171024.0,11.0,399.0,9,5,10
3751,169db55f878a46ee9454a394d7969f9d,20180311,8,7,1,20180324.0,13.0,400.0,3,9,1
3752,f269e52e0bc840bca47f1ae81bf1ca21,20170909,5,7,0,,,,13,1,1
3753,8d3dc748ee714bf09aa291dca8a8bb8f,20171013,7,26,0,,,,13,1,1
3754,aa14749ff1424c988a8fb2e23c510710,20180513,1,30,0,,,,13,1,1
3755,e0a6c220dc4b40539c19aa3ccc07296f,20180502,4,8,0,,,,13,1,1
3756,671388d7a1b649f09143a10ba5aca923,20170916,4,18,0,,,,13,1,1
3757,ca6da48276964811a1478b334b4a383d,20171001,4,5,0,,,,13,1,1
3758,a869bc96d69947eea8d29eae08ffe66c,20171208,7,6,1,20171218.0,10.0,401.0,12,6,6
3759,e3ed5f5627e7482eae451461796fd6fe,20180416,7,12,0,,,,13,1,1
3760,5115f8af9f7f465cbba7200645b33e7f,20180531,3,25,0,,,,13,1,1
3761,9446ca6bc1e140f7864dce06dd49d5f8,20170813,4,5,0,,,,13,1,1
3762,5de2e0d8f80c475b8ce0a3d8b1f010fd,20170906,1,21,0,,,,13,1,1
3763,9c4c45de07da4a578f5db5bb071be657,20171211,9,8,0,,,,13,1,1
3764,c03cfb3eecfa43f38e0d5e55e2442fee,20180403,7,23,0,,,,13,1,1
3765,e0fa8a2d7e2a4d829860775fc2454dd8,20171004,7,24,0,,,,13,1,1
3766,9f3c5b09b54f46818ada7e142fa9200c,20180412,7,9,0,,,,13,1,1
3767,22e4dfe26f3e41d98f93cbaed5865734,20180302,9,5,0,,,,13,1,1
3768,c96f4b09e1cc4e5189a6a0fc1fdc6f77,20170816,7,17,0,,,,13,1,1
3769,0b9b849f074d454497101a972c9957e4,20170628,4,5,0,,,,13,1,1
3770,5c0cba02e5d94d4a8ef4abb23a14f401,20171022,4,10,0,,,,13,1,1
3771,1cec58b03e5c4e238b1a29f6af042ed6,20180216,9,12,0,,,,13,1,1
3772,6663bad388a14537ae2e572aa5fc8bf2,20180206,5,2,1,20180323.0,45.0,402.0,4,6,3
3773,ea4e25b48c474fd38fa5b6a435126a75,20170712,7,5,0,,,,13,1,1
3774,cb8d85d666a34ec296fa0e6d632b0c0a,20180506,1,3,1,20180512.0,5.0,403.0,7,5,15
3775,2131d14245364386be0b97d778e53a54,20170825,1,30,0,,,,13,1,1
3776,02353589a2b840ae8f78e7140605cdc3,20180427,5,16,0,,,,13,1,1
3777,568849baa20c49bcbe2663c97bdd205c,20180211,3,18,0,,,,13,1,1
3778,34c6e059821349b7a9056a755c6ad4ad,20170831,9,28,0,,,,13,1,1
3779,7e8fff1bfb614e4a9bfd46c78c5e4baa,20171209,1,28,0,,,,13,1,1
3780,65f3a61a08e6484a89aea3534b055705,20180203,8,13,0,,,,13,1,1
3781,c1ad512e5ea5453eb4f01395794fcfdb,20171016,7,30,0,,,,13,1,1
3782,355db79be8c449b38dc431ab29e57df1,20180423,7,23,0,,,,13,1,1
3783,968631b363df43feb40238955e614d63,20170619,4,17,0,,,,13,1,1
3784,ccc8fb36ce7b44e7bafaa90973253e80,20170912,3,10,0,,,,13,1,1
3785,ba3d088420534cfb841318d35d171a6f,20170929,3,9,0,,,,13,1,1
3786,467da7556e5548f1b4526acd5ab41c54,20171104,4,12,0,,,,13,1,1
3787,a64c332648be4ee4a90a3f4a4467dd4a,20171211,9,7,0,,,,13,1,1
3788,b3349bf7db4948bbaf1b9276ff815f93,20171209,7,21,0,,,,13,1,1
3789,66408842425f4bf19aee2a47fe24f1ca,20170714,4,24,0,,,,13,1,1
3790,12319ba2dfa5499a8651d700f52471eb,20170714,10,18,0,,,,13,1,1
3791,9e6f8cf15e0f4cbe8b1833e4a9062a73,20180221,4,17,0,,,,13,1,1
3792,99b16f6c03ad48a1b50a0221bcfe1cd1,20180326,4,18,0,,,,13,1,1
3793,f3295f54f5b447ccac7a02f355b9f32e,20180218,9,8,0,,,,13,1,1
3794,d7c2fc5bff664a79959eb5f1b620e31e,20180105,1,18,0,,,,13,1,1
3795,209a291fbb9f42768a90cf12760b404a,20180108,4,16,0,,,,13,1,1
3796,b26ea89695a3450dae8f541c1f152d0d,20180210,1,19,0,,,,13,1,1
3797,21202429eb00452ebb4ec75898ee3bc9,20171213,9,7,0,,,,13,1,1
3798,f44f98daeb194d5e81978f70fcb9f170,20180113,4,19,0,,,,13,1,1
3799,29872a6291674968b13c1a3e3f1d0aa2,20180427,4,16,1,20180511.0,14.0,404.0,10,3,3
3800,48f5b6677dd7439584a78ba44fc177c3,20170713,9,20,0,,,,13,1,1
3801,3bb7d31194ea4a289eeab850ad92cc04,20180212,7,21,0,,,,13,1,1
3802,4693c85f148f458f8606a7d93f0a9700,20180426,5,5,0,,,,13,1,1
3803,41aaeff3696b440b93114d52c18c4e0c,20171020,3,25,0,,,,13,1,1
3804,fcb84d23fcf84f64bce3eea2f59600f2,20170731,10,16,0,,,,13,1,1
3805,986c3eccfc3b411cb9aa4b3b87bbea60,20170620,4,9,0,,,,13,1,1
3806,6b00ec9a48cb4492b14b7678aa3d70a9,20171118,2,11,1,20171203.0,15.0,405.0,7,4,11
3807,b9d3cef26f0b4b6489b5e375c2124b6f,20171116,7,1,0,,,,13,1,1
3808,dd721a5fa5174b1aa9767c1af0a21e0b,20180516,7,9,0,,,,13,1,1
3809,521e26effbbd4796a4c30955b65a4f40,20180528,4,4,0,,,,13,1,1
3810,437ba822cbf642e381e03e651e807d9f,20180306,4,26,0,,,,13,1,1
3811,c90ed4415e404b799543bc292753916b,20171101,1,20,0,,,,13,1,1
3812,b851d26cde514fc384fe4a70d2ee4743,20171125,7,30,0,,,,13,1,1
3813,639856a0a9d64f79adf5257216a2568a,20180324,4,26,0,,,,13,1,1
3814,2a0f61b4fd824f9b877e4002b2f928d4,20180128,9,6,0,,,,13,1,1
3815,c3b596da521048a78d6c799a4eb5e199,20170816,4,17,0,,,,13,1,1
3816,27d9348deda54a72bf65d6150895fa21,20170925,9,13,0,,,,13,1,1
3817,f2389568054c45a1810b3953d24b2ee7,20170928,7,14,0,,,,13,1,1
3818,d6c0ebf45cc248c48ef388fc165f99d4,20180310,3,2,0,,,,13,1,1
3819,f334254e6463452792a368e6442d7339,20180123,3,5,0,,,,13,1,1
3820,bba52c66402c4a1396b75f7cac64015b,20170714,7,10,0,,,,13,1,1
3821,3c4ce4c7d39b40d39e407d3c84d672ca,20170905,7,24,0,,,,13,1,1
3822,7a42d3cba8c54903a8c9b3c1cbc7db9e,20180524,7,9,0,,,,13,1,1
3823,ede74c6dfcc24472acbb86f535889f65,20180111,3,10,0,,,,13,1,1
3824,e0fd470ad3124745858775fd20188bc1,20180313,7,16,0,,,,13,1,1
3825,46555e0b91d94910b8cb01bd0125ae41,20170811,4,10,0,,,,13,1,1
3826,1e499fe076824461878bf6ea8427827f,20170805,4,2,0,,,,13,1,1
3827,e954b4b5f68d44088461d603f126086e,20170605,7,5,0,,,,13,1,1
3828,435d36f8fbdb4eb4a4e659a32181582e,20180504,7,8,0,,,,13,1,1
3829,36984dd02cfa4c60a0da9df4beafbde2,20170924,3,15,0,,,,13,1,1
3830,dae4177385bc4575be3d3a6381b0b9a1,20180518,4,24,0,,,,13,1,1
3831,4722242301c24f9fa64cb55644a59886,20180520,7,1,0,,,,13,1,1
3832,88627e13921442a8acbb85cf5b32e448,20171114,3,26,0,,,,13,1,1
3833,cd13ba374ac54b43a406aee4a3ac1bd0,20180318,3,22,0,,,,13,1,1
3834,b791c6a64c5c44018439407f5ba31e46,20170811,7,8,0,,,,13,1,1
3835,36924b3d89c94fb9a834b1daad7327e5,20180318,7,5,0,,,,13,1,1
3836,9aa5bb3321ff473893b79f1a2aa7e14a,20180405,7,14,0,,,,13,1,1
3837,fd9afb77d816470a8e8f8b4888d8e2da,20171218,5,9,0,,,,13,1,1
3838,b8cfa016f0a64901b1bf59c34e7af6bd,20171218,4,21,1,20180101.0,14.0,406.0,4,9,15
3839,e1476f08cbfd4fdbbfdf3330ca967360,20171215,5,13,0,,,,13,1,1
3840,0c7239b489184acaa147c7b3d22acf03,20170726,1,14,0,,,,13,1,1
3841,c7b931597d9e4fe2bd3cdb18bc581945,20180118,9,12,0,,,,13,1,1
3842,f6e6dd932e384f1bb25336891e2ed4e9,20171103,4,7,0,,,,13,1,1
3843,1b8c9addcfff49d1be9ee726e14e2032,20170724,7,7,0,,,,13,1,1
3844,6ac30182f8ce4720ad23e07b408b8b76,20170617,7,13,0,,,,13,1,1
3845,2fdc5da2fdbf4fceae96d5eeb6ae4e37,20170614,4,9,0,,,,13,1,1
3846,6ed255f196334745be2ad4889196ecfe,20170706,1,1,0,,,,13,1,1
3847,e58b450d2784443bb71c5a2097558ae1,20170914,6,1,0,,,,13,1,1
3848,992489b74b614b488bd4fc6297179573,20180504,9,3,0,,,,13,1,1
3849,7307c55bcbb94a91a6c5072172607e78,20180119,1,16,0,,,,13,1,1
3850,c6be556c2c3d40a08304d65251b2ea93,20180221,4,7,0,,,,13,1,1
3851,bdab7c0e1d55491d8dadc2d0520d50a6,20171115,7,30,0,,,,13,1,1
3852,e8c4a2ad0c704c2ca116b31c34fdc83d,20170820,4,4,0,,,,13,1,1
3853,ab00d23572fc42af83cb01d0a0235f20,20180302,9,13,0,,,,13,1,1
3854,f395f854559b47b0929f7d8dd65f4fa9,20170706,5,12,0,,,,13,1,1
3855,2c442dfa9b4f42e496a2747b48da0466,20170914,1,10,0,,,,13,1,1
3856,fa42228b477347e287b247777c53fad0,20170914,4,15,0,,,,13,1,1
3857,a360964a4cc34cf8b6b0ecd1279ae86b,20180530,7,7,0,,,,13,1,1
3858,97c4f9ddcd7b40e5b4189862b01836e0,20180406,9,1,0,,,,13,1,1
3859,9e9a1207cb0540a0b68a1a74a2b04ca1,20180328,7,6,0,,,,13,1,1
3860,9abbc07e329144d995729c7030045435,20180517,3,19,1,20180603.0,16.0,407.0,1,2,2
3861,8d1408513a49488399838df0e498bc46,20170912,3,4,0,,,,13,1,1
3862,9e9d10eb79504b149126eb133f81b357,20180115,9,20,0,,,,13,1,1
3863,da888590dcf04197977530a205114be5,20171222,7,5,0,,,,13,1,1
3864,7c2b1179e82a4bd5bb3dc3c7f6cd92fb,20171005,4,8,0,,,,13,1,1
3865,5ffdb15163d64cc880fa9932dd43663e,20180319,4,18,0,,,,13,1,1
3866,f9372ed0fd7c4bbf95f017506c9e75fb,20180123,7,27,0,,,,13,1,1
3867,2ad090241ee04aa28c73484e17d23832,20170717,7,23,0,,,,13,1,1
3868,bca5ded3b086437693721c8cde25ad40,20180120,1,28,0,,,,13,1,1
3869,8790c1647f914a938dcad2ac5e48b377,20180531,1,30,0,,,,13,1,1
3870,25521aa3f25a4a538a414143354bf2a4,20180410,4,15,0,,,,13,1,1
3871,92c0750e0a634c21b78d11e35e3e686e,20171006,7,12,0,,,,13,1,1
3872,3735459bf310480c8a9e47067f33aa7d,20180413,4,18,0,,,,13,1,1
3873,fed8ed90d6464638bb5109b244e0da09,20171214,4,7,0,,,,13,1,1
3874,32131a5e8ef64712850cfe8651e84891,20180524,3,25,1,20180604.0,11.0,408.0,3,7,12
3875,70759643e495461eb30ca2a250181035,20171219,4,17,0,,,,13,1,1
3876,1c2a403aeaa04895ac9d0dc97420f340,20170820,7,12,0,,,,13,1,1
3877,286f5b75ef7e436797167067de0f011c,20180418,4,1,1,20180518.0,29.0,409.0,11,5,3
3878,7493cfc3b0f44878a357740373f40ef6,20180508,8,28,0,,,,13,1,1
3879,01cf626e30ce40a5b497ef738102bfdb,20170920,9,15,0,,,,13,1,1
3880,8c673758d43d4843a1d4a844c9f9f3a4,20180311,4,16,0,,,,13,1,1
3881,4795c6b93cdf409faea7c6b4eebe62e3,20170710,9,6,0,,,,13,1,1
3882,5b1723c6fe0649879444c2793daef0e8,20171114,1,18,0,,,,13,1,1
3883,542189ae7fed4bccacdfe9735c3e4ef0,20170824,2,9,0,,,,13,1,1
3884,7fc9289354bd420c854c6dfdebcfc628,20180215,4,18,0,,,,13,1,1
3885,328cf13a9001426d83f910e45ee3cffa,20170614,8,23,0,,,,13,1,1
3886,1f9aa8e99cbb469fac1e8b55672121fa,20180522,5,30,0,,,,13,1,1
3887,49bbf87a14d8418383ab6c655218826f,20171123,5,10,0,,,,13,1,1
3888,b4ec2a14e35b4450aeb5ccafe6cd308c,20170908,9,27,1,20171010.0,31.0,410.0,2,12,2
3889,65f110ae034648ba9fd3187707737a78,20170606,9,25,0,,,,13,1,1
3890,0d844a347c9440a7bc6a6d6f2ea560b3,20180530,7,8,0,,,,13,1,1
3891,3bb4a2a13071423b9b59802d9d4adcb4,20180510,1,13,0,,,,13,1,1
3892,692e94d8f09043fd9bec063962210177,20180123,9,3,0,,,,13,1,1
3893,758a647009014d81837ad5646979738c,20180308,1,17,0,,,,13,1,1
3894,7a74cde0712c4c83b5c5f1cbe3a5c380,20180601,7,4,0,,,,13,1,1
3895,4fdca1b6ef424f20a2e9acc78e4ef962,20180128,1,20,0,,,,13,1,1
3896,b9e17cc6365b465cb9c9af7470804cf4,20170822,3,20,0,,,,13,1,1
3897,e1206f9fae994cc8b0fbcd9c36cec433,20170610,4,25,0,,,,13,1,1
3898,40ccee20af6046c18fa1aa44c6e961c2,20170830,3,25,1,20170903.0,4.0,411.0,9,7,1
3899,5258514d44904d7c9b9df522ac7eaad2,20180301,9,7,0,,,,13,1,1
3900,db221b4f92944e0985cca61fc552c715,20170710,3,11,0,,,,13,1,1
3901,8ff01980741e40028f2d94c4961ac387,20171018,7,18,1,20171026.0,8.0,412.0,7,12,1
3902,b747b1539e2a467faf2e7ce8084a69db,20171201,7,9,0,,,,13,1,1
3903,0b90c2e218ed46af84e2fc3c26722b3c,20180601,5,12,0,,,,13,1,1
3904,c5e093ea14504d67a5ce62c461d0c0d3,20180512,4,9,0,,,,13,1,1
3905,89a3b7cdb6d44e2ab44f8e64cf126758,20180113,3,20,0,,,,13,1,1
3906,f9fe545518c2454b9d0dfbe155b9ffda,20180422,7,23,0,,,,13,1,1
3907,27f4d09698e04637b3b2e96dbbdade78,20180506,9,30,0,,,,13,1,1
3908,e7a4b26c882f4f1ab1bb554aa408a942,20180520,7,18,0,,,,13,1,1
3909,c2553efd57454d258c4298bfac1e6227,20170627,9,26,0,,,,13,1,1
3910,5e73606e9bd74b2882af41277e032240,20170625,7,24,0,,,,13,1,1
3911,d8b9bb29bb984a54bc1608cffadbc0cf,20170912,4,16,0,,,,13,1,1
3912,a0778ab50d30414d9395a1f5dd106e5a,20171001,4,3,1,20171011.0,10.0,413.0,7,10,9
3913,87f426836c3140a5835a24cc81d2c6c9,20170609,4,26,0,,,,13,1,1
3914,7360f7b2220c47be93414c94523bb1ae,20170608,6,20,0,,,,13,1,1
3915,2058d6793ddd478b9e14c3f5feb71a3d,20170907,2,17,0,,,,13,1,1
3916,0bda24462f2245c39b773202ea13b3a5,20170720,7,2,0,,,,13,1,1
3917,cfd666ec401a4e0ea4b9378e8944485e,20170825,1,15,0,,,,13,1,1
3918,c08239786e354076b68d5ad045d4c71e,20180218,7,20,0,,,,13,1,1
3919,3d133b13f9fa4c64bcc65e663f833e52,20171115,1,21,0,,,,13,1,1
3920,b7f2839cc1234a308df52a0960ce50bb,20180417,3,29,0,,,,13,1,1
3921,95144da0220041cbb3934eccbf4c3bf6,20170915,2,30,0,,,,13,1,1
3922,6c4d23f747064b578dc5a5e6f3ea50b8,20180106,7,17,0,,,,13,1,1
3923,6d7a5dd2998a41b591229da93446016f,20170918,3,16,0,,,,13,1,1
3924,b062d1ba94c24d7aa8e04685fb1b2990,20171113,4,26,0,,,,13,1,1
3925,667bc6beb3fd482aa35a5c388488f2d1,20171223,10,8,0,,,,13,1,1
3926,7dbd1282142146279a1a6baee0fd9c08,20170607,4,9,0,,,,13,1,1
3927,4a4e813c426f451f8706684075117d66,20180121,9,3,0,,,,13,1,1
3928,06f339e0e60746f08e8e93a8a7eef0a7,20180503,1,23,0,,,,13,1,1
3929,61992c82339440dd9b48c38f414994d0,20180416,1,27,0,,,,13,1,1
3930,4ad6cd43e2d2418788b7fc37b3213cfe,20170705,4,15,0,,,,13,1,1
3931,b2a6792615954065a67d4c64107de903,20171102,5,13,0,,,,13,1,1
3932,92bfdc8b4def45e9ab18f96d23bcc12d,20170723,4,5,0,,,,13,1,1
3933,e12dcc05ecac41daa55b2631cd8a44b1,20180319,9,19,0,,,,13,1,1
3934,d4f13976cc9a47e6a07e6910e22e7c27,20170719,4,8,0,,,,13,1,1
3935,d3b098ebfacf41c98c103393b3572b09,20180420,7,11,0,,,,13,1,1
3936,c3c7d068180e4e69ac054898e0ee1a4f,20180522,9,8,0,,,,13,1,1
3937,b14ec59735e3418dacfacf5222a7f001,20170829,7,24,0,,,,13,1,1
3938,8b6b8979bfd04c39b9556f78631f8419,20180519,4,10,0,,,,13,1,1
3939,35b353658b3a4874bc4805834edcafa7,20180508,4,3,0,,,,13,1,1
3940,0a0fcc4cd40b4db7856d554c7966da34,20171119,7,29,0,,,,13,1,1
3941,0635bc106ac54481b3d499505fefba7b,20180327,1,30,1,20180419.0,23.0,414.0,6,6,3
3942,62491b65e4bb47f69bf30872300f0c20,20180217,8,2,0,,,,13,1,1
3943,2ac3ba1727ea43ddbbd082e3eb949540,20170928,4,14,0,,,,13,1,1
3944,23a63fd71ce34157b03b2b055e54c9c1,20180527,7,17,0,,,,13,1,1
3945,559ad3e1169549e2a983e298220f52e9,20170611,4,24,0,,,,13,1,1
3946,a53652c82a5f4a54bd1e5c8793a941c4,20170803,4,17,0,,,,13,1,1
3947,cb54fb3082c5423cbf7db53a29599a6d,20180106,1,29,0,,,,13,1,1
3948,5b7f9b3dc8814959834757e01ee83738,20170711,9,4,0,,,,13,1,1
3949,0bd944deab7041598489585792a16621,20171209,4,1,0,,,,13,1,1
3950,0bbf490d656f4ca0a9e58a1ae3581635,20170912,4,30,0,,,,13,1,1
3951,1ed8c3ed3be44a2983e500fbb92ddb1f,20170913,4,27,0,,,,13,1,1
3952,4d04269aec8a4550b3658aee479c30c4,20170930,3,18,0,,,,13,1,1
3953,0e67b2b95968483cb17f0d9061303632,20171116,6,19,1,20171127.0,11.0,415.0,3,2,2
3954,cc61e90b43cd46d29f2e12b59022a7cd,20171110,4,5,0,,,,13,1,1
3955,9d5c86890b5a4d15ad53210a72b26afb,20170621,4,5,0,,,,13,1,1
3956,3a46aa88548b40d2aa917e65ba38c1e6,20171230,8,20,0,,,,13,1,1
3957,6992d02cc0c9486a8f8f746616208732,20171026,5,17,0,,,,13,1,1
3958,abb68218b69b41c28ac3d19bc69568b6,20171117,7,17,1,20171128.0,11.0,416.0,9,1,3
3959,8d21ee5de126488db848ce81a33e8882,20170914,4,27,0,,,,13,1,1
3960,548619a5fb204d04a50c4b9643592137,20180507,4,5,0,,,,13,1,1
3961,258cd99b33ad407eb7fb445915103da8,20180518,9,29,1,20180709.0,52.0,417.0,4,9,5
3962,0cab4315ce3d44a9911ef73091d17417,20171213,7,8,0,,,,13,1,1
3963,d1092c58396a49859008717b643d285d,20170902,4,23,1,20170920.0,17.0,418.0,2,12,3
3964,13fc57cef651488c8e748bfddb1fe115,20170604,9,10,0,,,,13,1,1
3965,d903ebd9a61b483a8f4bb2166385797a,20180207,4,9,1,20180323.0,44.0,419.0,9,6,5
3966,6c06f880248c47ab854703ff5e5ca740,20170627,3,4,0,,,,13,1,1
3967,431946592f8c44f48942f7b14781d7b1,20170913,7,3,0,,,,13,1,1
3968,b3ecb0f650094bd19ea6d06f650180f1,20170828,4,21,0,,,,13,1,1
3969,59206678b0f945a897ef3332a81f8535,20170913,9,6,0,,,,13,1,1
3970,d9dbbd3ba0ac4979bfb600aa2a107ac3,20170711,7,2,0,,,,13,1,1
3971,7a635b45da014478adeffa13af8aa464,20180126,6,7,0,,,,13,1,1
3972,3328b6c2b99d4cf987fbbcf625feffac,20170910,9,15,0,,,,13,1,1
3973,a5d048c93a944e42b40170ced64b5bce,20170830,4,17,0,,,,13,1,1
3974,93e558da55e04219926c546e71ffeb55,20171103,1,14,0,,,,13,1,1
3975,5429215ab9d04c0e81ba7b4b5645fb5d,20180116,4,9,0,,,,13,1,1
3976,3fea020414634b7396270e7c24044f87,20171018,5,3,0,,,,13,1,1
3977,a43960d06ceb4a6f9bc605b94d2dac64,20171202,7,30,1,20171207.0,5.0,420.0,7,8,12
3978,35cdc6652bdb43e8afab8d88bbc8e3e5,20170825,9,18,0,,,,13,1,1
3979,785bf5069c3340fcbda3866e1c4b340a,20180103,4,29,1,20180121.0,18.0,421.0,6,10,3
3980,79958ca62e934bba842ab2f7b26371c9,20180108,7,20,0,,,,13,1,1
3981,a4b8b1286deb4f01a09d86e64d2f0424,20180202,3,24,0,,,,13,1,1
3982,b780f754cf884fda97d7b62f9cbe0e8c,20171213,3,10,0,,,,13,1,1
3983,c9164292210347ec8c9b7a5ebff71df0,20170713,4,29,0,,,,13,1,1
3984,dc082f74258347ddb7fb38f923268b1c,20180303,4,21,0,,,,13,1,1
3985,cffc93114b0847b5a1dbd6e1da44a243,20170829,3,30,0,,,,13,1,1
3986,ff0fe094adb041f0b3c4fdcb2e59e06c,20180124,5,18,0,,,,13,1,1
3987,0fbceac889b64bdf906c74c0ff3b8b4e,20171024,4,21,0,,,,13,1,1
3988,4920052899a44a44a301a73cede78511,20180407,7,3,0,,,,13,1,1
3989,e1c37f0c73cf42a6b35c73d60cfc49a9,20171118,7,28,0,,,,13,1,1
3990,10c7ab48565f4bdba1a29707c1185d9e,20180127,8,4,0,,,,13,1,1
3991,8a08cebef27f407a983df928f9d959f9,20170906,4,26,0,,,,13,1,1
3992,1983716699d54a97b1c280f023eefcd9,20180212,4,13,0,,,,13,1,1
3993,e3d7b22ca26646ef838c72bb7ddfa0f9,20171225,1,30,0,,,,13,1,1
3994,158911774b4d43689ae647da1fad03d7,20171209,4,13,0,,,,13,1,1
3995,85bfb09c84c1445e821d85b3a7fadef3,20171105,7,14,0,,,,13,1,1
3996,8342a39aec334925a6cbabb17812f69e,20170707,7,12,0,,,,13,1,1
3997,32872d8e40b9494b8cfaba23373c23f1,20170620,7,30,0,,,,13,1,1
3998,31b4586414ca4928a1f0232ed234e050,20180317,7,9,0,,,,13,1,1
3999,9a676f5f6b4343bf9d3dbd4aa5da663d,20180110,9,24,0,,,,13,1,1
4000,8100e07901054b9db2a064dcd25c9417,20171126,4,28,0,,,,13,1,1
4001,9551f9a21e934c9f8e6d2938c92a7cac,20180206,9,28,0,,,,13,1,1
4002,6c65fbad026e4fb4b331bdc004cb8e29,20171206,3,23,0,,,,13,1,1
4003,ceab087eba10443f82f2a0426cd1c080,20171215,1,2,0,,,,13,1,1
4004,587431642f764e599dca0c75d9afd319,20171005,4,13,0,,,,13,1,1
4005,57eba8c017124ac0821b7c1576d5c4f9,20170618,4,23,0,,,,13,1,1
4006,c816e27312534912ae576c42a14c71c8,20180528,4,28,0,,,,13,1,1
4007,6918cbb0c72f4094b2008f4e201278d0,20180507,7,4,0,,,,13,1,1
4008,0d09730fff6541498e98755a020f9663,20171012,7,18,0,,,,13,1,1
4009,0a06c21b788a4b8ea6238448db74dbf1,20180515,1,19,0,,,,13,1,1
4010,54fc578bcf6048a8a7c27df88b0e6925,20171005,4,14,0,,,,13,1,1
4011,43bd7a7693e84b9385e67dcb89ed407a,20180506,4,26,0,,,,13,1,1
4012,60391452b3e54a5d8d24a42eceaf7fc5,20170730,7,23,0,,,,13,1,1
4013,1da8ee5339a94800ae66febab54f2fa7,20180531,1,30,0,,,,13,1,1
4014,94657ff1b88e4b49a6156c6018ffc452,20180528,4,12,0,,,,13,1,1
4015,ab5af6eddf68474e9e1f38749115146f,20170712,9,22,0,,,,13,1,1
4016,a5696e4d68244ee4a1ab941b5f7ed4c0,20170905,4,7,0,,,,13,1,1
4017,96617493e49a4fc68b160d2e2b67bbb1,20180105,8,28,0,,,,13,1,1
4018,af956776df7247bbb6c174f4fddae0ab,20171102,8,21,0,,,,13,1,1
4019,3e3b8bf7f8914b8d9be8d61a15f713b7,20180504,7,14,0,,,,13,1,1
4020,e4f645277c1f4698a043975e79b6c7b7,20171105,4,24,0,,,,13,1,1
4021,3f53c755408d443cb11eccc74f0d2bcb,20170716,7,23,0,,,,13,1,1
4022,b882d7e62c3448d89a29bd472353ce97,20180321,4,20,0,,,,13,1,1
4023,1a82ad3c9d844e7d83b741233b282821,20170813,1,2,1,20170824.0,11.0,422.0,12,10,12
4024,4d85d75d08bc4007bcae29db0461a9ca,20170916,3,28,0,,,,13,1,1
4025,cf15e25f10bb4362b7e520f197a5bc8b,20171105,1,7,0,,,,13,1,1
4026,e2734b54f1774687a8cfb8c58a15ae35,20180207,3,25,0,,,,13,1,1
4027,9628c8c313f148e39be341b194fa146b,20170706,7,6,0,,,,13,1,1
4028,31e549bd783f435f99b92457427db822,20171231,4,1,0,,,,13,1,1
4029,8ee1a649967c4f85a5adf1c5188ef803,20180107,1,7,0,,,,13,1,1
4030,05499d9f43564b28bd3137e258b592b9,20171209,7,28,0,,,,13,1,1
4031,5a225679173240ed853d72eb461077d6,20170808,1,13,0,,,,13,1,1
4032,d7f246e96fce4c3597213ccf8fc935e9,20170902,4,25,0,,,,13,1,1
4033,2cc8fd98c9a34d11a216566def871c2d,20180117,4,20,1,20180129.0,11.0,423.0,3,12,15
4034,c5e6e6a28bc14c0ea07145847d42c2b9,20170917,10,9,0,,,,13,1,1
4035,ee10888f24964f228203ead1c03be7db,20170701,4,5,0,,,,13,1,1
4036,e3ac0c3242e54b908f4dc7509b0539b9,20170907,10,12,0,,,,13,1,1
4037,b0195eb2139745f18f26470f3a233ab8,20171227,6,23,1,20180111.0,14.0,424.0,9,10,8
4038,f797a30023184d2b813dc93aa049f307,20180416,3,10,0,,,,13,1,1
4039,716c5ebf171e4939821f84e5502b629b,20180422,1,3,0,,,,13,1,1
4040,2769e2c2c0034172a4c4817e864aab04,20171029,9,30,0,,,,13,1,1
4041,c1daa48f1c684182a99e884c78836e46,20170803,8,3,0,,,,13,1,1
4042,d3745d57762c4d33b1efa0f577b4788d,20171123,7,14,0,,,,13,1,1
4043,49503df1d2a74bb280a9f12577b8fdd9,20170929,7,13,0,,,,13,1,1
4044,01977d470ffe4e7a889024c7be00f5d9,20180511,9,26,0,,,,13,1,1
4045,49dcc70b3e19435b83209284057d6478,20170702,7,24,0,,,,13,1,1
4046,a33174454bb240788416610a44af6018,20170604,7,5,1,20170614.0,9.0,425.0,10,3,14
4047,b8c32cf6e80d440e98c4d4bc411e9717,20170622,7,9,0,,,,13,1,1
4048,e220b2fd905a43b2a7011dc613e5e1b0,20180223,9,30,0,,,,13,1,1
4049,b8c4e8821067448d8eeb94e2266b5da6,20180405,8,24,0,,,,13,1,1
4050,eca85d256d4c425c8257c3c9b02e447a,20171015,4,13,0,,,,13,1,1
4051,2a729069d62645bcb0af0990d4fea218,20171120,5,15,0,,,,13,1,1
4052,a68fdc8557564aafb44d7aa8d97e1347,20171120,1,11,0,,,,13,1,1
4053,e076449c46084b26a4ede91550ce44b2,20171123,3,20,0,,,,13,1,1
4054,fd97a25733f049c0bdf019d806a75d8c,20171001,9,11,0,,,,13,1,1
4055,5ed27ac28be242638fd1712bcb3637fc,20171222,3,29,1,20171229.0,7.0,426.0,7,5,10
4056,53a8f207fdf0442c9a1235a0e64fe2c1,20170630,4,10,0,,,,13,1,1
4057,a5c5533a41a644aa8098fc73acdb9c45,20171117,3,26,0,,,,13,1,1
4058,b6c1311e526a4d5ea02ab6e771997dfe,20180120,4,2,0,,,,13,1,1
4059,a205a129a8c24e39a15b966bbc976d95,20170811,8,29,0,,,,13,1,1
4060,54f0d55c6a5b4747a53890b32b22e42a,20170802,10,19,0,,,,13,1,1
4061,87d240d87a7f48fbba2c1d7a7902f3da,20180525,7,16,0,,,,13,1,1
4062,0c0378cdff6f4438aea89e71daf577cf,20180118,4,11,1,20180128.0,10.0,427.0,7,11,9
4063,dfed4d2760c44cbf9abbe21aa3a0cf60,20180504,1,6,0,,,,13,1,1
4064,a3d917c00fec4a709ec718a60367cd9c,20171229,4,26,0,,,,13,1,1
4065,33a58662b0c84c6888f2e1d06b4f834e,20180423,8,26,1,20180508.0,15.0,428.0,3,6,7
4066,aa9aad70679e45cb89e40ebc74289d30,20180421,4,10,0,,,,13,1,1
4067,a1ab39ebe19043a19dff247e49d5d4b9,20170624,4,11,0,,,,13,1,1
4068,be898cf3567949a8b1c3ab1d619d2696,20180114,6,29,0,,,,13,1,1
4069,27c4df3c4b04496aadd9dd49e3f15ad5,20180204,1,2,0,,,,13,1,1
4070,0201335c55b0490c9367467e6d595237,20180410,3,16,0,,,,13,1,1
4071,e57394b2a28f4a969c8130e1659868d1,20180106,7,11,0,,,,13,1,1
4072,98a853247d2440ffa5b2bbc67cedb20d,20180525,1,2,0,,,,13,1,1
4073,348e2162ebec42268fbd1848572d4742,20171215,9,29,1,20180330.0,105.0,429.0,3,7,11
4074,6aa9fa19b0194a309e067a3dd9b8f0d2,20170908,9,10,0,,,,13,1,1
4075,25eb325b1b3c4622a0db7448de607036,20180222,1,5,0,,,,13,1,1
4076,80fefa5bd98a43139c72c124ff96253f,20180214,9,4,0,,,,13,1,1
4077,601eef61752d4e33aca7b41bb3ea8929,20180210,7,1,0,,,,13,1,1
4078,40f8c21010094a578dd65627dc18be79,20180511,4,10,0,,,,13,1,1
4079,4d07aaa405a347959abaf7db3c2a44a3,20180126,1,12,0,,,,13,1,1
4080,2348bc75d31d414eb60c8f9b2e13c3a7,20180115,4,13,1,20180206.0,22.0,430.0,12,12,14
4081,7a890b14243440c490ea5b2894d97beb,20180506,1,17,0,,,,13,1,1
4082,af802d7d072947f1b9a7450f3559cdc3,20171003,4,7,0,,,,13,1,1
4083,80da5663002d47ddb4d3ac5726b48f9f,20180504,9,25,0,,,,13,1,1
4084,890042a9949f40a8a45af4c7d1a3e3f7,20180109,1,7,0,,,,13,1,1
4085,b2080472897942c3a36909bfff8dbfce,20171115,4,24,0,,,,13,1,1
4086,a28b4370b7ec4e2eb0c2ebfa3ce129bc,20171022,4,2,0,,,,13,1,1
4087,3952cbc64890415bb805763568599064,20171010,4,12,0,,,,13,1,1
4088,62dc32806c9d4d6c9a3bd165f177cf06,20180510,9,11,1,20180518.0,8.0,431.0,9,8,13
4089,181c851ce46240b4bd446deda9c095fc,20170809,3,23,0,,,,13,1,1
4090,e87404830c4f47a0bf4a78a2bc78fc0f,20180207,4,5,0,,,,13,1,1
4091,7283e4231411428b8fd55e6b6968c5a1,20180521,1,10,0,,,,13,1,1
4092,3eb4b92df0a54af9980cc366bf32833d,20170923,7,24,0,,,,13,1,1
4093,5052aa62b0e344f583060284591aa73e,20180404,7,23,0,,,,13,1,1
4094,3b93c87bcd0d4b8aaf2cc69b21e84a52,20171123,5,22,0,,,,13,1,1
4095,dd0161a1923643b4a5fd268fb43a2b5a,20171213,7,23,0,,,,13,1,1
4096,148c420af3084a938c3ca6aee90b3334,20180315,7,5,0,,,,13,1,1
4097,f0d46dd3cea84515b54ba860faf9a749,20170928,4,19,0,,,,13,1,1
4098,d8f201cfa02e4bce870f44c7b61b94a7,20170730,4,3,1,20170820.0,21.0,432.0,6,2,7
4099,9a7379a7c60b4731ad447f3f9573eb91,20170728,4,8,0,,,,13,1,1
4100,fcfd507e026444bba33150a712e7fa6a,20180331,4,2,0,,,,13,1,1
4101,131d142c820f46429bd037f252228640,20170730,9,16,0,,,,13,1,1
4102,d3dff217046040aa9f174585046ca273,20170805,7,30,0,,,,13,1,1
4103,fe9498af1027412b85cb57a1b9064076,20180323,9,1,0,,,,13,1,1
4104,c70474223469457d87e6b8957a52b596,20170702,4,21,0,,,,13,1,1
4105,76fe6a01ca8941dda2e8bcdaf0bb018c,20170906,7,15,1,20170915.0,9.0,433.0,11,5,7
4106,26abf78bacc04c6faed0f82a8b3092ee,20171111,1,5,0,,,,13,1,1
4107,4aab0225335048e3b3115e56f767c7ea,20180514,2,6,0,,,,13,1,1
4108,67a9ccb8682e4e73942eb529c835e393,20180506,4,14,0,,,,13,1,1
4109,cc8b2ae909bd45dfb69a8c6691c73a20,20170922,8,30,0,,,,13,1,1
4110,2847a2f1c74c42b0ac539a1485ca89d4,20170605,9,10,0,,,,13,1,1
4111,771d2e22df8c4bf180aa4b01179fa5ec,20180122,9,4,0,,,,13,1,1
4112,f42e21d3205844f0ab523945820a0ccb,20171030,9,13,0,,,,13,1,1
4113,d9620ca80b87403e99de46f24c7b1fc2,20180515,4,4,0,,,,13,1,1
4114,9301437c303b4e8ebe2e1aac18aa0b59,20180404,4,4,0,,,,13,1,1
4115,4a4a8f1724f9401ba8198ca68fb00fbc,20180507,9,29,0,,,,13,1,1
4116,424adbdaf52d4107bca0193bf59819d8,20171111,7,6,0,,,,13,1,1
4117,94c98adc59d74d5eae46f492e7504344,20180519,5,19,0,,,,13,1,1
4118,51a080f2926f416eae4687a2be05b45b,20180528,7,13,0,,,,13,1,1
4119,a730c1ef51d04dc4b212a6c3c822b7f6,20180420,4,13,0,,,,13,1,1
4120,23c7ba72c2074a24853fdd33f0f36fe7,20171028,1,27,0,,,,13,1,1
4121,6361a34228764e889b8c7ab454430c1e,20171118,7,20,0,,,,13,1,1
4122,b421d2185503449080492e74920b1a1c,20170916,9,28,0,,,,13,1,1
4123,ef176572314c4a49bcb62071eb979c32,20170627,1,10,1,20170722.0,25.0,434.0,10,9,9
4124,cbfcec0fa6324e35b01889964e95cee4,20180205,5,1,0,,,,13,1,1
4125,e2e0b5b3955f4530866b8ec07dbf1dea,20180504,3,26,0,,,,13,1,1
4126,664c686b8ccf4fe3b4e2ccebe6f56394,20180308,1,8,0,,,,13,1,1
4127,c26682b659e7403b8948cfef106daa44,20180103,1,16,0,,,,13,1,1
4128,87dd1a853aab4efd902b943c95b4d96e,20171218,2,3,0,,,,13,1,1
4129,43d1ae439d354f81b1880571a800995d,20180226,7,1,0,,,,13,1,1
4130,0a17ee2634794a45bbf35f852870a785,20180523,4,28,0,,,,13,1,1
4131,ac7fd0cd3910498eb3bcb07cd6d59bbf,20180308,4,25,0,,,,13,1,1
4132,d568d22ac029463eb45e17645dbac1b3,20170807,4,24,0,,,,13,1,1
4133,ce5eeaff1abb45a78dd25659bb9a23d4,20180325,1,10,0,,,,13,1,1
4134,2de2aecb540940f9b7058ddd918c04e0,20180530,9,18,0,,,,13,1,1
4135,2150c59427d344e48ec1d05d551bf480,20180502,9,14,0,,,,13,1,1
4136,4ffc03059cb948cc855eb6b4f42c87af,20170810,4,28,1,20170830.0,20.0,435.0,4,7,11
4137,1994863c43cc4de0b5138db2af39badc,20180203,1,12,0,,,,13,1,1
4138,93c3f785fde14b83b27e5102bdf644ac,20170814,7,9,0,,,,13,1,1
4139,f8c4a2cfcc1942dd8590a0a3cdf7e624,20170909,1,26,0,,,,13,1,1
4140,c7ca02932bc641c4b339f06e6da4e71c,20171203,9,25,0,,,,13,1,1
4141,0b8972e7659f40b4b3e65229e8adbf90,20180514,7,30,0,,,,13,1,1
4142,4de56db6b7e14eeb85633ac291396c81,20180105,4,22,0,,,,13,1,1
4143,ac2c20135b1a4f308f4a1ed77fa50e72,20170629,4,16,0,,,,13,1,1
4144,e0ffa23fdc4d48a1a69e98299ed91a5e,20180129,3,27,0,,,,13,1,1
4145,7cae3545f3b2401bb53cec7547e62dcf,20170731,5,23,0,,,,13,1,1
4146,0d67e5c40f924fe680606593a5afe241,20171121,9,15,0,,,,13,1,1
4147,a50c596d11a04874a298155cb128e938,20170816,4,2,0,,,,13,1,1
4148,595e0e11cf3a42908e12d1a0ead0fbdd,20171224,7,27,0,,,,13,1,1
4149,38a5d6b4fa574beb877ce614bd0babd0,20170731,1,30,0,,,,13,1,1
4150,3c8b80c2aea14488bda8a8dabad5441e,20180206,3,28,0,,,,13,1,1
4151,89af48cde6cf4d82bef33ec38f1a9d16,20180402,4,23,1,20180613.0,72.0,436.0,7,10,5
4152,8efdd4f981644bc49c0c75aa2dbad337,20171210,4,3,0,,,,13,1,1
4153,327ba563c8924c288aa6b185472dc9bd,20180124,1,30,0,,,,13,1,1
4154,ca696eb4dbc44d63ae0e70e202c380f9,20171019,7,23,0,,,,13,1,1
4155,228146d8449a458288c73775bcceb9ed,20180114,4,26,0,,,,13,1,1
4156,ce350dbd63134b01a2bf9f286121901e,20170801,4,3,0,,,,13,1,1
4157,5add7148b39d45ff8c4e99dc6d54fef1,20170802,9,23,0,,,,13,1,1
4158,18af1137505548259055cd33544e184a,20180509,8,17,0,,,,13,1,1
4159,973dd3d374d848f784cadc869ea0d422,20170612,2,14,0,,,,13,1,1
4160,e1c8af5179e14fca82a4b935a34c0103,20180321,9,19,0,,,,13,1,1
4161,1dfb2335dbe6482bb86090f368e32182,20180522,9,5,0,,,,13,1,1
4162,cde97ad561af4e8ea25f981d085ec245,20180331,4,30,0,,,,13,1,1
4163,3528eac99e9147899e19025dbac67073,20180203,9,28,0,,,,13,1,1
4164,c936289895d64c389d77e8c3606b8d60,20180109,7,14,0,,,,13,1,1
4165,cbba2de2c0314c5bab5667ee8e03baca,20170804,9,8,0,,,,13,1,1
4166,b5557f45aadc4e899c0e88b7c26626ea,20170703,7,7,0,,,,13,1,1
4167,61c5d4b7e45641219d9199ed2731d0bc,20171225,4,30,0,,,,13,1,1
4168,912d9d7bae05411f9e5b97b8098d9c99,20180312,4,5,0,,,,13,1,1
4169,fcf14557fa9e44b4b29ebdfa1fd0c6ce,20180227,7,3,0,,,,13,1,1
4170,e6fa5ec66388497ab63ac0364f45ad73,20180221,4,21,0,,,,13,1,1
4171,1dae4e1a87804bffaf9be52283530466,20180601,4,25,0,,,,13,1,1
4172,1efcfcfa64f340408d1f352e856b8a8e,20170915,10,12,0,,,,13,1,1
4173,fb01d4d575da4317a11fbaed7f315560,20170731,7,10,1,20170821.0,21.0,437.0,9,1,3
4174,3777fbd1d2a64fbaa68b45668ed80be3,20180403,9,26,0,,,,13,1,1
4175,3213d322f4314da297bcb52b92147510,20180312,8,5,0,,,,13,1,1
4176,50ace3142dad42e99eda653cfee88bd4,20171108,10,27,0,,,,13,1,1
4177,f09c7f254494400e84a80ba25310ab57,20170805,9,9,0,,,,13,1,1
4178,2516d2c8219e4aa0b4e2c1b964d40e7d,20180501,3,3,0,,,,13,1,1
4179,19573ffe3869417895f5bfd5d07a4af4,20180315,7,10,0,,,,13,1,1
4180,02e09cf01c124397934707aa2170b6e9,20170618,7,25,0,,,,13,1,1
4181,7570ae9617c348b3b6755ea0048e60ff,20180215,7,16,0,,,,13,1,1
4182,ef9c08cf8d964a8f9dd2b7d47c59809a,20180306,1,15,0,,,,13,1,1
4183,57c9e838895c487185a038453e75f798,20180503,1,17,1,20180505.0,2.0,438.0,10,4,15
4184,340ef602f2ec4dd198b1d808a77d9401,20171101,7,6,0,,,,13,1,1
4185,cff53c423c594ab4bfb2ef52e7fb5436,20171029,4,21,0,,,,13,1,1
4186,745bacbcdded4c3d995ee32f72abb4b9,20180114,9,14,0,,,,13,1,1
4187,4291cd2df43a4dffa2da6bd8e0dd139c,20180207,4,6,0,,,,13,1,1
4188,61095f23613f4e5c8600518161330007,20171128,9,21,0,,,,13,1,1
4189,8ebeca06f7934bc995010bec94ab01a3,20180217,1,28,1,20180307.0,18.0,439.0,12,8,9
4190,672683064c934c55bd93b56d6215e149,20170721,1,17,1,20170823.0,33.0,440.0,5,11,6
4191,923e763a76524865979a2f9b656000cf,20170619,1,4,0,,,,13,1,1
4192,2a1ee96b28fc4cd7a64d329682c77fce,20171101,8,4,0,,,,13,1,1
4193,0173e5a6601a470d8752cdf32144a9d2,20180405,7,9,0,,,,13,1,1
4194,c895f883ba184956808aa61d79de5907,20180330,1,19,0,,,,13,1,1
4195,53b13c5721f7454d8a9f51b170c21c77,20170805,9,15,0,,,,13,1,1
4196,14b6952da803429d81b9cdf5332fbd58,20170709,4,19,1,20170722.0,13.0,441.0,7,5,9
4197,2840a55712e8421887e7622949ac672a,20171012,4,23,0,,,,13,1,1
4198,10f0569f063345a4ad48b002087abe2b,20170823,7,18,0,,,,13,1,1
4199,d00766fd2c58401f95a9c2002290a2e7,20170713,7,11,1,20170724.0,11.0,442.0,4,11,10
4200,5b34daac23a843ad802ca014f4004985,20180104,9,21,1,20180204.0,31.0,443.0,12,11,15
4201,2e9389a57e1d4a1db8a1ab5f1104731d,20170913,3,23,0,,,,13,1,1
4202,6d370812074944fd88797d25f293f18c,20171016,4,28,0,,,,13,1,1
4203,deace0bf80824af983ef86122f158771,20180427,4,28,0,,,,13,1,1
4204,f7e5ecef33b14b39822bd43b12b18348,20171208,2,11,0,,,,13,1,1
4205,c8c00953d8244e04bfcf0666007da9e9,20180428,4,29,0,,,,13,1,1
4206,8c8208fd34cb48069dd768006cb55512,20170823,7,20,0,,,,13,1,1
4207,98f7c93258d947328261a951bbd3695b,20170818,9,5,0,,,,13,1,1
4208,e9b1317e65e54d67bf735feb2c2ebe4c,20180109,9,26,0,,,,13,1,1
4209,7bfc5cb17e72437c9db50bf6ae37c45e,20180406,4,3,0,,,,13,1,1
4210,6bf36133b5e64d31bfffe2690441db79,20171017,4,21,0,,,,13,1,1
4211,80eab6ce8fec4f29835f59322d8b84a0,20170727,4,15,1,20170815.0,18.0,444.0,10,7,14
4212,517e62d5ff8e4408b9af7f49a3a08b42,20170704,9,23,0,,,,13,1,1
4213,adeabf24bf944d3fa4eb0db781c920d9,20170716,9,22,0,,,,13,1,1
4214,37731040c46745d7b493fb6132248f1e,20171118,4,4,0,,,,13,1,1
4215,0b7714456d2a4ad6b4aab27b72265a0d,20170924,9,26,0,,,,13,1,1
4216,42381f7802ee409b93008d52d8d1d4fc,20170721,3,17,0,,,,13,1,1
4217,7abb54577201426088f808563c3fe427,20171211,4,5,0,,,,13,1,1
4218,6041fb6777be49d8857565a61cb4ff4e,20170803,7,6,0,,,,13,1,1
4219,283e506b45ee4031861a443256a30911,20171104,1,20,0,,,,13,1,1
4220,72c7c56ca519487fa362811999efa322,20180206,4,6,0,,,,13,1,1
4221,4c2e3cb49fd54115b49bc9d953b7e1e7,20171126,7,10,1,20171210.0,13.0,445.0,12,9,15
4222,fb2539286cf444bf825b266b85d0334d,20171023,9,19,0,,,,13,1,1
4223,bd4664fb6f25489587a74a28e16f86ba,20180408,8,12,0,,,,13,1,1
4224,1889fa0948ca43418256a8b3b5f42703,20170625,3,8,0,,,,13,1,1
4225,2d654d11af7b4eeb8669c0e0adc07a72,20171217,9,16,0,,,,13,1,1
4226,35b427b521644a9fa86fd054bfbbe5b0,20180514,1,21,1,20180602.0,18.0,446.0,11,9,7
4227,6ceb9585ec63414bad3b55a9ce5a33c7,20180401,7,13,0,,,,13,1,1
4228,55347b15b9db4371a7112184d59f2547,20180331,9,19,0,,,,13,1,1
4229,cc74fbe52ce34d4b834a92d9fd1994d8,20170605,7,28,0,,,,13,1,1
4230,a690fd636ead47daa91cd556efed1ceb,20170819,4,4,0,,,,13,1,1
4231,049355ef6ee5471cb039f064be75ddbd,20170813,1,14,0,,,,13,1,1
4232,dd7e4c4d7cc5461c88941323c013950e,20171015,9,22,0,,,,13,1,1
4233,9dbfc2d1add84c6584970a1531e05de9,20180424,7,28,0,,,,13,1,1
4234,a94ab856624a4827a68f1d84833a0ca9,20171006,5,15,0,,,,13,1,1
4235,ec8d7940a57c4750a442c7cbf48e4ce9,20180528,4,7,1,20180621.0,23.0,447.0,9,4,3
4236,27a713dcd2f0438e86c8b47c661e6de3,20180111,7,5,0,,,,13,1,1
4237,5576b793e9194376a21cb1410b2aaba3,20180126,4,1,0,,,,13,1,1
4238,79edd7d3c29c44049e1e28c1144991e6,20171020,1,6,1,20171104.0,14.0,448.0,9,1,9
4239,73d14e8db72f4015825a5d5353b5e40c,20170926,1,23,0,,,,13,1,1
4240,986ba7c417a14e59a4ea6ca4f953a5e0,20170715,7,15,0,,,,13,1,1
4241,1d16a5fec267440f9e55f5bfb2c691e6,20171108,1,23,0,,,,13,1,1
4242,c6fd8ca6e5314b2490aaecdabde3a22c,20170711,7,2,0,,,,13,1,1
4243,0b096dba5e074c1ba2bb13bc001fcab4,20171001,1,7,0,,,,13,1,1
4244,63f5e885bdee42628dec0f06a93439aa,20180322,7,3,0,,,,13,1,1
4245,ffc57848080747cbb251ea4bcf1fa266,20171025,7,22,0,,,,13,1,1
4246,86af27a1fbaf468981e865b8a99218f8,20180208,5,15,0,,,,13,1,1
4247,ad963e77e03e4ca59013a35dacb8f65e,20180513,4,22,0,,,,13,1,1
4248,52ad33c96e7248a7a2e5b0123a4f2545,20170809,4,13,0,,,,13,1,1
4249,94f503071b424f90bc2cdc0f952e090e,20180219,9,28,0,,,,13,1,1
4250,bf5d72f180e9405cb05d34ee966226de,20170803,2,26,0,,,,13,1,1
4251,07b375d8195e469395ca3e2d0974e1a8,20180412,7,22,0,,,,13,1,1
4252,667071d75d5141bd8c4bfb3f0361449c,20170604,4,28,0,,,,13,1,1
4253,9e4db6aa745746548716045e9e9fa55d,20180301,7,17,0,,,,13,1,1
4254,e2c1967a0929435390a6c63dc4c4ba1e,20180505,9,11,0,,,,13,1,1
4255,c27486ba6d5a4e03a572e3399cae63af,20180408,4,29,0,,,,13,1,1
4256,65eba6f9350b4bdeb9a8e8cdd0d4db6d,20180116,1,11,0,,,,13,1,1
4257,560a56b40a624e74991fc7c8e1c35867,20180224,10,7,0,,,,13,1,1
4258,67c56a71d2fd45158f932f12a7c77eb8,20170709,7,20,0,,,,13,1,1
4259,2faa08a4b5a94562947f3ad6aa3bf775,20170808,7,16,0,,,,13,1,1
4260,697543368af04ce69931627a7e2a516a,20170627,7,13,0,,,,13,1,1
4261,b6114f3d7b5c4701b2a5fa0265eaf1cb,20171212,4,16,0,,,,13,1,1
4262,8a03447c9574434faf132ea09ed11038,20170728,8,22,0,,,,13,1,1
4263,4998508043544633a92eedbf9f44149b,20180514,7,20,0,,,,13,1,1
4264,d9ec2be47fb74f4781a2021d925cb8cd,20180304,7,1,0,,,,13,1,1
4265,ea00549e718b428c89a5c6f25fef5e7f,20171101,1,1,0,,,,13,1,1
4266,e83d67e45ef04557a088354f6fb1571b,20171014,7,26,0,,,,13,1,1
4267,e78342d787bf4a70a2c14317c39d585c,20180420,9,30,0,,,,13,1,1
4268,f84b50c455a2441aac090ec340b27346,20170920,4,22,0,,,,13,1,1
4269,96ec09b9c0bb499596c2677e6b2f1c4e,20180426,3,20,0,,,,13,1,1
4270,a553c02beb46421581388a64a8cf6ae9,20170619,2,12,0,,,,13,1,1
4271,34b00930ecfd46d8952ef50d243ab796,20180413,9,27,0,,,,13,1,1
4272,61b322915d344192af1030f572ed6a5d,20171130,2,29,1,20171213.0,13.0,449.0,8,5,12
4273,3e2fbf23a4d94279bb025483192ea69f,20180122,4,1,0,,,,13,1,1
4274,ab69d6360acb4f7dbe5babb47e5da5b0,20171129,7,26,0,,,,13,1,1
4275,4b920d2cdf014b7c9ea36b7290d1629f,20171127,9,30,0,,,,13,1,1
4276,294d3e1ea1b74c678025f74d1917f7a0,20171129,9,25,0,,,,13,1,1
4277,15a5532462d641f8b474437d65728494,20180107,7,9,0,,,,13,1,1
4278,fa9ec806fa554a90901f41c280941687,20170714,7,6,0,,,,13,1,1
4279,23e139bf66544762a5a843d9210f374b,20170818,4,25,0,,,,13,1,1
4280,a9ed6e36bdad4c94b30e0b0c3f6323a7,20180205,7,4,0,,,,13,1,1
4281,e766c31fc0b54d61b6b0322a1109695c,20180503,4,17,0,,,,13,1,1
4282,05be17314b034ed0a6e73d3acc2063ff,20180127,1,16,0,,,,13,1,1
4283,641aa7159ff0431181f008d5545de269,20171101,4,15,0,,,,13,1,1
4284,17df481bfa764ac6a2166f6e4252f903,20170902,4,5,0,,,,13,1,1
4285,7e0c840517f4454bb1e59a9809708f51,20171016,9,18,0,,,,13,1,1
4286,acdd2ab65c9e48eab471249e36933fcd,20180503,9,7,0,,,,13,1,1
4287,80f0ea01a0bc47ba9b403e7026d6cf16,20170811,8,2,0,,,,13,1,1
4288,f41a5362610b4ef39c3106d732e3b67f,20180109,9,16,0,,,,13,1,1
4289,c1959643020c4b5f8fabeac7843564fd,20180530,7,25,0,,,,13,1,1
4290,fa32274625204d87a976f12f90816734,20170906,3,27,0,,,,13,1,1
4291,a72d2f9daee9461bafe0d301db5ade41,20170808,9,15,0,,,,13,1,1
4292,50b6d1914066462a8d3a259fbf6578b1,20171117,4,7,0,,,,13,1,1
4293,6228fffdfa434c1d8c41f420095523c5,20180508,9,13,0,,,,13,1,1
4294,0916b2daf0584460a73bbf000c8e9e8f,20180507,5,25,0,,,,13,1,1
4295,ac2189bed960447eb7aa66300770095f,20180102,7,21,0,,,,13,1,1
4296,6c5ad176a4824aa8bad19a858875e112,20180209,7,8,0,,,,13,1,1
4297,33f2e0ad17c24c2daa52025f7e7b6081,20171222,4,2,0,,,,13,1,1
4298,8e29e1cc523e4087b677663bb9657cc9,20171217,4,25,0,,,,13,1,1
4299,1f354ea522c34fac9ef84e472240376b,20170726,7,4,0,,,,13,1,1
4300,03c929e9b77f4a978a628183a5ef118e,20170819,9,6,1,20170906.0,18.0,450.0,8,3,12
4301,5f2bedf8defe463189d84b12672893d8,20170607,4,27,0,,,,13,1,1
4302,d6146df2174b40f7a6c336315acfda62,20180514,5,15,0,,,,13,1,1
4303,c384ba8e073c4c96af805cc492bcc0f9,20180402,1,15,0,,,,13,1,1
4304,11e0eee1537f4b8bad814b7849a4451d,20180201,9,1,0,,,,13,1,1
4305,23fedef6f7f3414bbda19468a6a31e06,20180204,3,24,0,,,,13,1,1
4306,c700e23ae3bc4dd580d9a33498935b88,20180106,4,29,0,,,,13,1,1
4307,9979f534765b4f3d94aa00cef9a71a28,20170818,7,7,0,,,,13,1,1
4308,2fd84b90cefb4d5590b65dfd92b70133,20171006,9,24,0,,,,13,1,1
4309,8f77473f8f22498cb0e142470e10c959,20170729,3,28,0,,,,13,1,1
4310,d5b67f9e378343bcbbd94a31e7e04fce,20171005,3,9,0,,,,13,1,1
4311,91ff8f4c33e84ebeaa94d572fb3ebde5,20180129,4,28,1,20180318.0,48.0,451.0,5,4,15
4312,955e782bf63f4ff7b677df8183d294c1,20180213,2,7,0,,,,13,1,1
4313,729765c8023c481997ea20e3a7b7e45e,20170905,4,23,0,,,,13,1,1
4314,22603637c3794b6680f09368038bee6f,20180421,8,17,0,,,,13,1,1
4315,690190ec47ba4aee837159dd3d9605b1,20170801,6,30,0,,,,13,1,1
4316,1c43d85f58764d5d9533baa568e53d3e,20170620,4,9,1,20170715.0,25.0,452.0,8,9,5
4317,63074fc3dea146de9fcad46c68d48224,20170814,1,26,0,,,,13,1,1
4318,aa28b4012d3e444a981f2e293929fad8,20180412,4,3,0,,,,13,1,1
4319,4380252fb81547b1b47a77b508c1ed9a,20170627,7,15,0,,,,13,1,1
4320,40e2b6381f1d4b80848ea3568c19ce37,20180224,9,28,0,,,,13,1,1
4321,9447b27be7f44d018d9c7fbcc10e40be,20180421,9,17,0,,,,13,1,1
4322,bfb09b39369f4d0791dace140c47305e,20171120,5,13,0,,,,13,1,1
4323,ea2f1ed167d84a4cad8a44f009d8ecf6,20170702,1,15,0,,,,13,1,1
4324,06cae81a5b43479992b0023dfe044c5a,20180426,7,1,0,,,,13,1,1
4325,ca28caf4b40443a8a9a2b9618fb50142,20170727,3,16,0,,,,13,1,1
4326,334bc1d5a7e44766a8f52fc6dcbdffc2,20171022,2,28,0,,,,13,1,1
4327,c445693029e94a849f54bbf2be02f2b0,20180101,4,8,0,,,,13,1,1
4328,d4545248fada491a9896cd0434ec00cb,20170625,10,27,0,,,,13,1,1
4329,6259c9160b384c3f969ae02ca393d028,20170601,4,11,1,20170619.0,18.0,453.0,4,1,3
4330,3a46218700f14cf1946b6f5c3091577d,20171112,3,1,0,,,,13,1,1
4331,49a7a42495b643cb96a037c0b9f18458,20180128,7,22,0,,,,13,1,1
4332,392a547ab26b45b3a1d783a7b5ac39bc,20180407,4,15,0,,,,13,1,1
4333,af2bbbeaf22c44a19674d0438a3c4014,20170903,7,13,0,,,,13,1,1
4334,c3dd0789a4ca4976b931c00e1b43c8d7,20171204,9,1,0,,,,13,1,1
4335,01676458fc174ea1991534a643047b06,20170728,7,11,0,,,,13,1,1
4336,b0980580479a4cf8bc1ac334173b109e,20170607,4,24,1,20170628.0,20.0,454.0,10,1,7
4337,efd32360e4a14c37b4c57c247a2a8657,20170806,9,16,0,,,,13,1,1
4338,bf54d90907af49c0ba2be1ad7b71d5c1,20171203,5,6,0,,,,13,1,1
4339,27a847dc59fa49b4b2f788daf1dfe40f,20180406,7,17,0,,,,13,1,1
4340,8063367ec75b4a08806776be71e72e3c,20180429,4,9,0,,,,13,1,1
4341,b7fb95d21b154397ba6256d68f5b0136,20180327,7,3,0,,,,13,1,1
4342,e83f6a8aca77441aa7d6e73efb9aec28,20170725,4,23,0,,,,13,1,1
4343,398a22b41b4d40389b29d923037666ad,20180405,3,27,1,20180426.0,21.0,455.0,9,12,14
4344,65084d38866e40d39f5fec5b6446b9d0,20180328,3,20,0,,,,13,1,1
4345,af563f9e21f346fb9bf3f3a1359038da,20170906,9,28,0,,,,13,1,1
4346,3b1027331eae49a287486effffec05fe,20180115,7,3,0,,,,13,1,1
4347,4ab09f59fd6c44e5abedd3b0ce212722,20180307,3,8,0,,,,13,1,1
4348,3d0accb7ca704bb7a477326175d2ef07,20171102,9,24,0,,,,13,1,1
4349,73e69fd17a4b412685f0f8174052229a,20170912,3,2,0,,,,13,1,1
4350,1af15fcd14a4401889d7b50372a94220,20170818,9,4,0,,,,13,1,1
4351,78494eb46a39472f80929acd3491b3f5,20170907,3,21,0,,,,13,1,1
4352,c99a009e52e94c86b85baf5a4ff87aa2,20180531,9,12,0,,,,13,1,1
4353,a5b9f2b152a9455db5d0aac25f5724e1,20180314,7,12,0,,,,13,1,1
4354,ab3870c65eb44428a2b6ef47eb561594,20171205,2,23,0,,,,13,1,1
4355,a6c66502b39741eb8c1548296a5fb0f8,20170731,9,3,0,,,,13,1,1
4356,a6bcde0498a34f03a4202b0704c5c520,20180203,9,6,0,,,,13,1,1
4357,85351f1564d948b28616893b5ffd905a,20180213,4,7,0,,,,13,1,1
4358,8483d58840e94def94a0a971df2f8883,20180403,9,28,0,,,,13,1,1
4359,2784e0b5972142feb990e5939540a1ac,20170806,9,27,0,,,,13,1,1
4360,e3dd3f1044d241fda80322bfe915490b,20180317,4,5,0,,,,13,1,1
4361,9bf5332d064641b1a045ebcaac55d78f,20180522,4,2,0,,,,13,1,1
4362,37a91e6a013e40e296e506cd80e190c7,20171221,9,11,0,,,,13,1,1
4363,3ae77aef9d454540bffb821fe0391f47,20180228,1,3,0,,,,13,1,1
4364,185c0a7786b94971a0da667c2428ac67,20170824,9,24,0,,,,13,1,1
4365,15d3d52c935c46599b7e3254142b95c2,20180216,4,21,0,,,,13,1,1
4366,a418cd94862347249a1b46a9997335dc,20171217,1,29,0,,,,13,1,1
4367,bda42ea1f839492cba18ef9d335736a3,20171018,4,7,0,,,,13,1,1
4368,3363e385de64456296df41c762570325,20170602,7,14,0,,,,13,1,1
4369,553b3278fb5e40a491fbc89f6a6f27ea,20170920,4,28,0,,,,13,1,1
4370,ed76d21651404adebe03cab5bae8fb3b,20170605,4,18,0,,,,13,1,1
4371,c75dcc4bea584c38a5c9af8f5124965c,20180213,4,19,0,,,,13,1,1
4372,46cecf0c57b84bba864fc748cec1ca14,20171103,7,1,0,,,,13,1,1
4373,b955dcb05cd64db4a039ebf175c2c62d,20180529,4,21,0,,,,13,1,1
4374,81d50bb9961a40e8bb82f659743373b5,20170731,7,17,0,,,,13,1,1
4375,cfe8b6a46ae74a43a4c41f1295ccfd70,20170624,9,17,0,,,,13,1,1
4376,329afeca76324c508c89ec03e46dfda4,20171028,7,23,0,,,,13,1,1
4377,e1636ca8942444c0b482c53d8a87d99b,20170815,7,22,0,,,,13,1,1
4378,46b88ad31b5b423f96170cba51be9c41,20170808,3,10,0,,,,13,1,1
4379,6ca37f2df00b4ac1a3212a06246bd096,20170627,4,17,0,,,,13,1,1
4380,d796d7aeadf141f0843446d8626f633b,20170916,9,25,0,,,,13,1,1
4381,2198b5e948cc4236bf038355f18e1d5d,20170601,4,16,0,,,,13,1,1
4382,00e17b51897c4d428f7e35e18ccdb015,20180420,4,16,0,,,,13,1,1
4383,d86d456f84754d728f1a8e6ef8db5dab,20171114,9,28,0,,,,13,1,1
4384,e5e57b71f98d43eaab070fc1055ed46d,20180309,9,2,0,,,,13,1,1
4385,d9dbacb698c14e89a8aaf868377d277a,20170808,8,12,0,,,,13,1,1
4386,98a0448ce6534f149544a6f6bb70638c,20180410,9,8,0,,,,13,1,1
4387,face0b55662d4cd1892ccdda135e7add,20170630,2,20,0,,,,13,1,1
4388,cd244f9eb7394f76b533abe8711355cc,20170606,4,17,0,,,,13,1,1
4389,70dc51a5f54849cc97b5ac642ef2aa2a,20171022,4,19,1,20171103.0,12.0,456.0,9,10,5
4390,3dad8e1cbddf4bd5800f4bb89aace27c,20170609,4,11,0,,,,13,1,1
4391,b982040b0bd54ed180b69ab1b87b5841,20180326,4,2,0,,,,13,1,1
4392,dd2e88182fca4e7b8f23f1495dbff5aa,20180519,9,23,0,,,,13,1,1
4393,33a2483dc32d48e793db0f09af5cc693,20171010,9,23,1,20171030.0,19.0,457.0,12,7,1
4394,ee7f486beafb46b6b0cc92160ad51ebd,20180406,4,9,0,,,,13,1,1
4395,ab57fb0996a440b8843d87ef38c2534a,20180113,2,8,0,,,,13,1,1
4396,c66809891fc342f9abc87c378ca3e4fd,20171016,3,14,0,,,,13,1,1
4397,8d9477f99c7a4ea694c42d50e6ec82db,20180419,7,4,0,,,,13,1,1
4398,a546ff833266406e8d159e40bccb5349,20180115,4,2,0,,,,13,1,1
4399,27431e726b184969bfecae7a8cfd74f1,20180109,4,4,1,20180227.0,48.0,458.0,3,4,13
4400,9e8108d436da4ab3852fc9a78487c11d,20180201,4,13,0,,,,13,1,1
4401,86e257f2bc3d4d47846d37a68288dca4,20170901,4,7,0,,,,13,1,1
4402,a10d5a41979149b2a2d6bcfc912e5003,20170830,9,14,0,,,,13,1,1
4403,0add3c7468e7400ea2d2f00bf34383de,20180207,4,23,0,,,,13,1,1
4404,4e5705a312a04ce399dd68a0cf119717,20171023,7,1,0,,,,13,1,1
4405,6f5b3f8eab744cd8be01569961fd4914,20170823,10,20,1,20170919.0,27.0,459.0,10,11,2
4406,604f829e2ed84cfc965192604f60c859,20171219,1,9,0,,,,13,1,1
4407,cb8bed0341084a5fb74737e55ddb9c46,20170706,2,3,0,,,,13,1,1
4408,1e26cb92bd67439d9147c5bbfedfb519,20180105,4,18,0,,,,13,1,1
4409,fc12cee1fe6d4c2d90e3c665182670bf,20180427,7,25,0,,,,13,1,1
4410,2e16d6a7260f4845ac4a788bd217f08c,20180225,9,2,0,,,,13,1,1
4411,bbaab8cbd83d4e0185199663faf7233d,20170607,4,25,0,,,,13,1,1
4412,4cd134eb40a74fee93b88b46094794f8,20171211,4,26,0,,,,13,1,1
4413,6d62cd22cbc0402f87bcb0d6da3aa42c,20170727,1,24,0,,,,13,1,1
4414,bddb0607bdc14172abf54cc786819941,20180426,9,4,0,,,,13,1,1
4415,8bf8d9859ce94e919619a657626b7c40,20171006,7,19,1,20171009.0,3.0,460.0,9,5,11
4416,399cf1f4df4b4e29b8af65110728d768,20170813,7,29,0,,,,13,1,1
4417,6dc786144c70442f8703584365f68f0d,20170607,7,5,0,,,,13,1,1
4418,c42c11afd6ed4befa892a5f77baa5eda,20170725,4,2,0,,,,13,1,1
4419,b71cb21ffc89468da4e2b14edf28cf55,20171121,7,9,0,,,,13,1,1
4420,5c21e7f561d84dac9dc1ab74f0ec1e03,20170811,4,24,0,,,,13,1,1
4421,33bf4c840f474bb284830a77d2ef528b,20180316,4,20,1,20180413.0,27.0,461.0,1,11,8
4422,a5377ec29e7a4139b7b38e2b63c54ce1,20170823,2,8,0,,,,13,1,1
4423,c3d962aba0af4a34bc9e74b882ac2b0b,20180201,9,17,0,,,,13,1,1
4424,f40a54449750407394e6636ffe1a2c65,20170629,1,28,0,,,,13,1,1
4425,a06138a36f964dfaa56315d1ef682af5,20171015,7,21,0,,,,13,1,1
4426,aa319a126afd402a8b6b536fb949dc9a,20170803,7,20,0,,,,13,1,1
4427,8c117775bf514df99940a519d56c78d4,20170623,4,21,0,,,,13,1,1
4428,de3e660ced954a41baddef529e0116a7,20171030,4,6,0,,,,13,1,1
4429,5a04f7ad7b494575af5439fdec798511,20171230,4,26,0,,,,13,1,1
4430,5a19bf15493b4a39876873aa8b6fa3f0,20170923,3,17,0,,,,13,1,1
4431,7321763283dc44839d0a4536d238d87f,20180105,1,4,0,,,,13,1,1
4432,307b702593834a6a98b448921f0edf2a,20171128,9,1,0,,,,13,1,1
4433,95a7e41fd5454de88de868de723bc073,20170924,7,11,0,,,,13,1,1
4434,c1a871ab77184fc4b6aefd53da87e8e6,20170728,5,7,0,,,,13,1,1
4435,0a4b4dc011e84afe97b5a142e2b0ec43,20170727,4,25,0,,,,13,1,1
4436,065559fb956c499391dfef0bf36efff8,20171023,7,3,0,,,,13,1,1
4437,993f633b6e204c768376c243380f7241,20180412,7,25,0,,,,13,1,1
4438,fdb517dbfeb042e0b094ffe30a68c217,20171202,3,12,0,,,,13,1,1
4439,d08c00cb94944b088d6d2d9f45809eb6,20170623,10,4,0,,,,13,1,1
4440,8a7cfab5c13c4bc1a803a998fd31c98a,20170831,4,6,0,,,,13,1,1
4441,7a759b6c2be74e64b0449dbdf49b2ccb,20171119,8,7,0,,,,13,1,1
4442,41706f4344c74f098ecf9a564434ab86,20180514,3,4,0,,,,13,1,1
4443,76d023baa6b04a17bbcc9f2cf2d40068,20180508,4,29,0,,,,13,1,1
4444,6c2ef3dcd2c44a9488b9ea0d58d05e43,20171025,7,12,0,,,,13,1,1
4445,061367c2bf1c46fcb37cc10794da8e3b,20170724,7,22,0,,,,13,1,1
4446,97ba46ddfbfc4039b535f750ceeab052,20180211,6,22,0,,,,13,1,1
4447,9b5bd359a2724bb3a0d35cdefb6105d1,20171014,4,5,0,,,,13,1,1
4448,f6839d3f33094414a672233bd03e5cd4,20170602,3,24,0,,,,13,1,1
4449,618f261b6b2f4318a8ea0cb9362a1448,20180502,7,8,0,,,,13,1,1
4450,9d95bef53dec4a5eb006a55187ee69f4,20170815,1,18,0,,,,13,1,1
4451,85b4ad2e0bbc4052b115e980bb5c96a2,20180131,7,25,0,,,,13,1,1
4452,c34f06efa35e4049999bfe562b19f357,20180323,9,2,0,,,,13,1,1
4453,496dc5d3197145919c1196d6ad07cdef,20171021,3,3,0,,,,13,1,1
4454,f2a94a07f8994cbfa46304d6f376d0d9,20171113,3,7,0,,,,13,1,1
4455,2e64e87608c446809d357f79c8ea4230,20171215,8,8,1,20171229.0,14.0,462.0,10,11,14
4456,67f698c51ba749c08adf7fa4befe6f48,20180209,4,13,0,,,,13,1,1
4457,7cc8b265837a412e9428b083528d153d,20180522,1,29,0,,,,13,1,1
4458,a81348c29bdb421cab784ecb3f57091d,20180422,4,4,1,20180506.0,14.0,463.0,3,11,3
4459,4e398320abeb42af872aca04180b3a14,20180501,7,30,0,,,,13,1,1
4460,8b426ec5ae45486189a9ff1fb37dc569,20180101,9,13,0,,,,13,1,1
4461,6304da6be4384275a2b8c19d208f6c1f,20180303,7,13,0,,,,13,1,1
4462,58dacce693364aa48dab8ece24057ea3,20180228,9,20,0,,,,13,1,1
4463,ba7ff83088a54d72a16ac6a44558ae45,20170926,10,3,1,20171007.0,11.0,464.0,7,1,1
4464,f9cdc4669efd4c199a1d6f9a8eb28f22,20180325,4,6,0,,,,13,1,1
4465,367f2be225e64af3b880880ed796680f,20180323,1,28,0,,,,13,1,1
4466,9459c4e0a1754ded8e020967e42123d1,20170715,7,16,1,20170729.0,14.0,465.0,12,1,7
4467,9523481efd26435e8d99f61c51090755,20170602,4,10,0,,,,13,1,1
4468,4934343da2ee4a87bed72064e7c76447,20170609,4,21,0,,,,13,1,1
4469,6a1b02a3eea142f7aaec3c61c0d91ab5,20180129,2,22,0,,,,13,1,1
4470,d8aa2cd1c9fa477c979d1f562392aad3,20170727,8,22,0,,,,13,1,1
4471,1bfcbcfd2661444c95b7ac9bf029a246,20171126,5,10,0,,,,13,1,1
4472,f7775680ff1f4d3a9cb2e734117229ac,20170811,10,18,0,,,,13,1,1
4473,4351959d8a08496387284939d4c86275,20170813,4,22,0,,,,13,1,1
4474,5f77f150d3f14f98bc24b1dc47fb12dd,20180102,7,9,0,,,,13,1,1
4475,e8b25c59dc494b808a23a6f9bb0c3ba5,20170923,1,2,0,,,,13,1,1
4476,7aabb4144bc040e890459275ac8f6894,20170810,7,28,0,,,,13,1,1
4477,04885219d29241178977a0ec1211b046,20180527,7,30,0,,,,13,1,1
4478,728afc49ef5b48189d92a216ffa7388a,20170614,7,16,0,,,,13,1,1
4479,9a86ce5e4827408caa27f7da2667dcfa,20170628,9,11,1,20170711.0,13.0,466.0,6,7,11
4480,510e26ee54bd4e23af872a8104aea019,20180325,9,13,0,,,,13,1,1
4481,4514fde456784035a83cf41ef38b3cc7,20180401,4,26,0,,,,13,1,1
4482,b77ac7bccf4c4423b3ed1e65be18fbfb,20170815,7,4,0,,,,13,1,1
4483,ec55cc7fe92d4795b0f62bb21b272101,20170711,9,3,0,,,,13,1,1
4484,02ec0ec91e5e42f1a64b7474b7a0a3f6,20170607,9,20,0,,,,13,1,1
4485,1470368e1adb4f808bc5abfaa88bce5d,20171231,4,24,0,,,,13,1,1
4486,dc9b260ca8834163bb65b1de367de278,20170902,1,2,0,,,,13,1,1
4487,30ea0dc4687b407897940c21172ad95f,20170811,4,28,0,,,,13,1,1
4488,afede057a1404c9d80ab5055c9786c65,20171101,7,15,0,,,,13,1,1
4489,4e3f1ef4ac074013bd25868b0276dadd,20171120,3,5,0,,,,13,1,1
4490,f6af044f632044debca44555ec4a4873,20180427,9,1,0,,,,13,1,1
4491,997037e604d745aabda8e8681f156767,20170727,4,27,0,,,,13,1,1
4492,19b818084a064fd3b15640dc989434ee,20180425,1,29,0,,,,13,1,1
4493,5f38f24c5c4c48caa7185d205b3293b6,20170828,9,7,0,,,,13,1,1
4494,c38270e227514abfae9e18ca410e8115,20170606,3,20,0,,,,13,1,1
4495,01d0ae3dac854cb9bc0a189ad69a4bb0,20180103,1,21,0,,,,13,1,1
4496,4dee4cd4e6014ec0b26984e8ffcc286f,20180531,9,22,0,,,,13,1,1
4497,b3ccce568aab4c37993a3c5f0803e7af,20180320,7,1,0,,,,13,1,1
4498,b3e9a0ee3e3040e58606e457811c5eed,20180530,4,15,0,,,,13,1,1
4499,5e6ce5110fa34a7a82e834a6dec13f84,20170820,4,3,1,20170915.0,26.0,467.0,12,9,5
4500,ad09a302928b4d20808c5a3f582b3372,20180223,7,4,0,,,,13,1,1
4501,67ea43cd030a460e98401834a8ce5d06,20170917,9,29,0,,,,13,1,1
4502,ffa8143f0cd64495bf9c8339d5198110,20170629,9,30,0,,,,13,1,1
4503,7400518fca414aa4a9dbe469fe5d43a3,20170903,7,29,0,,,,13,1,1
4504,1d419e4c45394134b208a380a1d183c8,20170710,4,13,0,,,,13,1,1
4505,54bd41fd76a041888b3cff5720402e2f,20171108,7,23,0,,,,13,1,1
4506,015cc061237d47dcad4adcdc1b0963fe,20171225,7,7,0,,,,13,1,1
4507,f66799dee83b4a9c95a0d588b5300be7,20170628,1,23,0,,,,13,1,1
4508,4155529afc4d44f98a25098d13d437b5,20180104,4,19,0,,,,13,1,1
4509,7a00993e09b24390bd7080b3c0263184,20170726,9,3,0,,,,13,1,1
4510,646b8b8b3c2b41abbd7dce1bc1884c89,20171203,2,24,0,,,,13,1,1
4511,05d345913d83442a8835160615c6d6af,20171119,4,17,0,,,,13,1,1
4512,0349489c783c4a81be3cf1802e42f766,20171023,7,21,1,20171031.0,8.0,468.0,7,9,1
4513,4f53b95f99924774b80e744a5d973e14,20170725,4,9,0,,,,13,1,1
4514,a3d47c75c6e945e88fd376479d0a3242,20180402,9,24,0,,,,13,1,1
4515,5722687657ac40af96b9d4a2dfdb6145,20171106,9,21,0,,,,13,1,1
4516,ff04ccd6cfe84b3b8ac6f2e6b85a91e3,20170912,7,22,1,20170923.0,10.0,469.0,9,3,3
4517,7a22bcf92093406b9d330025b4e177ab,20170617,9,19,0,,,,13,1,1
4518,459463a06a394369aa0eef4a330b3a1c,20170714,8,14,0,,,,13,1,1
4519,0bdff92c4c64492699cf3d6ea39782d4,20170623,4,5,1,20170703.0,9.0,470.0,9,9,6
4520,d00966fb875a48a4bbc3658634c6ba4f,20180203,4,27,0,,,,13,1,1
4521,4bcc65f9256548e0b5daa68b658ddffe,20171109,8,1,0,,,,13,1,1
4522,bba877eaba964849b447583aa41e3617,20170605,9,24,0,,,,13,1,1
4523,fa4d44c80b8940b5a1fe8ed6a1742246,20171023,8,6,0,,,,13,1,1
4524,2cc4af9e181b40fc979e0288a5131a17,20170908,9,24,0,,,,13,1,1
4525,8758ee72557845b191873badab863367,20171218,3,4,0,,,,13,1,1
4526,697f0da6aab844a38c9ed10431bfd94c,20180526,7,8,1,20180610.0,15.0,471.0,12,6,2
4527,5e1c89adc5174ff69b86dbf54c6e2ba2,20171226,1,25,0,,,,13,1,1
4528,b59fb9babfa24e71b5788d314f6ff716,20180213,5,26,0,,,,13,1,1
4529,cafa3c77cd7d429891351cad5079cfee,20180328,9,13,0,,,,13,1,1
4530,ad9e21901b5c4f1ab1d6646185ed216e,20180328,4,1,0,,,,13,1,1
4531,0741990c1b11491990bd224b7f8dfeb6,20170822,4,11,0,,,,13,1,1
4532,9d06c2dabf67412285b935842864a780,20180124,4,12,1,20180211.0,18.0,472.0,3,7,7
4533,3fb42f27c2714e27b35a82359ad17900,20180417,4,28,0,,,,13,1,1
4534,ae99bc20164144ec8618aa07d3972c01,20170927,7,5,0,,,,13,1,1
4535,50109f9d8c0348fdbdff0b56af873097,20180515,9,4,0,,,,13,1,1
4536,f281ff607a87410881938a5f5189a383,20170822,9,6,0,,,,13,1,1
4537,07166e08c8ec4af59a35422d907265c1,20180408,7,6,0,,,,13,1,1
4538,2f616e74cfb84c88bf4b00b396b5f195,20171122,9,5,0,,,,13,1,1
4539,d8b3777c4c254ed081cf8eebfe348448,20170807,4,1,0,,,,13,1,1
4540,6375b5bc713147c5bd3949cec58a243c,20171202,4,10,0,,,,13,1,1
4541,08c16c10e3174e32b2a8226bc6423aa5,20180107,4,12,1,20180302.0,54.0,473.0,11,1,2
4542,f779df29bf3c42a186a0401cfc68a606,20180531,9,17,0,,,,13,1,1
4543,cd4e77cdc45b4e14867da6d1587d4488,20170915,4,29,0,,,,13,1,1
4544,94fda96be55345898e49a7f6dd5b0cad,20170709,7,14,0,,,,13,1,1
4545,f7623a9b7ea24475936cd6069e2451c3,20180418,7,25,0,,,,13,1,1
4546,2fb15503ffc44437b1851ae5ad8ae380,20170608,3,24,0,,,,13,1,1
4547,2d3eb9b7d12d43b2a979653729b29684,20171106,4,10,0,,,,13,1,1
4548,9f989a0d08444ea09d9fed9d34e44b8a,20170715,9,25,0,,,,13,1,1
4549,ce78a28492b147fb9e644c27e75c6eec,20180119,1,7,0,,,,13,1,1
4550,28a38286b8c742ea9dc420fa8b5d299b,20171030,3,3,0,,,,13,1,1
4551,24e9ae50e1824cbb89f0662090c3c23c,20171022,5,16,0,,,,13,1,1
4552,98a621b3e1894f2489ee489c6eba86bb,20171128,4,3,0,,,,13,1,1
4553,4a3863ab3383407fb13050ff5440d171,20170831,4,19,0,,,,13,1,1
4554,d056ff8219484f80bafa4cedd7090b1a,20180129,8,24,0,,,,13,1,1
4555,8fb76531e553404f978452743f129cac,20180113,7,22,1,20180125.0,11.0,474.0,4,1,12
4556,d04f2c4cb6894e1483be9149e614f399,20170811,9,14,0,,,,13,1,1
4557,88bdc082a5e5413aadd85c73fbb9e9c8,20180205,1,16,0,,,,13,1,1
4558,bc0550011fa346d5831d713bba6f9416,20171025,1,15,0,,,,13,1,1
4559,a953fc303d044cf99ed119633c0dca96,20180414,5,18,0,,,,13,1,1
4560,5353a8bae5d141f396ef819deabf67bb,20171205,10,10,0,,,,13,1,1
4561,69fb5ad293a3487b90a303734f598dd7,20180416,1,16,0,,,,13,1,1
4562,29d4d6b0b6b64c8fbe4391ddb062b437,20170713,7,6,0,,,,13,1,1
4563,769e47b72f9446308ce140866077e321,20180117,8,12,0,,,,13,1,1
4564,1f58210f246449c399e836b93e16bf57,20180516,4,29,0,,,,13,1,1
4565,13500287c84e47c79370dcacbef4ad67,20180426,4,2,0,,,,13,1,1
4566,16fdea5b434f42a094f5f112b16711a2,20171004,8,26,0,,,,13,1,1
4567,84ec623d41674aaea373eb8258009cf8,20170819,4,1,0,,,,13,1,1
4568,4ea6b695d8684ed8929ce8fdb5f8be76,20171210,4,14,0,,,,13,1,1
4569,683f99d1396741938a6756c19a9afff1,20171222,4,17,0,,,,13,1,1
4570,c909972ff86044eaaeb24db3bcffe387,20171216,8,11,1,20171230.0,14.0,475.0,12,10,5
4571,739824d50ea54aaba58351f8e7d75de0,20170718,9,18,0,,,,13,1,1
4572,2b34c31170274e8e988eccfa7fd2af62,20180126,1,21,0,,,,13,1,1
4573,d2b3c93ab4cf45f3af8f94c3c903ffda,20180125,4,3,1,20180211.0,17.0,476.0,1,9,6
4574,773e55247ad945ebab09dfb1df834f4e,20170901,1,22,0,,,,13,1,1
4575,01e01d484cb944389359703ad3c8ab36,20171221,1,9,0,,,,13,1,1
4576,4ee0048bb59d452895938c5490313d32,20171223,7,3,0,,,,13,1,1
4577,42fbf03b707345678f33bc8989ba32e6,20171110,7,29,0,,,,13,1,1
4578,04d2fb683547493ca598d60f8f897e3d,20180204,4,28,0,,,,13,1,1
4579,2d370b7f5ad04beb8734989ffe3cfaa4,20180130,6,19,0,,,,13,1,1
4580,a8504327758743c8b56de8b2f0e6ca27,20180119,9,21,0,,,,13,1,1
4581,321ed1052c9d487383664cda261ddad3,20170819,5,4,0,,,,13,1,1
4582,2ef4036d49784ed8a9b99c8d19ab080f,20180424,7,8,1,20180506.0,12.0,477.0,9,8,1
4583,6b3b8dab412d4bab8ca0002d40c6c34e,20180318,3,29,0,,,,13,1,1
4584,70990921d43f48baa53b341b1326dc48,20171212,1,22,0,,,,13,1,1
4585,72d3e3bc94ee40dc80f36b2de4892600,20171203,1,13,1,20180108.0,36.0,478.0,1,7,12
4586,b0f0c1a945874c9a9d2e337968cee3a3,20170918,2,9,0,,,,13,1,1
4587,8851739508b54204b4dcc06dc43ee1e2,20170612,7,19,0,,,,13,1,1
4588,145e04e85c7c4ea9b970b4329c6aaa3b,20171008,4,7,0,,,,13,1,1
4589,7d54555b53d049369ce945c1ed1c74e5,20170713,1,3,0,,,,13,1,1
4590,5d9a13ecfe60419cbdd99612a4524522,20171019,1,3,0,,,,13,1,1
4591,79ca4d7c2a434a67823bd17b31f3786f,20171031,9,10,0,,,,13,1,1
4592,fa193b7b2665495f9fd5ac4fc9b1ba6b,20180101,4,9,0,,,,13,1,1
4593,4541d9d2632a4de8be284540d4e8ac0e,20180509,9,7,0,,,,13,1,1
4594,b23754a2cd804882b0fc04e9d24d1af6,20170628,7,12,0,,,,13,1,1
4595,6cfea495267143bbb25049e439f5b2a3,20180106,7,24,0,,,,13,1,1
4596,cd0ae124249c4bbfbbab977278f1892d,20171031,9,9,0,,,,13,1,1
4597,a80069d7e5434af9b506e7fcb5edada8,20171126,1,13,0,,,,13,1,1
4598,6a5ea3aeb4cd4c718561e152445dd8e9,20180130,4,28,0,,,,13,1,1
4599,efb66d2b246c482b84aa65935af75065,20170822,7,16,0,,,,13,1,1
4600,f7bb1145fb774038ba6cd52bb252cfae,20180521,4,30,0,,,,13,1,1
4601,9e61cf70aad04a3c9b159b3954120a75,20170606,4,5,1,20170623.0,16.0,479.0,6,10,7
4602,9379d330b48e4f028186f0817b010f00,20180402,3,3,0,,,,13,1,1
4603,4ed2dae5b480437c8aff9f5581e97870,20180508,5,29,0,,,,13,1,1
4604,281300a6afaa44c1afb51d2ebc8f80ed,20170814,7,11,0,,,,13,1,1
4605,9429b010ab9e404d86a9de436abd28b8,20171110,1,4,0,,,,13,1,1
4606,407c782bba724c249e7606db5c0c0582,20180121,8,13,0,,,,13,1,1
4607,ae0efd594a294d5b81224ad6a855643a,20171110,3,5,0,,,,13,1,1
4608,8f3ec82a6f294e0781d76ae76f155f4a,20180512,4,19,0,,,,13,1,1
4609,4eec30fccf984cb09e951f78b93bee67,20180222,2,18,0,,,,13,1,1
4610,af746fa855014016b3c8cdb6a872946d,20170804,7,18,0,,,,13,1,1
4611,725ec438d0bc4adab723f650b1deb538,20180424,7,25,1,20180504.0,9.0,480.0,1,9,2
4612,2b96bff4a61f45e1bbd3a39b82f8d119,20170619,4,2,0,,,,13,1,1
4613,d14051c0e7a84c668c21213bf454e083,20170905,7,28,1,20170923.0,17.0,481.0,7,7,4
4614,6e08e4326db04f4fa9463ec0cdd8ec18,20180307,4,29,0,,,,13,1,1
4615,6ee8967aba74449e877676c950beb9ca,20171211,4,16,0,,,,13,1,1
4616,ce291a50854343a7931ccc0c435a13a0,20170916,7,11,1,20170928.0,12.0,482.0,7,1,3
4617,176c26c4953241a09bdcc6a2988f8876,20180323,3,16,1,20180402.0,10.0,483.0,6,6,6
4618,ed4c6bcb8a5c45988f5f19e8ad92b0a8,20171204,8,1,0,,,,13,1,1
4619,651acf8ff3af47258ad7bc8ae4742947,20171105,7,20,0,,,,13,1,1
4620,74fc2c61c99c4c0a861ee07967b6943d,20170803,8,23,1,20170816.0,12.0,484.0,8,11,1
4621,0ab8452c36b34129bf3a7c868dfbd176,20180120,8,15,0,,,,13,1,1
4622,44e65c16a1194335b0e9cae945c81476,20171128,1,20,0,,,,13,1,1
4623,fc0dbb77c4474fd69063ee770ab4ec70,20180305,4,6,0,,,,13,1,1
4624,8153322cd717430baa1c5fe6ef6a5c4b,20171119,1,22,0,,,,13,1,1
4625,00e32708f9094413a86654f8bfe8e5aa,20170830,2,15,0,,,,13,1,1
4626,b8dd9535521a4599a860cec080c9dc66,20171209,1,21,0,,,,13,1,1
4627,9fc7fc5ba42947069c440c29cb12f84d,20180401,7,21,0,,,,13,1,1
4628,ee7f91d0370e481b8e62266dd7cd41b1,20180110,9,1,0,,,,13,1,1
4629,c891aa9330554f12bb54ae65d5b5bbf5,20180504,9,23,0,,,,13,1,1
4630,55ad9c660f374fa2aeef73d0e7e62239,20171024,9,22,0,,,,13,1,1
4631,4efdf10afdbe4441a9c3bc590c5abb7d,20170721,4,5,0,,,,13,1,1
4632,97a22ae464c049c98e98a70d0b008774,20170724,7,23,0,,,,13,1,1
4633,810e515677b945f090b1bcbd57359288,20170609,3,22,0,,,,13,1,1
4634,d40ddb67ffa84237a908745efac83dce,20171228,8,13,0,,,,13,1,1
4635,66c07b3b2b714e5aa080f596291a5e98,20180416,4,25,0,,,,13,1,1
4636,af5b5e3742014b09b222c07e4b9e1629,20180421,2,6,0,,,,13,1,1
4637,4e9e26c7838544a88d87c614614dff8d,20180325,7,11,0,,,,13,1,1
4638,0b7507e7e5724d7cb0529bb0e24c0c9a,20171027,1,9,0,,,,13,1,1
4639,d6029f8ab8124c7eb2903735a55d2969,20170923,1,21,0,,,,13,1,1
4640,164ccec04792415ca102467a5554283e,20171213,3,9,0,,,,13,1,1
4641,be47c5c6776e4ac2bf7ecb7c9d9a0f9e,20180127,2,16,0,,,,13,1,1
4642,7f0d3818935b44439dc769681c0f05d5,20180124,7,22,1,20180209.0,16.0,485.0,1,5,1
4643,27250300a9cb418abd4ba081096240a4,20180427,8,26,0,,,,13,1,1
4644,0fe742fb24a644a7b81e9c58aa28aef8,20171209,4,6,0,,,,13,1,1
4645,5339a4268feb4c0a85e333753524d686,20171024,1,12,0,,,,13,1,1
4646,590d753e263d46949dfe9f1621a670ed,20180504,1,1,0,,,,13,1,1
4647,b84c9e5790b84b43b64038e69a682de7,20171230,1,26,0,,,,13,1,1
4648,a7e3d9bf8f59461092f0e4a5d3c56c28,20171230,4,26,0,,,,13,1,1
4649,7621949e72814691a6dd0ec84fc62901,20170614,8,5,1,20170626.0,12.0,486.0,6,10,8
4650,dedeecf751f14eed8985a2bd78f286c3,20171209,4,20,0,,,,13,1,1
4651,ee07b567befe435686e72c01b91a7ce8,20180404,4,8,0,,,,13,1,1
4652,ba5e35eb71b04222bf2cfab9877a4d06,20170827,1,15,0,,,,13,1,1
4653,a75fe32c2244461f984ecb204ebb9321,20171002,7,30,0,,,,13,1,1
4654,6bfe1d2fdb6e4f0ebc98ead20fc9653d,20170907,3,23,0,,,,13,1,1
4655,b4c92925d49c40b789a73f73af08356a,20171219,7,5,0,,,,13,1,1
4656,79770ed958ce4b3f8e6a6d939d4e6273,20180323,4,4,0,,,,13,1,1
4657,2398bdda8ca34916a9e2e56ebef22594,20180422,3,2,0,,,,13,1,1
4658,4e7708629b1d4ee298590f6425d8875b,20170828,9,12,1,20171105.0,68.0,487.0,7,8,15
4659,8481b11d76494fa0a3b9fc5dc0f4dec4,20171110,4,7,0,,,,13,1,1
4660,569dd7697dd44c1789ffb377ffef0fb4,20180110,1,25,0,,,,13,1,1
4661,d7a42c3f78814ab5a7e202e2f223fa9d,20180530,9,6,0,,,,13,1,1
4662,69bff0232ce24b87967b38fb95313c3a,20170731,9,14,0,,,,13,1,1
4663,a3e8ad243077434d9ee2d515da2f875d,20171218,7,22,0,,,,13,1,1
4664,0e8e39634927478da5683c4d8d3a1b3b,20171012,3,7,0,,,,13,1,1
4665,1b79be5105b041ee870cd3acbff47bb1,20171113,3,3,0,,,,13,1,1
4666,a80448ad1e054ecaa68fbc63bac38d00,20170718,1,15,1,20170916.0,60.0,488.0,9,12,10
4667,58e35e52038d43c6960ce85de64bc494,20170606,4,24,0,,,,13,1,1
4668,4479329b0a294fb09448df742de89f30,20180331,3,26,0,,,,13,1,1
4669,87a320e597bb4043bb7e3b263868e9e0,20180413,1,22,0,,,,13,1,1
4670,6aa71811fffb454fa548fa04dad42ace,20170711,1,30,0,,,,13,1,1
4671,e9db5c9307764d1b9660cca86f13e36e,20170613,7,18,0,,,,13,1,1
4672,84e0c2732f054991933ce445bee910ae,20180421,8,24,0,,,,13,1,1
4673,a8d8fb65d431474baf1bebf5633f4784,20171201,1,17,1,20171226.0,25.0,489.0,7,12,7
4674,b53ed354197946959ce7d814c28a89ec,20180501,4,1,0,,,,13,1,1
4675,0a512f2b15f040d0888bd319af592c77,20170908,7,20,1,20170915.0,6.0,490.0,7,5,11
4676,315dab52f0df4bfda313c1c136cc2358,20171004,8,24,0,,,,13,1,1
4677,e17f42c395ef417a84f4364a7e6340de,20171012,4,19,1,20171120.0,39.0,491.0,12,5,10
4678,83d22d7188274882888bbb8d75ec2cf4,20170713,2,23,0,,,,13,1,1
4679,2a8c5f472c484273af96903b871f5cb3,20170612,1,14,0,,,,13,1,1
4680,40d7ff091c864400b29de302deb53656,20170723,9,18,0,,,,13,1,1
4681,35639a27f9fc41e9a2f8847cbd0cb0e3,20180402,4,25,0,,,,13,1,1
4682,bff003cbc65742d695edf6744518a7fb,20170812,4,19,0,,,,13,1,1
4683,d953fde2f0774415a2361dcf3e321f49,20170901,2,3,0,,,,13,1,1
4684,f66af39f72874588874a24d7e7a0205a,20180209,7,22,0,,,,13,1,1
4685,9cf2be74696b429eaf638ad3d230e7fe,20170915,3,25,1,20171002.0,17.0,492.0,12,6,15
4686,362685ab40564a5683d98f0705ac9bdf,20180207,7,15,1,20180215.0,8.0,493.0,3,8,13
4687,34702a83a60c48c891ba3aa68dfb11e1,20170708,4,23,0,,,,13,1,1
4688,9818bc089bc04aca976b6636d129ec6f,20170710,4,11,0,,,,13,1,1
4689,a8ccc1d9e46e424482d14a9851b658bf,20180101,9,12,0,,,,13,1,1
4690,d25ac569760a4046a24f6c441b890f90,20171108,6,22,0,,,,13,1,1
4691,b55e95b915db4141abd3b2ac867cde64,20180117,7,7,0,,,,13,1,1
4692,0fd9b31033ff4083a6c1308bcf1ef12b,20171031,7,12,0,,,,13,1,1
4693,5e526192241042f9881155983497171e,20170831,7,23,0,,,,13,1,1
4694,c3172ab3640d4cb79f012363e088a933,20180407,9,25,0,,,,13,1,1
4695,143b88834e224e08b3122d748db61a5c,20171123,7,13,0,,,,13,1,1
4696,0a1c841743ff448a822e3e2c6d950df1,20180411,8,21,0,,,,13,1,1
4697,a1b0ebc68a0b4b5e81f34ca3fd4a01ff,20170603,9,6,0,,,,13,1,1
4698,6a0b9addd1404b9db234ebd7e0129017,20171009,9,9,0,,,,13,1,1
4699,a9174f6650554426bed0cd3ac7462f0c,20180407,4,21,0,,,,13,1,1
4700,34c2613ae9b144b3a2480ba2c9e37799,20170612,10,6,0,,,,13,1,1
4701,a1c0d5be953b4606b50e41154d9ac5d1,20170818,4,10,0,,,,13,1,1
4702,74bce25845714f13aec290eca11667ef,20171204,4,12,0,,,,13,1,1
4703,2b83ba3f9602420984db35f30245f815,20170920,1,8,0,,,,13,1,1
4704,594e9ba7670a411a925ac022fc588755,20170810,9,3,0,,,,13,1,1
4705,2d0c9a89c22b49fa8f3bc2cb3b813bde,20180521,7,19,0,,,,13,1,1
4706,e8118cc0e8484c10a133d6e0f152c302,20171019,7,9,0,,,,13,1,1
4707,8dd328ebf9024eef957d94065d7b28e9,20170718,3,28,1,20170804.0,17.0,494.0,1,2,11
4708,ecc6ebd864054b5db92ac3df027609c5,20180310,4,1,0,,,,13,1,1
4709,7a9524a6304048a387522840ff887161,20180126,3,15,0,,,,13,1,1
4710,590affcfc62b48ce9292be685d70deb2,20180218,9,22,0,,,,13,1,1
4711,bda5beeab322484297d188a40109240b,20170907,7,7,0,,,,13,1,1
4712,fe2e1ca10fa54729ad5dbb950b446068,20170910,7,30,1,20170924.0,14.0,495.0,7,8,11
4713,ac7a568226044dd0b39c1961fef73707,20170723,4,5,0,,,,13,1,1
4714,68dc781d6926465d919b8a178c9018fd,20180328,1,7,0,,,,13,1,1
4715,8b5e231c30034f4b8b41ad8551b808f2,20170914,9,15,0,,,,13,1,1
4716,e47d7ad0613f47efb6d9766fa74a127a,20180115,7,29,0,,,,13,1,1
4717,d52f211319534c3fac5846104f51b3ca,20171018,9,29,0,,,,13,1,1
4718,c8de09b430b34d5e9cabf9851acaa406,20170726,10,30,0,,,,13,1,1
4719,a4594d80e3ad45068f007deb99dda9d1,20180106,7,14,0,,,,13,1,1
4720,a4e9f27b601341d38b9b02bae24af9b4,20171128,5,12,0,,,,13,1,1
4721,147ffed556194f26bf5ac8534304d89d,20180420,7,18,0,,,,13,1,1
4722,6fa67bce3c684b5aa8ab60946aa9a82e,20170825,4,6,0,,,,13,1,1
4723,ae908ffdc4a047b3b1ec3a0071a552c2,20171008,4,15,0,,,,13,1,1
4724,702fccb11b5740c28cf6dab69fb9f6fa,20171029,7,20,1,20171111.0,12.0,496.0,12,1,4
4725,6277bac3aae64e57a8779f3cc3a1e6b6,20180427,4,16,0,,,,13,1,1
4726,30539ec8f3994239b38dd558ba437582,20171221,4,25,0,,,,13,1,1
4727,6d14f4c4cf2f439d998d795d596e4429,20170901,5,15,0,,,,13,1,1
4728,81083a1629294cb39f21fe4c819135d5,20170904,3,17,0,,,,13,1,1
4729,11c0e17e4d9744158a5cf8203066961f,20170708,1,11,0,,,,13,1,1
4730,12f0380c8e2344b6aa4148e3be724836,20171208,4,4,0,,,,13,1,1
4731,c9feaf01edbc48168ba3ba89d5cc2776,20171108,4,26,0,,,,13,1,1
4732,0adf713b0c4148b28742decc7094eece,20171111,4,28,0,,,,13,1,1
4733,c577618d228549eba0a597c329973f1c,20171116,1,18,1,20171214.0,28.0,497.0,4,8,14
4734,eb29f3c560bd4371927107f183a895f3,20180318,5,12,0,,,,13,1,1
4735,55903f4a5f554a648e7547e8a4027169,20170928,7,3,0,,,,13,1,1
4736,facecc7ff01c4bdfb20a039b292a4b15,20171215,4,29,0,,,,13,1,1
4737,4fc5ae3047ba4ee29763c1cf22887c4a,20170917,9,9,0,,,,13,1,1
4738,e7f66aac93a24cc589e307483076398c,20170723,7,19,0,,,,13,1,1
4739,a358556fa0ad4f75a973dc1e82543f77,20180408,7,14,0,,,,13,1,1
4740,f7f396e6db0747c68bacfc869e297f0e,20180427,9,11,0,,,,13,1,1
4741,7c3e855fdaa54d9b82ae627c56846f2e,20180109,1,20,1,20180121.0,12.0,498.0,4,6,5
4742,07899559bf8043b5a2c512cc3d49b2fe,20171111,4,9,0,,,,13,1,1
4743,ef6ba85dc1a2415880a09d1b047530b8,20170626,4,13,0,,,,13,1,1
4744,977f0abf9fcc4f3688d752403d55435b,20170624,10,15,0,,,,13,1,1
4745,7bacaef8ac5d4240b112661ec093455c,20170801,4,18,0,,,,13,1,1
4746,005fa845b28e4f9681d9cc32fe65fd7d,20170827,4,8,0,,,,13,1,1
4747,f76f1a76e25e403f92f554a51dc3c196,20180330,4,17,0,,,,13,1,1
4748,aa8fbe8d85a941b695d2f508dedaa106,20180323,4,1,0,,,,13,1,1
4749,5d573469cb454c669e746357f660f3b3,20170610,7,5,0,,,,13,1,1
4750,4a9e0a8eec934e64a4d61d640c50fb06,20180322,3,22,1,20180417.0,26.0,499.0,7,3,1
4751,99259c78745c4fffa1a1a6674815dc17,20180123,7,4,0,,,,13,1,1
4752,3e21b501ab0c4b81a42d4db21a1362d1,20171224,7,12,0,,,,13,1,1
4753,a38679e745864aa288415ddd0348c94c,20180301,1,27,0,,,,13,1,1
4754,b78d95ef8e534a4a9a56d6cbd695d5b6,20171120,9,26,0,,,,13,1,1
4755,3ed2072d313745b986df7bc9d795fb58,20170706,8,25,0,,,,13,1,1
4756,76eded3a6f0746f7974c4a3ee10a8882,20171230,8,19,0,,,,13,1,1
4757,e53cd25529c74a609dea48c792728fec,20171110,4,30,0,,,,13,1,1
4758,a266196ca6d44854a1cec2399574bec0,20170711,3,24,0,,,,13,1,1
4759,0a822a3ffe3b4b1d9fddaa023ef9b52d,20171108,7,29,0,,,,13,1,1
4760,6d3d2d9a36bc472984083ffe268b04a1,20170625,10,1,0,,,,13,1,1
4761,ef7fbd96324d4574a5bc0bf373ab8f3f,20180523,7,13,0,,,,13,1,1
4762,08a0112cce5440ec88ed921547c22ad3,20180425,10,20,0,,,,13,1,1
4763,0d8ea7125a6c41bab2886487fd1ec8ff,20171209,1,25,0,,,,13,1,1
4764,038e68feca7846919c610592baadec5a,20170615,4,27,0,,,,13,1,1
4765,9092860f331b43a0bc00cd3d087b8a2b,20170606,9,25,0,,,,13,1,1
4766,b581da337a074b51b9b33795ba524d63,20171113,10,17,0,,,,13,1,1
4767,40b74823455e45adbf12b55bafc9f56d,20170827,8,9,0,,,,13,1,1
4768,2da3d961928f4aaba8c4b4d939f44dce,20171206,4,26,0,,,,13,1,1
4769,b1407025c8e54032b3596b47d0879f74,20180519,1,19,0,,,,13,1,1
4770,ff048515621e48998c4685d690a1e3d1,20170623,7,27,1,20170627.0,4.0,500.0,12,7,2
4771,6e391a6f82be409b9f2534407eb4c722,20171103,4,19,0,,,,13,1,1
4772,a8f2a5c7d754481b9be02bf0ef69f65d,20171116,7,5,0,,,,13,1,1
4773,65d863cb26c842a0a0362d746518c57f,20171212,4,28,0,,,,13,1,1
4774,93ad2c5c30024861ad90e336780230f6,20170827,3,14,0,,,,13,1,1
4775,90906cd9487e4d05a937906c858fe361,20180122,7,4,0,,,,13,1,1
4776,99235c9e5cef47bd9636d4f649cb48a7,20171111,3,24,0,,,,13,1,1
4777,e850180c9e904ebc94b14d06d11aa6fb,20180327,4,23,0,,,,13,1,1
4778,28b5d309553c49148b60b35c31dca260,20180115,7,6,0,,,,13,1,1
4779,a16fdd4b28204976af955be3c9c17d95,20180226,4,14,0,,,,13,1,1
4780,40864abfa4c64a16a19348d7bbea44ae,20180131,4,19,0,,,,13,1,1
4781,553e55ec247d404580cb3b412fbf21d0,20171112,4,17,0,,,,13,1,1
4782,6097d875034f49d583794b99f2a118ae,20170718,4,24,0,,,,13,1,1
4783,da8afe958531472290cc3ad52a87598d,20171030,9,16,0,,,,13,1,1
4784,32cf82bdc9fc4e549aece77f39d415bb,20180313,7,11,1,20180325.0,12.0,501.0,6,3,15
4785,4f8823e62df14138a32d92ae84feeefb,20180428,7,28,1,20180513.0,15.0,502.0,1,12,9
4786,9df61b0e3d0446be96192abc26128436,20170710,7,13,0,,,,13,1,1
4787,f7ffa0df51bc4003a202c0d9020913fd,20170701,8,26,0,,,,13,1,1
4788,5d0b45a1c5d44065a0ecc9e40f08cea8,20180510,5,18,0,,,,13,1,1
4789,19016e2562384bddafef6dacfe59f862,20171215,7,13,0,,,,13,1,1
4790,3d3d2ce89c7e4e78b13bc7a18172aa75,20170724,7,9,0,,,,13,1,1
4791,074cebd5d8e54e9b8be863b7d9148711,20180330,4,6,0,,,,13,1,1
4792,0c304483fdf640c78e511ee85c1e66ab,20171108,2,28,0,,,,13,1,1
4793,f81ba41e34174fa09de41993fdd47d58,20180119,4,4,0,,,,13,1,1
4794,0a733f617fe942bab18ce0457be2c9f3,20180214,7,22,0,,,,13,1,1
4795,ac933c5ce15341daa602e25982dfab43,20170806,7,22,1,20170818.0,12.0,503.0,1,10,13
4796,749bf64671ec47d0877f0e4c0e51eac0,20171204,7,18,0,,,,13,1,1
4797,6770599886424cdfb43acf079d329ea5,20180414,4,9,0,,,,13,1,1
4798,12ef6c45753646febb2e66c5dddadf67,20171222,3,3,0,,,,13,1,1
4799,9d24171c702d44979ef44309370e9042,20171021,4,7,0,,,,13,1,1
4800,a2c5cfae120941799bbbb6fe67aface2,20180518,9,10,0,,,,13,1,1
4801,74d5afe611cd437ba91febe5fa41b395,20180323,4,25,0,,,,13,1,1
4802,92b2b99db94e447bb3eb35554536ad3c,20170815,4,12,0,,,,13,1,1
4803,4bf6e48d47e54d4fb792345149a1a317,20170725,5,17,0,,,,13,1,1
4804,f5ebb11b6d81492dad770fa61bd59b68,20170609,4,7,0,,,,13,1,1
4805,fa21b23809f94e1f995114671c6b6e9d,20171015,3,13,0,,,,13,1,1
4806,65d58697d1044bf0a7c0cde5a08ce7c9,20180505,9,18,0,,,,13,1,1
4807,528058b3b93a4573b22f00430c6eb2bb,20171128,4,25,1,20171207.0,9.0,504.0,7,9,2
4808,b41c511f40e54ec9b9bf97613d621409,20180309,2,16,0,,,,13,1,1
4809,b610e5f62d8d4564a7dac9a16227e7e7,20180107,4,4,1,20180114.0,7.0,505.0,7,3,7
4810,7adec5e7b2ca4a12a22901874f81d7bf,20171221,8,15,0,,,,13,1,1
4811,af50103d977f4a868fff6a5c58c74186,20180216,4,27,0,,,,13,1,1
4812,c49daf79bdab46cbabd0fcd1fd148322,20180112,8,16,0,,,,13,1,1
4813,e9057d1e168b48f4889678ecf93f21ed,20170721,4,23,0,,,,13,1,1
4814,1e00024d5b80412dadd97e7147c6d5fd,20171213,9,9,0,,,,13,1,1
4815,e9e42175b1e7476d947fff5fa503d6bb,20171029,1,30,0,,,,13,1,1
4816,d0c287339df84c1a9104bb50c0f8880b,20170830,5,19,0,,,,13,1,1
4817,2b3ac8dd91fa4b05a19409cc68e1629b,20180227,5,13,0,,,,13,1,1
4818,2bd2f9ebe1b240b3afbaeddbce98c36c,20180221,3,25,0,,,,13,1,1
4819,974fafdb9cc34a1a9f3f61dcbdfb794e,20180515,8,23,0,,,,13,1,1
4820,229fc64b6aaf4a86817d7aeaf1a559c2,20171006,4,17,0,,,,13,1,1
4821,1408fbece8e44b1abc50368edce7ee3d,20170729,7,12,0,,,,13,1,1
4822,dceab950b6a9459f97e712d6cd16347d,20170619,7,19,0,,,,13,1,1
4823,739b8ea6b9d340fc92b1af21ca2745f0,20171001,7,21,0,,,,13,1,1
4824,1307a69d997241b19911523ec104e56d,20170722,7,17,0,,,,13,1,1
4825,c4327d64858b4651960a4e45567fa20a,20180414,9,30,0,,,,13,1,1
4826,09f755643c8e4b94b102bf1848e2ad01,20171219,4,17,0,,,,13,1,1
4827,a474381e968148aa9c836fc82ccbda76,20180521,1,13,0,,,,13,1,1
4828,009c08d0d51f41ca85ec587a94b4d20c,20170914,4,5,0,,,,13,1,1
4829,b07d7d99a85149beb94e14de946fdf74,20170913,7,23,0,,,,13,1,1
4830,86d61fbb5d714804a2413e3245385d4d,20171026,9,1,0,,,,13,1,1
4831,87cd8c18c5544be48d3133388109e51b,20170602,3,7,1,20170711.0,39.0,506.0,9,10,14
4832,c35e0a055ba648e4a84ee59d9e5bb2d7,20180213,1,13,0,,,,13,1,1
4833,ede424365f414b7fbdbcef21b9e7bd15,20171104,9,7,0,,,,13,1,1
4834,b127cd1875a74463a64bd8b52383481f,20171109,4,7,1,20171211.0,32.0,507.0,12,12,12
4835,55fa89ab4e074481bf8e9011981cc8e4,20170904,9,12,0,,,,13,1,1
4836,fbb8b894259f4ba2ac1f953edcca47b3,20180120,4,26,0,,,,13,1,1
4837,1527ba2e75654ca18bd927373a0b030b,20180508,7,15,0,,,,13,1,1
4838,b079ec586258471f91d2b34e82223148,20171119,7,7,0,,,,13,1,1
4839,7d17883cc3584508977a5136e46ee3ab,20171014,4,7,0,,,,13,1,1
4840,4bd8bcb920f547e1bcdaae3a5698baee,20180514,4,29,1,20180525.0,11.0,508.0,12,2,11
4841,7a1d151067f642ba927a8cef2fa41175,20171128,2,14,0,,,,13,1,1
4842,4615c7f8509849ce8bd498c25c57200d,20170601,2,10,0,,,,13,1,1
4843,558acfe9624a4762ab90e570e0308e6d,20171005,7,25,0,,,,13,1,1
4844,9117905989074fbe9fe867e44d0e6f0c,20170624,4,14,0,,,,13,1,1
4845,47087e56788f400c8e296525fdda2172,20180515,4,20,0,,,,13,1,1
4846,40670a4f250c4c26977236d4cffb594b,20170925,7,6,0,,,,13,1,1
4847,2b2d6e2ae2a045fe9bc616064067ad82,20170825,2,24,0,,,,13,1,1
4848,e7c695e529af44a2b7789b613a3d9838,20170719,4,1,0,,,,13,1,1
4849,0f484c83d38d4989bf2b512d31018a07,20171119,1,13,0,,,,13,1,1
4850,b6ca4cf233854a94a2645e942f7958b1,20171127,4,19,0,,,,13,1,1
4851,12c7110db0154cdb9d4fc67799b66b55,20180506,10,19,0,,,,13,1,1
4852,814073117c804326969221af5351b095,20171204,7,26,0,,,,13,1,1
4853,93324a3b979442ffb191bff700e9b89a,20171128,3,28,0,,,,13,1,1
4854,0665d9b8a89a418b92e83fedd9ffe44d,20171118,7,24,0,,,,13,1,1
4855,ec9b2d6507c74d42822f272e9a764a98,20180506,9,13,0,,,,13,1,1
4856,e2e943403ad740219e459ee213add598,20170728,4,11,0,,,,13,1,1
4857,65019b5d401c4a66aa9ebf46854be24f,20180221,4,26,0,,,,13,1,1
4858,5ea7f4efb01e4646bd4f14e3ce88f16a,20170815,5,10,0,,,,13,1,1
4859,3c8362a4c6fa4d55be68fb0f84ead1c0,20170921,5,16,1,20171017.0,26.0,509.0,4,11,7
4860,a4a1c8afc9064596b29a9672c977b263,20180210,8,17,0,,,,13,1,1
4861,7b3a6c85ea074d279cfa14346286574a,20180323,9,16,0,,,,13,1,1
4862,bf3f1ef487014adc99cdaedb043481d7,20170914,3,9,1,20171004.0,20.0,510.0,1,4,2
4863,9fbf25de2f314ded88a418ca346eb433,20171211,4,25,0,,,,13,1,1
4864,36940da1244746758fef0fa80eb607b8,20171019,7,11,0,,,,13,1,1
4865,a14fc090cd2f4bd3baead919951289d0,20180306,7,12,0,,,,13,1,1
4866,0c6584b5e0924ad696b5c29433fc3bf5,20180225,9,19,0,,,,13,1,1
4867,48484735cf384b8781fea74677c82722,20180514,7,12,0,,,,13,1,1
4868,510b0261125144ba844613d605fe971a,20171117,4,14,0,,,,13,1,1
4869,5018537c17fe4d16ada8787a04bfc6f2,20171231,9,1,0,,,,13,1,1
4870,42e1fc73f7944d98b93c87a00315ce25,20170906,3,14,0,,,,13,1,1
4871,45ef09105cf14b99bbaaef9137a3f7b0,20180222,7,20,0,,,,13,1,1
4872,caf957eaa4a14c21bbf7ebd219b4e577,20180410,4,15,0,,,,13,1,1
4873,d549d91b1c2d4ce8b2b3020b5b2bef43,20180119,4,5,0,,,,13,1,1
4874,f3084652b68d4810b5d91aa8281a588c,20171125,4,25,0,,,,13,1,1
4875,d18e1e76dfb54551a11e1ef1256c35c4,20170605,7,22,0,,,,13,1,1
4876,893cdb07838c4b05827fe13d609be33e,20180517,9,18,0,,,,13,1,1
4877,a35f909d91534b828d23964d69446b8a,20180515,9,6,1,20180607.0,23.0,511.0,12,5,3
4878,32c166e872cc440ba8ca3ae6a86154ad,20171027,1,21,0,,,,13,1,1
4879,39bc80f7eabf44dda33e69b61c78d9fd,20180507,7,1,0,,,,13,1,1
4880,c8c595ba6bea48f3a149412cb96f9142,20180205,3,3,1,20180218.0,13.0,512.0,4,5,5
4881,64df11396b4047c7ae97643addfd7c36,20171029,4,18,0,,,,13,1,1
4882,b158aa9bdece42fba1d0954eb554247f,20170621,7,1,0,,,,13,1,1
4883,636ee5bb532144228dacc382379fe533,20180331,3,27,1,20180410.0,10.0,513.0,1,10,6
4884,f4a7805b0cf74f3892d1a35fa5e833d4,20180206,4,26,0,,,,13,1,1
4885,b6c827fdcd1f4564a9e051333847ac2d,20180107,4,11,0,,,,13,1,1
4886,eaee3b145d5449598a93c2dac82dba8c,20170601,8,19,0,,,,13,1,1
4887,a6792ed94db94b66882b53711695085f,20170810,7,12,1,20170829.0,19.0,514.0,10,7,4
4888,3e9fdc89cfcd478f9fd5e1ad9fae88e4,20171024,1,11,0,,,,13,1,1
4889,27b9a1fa33f94417ba75f0355b048d3b,20180315,4,3,0,,,,13,1,1
4890,82b8fba2f93e4543ab9ea5c7c9825680,20180601,1,4,0,,,,13,1,1
4891,a3d9c43c763544c8ae15655c7e975af3,20170909,7,14,1,20170924.0,15.0,515.0,9,10,15
4892,45a474cb096042f381f664fcd88d4d0a,20170712,4,17,0,,,,13,1,1
4893,dde34018d34b42049b340270bdbab04a,20170617,9,22,0,,,,13,1,1
4894,c47d2dbfb9fb4356936d62f467077ff6,20171129,4,5,0,,,,13,1,1
4895,329a00c1e7ee4fea969313f5d7398df8,20180514,7,30,0,,,,13,1,1
4896,031d5ca7d6bf4d689e1e794e116d7ae9,20180103,4,12,0,,,,13,1,1
4897,35156ca7334a4fb598d984f434056f78,20170721,4,22,0,,,,13,1,1
4898,17c01a26f61b4201b4b5a76e15b11ed1,20171102,7,1,0,,,,13,1,1
4899,aba096e5f8e44a06b7415b4f6af59c8a,20170828,4,15,1,20170911.0,13.0,516.0,12,9,9
4900,6e2e6a14634f4f5dbc529bfd10408340,20180514,5,5,0,,,,13,1,1
4901,5a15732ef5334885a26d81c311c7af92,20180324,4,11,0,,,,13,1,1
4902,eeaf95cb00fe4e09a0dd41429d8bd24c,20170911,7,4,0,,,,13,1,1
4903,d98a259270c14354965d9673bd90a27f,20171231,4,9,0,,,,13,1,1
4904,5c394f6d86db402185c980e8a77174a8,20171102,7,3,0,,,,13,1,1
4905,033c725e109f431d86e87fd2e5d74796,20171031,5,22,0,,,,13,1,1
4906,e3fb12e986144a89a8e70f614909674e,20180418,4,21,0,,,,13,1,1
4907,a5144d9580334e89ba5beeda9f5dab53,20170902,2,5,0,,,,13,1,1
4908,ba8170dca7c542ca9cfb1367d9e2f153,20180110,4,4,0,,,,13,1,1
4909,bf0a18a1bee54e4a8bd1439f5544751d,20180225,1,28,0,,,,13,1,1
4910,b7e1631c18bf47a3bc4f127d1e864325,20171108,9,22,0,,,,13,1,1
4911,dfc59c910a79468baf46626004ed8454,20180517,8,18,0,,,,13,1,1
4912,93d94f24d905443689e6209cd0ab6432,20171129,9,18,0,,,,13,1,1
4913,c93ba27e344445f7a838079b91985bd9,20180102,9,18,0,,,,13,1,1
4914,3f7ad8b1f6404011bef46cd1846365f5,20170615,4,26,0,,,,13,1,1
4915,de3450de7996444e804fc5c9550a34e4,20180102,4,24,0,,,,13,1,1
4916,8846c297cff14743b274994d3e00d93f,20170811,5,22,0,,,,13,1,1
4917,f64814e294454158a57d097cdc7b5743,20171102,7,14,0,,,,13,1,1
4918,7cb2c253ad144ec2a8ed396025fbcc4a,20180218,7,4,0,,,,13,1,1
4919,07e3951ee8c24c03b917163bf0a2df77,20180414,1,12,0,,,,13,1,1
4920,3c09a2e81dcb4830994d53d03e779d64,20180317,7,27,0,,,,13,1,1
4921,9a35fa8d31c047e79c2cc4504af4594c,20171219,2,30,0,,,,13,1,1
4922,68889341d4bb422595bc0aa532982b30,20180510,1,18,0,,,,13,1,1
4923,86d42adeda444432b80ae8d8d698b8d2,20180221,9,20,0,,,,13,1,1
4924,af4915bad92040a987e7287cedf4af49,20170628,8,27,0,,,,13,1,1
4925,82705053ff4944f597b45a37c2e759e2,20171017,4,25,1,20171028.0,10.0,517.0,3,8,2
4926,906bb9951a9b4e3a8820420ff04cb7fb,20171118,4,25,0,,,,13,1,1
4927,9590566ac07d4287b2aa981a67ef92b8,20171027,7,13,0,,,,13,1,1
4928,634453f10f1c4c54a53d2bb7a0d33d84,20180520,4,10,0,,,,13,1,1
4929,aff3a3a8eebf4f9a8b74e957febc3ff6,20170702,1,2,0,,,,13,1,1
4930,21ddf2c046934eb4919297e9b198c03a,20180327,5,2,0,,,,13,1,1
4931,43482be0cdf844059636ac130ca497b7,20170628,7,6,0,,,,13,1,1
4932,e798da3f7f8a428a9858136f6cf5b716,20170813,7,2,0,,,,13,1,1
4933,7854673b970e47fc8aa76d86eef6450d,20180209,2,17,0,,,,13,1,1
4934,e259bad2dcdc4d62a5c120918ba3c8a2,20180512,7,10,0,,,,13,1,1
4935,11b4695f33694e5fa1e02158251464ba,20170819,7,23,0,,,,13,1,1
4936,6d76c18ba66041e8ac202310cfeb2995,20171107,7,5,0,,,,13,1,1
4937,4c6679eb3fa84732919132fcee38f542,20180204,5,28,0,,,,13,1,1
4938,9997ad5751984aa0b4e9332bcaaeead2,20170911,9,3,0,,,,13,1,1
4939,58e3610bf6a54990b871db381be5bc1f,20170601,1,29,0,,,,13,1,1
4940,15c773ac5ff74e4f825fa3de9a0af1c7,20170801,3,25,0,,,,13,1,1
4941,ccb29e0c8f4c4488b76b10eb3d86a484,20171005,7,25,1,20171008.0,3.0,518.0,4,8,7
4942,a96d8a88b6cf4499adcaf52273eb9503,20180129,7,20,0,,,,13,1,1
4943,bd9896e9efc34d4cacffc190bf5104a4,20180214,3,30,0,,,,13,1,1
4944,50523940cd7c45b785e24353b7eb12bc,20170629,7,1,0,,,,13,1,1
4945,ffe43f64c067442b9c6b018741189eea,20171225,3,7,0,,,,13,1,1
4946,e54397cbb02b4457af9d941021184c22,20170929,2,19,0,,,,13,1,1
4947,897b6a80302b43058911df024a348eee,20180410,9,10,0,,,,13,1,1
4948,73fbce9f9711488dbf8a5e6b8b79b95f,20180503,1,25,1,20180525.0,21.0,519.0,2,10,8
4949,a6b7db7ba91a402eb1f9b5df1ad7f626,20180108,3,23,0,,,,13,1,1
4950,6bd166cc0d43442ea35bed8a8040ec0f,20170612,3,4,0,,,,13,1,1
4951,3b5bdab7e2494048babb29a5fadcca3c,20180503,7,7,0,,,,13,1,1
4952,d7880995fe0643ce887e3b228fa089a0,20180217,4,9,0,,,,13,1,1
4953,d45692d61514407c81c8521e14bcc4bd,20180130,7,1,0,,,,13,1,1
4954,cd25b9df7d6448fca2e0c52ce56d5980,20171027,1,14,0,,,,13,1,1
4955,1f1910f038184a9f98fc280a1c484a9f,20180208,7,11,0,,,,13,1,1
4956,b6a856f7a6994edd9debf8569eabe99c,20171019,1,30,0,,,,13,1,1
4957,46af8ca498dc4bcabfa26eeed9b6c68b,20180524,7,18,0,,,,13,1,1
4958,9ef314c7693a4ad3843056de9cc83689,20171231,9,4,0,,,,13,1,1
4959,382f3217da37404589ccb824fe37c983,20170615,4,18,0,,,,13,1,1
4960,c9c263160c124654b4ee14bbf019e55b,20170801,1,30,1,20170916.0,45.0,520.0,9,6,4
4961,11adf7e563ab46e1b4b1268b6d6f6dca,20170606,9,1,1,20170724.0,47.0,521.0,7,1,15
4962,52bc97604f144426b8815ec0b9ef3a77,20170618,4,23,0,,,,13,1,1
4963,5093c4e0e3da469594c77a3d6cb8526b,20180503,7,18,0,,,,13,1,1
4964,303c8082145545e5941f3ec5df29600c,20170622,1,4,0,,,,13,1,1
4965,6f72887b316744388a11474e2d70bdd5,20180126,7,19,0,,,,13,1,1
4966,1cb221e8341b4bda9b268f6781724138,20170605,4,16,0,,,,13,1,1
4967,a4ef7a9dc0ea48d0bc9541ba3211b96b,20180212,2,9,0,,,,13,1,1
4968,4815e45c35b84c90bf8c3c425424aa03,20171126,1,30,0,,,,13,1,1
4969,bc7b8f20a69d4081953522cf06218290,20180218,2,7,0,,,,13,1,1
4970,9c30d5d290464185b13a096688453230,20180502,7,16,0,,,,13,1,1
4971,39b5ddf9b6c84359916e791a3727054c,20180502,7,8,0,,,,13,1,1
4972,b5918dc20d884f3b857194d5a14808df,20180122,8,19,1,20180130.0,8.0,522.0,9,4,4
4973,469716a0784d4f4e9b13c99500e99bc6,20180504,9,22,0,,,,13,1,1
4974,8eb2b295232b4e4d9b9de6f7169af593,20171219,1,22,0,,,,13,1,1
4975,477c2001ff22485a9114f1a77a9e09e9,20180427,4,30,0,,,,13,1,1
4976,d42a4b361ec0466aaa5b304f194e5108,20180128,7,11,1,20180203.0,5.0,523.0,3,11,14
4977,03232fefbfb14a969a6f6afb4424c987,20170901,4,28,0,,,,13,1,1
4978,46375b501aac49c8b8940d17c89cac2c,20180215,4,6,0,,,,13,1,1
4979,655311c4fe4341b5aaf26aa7dc8adf0b,20171011,4,28,0,,,,13,1,1
4980,f5ffe7b7cf15489194cd8e8747f85a6c,20171113,4,14,0,,,,13,1,1
4981,74eea1761cf745b2ae8652ac6b74dd4c,20171126,6,29,0,,,,13,1,1
4982,d987f15a342d4b0aa4a1f5f62651f1a3,20171224,4,27,0,,,,13,1,1
4983,686230682c01405f9b8b8c5af93f5d8d,20170616,1,17,0,,,,13,1,1
4984,fc629f387bad464e91c259a41764e2ef,20170720,3,13,0,,,,13,1,1
4985,39cf8169410f4beea98e9b74182490b1,20180514,9,8,0,,,,13,1,1
4986,73ec44ba026d48eb8c91463c155567af,20170927,4,25,0,,,,13,1,1
4987,5e13b12f9ed842bbbd13376cceff2809,20170829,1,24,0,,,,13,1,1
4988,a1b23c65cf464e4a8cfd7fa8072acba4,20180102,9,27,0,,,,13,1,1
4989,3b501d2028044d92a73aa2c3059b96c3,20180410,1,25,0,,,,13,1,1
4990,65f940e3cb5a424696787657b7847128,20170620,1,18,0,,,,13,1,1
4991,9e3c8edd56424e55b372c1d1861df690,20171209,6,23,0,,,,13,1,1
4992,bbed17235da542b2a98c8b1d0d281677,20170616,9,8,0,,,,13,1,1
4993,c4da916bb78043e3adf5bbf546fd00cc,20170726,7,30,0,,,,13,1,1
4994,9893dec295854468b44da6675383773d,20170808,9,14,0,,,,13,1,1
4995,62f64ce7a2bb46898f104b542bb087cb,20180312,4,9,0,,,,13,1,1
4996,d2412d3fa4e6410f9b026df693a95f7e,20171008,8,18,1,20171013.0,5.0,524.0,4,10,9
4997,402d440aec19416e8b31570539278305,20180514,4,17,0,,,,13,1,1
4998,2466966787314397b8e65007a839ac38,20170912,7,15,0,,,,13,1,1
4999,1e715197c9224399b1458d18c63c68c4,20180226,3,3,0,,,,13,1,1
5000,2758c96b43034fc384f7496b37e2aab4,20180326,9,23,0,,,,13,1,1
5001,7972c7016e324081ba7f0aca04df76dc,20180509,7,9,0,,,,13,1,1
5002,dd94093f98064ff79bcd85e25e131cfd,20170618,7,12,0,,,,13,1,1
5003,2e767ab5566043b584442e13be621ed6,20170603,8,24,0,,,,13,1,1
5004,a5123e5fbe3445edbafc76f4f1e71d68,20171226,7,21,0,,,,13,1,1
5005,fd958d5bce4a46be865e600932dbef2b,20170707,8,7,0,,,,13,1,1
5006,50afc709371d4b39878d940aaa3b35a4,20180516,4,6,0,,,,13,1,1
5007,8f20cf63db9d4160aa6aca4eb9118a25,20180210,3,20,1,20180223.0,13.0,525.0,11,11,11
5008,5c9b6986861d4740b6a48a87744a01ab,20170915,3,20,0,,,,13,1,1
5009,d0f8c6b936c74a44a3bd5205a6dab76f,20180129,4,16,0,,,,13,1,1
5010,03af694455db4543b694aedb0e4da8cb,20171130,7,12,0,,,,13,1,1
5011,6a8758d1f10246b18a124e034d483e99,20180314,4,5,0,,,,13,1,1
5012,fa86783c9abe4df08c38e363a040b89f,20170705,1,15,0,,,,13,1,1
5013,35438f8909824cad89b9c7ed0ead0ee2,20180417,9,10,0,,,,13,1,1
5014,fc305e09150f43e3b4b7614ec2ca5d0a,20170707,9,3,0,,,,13,1,1
5015,30c181fe57ff43848e8a80c9ce059bce,20170805,4,1,0,,,,13,1,1
5016,826ca82491a14681b7b8d38dcbd1c54c,20170722,4,13,0,,,,13,1,1
5017,67d637c7d58c4c7eb2e9b258486c23c2,20170927,4,29,0,,,,13,1,1
5018,eeb4e2fa95cb4e0ba90c661b3293e12b,20180304,7,26,0,,,,13,1,1
5019,b0a0e1ca137b41008806a159f5f56c97,20170923,9,22,0,,,,13,1,1
5020,62f1ccc5350b4efabb92633157816497,20171007,8,28,0,,,,13,1,1
5021,729dfab353c448d0aed04faa699fe055,20171201,1,10,0,,,,13,1,1
5022,9719aaeaa5e642d6ac74d7f974ad4736,20170820,7,3,0,,,,13,1,1
5023,085f6c9d407a48d194db9e8e4f6414a4,20180301,2,17,0,,,,13,1,1
5024,6d4c61af5e7b4837a2a140af821be1d1,20180221,1,6,0,,,,13,1,1
5025,96354a7d6d4f4968ae358b64536eb738,20171107,5,29,0,,,,13,1,1
5026,9898b329aeb9434f8936530347510b7e,20170630,9,28,1,20170703.0,3.0,526.0,1,6,12
5027,50f2582ef440434fbd97921f40065faf,20170727,4,13,1,20170806.0,10.0,527.0,8,6,11
5028,fd0dd16d33654e54bb0d7771681566ed,20171013,4,26,0,,,,13,1,1
5029,c6bb8defc0e44633b3a01337b16b8d05,20170617,1,15,0,,,,13,1,1
5030,18a8a4b62a2b4eadafa8909ba1926efc,20171012,4,8,0,,,,13,1,1
5031,431b42a57a0d4059898c6ed24f8c4add,20170701,7,9,0,,,,13,1,1
5032,a5e80f7999854c55804e6b721608843f,20180308,9,22,0,,,,13,1,1
5033,4203c0e9ab7748419850ff63ab434faf,20180506,9,17,0,,,,13,1,1
5034,2834ee00956f49bd8a620990c049a3c6,20180208,9,5,0,,,,13,1,1
5035,186b0c6cdc104202bf3c490d8ebca309,20180316,4,28,0,,,,13,1,1
5036,57d373efc79245b28773d0b9f6f770b9,20170619,7,3,0,,,,13,1,1
5037,02bc165349844cab8223e17574294e01,20171231,9,2,0,,,,13,1,1
5038,9e9c3aa22c83489f846efbedd98793c6,20180410,2,12,0,,,,13,1,1
5039,41146fcc4e5149e795f86502486ce200,20180310,1,4,0,,,,13,1,1
5040,5ae000d8ed174d80ae3bd155efbb8b6e,20171017,5,25,0,,,,13,1,1
5041,85bf108738394fdcb4cea549f27a37e6,20170619,1,6,0,,,,13,1,1
5042,cc067f36351d4a59bc0e4e44a3001363,20170924,9,16,0,,,,13,1,1
5043,8fbcc85822504a1aaae1db9a46adc17c,20180107,4,1,0,,,,13,1,1
5044,08f00434c8c4463e8b69c7267d302ada,20170925,1,22,0,,,,13,1,1
5045,80c3c3ab14a249638e78b6f6e8fcd9c7,20170629,9,24,0,,,,13,1,1
5046,29857de58ae64a31bf515ed6d1eb3960,20170909,9,29,0,,,,13,1,1
5047,d8c6856be9b0406fb5fbdc9c6c73ff0b,20171212,7,21,0,,,,13,1,1
5048,3c0db84feb7a472d8fb68796bf86d867,20180202,9,30,0,,,,13,1,1
5049,7a0422bcc072411eb29a3ef863f914ff,20171211,7,15,0,,,,13,1,1
5050,22d59f9d72784596ad7db4e64eafc09d,20180526,9,21,0,,,,13,1,1
5051,928463cc54f34240b6fa308e0e5f570e,20170810,4,18,1,20170820.0,10.0,528.0,3,10,3
5052,944aded547354dfd8b2cd60f6d6a323e,20170731,3,12,0,,,,13,1,1
5053,b48a00844e224521bf72c00e5a6093e4,20171206,4,9,0,,,,13,1,1
5054,8045068f4cf64da9a6b2bb190ea2d9b9,20171123,4,22,0,,,,13,1,1
5055,dd2302997fd74692b94b79dcf5328006,20170630,7,17,0,,,,13,1,1
5056,c11e05d6a4b04d3eadec1e9a8a0ec569,20170718,1,26,0,,,,13,1,1
5057,3b873eddbf514da08977286181fe1685,20170925,7,2,0,,,,13,1,1
5058,782e9a7295b647b1ae3035eee2121520,20180302,4,27,0,,,,13,1,1
5059,ae2fb9311e824291b42e624f6e583d98,20170608,9,20,0,,,,13,1,1
5060,959d85f5a1b24ea8b212a5bf5f4de32c,20170630,7,27,0,,,,13,1,1
5061,e4027563a1b7480f8cdff488fd8e5ec7,20170804,5,7,0,,,,13,1,1
5062,8172c908f9b245eb8550c3eb1277302b,20171023,5,8,0,,,,13,1,1
5063,4f87ff2acec243ef944614c3faf4e1f9,20171127,9,23,0,,,,13,1,1
5064,312ce31ed3544fe9a0093e1bb1661f90,20171004,7,4,0,,,,13,1,1
5065,2b92ce42969a4a748ecdaf8f8b83016c,20180407,1,13,0,,,,13,1,1
5066,b85f6ff3df20401aa0926e263adc1693,20180503,4,11,0,,,,13,1,1
5067,5ee2e1148a2646dca433042151eaf14a,20170710,7,19,0,,,,13,1,1
5068,5a4bf649b76045f58e3a34b278e50c45,20180306,7,13,0,,,,13,1,1
5069,0dc067e91aaf4dcd84434e24d04be8b1,20180528,5,12,0,,,,13,1,1
5070,feff8287b94b49b68d60f787ee08c68f,20170921,4,28,0,,,,13,1,1
5071,b40ea1ecf2cc4a628c6b484f61f02838,20171102,9,24,0,,,,13,1,1
5072,2ae2a70cb9dc4c9196e5d61257eaf00d,20180310,1,10,0,,,,13,1,1
5073,7aa94014df0d46a498ef6fc5c99f0f4c,20180501,7,6,0,,,,13,1,1
5074,a593597d434f4405b564e5bfaf0c4bfd,20171015,4,28,0,,,,13,1,1
5075,adf82847eaae40c982fca126a7e54ee1,20180305,6,25,0,,,,13,1,1
5076,5c373220255a49c7aa2402b8c4f22d05,20170628,9,12,0,,,,13,1,1
5077,11cd0a52567f4da88246ea55c9d5ecb5,20171228,9,13,0,,,,13,1,1
5078,948e6fd1a68047b0bcbca06ef6ad8ca5,20171022,4,9,0,,,,13,1,1
5079,e8e3ad3a7d4e4b8ca446de806e3928d6,20170810,7,17,0,,,,13,1,1
5080,318bb303987f4fc88d655d1065a09b4e,20171104,7,9,0,,,,13,1,1
5081,0b97f5954420405d88e5cc28baecec77,20170802,4,2,0,,,,13,1,1
5082,206e3851ddba48b680b8472c041c9a6a,20170812,4,17,0,,,,13,1,1
5083,44fa5455680b4b768f13b4bdd0b4da42,20180524,3,23,0,,,,13,1,1
5084,09db4a32461a4ee3a1c4bdfa37f24df6,20180119,4,26,0,,,,13,1,1
5085,61ca8e88cfd3410d8348812ee3d62c67,20180211,4,19,0,,,,13,1,1
5086,f20724bb6bab481e939aa28ab45569cd,20171021,9,30,0,,,,13,1,1
5087,f565f196020348bdbf5ae427cb40b687,20171101,1,27,0,,,,13,1,1
5088,2e111ccd7d034c86a05cbfc40fcb2a9d,20171021,4,30,0,,,,13,1,1
5089,519ec43ea60945ad80084bbc33327236,20180209,9,10,0,,,,13,1,1
5090,544fcabe4e7c4c449969177a6d84ed39,20171213,4,18,0,,,,13,1,1
5091,1e7d21808dbd4998a7729071cb58a0fb,20170623,4,9,0,,,,13,1,1
5092,c3eec5c686c2476a81f7dbdfc70dc5ed,20171212,4,11,0,,,,13,1,1
5093,0429206871994649babd41aefd67c9f3,20180107,3,27,0,,,,13,1,1
5094,3d068bc8f83845fd82a0fd756173486d,20180505,4,27,0,,,,13,1,1
5095,41cd5713d8e04d3685b9dee4d4b55497,20180305,4,22,0,,,,13,1,1
5096,be952f3b59ba43c6bd6b83975f32a840,20170614,7,24,0,,,,13,1,1
5097,782eb4993ade4c28b1ddfba8f3ba4f52,20171120,3,5,0,,,,13,1,1
5098,a87c1df9265d4f618b084d5e31b1453b,20180330,4,24,0,,,,13,1,1
5099,5468fcdfd7c34e6c85a81e37eb4dd919,20170615,7,2,0,,,,13,1,1
5100,f956662dacff4282aec927d8e3748a8f,20180415,4,10,0,,,,13,1,1
5101,556874ed87cc441d8b5932f55c9d1598,20180105,7,5,0,,,,13,1,1
5102,c214f3e7a15e4a0ea19a787e7877f429,20170726,9,30,0,,,,13,1,1
5103,a653b29d3bbb45e88aa4361c529685df,20180514,9,10,0,,,,13,1,1
5104,e8d2b94bb2a84a53a2c1c6ba54699d40,20180301,7,15,0,,,,13,1,1
5105,d3f86686d78e44b9a2246c6973c5f362,20180321,7,24,0,,,,13,1,1
5106,24d771c5777e4d6480e4130c7ffa8571,20180221,4,7,0,,,,13,1,1
5107,7fd6e2a948a6440b8f88c17c07fe7210,20171213,7,2,1,20180118.0,36.0,529.0,2,9,3
5108,8f8d56bc5e85412092c04a9e64006586,20170930,4,22,0,,,,13,1,1
5109,0e4f4cb9564944f08d1a2d4a2cacf504,20170608,1,5,0,,,,13,1,1
5110,1e712c6cf45a469d90e47c6133ee4f07,20180516,2,3,0,,,,13,1,1
5111,b3a01ba8c40d4a1795453cd998cae635,20171006,6,1,0,,,,13,1,1
5112,e14a8547b536486481c51c931f72bdcf,20171120,8,30,0,,,,13,1,1
5113,b7000d08d08f41bd902b82e41d8138eb,20170620,9,19,0,,,,13,1,1
5114,23d46b100c5645a88374249e515e7a2d,20171203,1,11,0,,,,13,1,1
5115,9c33aeef766e49ddb783255d5e2f96bb,20171007,7,5,0,,,,13,1,1
5116,3eda41d532c540cbbe7c65e4eac7a110,20180408,9,25,0,,,,13,1,1
5117,db77abea3fd04d508ff0087186ff0203,20171105,7,11,1,20171117.0,11.0,530.0,7,2,5
5118,6a7e28f2a55b4ee5b7e1f82bd9fc5f77,20171112,7,10,0,,,,13,1,1
5119,0e887f76d9fe4850b5f492b695396b6a,20170831,1,18,0,,,,13,1,1
5120,c05e770ecf1448aebb79512e3c253206,20170609,7,26,0,,,,13,1,1
5121,160119544178410a8129109930038af8,20180125,7,16,0,,,,13,1,1
5122,3324ac3f5b84491388784f3ca51ace67,20180201,5,10,0,,,,13,1,1
5123,46e12ed3fc3d4dd6b96b5a021b1a812a,20180312,4,15,0,,,,13,1,1
5124,97b1e9f620f94d609d3ad7fed3ecb626,20170630,7,3,0,,,,13,1,1
5125,4b2ba286d60b4e4eae427dc43bebffa3,20171020,5,21,0,,,,13,1,1
5126,d5bad154c56642f2a733eeb767e23709,20171108,9,18,0,,,,13,1,1
5127,867f82f42d3b4564a5e78ba081d6555b,20170901,9,24,1,20170911.0,10.0,531.0,6,2,13
5128,8cf0dd8a388d4e4ba1b481282db281fe,20171020,4,10,0,,,,13,1,1
5129,b1efc206e1674046beaf02288dc199b6,20180209,7,17,0,,,,13,1,1
5130,30c2f195e4ed4973b64cb2cd79c568cc,20180419,8,4,1,20180430.0,11.0,532.0,5,4,6
5131,1359c1de13ee42c8b9613b867b1222d5,20180413,9,27,0,,,,13,1,1
5132,8c5b23f2d1f043aebfbd41227f6e3a39,20170928,9,23,0,,,,13,1,1
5133,e7841e7d075b42e2bc52834036c97730,20170620,4,11,0,,,,13,1,1
5134,1439ebe2b387499c8373e74c389b0291,20180215,4,14,0,,,,13,1,1
5135,c967e9172d014b85b9180c7dd3762ec4,20171110,2,21,0,,,,13,1,1
5136,9be8650b4a034b83b64e9a529bdc6e0f,20170925,7,28,0,,,,13,1,1
5137,998c3a991e014a7dbf70da7813809bc3,20171011,9,26,0,,,,13,1,1
5138,9ff9a00e0fea40b796ce8d74557d1f3a,20180514,4,21,0,,,,13,1,1
5139,e7ddc417d19c447b99673ffaa4fc083f,20170623,1,17,0,,,,13,1,1
5140,fe5db7cf575941d381ba06f011404dd8,20171127,5,3,0,,,,13,1,1
5141,11a51c455e304c8d839fba9745eb800d,20180215,9,25,0,,,,13,1,1
5142,7b60951f1d2d440b9628eba78b008cbe,20180217,4,17,0,,,,13,1,1
5143,245212a812f2462a87d5474b96227b6a,20170913,9,14,0,,,,13,1,1
5144,66536db675fd4381a366239ad7bd5587,20171208,1,3,0,,,,13,1,1
5145,e92a8dae7d5c42c2a5094bfb8507ff96,20180425,7,12,0,,,,13,1,1
5146,81cd9a4e304a4d3aa36c8085588be330,20171023,8,26,0,,,,13,1,1
5147,a7097e1866264ceba26b495c770e2dea,20171115,9,5,1,20171129.0,13.0,533.0,4,10,4
5148,6a78f519fcff4b22a9206f175c0d8193,20171202,8,15,0,,,,13,1,1
5149,fc0359b18bde42aea9d28eebeda182e6,20180430,9,13,0,,,,13,1,1
5150,796e99e06c904fe3a51a4929a4340998,20171029,4,26,0,,,,13,1,1
5151,add1f4fc0c6d41d39e6c25ed34d8e57b,20170822,7,27,1,20170830.0,8.0,534.0,1,4,7
5152,973f32eb01bc403d81047903c59fa24b,20171027,4,22,0,,,,13,1,1
5153,e513d1303bbd4efb96908a6d5b08aa90,20180330,5,25,0,,,,13,1,1
5154,0cfc7591e19c4a0fb9e548ac60014c85,20180408,1,5,0,,,,13,1,1
5155,2cf1a304241b4add883b628d7f4efd4c,20171108,1,28,0,,,,13,1,1
5156,747a230b29744060870b20904074e345,20180216,7,28,0,,,,13,1,1
5157,f0ebe813b2054f92bf12f14cbcd7db3d,20171124,4,30,0,,,,13,1,1
5158,10588f3b29674877b57e3a75ee9bfc35,20180326,1,11,0,,,,13,1,1
5159,433c1d5749ea44ebb2d430f9802d07e7,20170816,7,24,0,,,,13,1,1
5160,f8e8c07f04964c169142646f861e41e1,20180429,4,3,0,,,,13,1,1
5161,957594ff7037446699ea62a5b8dd0d99,20170923,9,6,0,,,,13,1,1
5162,f5212d68fd784c39acfc98b557585e1b,20180322,4,21,0,,,,13,1,1
5163,fb5b0ace9d474ef6bef3abb4f8e281b4,20180101,7,2,1,20180115.0,13.0,535.0,12,2,3
5164,40dec1227a7a43c58dadddab674dae21,20170802,7,5,0,,,,13,1,1
5165,79e6f630a4664bd3bbe368a0ee6f742b,20170627,4,13,1,20170814.0,47.0,536.0,8,4,3
5166,29918db084fa4448bb6de2c35cbefd41,20180504,10,6,0,,,,13,1,1
5167,a64a2958411749968433856a13a895cc,20180112,4,19,0,,,,13,1,1
5168,bb53e34d7dd447f8b238f89b9af817a2,20170908,4,1,0,,,,13,1,1
5169,5f499a5a52ff41aab9410c2184c4ec90,20171003,4,17,1,20171025.0,22.0,537.0,11,10,1
5170,b741806a15ab4e4593d5fb4456bbd008,20171203,1,18,0,,,,13,1,1
5171,e4c7daa7746b4adf8d0bf4a7d5bcc77d,20171109,7,28,0,,,,13,1,1
5172,530aa3f241b94d6fb960cafd708487a3,20171002,9,2,0,,,,13,1,1
5173,9316b507769e45aa848fce8732c973da,20171227,4,3,0,,,,13,1,1
5174,9d0163ce38974b8fa8144fd90051bcdf,20171128,4,6,0,,,,13,1,1
5175,e0b825aff06f412c9a891c93d041491a,20170710,7,23,0,,,,13,1,1
5176,088f605eb9ae4c6bb5f0a2a567480f77,20180203,3,17,0,,,,13,1,1
5177,f1dcb19321d14c548776845bd7fc11c9,20180116,8,17,0,,,,13,1,1
5178,8761db3151f64778867c2cc16e7ab047,20180319,4,22,0,,,,13,1,1
5179,551bc14ebc374227a6f78a06470895b1,20180303,9,24,0,,,,13,1,1
5180,99fdf234a1b24c79b45ca379f42b7704,20171226,5,11,0,,,,13,1,1
5181,c7f84819a2d64267becb3e446e849234,20170810,7,19,0,,,,13,1,1
5182,7325617dc82c46dd941066604de4adb8,20171025,3,8,0,,,,13,1,1
5183,abeba188720f4962882bf48a2ad3f55f,20170731,4,15,0,,,,13,1,1
5184,e350a865cd384ac1a7a3e5bb05d4c1ad,20180102,5,4,0,,,,13,1,1
5185,3afe1631f2ae47869f1608697ce4155e,20180322,1,23,0,,,,13,1,1
5186,65cf5315ae4d415289a2524f3d676b24,20170910,2,12,0,,,,13,1,1
5187,0eaf7f2387b74a928e0bc7088b296950,20180119,1,7,1,20180212.0,24.0,538.0,9,11,1
5188,df3aa8d896d44262818656197f8b8750,20170801,7,19,0,,,,13,1,1
5189,f7a711c1045a45dbaac0eb898ec9e3a3,20180311,5,2,0,,,,13,1,1
5190,fc73982e34e04ca48a375ca10a95984f,20170722,4,10,0,,,,13,1,1
5191,fd678c06ddaa41e2ba10b615c9cd10a7,20170618,7,26,0,,,,13,1,1
5192,e8257616c1054e30b69d1679afadf3ad,20180520,1,3,1,20180605.0,16.0,539.0,1,7,6
5193,5c3f9270901b41e5a946e2b02745455f,20170807,1,10,1,20170829.0,22.0,540.0,9,9,1
5194,8c8d34e4247a44e68c74c92254277d0e,20180227,5,12,0,,,,13,1,1
5195,99fccfa9320f4962905476561413c3b1,20180103,4,4,0,,,,13,1,1
5196,5392b094bb9d4c46a39c35cc68ef5d7c,20171223,3,17,0,,,,13,1,1
5197,c8bebb84e4b54b0e9cee65ba333370c9,20180531,1,25,0,,,,13,1,1
5198,01cc92cae403402ca92975efe733a61c,20171120,4,14,0,,,,13,1,1
5199,2fae6f81edcc4bccbe5bc08d1deca0dd,20180408,7,25,0,,,,13,1,1
5200,6549089e7f2d4765a8c09ac23d6f9114,20170624,7,2,1,20170628.0,4.0,541.0,6,11,14
5201,2cfca87d22874818966ab71ffafd91af,20171129,7,22,0,,,,13,1,1
5202,be1e983a64424c44a19d763f8fe2c757,20171227,10,18,0,,,,13,1,1
5203,31355698dfe140d8b7b617bf8dda9a70,20180110,9,24,0,,,,13,1,1
5204,6a673b3a66404061a613961beb411ecf,20180131,1,2,0,,,,13,1,1
5205,a81b63bb0c304333ac0f99e9285f08e6,20170902,6,22,0,,,,13,1,1
5206,4cb44f6bfef744c4abca44af34824a13,20180216,7,4,0,,,,13,1,1
5207,eca2e14c381645188bce30b1e29f9ded,20170604,3,14,0,,,,13,1,1
5208,e0a92eb02ea947b8aa465df9e474672f,20171207,7,18,0,,,,13,1,1
5209,d54e870c8c0d4bb59ee4af80a1e7e151,20171212,8,18,0,,,,13,1,1
5210,ab2ff460e6784de48c78ec29e98ee1ba,20170830,4,2,0,,,,13,1,1
5211,ecb417c71d534e0d92dcc07afac1cea1,20180329,2,24,0,,,,13,1,1
5212,1f635a3436584b058a2010e51ed6f329,20170720,4,1,0,,,,13,1,1
5213,41520ad8053c43bf98e34131b9b6fdfe,20180208,7,27,1,20180228.0,20.0,542.0,4,11,10
5214,84b4a893594c48769b6170eaa5fb42a0,20180316,1,12,0,,,,13,1,1
5215,be0e906334f3454eb7837e2f4fc6bd80,20180224,7,6,0,,,,13,1,1
5216,eb867ca06a4d4f41931e19ff825662a8,20180105,9,8,0,,,,13,1,1
5217,14e467424a5c4a89af10dea3058ed867,20171214,7,24,0,,,,13,1,1
5218,8d38ea8d1dd147719a1073f8633fc42f,20170831,1,27,0,,,,13,1,1
5219,0cf86f07fd65495788caa6790b5b92d7,20170916,4,6,0,,,,13,1,1
5220,88c83abebb444f368dd8fd15f0891f3b,20171021,4,12,1,20171104.0,14.0,543.0,9,11,3
5221,40e7877ac2124164817976153f4d33fe,20180412,7,25,0,,,,13,1,1
5222,2eebe4a79efd4720b1bab496034a8b25,20171125,7,7,0,,,,13,1,1
5223,48a6ec812e984eab9ced039a82fb8ca6,20170731,4,19,0,,,,13,1,1
5224,3963beee1c9748f68dd8c6511b1fc552,20180205,7,17,0,,,,13,1,1
5225,ec3977251ade45db8bd452b0541d7423,20170826,7,22,0,,,,13,1,1
5226,3f1daaf12c444a5aa5e247667deccf6f,20171011,4,24,0,,,,13,1,1
5227,1f7872ce45434ee48abf90cff160e542,20170725,9,11,1,20171105.0,103.0,544.0,7,2,5
5228,3fa4d2bb0ad54aedb3ca9e23a324e99c,20171021,8,25,0,,,,13,1,1
5229,d2b81d83d8fe4675a0bb342e0398ecfa,20170914,4,20,0,,,,13,1,1
5230,fdb1786693404f6ea51b07b5d629539a,20180216,9,26,0,,,,13,1,1
5231,195fe80528e643dba3ae7adf2ede1c32,20180403,1,12,0,,,,13,1,1
5232,3a08b903fbd1449c954b2ee7f88cfa9e,20180304,7,5,0,,,,13,1,1
5233,8c7ef8ceb3c64063b41e583fdd6967e4,20170908,1,13,0,,,,13,1,1
5234,2872cd48e4824d2ab1fb2f6a9a351db7,20170614,7,9,0,,,,13,1,1
5235,6e921a44ba6848b19bfbea6e866f5ded,20171023,9,15,0,,,,13,1,1
5236,3caad36c27e441a6903803481183ade9,20180114,4,4,0,,,,13,1,1
5237,e106f59f87aa4c6e9aa5e755596de6d7,20180119,1,22,0,,,,13,1,1
5238,e1a840967e7944d69e369d43b5a7f328,20170727,1,18,0,,,,13,1,1
5239,a9c016ea1c4a46589df74666d1f9a104,20180108,4,19,0,,,,13,1,1
5240,4b86c9a1bb1c4e8abe0c4f96a982851e,20170715,7,19,0,,,,13,1,1
5241,174abea5354b4b7ab6c039fb5f847494,20180509,6,16,0,,,,13,1,1
5242,750c86501ad64643bfedfb427c58adfe,20170711,7,2,0,,,,13,1,1
5243,4ddc6fd5a8a64ccfacb6d6f6ed051d18,20170709,9,7,0,,,,13,1,1
5244,b52efa5afe6d43bbb3d7c676254bed12,20180215,5,19,0,,,,13,1,1
5245,2b3f69c160e04ca9be8eb3b6c88c2102,20180119,1,2,1,20180208.0,19.0,545.0,3,9,11
5246,c7145abb36254b11bb52cecb7ba55d51,20180218,9,28,0,,,,13,1,1
5247,a76fd7b9229b48ba837773989f7b776b,20180519,3,12,0,,,,13,1,1
5248,2a5cff6f06d3453b851f5b66287eea51,20170620,8,25,1,20170701.0,11.0,546.0,7,12,1
5249,37895902ae05475aa1063acf876b500d,20180528,7,8,0,,,,13,1,1
5250,e77e6d34d04a49de89b717fdb27e2aca,20170906,7,11,1,20170917.0,10.0,547.0,6,11,6
5251,59c87fe613d5429e8efbc63c845d173b,20180417,7,23,1,20180427.0,10.0,548.0,1,5,1
5252,926c15de4a9846779f5f9592cd9c35dc,20180418,2,17,0,,,,13,1,1
5253,1197c1b9dbff4c8ea61359c2463f85f4,20170810,1,30,1,20170824.0,13.0,549.0,7,3,13
5254,55da1a1b4e9b48e9a233e596574293fc,20170921,4,19,0,,,,13,1,1
5255,bba8ae28ce84478689f9514d79c97408,20180127,8,13,1,20180211.0,15.0,550.0,1,9,1
5256,12007edfe72e4ecf9bd998ae3e6c6af1,20170904,7,1,0,,,,13,1,1
5257,7f6fbbe44d0e4effa6f56a4675f7cfeb,20170807,4,23,0,,,,13,1,1
5258,b0428c71ae494bbf9318abc81d2aa4eb,20170716,9,10,0,,,,13,1,1
5259,ea9838ae28584611bd73d447bfadfeee,20170918,7,15,0,,,,13,1,1
5260,cac14048829042b19a470885d6829a89,20170705,8,21,1,20170714.0,8.0,551.0,1,12,15
5261,f7eaae3dd09e4ed788cd160ba3acd9b8,20180409,4,28,0,,,,13,1,1
5262,c59ce2610ed74d5f99363b712a3475f5,20170831,3,15,1,20171001.0,31.0,552.0,8,5,15
5263,887557c268e64711943e32b96fb2ceee,20180519,9,29,0,,,,13,1,1
5264,634e5ed07ad6490ba90978e34a4f47c8,20171212,4,14,0,,,,13,1,1
5265,346047cdb1e04e3588e001a270d9b7fe,20170929,6,16,0,,,,13,1,1
5266,5c6cf72c28a648af9b8c9ddc0847e4c2,20180203,9,11,0,,,,13,1,1
5267,15acda0370754e3b9a960d6dcc1ad076,20170901,7,20,0,,,,13,1,1
5268,a498274f60f3489ebdb4498333e1b7c9,20170927,7,11,0,,,,13,1,1
5269,5c9b7146a6da4b85be8461151458b416,20180204,8,5,0,,,,13,1,1
5270,80859e7d91f94dca9af26913c0de94e6,20180419,7,29,1,20180513.0,24.0,553.0,9,7,9
5271,235146448e1340d8aa2aeb46f2e95f25,20171130,4,13,1,20171215.0,14.0,554.0,9,6,15
5272,7e681b6efb4b415ea7cd81c16e67b310,20171030,4,17,0,,,,13,1,1
5273,f7ebd1128c9c496e889a13534167fd9a,20170728,7,15,0,,,,13,1,1
5274,a5c9ea32a8a14195a15e2d6aec44ddea,20180115,3,17,0,,,,13,1,1
5275,7726d923f5f743669a3e328f5483a438,20180506,7,25,0,,,,13,1,1
5276,c7ebee8d805d475485d8a90ed1f28663,20170830,4,8,0,,,,13,1,1
5277,1253949e0da844cabd15d95968190bcb,20180505,4,16,0,,,,13,1,1
5278,524bd9169fd345bba8f7ba508d31d648,20180523,7,28,1,20180603.0,10.0,555.0,3,3,1
5279,dc3b7819a3ed4fc18a661ca921965680,20170805,5,20,0,,,,13,1,1
5280,45708f7de5294e9eaab026a497862ca6,20180206,7,15,0,,,,13,1,1
5281,5215bcb3273c4f929a3151d013706449,20180518,10,26,0,,,,13,1,1
5282,a4d0e80740354367b812b6c6640458b9,20171027,7,6,1,20171108.0,12.0,556.0,5,11,9
5283,c06e8c85e8f24e5a9dec86f1aad799db,20170919,4,27,0,,,,13,1,1
5284,66f22107850e48628cdc682dffc7317b,20180315,8,19,0,,,,13,1,1
5285,23af31bf5c004bb1a23ea133d3c1b69b,20180512,7,15,0,,,,13,1,1
5286,412189b356004aaaba53bcd01edbb8de,20171218,1,15,1,20180111.0,24.0,557.0,7,9,14
5287,af1ad5c8ae90422ab8b9a0ec4fd9b7c7,20171222,10,22,0,,,,13,1,1
5288,2cdd6b9406304e2fb335c63744a823d6,20170628,4,13,0,,,,13,1,1
5289,cc0b692e96894cdebcd25ac0ff016af7,20170921,4,23,0,,,,13,1,1
5290,386ca81178334cbca07081f3dd1f28f3,20170624,1,18,0,,,,13,1,1
5291,35f1bb6250bc4024ae172e1145473755,20171227,7,14,0,,,,13,1,1
5292,bc691b3453dc426693eaf34df56076b4,20170825,4,9,0,,,,13,1,1
5293,1225015a77b24aa6aad90129024f9e78,20180417,4,29,0,,,,13,1,1
5294,203f1f7a289a4d20a4524f3178c6330a,20180409,4,4,0,,,,13,1,1
5295,891f3dd4194a4e6daa892a6596bca615,20180406,3,26,0,,,,13,1,1
5296,0d18dc34c14643b79192d92f04f1d397,20170611,4,3,0,,,,13,1,1
5297,36fffe7c97b840ab848ff1badcbbefdf,20180527,7,22,0,,,,13,1,1
5298,ecc681711288403da4e8072df02d08b4,20171128,9,3,0,,,,13,1,1
5299,ca35de7fd3e94be29d90cd06c0759731,20180502,7,6,0,,,,13,1,1
5300,807982ce62ba4b7b85bfc6ead4f75dde,20170916,4,21,0,,,,13,1,1
5301,2ddc5c30d4dd4cb59fe3e43af17c8c6f,20170910,3,20,1,20170922.0,12.0,558.0,6,6,1
5302,ae8629ce998f44dfa0e5365aeb3b19cc,20180302,4,10,1,20180324.0,21.0,559.0,6,9,7
5303,98476b1ecc024fcb883ca4bf7124e009,20170926,1,5,0,,,,13,1,1
5304,fd8ab7e6e47140e4adebd7167038627d,20170822,8,8,0,,,,13,1,1
5305,139ffa794d1342948ba7c231ca210cec,20171229,7,21,0,,,,13,1,1
5306,ffa35bb963654eaf912180c95a2ad353,20171006,9,27,0,,,,13,1,1
5307,44ce398a6509455cadf98571c0ac62ed,20170611,7,25,0,,,,13,1,1
5308,9e1c650bc4d84a6d96a3ab0b149b683c,20180212,7,5,0,,,,13,1,1
5309,9fd4a3202cf74906969ea5f4f6bbac99,20180204,8,7,0,,,,13,1,1
5310,ba43104ff5d449ee8f1aad6226eaf401,20171023,8,26,0,,,,13,1,1
5311,5b87abe7da404b599ed9cc1e27b680b5,20170926,7,24,0,,,,13,1,1
5312,e70b32af2c1f40bd94255853d480d636,20180519,9,27,0,,,,13,1,1
5313,9ba31b0e53d64bcba3ebc75fae7e72d6,20171018,5,20,0,,,,13,1,1
5314,1551b19e8ca6416bb62bf999e2cf9295,20171211,2,30,0,,,,13,1,1
5315,e5b5b3b13b0b4d59be290b5197f9130d,20170807,9,10,1,20170926.0,50.0,560.0,7,3,1
5316,e38bfd5702c44ef29a7e8f0e9115698c,20170714,7,3,0,,,,13,1,1
5317,01e9e2863114445289caab2cc4ac6cb1,20180214,4,26,0,,,,13,1,1
5318,752d021544884609996f9ef461af52b7,20170608,2,29,0,,,,13,1,1
5319,eb60565090994939a5adf18823358be6,20170817,4,2,0,,,,13,1,1
5320,01a8bef0f8aa4db4afc39dc3d6225879,20180329,9,9,0,,,,13,1,1
5321,c2a257051e044ee787aaae94469ea127,20180407,7,5,0,,,,13,1,1
5322,f879a687e4184cbbb8680b41661c153b,20171113,4,6,0,,,,13,1,1
5323,1404be6143744852ae5a215cebc675a5,20170612,7,19,0,,,,13,1,1
5324,98688a30362e406bb38dba2dc933b794,20180121,10,25,0,,,,13,1,1
5325,7498e60a0e144edea938102839cdef22,20171014,4,14,0,,,,13,1,1
5326,ea15cb1dae8e4e27b290077755d6a36a,20180128,9,1,0,,,,13,1,1
5327,b05444fddb804378bb6d0cde7fad8d3b,20180106,4,17,0,,,,13,1,1
5328,6aa9c78443e3450c8f39626244fd91da,20171226,4,19,0,,,,13,1,1
5329,a8161cdfc4cd4a27b77de22abaa0b3e2,20180203,7,22,0,,,,13,1,1
5330,5c2d20ad37fb4539ab81b180f558a572,20180526,9,6,0,,,,13,1,1
5331,e2abd9fbba014def882b863ae4f19096,20171004,4,26,0,,,,13,1,1
5332,0fc8d9a1678d4315a8a67cc4c2b64120,20180210,7,16,0,,,,13,1,1
5333,15c7d64951024efe92edce0939c695a9,20180307,4,18,0,,,,13,1,1
5334,0da68b7aaf004ee397c0dddb8f9538e3,20170923,7,26,0,,,,13,1,1
5335,e273aceb04124aad9bd61c941eed4d14,20171221,2,18,0,,,,13,1,1
5336,a5f3ef34c5434eac88b7bd5334c7b0e0,20171207,2,14,0,,,,13,1,1
5337,957a0170a47847118ed583e946165765,20170726,7,1,0,,,,13,1,1
5338,eaa6a846794640398002bba2ea914912,20171118,9,5,0,,,,13,1,1
5339,dfe297ab8b70423d8f14ece5f2340b0e,20180419,5,25,0,,,,13,1,1
5340,9c976e501f1e4333966f99285dbf05f9,20180315,4,9,0,,,,13,1,1
5341,f7ff739c02844be483b2b7abb221f6f1,20180206,3,17,0,,,,13,1,1
5342,78ff8c3f07c54b9a8ea8ebd5930cbb38,20170713,2,30,0,,,,13,1,1
5343,9a3b947f4b26489397728208aa755fff,20180412,4,6,0,,,,13,1,1
5344,88fcac4c83124856891da2def14bfdc4,20180318,4,27,0,,,,13,1,1
5345,53c13cc211884a619a784495c26c768f,20180208,2,15,0,,,,13,1,1
5346,99ceaf947b7749abb58f4d5924ecf296,20171107,9,20,1,20180314.0,127.0,561.0,2,9,5
5347,5212fc6337f34eec8418b3b780a058b3,20170817,4,8,0,,,,13,1,1
5348,2e69067dcc204753b4179e40f87e556a,20180519,4,29,0,,,,13,1,1
5349,b9cca1be152945e59a2d735b6275c4c3,20171226,7,19,0,,,,13,1,1
5350,75579f5561bb4b778a1578dabec841e4,20180520,1,24,0,,,,13,1,1
5351,9168a0948df1447f92fc7858db9fe366,20180315,1,21,0,,,,13,1,1
5352,fba37ce704914b9c908c3c97a04f205e,20180211,10,23,1,20180225.0,14.0,562.0,5,2,10
5353,21cff1630e624c7585ea98adedf48a64,20170929,7,18,1,20171006.0,7.0,563.0,1,9,15
5354,474ce15deb95496e8e1a9df3e9391b3d,20180529,9,6,0,,,,13,1,1
5355,ec337cabb5244e618a4d0e6cd49b184a,20180312,9,22,0,,,,13,1,1
5356,f12cf6896ec44db4821e42b342f64289,20170724,7,28,0,,,,13,1,1
5357,9ae03383882c44a292bea79b789a7687,20170710,4,4,0,,,,13,1,1
5358,b9109cd9e9d84df2aee0a8a556c4af87,20170607,6,6,0,,,,13,1,1
5359,e086d0f093bb4a978fdbd2ca2f79efa4,20170802,8,9,0,,,,13,1,1
5360,539b54b098c44af2a6b5c62e3a89d18e,20180111,7,27,0,,,,13,1,1
5361,936f6fd6d9be421996aacc527facaed2,20180104,9,7,0,,,,13,1,1
5362,7acb4f63d98241b09d156852c8b84e78,20180417,4,13,0,,,,13,1,1
5363,05ff330e26254a30b6255f8e0521196c,20170811,9,15,0,,,,13,1,1
5364,6e17b53c60ed46318d6c01ad105072a3,20171222,1,1,0,,,,13,1,1
5365,5768e1c5141b4dbd8e0a8748a1aed3eb,20170731,9,1,0,,,,13,1,1
5366,8c13f5122e934eb7a19310bcd46efe95,20180513,10,6,0,,,,13,1,1
5367,013d72ece4bd4d39a661ce0b3904eccd,20171113,9,12,0,,,,13,1,1
5368,5f4b978f8f27429e825c1332b8f73c66,20171208,7,23,0,,,,13,1,1
5369,d2f8ddaf13b94e6b8ea774694e6a0981,20170824,3,1,0,,,,13,1,1
5370,e609f17d29d44c43a110495a64cda46d,20180223,4,5,0,,,,13,1,1
5371,73266331ad96497181e7e31c9bd85ad7,20180411,7,6,0,,,,13,1,1
5372,1e65e31e902d4329b1097d3b72846cb0,20180406,7,13,0,,,,13,1,1
5373,2b0cd440135f4e11882996bb764f3bfe,20180123,7,22,0,,,,13,1,1
5374,bc21ae603fe44fa1bf3b746a547f4bc5,20171117,3,7,0,,,,13,1,1
5375,b6a7ab2efd714fab84f767a7c0331a83,20180224,7,26,0,,,,13,1,1
5376,54cf5a80b07b4462870069f2bc752ef1,20171110,3,7,0,,,,13,1,1
5377,bdbd53c780cc4fecaf2498a65daa67e4,20170816,9,3,0,,,,13,1,1
5378,91de627d753049e281de7e89951c337e,20170603,7,28,0,,,,13,1,1
5379,899ef102da6d4428a84203381e136213,20170905,3,28,0,,,,13,1,1
5380,57981e641a6242fc9f1308cd1ad0e778,20170719,4,18,0,,,,13,1,1
5381,2153b0fa611a49108429b1f9963f6676,20171117,4,27,0,,,,13,1,1
5382,f0e2204f19424111887c2c990783edf1,20180416,9,29,0,,,,13,1,1
5383,536eb3d806644278863d34438f1c71e4,20170820,4,16,0,,,,13,1,1
5384,dfadafccb0364f3fb2e54027e219b5c7,20180422,4,12,0,,,,13,1,1
5385,5aade3a2e8da4a7c9ebb588aadc633df,20170924,9,23,0,,,,13,1,1
5386,19aff35b6b2b4c6bae7a2184ce944d61,20170608,9,19,0,,,,13,1,1
5387,95fc923a7f9944c9b755a4ac7e090dc4,20171024,7,14,1,20171103.0,9.0,564.0,11,1,1
5388,904aacb5e84d4369b70342e4528513cb,20171104,2,29,0,,,,13,1,1
5389,06eac4f0ebed463c914a786dda45dcca,20171224,9,21,0,,,,13,1,1
5390,72c82d2f085e4a67b53151eb3e037c5d,20180305,8,11,0,,,,13,1,1
5391,02bc0843cd80497985db47818be288a3,20170912,4,14,0,,,,13,1,1
5392,9859c63a61794cfd93df5ac351b64ec3,20170818,9,2,0,,,,13,1,1
5393,be6666231be54777802ff4ad08b76592,20170919,8,7,0,,,,13,1,1
5394,b45b45111e394be38674149899081727,20171013,9,25,0,,,,13,1,1
5395,5585d3f31673431793ccab617b72a07a,20170804,1,14,0,,,,13,1,1
5396,921c0a233b334e92948a6978c8b8bc3b,20180427,7,8,0,,,,13,1,1
5397,c1fc8c8bca40425c968f6ca92b456327,20180322,4,29,0,,,,13,1,1
5398,71f23002b89b40f48c9b1dca019719df,20171020,7,11,0,,,,13,1,1
5399,fe3b17b8fee741e9b0481d8212ee1a2c,20180129,7,7,0,,,,13,1,1
5400,c3afe0e7fb6b4ee6bb353fe850074f53,20170602,8,9,0,,,,13,1,1
5401,139755b47ab64542891657c969307067,20170717,4,4,0,,,,13,1,1
5402,3b235282baae450891af7f4da57eff0a,20170813,2,13,0,,,,13,1,1
5403,c12d7a783ddb408d966801db79b13a7c,20170601,2,3,0,,,,13,1,1
5404,bb071d31cdef482dba9e017b823a30c6,20170627,4,6,0,,,,13,1,1
5405,d0b6889697ea48f6b4f9303623256c46,20180112,7,11,0,,,,13,1,1
5406,a53d79ba55544322bfbf2b5df4196261,20180128,8,1,0,,,,13,1,1
5407,cb25dde985fe4635a0b7c40d05b835cf,20180212,2,17,0,,,,13,1,1
5408,e7a891ed63dd4dc99fa6b9f9ca536902,20180314,7,30,0,,,,13,1,1
5409,5b9328e3f775492795b0d5f99978ffc9,20171215,7,16,1,20180103.0,19.0,565.0,6,3,7
5410,1ed4a8ea5ab84f89a232d8fcbc934125,20171107,9,8,0,,,,13,1,1
5411,9ccc4f6d67094c858188e9bd6628664e,20180227,1,12,0,,,,13,1,1
5412,07bd6d77508e43b9974de0e9f0af288e,20180406,4,7,0,,,,13,1,1
5413,acaa164bd5d147edad5422502b990608,20180421,1,28,0,,,,13,1,1
5414,57bd41c10ec44807915fa97d71cae74e,20170813,4,21,1,20170824.0,11.0,566.0,7,7,6
5415,352e0aba68604c37b48968445692ef72,20180113,4,28,0,,,,13,1,1
5416,da1459e30a5646e4b3daf0bae5acefd1,20171007,7,21,0,,,,13,1,1
5417,cea5de416fff4c2b956e5567f3bda935,20180109,7,16,0,,,,13,1,1
5418,2709edea84fa40dea456adcb52973f4e,20170831,7,10,1,20170910.0,10.0,567.0,8,12,10
5419,b1e4babf490b4205847ae5feee2e6afe,20171205,7,24,1,20171226.0,21.0,568.0,4,8,7
5420,f155e097496141c59e644c5c8c3629fc,20180510,7,2,0,,,,13,1,1
5421,27ecea417e0640d39ad7fb4533ab2ff7,20180104,4,29,0,,,,13,1,1
5422,4692716fdbe04762894551e91249aed1,20180314,7,30,0,,,,13,1,1
5423,30b259589ff441faa1942ab26248e921,20171209,6,22,0,,,,13,1,1
5424,b1b716c799aa4fb78c2ca58ee6763ab5,20170606,7,18,0,,,,13,1,1
5425,7c18868ad01444a2a3348a4f001327ea,20171202,7,9,0,,,,13,1,1
5426,eb198420651345dab2c130fee0b401b1,20170603,9,1,1,20170610.0,6.0,569.0,3,9,6
5427,bc2b4b994ca044f29f0585da1a824311,20171116,10,22,0,,,,13,1,1
5428,c38a4acade654cdb8094d300d3797a3f,20171206,4,6,0,,,,13,1,1
5429,67443e5019ca4bb985e1e15e65c7b68a,20170607,1,19,0,,,,13,1,1
5430,0e45014199054b369f5a73f34a92fde9,20170618,1,19,0,,,,13,1,1
5431,b0bd469e5f7c452789c38857c0de22fd,20180425,9,30,1,20180502.0,7.0,570.0,12,5,10
5432,7294f167bf644c06bee58641fe2f7b42,20170623,4,19,1,20170718.0,25.0,571.0,3,11,4
5433,e0bb43b5c9f04c3999ee549d2d2407ef,20180417,1,14,0,,,,13,1,1
5434,31884b28ebf44d99964c5592fe130447,20170616,4,29,0,,,,13,1,1
5435,2632c288d4c44ec88fa7b6f79b1567d8,20180420,9,13,0,,,,13,1,1
5436,d3532e763ac14912bd9cb70c66d104a8,20170828,1,2,0,,,,13,1,1
5437,a4f9a5ba0bbe437693cb87f4bc321d63,20180428,4,5,0,,,,13,1,1
5438,c1652e7c2f3949eea5064d24977bfe4d,20170724,3,16,0,,,,13,1,1
5439,88db167c4739469a9951cc4243be3d04,20170615,4,12,0,,,,13,1,1
5440,9649c2b6269d45199b87768a2601df09,20180601,3,28,0,,,,13,1,1
5441,5aff89f4783d4df7a01c1cfd57486646,20170830,7,3,1,20170907.0,8.0,572.0,4,1,6
5442,a3c75f39888b429d9db92c33e21d7013,20180101,4,27,0,,,,13,1,1
5443,b1763faed0114da3a9eb99d81c15b8e9,20180114,4,28,1,20180123.0,8.0,573.0,7,3,8
5444,4f7925396bdc4ac0a7941b2ccf026e5b,20170702,2,25,0,,,,13,1,1
5445,3d665dd7ccd34e35a88026e6d18a61ba,20180306,4,10,0,,,,13,1,1
5446,5b319ce888c840b8b300104deafa1018,20170908,4,29,0,,,,13,1,1
5447,d835686ebe5249639b48d1e43fb585fc,20170609,7,20,0,,,,13,1,1
5448,1dfd572bb9664cf0bedca0c388b942b1,20180511,9,12,0,,,,13,1,1
5449,a1e28f0b6b444343ae523bb77a9b2655,20180530,9,12,0,,,,13,1,1
5450,ddd9596894814c638a81e309b0685846,20180328,4,6,0,,,,13,1,1
5451,bb55549f86e54eaab008a86d67aff996,20170608,7,15,0,,,,13,1,1
5452,e0843cb97afd418c91ec17dc10d213b1,20180508,4,3,0,,,,13,1,1
5453,558fbd372d6e41b6aef7bde62d3d8741,20170907,4,4,0,,,,13,1,1
5454,5fff0c49fc3f47e7b50355eace7f4b88,20171015,7,7,0,,,,13,1,1
5455,a58fbd901600430ea95cb5f3194ce1b6,20180114,1,19,0,,,,13,1,1
5456,a82f4f910986499bb5eabd529dcacbc6,20180408,4,28,0,,,,13,1,1
5457,cbb20f27006847ab9355f06464ceff8d,20180214,7,7,0,,,,13,1,1
5458,26fdb15edd6e4bdcbe9bde0364f3d38c,20180422,7,1,0,,,,13,1,1
5459,ef11d649e49c47bda3a8b2c2a2c535be,20171019,6,16,0,,,,13,1,1
5460,5590647de5ba4d1c83c72b77f07debdd,20170731,2,18,0,,,,13,1,1
5461,f67bda77c9db44fd821d7e417acec925,20180318,3,14,0,,,,13,1,1
5462,fac43b98e8c54731b50e5098237eb3ea,20180124,4,25,0,,,,13,1,1
5463,0f09c569274a46fdb0358e5817f06daf,20170717,4,2,0,,,,13,1,1
5464,3e5e5dde9d894f90b6b58eac7b7c7a8e,20170715,7,8,0,,,,13,1,1
5465,c3cc2acb11ef4c0690583cfe0434f97c,20180330,4,26,0,,,,13,1,1
5466,8001736a48614bb58ef420852c3fe9f0,20170826,9,9,1,20170926.0,31.0,574.0,11,12,2
5467,bf618802073348ddafe3b3e0350927e3,20180423,3,18,0,,,,13,1,1
5468,dc7d1699ab0945e3802330d7b1d83cd6,20170712,8,1,1,20170726.0,14.0,575.0,8,3,6
5469,c6578cc3ce384fdbaaa04fde49ad8328,20180515,3,12,0,,,,13,1,1
5470,6e982e6e46ef49e780447fde926dd805,20170906,7,1,0,,,,13,1,1
5471,27258701c6a840668ba9d326f5f9437e,20170628,1,28,0,,,,13,1,1
5472,f3e0edf953ec4cec98162aa07356882f,20171025,7,19,0,,,,13,1,1
5473,e94824cfd20a4d25a125a9d81b6e71df,20170811,4,8,0,,,,13,1,1
5474,69d40f5e724d45c092fc8585858bf1b4,20171229,1,20,0,,,,13,1,1
5475,2280d1561a654b95a9de633ea704bbcd,20170905,4,12,1,20170908.0,3.0,576.0,4,11,1
5476,5bedebbcee194c1ba45350bd8d846656,20170911,7,1,0,,,,13,1,1
5477,a8b8eb81c81a496d9030c8e7114b8e9f,20171011,7,19,0,,,,13,1,1
5478,87f8886f969b4217892c61a06deddf79,20170718,1,16,0,,,,13,1,1
5479,25c35697230644c2aeb90353e05fed9a,20180324,1,16,0,,,,13,1,1
5480,6d4fbd9838fe43c9aa2787393d11fdaa,20180425,7,18,0,,,,13,1,1
5481,a1093dc4e24e4b5c83088f6ad99c709e,20180420,3,27,0,,,,13,1,1
5482,05ac9c5e754b417ea9784e73d8cca5c6,20180327,7,4,1,20180405.0,9.0,577.0,5,4,1
5483,d2e1e20961eb453a989e5463456ba242,20180303,7,9,0,,,,13,1,1
5484,5b9a87866d4b46ea8c9f0d83c8f692cd,20180526,1,16,0,,,,13,1,1
5485,9e4c4855260b4924958e06b27fed7f61,20180427,1,9,0,,,,13,1,1
5486,75e1a14a8af74a9fa426d07ce0624836,20171123,10,21,0,,,,13,1,1
5487,257c44799bd94adbb96f0245c705404a,20171016,4,6,0,,,,13,1,1
5488,ea94a711e4ec4f448841030cd58bd7fe,20170916,1,9,0,,,,13,1,1
5489,77954ec4f04a4c5994e1837743134aad,20180126,9,27,0,,,,13,1,1
5490,85b1cf7aa90e44bd9f54051a8d2970cf,20170730,5,11,0,,,,13,1,1
5491,dfe806763c21490f907333e18c0a3558,20180420,4,13,0,,,,13,1,1
5492,089c3a70b8684db1a560ac966650bb7d,20170811,1,14,0,,,,13,1,1
5493,905b37be5fbf46edb203f7f11bce4aa7,20171113,9,14,0,,,,13,1,1
5494,572b066227334721b54615a4fbae4dfa,20171211,4,14,0,,,,13,1,1
5495,3e68ee4f6cf64abcbf1f876064d0db56,20170618,7,28,0,,,,13,1,1
5496,0870113dc89d4090a8fca39a0d7ebdab,20170724,7,16,0,,,,13,1,1
5497,784e066d74514107acec3d7f7fc368aa,20170605,9,15,0,,,,13,1,1
5498,c9c71cff485f4607b79b9ff898503918,20180130,8,8,1,20180204.0,5.0,578.0,12,5,9
5499,983eeae94b6f4f2a8d600cb48801a161,20180428,9,7,0,,,,13,1,1
5500,76a7b46f35274933b0ec47919f5b4480,20171201,9,7,0,,,,13,1,1
5501,04a37a031ec141f7b751901f4bf61f1f,20180126,9,7,0,,,,13,1,1
5502,529dcd1795844ebf9009ed530c6469dc,20170612,4,5,0,,,,13,1,1
5503,e5cb7c0c2c7b4732bf043bdfe0991b79,20180412,4,14,0,,,,13,1,1
5504,198b65079db54ce1a0b9070fabc889fc,20180322,7,2,1,20180330.0,8.0,579.0,2,9,4
5505,4401010e4bb14d1b975d499a1c31ec19,20171222,7,20,0,,,,13,1,1
5506,dcc2f03f617745e9a88a2d14c96a69c1,20171003,4,2,0,,,,13,1,1
5507,3158f85bbe5b44329a101c0280b4179d,20171209,9,8,0,,,,13,1,1
5508,182ad5ffea084a68a3b2b213331f1b92,20180203,7,1,0,,,,13,1,1
5509,de96e7afee924c6b9ce561c90fdc5a38,20170621,4,24,0,,,,13,1,1
5510,566c6759f74c42688c7402cbe74bfc26,20180215,7,15,0,,,,13,1,1
5511,939f4b18b31f4d8faa95bc35dd4b2bea,20180105,4,14,1,20180212.0,38.0,580.0,7,7,5
5512,cb4efdf21439488da663a3f77ec77eb0,20171223,5,26,0,,,,13,1,1
5513,c0b8b51667ed4b3ab3a9b01c5343bc25,20170823,8,7,0,,,,13,1,1
5514,ca814123d2d34d2cac7f354c959719fd,20171101,1,28,0,,,,13,1,1
5515,c9c87bd21e5e4fedb775e8a8eabd7cd1,20180224,4,14,0,,,,13,1,1
5516,93b71b871721466cbf083efea7982df3,20170811,3,11,0,,,,13,1,1
5517,4f96fe1272754e6f87290db1b34dcbc7,20171118,3,3,0,,,,13,1,1
5518,513ed45a7a09424d940d2d436bbed849,20171106,1,5,0,,,,13,1,1
5519,e14a481961dc4de88f233c4e8678de48,20171125,4,30,0,,,,13,1,1
5520,32ec0f288ec045da99348e52f13425f6,20170824,9,26,0,,,,13,1,1
5521,5c151ba5a0704933804e25af63ef5eee,20180504,3,9,0,,,,13,1,1
5522,4a0afd9a5bdd4c9381c075b371290274,20170828,9,1,0,,,,13,1,1
5523,4b60415b127b4801917a8becb7bf78f0,20170712,9,17,0,,,,13,1,1
5524,f25c8f2913a04d34af775d26929e5e91,20170913,7,3,0,,,,13,1,1
5525,08918155421348acb838bf5b3126b52a,20171004,9,11,0,,,,13,1,1
5526,b21118cf7b98448db08635ab2a6a786c,20180312,4,26,0,,,,13,1,1
5527,7dd0db51abd8401fb5a22fc42e487bd6,20180131,9,16,0,,,,13,1,1
5528,ae1f6496bb5b4ad798f87227729cc5bb,20170722,4,21,0,,,,13,1,1
5529,aa7b5348c367492ca90653cbf8fa3854,20180518,7,28,0,,,,13,1,1
5530,0ead24e8c2d04a808231618ccda295d3,20170917,7,11,0,,,,13,1,1
5531,a8568ce179ec420db9b8128bb07fc076,20171210,9,28,0,,,,13,1,1
5532,fd64411845ad473a885a8470b74057b3,20171003,4,30,0,,,,13,1,1
5533,6ebac2805511447284e870ea33b143ba,20170805,1,24,0,,,,13,1,1
5534,bb4909df58cc4bc5a86d47e0298cc2f9,20170808,3,24,0,,,,13,1,1
5535,163bca24e4474734a2e0baec61a7fae4,20171115,4,20,1,20171205.0,20.0,581.0,7,8,6
5536,3b33d9c543b64528879b6276b197a459,20180512,4,29,0,,,,13,1,1
5537,848557d15119445097c21658a07db7d7,20171219,4,3,0,,,,13,1,1
5538,dd8cfdad228644b6a10ea52e67bc7ba4,20171125,8,11,0,,,,13,1,1
5539,d6322435608141f4858b37aab20b469e,20180328,9,17,0,,,,13,1,1
5540,abc960cd80e24343b50a88bf18f858d0,20180408,7,24,1,20180503.0,25.0,582.0,3,9,13
5541,d1841de536ee4d108411dbeca34dc0fe,20170929,4,16,0,,,,13,1,1
5542,1e07ef39290b4be1bec3e54f021b9e9f,20171122,9,20,0,,,,13,1,1
5543,ca0530574b3348ef9ef120a013bd87e4,20170601,8,29,0,,,,13,1,1
5544,0cd392e159954d049ecafef2a65aad59,20171221,3,23,0,,,,13,1,1
5545,614dec7cfa8347bfb07ba48958d49665,20170926,9,13,1,20171110.0,45.0,583.0,5,3,10
5546,36c9b143a1cc4580b540261a377379a0,20170905,4,9,1,20170921.0,16.0,584.0,12,8,6
5547,9802bfb3c8e54e959294d31637ce621b,20171102,4,3,0,,,,13,1,1
5548,2db48bd34af74532862787b7a1548735,20171121,4,23,0,,,,13,1,1
5549,f80daf15607a4413a688e720e8f6e269,20170901,4,4,0,,,,13,1,1
5550,8674a934813e40e69f9de69561cbaba7,20171024,4,30,0,,,,13,1,1
5551,a425fae06b7642a9bc2c3e65f8abc94b,20180512,4,27,0,,,,13,1,1
5552,95f0e16d38c5482ab202737e0ef9ccde,20171012,7,7,0,,,,13,1,1
5553,b3d35caa628643c8a8c1d5a1dc200490,20170823,2,11,0,,,,13,1,1
5554,e59995c355a34ab088a32f4b24214edb,20180220,9,18,0,,,,13,1,1
5555,fd358bab973f4b768c0edd9d73ef1c21,20170713,3,11,0,,,,13,1,1
5556,cdcb07bbeb834c54badd56ab5e758aa6,20170722,1,10,0,,,,13,1,1
5557,4ca818303d3842f79daa554092bf2b91,20171225,4,7,0,,,,13,1,1
5558,69ef3cf661024789804b9aa366e6c57b,20171111,1,14,1,20171121.0,10.0,585.0,7,3,9
5559,b68a06d7ed9a4003a278cfb124d8685f,20180215,4,11,0,,,,13,1,1
5560,50164514a7a246bfb792e7a3388ae427,20180119,9,13,0,,,,13,1,1
5561,37f6684b34bc4a27bed7a9986dc988fe,20180501,7,15,1,20180510.0,9.0,586.0,3,8,1
5562,b831678530484120bab218790e8cf39e,20170628,10,15,0,,,,13,1,1
5563,a6dd2f7a33b54a21b22b39d35c40fc10,20171011,4,25,0,,,,13,1,1
5564,98bffc0f0c914f90afce8021b71f92f2,20180406,4,6,0,,,,13,1,1
5565,87974d6fb00447b8b291c9a24c6d2130,20171208,5,28,0,,,,13,1,1
5566,a7f6c675eca7440f832dae21b1d843a4,20171119,4,16,0,,,,13,1,1
5567,3877617240624b71a110fc808287ec10,20170728,1,15,0,,,,13,1,1
5568,9987204d8b0c49b892486cdab8674105,20180228,1,10,0,,,,13,1,1
5569,b901120bb5624fe685feb24800a1dfb1,20180512,3,4,0,,,,13,1,1
5570,3fe7917c356045d6949aab5f5ab5c897,20170604,6,22,0,,,,13,1,1
5571,c968ddc935a0408eb0068d1d82564775,20180529,6,19,0,,,,13,1,1
5572,1f819fd740d14d1688fe6beb0ea9c0d2,20170910,4,20,0,,,,13,1,1
5573,b0854f596f6349c9b3d58b04dc639280,20180411,3,15,0,,,,13,1,1
5574,a8c43ebb4f704c9da3de2c52e12a3135,20170625,9,1,0,,,,13,1,1
5575,7140a43b5d844715a86ccd9027d71b43,20170621,9,10,1,20170725.0,34.0,587.0,1,4,8
5576,ca754628df374f59944d6cb92e0a4d9b,20180206,4,16,0,,,,13,1,1
5577,d256d8c4771742c8b4f6b57e308d7a36,20170626,1,11,0,,,,13,1,1
5578,0cd372cfba614d108c289f887a70c51b,20171207,10,15,0,,,,13,1,1
5579,fc0f113ada544a6e8b056554ead68d06,20171120,5,24,0,,,,13,1,1
5580,aa0e3d7307e448f480ff6d892b3fdeba,20170613,7,19,1,20170621.0,7.0,588.0,8,2,2
5581,2d1bbbe74d9a4b1aad45bb04c4e7853e,20170831,4,16,0,,,,13,1,1
5582,1e2e7a213a44493d8d4fc744ba52fd0d,20171231,7,18,0,,,,13,1,1
5583,a66fc039a9574e8cab5cfdddd12c5dbf,20171114,3,23,1,20171121.0,7.0,589.0,7,8,4
5584,8b4e840b24b842a3b0170a3dc4c9cef3,20170619,1,25,0,,,,13,1,1
5585,a00ca0035347401e8c39e595021fcc73,20171130,7,21,0,,,,13,1,1
5586,4a4a44209252481b8c9a84cd1850bc76,20171220,4,7,1,20180124.0,35.0,590.0,4,12,15
5587,28a5abc9e33a4c5da3c7a0a5641f0103,20170714,7,25,0,,,,13,1,1
5588,ef8e3b31b26e4893bc61735c7062d5a8,20170804,7,23,0,,,,13,1,1
5589,93c49721de754ca89749bf242bfb7992,20180208,5,12,0,,,,13,1,1
5590,6353eb1167e648038e9cd4d4cc324405,20171019,9,18,1,20171112.0,24.0,591.0,9,4,10
5591,88c6bcf9b52744d89d54d82af389c9a9,20180519,7,17,0,,,,13,1,1
5592,ffa18157d8a34d449f41d424e1160605,20180224,9,18,0,,,,13,1,1
5593,fa1c4ce77de64f69837e2473a1f0625b,20170621,4,8,0,,,,13,1,1
5594,8f9a64beec82412f8eb4ffc8a003d1d7,20171208,6,4,0,,,,13,1,1
5595,ce26ef1224364442a4981b7737905a07,20180408,7,5,0,,,,13,1,1
5596,00e8ae0a7a0348ef8da4fe445e29d064,20170722,7,6,0,,,,13,1,1
5597,f45e51b786264628aecefa1007688002,20170711,7,22,0,,,,13,1,1
5598,6a78b108a3b64db1b9def52c8da843d8,20180423,1,15,0,,,,13,1,1
5599,bbf348885c6d47ccbc0c2fb6fefdc7c6,20171223,1,7,0,,,,13,1,1
5600,32e022cc821b4066a7993dc49047ec36,20171010,1,2,0,,,,13,1,1
5601,1dbd6852ce314f0c9c3addbb6f5c3eeb,20170711,4,25,0,,,,13,1,1
5602,80394c393ace48528b2e7f9950c9b229,20170907,7,19,0,,,,13,1,1
5603,f61502bdb5864f23b96d08862d8b4426,20171103,4,6,0,,,,13,1,1
5604,3d826618283f4c24b68e10b5cc21afd8,20180304,1,28,0,,,,13,1,1
5605,b7af3ff67bbc41d7be58eaf15e5894e9,20170626,4,14,0,,,,13,1,1
5606,60efe8d0d0ab41d3a7b4f55b6e242d11,20180129,9,24,0,,,,13,1,1
5607,dcc79fcf9b0f4dffaa78bb9c456a27bd,20180110,8,2,0,,,,13,1,1
5608,495c783e2f0d420daef1d7faf167d47b,20180519,8,19,0,,,,13,1,1
5609,0c58ba69fc48428ea6d8f16a5ee65d19,20180212,7,29,0,,,,13,1,1
5610,c04af2a7cd0d4ddc9f74059c527eb90e,20171222,7,11,0,,,,13,1,1
5611,538c249da35241788e33b541371f8fa0,20171024,4,26,0,,,,13,1,1
5612,5f12dcf941e749d3b0c9b84dfb033ded,20171226,1,26,0,,,,13,1,1
5613,1e28786f70c34a42b09239566a3bd1e7,20171230,3,4,0,,,,13,1,1
5614,14d70041a8754c559cab4bfa56653b3b,20171019,4,18,0,,,,13,1,1
5615,3d11c9c23a9043de81fab3d2b7c47eed,20180403,7,8,0,,,,13,1,1
5616,e51660d4cdad413484beb3fe001ffc61,20170720,3,17,0,,,,13,1,1
5617,f7904fcb037e4b11915232a66531d252,20170610,8,17,0,,,,13,1,1
5618,f5e362b2b62e43f68630773d8bb49ec5,20170703,4,1,1,20170712.0,8.0,592.0,7,8,6
5619,4b633231dfc54be7bb165e3ae96a4fe6,20180531,9,20,0,,,,13,1,1
5620,9d88ac7b86ca460cafceafa149a3ee1d,20180122,4,15,0,,,,13,1,1
5621,530fa8099899471bba89d363b6472126,20180422,4,8,0,,,,13,1,1
5622,3c053e2d301446d1a4011979cbe35546,20180305,5,13,0,,,,13,1,1
5623,b05ccad9480041dda141ab1ff68b3f09,20180313,3,8,0,,,,13,1,1
5624,96c64bbf80ad422890127786bcfebe2f,20171122,1,16,0,,,,13,1,1
5625,1039842e26924d44a795d7de99b99333,20180114,4,18,0,,,,13,1,1
5626,6e6528633ab54d5fa8fe907d5cf99b72,20180211,3,21,0,,,,13,1,1
5627,765088519b14409385ec248677880e13,20180524,7,11,0,,,,13,1,1
5628,0032a774be96412a9ec754176f74c9f8,20171217,7,30,0,,,,13,1,1
5629,cbe4cdc1c3a14c3686cd15081b8be032,20170617,9,3,0,,,,13,1,1
5630,46bc99a6dff54d51a6efb08b6e745f5c,20180420,4,21,1,20180430.0,10.0,593.0,9,6,1
5631,d858719895b44962acd690a087784c8a,20171124,1,9,0,,,,13,1,1
5632,f375233e589b48049362c2b11af92374,20180227,9,1,0,,,,13,1,1
5633,df6392f0a1dd4b1ba3a2c46c28ecc117,20171028,4,18,0,,,,13,1,1
5634,30eefb78cc3a4b5b9e1e7ad82934d323,20180512,4,26,0,,,,13,1,1
5635,404936d89aeb4e9d9d08bfc86469f34d,20170819,4,14,0,,,,13,1,1
5636,4f930571bd284ef8a44fd129f7a94b9b,20170825,4,16,0,,,,13,1,1
5637,985f31c651a54a8a9f9c6cbfde7647c7,20180317,9,15,0,,,,13,1,1
5638,a1d0864ad97b45b980b840e7a9a0438c,20170612,3,21,0,,,,13,1,1
5639,9c8ba87d30524359bc17dfd0e5b2b6cc,20180207,4,30,0,,,,13,1,1
5640,ab5de647f4ec4cafb3364e5fcd36f343,20180303,4,30,1,20180315.0,12.0,594.0,7,12,13
5641,6458da05883e4e0cb3b0289f74a078ef,20180407,9,25,0,,,,13,1,1
5642,3a547988243043828c4fcca0a5a9f955,20171220,3,9,1,20180105.0,16.0,595.0,9,5,15
5643,aec6084b71ea458f8c0a30edd030aeb4,20170727,7,1,1,20170804.0,7.0,596.0,9,4,8
5644,eb99f7bd26f2439980855ddbb2420ecb,20170831,7,24,0,,,,13,1,1
5645,51aaf90a2613437894202742f0c8ec14,20171223,9,15,0,,,,13,1,1
5646,4861fd0deb8045a889a8cdf098c2d9ec,20171128,4,15,0,,,,13,1,1
5647,cd49062687c047639b4af944babc0fd1,20180403,4,8,0,,,,13,1,1
5648,da4d9e7f4d4542e38d473118098c2a8e,20171203,1,25,0,,,,13,1,1
5649,7c33178d710b462ba8ed57bfcade9dfa,20180507,9,24,0,,,,13,1,1
5650,1d253e770b38400bad9333afa72e2a32,20180422,9,6,0,,,,13,1,1
5651,db5b4c32f4fc44af8233bb2d75fb8f03,20180302,1,30,0,,,,13,1,1
5652,be47a499c5dc4fbf8507c491498af89a,20170924,1,13,0,,,,13,1,1
5653,4cafb22ae78a40e4a6b1429136623083,20180124,4,20,0,,,,13,1,1
5654,7b03fd97ae2e419ca4ceee2ab41c19c3,20180117,7,22,0,,,,13,1,1
5655,59e2b145e9034a5685a040a9fee7ef68,20170830,4,1,0,,,,13,1,1
5656,da293441e8a044ad9dee1132307ba099,20170602,4,20,0,,,,13,1,1
5657,8e419623f7094752a2aa9a5bf96b3447,20171119,1,23,0,,,,13,1,1
5658,3c3fe4e93d8a4df98be6af08af31c232,20170828,8,30,0,,,,13,1,1
5659,61b85d1bdc064f0aaefe976392d64086,20180325,2,15,0,,,,13,1,1
5660,7901795724a74ae7a89ac96cf44c497b,20180101,9,9,0,,,,13,1,1
5661,38c5e2ba17b84237ba4cc16836dcb323,20180422,4,29,0,,,,13,1,1
5662,06f654b51b224911ac9641821626b150,20170923,4,29,0,,,,13,1,1
5663,1fb3b68e8dfb43999b6a00c92bf07c1b,20180414,3,3,0,,,,13,1,1
5664,607d7037067c4dcba9f8a51bd0707f8c,20180403,9,2,0,,,,13,1,1
5665,f156f7be58224fb8ae58f6e2c13d2dbf,20171227,9,8,0,,,,13,1,1
5666,8c7f19fe8227426994b9d524e4bf9e5c,20180409,3,7,0,,,,13,1,1
5667,d7a08cde01524130a36ff1afa5c7bb05,20180319,1,13,0,,,,13,1,1
5668,40193f67fcd746c5bcca09068bedfb52,20180517,3,16,0,,,,13,1,1
5669,e0a04313ae0c4cc5bb5406ffc74fc040,20170612,4,12,0,,,,13,1,1
5670,787baca9626b48e4824a862b2d07dc60,20180501,1,21,0,,,,13,1,1
5671,cce25f6912f54058b378604bf6e3f339,20180217,8,10,0,,,,13,1,1
5672,09554fd4c19f4c3db829c008235a2a1c,20170822,7,16,0,,,,13,1,1
5673,62dd1859d04245569a60c7d1223bd376,20171001,9,13,0,,,,13,1,1
5674,81aa512fba99405997b8127530cbcb43,20180531,7,8,0,,,,13,1,1
5675,659997a74f1d4c2fbabb64a833e994c4,20170807,2,3,0,,,,13,1,1
5676,e7760d2b54c0499ba904bd69d43321d8,20170616,4,14,0,,,,13,1,1
5677,2dee1c659a3640ccacd4a77cb64a36e8,20180123,9,17,0,,,,13,1,1
5678,e44e20f609a448c795d07e45c61ed1a3,20180517,4,18,0,,,,13,1,1
5679,24a788ef3b8c4ea3850c150a6de22a62,20171002,1,18,0,,,,13,1,1
5680,57108e52a68743bab3c6472fbc7e788d,20180212,4,25,0,,,,13,1,1
5681,add960dfec9d46d9a176963bb7ef0953,20180406,4,10,0,,,,13,1,1
5682,ab076d96a0b54741be4b2d43995cd200,20170821,7,18,0,,,,13,1,1
5683,e840ce714e294359841b2aeda744875b,20170706,5,2,0,,,,13,1,1
5684,ce7bd0323c094ad9bfe4dd38d139622e,20170617,4,10,1,20170628.0,10.0,597.0,10,5,4
5685,412f0557641d4ab18422c34867521db6,20180222,4,10,1,20180309.0,14.0,598.0,1,11,6
5686,ec9b19d5b21049cdb084cecb4c2a627f,20171215,1,5,0,,,,13,1,1
5687,17cdb953d5494fbb96d34e8482c15d05,20171231,9,12,0,,,,13,1,1
5688,82590383ffca4d0f91807f342f86c8df,20180303,5,28,0,,,,13,1,1
5689,d34ad7d2863e4d53aa251698e5f6fe76,20180407,4,21,0,,,,13,1,1
5690,369ac7c777c745f8829be509d31df601,20180601,9,18,0,,,,13,1,1
5691,3d6ff50d3665440c837bfdeb69cfa75b,20180202,4,1,1,20180303.0,29.0,599.0,8,12,6
5692,dbc9d06bc3544aa6ad3d119d71125445,20171221,4,16,0,,,,13,1,1
5693,076e31954e534e5dbffcda796bef9501,20171222,1,23,0,,,,13,1,1
5694,cf9b65cb8874479da49446e221aa4ddc,20180429,9,15,0,,,,13,1,1
5695,55e4333cb3234632992b5c231e6ba136,20170803,1,4,0,,,,13,1,1
5696,9f0e408d343e4863b17f7c19a70139f6,20171013,7,24,1,20171020.0,6.0,600.0,1,10,10
5697,2cdb3c302b6048499bce4fc324ce642b,20170728,7,16,0,,,,13,1,1
5698,e5ec110731424982a3544319fed99885,20171229,7,8,0,,,,13,1,1
5699,0cd6e964635941e5aed3a44dc91683a5,20170812,10,5,0,,,,13,1,1
5700,8040c6a86db346319a5ad431314c3f65,20180203,7,19,0,,,,13,1,1
5701,4219dd48ec6446c0b1b94e7f33882593,20170720,7,23,0,,,,13,1,1
5702,7078628dac71432ea27b5c069d0a5237,20180522,7,18,0,,,,13,1,1
5703,5b17835a3b9442a797f29389204b82bd,20180530,9,24,0,,,,13,1,1
5704,7aa3e78a77d34133918da624aec759ad,20171004,4,8,0,,,,13,1,1
5705,39665756daad4a2d8e7ef68b3e6e2fda,20171030,5,8,0,,,,13,1,1
5706,f9649392a39b4d2f954ea3f5b23642b8,20180117,4,14,1,20180131.0,14.0,601.0,4,2,6
5707,d1501ae05edb4970ae1ae270ee4297b4,20171019,8,27,0,,,,13,1,1
5708,bed98494c5e64007b051075fa7556aeb,20170811,4,6,1,20170905.0,25.0,602.0,12,3,5
5709,e7a886b3b49a49898f1b35a4c2ac4cad,20171026,1,17,1,20171116.0,21.0,603.0,1,1,1
5710,50fc1dca274f46fe9bf96f52c6b87a91,20171207,5,16,0,,,,13,1,1
5711,2b6ccd3c4238430abcd7f523c06ba70a,20180601,4,1,0,,,,13,1,1
5712,0e8c809da1404236bbf6ea8f4ad44ee7,20170821,2,23,0,,,,13,1,1
5713,c3fe3e42c45141838425dfff9c748f15,20171104,7,28,0,,,,13,1,1
5714,fa88cad911ef424c8d2b4142e08f2024,20180112,2,4,0,,,,13,1,1
5715,a95e0330d4954ceb9788e16d1347d314,20180522,1,4,0,,,,13,1,1
5716,cc067c11a2114dd197866b2d12823087,20180408,7,10,0,,,,13,1,1
5717,549d4dc5c8e547d680bf205bdb47233d,20171214,4,23,0,,,,13,1,1
5718,f8e20103301443a6bb2cd87d359e7f53,20170925,7,10,0,,,,13,1,1
5719,ba4253f7826e4b8f95095692888059a0,20170917,4,1,0,,,,13,1,1
5720,8ab793a1693b4beb81f06de6464e3475,20170815,4,26,0,,,,13,1,1
5721,4dbb2f06c9464d1c819bccb02b3517d7,20171011,4,2,0,,,,13,1,1
5722,988ba9ca272f47b2b4d94b0c4e2ce439,20180216,7,30,0,,,,13,1,1
5723,4b314fa6d984408b9dfd2a30bd7a91ff,20180131,3,12,0,,,,13,1,1
5724,83e97ff2e1164a8aa9646a0f0e2d0c7c,20170827,4,23,0,,,,13,1,1
5725,465f82da6e35417c98b5a5e1143c5772,20170819,4,10,0,,,,13,1,1
5726,7ed1afb14f98436ea11265b4b75839d1,20180212,9,6,0,,,,13,1,1
5727,52346833643e49ed8a697f6974df2688,20171209,4,10,0,,,,13,1,1
5728,b878f8f1363f44feb44acde97529fcd2,20180204,4,7,0,,,,13,1,1
5729,3a0f94c402684dd8993135e059b9fbb8,20180224,4,7,0,,,,13,1,1
5730,54c4cdb1af8e43f3ae7128435a36c098,20180203,5,26,0,,,,13,1,1
5731,3c95ce7bfdf14dcdaa3411f3476230d5,20180509,3,8,0,,,,13,1,1
5732,dbf9f5c305f949ce89d045cae0101663,20170924,7,9,0,,,,13,1,1
5733,62ea9ef10ffb434284eca0b1393af756,20170923,1,19,1,20170930.0,7.0,604.0,7,6,15
5734,1a5f86b78a114f9fbbb44c5900567847,20180408,9,23,0,,,,13,1,1
5735,d22943685b3b4b0b82c6f87fddca244a,20170909,1,13,0,,,,13,1,1
5736,31f5dab39e954e109b05fdb738ba6726,20180122,1,22,0,,,,13,1,1
5737,ed2a15d788ba4d0994b41f9f903c17d3,20180423,9,20,0,,,,13,1,1
5738,e8f8e03b55fd4d688b1c60cc892becf8,20180224,4,2,0,,,,13,1,1
5739,72fe0b69de3f4292a9c007bf481443c5,20170912,4,11,0,,,,13,1,1
5740,c16aaa04aafe460689e52567d08c7e22,20170617,7,23,1,20170622.0,5.0,605.0,10,8,3
5741,e79e053e9fb9435d9ecd620e473f9418,20170721,8,6,0,,,,13,1,1
5742,5111479c46c5443eb3ed28a231e04c7d,20170705,9,21,0,,,,13,1,1
5743,9f0f5bad64a841689dff5be237c945d3,20180301,3,10,0,,,,13,1,1
5744,ac2de3a142904774b4314645196a8973,20170711,10,18,0,,,,13,1,1
5745,0377030af44f45f1a80a096399382fee,20180318,4,17,0,,,,13,1,1
5746,ff858db2dc72493197bacd4087136223,20171004,1,5,0,,,,13,1,1
5747,d793d09ae91844ee8d74a6e23d7542fa,20170902,1,10,1,20171011.0,38.0,606.0,11,12,5
5748,ea41a14812ea4287b5cecb67fe10f544,20171004,6,28,0,,,,13,1,1
5749,1e6b6424ee394918b931d458d04c109b,20180120,10,27,0,,,,13,1,1
5750,66b519c7c72043519a5ca43817d9e21b,20180408,1,21,1,20180421.0,13.0,607.0,7,3,1
5751,f380296474b54a10a84a2e62a0a3aec2,20171021,4,2,0,,,,13,1,1
5752,af22e24bc669437ebec0dbde95aa1392,20170906,3,12,0,,,,13,1,1
5753,acd8a93f42d542e79b8ea23d00bc432e,20170807,4,1,0,,,,13,1,1
5754,d3676e1543824685bf1ba9d0edc9a834,20170702,3,17,0,,,,13,1,1
5755,04585e6152864e92b2de06dd22286478,20171003,5,24,0,,,,13,1,1
5756,b0306121246a4f8aac3be6bff6df762a,20180325,7,18,0,,,,13,1,1
5757,5229e5239efc4252939dfacf40c50b81,20170721,9,12,0,,,,13,1,1
5758,ddb48468c90347aea1c27cd048ecac6f,20170627,7,5,0,,,,13,1,1
5759,15e2e5821186482ea6deb1f57b201823,20180421,7,9,1,20180426.0,5.0,608.0,9,12,3
5760,b78b847ced614dd5bf4c587cd3ddc1a6,20180131,7,18,0,,,,13,1,1
5761,bd7041934d524460a1a135c8d04288b9,20170713,1,9,0,,,,13,1,1
5762,c116f994c8974218b186cef143c1a4f1,20170722,5,14,0,,,,13,1,1
5763,4fa684779fe24bc780fdc3277ce0bf25,20170919,2,13,0,,,,13,1,1
5764,bf5de54d7b484a7a8c7819bb97f51c2e,20171101,4,26,0,,,,13,1,1
5765,688c4d09c0cf4004b7cba14bbf7e7542,20180325,8,10,0,,,,13,1,1
5766,59fdc57b938043b8a92812ebba1061ca,20170728,1,24,0,,,,13,1,1
5767,b83c6dedad77417ebf7bf43ee8c8acd9,20180426,4,14,0,,,,13,1,1
5768,2860cf9df3db42c0b9be13292fd346bc,20180422,4,24,1,20180503.0,10.0,609.0,8,8,15
5769,7f0ffa62bcd3401981c492963140ed8f,20180120,4,19,0,,,,13,1,1
5770,4eb467b66ba048d2943c411946320ed7,20171226,5,19,0,,,,13,1,1
5771,a01be2230b4a49839afe2c7db126cb7f,20180208,9,7,0,,,,13,1,1
5772,5c3f9bfaa2a4460ebdc7890a2f3138ef,20171116,1,13,0,,,,13,1,1
5773,76ebc45dba2e49f58a722dfd0f46cc73,20180219,4,23,0,,,,13,1,1
5774,d42df0037cfb41138bbf370a0f1b9707,20171101,1,10,1,20171119.0,18.0,610.0,12,6,13
5775,0f0f9871e0d24322891c6701f1c08dc7,20180228,4,8,1,20180314.0,14.0,611.0,7,7,2
5776,cd5f6cd19ac348299fa3319cfc7f9254,20171019,7,6,1,20171025.0,6.0,612.0,6,9,6
5777,478f9e768a4147258fa95d4281dc0b1b,20171106,9,18,0,,,,13,1,1
5778,ad0546983612472892ec4495e5aacd48,20170728,4,13,0,,,,13,1,1
5779,bda90c0d57a7475e94c27006f96d902d,20170604,3,12,0,,,,13,1,1
5780,d3950e9254ff4477a3d096aa291939e3,20180216,4,13,0,,,,13,1,1
5781,7816ce751ac443ce9abdcda93b08714d,20170823,1,3,0,,,,13,1,1
5782,91ed0c43a7b1459393ab019d402bea1a,20180108,7,25,1,20180119.0,11.0,613.0,4,7,12
5783,7e79ad32d5304389b46a6c0859e77bcd,20180113,9,23,0,,,,13,1,1
5784,022b7d5f378f43a5a670c9e08f332441,20180518,4,20,0,,,,13,1,1
5785,ccd981d99d8742cfab9db0ad2ece5eb1,20170902,4,24,0,,,,13,1,1
5786,2b87030f5c174952a2a41598b71dca16,20170726,5,9,0,,,,13,1,1
5787,c396c904e93b4ec4b401e8458c43bb15,20171105,4,1,0,,,,13,1,1
5788,fe2c3fdbb3da45d39816ba6b4cb37b73,20171111,3,13,0,,,,13,1,1
5789,6c87e3334b63426d9a7ae3a19607b58d,20170723,10,22,0,,,,13,1,1
5790,97daac956e0e4bebb40f8cb7b17163ac,20180409,4,14,0,,,,13,1,1
5791,fe16b9e5d3db467c90c81f9585fdc717,20180511,4,8,0,,,,13,1,1
5792,a1be87f0742d4a80b9eae34ed3c08ff0,20170820,1,24,0,,,,13,1,1
5793,e029e685133249e4bb1c882e4993ef74,20171220,2,10,0,,,,13,1,1
5794,dd6e485fc5064c9485a7f853f5a4796d,20170820,5,11,0,,,,13,1,1
5795,65fc157483f2434c964a4a178ed50b35,20170820,9,6,0,,,,13,1,1
5796,096f3bf08b1b4be88f55b9dfdf8cb771,20180129,3,29,0,,,,13,1,1
5797,d60d2d3da6cf42748d1bbf3b3ee226bb,20171231,4,17,0,,,,13,1,1
5798,74aff98e61644b299d426b8bff0a1b57,20171013,6,22,0,,,,13,1,1
5799,a0558ad80dd0433499827fb1eccd8045,20171103,2,4,0,,,,13,1,1
5800,75d8ca09a40648ab9c1dc7efe099b0a1,20171104,4,2,0,,,,13,1,1
5801,4ea3be44ae9a44d18edbd34eedcba286,20171129,7,18,1,20171209.0,10.0,614.0,3,9,8
5802,63edcf07ba024373a7480a5cea384093,20171105,4,14,0,,,,13,1,1
5803,78b80c2a3d154eb7b71851646c29c14c,20171219,4,26,0,,,,13,1,1
5804,08ae9a53fc8549e98fd75b4c6026edb4,20171224,3,15,0,,,,13,1,1
5805,e60229c7113f40469464f02cf50a994b,20171129,7,5,0,,,,13,1,1
5806,9e5746c6ce9b45959250874c26122f30,20170811,4,24,0,,,,13,1,1
5807,0ac8e689d29f427bafe273ee92a86734,20171019,7,20,0,,,,13,1,1
5808,47c30cd331a34e0b863629a4adaf5df4,20180527,10,9,0,,,,13,1,1
5809,2c8108416fcd48c89ffd079771e083aa,20180505,9,1,0,,,,13,1,1
5810,cc9afc48e48141a199bd7fff72a47965,20171209,7,8,0,,,,13,1,1
5811,7ce3340ea5714e83aff20b227ea88083,20180105,4,8,0,,,,13,1,1
5812,05518497d00744948efd2eea1af2e1bc,20180313,10,2,0,,,,13,1,1
5813,b269c0a1dfe94dde9589ebd2e507e0b8,20170911,3,29,0,,,,13,1,1
5814,96e687ba754d4ed5862ae1995171e190,20180213,7,10,1,20180224.0,11.0,615.0,10,9,6
5815,5bba125d75364d7188ec9f8de13ae437,20171019,4,3,0,,,,13,1,1
5816,b1909cb81d0c4b00aeec62757676493f,20171003,4,8,0,,,,13,1,1
5817,204479f269074323b6fb2f39338de638,20180201,4,13,0,,,,13,1,1
5818,5d9ce732d20646038bf72da2db8daabe,20170624,9,28,0,,,,13,1,1
5819,a2b6054c061448bfa7f9146e67f05419,20180528,5,17,0,,,,13,1,1
5820,bec80a034eeb4fa3b5a300aa0a6da9cb,20171022,7,14,0,,,,13,1,1
5821,74146435f5d3407aa6298e47b6d5818b,20171210,3,25,0,,,,13,1,1
5822,1f2c50291de5425bb7ee2ef241cd9e92,20170629,7,8,0,,,,13,1,1
5823,fbc849f99f1c4bd6940613a6e8f47021,20171020,1,16,0,,,,13,1,1
5824,709301dc37ba4e3a9e870ea8b67eabc9,20180111,1,25,1,20180124.0,13.0,616.0,12,3,4
5825,88d37a33e76642db8e4306425e59a546,20180128,4,12,0,,,,13,1,1
5826,e686d38e172941c89d2e6f0ef9c86672,20170708,7,24,0,,,,13,1,1
5827,fab087df35734ca6b4596857390f94f3,20171229,9,10,0,,,,13,1,1
5828,d29d87459ecc426bafee6afc94b66e1b,20170817,4,1,0,,,,13,1,1
5829,02143be516874361b33e94584cfeb668,20180321,7,21,0,,,,13,1,1
5830,f6b8dc0ebfc54d6ab23a4168a352f558,20170716,9,17,1,20170831.0,45.0,617.0,7,4,2
5831,7169997c4acb46afb96cf23dc312f04b,20171115,10,21,0,,,,13,1,1
5832,a0181252c7d54da88be56d83cabe4cf6,20180505,7,21,0,,,,13,1,1
5833,1495ab360dba4b3788fd8e6ad0439a04,20180227,3,28,0,,,,13,1,1
5834,2e35582976c343a9bc34e874b6cd966b,20170612,7,24,0,,,,13,1,1
5835,d8bb3cc013d043129d2c1075963d6e4b,20170705,3,10,0,,,,13,1,1
5836,30245ca295c345599622a9a4bf318755,20171202,9,2,0,,,,13,1,1
5837,4b7480ec78694d849c0c957e998f6ed7,20170918,8,8,0,,,,13,1,1
5838,6a009e9cfe3c4564bdcd4940208f4f83,20180126,7,18,0,,,,13,1,1
5839,e567221c864b4eb595544ca1bc1ec66e,20171203,9,9,0,,,,13,1,1
5840,3f1c1184f0604af6884fbb5ccc551df8,20180513,9,19,0,,,,13,1,1
5841,0ccf020dff294fe8b241a1f254b750a0,20180406,7,4,0,,,,13,1,1
5842,b9e6e2b4263c4223ab1dcfb0f5a6b71f,20170801,4,15,1,20170824.0,22.0,618.0,2,9,10
5843,3f321133e17e4f08b414a9e95828abfe,20180105,4,5,0,,,,13,1,1
5844,ac5e95730ee445f09fe5d8a18ee75a03,20180205,4,20,0,,,,13,1,1
5845,8bfaaa273cf346918979158be4b2ce26,20180226,8,22,0,,,,13,1,1
5846,55d4b6588eb345cb98017d7360e8fb2c,20180218,4,26,0,,,,13,1,1
5847,c93c37beca6e475498bab12e471834fd,20180317,4,27,0,,,,13,1,1
5848,d234f745857d4d16a9b2d71df5b69bb1,20180214,1,5,0,,,,13,1,1
5849,5dc28f1f35af44c3a96d8f42cdab57ad,20180303,7,1,0,,,,13,1,1
5850,097f310894f14173af50e9cc3ddeb5ba,20180322,9,23,0,,,,13,1,1
5851,9f85ec0222cb4f97bd77928dc5c9f6b8,20170705,4,14,0,,,,13,1,1
5852,296a272cf49e4c50a10c27e9387d8a70,20170718,2,24,0,,,,13,1,1
5853,3142411e226e4ed1b2f2692dc3fc3a20,20170728,8,7,0,,,,13,1,1
5854,d6cb89e7fe6c472e95772e79eb95a5c2,20180218,8,14,0,,,,13,1,1
5855,1d82b947ad0e4ceeb7a5e581f460864f,20180126,7,23,0,,,,13,1,1
5856,70b4a0a035f4468a80f2507d45ee0c9d,20170906,1,24,0,,,,13,1,1
5857,af228319db4a44128c76ef3e94527d12,20180517,4,20,0,,,,13,1,1
5858,a3d0f10e9ebc45119765c198e51645bf,20171020,4,18,0,,,,13,1,1
5859,96b5f836b64e455a89a9700a984d0b01,20170817,4,8,0,,,,13,1,1
5860,c0975f76518341e1aade696f2514906e,20170708,9,23,0,,,,13,1,1
5861,038e8b61d66c4da2b327a8bd30cca323,20180322,7,18,0,,,,13,1,1
5862,33a57ae74e154c8481a2e578166e4218,20180226,9,12,0,,,,13,1,1
5863,c7e99555e90e4e98ab134c806055635b,20170611,4,14,1,20170621.0,10.0,619.0,1,8,1
5864,cfb41f80723d4c6299141a5585ccf1a1,20171029,7,29,0,,,,13,1,1
5865,671280ada000477c86af7743d942a77c,20171217,1,26,0,,,,13,1,1
5866,c1bbe84061954433a03799ad843ad380,20170924,7,15,0,,,,13,1,1
5867,b638d8d8f950451a9a1619e100979e30,20170817,1,10,0,,,,13,1,1
5868,43a5821cd6e744368034d2f46583378c,20170923,4,11,0,,,,13,1,1
5869,ff06e9bd310a45d38505820e1133ec88,20171115,3,18,0,,,,13,1,1
5870,1b3fe84c1d9f4380a1ff41166ecb5cf3,20180501,9,24,0,,,,13,1,1
5871,41b2e3633e6e4ad9972696b43b377060,20180322,4,12,0,,,,13,1,1
5872,b34a610053bf4708a839ec8fc3ecc05f,20180323,4,9,0,,,,13,1,1
5873,b27ebb36f8ae4e4fb07928d497eaf0a8,20170815,9,1,0,,,,13,1,1
5874,34d81e29e7a64c199eb5ca50dd1c723b,20170901,3,26,1,20170926.0,25.0,620.0,7,7,14
5875,2b334187b4424014b066145b0b37e699,20180301,7,10,0,,,,13,1,1
5876,9a76127423c047899bb1d7b3b01225a2,20170621,4,21,0,,,,13,1,1
5877,113663fcf3fb4eefa2c0dea68c17f592,20171126,8,8,0,,,,13,1,1
5878,0f7bf9b6797946c3a6875404436a4418,20171109,1,11,0,,,,13,1,1
5879,7a30f94a7abf44fea87e977ef29cbfa4,20170915,7,1,0,,,,13,1,1
5880,4151869ed1dc40d1a1fc7a49a2b686de,20170823,7,19,0,,,,13,1,1
5881,4342efe880c14922a0724fb2245d252f,20170928,4,24,0,,,,13,1,1
5882,b5e5cb047aee4b6992014882b76ae880,20171129,9,4,0,,,,13,1,1
5883,4f023cec362e43bc9359e6bebc03a8dc,20180112,7,20,0,,,,13,1,1
5884,2e46701ba88f4d90bcae022cb725dfa8,20171210,10,18,0,,,,13,1,1
5885,55fa745046414fc18c0a0007f0bbf22c,20170915,7,27,0,,,,13,1,1
5886,2177a7e25bb54ead8c4a7eb489f0df93,20180115,7,30,0,,,,13,1,1
5887,f6a5f34ea0114246a66d6ee890447dee,20170910,9,24,0,,,,13,1,1
5888,0a6f9beccfe540dd8b3e2fe1b34f8fef,20171212,5,20,0,,,,13,1,1
5889,f7c9158996bd47c28939b68414f5b322,20170803,3,7,0,,,,13,1,1
5890,6c70d7de710d401981559053d5793ba5,20180215,7,2,0,,,,13,1,1
5891,eb1400220a7343589bd48efb21f51a76,20180220,1,7,0,,,,13,1,1
5892,350b36e02e914b93bd33f6fc4438b6d1,20170916,9,13,0,,,,13,1,1
5893,7d9a0072dbc74e5ba47286eba5ca719f,20180406,7,2,0,,,,13,1,1
5894,9d347e12f8be470898d3e2152061d67d,20171110,4,9,0,,,,13,1,1
5895,38a4c7ab293d4231bb301c7f1f7f7156,20170916,7,5,0,,,,13,1,1
5896,b001722d73114fe993b29c05ad083ba2,20180215,4,13,0,,,,13,1,1
5897,e89d77cb2f1543c78e2f96343d814ebc,20171009,5,25,0,,,,13,1,1
5898,548ed00f704e4597a6843cb2f35ad441,20180120,7,26,0,,,,13,1,1
5899,17fcc63e90a74ecaa0eb804ea44400b2,20171212,2,30,0,,,,13,1,1
5900,9e8673ff44034c27b3d52f64345bfe5b,20170722,9,16,1,20170815.0,24.0,621.0,3,1,10
5901,3a0b2cb549e24ac3b5d51a42ba0dc05c,20171106,9,15,0,,,,13,1,1
5902,533f0185dfe74448aaf6ac4880f11c29,20180430,9,17,0,,,,13,1,1
5903,57608505f05a47bc93474749e50c3d5e,20180526,4,23,0,,,,13,1,1
5904,40c3e4bf32f74b4d8d7129896ba30f97,20180426,7,12,0,,,,13,1,1
5905,4232458002be4cff92cf87903fe5b71a,20180128,4,19,0,,,,13,1,1
5906,769377947043412b88bffd796297e4c9,20180428,9,27,0,,,,13,1,1
5907,d0bf10301c1a4e6f955700a620e55944,20170812,7,7,1,20170822.0,10.0,622.0,5,8,4
5908,28c03f0cb3bd47e38b086fa4d20f7490,20180317,3,4,0,,,,13,1,1
5909,fd7849911cfb412ebbc8401b92398d5b,20180221,4,4,0,,,,13,1,1
5910,73bcee03f06845ccbee2184c645122f9,20180522,4,24,0,,,,13,1,1
5911,f957340fc90c4f73956e65fac6d4f7b9,20170620,7,29,0,,,,13,1,1
5912,baf483aeb52149b49bd4a4446a2c665f,20170916,5,16,0,,,,13,1,1
5913,db41885e855a46ceadc833b13954c4e5,20180413,1,20,0,,,,13,1,1
5914,333bdff60e2543728bb0d850206aecda,20170820,7,7,1,20170902.0,13.0,623.0,3,3,10
5915,705e6599d302455e91156350be2ac256,20170829,9,4,0,,,,13,1,1
5916,7f3c5c74de4f4453bcd70730151739ba,20180509,4,16,0,,,,13,1,1
5917,e2d93025811648c382bbed74f83a0979,20170727,10,26,0,,,,13,1,1
5918,1c386f26d0b34905870021dc958bd016,20180210,1,1,0,,,,13,1,1
5919,96beb3215dd14a689e43732bdbb15934,20171224,7,16,0,,,,13,1,1
5920,fa922166ad6c492fab254a5384504a31,20171014,9,8,0,,,,13,1,1
5921,58700237aaa94ee4a5e1acf8ed00211c,20170615,4,8,0,,,,13,1,1
5922,f4065cf5310c4b0db418399d1cf029fa,20170615,2,27,0,,,,13,1,1
5923,96ac737f4e544b23879582d2564b555e,20170813,4,27,0,,,,13,1,1
5924,effb136c691c428eb8732849e1196dfc,20180304,9,24,0,,,,13,1,1
5925,69749c5b263f476d868eccbb3f15aa6d,20180403,4,7,0,,,,13,1,1
5926,822c816133724e328a911ddd50a29bee,20170820,1,26,0,,,,13,1,1
5927,e56045ea0cbb448a82e90b7c299dac18,20171126,3,3,0,,,,13,1,1
5928,61b22df2eb7647a39c0724154a0c37bb,20180101,1,25,0,,,,13,1,1
5929,7d2ed990b4fc44bb926f197b9d426028,20180130,9,15,0,,,,13,1,1
5930,41f5eec81f2a4f6fb75b863183272ce5,20180302,8,4,1,20180312.0,10.0,624.0,4,5,14
5931,ddcdda080008425c899f95586665048a,20180405,4,26,1,20180410.0,4.0,625.0,12,6,10
5932,b4a67cb6578a4f10a0f29d7503d3dcfd,20171107,7,13,0,,,,13,1,1
5933,bf264f8b3bf64e2ea5be04529a0ac969,20171010,4,8,0,,,,13,1,1
5934,731490e68b4442afb50719ca44213907,20180503,10,16,0,,,,13,1,1
5935,02e2ab847c134fff8963259db2a07437,20180411,7,13,0,,,,13,1,1
5936,68175c27e1ad41fb9413f9ec335a88a9,20180208,1,9,0,,,,13,1,1
5937,6ed028eefda44b499c08035d794c22d0,20170804,1,6,0,,,,13,1,1
5938,1a20d9d6486a47c89e36782d3010555c,20170806,4,17,0,,,,13,1,1
5939,73be45e8e919449e8494812cff7eb2fe,20180504,4,2,0,,,,13,1,1
5940,06f835c82ed5439e9af773f689e58080,20170719,7,1,0,,,,13,1,1
5941,e07a382aab694ec1a17fab1616bdd695,20180411,7,17,1,20180425.0,14.0,626.0,7,1,6
5942,c6448b00c1e9446eab46f977453e39b3,20170924,4,7,0,,,,13,1,1
5943,4b092ddb8ec246f38d024102ec31ae41,20180504,4,8,0,,,,13,1,1
5944,a047b9ed99a34fc7a24a7c464b8c8830,20180530,8,11,0,,,,13,1,1
5945,6a765efb315a4329879b3bda9eae99ad,20180330,2,6,0,,,,13,1,1
5946,09b72ce7e01f4d63a6dc8cc5dff221ed,20180323,7,24,0,,,,13,1,1
5947,d355fb699221455595b2240dd09198eb,20170807,7,15,1,20170822.0,15.0,627.0,7,1,2
5948,4a89466616a34c50862b02da71162376,20171209,4,14,0,,,,13,1,1
5949,27f5a1aa057d48aeb961f0d5304ed797,20170618,1,23,0,,,,13,1,1
5950,26ba4f7232384ff2bc54567285adacfe,20170625,3,7,0,,,,13,1,1
5951,700e8004c91843a99c5213ef913c11b5,20170608,4,23,1,20170613.0,5.0,628.0,4,7,12
5952,f2ef4ee1979649ffbf8ef33d50004edc,20170618,4,7,0,,,,13,1,1
5953,21844106107b469382a9daca7fee3409,20171221,3,26,0,,,,13,1,1
5954,46fe4ff7ac7b4d11928eb960ac287e00,20180320,9,13,0,,,,13,1,1
5955,e7a4013de9ba4dfbbd937f3eb3e59750,20171124,4,23,0,,,,13,1,1
5956,9bd83035f8af4267969ae6c1388ef638,20180323,9,18,0,,,,13,1,1
5957,8d04959d3c834fcfba065e302c6086bb,20170918,7,29,0,,,,13,1,1
5958,6d704fe0f67e43fbbdcf6d7f911bf5f2,20171013,7,18,0,,,,13,1,1
5959,8a296a9331b34fa79ade3ccf60d589a5,20170731,1,23,0,,,,13,1,1
5960,46a63d15558c4ab9ba26ab4e707432b2,20180219,3,8,0,,,,13,1,1
5961,2d5fe36940f14108802bd2ec34663958,20170904,7,8,1,20170918.0,14.0,629.0,10,1,5
5962,504895331b5f4bf587302e8bfdfccc6c,20180205,2,18,0,,,,13,1,1
5963,6c604dcf5045422286d6d90861533a6b,20180506,7,11,0,,,,13,1,1
5964,f3ca5c209da64e30bf939f9f5765e046,20171123,3,19,0,,,,13,1,1
5965,59379c489ba642878fabc96ca67c0719,20170703,7,15,0,,,,13,1,1
5966,ad4b27b6409844eda3c8e29ef219ce81,20180425,8,21,0,,,,13,1,1
5967,2f419f0f09814d7c9b5f2e03a4b6f03e,20170804,5,17,0,,,,13,1,1
5968,539470968cf74f25a4575a506f82f8b9,20180121,4,25,0,,,,13,1,1
5969,75b6b457d2ec4e97af17f5a81f85e3ca,20180309,5,4,0,,,,13,1,1
5970,23a433625ae04e0c9c507444bb0f6957,20171125,3,18,0,,,,13,1,1
5971,c6a434c28ea94fa8b0de377626189a53,20180110,3,3,0,,,,13,1,1
5972,a978b0b8800c4d789c04c3df22aafc4b,20180214,4,30,0,,,,13,1,1
5973,95f7b54f53234df596a4ddf99754f27d,20180217,3,4,1,20180303.0,14.0,630.0,3,3,7
5974,cb33658c4a654879aa9acf34999ec221,20180515,8,24,0,,,,13,1,1
5975,68ce731115c546f39d4c8f236d3b4f86,20170609,7,2,1,20170620.0,11.0,631.0,12,12,13
5976,695d25f5b33e4f2eab6f8515a364d37c,20171129,2,29,0,,,,13,1,1
5977,8a14d9942d9b432e9621b38471174797,20170817,4,10,0,,,,13,1,1
5978,1bb5e2a45c014145b97feb4db9a7b90b,20180227,4,27,0,,,,13,1,1
5979,54d315a15edf484a90a88626df72bc19,20180228,9,21,0,,,,13,1,1
5980,45a35c1cbd7a4a8091bf44ab3f5ba587,20170926,9,7,0,,,,13,1,1
5981,efe20b5b754f423b997a35f83d06c9cc,20171209,9,25,0,,,,13,1,1
5982,a4d6d0ac8a5847c6ab24387dbd487f7f,20180515,4,23,0,,,,13,1,1
5983,65366908936f4a2eb5ef418c1695dafa,20180421,2,17,0,,,,13,1,1
5984,94f20b26901c43c791529b4e1f24b3fa,20170817,4,29,1,20170910.0,24.0,632.0,6,2,9
5985,c404108c3cc34f61ba40b78a7840b049,20180104,4,19,0,,,,13,1,1
5986,3dc7dc6c306340c89e09c49c6db38810,20170626,4,1,0,,,,13,1,1
5987,dc4c0bf894be424ebd61bba16815c0ef,20171217,9,15,1,20180110.0,24.0,633.0,6,4,10
5988,bd051463d1224c22a366489ad1db9d4f,20180130,5,8,0,,,,13,1,1
5989,998d60d33a9448fd8832b5d41fb8ec7e,20170809,1,26,0,,,,13,1,1
5990,9499d08d3e4f42a1a487bd01e0dbd308,20170709,3,28,0,,,,13,1,1
5991,3ac4c6ab39af4998994a1a204db1dcb2,20180312,4,9,0,,,,13,1,1
5992,d7692e96a9d3471c838d2d34b40d94dc,20180410,9,3,0,,,,13,1,1
5993,a6fe76d05063486a8cafbc6b2eb4c22d,20170701,7,4,0,,,,13,1,1
5994,602ca9ba65ed496a9941a8a1f682d69d,20170813,7,20,0,,,,13,1,1
5995,6c82fce3fdcc47359240dba1385eb079,20170822,4,30,0,,,,13,1,1
5996,190777e287e54d80b34ad7c9e0b49257,20170821,1,15,0,,,,13,1,1
5997,ad3e5be2715649aba622f8c893c5bb50,20171218,9,9,0,,,,13,1,1
5998,c80de94b52e945faad207edcf676d411,20171006,1,3,0,,,,13,1,1
5999,b136421a6f614ea8b118612ef7a25f5d,20170924,7,4,0,,,,13,1,1
6000,98887907f6044e5eb23defd44667aa8f,20171223,4,2,0,,,,13,1,1
6001,83f463a22fdf42bfb22d6cfaadb634ba,20180327,9,9,0,,,,13,1,1
6002,b069748cdf684eab852fef1899739a91,20180114,4,11,0,,,,13,1,1
6003,9a8ba61de32f4bf7b3b4d8da630039e8,20171020,8,26,0,,,,13,1,1
6004,f592c5f8ee984e0c8548d867cfe102f6,20180423,9,6,0,,,,13,1,1
6005,6a77d10159144ea29cc5e6a12954ebe9,20171107,4,25,1,20171220.0,43.0,634.0,9,5,1
6006,f0f6303c017944d59a0efafb89586162,20180418,2,13,0,,,,13,1,1
6007,20612164ed8b4cf79f052b30064b43ca,20170927,9,1,0,,,,13,1,1
6008,b281c7a56bd2494d8477f70ba8207a82,20170803,4,2,0,,,,13,1,1
6009,3453ba2b6fbc4fb480d35befa70cb1f8,20180409,9,4,0,,,,13,1,1
6010,e9cf5111d78b47fd80c02598df2ea3af,20170707,4,12,0,,,,13,1,1
6011,f2093bca7ccb4ab8aec0577e15cca176,20171018,3,30,0,,,,13,1,1
6012,5fa86db5090b475b8e16e1b2b03ca0e5,20171009,3,23,0,,,,13,1,1
6013,c4d2e6dfc1934aee946a782a14b536b1,20180125,6,14,0,,,,13,1,1
6014,b2f7b9074a8b4671869ee98e4ecb44b8,20170826,9,24,0,,,,13,1,1
6015,c0b984dfb1f843698841b23c9e911c78,20171028,7,6,0,,,,13,1,1
6016,9517521de1aa441a913396fdf5a6afbe,20170723,1,2,0,,,,13,1,1
6017,3dda0556a0ec40f894e118040960dc19,20180405,4,10,0,,,,13,1,1
6018,0662a9c86b4d43d6a61a9c7c86d16dd5,20171203,9,10,0,,,,13,1,1
6019,04107a25967348d0842a1722696e31af,20180507,9,20,0,,,,13,1,1
6020,926bc7cda0ae460d8cbb5269519b9331,20180526,4,15,0,,,,13,1,1
6021,cd891a5dbcbf40e1b23d04f77dd100a7,20170630,7,25,0,,,,13,1,1
6022,44982bfe20e64da8986fb355d080405a,20171022,8,12,0,,,,13,1,1
6023,46e8c5dcb7334b01ac122b04510974f6,20171007,8,6,0,,,,13,1,1
6024,61b0f4e4a5d0453fb34079172efb01f2,20171116,4,11,0,,,,13,1,1
6025,ea1d5f28851c4483abcd5bb6fa8073e3,20171007,4,3,0,,,,13,1,1
6026,e4f7dbb642be4370915af3c285a6d3a8,20170607,4,28,0,,,,13,1,1
6027,cdba589eadb7488ea79705a0e66680b6,20180204,8,14,0,,,,13,1,1
6028,22713c6f1ffd47a6b4b422c7947abf38,20180209,4,14,0,,,,13,1,1
6029,794e94e2606047e59d258d0a0e02900d,20180109,1,25,0,,,,13,1,1
6030,075db8109edf4765a5293db2e1f75cc4,20180529,4,21,0,,,,13,1,1
6031,b30f8191909444a2a14beb4329dfccce,20180407,9,30,0,,,,13,1,1
6032,3b86c28bfc2b4481a3e9ade9f1e1fe8f,20180407,7,10,0,,,,13,1,1
6033,09f7d2af9adf46de9644c0ed81e37bc6,20180508,3,27,0,,,,13,1,1
6034,8afe6e4c24494d538ed702595dfedc6d,20180405,4,14,0,,,,13,1,1
6035,8533ee51945f4689a506bf806078d73d,20180426,9,14,0,,,,13,1,1
6036,d590958d95be47aba8caa0505590fe1e,20170719,4,24,0,,,,13,1,1
6037,61acf0bba4f04fba820c95631f8fa1d4,20171001,1,14,0,,,,13,1,1
6038,c7ca7798890c4e30bb3b64cdf2ad41a7,20180511,8,15,0,,,,13,1,1
6039,86ee33969cfe4d67a6df83052556b561,20171219,4,16,1,20180101.0,13.0,635.0,1,8,5
6040,66bbb669e6b444d68ad7adb1ed724475,20180428,8,10,0,,,,13,1,1
6041,92587fb2663c48a3ab00726f72a1c767,20180122,9,10,0,,,,13,1,1
6042,ba4a2c6d2efa440aaa0d6e3be27c75a0,20180223,4,30,0,,,,13,1,1
6043,93b63b81671d4a79b0893f95d560756a,20180418,7,11,0,,,,13,1,1
6044,87214906a3f445cc8ec7d91d018167fc,20170614,4,14,0,,,,13,1,1
6045,bbc710a774ce40efb7d61fc8f3bba3cc,20170901,1,23,0,,,,13,1,1
6046,ed603e0438cc4b9cae96205898f56972,20171116,1,1,0,,,,13,1,1
6047,c4a93cbfd03a42578bd49b5a2e0112ab,20171229,4,2,0,,,,13,1,1
6048,ffb88cca082a4a79bbad7ed391b33e8f,20180120,9,16,0,,,,13,1,1
6049,e407a361fe0440309223f781e3ae62e5,20180516,3,16,0,,,,13,1,1
6050,69f83e7f7c314861a8d90714bd04b518,20171006,5,18,0,,,,13,1,1
6051,45a77c1c647743358d26e8c3472d82cb,20170625,9,18,0,,,,13,1,1
6052,6d52a47e85764193a986bc82794213c0,20180524,2,19,1,20180610.0,16.0,636.0,8,3,6
6053,36847804f57f4b848fc6b7bc365c2a48,20170822,9,21,0,,,,13,1,1
6054,b67edffb35ba4fde8d93a6116b8e32a7,20180308,7,8,0,,,,13,1,1
6055,a4d2ceb274f448008b3703637b1fec93,20171223,3,24,0,,,,13,1,1
6056,3d04259e9cae47df9764e7122c3f190e,20170828,7,10,0,,,,13,1,1
6057,0633be16523f47aaa1126f8cfbb76f4a,20170716,7,16,0,,,,13,1,1
6058,bb161cd4aabe4166ab6f769a8b73d27e,20180412,7,2,0,,,,13,1,1
6059,7488b53cca09443e8c784e380a24b5ed,20170925,3,20,0,,,,13,1,1
6060,ffc3535b94304b96aaf31dcc6eb51566,20171104,3,22,0,,,,13,1,1
6061,522a4bb3230f4724bdd4aec9817ea045,20170717,7,30,0,,,,13,1,1
6062,a793d61f996c4f75b73f917714afdd5b,20171108,7,13,0,,,,13,1,1
6063,c0011c3e6c8a48d3b741c945338a1af9,20180424,7,24,0,,,,13,1,1
6064,8a008691b96a431b801f3c415f14cf54,20171213,9,19,0,,,,13,1,1
6065,47e7bc932d4a4673a5063d73372d4a15,20180529,4,16,0,,,,13,1,1
6066,dbbe367581234894b2dffa519547d528,20171120,3,12,1,20180103.0,44.0,637.0,1,3,1
6067,33c9b59ca7a844b19b0a3d7d1cbac388,20171203,7,7,0,,,,13,1,1
6068,cc3bca465d3040c7bbee3af4bfc25815,20171113,7,25,1,20171119.0,6.0,638.0,12,2,1
6069,6e183cea04a3421faad03fa3ecc48f6c,20170906,4,1,0,,,,13,1,1
6070,9196a7437b5447c7b3ba3621747dfef1,20180215,4,21,0,,,,13,1,1
6071,7db05382538e429e8f18903ce130123f,20171030,2,21,0,,,,13,1,1
6072,b084e406cf5d49baa11f39b3e030ee18,20170831,7,29,0,,,,13,1,1
6073,cfc8b6a701474a6faa8b3490d0d37309,20180523,4,9,1,20180615.0,23.0,639.0,9,10,12
6074,b8c08412b479439781da3bc4ba9d7658,20170718,7,28,0,,,,13,1,1
6075,23204e3058a24eb1a1e111afc142cc8d,20180403,7,10,1,20180414.0,11.0,640.0,7,10,2
6076,d4cce8ca00014cd2a5f3eb1f828b4941,20171013,4,28,0,,,,13,1,1
6077,c5bb8a241ce547df9002f9cdbf07012f,20171122,7,16,1,20171130.0,8.0,641.0,9,8,7
6078,cebdd579ad314e19901d675a66bda09c,20171221,9,22,0,,,,13,1,1
6079,38c5999bb814477392f5163810904017,20171215,9,10,0,,,,13,1,1
6080,891fa42a97ed4b50ab6ccfafa110c8d6,20171029,7,14,0,,,,13,1,1
6081,d658b1a1431f4dfbbd286916bbbc69ad,20170713,7,17,0,,,,13,1,1
6082,24f027ed4ace44618526ed2de42fedb9,20180113,2,17,0,,,,13,1,1
6083,99b018bf982d49ebae657d234220cbf7,20180308,7,11,0,,,,13,1,1
6084,508fabc284884384a4fc305a33580d61,20171019,4,13,0,,,,13,1,1
6085,548363283e8e4675aa170f726bef013f,20170923,4,17,0,,,,13,1,1
6086,910121c60d4f4807bb938f6ec1eea9f9,20170924,7,23,0,,,,13,1,1
6087,bf636b23f78940bda97de94886717d5d,20170919,1,26,0,,,,13,1,1
6088,9a959004fef543a3a31432cb5be30e0b,20171030,4,26,0,,,,13,1,1
6089,4a7e174c0ec941e1acce0b46ebef7d7f,20180410,1,20,0,,,,13,1,1
6090,10e18c8e373646e3b3b0691e42b8cc94,20180111,4,21,0,,,,13,1,1
6091,a6ee869a053444c1861bc1981b573c7e,20180310,7,9,0,,,,13,1,1
6092,769025e166934500a34c31a63926391f,20171229,3,10,0,,,,13,1,1
6093,5b0ae2de0d7f44a58636b99213b87160,20180221,7,30,1,20180301.0,8.0,642.0,2,5,3
6094,716ebe4232ad44eb8a3a7441a304b63c,20180418,9,12,0,,,,13,1,1
6095,2bdf2f4550ac4d17aa5fbb14598f9bbd,20171216,4,28,1,20180105.0,20.0,643.0,3,7,4
6096,b7f1a647b6d44a0a9525529a27135603,20171204,1,15,1,20171221.0,17.0,644.0,12,12,6
6097,d5090ec291e54d19ab3022d59d737dee,20171207,4,12,0,,,,13,1,1
6098,aed655e527054fd4b6b5fe345be437b1,20170929,8,21,0,,,,13,1,1
6099,70c8d56d0aa3478fb699849278a48f96,20171130,4,28,0,,,,13,1,1
6100,db55c8e5f4524911b1e584fe8ada858d,20170808,8,10,0,,,,13,1,1
6101,2849785584e0437ab4d899d3433acd3a,20180526,7,5,0,,,,13,1,1
6102,7f13eaee69014fcdb3a232ce1a43f582,20180303,1,4,0,,,,13,1,1
6103,afbac11ab5934e03b191dc885b83c728,20170720,7,28,0,,,,13,1,1
6104,53deaa6b2eea475da454edd32e9c1568,20180130,5,8,1,20180214.0,15.0,645.0,6,4,6
6105,60e55c137e2449859c9f38e6eee04641,20170724,4,17,0,,,,13,1,1
6106,0ecd2c3d642441468d95b2234b402b92,20171126,4,21,0,,,,13,1,1
6107,ed5da5a4de5f4a6cb9d4b610ed212b6a,20170923,7,19,0,,,,13,1,1
6108,7e1261101f514c99be0ffa6edd392fd4,20180322,4,18,0,,,,13,1,1
6109,fc9a35668bae4c1a915cb9fc040985c4,20180413,4,13,0,,,,13,1,1
6110,00f20c17ccc2454f8b896de32b006d16,20180330,2,3,0,,,,13,1,1
6111,35bec81c31c14893aa6e464255116ca9,20170827,6,21,0,,,,13,1,1
6112,e43b4ae40a8643cb9acbb18d0bdc00fc,20180116,7,23,0,,,,13,1,1
6113,d111149d283c453a807a93fddf0751ad,20170630,5,13,0,,,,13,1,1
6114,6ac64de0fe1b4d4da971c0e4279cbb4f,20180528,9,3,0,,,,13,1,1
6115,bb71aa66bb574729b380d1e2d3029b00,20180516,4,3,0,,,,13,1,1
6116,a33be8e08a91488b912b55872421716f,20171020,1,19,0,,,,13,1,1
6117,30290bb3ce22493ba15192834d6baa1e,20170615,1,13,0,,,,13,1,1
6118,63e8792d2df04d858ce0d8864d45cebe,20180107,10,30,0,,,,13,1,1
6119,e49ed430c27043f1864beba6f31a19c0,20170919,4,1,0,,,,13,1,1
6120,b8f5a9937a6344d289930d5d96c93252,20180303,1,8,1,20180513.0,71.0,646.0,12,11,6
6121,a7dfce04319a42ab93f9b6534b933b57,20170928,4,5,0,,,,13,1,1
6122,9f4ce4cc53a24f508664875df3543da4,20180216,4,4,0,,,,13,1,1
6123,65ba961eeb97468999df9abff4ee2ee1,20180304,4,8,0,,,,13,1,1
6124,6b2bf69d84794191bfd6494b2d73dd7b,20170604,10,27,1,20170709.0,34.0,647.0,10,11,9
6125,c96d3d0e319545bdbfdff3d899f9ddc8,20180531,3,14,0,,,,13,1,1
6126,0f978a9047f34506be8bb773f0cbf751,20170801,3,29,0,,,,13,1,1
6127,9b82fb1fd772435b81db749b52ad0f29,20170703,9,15,0,,,,13,1,1
6128,45d40dc0692345bcbcd57c9e60015154,20170822,7,17,0,,,,13,1,1
6129,8aa51b72fadd47c680d5ce928ec5c8ff,20180404,4,20,0,,,,13,1,1
6130,c07b0cfadb584916b31dbbde131f7b21,20170901,7,23,0,,,,13,1,1
6131,891cda34834946088d8401d92538aa3b,20180209,7,8,0,,,,13,1,1
6132,5b59a54f61a44171acdb15a9970597d9,20170716,1,30,0,,,,13,1,1
6133,576615e6cb9c4ec79fdd1f7398f4cbec,20180321,9,5,0,,,,13,1,1
6134,7fac10fe6d084409b68e8e753aad9a5d,20171226,4,28,0,,,,13,1,1
6135,010aa5beac3f492dba27052806e03c8c,20180129,4,10,0,,,,13,1,1
6136,e09b22b4e54e4e53b0343bf881f10ee9,20171123,4,25,0,,,,13,1,1
6137,5d30dc8040a444e59b4f925742fd04f5,20171107,7,7,0,,,,13,1,1
6138,a67bb36bf8a14c81aec5d2d3ec76d01f,20180529,5,12,0,,,,13,1,1
6139,f02d45746a8346268137c1c7a41637d9,20171008,9,3,0,,,,13,1,1
6140,916e1b0889ec47c5a659ac7ff0b19ad3,20170903,3,30,0,,,,13,1,1
6141,7b79f675f13b4137b08c444bd09940ec,20170911,7,16,0,,,,13,1,1
6142,bf5f2778d52d42fc8412571cdcc57556,20180428,7,3,0,,,,13,1,1
6143,ea476c4266b34d678b9061b714086809,20171121,4,24,0,,,,13,1,1
6144,6951ed630d65442d9ed94c93383314cc,20170719,8,19,0,,,,13,1,1
6145,68246730b6d8458e93543773728d3dd8,20170611,3,27,0,,,,13,1,1
6146,c43f10b4a0614ceaa6eca2af30279d0b,20180313,4,11,0,,,,13,1,1
6147,53f0d5157cbc449689d092a72f50ceb6,20171209,9,7,0,,,,13,1,1
6148,41344c8c89544152bae9d5f592824c13,20170601,7,26,0,,,,13,1,1
6149,a6350adbf50d46f68c573403282034bc,20170603,9,30,0,,,,13,1,1
6150,978347a39b0143f79e56ddf3b1ac8dbd,20171104,2,5,0,,,,13,1,1
6151,d258215d61704e4b8c7670e6b0fee116,20180318,9,16,0,,,,13,1,1
6152,7124b105426641258e9059dc379c15b9,20170706,9,9,0,,,,13,1,1
6153,d5e8dad6531b408abaca81edfd80bdc5,20180422,4,13,0,,,,13,1,1
6154,2177d42380eb425a8158ca68a1ba50cd,20170902,4,9,0,,,,13,1,1
6155,803240f79dcb404f81053a331e0357ca,20171124,4,10,0,,,,13,1,1
6156,1449553ae4f042c9ae00b73a23b26632,20180516,4,29,0,,,,13,1,1
6157,d5a8dc4c5cd54b76b70029d9df9e8735,20171209,1,7,0,,,,13,1,1
6158,e34b3fa728d74c3aafd868726d3ad173,20180112,1,6,0,,,,13,1,1
6159,d6416451bc1040a380b4b08d033498d1,20170816,4,26,0,,,,13,1,1
6160,0575eb2b4caf41ba97ee3c397f60173e,20180415,3,22,0,,,,13,1,1
6161,9d51fc14710e41b9a255bd9cc9d29f9e,20180303,4,5,1,20180317.0,14.0,648.0,9,10,9
6162,ac0c08e4de6544de9edd9185370a743f,20171107,7,25,0,,,,13,1,1
6163,657227e1ba684871921accfb8bd3893a,20171126,4,14,0,,,,13,1,1
6164,8888279c6dd044099df1e6ebdcbf12ae,20180221,7,12,0,,,,13,1,1
6165,ddefe43479ee40d7a2635a2951820752,20170722,4,9,0,,,,13,1,1
6166,24515f6b62c54b6e85ce0d3ca1e6d26b,20180405,7,29,1,20180410.0,5.0,649.0,6,7,10
6167,29fb7029068c40f6a8473592f390cadf,20171120,7,22,0,,,,13,1,1
6168,3e216cba715941e4a464a9b5fe60f73e,20180504,10,20,0,,,,13,1,1
6169,48398a0ec37540f589660123bfea4648,20171217,4,25,0,,,,13,1,1
6170,57d5aaec82fc40c4ad1be78bde7caec9,20180509,4,3,1,20180519.0,9.0,650.0,6,1,15
6171,418c11e92e1a4ba0b98ebaf80a649a69,20171121,4,16,0,,,,13,1,1
6172,be3b2634c0e24187881dfb0b51751bc5,20170812,9,20,0,,,,13,1,1
6173,ce534b5fd4b048cf8c7cb752037db6eb,20180207,4,5,0,,,,13,1,1
6174,993d3abbf7234f9990f897c1814c122b,20171224,3,16,0,,,,13,1,1
6175,b2d9302420d2457f891a5cb762b5cf68,20170701,9,5,0,,,,13,1,1
6176,ed25fb84010646b494825818561968e9,20180504,9,25,0,,,,13,1,1
6177,860078092f91487d8099a12dea2ecbb5,20180222,9,11,0,,,,13,1,1
6178,300c160522a74d1ebf5e11c9b03cca1f,20180502,4,22,0,,,,13,1,1
6179,59c97b01aba2483fb065e117620beb02,20180225,4,14,0,,,,13,1,1
6180,43846d04bc8a456bb6ce514dc958e6aa,20180526,7,6,0,,,,13,1,1
6181,640f23f76b4b4f509ba122d18821196f,20171219,9,23,0,,,,13,1,1
6182,1c3ae88185d44b0b851071c06ebae68d,20170911,4,8,0,,,,13,1,1
6183,c7b90cc245844c4591882cbd5f8a4c21,20170809,4,24,0,,,,13,1,1
6184,1011355f500444e7a669776ac348c87e,20170910,6,23,1,20170921.0,11.0,651.0,3,12,13
6185,33cd782dbd2248afb756410c3851f2d9,20180105,4,15,0,,,,13,1,1
6186,a9722ad3bca1413e8900b63d79a7edc8,20171211,3,13,0,,,,13,1,1
6187,e07218d3721f4193a5a49a962b3dfcb4,20170613,3,25,0,,,,13,1,1
6188,2570bb84bad14339bf464c0e21f82239,20171112,7,13,0,,,,13,1,1
6189,d93d47be885a47259c41e5f921a8e5da,20180409,4,1,0,,,,13,1,1
6190,65a21ffdd7cd4fc9bdbbc6d7e8e2635b,20180210,4,24,1,20180217.0,7.0,652.0,10,6,2
6191,68843ed79a2c46b2a61681cb00628b39,20180517,1,6,0,,,,13,1,1
6192,f11a2d6d5b2e4d6482aca784fa666dae,20170622,9,3,0,,,,13,1,1
6193,7942ded5c3a84896975bf1d3b088bf08,20171105,3,2,0,,,,13,1,1
6194,15c7347586fa411aa20d88e67e30bdd3,20180320,5,7,0,,,,13,1,1
6195,5bc33b0e91dd4282ac6a165fc379f326,20180425,1,2,0,,,,13,1,1
6196,5a0e2196a67f4c1fb57f375f29afb549,20170625,4,26,0,,,,13,1,1
6197,d554d68d427e44c688da19214224292e,20170625,4,30,0,,,,13,1,1
6198,6befb0e23a414391ab9572f71f48c04e,20170905,3,21,0,,,,13,1,1
6199,5358f47593ae4dcca7293dae794702ba,20170627,4,2,0,,,,13,1,1
6200,73e624c325eb4300ad0a1f0fe9c27aae,20180216,4,10,0,,,,13,1,1
6201,3a4bb875d0b945969e5d225fbc47ced7,20170831,1,16,0,,,,13,1,1
6202,0ffdc566526e447fa0dfff0209b1f83c,20180515,7,22,0,,,,13,1,1
6203,15e66d7edf6845c8b8f4e6cd29f5b4fa,20170918,5,18,1,20171004.0,16.0,653.0,7,6,1
6204,4f2392c70fc8424da871097bd679e5b4,20170904,1,28,0,,,,13,1,1
6205,7d8ad067162c4f2a848a49c33a486812,20171111,4,28,0,,,,13,1,1
6206,3218dfaea2d6412398d79e5b545b6a37,20170913,2,9,0,,,,13,1,1
6207,375343f7952f4720b16da1762d30ed0d,20180320,4,29,0,,,,13,1,1
6208,9220bcc754b54a729cf3419a3934d7b1,20170608,7,22,0,,,,13,1,1
6209,b5d88fb4e6264f4797802c406e874092,20171213,7,12,0,,,,13,1,1
6210,79c4f4bc72574960b557950e2ad52a09,20180519,4,22,0,,,,13,1,1
6211,39e0a3dcd9a446b891c2c01d5918e3fa,20171027,7,12,0,,,,13,1,1
6212,aac07d8cabbe47b0a439623140c96711,20171002,4,7,0,,,,13,1,1
6213,bccab74d323745148175c1336b5be87d,20171217,7,16,0,,,,13,1,1
6214,6f1cd249d8104f89ba3b632f502826fd,20171223,7,4,0,,,,13,1,1
6215,3008af7d31f74375ad2c0f23b406bf2f,20170812,3,17,0,,,,13,1,1
6216,e6308df43bea49039867316805212a65,20180415,3,12,1,20180617.0,63.0,654.0,12,2,3
6217,db0a4ac22a3145c591794fc93664bab6,20180103,4,28,0,,,,13,1,1
6218,6996f6dd0d1c4bd8adf64e442c05f122,20180417,7,9,0,,,,13,1,1
6219,0f47133ca9464624bdcacf76f87f0fb4,20180501,7,15,0,,,,13,1,1
6220,620fbdb46f284de087fcf8d722e190cc,20180520,4,15,1,20180601.0,12.0,655.0,7,1,9
6221,c470140df0a94c0dbeef21179396c2e8,20171229,3,19,0,,,,13,1,1
6222,7b4627412e4a4eea955a7412a90d3bba,20170906,1,19,0,,,,13,1,1
6223,07c61b6968494c35b101c18037492a85,20180404,4,23,0,,,,13,1,1
6224,6f94bace409947a4bed62902bffb4de1,20180521,7,27,0,,,,13,1,1
6225,49ba83e3bd9d48a79dfd4a682a8b2ec9,20180523,4,4,0,,,,13,1,1
6226,0257fc5769514f6eb2d38e3c932ae88a,20180506,9,3,0,,,,13,1,1
6227,e310cb13280942fea3e02cba6e2d2178,20180423,4,25,0,,,,13,1,1
6228,b80f324935d448399136936e4be83ebb,20170821,10,3,0,,,,13,1,1
6229,90abc968fb3c4630b6d219a0b7e62f06,20170902,3,8,0,,,,13,1,1
6230,73060cd0ad114c55a6cb8c7c97ccd9b1,20170825,7,11,1,20170924.0,30.0,656.0,12,9,7
6231,7a9441b1e0424c7abe2b2f5a0c8fad5a,20180522,9,1,0,,,,13,1,1
6232,e07c4820c7b440cf81c6000b920df261,20180302,5,1,0,,,,13,1,1
6233,2154afda6acf400a80d9ced06f784d9a,20180319,9,25,0,,,,13,1,1
6234,f137c63e816043c5a2e5b1165bcb5593,20170801,4,20,0,,,,13,1,1
6235,c6ee9cca509f497c8bd1f0ea52585601,20170912,7,21,0,,,,13,1,1
6236,12ad0495839d4175bfdb1cba9ca660d1,20180210,3,4,0,,,,13,1,1
6237,534206bcae364c7e92ef043074db2074,20180221,9,13,0,,,,13,1,1
6238,12a70669f05c4a499e3ef766477f7605,20180201,1,25,0,,,,13,1,1
6239,d5883a69c5ce4fafb4b298ab74ded387,20170926,8,20,0,,,,13,1,1
6240,217aa59302554ffb9b45d31cb54105a1,20171216,8,3,0,,,,13,1,1
6241,373cf31040464c93948d9236c431962e,20180522,5,17,0,,,,13,1,1
6242,eb015695e74d49d784012594737564fd,20180110,4,16,0,,,,13,1,1
6243,e221ae221508416d90c737045c0f4fc7,20180111,9,18,0,,,,13,1,1
6244,a132deccd15440c0809f6224d9e38031,20180402,1,11,0,,,,13,1,1
6245,d05c26c068364593b306817fc3ffbdd5,20180213,1,24,0,,,,13,1,1
6246,a56808be51ab4f299458bbb7ad62c289,20170916,9,27,0,,,,13,1,1
6247,d582dd1fffd64783b3fbd97cc6fe7a80,20180319,4,4,0,,,,13,1,1
6248,d8ab6aa2b2344230abfd4ef0dbf14f86,20171122,3,22,1,20171204.0,12.0,657.0,10,11,10
6249,481ceab556254b388e8d2eb8d56e463c,20170829,1,18,0,,,,13,1,1
6250,a8328bad07cd4e4dbbae44d67e1724e4,20170911,4,27,0,,,,13,1,1
6251,fcd95151f8ae47dd828e33a9b29a0955,20171218,7,4,0,,,,13,1,1
6252,9e87530206a74a679a08cc8869195292,20171028,4,3,0,,,,13,1,1
6253,cf2260724cc54bc0a3b0cc53f5677297,20170924,7,23,1,20170930.0,6.0,658.0,9,1,15
6254,91d7ad27cf174bd4ba991bbf2fc93535,20170908,4,11,1,20170929.0,21.0,659.0,9,7,14
6255,a710f30ab0114913ae9d642a45a4d744,20180111,7,10,0,,,,13,1,1
6256,e6bacc1d712749d08c3f91cc9fb0b43c,20180112,9,20,0,,,,13,1,1
6257,49063698fc514b18b6fa813abe3f294e,20171004,9,6,1,20171130.0,57.0,660.0,10,9,5
6258,792e43c2df8c417097a88d496be11c17,20171026,1,7,0,,,,13,1,1
6259,de0b8e8c06c440bbb040b865dcd30326,20170813,3,8,0,,,,13,1,1
6260,2ebb76dc63fa451ea2e12990bcb434ed,20170630,4,11,0,,,,13,1,1
6261,0092d8bd9a5244a393ed1b7ebd0957b8,20170704,4,6,0,,,,13,1,1
6262,9796f650298a429581fff14035e0407e,20180301,8,29,1,20180318.0,17.0,661.0,8,8,6
6263,b4e962e2e0824619b1099a316ea98b01,20170826,4,16,0,,,,13,1,1
6264,5e8594986cec4c9f89665ff8977bc571,20170620,6,12,0,,,,13,1,1
6265,2289e204a097429cb30b7025681c20e5,20170724,3,26,0,,,,13,1,1
6266,4bda47db627c4645a40598f90f132530,20171213,9,14,0,,,,13,1,1
6267,8c18eb87ef6546a8bfbb578444eda648,20170630,10,24,0,,,,13,1,1
6268,dcc28d86743e4342931264ce3d66693c,20180318,4,10,0,,,,13,1,1
6269,894c1d36c7f6427fbd6995f8ec0944da,20170923,7,27,0,,,,13,1,1
6270,5975516b0923414a9c37804430703d1d,20180316,9,3,1,20180402.0,16.0,662.0,6,5,15
6271,af79dd5c3e4b4cec8621c7d1ed7fd89d,20170611,7,20,0,,,,13,1,1
6272,262f981dbf3e4ff786a8ae54a6cf547f,20180130,5,23,0,,,,13,1,1
6273,aea1f0062a4e41ebbc30e54abc7055cb,20171215,4,11,0,,,,13,1,1
6274,dbce8978af57433db94cbf8ce38e83c3,20180412,9,18,1,20180512.0,30.0,663.0,9,1,4
6275,20d38c5eaadf4a10aa96b96062507a93,20170930,9,29,0,,,,13,1,1
6276,e176f4ed445348eaa850e90309b967d2,20171007,1,23,0,,,,13,1,1
6277,42ef318f3afe4bcfa1e581916c8df6e7,20180119,4,22,0,,,,13,1,1
6278,9d110c5a4dd24eb58e8cc84f3039b7e6,20170818,7,21,0,,,,13,1,1
6279,5a6f9e464e6c4e10a23ee27db39b2700,20171202,3,4,1,20171218.0,16.0,664.0,9,10,1
6280,9b3253d965534f358534df204a233823,20171025,4,2,0,,,,13,1,1
6281,f1676d7be7494fa2b1bf4a4eddb67161,20170829,3,19,0,,,,13,1,1
6282,c20405f45e014ba7876ee6e1a0e386b3,20170822,9,2,0,,,,13,1,1
6283,7beaf47668834c76b2e095e63617baf4,20170611,1,5,0,,,,13,1,1
6284,d40024347f564eefa2dfe42ea3c17f19,20171101,1,27,0,,,,13,1,1
6285,b7a40294bc3d4cabbd2b34ba2eb1ed3e,20180122,4,28,0,,,,13,1,1
6286,a7ebf3fd2b7a44eaa5e663e8a7896e4f,20180305,9,30,0,,,,13,1,1
6287,3a48b9b5f0774ccb972b531a64443fe6,20170804,8,16,0,,,,13,1,1
6288,4a80faf423f245fda8de747fbb09a689,20170915,7,15,0,,,,13,1,1
6289,7cb720308d444ec5a657e2341f3d10de,20171231,2,2,0,,,,13,1,1
6290,4e99b0e8df9d4d9b96ee6bbe3345314b,20180118,7,30,0,,,,13,1,1
6291,cbb341894bdc4f6e845b4d71c877df07,20180124,4,8,0,,,,13,1,1
6292,88e0653e20804e05a593d225fd82ffce,20171114,7,4,0,,,,13,1,1
6293,c631c03bdf174ad99a5f26551914fa5f,20180227,2,17,0,,,,13,1,1
6294,a529c98908654222a504ddaa410095b4,20170920,7,14,0,,,,13,1,1
6295,d32fa1f8761347a48936e7f8af637bb4,20170908,8,16,0,,,,13,1,1
6296,e0379afde7834731a9d7088d7936d441,20180124,8,10,0,,,,13,1,1
6297,5231a3e079284f23a605267da1103048,20171227,7,23,0,,,,13,1,1
6298,6a38ead5fedb4c829f095a73565f445c,20171105,4,30,0,,,,13,1,1
6299,f814e10843284af9975959b07a7db6b8,20170812,1,25,0,,,,13,1,1
6300,2ca83bd7ae9f4e05ae5a718b058fe4f2,20180305,7,18,0,,,,13,1,1
6301,be94a96f89c74f30a997d2fd134b4a20,20171101,3,15,0,,,,13,1,1
6302,9c4c46484f1845b58de97b0beb23efcb,20170627,7,9,0,,,,13,1,1
6303,2bade9c0fcce4572910840b731945bae,20171120,7,12,0,,,,13,1,1
6304,a05cd388e2544962bb98afcd06154046,20170820,3,22,0,,,,13,1,1
6305,62bc765af90e419da9665dffa25ae39b,20180220,7,7,1,20180228.0,8.0,665.0,7,2,3
6306,6bfac3fff1904c5e9fe7210826c322a6,20180113,7,28,0,,,,13,1,1
6307,72291a3732294d99be01c378dc71d6be,20170914,7,14,0,,,,13,1,1
6308,596602657d4746b58ecf9b6d7cb222f7,20180508,7,19,0,,,,13,1,1
6309,88ab73daa2274617a3ef2ec7845eebcd,20180515,9,24,0,,,,13,1,1
6310,78bb242cf7814872989b8a4bc8f2fcef,20170819,3,30,0,,,,13,1,1
6311,42aa96a1bc924f479fd2999c4adf0eca,20180322,7,4,1,20180327.0,5.0,666.0,11,1,15
6312,7c48cd4fc4fc410d949e4ab2376315d7,20171228,9,18,0,,,,13,1,1
6313,b025d4a84e3f49049eebc07368209db1,20171004,1,24,0,,,,13,1,1
6314,dbbc44c1c48d4f73b417506fa55ae1cf,20180205,4,29,0,,,,13,1,1
6315,2d051f49b47a4c50bda2928d3eedffd5,20180410,4,2,0,,,,13,1,1
6316,89b3482278334c04850f0dfc21a03963,20180418,5,11,0,,,,13,1,1
6317,119ba1783a154e2d9814b814753a5c00,20170720,1,3,0,,,,13,1,1
6318,e965ae62c3e04278b8cea498dc4e248f,20170611,9,22,1,20170710.0,29.0,667.0,9,12,13
6319,35b6bb33a6fa43e291eef555f042fddf,20170628,9,10,0,,,,13,1,1
6320,838b1ff07bcc4b2292e5970740b7c7f0,20170717,4,22,0,,,,13,1,1
6321,58e3b10eb0734da0a059b906dbc52f91,20171130,9,2,0,,,,13,1,1
6322,bba10bee7a7a4b7fa169efd47cdb2754,20170817,9,1,0,,,,13,1,1
6323,8aaf8fe041114dedb7639cd3c4dc496a,20170704,9,29,0,,,,13,1,1
6324,379fee66460d49e7b7c11dc22c5495ad,20171109,7,12,0,,,,13,1,1
6325,5694176264104605b260a1ef455a6da0,20180115,4,8,0,,,,13,1,1
6326,efda8ab31e984de5ab5b8d2731a133ed,20180527,4,1,0,,,,13,1,1
6327,00f8061bee1a417ca816ab8f17994a24,20171103,2,5,0,,,,13,1,1
6328,68235ab0a61c4a2bb402d40c4b2d1133,20180315,7,12,0,,,,13,1,1
6329,2b6ed3c78d834ae481322e950d1353f8,20170817,7,15,1,20170827.0,10.0,668.0,1,1,15
6330,0dcbf21481ba48ce85d9638140de8263,20170731,4,22,0,,,,13,1,1
6331,ea08e8f7836d47d0934751528237bfa3,20180413,4,7,0,,,,13,1,1
6332,ce8d9855af4a404c894d250fc360af1c,20180315,1,23,0,,,,13,1,1
6333,d50fa8284e09493d9519456dcc610192,20180127,9,28,0,,,,13,1,1
6334,bfea6cf7d96a42fea043b316b9b18261,20171006,9,11,0,,,,13,1,1
6335,ddb8adc8938549049919bbf2be4623ee,20170815,4,25,0,,,,13,1,1
6336,64f32c5be66b4631a199da96d4fd30e4,20170621,1,12,0,,,,13,1,1
6337,551ad1d80b264da9a331e9280e569c5f,20171213,4,30,0,,,,13,1,1
6338,fcdc0ac509094b7682493741457eea06,20180131,4,24,0,,,,13,1,1
6339,0db9880e092244ab92b98a33599d6f5f,20170611,7,28,0,,,,13,1,1
6340,063a98a4d6914659829b559eb46ed83a,20171203,7,14,0,,,,13,1,1
6341,231a8aef70034a35838c3dbb360851e5,20180320,4,18,0,,,,13,1,1
6342,38dffc41d0d242a1aca1813f133200dc,20170611,9,11,0,,,,13,1,1
6343,98411312f7984c249ab3f2c84c83d1c5,20180318,1,12,1,20180502.0,45.0,669.0,1,10,9
6344,224e791c4c174e37845e71f543c0f327,20171121,3,12,0,,,,13,1,1
6345,23dacaffefc64575bdc1701a0c40b360,20171207,7,7,0,,,,13,1,1
6346,fbffb860151f41d1b6c9d7d8062a771e,20170809,4,1,0,,,,13,1,1
6347,1722bda2490f4bb688a931f0a211a547,20180513,4,22,0,,,,13,1,1
6348,09fab24776b34e33b62185e736be1df6,20170816,10,22,1,20170907.0,22.0,670.0,3,10,5
6349,e5a7020a1b7e49ce8cad6a7557bf5be7,20180509,9,23,0,,,,13,1,1
6350,c862cbe8723f4621bae3361109699c0c,20171112,1,28,0,,,,13,1,1
6351,0aaf936f9c0b4a06af327a6a834ac02e,20170713,4,29,0,,,,13,1,1
6352,57644bf76eed4a40b0eb62c4800c2d03,20180209,9,29,0,,,,13,1,1
6353,3c6b7aaa30754a40bc5e19e2d7eafc1d,20180330,4,7,0,,,,13,1,1
6354,19bdbcae569847229f06c18645702952,20171204,9,9,0,,,,13,1,1
6355,012d0ad75b7d49f2b35153a8b10488e0,20180218,5,6,1,20180330.0,40.0,671.0,9,9,1
6356,f38dbc5dbd21440797eee632f60acf8d,20170613,2,8,0,,,,13,1,1
6357,30f88aeb8add4718a2275787be00ea69,20170825,9,23,0,,,,13,1,1
6358,17d73255f4844861a72ae2ccc924dd17,20171001,7,19,0,,,,13,1,1
6359,35f0b5a6fd024644a6d87f2694f55570,20180116,2,8,0,,,,13,1,1
6360,de2968672779401db8ae52f6401b5a2d,20170621,1,2,0,,,,13,1,1
6361,d4d23d259eac41829f7a4b0d9a875167,20180503,4,11,0,,,,13,1,1
6362,65bad1be39b943eaaba7cbdd54ac2ca4,20170712,7,21,0,,,,13,1,1
6363,d82cecb07739488c9fcc938121dca27e,20170617,4,10,0,,,,13,1,1
6364,e35e589e7742407ead7554798e06ee3e,20180416,7,2,0,,,,13,1,1
6365,6fac9462203d4ea4b3beab60a0fc3a2f,20180321,7,1,0,,,,13,1,1
6366,d7238698e6b840259fd2775f8afe9488,20171212,9,12,0,,,,13,1,1
6367,b7d316ad937940ccb821c0cd7a82b3da,20180127,7,30,0,,,,13,1,1
6368,6df582bb4a4a463ca8bba4053bc0585e,20170619,4,28,1,20170708.0,19.0,672.0,3,11,5
6369,cf699c26c036461c97eb966c6507ae99,20171210,9,16,0,,,,13,1,1
6370,106180ee92b74726a77ba4c4dd3a7f3a,20180218,3,15,0,,,,13,1,1
6371,e878837ecc744bf48a78b05e365d69bf,20180529,1,4,0,,,,13,1,1
6372,41ac59f4a57d4f0184221f9c75a14c29,20171125,7,21,1,20171207.0,12.0,673.0,12,6,15
6373,75342c223625430e80a69bcad8ccee91,20170907,5,1,1,20171015.0,38.0,674.0,1,10,3
6374,2fd6c3781847481091a4f6043d19394a,20171015,5,22,0,,,,13,1,1
6375,b84f99e0db9643349b92c9e41f6fa025,20180117,4,5,1,20180131.0,14.0,675.0,9,10,10
6376,80e9d9ee87804424aeda25a4f82e20aa,20180508,4,10,1,20180610.0,33.0,676.0,4,10,12
6377,5c6951aa4a2a468da1ba124cf61f1e6f,20180216,1,26,0,,,,13,1,1
6378,3cb26597f7db40b8ba7b99d26c9803ee,20170805,3,17,0,,,,13,1,1
6379,5620373116d442b4807ce890a0507c03,20170709,2,16,0,,,,13,1,1
6380,093a910f379c43f3b601326a207396e5,20170704,8,14,1,20170711.0,7.0,677.0,8,9,5
6381,f791c6e4439e4ce789e24d4dfc803b76,20170930,9,10,0,,,,13,1,1
6382,434e1b47e12644749b5a7b6afe8a75ad,20170709,9,2,0,,,,13,1,1
6383,c165e5e9b78f401388c39056024eb007,20170607,4,10,0,,,,13,1,1
6384,b4495e5bf94b488f9c45ebb0c360e305,20180413,4,4,0,,,,13,1,1
6385,51ed46bbae4742e5962066e848947394,20180326,7,10,1,20180407.0,11.0,678.0,7,12,13
6386,10d0ea7668d64a63b29b5f1270f6eb5f,20180122,9,10,0,,,,13,1,1
6387,85755819672c4580bc7ee4f832821f68,20171117,9,29,0,,,,13,1,1
6388,fbeed818a72c4f2794eedcc9c34b741b,20170802,1,28,0,,,,13,1,1
6389,45cc0c379947457197850278d87c8a8d,20170811,4,22,0,,,,13,1,1
6390,c582248db7834246835dfd0885315df6,20170712,9,3,1,20170919.0,69.0,679.0,4,9,14
6391,ce5b0086a1694b459bde21b71db12946,20170717,4,15,0,,,,13,1,1
6392,efe2b88298f44ddbba7ccde55a3c7672,20180518,7,9,0,,,,13,1,1
6393,546d383bf5d742adacb2586d29d6eeb7,20170626,1,30,0,,,,13,1,1
6394,a9f0691b060f4eb490c15025afe6d9b2,20171112,1,6,0,,,,13,1,1
6395,f583448aed3a428c81f15644e5d024db,20170907,10,20,0,,,,13,1,1
6396,7bc13a3a7a1f4005b523257d9c2c9bc3,20170910,4,29,0,,,,13,1,1
6397,b41c1f5856de4c7fa2b5b7a173dabc82,20180528,7,13,0,,,,13,1,1
6398,71f083156d444669b2592fcbc08102f7,20171026,7,10,0,,,,13,1,1
6399,bc0f749858c240e299705cf89626fba4,20170702,7,7,1,20170718.0,16.0,680.0,1,9,13
6400,bfc4cfccc55b42288ddf982e3f34ab2c,20180215,8,3,0,,,,13,1,1
6401,5fc65c41f19145a497cb3c0b21d50046,20170830,1,19,0,,,,13,1,1
6402,26a5121f119e4321a9bc021881f72f65,20170813,8,14,0,,,,13,1,1
6403,54755daf812e49d6a6c6bf67cad6982e,20170905,4,28,0,,,,13,1,1
6404,f1f41d6b670f444395fb65ebffb9a145,20170709,8,7,1,20170716.0,7.0,681.0,2,6,12
6405,0eeb2f4275ff4dafa78b259517739680,20171112,4,7,0,,,,13,1,1
6406,1a7193e5516d44a4a29088f696fff97b,20171220,8,20,0,,,,13,1,1
6407,ce41d62912134bc78dc74100eb6ce923,20180331,7,29,1,20180410.0,10.0,682.0,12,8,13
6408,14fe5f6bb0a0461eb34ba95fc2ea8689,20171229,7,23,0,,,,13,1,1
6409,89040bda62b8488898b3c3a93c7aa74b,20171025,9,15,0,,,,13,1,1
6410,026ef192897a4bd1b66d82487b6bd592,20171007,2,2,0,,,,13,1,1
6411,6f36e4c76c2c4fd59245e6f47f8c3c6b,20171002,4,26,0,,,,13,1,1
6412,978e5c68f6a7426a879fcdb7df1d3195,20180502,7,1,0,,,,13,1,1
6413,26be1f20fc48452fa47fefdae69d3849,20170822,8,27,0,,,,13,1,1
6414,0f29ea0663e04592a8f1994940b1f748,20170703,7,16,0,,,,13,1,1
6415,53d66c24b1eb493caa755a4a8627e717,20170701,4,24,0,,,,13,1,1
6416,420d01f8691342bab797cce4d6f3da98,20180107,7,11,1,20180128.0,21.0,683.0,9,11,6
6417,4955e705fa7a4c9fb47de308deebcf53,20180115,7,2,0,,,,13,1,1
6418,0d340aa430114037946ab19a852c9fa6,20180512,5,8,1,20180529.0,17.0,684.0,7,7,12
6419,2eba92be48484ebbb784b7c3f00ea71f,20180329,1,28,0,,,,13,1,1
6420,3aa73baea9464515b9c9453aa2b59775,20180515,9,11,0,,,,13,1,1
6421,9edf9a434c0741cca4bbf8354d52815d,20170704,10,19,0,,,,13,1,1
6422,ae5ecdd66fdb4b5784090d0422fbd30f,20171111,7,16,0,,,,13,1,1
6423,6393d869bc434a2fb95d125f999aab96,20180201,4,13,0,,,,13,1,1
6424,36a7b08826a84b13bf5184e1f7bbc80f,20171101,4,8,1,20171117.0,15.0,685.0,7,12,11
6425,d0bfc10aa4004f80be4645cb2c7159e4,20180307,7,17,0,,,,13,1,1
6426,a891217b2bc94decb584a6ebd12f6618,20180328,4,27,0,,,,13,1,1
6427,b238117e733145e9a7976484d2e6d565,20180520,2,15,0,,,,13,1,1
6428,ec53f2df388d47da9b46ae0447ed3b02,20180125,1,8,1,20180211.0,17.0,686.0,7,5,12
6429,a783d129cc1a4f668d95ae246b6fb2c5,20171224,4,10,0,,,,13,1,1
6430,b80dd3e19bbf4e69af5a5cbb359b364c,20180124,9,4,0,,,,13,1,1
6431,c43f35fde1b4480daee50a03d5568187,20170812,1,15,0,,,,13,1,1
6432,34ea5eed2221481b914713749ca381b3,20170613,2,5,0,,,,13,1,1
6433,8aca593a0268466a8484d8ef653e7f67,20171110,8,10,0,,,,13,1,1
6434,42ea31a7d4af40bfafc72a1dacd5d8e9,20180420,9,30,0,,,,13,1,1
6435,a301ccf03cff40e5bf3c476252f46fb8,20171205,3,15,1,20171214.0,9.0,687.0,1,12,7
6436,314f0608d2994104a479053b29cf7043,20180505,9,4,0,,,,13,1,1
6437,e5337d55a16a473dbab385c296077698,20180331,9,9,0,,,,13,1,1
6438,68ed0afe0b5d4f7e8fc3c2557e90777f,20170719,4,30,1,20170816.0,28.0,688.0,12,12,14
6439,b50c9ead573342389f370f82c8b2b6bc,20180128,4,19,0,,,,13,1,1
6440,b2613cbd423d4fa98af772b334529623,20171120,9,26,0,,,,13,1,1
6441,8e0dbc37c330477d8b78d912c69ca420,20180210,4,7,0,,,,13,1,1
6442,ace4232f76c746f3b64efbb6a7290984,20171103,4,19,0,,,,13,1,1
6443,e1d7ce7582784f6584a9971ddbf502f3,20170925,1,13,0,,,,13,1,1
6444,509c79765df347d089a1c1ef190a33c2,20180407,4,15,0,,,,13,1,1
6445,3eda67950e08413b9ce4d5cea7b525c7,20180109,9,13,0,,,,13,1,1
6446,e79837dd855044309fab5e65b9da9d47,20180507,9,16,0,,,,13,1,1
6447,ba6cc88ad3484038b6c5dc90adcdf574,20170725,2,8,0,,,,13,1,1
6448,17aafe320890432bb8888a224d283e4f,20180528,7,29,0,,,,13,1,1
6449,ee2bda2a3ed3433ebbfd0d67013e4b51,20171027,4,17,1,20171201.0,35.0,689.0,4,10,2
6450,7f143d6775fa4b6598e9fc780e3644d4,20180221,9,5,1,20180311.0,18.0,690.0,9,4,11
6451,ecdd1116f0794be08bd54c342a2bbc3c,20170919,3,13,0,,,,13,1,1
6452,5990afeb76ee4b81b3a6f1ae7d864ed3,20170607,10,23,0,,,,13,1,1
6453,72b4102783304be7bb00c5c269a429c6,20170821,7,23,0,,,,13,1,1
6454,850a7e213a744d2c98776cf5d2079293,20171107,7,15,0,,,,13,1,1
6455,5e4d1ef269184de9b778bb4a534d0be1,20180410,5,29,0,,,,13,1,1
6456,c54c271316d847b7806ea6d1fe289035,20170806,4,1,1,20170829.0,23.0,691.0,3,3,15
6457,ece56cf4e61b479db05c3629f0785698,20171122,9,5,0,,,,13,1,1
6458,9fc9866681634c838718cf403d2dc729,20180519,7,16,0,,,,13,1,1
6459,19f38d0fc4984cb6b4d7e417256a96bb,20180317,4,3,0,,,,13,1,1
6460,ef347066469643808c8abe35d7d2fe55,20170610,7,16,0,,,,13,1,1
6461,c0cb651cecd747e1999819b369d2ebfe,20171231,4,9,0,,,,13,1,1
6462,2ea71b49d768408c945ef5e6f054e604,20171115,1,22,0,,,,13,1,1
6463,447513d0d356400ea507305c9419a32d,20171108,2,22,0,,,,13,1,1
6464,d0bb768ecbfd42bab162c761a7be2665,20180130,4,21,0,,,,13,1,1
6465,7da2312c22a948fe883b94cc9a11c0fa,20171122,3,5,1,20180105.0,43.0,692.0,9,1,7
6466,4001541b68964f94b3ddbac37a0453bd,20171117,4,12,0,,,,13,1,1
6467,0ce5ac23e6e6431d9e4161dba5b76786,20170805,9,5,0,,,,13,1,1
6468,15014b1d1cc84728af341b6eaf2cee6f,20180420,4,22,0,,,,13,1,1
6469,8352ef2b364943f48e78436af41cbac8,20170926,5,29,0,,,,13,1,1
6470,f126abdef5fb4838a53365860ec2b566,20170930,1,13,0,,,,13,1,1
6471,e9b78c204bb94821be3d1b8daaf4dc0c,20180316,1,12,0,,,,13,1,1
6472,1a183cb372234292b16e8946ebd194d9,20170610,3,6,0,,,,13,1,1
6473,c797982cceaa4166b4afb3561b13aad6,20170719,9,24,0,,,,13,1,1
6474,10a0319638a441aab95b9c54f132b2d7,20170815,2,8,0,,,,13,1,1
6475,a85fd7ffc7f546f8a2b715ee613d4978,20170712,1,13,0,,,,13,1,1
6476,27fa1ff913c1448595b3e18309035694,20180123,5,12,0,,,,13,1,1
6477,0190ab02fca04bda80d9669c5f43f0b6,20171015,9,18,0,,,,13,1,1
6478,ccb97e8729f6427d9f11a5d42e28d477,20171217,4,5,0,,,,13,1,1
6479,989dc92a836c4bfb9b811c6cde14d7a7,20171020,9,16,1,20171124.0,35.0,693.0,3,7,7
6480,f4a779b5c9054f0ab298759568e39e47,20170701,4,17,0,,,,13,1,1
6481,45fcb43abfc64d6b9958df6c13b860a0,20170923,9,26,0,,,,13,1,1
6482,f3047523648549599086abc5b8ad85ca,20171115,7,20,0,,,,13,1,1
6483,7f9e4b6bd19c42cd9b8366ce9295d8cb,20180414,9,21,0,,,,13,1,1
6484,0d25b6f53bce41d3b6fea8dbdc38fbbb,20170814,4,8,0,,,,13,1,1
6485,b02a1ca726944a30aa7762f827c5ac0a,20180204,4,29,0,,,,13,1,1
6486,0c016d0542b4411499a1bcec13ab8412,20180302,7,20,1,20180317.0,15.0,694.0,5,8,7
6487,16f7505c9c564df8863902d179f14db7,20180427,2,22,0,,,,13,1,1
6488,07b456f64b584736b252f4b69f59f886,20180402,7,25,0,,,,13,1,1
6489,cc9a486658464e96969a10f5ed9bc20c,20171030,7,2,0,,,,13,1,1
6490,3a6228cdb13b45d5a142b2f1d8b11bb7,20170908,1,5,0,,,,13,1,1
6491,4f09aa008fd0483f829458fd21214553,20180214,9,17,1,20180302.0,16.0,695.0,9,2,5
6492,32cdf710e7e14090bcff5a3f60b5c190,20171210,7,28,0,,,,13,1,1
6493,9740baeced98445a93215d8d7c90a7d9,20170606,7,19,0,,,,13,1,1
6494,9e5e0db301c5433f8628b33a9a7b7bfb,20170913,4,1,0,,,,13,1,1
6495,13555bac4d3645b195e318dbe420940f,20170613,2,23,1,20170702.0,19.0,696.0,7,10,7
6496,1dcf75986f61424ebc575548e14f7186,20180426,4,3,0,,,,13,1,1
6497,c6c43eefafb24b11aa7b879b0daf35e5,20171206,7,24,0,,,,13,1,1
6498,52899b863b6941b8a07eeb7d4549262a,20170815,4,23,0,,,,13,1,1
6499,0867d3c9213d48f499ed14569443246b,20171213,4,7,0,,,,13,1,1
6500,d15646affa034eb0870a0767a4f23959,20180401,3,24,0,,,,13,1,1
6501,f993e48477a8465a99939f5425881396,20171108,4,22,0,,,,13,1,1
6502,66e0d331a1c34c1293d8f221fe5f8656,20171019,4,19,0,,,,13,1,1
6503,6e37c6e5d0154e129dc87e4501abe1b6,20170910,7,18,0,,,,13,1,1
6504,a9dbadec01f543418a2786f40483e934,20171024,4,14,0,,,,13,1,1
6505,e72d10fa8a944a7fbb158fcf467e8dc1,20170805,4,26,0,,,,13,1,1
6506,33324c80abba47ffb261a3938b74a308,20170803,3,10,0,,,,13,1,1
6507,04c3e0fdd7914f39910b9ec3e0e32676,20171115,3,13,0,,,,13,1,1
6508,87b6e89659ae49db84c6f0251eb9146b,20171206,5,8,0,,,,13,1,1
6509,668f19e1a6984248ad025c17d289e5a4,20171210,8,26,0,,,,13,1,1
6510,9f6f7a7465f34640baa01d6d5b5fc09f,20180418,1,23,0,,,,13,1,1
6511,8a19da1606de402dbdab921fb63ac37c,20171113,4,7,0,,,,13,1,1
6512,b7d66b0f0d7e4c4ba988ad81ca2e9ce5,20171115,3,20,0,,,,13,1,1
6513,55b339bca3d24dcfbcaf56d8f2777477,20170618,3,1,1,20170701.0,12.0,697.0,7,2,7
6514,964f1c0ebd1e44d0b1c830796e3b140c,20171113,3,24,0,,,,13,1,1
6515,36c09e4b2c144b8e9a0313783a545641,20180319,9,12,0,,,,13,1,1
6516,81394813f2e3463e821903aa0ba76fbd,20180217,4,2,0,,,,13,1,1
6517,367855e89a564655b9e2a6a9ff657e88,20180601,3,13,0,,,,13,1,1
6518,041e766ee79043b3984d134d5de55b7d,20170703,1,4,0,,,,13,1,1
6519,3942446ab7d84d23896e05c8bc020bda,20170817,10,6,0,,,,13,1,1
6520,acfede0e1aaa4fe29bff48eb17daf888,20170823,4,3,0,,,,13,1,1
6521,de10a5884b644305a0ef46d61e44567c,20171202,4,8,0,,,,13,1,1
6522,9a4e17aef4134539865553f31108ce98,20170712,4,8,1,20170721.0,8.0,698.0,10,1,1
6523,510f3d15e6af4f39bbf36ef53810be91,20170706,3,30,0,,,,13,1,1
6524,6f479bf580a84b28aa6ceb95d004a3d2,20180307,4,6,0,,,,13,1,1
6525,6f95fc4c40e54e31a12bfed6c56c1aa9,20171231,4,5,0,,,,13,1,1
6526,3d2a381d9d2c4c88a40e13fa066e576b,20171220,10,21,0,,,,13,1,1
6527,bb8a0a546cea4bdf9177097d63a65eb4,20170716,4,18,0,,,,13,1,1
6528,5b9f1352ca2048caa932f86fba38b0b2,20170821,3,24,0,,,,13,1,1
6529,1b59f186963242b792d4a38516095fcd,20171012,7,17,0,,,,13,1,1
6530,39a7cb5198bf416f97f7cdaf2d60a7e5,20170629,3,11,0,,,,13,1,1
6531,025b6cbac89a475abe74a4390ded6eea,20180313,9,27,0,,,,13,1,1
6532,ec0365a06b1a491fb0920c384f27845f,20180426,5,13,0,,,,13,1,1
6533,6a4480ddcdc347ee9b00a3bc7caeada8,20170622,5,17,0,,,,13,1,1
6534,b751bbad41964fc09018b2f1342dc185,20170928,4,10,0,,,,13,1,1
6535,ab101370b8b64c1da80af2709e642c6b,20170810,4,8,0,,,,13,1,1
6536,930562f4540045968b23096073c1ce6f,20171113,4,24,1,20171218.0,35.0,699.0,7,5,2
6537,155e7b5468cd46a6baaf5da0b2935df7,20180421,1,26,0,,,,13,1,1
6538,7c96b053d4ee4b4fab74dd9a7d7cfc90,20180217,8,13,0,,,,13,1,1
6539,308bf89f5c2947efa5557b019d5c2a47,20170613,7,21,0,,,,13,1,1
6540,43beac71d5884c9db11542f920e93291,20170705,9,9,0,,,,13,1,1
6541,253934ece73e4f9cb98eb0e271fa9e67,20180329,4,9,0,,,,13,1,1
6542,6198111298744e47be8d816447eb452d,20170926,3,13,0,,,,13,1,1
6543,fb050c29f5bd4671915a9d4b12d55727,20170604,2,28,0,,,,13,1,1
6544,0b8e5b9d645e4246837acffdf556acef,20170712,4,12,0,,,,13,1,1
6545,ebb0124f6f80431498f78e8fbd39cb3a,20171206,7,12,0,,,,13,1,1
6546,5a06686f49f54910a5237aacb6080f1e,20170824,4,9,1,20170905.0,12.0,700.0,4,7,2
6547,7dadd13c9bc74305be86280d7de50beb,20170817,9,26,0,,,,13,1,1
6548,191ac41f7b22433bb6b390bac6a7fba9,20180418,9,1,0,,,,13,1,1
6549,426a068de4084fc79c6fb6eee8db3b36,20171015,4,16,1,20171102.0,17.0,701.0,9,2,13
6550,62e4183ec5714c2e83f4d1d30177130b,20180217,7,7,1,20180303.0,14.0,702.0,7,9,11
6551,286183015fa045839f1628505e254fe4,20170912,7,19,0,,,,13,1,1
6552,9695904874b3451f88432adfce29fce4,20171119,9,8,0,,,,13,1,1
6553,dbad1378fcb94ce0a7ef998fb284fcfb,20171012,9,25,0,,,,13,1,1
6554,57acacc7eee24628bfcaf8b460c05c00,20180430,4,18,0,,,,13,1,1
6555,57d6c3932c5e4fbfa4e750043ffcb043,20170615,1,29,0,,,,13,1,1
6556,56465b933299461b9da9ca5d66f2162f,20180430,1,24,0,,,,13,1,1
6557,4fcb4a20fb3e4ab399e8e875c218608e,20171225,7,7,0,,,,13,1,1
6558,2c45d40ea03a4f0e99adac10025c332d,20170728,4,30,0,,,,13,1,1
6559,b5e8082a055d442bb28da12c11d68442,20170725,1,9,0,,,,13,1,1
6560,f8c52d52b387478a98afbb4928b39233,20180319,2,20,0,,,,13,1,1
6561,1ea4ac7221bc466f8ae2392642a4b620,20180520,4,12,0,,,,13,1,1
6562,d7302f1310a14f2abef2e87e470e7103,20180331,7,16,0,,,,13,1,1
6563,ca6812f2010740a08de9cb8055bdc29f,20180124,4,23,1,20180131.0,7.0,703.0,10,9,15
6564,269192ad36f94eb5adea20c48b993226,20180417,9,14,0,,,,13,1,1
6565,d7985ad5b7b84701aa6ab2bdf35228d8,20171008,4,6,0,,,,13,1,1
6566,ed09974bc3ca4da3a60c6617f2947583,20170613,7,26,0,,,,13,1,1
6567,f71448a7ef19476d9796cdb69f482e3a,20170919,1,10,0,,,,13,1,1
6568,9c8e4eef97414de49e4376c1dff91d1d,20171118,9,13,0,,,,13,1,1
6569,cf128d649b6c458483f551c1d7e3f5f0,20171216,7,18,0,,,,13,1,1
6570,8eec173115c747d08adf1041081c677a,20171218,7,24,0,,,,13,1,1
6571,20459c91341a46efbc0cbf8346568c28,20170824,9,13,0,,,,13,1,1
6572,8fbd7f666e8f44aba017f43dee2c981f,20180315,4,1,0,,,,13,1,1
6573,54c021c88f6548b8a586b0d353311d7d,20180508,4,3,0,,,,13,1,1
6574,465e543a47d54776b2a2fe123e5579e7,20180412,8,12,0,,,,13,1,1
6575,3aaeda4ff53f45299e0b4ab232bb556c,20170601,4,29,0,,,,13,1,1
6576,50929f9a97c44fa89b72474b57d743a4,20170626,1,19,0,,,,13,1,1
6577,470517426c1240948ad89c380239cb56,20170601,5,18,0,,,,13,1,1
6578,10be59cb30b24319917353a757a310aa,20171213,4,7,0,,,,13,1,1
6579,33c305880e634d8191801b2ca9b0466f,20170720,7,16,0,,,,13,1,1
6580,c03995c6c2a34ab885e0e98a40e7899d,20170919,9,9,0,,,,13,1,1
6581,33ebf630e1d9403d8b696b5d74fae10f,20180103,8,3,0,,,,13,1,1
6582,1603e52476d44e95ab2c1cc25d2c7f1d,20171022,2,23,0,,,,13,1,1
6583,c16d445ba89444e9bb7febeb599d303b,20170612,1,24,0,,,,13,1,1
6584,f740ac04d1da405db62f2fba39a73f1c,20170618,4,1,0,,,,13,1,1
6585,e3286579b09e4cf8a901bb234df56736,20170812,1,18,0,,,,13,1,1
6586,388943e8258047628f4d9360718074e2,20170913,7,22,0,,,,13,1,1
6587,a7325a1c95624f678fa1a8daeaad9cd0,20180422,7,12,0,,,,13,1,1
6588,07e645bed6d642afb3c365fa17812788,20180130,4,26,0,,,,13,1,1
6589,c1221e675a2f432b8b9175bb28d2f3cf,20170728,4,2,0,,,,13,1,1
6590,e052a55a7ecc448db892441212d511e5,20170929,3,10,0,,,,13,1,1
6591,b2dd877b487647a9a4d7ddb4b49b58bb,20180324,7,19,0,,,,13,1,1
6592,69faf77dacc64972a78259e49078f9e7,20171017,7,28,0,,,,13,1,1
6593,f050aec894c1464390e97cc87e7b53cb,20180316,7,3,0,,,,13,1,1
6594,40c0021d358e4e9bba80d8fd2dd2bb96,20180521,8,9,1,20180612.0,22.0,704.0,10,6,10
6595,546a531c85fd49aa8e0be1635e8ae9b1,20170704,1,11,0,,,,13,1,1
6596,76110794c8624cd792e7c68fad561ea1,20171211,4,27,1,20180111.0,31.0,705.0,6,12,13
6597,74fb7d5dc71540f08f8f0b8e4e66fe1f,20180210,4,20,0,,,,13,1,1
6598,88810db159644b96b70d4c3e7e34da61,20180125,4,7,1,20180417.0,82.0,706.0,6,9,1
6599,b8cf13584e7d428b90bd5802fa8afb74,20170607,5,12,0,,,,13,1,1
6600,2028c0b13edd482f9c6c7923f701948b,20170623,9,3,0,,,,13,1,1
6601,b6e176177fd0495e9011346b2d81ddc6,20171022,9,2,0,,,,13,1,1
6602,41faf45c277b4faa8b396b08a797be86,20180201,9,5,0,,,,13,1,1
6603,a7a25b9f380e4e6e809c85c9b9f88e77,20171015,7,11,0,,,,13,1,1
6604,ea6c2cea1ca5411ebe09717b3e5f6606,20171018,3,17,0,,,,13,1,1
6605,5e312b8d3dec460f9ae2b354c528b5e7,20180520,9,5,0,,,,13,1,1
6606,c223b9ac5ee14767b3dc455b64102b4d,20170601,4,27,0,,,,13,1,1
6607,04829a0db0e54578a8f9c5f9d9c7af61,20180316,4,21,0,,,,13,1,1
6608,b6eea72ea147415c9303b046b8fd2c16,20180526,9,5,0,,,,13,1,1
6609,5f20ff03d218406788fc570bb5a29710,20170927,5,1,0,,,,13,1,1
6610,3db1ef116649480d8f750cc78498304e,20171204,7,29,0,,,,13,1,1
6611,f383de882eb447f4bfbfcf933d403696,20171206,8,20,0,,,,13,1,1
6612,feb14840355e46c7a22e517b4be0f03f,20180128,1,7,1,20180210.0,12.0,707.0,3,1,13
6613,c99b5981f2dd4877b0c4fe76c22c258c,20171209,4,12,0,,,,13,1,1
6614,a663aac6e5ec4bbd8e49e1096ae3ded9,20171208,4,21,0,,,,13,1,1
6615,5384760477814ef8b849edf0f47b8824,20170814,4,2,0,,,,13,1,1
6616,6021e0a6c5634ae9b97d2ec74e194709,20180424,1,15,0,,,,13,1,1
6617,2e4731dc0d104f099198a506a4eebe54,20170829,4,30,0,,,,13,1,1
6618,2e3fff712d0e4e59976ec29d38be8297,20171208,7,16,0,,,,13,1,1
6619,2962299bc1ca4e0d8b3449059e2490c8,20171028,9,20,0,,,,13,1,1
6620,8f5de546942447e68c422b51551e9ecf,20180511,1,11,0,,,,13,1,1
6621,6de3fa1473214939a35c2e0f252df232,20180305,4,16,0,,,,13,1,1
6622,117fc59e79e548678a88e670e09ad601,20180108,7,29,0,,,,13,1,1
6623,2a7fdb45bca441d38132af6583ae0d30,20171008,7,8,0,,,,13,1,1
6624,58c29f338efc4f31b95a16e556667cf9,20171201,9,18,0,,,,13,1,1
6625,aa5bba1d9bfb411bb9c7e014a720c18d,20180117,3,10,0,,,,13,1,1
6626,95cba146f0a947238f555ea4a09cbfbe,20180515,4,12,1,20180529.0,14.0,708.0,1,9,1
6627,1b0371c37668485ab0518b0f1d6211ad,20170622,3,6,0,,,,13,1,1
6628,abdacbdbd3124cb5a523aef8ffb06fed,20180417,1,29,0,,,,13,1,1
6629,cf49d030585a414c9eb93cfc9abff7c2,20171122,9,23,0,,,,13,1,1
6630,48d9e0746b234ba89eefd6b3fdece280,20170821,1,4,0,,,,13,1,1
6631,030cb943cb264f05860210b5bcf66769,20170914,7,3,0,,,,13,1,1
6632,2600f34dab444bae9f01e567c33d78fb,20180101,4,6,0,,,,13,1,1
6633,f9a9a3b5221c4d9ab2e41294ef4cb32e,20180306,1,6,0,,,,13,1,1
6634,de034b5eb2e1459d9463d5a5b4f3bea2,20170724,9,26,0,,,,13,1,1
6635,a4972f04426e4bb4a5300d4b1f3cab28,20171009,9,11,0,,,,13,1,1
6636,3fe4e73e40ba48f68f13c73a52585ad3,20170824,7,11,0,,,,13,1,1
6637,7fb43e1676c849359e4e2298e306ff49,20180530,5,13,0,,,,13,1,1
6638,dfc58f814fba439085321fc1b0ae8503,20170730,9,2,0,,,,13,1,1
6639,0005a1ef26cb4691b4c9d567480b5cd1,20171209,4,22,0,,,,13,1,1
6640,aa09774fd784459cb8ea999d80e33e6e,20171220,7,11,0,,,,13,1,1
6641,28777f9e9e304141b56718e9bf89068a,20171219,1,14,0,,,,13,1,1
6642,b282a6f8d3ee451091e264255db5b84b,20171127,3,28,0,,,,13,1,1
6643,1119a6cdc5df414f9bd809410c8a2294,20170725,7,23,1,20170802.0,8.0,709.0,4,8,8
6644,f0b3fc831de74ef2b31a581f669eaec3,20180426,8,4,0,,,,13,1,1
6645,2eac0b3523cb47899401def015f4b628,20180522,4,28,0,,,,13,1,1
6646,7322e4955e084be9a7d31fdc68764f1a,20170601,7,5,0,,,,13,1,1
6647,913869bf0897414ea69bf229d1437c89,20170726,8,4,0,,,,13,1,1
6648,16fd3924eb814f19bd51bd9f8edb2e1c,20170707,8,17,0,,,,13,1,1
6649,ea900cf26cc648aa96e7c53302dc8156,20171225,1,20,0,,,,13,1,1
6650,82392c4b16fb4527bfa8ffc5d441795e,20170916,8,23,0,,,,13,1,1
6651,5783d37be7df4188a9669436c5d66445,20170720,4,26,0,,,,13,1,1
6652,21d0e96d7f1f4488bf0523bb5fb8f511,20170609,8,1,0,,,,13,1,1
6653,5ea8ae6343f44bf0be6f29ace94cd7c5,20170801,7,7,0,,,,13,1,1
6654,787cce9f125349e7a697e303411ad93c,20180515,4,3,1,20180531.0,16.0,710.0,9,8,2
6655,3666f613032c46a9bf9513ef232b2a3d,20171008,4,25,0,,,,13,1,1
6656,deecfd0f60a844a087510420314287ce,20180103,7,11,0,,,,13,1,1
6657,0541f3edd28445248c60026464d9e79e,20171224,4,28,0,,,,13,1,1
6658,ed6fb3011928449d9b895c7d814fb471,20180402,7,8,0,,,,13,1,1
6659,1df6c473c4594ddca9e4b518eb717dd3,20171216,4,9,0,,,,13,1,1
6660,6524737f994d4aa38cd1b60b762ca5f5,20171103,7,29,0,,,,13,1,1
6661,d891ba3b37304402b38afa0b52971df6,20180329,9,23,0,,,,13,1,1
6662,80a3b905119f4a04b83ef83835f0c9dd,20180411,7,27,0,,,,13,1,1
6663,739ec508a51246b3b22ae7f35b5e3bf4,20180514,7,27,0,,,,13,1,1
6664,b351da83c3e149d5903010c8bf807d59,20180211,1,16,0,,,,13,1,1
6665,b79f05d2d5184bd7b229e0233c01fe3a,20170616,8,28,0,,,,13,1,1
6666,590e1a9744b2487a940fced149e0f5f3,20180129,1,24,0,,,,13,1,1
6667,25982c1044524d78b64d9ed22ece4be9,20180303,7,15,0,,,,13,1,1
6668,868b69826dfb4de9a63b069988b41746,20180519,1,29,0,,,,13,1,1
6669,7c4e9145f7474ad3ab14558ac70df463,20171127,4,26,0,,,,13,1,1
6670,177e628ede8449e4bbbd6199bd1b89fd,20171212,4,13,0,,,,13,1,1
6671,f761c7502d344650b30bf7acc14389b4,20170715,7,19,0,,,,13,1,1
6672,1c79a9bb7c074f57a97acfa0e9d42166,20180306,3,3,0,,,,13,1,1
6673,fa2a194708ef4c31a5a37fdd646a4f84,20171004,4,22,0,,,,13,1,1
6674,3328bc83eed5437bbdedcc57f325e828,20170719,4,30,0,,,,13,1,1
6675,c2ef9955b0744761aadb4da0a0de24d4,20171120,4,29,0,,,,13,1,1
6676,23a7a60774754c96921ec473b8d4ccf1,20180127,8,8,0,,,,13,1,1
6677,45209d2d1f794c46920ee74f5065b94e,20171106,9,24,0,,,,13,1,1
6678,07eebd6a2a514a8fb0eff9af9d15998e,20180527,4,9,0,,,,13,1,1
6679,ec32ab2f0f6142009aa36d8cbd934cc7,20180411,9,25,0,,,,13,1,1
6680,094b33d68c6747a39f66d66adea656e5,20170606,9,14,0,,,,13,1,1
6681,89a79cd6a13e4f7eb5336eef3e73f308,20180512,1,22,0,,,,13,1,1
6682,a7e7d8a8543a4e63b0119d1824092077,20180215,4,3,0,,,,13,1,1
6683,2774e187781f4c9c9296c348b33b53fa,20180213,8,18,0,,,,13,1,1
6684,7b8f13dc62b44a99876cfb2ee09e5f6c,20171019,7,30,0,,,,13,1,1
6685,8fb1c405322944a1bdd02c783b747bd2,20180302,1,2,0,,,,13,1,1
6686,d5646039622e442d8e3e582d477cdb4c,20170625,4,14,0,,,,13,1,1
6687,2dce9c33a89042ddb41ac3bcc34f7e1d,20170731,7,13,0,,,,13,1,1
6688,75c920f28b754e5b8415c238b3628cef,20170829,7,1,0,,,,13,1,1
6689,48e1b541a24846f69622902e84bcc558,20170823,9,1,0,,,,13,1,1
6690,f6af6df9a9d741f0bdb3feebb278feac,20180404,4,15,0,,,,13,1,1
6691,93f436ef11bb474193bd8f28e86cfca5,20170727,3,20,0,,,,13,1,1
6692,0e8b353ea0054925afbf4c9f35514616,20170710,4,13,0,,,,13,1,1
6693,725e8cdda7d84e66bd9455ddbef7928b,20180204,1,26,0,,,,13,1,1
6694,552027220b5a49a08cc39f73abc1b891,20171216,3,12,1,20180110.0,24.0,711.0,1,9,7
6695,b9bf7e136ca34cfbbcf9d5740690325a,20170830,9,27,0,,,,13,1,1
6696,779d654887154c4abf384507f9c8f0d0,20171102,1,17,0,,,,13,1,1
6697,dc23b2ba10e447c892073f9d02d57467,20171122,1,10,0,,,,13,1,1
6698,0053cdec2006467bbc8bfeb8c3e9cd82,20180208,7,28,0,,,,13,1,1
6699,3f9fbee0f7384ad391b1a8fc46b42d5e,20180114,3,25,0,,,,13,1,1
6700,d2c9c8188f294b478d7c45153926af6d,20170824,7,4,0,,,,13,1,1
6701,c7c8c8bbad9442d484796d6f3dc826c6,20180406,9,26,0,,,,13,1,1
6702,6deb3773f8ca47228722617971948180,20180111,1,16,0,,,,13,1,1
6703,ffe2a83a9ff94f2fb782f4bba8ff0f37,20180524,7,26,0,,,,13,1,1
6704,e3d65058a18e41f282ffdacf76c098ae,20180529,7,12,0,,,,13,1,1
6705,fa7cf86e44574f9d8d13b1fc26cbd7aa,20180522,7,23,0,,,,13,1,1
6706,54e42adc574b47319c1c32ca818ac548,20180306,3,15,0,,,,13,1,1
6707,6058e97808b84f8d83ea7b378bdccecb,20180129,5,19,0,,,,13,1,1
6708,ea738e27d2ac478ebaeb1d82a69951b0,20180110,9,28,0,,,,13,1,1
6709,930ea79aa0274bf89840cd4eb2125d35,20180103,1,3,0,,,,13,1,1
6710,3d3eeb40d6a44849b6e9874ca56b006e,20170715,5,12,0,,,,13,1,1
6711,36d4ea3b599e437d8205670ae8b02c9c,20180507,4,13,1,20180529.0,22.0,712.0,7,1,7
6712,1b708a81cc6a421592235f61efcbb09b,20171223,4,22,0,,,,13,1,1
6713,67cd551974484ce5be5e7298eb50e45e,20171003,1,25,0,,,,13,1,1
6714,56b969bfa13b440f82c6884e51d8ed52,20170613,3,3,0,,,,13,1,1
6715,7d8587910e9943d2aa0b9cbf69f5a480,20180320,8,11,1,20180405.0,16.0,713.0,11,7,14
6716,900f376dd01346e9aa2f5453a8b99f7f,20170909,7,11,0,,,,13,1,1
6717,8786d07664ee4c01b903fe3390924ec3,20180307,4,21,0,,,,13,1,1
6718,7c24e1a9c50a40e0a1fde8db37f44d1c,20171013,7,3,1,20171017.0,4.0,714.0,9,1,13
6719,7ad8504e02a7491f86737311f512e27e,20180503,4,14,0,,,,13,1,1
6720,1c45f18d8c114dd1976d3c200037580d,20171229,7,21,0,,,,13,1,1
6721,2fbe726326ba4994bc5e42058afd8bc0,20170621,3,9,0,,,,13,1,1
6722,1ee457a5ec404b5488c31bc60832cee6,20170815,4,4,0,,,,13,1,1
6723,9928f1bf23134f24a1eeeeb692086c0f,20180526,3,26,0,,,,13,1,1
6724,ef6b78b1ab7e49d8b850ce264abb9c53,20171208,7,6,1,20171228.0,20.0,715.0,8,2,10
6725,aaac3b7e8f154d04bfa9bd24d840c69b,20170607,9,6,0,,,,13,1,1
6726,e89cf918412e4dbd86620329103c95e6,20180507,4,14,0,,,,13,1,1
6727,3004bb1f2220405788058550a8fd6ff0,20180227,7,1,1,20180312.0,13.0,716.0,10,2,1
6728,60ff3dd84b2e4346a8ac9f4273d71358,20170810,4,22,0,,,,13,1,1
6729,d3ec77d5919442b99c9eeb9cb104817f,20171003,2,5,0,,,,13,1,1
6730,d579381e49854719bfd1e9a70fb4d889,20170918,3,11,0,,,,13,1,1
6731,17572e37cc3847ad981c7e21f214cdaf,20180130,7,13,0,,,,13,1,1
6732,b311e00748f344749471a0c133885bb3,20170918,4,7,0,,,,13,1,1
6733,10de901983b54825866f82d4aa1922ad,20171216,5,23,0,,,,13,1,1
6734,da04c807762244788651f65003f5f1df,20180418,7,10,0,,,,13,1,1
6735,d7f791d03fe5408aa070e62062a31e1b,20170707,4,11,0,,,,13,1,1
6736,1c9d7fc4ffc44f11a08d13713694f0eb,20170805,9,4,0,,,,13,1,1
6737,cf37c54e1acf4a03bd12614e92db7174,20170705,2,6,0,,,,13,1,1
6738,f64ecb82406844c2aabb67328e0494dd,20170708,4,7,0,,,,13,1,1
6739,ca3ebca2199e4ce9b795888d2aad6913,20171005,4,24,0,,,,13,1,1
6740,f7b1db488d72495a8fb3cdc328c9193f,20171229,5,16,0,,,,13,1,1
6741,bb91f42b099c4ddd9bf3e9a50966b5a7,20170924,4,15,0,,,,13,1,1
6742,a7ea27183d03481fb3da7c082d1cc5ed,20170701,4,27,0,,,,13,1,1
6743,3f8511dd5085438cba8c8e6c46a25afe,20171112,9,26,0,,,,13,1,1
6744,e37d0e683a00458ea242c5f188776042,20170907,8,30,0,,,,13,1,1
6745,2cff073bd4af4b448dd45e9312f07927,20180117,7,20,0,,,,13,1,1
6746,684fe52a5631477ca337cacb96fd1c85,20170924,10,13,0,,,,13,1,1
6747,7bfd1a1c8097495fa60a97c2e534b707,20180411,1,12,0,,,,13,1,1
6748,f3e61a3df61540a48ea1a5175ecc0117,20171226,4,10,0,,,,13,1,1
6749,ef92c9b0c7ec4c22a01a3aec986c222e,20180422,10,17,0,,,,13,1,1
6750,3ebe1f427a844e35addea4a1be9dfd5c,20180403,7,1,0,,,,13,1,1
6751,77e6389ca2fe46d29797a2821364d2b7,20180210,7,15,0,,,,13,1,1
6752,2b3cc2a8952a4f3783c775f41fa295ca,20180404,9,15,0,,,,13,1,1
6753,c03ef5d250e74fa79b931205e8049e1f,20170704,7,3,1,20170717.0,13.0,717.0,12,10,15
6754,ff498099ff724769ac0e88fa12822e15,20180527,4,24,0,,,,13,1,1
6755,ef3ea1730e014056acce53f6bcf510a1,20180425,4,16,0,,,,13,1,1
6756,bf2296a914b74c7ca714103be53e5e26,20171021,7,19,1,20171031.0,10.0,718.0,1,11,6
6757,100c4496d0e94fc399bd705e256f805d,20180124,3,5,0,,,,13,1,1
6758,20cb2a74542b4512af6e4c59fff3c5f6,20171122,9,20,0,,,,13,1,1
6759,f2e3688bf2cb4f79a36b45bacc80ca9a,20180302,10,8,0,,,,13,1,1
6760,e1eef065c6084f64b5695b6186a1483a,20171105,7,6,0,,,,13,1,1
6761,f840e87967214ee6b6218dfa0ab9bf92,20180205,7,24,0,,,,13,1,1
6762,d523f2fa8f554c26adc7f63996ca2ce8,20180519,4,28,0,,,,13,1,1
6763,133ed1f6d0604fae90ec9013f4457845,20180314,4,29,0,,,,13,1,1
6764,e89e8ad52a6c4fa7ac5a2004dd82de24,20180505,7,4,0,,,,13,1,1
6765,27f2d09892904e0db0964bc149347496,20180127,3,3,0,,,,13,1,1
6766,2ec63ee16a224748aabec277760036ec,20180521,5,8,0,,,,13,1,1
6767,fcacc7bd9f2144fd85af373717a17beb,20180228,6,29,1,20180314.0,14.0,719.0,4,6,2
6768,a891df0f33b04a37bf60d799968699ad,20180420,4,19,0,,,,13,1,1
6769,a7f821ecea4e425599dbce88edf8fd88,20180419,8,22,0,,,,13,1,1
6770,e374c215dc80450b9469ccb5bc27b081,20171017,7,29,0,,,,13,1,1
6771,917300f2606e4489b59fe6dcafe7db89,20180218,4,8,0,,,,13,1,1
6772,23424352ef0c43149157ade026218adf,20171113,8,14,1,20171122.0,9.0,720.0,9,2,1
6773,3506a9157eb942cb92baa1e0f11c4538,20170906,9,1,0,,,,13,1,1
6774,48717a7b5383465ab517b39499f5af3f,20170907,4,6,0,,,,13,1,1
6775,109ba4c6405d4c198d3de6d0e56ec7b2,20180513,7,19,0,,,,13,1,1
6776,5d80002cfd8d41338f45b3d75c9a0e12,20171014,7,15,0,,,,13,1,1
6777,433ec9e783d14f18bfe338192df4c56a,20180509,1,9,0,,,,13,1,1
6778,4c69ae9e5b9e4d56881ab1a9e458e1b1,20180410,7,5,0,,,,13,1,1
6779,5705870530b645cdb9a39d873ec7e2ba,20180519,10,9,0,,,,13,1,1
6780,374f1f3619da4f288c2bab6c510e1c73,20180518,4,28,0,,,,13,1,1
6781,6d4bc5834669422aad9a6a23b00e1908,20180305,7,8,0,,,,13,1,1
6782,e9106590984d4a93b4800d0543df53d4,20170913,7,14,0,,,,13,1,1
6783,7559b70ae1e84e94b5ca1beac526dd90,20180222,9,25,0,,,,13,1,1
6784,a1fdf0858f774015942d3b9cf79a181f,20171028,7,17,1,20171108.0,10.0,721.0,7,8,10
6785,6f0c806dfcc64db88f61ce86b0496829,20170914,1,5,0,,,,13,1,1
6786,96a0fb8f68c6499bb4301da13e1348e6,20180421,8,7,0,,,,13,1,1
6787,b467be025f5042ca801fd36f97c6905f,20180428,5,16,0,,,,13,1,1
6788,3e93ce26365541bf97bb012a1b58b6a1,20171004,3,13,0,,,,13,1,1
6789,2b3599a5295d4ba29c22e13b0a90d655,20171017,8,18,0,,,,13,1,1
6790,37854d5a46dc42f7bb0bd71fbac57fde,20180303,9,4,0,,,,13,1,1
6791,9ddaf5e141bc4552afecc9af81df7571,20171009,3,3,0,,,,13,1,1
6792,0a7e063697934c5ba08a4203eb1a28cd,20171008,7,30,0,,,,13,1,1
6793,f458656faa884459800396b214818051,20180309,7,26,0,,,,13,1,1
6794,1a1e35677e7343679e7e10f4a5ae2c2d,20170705,7,5,0,,,,13,1,1
6795,6d992377237e4f8ca8f7b37c11faca2d,20171009,7,18,0,,,,13,1,1
6796,3369f4e29cbd489691c7a84471f0dff5,20180309,7,20,1,20180320.0,10.0,722.0,3,12,4
6797,90c460dcf1974785b16f83433e65a77d,20171020,2,14,0,,,,13,1,1
6798,3d23f7b613e7456e855baf4167b689c9,20180102,7,19,1,20180106.0,4.0,723.0,9,7,14
6799,bf952fdafb884a9d811365f26d1f0437,20170627,4,23,0,,,,13,1,1
6800,48b6067c44d449a9b2c83a68a93972d8,20180206,9,25,0,,,,13,1,1
6801,5beed44a30a04b21ac248f4e682bf597,20180130,4,30,0,,,,13,1,1
6802,f14b57f2c71643c49658ef09bb314c9e,20171108,4,4,0,,,,13,1,1
6803,d39552bef7614df29580fa304748ae44,20170901,4,16,0,,,,13,1,1
6804,e53a0c8b5bbd4872a7b3190c4001d8fe,20170628,7,10,0,,,,13,1,1
6805,fb706f40b9f74492aea607a82e3388c8,20170706,7,25,0,,,,13,1,1
6806,4b97932f7c704653844df3ad5c838262,20180308,3,19,0,,,,13,1,1
6807,042cb2e228244f27a9d7d741da6f08be,20170805,1,22,1,20170824.0,19.0,724.0,7,6,6
6808,e828d4d8f60c4eb4b8fa5bbf07f8183b,20180518,7,9,0,,,,13,1,1
6809,958f5181fe2b434f84494bf763ec8978,20170621,7,27,1,20170701.0,9.0,725.0,5,5,5
6810,e2ca682415f24afebf1808711e554abd,20170606,7,8,0,,,,13,1,1
6811,76eb7c46940049708e9c066265a5bdb9,20180416,3,1,0,,,,13,1,1
6812,8442e66157f84a918d30d1f27d5e325b,20180107,4,17,0,,,,13,1,1
6813,b70d6c933da84e36b64507059ffea37d,20170921,4,29,0,,,,13,1,1
6814,9af96d01db7c4d5890444907a5a16c6b,20180320,3,22,0,,,,13,1,1
6815,1b71d11940214428b69b0cfb0c34bafe,20180310,7,20,0,,,,13,1,1
6816,93a60e1e93544adab8da438a0f638ef4,20170930,4,26,0,,,,13,1,1
6817,928c78868a8f4b9985fa7dd884030ca9,20180311,4,8,0,,,,13,1,1
6818,8fc51d203ace4962ac997506d8fbf572,20170921,5,5,0,,,,13,1,1
6819,f4c3a31a6a6e44f1a427f83e5eb464b4,20171214,8,21,0,,,,13,1,1
6820,fd1d145edafd401bbe026a49e1782ff6,20180412,1,7,0,,,,13,1,1
6821,2149d6e3fac447628ebb3540a62bf4a4,20170717,7,2,0,,,,13,1,1
6822,502c712ae1f444038e8eff62d3d6834d,20180411,9,5,0,,,,13,1,1
6823,30c9a33d6ce94e2386621c9c6292b6d5,20180204,6,25,0,,,,13,1,1
6824,20d3d6a50d9743aba2f89f5f638661c3,20171005,2,17,0,,,,13,1,1
6825,8ad3dfb79ccf4b4fb719898011be8f20,20171002,4,29,0,,,,13,1,1
6826,72cfe16aee9b418bb23f2c4c13ce25eb,20170824,3,22,0,,,,13,1,1
6827,65236faeb7ff4ec1bfd6a5a24fb806cc,20170921,4,25,0,,,,13,1,1
6828,f9d33ffb7730427bba4ca89612a82e89,20170602,4,11,0,,,,13,1,1
6829,a8042ef5ec614060b22888b45852e825,20171105,1,14,0,,,,13,1,1
6830,e95ae72a78c447a1a5a839c511a2d076,20180404,7,18,0,,,,13,1,1
6831,06c49fb58d5c4a58ac9a107a041e40eb,20170918,5,25,0,,,,13,1,1
6832,ce297c7740b749f4b2238d2f4fb3ba9f,20170712,4,28,1,20170816.0,35.0,726.0,10,2,7
6833,ce8c3c60c32a4b4b805f58367e259c38,20180114,9,4,0,,,,13,1,1
6834,5e7a29085acb41f69dfa1ec3747ecc49,20171214,5,24,0,,,,13,1,1
6835,584b67349bb0471aaf44b4fd51398974,20171212,5,21,0,,,,13,1,1
6836,4b45688ed83b4d09814d51e4eccd7f1f,20171018,4,12,0,,,,13,1,1
6837,20c6d31194f64f8c8daf669048d85cae,20180511,7,15,0,,,,13,1,1
6838,43a0c2c0b5c44565846082f4d3cc2156,20180224,9,8,1,20180428.0,63.0,727.0,11,3,1
6839,9153549e080545c3b1e8e61edbecda3d,20170611,4,6,0,,,,13,1,1
6840,9e9b88e43f934e4abdee67fb1ba25549,20180412,2,20,0,,,,13,1,1
6841,ae6db0f3074a4bde84fc3487ead6b06c,20180113,5,9,0,,,,13,1,1
6842,de9fbcfa2b7f49d084f8d03931ff0317,20171208,4,28,0,,,,13,1,1
6843,a9fd0107a181432596ee446489bffaa0,20170710,4,20,0,,,,13,1,1
6844,d20fbadee30e4fc2ab7965c0133714da,20180524,4,7,0,,,,13,1,1
6845,d5d21d6b747446b391ca16ff359b6545,20171224,5,9,0,,,,13,1,1
6846,0ec06f04497b4b54bf9594af6cfa5c2f,20171108,4,30,1,20171201.0,23.0,728.0,1,1,5
6847,037eae744bc442008e99298eef4fbca0,20171019,7,28,0,,,,13,1,1
6848,c0d32ee9370f4e8694ebbdadf5192b57,20171027,7,30,0,,,,13,1,1
6849,33cb3e2f20f94960817c841fa219963c,20180404,9,26,0,,,,13,1,1
6850,d337acba8d4c4b01997c0124c7f37070,20180518,4,17,0,,,,13,1,1
6851,6eac2fc02e794b32b9a4d072132ae5fd,20180427,4,18,0,,,,13,1,1
6852,751af883470c435fbf266341ce586af3,20180601,5,30,0,,,,13,1,1
6853,547e9e7536664499a9e02581c917aa1d,20180320,5,16,0,,,,13,1,1
6854,7aa1b438c4ef4712b237406463f3a54c,20171213,3,13,0,,,,13,1,1
6855,09c6995aff20444b866359e6760dd746,20180110,4,22,0,,,,13,1,1
6856,5dbec67ec10b40ee9f22cb5dc0a06be0,20180104,7,15,1,20180111.0,7.0,729.0,4,6,8
6857,edb0640e86d54a26aa4fb4f815bc06b7,20171009,9,17,0,,,,13,1,1
6858,11aeefc56bd64fcda1a371fcf2197898,20171016,4,22,0,,,,13,1,1
6859,ff71eb0178484dc496a338aa1e14483f,20171012,5,7,0,,,,13,1,1
6860,837eaafb8fc94c2da5adf2d970397b00,20170826,9,10,0,,,,13,1,1
6861,b3ba4482a3a54f10917b2c749a74ab94,20180327,4,6,0,,,,13,1,1
6862,a77e340d10584458aac5051c3c6d542b,20180403,5,5,0,,,,13,1,1
6863,4699d50414ab44c8adcfc35bd13e0d1a,20170909,2,30,0,,,,13,1,1
6864,8f683f9bdce7462fbd5fea37129c43d7,20171204,4,24,1,20171218.0,14.0,730.0,3,9,15
6865,03945dc2527c4545aa50dcf032ebce33,20170926,9,28,0,,,,13,1,1
6866,aadea283f8644e95b359fb145a9f3254,20170821,7,29,0,,,,13,1,1
6867,3db03217af644035a23700057fed9173,20180523,7,27,0,,,,13,1,1
6868,5696125ded9046869cf8999441e20997,20171007,4,6,0,,,,13,1,1
6869,f9946eb629984456953070462ad2aba2,20171009,9,4,0,,,,13,1,1
6870,cd359a3596c84c4aae6a2684df83782b,20171029,2,10,0,,,,13,1,1
6871,9cad140fa32b4a4cb03b4b2ec503596b,20180110,9,10,1,20180124.0,14.0,731.0,3,4,3
6872,93c760c6a2604c83a2eb4eb3cd1d0dc6,20170904,4,15,1,20170920.0,16.0,732.0,9,8,11
6873,5ad17374b38d494fb4cf085aa2946baf,20171107,9,6,0,,,,13,1,1
6874,c5eef8eef6eb4252bb97805d33a3c911,20170705,7,10,0,,,,13,1,1
6875,9da67b826d7146fc9bf4e26071e7927b,20170718,8,27,0,,,,13,1,1
6876,1440198c1bc241de8413092443a51582,20180321,7,5,0,,,,13,1,1
6877,55b57198783f4c7e99370b267f520e8f,20170830,4,21,1,20170920.0,21.0,733.0,12,12,13
6878,ce84c6353c8d4781b4d6cd48844fba1e,20180127,4,12,0,,,,13,1,1
6879,dda5615651534231913236aa3550f5c2,20170825,1,26,0,,,,13,1,1
6880,783f1285a9ef4d6a84042f5cfc707025,20170909,4,28,1,20171006.0,26.0,734.0,10,2,15
6881,271a521ed33b4da0a2a53da93e30e538,20170710,1,24,0,,,,13,1,1
6882,c1c6a84628ca46d59a86f1cffacd6313,20170722,4,20,0,,,,13,1,1
6883,a88a255d16b6468b80d9ae9ccddf84af,20170831,7,25,0,,,,13,1,1
6884,ba1f6fc2f2ab4fbeab724ffc730b6cc4,20180123,7,24,0,,,,13,1,1
6885,5b2d779bf56f4e79a3d02ca6b4cbe7e6,20171206,2,4,0,,,,13,1,1
6886,f6c5c46d99e648d2b0e612ece8d17df6,20180301,5,17,1,20180308.0,7.0,735.0,8,4,4
6887,6ece88fd49614a48aa9bb2933a06f6ba,20170605,4,10,1,20170808.0,64.0,736.0,9,10,11
6888,88730370fa8b4e3d9fef43bb71ae6f72,20170827,7,6,0,,,,13,1,1
6889,6642fbb050fc47899d15262de251136f,20170611,4,6,0,,,,13,1,1
6890,63bf49d5ea5f4c80a7271e22cb46957d,20170630,9,4,0,,,,13,1,1
6891,1281a6356a6a4cdcb59d4c76d2484ba1,20170825,7,13,0,,,,13,1,1
6892,7b74378a124c4dd0a953297300a67413,20170819,5,17,0,,,,13,1,1
6893,faeeb8f329ca4bbdae73ad4080bb4d21,20180408,5,14,0,,,,13,1,1
6894,4ca51b2cbd34482daced4ea5cba06aa2,20171021,7,17,0,,,,13,1,1
6895,b809099ebc604d9c8d4d2908355fd4ab,20180119,7,28,0,,,,13,1,1
6896,22fe75ac079548d4a10bf9abfc2d548a,20170727,8,7,1,20170802.0,6.0,737.0,7,5,5
6897,5271d01f86a94f46974adaf4b72f474a,20180424,3,24,0,,,,13,1,1
6898,b56a4305f5b7462a83e8b6d6fc47a446,20170622,4,30,0,,,,13,1,1
6899,7621d7d31bb34a3bb488cfc5e35e46cb,20170809,7,1,0,,,,13,1,1
6900,eca7bf4085d040b4a08ce877e44e493b,20180122,7,5,0,,,,13,1,1
6901,92e68e1ee5954d72ba3a26da3a6ed21a,20180206,4,21,0,,,,13,1,1
6902,6aa47cb22d994e419a0f004a44f53fd4,20180305,4,12,0,,,,13,1,1
6903,2384cfbe09604adbb4d03573b7979c5d,20180224,4,23,0,,,,13,1,1
6904,01887d3a3b7d451e8015ec5f0d43669d,20180222,9,5,0,,,,13,1,1
6905,27e74ddf3344472884a24746e978e1d9,20180407,4,28,0,,,,13,1,1
6906,3cfe87ea33ff44bcbbdf395728acd039,20171225,4,6,0,,,,13,1,1
6907,daa9965081e24521a873c5ae5e91a856,20171226,4,6,0,,,,13,1,1
6908,d7aa27ebf15742b8880231b61538a522,20180211,3,5,0,,,,13,1,1
6909,7fa60be16cb0412fbe38ecc308461668,20170619,8,3,0,,,,13,1,1
6910,86f3060c40d147949e1e2472a8581862,20180404,7,20,0,,,,13,1,1
6911,06b7ab45a375411abfeb71e094657c27,20171031,7,29,0,,,,13,1,1
6912,3643734880fb4dabb151bd997fc4b244,20171229,6,30,0,,,,13,1,1
6913,3374e491a3594d50951abe6f5659a06c,20171101,4,26,0,,,,13,1,1
6914,46744c7ee6784698ad1c308f0ac3a465,20171109,4,9,0,,,,13,1,1
6915,a4686c2ffdde4245b08b314763222e7c,20170609,7,15,0,,,,13,1,1
6916,379b6200c85a46f6a96346281bbd8620,20180423,4,18,0,,,,13,1,1
6917,4f16bf99ae14414db41cb490a9bbfd21,20180330,7,23,0,,,,13,1,1
6918,24bfd198832640819383440e4177bcea,20171102,5,17,0,,,,13,1,1
6919,2cbd5a79da404c01a85dd5812dc4281e,20170812,9,12,0,,,,13,1,1
6920,5651bfe826a14c5b94270a9de04f9628,20170925,7,19,0,,,,13,1,1
6921,ff5478cfb787455687c832254c257237,20180205,5,18,0,,,,13,1,1
6922,72887a0340144b378a29fbccdc07d8e1,20180531,4,16,0,,,,13,1,1
6923,33e22105f60c43d18aab97d7f1fbd8ba,20170913,4,4,0,,,,13,1,1
6924,d1a17d06e07a4cd9959992195ddc644a,20171230,9,17,0,,,,13,1,1
6925,90cf37ba19fd434c829b6701feb6777c,20170814,9,22,0,,,,13,1,1
6926,ec689bc61b8c49c9bf24519d152ff18a,20170722,4,16,0,,,,13,1,1
6927,06bf38712d1a47369b84ab1a0e470692,20170628,7,18,0,,,,13,1,1
6928,bb7a336bf28945458f32ab39874a23d4,20171215,9,10,0,,,,13,1,1
6929,4053aa8afb8049a49f75b3f920d2cb7a,20180108,1,29,0,,,,13,1,1
6930,3e8b5da45e6a4da3b8692b96de61206c,20171029,9,20,0,,,,13,1,1
6931,dbd6d63b8d1c4b66955a9d033f7a82f6,20180218,7,13,0,,,,13,1,1
6932,fdb159d1122e46c7b64c56f1a818ef19,20170621,4,3,0,,,,13,1,1
6933,9bb537ef209d46dfb0ec70620f0d736a,20171128,7,9,0,,,,13,1,1
6934,9c5fa5375f7b401fbcdcb2170105e747,20171106,4,7,0,,,,13,1,1
6935,a02ebbcaac614153954dbe4c6ec95201,20170606,2,4,0,,,,13,1,1
6936,582c7b6b27cf4fa998ca6cc320877324,20180531,7,19,0,,,,13,1,1
6937,32c08980629f48579b9711b1a67a7c23,20170701,7,6,0,,,,13,1,1
6938,dade84d44cc444acb42b8352103a5e95,20170920,1,6,0,,,,13,1,1
6939,3773ddfd64d34ba3ab18f46be7df7533,20171208,7,18,1,20171225.0,17.0,738.0,2,6,7
6940,8d8093038c6b4187b4ef9f02ceaf9f8b,20171224,7,5,0,,,,13,1,1
6941,8932e6c175c24aeebb99fb6fd8c477f3,20180410,3,16,0,,,,13,1,1
6942,753f99cbd3f84c319e83bb5482e63ffe,20180415,8,1,0,,,,13,1,1
6943,707724caa18a4da0be1d21b7e811fb80,20171206,1,5,1,20171222.0,16.0,739.0,9,12,15
6944,26aedd133eb94652ad4766602d4eb9ba,20180220,4,25,0,,,,13,1,1
6945,507c66636c2c4d49928dba492e7ca8c3,20180111,9,15,0,,,,13,1,1
6946,17b01aacee20475ea66f3e5eb339fdba,20180219,1,11,1,20180302.0,11.0,740.0,3,5,3
6947,8d56e68899814d7dae0951dac38c1a75,20180308,4,6,1,20180330.0,21.0,741.0,7,8,12
6948,e100bc8dd1f34fa19dd57f89309ff6d6,20170705,4,22,0,,,,13,1,1
6949,78c97bccc61149538c81d29d4f1a0485,20171211,8,11,0,,,,13,1,1
6950,48d3013b38504c1a9f824244fcbc3d1b,20180601,4,2,0,,,,13,1,1
6951,6643dfff2fed4f06a7b82701e7277be8,20180422,1,4,0,,,,13,1,1
6952,54d54323126c44ff9562ff89c6357f55,20170812,7,3,0,,,,13,1,1
6953,e23e3d34a38142e0b8dd12c70a4a88d2,20180412,7,19,0,,,,13,1,1
6954,04a2f32179524308bbf26f2b66440d97,20171219,4,27,0,,,,13,1,1
6955,06811d2f561b4773ba05490dfe9c0761,20170623,3,26,0,,,,13,1,1
6956,6910e9c0ca874095adcfd0153f8e6eb6,20170808,7,15,0,,,,13,1,1
6957,3749f789caae44998962c61c3f853966,20180319,9,15,1,20180528.0,70.0,742.0,5,11,3
6958,1d03c1b7def646f1a94f57465f2a9f29,20170817,1,21,0,,,,13,1,1
6959,0a0e5ac2ece44583a9cbc296174c65dc,20180318,1,22,0,,,,13,1,1
6960,f0e7ac2c10444b959c3e62e933045de1,20170916,2,3,0,,,,13,1,1
6961,a43bc7a30c744d60a8f16fb526171a32,20170823,9,19,0,,,,13,1,1
6962,37f76b0c1a9e43458b9f061a8270ba6b,20180203,7,17,0,,,,13,1,1
6963,b6cb691ce1a7459cabe0c9db7364d1a2,20180126,2,22,0,,,,13,1,1
6964,54bab957e72c41b788d40589ca6e6887,20180511,9,25,0,,,,13,1,1
6965,815a6dda4a6a4805bd87efd6b6144a45,20170711,7,5,0,,,,13,1,1
6966,bba2d2ddae17479c994c3c48d8a431b8,20171123,4,2,0,,,,13,1,1
6967,c14e0dcf53fb49d5be37b369e07d7332,20171208,3,19,0,,,,13,1,1
6968,76d36c1e021e4fb7be5cc3df3d56964a,20180323,7,21,0,,,,13,1,1
6969,b59ed338cee44425a2397ea2d8ccd6ed,20171117,1,11,0,,,,13,1,1
6970,084688a83de94c45bedb4f1e59015959,20171115,7,4,1,20171123.0,7.0,743.0,9,11,11
6971,a89e57e8a578464dbc011de0fd55227e,20180508,4,6,0,,,,13,1,1
6972,b726fe7a76684baca2d4be1b2f5e2259,20180516,9,5,0,,,,13,1,1
6973,61445b41c18e4042b55a7150a87fc4e9,20180401,4,17,0,,,,13,1,1
6974,4021c288e17a4f5f847ea76a27d9286f,20170612,7,13,0,,,,13,1,1
6975,313c957be54d4e5c9a24a9f45f6f4f91,20171018,9,6,0,,,,13,1,1
6976,bba56a225f024bcf9ef3852a0e8710e0,20171101,7,2,1,20171109.0,7.0,744.0,7,6,14
6977,b98b47dc33754ef2bd70f2932458575d,20171225,1,14,0,,,,13,1,1
6978,6833c9b738ff42ce988913076b9fde22,20171101,3,25,0,,,,13,1,1
6979,094f27d1e61d4d7696150294314906ff,20170815,3,17,0,,,,13,1,1
6980,e7d9b26a99854fbc8aa4fdf327f1328c,20170921,4,18,0,,,,13,1,1
6981,74cabe875a064c60b3822eef953a2cab,20170818,4,28,1,20170822.0,4.0,745.0,12,6,4
6982,d6ae86fd023c445c8ea3e885bea62132,20180305,9,16,0,,,,13,1,1
6983,516741609bd0441fbe3974a2b927ae54,20171229,5,15,0,,,,13,1,1
6984,0d3a822ff2f54ba8af155fbd54b8a317,20180318,3,1,0,,,,13,1,1
6985,3f5b96b11da4499ab07a3dca62536acf,20170712,3,7,0,,,,13,1,1
6986,effcedd0382147ac930d749cad656443,20180416,7,22,0,,,,13,1,1
6987,94f6616102f14983aba9653ea70c34c1,20180506,7,24,0,,,,13,1,1
6988,28c2d05ae6b64ca393f79805ea687fad,20171108,7,15,0,,,,13,1,1
6989,22f786fe8f874b10b581ccdd6955553e,20171225,4,4,0,,,,13,1,1
6990,19e6cb4105d74da9a07c1405af606836,20171230,4,26,0,,,,13,1,1
6991,f81d7ad325db41efae2b0ec09e1365b2,20171118,2,25,0,,,,13,1,1
6992,4d5b4bd42fdd465ab0443c7ca93de227,20171105,4,13,0,,,,13,1,1
6993,8e07aed0d8704df5bb430517cbf7ef3a,20180207,4,14,1,20180304.0,24.0,746.0,7,6,6
6994,6cb66eddc3b447aeb02645067577bcc6,20170918,4,15,0,,,,13,1,1
6995,d27362aa582f43e1b4eb44c0752d136c,20170929,5,17,0,,,,13,1,1
6996,26f0a16cfa2d4cef9c2e1b41d5810b88,20180409,9,8,0,,,,13,1,1
6997,02522388fda045cbb966e2023a66b46e,20170821,1,8,0,,,,13,1,1
6998,a062d025300d47ecb5e52b23ab23c318,20180331,5,10,1,20180427.0,27.0,747.0,1,5,5
6999,9d5593727ab1473fa9541d61b3ec8f01,20170713,7,3,0,,,,13,1,1
7000,5c12ecfb474d437481b59e385dd3879b,20170713,9,4,0,,,,13,1,1
7001,f79266220954497eb5f9c1f29d7ce153,20180304,4,13,1,20180416.0,42.0,748.0,10,6,10
7002,3f62c691b27e4820b2958f79cf7da3d1,20170718,4,4,0,,,,13,1,1
7003,5ffada636f3445bab99a3698171eeeb5,20170627,3,13,1,20170729.0,32.0,749.0,2,8,2
7004,bd6459a9fe634ba6837e1550f1d82ba5,20170830,1,4,1,20170928.0,29.0,750.0,4,4,9
7005,7acc827d7fc7483c8e1708b5719f115d,20171028,7,11,1,20171103.0,6.0,751.0,12,4,8
7006,04d839d201f641608392d552e0329950,20180518,7,11,1,20180522.0,4.0,752.0,4,7,3
7007,0d762bda567746c5ba7b43a394b05ec1,20180320,9,27,0,,,,13,1,1
7008,55fb83eda6084f0f87f74e8aaf0066d3,20170824,4,8,0,,,,13,1,1
7009,d8bf147b777f416f942f0297bd74ebac,20170722,4,14,1,20170731.0,9.0,753.0,1,2,8
7010,54e7bd21477c4fddb7951f5b9a410cbb,20170713,4,29,0,,,,13,1,1
7011,e46deec2b5ff4ecab3d9de058221e1f6,20170601,4,5,0,,,,13,1,1
7012,93ea29209e594f8fa0d05282d0a887f8,20170827,3,20,0,,,,13,1,1
7013,24906c79ab3847658c9e0b670cf1339c,20180207,4,19,0,,,,13,1,1
7014,bbf7bd5c2de343c6963cf66576392629,20180331,4,29,0,,,,13,1,1
7015,7eab66f5c38b436dbe5da8fd9af6f590,20180225,9,20,0,,,,13,1,1
7016,983a0181febc4545b5edb0b65cadb3ea,20180410,8,4,0,,,,13,1,1
7017,8a9edda834734f0cbb890a249d4f9683,20170704,4,29,0,,,,13,1,1
7018,e57bb3f744824e12968568ac118c5fe1,20171012,4,23,0,,,,13,1,1
7019,28a0ee16d9e4485db3711296389f239f,20180525,7,25,0,,,,13,1,1
7020,0e06b773598f4629a68e09de66b05d36,20180210,1,17,0,,,,13,1,1
7021,fd4bfb6b5863495e8a253593e7dc73bb,20180519,9,27,0,,,,13,1,1
7022,de522ff9da17487fbd810fb98c6bec3d,20171219,3,11,0,,,,13,1,1
7023,00a8b65514904b8981e0bfe30ce0f7b3,20170823,2,5,0,,,,13,1,1
7024,e98b24ddc4124711a20a4f67d95c40c9,20180118,3,6,0,,,,13,1,1
7025,5f7c7a408776494286a362d8124b3ef7,20171104,9,23,0,,,,13,1,1
7026,4eb4fea5ac294482b4b2ca4d2aafd04e,20180528,7,15,0,,,,13,1,1
7027,4c657aad398e4d95b2e86f644e570740,20170929,4,11,0,,,,13,1,1
7028,23e7508b592d4eb88f4547896d4699bd,20171115,10,17,0,,,,13,1,1
7029,5b606e26ad384cbd8d6d99f2a5209d7c,20180123,7,28,0,,,,13,1,1
7030,f44da20630044d32b154f0ad6d43e02e,20170819,4,3,0,,,,13,1,1
7031,fa3ab6a15bf94dfe8dacb81458470876,20170701,1,12,0,,,,13,1,1
7032,9831ece9aa93423bb6d333f2c2394c97,20170731,7,25,0,,,,13,1,1
7033,3ef3361090234c40b9aaba76c468911b,20180116,9,4,0,,,,13,1,1
7034,9baa96c56992476d9c528241461ac87d,20170708,9,24,0,,,,13,1,1
7035,a12b5567cd5c45a782593e310a832ee1,20171118,7,14,1,20171123.0,5.0,754.0,11,12,9
7036,1334a8d3f7394e85998b2a3ab290537b,20171001,3,15,0,,,,13,1,1
7037,a0f47a605d784af49952b1ccd9378a7f,20171227,4,22,0,,,,13,1,1
7038,3cae0db1615048cd9eced688a7a54a20,20180426,7,2,0,,,,13,1,1
7039,3ad90de4d2cf415ebfa63870dc5d50cd,20180328,9,22,0,,,,13,1,1
7040,15901cc7fd6f46ff826ac1d3493861d2,20180530,1,12,0,,,,13,1,1
7041,249b97c7833149afa9d82850ab19479a,20180129,3,27,0,,,,13,1,1
7042,9a457a172f3545c492aed1655588a387,20171204,7,30,0,,,,13,1,1
7043,e1a73b69b5a9481b91d820eb293d56ac,20170907,9,3,0,,,,13,1,1
7044,9abbcc1b6e4f4dbd8aaec08aa0e24f22,20170626,4,20,0,,,,13,1,1
7045,2a17bade7d904e0f9e09f5244d18c45c,20171008,5,7,0,,,,13,1,1
7046,486ed097bfdc40b6acf86b0e1a25bf6c,20180210,7,11,0,,,,13,1,1
7047,e11be35117fb4b879057854f6fc8a656,20171221,1,18,0,,,,13,1,1
7048,30040bad9f7b4c6497094f20368df9ac,20170808,4,2,0,,,,13,1,1
7049,c6e6049327d748a7bf15a94bba1e8a9e,20180529,4,11,0,,,,13,1,1
7050,a67f3d29bd2e47a59ca47e9cf72c1bd5,20171109,7,10,1,20171120.0,10.0,755.0,9,9,4
7051,d28f5723e49744b89d31ae5b8757d248,20180525,8,26,0,,,,13,1,1
7052,43e7f74cd8d24e15be22be4b2b3c91ff,20170824,9,15,0,,,,13,1,1
7053,f7f345c8c85f4ba3958fa0b0d7441213,20170718,5,12,0,,,,13,1,1
7054,08f82364de214cd18a981f490844535a,20171119,7,27,0,,,,13,1,1
7055,e4872564f9514a7fbd817c8dc03b4ea2,20170811,7,6,0,,,,13,1,1
7056,fff79e86030f49e683240b74d5faee69,20180406,4,19,0,,,,13,1,1
7057,e2c66fe3214f40c5b7437d7c8d40994d,20170912,3,15,0,,,,13,1,1
7058,2a7897b0bd9c4913be903b1ad573d95b,20170620,4,23,0,,,,13,1,1
7059,a2a8d696b8a1495080a1a07759ab9430,20171202,8,5,0,,,,13,1,1
7060,7fd2989663fd47729002d5f1f27ffe01,20180411,5,8,0,,,,13,1,1
7061,4ef37f98ac084513bfeb44f301ffa4c3,20170602,2,13,0,,,,13,1,1
7062,3f60c0dfa82e49e48b1ee120114d10a6,20180212,9,9,0,,,,13,1,1
7063,cd72a56809574165ae4ea37feb889424,20170815,1,11,0,,,,13,1,1
7064,c42157145c9c40a69afc0ea249c49322,20180504,3,19,0,,,,13,1,1
7065,95152771f2ff410298fb14f11ce3fbdf,20180227,4,12,0,,,,13,1,1
7066,1c737476b22e43c1b9a5b8e3d8eb8a2f,20180226,9,29,0,,,,13,1,1
7067,8e64f24d4cea40c7a8fef5ccdc234041,20180410,4,15,0,,,,13,1,1
7068,92230453d4914140af61419329820b97,20170621,7,2,0,,,,13,1,1
7069,2b728ccba2864564b4139340dc88373e,20180330,4,1,0,,,,13,1,1
7070,dccf56b978ef460984de1623be3c1e46,20180303,4,27,0,,,,13,1,1
7071,5f9bbd0b554843c4a9cba93e0e471747,20171024,7,26,0,,,,13,1,1
7072,bff79fbbf7554c3db5d8ea382f7cd564,20171226,7,23,0,,,,13,1,1
7073,b73190a8472543839293a08d5b625152,20170703,9,20,0,,,,13,1,1
7074,282e72877b5d4150b6d8ea969e22181e,20171231,4,22,0,,,,13,1,1
7075,d4dc2b54a59042f3b48203e6d35c4d59,20180408,9,17,0,,,,13,1,1
7076,3f5c19f3ae5f423a912204713b5ea53a,20171109,4,17,0,,,,13,1,1
7077,6dda9bc6fdbb4cb0ad37ef59aae0ae99,20180117,9,1,0,,,,13,1,1
7078,3cb5df8f98ab461bb76972a3ec756c53,20180430,9,20,0,,,,13,1,1
7079,a61f7266ae4e4d3d850a4ac59dc38087,20170926,9,19,0,,,,13,1,1
7080,8192710ad1484e20872f9e2ecf1783fa,20171220,1,26,0,,,,13,1,1
7081,a01bcb39255541c4982ba42b2d4d8e7f,20180227,7,27,0,,,,13,1,1
7082,76cc6b9eacb54756b048643fc6ca418c,20170922,1,17,0,,,,13,1,1
7083,ca86d57f1a434a58af43a956fe56801f,20171221,7,15,0,,,,13,1,1
7084,7df60b38391740ecb0ffc1d79ea5c555,20170625,7,5,0,,,,13,1,1
7085,482ee6d0d0ff44208eb58fa75aed5651,20171019,9,20,1,20171110.0,21.0,756.0,9,6,10
7086,5994fc4d89c54fada79d36338f04e57e,20180307,4,26,0,,,,13,1,1
7087,f27ffe7c61cb471a836a7550ce573fe9,20180212,1,5,0,,,,13,1,1
7088,a9a27fe7280b462eb6837b01aa2e5eb5,20171104,9,11,0,,,,13,1,1
7089,a24931a7434142f99d6aac9ec0b345b2,20170627,7,14,0,,,,13,1,1
7090,fdc893ad9fde4118a27052d9ed56b091,20170918,4,11,0,,,,13,1,1
7091,babadffa29294303858bf2883ee3f0e8,20180310,4,24,0,,,,13,1,1
7092,3813ad4e58ae4655b22b907ad02a3eed,20170730,5,22,0,,,,13,1,1
7093,7c1a5fa096604d77907c90e108a8f72b,20171217,1,2,0,,,,13,1,1
7094,4c5b67539b104a8fb03961ae0c0957ad,20171116,4,21,0,,,,13,1,1
7095,04fbe967316c40a38d22982b0e2281fd,20180502,7,26,0,,,,13,1,1
7096,361726a9cb38435bb8311be3a4e30300,20180517,9,3,0,,,,13,1,1
7097,68475c2238784b2784ba9762182c54c6,20171116,3,17,0,,,,13,1,1
7098,fe162d2dad8642f0b74effb284cc6f1d,20180201,4,25,0,,,,13,1,1
7099,94fb3dff6a674700a181f41d43243b28,20170806,4,7,0,,,,13,1,1
7100,126070418d1a48b9a0178fa4d22bda20,20180503,8,11,0,,,,13,1,1
7101,5141d15db25d4b679f9c57cd6e50024a,20171010,4,7,0,,,,13,1,1
7102,709dbd9edc204662b94d0d4ffb280dc4,20180105,4,2,0,,,,13,1,1
7103,0bb4a30688e848e9ab3cd31af4c0020b,20170823,2,25,0,,,,13,1,1
7104,e4da1f12447342bf96ec3d6709830aa6,20171026,9,21,0,,,,13,1,1
7105,f856bd4921f947d3bcf8cf75db1165ad,20180521,4,23,0,,,,13,1,1
7106,f561d6cc6cd541c19286d2a36297bdfd,20170706,4,4,0,,,,13,1,1
7107,792f2fcc92764f1fb963670314b907c4,20170802,4,17,0,,,,13,1,1
7108,9551197a29d64ab9b39609682e26df9f,20170704,4,7,0,,,,13,1,1
7109,f9ced1625b9145ce95d130c58f48e9e1,20170729,8,8,0,,,,13,1,1
7110,83b849ead943463fb60592ac3594c6ff,20170802,7,24,0,,,,13,1,1
7111,9f6e380602cf4eb5922adc1715579b6e,20180301,1,6,1,20180319.0,18.0,757.0,7,4,8
7112,940eeb8d79b24bed88e821e4efa5d2ca,20170802,5,11,0,,,,13,1,1
7113,1408e6a6633c468babb6376503a87cac,20180411,7,5,0,,,,13,1,1
7114,779346cff78f487181f53212f950d532,20170713,4,5,0,,,,13,1,1
7115,a9c96a5f9d77432582589ca380399e12,20170718,9,7,0,,,,13,1,1
7116,bfb3a0133f22480594b7208a85eca4fd,20171216,5,21,0,,,,13,1,1
7117,384ab8278d63462cab82e842e3ca3645,20171007,3,22,0,,,,13,1,1
7118,048e40d541054316bedaca6ef6db7f8a,20180414,4,3,0,,,,13,1,1
7119,2e42872b1968479ea18756e801d6d3db,20170823,1,8,0,,,,13,1,1
7120,ccad8989daed45fea6c5aa563a1c13ff,20170822,9,20,0,,,,13,1,1
7121,b03bbea0af874ebf922028a0afd5e6aa,20180520,5,9,0,,,,13,1,1
7122,4bcad4b2ec254adf953daefc143de7d5,20180201,4,16,1,20180211.0,9.0,758.0,6,6,7
7123,ce2a55d9d3854b68b8354b1277efedda,20170616,9,10,0,,,,13,1,1
7124,55ec409f2a144b8fa48000b8844f7538,20171217,8,25,0,,,,13,1,1
7125,32b3eacf5ffe45e8afb9f2c4bac6b990,20180218,7,9,0,,,,13,1,1
7126,0e7f74509b804e0e8a15c79a79b83b54,20170825,7,29,0,,,,13,1,1
7127,96a3602f0d464340b0ea600bb90d0be1,20180423,4,24,0,,,,13,1,1
7128,b2df94251b6642e3a6b945ffea0b5ebd,20180328,4,2,0,,,,13,1,1
7129,3bf5ec51d0ad4f52bb2cecdb765cd125,20170925,7,22,0,,,,13,1,1
7130,d70918a4152f4b0f98748449041a90eb,20180209,2,24,0,,,,13,1,1
7131,1b2a08d4e4cc453b8dd63153be8eaf1f,20180121,7,8,0,,,,13,1,1
7132,cc9ac2655945437880e7c964fc86958d,20180425,7,9,0,,,,13,1,1
7133,31c478687b284ec690020cc71d32bcbc,20170622,1,18,0,,,,13,1,1
7134,8a5b7fde5fa947ea9bd8ae59b24e3813,20170905,4,14,0,,,,13,1,1
7135,25a0aeda650d46768b578db02c457cbc,20171129,7,11,0,,,,13,1,1
7136,c7b1c5ed7c9849cf9bafe021412b592a,20171208,1,8,0,,,,13,1,1
7137,27a2010dae1247bab99ee338e6fc1845,20171230,8,8,1,20180111.0,12.0,759.0,8,2,7
7138,ee96e69ca84b4a73989f15d7724058f3,20180124,9,4,0,,,,13,1,1
7139,f408212eb54f41f8b7083bc12a9b9edc,20170720,1,6,0,,,,13,1,1
7140,8e82dfca37cc441097209a524ac3cbd8,20180315,4,14,0,,,,13,1,1
7141,fb90f5e43c8f480886fa96656899e014,20170809,2,13,1,20170826.0,17.0,760.0,9,6,7
7142,4c9dbe3fcf6d478f824ac3a339689660,20180311,4,2,0,,,,13,1,1
7143,af86426ad3e64eacbb2f1b98429680cb,20171122,3,29,0,,,,13,1,1
7144,4eec7e1173454270b13bb2b7cb579fe3,20170617,4,8,0,,,,13,1,1
7145,f4cebb97b00f493a861210f64064b147,20171004,5,21,0,,,,13,1,1
7146,6875764fa7ef45788fc5ecd271ab9344,20180104,1,27,0,,,,13,1,1
7147,10803890d8914dbe959832ec2ced6e45,20170725,1,1,0,,,,13,1,1
7148,b0326a253fdf40a7b7d30861a99da645,20180507,4,28,0,,,,13,1,1
7149,773a17824115484fa1b50a8a36eca3ca,20171011,7,4,0,,,,13,1,1
7150,83079c96a63e47bf82da9c6b3f0a6292,20171022,9,10,0,,,,13,1,1
7151,d1dee0f0ab9843f5bea66746cd4e2671,20171228,1,6,0,,,,13,1,1
7152,f308a0099de54925bee916d038e243d7,20171204,4,13,0,,,,13,1,1
7153,bc209eb56c4f403dadd64038d56046a9,20171105,2,15,0,,,,13,1,1
7154,f63c9be43ab24e69984e8da11a82c5d9,20170612,8,1,0,,,,13,1,1
7155,b3eaaad796f8474bb32c2a7e5a9c61a1,20171115,4,28,0,,,,13,1,1
7156,76eb4161f6be49459d1d1b53bac4d512,20170718,3,22,0,,,,13,1,1
7157,c601d42f12bb4ae9b91cadf11cb7091c,20180224,9,29,0,,,,13,1,1
7158,3331fc43408140ffbc0e082b1d6b17e4,20170722,7,25,0,,,,13,1,1
7159,8e7fdbc5601541fc9438d191bbf682b6,20170719,7,24,0,,,,13,1,1
7160,b868aa977f26407688eb8ce2e881f6c3,20171118,9,12,0,,,,13,1,1
7161,7bbe4c83042648faa414162a067f6582,20170803,1,14,0,,,,13,1,1
7162,8838881438e949a1813e7244541aef9d,20170917,7,5,0,,,,13,1,1
7163,3bb0148b91284cbba637b06f95ca4d60,20170711,9,27,0,,,,13,1,1
7164,1a1e52facc5a4a37877ec94161478ee2,20171020,1,20,0,,,,13,1,1
7165,17ad1d869c8a48f4b0f76e091f548ca1,20180309,1,22,0,,,,13,1,1
7166,cc2c65f4b6c64d16b49a15466c7ecab9,20170711,4,22,0,,,,13,1,1
7167,5d1e7488d4564b93a963552848103f27,20180323,8,1,0,,,,13,1,1
7168,d2ac7fddb65a414a9e78360b14c16856,20180310,7,1,0,,,,13,1,1
7169,ce23421065ed4628a82a250ace888f13,20170722,4,24,0,,,,13,1,1
7170,27429af478344a02b4f0e0e51f73aaa8,20170621,4,22,0,,,,13,1,1
7171,7fa5fecd7ecb43ff98d849e87eedde61,20180102,7,11,0,,,,13,1,1
7172,576bed1d63104fd6b45cb3493f3370a5,20171118,8,2,0,,,,13,1,1
7173,acc5679497ff45b388eb27bf020f87e2,20170627,7,3,0,,,,13,1,1
7174,7ee9300471c345449d50c38c6b209657,20170719,1,26,0,,,,13,1,1
7175,f2cd279ec683493fac303287b6eb1030,20170725,4,27,0,,,,13,1,1
7176,65a03e04fc084d2591ba1cfb841342ac,20180127,7,30,0,,,,13,1,1
7177,9d43236de20e4f6ead21aebfd514b690,20180305,10,19,0,,,,13,1,1
7178,0c8423e6e835420987164ecfd468e576,20170821,3,21,0,,,,13,1,1
7179,dfcb050651a340d38ef390bb88666582,20171005,4,8,0,,,,13,1,1
7180,5c89cb523bc44db2a419b83a61faba04,20170826,9,23,0,,,,13,1,1
7181,dddbc8df579a4b7596cfb3577c711ae8,20180319,4,23,0,,,,13,1,1
7182,416a85a9483840c4b8d127d79d1d1357,20170609,7,9,0,,,,13,1,1
7183,533614e55c584c5789c92f66dbc27d97,20180529,3,7,0,,,,13,1,1
7184,b4f74cb8cd084f789ceb6b2c64a1c95d,20180516,3,17,0,,,,13,1,1
7185,e5263c3be1c440ab9d19961b3ba23ced,20171226,4,11,0,,,,13,1,1
7186,95063fc2288a443d8c9e5ea4519c5e05,20180223,5,14,0,,,,13,1,1
7187,3efff87ab5444edbb8e28085e434f002,20170905,9,21,0,,,,13,1,1
7188,84c801e7db65464ab277132107ba1786,20170930,7,15,0,,,,13,1,1
7189,ee8c2b58a5784f59acceca7c9e551c62,20170917,9,11,0,,,,13,1,1
7190,6c96892be31d4e948d43f1ea6c7447ae,20171216,9,20,0,,,,13,1,1
7191,19bb299da9b74748b686ce23c49cdcf3,20180226,9,16,0,,,,13,1,1
7192,0a48e830e473492fb735b1946be06c3e,20170809,7,14,0,,,,13,1,1
7193,561fccf4ab6041f298c0576ec9873336,20171228,9,1,0,,,,13,1,1
7194,28226650f4004b438a5dc5fa213f9c88,20171016,4,29,1,20171101.0,16.0,761.0,4,5,15
7195,b77dc120d095467e9542db45576a65e7,20170803,3,19,0,,,,13,1,1
7196,651dffa160a04895a4f3ba571b053009,20180428,9,13,0,,,,13,1,1
7197,05c7672c988f4510beccd3c120e810fd,20170601,4,30,0,,,,13,1,1
7198,abe8a69b94f440afb8cf51c263482906,20180330,1,2,0,,,,13,1,1
7199,e8df7a0ede2047e5b08b3fce9cf870c2,20171008,5,14,0,,,,13,1,1
7200,721f2250cc0d4625bba8007b2402bc33,20170903,2,14,0,,,,13,1,1
7201,4d019aed55da4a6bb2ba903d4e335865,20170801,7,4,0,,,,13,1,1
7202,a91c86b6434b47d6883a41f80d039292,20180531,4,17,0,,,,13,1,1
7203,143987ccbfbb430f9b324e9458ba5e9a,20171006,9,2,0,,,,13,1,1
7204,9dd6773bd35f4cb085ab734f532dbc6e,20170707,4,4,0,,,,13,1,1
7205,caa8ed0448284394a8557dad4798122b,20170920,5,25,0,,,,13,1,1
7206,b50943468e224e60a9dbcb523b097213,20180322,4,23,0,,,,13,1,1
7207,861d9994fd204aa5943c81a1944180c6,20170916,4,20,0,,,,13,1,1
7208,063c5666af5843df812d98be840eb739,20180523,7,15,0,,,,13,1,1
7209,cce27a0f29a44e3bb7359dcd82967023,20170725,7,9,0,,,,13,1,1
7210,94344fa193cb4f8aaa6041cb435dfb77,20180115,3,4,0,,,,13,1,1
7211,ae999f39312548f190b2be19106e5528,20180428,7,10,0,,,,13,1,1
7212,e7b4e06547a64fcfa8f90eeb0b3b7c48,20171206,4,15,0,,,,13,1,1
7213,d8626327d2c9446e80ab60a2e39dd9c5,20171211,4,11,0,,,,13,1,1
7214,c868b2d9e626410fac602d69033adb03,20171019,9,11,0,,,,13,1,1
7215,b46eeece30a74c8490890787afa4602a,20170912,4,4,1,20170923.0,10.0,762.0,1,1,2
7216,f6cde7a8acd94989b191d6ef36ba054f,20170914,9,16,0,,,,13,1,1
7217,633599c0b6494592b42dd03f596b0509,20170905,9,13,0,,,,13,1,1
7218,3c0f71536ec9493e8a54e52b9568ef1e,20180206,1,15,0,,,,13,1,1
7219,8a4634d231af4d939c5f16a94b15a3c8,20170626,5,26,0,,,,13,1,1
7220,99e54beb5c974e8ea3adfad5a4129e9a,20180108,5,7,0,,,,13,1,1
7221,7515f4b34ba8495fb0297ee57b1ea7e3,20170702,2,2,0,,,,13,1,1
7222,4f9c52f54a22476a9c4e4dac3fc59b83,20180121,4,1,0,,,,13,1,1
7223,52aaefae39d24f2e8ceb065f2d88c7e8,20170913,4,25,0,,,,13,1,1
7224,d0ec635e018f432888d92791b31977f0,20171026,7,1,0,,,,13,1,1
7225,57fb31a05c3a472fb5c7212b25fd8b2b,20171022,8,15,0,,,,13,1,1
7226,d8ce4c0e37a84ae883f574f1ac143bb2,20170608,6,5,0,,,,13,1,1
7227,00d5a766b14642e98a29b9682fb6ac35,20180227,8,14,0,,,,13,1,1
7228,82f2709b77e44cd889034219890f92bc,20180119,4,1,0,,,,13,1,1
7229,075f6f6257934c41ac31bfce31914d11,20180426,2,18,0,,,,13,1,1
7230,f61119a1a47a4d4496b5445691c61a50,20170911,7,20,0,,,,13,1,1
7231,4593e9fce3d64e1cb25d3006679f936b,20180131,4,19,0,,,,13,1,1
7232,74bc5637afb04d5a858b0de1b3f259e8,20170822,7,17,0,,,,13,1,1
7233,bbdcf638a677463eb8124c0b0941b9f9,20180111,4,26,0,,,,13,1,1
7234,1d188059211c4acc83272ea575e2a921,20170929,9,13,0,,,,13,1,1
7235,b38f269b5a904c9c90319ec9390f7153,20171214,7,21,0,,,,13,1,1
7236,ca53a477af9c4f69a16d5dbbbf4e0fe4,20180216,7,22,0,,,,13,1,1
7237,94d56da989c84db5ab1756a1a4100355,20170814,9,19,0,,,,13,1,1
7238,792e7a4013134da2a6904550174da3dc,20171207,8,19,1,20171216.0,9.0,763.0,7,6,8
7239,b3a598da5ac640318a761d4661140b92,20180520,1,19,0,,,,13,1,1
7240,90b8f83a3abf4acab24e435822b1381b,20180504,7,5,0,,,,13,1,1
7241,ad7b04178a4c4c5ab865b9d755034883,20171106,3,26,0,,,,13,1,1
7242,9d97b27c354f4ee3ad83e8cb0a16f102,20170703,5,12,0,,,,13,1,1
7243,725d80d707b44aad99c4687d07deec7b,20170725,4,12,0,,,,13,1,1
7244,a4cc820bc91840609aaa6d549733a313,20171023,9,5,0,,,,13,1,1
7245,519e14251bf14ba09b7679e1c7a10595,20171004,7,10,0,,,,13,1,1
7246,51fcbded50654d08acbab946ca59a238,20180411,4,5,0,,,,13,1,1
7247,5fd235bb8af14db7a52bddb0b159b79c,20180227,1,23,0,,,,13,1,1
7248,8774cf7831484d83bce59ab5d5ec5fd5,20180210,8,26,1,20180303.0,21.0,764.0,7,9,10
7249,f6a6f870505f4a4f94f1cf848af277da,20170816,4,8,0,,,,13,1,1
7250,4f36a1f618ce4e26b2051d0e2256f662,20180520,3,15,0,,,,13,1,1
7251,4d2daa000a1d4bbe8e01344731757154,20180318,8,26,0,,,,13,1,1
7252,db6a9c7f7d554adea52b9404dcd3104c,20180202,5,7,0,,,,13,1,1
7253,9401b52dd8664ee395cb0d2b84fc3977,20170726,4,2,0,,,,13,1,1
7254,7b035a5881e7405a9e1f2de6dfff1af7,20180104,5,28,0,,,,13,1,1
7255,61a9248bb5124dcdb79b7586924f37f3,20171018,7,9,0,,,,13,1,1
7256,fd2f86f9fbb941bcae555b22d94c77ae,20180418,9,11,0,,,,13,1,1
7257,5ecb4a948d324e3892b52f2f4ae8f4ab,20180405,4,14,0,,,,13,1,1
7258,99219e547766419a8a0dfe1fcb1b484b,20171130,4,30,0,,,,13,1,1
7259,af1c2278d31c4493b370f220876d46a1,20180128,1,9,0,,,,13,1,1
7260,4141e13e4918477baf59c72c86f3a1ba,20171004,7,27,0,,,,13,1,1
7261,f14a554cddb548a5b7c3535d0cad3d77,20171120,4,13,0,,,,13,1,1
7262,79135c7cddcc412db43f52ce280bb517,20171002,4,8,0,,,,13,1,1
7263,c77e6fa261824827bf21f15a1a687b13,20180208,1,15,0,,,,13,1,1
7264,3807c6aa3a414defbb4db80d8fd9ae22,20180315,4,28,1,20180325.0,10.0,765.0,7,10,13
7265,b4c38806a2c6412c9c768df7bdb90366,20170710,3,14,0,,,,13,1,1
7266,7b2d7e3a5ab54dcda8a1061d1648de13,20170810,4,15,0,,,,13,1,1
7267,40ef5434824f4cc195f46a0bfe1c5d00,20170623,4,18,1,20170705.0,12.0,766.0,7,4,8
7268,65c30a7555ee4fc8a86ab3d797cb7d3c,20171229,7,2,0,,,,13,1,1
7269,71625c0a30df431ea79677feed8ac9fe,20170708,7,11,0,,,,13,1,1
7270,8eb532fe711445bdb1f5881ca6e9612e,20180308,7,28,0,,,,13,1,1
7271,1e49db79c9714cdf916af222849cc7f8,20170809,7,2,1,20170822.0,13.0,767.0,12,5,8
7272,f154aa06453240a586d613bbe6571d88,20170918,2,16,0,,,,13,1,1
7273,fc48da27c265496b8e446901f2c6ffe2,20170720,9,19,0,,,,13,1,1
7274,e708f57b3f194bc289a6d2e11f3b21ac,20170606,4,15,0,,,,13,1,1
7275,6b46c1da70dd4a6481ac21147d104827,20170801,7,23,0,,,,13,1,1
7276,ee5b4300e244460183acab90ec343cc3,20180329,8,12,0,,,,13,1,1
7277,58f392c401ff4f23aac6aee85ac373a0,20170916,7,8,1,20171002.0,16.0,768.0,4,10,8
7278,a8661460b22a482ea55ba43aa74f08d0,20170930,4,25,0,,,,13,1,1
7279,c64fe3cbe4714e5fb8eda95cffcf536d,20170718,1,5,0,,,,13,1,1
7280,12f7759988cd4fb59b0bcd86ce901712,20180403,9,2,0,,,,13,1,1
7281,999b0f4637974ba9a6eb3cca3d466eab,20180419,9,27,0,,,,13,1,1
7282,571563dcd8ca416a8c5acd2050484581,20180130,4,21,0,,,,13,1,1
7283,02e5db0acf3648da87dac4ad2b27fabe,20170825,4,24,1,20170902.0,7.0,769.0,7,10,13
7284,79cbe677ed1f4cf5995b0716c966691e,20180523,9,22,0,,,,13,1,1
7285,1cb406520b714ac39877b15a1064b722,20180206,4,5,1,20180228.0,22.0,770.0,7,12,8
7286,aa55dbf6e6d3484d86548b42a61fabe5,20171228,9,25,0,,,,13,1,1
7287,c209544cb927449cbe6ec52ca6b9c9a9,20170716,9,14,0,,,,13,1,1
7288,b6a655747d3d4b62b239b4525d37670f,20170926,7,19,0,,,,13,1,1
7289,c3e6966e409b4eaab2b467de96a48180,20170601,2,28,0,,,,13,1,1
7290,1dce1255fd004473b448aa8bfde17991,20171126,3,24,0,,,,13,1,1
7291,759768326a2747399ff2575bbdab67c7,20180118,1,28,0,,,,13,1,1
7292,d7376a4f415040cdbfc465cfaebad4ea,20170824,4,2,0,,,,13,1,1
7293,2aceb33ddd7349fa8a8d591434dad6bf,20170720,4,14,0,,,,13,1,1
7294,2b7ed46e50774833afcf0f5b84ad35cc,20170611,7,9,0,,,,13,1,1
7295,074113f0c3384cdabc8a22d31ec9bcf6,20170828,4,17,0,,,,13,1,1
7296,02b259302ee0484cb27cfa5c7d260d78,20170624,6,9,0,,,,13,1,1
7297,4e42189d069c43038ead7393d91a305f,20170916,4,4,0,,,,13,1,1
7298,f48bdb025bec4b3bb1c2fef7422554e4,20171030,7,27,0,,,,13,1,1
7299,4257ccd7d43e4dd1afca325c6824243b,20180505,7,17,0,,,,13,1,1
7300,cee0c113cf2d486d8e2871a3907be767,20180413,9,27,0,,,,13,1,1
7301,8f6e8a6628a24b49bc57f62d418aef31,20170731,4,16,0,,,,13,1,1
7302,1971de378da34300acfd685139ad0d17,20180418,7,20,0,,,,13,1,1
7303,56f5af0f9d4c48b692cc871f0588b540,20180518,4,4,0,,,,13,1,1
7304,b8969d7d30b44092a498d814a26e7bcc,20180519,8,20,0,,,,13,1,1
7305,8b5f6a1bed66407aa0a43da236a4e755,20170821,4,30,0,,,,13,1,1
7306,d0879f3f2e464c3884ebdf55314b73b6,20170604,5,16,0,,,,13,1,1
7307,deba5d58d62f40d99b84ac4f2548228a,20170618,3,7,0,,,,13,1,1
7308,dc62a3c7824b46f6832702418b3f3816,20180517,7,25,0,,,,13,1,1
7309,a2954d32fbb04271b5025cccbc5bf3e0,20170714,3,9,0,,,,13,1,1
7310,88c77681cfa34aa8907bbd6cb972bea0,20170708,4,15,0,,,,13,1,1
7311,c3c908cdc99943fbb247c94925098644,20170726,2,17,0,,,,13,1,1
7312,00b89ad0c4ca456da89db2a9f3735647,20180525,9,19,0,,,,13,1,1
7313,54d3b5afcec6400daf752da8a740e8eb,20180601,7,28,0,,,,13,1,1
7314,01bc9fcc4a454df6952f2f140ef1dbe4,20180312,7,12,0,,,,13,1,1
7315,331552d8754f4ecc887a50cb873978a6,20180330,4,8,0,,,,13,1,1
7316,2228234bfa0c4022b0743d90e8980321,20180118,10,20,0,,,,13,1,1
7317,7cf1ece936564763a3bc2699d4a49bf2,20180401,4,11,0,,,,13,1,1
7318,f856ffab66e04ce1ab88f36575e53711,20180318,1,18,0,,,,13,1,1
7319,e86f616322af41b7bec1f768662238cc,20180104,7,29,0,,,,13,1,1
7320,33c96089366a42ba86f58251fd5a5b38,20180114,2,8,0,,,,13,1,1
7321,7764589655d04c43bc3113702d912491,20171012,4,9,0,,,,13,1,1
7322,5627e1f070c24c99b587ff2befeeced0,20170611,9,30,0,,,,13,1,1
7323,d46eca0cef7f4447934fc531c9d69ae1,20171030,7,24,0,,,,13,1,1
7324,d4ee5c6a21704095a0093078d782bcc3,20180302,1,22,0,,,,13,1,1
7325,83d18c351dcb4e8f9f3aca7298c49dfc,20170717,4,25,1,20170728.0,10.0,771.0,9,5,13
7326,74717b87bbc94e6fbcb99a21c4b08b7c,20180522,4,12,0,,,,13,1,1
7327,661fc8fac7b9439aaa2653527d0fae33,20170628,4,2,1,20170717.0,19.0,772.0,6,6,7
7328,6088678ec8a0490c9c04e31b014d18c6,20180525,1,10,0,,,,13,1,1
7329,c8a2406032c74936b614215e428c63c4,20170728,4,13,1,20170902.0,35.0,773.0,6,2,13
7330,e09746fe17af4c86b319ddcb6cdcad31,20171220,9,14,0,,,,13,1,1
7331,b3de476745fb409bb5a3dbcc20c3211d,20180531,4,27,0,,,,13,1,1
7332,b881360adbc64587872e08baeed27b0c,20180221,8,21,0,,,,13,1,1
7333,b758b6461ff5468bb8896d3fca0da312,20170927,2,17,0,,,,13,1,1
7334,adde1bf009ac4040afebc43c72b8844c,20170626,9,10,0,,,,13,1,1
7335,5d06076704f84ce7a988db3a3f6801bb,20180407,7,12,0,,,,13,1,1
7336,b33a920e963343878d0ea7ae8561f472,20170708,4,21,0,,,,13,1,1
7337,2dc03dcfc26849a198d34a39b6cb208c,20180310,4,8,0,,,,13,1,1
7338,e62de65b1b634f638ac02ff2a485dfb9,20180224,4,3,0,,,,13,1,1
7339,40513ff0f1234d54a22051dc24370442,20171011,1,8,0,,,,13,1,1
7340,0073098351054e52954f262ea0659661,20180309,9,20,0,,,,13,1,1
7341,7c5f4bbc9ee645b08af35ad3d5c212cf,20170831,2,15,0,,,,13,1,1
7342,7055b20135d34c85bad37c837a819a05,20180207,7,4,1,20180301.0,22.0,774.0,7,9,15
7343,cd48e756b3db4fa9afec74267687a6cb,20170921,1,3,0,,,,13,1,1
7344,a12a493daf4441098e57ebfd267c1b45,20180221,7,29,0,,,,13,1,1
7345,c6672ebc8419463b9670583af065580a,20180113,9,15,0,,,,13,1,1
7346,37b9e4845ab347cb8b3fa7ea1f220dca,20180421,4,3,0,,,,13,1,1
7347,2490202351b84729a7a3995bc386777a,20171112,7,7,0,,,,13,1,1
7348,f3887e9ec37844a89fe283682dafb95a,20180515,7,10,0,,,,13,1,1
7349,0af407397736454086dd9f474e20a3d1,20171120,1,27,0,,,,13,1,1
7350,428952fb0b834125abcc2502da299987,20170606,2,24,0,,,,13,1,1
7351,55b9c7b5497344f18dd325b2843f6cc0,20180507,7,10,0,,,,13,1,1
7352,b28b55e91965420196bf96cab2d06946,20170616,4,8,0,,,,13,1,1
7353,97c5570edecd4bcda6cb131cb42c4738,20170824,7,14,0,,,,13,1,1
7354,d249e8c4d826481f89b057929d0f988b,20170712,9,28,0,,,,13,1,1
7355,7e0eb27c0ba64e7da156041dc6e44f8a,20170906,4,5,0,,,,13,1,1
7356,9c2aef8692ea406cae73ee50ff8bb5f3,20170721,1,5,0,,,,13,1,1
7357,ef45dbc5c2ab4462840f078b0c330468,20180303,10,16,0,,,,13,1,1
7358,993c39b6834747d1bf0b39419247dad8,20170630,2,2,0,,,,13,1,1
7359,5e4c7fd3571a4a4cbaa2cd46c341dce1,20180406,4,2,1,20180430.0,24.0,775.0,1,12,5
7360,6c820fd7dc1f40ffab900446f99cef79,20170816,8,8,0,,,,13,1,1
7361,8dfc04fd00f845cd8e901e8549c02029,20171212,1,5,0,,,,13,1,1
7362,44d7cdfc62134f8d9b08543fbf00a150,20180214,7,1,0,,,,13,1,1
7363,23f7b80eba9f4fdbbcda89986ea66d8e,20171028,9,7,0,,,,13,1,1
7364,35c37537c2d9482a86c8c7ecb106e414,20170714,3,20,0,,,,13,1,1
7365,d9e28ca839b94e48b2af05c6e7daa562,20170815,7,11,0,,,,13,1,1
7366,45160ecb72284a4e895bc815d4096067,20180323,7,13,1,20180402.0,9.0,776.0,10,6,2
7367,d6dae175062c43c1beec2e22f5358eec,20171026,7,6,1,20171101.0,6.0,777.0,2,2,12
7368,83d3c76e58bd4759a42890b124979b99,20170710,9,7,0,,,,13,1,1
7369,8a1d1669a4be44b7a8497aa33e685bed,20171026,4,29,0,,,,13,1,1
7370,41ede0874a0a43f185b0068ca8774a28,20170622,5,30,0,,,,13,1,1
7371,1c425831f3d243499b0af935a5c8ee7d,20180127,1,6,0,,,,13,1,1
7372,72f3b3ac8ca74d58a2dc97882bb0a092,20180109,9,26,0,,,,13,1,1
7373,b940c02f53e64b41801325888bbdc3d5,20170623,4,27,0,,,,13,1,1
7374,725af3f2b38a47739db97c4b918c21a7,20170602,9,12,0,,,,13,1,1
7375,cb9a3b974c2f40ab82991ab04d85c41f,20171004,4,16,0,,,,13,1,1
7376,98445d3cceec4b938d119ccffe8bbb52,20180422,4,3,0,,,,13,1,1
7377,13b6ddff832149e8b333e1dd6df7ddb2,20171203,9,19,0,,,,13,1,1
7378,ddd2c1027f3d4ba6ac95b86f8c4a06fb,20180227,7,30,0,,,,13,1,1
7379,a8a861f82a3f46168a321cbedfc253be,20171211,9,25,0,,,,13,1,1
7380,6e2d2508f2ef48428e79add8cbd31527,20170929,4,4,0,,,,13,1,1
7381,f8f727c178f44e93a316bd22210fd780,20171016,7,17,0,,,,13,1,1
7382,eb24573e94b246ff98eb31cdb6e15e15,20171112,4,11,0,,,,13,1,1
7383,249cd8b2a7c343b0b99a69d30d430eef,20170626,10,1,0,,,,13,1,1
7384,b5de4588ebcd40559989ca2ce0406dc4,20170827,9,30,0,,,,13,1,1
7385,84c4bd01201c4a0da57ef53c97c6ba8a,20170622,1,28,0,,,,13,1,1
7386,d6cf993a005142698a844e99929652b3,20170621,7,13,0,,,,13,1,1
7387,14a50a8d488741a8bf777cf024cf4d15,20170628,4,9,0,,,,13,1,1
7388,9a8845862c1c403696f5ff51bd272969,20171002,6,29,0,,,,13,1,1
7389,0158eaf5b9574d318ff8979736ce9175,20180411,7,18,0,,,,13,1,1
7390,e52a4b398b7146cbac9d02d020bacfb1,20180413,7,5,0,,,,13,1,1
7391,e744d5f1cc9d41818267215bfcafdfd6,20170609,9,24,0,,,,13,1,1
7392,bf55b627eea9482d999a14d645690308,20180422,4,7,0,,,,13,1,1
7393,966dd76962064cd4ac23b580050478f9,20170804,3,27,0,,,,13,1,1
7394,be7849604c2d437c95716aaf6d1a13d6,20171016,9,22,0,,,,13,1,1
7395,a90d5f13980d485985b9543e56a8f497,20170802,4,19,0,,,,13,1,1
7396,48205a30d6e14441a0aa897808111f94,20180226,4,12,0,,,,13,1,1
7397,72e2d390052a4aa3bcb43f4f0dd4f773,20180312,4,2,0,,,,13,1,1
7398,e3b2ec358d194e24a0b91d7a79a5c41c,20170603,8,23,0,,,,13,1,1
7399,07538a2a83f744139cbe4978719c8f6e,20171011,1,7,0,,,,13,1,1
7400,8d3030335eaa4dcab5e69c779a6b4baf,20180308,4,13,0,,,,13,1,1
7401,3b545dc355c0440c96bfec5fef111480,20171006,4,9,0,,,,13,1,1
7402,b7e6fe7a99f840e7b373941f134c4cf2,20171211,1,6,0,,,,13,1,1
7403,9ec7960426cd436da92e9993eeafebcb,20180428,9,30,0,,,,13,1,1
7404,a1f5804c44c34b499f8c887fa8743181,20171016,7,4,0,,,,13,1,1
7405,e25fb47c14be48c99454eb89b2fd447e,20180511,7,4,0,,,,13,1,1
7406,1926e457e2e94c7ab5ee2a68cfaf2efb,20180523,4,29,0,,,,13,1,1
7407,1a1002c5d63b44e7b5eaba3c8faeea9d,20180514,1,2,0,,,,13,1,1
7408,c9beb15d118e401bbe2ca9fb569e79aa,20170827,6,14,0,,,,13,1,1
7409,72e77d718ad9480f969b8963017aac86,20180427,4,15,0,,,,13,1,1
7410,f83893b7fa174ff6b62a02e5f3697c09,20171031,9,26,0,,,,13,1,1
7411,65d5742aa7964aa99889edb8716e740f,20171003,7,24,0,,,,13,1,1
7412,c88b571d98ab4e04b60062c1a273fad6,20170806,7,2,0,,,,13,1,1
7413,093ac4cfd0bd4eaf82286143f21d9506,20180226,4,9,0,,,,13,1,1
7414,657606e26773414f8f8d80c939370533,20170724,3,24,0,,,,13,1,1
7415,355830d45b5f4d47a495637ab34b002a,20171007,7,18,0,,,,13,1,1
7416,8bf08050214e41bf8b9b59f4af9d4043,20170621,9,1,0,,,,13,1,1
7417,6580abb9d24c4b3fa623cfc20bb91b75,20180420,7,7,0,,,,13,1,1
7418,872df39345d243d0a6fe5658e6bc2fe0,20171129,4,24,0,,,,13,1,1
7419,a01194ec1bd34353b72ae3a69d69fc67,20171027,4,7,1,20171112.0,16.0,778.0,1,2,6
7420,9d50ca36b78940aba152c8c883a5da5d,20171224,1,2,0,,,,13,1,1
7421,bf59be5f91b24ca394eea4a4db0355a1,20180512,4,8,0,,,,13,1,1
7422,9a692d7bbc9147d0b085fc5c3add4956,20180306,1,1,0,,,,13,1,1
7423,1018292e8a2f47659eaaf610b65cf381,20170907,7,11,1,20170927.0,20.0,779.0,7,9,2
7424,d7e151e4cad2416d8ba495c5bb877ad1,20170714,7,30,0,,,,13,1,1
7425,ce41182d120b4ba1a54b86d507716134,20171105,7,5,0,,,,13,1,1
7426,e2b11c35149b43f08319e2e06bb28cd7,20171022,7,6,1,20171112.0,21.0,780.0,12,1,6
7427,103d5be5ac3a4879917323de348b3ab0,20180322,4,6,0,,,,13,1,1
7428,1d1a215d9bb8412c97fda341e40e72c5,20170612,7,2,0,,,,13,1,1
7429,63a293ee8fb647c4970e3bcb2f8e6c98,20170726,1,17,0,,,,13,1,1
7430,53b5067d717c4691865384308eb175cd,20180312,1,6,0,,,,13,1,1
7431,b6a6a494939c4ffebcded45840aaacd7,20170831,7,8,0,,,,13,1,1
7432,3ab09cc012284835be60b4a7e8b35df6,20170808,7,29,0,,,,13,1,1
7433,5742b1075ad84c5198cc1e77c0ac0b5d,20180523,4,11,0,,,,13,1,1
7434,66ee6f0af61a49c59265437a23d92dc5,20180519,4,27,0,,,,13,1,1
7435,f7b66ef570c249fcb3bb923cd0ad1bd6,20171027,4,27,1,20171117.0,20.0,781.0,12,3,1
7436,e38bc10ed0734913adef5a55ead43811,20171028,8,9,0,,,,13,1,1
7437,75959810e06046de8a970544a5a1d557,20170919,4,24,0,,,,13,1,1
7438,1ac8b1f7cf03487ababe504714b74e17,20171129,4,20,0,,,,13,1,1
7439,de8a6bf67525439380f6047982d8c732,20180225,4,14,0,,,,13,1,1
7440,51da48bc513d4423a0417970873493c0,20171109,4,30,0,,,,13,1,1
7441,0462840627ef45f9bd00c1b0d52d1276,20170922,9,5,0,,,,13,1,1
7442,ee2d19768ada402f9b7df6852d3e8c4a,20170723,4,25,0,,,,13,1,1
7443,6e948a95ec2c4e7e9acbd50c9b1baa74,20180531,4,18,0,,,,13,1,1
7444,95ab7cf5c9a74c9db347e30fee9a4437,20180225,9,2,1,20180421.0,55.0,782.0,3,10,4
7445,2d65e4f973aa413c81c8e01dbf928c89,20170803,7,27,0,,,,13,1,1
7446,9e2937e9a0df46d79c5345d9a3ba6532,20180407,1,17,0,,,,13,1,1
7447,db666ac88f1e48a996d05f281f71bbcc,20180331,9,23,0,,,,13,1,1
7448,f4b9ab7edaa54a3b86e9ae729ac34a8e,20180514,4,13,0,,,,13,1,1
7449,81ca599eea9e4ed195a55616a7e313e7,20170919,1,30,0,,,,13,1,1
7450,9d2d9a68dc7845f3be8fabe937cba15d,20180426,4,17,1,20180503.0,7.0,783.0,9,2,2
7451,ec07b7f44fed44a39b9959bb98df5cc5,20170621,9,10,0,,,,13,1,1
7452,84df4a88a369453c87adbe07a0006b47,20170618,7,3,0,,,,13,1,1
7453,884161cd10a54d579682e10cfcf706d6,20180410,4,13,0,,,,13,1,1
7454,2175b0d8f79d49df9b4738730b8b13e3,20171115,9,25,0,,,,13,1,1
7455,154f766fdce44be8830ad8383577ece8,20180123,8,10,0,,,,13,1,1
7456,db87ed4b5b8d40f395338a17294947a5,20171226,10,2,0,,,,13,1,1
7457,e749330a1ff749a7a7705e2f7aca61bf,20180224,9,26,0,,,,13,1,1
7458,5156cf51b66f455899a4acd1d7ecaf60,20170903,7,20,0,,,,13,1,1
7459,7ea3126e6c904657960aad2b52fa0d68,20170614,4,14,0,,,,13,1,1
7460,708d5c7dc70b498e98020ab7bd780780,20170725,4,24,0,,,,13,1,1
7461,4e339750e25744ceb4448f7b341e66b3,20171230,7,21,0,,,,13,1,1
7462,b5a12094e1274f25a01daf7270ca2ef2,20170805,7,6,0,,,,13,1,1
7463,96a14e7ed76443bfb2b3501048b27b47,20170607,5,28,0,,,,13,1,1
7464,e48abb76644040379f4f042065fa0923,20171211,7,13,0,,,,13,1,1
7465,11484305640542289c0e498e1766908f,20180423,7,19,0,,,,13,1,1
7466,a942b63461fa4b34b038f0aa97d9002c,20171024,7,25,0,,,,13,1,1
7467,0cd3b9e4a51f45e4b0f8497ea286b846,20171230,3,12,1,20180113.0,14.0,784.0,2,8,9
7468,b2d337bb35444e0b9f8b3f2373f6d616,20180414,1,30,0,,,,13,1,1
7469,e5532681837b49f79069d3fb5a8d3989,20171206,9,5,0,,,,13,1,1
7470,70f7899b2a994c6686a7fe8b3469ec9a,20171125,7,12,0,,,,13,1,1
7471,d8b6b079129a4ea69923813d7c2efc83,20170630,3,1,0,,,,13,1,1
7472,490bdc7607c74bc59e1955a99e1fc883,20180406,4,5,0,,,,13,1,1
7473,d319de6550724642ad63e851c638a3a4,20170803,8,23,0,,,,13,1,1
7474,a15ca6ba1c394c54a00e4d8b76549078,20180322,9,25,0,,,,13,1,1
7475,e829c80e52734672978685c98d707b2a,20180304,7,17,0,,,,13,1,1
7476,98a3c41de3914c1d962bc230bb08997e,20170927,7,6,1,20171003.0,5.0,785.0,8,2,15
7477,09ca202a0e484d6da95bcd921de3a876,20180131,1,20,0,,,,13,1,1
7478,cb121de63cc349b19dd652165bba48a9,20170614,4,4,0,,,,13,1,1
7479,3adf5bd7872549d5905d0e4e0e896575,20171226,8,7,0,,,,13,1,1
7480,a449c8728c5b4ddb889977ccae4bcc15,20170820,7,29,0,,,,13,1,1
7481,f675d2abd2b64213a4576d39eb36833a,20180405,7,4,0,,,,13,1,1
7482,5521b81c90ff4ddba95256e0b310264e,20170708,4,18,0,,,,13,1,1
7483,ce8f44e54edb49e7ae94ede94f6dd4a1,20171019,7,8,0,,,,13,1,1
7484,e86053e5c28347b1b92ff1fed4191279,20180101,7,3,0,,,,13,1,1
7485,9ab0e577514d4481a6029673091419b5,20171009,7,28,1,20171028.0,19.0,786.0,9,9,11
7486,018a37071f4c4c6896c250dff413808c,20171029,1,6,1,20171109.0,11.0,787.0,2,3,12
7487,7d5ec761254249ad9ed25d7226f5f64f,20180302,7,2,0,,,,13,1,1
7488,9a62e175298e4504ab22a2390a324d57,20170622,2,23,0,,,,13,1,1
7489,08df3bea38de4916a77883bc257bc868,20170611,9,17,0,,,,13,1,1
7490,0647d3b9feaa406b9ed850839689d6f9,20180208,3,15,0,,,,13,1,1
7491,a83d4b0352e1475f8d1954590e7e1ffa,20180109,4,6,0,,,,13,1,1
7492,41fe548c8dcb4b3a8657341f08850e69,20180522,7,25,0,,,,13,1,1
7493,50e7b92849a04516bd6564666d525786,20170805,7,24,0,,,,13,1,1
7494,b3f09bd1f07e4abd813a5cc8327ebe07,20170610,9,9,0,,,,13,1,1
7495,257491ab5c2f46df8204a61098281d34,20170629,8,12,0,,,,13,1,1
7496,6920e07068e54098a320755912ebe297,20170913,4,30,0,,,,13,1,1
7497,1a0123544dc049ff88424b43aade44b6,20171221,4,3,0,,,,13,1,1
7498,badffe6fbb35402e8a4dda72f4adf10c,20170614,8,4,0,,,,13,1,1
7499,0704c25e421c4aafa06d7973135ef9e4,20180517,4,3,0,,,,13,1,1
7500,a6b2fbb6fe65496b9d415cbc26f76eba,20171112,1,25,0,,,,13,1,1
7501,be23149ae9464438ac28f63072f1b63a,20170829,9,19,0,,,,13,1,1
7502,67b66ef6cc104484b3ec667b2a51f0fe,20171122,3,27,0,,,,13,1,1
7503,5a71bf43ba0e435ca2223af7809db39c,20180107,4,21,0,,,,13,1,1
7504,33f0034781374240bd089b5d9fb4502a,20170902,4,14,0,,,,13,1,1
7505,4f91c4db39264e239e490d315d880059,20170726,9,23,0,,,,13,1,1
7506,7eb5cf8643c74871bee8f2403df216de,20180204,2,24,0,,,,13,1,1
7507,d0646a95049e4846b31c8fee46b81319,20180315,7,12,0,,,,13,1,1
7508,1cd7d8afc373427098654104c013eb0c,20170813,7,9,0,,,,13,1,1
7509,7ed87d2d3acd4b03bf084adc2f08c4df,20180224,9,1,0,,,,13,1,1
7510,35b1c1a4f2a84db18df48386415e8b88,20170621,5,17,0,,,,13,1,1
7511,940b9fe182d346d7bcda424a7f52d7b0,20171103,3,26,0,,,,13,1,1
7512,47d3f3a04d1c47069c83ed4d276a4d1f,20180226,10,24,0,,,,13,1,1
7513,adeb46828cef4704ab100b8777fd63b4,20170908,4,1,0,,,,13,1,1
7514,1dc34768de4a4378b123924005b4df0b,20170930,4,10,0,,,,13,1,1
7515,e95e6c9f1b09477888dd670003c79c1e,20180508,9,2,0,,,,13,1,1
7516,dd754adbee5942f9a7b631943c224116,20180226,3,15,0,,,,13,1,1
7517,e93471ba3a9844d5a8a1b878f3d13162,20170624,7,17,0,,,,13,1,1
7518,60caf1d7392c429e8c89fdf9f7e49ddf,20180427,4,29,0,,,,13,1,1
7519,e8fcc694351644bead4876cd37fef04a,20170803,3,25,0,,,,13,1,1
7520,633989895b4f4655a1109588d9227848,20180508,4,18,0,,,,13,1,1
7521,95aa3565293e4eaa9687465c64001099,20180520,7,29,0,,,,13,1,1
7522,e5b24cf1080c47dfa997ef48d2374907,20170625,9,16,0,,,,13,1,1
7523,280649e0b85142ba818b84afd87afe5a,20180317,9,28,0,,,,13,1,1
7524,71169b8932bc47a2916e1654ec7b3437,20170704,1,1,0,,,,13,1,1
7525,77322669c5994904b3dbf48c49c74be2,20180321,7,22,0,,,,13,1,1
7526,fec61c891e9e46e4bde6ba5a4aa5ca03,20170609,9,19,0,,,,13,1,1
7527,515900ac4e474cc89d54e821b2e3462c,20180326,9,30,0,,,,13,1,1
7528,ba25bd593356492eb75318c8a55ac81d,20180403,9,29,0,,,,13,1,1
7529,6fef59b608aa4abda1dc2474b69256e9,20180417,9,24,0,,,,13,1,1
7530,b91223d073654a6b850a6185f58d7a5a,20180416,4,5,0,,,,13,1,1
7531,a8be4c11ec594570be650a8c347efd0e,20171210,4,1,0,,,,13,1,1
7532,6f9caa3b9c4f4001beb26deb4ee4b16b,20180310,4,29,0,,,,13,1,1
7533,b0a380b5a1d84f2596d9ce4a50744e05,20180404,4,3,0,,,,13,1,1
7534,8c1f1dde012d4f87b74fced281a7e20a,20180223,9,4,0,,,,13,1,1
7535,7a48142c2189497db821920ddf0be252,20180302,3,14,0,,,,13,1,1
7536,d5462b2acf3f4b47a4664dedd6ac89a7,20171214,1,14,0,,,,13,1,1
7537,7ce0aa857e774d37a1bdcc6c7d72d77d,20171006,3,8,0,,,,13,1,1
7538,c5b1a84789c24005880933cd3a819527,20180317,7,1,0,,,,13,1,1
7539,cb4efdc45b6a44d59aca2c4092441544,20170611,7,12,0,,,,13,1,1
7540,4790011cdd2e4f44b5e7523ad0f544e5,20171106,7,29,0,,,,13,1,1
7541,074866012ca948e7b84cc36ca1e31ca2,20170908,4,12,1,20171001.0,23.0,788.0,12,6,1
7542,33addb19075249c691ea9b752bd48476,20170906,4,7,0,,,,13,1,1
7543,26349452e1fc4888912cf6eddd13354c,20170923,9,24,0,,,,13,1,1
7544,f3b801260f1b4fa3ae7609c5538e89f9,20170812,10,30,0,,,,13,1,1
7545,48c23ba4adca4b668971f6bd71dee73e,20180316,4,27,0,,,,13,1,1
7546,42e970fee7e2406b96df0ea1cad775fb,20171226,4,28,0,,,,13,1,1
7547,23d25096be8b4abb873926915623dec8,20170612,3,13,0,,,,13,1,1
7548,cb28f3e281484bf697b15145992b7399,20170819,4,23,1,20170909.0,21.0,789.0,9,9,2
7549,669138fa81564aaa92f109a55e2a53f1,20170731,3,24,0,,,,13,1,1
7550,cc11c6763dd74f4baa590db87c526c44,20171231,1,23,0,,,,13,1,1
7551,2c9f46dfe5234fa9a9ccfcadf6229f84,20180113,2,2,0,,,,13,1,1
7552,18fee4990b04409e925ba884cb0993df,20170919,7,21,0,,,,13,1,1
7553,943b0363a10f4cbca9bff96f7b0ed7c4,20170925,1,29,0,,,,13,1,1
7554,752ada409bb7416babd0cf0527c7d253,20170921,7,11,0,,,,13,1,1
7555,0d7fd5e823cb4942bd313f57382a8d50,20180506,9,22,0,,,,13,1,1
7556,41cd037e2e384d63b70317ff3de0fe78,20171203,7,17,0,,,,13,1,1
7557,6657beda0f064c52a95751bec4fe27a4,20180222,4,11,1,20180322.0,28.0,790.0,7,7,9
7558,54b5f65d80a44bcc9cea91d543ebdb69,20180315,9,20,0,,,,13,1,1
7559,b3e09049690b404a8971961c9f4327f7,20171024,9,12,0,,,,13,1,1
7560,14527db57e6e4fc7a75b9b24340977aa,20171124,3,12,0,,,,13,1,1
7561,b37d3e8723b14d1c9e07a56cf81e6e06,20180506,1,4,0,,,,13,1,1
7562,12404f2282d44fff863fda8f1bf201b1,20180522,1,29,0,,,,13,1,1
7563,57f57c11deb946e19e7612a8442527c6,20180109,4,26,0,,,,13,1,1
7564,1374e4b07fb3428b9461c0fb8985970d,20180309,1,30,0,,,,13,1,1
7565,4d9c9f2d2b39477f92c777f7b8f48bb5,20180330,9,21,0,,,,13,1,1
7566,6b061cbefa4e483eadd5de7411c5ddeb,20180513,8,15,0,,,,13,1,1
7567,c7c1b9343efb43eea88b3622c6999078,20180505,5,3,0,,,,13,1,1
7568,37622e11a3b14c78ab298c6d7dc6b70c,20180309,4,14,0,,,,13,1,1
7569,8685de344b124357bbb6590e213f7933,20171211,3,15,0,,,,13,1,1
7570,fba43da22578411a8e2a5126c260b6b5,20180419,4,22,0,,,,13,1,1
7571,012727929f3941e4b534c35996bc837c,20170919,7,21,0,,,,13,1,1
7572,49b3ee178e9b4c808a00497ebef3a540,20180202,9,25,0,,,,13,1,1
7573,7f47098a002d4a14a4a420f8a6ac457d,20180511,4,24,0,,,,13,1,1
7574,7da691d0a9ef4595a066e6cbf106bbea,20170906,1,8,0,,,,13,1,1
7575,4c3bb17758784f91b73e6e4abdcea1cb,20180320,4,22,0,,,,13,1,1
7576,199210d5802f4f7196dbfe4ff8088d85,20170801,4,20,0,,,,13,1,1
7577,1bc2ee0e2d1947bc8318ebbe4c89a81c,20170907,9,30,0,,,,13,1,1
7578,14fa2038ad3b4a26a3c25cb22d257517,20180305,1,17,0,,,,13,1,1
7579,093c968d13294ded875ba067656c6dbd,20180328,5,10,0,,,,13,1,1
7580,4b47d9f5a1f7413bb7c96658354bcb7a,20180216,1,23,0,,,,13,1,1
7581,0a3bfcd1870e429e84d3f3b0969bb6df,20170621,1,20,0,,,,13,1,1
7582,a64709f7879445daa7b1cc5435b4baa7,20170824,7,24,0,,,,13,1,1
7583,2c31f2d7335d4465a14b3b3b98e19f51,20170923,4,26,0,,,,13,1,1
7584,f30dd0228d524219bdd1603fc7862258,20180508,4,15,0,,,,13,1,1
7585,fc9c3e1ca620492a85181deabf4d8f75,20180404,9,22,0,,,,13,1,1
7586,237c42f24c7142cba9defaa138becec6,20171217,1,27,0,,,,13,1,1
7587,5ef83a4206964f2b87fa6f5f47a6be56,20170730,7,6,0,,,,13,1,1
7588,abfaad280ee74043b7c34fb84fcd5d9d,20170912,1,3,0,,,,13,1,1
7589,b57493671e5c4987b3ccd3f2666bdde8,20180509,9,20,0,,,,13,1,1
7590,9dff41a55b514b2bb48a3d1d3613bd4d,20180410,4,20,1,20180422.0,11.0,791.0,3,6,6
7591,9644ab17437d4b909cf4316bfcbd6f50,20170614,4,3,0,,,,13,1,1
7592,d5521d6ec5a34375a6af4a4df68044ad,20171210,3,27,0,,,,13,1,1
7593,266801aaa51e4be6bd14c312a776cab3,20180410,1,19,0,,,,13,1,1
7594,76ad9e0bdef34311b79fd6706311cec8,20170712,8,23,0,,,,13,1,1
7595,7f7deb41da1c46f48bcfd1d3eac26b76,20180407,4,10,0,,,,13,1,1
7596,6c6519bb52d348f9bc7b94f576321501,20171112,10,18,0,,,,13,1,1
7597,696cbe6a839940f9a2cadb2e4c79127f,20171226,4,10,0,,,,13,1,1
7598,5f8e045070c64fb7864ff78357ae18df,20180419,4,9,1,20180519.0,29.0,792.0,3,12,8
7599,a619628548144dee9590cd12c9cc50c9,20180326,10,23,0,,,,13,1,1
7600,93a701ff824d4d3f8c3679f921294ab8,20171228,7,4,0,,,,13,1,1
7601,fcde22f53bff4492ad73d4b9f8ccbb35,20170626,1,17,1,20170721.0,25.0,793.0,1,7,10
7602,a80f821b69a1456997bc855891578bc0,20180423,4,19,0,,,,13,1,1
7603,ee5e1227e2e24d25ba747edf1240e00f,20170609,9,18,0,,,,13,1,1
7604,a645b5dc3326496f87705b6a446ac5a0,20180113,5,1,0,,,,13,1,1
7605,f66d086d85d5420c9803c1603fc2bdeb,20171218,7,27,0,,,,13,1,1
7606,afeb57c3c0f444ff9d2dc77c256a125a,20180601,1,12,0,,,,13,1,1
7607,b6a7c2271fcf4dafa0a77fdc7753147a,20170811,4,24,0,,,,13,1,1
7608,f4e8ef86e3ef406db2fe32865018e57c,20171228,9,29,0,,,,13,1,1
7609,c16bb59060214e0dac454b72638086af,20170810,7,26,0,,,,13,1,1
7610,23f8e92bd79844e6b499578fe94a3650,20180312,4,2,0,,,,13,1,1
7611,dc669b4ed80940efa2f1a729bd5e8bd2,20180207,7,20,0,,,,13,1,1
7612,fee7dc1f29c94b2e8bd47daac4909e78,20180129,4,22,0,,,,13,1,1
7613,d3fe01ff9fe5432ea19f6fdbc9f2fe49,20170625,5,14,0,,,,13,1,1
7614,eb3f59871b1c46b9897819a34b3b892a,20180525,7,3,0,,,,13,1,1
7615,9c297366454b42f19f7fae8e0e66f52b,20171013,4,30,0,,,,13,1,1
7616,385f6c3b222446b9ac33f934171dcd5d,20180224,7,19,0,,,,13,1,1
7617,86c656ed42154db3a5c4d727b5fe599a,20170705,7,9,0,,,,13,1,1
7618,353e91870f11481cacd5a5086cdb5914,20170912,1,17,0,,,,13,1,1
7619,0ad4c6783206480393afcba4a78de806,20170716,6,22,0,,,,13,1,1
7620,31f51d93e0944d19a229da4b12b740da,20171108,7,28,0,,,,13,1,1
7621,2ce8bccdcae54db4a8c88d148a54d520,20170827,8,16,0,,,,13,1,1
7622,50f1c47801eb47f4ba9ff4f1c8b499a9,20171223,9,18,0,,,,13,1,1
7623,ef47f4321e5e46a097c0318494376451,20180306,4,18,0,,,,13,1,1
7624,b7f6bbd7781e46ab89f9db2691b84c75,20170606,1,10,1,20170615.0,9.0,794.0,2,6,5
7625,bdec9828477244cbb2ba9244545798e9,20170824,9,3,0,,,,13,1,1
7626,a9ae908ab0a24f938d782009532c5a6a,20180405,1,26,0,,,,13,1,1
7627,49681458e7dd4b71b8f523e0eb00bb62,20171212,8,17,1,20180101.0,20.0,795.0,12,9,9
7628,90e62b8fd27646c0b847119fe190de38,20180103,7,20,0,,,,13,1,1
7629,4398d1145195437e9e6c375289b627e3,20180218,5,4,0,,,,13,1,1
7630,cb1979a84e404a2f8bbe2d050be154ba,20180126,1,21,0,,,,13,1,1
7631,51bb823374184f2990e8374dc47dd5f1,20180321,7,30,0,,,,13,1,1
7632,1c91f50c55214baba2460d50d66fc4c5,20170802,9,9,0,,,,13,1,1
7633,ff086ec57e0d43f0a8fa49bac286a924,20180116,7,12,0,,,,13,1,1
7634,729b2072f56c4c30944730a75ad6fdd2,20180508,10,1,0,,,,13,1,1
7635,8955bdf8784d42e0a4e6c98355e6beee,20171105,1,14,0,,,,13,1,1
7636,9ca64a0e3aad4564b220d3c6a6ce5ae1,20170626,4,10,0,,,,13,1,1
7637,686c60e6362b46d2adef5bc9e0c1b190,20180324,7,27,0,,,,13,1,1
7638,451905e17d32475b8ae28e481b02c618,20170812,9,1,0,,,,13,1,1
7639,2c65f7a8d32642c083171f5263a9bfbe,20180217,4,20,1,20180412.0,54.0,796.0,3,9,9
7640,d0a9bdcdd28b4f0e83d3d380aaf93fbf,20170719,4,19,0,,,,13,1,1
7641,1d529a7bf54b47d3833a6e822f644131,20171024,7,17,0,,,,13,1,1
7642,0ba312f666374cdc9e802894fb301d83,20180118,7,11,0,,,,13,1,1
7643,90b4c47a6c4d432f866e64ec71b04cf4,20171007,7,30,0,,,,13,1,1
7644,44fa054777ce44b7a460669746c5df90,20180127,4,25,0,,,,13,1,1
7645,5c3e8f9b3033471786d74bc85a02ce03,20170812,4,2,0,,,,13,1,1
7646,5d91a6b33dd54d34817d98a75f238e84,20180211,1,7,0,,,,13,1,1
7647,fc7d3ea560f54224aaa00a77f2801a7e,20170904,9,26,0,,,,13,1,1
7648,80f907d070414220852d3eada4de7574,20170822,4,3,0,,,,13,1,1
7649,237894b5442a4954a0e39287cf3e0673,20180207,7,21,0,,,,13,1,1
7650,b353ef916f87434c95f4108f346bb9c5,20170902,9,23,0,,,,13,1,1
7651,335f1c46c50b41b791c5d3cee9a34381,20170908,4,6,0,,,,13,1,1
7652,69785b86f1ab4c4b9a5e9d929e23b07c,20180101,4,14,1,20180116.0,15.0,797.0,7,11,4
7653,11eadec150a34490bad3da7a5b67568c,20180307,4,2,0,,,,13,1,1
7654,1b396083e22143d3a3601fd36b822a02,20180207,3,18,0,,,,13,1,1
7655,17715eb5e91f40ca9d0d3813a31132e0,20170928,1,10,0,,,,13,1,1
7656,ab2fff98a01d4855acc1ca3dd17b9fe8,20170927,1,17,0,,,,13,1,1
7657,b5cecf69b1914366a73a0227f43af9d9,20170729,1,7,0,,,,13,1,1
7658,6182b0b974c24c76a5e1b6b430432dcc,20180306,1,15,0,,,,13,1,1
7659,e095d0f972fe472699f2f7abdfc72d11,20170615,7,17,0,,,,13,1,1
7660,c5846208a84941349ee22cde7a4ebe64,20180321,9,2,0,,,,13,1,1
7661,863fd20521054548bbc5c5692271ebcf,20170612,4,5,0,,,,13,1,1
7662,6f2a6b9bcb08454f9ad509c7fae636f9,20180526,9,21,0,,,,13,1,1
7663,afbf53b8ac28456d85450dda754c6b1c,20180422,3,30,0,,,,13,1,1
7664,182401988e784b9faa27a0d7a9442481,20180515,9,18,1,20180601.0,17.0,798.0,12,2,3
7665,54d67a7a484c4be0b0ded0bb7dd77fba,20180131,7,30,1,20180212.0,12.0,799.0,3,12,14
7666,88f116de06d2445891aa292067ae7843,20180210,4,12,0,,,,13,1,1
7667,27876b5768de432a8061d3ef4de66383,20171225,9,24,0,,,,13,1,1
7668,19ac6fc22601400390ef47e4c34ba652,20170815,1,16,0,,,,13,1,1
7669,708ea251c3d243569508ef5a0c380ff9,20170602,8,21,0,,,,13,1,1
7670,4932571598234ba9a238f5ac00b486fc,20170813,7,11,1,20170822.0,9.0,800.0,2,6,3
7671,0737cf67023246b79dd3dba7e61858b1,20170827,1,17,0,,,,13,1,1
7672,425bc6ae4a5d47d78d884a36563b811d,20180419,9,8,0,,,,13,1,1
7673,2719c8dbfb0049809f91cad517099fde,20180512,8,3,0,,,,13,1,1
7674,920f735fd6e2494fa65177c195561472,20171219,9,26,0,,,,13,1,1
7675,ac650470f1404f57b1d2b816aa800cd9,20171119,9,18,0,,,,13,1,1
7676,48c8c0454da3424e84d5617291132bfc,20170724,9,30,0,,,,13,1,1
7677,f405d5128b864e11bd5c8de2226530bc,20180319,1,2,0,,,,13,1,1
7678,6cf2f5d0fcd04f4da63842ab4bcf665c,20170708,2,23,0,,,,13,1,1
7679,d86c72b34d654c55b768a6cf7b1b1eee,20170829,4,14,0,,,,13,1,1
7680,ccc44054b86c40f9b181ce84d7acac2d,20170811,4,14,0,,,,13,1,1
7681,861ad47bd5d741fd862a4a3752880497,20171221,5,24,1,20171229.0,7.0,801.0,4,12,9
7682,ee2b6f6955874e53a597ac00f1a77bb6,20180401,9,21,0,,,,13,1,1
7683,f234ec38c29a411ba7922b534244dbf6,20180330,9,24,0,,,,13,1,1
7684,9b79dfda48234d44a79028172c6d19f7,20180516,7,17,0,,,,13,1,1
7685,9d88206d4e844dac9712e9805a871553,20180107,4,29,0,,,,13,1,1
7686,377b3d53e98d412a9646c5f6eb31a51b,20180305,1,5,0,,,,13,1,1
7687,7c44fbfd4c9c48038da61c2cccc626a3,20180307,1,7,0,,,,13,1,1
7688,d93eff60b3bc430fb9f0141aa8ca787b,20170804,7,10,0,,,,13,1,1
7689,39d5f2e4bd17476488e93acf36193399,20171117,7,29,0,,,,13,1,1
7690,8c8d02d0d86946ae99d2b5c37a3f4680,20180521,3,11,0,,,,13,1,1
7691,0457c79dddd84b6da11c9af46facc9ef,20180305,4,2,0,,,,13,1,1
7692,031c5ceaf4d546ceadd4695beecfb807,20180403,8,6,0,,,,13,1,1
7693,55439470c1a34dd3a32035573e778da9,20171028,4,4,0,,,,13,1,1
7694,11b61b8c4e29401597dcbe5e83dd1bd0,20171031,9,8,0,,,,13,1,1
7695,b1a9c91df59f4d1d97a1ed2406b4c8c5,20180409,5,21,0,,,,13,1,1
7696,df9251d387814a4999d5fcfd48ea6ad0,20180419,1,23,1,20180509.0,20.0,802.0,1,6,9
7697,0f74cdc6a9a64b3dbbb282b37db81b2e,20170714,7,16,0,,,,13,1,1
7698,3d121ed4ad58488e98c53be8cdd88652,20180118,1,21,0,,,,13,1,1
7699,ddb2109c89bb4c589e7459c27598737a,20180215,7,5,0,,,,13,1,1
7700,741ae1c94dd14fb987a5feec8ebd2eea,20170619,4,18,0,,,,13,1,1
7701,1d849c5c3d634d95b1c5a25903a11caa,20170717,10,22,0,,,,13,1,1
7702,8e489bf9ebd940cfbf270519b20c1968,20170831,1,12,0,,,,13,1,1
7703,1f1c4be4070c46eca9ef32388d917c61,20180306,9,18,0,,,,13,1,1
7704,5e6faa7c069f46b7bd2988d81e9d4496,20171217,7,9,0,,,,13,1,1
7705,7ccc7a07e0654a4f9d32f2451d9cedef,20180304,4,7,0,,,,13,1,1
7706,77343f4f2bfc49a182881bc16de795b0,20170614,4,18,1,20170622.0,7.0,803.0,7,6,4
7707,583cb24d90a9488daf7f2a2ffbb8884b,20171019,9,24,0,,,,13,1,1
7708,9f8fb4f3acf2421a8fa29813f1c70520,20170710,1,3,0,,,,13,1,1
7709,23b09faac27a4829903b4f0ac5c18ed2,20180418,9,13,0,,,,13,1,1
7710,d8797534665a4afe8cfa3dc60da6d4f9,20180409,3,13,1,20180420.0,10.0,804.0,8,1,15
7711,b5ddd8e2853a4d54a9e38e32a6b7e519,20171214,4,4,0,,,,13,1,1
7712,a8055442a12c4d249507941b75bff9cd,20180416,7,22,0,,,,13,1,1
7713,e77a9af87b524ceebb1ae8468e742571,20180110,4,13,0,,,,13,1,1
7714,adc5eb4f3b744ad292cf87edfbe864df,20170818,7,8,0,,,,13,1,1
7715,ac602e7b3f5443c8b61e3117c3cdad7a,20180220,4,9,0,,,,13,1,1
7716,b9665d39345d4ea1bdfaadd6918f18f1,20180208,2,5,0,,,,13,1,1
7717,9c9cb463910548d2a02c16d368096bd6,20180426,4,8,0,,,,13,1,1
7718,7415b851b6954f258b88530b816a4597,20180515,5,26,0,,,,13,1,1
7719,73a82827b293483b8eedf73e196cabcc,20171222,7,7,0,,,,13,1,1
7720,7400cbe5c81d4055ba88861dfa1e64a0,20180516,10,5,0,,,,13,1,1
7721,b90a0c15a5c443f0a46a4b959f3c5c99,20170930,9,27,0,,,,13,1,1
7722,ce0cf48584ca46039379c5727d982013,20180523,5,12,0,,,,13,1,1
7723,5136ca75935e410db3158132a76ee945,20170616,4,24,1,20170714.0,28.0,805.0,12,11,2
7724,9b69ef51682c4faeb2dde80b5248f5b0,20171217,1,2,0,,,,13,1,1
7725,83db360945164273a887ae76dbaab7b6,20180414,5,11,0,,,,13,1,1
7726,7216224a6a4d48a9b434e6cb1f6771ae,20180120,4,27,0,,,,13,1,1
7727,c330c955d9e54c63bf5dd3add3fe080d,20170616,4,7,0,,,,13,1,1
7728,789ae0c58fee488785b7c3ee37267c63,20171022,7,7,0,,,,13,1,1
7729,dee8683c48734c1492d1130d65b7ca71,20171123,5,19,0,,,,13,1,1
7730,4ea42eef48034717a8ad4662302a961a,20171007,9,22,0,,,,13,1,1
7731,a7dc16ab79694d7faa8d9f303ab9006b,20180224,9,18,0,,,,13,1,1
7732,70b80d1e72254388b3eb89f0b763619a,20180331,4,9,0,,,,13,1,1
7733,e6cabd00720d44edb11089f645bcff24,20170811,4,20,1,20170822.0,11.0,806.0,3,8,12
7734,c15354b7afa440658b97a0a24368b1c5,20180410,3,7,0,,,,13,1,1
7735,b953264e546f4fe8a8ce508cf5e60a31,20180423,4,23,0,,,,13,1,1
7736,2ed3bd6106c0420191bea9f863a0ec4d,20170808,9,2,0,,,,13,1,1
7737,8abc202bc13946a19bba7703d98d161d,20180322,5,5,0,,,,13,1,1
7738,cae9e7b77e4d433eb83266690aa34bb9,20171218,4,10,0,,,,13,1,1
7739,2f8b20409eed45228a36d6c703dd9f97,20170908,1,12,0,,,,13,1,1
7740,4b23481996324a74ad83b322cebe6e85,20180321,4,8,0,,,,13,1,1
7741,90ccbeb88b7048dfb1e19ee6fcabf230,20171225,9,19,0,,,,13,1,1
7742,ad58f80b77c04762868597056487a662,20170711,4,7,0,,,,13,1,1
7743,6aea9b4055864cffac495d17a38e3c38,20180228,1,2,0,,,,13,1,1
7744,65cbe0f24e6d44e68515caae77f8b8a0,20180203,7,22,0,,,,13,1,1
7745,f477307aedce4e74b06ae22ecde80f8c,20171123,7,7,0,,,,13,1,1
7746,4bf700ea5b1b45e789c43335cf620bd7,20180322,9,30,1,20180412.0,21.0,807.0,7,8,5
7747,2861ab706b834716b0ac321113ebb474,20180329,4,10,0,,,,13,1,1
7748,439e75577089490abf254417464ea10f,20180522,1,8,0,,,,13,1,1
7749,d16b4df72e444a03aac9a8bc6b5be9d6,20180227,7,5,0,,,,13,1,1
7750,6254180ae3764aa99f6f49264f0ea1af,20180518,1,25,0,,,,13,1,1
7751,0f30f0004b2b45799e09bcdcffbf256b,20170923,4,25,0,,,,13,1,1
7752,6834d27ac280452dbf027b3ebca3a0e5,20180314,1,16,0,,,,13,1,1
7753,b6d72d08a55d4296852689c40e12350c,20171205,4,23,0,,,,13,1,1
7754,29728ac402f1434584f498a67f84d541,20180206,7,19,0,,,,13,1,1
7755,739d3dcfd7c9422489ddbf4931894bd5,20171215,4,8,0,,,,13,1,1
7756,5ba0483f9cba475a9211a3382ae3b60b,20170609,1,8,0,,,,13,1,1
7757,c8bc87e03fec4e66a90ef52e848ae058,20180205,4,20,0,,,,13,1,1
7758,b2c244f7a28f43dd83458660e46a18d3,20171012,8,26,0,,,,13,1,1
7759,bad97344429245289a91374dbee4f784,20170908,8,23,0,,,,13,1,1
7760,2d7d986250064ab9abbe730de6d90cc1,20180416,4,12,0,,,,13,1,1
7761,676c1dbeb3de40d5a9d621b100eb24f8,20180512,9,20,0,,,,13,1,1
7762,77223e14934146f7b68a7c645a83b714,20180323,4,22,0,,,,13,1,1
7763,839d1540ff1f472ca37eae64e1e0d7d1,20170728,7,29,0,,,,13,1,1
7764,40c2909ad10d49f3b97aededf76be080,20180203,1,27,1,20180209.0,6.0,808.0,1,12,6
7765,fd84b93da2c44e219102aed2feb2f8ca,20170910,1,20,0,,,,13,1,1
7766,35632e15044b40fb8081d3108eb7eccb,20180527,9,14,1,20180608.0,12.0,809.0,1,10,15
7767,be3fe10c7a814721ac8b0e3a07f479c8,20170929,7,5,0,,,,13,1,1
7768,763c8d18fc0e443cb2391159705c5f37,20170620,7,20,1,20170624.0,4.0,810.0,1,1,9
7769,4b0abb1f424a4a41a008f2985ece7404,20171204,4,30,0,,,,13,1,1
7770,e30bba834b3c437ba62576addf100031,20171105,1,8,0,,,,13,1,1
7771,b7b5ce2ebdeb40eda78b186855c65c18,20171029,9,25,0,,,,13,1,1
7772,bb9e9b23b6f546b3b66f3420bd8409c6,20171115,1,9,0,,,,13,1,1
7773,1846a91895ad4d80a8b06fa19ed1657e,20170725,4,2,0,,,,13,1,1
7774,cb6ae39d05c0443286415cf4d50e0113,20170828,7,29,0,,,,13,1,1
7775,2779734b0c6f4885a4159569da0d62db,20170918,7,13,0,,,,13,1,1
7776,31401a46e39e45a3973a8e20cd3b7c37,20180224,4,17,0,,,,13,1,1
7777,5eb83e158a074aafa53b1d82d7054671,20180105,7,10,0,,,,13,1,1
7778,15cd2a1753624d3395dfbbdfd884d33e,20171110,3,26,1,20171117.0,7.0,811.0,7,12,7
7779,bbe0865312e74fdb9dfec4946543d58e,20180414,8,10,0,,,,13,1,1
7780,bd52a214393e4278972b7938ff2c3895,20170816,9,5,0,,,,13,1,1
7781,115fcd6d86364abcb996250fc222f2c9,20170726,7,24,0,,,,13,1,1
7782,78538cfd3eb94712a780312c1afc467e,20170715,4,24,1,20170804.0,20.0,812.0,3,11,5
7783,ef6c13a735754095875e6616ed6b034b,20171129,8,18,0,,,,13,1,1
7784,27130d648c3745a69229ef242931adfa,20171214,4,6,0,,,,13,1,1
7785,d2dcf2124f2e40a988eafaac4f420bb3,20170802,2,6,0,,,,13,1,1
7786,1f2e8294fcf54e5f8a4c59b9b42a04e4,20180129,7,27,0,,,,13,1,1
7787,239bb7bbd93a4768848534c291065186,20180406,7,24,0,,,,13,1,1
7788,7d568698ff20414e93a7b52e094aef3f,20180131,5,19,0,,,,13,1,1
7789,6723ea409d0f4d7685091cb648d3172a,20171202,4,17,0,,,,13,1,1
7790,7832ec8b8b334e9085f01c8d3a11c4d7,20180219,9,21,0,,,,13,1,1
7791,94e49b579e3c4eafa3699395890e8e27,20171126,9,7,0,,,,13,1,1
7792,dffb194c97304f8c9911607c1963d03c,20170810,4,21,0,,,,13,1,1
7793,d007ab703e19468dafc90af879d68a3f,20180106,7,27,0,,,,13,1,1
7794,363327ba61d44000b7023bbbae6730ff,20171114,1,6,0,,,,13,1,1
7795,bf8b9606c9144d899bfe630b679350ce,20171230,1,21,0,,,,13,1,1
7796,4e864ee6301a4720884255b895de6720,20180113,4,1,0,,,,13,1,1
7797,ea5782ffdb1945d6aca93da1ebc8d5ad,20170825,5,13,0,,,,13,1,1
7798,24295b3e7cf346059323ef2ddb1c2465,20180528,4,6,0,,,,13,1,1
7799,d26cb18b334f45e1b10f26b1e91ce867,20171120,4,21,0,,,,13,1,1
7800,c790bf53401d4d619becb35cc4045ac8,20180420,4,2,0,,,,13,1,1
7801,d8aaa92dae6b4b1a9c47d4b691b1e6eb,20180329,4,16,0,,,,13,1,1
7802,c0fa7276deda40e38ce380e38a65646c,20171110,4,1,0,,,,13,1,1
7803,91212287115a4a5aa7ccb37e5bc4da2c,20170831,10,4,0,,,,13,1,1
7804,0c9f8cec1e164f4db98c0cb866e763e3,20171103,7,22,0,,,,13,1,1
7805,2db83df0f3fd49ff87ae2ec497a77cc9,20170731,4,5,0,,,,13,1,1
7806,e6a603e950e9443c9d64a62d77461ce9,20180521,4,8,1,20180603.0,13.0,813.0,9,6,2
7807,6109f050f15646e28eaea53fd1e3a290,20170614,1,22,0,,,,13,1,1
7808,5e19f4dc7c934d14a2cc30cea4376c89,20170604,8,27,0,,,,13,1,1
7809,ec99a1e30d314fa5bc6df34b8b42e9b8,20170819,4,16,0,,,,13,1,1
7810,b7feba366c3040cfba793df94e2c7b35,20180424,4,14,1,20180513.0,19.0,814.0,7,1,15
7811,b099b640299042858a2c004a45318dac,20180428,4,3,0,,,,13,1,1
7812,6998dce705d544d087dd14b703a5746b,20170930,4,23,0,,,,13,1,1
7813,b3e11a1ae683494a9e445d4575b2888c,20170730,4,10,1,20170808.0,9.0,815.0,8,8,14
7814,e98c9f1218dd428d88508a2bf5a0fa57,20171110,7,9,0,,,,13,1,1
7815,b65340bbe8f94d1da754604a569557ad,20170603,4,8,0,,,,13,1,1
7816,48cd0f76d1bb41fcbc362afab8db3ef1,20180202,9,6,0,,,,13,1,1
7817,731136a2902f47a78904d8f5760bb87f,20170913,4,23,0,,,,13,1,1
7818,339dc61a041c4c65b875ccbe15cd0edf,20180104,2,2,0,,,,13,1,1
7819,62b9bda2863b4a97a331bbef43169ef8,20170902,5,1,0,,,,13,1,1
7820,d39cc835be014459a73c0f58813d8802,20171103,9,10,1,20171127.0,24.0,816.0,7,1,4
7821,a78fce76a28a4d78a43224d330ca9373,20180222,7,29,0,,,,13,1,1
7822,0ce0f9174d284162bc7462498620feb1,20171214,7,14,0,,,,13,1,1
7823,28855dfcf75e431292e264cb4db81278,20180414,7,4,0,,,,13,1,1
7824,53ff1dd00acb4dd29ca1560bb2fae65d,20180211,1,15,0,,,,13,1,1
7825,0589e44193184c018e4f71e8241a01b8,20180116,7,5,0,,,,13,1,1
7826,fb63bf5c9028492e839b62de2adb8bed,20180112,8,23,0,,,,13,1,1
7827,4f3345cbe234427085a9fb56ee15c307,20171229,2,2,0,,,,13,1,1
7828,130f96172deb4d5bb504810fbe9619fe,20170604,7,16,0,,,,13,1,1
7829,a470a33b689f434ca45a2e7680bc9c8f,20180219,9,22,0,,,,13,1,1
7830,4fd9a6722a04431190867b6da18114c7,20171206,4,9,0,,,,13,1,1
7831,63fa867f51534cd08ccd728f0d480528,20170706,4,9,0,,,,13,1,1
7832,e47d406b172f41c69b9249e4c5a11589,20170828,7,5,0,,,,13,1,1
7833,7f76d2af68854379ab68af612826ed5b,20170725,4,9,0,,,,13,1,1
7834,80819b01a7954068a2f1f80449d35a0e,20170703,8,9,0,,,,13,1,1
7835,c5bb7ab4412e44fbad2fcd6ce75bdb8f,20180407,4,12,0,,,,13,1,1
7836,d664cd04e58d4f0494fab62795927d00,20180427,7,23,0,,,,13,1,1
7837,88bc70493802495f8920c938fb81d12d,20171104,9,3,0,,,,13,1,1
7838,9491e9c8b47d4228b02640f8004b8b31,20170701,1,2,0,,,,13,1,1
7839,188c958346c54329b02cf894b26237d5,20170605,7,6,0,,,,13,1,1
7840,dcf127891b7c437489cd6f34419f8aa8,20171004,8,19,0,,,,13,1,1
7841,af832d4e125d4873a3b0565cac6ed29c,20180206,9,9,0,,,,13,1,1
7842,08f26bcb5d7d4a00824cdda98b0941d3,20180311,7,16,0,,,,13,1,1
7843,fec94988a45542c3911a1179b04bac60,20170613,4,7,0,,,,13,1,1
7844,430e8835fb1c4b72955ae82246ad3b10,20180128,7,6,0,,,,13,1,1
7845,ecf15e9ff67245a895c954efb507ff38,20180528,3,11,0,,,,13,1,1
7846,5bb72796ef24483db9a06c06f0f22b3c,20180120,9,5,0,,,,13,1,1
7847,19406daf41d64bf2af5925c540d8c9be,20170901,3,13,0,,,,13,1,1
7848,1b1c8aec91f9428099416ae3c3c1a2cb,20180124,7,19,0,,,,13,1,1
7849,fe92c8a175544473ab4d2ad90273521e,20171203,4,23,0,,,,13,1,1
7850,7c6db20fe8ed4b0dad91ded5942b32e8,20171015,4,4,1,20171224.0,70.0,817.0,7,9,5
7851,a83ad521a61a45fca4342b74b9fd8b22,20171212,7,10,0,,,,13,1,1
7852,71d10f91be4c443ba51c03e1d8d4de8a,20180320,1,8,0,,,,13,1,1
7853,b3026bce8c1d41d8815e7ab217229c7c,20170812,3,3,1,20170912.0,30.0,818.0,1,4,7
7854,e96a8bd88d774612818df7b0fd8f90b3,20180217,7,30,0,,,,13,1,1
7855,e71b33e16326491aba9577e797481299,20180503,7,17,0,,,,13,1,1
7856,1db91cef36da475cac8117bb91038b4f,20170723,7,27,0,,,,13,1,1
7857,00aae06b6d444e888fb239a22dbe1581,20180309,7,28,0,,,,13,1,1
7858,4fd691e89d4e4d4aac1e5c9a223307b6,20180112,4,23,0,,,,13,1,1
7859,3702308b800a4f329a9b3e9e39c19e92,20180127,4,3,0,,,,13,1,1
7860,cd6cc72160024fcda1f39fcdc2ea24d3,20180121,4,9,0,,,,13,1,1
7861,4f690a3d82c54ff394c49c7547654d04,20180113,4,22,0,,,,13,1,1
7862,8fe1bb98bad34aa19371465abc0ff9f2,20180317,4,14,1,20180425.0,38.0,819.0,1,5,6
7863,2e6a71c6d5224250ad19fce5a0d81d66,20170904,4,8,0,,,,13,1,1
7864,e5a9b37862bd4b949387173a1d7605e0,20170902,9,4,0,,,,13,1,1
7865,677e9ffcf7af413cb7c063574a38be79,20180323,7,22,0,,,,13,1,1
7866,8cec5e0b1c3f440e8330c1e8aa024044,20180411,6,2,0,,,,13,1,1
7867,33b98b84dbd44e719175b5edb14821e8,20171228,4,25,0,,,,13,1,1
7868,7e3a57cf8dca47f6840e54e644c5fdca,20180105,7,11,0,,,,13,1,1
7869,f0bcf962e3094c329c25f6ad8be92677,20180327,7,23,0,,,,13,1,1
7870,66ac51b6745645f49fec3ccbc753d51e,20171103,4,21,0,,,,13,1,1
7871,68ef11b6c1834fb9b19b83d184114880,20180309,3,17,0,,,,13,1,1
7872,50d27881bb904f7382ff5b40ad661bdd,20170825,4,23,0,,,,13,1,1
7873,5010d334f04b4b159c8f2098a47e4124,20171204,2,5,0,,,,13,1,1
7874,be29259caa294774ac1399ecc1a8f1c0,20180323,8,9,0,,,,13,1,1
7875,01bfb9f843214900a9e470e61d4a2fb3,20171111,9,1,0,,,,13,1,1
7876,113bf58cd7b548398c0a64b12b8dee64,20171015,9,25,1,20171125.0,41.0,820.0,9,8,8
7877,75651b4ebc704065b9bf2705ec848915,20180206,1,18,0,,,,13,1,1
7878,1c0b714595f74c73941a349ddef16163,20180208,7,7,1,20180219.0,11.0,821.0,1,3,12
7879,3879821271a74e5f97afd4971fc3a137,20171219,9,17,0,,,,13,1,1
7880,26e21cf43c5a4dc897e9e75873725961,20170611,4,8,0,,,,13,1,1
7881,9a4d949c03a74a05bb83e0cf6b8101a9,20171012,4,14,0,,,,13,1,1
7882,ce39ad830b87451eaabae821f9b94275,20180211,7,28,0,,,,13,1,1
7883,8fbd8eae2c7c4e8ebe08a9de55c64344,20170730,9,12,0,,,,13,1,1
7884,1ff01368eb6140b58584341962030a28,20180115,8,20,0,,,,13,1,1
7885,44cc7950ca534d91a512410867a7e143,20180326,4,26,0,,,,13,1,1
7886,fa90a7e45e024c59a4522d009b2c34e0,20170904,3,7,0,,,,13,1,1
7887,98b72006d87e4c10929d8951e1910405,20180112,4,7,0,,,,13,1,1
7888,e47515d8a5cb4cfebe1b6092124f0d5f,20170629,7,17,1,20170718.0,19.0,822.0,3,2,4
7889,a59fdbb4e1ed4902a7f6e6d02066cae7,20180508,7,18,0,,,,13,1,1
7890,a1b501ced0f342deade0af90155ecf1d,20180225,7,2,0,,,,13,1,1
7891,817d5821a24a4e539e021b02ff009985,20170728,4,13,1,20170806.0,9.0,823.0,6,6,11
7892,99e2f0257269439db64dce8ee477496d,20180529,9,4,0,,,,13,1,1
7893,6a63ae2cf2ab43d998b922dcb4b5f176,20180324,3,22,0,,,,13,1,1
7894,a9d94e141c7047d08869582a09b9de9b,20180221,7,4,1,20180301.0,8.0,824.0,6,4,9
7895,b230884f24db4e6caeccbe3d515770cf,20170816,7,5,0,,,,13,1,1
7896,d5d2876f02b04291be385ede762c1134,20180512,3,4,0,,,,13,1,1
7897,afb01f3394cd47229b125cc4ffc58d2c,20171204,1,2,0,,,,13,1,1
7898,8f6f2fbf6be4481c94e896f6c9924351,20170628,7,9,0,,,,13,1,1
7899,0963031c6abd497ea68d873d62003ff1,20170828,4,12,1,20170908.0,11.0,825.0,1,4,4
7900,a7ad79b14b4f469d8f09d83280c89f75,20170623,8,24,1,20170709.0,16.0,826.0,9,8,14
7901,cb58bcccbde84771aec53b8bcef79a75,20180311,9,29,0,,,,13,1,1
7902,4fffbe23d22d49a49524e7ec557bc018,20180518,4,6,0,,,,13,1,1
7903,a3df117f2818415898c750a8dc131edc,20180213,4,10,0,,,,13,1,1
7904,48f082e5a8314878ac568393eb02a596,20180319,3,16,0,,,,13,1,1
7905,4d59bdefd4c1410e80eac3f7fd638ff5,20180517,4,28,0,,,,13,1,1
7906,a1065c16d378435e93c1ad2fd20a4580,20180527,10,11,0,,,,13,1,1
7907,9c5e0098fa704ce28115c08be6b9368b,20180219,4,7,0,,,,13,1,1
7908,2ad31605f1c6406096e6aa4e1c1bb19b,20170930,3,21,0,,,,13,1,1
7909,b72f1d5093ef4caeb6178d325f187a16,20171219,7,5,0,,,,13,1,1
7910,68ed2e05a1c6498dbda9a954b4736153,20170621,7,26,0,,,,13,1,1
7911,1076856f6d7942568ba32b9c21e2e5e2,20171021,8,17,0,,,,13,1,1
7912,312e968df48c47ab8b3f1ac466abc218,20171216,7,3,0,,,,13,1,1
7913,f7817a6ca60f4db3970021bff2134ad5,20180321,9,8,0,,,,13,1,1
7914,ddd5b2f24c014196b0014bbf9f345793,20170727,4,3,0,,,,13,1,1
7915,1a8fce0a801945d0adf6e3fbe33ebdc9,20171125,4,9,0,,,,13,1,1
7916,63eb461416d54b09a5ba9ed4dfe77a2f,20180320,4,26,0,,,,13,1,1
7917,41f922b64e084e7d84919b64a79ee199,20170816,1,14,0,,,,13,1,1
7918,485cb83a55274cf2ba38ac8de5107e97,20170825,4,2,0,,,,13,1,1
7919,bccbddc62eef42c48e44c9cb0ef0435e,20171126,4,3,0,,,,13,1,1
7920,447eed96d8984c75bef16abac5f36946,20171103,7,13,0,,,,13,1,1
7921,fe866a331c774879954395c4868fca25,20171020,9,10,0,,,,13,1,1
7922,a01b23e242d448d7959543d62a964815,20180217,1,27,0,,,,13,1,1
7923,ef9b11bb51314a7099218fab48b1b6ec,20180410,4,22,0,,,,13,1,1
7924,db9c95d7227e457da7ffe37748c15789,20170603,4,15,0,,,,13,1,1
7925,e819cfe8bce34188b1a07f30a7e64044,20180127,2,9,0,,,,13,1,1
7926,25ca78b994514b7bb41e0ef175b4ac3a,20180518,4,13,1,20180529.0,10.0,827.0,7,6,4
7927,706990d375084936b114e17ac34f0daa,20170718,8,25,0,,,,13,1,1
7928,b902ffb89a994e5fa2b13c9efc47f6cf,20170814,8,27,1,20170829.0,14.0,828.0,1,7,4
7929,0a73c9aa7cc841c98de947b757d15bba,20180421,3,2,1,20180504.0,13.0,829.0,10,3,6
7930,8ebc3c45eebf4fb89792195b911d2912,20170817,4,9,0,,,,13,1,1
7931,af7632858baf4e83a67a62f30936170c,20170820,3,10,0,,,,13,1,1
7932,1ebb474be8ae48278e934ccb1e421bc1,20180518,1,15,0,,,,13,1,1
7933,3b9a76e7e9be49d6a4b8bcf743300aa3,20180125,9,27,0,,,,13,1,1
7934,a783ba1696e0466dacedde803cf2ed22,20170729,7,24,0,,,,13,1,1
7935,26e018755ee1446dbff75c553eb02f48,20180511,4,25,0,,,,13,1,1
7936,054599e5fc9149be8ba7e9e01626d7ff,20170728,4,30,0,,,,13,1,1
7937,12b6bd9653104c6db62b2ab0e017001a,20170724,9,22,0,,,,13,1,1
7938,5a773241060541139fd830fd27c393bc,20170901,9,25,0,,,,13,1,1
7939,92b331a3f2554bbe956546dc1801d91f,20180413,7,18,0,,,,13,1,1
7940,4e2f97f5a71a4b35972565578593925b,20170809,7,11,0,,,,13,1,1
7941,4403f7cf08e843faac2a0a1c0c3a8095,20180226,7,22,0,,,,13,1,1
7942,f0a16d6745194eaaad0a96716b8b0c9f,20171006,9,22,0,,,,13,1,1
7943,ae8fdadcf6044563a1496b1e1df173d3,20180415,5,27,0,,,,13,1,1
7944,f573c13d18c64b2d9c6364d00cd80ae8,20171029,4,9,0,,,,13,1,1
7945,4009d63310df41049a275e14d0ca42cb,20180107,7,8,0,,,,13,1,1
7946,c1bdf2ae5800434fa12c6509c91b964d,20170915,4,26,0,,,,13,1,1
7947,628e2614c3ea41b5b0bbe001b4938ebf,20180505,9,18,0,,,,13,1,1
7948,426d7fd839034dab81b8b55706ac0d1c,20180430,1,24,0,,,,13,1,1
7949,5cda5dabfc894a8cbf23acb664f1aff5,20180222,5,4,1,20180317.0,23.0,830.0,10,8,12
7950,23e887f2da044767b36c4f214841db32,20171023,4,25,0,,,,13,1,1
7951,8132342f872e48a3a1d5b66b23d0f88c,20170717,2,26,0,,,,13,1,1
7952,e533a5027c1d40538087ee80222f8003,20180313,4,23,0,,,,13,1,1
7953,e18f7024eb9b41bf8ff4f73bc0c4fbaf,20180224,9,22,0,,,,13,1,1
7954,33a9ba27bef6491985e2da6eada74f9d,20171120,4,14,0,,,,13,1,1
7955,5486f71332554a409664292c5c3beca4,20180507,8,4,0,,,,13,1,1
7956,e019eb12ee934894aa7f3e7899468c97,20170816,9,1,0,,,,13,1,1
7957,c383870e022f43b082921d4c56858928,20171210,1,26,0,,,,13,1,1
7958,df5d45a16dbc4a2da77a1a1454652890,20180330,3,28,0,,,,13,1,1
7959,be2e1580afc247f8a5f74d0156977e54,20171205,4,2,0,,,,13,1,1
7960,c4258457181a4c6db3e63b2fa639fa41,20171212,4,5,0,,,,13,1,1
7961,baf9255f8e1d452b9c0078c7008b52d8,20180502,8,5,0,,,,13,1,1
7962,76b2b3ae76a94198b19d87ea6c8054b1,20170918,7,29,1,20170925.0,6.0,831.0,12,3,13
7963,b75ef62210334c04b95872bc2e77bac8,20171124,4,24,0,,,,13,1,1
7964,64534a16d7724623b37d673cc3e4b015,20180522,7,13,0,,,,13,1,1
7965,5a8ced585c5647bdacd471dd95919011,20170609,9,17,0,,,,13,1,1
7966,acacf112635246c1bba9a019454400e7,20180119,4,4,0,,,,13,1,1
7967,6ad7c1612bf940d1945ce9dcd98aa7d5,20171020,4,15,0,,,,13,1,1
7968,1ae6eb46128d49bfb05abe9d7f9e2c81,20171201,4,8,0,,,,13,1,1
7969,a053e37587314d46b74833cfbf3bbd23,20180304,7,30,0,,,,13,1,1
7970,fd110b91392f41b884bd0f952b87d82a,20171105,8,9,1,20171109.0,4.0,832.0,1,7,12
7971,91b130e9734640ccbac0501aaf02eab6,20170614,10,3,0,,,,13,1,1
7972,6a5e697adecd407aa559b98daade1eb1,20170819,9,4,0,,,,13,1,1
7973,6e35fc25cbd549e89fd61a8bad8d6c3b,20180202,4,15,0,,,,13,1,1
7974,392ba493bc854e3b8c06951cfd5be9bc,20170803,5,29,1,20170831.0,28.0,833.0,11,1,7
7975,9ee15b86f9904d638f7dabf74ebc9b26,20170822,9,17,0,,,,13,1,1
7976,6d8c845175d04d71915995d1693ace63,20180313,4,19,0,,,,13,1,1
7977,5c833273eb2e41d4af72eeaa0b9d877a,20170701,5,29,0,,,,13,1,1
7978,5ccbde3a4a864ed7884c536b54a845d9,20180414,1,18,0,,,,13,1,1
7979,099101fc97524d4aa617a0ebb7ac1aef,20170714,1,15,0,,,,13,1,1
7980,444d675732354c629fb15628d12d57fc,20180330,1,15,0,,,,13,1,1
7981,c0e799cd726542d6bbf9f100abb60524,20170925,4,4,0,,,,13,1,1
7982,ad4defd5d5f241dcabcb9298cb4b9f8e,20171023,4,23,0,,,,13,1,1
7983,d75823d4266342adaecc9a4e9421c1b8,20170725,1,8,0,,,,13,1,1
7984,b52d347a48254a0eb1ffb8ef96088382,20171012,4,20,0,,,,13,1,1
7985,4c98f73c94444123ae957554024dc48d,20180517,7,23,1,20180601.0,14.0,834.0,11,5,10
7986,bfbdc82ef7c84baa8ce00ac64cdb3746,20170604,3,28,0,,,,13,1,1
7987,115b4970f7374d9a853da137e66987d9,20180530,3,27,1,20180615.0,16.0,835.0,1,10,14
7988,8986baeb35c3437bb653ab1e1e042f6e,20171006,7,25,0,,,,13,1,1
7989,58b2b677a22f41809f82a2520b66ee6d,20170609,3,16,0,,,,13,1,1
7990,6413d0e6665f4431a026070cf97624d1,20171225,3,14,1,20180103.0,9.0,836.0,7,10,2
7991,7fe786d1c7ef46f58218ab8eb4e6c51a,20180424,1,16,0,,,,13,1,1
7992,4613c7d34bed423bbc2f0302cd88a044,20180103,4,29,0,,,,13,1,1
7993,617aade11d08403abb4af7c3f00b8a24,20170704,4,18,0,,,,13,1,1
7994,919d88c19d4b4b2282a3723c361451d9,20180330,7,16,0,,,,13,1,1
7995,6bfc7d9a5152438b862676737d2beaa1,20171024,4,20,0,,,,13,1,1
7996,53c5d7cb4eb043cea0ae3f1872bee493,20170828,4,19,0,,,,13,1,1
7997,5f36452e1b6f45128b82791b21ce600a,20180201,4,4,0,,,,13,1,1
7998,2183603b084f4729bb5112fb6f13a6a2,20171007,7,15,0,,,,13,1,1
7999,aa0dc4cf3f2d4a2483e8c2ba9bdc7efe,20170602,5,27,0,,,,13,1,1
8000,20789a06a15244f49d1a8d097e8112c0,20180312,4,24,0,,,,13,1,1
