customer_id,customer_unique_id,customer_zip_code_prefix,customer_city,customer_state
ad8b08a7cbb1487f8c4cc0e532cc8550,71f4ea31d0bf4a31b012580e82b14d66,15510,Sao Paulo,SP
d5fb874d8cbc4c45a4adb4829bf6f930,8ad22b054c304e6393a6c348bf7c9fa7,29875,Sao Paulo,SP
53b8497d71004e038e644fd28b225fc6,96abea9386cd4e2a9f223253ca9cd822,87517,Rio de Janeiro,RJ
4e1439e003194cd4a04bbd39c1cbdbd4,9c99752b66664f0d8e039ba4f8145da5,51647,Belo Horizonte,MG
05eb0a4701fb4c6b9530b1cd95fd1824,dcb07bc3436848539d70f7f386dbaf46,51393,PE City,PE
8ad24e7b31924dbc806acc176907a197,1f54528467bf4ddca920727cfdf76aea,97141,Sao Paulo,SP
fd3003bfbc474299a6b5b4a3e9a1eaaa,6727fba7918448efbe49278dd25d2a12,86226,Sao Paulo,SP
bd0963759bb64f59a524d9b20e45611e,e43cd7fa38bc4fdbb4dd7ef0cbb57b50,62720,Sao Paulo,SP
77f519ffa40345a89f32247286e31dd8,bc67e6d1ec9b4ee6b6d2b4fe8c0ff424,40486,Curitiba,PR
ba6715f193a0400a9fbe37488c7ffb40,c2722d1a7c2a4637af6f58a104f0815c,67133,Rio de Janeiro,RJ
d44a5e323012428696536226cfb53f3f,050c7b8528114e3ba4bbe14374c6def8,42029,Porto Alegre,RS
57ae38fcd9564447b026bfba7e81fe16,a23704c6757f41c6a118a66ca8ea111b,70722,Sao Paulo,SP
0855e8ed3b0048739f4404e5a18b8418,ea39ef34aa3649a3b27996c5d874dcc5,97605,SC City,SC
7c17df2f50ee496890118f3d37d1d210,d31d196085c6470dbcb3f1cafa698818,30207,Rio de Janeiro,RJ
3d71670e34514ba98271a03d04bf5655,fc81b39f41da4ec2aa07c99a6410ae00,94640,DF City,DF
f58ebf6fd36d452db74a14adee82aed6,32eee986379b4e4d8d1e160e8b33f962,63556,Sao Paulo,SP
8a48b8ebc84d4ee3ad5a905e02252e15,f415785125d546f5a7150ee0cc209af9,32591,Rio de Janeiro,RJ
a6d45c0a494d4e55a1f6dd252f0ad671,6030aa8e9be4436585f0b110fb693660,91582,Curitiba,PR
106f9852cc014d6696675276be6d41b0,897982f342ea4d7082f990a382e95f74,48883,Belo Horizonte,MG
4e5262ca3dc54596aa694d5bf5c64c35,2e0ee780feb543b6af9410ccf513aabc,97042,Sao Paulo,SP
76f2137a56f2463a889b5e43e7dc6a0e,5b26d0866c0d404ab2cd50817dec9a34,33577,CE City,CE
050d6e3bf44048ccb7bb3796e0865471,7b8c742b15ed463eb1e5f2063e4c5328,15602,Sao Paulo,SP
612d9f9a013f4ea2b6483f51517746d9,4f5e67923e744178a51a063a9733c51f,66552,Sao Paulo,SP
2981a530092d43c798dc301946b801b1,f13bc98dec8e422dbb632da1fc3171e3,59411,Rio de Janeiro,RJ
0d47466fa7cc4c5b807361c05e479521,291c1b56653345bb886e7342fbdef8f6,19961,Rio de Janeiro,RJ
87d7e8bdb22c4cd3802c90a45945edc0,7487c47b8e0e4b96a71ce1353622da2f,53938,Curitiba,PR
d3b0df719e74416ba886a43bafc394de,3e000338dcde415d86c2e66acf4a392d,96932,Sao Paulo,SP
cef694a7f1e84e96b1e1d9dc945a590c,3d4fabbbc5e445d5805f4cf4c196689b,43975,Rio de Janeiro,RJ
04a2db5d60ab403b8f717dcc133dd653,d79e82218ebe4b1f9ebe0c71a7213c4f,91723,Rio de Janeiro,RJ
17bef70210b54a97ab0fe2fed1c2a887,29e5f7346ca445c3939e73412c57c64d,77419,Sao Paulo,SP
9ee6066d88234237ab32976cc1c104a3,5d59e7ccb61c42899d805a8959a24ab6,13547,PE City,PE
6bfadc4cb56f4dbcbd8e37c2a91917ca,daa9d62bc7f0438e86adede07ff143f7,94712,SC City,SC
3ac17dd4be08407d81b11fd9ea371e65,4f4343e6ee4e4bd0a53f89f0715b5d73,97663,Rio de Janeiro,RJ
e51a96805aa649bc96320c1c83479727,ddcd6a1ebf00430887933cfb52d28995,82250,Sao Paulo,SP
b00d0137c6b54c668fdcec7a71f50eab,a74d465dd748495c8cadb14675d8ddb9,54517,PE City,PE
a8bfdcdb8da54d60a5e6726dd158c1a5,293c596de6214f08bbb9c292d4ece68d,22726,Sao Paulo,SP
787a1800f4b74141a9defa409fa120cf,54c0f7a79d784617950a95d8428375bb,35497,Sao Paulo,SP
07aceae8005e4a05adaa7bc868d538af,16bbd4d2fd6c4e14af668ccc2deeeee9,36838,Sao Paulo,SP
4e8ba231d5494c139978e3f15cce3b7d,f7c10b764cfd4272b263c096f5d53054,24020,Sao Paulo,SP
3895f147b0184fa39fd88f5ef8da50fd,a0144ab6c50c43e8b364591fcb3b598f,39233,Curitiba,PR
8825f2ef58dc4933b5f2589638d3725a,2b53f6b9709440ec960d9cd3e918b8d5,95813,Belo Horizonte,MG
3e129f3d91ae4fd48b080a114458bbfb,fa9925f51fad4b6c8afc8c3784a8566f,80557,DF City,DF
57ebf9ab7715458aa270d93f25ec780c,5b32112ecfc6484aaa0bedc78cc8895c,15301,Sao Paulo,SP
d5c9db05e78b43679cdcd941c0206a86,e1de34cd2c9e432785f6951332ef0619,15715,Rio de Janeiro,RJ
cf54b78bef34478d965292b680d1c2c0,185b8346f509402c83e964c4c493c14e,45731,CE City,CE
a30db5258b6b4253a131fc4b3bad01f8,4667ec4a011a4bc1ad29e50ae255a540,85221,SC City,SC
30267e01bfcf4464a9448e776e321d24,8a65946bbca64be4a98515d795df0a6c,80049,Porto Alegre,RS
32e01670028b44c494c28ea4d43950cd,a340f194a94e45a19b20fd337b78914a,39419,Sao Paulo,SP
baa8248c06214a8f9b05c75588c3b559,3bf5ef1898e14d3ca3426540f6c4fb8a,30582,Curitiba,PR
ea1909c50c454da59529fa0483f71423,2c1afa1bcfdb4e4e85a4ecb9d54fd9cd,18419,Sao Paulo,SP
df8a7b9ba9c44783990d41196e6ca13c,a69515ed6bbf4c7a83a0f27464deeb90,94196,Rio de Janeiro,RJ
6e12fc91359e48988dea46af7df511c3,4dad97dcb45d4560b293655ec901bfe0,20971,Belo Horizonte,MG
c318f5a7a49c459188ffac0c66d10943,bd94255b1b794b499b270e0ce676bfdf,33170,Belo Horizonte,MG
9870750e456047af8ccf268ed228c4ec,38d7933cd0324ae7bbc7bf5979af6381,29901,Porto Alegre,RS
b0a73e43602d400dadb173ca56fa989b,b4409531f5374fdfa45f716ff7f3f9a8,22368,Belo Horizonte,MG
96bf5596f2f44d8b8862b0a9c133741e,e3ff9538255443b8a193de4019ef642f,32661,Sao Paulo,SP
f35bdb6a59474d1a8690586d3b415e5e,b5928b66cb344744b795f8ecc1cb49f6,19996,Rio de Janeiro,RJ
7886892ac1f148db884eb290f9245428,74abe553a0db4f09864a877700679bc1,58773,Belo Horizonte,MG
e14a1ce8e474405992a7017a2fb48d6b,166cb9ffdb634c14b469f64ff7c8645e,48806,Sao Paulo,SP
f96316cb51b3483c8e98b85a751d7b14,161feac081d74b438a2d3d62298ab3c6,77025,Sao Paulo,SP
e2095ae5480541c4afa2d02db68e5f4f,a31225ebbec447a8b138af61760c7949,96867,Sao Paulo,SP
124fa9ccd994489388f2b1cc29aae2e9,f26f1641f4304028be5a8f50c2e6e7c9,24765,Sao Paulo,SP
2283eec1a1b0441593c16e531129ba86,51548c66109e4e3cbe2bb1c3619a6a2a,58822,CE City,CE
237f70e9308d421687b5193a631b3845,0fb933b2ae77462cbc50d8ca95b5ed11,80559,Sao Paulo,SP
7ce3da30689d4094bc503ac3f4b5b92a,8dc603c068604dddaba81e1ce6777bdc,30139,Rio de Janeiro,RJ
8da8cc9b456c4a4d8777bb3a0db6f1e5,f655b3dcb17d45fe9135d822569647af,67074,Porto Alegre,RS
2556ed48898d4bc48f8c5150c0dc6a5e,7d0409b9dfc44f1aab871f60166be853,81229,Sao Paulo,SP
fab9b2164b8841b2bd9e3eec58d04e77,87f874f30f344183a119042d6b09f0e7,64677,PE City,PE
95645de8e6e249c4b107479a674f0314,3176e573d3924d05b9af164d18bac42a,80226,Sao Paulo,SP
df44e01d24f24aa985492ec5fa9d03e9,fa8df79ab5384822b036ea8c458877df,75470,BA City,BA
461784611c2940a6adc68b11caab28ce,bec976a54d4e4daebe1832b55d8cfa2f,62620,Sao Paulo,SP
892cdba862904cf99b5a4a1284080441,8fdd20b81e2b4f0c99a83e7d933bd398,49053,Sao Paulo,SP
101422713b644ceb9b5c5d4085fdf6c2,5279db671ff140bfb6fe37e1d40cc969,11105,Sao Paulo,SP
2dd1e6e15f1043e0aa8a44afb35ea27c,3fc26ce40d7c43f9b41b8c4b208e4ca1,23629,Sao Paulo,SP
5fc3bc2db8514c8097f552648a917624,2fa595d9ce6c4b4ebfadfd1d0ab66db4,86395,SC City,SC
ae6b4c8d3f484f31bac4d84fdc8545b3,f7ac6aa25c2a4235a8471ab515821b20,24383,Sao Paulo,SP
aa856d4c626d48db91be2f97ebdd2fb7,16ac739e98244084b338e49bdeb15c80,79578,Belo Horizonte,MG
4904d7d7015140e783ff232ab2b953bb,93faeccb8f824798ab0e0308146a6a8d,52823,Sao Paulo,SP
d4576d8186124c7c95ad8861e42a6658,f4b81250c51a4369aefdecbb7cbb0362,44359,SC City,SC
8b157cef2a7a4b1e926f5ba304134369,1225ae2d03404cfa8dc427884f25be31,82911,Curitiba,PR
5829cf1a0a294ddbaf6d328f4972c886,b93b5884e45a4f2496c5f89d84fc8f01,80416,Rio de Janeiro,RJ
31ce1ec332d34ba3802a20ace6cf1ce9,c3993f5102ac4e1293a620c76861c37c,17666,Sao Paulo,SP
109982c50ca745e58818f65919922b79,47e958328bc64b4e8358b5c9853ab879,61047,Belo Horizonte,MG
65fe70a2c8fa4b87b884ba0d4ccb84eb,a5e9337daf4f4a68898c567d15b9894f,50541,Sao Paulo,SP
0c68594a02d5426ba7d605f681209812,d639a5523747453492b369b4e0a9eb0a,50054,Sao Paulo,SP
a1e7d0bf69154429902e7a2aaae6198a,e3aa23030cd746d688192de19dd1a139,27506,Belo Horizonte,MG
532862ba1eff4f46b77c05d6e6ec11a9,4a8f3761c91a40f387f69a3d809ff9f4,98305,CE City,CE
f1cf8062a7f34bc5b0172a98f43d3cea,ce1f6cadc59d4db8995cea979d2e67f4,10125,BA City,BA
6e987faa2c124430ad5bbbe354a58e39,0df9c055f24f437187775d2d75b47761,15581,Belo Horizonte,MG
f9d73db95cb145959653353954ad7f79,1e33475513b1464aa2bc7a4eb7fae9a5,60890,Rio de Janeiro,RJ
50324974730347e387758c68f9935532,87f1b0ac3b2741c2ae494c45ad003d0c,33286,CE City,CE
302a7cd61ed0418e99b79e8d6752f457,c9245ccba927412b85f61b2b59baefb4,84713,Rio de Janeiro,RJ
9a37d89158824e32b7e907ac6cefe651,d70f1456ae674010b622d33a756bb05b,75860,Rio de Janeiro,RJ
0212fe3279d64ad2a17decb8abeae049,1e2c9adac1ed4035919d094f0aee54d5,75251,PE City,PE
570e0d11956142788ab06755132df119,d3f65962db474c9dabb734c7921e9e63,67965,Sao Paulo,SP
da3e65876a1743a788590c6b8fc8d1b3,ef1e2299e9954c1f901b0d8cb257c745,93660,Sao Paulo,SP
7f1fa2824b584cb3a8265c4a8d0892e9,6faf823a69ea4732b95cc0c6a175d8dc,78736,Belo Horizonte,MG
34cde8f1b2654374be8596e34fc41fec,92a1d5a28c6b4f839585002856d6eaed,72972,Sao Paulo,SP
91ab4302e294434881963407b13e0136,85fe69285fe046229a9fd180a22ca1a6,42053,Sao Paulo,SP
c91e16ab46be40769d6ac942f81f62dd,bfc618c460a940bf97f3aa18f015c199,51114,Rio de Janeiro,RJ
8a93007371fc41c6b8320d07cdeb56ec,d3d17e6f7da046f4aaa72984f94fe858,78259,Rio de Janeiro,RJ
4b769d62636b43aeab870820d240fe7c,615727e6f23d4b17b4408cfddc1ac3f6,52898,CE City,CE
056a2f3270814d489d7b454f4ede402a,e91b75658d51462fa77ca279fff212e1,60818,Sao Paulo,SP
8d3285e10fa84892a3ce6ce3fb697b46,6ff2e0f919df4b1ca074baef583a19a2,93598,Sao Paulo,SP
8745e68a3cd74927b07a4f88c425694c,874de09e537148af92c20361e08d2e67,62655,Sao Paulo,SP
125d37cf793f4191bc9a669552f6b782,f8ecd840d4584937a93b888fdc63e877,46932,Belo Horizonte,MG
80627e77349b4a37b6863c8dc10de145,0892124b156644e38e200fc7d99eb52f,62336,Porto Alegre,RS
5d68c3aec9e2460887ef77ab342bb051,0580ae17346e420fbfef0a4d80be9f2c,50736,Rio de Janeiro,RJ
b4a6a41b197448c781777e448abf4c3b,986b376af21f48f089156cbe0eeab53c,25565,Sao Paulo,SP
0f4f91729dcf42a5bd943224dcc928b7,12aad429058443f9834ad3c35da45568,88091,Belo Horizonte,MG
96be55ad6bab4a90b09cec33b234e091,5c52c2b2f8084c92b80cddffe5deebaa,67061,Rio de Janeiro,RJ
0b7a94ad368f4383a28c45ed2a8f2936,d4115b80acfe45609c7d0a94b53830b9,26947,Sao Paulo,SP
697cded2176a41e68c129a38d9476158,1060b904c8114e12b56ef9c589b2b3cb,38535,Sao Paulo,SP
d9cdf4233dfe4dcaaa30e2de68f64159,376ff70e17124ab1baeb046d5fae9f03,48822,Rio de Janeiro,RJ
54f47d1b4b3546d58fc68d79975d50ee,83736c605b404aa583cd70e7c026ab54,96311,CE City,CE
400ab5e22da04a2199104b273a2ac292,1135323e82e045359040ecae6d4d066d,33631,SC City,SC
382355c6d4c04faa9c29d0c31cff91f6,d358890cf8da425f81934794d504317f,24652,Porto Alegre,RS
6494393db5c648529ee05740a82275c9,1dbdb11a23cc40f7a97c6ff80cd70b91,90021,BA City,BA
c9456db136aa4d769d2e103d78cd0d46,b1f3d33341484fc394e6e42f198a0833,28469,Porto Alegre,RS
07201e05cf2341bbba4e37f4521203d9,4da13847c142449b96d6d58a7b1ba25f,67162,PE City,PE
3abd22f00c444ca7a0907ef0c70d4572,361218a2a3fd410c83c216b3e5081b0c,28983,Sao Paulo,SP
30336e0d08e74a31b446328c3fedc311,f157da4f395140d59e536d187ad2c9bb,33467,Rio de Janeiro,RJ
97b5f4e832d54bfc88c11726ef6fa3f4,c4bb0deecce54c0e8a089da50b77e517,19843,Porto Alegre,RS
5b825329275b4abdba0bfd5087feda49,d2a5ea6289224a83a436b1d51ab637cd,35337,Belo Horizonte,MG
768e1d6e50cf4ad2978934bc4feece30,43b63358317c4bdcbc3edb90e9c58f64,33989,Sao Paulo,SP
e0e76584c8b1418a94464ad27ebd691e,3726e2244f0949d4acc899d748175c44,12242,Sao Paulo,SP
f69b658e10ab4d45916ff7d029bc82a6,d5b7e789e14b4bdc942686ad2e728df6,50060,Sao Paulo,SP
17dff0420fb94811b7cd163f04212c2e,1daa299453c444dfa4936fd45762192e,18383,Sao Paulo,SP
79d72d631eaa4023a2f91b7a26791b97,05494ac048c3482ebdfb4a18b16b214c,15960,Sao Paulo,SP
4136386870cd49878a8929636386fb5a,79315aeb58834b40ae686e88e94151ab,47266,Rio de Janeiro,RJ
8bacd661ee1341e18671dab85c36d8e4,51b82cca0de940adab202a9d8e38294f,31377,SC City,SC
abc4c04941f74778b318a1256ed4ef3a,681e3ee6982448188c0f5ab98b7158e7,90181,Porto Alegre,RS
b052b993d6f84c99a5f6f1a534299030,8e3b46d1190046e0b6c4d2821105b2a1,43152,SC City,SC
154f47f096174f98993ba23fa09960d7,8b970764b3844b2983e12df6ce300d28,79716,BA City,BA
b4639eeec58a418fb80755414ae8672c,dc58cc0eacdd434bb46db5455c70270e,38437,Sao Paulo,SP
7076ac3ef1d34301903938fc7c9858cd,6a8ab262e0a448af87d5f11565ccbc0e,24780,Sao Paulo,SP
c35e419d02b64752a7876f29a4ceae8e,ed4179bc6a7d4cb6afde9dca5ef14dc6,46884,Sao Paulo,SP
25d10d0ca3e74204b0b02ddcad08aaf8,3327ff8e9f1b48c4bc9a9db23914797f,73648,PE City,PE
9693b661e2464ff2ac0697b6f9eb6b2d,f18a67a3adcd49ee9d7187e9fb4c6942,76988,Sao Paulo,SP
3154aea294de4aebb628286a9c43ab54,dd0096b9e0234e0ba39c0c6b2c0fcd68,84495,Porto Alegre,RS
e46fb9b92924400b8df989d74cac15e9,59983e7fc8574c62b6caf8c9866dfe8e,24669,Sao Paulo,SP
5bd476a0145c49568bafd87f35121ef2,ddbbd61bbe4e4864a7756365c1fb11c2,21802,DF City,DF
b12c23df6fe440ababc7efa048940862,0b67febc58b8441b8fb03bd376417b79,71742,Sao Paulo,SP
1ff1792ea0bc4b52a8ce0f5f4d8d1c4b,56244ca1357a4dcdb24a93a76967aa6e,90608,SC City,SC
e30aea062f1b4f02b490e89c2bfd8114,0148dc39dde049c5a80cbd9a6e644719,68525,Sao Paulo,SP
954f8b95a6bd455e8af2ea3e4fd3bc11,de478d14e8f34161aa19576170f9d661,30109,Sao Paulo,SP
26202436157e4c1690306162abf76f34,32f4648965784f7eb82b6e6679aab1dc,63248,Belo Horizonte,MG
0f8a9123d90f4fbdb893318de50cc5d7,e9f58ed35e08426bbae5768906bbf47f,87087,CE City,CE
a1e735f396b04ab59659f4bb24195d36,43f3193d3b274beaa5faf411ba5da931,89876,Rio de Janeiro,RJ
b40980ecefd845ceb96f53f240558a71,6c3fe488fdca49c7a5c2e686a6cc5dd0,87864,PE City,PE
4ab693d530544230a83e5d7113769de0,e7ead520bb164343a31b1e5bb3b53dfc,90342,Curitiba,PR
c30578a3386b4c6783731ddab3736b72,b5e88253d94e4d1b96d558e49d407172,46396,Curitiba,PR
484fcebf834c4a86931e801cd0837429,57f4956c91414dda983546c6fefbb35a,85414,Rio de Janeiro,RJ
9569c4ddef5a4dcfbe63d54c832aec14,07857d02f8b345339b5db5b6a02938f9,79054,Sao Paulo,SP
d6ecbada3d5f4f82b68e9f90c40acd15,9b1b2b93f02b47dba734d0fe28653323,22653,Sao Paulo,SP
8ae1c3e9295040aa96fd1315e30bc3e4,ec70faf30b6746eb94bbd3c5dab26877,95418,DF City,DF
6cdd558621154912aabc57a3b0993aa1,51d4c340f00a4b6489ae6e016e13b365,31087,DF City,DF
a7773431259542fe95664c6eb5597e4c,b7cbfbd1e7f54dc99e6b274d9c50e5c7,77330,Porto Alegre,RS
760d67f1c48544d3bc39f46b55329a6a,3b5f7e865c634a2594f4dd114ac3af5b,36104,Sao Paulo,SP
eb4fff10a3c14cc9bae7761dc38fae3d,0e9215374fe14e22888a5d5b3fb3b9b6,24535,Sao Paulo,SP
9938ba2a56b34d44a5c9210c511b00ff,51310782394c426fa3f58c9a1f39a6d3,82030,CE City,CE
c53831ff90174b2fad52399ed71ecebf,adc1d9dde4c64cc1814ceb3aea8a588e,12608,Sao Paulo,SP
f1af75d37b74448694f0f93b4f332ed8,acfa3ade3aa646dc9c4f5d4519bc1670,17472,SC City,SC
31aea2c209d044d0af4d73b3a1611bd3,251794c2f62745278b272cb8084cd6e7,38749,Sao Paulo,SP
85644124ad9841f4a95d6bee15d3bcad,4f5d94b811734e128b144bf9f1d17aa2,66621,Sao Paulo,SP
6918ef678193432bad2b0a28c6a6514f,cec0154cc90140bea075cdd217e163be,65344,SC City,SC
5693d921be8e48baa78179948e6f1795,61298b0413194b7693c6cec68af1f888,63716,Sao Paulo,SP
1e02c4c8655440ffb41e42cb1856b0b7,dc952d6e95934fe9b7ccc44229e8b344,12744,Sao Paulo,SP
93f057cb61d846ddbe06d856d7e269fb,a30717c8a5134e308a4898249fc3929b,32032,DF City,DF
948daed6490b4a199d164886f2e21b8f,7287fa7b55314edfac4c25c918133351,10279,Porto Alegre,RS
0ce182a3bb064b98a04ef1c01b080f30,68004f0010af4dd093febf7361bf4c01,18177,Curitiba,PR
1d33f56690ad46ce9555f71a63b2f422,546c536ba2f346c18ad85201a7c51c48,10705,Curitiba,PR
fe52cfc63b6a4dc58eb451c5325e5b6b,6cd711bf0aa746e19e46c4a51f72c805,55591,Sao Paulo,SP
54092d9b9cf0416d963eb6fdc6b57eb0,2141f324ea86452da1fe323de4884b53,35782,Sao Paulo,SP
b1b2cd49afb94f409a8e2a27a3d086a3,cd4ebcbe459943cb9274bb7ca05ffcff,31141,Rio de Janeiro,RJ
5c6c52fd8c3240be927fc50407f4b933,969dff4dd6b64370a555be4dd27d308d,80679,Sao Paulo,SP
9baf81dfa0ff419781b5cfec4d20e77b,bfd5ec956aa04b9598fec85a416495ec,54126,Sao Paulo,SP
a3404b8e465d45df932b294fd69f2c01,896d8fcaa0c74402957bc0aeedf94833,35348,Curitiba,PR
4e6804fbb17f451d926f8509a5c7a93b,4d02b85712dc48ab8962b27b3c9a45f2,81299,Sao Paulo,SP
0a972056eb664de58c95f47947bc09bd,d4676f968bc444a68035d5940407d027,61908,Belo Horizonte,MG
174097bd2dd345d4a91dd77060b37734,069f0d3de6c94ecbb99b3a9d4b6bd008,34713,Sao Paulo,SP
2e751f04064f487eae1efe6b6495b8ef,a67550cc1f594485bd9ef38886b3cdfa,22630,Sao Paulo,SP
7ad7c4269bbe43cc99072a817a30a718,43ea97d14d404ba58aabe9a74842067c,10504,Sao Paulo,SP
8d517cf3b4a34b28bdee673a225af4d3,8c8924a72c7642358d05199b7c1ab94b,52174,SC City,SC
1c8ab4da34354c088991a8a196798ff1,edbd431925fe43eeb4972861da29a602,92812,Sao Paulo,SP
b50507388e3648e2963730c649b01a98,8bd3b6bbbd1f488790bb65a09e3db910,16083,Rio de Janeiro,RJ
cc2d70bc060c46d19415ee1ac31d82b5,da30482745c043f1beeceab0a336a010,52813,Belo Horizonte,MG
e465ede11fe245ab8c55ab664b065d49,3466f2e94d4e44a9b54f49fdc2cc045f,33522,Sao Paulo,SP
14b980d67fee49cea156e8ddfbec1fb9,a7301c4ac772442bb65d5ba6033a5f61,45409,Rio de Janeiro,RJ
87a0031e1cdf46aca2c6109ed4f2cf37,b3131a0605354be6ba9da8f43ac687d6,42017,PE City,PE
870746182a334a2cbe790e874416c3c1,eed3893d1bfa4c1ebb3f95a989ec2c3f,79397,Rio de Janeiro,RJ
e5fd6646227b4af0a6d0ffa4b0875dec,a8774306c1bc467b92bc7fc3c8fff5c5,40794,Sao Paulo,SP
02eca988a7b94d50a121d0e47b12d504,20a5bad25bf94c1f8a149798e8882be1,82067,Belo Horizonte,MG
c51a6a2104c34dd78ce55f45463c5ad2,1812ae3bf64145bcb125125e6d13f2a3,10250,Belo Horizonte,MG
d132a97a2ff0497dba8271b57d81f064,e88f67db629d43ffaf0b1f16f0cc6f4e,56567,Sao Paulo,SP
6f0867b9cd354bd6a577804aa0e1e862,5c1a6fb25b754b6f82b0a3feff7d47ce,82502,Sao Paulo,SP
52ef3e0ff9fd4e2484ce0efd4ceabcb9,9333987eec28486db30a24640b2e37e9,31212,Sao Paulo,SP
7768e7307a1d4fe9a0d48391a6e99676,f4c5d21f62534a5dbe436fa4eb2db7c5,64778,Sao Paulo,SP
638e79a09494422a90a1c7abf374d3ed,1c9a909fee3e407a9654dd8c63e48c65,90733,Sao Paulo,SP
9bb50489224647fb8df2aa0b294b27fd,77a7d17bf0f7473a8e072742ca6938a4,32402,Rio de Janeiro,RJ
fbb1b37758664d7487091a232b2afe1c,abf109002c9b4b7fa56340c002317252,96505,Sao Paulo,SP
a5a615ac5065481eb97294dccf1d1491,a69d74f1361946579e7961b76b6047bb,83997,BA City,BA
5310fa3562bb43b8929f1903b2bfb3b6,336606b6bda54b359c15347381e29aac,90145,Belo Horizonte,MG
f23c6caddcf2457584049509655f1ec5,8b0a6249193c440689e314ee8f054b55,18185,BA City,BA
f09aade0eb7949179572753290562fd0,59849789d9874cc7b9400b90e5a1e5b5,17817,Rio de Janeiro,RJ
69fda16be77d4e1fa31c4ab937a0b7b3,ead59774c3964f45925644fc755330d6,69126,Sao Paulo,SP
01444335422d47c9a1e2a4df710c8d5d,14a0b36347a54a2e9e673b02e7a96da2,62180,Rio de Janeiro,RJ
beb702bfa42a4514af4c23bc045648de,cd70bfe775a448eca54fb9f8fe0cf664,79990,SC City,SC
0ca326b63f41489295e3f0be2667b10a,01bd1f36323b43589cbe226eb3f9f080,66648,Sao Paulo,SP
b792de2937e84f33822be858493af785,7b70ca3e7e834de7afd02362d3c026cf,31497,Sao Paulo,SP
2169533b2394427394e974fc7a8c1a26,c3e57150a11b4ea095b32761dcd9ca0c,69950,Sao Paulo,SP
d817a358352c4d21bbed1025da220183,125a75c9806d4ebc898efee35cb83093,67166,Sao Paulo,SP
8a6af7c2f1db40548caaf93778032b44,63c26aab9523436994008f6b16725ebb,41990,Sao Paulo,SP
c963e4b80bf74e738faa89cdf46be38d,e40c76c3ac634e5eb4d4d36daf22022e,39771,Sao Paulo,SP
30067ed350844444b7b6255a2843b129,9be45ffe49b04874b09bf06a557f50b1,33240,Sao Paulo,SP
63365aaaa523492b90bb02a07548ca9b,c47dc32a277e408a9e24670d087d612d,82851,Porto Alegre,RS
3ac1e9824c07416f97d771c697d16bac,1664cee846ad4132aa1dca44ec8c1736,37106,Sao Paulo,SP
bb7015b24246419eaf01cd0e2429af8f,d29bd1fb370045dba63b120d693e15e3,75745,Belo Horizonte,MG
a5a4a84dfc0f436da8af338c353c93ed,48ce901466604802b5a92b5aaf67185a,89877,Rio de Janeiro,RJ
891252f1faa448b79df3c5d792afbd14,84431890dc504567925c0ee48483cb4e,60510,Rio de Janeiro,RJ
68aef40874b44188a66df5c710cd714a,1f37ddd0ecbb43fea9400107e9715afe,98234,Sao Paulo,SP
d864981508fb438a9790eb161d6f26d3,b63efaa1a5c349869f8f037ffec80a25,36718,Rio de Janeiro,RJ
f7edcfda55d3431aaddf1500ae923d74,600b43f0e90d4b7280156ec235eb33c8,38113,Sao Paulo,SP
4deb35f0ac5b4138860e2b1710e8fa98,aa195a8244614fbd969aaf48a7616ad1,73393,Rio de Janeiro,RJ
ea0963d8078749c9ade88228aed1dfee,a8f9601b776b4f7e9c62add73bd09706,63413,Belo Horizonte,MG
7268b757cd1e4d51aa5c34568d1c0e69,513f89bdfb5542b9aa54483619e0b737,20918,Sao Paulo,SP
14057bc595b84172a488f4e268d583a1,5579c42c4b9a4c708f82dde7805efdd5,76277,Sao Paulo,SP
dc937bbc26c049d1a02c867521823b9a,84c09c5539cd4cbdb3ae589b93cb4db6,54069,Sao Paulo,SP
09b626635c42431a9b2eff937f118277,f767726a59654d1da1b52d99e08cc031,93230,Sao Paulo,SP
e2addd4453404d49ba2af153dd13bb83,c40ec2e621e04bb9acb4c0f7c0fe50cf,24948,Sao Paulo,SP
ac2a6d3db9c44426b220f1a327a2fb0c,8ddc7f4119bf40fd829aa2296987153d,92720,CE City,CE
2237c93aef6840b1b9dba8dd96d35108,8111d624a9724d2582ac4bfd7091da32,81084,Sao Paulo,SP
a22c5a5602c040a3bec6bda3e164a0f7,2b7d5e29059f45988f705f256078ac37,62755,Rio de Janeiro,RJ
f3887eec8f1a48aab7efef8af732e701,08549d0022ce49b19bdca0fa936c040e,33204,Belo Horizonte,MG
314f0dcc4f944425baf8b4df8e4ff73b,8174398e2ccf47138541c18c036cdbf7,62120,Belo Horizonte,MG
5cb5fd6c0cb046879ca9dbc0279c494e,883eb19e9aee4b3ca6efb2011635591a,69621,DF City,DF
243f43b695dc4531acd59e3b8cbd1185,647f79f122cd4a2f8fd2eada7016b147,23730,SC City,SC
cfc25451a235438da24055c56c412ce0,d9b97df1c2c74b498e4f1c9660d5bbea,42483,Curitiba,PR
4fde723ea91147609cdbee8b07bcda55,c7c6ca37961247de8d32c31b1929c1e6,66892,DF City,DF
a66450f02e3c4f1aab1a060c0cfeb6cc,247b950e32c3405886d6e1fb1e963ec3,82371,Sao Paulo,SP
07d98536069e419185e41b7e8f8cc577,0a2be454b037499aba9b0eaeafdf34e6,49938,Belo Horizonte,MG
69e9e43c47fd4885ba75295a777938a2,ba02b25297c748039b72a07b263486a7,24242,BA City,BA
037d4027762a49938b6cb7fa7ba7acce,485a30d7cfcc43868d99a3e6052f3922,10107,Belo Horizonte,MG
1162f720a6f540a0805d912740c48bb8,694b2541dee645ed9f2bc8708421e731,19749,CE City,CE
2c1dffea99da4dc29ba1038a6a08cebd,b282189422fd4274bc454374b39825b7,34886,Sao Paulo,SP
6a6071e0c2e849bca194e64c5b9bafb9,8c665964ff43464187b15538707a108c,30323,Rio de Janeiro,RJ
713f5413408844a2acdec59c83b242d2,67f2e03d9a794e5eaf5bd83dddd48e18,97008,CE City,CE
497c7e94091b4c5899d9c5958381518c,799f7c06cb464c26bd636eb1b2dcd6a8,76301,Sao Paulo,SP
f20ec0ac76194840b64dfea835fbb7f7,4ecaf1fedab14729a50515bbcd9e2de3,30558,Porto Alegre,RS
72100b10cc2c4c19bdc8306700e56b44,1faeba9a9b9f4e3eb55597f3b9358fc2,36361,Sao Paulo,SP
61c286c2c7fe4b5aadcc67de98080b4d,33b6e176dc564d9db8a2ba99545726b9,39571,Porto Alegre,RS
98f441edf2524fc4b67b215c2d1eee79,d8bfd956c1634e728fe9de7a5a8491a1,89793,PE City,PE
4245bf6a3f9d4d81b727ebe6e77d0f17,faec1a14d4694318bcc4c7f1fc7e5f57,29969,Sao Paulo,SP
7095f794c56247efb8fb4b81d1c077c1,04cdbd222f814a4e9bb56be4a0a510b4,22995,Sao Paulo,SP
c628271600ee45b982c8213d07612bd3,ea79f6679dc2419f88ee1b6748943339,98214,Sao Paulo,SP
6333b677945b4b75b0e99998b3279d11,8c8c425eaaf044fd940c5205d3d3eb8d,80852,BA City,BA
08e4cb46e59246ba9766b98f854ef7e0,868a0c4d40314a8fa88cce090c4c479b,76597,Porto Alegre,RS
bb716139ef1b4b3fb028b8edeb424d25,d79787084cb84b08b820bee7f26ad75d,39334,Sao Paulo,SP
b3e8de1f717d447a980d9fcbbc28c2a4,08cc896d13f64e7b9730cfc0462d885b,55787,Sao Paulo,SP
a379e50fc87442578d7cbf57416d5ab6,0d619e2acbe74451aca80c9732feae2a,34488,Curitiba,PR
9132225bbfcd4b73b46105f466994386,ba77602b4aa54db98b9b392a61984e22,70435,Curitiba,PR
487d2b3dd3cb4a5482cb889a05457290,a1c52877c53b4f2492f8de30ab9c6db6,88654,Sao Paulo,SP
0a2795f4d4374b2ea869b662dbb5b0a5,fa484614e24d44b9aa6255e988d85abd,18296,Sao Paulo,SP
a972d5e0df9547279eb06ecb850e1098,571c17b8a66c4220b1af41523e617b94,79252,Curitiba,PR
46d7d2ada23d4fa0bd3eacfb57822244,f5e324cd800446e39edc935a72381981,72504,Rio de Janeiro,RJ
8b02050633784c1c9872fd1e1ce77593,acdbd9f63be4446d9876bf1e1b5324ff,52646,DF City,DF
4bca5538061c49bc9bb32e9fc72359dd,dfd3174503684e739de8ff598a2e4ef4,12593,Rio de Janeiro,RJ
5c5be6491f7b4684b67a3907446e8555,a8626d11273649b082f30c8fda83e66b,63223,Belo Horizonte,MG
a81938eb81054592ab2a7aac3f89f3bb,564bd5b8c03d4e50a498123c6a2628e2,73213,Rio de Janeiro,RJ
8aefa6cac10047d29f3c93a40de532a0,338024adf3014fc3a20cc6fa59ed5195,74619,DF City,DF
bb265065b1774013b6a64012da7c42db,f6ddd30d07b244ba8bafcf7c423c626a,60546,Sao Paulo,SP
a72c6f931db74fb28a6734815bbb57c8,a7b8196068ec48888deff5541f111c62,22448,Sao Paulo,SP
f9e73af302c14fddbce50834c70d218d,0421cb3616724c01a05a97bb8aede05f,95281,Sao Paulo,SP
bafe8d625c7242f0b0a3a023e095161c,d33e0dc9517942669292ef41339b21fb,15694,SC City,SC
fb5456faca6243a5abe47fdaf7f539c5,10e4c4b9c8dc4d74817a4adde5e80bff,65376,Rio de Janeiro,RJ
ce759e1da57641a98c4ec1b738293528,043e868302834a8789f99a634d3fd848,92463,Sao Paulo,SP
19da3dc3041343389848aadbf6ae21b6,55024190a18d4794a49c8c50993f4fc2,58527,Rio de Janeiro,RJ
ea9a50f373864e67b57cd0e8eb962ea6,9d7586207d6942119e314c45f30aa13d,86284,Sao Paulo,SP
90aac43837a5459ba03902251a7b5068,ef9013f21bcd45568f51065ff1047671,31895,Sao Paulo,SP
9664b053cce14306ad240355c4a7371d,327ca19763e84371b8a88d602c7b3e02,10822,Sao Paulo,SP
0f607d1858d244759be1f26834473f02,c128b6fa7cfe40cd9291b04ef667328d,93205,Belo Horizonte,MG
a6a9786d3e7b4d32acc624a392eea401,abeb77c0cd59443c98f1fd3549bacd77,80546,Porto Alegre,RS
035ab7a2efdc46138c163719eb33ce09,4c17840550ba44fbb43f2b097e70eed4,78504,SC City,SC
ae363c1c83874cf6bd8022bccb45f753,cd2f550051964bb68b98af0dfb2ad7a8,23166,PE City,PE
a88e000369e24cb088359c713721c191,d0edcecdf8f64ff19a5b473748fce203,95745,Sao Paulo,SP
d86d081a7f7044d1a2a07a0f19724897,f858e2c5d4fc4360aab17590c60546a5,44917,Porto Alegre,RS
8e5a5d49bb524536bce3938a8a7860d1,b592f51c0f564a0ca68b19ef8814d262,42422,Sao Paulo,SP
c02e5747f95844f49ab6bffcdfbc869c,a2142aca200f4b9cac7f75419877352d,19838,Sao Paulo,SP
3536fa6512614b1ea7d5123ae8be0d7a,b9d662065bd5424d82a4bf23c0d756de,91417,Sao Paulo,SP
c19cf84f096c458e9899879dc239356e,6b896331bf0a4158b38f11d0673c76e8,26703,Rio de Janeiro,RJ
d4e5bb0882894140822d0f6c342a96e3,a4d5491994ae4911bebba789508867bf,71222,Sao Paulo,SP
9743af13d27f4f44a258c2bd7b9e2d0f,3dd3d1f865f941d59db551380ab32b7d,89521,Sao Paulo,SP
6a4bccec731542cab2eab8d7eb95b841,e4e286f432c84276bf4a42a108ab8e5e,68273,Belo Horizonte,MG
72e14da8e6b541ec8cf6983cfbb7c3b2,adf26bc4ccd84041be8f71ece1a3f7cf,63706,Sao Paulo,SP
9cbbea06e249430daa67e3b791ce40d4,84bd0e2d99b04eadacdbd1d31448e4c3,25306,Rio de Janeiro,RJ
fa90a1916b7e4014956b3ba99d9eb0be,0a92950c8b4e408c8a2085759eee753f,70377,Sao Paulo,SP
74e92460051742c4b2b2f31dca409e69,59b46874d2c24f67bfd772989c135aa3,75951,Sao Paulo,SP
9b482bbd072543838dbfc082ee585b8a,18dfbcf443c64862b00c1dabee3b203a,24505,Sao Paulo,SP
6a4689758be34e0584ea193652fba508,d902e727ab2c46e09d6e582ba6299b86,56182,Sao Paulo,SP
5cab52d0e07f4280a81122bc07112e0a,72f86d64815041baad22d16ad6b72b5d,87780,Sao Paulo,SP
3a59352b26784e5c9d406a217119a7ee,cf56a2427c9a404e9f5d18bb884b0547,64919,Belo Horizonte,MG
6131e5e685e1431285b87a56383b69a9,0c948733867b47d7a0aadd5131521169,85963,Curitiba,PR
8275d927e07747b48618bd9c06f7ec0a,44fa7a14797e4e729050a700d511749b,79892,Sao Paulo,SP
130bd81ecfd046e1a69942302186c53f,8eb50bed850c48aeadf66d2825068351,94312,Sao Paulo,SP
4e328fc6af4f4094bef7db50782dd2e2,c079364e40284726940366f9dc889ae6,42368,SC City,SC
f3bef0b9fded4dd8a2f7edd436d96e58,9b2cf215de624597a2e785bbb2680895,80912,Sao Paulo,SP
6732cb942efe445eaf274a3f80344481,5dc6476383d14850b431244f60ecc1fe,49178,Sao Paulo,SP
dc8c3a17c17343f5bbabcaa642cb6d75,39a7d7233ae441f597f8f0b2073f7618,55867,Rio de Janeiro,RJ
d6aa0fe42409428eb9e9da897917ef91,d324ca78c9174cc09e097af66e86f24e,96604,Belo Horizonte,MG
f08de76902004fa58eb1b97de13d95f7,2545e8e0c5924d4a92a3b4aafad89e97,75205,Belo Horizonte,MG
0109b10cdd094d39bcb92519b6d3dbcf,386dd10b1f5f4c0da8e49c3d2f7cc194,33356,Porto Alegre,RS
daebe9e8805a46b59ed1065f2ead2e38,04f464e4044f40b29c272154cd8b5a4e,98546,Sao Paulo,SP
6945fe5d20d74daca4ed764e2f155ece,e062c61624d749f88bed2aade9301347,12180,Rio de Janeiro,RJ
805883e683b54cee82faa008146868a4,c6693f4f86b247e49c54ce46dcde66d1,29749,Sao Paulo,SP
649ea167e7364a8d987b7fee4c237473,f06f306f93a74e0f9f4bf688225e145d,61221,Curitiba,PR
af132db459784d0cbd549752db66ca57,9fa8393aef3240a585b2e87e5feab6d5,59397,BA City,BA
8538b53e494f4ca2ab30221c28fb5edc,f7f6ba0975594d90a77b4a30a55d8bce,58318,Sao Paulo,SP
9d136f30153b49d98aa5bf0aaf852de1,a46cc2147a7742b3a433a6a02fcca25e,62330,Sao Paulo,SP
be2ffee1f2f54f25a645c273b4c0801f,b7a520e39b824232990ba05fc6f82b60,79974,Sao Paulo,SP
7d2ed726611347e68e8caaef234c207d,f7817dbc01be4851ad0fc7cd61a948b6,60393,Sao Paulo,SP
0d211d12b1d545fb83df339fb5ebcb30,fe1b2678965b4b0fb57674834f6c2a9d,32389,Sao Paulo,SP
ff0ebd005bdb415da02769098c51066a,8a8a6333adeb4ef2869e3f60c264882b,90168,Rio de Janeiro,RJ
f123e5ff31324368b65ee762c1faae5f,343704eb672944498c0ad532a4873965,56386,CE City,CE
c2b3a05596da4692827808fd671bb617,b53001024a334eb99ca8faad6b78ab9c,85333,Sao Paulo,SP
3e71db5805fe47d5a09f0e51dd7b1ebc,d3effc25466d4010ad26695149f7c7f4,22347,Sao Paulo,SP
c9eeffea8ab44e288ffbc423f566b027,fd2d35acf9944138bbf0a2d0289d6337,28135,Sao Paulo,SP
b529a93e751c4056bf794151a9a4e7f3,84e9fcda56504d39b841ac50f2d5af9f,52424,Sao Paulo,SP
b49021a0dfe44afdb4b05979fdb0171e,4eafd26d84d84dccb8703854b7ce9de2,68748,Sao Paulo,SP
5573d451de57409ba6869baa0158ad07,8d56235bd27145bfb2769d5d7e50f082,36757,Curitiba,PR
d13acb90005b4639857082dd9c24cd11,f21640be86c4456f97cf2c8b74910a60,50376,Sao Paulo,SP
278beb3a9e8f4094af8b2b302b77a383,a1bdfee3fb094db2a22805e3b454f2d7,90837,CE City,CE
b515e8edb5a146fbb0125a7b6975f3ba,a73b76bbbe2d41a8adedc97942fa206a,76483,Rio de Janeiro,RJ
02e1701a373a4252ba4e8a4c78fd9a14,a179623e9b154a9080ef83ebff8cdaa9,87748,Rio de Janeiro,RJ
f43cb0da098348cd9a4959904a1abfff,e615d3ae2b2d4d83a2911cc3e6745658,84121,Sao Paulo,SP
78b2df4163f64d14bc119954787204a4,9636a6c5f4b742f98cce945ed1e9aa05,31300,Porto Alegre,RS
0b94920218cd40b8b3486eace43e611c,c9a369c79ee74a439a65764cb1670b7c,55013,Rio de Janeiro,RJ
b745f63e9fcb452a9755007145525c99,44dd7935b1a741f2a8b6b881d99bbbd9,52749,Sao Paulo,SP
325d623781df436eb25f817c63088d40,9d26435be6b84658bd3ff53c199c949f,39296,Sao Paulo,SP
611bdfc04b5c4d63bf46dbf71b6efb1f,6a78caf7fe554a74a7f622a0b213f1a7,88950,PE City,PE
87e07442bb7f4c91b577a5a13937c66c,c7706ad682af4f4f893db35a330c3ca1,45760,Sao Paulo,SP
4461995a7c3b4f6db0fbcff773648ddb,257a7fd8d1c644dc9356a239adec217b,97970,Rio de Janeiro,RJ
5824a5386e794723b16dc21d783d82cb,b1887f77c9bf422fb5f564b83b98491b,67036,Sao Paulo,SP
9ea3eb3aa4234475a8714b19c0788b9a,5bf3445bbd6b482d8ad87d0bbba85d10,92349,Sao Paulo,SP
f34a768513ab44809033ecb720fb0fdc,5cdf11d9fb1348f3a2c2eafee79aa451,93422,Sao Paulo,SP
3d766a98201a401ea2b9b42d8a3ed84d,697a0b8bfda1464da963f98233061416,11183,Sao Paulo,SP
c8283a74a6ea47fc8d448208b01f08a9,1eb578dc094b4d27adbeba81e3a0414f,68240,Porto Alegre,RS
fb83b715e6b04292a461dd14fb3cbfb1,3d683ab1d87e49c08bfb9970e0a8a248,49041,Sao Paulo,SP
3955b653dbed428d836dbc5e81cd93c6,6a522015af0948e4bdbe563932cbe2b7,27891,Curitiba,PR
2de07a27f0c3498ea957882ee6aec63f,4c9186eed66b4332b7e090b1549e112a,85934,Porto Alegre,RS
9858eb5f247d492191f13107f37a3a17,88b920072a0c44e58c71427c67e371ac,89669,Sao Paulo,SP
b8c68ee4737840cf88ede00ce9e376b3,e58f937f7ca640c0a1ede044d0834c96,12945,Belo Horizonte,MG
f8890a42ec8441c1ad077998f65d7fcb,9deb61a9b4d4407db02cfd95b8324a9e,68333,Porto Alegre,RS
886616c2ca754d51bb56bbb9ba7774e8,df6ba92a243c408dbe287896054de284,45142,Belo Horizonte,MG
49c25d9c0b724d9eb4df91d8778a6e32,1f401cc6993c44eea27a08a389315d27,92234,Belo Horizonte,MG
9113c984bb8f43d9b4fd2eedfe3de2f0,a67540776a6b4d1396b7f8017e514b0e,72282,Porto Alegre,RS
88649df75214450f99fd518c228ff4a5,f636b54340724fccacce28f24e836bf6,28706,Sao Paulo,SP
67fecee027e644549465885351208d00,0b4fbca82a714bcba73667a97fc00208,90916,Porto Alegre,RS
6238768d3bc24eaf8ce76227c2728a84,d3d7ab1e6283463f8e046a0841bac910,64002,Sao Paulo,SP
f7cb67df6d044b43b5f11ca3dc3f8b15,ab634ddf7fc740ec9eea9271bb042799,65450,Belo Horizonte,MG
22c02cd1a6e9481aac0e5b0688033363,f060e011b7db412ab91be001ac458f29,87367,Sao Paulo,SP
0050506a1287433ea73951d451f601be,07716bf2f44f4bb5b5aecbe93a8d19ac,49913,SC City,SC
7a338323be074350a497793d0fdeb8fc,270a82201ce7468b86712f58ba614045,18248,Rio de Janeiro,RJ
f36e29b5796c436e903127e2ccda159a,6320d4d172c142d287ff2a9146a2dc02,67392,Belo Horizonte,MG
93dda7226b054e0dbb69152c42f320a8,c2e061324f8e43e5bc235eb7a1811b12,85247,Curitiba,PR
b04cb56caab54e49aaa2945e240c897d,aafb438a6f074884aa6828f5d81e4692,91098,BA City,BA
01398d257c084ef795ce3e21983d3c04,b7529aa9601741948eba056f085a8419,61951,Porto Alegre,RS
f0baa2c54362496bb7f3e65b7a0d834d,20533e988fd040a4bdfa6a6799c3d8f0,73495,Sao Paulo,SP
a199bd4c37b7434e91a174cbc9a36454,b7654df8202f4aaa8d493eeffe912d42,12830,SC City,SC
5047729c34584e9dbd0d355d632ff509,7afaec919efa4954955522502a82fc73,83719,Belo Horizonte,MG
bddb2a61047e46da8d149602f3f2deb7,5f2cdcde5b254b38b764259444565fd5,10504,Belo Horizonte,MG
adfe1a084867431db3b71d6af046abdf,5389cd7127b745499ee3c9f603b9f8db,82515,PE City,PE
5e002bfc8442452bb79a2eee1aba8eda,661d2fbe244b4dfd9e9a542863a17523,88025,Sao Paulo,SP
455f421a6eda4fa08b2b58ecaf373fe7,8691bacaf0ec444487631214135a4659,69937,Sao Paulo,SP
24410d41b97d4466b2348c27edd31c9a,540f23090073472583581f1f0b1650cd,50238,Rio de Janeiro,RJ
797b60914c074a0a8e081fde18e53f94,ba3dcca25ae14dafb8b55c15f2ce9cbc,99915,Curitiba,PR
8fe688160db8492b81c058aa62f73cc6,541a4086f4bb445785c7cda4430d4f5b,99091,Rio de Janeiro,RJ
b0fe8c22d770454284c5811c14cd50af,f1375b6218b64157bd8db45bb1c858dc,75277,Belo Horizonte,MG
2e8459de66d9489499e1486130592f72,74ba9d8235534864b203ea58e75d2fae,43411,Rio de Janeiro,RJ
170dba746c634b798f1228eef071d6d0,3f2c7b4d20dc43fca3c209c09d6b29b4,83288,Belo Horizonte,MG
a689c79b00ac42c2a80122668aa1ad2e,ca7ca78fe4c34add996713b4a3ef696a,56129,SC City,SC
08113e3b28744470b4ea27fce5f028e7,4d29c82b144f4ace96554106c718d957,99860,Sao Paulo,SP
480ccb0c86db4757aa910220c3917a6d,f4b2562cb4484546b746f8b00bcdb869,90977,Porto Alegre,RS
71f64b5d0e1d47af9359d24109e2fff2,448eff350e6e4a1b9b84ee68e817601a,84839,Curitiba,PR
3783ceea2ee84a8bb3332ad32a1f00bb,6ec6d73d618b40eda09f2cb39facf906,47254,Rio de Janeiro,RJ
2574963779684d5a8a84e017cf02a4f9,b893b66dcdcb4989941503f67a9102b4,63166,Sao Paulo,SP
44659ae96cf643168b233b42ca634677,92395754a7174e9881d593a5c53d6b1c,46149,Sao Paulo,SP
417fc5aeae7749cc86f0701712aca1a4,43f3daa245424d4f85b004e4cd2af7f4,19865,Curitiba,PR
e40af5e25e3e4a4bba52f6311c3d3171,fa517526ee0144018b4e38ae51462cc9,76723,Sao Paulo,SP
fe676f037cf544acbfd10e84da6f890b,abf8d5bb9d234cefb440569512331478,35367,Sao Paulo,SP
052c50fcb1b84c0cb1d940fc3bba0b58,d1cbadca9a85413ab2a8e9a57abb7e01,89726,Sao Paulo,SP
d236d26ce7f146008334fe996bdadcb2,7d9891983179421faa377815fbe24f37,76069,Rio de Janeiro,RJ
7ea2c9c0580b4144aea42adf3d528eb1,aa31f0fe81cf430aa646b1ab68ab75e6,49618,Porto Alegre,RS
ca74e1179c04433cb91a4b32371cae3b,11ec161d6b5c4597aa01bb90d3a0ee58,24751,Curitiba,PR
27ae635e393343c089ff0ee138035099,d0e3804f2073407fb9da86eb0ea5d9dd,63864,Sao Paulo,SP
f43f007d19ee4798ba4a86b23775fa23,997876efa19549c69ef45547f2747d74,70560,Belo Horizonte,MG
1ee9a6bca26c46c7a022b25759126e37,212020e88c544ab08c71eb2b4cbcbd19,41789,Porto Alegre,RS
d2240aa082c54a45a00eaf4e075ecbd9,6dfeab52b75b406983b5d0fd0bef7607,47876,Sao Paulo,SP
a9e4c548b7244bbeb85ec87c56af60e8,1c38520a6be840e09dcbc0b5010b079c,70074,Sao Paulo,SP
aaaacefbe30e48d7842fc214fdf90a5a,a9ed91644464497aa5495a08779b11aa,78024,BA City,BA
35a177dc893c41b8b6f124e29b1e23c5,683eb41158224603b170c2aec96ec558,92564,Belo Horizonte,MG
972a281991764d438bdbcb9fd37e5262,92057ee1327b47e9a679a5b0a85c82e6,55005,Belo Horizonte,MG
7e375c9dcdf8473ab176bd87d92153e9,9ccd167dd4e444499c704bace2b614c1,37034,Sao Paulo,SP
4f2cdeae3171454fb5e02403bb2001dc,0c7a25f21a5d4324a431b6342184793d,62254,SC City,SC
390e891679ea4d9f887329f8b129301f,8ba5af0333d34ba59d6f37e4078f95bf,86221,Belo Horizonte,MG
e21bfbbdd8c54114ba69a9daaac8dcb4,c2912a8341fb49caacd713f666ba3ae1,80311,SC City,SC
d4201c3ecfd54c84b2afb599ff43aca1,266547dc38e24f11b4daf508141ffde6,79889,CE City,CE
569f0e530ed644c3a300df7557f5bfad,e4278525898a4db69355ffefe7a8b460,24000,DF City,DF
a12636f9df684a018fb38d202cf90747,bed6325dd1c4448a97f183c2f1745fb3,59914,SC City,SC
4ee044c5c7064df2a5b0c1a514813c1c,36c9a86b3232429887a2ac808f57f2cb,48399,Sao Paulo,SP
c23189c7644b4949abd769f6e9f96ff3,a3e383477333478aaae479692a312714,86582,BA City,BA
ac9964d1c624429e96c3694bee773c2f,ae1aa7f47d614c3b9096c8fbefbcd31d,79953,Sao Paulo,SP
df36a868184745ea876ba9c526c0322f,6306590023b24b2e86e65e32e328ef19,13664,SC City,SC
bddaf768aa334219ba9081efa03374ed,4ff06211f0854a4c84842bf977d7c3f4,44763,Sao Paulo,SP
4614070ad9654248bbe90a7af70f4079,f2d96552d855409d8f71205e06ed2e06,48012,Belo Horizonte,MG
d31e9652d14f48df96ef3b56ef7958c6,02486a1284334729969a317f3c34d6bb,51423,Sao Paulo,SP
2b2cb32151a645b8b877d3113cd18a8f,876ba602f6c8414b8208019090a286a3,11294,Curitiba,PR
45940285ec634da097c76264ca860aa8,e4b16915da5f4414873349afd39f4369,89289,Sao Paulo,SP
da8cefc662be481292cd19d62a5d8934,fc4e31195f924f45ad033716229955e1,31845,Sao Paulo,SP
a89bb188053349a78ba5382840997075,48660ce9e9f54536bf5d2413cafcee50,96885,SC City,SC
84730fb435034fa0a5410228ed13005b,f6d2a326c60d4b88a5ed01d497deea8e,93887,Porto Alegre,RS
5485d9f827914e2daf27b20489be2381,81e6a162270a47fcb56b508cf8186a23,77471,Sao Paulo,SP
ba75038ac2a84025a9be6915b37b5532,cd017472a22743d091bea096c3ab48fe,61707,Sao Paulo,SP
5dee50732043462fb831af2a6d8e3357,c70e18468c92472b8e818bfc5f9c73c9,11299,Sao Paulo,SP
7e1028b6d8534c74a45a8af0acf0d91d,ba05ba05a04b4d83b95d6692b0ddeda8,52816,Belo Horizonte,MG
1e47c9f7c9c242f09e2847f11100e20b,88b48efd579c4caaa4545b8813d49e8e,32400,DF City,DF
e4ebd6ad1cbc4482b0be32e40a3aae57,25a6846c682048f29a7e5866c5ec1dc7,25501,Belo Horizonte,MG
8ec6c19876d64577bbf64bc7e2b600d9,57e1bfbe518a429abe6ef38da311c902,14115,Sao Paulo,SP
0263ee9da4e54807a4dda46815c497bb,58be9853c3534f03a9c11fb24706a161,31499,Sao Paulo,SP
81e0183e715e401fbfec4b5e8760300d,2928ad1e946d4aa5b489c5c85aaf0b8e,62228,CE City,CE
1a4e6c777c4f49ebbf848f4a740729ec,c410ba56c72f47a8beade9738c0335ce,28289,Sao Paulo,SP
147df74f1b0043d8b83ca131782ae72d,b4363fb6b7fb49e7bb687b2b6419d573,70120,Belo Horizonte,MG
e8534ecffcc74bbbb7520910af902063,fe8ea69039094ef8a7afc695ee3ded84,15122,Sao Paulo,SP
3aeaa4c110ab4ebe848ea0cedf5f3c8c,0a7ad773a0244d52a8fd2fade066b4f0,61997,Curitiba,PR
984d507482754e39a5dc29583621632b,78bf571fd40f43ff9bef3400c6c287a0,62456,BA City,BA
fae71b4fa2da460281c58eb7bf94862e,6d783a0f520a43ba8d982a39ed14c6f0,47994,Sao Paulo,SP
e841307e5995461599959733bab18e72,e539dc96e1244b51945041ffe234e30f,82466,Belo Horizonte,MG
27286be86c3c4aaca6862a8eb5740cfb,31636d805cc84ec6a2cd1e021b7fb34d,88882,Rio de Janeiro,RJ
b2cb2b09892349d8a8e90b77b2e60cb3,d0bfae69c26d4f1090c2a1a7190615c7,18022,Sao Paulo,SP
ecb763702a494e1cab584800a523cf5a,ceb9a893f38340d3b7c00ebc125a3717,12369,Sao Paulo,SP
451d13fb1bbd49968af3b95896218c8b,f97e4788973647f6932507c4262bfcc3,81350,Rio de Janeiro,RJ
69b24de9f8bd4f9f9872094b1b603c7b,02cb142b97284ffe99c236f0463c81b2,33480,Sao Paulo,SP
220845d768dc4d4488c8bd25cd49b7cb,fb3a541b66174e17a5d8f41fccc3f0ec,45462,SC City,SC
918c25445e054e42b4a90079d0ab8a0e,d844871ff3a04b6f99cd5b821d13b341,80076,Sao Paulo,SP
70c10b10199b4d9785f801728019cecf,8af7aae1ae2a43b7b4a642f7bcb2169f,43117,Sao Paulo,SP
6aaa9aa2d1224793b1c2be6664a99be7,d74cc678a59440329a6c93b71741733d,56998,Sao Paulo,SP
2acc05fd654342e98f8083a304ae4da8,c17df22dd9024244a0a8f6abaa0236a9,78168,Sao Paulo,SP
5e3eb50c8ac34fa0a290104fc8371821,dda44418fa594d72a15a1e0fa44f0804,23680,Rio de Janeiro,RJ
a5c60c3b534c465c8c03de4f85af5ab6,d7ba083d9d3a4ad4816992ededc97632,39024,Sao Paulo,SP
edd7c3ba2aea4573b335fa8297aac4be,118b00caa27545139bc78773d4246961,10071,Porto Alegre,RS
9397085924cf45b5a1d49670122e3779,61c6f6bccc77493698512d5c97a06085,82912,DF City,DF
6b96df2c6f0f4b519f2307edb8c7bd80,396bd1c3611d4c2fbb897b8a7fc8da97,80729,Curitiba,PR
84a74cb527bb496a97cc2c85a0ccbfe8,cec5cda80e934bc1bfbc8fcee821100a,85121,Sao Paulo,SP
b3d21bb7e2ac4724945a627e68d1f144,0c2db7f67fe04e34b9eccf37b677198c,82816,PE City,PE
84de676930744a34b316de3c80a08b8c,25fba3e45e254c2a9d955534ca7fcf85,34897,Sao Paulo,SP
a5c4bd73af174e9da31101f37983dcc4,cc3d21f417d14ca4890849975ce9a4b9,97257,Rio de Janeiro,RJ
0017936265b5439c9d8b33f8b3d3124e,ff0c760845834179af63b72041a2a0ad,15393,Rio de Janeiro,RJ
822577474c7247ca84e94545cfc76ba5,0692ac1d9c3e494ab063f4da4f81a657,53238,Sao Paulo,SP
957d9a610fda4af2b2e9fee2874dbd76,9935d0eaac174977b6ca64a82248727e,73237,BA City,BA
f2559b59448b403daa1503ac242b01c0,c62ff50a640748dea602f147b74c218d,49992,Sao Paulo,SP
e8356751cdca499a859b30f297edd75c,6281906251d04f038b25a90c03341d54,97393,Belo Horizonte,MG
a0cf623025e3445b917170c3c0f15132,ab08608506fa43aea72bd87100d94ebc,80891,Sao Paulo,SP
4571f420d2c54dd2883ec7317867b999,65773acb8d7740d286d8b7b08c6bc765,82229,Curitiba,PR
524992071c5a497299d5ba8114033188,cccfb97e8e4b489497f2e1bf15699155,41058,Curitiba,PR
d8ac46977c924a7694bb6fcd0193e567,f049491078274fe297d05af23812288b,91114,Sao Paulo,SP
a52c9d98cefe4ad4856c480628d6e404,4574338e2c7d4ff79329a1590726317c,87988,Porto Alegre,RS
a30af092df3342828fc56bace6a89567,046ad552832f42d79f21b9dbe4eca09d,72092,Porto Alegre,RS
fd8b5a827e5a408587f9f121858413e8,294d68a5ef7d409e926c76677812c174,44329,Belo Horizonte,MG
56ac8df99ade4604b9acbae3433d5db2,91d2833306884ee7b6590f9ae0b1d9df,23891,Belo Horizonte,MG
3a986bfed87f414c81cc840a7c5f4599,1f2c5ce9ad63404db7efbdb39b60f61d,82526,Belo Horizonte,MG
fd22171f3b6741ad9795821f2e2ce9e6,8e8738d2ad444ea78d6ea69430618f64,55564,Sao Paulo,SP
f447ac03070b456a80963077ce278c4d,e9ad1d588049440980014bf619072d00,64525,Belo Horizonte,MG
ccab9d3dd01d4b11b03e667b4f13970e,0c19b89b24e1439794ed4fbe71546eb7,41006,Rio de Janeiro,RJ
7a584b9d4cf94288872ecf8ec6cce64e,d23d6994d0114d38b5b8c7889d6f9581,11909,Rio de Janeiro,RJ
075f794cc4e74c6aa0ba5489b94997e5,08aabadde5b2422f9e034dd858437414,29579,SC City,SC
8824a30e536c46bdb533a2fcfa1b8f6d,dc0925910414474384f812193d8be205,68599,Sao Paulo,SP
8792b357ec464ff8a26b30c4f630c903,c44861ef55574a96807a0b9577359adf,58569,Sao Paulo,SP
884dd5af71ff4c93859953f1e9f7b11e,d0fcae7f3f6441e386f4356aab34d3a2,11667,Sao Paulo,SP
a688353b3f0847a1b3c5c43ff4935677,5d367d5caa004a39a11f700a9edb2420,16192,Sao Paulo,SP
5622541cd1f947fca79a0d71e3928275,a459a45e44614235aa889d73b9112729,10082,Sao Paulo,SP
41f79ef91b1f421392c6ccd0f7ebaee3,cf35f1007ea3451b9eed13f761101796,37899,CE City,CE
05c0ff2e6c7a4210a5c105e43f05af89,37d33811c7354a9b84556a3315c7c860,16019,Sao Paulo,SP
aeeb78de47db4eb9be3569ba5611cd86,48be4dff8c3e47b1a502eb5cc4f88f1b,99084,Belo Horizonte,MG
7cae1edc00354e24bb8c292b29885d2c,033b65cb5d07413796638bf7ad490534,55208,Sao Paulo,SP
18efbfc3464a45a695f36a1ffe6ed96b,5b021ad69542406da959b78ad8aec5f1,61167,Belo Horizonte,MG
4700a15816794f08b20090d7bc0dc8fa,1a8a8bd955944ecb881ac0152833b221,98974,CE City,CE
6a8b67877f1e44cc8fcadca32dfb63c4,de69d8f928344dabafddcc698555fbd1,62860,Sao Paulo,SP
3d907e945f4b461c8ebf5d0f5285c38e,ab8d5b055cd74f3a8cb0249e66db6735,23346,SC City,SC
4dfd971c1d154402badf91e0d5f3864c,fc491e02f9894013855ef3e411353423,87617,CE City,CE
5e9c464f35594abfa1eddb3b03ab34e6,6cb2e04893764073a3d41ff4c81d8684,88176,Belo Horizonte,MG
fcb5666ed267441e8861dc7a48747ed6,edc970a3046c4af3a51e3028a2ee26e8,56647,Sao Paulo,SP
8d6f5c7093604f98b997fde10332b2d2,45dcd32341094b21a79f7c06c8233e43,94547,Belo Horizonte,MG
e4cb6c2cf7474ade832a78afe47ae47b,f88460191d6a4a15b1d98bc44acc5ca0,36647,SC City,SC
0ecf9e9b203e43dc882499875d24d4bc,87fc101b5ffa46beaa9c3cbfb8a71d2c,12265,Sao Paulo,SP
05344c96cf834359990efc828f89ffc6,fadd408aecd74c4dacb25af81fa3d03b,56849,Rio de Janeiro,RJ
2eb19fd6706c476fa1b94731ed313a86,a88c45b151a742ed9712e78bbf233b77,60777,Sao Paulo,SP
bafbca9c794a472abaaa65f6a209afcd,93bc194d99f042c3be3f7ef7e285aa92,48375,Sao Paulo,SP
c6c5548a36514984ba85a24f29a5da4b,81870ac87adb47efbddced0c3c2b956b,22725,BA City,BA
13ba8f24e60045c9804c2d16623fcde2,3f38126e7b324c43a194a44f749731fe,83132,Rio de Janeiro,RJ
df057c81f92942b2a6a73d27050a9f75,890b6ffce01e4dd8973116248804cf52,44217,Sao Paulo,SP
6d9a8c43db0b4f5b8a71a3ffa5678c52,a4d71d927d594420ab1d36a991bc56d9,84099,Belo Horizonte,MG
10f25d458fc74ac285ddbf7afc3ec543,81805f6231604ed1850d9b280f579137,35111,Sao Paulo,SP
a5fec0f5bd674624baa519d8616187dd,d49ca3f9e6af476a8cde00353b790bcf,67445,Sao Paulo,SP
e53616b9c9e34fc5a0418da2e9503210,263c6fded2bc4ae39b657907f50df678,80957,Rio de Janeiro,RJ
8a02e4b0f983416ca390d31507ed83e0,8cb87049942544e5b49387583cdbaf39,97158,Sao Paulo,SP
109713bd7a9445ea8cfc4e9ec1b1095e,773bb8a2969148bc9e5c8c729040a4f6,48560,Sao Paulo,SP
1cafcb4e0916411585be880ac68d3c83,84654f2399684dfb9855a656fcd6a9f2,66622,Sao Paulo,SP
e6c2d66ef51e4bce88540279971a8041,48409ca11e6346a781dc4aa90418fece,68828,Rio de Janeiro,RJ
26fc590be43d4649abec53d265af2973,72e60f71860e414f82f4aa2b0bd7bd07,84643,SC City,SC
8b93ba5fb9ee4d45bbdce73f74c793c6,8334da60a8e440b0ab5f1cc15a1a76eb,16787,SC City,SC
2f633e3ffc734501b3dbfffbb682dbe1,d613d4537e8d480cab1decd4b619a759,75883,Sao Paulo,SP
613f5da993844889a7f1c269058dada8,9b2da34855174774b83f8df9ac7416ea,72895,Belo Horizonte,MG
4670e02704a54d9ab085d8f2b7ce7cad,969e741d766c4174b74e159dc6fec17d,12556,SC City,SC
00410551c29943d88eacd3ad215a648a,accae54776e240838cd646933898d2e0,95672,Sao Paulo,SP
d3899b42e50f4c858713539a45d3361f,5a8a756f00b64c5da6838f4527740af9,25507,PE City,PE
0647a7706ceb4a4797138b27c7013737,0bcac980b70c434aa2a54db04d845f19,79575,PE City,PE
43e2cc97b41845ceb4b3578bcbaed1f0,f068dc41f42f413a832587addface061,71879,Sao Paulo,SP
19b8095adc22453287741c4aca0ae5af,8a7c1e93e4db4e9a9ea9e0f0433b0304,31233,Sao Paulo,SP
9eaa87c26da64f54926ed2ab17ddd8a4,1848e4965a12448fb017e6dcc4dc2dad,64322,Sao Paulo,SP
36d9623469704864a715d930248f76df,a2e862287e0d4531b5db53c574c07ff8,94245,Sao Paulo,SP
1690866a612341989116d6b12e0d6d8a,af10ae3b38fc4250840963c0a34abfa9,14576,PE City,PE
52844431310c4695a528b4d2a8b20eb6,f36ed5d1e9ca4fe1891507039ad7a676,14093,PE City,PE
0db384039c5a4e1e99df6d925fa6eccc,2c3d75c24da74b10975e0d74f0f27a28,24810,Sao Paulo,SP
68b784f5c06f4ae5baf2657acb8a4350,27b2379bd9414cc497955ec1c6554efc,92709,Belo Horizonte,MG
3be87add4e454c5db9a07b5c679c6a66,910602037495456090bf74a5ef826b87,36744,Belo Horizonte,MG
1e4f14bcb9484253b57ab2585c79bb45,cdd590359a09499cbeb816e9f5f218db,66063,Sao Paulo,SP
7fed5fbe933343edb16292d618d91518,7a93020c105248b9859f6b9d1139245c,58806,Belo Horizonte,MG
f60d1a7d67c649129f4dc811bd7c8ef6,fee1bf894257475a92ce97e6080cf012,26105,DF City,DF
2a03cb1ee90249159ea8c7e3b0148c37,b1861daa692d410c9f09d3bbebc66824,16239,Sao Paulo,SP
0c0f8b31a6c84a208255e48d9d616086,d2b7939a8c8b4c7c8ab202e6dab3afc8,40267,Sao Paulo,SP
49409677e357495a9a29f09cb1882e60,9f1a3c1c3a8a4cd291047966b720dd5a,45570,Sao Paulo,SP
5a00f068994741a5ae9427685f2ade69,7b6aa80eb9f241fdbfbee7a07e9f34b7,48748,Sao Paulo,SP
d0b66548124848ab838a830cb104f839,69cf295178a24650b6c807104c28960c,49716,Sao Paulo,SP
52462219f18847aaab165b0618f629c1,78fe24fcb26746bf81f994a539a87667,43038,Rio de Janeiro,RJ
434ced1276f4423ab92c2669d69225c2,80409c7bbd0c4333840fb39e8f558de1,27239,Rio de Janeiro,RJ
3a2b72d03cb94c95b53b3f8ec1aaac22,4c8d25e6c78947a8bb0f1d1ed178545f,88833,Curitiba,PR
480d1bce33d04d73a317be939b8ab753,ee6b30b6f4e043bb96105b48899511e5,88027,Sao Paulo,SP
781e78ff8cd44629944f8507678b7195,ebcf6152b99144f8a8b84205d349613e,15670,Sao Paulo,SP
9e8dd749ec0742b5b6fb21703e28794e,b369505bfeb84261a369814cb6414708,61563,SC City,SC
64b54abc0e37458982d065ed99de38e3,706c748a7dee4bfe98e6bed554c1a18e,73432,SC City,SC
71083b611b19465a9d942879b3e24037,e29cf8223aa2460fb691569b5a994016,45947,Sao Paulo,SP
570991a8dfe84b008296fc8a51588edd,3c18929c942a4cd3b4f4208832a64da2,97197,Sao Paulo,SP
9c52a1cb1bfa4f95ba05e2c05d9a1534,740c73bb96c546c09c11e6cebea30610,54950,SC City,SC
72a8bc916e414f26bb38eb9724c0561d,2b6b4ce4c80047989c03659d3629a1fc,65304,Sao Paulo,SP
9470af7afbd248dfabe94b3cb4709df5,1d36311c762c46b1b064589effdc6413,83220,Sao Paulo,SP
12a2918fff484d17a0b0df7a995ec2b5,3dac6469ad5a439394363146fa2ae0bb,62542,Rio de Janeiro,RJ
c6a9b025e6b843d99ae4d173479252aa,ecd46b63c65f4b349a4fe35ff9f51d2f,59050,Sao Paulo,SP
89f31f3b0a4f4518b16b259b6a08862d,940cc1d90c614d4cb5a4fe6f5f4188f7,31605,Sao Paulo,SP
ee70e2a8cc7b4abb9ba216c138f9ca21,d2c1803653c441a3b148b9ae2516c2e1,49437,Rio de Janeiro,RJ
649512dfe0c84516afafcbef62819a08,db3fdd70a0894677849c490f0036578a,15061,Curitiba,PR
aa2efe49eb32460db1b895df0fe3c7b7,08f1a31fe0c5435985ff3637bac7ac34,59522,SC City,SC
5c9624c30310470a8bb96f28a45d3d2c,5201980b99644783bbcbb1b89a7c2005,28581,CE City,CE
1230fdc9c1fa4806912e81ce09332326,5cfcdd25a9234e92b8e4ec0e0aec17a3,26521,Sao Paulo,SP
7f704855153e4b4a93c56f76c88736f3,78452095450c4d09be832a9b20a034a3,25313,Sao Paulo,SP
a0dd516ea1ac4ee99f31f46d199bf25f,394f6b68637c4510b3d5b9a2960e7307,52415,Curitiba,PR
7c3907f6605f4073932f287947e78803,b086bf10018f4b629c24060ea3ae5e2b,55114,Rio de Janeiro,RJ
be8a159593954b2bab9881653bc98fe6,9cb2de7e9a83431cb625f482d1951cc5,90121,Sao Paulo,SP
2a72b706e42a4ebd9c55f7af66abc96d,a4111e03f0d04aeeaf9bf2af473c4dcb,88296,Sao Paulo,SP
97e892d38fcd455d91fc5f107e5e2b8b,eb4080fdf4984278b8108943825b7115,67172,Sao Paulo,SP
af04441b027941dab109f0824e0c9a6c,ec4343742bcb4bcf9845699c1fd6a801,72611,Rio de Janeiro,RJ
50fc1eb3d806475da0f24e88cda116c4,e4edf46aecab4f178d432dc1b41b178c,27947,Sao Paulo,SP
0ebbd0715a3e4e9dac7fcb6ad6e1b5f2,9bacbbc5d2474019bed150061df4e80a,51343,DF City,DF
8efb85c5914d48cdb708b7c856e279ac,d33046debcb04a2bba5acc325558b9e7,65767,Sao Paulo,SP
9f53200a3e1a462f8bd473dddb98bc08,1dabc9c6603143249564ffe8232ed79b,33364,CE City,CE
bc9000806869402e927bfd380dd0389e,8979f97ba4594ff5b33e5a9a82116c37,34148,SC City,SC
ccdbde53f3054d17bac92353be13a850,f6ed4a28f1bd4e27b0d5e2137c1f7cde,33697,Rio de Janeiro,RJ
20a459d885d64869ae9980990757032e,3092aa394ad648108861488298586189,26368,Porto Alegre,RS
d073749aef4a4f7982e43ceb3acbab51,1d18ef6f8ae7416aa82596c27474a370,89821,Belo Horizonte,MG
e2cce84f8e554e9a819d115d569c0f78,3c12c47e6ac94ef8a7ed3d48716d1542,11037,Sao Paulo,SP
4bb8fe4ea948485d867e114a4b8c7c8f,b258758268ad4d118586ef7b5d7c6e23,53487,Sao Paulo,SP
bcdab56fac4f44c88d9366142608c6ff,e6811b43a8994f3697f6cd3aa8c156ec,40921,Rio de Janeiro,RJ
59aceaf2a5dc494ebee8700c789842a0,69069a917eb44e09be0972c0ccd011eb,38240,Belo Horizonte,MG
b0feea29bb304d64b062fb0890762cd1,19d626b52b904549a5a93fe4c275494f,93257,Rio de Janeiro,RJ
d7615b02b1f84b5f9ab5c10639b887da,1287e0dabfe74b65830b1a94b1466a2d,94871,Rio de Janeiro,RJ
eec090c154724609b40774f7d9e3a214,3186f0baa3734d80b3a0e19a5b309598,96495,Rio de Janeiro,RJ
95b8a969e0ef44a6a6a9c16a7c58ea2d,d8ca8c93faab4361bff260e08ff203f5,48652,Rio de Janeiro,RJ
dccdeedf6c514307ac5b54d7fedebe25,85c83af530324628b0ee519062a868aa,67616,Rio de Janeiro,RJ
93d0a5aa9c104d778674e1870fe764fa,311384db99684c788d3df5a0582c3397,13853,Rio de Janeiro,RJ
aae969c50d684635a3d8ef6c997143ba,eedf10eab60246c5828d3b52bbd58d7c,43897,BA City,BA
5771a67bccd94a819d21c279244419e2,5dcc45c1e31f42919da4c8366f1a2b88,75392,Belo Horizonte,MG
123ea903c6ac48c0afb759eb6044b5d1,9393ae65d09b437394cdcba02b393271,50278,Porto Alegre,RS
e12ccdbb45844f84a525c4231e6dcd1c,5ba62021be214cb9bd95c0e305ce9271,72967,Belo Horizonte,MG
5222c10500144771a3904025b73b8aa5,ba1fef7d3ba54282bd1a1843fa7f8581,60960,Belo Horizonte,MG
3952b17fab2947fda2e539de6735f3ca,07239859d03b48ba9cd1d96f93443a97,49790,Belo Horizonte,MG
66b12e16fe5942ab89a7c2c5433dd8f2,f428ff9b9b7f4dc28ed06b24055dba16,80934,Sao Paulo,SP
16d6c1af24654f7dbace34221bac2a7b,b02743b47e38443390d12d4e366b2a94,47823,CE City,CE
a7ec4b286d864053846930b243ae6fd4,6ffe91b6faac4bcab864b8aec29b599d,99749,Sao Paulo,SP
f166612ca03b4025ab752aed9f80413f,5e83c1a9e70043d7b0f4d69cb794ea7c,52687,Sao Paulo,SP
6546770a3edb40e38d169cd7bf2260b2,4ce15fde4fc7425aaefc5b08e782352d,58806,Sao Paulo,SP
2cfd96a5545a414bac79bb9ef3a7ec33,80f56f512d76481d834f72e9d6c6278c,88287,Sao Paulo,SP
ec63452ccf924311a5602bbedd2076c3,ca1a73c5eb8f450990350735c083b50f,39207,Curitiba,PR
6983e42074e140968e2a34da5086cee4,4afa8cb0c5614801aebb2fec861610a9,88745,Rio de Janeiro,RJ
c0fadc0fc33646eaa0489c1147d15ab6,bff01aa642284242871d62705aeb4087,67288,Curitiba,PR
840fe451867043d08a10c257e3704578,09ff07028cac4c0692f2fe9b2e9b38d9,52763,Sao Paulo,SP
9de063e9f0074027bf37616431459878,5cb6925ebb554f1888bf0a017d0f1a48,32376,Sao Paulo,SP
104b504915f34ff3ab036deda62d0b06,d9d851d7492f4ba19d921d525c71d2fb,22633,Sao Paulo,SP
d7c3a763ac0c4887bb2be3fbd24d41b1,928b172214cd41b4832573e1c36079bd,40377,Belo Horizonte,MG
d2f846dc908745e3bc8065ed4fc4435d,48a374283bfe4816a357fa31a0843b0b,80041,SC City,SC
cab28af5249848f3a93fbf3e9b6022d1,691eb03c548e491faba83a8c36b4a5d5,39520,Rio de Janeiro,RJ
3220a1c6a5f5467b827c22613e578c8c,12d4d269c6824bc2bb16b6b4af9c2c7f,50965,Sao Paulo,SP
98e771d0d95643e4ab7d94cb16d23a4f,061266856b0f4912af159c5f9ae35cf8,10800,CE City,CE
f74e9964072141acaf95593852a4ed7f,5bf2657bca3d4f7f9d3d16c9ca6aefcc,74107,Sao Paulo,SP
8709505de9714ae692757fba871a1ec0,4cc48703a9d44fbc9e25ca85d647d4c7,20726,Rio de Janeiro,RJ
01f413ed04684825a8d7bd9b27793946,d0440b49218f4d5baeb172feb9daf438,27980,Sao Paulo,SP
eda3534142e74d458bafe19b2efbeffe,0fdf3123ac5845e4bd3543d514541f45,47679,Sao Paulo,SP
6eb2c8dc81094640bd842234561187f4,9f7528a6f2b742a48a70892245ba5809,53649,Sao Paulo,SP
89989b4834864fdea993f54a807088a7,e820c96dffea4591a62b9775a12d768d,55573,Sao Paulo,SP
89a660249d7843f693711c068af6910e,28023723b8b64a7f958771fe8ce69b63,38594,BA City,BA
b3c4d8cefb154270a665515e232b78c6,c276e6bfc2cc481182f088530434e864,23320,Belo Horizonte,MG
2389451e83404b809c0fbb909839722a,a81f2ce916e3495d8751f894a09dc765,31787,SC City,SC
265589b8e1664988959b9d0cfe391265,0af812f1246a4ddbab5b9bd13d0e512b,88110,Rio de Janeiro,RJ
8fa703a0a47b4d81848520c5dacc1ecf,27338c42117840d78bf54471aa46eaba,17386,Belo Horizonte,MG
acb83c8a509641bfa0a9874e31336a23,6cfb85c2b2e24f818e0ede563afaaa7b,10435,Porto Alegre,RS
45633b339b604093a462677379bcee2c,7691077f3e99408998a6ccc26932427b,42654,PE City,PE
aa6ce8860a0c4a3da20060d710cbb7a8,d28cafc372a140cab3f2d21085f4afb7,61693,Sao Paulo,SP
052e2b2dcc2940b98ac2e0ac465dd679,04dec994c61b40d28c849df62b4ac1ac,26741,Sao Paulo,SP
92fa64c304f8444aa6317154a3381b70,718734d792e743bbb588299a554f0090,96299,Porto Alegre,RS
6d90190a907247fab4a01b8be14c4e6f,69c37e401f66481590f2df6360100d7d,34226,DF City,DF
3678f3349c2646bca07f929957bde0ee,45dc03d39277434c85b0146ab83421da,21980,CE City,CE
7afe5ea14e9c40278b52860639f49988,360929ea93604396b6d615ba9a6e3681,18911,Belo Horizonte,MG
8c6584cf03d840728e4a62d0d28a8a48,597ab4291b3d4303bde2e3497a5c216b,71905,Sao Paulo,SP
430bcef17337421b894a24c22963224d,8958a19189a94a6991ff9c1b62eb2d93,41041,Sao Paulo,SP
e88d621a3d6a4e2c8eb6350f5e9ce87e,93c22d2a50e645b68f56ef4ea79dfd01,93898,DF City,DF
48a3ea37a1a04410b2a3445755917bb8,92d9f3da2dce434cb5c557da0ef183de,28767,Rio de Janeiro,RJ
00b21fa67655437484f8a0b5e7b74b5e,49f5f18627c84111b1fd0066ba0a7ea5,93008,Sao Paulo,SP
835929afaa4840dba32fa122bce1a35d,21607ff30268445a9b77969ab91b9615,70727,PE City,PE
bf01ad77d63745ec91a3db6b19e77701,36f897c84ff04975b72b7848876245b7,74835,Sao Paulo,SP
f37ad64fdc4e4f3ea4de31dbaedd1b41,0b37d68a80934e94b594868345475890,30585,Porto Alegre,RS
92cf68f23f364109b7c535a1154fd151,1ad3b338e55249c18c6553de9de86f5c,65784,Belo Horizonte,MG
df754e68ed794d04a5b5f1dfbaddde70,48f2523c0da54f50a36b6614e0e5a49a,45481,Sao Paulo,SP
d5f5e49c711d4ae28f69b31bebdcfe3e,116a7e53059e4d3fbe206b4ce002cbb5,80263,Sao Paulo,SP
6e168e1097db4e9abeb810dee920bd88,15d72d0c8575426ca9c4a73b6c2b8379,94218,Sao Paulo,SP
75151ed3771649f7b68f3eed70ccfd65,b6d20dec5a904905b89d8cbe3a2ccce8,81509,Belo Horizonte,MG
7cd26eeb256541a69828b6eba6621ce3,5406cdd912e143e78577b8ddb0d7b586,42293,Rio de Janeiro,RJ
e78df1d1696e43afb5b643753445c927,e697e6f71d59465385df4a39388442e7,90935,Sao Paulo,SP
fd92dd36ec5c4b54b36e43ef6db1ada3,8c86a0d151c24f60b82a15be364e5287,55417,CE City,CE
e7400955f5e84e6fad91c2c9fdcb44ac,d9d2d24ee9b74efaa1efbdec679dddea,82834,Sao Paulo,SP
3168ec296389465290697dddb5b9a863,4b51a566fd554b98a8fb9a35a3c1b1c7,52072,Sao Paulo,SP
c3f16462c7fe41d185ed882dfa43103a,1e27daf7b82340a3a82abbf5e3dd8df3,98487,Sao Paulo,SP
56bc9952c7534d37a3564b526874532b,4ec846dede51457dab3ced0d67951a10,52104,Sao Paulo,SP
1c6a1d1a92054ce5af52c54f44dbb96d,cf7b88a552254e4a9f6234ebbe01e2d8,82632,CE City,CE
b2a4d07fb8694d099244ac318a1d581f,d14a599a76c0400fb99c37d1b51a1207,52562,Sao Paulo,SP
6f0c564c17ed4954810d8f9bf541bf97,a3a4d6a80364499b80071b0593e2edfa,32409,Sao Paulo,SP
ea85837dc0cd4150b4ca822a5c260e06,e3a919e749b843d99cc78cfb37572035,33716,BA City,BA
11510a40fab64ff7bde90adfa851d084,ce46ebeaeb454a328e7c15daf315a0df,86605,Belo Horizonte,MG
50d868debe12456bb128715242cbba4f,941a3b7239b545939ec3754a52a0409f,97633,Sao Paulo,SP
dd6dd33843c6441096890b3d5bfc8be3,5858a72c941347039e812c59ad787064,50012,BA City,BA
639037ad683045c2946e954a2a8b898e,be78cab5ce0d431a8f4658a80c5cd93c,32323,Porto Alegre,RS
298f5ec0de934ebab87ec4db8671118e,4f31919850b54d06ac15f86d375b65be,99295,Sao Paulo,SP
a1b3e7b697784a79bbc3538e72a2f526,c117be438f44478bb81d6113ef0097b0,55387,Belo Horizonte,MG
cfddc440e5ec4864b8ba5afd74f2ee12,055de3ad9e524d1bab518c52577768e9,28342,PE City,PE
4344d5d81bb6438696e2fe553a2e9beb,6fb6eb2593474c448913e7660b65230e,50976,Rio de Janeiro,RJ
8900ab066ef74da7b8d65953e2717385,e27afc0485ec4abea769f7e088c5d419,23291,Porto Alegre,RS
b7310ee337cb4f7ab77185780e1cf8e9,ceb7679deb1344cf9e6e2a09c8a0e61b,63225,CE City,CE
101bc992c6c7442dbe832b61b6bc43de,7967dda6e1cf4840bfbd39c34e9caa2d,25159,Porto Alegre,RS
f68ca148911b408a8baf5928590c667b,9d27f7446b494f92879b7425b2a1dd0f,75844,Sao Paulo,SP
9e7f792009194d62a3f574b413b1915b,190da6b408024c5f91bddbcfcce481e9,52951,Sao Paulo,SP
23c761049df14b6390b02e9e3ceb4c67,dd15ca70499d43618c1973c4280567c4,74127,Belo Horizonte,MG
515c60b6094b4572b989853b3e242caa,3a9b439fc1124b9eb295af18a126eb44,58266,Sao Paulo,SP
65e4d2727fae4fbea3b8d46e40317694,29abffbc14f24bbea97e7db881ede1c6,90602,DF City,DF
e3f97b257e0a489fa4c350412a4831f7,694d7567bba84bd2bae5e8429ce5b5d7,21014,Sao Paulo,SP
922ed4eee0be4676848494b6f2aa1bd2,758bbe8eba264ce2a30b26f5d9415b9b,68802,Rio de Janeiro,RJ
66840ce301444385a8c97e47ab104fd0,3c7f5fc3e5e54370a0eaab99eb6c562a,18724,Porto Alegre,RS
b43be52eb9fa418f870c05644c54e46c,53f826e956e240058970e0ac996826c4,17174,Rio de Janeiro,RJ
fb7b0bd98b854991a0c66678281835b9,38395a47af4c45c59a7cfb647e1ee5d3,54038,Sao Paulo,SP
cd290179d15b4b8ca0b747fa2027b8cd,a92deb092dd24804ba9cde738f023ed7,16845,Sao Paulo,SP
127615b40eba4d36b1f62efaa365b82e,4e0d95dc28334e3d8257a5cc1b0c1a28,79349,Belo Horizonte,MG
7f60fae3a0994564a8b9e67235484473,24141b6c21324c9bbf41acb40bb57c68,93457,BA City,BA
351cff75c0514708875e6e59fce31135,02a8ad4c320b4b109fcb960d3fd53d4b,16181,Porto Alegre,RS
fbdcc5e7c5a440ec9775859a02683833,4280a55cc9204354a4459d66a68fe9e8,57614,Sao Paulo,SP
252d0f0fe7fc43adb1468266e55120ec,e25e78d0902d4c89bb46b9ef193c6a34,50437,Sao Paulo,SP
273e0ae4fc7d47f4aec60116b9240a84,26ec80a2b1a74245acb2bb0dc2fc9be8,88549,SC City,SC
e056b402e2e442f79a4695a809f1a6b4,a6155556b5c844c68a111a8216cd3f11,22156,DF City,DF
bdcc9379883440c8a4db1081e3a8c23a,cb1f2f757621435f8a600aed368099c3,43859,Sao Paulo,SP
124f974ca0a94a8790130dc27cb1e8f9,374e5ebf979c4e18b0341855d2be6fff,68751,Porto Alegre,RS
791b94e92782464a9bb30c13579f4e95,12b434cd592944329e79973e2d69440e,69520,Sao Paulo,SP
885ac7aeaf114d31a18ddd9e230df124,aa122090e4ff403f89765555a69505b9,50272,Rio de Janeiro,RJ
aaeaa801b62d4cfc98c17a7b96a9dd7d,dfbff81e17a541e88ad05e95f40004ab,45290,SC City,SC
b9125af0d1644a32acc3929378f8300e,82b643d622624ccfbca15c413ccd3a6f,71815,Sao Paulo,SP
b3321e9369654f2ba551f4e25ead4d2d,e15e18883b684e9db16a247f139464b7,40188,Rio de Janeiro,RJ
b0224f85885d4c75808350f2001af758,ef3cb967414148e3a0dd214f0a1684ed,57988,Sao Paulo,SP
2e8683e964db4174b57567b1ff353d9e,a9b87b66e28d421f93e169fe0af05af3,93706,Sao Paulo,SP
d3ae06694adf4b76830fd5be387d9bc3,1dc551d1ef6147a5ab39d36db17d92d6,38157,Belo Horizonte,MG
47393f36a40541da94694b02ff807e90,28297cf4062542198cf5d128aa53e694,56743,Sao Paulo,SP
51299ab8cc8e4f0e9fd4c7e82ec2e5ed,f451733b23554643b86ee1a8562ef65a,28500,Belo Horizonte,MG
6086f275fc4b438c97129faea224a731,1309df174b314ec6919bc775ff25b8c9,49002,Sao Paulo,SP
3bae0dab50ea4ed08a1dd13c58483387,1cbb1b65a7a7491f9db189d60193622d,67456,Belo Horizonte,MG
4d99933ee7bb4bf3af6dfbb26cdb494a,d05be54c772c451889c0bb25956313f2,79327,Sao Paulo,SP
09bd4c3e9b02411fbb69a8b95c69ab4f,abf8f5f6aab042699170a496440a9292,48770,Porto Alegre,RS
1229996a3f4e4da384df3ad4fd65ca76,b3bcd174f44041ec9592f92e4fdcc4a7,24697,Belo Horizonte,MG
d3c8af5a48924a408b617e91e7ce0731,ed4b5d2a38df4bde826e55f4d1542e97,70456,CE City,CE
41fec6d721ac4683af89918e35111285,13bc043fda034ddfbf84414c2a888f80,25608,PE City,PE
21702a17195a4ad7af341d76047eab92,41a60870e6174ec5adcc8af559d54d30,56714,Sao Paulo,SP
c1bb64a7f57b4612adfcfbe12e6aafd8,2060cb16027740b089cf380e99bd00d2,86097,Sao Paulo,SP
66fb6995e66143888a38f9f50a068446,b3068e3e66e643209cef2ca75ce189f7,49358,Belo Horizonte,MG
55c07cccf66e4895ab9e3f881856899f,471d263aaf1f4ca7933fd342cdd3c429,84852,Belo Horizonte,MG
e48c3dd31ff64ee4a80164caaf04cec3,15db27e800804d2fb9573ccafe90742d,70222,Sao Paulo,SP
76460a90e6214963bcd39205f345e412,212af3c8a7254185b133077817e55886,36140,Sao Paulo,SP
97fbda4b76b243dcb57df9589e5d888d,7b53442b63c6479da5205085ad7bce22,44073,Belo Horizonte,MG
d8f4a213dd3a496e8ebad5cf091681b0,1860ad62e0c442c6b09362a5322f462d,47930,PE City,PE
56161b5858fb4737bb00b58e831cf16f,242075e47cdf479f92c2bb0147330553,89040,PE City,PE
5a901ef5979f4960bbfad96dd0a15385,57e5bb59ed054fb4bd92fec64638501d,36630,Sao Paulo,SP
c9a2ec6843a144d3ac5616f8b4938f93,b65d845f1a08438a9a85c441ea3f4c94,14803,Sao Paulo,SP
aee9fe75fba44ec3be6251db97daa238,6d2cfccc658544adb11717065da4a28e,53695,Sao Paulo,SP
72dd923cee4e4af99a31d9697996bfd4,0f65bc15ce9e4f6e992183fa9d9c9948,40325,Rio de Janeiro,RJ
9ac1e3a40735421a85e532aeb7a04369,511597dec55f476fb7f1b1f9cde990b4,74006,Curitiba,PR
46e3b5179ff540029e724adb2aace512,b0694abb2d5242649fa7dedf4e2e6041,76918,Curitiba,PR
809fd93d26c2475a9b1a0bb60d4a7567,f1d9cd22bd56415680f710a1d992bd35,80033,Rio de Janeiro,RJ
04ff49eb73a34eb49c538c855dbd9fc4,48f65bb0e9bb4e1e8d04bdf23a8d55b5,13969,Sao Paulo,SP
9c258df298fc49c7872e9030366a10ce,0c46f1fa149347e59fe9368e4871a621,39130,Sao Paulo,SP
a6d967fbdaf849a0abf2b58542ffcb7a,d585bedd5ce544f8b54207fb906fded9,35589,PE City,PE
1c67e47e486b4a0cb562220bca0e72e4,0fb5c8ff80964681b2bbf41386b1171c,26359,Sao Paulo,SP
31a36161045e455b8715d209e8f89ab5,c8a8023c38784410b9e2e5987aaa68db,79448,Sao Paulo,SP
231feeb6f73a4cd595c74a39b6f6371f,4c1e1ad235fa41aebebdf2d6d649c4f2,38543,Porto Alegre,RS
4e5904115e284feea4cf07a8edadd583,fe4584cb76204a88bf13172620774021,65218,Porto Alegre,RS
781bd87e7a3743ac919dad27c324a6cf,6a2979ef9428491488ffc81d9394e319,20898,PE City,PE
7abc0acfd20543dd8ee01726a9e5ffac,e52a5de63fea46f49c46be9f16cac180,18997,Sao Paulo,SP
c278e55e65c741bf9c1feb5def5951ef,51359ee8391644abbaf69226b16b7545,36350,Rio de Janeiro,RJ
62e86fb3fa074f77b2afa3c985f5c0d2,7854f4a3a1fd45b38c388d788fd64f82,41410,Rio de Janeiro,RJ
f5c26f57b6444643bfb58ca2af9f4d3e,3e9aed7566654f78b7a4b8630913dfca,94450,PE City,PE
1cff6f6ec5cd42c698b6fa53d914bacc,cd67009b66b3483b967437d67b8ee9a0,78310,Curitiba,PR
bc2d02ff72fc4cae9fedffab2e7cfe0a,5c87dfc88402495ca69560994e91e572,88757,SC City,SC
f873be109bab487789a254c305b89591,ac69538db0684061ab2e6c72a1d61fab,33883,Sao Paulo,SP
86ea4e703d7f4e4e9c8110a758a03ee3,3505f6a24ed84548aa427b616fe000a4,65983,Curitiba,PR
e10b34a59cdc47c09bd769a9bcaa69a9,7cdf52808d8f4207b890b23650178520,14906,Rio de Janeiro,RJ
e71b2262bff443e1aceb6ef2dc46ad39,9c286a07bc1f4788b5bd2334954b0e4a,77237,Sao Paulo,SP
d3c24fa17f5d4a66a5da37aed82cd2d6,89eabdec92a7440f975f35175008edf7,72185,Sao Paulo,SP
f32d37b7fc354ec78a69cefdc00b5f0d,f718c3b8739f4d24a522011f7efbbfc3,76326,Belo Horizonte,MG
98b0edf3d76c474c81abd030dd75d69e,622999a570d64002b90573acae8b7fcf,80116,Sao Paulo,SP
2770af35c7994e8384a62a5a2460d426,e4c3b3fc07d94b27a1b05f08e112fb0e,32948,BA City,BA
19f97c4f34ed4b688984b2c8be2ae384,65a2da0742734bf498014072f0cacf02,82983,Porto Alegre,RS
79625e5cdff145d68e7367b06e9f4036,4e780a7aff4649518067d8153132bc4e,18954,Sao Paulo,SP
62117c0ca370446199bbb86ab8c4770c,6b9d05fd5c234ee3ba318ec37d07d2d3,56219,Porto Alegre,RS
605a1fca048045e5b72aa8fb3804c40f,f1ad10e703474beca7949835ccdc6a35,32818,Sao Paulo,SP
e0f29970f13746658bcbaabcf5c923c4,d2e0a45de440433299ca83df90556504,72903,Rio de Janeiro,RJ
736f41d5bb564564a25857e54058ebd3,40a7f0ea943246ebb3f7318566ee36f3,81212,Belo Horizonte,MG
a6527d16eddd4ad38c385edabb177f6f,e91a0640661b41eea3966dba4bd00f7e,72287,BA City,BA
45ecc6e31223427d8d23f915931b0dff,300f530701314d16943c8804bf83bf2d,35729,Rio de Janeiro,RJ
fc61924dc37246a6ba9cb56052f9475a,1bab948c1c024f958e13c60cb4846aff,11263,Curitiba,PR
fba5ab37d8bb43889684ad70ca237951,d90b6dbbdf49416e9ca0fdc11b0ad694,47387,Curitiba,PR
cab577b7527c4a6d9f72f299657729b0,68ad243a3f3241c697655b1ea2045e02,82725,Sao Paulo,SP
48c9f62e46af49a5be794db48adec130,d070f619eb2b43688be12ab4492e6a65,66989,Rio de Janeiro,RJ
2e39ed98368c436abd8eaf488acff305,697cfe9b871648009739f1550019c7cf,34111,Porto Alegre,RS
67dd28cced2e4b4bb04784ab012f51dc,a5ec6f5728bd405ca10babb560b3f857,51414,Sao Paulo,SP
ae3fd82e53b94dc284f77c5f882d3f1d,18cb8390fe3a4b00b0b345c48a0d2873,99688,BA City,BA
e119d1faa50a4b0fa75a75d2ae8b8c98,d1c6292c9f9d46bda982223c1ff4ceeb,18204,Curitiba,PR
ce83d3ba573042c2a588f64f0f0511f0,ce1eb038497645fe8c3046bcc0ddf186,51085,Sao Paulo,SP
8ba375ec44e54f6eb9850db658deb3ec,b7596259672145178ed41e039801352d,33794,CE City,CE
4931601148e840b08993a3ce3a8985f6,6e805062bce244d1821f81d5ae694827,26020,Sao Paulo,SP
18511116bdd1471ea806516d1320b558,1657d43cf93848eeb937b4573560c4bc,68349,PE City,PE
f8a945e68a034d65908736ead257cfec,9c4b10de406c402c9ad3b37e7a8dce20,50072,Sao Paulo,SP
b44e5dd3d96b41c896ee1c922b0c3734,89377faa8c5f4bcabbf74d8260ad1f60,63555,Curitiba,PR
9b0a3eed66384371b424cb34b1b903de,d426ac7d84d04cec8023bf3036c91d98,52823,Rio de Janeiro,RJ
aa02b67e6aa840d8833625f0e2417cb3,3abf32a344824bd79f4883b1ee58c328,96624,Porto Alegre,RS
decf870ca7864bbe95a3c5e304c0debe,25da332678ec4f5287c8b227087377e9,37879,Sao Paulo,SP
ca38a16073b149ceb24b17482f21ede4,99affbb3f7634e3da6aaeb9082852965,52917,Sao Paulo,SP
ee9fcfca27b4474e9a1520e245fd2ac2,331700a64d454f9cb268907e01caf354,39678,Sao Paulo,SP
61074cd18d9b41b1b3415a8a054577fe,090a389684ad4871b0a00b3cc7e046f0,73259,BA City,BA
140dbece8d134cc18a9e608bfdcaa492,7c4e0496a7c9442ba2fea90bc7bfc679,77090,Sao Paulo,SP
5daadd8c4a9e4cef8dceb17681092352,85b07e872dfc43cdb7d19076d6b679ed,16553,Porto Alegre,RS
6cec99f2bb054e049128ae7e76946731,67a65ff507ca42c9bc5578c6dad379b2,23307,SC City,SC
ddd2bd0fbfef4d4ca9c9cc1d7e18a394,3bdae70e809944809df33de9d9439547,77093,PE City,PE
0138e3d6292740af97baeb3a8ccd98a0,767664b47bc24df0ab4ebfe5238fbe3e,83993,Sao Paulo,SP
c9b78b0bc8ae42d4ae2d490850d321de,5cb16d23372749eaa63f8102f2ea076e,24074,BA City,BA
2dcdea807afa4513bbf3bca5845c1cf2,ed6109f4ade940a3889ec37d5e1dd7ca,56693,Sao Paulo,SP
14932a44cc4c4b57bb9bf8ca8ffcc225,6c4aa45dafcd4848bec2fe3df280fc15,65686,Porto Alegre,RS
608a150944ff41cdb899b14cbde15ecd,2b20c8cd577f4a60ae0891f11514af38,99857,Porto Alegre,RS
7e302cbb217045a5a1e1e968e6da558d,ebbb7af9af7b43c986511e7e4c8e44ff,72700,Sao Paulo,SP
f7a765db27a44945bda31af4ad1c90c4,bcc1a58cecde4d5383031290998709ce,34640,Sao Paulo,SP
a437e1b7c43a4480abcc632d6fd8fb7a,cd0db16fe05b489f92a0fedfbe0c5699,48343,Rio de Janeiro,RJ
c759c4d864f5434098d5d30a19fb4d42,e607d239b1cd4f38b9af7428cf5c2ec0,46597,Rio de Janeiro,RJ
b3ef03fa04e14be99a9511d37d87ee8b,7b087bc5a48243239f14080d519dcbf7,60006,PE City,PE
b266639eda7e4b1eb52d510b6ecac882,99c6c21445f04356820f1277f8cde3ea,75085,Sao Paulo,SP
d279f8f79725444392f8a94e7e54ece3,70273a1491bc4ea097d357a883f864af,21484,PE City,PE
e0ab8ead7a844548873aa7a167a204f8,6870106d2f444b51a90e77cfacc82d76,72808,Rio de Janeiro,RJ
c6e5c958e15349dc91603c8b108af9a3,22e9ecd29d024f018c73d6c3c1eba72f,68024,DF City,DF
892f49b3c06949fab3a42823392a783d,df0cabfcaf62434389a839395a1b6782,59663,Porto Alegre,RS
ac66e2afd335408b9e26666850f97a76,5496667dc98d4f958cbad32aabe6bf43,31310,SC City,SC
995d68fb536341e3a695f64cbc55f407,d1f43b3cffcb4119b281f6021e6c26c8,87658,Sao Paulo,SP
279c3592760248c8b6fa63ac206c2469,d75a61671464459e810cfe10e183d590,62099,Belo Horizonte,MG
5cd64224bf3743e6af99285b01d1c20a,2752c738dafb4c8ba90830616abb79fc,87181,Sao Paulo,SP
a9614c04cade4f1388777bc3011d0e6c,7815d7e776c144e29cc14220e3ce14f6,18559,Sao Paulo,SP
1628ea272d9c46cca8e9d4c4245462d0,7ed18ab5c8c343f5991f16478a3a351b,50683,Belo Horizonte,MG
b2bc3f74d981487ebb880d29c7507eda,0df2912ca6514c5cb0407fc92c513f1f,39423,Porto Alegre,RS
030d56faeec34034bb91e7baa4b26e27,b02c2535b92f42299ff16bd2c73c64cd,37512,Sao Paulo,SP
79e7c52ffb3a46f794d77c6dcdcb1a49,924ee97f958d4f6bb08c457f0f63113c,61911,Rio de Janeiro,RJ
27fa810fe3734f98889e2a7f7fead4a5,61ae191c71d04683bd84c669e40fd3c8,27898,Belo Horizonte,MG
9fe16a80b8204ecfbddb05a365b5d3a7,372da537d1e94d54aafb2c19e0594731,87025,Sao Paulo,SP
4d63af9d9fcb4df3a89c9483126e32e3,34af5662092e4d9ebd36e1422d57c7e8,89246,Rio de Janeiro,RJ
3fd6c622614542468364d06c0c65c1df,20926a5f03f346dfb9aa8fdfd8316d2e,85443,Porto Alegre,RS
10003613888247089593aa5c7beaee68,53eb76b8c0ff48a3960189c300f4a66c,43679,Sao Paulo,SP
5952da6a7b6448acbcea55ca9c6f7dab,c9795131acc84ebda586a748fc50e6c4,59292,Curitiba,PR
553fd903561142b5b95f4b6680312cee,e66f475a33ce42fe92b4bdc585c606d9,92458,Belo Horizonte,MG
25e4f132e98c407790921c6209b62e27,51576072a029430c916b20925161ab50,66362,SC City,SC
aa7b97f338f64df29ce51935ceb21408,81fcbf0fc5fc4a61b7783071181b9be4,44339,Sao Paulo,SP
577864b5719c41469616f8c79004a2c4,2eb867088006499488b53caee5c0e590,54755,SC City,SC
6833936db01840319ad04e2c2ce177ef,6efddfc90ca24fca938364ac164f9c32,16902,Sao Paulo,SP
3df16758649342afa4c90be3f79b1cb7,4016273723854e92bd2cda92b568c37d,89900,Sao Paulo,SP
e19eccd569e044ffa2a2048ba232b0ff,2cdb4086ccf746ad834c7b400e176b7b,87010,Sao Paulo,SP
663be792565d4118b9e82d97bea11df3,af80e4fa134d4b5cbbf17e1a6358e957,85381,BA City,BA
81df60c48ec046189e019ba9aae6a77d,18783ea9b0054f688adc9d8863562d8e,86786,Porto Alegre,RS
9283e9c92a3942ff9c41c842457df5fc,ce14dffb201743328ce0ca8ebb0bffd0,13800,Sao Paulo,SP
965239c679af458e8a3a2859b7a2525c,c7b8d6f63a8240ca92e1ff625d6a8bed,14840,Sao Paulo,SP
3bd2ff7baef84f9b800fe1e98d2471a3,8e8fb3d1f15f426183c64850aef97009,24701,Sao Paulo,SP
8438c33a7d7d40b4bdef062185e71d15,2263a6019a244ee78addf46b962318b1,16320,Sao Paulo,SP
f7778eed55a24f3a8b579a28e2ebeda0,205dd0d3380046948d217648b625e1ab,79765,Belo Horizonte,MG
a67b19eeb396448ea13ee80dccd92b37,f90ca01ce3cb44e0b276667d37166411,88063,Belo Horizonte,MG
980fca094ac24f3b80f38ad6fa2744fd,49032087befd42019617806ad55e0b42,82627,DF City,DF
060bcdd150b74f149c9a9a8cfe11b22d,e6aed86564204e39ae713d5b52758b2b,54601,DF City,DF
0a86da38fa534d98a0980b0a01249c0c,dcc03afd38764e6584a32d02a87d8c2d,72874,Belo Horizonte,MG
9527949071324d07ac4e123079baae0f,73546670fdc941ffb116cc4293ef3506,39868,Sao Paulo,SP
a66ce426473341b69e76d46504092d8c,055a589898e141589f211c7bffde16f7,85686,Sao Paulo,SP
ea829455e606453d8990196fa02e091f,d20c34c83108494b85b5886b08dd6b72,12223,Rio de Janeiro,RJ
72102c7070444103b546cc0683a4fc5b,295a9b6376964ed6891f6c526844fc80,79637,Rio de Janeiro,RJ
73b90212d9a3449cb87695b0fae14e35,89182f58713e40a68a07ef46c51e3b28,40664,Belo Horizonte,MG
5035810f76cf427e9d46ea106b9f4430,e55bc1919d7249ca87f2a291e0256615,99621,DF City,DF
b7ae367719044e69983baeee959fff36,a663d7cf57bf484d9bff54aaef840e72,54614,BA City,BA
d71fa26fced648da87d6b944b407118a,0e98e9ece8d74c7b9aa37698c2e68d13,31459,Sao Paulo,SP
ae881fb114f24129adcf4a1c672ffee1,bc33344aa9654f4f8a01cf535032d7f0,22478,Sao Paulo,SP
e01ea7456fc847b99a0aaacb12a2e7b2,0725f14bbecc40248212d7bb5d64d24d,21139,SC City,SC
a1f10fe5df684b67ac8f522b21cd7045,425ce6434eb94fe88c395a20f707faf2,80818,SC City,SC
b816370cbf0d483b8f21512a43fc6ec4,7feaa41a1f0b4eb39d0cde46b2e311b0,87915,Sao Paulo,SP
f12fd1741e064103be0cc97dbce3398e,3633d9fec13349a38281ba4f530d8f3d,63686,Porto Alegre,RS
a489839560b7489e835854d6e7388039,05ec23f4c44b4d1cbfd81ae1e524dde0,96975,Belo Horizonte,MG
990b0e83e4e64eb7b0d195e4821c237b,cf32b3471f7b4b15b49dbf787a749614,78428,Rio de Janeiro,RJ
5034853c145e4b5da88102704e555b8b,45294339f2014087ad27110b51749030,48077,Sao Paulo,SP
41738a94e984423b9f9a5ddbdca8eb9e,9e9eee8003934e738995750a3602e31a,47681,BA City,BA
7b5084164ff84ff984a4cc2599dd3179,ce40ce29a68a47bc971feb952cf37a32,32308,Belo Horizonte,MG
aa757570ecc14fa583440721db98e969,a1110e7b0e3e41f1b7b9f2b12ebd56e2,95269,Sao Paulo,SP
fc51d6a8867742a18eb650c09b1edb8a,65c5e1f680874c109802ee4c7bf04cb7,48641,Porto Alegre,RS
e90056610dd8451b93a02f9f76cd483a,83cb98d304f84196a5be4bb833ac1c82,61100,Porto Alegre,RS
607c98d1981441a6b43d8dbfd6ae9c71,a21adbab6c8c402dada9146d7c8da2eb,46298,BA City,BA
7c100eaef3ff4ceeb0f4b634529cdd72,a1eb43cc67de476283ccf0101b451a3b,77449,Sao Paulo,SP
d9ef5320eec84e2182ed0bc15a2bc807,ae306db04a744b859c404da1402ba850,77725,CE City,CE
27d5ab156ec5452fbc4b83e40e074566,47dadfda04c84915a5c9128c4f05f98c,48999,Sao Paulo,SP
8aeea9c3fc9b4a9dbd00c404306a68ae,5f5bb21f034148a9930d0634ff2129be,91166,Belo Horizonte,MG
388d098ba4e645b9ba09dfe450c55a52,08971ff4ecab40feb301ee96f5339521,97817,Belo Horizonte,MG
9c5baa0d41fe44cba881e00eb9f6b286,e9120f4ba81d4f859e95fdc021e8f2dd,90618,Sao Paulo,SP
70630e5821644febb0a1f3d885319bf5,dd7951b007454ece9e369d423369fdbe,70007,Rio de Janeiro,RJ
c400f7fdc9184b9d935c974250a6bdf8,7302ef126402406da297fee38f797d58,86393,BA City,BA
d9bf86d245ec4845a3e692c32baa260b,6535df681e8f4b9eaaed94bab039549e,58589,Belo Horizonte,MG
da78a668dacd41c8b42dcbd10928a4e3,fd1d75e3090148abb927fd0b32192601,67414,Rio de Janeiro,RJ
69ed8e70da3a4ff4bc48343e7a6284c7,b114b638dc0c40b4a9e467438d3388c2,32373,Sao Paulo,SP
7e5755df1c5646e682925c154b3537f1,16ad0f9b149048068508368d4071dac6,83536,Sao Paulo,SP
12124f510606482f92cf5f53d81d7ebe,c660c40d3f97465090addc4b82fb17e5,58619,Sao Paulo,SP
69e561b75a394a61839843b9a4faf977,5177a39038bb432fa141136ad3b53ef7,74261,DF City,DF
d7ff464234fc41a6bfad973496df04ff,a9fed2dd6a45468e96818b5e2c67f1b1,53069,Curitiba,PR
45ea5531af9a4baca07b25503ebf38d1,e989d4e59e9345ec9fe0f2d73814b7a6,93245,DF City,DF
8ea19ed75e534469a1745ce6ab9e808f,5d738ce2bf7b49b5af284654d8aa4eb6,84844,Sao Paulo,SP
8899f28e63e142a2a7d1ada818f5c167,7b705d9b5af24643bf1113ec7bef3ad1,55682,Porto Alegre,RS
045f432100e84a2a8bb0cbc12c23e682,34ade731a4ba4ad4bbf7ce30ff4a935e,78144,Sao Paulo,SP
d3b86f17742a40098a58121724bc3e79,8cc3fdb5b3bf47b6afec45e0b41ebf1e,26569,Curitiba,PR
962f2872cf5a4681a577b1a594aacb23,4df2d8d8518847ef8d0a44a91100b6d9,77936,Sao Paulo,SP
1a055b90c52241eb8280f23c5d49a2d3,2e0f755db091453c9c38bcba1c0c6b60,24570,Sao Paulo,SP
675ec2bd9d24497d82291ede2c14c967,c98444f86b7544fd9166b0c484f7dfe9,87638,Belo Horizonte,MG
553f1ece47924fdcb28a2a39f945bf7f,9de99fc6fc1743d2aaed7437a6d19d12,16729,Sao Paulo,SP
b89859f417d74f81b97b72b3b9d1627c,4985159c040942d8b481e7b268b81611,33481,Belo Horizonte,MG
0671aae1592c49a8a6a56cf02adf4602,eca9fbe3d7954b689f390d434cea6fbf,28803,Belo Horizonte,MG
0181bbca333b4ddd9ff447be01923fbc,c992d817a8c441e5aaa90a9554934931,19366,Porto Alegre,RS
1fd3879df882462cbe796d68c936b808,86f76154195a42388022cd3391333f4e,67816,CE City,CE
b4cd49514a5647899d263bfca1430a16,ce4420b249c54af5be70db0f11f6a2cc,86520,Sao Paulo,SP
8ac8cfeb696648aaabb52b46fc2ce72c,75f3983cd8f3490784f620d3b239388a,70654,Rio de Janeiro,RJ
36761b01cae749ba839ddfcb908c3d4a,298cb87412de4016890777ca29f15036,80623,Curitiba,PR
ea3e2cd0ec7642d29e3cde663c4f65fa,2f886b5da6164e819606fd4d20ecd077,89849,Belo Horizonte,MG
788dd1bd915244d5b672cf596d4a001e,7325843399f544269b8675f69936b967,96551,Sao Paulo,SP
705d63eead4f4462a462836b92149780,99c5a3de0e624de1ab31e9813ea1f19b,96844,SC City,SC
340a9a1ca78e4d9394f77ae22cb3b60d,c1368db34d8340cca72af6af0b0e465e,92732,Sao Paulo,SP
ae41dbb888984516a48472865c2970b0,85a0958a1cd34e5ab579d0cf9ca2216c,19696,Sao Paulo,SP
a6994fb8de6b45509f2fd355428ad760,060fa54a3c114ca2bddff5a666d3e41d,28043,Sao Paulo,SP
08a5e4d884e74878a11f92945390c4ba,551023d17d294aeea661c3b75d79178f,49221,Sao Paulo,SP
9a9c58b4fed649349eac188451386efc,77709f94f96a44a78beda67bb1749a3a,79313,Sao Paulo,SP
84c67399793a45839526442d90a17b3d,00bf995700134bf1b21c73c4e6e302b6,80837,Sao Paulo,SP
633d88594615413da3bd0d232ee0b3f5,bf0d002a98364032813edadb96ab1fbd,34580,Rio de Janeiro,RJ
9ca745db00b44b979f87ce1edc7ffc6d,ec17284dab4e4554bc9883f0cf22803c,93794,Sao Paulo,SP
0fc7b089d7c14882aafc05c071549cc2,d3e4a76aa5704e729e9c39b34be88373,89748,Sao Paulo,SP
876d0875ec09439e98fff27367c28831,9db1a5181cca4033acd6b0991a2e99e9,69225,Belo Horizonte,MG
b4d91130956c4f5f9fb9a402106473f7,aeaf463de3894e6997f18e5bf6909f94,20741,Sao Paulo,SP
c3c8fe7cd0be481c9812066c522a89f9,4e175f2d44634371a81512522d7142f5,70571,Sao Paulo,SP
9ccd303f84bf4048b6451edc7d83241d,84b482629bdd4063b02eb18de537d60e,11885,Sao Paulo,SP
3460a8a9a16b4f17959eacc546c6e457,05a1470b8e54483b821dfa0451173cf6,53013,Sao Paulo,SP
a40d84d214c7426681f409e3ca9c9d89,e5e75257f7e045109a250c1048c561f0,86100,Sao Paulo,SP
3529add6b1fb44878b6f3be4d0997c89,708372580fe747cdbc950f3c3b835628,79352,Rio de Janeiro,RJ
5bb6e04413ee47f38835fc3bfe1d6212,e71f2a6b0dd343498995cb8fa5d61a24,49223,Belo Horizonte,MG
a2b0a4ae12de49f09d38d415e0381cd7,ac612c163cc0498099a140169cf3d455,44431,Belo Horizonte,MG
9442f63fe880431aa78c72281b78b539,ee7c9995817e4c83aba7c08c73b30bc8,53087,PE City,PE
774f1bd250cd4dffbe28aa2ca995737f,65d2ea33444b446ea6d4bb9b25a201cb,22960,Rio de Janeiro,RJ
697b99905b184c3785b3ddbadb989830,354dd56fd78b4d829965a447d4f9f40d,44848,Rio de Janeiro,RJ
fdcfb406912f4656a27df0a5d5aa30ed,833467ee160b43d1b37e63f4ace1cc39,37015,Sao Paulo,SP
18994e4216a54ff9ac6e65fd35f7e297,1607ecb79e0b4684b5a96f8c64c74165,65765,Curitiba,PR
86080be6137d4ec99f9f8353ddf4fa3b,5eb9203dcf4d449db7c0a7989ee39b3c,75056,Sao Paulo,SP
586c0535749147b2bc83810a8245e6d8,98f440b1f9224eb09492204e7c6e17a3,30955,Rio de Janeiro,RJ
74c5cdc90731406a9b4f4ba7ed888d53,8ed47a5bc9444495b9b5b45239fdcde3,78560,Rio de Janeiro,RJ
acf799597fad41e1843dbae8bbb1c479,26b80cc828754b88a4235c22815fd96b,61277,Belo Horizonte,MG
99194ad89fc844dcb0cf79c1a740779e,65092d0942f545038e3b8ccd6ac9a3c9,78599,PE City,PE
17158296b9aa4a0f8dfc8c5102a8d218,abae154bfdbf43d4ab1a85633999b592,23737,DF City,DF
f52edc2a5c5942929ec03a3301061578,930828f321e147d9833cb9ec1a7e54dc,20878,Sao Paulo,SP
73ce415e8b9045ba82809b74771aff00,44adddd1962d471f83a54acad5054caa,33884,Sao Paulo,SP
0c2dcb5c306a4be0ad8908a4fe7aed93,3c363bdfd00a48549ce64d617d738907,38526,SC City,SC
3a4512ff3bfa4d6a9ec081cf7d1f7cd5,e083ae459d9a453bbf86076eaea34147,93649,Rio de Janeiro,RJ
1175144294914d7f962dfc0fb989564e,2b85b376f42f4c318a8425984bd027a4,13890,Rio de Janeiro,RJ
44721de6e4e347a78867efcfd0a055ee,625758a19bd54608ae43558384be4e36,37514,Porto Alegre,RS
a1e8fb3da2024f5bb5071cb8abecd613,fa67d74dae9e46d096ced99ff4afda13,79227,Belo Horizonte,MG
f0df83cd662543c28da9b95019c7bbc2,f282cdfdda624bb0ab677230dccb9212,75900,CE City,CE
cfe802ac31594460925142f9f10b1f62,4fe3b4afa9b748a5a96a713bc7f06935,54789,Belo Horizonte,MG
c5bc5950f40b48b096ef41e51e3a2091,56ef993aafa241da86e55e16256fbf46,66939,Rio de Janeiro,RJ
beb6482f396e4c259969631a5784fc55,f16d6ce87e19413ead1cd6560ecfdadf,80303,Rio de Janeiro,RJ
4743cd1dc6494d83831ef46ab89ec83a,86f00082ddc54e489e580c124c8129c0,24952,Curitiba,PR
5143b264dd2845de9453db288a5c0271,9e6ecea2ed14497ea1a35732638718cd,20736,Belo Horizonte,MG
1574bdb8f65145d9884fef564dc13430,49dc128e3cd64fc2974b6394d61f737f,85775,Belo Horizonte,MG
8056ed573eeb423984b43b179cc60faa,b38136829911483fb5d32aa9ada6ee0d,42212,CE City,CE
4f3393aa95434fefafa892b3aeea954b,0db917fe945744879ed569b2c7be5823,89921,Belo Horizonte,MG
a493fa3b11814dea914bc87082fe05d8,0bcc2d303d40403f8303917045c51a28,74446,Sao Paulo,SP
827e50886fa04625b4476b0bdcbcd976,a52681ba3ee94678965d0688e8cbf436,80617,Porto Alegre,RS
8b33346a008546e3a43c424f90865d83,3687afc9c4b246fbbab85ad8864e6dfb,20457,Belo Horizonte,MG
a2fb2df2bcf74056a304a3dfc55b1921,3d2e8c79d1824d4b8a1b6c2d8e0d2991,46058,Sao Paulo,SP
f07a61db27574650954fe64f81b2d78f,8311cb7473a8470393851e8cd3ab1ee9,54113,Rio de Janeiro,RJ
768beae757be4d029e6f0add892d1e11,3b39bfa36bbe4b0083eb8950daa59be3,85554,Porto Alegre,RS
246cfc20a14544cca07b4dcc8558a0a9,1b898518335c449b9b024aca4c5beaa2,11488,Rio de Janeiro,RJ
0d054d7c4aca4692b35f79dfcf475329,3714d0c6d8f34a4381f252ae84880f11,12970,Curitiba,PR
48fbe0f471c843e4afa00e28f1469c0c,80ec434c56674be890c033c05607d941,90897,Rio de Janeiro,RJ
e4020d7a589749228f8b8f2745af9bce,0c30af220490466eb055ec0c0a0682b2,96073,CE City,CE
250c9d6cc65e4151b0a30b6d8ebb91db,459fe95767ef40c28b474049dbfaa002,85085,Sao Paulo,SP
a29b50a511dc4155973e31d9217c9083,442d138b085c47bc9b89a05cd75bf032,92611,Sao Paulo,SP
276b66ada2d14a038ccd9f7a6f741de0,08b10e7212a74858a8837c025044d274,31879,Rio de Janeiro,RJ
24701690cfd44e51a434c35db8ea0dfc,17cb98ca5fec4ed1aa2352265c36eb7a,23810,Rio de Janeiro,RJ
7c989c691cd54d488bb2d430f2c03c9c,074f796cc36c403ab7285555300a82b8,68365,Sao Paulo,SP
743872c926c44d00b560fade7551af74,74d31af7cb8b4fc38f0c39b4c52ce563,71343,Sao Paulo,SP
65c0cc9dd4b34f3aa27d08389b686cca,2731da04353d4e46a650d29039273355,85640,Belo Horizonte,MG
a908bda7f651438eba16e7dda3f9d7b2,23d3cbb128524a2b99eefa9d36a6a5db,16159,Sao Paulo,SP
ac95dc2471bc4113be625faa349b455c,2683c85e10bd4b9cb01de6e1097dce4e,58549,Belo Horizonte,MG
f00ecb4fa04e47079ceaa3cc2e3445f5,189930887fda4512b082e6695eb6aa4f,51369,Curitiba,PR
7c11cea294c7437c9dc595bc8b7d2c8b,f7beab76f907456ba11cc59f3b1988e3,29373,Curitiba,PR
0cd17b74bfdc4bd49585ea04798bbb7e,273d1e01f6f64d6190021ef578197377,83436,Sao Paulo,SP
cb7eceb4e05640c29c075f01f4f2d10f,bc680acc00734c49afb880c544a32912,65735,Belo Horizonte,MG
7cb245394ad244b28a20efd5cd91d36d,2d25b3c280e44059ab4c8c7d10b02288,65438,Rio de Janeiro,RJ
94a9f77110e34fba8968ea0d08083bf3,3c0cba59154b4861b6e7ad998180b99a,86703,BA City,BA
f15bc06c22cb4253a6d003362f1d3861,9f322bab3bfc484e855c72cf1b189c4e,37227,BA City,BA
5eb7de06644244d2957b3b2acdd149f7,49c6aa3abd5240c1aab604b065921c4b,38968,Sao Paulo,SP
3be64bd968654cb38cb0d1c83d0c89a9,de821c5e89544c17885220d435b15826,58977,Sao Paulo,SP
aee38396d76246e4af8bef7659674aae,065cf01d7f60427bb07b7fe0a9bb1126,21721,Sao Paulo,SP
00491bf103b344978b50a3474cb1f251,51987f9cd51447398d374214d45fefd9,92313,Sao Paulo,SP
4617b47fd1b24cb19b98df2dfa908291,744e52b6e8564b588a38abd3abe1d284,96113,Belo Horizonte,MG
f031fec84617474abda7c678ba33eeae,a2173e974917486fb67d4e138795cdd7,51036,Belo Horizonte,MG
e7baa61024434c37a04e8a380830914d,9754599dc9d0419faa51bcde0ba6d3e4,76137,Sao Paulo,SP
e6ffd721d23048e7848041ca5a27ca9d,3dda32d1cef5465e8f4c4809bd71fbcb,80577,Belo Horizonte,MG
c09632adb4544777ab28e2b6655d0975,0ebf81388d214c0793aca670afeb6040,12708,PE City,PE
23ac89ec791b4a49b9e78d5684067fd0,7b3e8694b0f24223828ef3911c2e05a7,70906,Belo Horizonte,MG
20a5edc6e6824927b0dfa0e612874f5a,21a09261e37d48ea8ea0a443402d38b4,11558,Sao Paulo,SP
f4f8c945f276427c9419d21cb5e56127,bef78024c1874b8da4e0faaeed8a9e66,97678,Belo Horizonte,MG
4a5d9d8cd53b4c3fbecad6f5a38af74f,8826f83dd8d642f99292f63d89708e85,51735,Rio de Janeiro,RJ
dfc10254a80e407ba6454f39f7c5d82f,67cd87ca933640c8ab7f8e8ee0838a15,35579,BA City,BA
c623dc211f9b4333bfd4eb5924b69d99,5c5dc78e56b244d4aa4005c561a4af8d,26585,Sao Paulo,SP
9316e60d13684cde898992e4aef50e4b,dff5e6a1552946c5a4837511ea96693b,98255,Rio de Janeiro,RJ
16a4f0261ad5427a9364c756897f0c99,6684bbb52db944fbbab855315ec60821,61716,Belo Horizonte,MG
c7b03320cadb4bdfad6c15d374a4a2f1,706ed00ce34e490a9f6a3c0caea591df,12618,Rio de Janeiro,RJ
33d96b9178a84a04b18e48d90067382c,c917792b1ae14adfbb67dd264ecb0d2c,25930,Porto Alegre,RS
1913a17402b547d8a3cd1b5f20de274b,6674342560ac4b45811de833d60dd1e9,25972,Sao Paulo,SP
409f881453684a568cbba288c5ce78e6,e19f6d32a3a6451393377efcddb6046a,85454,Belo Horizonte,MG
f477f76408c54c81988a364f91330f1c,19d35a0e290640638201e0cb7aca84e1,41605,Sao Paulo,SP
964e1d17195646ff9ed1760feca6f360,37b460617bad4ab7879a1c8c0ac9c17e,86610,Sao Paulo,SP
46d27b056f9845c192ea71fdc45f57c0,bd3e7646b81745adbb74468dc6d1167f,20462,Belo Horizonte,MG
c3755a3f8adc42f7a38d3fc3a9584e84,eb69c6954db74223a8c9061e1e1a56e4,11367,Sao Paulo,SP
85b65d03d5904c39a0904c1f73313da1,ffdc2d55085d4d45b99a14141cf7b6ac,42587,Sao Paulo,SP
f7892982d2c54d5d871a9ad6dc646361,46ef29dbc0044d51b0c0fc7dd755f6e1,79813,Porto Alegre,RS
c97dcd20625342a8a5570f46a5e504aa,3ae0a6e9e7ed42bb9df6f8772b2f692e,26469,Belo Horizonte,MG
f9f670ec78e74d069f1014687cef2302,951afa14ddd14535882659073b89b425,85170,Sao Paulo,SP
feab557ff1ba4b6f91eb9974fccb7dca,aa3da3d78e1f43ec9c6d77d4996664a5,72168,Belo Horizonte,MG
148cb51bee954fe5b8bf9a9ac1f57476,90b0f9b9275b4cc09e294f1e6e98a4c6,50288,Sao Paulo,SP
3801cbad04f54b7fb5195d7ee56de2e0,4deacfff59e943b798e5604f12ad700b,27616,Sao Paulo,SP
45421e697c0c4f3e8bb69abaf714b5e3,ef20798f96e7473cbe807da7e5c400fd,94714,Rio de Janeiro,RJ
61ed54360c104fefb2b6ecb6b0d58d2f,39d20767312e42eab34a8197d7bc1592,51307,Sao Paulo,SP
60f85840afc4473b9e56f72e335a16b7,16ca755ceed84474b9d446555cb72369,55817,CE City,CE
635b150fbcb243b7ab8ba1b11943de43,4a5eea4213574fd18421c8857328f4e7,25894,Sao Paulo,SP
315a1a968abb4fb5a8003d8896d0d076,70ac6576a591414fae9de16a846bd80e,41896,Curitiba,PR
15f89edd98a642519c557b9d4ce0139b,596c7be1cc8a438e9b2f214f210de284,65914,SC City,SC
f7584a5089e94c6282bda8c0ebecd32c,066ca918bee54c728199c08c755c7eb4,15539,CE City,CE
f3375a5a4e9e48f7a4c0110ec9931ada,eeccdf302521447d892d7c40f81e329d,85231,Rio de Janeiro,RJ
873ab4ef86f048eaa63c01de8f50bfbb,0fc975dd1f0842be88cd86ce11ca63f3,17742,BA City,BA
18b969fb1ba34d9c9c536d1bce65eedc,9ea20a314b13475c8b23c4387ddd0d78,79614,DF City,DF
b81244f702c94e00a254258b0925e5d7,1e00cf1b51e049ee89aef43452566dff,53003,Sao Paulo,SP
13a479992e6e463f82a7df46c240b4f7,6a530e46365e4cb889dd5cc63939064c,80125,Rio de Janeiro,RJ
d36033bcb60141908f938e93a821f037,b8e045320efa4dcabecac180ff649175,23246,Sao Paulo,SP
2b016696ae4045bb8cd01cc09abce3c2,0e88ffc1fbec4d2e91d3258458109d1a,75835,Belo Horizonte,MG
d4a9d65ee5bb4aef8f74987665d74649,7bb3a4cf2cdd4cf1a22368edd85f170e,26124,Belo Horizonte,MG
60000b2c1c094c498545fcb1317e7a6f,92afe8e6593a41659eef3c30416114c6,15598,Sao Paulo,SP
1e7ce15f4d864935b90eaf54dee8903c,0b48374ce7a8403ebb00263b3cdaa8e5,47146,Curitiba,PR
38b7a5b0df094206b5dab36609941384,3ce2b9e21ca04a2dbe554192d6790561,52957,Sao Paulo,SP
613c67a77b0c428d8e8d5a3365d43ddd,dad3eac30b8149218b9a4ed7882b8818,17994,Curitiba,PR
f1550c435da641c8aa9a5bf38746fcee,8f6828ff0df149c38d86c7bb08a04d9e,27777,Sao Paulo,SP
f540a07261fe4492a428646fed839ea5,bc9b1f31db49415bb11650965fd5816e,49234,Belo Horizonte,MG
b10e2f53a0154d32a7640cfba9dd10ab,1c4ac9f8c02a4cd4ba04b7a19eb3ee6d,37810,Sao Paulo,SP
4d2b94017f3b4124838abdc6c1c0a341,a96d9516895b4ac29be182f1d0d65257,70429,Sao Paulo,SP
3ad1c80192d442999d31839b0227e3b3,7c53686102cb4ec5abbc8f5898840990,37077,Porto Alegre,RS
ba65447f4bbe42a5bce108cc4c793bef,6b62be0f829141c682ec0bc6185b4033,62489,Sao Paulo,SP
4155bee36666440380821617f47b3c0a,586f193c8eb149f981aff7a21977ce31,19132,Rio de Janeiro,RJ
5f60f86174af429e9d2938b12559ff26,0096d46f324a446c986e9dfecb2e66b4,54990,PE City,PE
a4f2fa6928af42c6bd40edce22d93b3d,e2860ecda49d4d09a6bf83c924ead4f3,79590,Sao Paulo,SP
74dfd3062d7f4917842b2e06f902493b,0428c6e6b5c7488fb8945c3a5b6d0815,75036,SC City,SC
4179d706e86f4f9fb4b420f14368e1d5,15525e366d9640eeb61b014d58badd62,36953,Sao Paulo,SP
96f18e70922d459dadbd9e809b794fbc,0ab84700dd644c4c8ea0857197942308,59691,Sao Paulo,SP
7f1840a7b2c24b21aba71c5d7b604b33,37fc8d5eca9e4182af7ae5e2f17b5007,62698,Sao Paulo,SP
e7ab00e59aa6450d994b6aeabf0e9bc4,64f528a20e8c4212b94a3fe2b0c106cd,28331,CE City,CE
14decdd1c54849f08c33e8def1795fbf,c651f62921b74b4e841826856b82e85b,67654,Sao Paulo,SP
ae6b15d89aff413e938ea3528071d5f7,87b812a74dd74f829167c4bbd603a251,20337,BA City,BA
c3f95209b57d4d208ed0484979e43ec7,a993750d53294d968f5ee604c45faf14,38446,CE City,CE
7e46b9fe719548b3b503e4ca7cde0a1b,957747f7c0ff4ba289d175c7e84146a6,55702,Sao Paulo,SP
61e5afcf3de24d908b8fd78a95d0870d,9016e40e9d0842bbb9af2d39f7c6e295,76801,Belo Horizonte,MG
f5fc3acf42ad4f51b7bdddf5ea4b604e,fb0fe9dadc2f4f42b803ca2d1cb839ef,88588,Curitiba,PR
65bebf93752449079e3b6c4a7e1e0e47,665cbbef45f34ab6b8b0f807033c4deb,62552,Sao Paulo,SP
dbd9a8861cc946049b5abcd720a8067c,94eea1b3f5a14ae9b4e5796dad6c72de,84494,Sao Paulo,SP
c749409f308d434aa53e55913b6e0364,2d8bec7a73c04ffa88de49bcf1252366,42157,Rio de Janeiro,RJ
a4d0fd549f454bf19d2261b23b4c5be5,257ac672d27a4acebfe017211785ffc1,37392,Curitiba,PR
f4b6c8cada1746588e3793659c1dad1f,1116b38d0a81450c8a0c575c5397d6ee,56298,Curitiba,PR
8435c7e2c6c24c1ba082dc27f55b4c44,5bcaf7e518544c97a4b31ebdedbbee5b,41718,Sao Paulo,SP
6873cb52a28b4eaea78f81b58dcd156f,8b6ea1a800a5484aadf2ba81b1b100ab,91091,Sao Paulo,SP
06d0917da3ec49d2b377dfb1a181d8ec,de9126990baa4c1bb6cbe52e8b674c7e,17910,PE City,PE
af79be8586b745348b2d8c171634aebc,c3e04ddcf72a4999ad5d7b67493bb00b,10932,Sao Paulo,SP
91b4b8956ac54df09441ad435e0880fc,c09d8c4fd49d42fd897c9b4e30628147,92133,Porto Alegre,RS
bd94867fbd4946f1af723e8e6ef15447,e6db9801c20d45c4aaf48090f73b7194,53760,Sao Paulo,SP
62b41564f10f49f0b2cccf5bf6d2047e,b4de9377b7684cf484a18fb5226fe135,81375,SC City,SC
0516e3c292764ae5a5b6406967a94d37,ca8ca534c3034bc094a21e8c3e67bf78,52173,PE City,PE
b0470fcc267c4370a328efb39167be59,b7f10f18bf174112af869e2f63b58a71,66387,Sao Paulo,SP
ad35907d160345f3954d592024ae8546,6da0143abf124be9848ecd1127aadee3,21842,Sao Paulo,SP
2649f89f21444be9954f0fd4949177ff,4f186389c7384779ad95dd1bea48227c,58066,Rio de Janeiro,RJ
c263ba3367394aa19e30ae5858788061,db7cf115512a414c85c76ccbfc68191f,92951,Sao Paulo,SP
1d6cb6289a694259b167a443f046f7fc,65822f344c6840c1a90c244aacad8697,48259,Sao Paulo,SP
2de035b668e84916be41e337d3e4c85e,d56c4068eb4042798301995c607a1b0f,69029,Belo Horizonte,MG
2e04b1363e2543d4ba425c8a134f6483,616ddfccc1fe42388f960bce2b472b92,97249,Sao Paulo,SP
9c1868ab7dad428ba1c87597af897d13,0edd175f71dd4acd8d23230cef8d9b1a,42284,Sao Paulo,SP
f1a6a3b8fe244dcb96b2d20f9b47ec79,9389c1d199d64ccd8df9c36f2eaab147,21265,Curitiba,PR
4aefc5999bec48e89c1c501a6eedf079,12b61c30cd914c9681bbdcf71d00137d,95283,Belo Horizonte,MG
4c43ecd090e94cec9fc1a48d587be307,1421f1c9a44c4924870c6305482bfe87,53818,Sao Paulo,SP
32c24ae18657482d9449df8e9785da8e,df93767434ba4bc1af3be7d2d7d6bc36,60572,Belo Horizonte,MG
8bc948de53564556a00a55ef04f6faa8,d5afa4901624401488577ddbcfdf179f,59227,Curitiba,PR
71fde444bb0449018e9a554184ae43ab,33b507fd406b4f2ca0d96808a9beb52f,41379,Belo Horizonte,MG
22f698a22a87479bb2a7c1c262eb16f5,a2ca989b38174626807dd2cd6a3b9212,86648,Sao Paulo,SP
3ff4d1333eb14b7cbd7cb765090b7921,39ebe654bb5c4bf8ae39b40bad755317,73877,Sao Paulo,SP
3a81826417b54fff9512cd26f8ec82c7,984697d8da714ea5bcd937fad88d437a,84461,Curitiba,PR
08aa84921de94b4b8f000645579f0fec,82677793bb2a45628b5f3a3af0fd724f,34371,SC City,SC
8e6f4b0ecff74476891da29e2a17dd6e,327333a6d5fe4533a417b9133cfd0878,56801,Porto Alegre,RS
b7d545709e5c4ce3a3632e55eb563bf8,d47cb39cca1a45f9b23ae9d320179469,55444,Sao Paulo,SP
5f5bfbb005bd4e9ca6d20ab59fe0b194,c62e3739b8d54838a509655fc700541d,25163,Belo Horizonte,MG
c8e6edaf6f19452ebcda8495e543a911,dadca5055b7a40e78be9edf40df05dfe,23272,SC City,SC
50c5efaa96224ecdac72571e472cfd30,5ecf360de4764217b4f3a7d4006119d6,59785,Sao Paulo,SP
65fcfa27e9b941bcaf5b95a26bbdadd3,b647c2306437401da0e572845b1c0361,48034,Sao Paulo,SP
47da4bcab37644109147392daff5f2a5,209e84e4fd33403e911d95a7edeb94cd,42256,Belo Horizonte,MG
ac160058faa5479394cf019232c588fd,2b9a67b394b24cba801348ecb92ab514,61496,SC City,SC
3d54e5775c81428aab640fe4746f8d39,2dcb866a843b4b869205dab711a5984e,98977,Sao Paulo,SP
3fd4b233d4774d948ecc5125fcb07f5c,c3bf95584f574eafb33f4c1335ad6afd,90405,Belo Horizonte,MG
65a316d9b1094fb78739c15aecf6c3ca,9683230d30a842ca9e78403a48fbc7bc,15582,Belo Horizonte,MG
a5b28e32b50b494f96ae46be5da30fc1,7320c91efc634c409b5d941f27b4d16f,96510,Belo Horizonte,MG
f61cf2cb5fb049de9c515cbe65b32413,dea7ad6922b042e5980950e3672acc2f,27566,Belo Horizonte,MG
539155cdba2447909e8da456118589c7,905c52d4b25b42c4b8163e8d6df99ed0,76592,Belo Horizonte,MG
cfe270256d3a437dacefaec714e09a94,85e3b17d82164fb6bf95992b7ee64833,41455,Sao Paulo,SP
e381d8fe1f7149288cb43d6d15bffd6f,9508066fbc0140d99c4f05760d90c577,71805,Sao Paulo,SP
0b2a4749f852424fb7300e5952f129c7,8437b9f03d0b4491a0b078fad01ef9c5,73721,Belo Horizonte,MG
a521828e70b94761b21209489c6a8d6f,ac2c82e5a6b04facb8fa24de3f8bd561,33817,Sao Paulo,SP
0481e7da306245079b545d0d7e34504f,670aabf8c7224f91a20fd33477b6147d,69891,Belo Horizonte,MG
91f038d1d1624090b38b4e011d5af2bb,8636269693ef4b7490d6a722eec0f7a9,13692,Belo Horizonte,MG
a8a7faf2d38d4bea97ebe781c69e6aff,b36f2f384f8b4997ba954fd17454c1a9,30762,Sao Paulo,SP
3431c304928b4ca790d06366e528ebd4,aaf4f2d674434c89ad9af47fc78d1b06,81395,Belo Horizonte,MG
4290eddff95a4887be2c4a0c87aefead,a999b103c0e84197a8ed4bb91eab84f0,87922,Rio de Janeiro,RJ
d4da6e08040943cb82d655e40b5bf61a,9dfbc140c5f5476681273e416272ad62,65289,Sao Paulo,SP
96b402e8ba864a2494de5d3e75d08763,2427a62d243b4f4089aabaa9a975fb86,95217,Rio de Janeiro,RJ
c449dea0cd04493b9e3dfe9c7f8f018f,c473c4d3619a4edcb6a2d8f02e9a5f24,59572,PE City,PE
3966f7002e7a48dba550f4294627d3f4,868db5afde204abcb6d7d959be94df69,63721,Rio de Janeiro,RJ
6ad25adf902a4ddb828b8ca205193ca1,08d84efa93cd4670b36916046d81437f,10614,Belo Horizonte,MG
02179552f2174577b2ecdb2e8634f9e3,3d63d960cb9e4d41b32ba00329a27a71,54972,Sao Paulo,SP
b1056dcca758455e845eb469924e3fe7,cb207613689a42b5bbff6688218c56f7,42685,Sao Paulo,SP
d65ecf7fca144f57af69c2a1c0e6f1e1,cf48d212a7724d85a77f73f5e7567384,48664,Sao Paulo,SP
931b697d4bfc4732b764bf3d14c85d61,4f2de85aec104b3382056fef39ad51e6,33211,Curitiba,PR
c7aef61366e74a578908a17696d6b27a,ee677c5ca16f411bae6bc72b6c7b81a8,78319,Sao Paulo,SP
94a7552020204674aa3cbf0c3d9e3110,21a93ce43f2c46b3bda0ebd6286bd7c2,20775,Sao Paulo,SP
21838af8809c4519a6f3107f962e4936,e770edd473d14140bb3c4bc8c97fe400,59507,Porto Alegre,RS
34b545ba76754d75ac5dd4e90a847995,db288715af74441eb96eb519c1c0bbc7,43408,Sao Paulo,SP
0b2c6a507cf54d068842aa89354a9340,9d81033c80e946a8bcc4d430d47b01dd,43610,Sao Paulo,SP
673dd8e4dee34d4eb51a6ec79b6c1e87,9f5a0621bcfb40f1af8c8b9869ffc5dc,19003,Rio de Janeiro,RJ
107da5bdb3e64101a4f1eebab1274e1f,e021b06c5a98481b915193439a88fd90,99516,Sao Paulo,SP
121e462982f647e0b0c055b33e2dcf8a,f2723a9ef0014f89ab7f29bad89f4591,64029,Belo Horizonte,MG
22d11973669d491e82574c1dba397570,946a84d9b79545208ed3415d917987e1,20032,Sao Paulo,SP
36acaa414a4947af8512b2c308d4a212,0753139e8b6444bb92ef83465ab9e464,14582,Sao Paulo,SP
9fb21e810be144b5a4b402d48aa516d1,1148d47f7db7497cbd0b83e672663a5f,23741,BA City,BA
26c657ff92514ad88f0f859d48285e4f,183147e90f4b4466b14e19bd059a0e0e,91717,BA City,BA
594a7c624b0e41e783603760b8d4b408,1e5003ae212949149982310ce710485b,70532,SC City,SC
5adedefc40f448b582be26425a373248,090c5fd85d3c464b9daf28fb8307723b,52379,BA City,BA
7090348c1c32425ca934ef52145899ad,d7c775ea8eec45e9907ddf4ca64b5690,93179,Belo Horizonte,MG
200ee3a0a12449bb8c3e6f889c23725c,6c5069e96e4846f2a4824ba8741946ca,36835,Belo Horizonte,MG
1167788b39434b8692cf7356924830b6,b2d1cae738e641fe933b06e3fc297e89,53877,Rio de Janeiro,RJ
e0a24b2220a849a4804d90a4ae287472,7727bfe85bb249ebae4158649bf1779b,80177,Curitiba,PR
1fe0c650a98d454fae9e196eb8c9156b,79a62a94a032419294785ffd610c6deb,93206,Rio de Janeiro,RJ
a6a34fce31c74ed98513f88c2a1a2ec7,55e0f90e13874f55a57b5faa45932d67,49270,Sao Paulo,SP
db28e49f6e394bc4b9d8fb254828f9ba,5cb3668c16834e43b85669d7fc46592c,63686,Curitiba,PR
c6e57efc190d4f28b7b823699fb8c3ef,247de5519ad04ceba87b11135733b836,44812,Curitiba,PR
acce2953deac4843a4d1c9e02477814f,15bc36f9bf0f44268457c9c7b4093d06,15616,SC City,SC
0f57375f74cb40139607c77561aafbd1,ed6b1359eaae451f93d12e0e65d7ea26,58929,Sao Paulo,SP
ab0ae94cfcda4cae868eae4d024c95e2,4d005a79b837429e9e554d250f71b37a,26310,Sao Paulo,SP
817fa4fec60246499f5a38801e204f4b,1c010c9b6d144ead8cf4b3b80340921e,14911,Sao Paulo,SP
0e922f7764cb4b66b574e2b16b8c782b,0e1f96bb28f941d6acb7be30c8abf38b,34760,Rio de Janeiro,RJ
31ed116df8644938bdf404b83f2975cf,db0d02baa0e743cea2241986bf525c2f,97723,Sao Paulo,SP
36c6e799e0694645b5d6f11f797abd29,e565ac6224e34268bb2344571d8285aa,83428,Sao Paulo,SP
c288a25a47d543d597d9dfbabd93b4d7,3dcd05ae78da46bdb3fe4fa83a8b6ca7,81678,Sao Paulo,SP
b7ba21cea14a49708e20de1a32c9c990,e28181e791834615bf780123e328688b,10160,Sao Paulo,SP
ec8dfd238d454d5c8e7cf52d712f991b,172428f54fb74dcc8742a6e8fac86b63,27743,Porto Alegre,RS
f114fc6b9ec44afbae6a78256feee746,43bf54e4d0124457867ffb59c43c3f4f,74279,SC City,SC
035ebc3a2ee447e48c5a01d2682ead60,f6fc8d5dc2b84c6f8735fbfa2bc91ced,38048,Sao Paulo,SP
91669b2edb1d487eb427096a89129b55,d0cfd31b7070417389943bf75034ec5c,11084,Belo Horizonte,MG
888e2e6eb93046c990c4b823d1a9e77a,c6716b8fa7f74842bafc526dc37f37dc,44610,Sao Paulo,SP
33db5edb2c8349fdb305e6299002bdb5,21072e94e1a647fba95785f604e00d17,28705,Sao Paulo,SP
f93522aba7934efcafa77ddf80d31e27,66f03a45475243c08716a9d927914e08,73780,Porto Alegre,RS
b5967e023c54451bacb857720ed9e76a,509b665c82df4b1cbf7b08f562ec8693,65010,Porto Alegre,RS
2ce72c4c638e44f1ba07fc56b8f2a825,2aa757264a0d4355a148a9bfceef593e,37332,SC City,SC
38054e8b87424a83ad7b58832cb6a7bc,e30cf2173d8b4a8c9fb0ebf09c008f2b,65341,Rio de Janeiro,RJ
996eb7229c5d41b0a330e828b8e37c75,02b50fc0f10c47b1956c7cf532ec7377,27605,SC City,SC
f025baeaf90943439022e84705632382,7459a418c8884970841b5f3701dffb2f,76730,Sao Paulo,SP
28e856ca9abb41ecaf08d68fb13655d5,94af213559a54f908cc198fdc2ec1d65,23428,Sao Paulo,SP
65bfc33e6cfa4b0c9849415458fc803b,860a3bc05be54b618d7cdbad1e7ddb72,44510,Sao Paulo,SP
03c4a35191b7462287848a118a7f209c,d01b373b9ec3434491e6ffdaf91c14a6,93068,Curitiba,PR
2fa1b06a12874cf0ba86a4eb287546b3,495e1242272044caa09dcc90d3d50e52,43969,Sao Paulo,SP
7e521b5e8f2646379b932cdf240f681c,5eaa21721d7b42d4a85b86431dd9950e,98661,Sao Paulo,SP
90947f745005422f9716abdf34593d85,57176b64e13c47aca92984be40c0848e,45466,Belo Horizonte,MG
f36033376a4a4c11a13710ac9f5ea887,76e5a88ec4ee4ed6a728bb1a14ada7ff,69413,Sao Paulo,SP
de0663ac07a14cefafd515530a76aa52,2a5f97ec45774dbd97a9afb8bab78176,25212,Sao Paulo,SP
701d9f4ddbed4441a2a56ef3a3e18c93,2237098939764fa3ab0e8ebe8c96f1ca,79319,Sao Paulo,SP
6363edd7e4c24f81bae6617238408aa3,bf508010714444b89aac38350692620a,85892,Sao Paulo,SP
56a01b1a85f745b897aec1d812936d4a,30dde02adab04d18807cc9bd10ec82e4,40135,Porto Alegre,RS
cc07a1a95d4742b491396cfb5a8f1d16,c2e4fdb9caee4abf8ac50da8d5a62df5,87591,Belo Horizonte,MG
6d07b272ab4144beb8f7679a303d1636,9b6e7249174f4af9ad77a3c2b53550d6,51548,Sao Paulo,SP
8c71e198544a48deae3352558028c824,f62fe18429c643c7aa46755d0b304c02,37710,Sao Paulo,SP
f977daf6995e47218b2ddbe50414ef67,026e0af1099d44949513b5fb3af4bbc1,12832,SC City,SC
36702c4b93174b338fd706e626a9730e,1b71cf384683439a9ec3547e5b19cf9e,85411,Rio de Janeiro,RJ
2381a290e5024732bbd99ea285b875de,ba872cb71d1146de969710555ed71d38,63970,Porto Alegre,RS
2a84fa9770734e5db3a0328a1635c77d,69b323a0afd0485689f57870c5df2704,85383,Rio de Janeiro,RJ
1626e4c730044d16b049e256e9692092,9bcb1c459ca44416b6cf107911a403c6,15885,Sao Paulo,SP
81cd4b14ba1d4b2599b76426ff84737f,1503ba45fdee4081894d64d52a11f961,64839,CE City,CE
078890691816492e83c6a02e5b26465b,ab4823f4f7714f06933dcbf836496c39,74919,Belo Horizonte,MG
548bbcc90e1b4792b7f3222211631bc9,6f6c6e5f10d3400280de29bc90fd6471,62708,Sao Paulo,SP
77478eb070a448028160db04d9b26c1a,829d847c087f4fb0a100bbd67ba92bba,44095,Sao Paulo,SP
81f674aa58dd4fa8bdedf06a53a3fc45,cc61c91b294449fda9f6978b382ce3dd,96412,Sao Paulo,SP
2107890c059c4d4ba5ded0b1dd1409f8,923b7d7acd6f4647a5072f4ca474e185,89536,Sao Paulo,SP
7c105dbbb6bc4992a97eaa069de9cdce,24b731b4bba84bdfa91aade155221229,92142,PE City,PE
113f21e88fb14fe49ff6bc8907116f59,3d5bfe938c7246dc9a47ae73eaa63ef5,10471,BA City,BA
2f12b4f202504a6c910d8d708a3586c1,c001c3d08ac74fc7b3baf86b25179ec4,84667,Sao Paulo,SP
cad819d313c94a1b8741ba120151ad42,c8c4fa2c61be438aa8a2afe47a788b9e,32767,Sao Paulo,SP
428c5b08eddb4efa9945ef906f078b08,71c408f09d5442c89abd9e53a8a95791,32692,Curitiba,PR
a0b334de530d4efabde19b28fdb91cfa,bc1d50f7866e4054955169ee155b8c61,76277,Sao Paulo,SP
ce7bf3eea28d451f99129fbb8412f20c,361b5c4ad86e413a812a9d0b7b325a2c,80330,Belo Horizonte,MG
2bf15659d6854bfe86412231657bb985,9c125fecd7d5484c8724e6269447b852,46466,Porto Alegre,RS
39f1119c1bb543d2b720bf47504246c9,6849b0a0aec7415f9985edd877ddc67a,90434,Belo Horizonte,MG
38dc9717b1834906bf574211b123c19b,ef507908da4144bd8f872aa4d1d3ebaa,76734,Porto Alegre,RS
922da57a7e434cd583ee3067ad3cb1e2,1971d0184f02442baf8de5ae2e0d3e82,69551,Porto Alegre,RS
b60a946eab494140bca6fdb234cedaa0,207b1e039bfb447280facd1034b8b6f9,45339,DF City,DF
6da8bebb1ef34405a648288b29aa18b9,66225c9d2b6e44a29a4ed518d3a634ae,51930,Sao Paulo,SP
bf7efa0080974e5da57c43877b5e8536,e7860de15a22410685533e47d15c3615,55954,BA City,BA
b60039e97fe541e9996695cbb257f209,92cf4f6a10324f2280d81a40d3bfec7e,24665,Sao Paulo,SP
21a0cec91567412292c76dd9f41cae2f,370b104217c14ab6901e7337b7c827ba,41081,Sao Paulo,SP
5ea21d9e92aa4528b0331d1140723b92,9f90e0e0274d420e9ae8eadbd9d4b168,53076,Sao Paulo,SP
581a793a105e416a9222dd7e1ccf4c44,b591b891bedf4f5187b3148b4fc2ad01,80469,Belo Horizonte,MG
8e932956a2354040a68b1160ae30911a,88389c12ab0742a5aa4d597c8a3ca7e1,69464,Sao Paulo,SP
7a283d11bb794385be7c20acda196b3a,53194980fea642d89200bbdb9bac1f0d,27797,SC City,SC
4988ed18b5d346cab6937fdf8eae0d20,e8389a0422d84a3ebeafc00a487544f2,74351,Belo Horizonte,MG
77c8b06a49b04e85a2b1a8544d1e0795,aa741950012949de9d6c5002027eeb51,26159,Sao Paulo,SP
68f6d2f2363b437685807669e5c70d19,11a490d7556b46839b3780b9dd7f2ec4,69442,Porto Alegre,RS
2ff0f12b1dd04379b9920b7c6fd194ce,ee145776438b423ba56612025536bc13,44849,BA City,BA
0ece161407a241ffb5391288cd262519,e2da7619ba81446dbcac51c3ac1a9989,35761,Belo Horizonte,MG
04bcd3a9fec843d6b37e7eddff986595,2005446e08f94f13b6552e29e7f9d410,12788,Sao Paulo,SP
08980463bba741e6889a97ec420ff3de,1258f1f1a75d435b8a7fa04d0c631c73,94122,SC City,SC
e1263072ba894696b6c758e1048672a8,ced8f6bc16374f0084773af8350f59f8,65681,Porto Alegre,RS
990e2a6a721d4018af809f94a7adfe68,f6199016f32540f289bb31e0624a7433,82456,Sao Paulo,SP
39529e22a61f4bf9ae7ef9135a972904,ff8d5675f7784a8cb5a8dd46fbe5e11d,83393,Sao Paulo,SP
b1c63d3cf5604a27af64edd81915b604,ef3c22a8fe384fb4be1ea3634d8e8bce,25704,Rio de Janeiro,RJ
b795931d6e344f3998f85ee7781a269d,10eb26f103fc4602bdc5812317c4bce2,23848,BA City,BA
5622eeb2e2804b22aa1994da1dc597c0,52c7212d44b5441bb1ea470bc51966c4,60298,Sao Paulo,SP
53aa15bf41c645358be2e4393cca5184,32e6843e8eb44d07a385bcde43e3eaab,45519,Sao Paulo,SP
8a3bee6a17204a5482e7ba29a3fe4feb,38f99db33e4b44988091df24d1dec51e,14602,BA City,BA
9cb427d67136434f882503496856ddde,324aa85de97249fca30e49b9177c800d,36620,Sao Paulo,SP
fa772d3f1112461ab9c2df005bdec708,d693b86df89d4f86aec5fc697d941c08,49985,PE City,PE
6a2ac179af6f4c87aef7ae58c3b47638,e92bf152fbe44fc2905f89c9a087cb6e,37297,Sao Paulo,SP
da086a170efa4fff9a31d49e599eeff6,688855937ae8416ea592e9fe1170ba5b,87417,Rio de Janeiro,RJ
a989723d241a44e2ab5c9c62cc620ba0,bfbf486531b2478388d54e84a2918de8,76044,Sao Paulo,SP
b1088d42b3ab4b8f839d92364626c01f,acda2bee02ce41b8ad4417639528c80d,78513,PE City,PE
5b9b08585e184315b7aa38b4487c7234,c6355d4676f948d89fba22e432680abb,18520,Porto Alegre,RS
9da58c41c89f4630a8c5da41e192bbeb,c6415043963a42509235f97e3c72e084,76487,PE City,PE
b81f365e40b84be2bc9d398617741f49,0a0840b02ab4453e8469887815155508,74673,Porto Alegre,RS
d47b770fe9714eaa88d049174f938643,110d65cbbd344031af82f7624a4fc44b,36941,Sao Paulo,SP
e1476288e2e74d0c958424a002260471,2ef2d1601c474fdbb4af543c96ba60e2,81876,Sao Paulo,SP
e5752996710445b1a1f233adbc939899,51b627e5abb544a68e9812d58d32dc0a,71589,Rio de Janeiro,RJ
0125a7f037cc461298850fbcc4d3b90a,4bbc8d48b9f94b72a9d4cf5672858a7f,68089,Belo Horizonte,MG
5c87d2bf414e445d9c17d2d195621601,a760fad936db4f81b34cb1ad71ad369a,95445,PE City,PE
820bb7a4953543d8acc6743cd5ed3259,0a0deeb0520d43fe9ec4e5bd1b8c5247,57073,Sao Paulo,SP
aff4ea1b902f4be0900b112933b7a98e,f81562e5c8a64a739d4922b641b8c158,77104,Porto Alegre,RS
fe47c157b33f4d84972abe063780eae2,cc4fe6d257c140208699980c832f78ec,39156,DF City,DF
72ae9c2d7d3043d1951107b80f0111f1,0f02d6209c054e9890d32668eca526c5,40675,Sao Paulo,SP
5688be5722554f2d82c60e3de7cf0569,182d7f32b6e94037b764a747a037097a,38108,BA City,BA
5b98f923b0414a3fa94f19b65ece21f3,283ee0f5ea0946fca5abf5212e1d4ea4,63045,Rio de Janeiro,RJ
1fb9e2c0418843bf94f0402d852c23bd,daa7aa84ad8d4f74b4d81abe43a8d319,47219,Porto Alegre,RS
4ff7c32e24e74e49b4769bfc8cd0fb78,fb359d6b626c49cc8682bb4f867df43c,72245,Sao Paulo,SP
86ed1bdd47544547bff191d0e5d3adb7,067e1c7aff1541c4bb3a4cd24a98d1ba,68917,Sao Paulo,SP
b5662d7979f54dd7836346c0e5bbd947,ff0221838c0c4ff3b633f4e0f3bb0df9,11825,Sao Paulo,SP
f3d14df5542a44519b43506b8359d5b1,aaee25bf5f164d869c7fa0a8e5c3d0cf,42908,CE City,CE
4e010016836248568138ae4cfcb07870,ffeee70e995444aeaa87b9adf11ac97b,22359,SC City,SC
ad34a727c7ec406fabd2216d376e17b9,0d9e33fcbb3141ff820f58354ed5a689,40480,Sao Paulo,SP
a45310a122aa43a3a778bcaf4c55af94,a45558583d734be19110702169832e05,11104,CE City,CE
0716c116b5984aa7b01bc1418d3fc1e8,464d90e566384150808ee9a82b3c7e66,89304,Belo Horizonte,MG
7c6da3711f8e4ff786cb7c568d732601,c40c9a8f745642c6b30ee323d78b0048,11632,SC City,SC
2996207d3067454f9ee3b2ce1496ce1c,1c8da9a5114e40f089099d3369aa888d,91617,Sao Paulo,SP
fafd2db4491d4c378f53cdcc9adfabaf,0b3aada7c19248b5b4576600684a09dc,24774,Sao Paulo,SP
483f09f7d7e94eb18c99d8ce571906d6,1120b061e6424803aac44dd28ffde354,55758,Belo Horizonte,MG
1b522a4656c64176b000d8bc8cf27d2c,8e78e6340ed845eabfca4735a427e2ab,35297,Sao Paulo,SP
b124b085c4354967a87f9e0c851c7a32,8e093f92e94441529f2ae661379fe4ad,77194,Rio de Janeiro,RJ
ad88892f180e4976bbf79d1405a09f38,75d3d725b127486e9e7ad2dae411a704,93481,Rio de Janeiro,RJ
60b69284ef14439ab1012ca24959574b,a56c62aeb97b4dfba78c08addf44bfc0,64936,Sao Paulo,SP
add5671658da4e26824b1bb9fb5fbad5,6356922cad2c4e0c9a2a8b357d9abe57,13039,Sao Paulo,SP
162659ba13494db696efc2d323fc1e36,7211cbdcd4ea4a2d9fcf3e5378142639,34417,DF City,DF
291b30780e4143daa9ee7ae1550ec243,4af7a28e165740e19f71ffbea6fcb85d,81427,Sao Paulo,SP
fe4c943c73bf4b01be2626b78bad5308,c1edc7a2719c4a65b82b2a8ea0c4c4e1,26740,Sao Paulo,SP
768e6d2600f2404ea832e1daf271838a,39b3da46c31642fb9742bcdd09d2758d,61891,Rio de Janeiro,RJ
2e55dc53bd5c46289cb6cdde9bf4f6cd,622760291825468f84e9ac0bbd95e37e,27464,Belo Horizonte,MG
36f6e549793143b2b826deb98a16ba16,c1b298c115a34678ba3f1327ef2573d1,55702,Porto Alegre,RS
b0157bb9823b4fc89cd3a60504d3be97,13e985ebf5474640afa02f23e3b55262,44669,Curitiba,PR
777414818fc24a739fa3e83252a4103d,6a86e27b8c1540d0a15999a9637756ef,31870,Sao Paulo,SP
1ecb45bae1fc4792970542a504618333,fd847651312c44b5974eaa445ed90c37,15179,Sao Paulo,SP
28b4a5a3c08548d89628c5d26e07badd,29def06ea9e9478b85a22a05633de440,44336,Curitiba,PR
4e68b38bae5a4423b8fb0315438e706f,23923a3b183f4636bbec374d20f4bab8,18889,PE City,PE
eb16633cb2c04b4a9fe70966b847a198,dd824a7da1f74799b45856cb7a015498,95879,Belo Horizonte,MG
5d1f14744204482db5bcdb480bab0dbf,b7708fcc6a694167820ddb04c761df31,32332,Sao Paulo,SP
3141e936a53d414baaea0aea2cf1116d,f1e90dc994f64625ae4cf9a334f25ce4,40493,Sao Paulo,SP
ee89c026c2584bd784c76dbd6a5bc6de,973c0d3e563c45929bf97a200443a234,21140,Sao Paulo,SP
3c6094d21dc5424a83ba0b7d61573212,5b53af0357a94a79861907450df7dbb3,90112,Porto Alegre,RS
69f9b7daf99c4d5fb9984bb94964f090,357fde9ffa954ba4b988c71464ef2988,14567,Sao Paulo,SP
646580f1414e46a292a3470e8214a1e1,ec5b723d57d24e07892695b51df58d43,95507,Sao Paulo,SP
bcf7c9b50ef04285ba308aa447249b86,4a2853abb3294424b9e2ff184281e540,56674,Sao Paulo,SP
0f6e0686d9354edeb1be07151d2fd50a,dced86aa90be438fb2b1d8147b152411,69009,Rio de Janeiro,RJ
03ebdb04a8754e2ca6f4f5fae2f15bd8,33d862b525d24db4bc48cc662d77416b,70532,Sao Paulo,SP
5ed8162ad5ca41a7ada250cd2d962f1d,f0fbbbb8806144f6936153cd2d1f84d9,27557,Rio de Janeiro,RJ
0c1ad83548e24431bbf6774f67e51085,a623144b22684047998ec1e3f2f6b4f9,10959,Porto Alegre,RS
ca57b584d7b64e11bb274c9065da29da,26d12acd683a4814bfc126ca0cde587e,45196,Sao Paulo,SP
9448f2c642b541daa2383733ece84d5c,79daf9f21bdd4f6a900d0d7128d8eb60,46634,Rio de Janeiro,RJ
b283f1df3eb342cfac3a0cd1c81964ce,3b640c264e6d4ad5b30471d195847e6c,18688,Sao Paulo,SP
67860d714bd84114be8750d37f0ede9a,01ba00d530454879ad5cfab1590a4cdf,12579,Sao Paulo,SP
9a05b7352e034d2186e0bf816e2928aa,e4a5eaf3fd9b46c68f26e43b7fda9cff,17418,Belo Horizonte,MG
3e6ee42d232b42beae8fa5ceeb75d20c,f3c7a8fd8392465987312f52275f457d,74847,Rio de Janeiro,RJ
442c0f368d9b4b27ad727113922d6208,77394cfe42dd446088fe7d326b8c9074,87537,Porto Alegre,RS
a33030f500d64abeae9169fc30fd8124,c05161f17c2a46daa0ab84125ce5be45,45666,Belo Horizonte,MG
a5eed80434db4232bd4d780f043d3538,0359065040814f238580fe9a9f8d27cd,23068,Curitiba,PR
f01f91b47a9f4c299e42e056b63a411a,22e48fef14a74283b845cd72b928f7c4,84059,Rio de Janeiro,RJ
be5df4309a974ded83eefb7be5c3b9da,ee2fccaeb62f468182b33f5fdb16ff53,38192,Rio de Janeiro,RJ
749f6b19a650488ebaf9e0c176c04463,3532c342b704409ba12b160a42758df2,30913,Belo Horizonte,MG
0f2fb7e25ce147f284a5b6c59aeb5a3b,9b47240c7f114d7da1409f03e6a6212b,45484,Sao Paulo,SP
96fc4eb707194e98a6060b5cd8ea21e6,9d9ac9549e8349948cd4a0b39a51a908,58658,Sao Paulo,SP
6b781b3f7dab449fa10efc8ed0293fb9,be2f63be11f24b4ba3174f631d98442e,41483,Belo Horizonte,MG
eb078c7c71a04116b4c2d6fa6effb7fe,c232a177e69a423bb1c4ac36cba65261,82199,Sao Paulo,SP
6809ffbad4494c83a876f1f58622f016,10c15cfe72cb417c8e72d043afd1346d,94311,Rio de Janeiro,RJ
68b4b89d05034e82a15e672a30945df1,a281d1c4bc914005804e2cbdb7d57049,19867,Belo Horizonte,MG
2916a596937f43de8c9c8c73602c5975,6c92b1ffb57b4a49b212287fde3eb031,17798,DF City,DF
9c2ab2bf2146438a8e71c3709ccde92e,4719fa3effa74d30872140684c88ffbd,91446,BA City,BA
f35b3a9270da4f1cb924d5a286947049,2ff6c65889074a729ccd382a01977187,73271,Sao Paulo,SP
9ec5dbbcf6f6465c9be6939d39675ef4,e9c1f7762c5846509c487c9e706a0c61,90756,Rio de Janeiro,RJ
045bd311a14a45cdb2e38cd2b0874303,d6ead806e10e4f41a9383906442b6810,50575,Sao Paulo,SP
8397cc25a5334f218deddba6ee1b8f6b,4aab05e95d5c4c458f9da97030268c8a,22948,Sao Paulo,SP
b82e0d428afb41d9aa95a8e3bf4fc591,6112eb4dc73c493a8120ccd80684dd03,93137,Curitiba,PR
0a82d58cbc084fcc9fa5034b7719e5ce,630eb30970784818969e18e964bfd481,28932,Sao Paulo,SP
909c0108e24849999ebfd8cde22b71f3,3c0764b2ce6e4804b0d2c2ae44af8157,28900,Sao Paulo,SP
3e68c200dfae424abac5ed623a2942d8,a63bd109dfab45379c018354a325d28f,46313,DF City,DF
5cdf35df4df04cc89f0bb79fb50719a4,7a31539ff8744022b63b6f7dbd888a4b,81301,SC City,SC
599116146ccf4ac48539afd39f85a634,bac2cea8674f429a98c46360d3f3be9e,71029,Curitiba,PR
eb861c57a9d5483e9b6512ff3236bf6d,9718c5cca14b436cb3253de6c0944c3a,13691,BA City,BA
f55777212be445fc8e92e875f98501d3,12317009236240ea98a7a35ef0d33926,86989,Porto Alegre,RS
cc3d2c00109d4686a257ece982f6f077,2b1abf009b3849968dfa5a9738adf029,83140,Sao Paulo,SP
c9b9e7bc90494ecf941171fda5c351e9,e853d90f190042c790a4c6180901fa91,72215,Rio de Janeiro,RJ
f341fc8ebb5640d296e8001ae19fbe68,628840b609e1464f8c9b1f3242d71a8a,29794,Rio de Janeiro,RJ
642b7cc686964eab89b574951ce5f1a0,9ba5d3f5669a48b099478e0f9f861c17,61088,Sao Paulo,SP
db96064ecaa8440ca059ceaa7ed42004,69bac55890704096af6b0e869ea6ec2b,43522,SC City,SC
0789dbb2afd44199bbd5ea032c7a13c3,3448fcd434674ed7b0a030b2579bb34e,85279,Rio de Janeiro,RJ
8de83398f4194bce95b74732a06c7445,1acfbfac27ad4c26b5064f2bd7f18d18,63329,Sao Paulo,SP
4837c192846849f9a56bc1adb7fd7c56,08dea351c0a64ee2bf78bf2f4f24be77,36828,Sao Paulo,SP
e279fbf9df5d4e2d861af16cf6a9ca92,609eca3cd0b148f48d98f28cb64a2c79,34029,Sao Paulo,SP
22664e424ad6471d904c44661933990b,87008566984b47ae9a50dc491ec15060,33259,BA City,BA
303e146870314d9894eaed594c6225ce,006392415c2d4d539d57318bd48ff7e9,58915,Belo Horizonte,MG
6e6aa3d7e0ac4976bad8e3d7965472e1,60df1a753c4d47d68a5448c49de96dfc,20240,Belo Horizonte,MG
a7fd7ee6db144f5489f72811c49a3716,71cfb1cbff1544c2b8d8f13305a25571,75012,Rio de Janeiro,RJ
5ef269e8b42945fcb59fefed9c7408a7,ce2f5e05021f42728f1506dc3e93cb70,49131,Belo Horizonte,MG
f705022b991d4e1b824289e83bfc678b,6f8abb3d7726486f85086dd9d980bc0c,28894,Curitiba,PR
87d7100936d24891a367daa215f58302,d344fa89852043c4b20fe07fb5501a64,34316,Rio de Janeiro,RJ
371367b47fec49f4af5dc5fd7352d419,917a0d40476b4396be73a54e5ba2eece,47960,PE City,PE
c63fd18ab5fc49e7b06210ea5c9a408d,cb1222e4746f42f1b82f58f4e4c3bff9,11833,CE City,CE
74d34b74c45646dcb02f215611ae6fdb,b47dc910a3d14c949951fee12f5efeb8,44736,CE City,CE
27b53990a6fa4ffcb2d99a019cf80f5d,8923757f55c6421f91aef14711036052,94631,Belo Horizonte,MG
7cb9d4ef6fce4adda8cc42e914eaf7b1,abb812664e5149ad8b905e728b582502,98270,PE City,PE
0b11b785a5bf455eab27a59f66cd4885,78dddb76f64a4665ae46e9493f78aeb1,38047,Sao Paulo,SP
3eb91c5350f44fa5ab565de0c8b79988,71c1c8c55a34413cb5692bcfc4f27cc0,32595,SC City,SC
16a34491c37043cc981f9b9d2194e407,8926838e32474f16b429c175b085c74b,64947,PE City,PE
edf95238b74e43c0a724d2119f5af2f0,b6dd6282f3174202befcb7d96edfcbfb,23065,PE City,PE
9c6982993e8d4a2592ec667956592c1e,d34262992c9f496093fc48e27fef0a13,24140,SC City,SC
1972415ecd6a4952be442c40af5e334f,28792a43e99b450292b153a78d2373c2,79936,Sao Paulo,SP
e03ddd4e9d574a80b80cf793e7bec006,7c7ecbde6cb8486b83eafd0037f392fb,91508,Sao Paulo,SP
ad3df0af397a4ec5bc7e5270672939e7,c485ff66d0bb4de9bbee41cf26911132,16765,Sao Paulo,SP
2301f095a41848488d306fdcc7d4f206,3da5fb7df525485c86ad30691d6ebb41,14645,Curitiba,PR
7dd0c7b8325848988149453671e6529a,bb62c0afb9bf45e98063684fa7bd06ff,35220,Sao Paulo,SP
c4dea9fa53e8412f8c31e4871def8d07,e5df1584d3c64fcf811c010dbaeb38c7,50039,Rio de Janeiro,RJ
812570487ca645169308ee57ed7496cb,bc926e00144e4b9bbebd3a6f0aa1cf05,60144,Belo Horizonte,MG
d6d99602449a4c68ac143996fa064db0,5b1389e2ad3b42a79aea77ec948aff12,78922,Belo Horizonte,MG
7ae70b99123b490281d6211d2790c328,89b985d032394075bd5ec15eb7326e4c,66573,PE City,PE
5d828ab56f2a406b9978b3f4011e25d2,a2b7ef317a0543bb8d2140c32364ad5d,23004,Belo Horizonte,MG
1b3484512e7a4cdd874c60de2b11a2e6,cb481976701c41ceb4441d349e01dfc1,60001,Curitiba,PR
3b3d5e85b3f8470b84e8687b7e0e222e,e680381a5df84abe82e42d07a0a99f21,38195,Belo Horizonte,MG
598a054c8b8e43a8828b537d994c199a,0eb347e34bab404fa1e677a45509de77,16587,SC City,SC
01987215528a4b38b72fe44d27e438be,79735b2cee2e4021bb4c35cf7524421f,72244,Sao Paulo,SP
f39048525d5c4a3eb09f0331b1853d1e,a428120e74d1489ea13e1cebc19b5830,11572,Sao Paulo,SP
46a5070d2bd746e2856655d9d312aa67,6274ab104ed64806af1cd021981ef2a3,29570,PE City,PE
f60394335dd64a13852acc41f33843de,ca8f6aa7f7344583975669d491567fe8,81585,Porto Alegre,RS
ac22cc65480c4c0db73721d3d1655bbb,a98dabe657584fb585aeaed15f5c287d,62344,Belo Horizonte,MG
3f95d8d029ee497bb8a47391c05c0f93,da9e4d586f9046f1b9b7e60cbd77b639,68805,Rio de Janeiro,RJ
1d7ab4adaaaa4616964fe75a6a293128,c36199dc1eb944609da0e7485598390c,95563,Sao Paulo,SP
bf015caa0e7a4684ab07655480fbebb7,143fa48240f6435b905358f2b335bc73,32260,Rio de Janeiro,RJ
4c7b71b37f824d0e8ef31a7b97179635,e1b5045bf2dd48d59c6bb1cb48d6ef9e,17351,Sao Paulo,SP
d3c847339e1e40b3bade4b0f548a9986,5ea02a3c4b29400789714088021f2514,29850,Rio de Janeiro,RJ
1f0e9ed3ad644caab52d749c6dc2ded1,86827fab76724a3bac851b0cffbe2745,14606,Rio de Janeiro,RJ
7b45e01aa9c44555b4ce6a60386b4949,09c91712da514fe3ac63b4173a63c941,14167,Rio de Janeiro,RJ
97be6bd13dee45c2b40b5a98d46268a3,4a6de0bbf81e4267a9543b1d53823b47,87929,Belo Horizonte,MG
88e46a0f39264fe1b600a9772c137eab,abedcec536df4e60890196c3bb1c97cc,53938,DF City,DF
44f65eb6b1b34c779277cb9c023a611e,24d006a24854468f806ba7370c9d1a2b,40991,Belo Horizonte,MG
481a9ccb56c54499b5e19e1f1087a69e,117efc1e73f84c518fdcb98cd1565110,61239,BA City,BA
9b734b133d6a4cda9d5b3f8eec504337,451f5734915b456dab797ce616fbd1a6,64277,Rio de Janeiro,RJ
8ae006ff52944040b91024838232cf44,0288918db1e94722904e46776b8e4d38,27765,Belo Horizonte,MG
21783e3dd54046189a01e6c8bdc79da9,d1f22e427ad24c2f9ef82162ddce9dda,19185,Sao Paulo,SP
373ada922ccb459195e5e29f52e7df91,1e835995933a4cecb78d4cc8e4695ad6,84873,Sao Paulo,SP
9bf6482c06ca4ed3b27f3d635fad2015,163ed37fd5844736b7f5ba1eaa87b9bb,57237,Belo Horizonte,MG
af2a3d4626e74b6588b5eafb5630f221,cee6417ca12f4f3bbe8fbbeabd184fb6,35767,Sao Paulo,SP
69017a0212474ce6a4f14f114d0cb36f,08404ed6cf234740b62e1e118b974882,63643,Curitiba,PR
0585ff5de28c42f7ae86ea6a45b262c1,72fb9b7c07194082a81ae92375e15ef1,81264,Rio de Janeiro,RJ
5157603a0deb4f3ca8d23f1a941eaa15,0ee3a6eb92dd4b138518f821712566e1,86466,BA City,BA
d55911eb52cb4cf6afff23fd8486c618,7b6161e6c498471d82fd8f754af9b3fa,14086,CE City,CE
4adce4d6a5f8479db54f929bfe7aec77,d40138cfbabd43e288d01b0e6633d22a,11307,Sao Paulo,SP
a083f67dc354493bb9bf17a556c23ec5,f22d44a1e89f48148725d2325cbc972c,54428,Sao Paulo,SP
ab7db97396544f7696564f02e4b3cefe,eca8e9b1e99f4af892fabfeff1eae718,70928,Belo Horizonte,MG
e6626d1e6d5f40728ae047f57000c9e0,55584c51cace4e88845957a32080a6bf,72363,Sao Paulo,SP
d9a63bd41f1a4a8eabef06e7c07fd0d4,5ceab43bcb9640b4b72cc8c867532c67,89287,Sao Paulo,SP
6d65515315e94efa86c64105e9ff8d5c,e13c94dec0c840358516944dbcbfde36,51024,SC City,SC
dafa58214f8340f8b59f31f81350cb06,670779f6f99c4579af3ddd32ae3f1eff,13935,CE City,CE
5528dae5a41344b6a8675183e9d6c151,62d4f21a50504e23a7ac7b0e55fc7b9b,17855,Curitiba,PR
fa0f043bc5554d43b8bba2d9669ea780,e7c9accfc20e49169ff2ff068795112f,22554,Rio de Janeiro,RJ
ce282f501f814546b32533a0614a4478,7059a3b214ae458795fedc0c35814c01,74871,Rio de Janeiro,RJ
86ef09dd44804f37985db65b97da2579,3d988f296fbb4386b8171b79bf4da7b5,41902,Rio de Janeiro,RJ
14d3f4f935ed4068bd09e2cc654b75c6,2bc6913aa8964abcb504ce52b6851a6c,27899,Rio de Janeiro,RJ
a1a4e489df87495fa013bf0bb2072788,e5873cd0a58a4a4cae3aa6a352072334,53717,Rio de Janeiro,RJ
c7898dc0473441caacf17aa9cc259c0e,7beaa6de049b4e719a1eed99d7c4608b,83804,Sao Paulo,SP
e6d97411fee74f6f9080a4da08a6caa9,e3c8415ae8d04f6a84894efade3c4c9c,11615,PE City,PE
0c80e9eb76fc4fcf99e9b3f733a71409,c28c2af1a3414dbbb8e3c4c2e39e0a7c,13407,Curitiba,PR
d7c2343414d144398682265782488976,8e9506eb502b4760b59d4617eaa375ed,70475,Porto Alegre,RS
ee17c9a6780f47a0b64ef98877c82f98,517fac4ff4a9467e88f5e7f79aedc519,38336,DF City,DF
a1e5faf8b591429fae31962d56b28ac8,edcde625fb5b4af2869da03a84b51e87,90653,Sao Paulo,SP
bef0149dcb9f4a179a81820a21a75ed9,983b814939e4444d8b702bc1b3c471d4,70486,Sao Paulo,SP
47602435d9254aeaa58d79a2a655d7da,3dfb78cbc8474f12aa3f239404058af2,21727,SC City,SC
bb83ea50d55b4ecc9da9c293a4db96f1,d29aa808e0d440b79544a54150a43580,34839,CE City,CE
3964e020120945389ae2b014cd2dd489,ae6e86a0fc834dec9b499ef7ac06973f,14536,Belo Horizonte,MG
9510a3ded04d4d2a97a75850c9a0627a,d58719f5b2f24276a14c96af6424011b,95766,Sao Paulo,SP
2c401b3247744550a2b9600519be5ee6,2ed414a1c8ba47b19f6a2f58651cabc4,69175,Curitiba,PR
8e87de7360ec45999aef0822343c3c0b,5d3b3fe3257a4a6fa0474028c7f9418f,32500,Sao Paulo,SP
90e3096bdec541d3a0e9499b01bb44d0,d2d2092975b54ffda13e124f68b922fc,31003,Rio de Janeiro,RJ
373ce3ba60914636947dadd8a7fa4a8e,180b2f13983f43a68af58992292428a3,22258,Sao Paulo,SP
ca6f07bc68ca485fb26d5b46e2c61693,5477f25ebfcf4e86bd6789c7d63b00f4,24307,PE City,PE
2d5815845437408780922b1bb80ef7c7,5accd3adae774b32949f5a7a2ff24f9b,36764,Rio de Janeiro,RJ
6bac8beef55d46f7a44310492c098c81,21236ec5bfa54a7ea63ca3a52c30e645,80849,BA City,BA
90f375c316d6453491f3fc57a360928c,310fcab51976487eb7e3b83ccb352ea0,59895,Sao Paulo,SP
97fd1ab31e924d37ac78fd0edcab62e6,a95490fcd63d4d56a4230bbc36e9cc85,84235,Sao Paulo,SP
5d00cec6567e4ac092f922cf86168608,4c029ae57eaa4da087c0bcbbde1b93d9,15407,DF City,DF
938d246335c9410caa188e6d81e575e7,db91f25dbe544060afc740d7a2596f7b,76757,Sao Paulo,SP
9b7f9d8079424b5c8fb6a0d232d9b2c0,9bc8b99dfcda435bb5538ddd4212b019,71946,Belo Horizonte,MG
bb22d276ef1c42c987984d9ba0bde090,bee2282c65b14e4cb5870a38e29be32d,19905,Sao Paulo,SP
2e6fae4ccc8647cb8af695018d771939,0bf26dc0656247e2b7b2e1588edcd757,95863,Curitiba,PR
daa6a1d183b14b3c8ef6b85c063dad2a,7d0da914db944ea4acd1a4efd3164058,61098,Sao Paulo,SP
f92fd1850e98431b8859baf13696179d,6dbdf15bcec440a28275c52bec24cdda,74961,Rio de Janeiro,RJ
49dacbf5046548f1bd63946b7568f5f9,9f177c72e3474a89846d77ce15acc935,28682,Porto Alegre,RS
3a10144a705e4fb09d6c9ffaf03bfbc7,a4b4d0655aec469e8623f35bfa978ca0,34331,Sao Paulo,SP
824f07b2470240f8b924a6685606182f,2a6ed673f5ed46ca9ff2bf2a77089f1e,25722,Sao Paulo,SP
4277af831df84f6eb1ef3f41ed06004d,5fd282ff02e04457968712d449f8d032,13270,Porto Alegre,RS
a37374d4ed1f4b718c33f1f7d9a81f1c,b3092b7f9e294b729158d5c1628bc70c,43277,Rio de Janeiro,RJ
c19104b69d264affaa1342cecb0ccf49,fa5e043f38af47d5b5386cc132924906,51446,Sao Paulo,SP
442444d5c9604f7299677fcc6f9d796c,4ec4b7add66245cb8f6fcc4c9d48c4cc,46612,Belo Horizonte,MG
c0e5b803506c4be98a608c739c69bddf,dc1cae5d0f4e4438b1e48fb90f62c317,63413,PE City,PE
f0c097a3592f4a9fa4b04b5ffec9a76b,f0a20e35a450463295fde57be9fe3a55,24663,Sao Paulo,SP
d4aa6a6205ca4b95af38a1bffe4ceb81,75d0bc3c3d114738bc3571d5e7354de3,75008,Belo Horizonte,MG
69d8278ad31d4d91b297f01a43498bee,c0a54f6dadf54c778388a1a3f444f9ee,24543,Porto Alegre,RS
5328225ea1234baeb382e1eddfde6008,23c616c844564aabb129305039432d18,84642,Sao Paulo,SP
5c76770bbe5f464ba606bf76148ed443,3f556fb0aa1c410b8804fe17d1211ad4,31913,Sao Paulo,SP
fd10a60e59624c7684109bc1e04632c5,6a5e22f0c5af498f91c6a2d3c2640581,81717,Rio de Janeiro,RJ
a3bca610254b4796b4af2541e3452fc2,8105e62466e543d0949359749d4e1d5a,18965,Curitiba,PR
64bb30d5574e4bd29bf9bd8f0403ca7a,2c4f0d7f484544c784b38d10e70cfc4a,72123,Sao Paulo,SP
6ec882ce54f1407faa5846bcd2044b43,fb1cb3d8ba344e6f8d0f9595d5e1d477,10824,SC City,SC
90a2a44a34384d018abe283de8942108,58c166f822ef4034a037cd5aa3e46fc5,69609,Belo Horizonte,MG
f0b8405945a64e32b364e37090413e1d,9433242395c9484f9d1e0daf5572ed81,43663,Sao Paulo,SP
2b28daf8820a4263a92aae2f32975447,8b3c22582f974289b0232a5b6006ab4d,50159,Rio de Janeiro,RJ
4d32d0cf1f164a37a421de2d80e9cfea,029e8e2935de437a848687498ffe4086,42096,DF City,DF
c565378c5afa4d08a0bad29acb69c384,886ae7759cf942399585ac128fe29524,63354,Sao Paulo,SP
e3b33a5dc4fb42aabbbedb221466feb6,684964862f7b479b9aa40ccb21af1223,17050,Rio de Janeiro,RJ
6e55ff188c854d9da70a1c26103d786f,28f65dba97654f6b98a4193ff8f5189a,28966,Belo Horizonte,MG
8ee81733c2934d7bbb54f8502640b32c,2c24ccff218e4978b081c424f730be51,39567,Sao Paulo,SP
65c3ec0d4a3843a595081ad9eae4f273,b78638cf5fc743ebbc13990a744d86c3,49522,Sao Paulo,SP
62339d20d9a5451398fb7720150c28bf,26bbaf56901f47d69728931ee1028552,48421,Sao Paulo,SP
c4ddfedde5c54121812b14a421ebe214,a0b20e03c3434b589576f9ac1dc8130c,27268,Sao Paulo,SP
b46c6bbe85c44543a00226123cfc00b2,ae5d7c226abf4618b55ef4d2b9b65e27,34073,Sao Paulo,SP
a67005b39a814d06a80df637b32a40ff,9c7fe0852e9b41c7ba0d7daa644e0800,57257,Curitiba,PR
95a107c39d7944e79d43285e2a529195,747e2cdc283044ae9685adc6a907bf3b,28903,CE City,CE
6604a1d3206a4fcca17cb07829680f7d,0722fafdc1ec47d7baf4b27ac67fecf1,22169,Sao Paulo,SP
bb9a3e614bcf48d096812449c9a18d77,b1626d81ed254bb4b9232b58c91fa899,94927,Rio de Janeiro,RJ
09ef35caa97143d584ef87d30867a8f9,ff185cf42ff24b4ea8c39368f39663fc,62076,Sao Paulo,SP
032ad4773bbb499bb41a2435103f725d,17c90dea3a3b4075b44e9a012c6c086d,12018,Sao Paulo,SP
7924056db9564de9b551a2d335777df5,8df9c8a9a5b94e4f895e05f127fec243,28883,Sao Paulo,SP
97f025b19c254a6c8788907fdbd26689,aa3da3a77dce42a892c2a22d225ee951,54868,Sao Paulo,SP
047ec920f2734892aad83fefb18b6cd1,f21670bc4e264a2d88902faaba6aa671,33735,PE City,PE
1d2f6618a035437098c7f6a678a93320,04174197e1c24dbe882807df29ca1a5b,38137,Sao Paulo,SP
4921bf6692904f2aa0a50605fd23f3a8,2532f68bb9b640cbb3416e025e53a2e9,87032,Rio de Janeiro,RJ
1e0822aef31b4beca98d123cad588c04,4cad36c7958e458facfcc9d6b6c5df07,45373,Sao Paulo,SP
dd370c77501448009caf324b4da32b43,8810a16f6d464677812e68f72afa3472,20784,Sao Paulo,SP
85d7e0c742514e3ab930d8c6316524e7,cde146dafffa46978700e626bce69bb2,28601,BA City,BA
e61bd50a58f64ea6affbae2c11497a21,046b28604fcb405eac26ea28142f0a7d,97073,Sao Paulo,SP
e0e3e6a901044a35b364b727b9652fba,31ee922063e94a6795b27b53c6a9bbe2,12230,DF City,DF
47acf47474ee487884ebf811fc379c18,d17749d9b90946d9b97a02ed6e1ba13b,86459,Sao Paulo,SP
6e5f39897b424d71b9e9ed0fe45b63b4,b03c1690f29c48678cc77d37f8c40182,45598,Belo Horizonte,MG
19d0c3ad668840cb992ee6f9a409683d,b5e8066a13754d869a7cdc5a83c64bd6,49988,CE City,CE
9ef182dff3784062980a07ffa4a015a4,a7a5ae55453942cfbe886e1d1fce293b,68468,Sao Paulo,SP
655e7de5416949009ed385f886ae60f0,32657d27f2744c0180f4572113405487,72188,Rio de Janeiro,RJ
8e4333dd03034b06b60a8fbd33511898,b295137458b9448681c68ba1a566415a,33631,Curitiba,PR
ae9728ec5aed42ce84e1f40e2e457eee,c88dfd11a3b4476484362183328c154e,59260,Sao Paulo,SP
66982be9df254653b70de941aaf1ee3b,75290d265a17447aab5614b50fda046a,90874,Porto Alegre,RS
b59116cddc9c43f98f4cab9fc33da692,4158449cdc19474d953c2a8d7ee46573,12962,Sao Paulo,SP
49440d14205140c7a601bc5d307c1024,6e41dccab57a4c3f881dabacd864c24f,37294,Sao Paulo,SP
f9f73a050ece49ba9ba88cc430d8855e,2414c2a5954743d692d5eacacba65328,98395,Sao Paulo,SP
ad030512da6d4a6db6c8e76d76b7ee28,9ff8381cfc6a4e57af776ef842f692f2,33937,PE City,PE
a8d8abb2232b49b39bdab8ed72f741f9,54db32a84d2e4800923844f25c661b58,65137,Sao Paulo,SP
e7e2f8704a7b47f8afa428434c9e721e,21fc6006200e4a01a34757a0fa47ed37,94089,Sao Paulo,SP
f735bae9060f4c6e9656bada440194fa,21a5618d947b45acbc9b08e07c0d500e,91986,Belo Horizonte,MG
c4bd858a43c749d58fd7d234d7158bad,5fe55a4868da4417b0bc2d376b1a80dc,56284,Sao Paulo,SP
e0ae68e530524ec8b4f2998dfe8e52d4,c75cec30441d410ba483db8eea9eda70,51393,Sao Paulo,SP
d79a75abbe71425db2a9ae8bc7d173c8,c2588f47c5634e19bf4cbc3ffcc1bdbd,22369,Sao Paulo,SP
5b9eaf41c4c74ff59db65c8d192f7314,8f071d9405c64f1f8bec73323eb4faf1,39445,Porto Alegre,RS
fda29de7e041465bb38d49334660834c,c6b9e85111114e51869da21ae00b0104,27111,Belo Horizonte,MG
120e2f723cdc4f17b21bda08fac248ff,0d35a5c623534a7984fc8bedd25df147,71646,Sao Paulo,SP
0e0b7ef702a54126becb5aa35af67216,19d2a99a97cc4432a70dd5e420b79084,63605,Sao Paulo,SP
6fd9854829fa440386cedc97e411ffed,8e110ec2f0f24bbbba9c09fc1f22a115,20341,Belo Horizonte,MG
eb83082f1f2d470ca3f11a6541346343,40a71dc4460c48d48870a27650a5ea6d,95399,Curitiba,PR
c91e4cce2a1845e0b1c9b558acfff3ef,77629e56dd9c4a6784126e5fd59cf4cc,71029,Sao Paulo,SP
15ffe5dd7bcc448982196f67640f476c,1526ada452f8442085a2ec99415d5f2d,88994,Sao Paulo,SP
26bab46a1f5248d7a79f28dfb511da38,ef3b506c2aaf4fd49d6e3b08577a9309,49335,Sao Paulo,SP
2e341b0b5a1b40839c5e15f595d0293b,8d4efc31bce84b6eb1929f7828ba6bea,83032,Porto Alegre,RS
7c4135739734452fa3fdf03c3c4e8e12,2a388a4d105f4336b651274b6af8fe7e,13159,CE City,CE
0f7b260ee9154d63abb432c8d430c6f1,613ee725ba5a4a51bf102b5fdf4c1d90,98752,Sao Paulo,SP
d1a2d5c4d8914ca59359b7d50d98f476,3f97d673524f419cb2c7d6df7d3e4564,27555,Sao Paulo,SP
719358d4678646afa3311e578f824632,df4ecd24cb4f4992a5a4a9b45ebb6be6,45435,Sao Paulo,SP
0ded98feaa754f618938a6aa009d6106,76c055de801e47ba9ed6de7e3955ec97,55212,Sao Paulo,SP
479940cd6c3e4e71b51dc68aa5076197,7ac53800cd6b404c8404705ccf71bb07,57066,Sao Paulo,SP
58e36f49fc8c47d29d7911b8e565e734,775427985da54484a35ff014704bf549,86591,PE City,PE
716b9039fd1e46189f973ed8b0b130ae,7f628e4254c04d6ab89ccb711fdd7b96,80785,Sao Paulo,SP
750dbbe28d7e486b9e16b980dd632827,21fa16fe1ae04819bb390f0b13c1ae77,55974,Curitiba,PR
68a673db36d949a1a8bd527a337a2401,186ec07da0b24a4d93fb3646ee0a7c01,24673,Sao Paulo,SP
c7dfa8a8012941f883cb01d149bf6f14,8d81a873c2ef470a92ee0577331a15c3,60104,SC City,SC
433bad2b27a9404a98753d671c6f08ac,05838b5627ac4aa597687df5411b237b,14856,Rio de Janeiro,RJ
89d83374085c4fcf82bc7e248decf9d7,ebd55e3319c1475490c6cc2e47735f74,27224,Sao Paulo,SP
c26cfc31d72d428d9be966dcb3512a2a,7528ffcac84a4ab3ba86daf7a7575389,23863,DF City,DF
b6ec8c4a9e6144bc95db833017e136f4,abd36c8689f8484595843593f919229b,23933,Sao Paulo,SP
d1df12db66dd464d8a9bb5299a0a1619,58dfed32f3154db398eb12c147e0fd62,85362,Belo Horizonte,MG
c7a691362a80472380f6dca97ad8bcf3,1d3cdad14d6a4dcc851c478f6c9dc8c5,97479,BA City,BA
9c049d42b1924d559f4f4459c12c34be,12371b7395cd452a818e48f0013e993c,24475,Sao Paulo,SP
2752c5cad55442e68476c071ad53f5d9,1a8ac32a7fb64c6b94df04105ef34456,51899,Rio de Janeiro,RJ
deb1ca8049564db3bd86090ee972f47c,d72c945c168e49e2afc66a318dca474f,80388,SC City,SC
0056ad1ba5e3401c9017ecf8336ba7aa,8455e0e200df4304b0ecee13a25a6a0f,86210,CE City,CE
6956cc71c8324960a47f7abe7d77569d,7a00bfb56cab48aeaa56a5c0eebb831c,21916,Porto Alegre,RS
fe4189a6e51a4f00afa6729525a4521d,a0e1b61b7e094894978eb9082435ac06,32377,Sao Paulo,SP
8f1c2b699a52405995aa776b9ea1af9d,4891a9a617f048328ddfba93431f89d0,66343,Porto Alegre,RS
3ecd9b1c8faa482698aa173c6afa4f41,339d81f01b7a4d8cacbcf40e44738c7f,80843,Porto Alegre,RS
ae5e10db880e41bd86ceb4bba546ed31,1c8a3bdff51447b0a5029585616414ec,63032,Porto Alegre,RS
6ee14470133a43fb8660aa00e0e714c8,647221996503476c8789fe3a91aea0bd,47425,SC City,SC
67c87424f7b74794952911375afe780e,07a51fc0be8b4ea9ac87c54f6da4bc64,89514,Sao Paulo,SP
9dd428c2a2f44df2a9ec1f9d51ac81df,092d06e0e7da4038b4c02c3c5790ba07,80236,Sao Paulo,SP
34fb0feebab24fdfacff3a2e9b58e9c5,ec9b018c61c04826b43dcf99af964b41,64214,Belo Horizonte,MG
5774d35f9db748d0ae656f42b9370116,655b670069c44af0a39375f3b694f8de,43462,DF City,DF
18f4100f8dd74d5fbff6b9aa07e485f8,7ed684cd3262486ca583ab3966cd39c1,72779,Rio de Janeiro,RJ
7023d1aaa1684ade9282d2c45767c76d,d195cc9f737a45939497f6358b9b85f6,82876,DF City,DF
138a7c876cab4a0592febbd658bb40c5,af322533b9d64bc8bdc9331a2342a22e,66093,PE City,PE
cb9963dcc9ee44708faf02f84c920379,2ddbb7f68e8341a4ac12c3f5a31c714e,77331,PE City,PE
823510ad083e423da05eaafbbe06c773,9316a1e647964998a2f3605400d482d4,98403,PE City,PE
20150e5e21794a78a15e23ee6ff5b67f,74a8d95aa4574c9c9041cd5893fa9817,65220,BA City,BA
c0b1b596fc5241fd94290499874aad9c,2cd189a77b6b4855a55f87addf4da8cf,26633,SC City,SC
3b5f307b1e56437ab4fe9aafdab43eca,dc8948398ab24d36bdfedc4bd9b5ad59,38035,Porto Alegre,RS
e0e3a25295fe4e6ca1566fb63b7aec12,203232a6f8334770b0df1ee19d6b523e,70766,Sao Paulo,SP
d7c675450a0f4d43b301e109ec1781dc,697c78b66cd94bc1af850292b93e9f21,59724,Sao Paulo,SP
c9f7808383304707b7dab153eab34a01,c727bc8b9a704dbf9912f7d398a2d1b3,17705,Sao Paulo,SP
e2705435176d450eaed05530d39979b7,4674d4d201af45ec8afbf858ddd4639f,11267,Sao Paulo,SP
aa336422ed1845f5beb55807f0bdaf70,3f78debc0ae54ada9b69a0a9bff76dbd,75562,Sao Paulo,SP
1b28627e3e5c424db168a34ca51a0c0a,ea395f296c614a0399972da9ac169b96,78880,PE City,PE
eff06ff96c134c89b4b2c870c2589dfc,efcbd964e8db4b73b972680b3221b9b5,45289,Belo Horizonte,MG
45d85a60f2cb48649d0f1381417433c8,e093fb936cb543548aba207614073c45,50889,Sao Paulo,SP
71f92f4966da4f938ed7fc19e3f5e8e7,53de79e2d37f463daf4257e74adae5ad,69793,Curitiba,PR
714de569b50d44d6905b0f71fac6b5cc,d52746a076824a4fabd5aeb5b5dcfe15,43923,Rio de Janeiro,RJ
01ca605e548e4adfb0776da7e5c50d5f,0ff454fec0ee4322b442ebf10701faa0,13097,Sao Paulo,SP
84882803fed04bde93be72c5e7bb9c09,ff4fecad3d0d42fb99033881ae4a1604,77000,BA City,BA
da5bd252747240fda2cc551b4e5413b1,a27941dff3804e41906801be884ffe3c,40241,Sao Paulo,SP
001c3f88b6094305abcc203b27a1026b,4942bca435b343e687e910d37d553797,67451,Porto Alegre,RS
c1c1980133284879a34a301ffbd55894,c78962f9ac8c4434b13666daab556d6d,96160,Sao Paulo,SP
63cea22c8d124eb5b677d8b81331bf86,dae336e566b44a2998b0916b05b97751,83071,Rio de Janeiro,RJ
b583a2f0c9904b68b20a2dd3aa03a821,78f29e3f23594d4da1267318cc632383,21609,SC City,SC
6e6a1072930145d0906b7e39c43eb1d4,fdc55e2f98d344d28d89791695350ef0,83997,Sao Paulo,SP
25c9fdb1382244378253db704a0ac0ca,72eb994d843f4e5482942a3a7c0fcb85,24357,CE City,CE
609452e265104689ba1982fb5ba2c5b4,c5a7a4ff43984c789fba8bdf421dda63,84958,Sao Paulo,SP
31b7275c4c01432fa6fbcfa9c2163fb8,bf449868c90343ce804371262200f57b,14263,Rio de Janeiro,RJ
b60b700e3e6b4002aa28546b3f2e01d5,655a3270150f41308cf8e6681b6a13a3,74316,PE City,PE
df13106df04f4583b70241b7c7b8a734,d5a567216294445aac31335dd7894bd5,48217,DF City,DF
058dd36c70b9465e96039d889d59ad3d,9fe2323360544391a43b262d8c890469,91226,Sao Paulo,SP
64c83ae6e2c14fe9af2871ff683bb334,3db7b03e923540efb0816710489b3bf5,84351,Sao Paulo,SP
85954e57b70144239ddd84d46296e71b,7511f7560db84e448b1889ddb085d52b,27121,Porto Alegre,RS
a1b67f6182574a3da4c6a1cb064b3158,5079dabfc6684734b72908964753f19f,21239,Sao Paulo,SP
40e92e3899004ed0a9f53ac234968d69,50f7727fc4da42fca86536526c78ba5c,67302,Rio de Janeiro,RJ
9e585b1997cd430dadb93d1b829c0907,bb7fd1b4bccc4cf5913e00b6707869e7,49423,Curitiba,PR
8e0df3034ba5417a8caaf67f7d732a68,8bb0928a558641efa4555d257fafb8bf,15716,Belo Horizonte,MG
b8647f652dbd4e9d802b1eac5fd21fc8,18101e0ba5064b288987433efffe43ca,16599,Sao Paulo,SP
c5e504eb3c4442d58ec6bcaf2a140c85,e7c582e545dc4876a8233fe04daa2e20,62909,Rio de Janeiro,RJ
9d28bc3365634fbfbb2e67eb7b77b75a,3c72632a43c04280a3bf14d232fd5336,84878,PE City,PE
db0cea992e534f89a9c380193045d421,1cbe9c908b1a40e3b31bfdd8fc37db9e,79348,Belo Horizonte,MG
7668ab76ecc04ea9bd99002b4e6c8344,5ed4357fc4bb45c58b4ceb7a4298f72a,36424,Porto Alegre,RS
30ff43cd4b094413af6a54c9180d3f73,9e838a05306d4d59b05d466b7f081054,61516,Sao Paulo,SP
e3a46c05eb4c43b19d8b9faf53644eea,1645ce6431d94e789378dff8e5b1c6f6,89682,Sao Paulo,SP
92a3b4f3e2244a5ca0ab1c0ba3719a81,71ab45d1f8f14f2dbd1a39c8bdf311a8,91962,Sao Paulo,SP
ff25d672a6a74341a6c20e2f27fdc31b,9881bb2ba38e41c193e290ffb8ca863d,26758,Rio de Janeiro,RJ
d61216bd3fa549108695097a0f6bb0c0,5d14baff094047faafa8f46ab9af6a9e,35871,Sao Paulo,SP
5489edfcd82c4f46a736d4784af3415d,312de02f47e047e88925c0627fb3c7ef,52734,Rio de Janeiro,RJ
29fe9e66baaa491181f18a6431a74c29,7ddfea258c65416b8a1904401a43df29,40207,Porto Alegre,RS
811b70ff6e754d5d819a1da550ff426a,69cfbb70dfcf4e29aa54e137cacd0fb3,46516,Porto Alegre,RS
b923130ab87b470e9bddeb0cf402fad5,aee2e3cc7c894a00bd433eca1c80baec,80822,Sao Paulo,SP
4c56c86bc0db411c913da58d7778fcf5,ba3996b499c24575a83d054a3974c5c0,45260,Curitiba,PR
3522787f392d4d27ac955043bbf9326e,c1347557530349ae8409661fa4b76eb2,76828,Belo Horizonte,MG
b86333e6be9241eba6e48ffce0e54db6,36e15f981eb6434aaebb4ca32f7b7e5c,67284,Sao Paulo,SP
8791d465a85e48c1a92f8a18b5e1cca0,f75dfe61d626404e840821091ebac402,45444,Sao Paulo,SP
a990e94abd1a4ac29ea029f12077f6e4,720c666053ac49ddac06376f20b3bcf8,68857,Belo Horizonte,MG
86adb13f077b4db195e4187395a42691,5f42abf4e635434ab6e6cd0d1f1020ac,15121,Sao Paulo,SP
a9f871f2805e44578f1566c76036a4ec,89cea8ce0a4f4a469ac96bc4b89d1b91,76082,Sao Paulo,SP
eabbd62db32745a689c66b0773a50fe1,12c4d1c183024fd6b86c033baf2e7c30,30672,Sao Paulo,SP
f1e3629cf1664f388d00679d7cf08fea,982fb76635934b9eacc7f2d75ddd0e3d,25370,Sao Paulo,SP
b02bffed160744608e24b0929861e160,89628e493fd34727914c0f2ebf1c8c99,39360,DF City,DF
8da7041596bb4c64bb20ff8c2c4882fa,23162d8522b0492baad073e36a90e1f1,85246,Porto Alegre,RS
63770b65b7c647b6a233608e79ef89e8,dd0a00ef9e5747f3b3ee5e0998624c66,79177,Rio de Janeiro,RJ
96bbaf7bd8cb46dda14e5776a305a053,a8877cc4a8784bec95c5a5997172f987,63768,DF City,DF
b747a07fb3b349f884ee6fddf04bbb31,c35ad74c060149328bbcef586c0cfb06,51754,Belo Horizonte,MG
b954f94f218748ecab2f9d27ebdc7ce4,3446d08f222344f590e2fc68d717f875,45955,Porto Alegre,RS
926eb9d6ee344dd896db6d2a425ebda8,545f7b3de09e406aa963dfd833e09334,66582,Sao Paulo,SP
ade10e0f100548788a9bc3761734c293,d8ef58e17b714359a31f043e3c8a3001,34574,Belo Horizonte,MG
3539a96ac233481a8ccce549dd147270,bfa23eea3ce84d1eb2e726398eb890ca,29403,Sao Paulo,SP
3472c0de01a94027906f5cfcd1d2905e,af82a63f910a4593bfdfa31caf463dd2,11275,Sao Paulo,SP
70077c51deec46bebec68cc9d56b9b73,059abb215e05456d9bfd56635288fb78,32042,Sao Paulo,SP
9faa1cd3ea2d418e805c76e1e4a46341,05df8fc58c82485b8aa4ef56b2c42e3d,18640,Sao Paulo,SP
0b79a76546384b11909fb6c95d4a838e,3ae3f347c18f436fb274a9fa9822c42b,31823,Sao Paulo,SP
6d095b36c8174698a797a33c3a2745f9,33d8ec24b8bb4ed58b69c3b45c9f7f0c,36122,Sao Paulo,SP
bcbe022af4e1475da4d801c825d125da,fe7831be7060479590b7401972e8d560,74443,SC City,SC
eb41b518e0c44c209c1058a3d5ed959b,706d9032d5af4e69b87b3f780119c19a,99957,Sao Paulo,SP
1f905a1b8a4e4cfda3b3cf9a3f1eef33,ac37bcadf74941fbaa9cb1a4dadc6e64,29449,SC City,SC
ebac300399e54b878bdbf8c573996829,8657f671545d4e20b48cc81ac2b7daa1,11906,Belo Horizonte,MG
b7c96424eba548e5a3bf46798aed38b0,00a63aaf14cd44dab4e9ae58bf8f1e11,57091,Rio de Janeiro,RJ
67c6304b7fc34c77abd9737a1816c62c,e45f06b6fa0c48119306d204df7e0083,53103,Sao Paulo,SP
38dfbb48a43542f28377ff34f5473b68,02e9c2f0f8e14a1cafdfde285d628c01,10195,PE City,PE
c988ef92454f48198038b1389192f7c4,7be4d6808b854aa8a03e0438594a4036,37280,Sao Paulo,SP
f3d8ced30a2b4b8c860c1eeb84165b1b,fa051710999b48ee879162c758d45def,38548,Porto Alegre,RS
a104d44a02f845b790258d4e143201f8,233f25f118344546a9831fafcdbaad82,10259,Belo Horizonte,MG
7fe00835f66b4476a408901f23333bfa,99c5dc6e74cf4fc98ccb383a954c09a0,17990,Rio de Janeiro,RJ
9d4c9ad7508245e1852a5c7c205ee5f5,076ccaca13284e268af9117e3f0f9bc3,12702,Sao Paulo,SP
9b42e2b7c68a4173a89f5adbb46ee35b,32bafb1d14714be5965ce89cc6afa189,12382,Rio de Janeiro,RJ
ac28731699e744338db448fb1a9709e9,0520e2f2f9fb412da977275a13f99bd9,81898,BA City,BA
576e250f8c9c46b7a861df4386cdff38,b6b17739b12d4edebc3981483e5c26f5,78025,SC City,SC
75d39e20a4b54386ba2599be5ec85de6,b3c1cb45553242599bf80ee669c3c00f,59401,DF City,DF
21ba15658a064b718e563ac52959264b,d0fa31807ff34384b706936766bd1de8,42593,Sao Paulo,SP
3d0ad7d202794da785c6ce201d4a2ac9,4816358e80f34b76891a45ea61a31430,48232,Sao Paulo,SP
3202dfc9e6b34ed689857fe89363c8c8,ed206fe6f9ca404593cf743381ffa0e0,62862,Sao Paulo,SP
de1c245b2921469fa1ba660280b24de1,ff2a6e2f929449b2b67ae294c660285e,69432,DF City,DF
58bba7e9f7be45cbb9281f6ad1ea24d9,d312a8a8ffe049a3ba6ee3da7ed6a59f,41361,Sao Paulo,SP
adaadf62d6b148879d8b68eb058b24bb,6939acea297e43e39e511545e02c2b24,87823,Sao Paulo,SP
368e1cfe58ca496b8bc07e95fa7aad8f,6cfd5d7fe79d47f4a5b4ec157c81e369,24579,PE City,PE
a96e3d337c394be5bd003d1a3a9ca5ec,25f0851f9ca24bc2b33940f48c255eb3,90240,Rio de Janeiro,RJ
9169239311064699a56c7678644920e5,23170e9f879940b2a281ce7a5551d053,10632,Belo Horizonte,MG
9700231e944343b38edc33919e9351e0,ff1dd713f73e431097139b5f7ba439fe,10440,Sao Paulo,SP
711c7018208f4204a4dbe1210cb539ad,e9c345ef265f4d0ea46c18b7c351a907,77653,Rio de Janeiro,RJ
035f7a59fe774a9e8b84f23c816e5031,c7ebd54a745142119b7c962c265439e6,78300,PE City,PE
03d7cc2b0a2d461eafe82ac27c95dc10,2395dcefcf7a424d93b5d899a14a7091,84938,Rio de Janeiro,RJ
cb9627c897b14f2e8b2f804b2bfcd6a4,2e5335ddfcaa4b178bb4f7d134d0b23a,84465,Sao Paulo,SP
4d16c6c709dc4dedbac5c99a60bd845f,1bcde160037543459057ecd2d11f58b4,21794,Sao Paulo,SP
b1b49c936f584b2bacb84bd3cd8f85fe,41d1a7a3bdab41e0bd2535ef5b4edf0b,25901,Sao Paulo,SP
c4ec24c34ebf40d1b6ce85763840bd6b,f8a825e80ec74874a2ba4ca476721c29,43046,Belo Horizonte,MG
cea58eb18e154f828248e0802218fa44,5e149fe927664a6fafc65e3fdadd81b0,25612,Sao Paulo,SP
f96fa00d44ae4d7ebec06afb54446403,7d43cb13ab6c48e79c67c9b00126c911,63240,Belo Horizonte,MG
c80f3b65451c403a9c2edbecf9f31261,eb02ff1181854f079f76d7c27d7e6958,10347,Rio de Janeiro,RJ
cb34567b481f4a738a98787d86bf12ad,6e72517a32d5471187b226e955d8251b,13033,Curitiba,PR
5f9846071efa4ef98dd35b24f208e0fa,c0a72042d1cb41afb2ba37be5a71053d,85975,Sao Paulo,SP
271f695b6fa2463b878ead8c0b8337f3,bc1817a6ad6c4aada2141d0b1de1fb52,22103,Curitiba,PR
435c4e075dee41ca809fb7a9dd009496,0d1f1db6eeec41cc880662d57b53b4ed,60394,Rio de Janeiro,RJ
f79e12c6666a42939fa0291c5c769d96,c49d0744b15a4ce09454632337e3802d,84411,Sao Paulo,SP
e16d94f5cfcd4b73a52c60aee6352837,b9fc40d0db9347989dc6d5a0c0eaff5a,92283,DF City,DF
2a28c868ac0641429bf3c0b2b42ebdbc,4ab5a63f349444bda8c99663cfc43a88,29958,Sao Paulo,SP
c63a3ba767ac4c0281be785a56fa2741,5fe5bdb9114c44c487ddf8d844784580,40814,Rio de Janeiro,RJ
9da30e8d970c4a7ca234f48c98c90be0,a45ab8bf443a44a6be365f68ca863a02,28201,Sao Paulo,SP
0cb661fa62c842f1b5f9ea94e3a97d59,1ea40b99e47d4b739c63ca75142719e5,99851,Rio de Janeiro,RJ
deb452389c924deca8fb7d8ec32047ba,0f73ed63bf9e4beb87b7e040816912ac,74811,Rio de Janeiro,RJ
0ea64643281d47f197febfd616283fd2,29256366b2354b66ba8bd1d60d0ec863,36416,Sao Paulo,SP
2994dcbeac4c41ff8edebbcb51512599,6ac2235fd02843c2903ac6b36ef5bf36,69866,Belo Horizonte,MG
f668ad64fd4f42ffbe1f87d38172fa3e,66bd89ce6db146b6a27985e28018019b,86280,Belo Horizonte,MG
3d7701ad9a6b4573a786d69f5bd0676c,9b69c19cf51b4b8f9f19e32d74fc2e23,98244,Curitiba,PR
b4589946eab74a1b961cd3a9b9588cbe,7359cd8167d64e3486a0389ce9b5dbf3,79721,Sao Paulo,SP
e14aa48b27a64982b528984289764197,896ea5718c9f4639aa7da37f2aed4ad8,85650,Sao Paulo,SP
6da3c04452754c59b4b9be67b8a5dff4,b4657dd78e824eefa8330593834ad9ea,70270,Belo Horizonte,MG
6de262f36885413fa9c9a6e8058ce04b,db8b3670932d46a1bb0c46b78e910841,90973,Sao Paulo,SP
5d3d5c6d2832464284766957eaa80243,96cfa72d454a4257b49f358ef393b6d4,15862,Belo Horizonte,MG
957cbebae124457283b9304431c393bf,9100b4c300114b678dfcdbe39eb2ea7b,60882,Sao Paulo,SP
1754f57722ef4cfcad6fc5eec6ddd1c8,9af3827e55744427a4a7ff79b5ba2aed,11167,Sao Paulo,SP
f4801f34c6194fab92b1f299f6d787f8,0a5725dc1146435da73ad7eb43cc0ec8,81011,SC City,SC
3a9a59665fff4b7e97eb80e0249b8911,1710d5b102294797bc480758421f9f74,54150,Curitiba,PR
632faeee767d4ca1a1f261117dfb3201,964c09580b2f4a308ebe378e26d976fb,49348,Belo Horizonte,MG
def2ec465ee342cfbdd85ece7e307537,03666c8136ad4e6f9438b47b2e961b5b,81214,BA City,BA
330d5ca1d3bf4766998e9c67722f4226,450b0147a0de4076bfecf1a6a04bc552,20774,Porto Alegre,RS
1e0790f3264445aebce9473982645016,1a52dc96725f4733a3a66ec3f13da25d,81776,Rio de Janeiro,RJ
38bd634b773b49d1b19ae8a342e51953,5cfe7f31210e4236ad4abbeb769c836a,65739,CE City,CE
b28b1d8533fb4513b2de5dd0255bfc9d,8195004c6ddf4d6b8aaaee08a51a0bf6,72918,Porto Alegre,RS
bc44d00dba0a4dcaa6de7e59edad5c70,2dccf46397b4403c857602e37da54747,43818,Belo Horizonte,MG
19e9b83510584cfc98f02f60348c90a2,e3a52e5d9a664633b33fd6554993dc61,60922,Sao Paulo,SP
86ca0a08e342468d929d67104d2b8221,694126bc149644149c607b475250209b,42105,PE City,PE
15a2a7c04b714091b823398a2e2a8528,99e68192029a40ffaf2e80b659104b0b,15325,Sao Paulo,SP
156c3d96fcd447ce91f162bd6719d3ed,0b841e6a346847989f2754720bc08434,16640,Sao Paulo,SP
a3fa313b413e4b0d910791b6cca1fc99,0bc87cfa779b473bbcd3fd5de8f75a96,13022,Sao Paulo,SP
3d89c7d437224ceb9fd52b9ddd881454,b26dbfeb04ac4276b38cd9e5a1a7dcfb,88213,Sao Paulo,SP
e63e025eb43843bc8d7c2182b89ac623,500d0d2e04734a189ad9bdebf9af055a,87265,Sao Paulo,SP
1e9bbbe07dd24d959b73240a119a332b,2eee3d71edd5436684169efbbabeb937,77508,SC City,SC
2ac108b9f07643bea7a2cf7584245452,bf5bc9d4c5a340bdbc5ba90185236fe8,46350,Belo Horizonte,MG
41a0c021f28e4b41a74480f41f76836f,fbb05cc798804aeeb9dbd8153e61467f,99692,Sao Paulo,SP
ac6c8d01528d45beaac61abeb7e095a4,4efd0d4b2fb2441aa39499f26fb4c6a9,38720,Curitiba,PR
2dea487e0b5a455f91429a8e1e963807,54fbcedb1b554959b210ef391f907368,42642,Rio de Janeiro,RJ
1d83d68941004a36b1b933644e2e1771,47f024f101ab41198638c00e79fa6c1f,66958,Rio de Janeiro,RJ
dbe908a7894c43e0a3765cb489d8ee3f,6b66cd0b010146d1a9f42ad27fc01bec,25563,Sao Paulo,SP
666f2416714e4660b0558310f86c83d4,dfeefb2902fe4367b9c4f0ec1e6365da,22685,BA City,BA
60ae723fd228491f91d7bad710fab009,08bd0b190c0447c7bb374f8cc3ceda13,42023,Sao Paulo,SP
57b04b79fada48d2b1df8d2eb73653cc,b4a7de2ac65d402eaac2982bb0591883,68414,Sao Paulo,SP
6d66021925cf4ec08481ac1bd5f54b5a,064f5d26c3c249c494b89cebfa8dc55d,20811,Sao Paulo,SP
5ae5675dbb2948c68aefd3a9f77a79ec,f35e7306dd8d4f55977509709e685a54,22598,Porto Alegre,RS
d999ddca216f4251a900aa1a759337b4,5cdcf93de47a40c482affd2747ed1ea5,78601,Belo Horizonte,MG
f6870447103148f0a87a668d09742108,b7f0c61d275749f78f0a04f863043667,21162,Sao Paulo,SP
5b6cc885592247ab92b6fa3e2d6dfdd8,019c1583cc7548f78962a5ccca9303fb,51725,Sao Paulo,SP
139e5d24fafb4a068d9eb587c5e6cd93,1805913b72744ec78b2687c4db546b39,22119,Belo Horizonte,MG
62ab40b8c4464b0291a2d8596c17a6a3,13145a326e0341f084f50d7b8cef363e,96789,Belo Horizonte,MG
c53c2f667b53435da5693dc839bf58ba,f901dcef092d4096a4bb630cb6087c25,89184,Sao Paulo,SP
97a33eeafd7d4a2095577bc9ca073361,166b7681a154492fb35f6743934e9a90,82783,SC City,SC
b1c124b43a084166b9180a322bbb4ecb,5e855c6e032c48e9915a9de0c4d89a0b,94641,CE City,CE
e2b66c477d474c1c969ee7a45f8c7e76,640f71a1ef234b95afcf9ff435f055e9,58415,Sao Paulo,SP
dc9653706d974acfbd09fcafb5f45a11,0de48a895aa1402ca83d926ec4c156df,43965,Belo Horizonte,MG
b30fcdf688ce40818e3f878f08090dca,86878ed9b2f040cbbe80759dc5533b62,53217,Sao Paulo,SP
ae2f50e5743442efbf63eaa7637a357b,62532d5c2ab94e13812fb4998940503d,75699,Porto Alegre,RS
e93791a7337447dd8c1541a3aa7b91ff,b3b5057e39ce423dbd89b74a63a85b50,28549,Sao Paulo,SP
6fb36b2ba08849c1b6eccb932e3313bd,9dd15553cdd34d1e95ec9e053df6e8a8,85147,Sao Paulo,SP
61c9f3cdaa4c4c2b8e44fd82061404f0,5958395c458c42cabda48a36c4b748ef,50507,Curitiba,PR
ab6160bf1084480ab6021838fef5ff2e,fc8ef6478d4c440a8275e55b9eeb8cdc,29671,SC City,SC
7692fb7751284d7b92c13e117581cb7e,a88f33aecd35464d923988388e58bdfb,12381,Sao Paulo,SP
f130cf9cdaad4876bd0f81001895f24e,259c2e802de148b1a4247175e744936d,34787,Sao Paulo,SP
6f5d5b26931f48b9b92e24eb292734ac,463cd18a7d8540eba725f1a3c50f10b8,93351,Sao Paulo,SP
a0eb620e511248c9acfb41daf787a2cc,cce036bad24d4e71a49508242ea9b49d,44049,Belo Horizonte,MG
84e34233e28d43d2b271c218b59bb6e1,ef5aad3e121f4615b6eb72093e423f3d,97127,Curitiba,PR
e2fc7956f83840b48d07bf292555ec4f,5053d08f227b4b8d84d7469f6eee1f5e,11577,Rio de Janeiro,RJ
ef648c3babb94b8db639b4ae854fa7da,2f7cb480334d4eae9af23406018bce72,18967,Belo Horizonte,MG
79e86a5c909b451c94652dbddf397f93,4e7c7625af9c4283a72702afdf00fe7f,57581,Curitiba,PR
528cb480f3904276883351a725bc10ee,6b1443845590402b896d133c943fc083,36667,Rio de Janeiro,RJ
4657e59039e249e6a540def4c954558b,646678c3cfd7411f8542fa37399045fc,52459,Belo Horizonte,MG
69381b8485584a0cb80d54c5cf5f39b0,5518b5378a0f485ca6125b16f36b2aad,41348,Rio de Janeiro,RJ
2548aee820114cbca91547b35b5562e1,eed0d5878c4843039e24b0d26810f992,46403,BA City,BA
b77cc8a7a5854ccabb319af495b6300c,64138214256c46729a80ded86c44c898,64116,Sao Paulo,SP
6bc27bcde9d04d17b1ce2fc9398c44e3,1aac5ef4593a4fb79e12cabcd51636c6,63885,Sao Paulo,SP
bca3e2b27ab5475da653d9b83d883320,fd68c74ea4524270a9bb2043afcfdf96,13928,Sao Paulo,SP
7215e69a08cb49a3baff6dae2c7863a6,f54a3dedf9fe4003a8025a12cc61a944,68520,SC City,SC
cf851ac42dbf490896647f24de5a986b,cf0491e19ec74b8cb3038d8bbec3266e,52159,Sao Paulo,SP
46243ae6c4054fb28f665a73ae766300,fc779c81e7764ff48cdc3c4ca78f5111,59160,Sao Paulo,SP
177208a8c7214e08be370ce3d9b9a4e8,e1e96fd2a7f8433f900fd42276b7b2b1,85334,CE City,CE
33d7baef875c4d87857603b13ef2c49a,beebfbbd521849e3832c6a67d5d0864d,89588,PE City,PE
4dce69b945cf4ac38a8f2c4faf23818a,87424bca835d493b8e6a275527d5f744,88280,CE City,CE
4d693f7b48aa4ac4b11fce25cc7089f3,628e4775a3f64b048ab1c1b2f158f263,42818,Sao Paulo,SP
a99b49b0a46e48faa696c664734a202d,9eaec281b7884b6eaf0c5d9c7e32264e,47143,BA City,BA
06caa197cf2e481a9f80ddc6a2d00335,95a349a1d00a4043bb1092dd533e1b18,86284,Sao Paulo,SP
e37bc2b35c4445298d76ed2c4a393ddd,ae3bc6d8c567410cb106ddf299f7deee,45826,Sao Paulo,SP
feb2509be3ab44509bad45bfc06716ef,268b184353a04742baae489ab6d7d7d0,63008,Sao Paulo,SP
ada11af4c741428895420b9c398e0fda,96e6a31ebed64e7aa94a3a24a4af012e,66615,Rio de Janeiro,RJ
bba566d3a9b6426c9f652357d03b57c1,b22cc9dafcbc490bb84abd0e500800e4,67883,Sao Paulo,SP
5b9a183b569a46ea806dc093b7c51e80,c175c042615e4b1e91c951b3d13d5f93,29434,Rio de Janeiro,RJ
8a92bc1c9a2a45f3b52588f3255eebb6,d0843ff95c0f49afb609e0168da02546,17034,SC City,SC
017cb92e96f74e45bd5c6b7080d3b1cc,2983686e4f944c199504f9324afd92b0,22516,Sao Paulo,SP
34e1f53ef3ab4af390e29758fb750848,1d8720cfe3004c4f84fd56d63b17fa58,17675,Sao Paulo,SP
f580f369438d422a8cac4a3d3e8f915e,ca8c454ad08c4a14b08692cca68f0e0f,82159,Sao Paulo,SP
65e82fd88a6340a789018a17bfa9c9b4,9aff70277ff04cfdb7e21f33cc9d6df9,28081,PE City,PE
85bb7d9afc9f4a6a9a2b5a5cbc207c4b,bd4d2fe886ff430894ce25ae9082b29f,44995,Sao Paulo,SP
adab8f409e6e4c1aaa49a93d0095dc78,0ac1404d18d043ebb18a121c88f51a5d,94405,Rio de Janeiro,RJ
93ac80599b334e49957c6fc381bce81e,6aae7117f63a41a0a2006bf872abd948,12101,Sao Paulo,SP
321d76db56804fc0b563474994977351,b4914a39353b4a5eac3fa99b61bfcc23,28255,BA City,BA
ad12347289b943889c7d3898e0a80845,dc17523da5324e93ae47e94421a87605,80657,Sao Paulo,SP
d72286042d034d33b66c10c73f790b25,65e96d68c45b430bbc25f44074a0ff2f,22006,Sao Paulo,SP
53cf510045084a7cbc943124b8038835,ebec379da5e848bc9e6a4f303347a7dd,76452,Sao Paulo,SP
0f5f487ab4264c60b58e41d899d7bdc6,2238a8abecc64b77943d6c9ee2faaa45,29950,BA City,BA
d2b6932d2c5a473cbebcfd049fa3a0fd,f1a22ea9144244e89e4f181a5373f315,28058,Sao Paulo,SP
07399d9714534ed7834eb9f717cfc0c7,143592ae5e1048c4aa6623a08d5fe10e,95539,Belo Horizonte,MG
de71e24040bb4255bf8a57f9705de29b,ce63f65b2268452e8483dc4dbb821c13,39162,Sao Paulo,SP
bb57feee35824d9cb21a8456293ccbae,a571f317ee164dbe8363027c53c0a0d9,77284,DF City,DF
226d732338ef41b784a8d5498bf22b35,f90805965ef74643a11bc8471eea8e8e,68554,Belo Horizonte,MG
c31982f0ff6d4ed995e6337c3486ab34,190428d0de7c4c2096802f4d0e295d29,88179,Belo Horizonte,MG
0536787e132e4a53bec88e5ff72e08d0,200e0fdefa944f1399bb3432f3a0161c,47877,Rio de Janeiro,RJ
940b0e5585f24964aa3bd6cec89f5b95,9dee2b7940da4a79822d67653ef58f63,10147,Sao Paulo,SP
dea0baa8aaf345a08ce9f1e88e51d1cd,62f3cd5c5a194784b2524148f972302c,29567,Sao Paulo,SP
9e143cbdbb4c48c5a34e534bec7d6984,f1f9007faeba4ab8abc0c2aa95cb8757,61259,Belo Horizonte,MG
a9df121223314dccab707aa386ca532c,fe7689974e1341339d50be9e62e160aa,28446,DF City,DF
b8cf1a07111145cc8962454b1a6d040b,4a9b7591c11549a881c89d14624f25f1,14414,Sao Paulo,SP
b6192780abf3440282818f7d7f497c38,c0dc7ea05170421a92cb3b693921830a,79583,BA City,BA
e0ceecdaf61e4248acaf8321949f0a23,1a5c83d4c47044379061aab84f72e53a,55436,Sao Paulo,SP
0219a9394ba6408d8a99537e271fe5f2,829bea6d6cb6459aa4da5943d09a606f,75640,PE City,PE
611ccdf80ac4443483c77384daf3be4a,015cbac636f542d4879eb6e92db9b2e7,19178,Sao Paulo,SP
e80763d688c34cb1b14720c59b278c55,8290ef3d198848dda19e98522e7ff111,75127,Sao Paulo,SP
d4991d8ec23a4ac78668c3dc60a3da07,b6a8b2c4822b4b8c984212af64d7c413,44351,Rio de Janeiro,RJ
696f2dcd9b2b4b8994af29275725773c,5da5a5f8c5a0469892c1eb1a59364d06,52567,Porto Alegre,RS
2f19e7739c324645bafbcf4102bc28f6,b79e8eedcaa74c6d80ee05cd1ff9fec5,27818,Porto Alegre,RS
fc549677f14c43f4bd307af67937c407,97c4c99013af4df4b9c3aeea87eaa2b8,71285,Rio de Janeiro,RJ
e6f8a45fdf9a4fe1a561bd05035da521,818b3704935c45bbbe38961f5f76454c,39805,Rio de Janeiro,RJ
95cfde374df341c3a23922e1131d77f9,8650d95ee8a442c988f2a8bc7342e4b1,56990,Sao Paulo,SP
03c495ff30884be0ac9d59e20efa3b40,cb0546d9f2ea4a7fa678be913ca9841e,93515,Sao Paulo,SP
3f4fb4b490cb4b2f8e039a81c38a7e53,b55a764d97c0498db26465a8b154fe5a,35251,Sao Paulo,SP
9f877d1b40bc46d2bacc28309c638b3b,a7a2c4099a6447ab8982b9ad5f7c19d5,63947,Rio de Janeiro,RJ
5e6890e1692f4615a5d1822527bf0e9d,55611f93e35f42518082f118db3bbf2d,50838,Rio de Janeiro,RJ
921a6ed3d60a448990a33f7f7944f81c,381a6d60734b405f88242bd367549cde,30941,Porto Alegre,RS
d36d159d140e4c4b931d44d4737a48a1,6c089a8909194f1faa7b7189ed9189a0,39133,Porto Alegre,RS
3a22b941cc6b4e5e9752148586e4f302,0dfc69b72b4c44799b8328f340f944b3,55146,Sao Paulo,SP
b061752ceede42ebbe8cbc4039f0daaf,16c4ffb040a146c29b648c3a8648adcc,69563,Curitiba,PR
28b1a4bf28814eafb7cdbe85d8de6adf,135b51f3ee8445ff903ebfc96656be1a,12280,Sao Paulo,SP
375c5b67fd7f45b2b98314b9971deae0,235fc0a28e00475ba628d5c5e4be1115,11103,Porto Alegre,RS
fe221480c83a42e698b3c0e27b2d7a79,aa7c7b923ff14cb581f66028c5b39b73,48621,Sao Paulo,SP
3df0af1519454972b619d5a7f736d25e,9ddb77e85cfa4e49b5a94e1b4383e44e,21428,Porto Alegre,RS
a003a3b71fcc42c7b0dfcc7158adfd90,b87813ec360a4a1081851d11c38cf6b1,30902,Rio de Janeiro,RJ
a9f344a4b4e6426a8e417f602b227e1c,a2248a947a6641d48ccfb0137f996cca,91232,Rio de Janeiro,RJ
16b2910250ed40998e9167e44515e892,315590f36f7f43ff94f273a5dfc9d6f0,22412,Porto Alegre,RS
d9ce3b99c0d743b387b813d0d82832f8,5b692f8afab04c3d84d1b53bff34aa82,83402,Sao Paulo,SP
5878ee56ea2f405ca740ded039b115a4,e7e28dceadb84f17940ea06c4203c2ca,28283,Sao Paulo,SP
32af843aec3b44c4833fa07d51a6e41c,7b8f4fd238034f208b11ff60f431e740,82307,Belo Horizonte,MG
6827128bd0f6465da99b71f0c1232da9,cf0ad98f6d6f433c8cd1b1a0ee363ab5,53517,SC City,SC
b12a76e0680d4296b3d7dfd0ec0b6123,f75b674b736c4ec5ab82d6c663fd4907,24048,Sao Paulo,SP
6e6f9fb8a3024c4e9c3d2f9e33686d12,79bc6aac526d45b2a53d535c5a279dc1,81952,Sao Paulo,SP
364b2bbb683a4cc2bc21d9f690b120a0,a090f2beb17f472a9b3d7164e95702f5,25229,Rio de Janeiro,RJ
08a94a9eba454ab28b30b0b390cd9796,168e1aa04874481789ef87266d3be504,99996,Belo Horizonte,MG
a18e8ed63521494ab5cf4da29eed99ea,0e25ad3a5c5440d08ff7fd891c2fd85e,64876,Rio de Janeiro,RJ
ae963b0fc1ad4cc1bc0f51db09560b37,251a5bae7b454166924cf523e64bed7d,19102,BA City,BA
6078d2c1e5c64d26ac8a32c742be0291,3efba113d2894880ad72e9b4eded60ca,92358,Rio de Janeiro,RJ
4e0c3add5511403383fc269061a4f9df,4bd7158cd97e47d7877975727b08dcb5,33159,Sao Paulo,SP
9f2f1008217a4a96be86ee4a7fcc6401,dfdd7b9c147d4d74944dff29a8de1e60,92778,Sao Paulo,SP
e5d9c256be02481b94a101923b2e9ca4,033f4b58c17145c18bb111db5b1b8840,52908,Rio de Janeiro,RJ
2e7942eb8ae44175994633f7961d157a,6a743f61ee0a4ccab0fd7e5b30ba7086,55344,Porto Alegre,RS
5d7a06220431410e8925364a63b69be1,52242ed7105c47ec81cc08d96303506d,83985,Sao Paulo,SP
13e17595d3de47caa141c55a40bf465b,ef6081fb8d0d4fa0a98cb83e5fb018f9,12346,CE City,CE
cababa168e26463a9b277180b0ef1ffa,5b1c61dcfce74f618c0acf5983f6510b,47599,Sao Paulo,SP
0f5b7e62adb74d33a809fd5187636a94,75e9681dbb5a4319b95ce7a0b3159701,97236,Rio de Janeiro,RJ
4f1e939f77b9458bb3c2bc8701b2723a,83c409a9861c4a7091dc0d2ee11c78cb,62111,Sao Paulo,SP
096ce21b572f4e349b6e0ce5c8147dbb,8f2b746f30ff4bafa9499c4011683066,24997,BA City,BA
9beca509513544f9a427934a60b42bf4,df722e7221d743518f5b994917af3672,14155,Curitiba,PR
0feb03e8f11f4bf3a9318ddfd8f776bf,abeda50f4e99456a87c12bdd98ad0f8a,17973,Sao Paulo,SP
4238e61da5cd47e495221ac7ce74673d,7d3235080b96438bae83afd99abbb466,70902,PE City,PE
2234b4aed8164f4590fe7f034a0521d2,02a087c6fb2f4c59946a590e963aff43,88854,Sao Paulo,SP
303b039ca25e4ac587104c3a81b2ae5c,1e9743a9fb7043518fd1b3b45c211557,32661,Porto Alegre,RS
5b0f8526cb4d4a9287e6b88ee8cbdcff,03be9f2bbec6466784e15e39e14e72e2,38713,SC City,SC
1bd45524265e4f2396b33a346c5d493e,9cff12f0972443238ea2204360bf30b3,17258,Porto Alegre,RS
e8fa280133e046b79cbd87c459253210,d7c39eac243e4a09a33cdcfbbebfa867,44668,PE City,PE
fd4a78ec3c564011800668ef6d6c444f,43b72bf1e7d145f29219cbf572ca97f3,65898,BA City,BA
0108257ba701480c906d0c79b6c3ea63,1d6ab9147adf43b0ad4456df336806d8,63529,CE City,CE
f28f9471e7c24351ab78e79b557e4989,074fdbd995d44979894124512bd6c0a4,13084,Sao Paulo,SP
198039209e7246279351a8e34e791832,4aad54ca00604a238e6e7723164c62e1,17049,Sao Paulo,SP
cc7612d419e845e6adc54881ea501c99,3b5b954902874a8abeb16e0c75094b06,21174,Belo Horizonte,MG
84ac65b268de4ab9ad1ad77a5254e569,433d0e89210e4e2a8b22519c6907247c,26749,Porto Alegre,RS
d883d47816044d30a744d42af64dfd8f,877779c099904654ae2d425609845c94,83604,Rio de Janeiro,RJ
4a7f51994b234db0823e565463d430ea,06ccd6c9ab8f4738a7b333949f1e00f6,41759,Sao Paulo,SP
883b362dd767400ea862788b7ac2328d,b776cf44124342cd9b44809f8eecd601,78468,SC City,SC
19234081c8d44cc9b49fb08b516d5da5,5561a8b0eb4a4371a18f4ee0ef7d2487,28785,DF City,DF
dea773be9d334bea8bf0066e6b752320,1ad1b95af1c3420280032850323ca564,70067,Sao Paulo,SP
c3e0cf31501d4a69b93e290826631ccc,951d0b0b18304d58bb76c2d46f5fd8bf,21359,Sao Paulo,SP
fc60d6ad47c541bf8eac929a548e0898,539c846a26164eb981f20fc2c6fe37dd,13882,Sao Paulo,SP
e819234cd31f4324b4beb56d53d735ec,0caf5016b14948248fad4c89cc5dc1d5,21761,Sao Paulo,SP
2e4e2a053b3645b99d83a5f85b2b08b3,443cd63c5d944aca92dcc5197893d681,33039,Porto Alegre,RS
3215e494074e4de4aaaad01fc0a69e46,6dd854a88b7d4d3d8c731e9abdd5f0c7,36280,PE City,PE
dc83596f6ef94390984f4dbc04c82d01,d5990c0e47d84e819ab5e3a6c0f64abf,26666,Sao Paulo,SP
18bb6cfff696441ea11278fd1c1799b7,3eb623b53a3140e6ae5e54160a3a2245,84422,Rio de Janeiro,RJ
295d66f9756543e9a1d095aebc346f39,95bee884509043879427cdcb850b418c,92201,Porto Alegre,RS
1fac6a482e854e41b42fc4165f66c8fd,1da40f2db42f4b31a0222c5f71a1afe9,65996,Sao Paulo,SP
f477837a4675463e86f6ca518cadb21f,2cefb512568d472facf3de797498824c,18997,Belo Horizonte,MG
a95bc655cf714a97a6749c054ec6305b,12162e261cbd4077b451c0674f0f1d1f,55986,Porto Alegre,RS
9e24308a70274bf491eec3cc00cfd193,0e9eafe08e4440e0919f931150fc2ef1,21740,SC City,SC
416fe3175bca4f4fbe7502ef2da8167a,12ca572541864cbfb4e87ca92420ab92,26396,Rio de Janeiro,RJ
e3951f552e92441a85199a457c98a8c7,a4851f99f3124fbead1e4ef652dc930d,13848,Porto Alegre,RS
cb0bee3975aa41daba2c4c2b9e1146a0,e97fd90e97cb4e01a8d8ccc81a1a7aa4,95834,Sao Paulo,SP
629dce7a55e74b0db1230426302b003e,ab2f6a4020094b59b58004a46c04777b,44667,Sao Paulo,SP
3c2318c07029442ea6bad49fba1f5008,4dfc8eda5bfc4cc5b15669fd1fe046ad,79776,Sao Paulo,SP
9211d6416ee847838a4ff1fb565c5e74,89fbb2230b824bda99df64e5bade2c64,59055,Sao Paulo,SP
69d37903150d4ff1bc96a07759247787,908d79284ac14b56a056c5c7945447f9,11511,Sao Paulo,SP
bb3d17ce4d4044b597c0307431da215c,b4ab84a92b3b488793535fb6f9a7fd20,75242,Sao Paulo,SP
81937d06f6e94251b008e72a22a581c1,f84a961846954a5d823665ab9a91daa0,66280,Belo Horizonte,MG
24cf863b0d0441c786338331813f8939,0377a6c155284dfda78bbd7e88d4e5c9,67045,Belo Horizonte,MG
1b54c3d3a24e44879ba5eb32dcce6ff7,989b1acfc3c9481bb751e00df6ab99c0,52611,Sao Paulo,SP
e2cdf89c3c5f4de29b440866777b71c7,d88ac39a7e9c4e648a1af104129e8dc3,39411,Sao Paulo,SP
5303374ee7bf4e589ba068c792a5a356,1b037a54da2b44b69704618cae28d2e8,43888,Belo Horizonte,MG
439b07b21d204230b262d8a02191dbc3,a4a292a3474f43af87f387ee433c9b94,50901,Sao Paulo,SP
5d318503513d404fafd610e086170967,518266ddc42e4922bbf6c4464c79cf81,60047,Sao Paulo,SP
03465889edf64c6a8a0bd7d7038b0196,b9f248ab965747ff8f132311800c455c,16029,Porto Alegre,RS
d8a88d6d525c4c8cbc98dd3c6fbde7e5,c1a51188059548da9ad96a50f6f267d3,50037,Sao Paulo,SP
ef5028e76ffb4bed96620171da1c37b1,f6431889099b4dbb9400f0b5ecc72eb7,95864,Sao Paulo,SP
0fd8beeb51924a01b2ee8bb7ba5e1bd4,21b481be507e4104a2c767cb433925ff,33292,Sao Paulo,SP
b14a72bbfcb945099aa1ddecabd18955,63ca181aeb47416ea2dba245718b58a0,28917,Sao Paulo,SP
fadf443a26884c939fb2f8de7c89fe1d,baff1642e87a481084c355595e32721a,67646,DF City,DF
7c680b5f01504a2ea396a62e9e8ad83c,9c4d1dc38abf4d3faf754bdce51eaef4,64914,Sao Paulo,SP
8613172a689d4d82bc6db14f2e9afbcb,77f522f8eb5b4969be6ccab43a382e31,38673,Rio de Janeiro,RJ
0e4f8496b7bc4cc7bad522f6b950c2cc,0007764ec32941cbb97a27e8673a9759,93101,Porto Alegre,RS
12fec648027643c99e97787baee19d1b,7baa760720b94618bbb154174c27e1d0,49301,Sao Paulo,SP
e5a6730204c6404a939194d6755b40c0,d2cab412071846c08ab592d6b4407fa8,60176,Sao Paulo,SP
f69f495edbf2472884dc7a86c0eb962f,57b01a7e7a384ecf86a3e0be5ee2b60b,13296,SC City,SC
1c3e159319c54a31a785bd8dbe6ff92e,d0b4fbd710ba4e02ac0847978ad11f08,24034,BA City,BA
7c23af7ee74d4a989d6b851732ccef54,82c3b15292ff4726a29a6803a0c382f6,91531,Sao Paulo,SP
90fc921410b94c2887b6721f12d5344a,49a7dcfe840c4e398cafba50e351b333,21549,Sao Paulo,SP
fb78b908c1ad4df4aac3e7a9ccfde6ed,89775a0a394a4734b3dbfbfbf0c71e7f,53633,Curitiba,PR
77ce4c5bd4d9435aa18808218f49bf93,f4fe40ccf9bd47ca9687d8c8c99fec76,41011,Sao Paulo,SP
796bb016c2e645d197e3b7dcd6e79ab8,fdec82fb46284975806151fb34909ac6,10897,Sao Paulo,SP
6e6d7b61357c40f0a0cbf511fbbfc849,d0e9eb30c9504fddbff2c5867cd55099,57965,Sao Paulo,SP
774b36e547a54a1f82ab4f88ff9ba093,a70322230507403ba751e06a007b17e4,75433,Sao Paulo,SP
812de7b09d64401088859742343e3242,c68194bf7bfa460baeaa8bbf04e02b81,92040,Sao Paulo,SP
ad5ef5a87b91444a998f12944883af6f,291855e356284b9f83c612be61c9179e,36864,Rio de Janeiro,RJ
805fd20f5cfd485fa772e567cdb50243,f9e242703fe14c1d8e6e405f1a357a7f,50517,Porto Alegre,RS
fa9ee1c4d7c9409589b6ed112e66e5f9,15433358b2a94fa79c77d3c4af2ec607,74463,Rio de Janeiro,RJ
690af60f82bf44399fd6fa5e00d7034b,385d123889394219a43608f1338c56b2,29516,Sao Paulo,SP
54c446b8a82447978612f1ac66be6aff,21bee3a1e0074b2495ad497dd31e1b55,44009,Rio de Janeiro,RJ
4376fdd25b8d48faa9f54c2e14103284,ab13fd8d3b944372babe763a57763870,40785,Porto Alegre,RS
774d64027f424e78afdd9bab4cf7d747,88dce7a70ee549a9a51dbd0c0961758b,55838,Sao Paulo,SP
b5ccccb6555e42e7bbbffd5c4da9aaae,eeb73c3c541c4bc28ac44c5275fabb57,83181,Sao Paulo,SP
69ac8da016174197be0780727a76c84c,6b2310e2775a41a8ad7824b749e20cc1,65293,Sao Paulo,SP
dc4040b28eab41f6b0674cf792e1e1ce,20f6d48384494f9b801335fb270c19b0,20888,Sao Paulo,SP
07a7469199de4e45a2f37008114701f5,37f6e3b4bb38485a90b5003d99cf257e,74378,PE City,PE
dfc4bda456ce4bbea32b542f6eaf197f,a69465ed890c4cd18b2131d55714b4ca,63717,Belo Horizonte,MG
31c2e6bfc90d484785c6051e7d6c8818,fe50f4a6085145e59d9ca6766a0e6126,80091,Sao Paulo,SP
ea69f60c4e42494da4571e74176a7764,e312099b4f394bd19947d1baa161ba93,32161,Porto Alegre,RS
e3bfbb43756e48e09563f7a7b82abb8c,00d6a479ff0e425a91c1f26cac5e754b,31388,Sao Paulo,SP
12edf533e561421ba168abec8d6252f7,79c7ccc7b5a34afdb2da57e7fe86f097,51661,Sao Paulo,SP
28882a96bf434feba334ae79c4f0abd3,1d824e837b464b9389f6fd8261f1dde4,23311,Sao Paulo,SP
e337b1bfa8b0450b856058fdea419c02,d29d92dc7a204da5810333626ab9c68d,99048,Belo Horizonte,MG
f6164ca5fe0941a88349b001becdf8c0,ff6af2d4f76b438691c28e7c1bc7df30,26543,Sao Paulo,SP
c747d43e9d0249ac8a91906cd628bd97,bb831e69edde4127b588db4de1af0ef2,70142,Sao Paulo,SP
95968aad55d4496e93cdf579f9fc72e9,a2d17408899b4081b8cdce6f0af2983c,97579,Sao Paulo,SP
9e5919e6dce74390b0d5b1a4f7f8d61e,45807b4f406c480cbe7e7efc094c52d0,34021,Sao Paulo,SP
f0edb599b8b84169b3e3eef060fc6650,5b902f9002a747c58c1ee1219a8a3172,61673,Porto Alegre,RS
0c8d58cdda9f42d7bc677f24944e3de2,d93b5d88364a49a3a87920a32df00b48,69383,SC City,SC
658b82d4c0f44934a3bebe6fa7f9750d,2c3b6649b1de4de390c592f99d1e3432,10497,Porto Alegre,RS
d1c72ecd5420472e97fea31cd36ae987,9c86187bc4464489be1d0e00647a972e,76766,Belo Horizonte,MG
f9a9ca7cb2a44ebeb82d044dc427b44b,64f4194d678a4ffba61ef24d27cb2c86,61378,PE City,PE
b54331c242e1464abd1bc302d51c1819,335a5df65d944dbb80fa059277d093b5,64828,Sao Paulo,SP
3325ce349eb44b8490aae2720318481c,5f561c1b08ee49b587eaac116de52b6e,60780,Sao Paulo,SP
c4da25b4fc0644d7a038ad48bb2247a8,d8ccd834b61e44ce90552cf3a6505a4f,56017,Sao Paulo,SP
4feef47e56af4c60b2e586a46162db8f,d5a0dd3c919a4cf88096ee59eb2e96dc,62453,Sao Paulo,SP
055b4cdb8116431ebb9fabc58c08d208,2270c9392b3249d087f1c75c2d33eb3c,30007,Sao Paulo,SP
ded5db7ee211453badb78f8e29abdffa,189c20e3bbdc47ed95a3b207365b9292,27042,Sao Paulo,SP
2dbbd55e06854749a2b7ec624075a5c1,67ff838f762547a9a90abe07b75bbdeb,46183,Sao Paulo,SP
7b26711af163402c9494f35e43940aa5,913988a563a1434daa43e2f1286930d5,20038,Rio de Janeiro,RJ
538cfc8538094b3891c82a225e38908f,19fa5c3d9a3a450fbc01511d06802228,91448,PE City,PE
71694dee273c47a7a10e3e2fa46c6c39,20b9d25366354918aee596fa5e6392b9,67924,Sao Paulo,SP
4c19dcad28a14a5683250da3ba57833a,5bb38f2d9ae4424dadc99b79ea5475a9,63578,Sao Paulo,SP
f274b4cd900d4aaca0dc950f1b113c3a,2a13138efb9942f58fbf5e35e4cce3e0,81536,Porto Alegre,RS
7f71f94104a34abd9222999548f10316,376c549d4e774c949520c09071025e89,67933,Sao Paulo,SP
5e1a55b78fe24422bbdb0de0ff3648b8,d28ff0fa324542109c44c755d654cf63,76930,Sao Paulo,SP
470e45270d4e48b4a087bfc4210082bc,ccb74e33c5244e0c986b74f5de8eb335,45332,Sao Paulo,SP
3168f1c842f14415a5d75b95c0158dd9,bac38bd9e6cb4d34a9d06f84828c9bf1,91729,Porto Alegre,RS
33d986e3218047f5926acbf094bdb798,8153806d326b468b8a810bfe51bd3a8f,48463,SC City,SC
bb0981714c794299a78f4f32a012d8b6,cea3705977f54147afc1852a784ebfe9,72037,Belo Horizonte,MG
729aadc6df0a4a6990f9c9ac019d40c1,40a907623c3f4acc8e72e9a9958db326,71221,Sao Paulo,SP
2d36d8d5bdc248fbb4188a5403594541,d31a3d0ce1104764a27c41da12c1e8fa,20553,Sao Paulo,SP
3c046c9700d0475491c3ce4a92c6bf33,94faa828089248a08693a49c53dc06dc,96820,Sao Paulo,SP
b8ee21a515e44bdaac644951347bf6d0,d9bc57510a4e4c41a54363900d7f0582,30924,PE City,PE
617060db7ca1457ca848214933a8683a,bd0c99dcc4014341996a423a20243450,85783,Belo Horizonte,MG
016917d8be764769a5f821515f76d98b,7a7a385036d741cfbe085c96f0e4c977,17876,Sao Paulo,SP
1e3478171b9341f5af9f666b5d7b56c2,10a98a1a382a4baea59efa0779f51ea0,93769,Belo Horizonte,MG
879cdf1fcc7d48eb8e127eb4081c8da1,028c39bcc9fc44989700d5771baf92c1,37222,Rio de Janeiro,RJ
d4237834c3c340a6a139d3e4e25cfc7f,05fc45a9221d4a1db79ec63efb42e01f,57396,CE City,CE
27bd9f0e422b456d8937ace6f36e6235,d9a528e0e8054c89821bc38bd16a0d02,11971,SC City,SC
0152376817b14d02be4ec8dfd6b7bb3f,071916b141f846f1b4d5021d62420e6e,14784,Sao Paulo,SP
a8919ccd933b4f4db6643b1805ba83eb,b0bc71daa7384991a857a2d6b2921f65,64104,Porto Alegre,RS
7a7e072a6e6145b98aeb413dda4cba25,ef3ae4e06167416ea275d8662d7eaf90,24267,Rio de Janeiro,RJ
8a87d795d5e74a1c8cf4b00721a8e4df,a4d49e68819b4fb18d2ad97ab3fddd39,76880,Sao Paulo,SP
474e1b2d09c34026b4c6ac31465731c0,e0807b18cdc241bc8eec49e7c9320a1d,49755,Porto Alegre,RS
b47f899977844b838eab72344ec989c5,9efe0cbbd23c4bf48f73c8bb7ce3860d,75614,Rio de Janeiro,RJ
ab907f55740a4affb5b68bb17f7b35e4,129dcb8bed444c4d8d47f730fb5a0c83,84137,Sao Paulo,SP
4d37e3110df643b781974c104c39a36b,b1fb946897a641d6831d01d0f1e472c7,73356,Belo Horizonte,MG
9b2025b02b554d6bbc2757aa1749f119,bd9fe182ac614930a89f10bfb78bcce1,49496,Belo Horizonte,MG
19f7fe09f2c144d0bbb047098a5abd56,b52cf6d959a543ac8c08a4300af13e55,29080,Sao Paulo,SP
afb95c20313e4413a264882374e01787,197e56eaabd7486ba966cff94fd0e69c,26456,Sao Paulo,SP
18f71ded1b614049bb0b0b8943a415a9,edd0c8236985446caceae79c7fdcac36,40840,Belo Horizonte,MG
ca6abbb3372f4d2084e5a5af98048955,b4c06fc5bb9645ff9971bbc5298e9a87,51052,Sao Paulo,SP
cbb8e4def7a246598dcaf752137c9578,6d941e7dab83452090171cc639f449a1,45635,SC City,SC
9dc4fa332ca5454994987a959fccab3b,d12246ff666740b884a99fb499fb12e0,37456,Sao Paulo,SP
7d4c2ee9c77641918c9e88c87a0c5fb8,d4944d9c8e474065ad4526b351da91f7,50317,Sao Paulo,SP
fcf21906e9284029b2d0887dacfd8ee6,e0d99a4f060f423e8dd27cc0898b13d1,17031,Sao Paulo,SP
01fb1052fd0f45fca2a2de61e9481fe9,d46eb554ef014e72b7391b5c6ed72329,50270,Rio de Janeiro,RJ
78adec5d65ca4d7ca4508a0949e2809c,3f706127fc694e4a80b5b0cd15e2fcc2,64955,Belo Horizonte,MG
cf1a94b1619549b49cd1ceef6a91cb6d,f2d4dd2267f74b9cbf6418d91dc73969,59598,Sao Paulo,SP
3fea6e9eee4f4f37befef4386875ea02,050f91a99fe8438f92201c0e5d3e3ba2,81786,Sao Paulo,SP
5fadf50d9968414d9c7d9402db2f4901,7721c24c5d454cadbb952e7f29983dd6,29970,Curitiba,PR
2368e41890744b6e9d29bab510f3e25d,e131135b27554366b195a7301b69385f,24478,Sao Paulo,SP
9368825259d74db085116be87706d238,a85162736ed745d39812e8efa4550199,29767,Sao Paulo,SP
07681c9fbceb4c4fbf3523b5547560e7,08922e2548354fa9af6d9a9cce89c37e,21387,Sao Paulo,SP
ea201200093a40488835328488b392ed,bcab03c4f4024ebea89e427581e33188,54076,Sao Paulo,SP
2c3fce4c1a8349eb844dbd3fd6d2e393,eeaae42a7bed49d38e074e0237b0acf3,93518,Sao Paulo,SP
04365048bee841d0ab3b229825a10cb4,35ee0857383149ba9e3a04eea27f5864,66731,Sao Paulo,SP
a54240dec39a4a5cb93693234fdf0c6a,3bd259f94b0c475bb301e9e13e6df426,43132,Sao Paulo,SP
81e559b3e4284902bf1b7f191ba3af5e,9e7f7fbfc36d4f279db7d0d1f3bf056e,89246,SC City,SC
b01edabfbb894a0fa7d00febeadf75ab,8d9ade0152b74c4db1b97653d5aa2a6d,56698,Sao Paulo,SP
e67000dc706c45ae937b0c0fc16d3474,f84a5ec4e66e4c368bdf7e75fd05879b,31446,Curitiba,PR
fe8453aa2f1343d5a52de006a18a4c37,022d8123dc91451a84b368de4eedcd9b,56781,Belo Horizonte,MG
0822b4fd9d724737b49ae28b41ad8971,b15a9418c1524713b5b0b31ff604c8cf,43656,Sao Paulo,SP
f11fe2dbb4494382b94d2a93fedde806,f52754348994486b9606a716b9fb0f80,85344,Rio de Janeiro,RJ
de8bc44e98bc42d8b8164e584bb55838,cdb74e27e2bf48bfa4b6dcdee5cbb85d,32553,Rio de Janeiro,RJ
da78eb73256d40bc9b1b20bbc3f733a0,9b27b2642eb9460a900dbf404df79fd8,12253,Sao Paulo,SP
2549dad5e7684518b99536554e96e622,81d5a46edeab4a98be9eaa9e31cda488,62385,PE City,PE
e0c106bd4adc4da18dfc34d587dc5798,fffb0c0d107c45cc9365227692a9b7cf,96497,Belo Horizonte,MG
75216d528345467b9a42974ee19975f5,97bba21e2af940988cc7befd6336cbd8,46229,BA City,BA
751707e70b374761b78f56265b751125,84e921f1706649b291bdb2a2d34b1606,47100,SC City,SC
f68f5fb48f17415fb054ee8e31de8809,975b2b1a92404fa69b3b12b0d4857d4c,94255,Sao Paulo,SP
4960c235683843f997377f382a94b5d7,70303ad9abf2456abe33b4d4d745015a,21526,Sao Paulo,SP
c4c991d4b983468fa06d9162ddb3cf96,f158a0651c7c4fe9aa29a7facb2fec6f,26216,Sao Paulo,SP
1ae620fd0a814b93900eca0b75d3bd18,98a950220e9a4db5b5c00ef089e9842b,23248,SC City,SC
465b539d906c4f6ab5c025f9c411f597,3f49c96dd2c34a50a8463586afc3fbd9,97894,BA City,BA
f3c350da1d454fa3b4c157935e25f3e4,f0e40eb0a6004788a45b204df967263c,90276,Rio de Janeiro,RJ
721e449afcaa4763826ca5d2b529a3d9,170df10960af4e868d7fad28425b91f5,74626,Sao Paulo,SP
f1bc07e0a7dc41b49729fac5decb4e03,b12a636605b54e4fb3c9a225a92151c9,35633,Sao Paulo,SP
567f1633582e47e3949c08234c263ec1,8619f7259f214915bb75b8570213b433,81657,SC City,SC
e198b83bb95a47ce8e883160dc4d0293,f441a08486a7424d90d97b8962b575d8,82146,PE City,PE
fb4559c9d49a4a3ea962209e956245a8,b0d8e1e65de848d8a13cc1346bf72f01,20526,Sao Paulo,SP
37c21adc8b0b464da5d064a5f661cc5e,264dbc8e65a54b04bf4aed82278b029e,79624,Sao Paulo,SP
99cf46050558497082f04712bbd6f96e,1042208ad0aa47ce88b20e06240b0fe9,29235,Sao Paulo,SP
68e4cf5117294c4e928e3f6e15810199,167351f130924c18a5e396f979d39b2b,70764,Sao Paulo,SP
ae53a6b3bff540138f4fdf5ad48b4e29,36a8ee659498410ba430121cb5484e78,42647,SC City,SC
8d2fe525b0204a259206c2aacd5627c0,124a97c0c10842828473f69a727d44ed,10330,Rio de Janeiro,RJ
ee6627e5015e4088a102fa7cb037bba6,943a3a2e17fe4c2094251222bbc2c046,97646,Belo Horizonte,MG
c347bb2063fe4b428a99867fb169dcd4,7ae45c76d3564525a4ce9ad5d3b70928,66234,Sao Paulo,SP
f471678937d747c583942e745084e1f9,8d825cf456c44356abbef36c368d9d43,40605,Sao Paulo,SP
9b74e247277943e08c7f4c231c8d0da8,4d48cc1547ff4281a809ad702dd576ca,50202,Sao Paulo,SP
335f544af21241418a6902187775fd8d,491bb62efb4046f3a02a8ecf78209c3e,39536,Curitiba,PR
4fa4f72225c64f4f8fc6ab0bd932327b,752c4531e4634271b58f7182031f1a7c,54218,Porto Alegre,RS
063ffe5b5c13471bb20986fd0938c2b4,24d18c6ea70844668e15d73deb9d01f5,98757,Sao Paulo,SP
e85809631eea424fb2cd8b781a17b2c8,ea2aae5f1674440483671e928554313d,86907,Sao Paulo,SP
b2cb093cc3a9445391f9088eb9dd7cd6,276707fd924b4f76b381665fc7e23adf,47683,Sao Paulo,SP
209f1cb1292e4478868708acb1857fdf,69c408e4f3a34dc1aadcb3dd5c97f96d,75594,Sao Paulo,SP
c05a4be596534133985b8fb5741e3296,a826053391054d4c9d5dc176b064dc16,75888,Belo Horizonte,MG
6cdc3e18cc49421bbca12f3a2e69a297,17772c034dd14e329bdafeb8d9999d43,33431,Rio de Janeiro,RJ
fa7922b62213406fb2db73c3fa194e17,8e87880617d74c3d9946d0aba1fb88b8,18489,Rio de Janeiro,RJ
c9f517eef35b478da2807683832f6a60,55194e90c1164169b2feed155d961ad4,79236,SC City,SC
90cecc908ac9451c9f812a45a482662d,a66866e6cddf483db04213761828fad7,77740,Rio de Janeiro,RJ
723d755466b94e1181d40851c4b9b1f9,0e7a606e7bc347b18cd8ba89c85bcd40,46336,Sao Paulo,SP
2647020d486d494ea00714ceed202d15,7d9ecf18da72465f8cd25c13917476ad,86898,Sao Paulo,SP
9e27a975d2034dd48043640515824718,e84a0ceb3780420994939469946616e8,65020,SC City,SC
003ffc55070a4bc8a58444e62ed7b73b,dd697a9348c3433db6700961642c29f7,80364,Belo Horizonte,MG
a2197feb825149d78a970d9aa74217a4,c1140dcd4b2946b6b972d184af2e8cbe,13040,Sao Paulo,SP
cbea6a1ffb8c4eab93e5f85e8a1eded1,10c2679b7ddb48b286319fcc0471c47b,63104,Belo Horizonte,MG
603f479462854589b2f57771dcd87b3a,a90389d6dc01499c9390f1bc86cb76bc,63104,Rio de Janeiro,RJ
6fc5dbf65bd44e53b6da402e08b9786c,3c6d141e13624efe8af5d73a051184f4,44035,SC City,SC
207bb6ba5c344f6292cff2c333e8164c,32dd8e5d28874ca9ade8f1d99d4a9fac,12396,PE City,PE
f7e93b82b92549a8ae65cf494fcb3918,4f83250857174655bed6b79b725a04a7,55523,Belo Horizonte,MG
57be7df6b8214edeab9d48f8a96e2468,bd0c25b961be458290c4c858109bebd0,22889,Porto Alegre,RS
82c722c1ccac4b149ba2db0c550c9719,2c8576cb1cca4fcaa40afcf31dfffef0,23206,Sao Paulo,SP
dd7613b6231240c09732f921f50c9771,addaf71d5150471eb06356fbddcd9784,15733,Belo Horizonte,MG
98e8c90a17df434292974ceb13731863,69839d3112fc4df2a417ccabe4da77ff,33821,Curitiba,PR
f996dd7c05f7429696126e7a8213a971,3e5f6510f73647f2998d5d969b724003,21941,Rio de Janeiro,RJ
5118580888d045cf8ed88fa23028c0bd,e852e758d3b943b897b8ce226e1f5725,31102,Belo Horizonte,MG
505fb0a759d6446988d933e9d426e8d1,88a5888327a44a0ebe627039a1ecc206,58636,BA City,BA
5c899e866fd149d1853804196eedaef2,f55048879aab4acba0a7af94b5788813,50763,Sao Paulo,SP
930d5764610746d4b27edbe323bc28d0,6be1ae86fa104f78998dfa2549e7a6ec,35699,Sao Paulo,SP
6cec10d86c5d493abc9debf2b8dd4e8f,c64c5f1cde584cf1832ace18e83c008d,96050,Porto Alegre,RS
0ea14817e65144ef9b3cb1a6f52629dd,fe1fb2bc7ede45e19101517e22b816cf,46564,SC City,SC
d0daabd5b7eb4ad0a42c66e010da8fca,a7ca3f0d55224ba6ad7457428b74e94f,20782,SC City,SC
a84c71ef57ea46ecad26e5b86ed64aba,96b2036d736146f28bbe3373200865ee,34443,Belo Horizonte,MG
99d1ff1f1524444da6464953bf12d233,a8672e407c804b258739f1c95293b9a5,42392,SC City,SC
ca00869aac8c4a6cbb398cb1acf9aebf,52750f0fd3e345c3b2877a626d4c16cb,13841,Porto Alegre,RS
d6d4adda1b57438582d707410f1eeb78,cf81c47e9f074639ae3b4953ffebc99d,25527,Sao Paulo,SP
8bdff30825ef4329abe3039176cfdac9,3fa0940c80a64a9ea8858ee6c05014ed,62618,Curitiba,PR
bee6a56e0b0f4361a70aa77814d165cc,51366b85de544f008034585d6c453fbd,16679,Sao Paulo,SP
b488abc712834277bce7be0481816c63,00f0a6dac37349bb9d693652f0653eca,50757,Sao Paulo,SP
f970b3d2664b49f48b72dffc32435140,cfe16d105077437ca6129512e8182b31,90124,Sao Paulo,SP
cc16b2f15e964248b881dac71ec29284,5e90f4ef510740c79328c3d437aca6be,79191,Sao Paulo,SP
14272526d1b6485aaf5f5c7245a64758,b9ec86d7d01f48b2a98e4ca157233aa8,65559,Sao Paulo,SP
c812251f30104a3eb482d14fee05eb51,7d0ddbe69d9440d482aac66ee2d5fe54,10549,Sao Paulo,SP
d7b018eacc2645c3af46775c4aa1e590,960defae65284cc987b2f26acd8b84aa,41420,Sao Paulo,SP
7e472845855a44c89e7eacfdac4e0cdb,de4fd733c81f4a3fb4e89adda9fe82da,75099,Sao Paulo,SP
ae02e1488be0458c9b2be81b03e32441,344f3ada3a6b497eaa5d76f9b9440bec,28648,Rio de Janeiro,RJ
34abb16a57e94fbfaff892c3a74997b7,411fe2e40eb04cf3a70fc81ff62c07dd,23170,Curitiba,PR
8cac459beda5434e9d7c0316919ad86c,e3b2b794684e41f0a43d9cdccb559ef2,94129,BA City,BA
51ee8192c5524706baf36c58d9fa02db,f0437797678b443f849f59a223c3f31e,76222,SC City,SC
42fcf3b366ea4f0f93c75133bf64fa76,23b9433a4dce432ea83e96e979a798ff,60469,Sao Paulo,SP
ad662f631cb548ceabd6ec633a30df9c,2e66fb52533c425ab724782d2112cde2,16929,Porto Alegre,RS
657ee0d2d6534a80a67e0a30189e8f74,ebe5260713cf4d2fa8a152836076b03d,17661,Sao Paulo,SP
afe44936b73242409196227c0cccaa49,ae48e4634ae942d39f3f7ab13faaffba,36559,Sao Paulo,SP
cec1f2299ee044ffb45f3ae875c78a2d,6f5afb42873745e5b53ede3301d8415c,31385,Belo Horizonte,MG
4360d39e3a714dbaa4750bc2db8df3c1,240b78c5ac4c4c1fbc573d3293257ac4,18189,Belo Horizonte,MG
0ea8608ca0a046a6a4c3f1245e354de6,d54d7c1e11d6410dbf901514ff1e3167,36429,Curitiba,PR
79a9bfd367ec4477885192193e99856c,91ee2b4b8cca4b98b395e34befab19e9,23767,Belo Horizonte,MG
b335e77e106342228a594351e3b80fc8,e9a6da5f36f04d01a26f0e9141510ba4,87945,Sao Paulo,SP
9f208ec1013e439dbd23f3b4a3278a70,c12f4de5b1ef4252aaa0175c093fdf20,68552,SC City,SC
3091ee8bd86c4a908d23d9fd1f00655d,2c732aea8777434e8638afa6094c079b,82189,Belo Horizonte,MG
f9bf869035cf4d0e8bc97140187854ec,610012bf227f428ba2cd87b67e19fca6,87624,Curitiba,PR
77ffef4461924f1eac2035b511d4bea4,03c37306033c4018922257af9b9f5a72,91644,Curitiba,PR
4a850fb96fe94459a5bb750bd0742712,a14742f2d8ac4799b82c7f164365b862,89218,Sao Paulo,SP
e70e6354e9984486936753644909b352,fbc65e2d99bc4874a8015622d3664d9e,16487,Sao Paulo,SP
c0869d802ae844e592e104d89dde58c7,14173c96977e4a3ba6a8bf0dbf7e575e,20509,Sao Paulo,SP
54bfe26bc9c243a08f0feb7a81521ec1,11accb25177d4e7ca1cc01c6a30a2497,21726,Sao Paulo,SP
9365a76b957e4596843502a099ab4389,cbc9f2391d854448b957d401fec0e0f3,46178,Sao Paulo,SP
ebd85e31574e420280ffc3a75612992c,05f9c4c82b494c8bb69ac12545b7a351,14251,Rio de Janeiro,RJ
4727a602c63b463fbad34192bb823ed7,b83fd9e19aa743a29093dc8a8712849a,11730,PE City,PE
584cbbf82d5440468d5fdd6eaabba597,27345f53ddd447619d7e53ec234efe78,37506,BA City,BA
b7398a3e0e5648e0b290844d9400d073,2451a9b2afaa4e33b8d5868654800599,49035,Porto Alegre,RS
7119677ebf6546dea8b97e6cd747618a,a678f88f034c42d597cce53b59675144,72238,Sao Paulo,SP
037172f26cc84c77974b27ac3871ee08,3a11033d053b440c926e2bcc204ab712,25306,Sao Paulo,SP
9bf7cd2b65ad4ed6bb9da3b99bf88021,7b7a1368ca4a4fd6b9e115317b6d176b,41549,Porto Alegre,RS
48042f4f7a1a4ccfa3b3f049e338c26d,7e2dbe55b9fa4be18c5508bfdb9eeb1f,24016,Sao Paulo,SP
597611f4fd5946849a119d3417c56d9a,eb48ddbcdc8646449e5da01fd6aab94c,75061,Curitiba,PR
ba3427dfb82d45c3a08bac6463473ea4,6e507f1f231243238ce87214412e103c,22963,PE City,PE
7487f947e4ef41799cf3fd91b34caada,f7b78143d0a34def9bcd403d384d72f7,87292,Sao Paulo,SP
e354ece939534374914ce0e04e0dfd06,de98e8c024494773aae6e35d2bf2a2bc,71162,Porto Alegre,RS
b94ed1f648a0413e96b49e89ade9d454,80e66167ecde4893bd41d2fc7afcf033,95489,Sao Paulo,SP
7b87011d99a64c7a8375ead13ad7a243,26197d1a359e4439a54863f3403ed2ca,82715,Porto Alegre,RS
a80eed803c6349cb85b3ff12b06b19e8,c1d19aa3e33948be95ee9507d14559b0,64387,Sao Paulo,SP
e29603574d8e4e078e6b03bbe754a7c1,afeb8585bf4644abae816a25a4a656a2,15975,Sao Paulo,SP
c81beb2b70554ce7a8dfcd767bbad2c7,e182981a677d4a4582a662ff9a259307,23757,Porto Alegre,RS
c8fdd94aa9e74591938af2c1258de97c,a23a0aedbfe34f7693056e6ea3cf8124,92620,Porto Alegre,RS
d1a1f2b7da3f44ecb18a52a696523019,4dd12cf25f2a4c13b78054b85b0ce77c,60849,Belo Horizonte,MG
12a1fcc18337430f905e9682ae9062ce,1e539246e65e4152a651e04f441b7430,30393,Rio de Janeiro,RJ
208a9fcf9230477eb6d58eb666dbcabb,4072ac4a27224b8db33da924a704e565,56501,Belo Horizonte,MG
607c38852ab0478c94b1ab86255e75ab,4dd78a053eaa41d4ae907d611f9dbf83,99619,Curitiba,PR
7fdf2ce6025a4f2f9bb2dd5ac2866c18,f4cfe19d71b2442f974976107f0ff682,90850,DF City,DF
c795bb443e3947a9a783f5db425eca60,778591c28da747cc82fe6aca3f011258,16675,BA City,BA
adebf23139a247d5b26c8d763a0459bc,f16940edb63d477fbabfbf916696e3a6,76496,Curitiba,PR
fc7a42a7b43a4b8c8817934984a859e0,03fa2ef814b646adae012e3e455a25b4,43865,Porto Alegre,RS
f4cc17796d5742dda0fa3897d9907157,685ffae7e26e4603b8a24c2659cd625c,22913,Belo Horizonte,MG
8bdec45c2b7c475aa59e5fe1c9df6ead,b45a57142af84ed8b2c2a4967569277a,86262,Sao Paulo,SP
268ccb8d08364314a04db6b3eb680cb1,506e2c58bbd84e4eba91298c6f4b7725,94936,Sao Paulo,SP
54d5b5c2993e4c1a88d522314243ef19,f095961301a9420a94ea9ca47a06cac7,47341,SC City,SC
90c31c4710e1422ba3340a7b91e05b52,3968113b836d49b3931b24a41fe4bfa0,93379,Curitiba,PR
64e03c7408fd49dc8733d344b20737ea,0960df67f6ba46f7887f7c0b3ba18e31,71165,Belo Horizonte,MG
8f21bc0b003d44eb97d0a2f5bb5b71f1,d8924465adcb4521927f9546d7b08405,78666,Rio de Janeiro,RJ
fa86c8dabd4244d2b839b6a017e4a61f,267a450e59214d1eac82d507851782a4,53077,Sao Paulo,SP
8f7a236ed67644ecbd4d2ef2f5256a21,254feb163f6e481b8c2850637b6023a9,57796,Sao Paulo,SP
810cd491da3d4953bb698c28479782c6,36ceec64879d46cda9f1f40e4fb305dc,11235,Rio de Janeiro,RJ
83ae8fabfa6240f7adfe0ecd8d318723,7bfc02c9d0454f9bbd75e467c435499f,92403,Rio de Janeiro,RJ
8b843937dc174a9780210deb30a0c9b8,bb0926addcd34cc1929cb3ce5c07b9aa,25791,PE City,PE
d299e3b6f34749f096398cdbb3de8704,3ab437aca8dd4b6d9c0314e82bc34da1,20097,Sao Paulo,SP
075cb17d06c94c9c8d2b8436c26b834d,4c7859fa55054b239323c68e1bbbea9c,37005,Rio de Janeiro,RJ
2c387e6bb31d49e69fdf1593379f2d32,d75934ae50c7489c9581ef94d229d0de,67350,Sao Paulo,SP
fafa0d40b8614122aeaf83cee742cf28,522c44cb2b3343299a2af4547fc59a70,54659,CE City,CE
c210cc481b7c4578908efbf583871a8a,797081c0ac464e9cbe2cf8786063823e,39288,BA City,BA
4a68b05e84634f639e00f4e23f5bd27d,d0da2e6958fe4cdbb97c28db1eec2794,54262,Rio de Janeiro,RJ
637ad2ce325f4e37a15b4c1eece8c1a3,3b1e313c912c47e4ac8536922038c95e,79482,CE City,CE
756e30c96ddb4151a07ee8ac7410ed78,5b54ed5268c44c94b37c9285088096c1,31711,Rio de Janeiro,RJ
458a0ffd45774dafb7cf58952335ecb5,462df40e442e4b84a5a4e8cf4fd0455e,25647,Sao Paulo,SP
6e1014f6af744cf090bb9e19d9beac2c,f23548c980f6451b9eb0967be0498571,12966,Rio de Janeiro,RJ
c88f0f96c9c24de9bc5f32e92c46c39a,372e843386a243b7a09da6d30e7ad018,71937,Sao Paulo,SP
b9cdba7430ce4c6ea79939d697c232b2,5ca6ec2ca2334be6a4194df651d723e5,31819,Belo Horizonte,MG
8a09b602c1704f4ab9b1ad511c228c83,f8eaf84e513a463c865ba30b1c411a87,83152,PE City,PE
3a35de8c0d194e16bd8494f7a20f604b,c55e687bfe7948e49026bcf4c1a21b41,79269,Curitiba,PR
b73943bb86c2449e9c73020bbd71ee91,95f34d525c554a3db72ce6a33be1fdbb,98604,Sao Paulo,SP
13acbd88d3ef405ba1aa846c3853441a,7cd3b4ece18d4fc4af9c91c7259ae1fe,68148,Sao Paulo,SP
1fa840b1e346456893372921ebcd54c1,ea3708205cb448bc8cdeedeb3939ee33,78496,Sao Paulo,SP
0c0b442a3f464bc8ab18dd73d912507e,21110088b9374f3dbdffcfba91b76566,10453,Sao Paulo,SP
81fc5753d86a42a6a7308fa9414e0ad4,ffbe4d5bc71049d68a77730316928f24,71823,Sao Paulo,SP
a9cdc24aac7a4d8f927c7a8b899d7967,274fd1e9dac14f468c7b1b38ec80e0c0,28035,Rio de Janeiro,RJ
b62eccda83394c12a7513769d2d2b83e,a1e2eb30b6174c73843ee54fb5ec3a09,71339,Porto Alegre,RS
749a36373c9b49feafad7f7de193e66f,1392ee51f7ee4c5e807840f63f778cc4,88478,Curitiba,PR
194dc2422d624547b1b8b44df7738e32,130922e1ccbd4f7db4095adb499e57e7,17371,Sao Paulo,SP
5606ecc754cd49369f54c412762807c5,1c9ca34fcffc48ae86d5e7a635c807e0,39713,Sao Paulo,SP
5f89c09bfacc4a2e812b2efbf399f269,f8fb9d9988f74c54966bb2115aa32854,71334,Sao Paulo,SP
f4f1c73f06014f099e0eb6a543ad70ea,b43c9e8d917946148f38c6378827d216,24673,Sao Paulo,SP
d2730600a81f4398a91e7916db99b68c,8afa1d99a42a4b74ac4c8633535716de,64460,Sao Paulo,SP
437124538e424016aedb53c1530bf997,afb605ae5a55444dba3302f4bbff275f,23865,Sao Paulo,SP
5b53c82a6efb4ae48566d317851b1bb8,a3037e62d44842bfa819e2a2642a1bf9,65935,Belo Horizonte,MG
119a7315490649b3b2e3766f735dd419,1a1978b0b1a842388ab470093f8e5611,13603,BA City,BA
b012e93ead20447e929df4ea7e5e8d4c,14e5e7cf75d34ecd8e7fe8f51149012a,82420,Rio de Janeiro,RJ
6a1bcdd3a81c4a9b84fb84ead8923ef3,0ec3434816164a108ee571e1e0d362a7,77106,Porto Alegre,RS
e976cffe03b54a3992b1cc34f24d3e2e,1f42cf4eba1c4b45a50799da64cb1435,24557,Sao Paulo,SP
bfd9636f6d49411296f1ecce00deadcc,4b25893919bd4716a52dd6072947c3be,90683,BA City,BA
250e967b20564ea48a45fcfcdcc816f7,70b5827865be445983a12b7eaec5145b,71601,Sao Paulo,SP
c906953799e9405d8155f0eaf402cd26,db44aa64d3a6416aa7079c31940578bd,30267,Sao Paulo,SP
a02ee25d3d93472bad9ff01e77f38e01,d4c91639649242bcb63c8332c431c726,27010,Sao Paulo,SP
ed9e936d08a8488b8f735c1e6a30f563,5fa8beac68684fd89a6d3cd64743ef22,36581,Sao Paulo,SP
656543aff44647a8a98a417a5cda54b0,d7345514a8094be285f4931ff6a2b8b5,98715,Rio de Janeiro,RJ
137b4ff77a074ec2adb4a98f9ef1e9f3,f8cd02ddc69342bd8082ae198a8bfecc,88082,CE City,CE
7dee16cb859147999a2dee6ab6a3b5c6,842c5abd3e794c72b5dfbeed52178e1d,87080,Curitiba,PR
ab6ef9822b7843308df2cacaa265ae34,9e5f8435d8a94b4a96e3daa55380470d,93065,Sao Paulo,SP
6410b29492be45b79d1b61883d43b1aa,59ff3827efca465fb2cf414d559129bb,60357,Belo Horizonte,MG
38ef69b67c424ae78087c32cff976cbf,5973dd1ebb4342dc9ca48de0b5c278eb,42940,Belo Horizonte,MG
01005b01ca014dcbb775193aaf743e69,8a04e71024744fde8df3afc448d8d74a,73061,SC City,SC
2cff509ed19d42a2a303d2a2d879e167,8bfd928014e0414db23d7226e99b22a1,74279,Porto Alegre,RS
935cc7e9db97460ca7e5f4cc75cd2993,49b0c5ea01ec4a4ebfaa2f308a3df05f,25809,Belo Horizonte,MG
de535bb357844efd8979f41c9b350e00,58096ee0c27b41c4bca5eac3367789bb,80185,Belo Horizonte,MG
ac0ccfd2b87849f899a96d21510d8fed,eff42baae4a14f44920503b61eb8b9cc,35947,Porto Alegre,RS
52a1468261294b74865c9ce7490d5884,f11d8d002b9b489fb098d355448d23db,73591,Sao Paulo,SP
ba308cc18a194e129b0a22f157a33162,311aecf7e5604891bf39e9b6228837c0,54413,Sao Paulo,SP
4e1328cc821c424a827b25e7bed8e771,7d765d763976413082ab44a2eeff9595,39712,Porto Alegre,RS
6d7ee84946ee4a968321f55c34749793,3d9a4058bfe24ac29a83f4e8c9885350,15284,SC City,SC
b2cc2fc39cf247c68ddcfb94baa9110a,bcdb08df055b4427b390191e032bcd4c,68642,Sao Paulo,SP
f7205b8407b34e5d9e4cb404ce48cc7c,153032ae407c4cc2b5d32d69a1914b06,64948,CE City,CE
0993ac1b069a4d459ef2cf5d9e34d38d,22359208922d4703b819628a9a8e46e7,83355,Sao Paulo,SP
7b08c205267a4f62ba3c4381206a57c1,3408cfe241054195a7418224b88eaf51,23899,Sao Paulo,SP
d26d03da6ce04d62a3f794e122cf849f,cf55533fa90647e3a443bbdcb9721184,10914,Sao Paulo,SP
1e69d0d0723340de85419dc2827cbf52,7b67ff655754479cb055f50f68391f58,33863,PE City,PE
e025c208329542e1b8575e280082341d,d6621f09f4584e96b7cc7c0940e2043c,47590,Sao Paulo,SP
777e433b545b4ea1a2a5f20476c3078d,2fceaabb776a4588b21cebbd70d6e21b,81700,Rio de Janeiro,RJ
fcdbd2f2605d4360af18a709c365e2e4,d23d737645f6483ca181e5e69c26e245,11956,Sao Paulo,SP
c236a8d6f70a455e8d0813f53fd7fec0,e8ec8bdc20f340798cc75b83b44c50e4,98307,Rio de Janeiro,RJ
42ec4c795bca41d3a73887c05800b384,b918c5b8819f4785a0c90cd41d102a5a,81963,SC City,SC
c3c88b5fd6c74aff8afdc7a153f7044c,3f6d891615da49009c15a5f4c0351231,58016,Sao Paulo,SP
6c217ea05ebd4430a870344a05e44a73,e04e5dd53feb4025bb081e55729ddd3a,56123,SC City,SC
2ae96221e16e4fe1b3dac87a54307adb,79bb0891e3304b369ed83c60d78be92e,71016,PE City,PE
488726b081ac4ec98c8d5e890d489140,33a49e7e697e4611b1d2ecc139bfe67b,75601,Sao Paulo,SP
c077346d855843ec8dfc3a48e5385f5a,d0edcd84719f435daa3aa2fac19596ea,14125,Curitiba,PR
ddd669c8b867485399a8b5c469cd62fe,13fb89c48e8e4a87a30e369f22248dfd,11930,Sao Paulo,SP
3676fc60ad6044ba8a9d06235e914f31,e99dce0727434f76a942520b8da91edb,32245,Sao Paulo,SP
923050dd36ee4efabdacd24e4505187a,9e60b1e7478a49c2b718e1eace308082,95371,Belo Horizonte,MG
2937495197e7441b8f2ea75f40014e99,aaaae402b3a443c7a42899475e9e3a39,43671,Porto Alegre,RS
4d34eeb28488464a953d7f3beba5524d,3246da26d3614ef083aa67916393f833,97704,Sao Paulo,SP
881b9e669a734f38b954a395783918c5,49df43e2ceed47e29de2f7553b352a20,48425,Sao Paulo,SP
b32e708f03d24502b90b688883b27c90,89c8210c4c0f44dd8f4ef2bceecfd37d,35448,PE City,PE
f7a59de6d01c4f1f9137e0a0b38565f4,9cdd435e508c4b8998cbcb6a8d4bcb71,27688,Porto Alegre,RS
a43e681ab9e24862be77647bf8657677,64207f6aae8c4844abcd83e0927732b3,37955,Sao Paulo,SP
9e2ed778cc634fe58524536f1a1716c3,5d3cd4d91a4246c5945c98c00a3f75b0,61807,Rio de Janeiro,RJ
00d92704d5db498f9daf6a40d79e171f,293d2dcdac584af596c3d913402eec1b,34408,Sao Paulo,SP
b000bae8a6a04f0cad3065ff631005aa,d4c96f3493d74de0870e88c3de7ab99a,31268,Sao Paulo,SP
439b8b9ae98e40d597b9fb068b07c972,99e8a541033949aa9c5842412af57e1a,25930,Rio de Janeiro,RJ
06c980bc449b4170a066f6928b9a826c,59c48ab3054b4058a5d3f520a3e18d0e,61210,Rio de Janeiro,RJ
09990b4ea82949a7b3294287243b9ed9,3f9cd140567840928b9f5ef7b4d3e1ca,86687,Sao Paulo,SP
5dd0cecd4b9f4e3a9b9afd8a46b0d0c9,75a46122ff954ac6b2f272674727443a,14987,Curitiba,PR
df1f06b733554e4d94c2514c70265a3a,0acd2d0daa304ba98fee9b2b0948335e,60390,Sao Paulo,SP
e22acbf450164416b0734fbc472962a2,da4c2eef7bf543c6ba1d2f914469dfb6,88966,Belo Horizonte,MG
2950328e345446c692fe00d6e385dff0,6b6ff05850744cbabbaa549964736e5c,97672,Sao Paulo,SP
2f2c243612d1413f974d82bd17871be3,9bbf53fc53aa4bb1b3b49365c4e72079,60125,Rio de Janeiro,RJ
361d076d2d254794a58453c873781f34,82138422032b4406b24050d66b9ab025,82284,Sao Paulo,SP
593bf127f92d4fa5906f6ab190294a81,3abeff731bdf4e88ba38e63b16028c94,56191,Belo Horizonte,MG
82f3d64fabc04cdcba66d1d84f72a68a,62ae295acb3b4750bcc4032cb38697c0,69754,Rio de Janeiro,RJ
53f09191432244f68377c4beb86801b9,7add11ff44a2459f88a92be61f14da6f,44023,Sao Paulo,SP
9eee0039a53346f69f84005831279f09,b27cbb41664a457bb522d9dacb3c20df,62220,Sao Paulo,SP
8ad6095a888e4b4581f39af373e32e77,4a53d3c7b3e6456c86994b3608ce4059,97343,Rio de Janeiro,RJ
30ec5c46dee845c8844d476feb924499,915dcda959cf4392ae3a7856400b3438,71886,Sao Paulo,SP
2a22d6845c544820bae000f1e86c0497,075e0dfcc66a4b17a984f3746bca173e,12611,Belo Horizonte,MG
6b9090137d094e40a7433a852ae32c77,7c7cd03007b04ac3a32aa85faff42bef,60978,Sao Paulo,SP
0ee10ce372804dd8a51fc04c4ca7e754,5da0a05c7fab451cb53a4dd9afc54888,67997,Belo Horizonte,MG
3649cd62445249a3a0b3079a38bec34e,94f6f0cbea504e6d8d3cdb1bc4b3032d,99422,DF City,DF
9d40a075357b4381afa1cf0d4ea1c4ea,1ce3534d89fc4f25bd610ccb780763ac,99474,Rio de Janeiro,RJ
0a60ad5c40b14f64bfb21daf9c3ed0a1,5ff9c9da5cc74d54918d875633b58002,56728,Curitiba,PR
87f6f9fee3a14fe0b4dd4a3a00ad3ca8,9c4b1f70f1be490ea6128653a1053268,18689,Curitiba,PR
f2c8000000d34a93ad465a82ece5b4cd,891c9cbc07d9467eaf6956893d5dfb90,67269,PE City,PE
437395f7417940408fe81a586f29e81e,934d08aff8aa49a8b4af8053a488bf04,91231,Sao Paulo,SP
e5cfc80523524dfcbbe00d357ded4530,bb6de5272e0147d5b275a1b280206e6e,25518,SC City,SC
b8073fba002e4e7d873a9cd98f17b9c0,a886d8b4b5674b1c95a01b8cb759f82d,42231,PE City,PE
626683d8b5ae4530b60d6f4725024228,131bde9f0a514949bc247ebbf75dcb8e,85768,Sao Paulo,SP
91f15733773447c5bd50a24d99ab2e45,3196eb706fac4d5e88a05e09b9d1e589,57798,Sao Paulo,SP
242fe22e5c5c4f01b58dbd2d5fa59149,6458cb4835b3435281f9c6255acb1752,28617,DF City,DF
e5a57e453df740c7a30c8ece42c1d0c5,6d236664281b4abf9450aad9e5d62b11,21723,Belo Horizonte,MG
c61832310d2d4cb2b8658c9cfcbc519d,ac2c9a0e648d481b98d0db35dbb1dfd8,52186,Sao Paulo,SP
12c1de78f7714d8399eb0ac64fe70a62,f7acfdab4edc43b38bbb45d4c9a4b39c,17198,Curitiba,PR
8528768ee9fd426094dffd90542c9fc4,cf90a9def4e6484db10c02bdc9c2cade,25130,Sao Paulo,SP
828a184b453b442f8c482c4cf81d58d3,0f3c3bb57f354a2f965c94d6aafbea21,63290,Sao Paulo,SP
906c7a23c92843fd93eec29671226cea,85a4640c92dc404fbe4ecb1fcd2efb4e,49084,Rio de Janeiro,RJ
4c61333c7f1b4c2a9b147456981ce1a0,005f3aa849b74772b86afb6fb4cfb314,29030,Belo Horizonte,MG
58f21f60fd524465a19290e54dc77b61,4a17c0e096b94931b5f6fafd332b770a,60907,SC City,SC
22cb06d8979c43e78ec4380da9136f6d,9a89a4500820452ab0f7ae2e81ddda07,19528,Rio de Janeiro,RJ
ddac76cf981b47c899201ab31c3f3652,686ac85ef2c54468ba035eb66e159269,10578,SC City,SC
34f53f646a47409eb4d2bdfbef381ec0,c84db07ab2d14694a5795dc5ab93c17e,72959,Sao Paulo,SP
845317d85e5f408dafa350676e5746a9,5ce941a92028472ca8df540294d9ae20,11264,Belo Horizonte,MG
859570de5d06477fa2079e8e4e97ce32,17c8a1010ebe4a9b8d72021a5fb7b844,38519,Sao Paulo,SP
27e76886849e4a94bf50d08b2e94eeec,ceeda1c7e916494886b7229fb71ce8bf,35903,Sao Paulo,SP
be675e664e0944a68b7b06a4e365a042,4af1fc7f1430412a8a51cbdf3d2ac510,57707,SC City,SC
a5c91c40c96c4a6197d842abed21cb1e,b275410092624b33a5e66e7718488df3,16084,Sao Paulo,SP
25227c053a104d50ad73d11728783f65,dcb4fcaa86ba4a66ab0c2a86ad8d7a9a,95036,SC City,SC
4f0ffca76fdb40f7bf9159974d71d94b,7b2a2ab53cd240a9b70cc5e7fe01a929,78508,Sao Paulo,SP
7204c899bd48461888551dbaf669c7d0,7b5c0e4af8bf444997e92208e99b1e10,43820,Sao Paulo,SP
689c335cde4e4d5ca08a3fb30f2c3219,860e365b5de244d7ad45c26844b3fba5,30518,Sao Paulo,SP
6c929627f8ce4642898449f922812b24,b05caf92320f4216b705c92c80b700e8,46971,Porto Alegre,RS
dde7dd413928469f9a3be1cd54a9f9c8,ce25b0cb4774490ea1b36c06eebd7e63,37771,Sao Paulo,SP
bd1cfca67f6d46c4a334decca67edbd0,d8d8307f72e6420f8f8ae787efe04584,24746,Belo Horizonte,MG
b78813a15add457286e9a8082e1bb722,6729c2be02264c06a3fe4ad79f6830ef,91265,Porto Alegre,RS
f03e3ab070a748459930665f03184896,1381326908394da59ef3e18df5a07881,80542,Sao Paulo,SP
b6b25d9eecea4995b0c5cd3807fa2607,8392d1612ef64592b16dddb894fdeb01,39115,Rio de Janeiro,RJ
86367b2c2c564b6dad8637d82872c158,82ac32c11ac44b75a689aafdce6129ce,85744,Sao Paulo,SP
b7b2c396b6164a628b6d90d26bbec755,2ef3822b55864947813ef8df2a51e94b,27950,DF City,DF
da3483b9bbc9450e908d113bee96e65c,064a431551c94e4ebd157db37b02f62c,47821,Sao Paulo,SP
0763ca0fb3744ed1a3706addad891018,cea45e6bbe284441955a384657765998,81018,Sao Paulo,SP
b17cf2af3099427aafab770acd5d055d,076410135ccd402e882b9de8a730241e,48382,Sao Paulo,SP
cf3b72cc7a734b9aa50e0533722ef91d,6dc0b14af95e4705bdf5026739c83816,75980,Belo Horizonte,MG
93c27d1c4ea14c3ea263ffe970ff93e9,750f1a74a279467ba32b8202898874ee,18645,Porto Alegre,RS
08687376a2d946ee84a4fbbcec99f1a5,5060d79aa99042e484a65c94dc515896,38887,PE City,PE
179d2a443a824192aafd02241ce4c077,5100b577c642420f841cdac800bbe26c,13091,BA City,BA
ec2a424e89354430bd2910e4b779f801,567b40815fc6488f998cb35a2fbbc895,11339,Sao Paulo,SP
dc0ff21cda8a4caba7f0d4b2ff531cad,ea32e6deda9a47408b433adcebc9599a,49508,Rio de Janeiro,RJ
e5ad0b48972642509647b80c0069625f,79849f78a14d4f458cf1a711903bfc37,24042,Porto Alegre,RS
b32b0706110e431aab9eb00c50c00ea6,fdbe26da9ca645ff844b573f9ba6f5f2,65716,PE City,PE
fa4f937bd7bf4852bc6756e79d498a90,4e33efbf5900479388fffa767198423e,88733,Sao Paulo,SP
beaabd5dbb0f47bdb809aeb49a43cf45,211c77b77bdf4b38a6510e3b49b75a3f,19777,Rio de Janeiro,RJ
2caf4ff9985e409fbfddfe0ad54b29a4,f9cdae37092241bbbc946a330a46f8df,12027,BA City,BA
e205252c8d3a4643b7610917238d45cf,f66ab550c0c247dd92d163a969118d80,51470,Sao Paulo,SP
801e1ce0f63e4017bb02769d6210e6d4,cf5e2e9f321049c1be333730dfb49062,39967,Rio de Janeiro,RJ
f05ceebece6648418bde5feca9429caf,c1df55587a254a35af54efd05af966b8,16140,PE City,PE
24ed32c2da5145fc9f181bf18861b509,c2841dde967842e09a1945469d18579a,29314,Curitiba,PR
be67e0d7f5e244f49590707a8891ea8b,1e63d2043ed74b2aaa50ee853d65dca1,23229,Sao Paulo,SP
ad33660736d54e3cb437a106ac30c606,de2d4dc1fedd45c09708cff378fa721f,58273,Sao Paulo,SP
3eddd360c4484a98895e0245c8c27a50,a3b05f0c87144008aa6470c85f322201,19341,Sao Paulo,SP
375b6e2ca6d24f30b57e279b177f6ea8,3130e5c8fdf84bfd833efd53b979ae62,59421,PE City,PE
d208fa8c7df345419036fc2f342d12d4,5c99c8e4bc134d15bcd84cebfe2e2d73,72425,CE City,CE
0d12a99cc84342b094e4bb48fb195a7b,bd68887aa2894cb7a50d9a15f4b3e82d,57805,Curitiba,PR
b540c0c438924b62aecea2d85f4f615f,ee4f2c0ccb1f4c15acbebc55d8d3c93b,82096,Rio de Janeiro,RJ
621f1f3127c14044947d9cf2dc2343c0,1df8d3c6b9c6408097ba918d3a2010a0,60873,Sao Paulo,SP
7b14301134f14a919a5be906cd159ea9,be0ff89e5a6f4750ac7aa543e92bfc58,48115,Porto Alegre,RS
b8f062b79cd143a58376e1a745106653,f00744d647ee4ff691585c37c00b9684,62989,Sao Paulo,SP
5cd33f6111e94a6f910113031d5b850b,4648739e859843d0a664d91e752d3702,42121,Belo Horizonte,MG
fe9c464ca8d746ecb01ad83604e5806c,f097d73f31d84c9da4a210d107a67c9d,40289,Belo Horizonte,MG
46992c483981488ebbd45aeef242cc44,6b05d591f60e4cd0b1bc034bd5067c6a,97522,Rio de Janeiro,RJ
874e6c6018f4458abe8774d6391d29a8,63d5a6d6b28b4c0cb9f9ae61e5142b74,90539,DF City,DF
d85b25996a6f445e856e221f7311655e,62a15fa572084a9cb39df6142f4efe59,53253,Sao Paulo,SP
cd918f2e5dce475891f20f25bd82d621,3356a8c589b44d23b15da0a77f5bf0b8,40496,Porto Alegre,RS
309816e685ee4655be87dc5161979921,09a82fdd73df417fa02161f334e5116f,50613,Sao Paulo,SP
5fe25eb5c67b4296a1d0e080786eab2b,f824c5e800174f41ab4a20dc6a0a3543,82083,Porto Alegre,RS
68b1c0cd187b41aeaa68363c226aa18e,c80ea7b09453418c8ce3266088f5a98a,21890,Belo Horizonte,MG
132abcc925d44bf3928139c76dc2c875,722230cda76744058e60a64a8c0e8767,22251,Sao Paulo,SP
30f3613690b44bc6ba4c401e2c84a5e4,5adb2542912d4d5a92a82feb42ad7443,10411,Sao Paulo,SP
a79b325db835477b945bb9cc0f40192a,2a5fa3a6124c44e69ec8897f620e2c03,52710,Sao Paulo,SP
dbaca1e75d0d49208b3147372859d4f6,9ab9ca45de714818bcdad2e5d5bd75bc,12238,Sao Paulo,SP
aff4fb23bcda43c08ec89abf2b9d0bb6,3adcb1d09a49474c89ef7bd8b403937a,25530,Porto Alegre,RS
8c6384098f484ed0bd613a0eddfede20,bb8fe76b3b8346ac9bf14a4d447a0bd4,46193,Sao Paulo,SP
791e623987934e0e85185c8cd97b8583,92c81d69bfb04ed8a37710e0dbc86d3a,75361,Rio de Janeiro,RJ
dba6db4582f24a0f898949a7d6352b79,df47a846f7064d38841d695076ec0e14,65130,Sao Paulo,SP
d9a048087e5940df892c710faa5fc096,97a30a0913b749708d8e8de8dc56e1da,44023,Belo Horizonte,MG
d5f4daa74a1747e0b55c4ea6ee546f8a,a9c41631cb67487aa70cf06d172ee862,30377,Porto Alegre,RS
cda1b75f575c4725934d08a92721b84b,bcfb67b721524b9dbd06a242d1e4294a,74301,Sao Paulo,SP
4284c6f80c6e4924bea3455364121a1f,b11eb314d2b44a69aaaff4d80a2ce3e6,76265,Belo Horizonte,MG
0b063ca17339498eab1702e537072473,cac51b1bb1714f868156d69b816f8b98,86704,SC City,SC
a5311ce1837946a885feb64f606de3a1,04134e3ea2e649768eb98d2b0f05cdbc,65638,Sao Paulo,SP
184224e3bb734a55a077d484169288cf,43d42fdf13fa491b94081681c1cd4b5e,26027,Porto Alegre,RS
3870258603cc433ba3ca7fd577c769ac,9cf0986ae7774bebb362535c04ce8b42,51950,Sao Paulo,SP
8a8f762048d4407098d42427d9eb6a6a,99c0c67cf23c4dfdb583d937320ea44a,71926,Sao Paulo,SP
01e6e969464b4841b997b1089019cd33,33f6aca7683e4689b15e6b51a16a489c,42346,Rio de Janeiro,RJ
3e0be25b01ee41a2a264b124c72845e2,4223ae98e52b4832939946996ddcfa5a,82326,Sao Paulo,SP
c411e3a5cee24834aba440bfb8b43e7d,91206b7665ba426c803275428f1e9d58,54166,SC City,SC
2ed13751b24d414b8dd1c6ad9346bce5,d842443a8d914a548b9b84bb4ac8b8c8,52067,Sao Paulo,SP
b30bd69389714ae7bd638457b9c3dcc5,cbd2da3759f143298bb60874cc1b892e,24570,Sao Paulo,SP
b114351a575241ab85a9565845c62787,a4600dbcced7474ca5218d3910e82222,27932,Rio de Janeiro,RJ
01c60a0e784f433a99a2c05c944e0f28,60dab723dbc94963902c76c98381755d,81566,Belo Horizonte,MG
f89c78e9d4f240b3a1cc2cad175d1fc9,c2a91eb760c24be59cd1d2b937a3367c,20008,Porto Alegre,RS
a77c4ac211994dcebf0e212b9e4a7842,6e7f2766c1194aedb7fa607766cfda7b,68856,Sao Paulo,SP
440b4851df6842fda02a40264b6fd84d,5ca66f63293345fba69a5c6f1aa49d37,74576,SC City,SC
53155c830dfe47e08a96249141c3d374,1318c90e5eab4004a6b4251f5914bc77,53190,DF City,DF
0c228ef204f3447ea8177b262692a014,e685070747534c01a841baade72f716e,22908,Rio de Janeiro,RJ
b4d90ca800e14beb8daa1337d438692c,ccf439b10f084c89816fc7815143e7a1,27561,Curitiba,PR
6d59766498a6480e9c33eb5e5e3ec52b,75fbc389bd41484da139d3446869b02c,40698,Rio de Janeiro,RJ
c8a469e84fe84568901ff4e77558c7bd,4ab58cad8947455cbfee4876f5b06208,87630,Sao Paulo,SP
31d7107f763f4e4cb1b85a0e640a8129,77bd0cc171224fbe8a52d8fe738b2534,58773,Sao Paulo,SP
03860d8460ff48388f6b5a4016d087b7,69ab1ff92364467e92ce70fadca215b5,83765,Sao Paulo,SP
2ea6da1ae2564a328af1d353ae230cd3,2abc68bcc9e04170accaf113c396e1c6,75241,CE City,CE
f583dcac3e6a4fad94dc741e3aeccc4e,ef8b42eeeaf4417b91f51c4676d47582,76412,Sao Paulo,SP
238125e16f18423f893d83beaaab4517,bd25260f25f24b5c8ba3130381c3debc,22905,Belo Horizonte,MG
6e901c52a0024737937d3ad66619892a,d00c7cf49e4d48848e9da1d1755ed568,54743,Sao Paulo,SP
c6d0dcaac81948c493b0cbd2be3a3b57,19b3fc1e10184ea39365c095f6d234db,57484,Belo Horizonte,MG
a2059bfaa8624ec7bd41cbb870285df8,28168a9572224b27b1ab870b17edca75,44025,Sao Paulo,SP
9f0a780f538e4134a8669f630f24be03,72dabc81eb1b4191baaaafe96c922c2d,30285,Curitiba,PR
75916b357b9845678f740e2d813aa103,7f78e77610f44509b5ba6badf0786670,59332,Sao Paulo,SP
e0131760ab00424692968e706f00f0fc,3a6863d4f5f8427db2e77c78d5a7e2f4,93819,BA City,BA
995eb5e3fabe471da76daefe6524d4ef,6b8af20c4af34d85a6ee85aaf4245f39,15978,SC City,SC
3ab113dd73ea425ba867bb2aac80828d,d47ebae4748e4f4eb1559864212f90f3,98007,Belo Horizonte,MG
bb24a5c7a2d843c7b1668e88add7021a,0db7f7e4adb34022a1b83c62940cac0b,88454,Sao Paulo,SP
c473d6a1fea64ceeb017b42a6633219a,6d757c535ba84651a02ecf12a8ec53a0,70536,Sao Paulo,SP
24e57300da2047588030e1a2e724bef4,dd0c8bb99a904ccb8dd3bb065801f986,31073,SC City,SC
ffc86497a83a41559a070fa6908140b3,58c725a6d9204733a83c6dce6565c355,39764,Sao Paulo,SP
5118ee3e914b4a78a6d5176a5d2db72d,3ddad57da7764a98a9ef211ad08c9315,60246,Sao Paulo,SP
e43041b3750748a18355149bb3737855,197ffc3230bf4574932d51ee16c4775a,12472,Rio de Janeiro,RJ
e21696c0ef7b4718a6e16bb5854e075b,b6f36538fe5940faae60d2715cfb08f3,30120,Sao Paulo,SP
cfe80a9dad0e4763b074427f47c0f12b,c6a587bf30294dd2884fc46e463db8fa,48749,Sao Paulo,SP
72da255802a04b0f8449b247470d9691,444351bed14d4d38a23b9c62de741a2f,48367,Belo Horizonte,MG
55727b82dae546f8a91c7aca6df5a338,cd79821c5bdf4f98b8a79c2ca6473136,67033,Sao Paulo,SP
b4b9bb7c5eb047d3aaf2109a606dfbdf,d9444271096548e2a25789d48672f82d,58471,Sao Paulo,SP
176ba0d22770454fb78457f726b15c86,43b7d6988870425aa6ef2635dbf0a887,46724,Rio de Janeiro,RJ
0e94fd6ec69448068c4230feb42958ff,e0ba504b2d814848812b82be26d33ce5,65423,Sao Paulo,SP
83682f09b9114928b799dc17b6d0b3ac,c32c745ef82545688ccbe9224b675e10,70630,Porto Alegre,RS
46381c4ef9f349979051bc6280811ef9,0c993e6f7cad4c14bd0c281b0469fe95,71415,Sao Paulo,SP
9dfbb3c0cdf44bf093c64cb4a73be8d7,96e4a570f6f24c8d80099d2debd0686f,28526,Belo Horizonte,MG
f9ffea0641284674b2e2fc6f96b3036c,67e3ab8d3f054047b13154432f08ff4c,14807,Rio de Janeiro,RJ
9229274b7c554e8da469f59856aa13ea,6e16cacb9cc94a1c954df6d308524e02,56937,Sao Paulo,SP
74513451b0c4472db3dd0733fb85bc68,5a45ef8d2731491ab3b08da8bbc4c84a,18474,Sao Paulo,SP
225c1e437b39450f9b74bdca9776bb30,2118d2c3cc364e20a0d35d0b887a0147,67873,Sao Paulo,SP
bcc7a8b235c541a4b9e7bec17369d6c0,c0b0766eb48b4fc98a62b1f41427ab0c,23336,SC City,SC
f984560da4304455bf05e2c083cad55e,c109c9211a56481592f2acd205ab21ea,13580,Sao Paulo,SP
76d8be4b37b9467896423904e59c2c35,7d1009233ff644b18e2f272691f83505,70383,Porto Alegre,RS
0d16a174d0bb40de87e7de5ebcf2ac9a,108a3e03e7e547e1b6dcca38eccfc4e0,36682,DF City,DF
2cbb6416b1c9485583a684605757833a,905b4aabf5784810b00d0f8dbbaaafdf,18014,Belo Horizonte,MG
1121ec274a7f4c64a2446d090384e260,a8ecc758c5054a09907651d628f26a4a,75541,Sao Paulo,SP
b7e9c77f48394805bb332882a47d111d,b1ddee65fa154bf8aac623b26b33afad,70797,Sao Paulo,SP
e460eee921374e4fa3f69d4cc3a66ce1,8e4c2d7adcac4766afce356f6ec183f5,26056,PE City,PE
03797632b071433696817ac5391da500,95651aa2c5ad4715a520508b8bf831b9,57402,Porto Alegre,RS
2deeb501aa9045d3b56f92f1642fbb00,31e65c87a7d6466db55b8e7e884e4cbf,60367,Belo Horizonte,MG
bb774957557843d9b28f6733e2260521,8850e4cc185e40d589df2645388ed05c,44547,Rio de Janeiro,RJ
5926964aa19b4aafabfb06777cce2dd6,54a37c697f6d425d949d1dda9549422f,95503,SC City,SC
a5f71d913b30491d9d28ea6b67cf5fc0,57e77f2d7d89423e9d6cacc11e6b4f73,73004,Porto Alegre,RS
70815a2747ae4e77aa68748ecac4787b,cf41e50f54324818ba9c0648c4ff1962,79672,Sao Paulo,SP
7da0a8c5453a4345b79b54ad39e74d84,05c9099049804797ad56eb77a5900a27,94045,Belo Horizonte,MG
3600f9c9f3894dec9e7b64a0c45c7cff,34ef1e4dde2d4f11ad9df3c4e4cb0973,40130,Rio de Janeiro,RJ
6a283f9685074991b9d882b69c27b179,1a38aa4c074c4cf4986a47b08d754b85,73065,Sao Paulo,SP
9b8c342af05e4f91bf0d4499ae4d7d5a,33ef3dad9a5f459cbbdbef7752e264c7,97107,Curitiba,PR
dd1294d7dc3b4266a0c4092cf552531e,1893883f1f4041e5a152fb395d6bbcc1,18021,Sao Paulo,SP
d7746cc883b54d86b6ef1b8e9cbade88,8971c77756464ee196a2ce89984e64c7,38378,Rio de Janeiro,RJ
1fc3fa97e8b04ddaaaccc924bf05a66e,1dceab3570e44e55a65d69168df74421,22806,Sao Paulo,SP
8169374c1f2746dba1dc23a1c484b264,2d0e81b16b4745f19c81b1a68a61fd14,73789,Sao Paulo,SP
909de1f3079e470f95cfbac7c094a4ac,d8c6fb48df044f539b8c231910f0bfc3,51687,Rio de Janeiro,RJ
be68deb0e490434b80ce00ef61fc129b,94ab1cb9724b49c09677c81aa01f0afd,50225,CE City,CE
43aad8b01da2431f8047354e132937a8,3bd4d483ebbc4d5b982385571f0fafea,39919,Sao Paulo,SP
d1ac7b94addc41368206aedd102d1747,82f47c3693904020b31eeef8d1476a05,79478,Sao Paulo,SP
14dbb9fed339409fb7297782df980e0c,4c29beaa003548a18512a3da0e9241a8,12090,Belo Horizonte,MG
57c4f7e810b44e9780085f6f7a6538c3,d3a492654f224b7c9cadd1eda5f7d331,34341,Sao Paulo,SP
de990314d2414840bd5ab0d21043178b,e41627ca60be402ea6b99635615f241c,67973,Sao Paulo,SP
e322d8b657394f9789a9bee548e497cb,2fa11135249d4b8182f6b1760f207462,48863,Sao Paulo,SP
8e2332eb3d9c462daff7d997af16a692,83ff5f279a2e44e6b34c5c85a23bec01,19554,Sao Paulo,SP
41cee4e9a5ca4c4fa412619597e4442d,6c96999f3f8f4691bab15e6604a92cf8,49546,Rio de Janeiro,RJ
5383712117014c67a8bcf3528d061f13,4f058673016e4f5eb0b4a8e2f68d2f5c,75962,Rio de Janeiro,RJ
2a5468a7478042d4b3d3cadaef38dd12,17fc44aaf0f24dfcb4daab8b0f2ce5f4,52508,Sao Paulo,SP
a5a49db0e05b4817858d74a710b09b9f,062ab82412e44d28afd3f04018510f0e,70164,Curitiba,PR
d721ddfbd4af479db44de720545748b5,13b3f9a9829a429da9566a84db19cefe,98043,Sao Paulo,SP
9458c016600d4d6f994ef291469f54c9,dac71bb555074977a3c0d9e586ed5cb5,33732,PE City,PE
3e2ff910aef447b583a18d084d9ff902,0e6799852e3d4f06b7f7a602c51200b2,60242,Belo Horizonte,MG
c15bdf7a339a4b34ad6cfc2ac747dd54,c201abf2d3d94c68b4dfc061c10fcec9,16528,Sao Paulo,SP
2410c49e60cb4db2b26b56c91a07e7eb,d46f17aab4ef44e09ab4d4c2e0b077a8,31233,DF City,DF
7c89e4afa6f74dfc9264be6d0db05422,f4b51c080580477a9dad1c2846afdff5,83744,Sao Paulo,SP
2126bfa298c94fb9be7ac10a944165b3,00179ef67a364d4fbd24a22887c930b1,32643,Rio de Janeiro,RJ
c171da3b6cc3467e803175a609390c0b,1c09b7327f9c4b669e7e282118763a3d,53559,Sao Paulo,SP
77c4957130bd454da2c44fd8dfcef50d,a261a864cb7a4789b46eed5377b99ae0,44021,Porto Alegre,RS
93c77022a2a14295b7b5b57fdd3491ce,6cd4bade79c241b083ba47814b83991d,61698,Rio de Janeiro,RJ
265926246e3a4994bc4c4facb9379af5,abe9ffa9032346cbb0a806a9e353e959,99817,Sao Paulo,SP
14c8e3c6f57449c9a1da470aa6939a8a,4086200daef649dcbb93d0ff0b095461,79216,Sao Paulo,SP
d19000ab5b7449259319152d98162973,317e836242ca4107bacf9c32e3ee0530,62799,Porto Alegre,RS
f465afdd9bf2470480463a96554c1019,80f82f7a252340768410d4227d247e6a,29333,Sao Paulo,SP
2d872ae9154844d7b11a385389cc749e,f6f47f675c9049b7ba8b3729710a4760,69096,Sao Paulo,SP
b9e538b3daaa448396ac715651b1d3e7,0f288570d1994825b7ca1a9a22ee155d,34371,Rio de Janeiro,RJ
a38421a1eebc47dc9e42eed6ceae382c,6a03174d719c49f6a373a9b149694838,82745,Curitiba,PR
7d0b7e42c0904e88922f2b6e65905f14,b3aa6b9eedef44be8d9782175ce7e8c7,77658,Sao Paulo,SP
bce9d64ef46d48c08a96935db07e71d3,7662f9e410d94f74883bf2f395f85803,49355,Sao Paulo,SP
4949502421e641328afa9bfab45ea779,5d80ae7c97814a2f9881540da95aae09,15989,SC City,SC
537c54b615364c159ab4e65d8aeb9b7a,f5e2633616264221bd4640bcb9c923b1,68811,Sao Paulo,SP
6aa475e05c9844cd9ac15253983dfe15,f9c2bf46943445ce8ae7096fd9fbd3d3,64607,Belo Horizonte,MG
6bbd17ed6bed400b8b5a4af197d686d0,ea251ddb539d46509d9a5d32d586d407,66178,DF City,DF
800a19eae3a648b49f735b05f0e05b3f,ae5fe2d7800d4dafae8c13c61de3429a,42856,SC City,SC
d676499b52274a6280ee48f77b21478b,dcf838ee52744891b45c2694f07816c6,27839,Sao Paulo,SP
5d78448013904e9c9ed909389d016d1a,2a75d2cae71a4c1dbc8cc06328129f7b,11348,Sao Paulo,SP
111ab77e6cc74f12a22d961c16b64c33,52a5097fc65a4a51b0a1b74089a3fab1,68368,Sao Paulo,SP
88b6e2706db44dc693f3010612afde29,73e61bf502084d679f5a71d373428566,95551,DF City,DF
aab26fc704ce4de2b5375be85b0954dc,7d81da4430094aaa8b5173744ddd3010,59446,CE City,CE
7008a23b930c40649866b6fc5fcef796,e8b5091e727e42eb87fa801e5cd0068f,99547,Sao Paulo,SP
706cbe27c7704236845413886dc7a3f3,21574079619b4a9d894bf62412e5682e,37115,Belo Horizonte,MG
c57aee8596d247e3b25f804eaaf2c90f,ab4ccc34b6b043ecaa55b2b754cce3c8,28850,SC City,SC
3e0960ddf90547d08c26a990467fb598,4dbca173dc864bee88951b4b1a476780,72683,Sao Paulo,SP
d721dd8aefe943a881c51b248d6a76ae,d1dc52b14968444aba75a63ecc11c1e9,18860,Sao Paulo,SP
b698e90aea7c4e5caa331d75f54c9d6c,f38e0d83945a455e9a1213cd8f5ef452,37069,Sao Paulo,SP
9c3547b09fdd45a19577af0adcca4414,41e8c765eae64f61b7decc35ef1b54ce,54336,Sao Paulo,SP
164b5ad0cb774c0a9256fe1885628ba0,f704acfb0a744e81a18eb55cec836a94,37295,BA City,BA
a5a00c1772b846368efb04ad811af41b,dde1849dfbb045ed99dd8971b46fdf54,81891,PE City,PE
5c59422cda3e4725b8df4d759751f47d,6f4faedd297c45bfa43bd73f84c3deae,62545,Sao Paulo,SP
478bcedd74284d249776a9ffe2374b28,d8cf9c680cc248faaf6dd0fe1285b9b6,72375,Sao Paulo,SP
326fcac06d67430f81eff37eb606597a,b61756189ac94ca78cecfde0282c9e10,64731,Sao Paulo,SP
c46679548e2246c5b8606a90ec298385,98a2b794d8204f41b76210499c094567,28135,Curitiba,PR
a282fe24c229446c92f409c5876f8624,186598ba1e484008bcb9b56fcff3af40,56941,Belo Horizonte,MG
f25aa03eee5149cbb72a584f2a38a984,e757a7edb6b24ef6bd3f01ca0e1eb8c3,89133,Rio de Janeiro,RJ
2d84e13d0bd44587a062a630811e8c5f,1785ddc5ba094f1caf0173dfc318b247,26433,Belo Horizonte,MG
0d41b33aff8a43738826914229cbc42e,225db9f905d84012b048345721a0ff6f,38559,Sao Paulo,SP
dc65d5a40b554657b54cadf44a69101b,021ff4069eaa4be58902192e81237533,79338,Rio de Janeiro,RJ
f5b7a6e1d15646bc95a5096b4de69252,0145ada45a1c4358ab4193fae57c3dc1,66523,CE City,CE
3cf50a60fbf24d0e97572eee6dae33cd,c1c6bd90d38b42908777d8819238ca9e,76053,Sao Paulo,SP
9e08f1c1a28b4738906024b45ff2508e,397b561eb67648b283b2ddb4456f3bc8,72283,Rio de Janeiro,RJ
a429fd5d72b24dcba2cec7faa5fa91ec,c47522aca55e4bdc83c7ade045732fda,89610,Sao Paulo,SP
eae7daf65edd4028811060cfc0a5fade,b40e9e1308374151b59461905ac7311a,16831,Rio de Janeiro,RJ
ee58d787a5bc49fd8553e9bb12f6b01f,07354ad904c5459189109088982cf33b,63272,Belo Horizonte,MG
357b4bc7c1ab414e8f7e8b6a8aeb9c64,484ac52e312d43b3933378ffefdc7488,98057,Belo Horizonte,MG
8764ae362ca245a280936e05d239a731,167ddab3ec1042a48a615e26a10b8e21,13959,SC City,SC
467d1017827e437fad18ca37fecb026c,5ba77d0e3a654c108f37af6b4c2b6625,44504,Sao Paulo,SP
0fa2b7ac0de441e687e3e99864adb0b6,aad5777cc5d94272b2a00f432ddedc5f,77765,Rio de Janeiro,RJ
513975e9c4c147aa8f16737f1f4dadbd,741b6a8d3ddb40f0adfb78934aad4cc8,78592,Sao Paulo,SP
e572bf58dfae440081a440504246092b,5ab3782742ce49a5bff379170617c9ba,61561,Curitiba,PR
aed566b6f8184d5391f1272c7fb5b606,54c740401ae148f3bcdfc84680e48f53,87505,Sao Paulo,SP
ba2d0ac8949040c5ae102b9218d63d88,91dcd6ec0cbf4ef0bc4f6b6b0840cc80,99053,SC City,SC
98a4e60203fd436a8367f34b982e607e,944cb5d2eec74311b186e0ba3d76517b,40638,Sao Paulo,SP
d52282091c5f496a8ba7d0803f13a315,7a05a491a454461e8f03fb35e3874d70,33116,Sao Paulo,SP
4214774089f64586bb7de1e506a88ab1,8366d1de242345f584f110bf7502f277,17541,Sao Paulo,SP
fdd4e3933e5d4b4c9ffa56e0efa613c2,5c12f929fc19400fa6b6daac16097e4d,53857,CE City,CE
1c5430108f5347d4ae141cb48a4aacb2,664b09130bbf43bea1695765241e8d13,58564,Sao Paulo,SP
5c94bf6eb9fa4b039252231e69503dea,168127dcd5c944ac9fee55ee4cfc9130,40843,Sao Paulo,SP
0a2aaf553a484512ac10934f014c3afd,1ca628727da8404c93b86bde0271bf31,44040,Sao Paulo,SP
6744c08f14f64cd2849a49f55a7a66b1,ae69b1fc999e4d71a263d6d3f5922e8d,10789,Sao Paulo,SP
f855e6dca29a4e2b8a9d65d77d00ad49,0f0df396379647f0bc69b4a2a8f527d6,55462,Sao Paulo,SP
958b232220564410bfebf497718f61c8,2a48a309a06e41f29629438989cfb7f0,13329,Rio de Janeiro,RJ
81526a2652ba4af49e553e7a3ae2099d,b8edeb4595ea4d13b0e28919c7870daa,78790,Sao Paulo,SP
25144f29ade34198ae4a6887ec51c024,17f4456bd4994e4493a65b5283c6e8a6,89165,Rio de Janeiro,RJ
e442b8224d524c298dca58e36223cf1d,a61b488c7b07451bbb14ea88ece27584,28977,Sao Paulo,SP
a4aa4d9178ec44ada92e55f110be1a80,8613bd5f3380487cbca1983ea18dfcd1,72162,Rio de Janeiro,RJ
0e38131a1a3740708c48512e25ae8aef,ba1837e784e343fd8196b50bb4efd720,36216,Belo Horizonte,MG
61cdb0447ecc49f6a9506683a4ee6dcf,a3feead9db374e6c876bd1b4a1d84ec5,85721,Sao Paulo,SP
5b242aaae3984fa4bbabf6172e6aeb2f,db11f2ab4e144394aed291f8e388f740,64803,Sao Paulo,SP
10b8c046ecf9416b95aad81c2f0c62bb,25f32f752e6d4427ab40fcabb3237967,20984,Sao Paulo,SP
74884224131d4760a72d2b681bed5666,c17ea639fe654b45994d7e4ee1d1cda3,52909,Sao Paulo,SP
423b2cf5412046fa9c0cfd9e58530725,987544602cb24e9f85afbc33251ba15f,88142,Belo Horizonte,MG
d6d05587708d4d43aaf20475b0eb7e79,84a8ff77a4ca433589139f2c31047d41,68900,Belo Horizonte,MG
6d8f0e09075441238e316736530dfa69,1749dcf8de514b18b33be4fd70f3a8c5,66238,Belo Horizonte,MG
b263a89e1d944cfbb074e5f4790fc69c,d0dc10bf7bf3460182df31d85c47a406,43734,Sao Paulo,SP
fafff7a59edb46fb85dd16e4b91872c9,0897004372b04e67868696196c39cccd,11157,Sao Paulo,SP
4c249cef8eb841e39e2eaf0acdac99c2,a74def07fa3f46c88048a6d7898e9faa,51192,Sao Paulo,SP
c4729f924f7d4723aeea370cebee9b8e,0d29df2dd3c04257a5b8c3ba1373bb58,35146,Rio de Janeiro,RJ
94a531491f98408eb9ed4cd1052f661e,44b73913fde84558b2a8ee5fba1b59d5,99366,Rio de Janeiro,RJ
13271dbd5274427790d04f875669c20d,e241c530f131414a9447c7489454f148,96014,Sao Paulo,SP
c8e9044a95834929967c2df40dc939a9,70f04513bd614287abaf1107173b37f7,52161,Curitiba,PR
0d427cf94fcf496b97cf319c644014d5,e0e818b8c38646089f71029cf5968592,63935,Sao Paulo,SP
998e666cc6634b509343ba1f981f268d,213e05be44f249a097b5cf1a27e3b97f,69012,CE City,CE
997ee07267a348d68e8bcd1eedb4b5ea,6f885b705e884e1c97b7465472217734,17572,Sao Paulo,SP
510b1ebe2c694f7baf341ec2f3b6ee66,e551def47e584f1c9be91304047b9099,72087,Curitiba,PR
f48c2b74ed7d4ec0b69155182a42639b,ce26782ebfaf41439730e7c87e8bcb0a,75561,Sao Paulo,SP
b45c3975f2cc4ab99276006b8613f62f,b18e6d17c1ac4213a9f576e72b708056,88037,BA City,BA
a5a97ca38b38477bb33933651d8c7634,5d942b918ebc48cf940e3bd3c99dae4f,70735,Sao Paulo,SP
596b51df49ca4a569732f52d2914a8fd,e48a1a2767504aecb54f9eeee17e51c9,75511,Sao Paulo,SP
cbc294f8130e413ebffe42232aa1daf2,511918df6f9b4c3a9a7572fe02a1aed9,54433,Sao Paulo,SP
78feb986649f400fbfc3b862d16c1f61,e5c26d821eb7454c8f33e3970a3d105c,55123,CE City,CE
295ccbf537644758ab41578e5d5670e7,56693290689d432ca8158b67f9267f18,43382,CE City,CE
39e8986c395347dfa12c8ce0f1887bd9,9eceebee548e43d4ad433eddd7a29720,30812,Sao Paulo,SP
787f475cf6a8414cb16061cda48437fe,b5ff73ab7d5c48d9b88a672fa586ced4,67191,Belo Horizonte,MG
11ad363c0acf45288e2072eb58410616,c290a71bc6084a1f979acf4c520032da,20089,Rio de Janeiro,RJ
25ecad0f15f64a19ba4932360391c306,b3fec8c8fca54c4fa91af0e833081d1f,86899,Sao Paulo,SP
9020a83502f54960aec595ada5847be0,ad8dcfc3f6af43219be44fbc5bb317eb,13620,Sao Paulo,SP
cb4ff124975b48d292c29807dfbb7af6,ad102f985f354e05b666f1c8c95b95e6,41619,CE City,CE
6fcd6f1d1bc344978ba89cae16c501ce,d9bd271202ac4d4796917019e9e1b0e4,79070,Rio de Janeiro,RJ
f527655b15804c2e863fc724510a93fe,26916786fcda469a928a340f64e3058e,44035,Sao Paulo,SP
1085918686c24d08aaf769c2543aa117,27a9edbedc7f47b4a4305dc4e47ac68a,29288,Sao Paulo,SP
455f2f3a994647b8984c482009e5e3a4,0263ea23acae4100a55b2ca1a240bd07,33714,Sao Paulo,SP
cecffec6d545429a93ceb75316f8f817,68c1a97978f34035acce5b5a5f74895f,72502,Rio de Janeiro,RJ
e13b2779f32a4290b1a792f9a2f1de4d,0ee48ae86b684e6fbd50bc5efac0ff7c,37532,Sao Paulo,SP
79c4aeb4e1ef454892718ab5cd968288,d83e9a170d1a44929a30ed6bf2541145,62748,Rio de Janeiro,RJ
1d131cc7a6fa440bbc0508255f0c8c12,b47a77e3413c46a99c680032ec5f1c10,27070,Sao Paulo,SP
fd46e519798641f2b27f59b017e37408,6bd4bacd14fb4baba6d832e8abd02784,69695,Sao Paulo,SP
15f6fe7dd0bf4a6b97d31504914aad54,ef0928676be34c95acc9deb82e50c05a,37032,Sao Paulo,SP
0d4f5a70f376450ca2bbcc03303ec64d,a7991940274b49c78b871104c94fb92d,33627,BA City,BA
254b29433a3f4440894e5a18ef25656c,dc43943608d34403bd867b4e8a99f360,17816,Sao Paulo,SP
dffe29b90506460391a42606603b76c3,5f12f62068e74ba1bc91cbb0211fced4,33077,Curitiba,PR
97cdfd73a30b4e0abce416368a313624,5fe3c4a0bf254d2990aa2a21fa5a7db6,32995,Sao Paulo,SP
79fd8c83230743168cd663f74b9a1775,c136efc8047e436d811d58e8ce7a57c7,94340,Rio de Janeiro,RJ
7a855f88e2c34712a457d9a71351b659,fe7efd2899634e2cbde9a19154e39d1b,29297,Sao Paulo,SP
f18b219bf0c34abfbadf7b436acb8d49,78ffeac8845342cf8f45ab2d07061830,73195,Porto Alegre,RS
e877e933b2e74eeea9bea2d481cdd87f,f88242fb53a6422e8f7ede1cf919dd4d,23538,SC City,SC
f65d28d086ac4beeb96dd5af390e1c56,8249c6e259fb4830a16f73365184b77f,23948,Sao Paulo,SP
a55f2ea8bf4249aca0e1129c2eac6fee,2183e4aed5574d90b90b19160398a421,19831,Sao Paulo,SP
c2b72b8878044fb5a88bbe93b5064068,b9de0e38171f4215944262b24d0e307f,70920,Porto Alegre,RS
6330bdbe7eab41f7acd07644be7d3668,c48ec7e0fa024a069fd1db570aa0816d,58626,Sao Paulo,SP
a33fdcf20994434e920e0ff2d124eacd,7aa8bd01b5574d8bb0544c017bf75e76,95360,Belo Horizonte,MG
12e48420d3b54e2cb6d1ff0afc063d90,b769ca89715846c0852f3e9459ef6a3c,74237,Sao Paulo,SP
b2ea85ecd3d74347b1caea0b0d921be7,3a337f26953049188e43341f1f3f4f0b,65827,Belo Horizonte,MG
3cce03537e814736bfffa68fd9245615,64c10d06d3e94ceb92f67479676fc237,89527,Rio de Janeiro,RJ
ecbb4a23458a4922a9b5ae12a1b07c42,b8527c9e3a6940f58dcffe614863db92,25819,Sao Paulo,SP
fc5db50f33a94df9b81fcbc2d2342f85,03edc3a4818e428a931ed21a19e3dbf3,74463,Belo Horizonte,MG
2f4368e2191346ba87ed26debd1b737a,2c33a26e7b1d41e3b1b5265395372d9b,23973,Rio de Janeiro,RJ
fc6a360ed4294a1b80367002b251226f,8d1eeb411b664973b1905023c4e38725,65434,Sao Paulo,SP
2e7170991ca24393a0debdd76b410030,f37f63693647404fa1fe57066c365413,31545,Sao Paulo,SP
0831466f240d45618d2181fe7502366c,8144c37afc6f4837b3f541d73af87e24,17498,Rio de Janeiro,RJ
1c04ab1c7e5b4a9f92d058d1e27270c2,2b4fe8256c4b4f2f8aeb5b993fe7a431,48604,Sao Paulo,SP
1aef134ff1124461b9c0f096c3d66458,1408e47faeeb4518bc87479d10bf4bea,30658,DF City,DF
0d4952653b32496ebbb65e735d8d5b17,20ebc853aac6404e951e14c03a448d57,90843,Belo Horizonte,MG
78c57c51901f4a6daec4525d39b3e893,3df747dce87f4e47b4411a76641e238d,81197,Sao Paulo,SP
96296f6540e747e9afd983e669ac9950,7ffe903945bf4679bd9a28c8ffa28ec1,58752,SC City,SC
e436360c0ffe47598535c0798ada2222,46933e2c809d4fd8885555494b43ef12,24944,Sao Paulo,SP
169b80b197ff40e58879d6b8342fb618,834db866d5fb48d7ba2573a197ef47a5,47873,Belo Horizonte,MG
bc9b7365bbbf4a81b54e57f3c18cab24,8cc11c8db99f4741b746a4f488e4d8cb,45154,Sao Paulo,SP
97eb4bdc47784630ae064a300818be3c,11b4a2ac8f5e46f9a86497b553062424,82415,Porto Alegre,RS
4e201f3b8ab340c58d45a2d878730faa,ba4c6d822cab4686946f51d5ed81dac8,62972,Porto Alegre,RS
854ca09f0d3844f88d5a88b2528abf1c,d9c107d36a8f46e983b79f6e4bf0856c,85644,Rio de Janeiro,RJ
6aa79c352e0848c0b9c58b77b6c81a01,aa6dad4623684ff5b660fad8af7d9668,82542,Sao Paulo,SP
5446ddb035ac4a0b9b48a6eeaaa9ff5e,27973a9e0f9248b7857ba06573f22bda,40499,Sao Paulo,SP
1502bb4c4a5d465dae160772b79d3e9c,051f4f7c2de8489aa7153b1d4a1945ae,14244,Sao Paulo,SP
842127763fe54a10818f775e5cdfe561,dcb148146d454477826c0c3501c15df3,59125,Sao Paulo,SP
83cd9217c8644755bce2eb38ea5d38d5,0a9f8316bdd64474ae5b29a8b43f478b,33032,Sao Paulo,SP
d8ba9f261e204226bc7aee4f7be05ca7,64130115fce54de9b1b3f6fabee02bb4,23574,Porto Alegre,RS
647c5d9f4844476b8681db063bba42ef,2bf67144427a41f1aa1b06cebd4fd2ef,65683,SC City,SC
7277aefbdb784426a8cfda177cb1383a,1de9984886484d24b0b244a33c2cb777,85836,Sao Paulo,SP
9d2f7f4ac01c4f82b3254f1890b4c840,eb71ab478ae54214bc32479dfd4a1f3f,11030,Sao Paulo,SP
576300740e1c4a3195bb5c8aec9412ba,62fa31e673b44d7aa87b9bf73122e9fa,37175,SC City,SC
41787f65006149a3a597579709727ea7,f440a7a8a9544fb5b3c34f6b4db680a4,86613,BA City,BA
b41137accd724a8fb372eaade9aa3456,909d1e6b22da442a9b0f6babf5e4902c,33484,Sao Paulo,SP
786dbdf47a41422592a84ed25ac241b7,dbb3a4fe0c44473ebbc867a4a94afda7,34534,Sao Paulo,SP
84943a6b307d4e6b893a123b30c48a18,7ea7c894b0414a6ab2b2b6d342eb054a,13878,Porto Alegre,RS
6538b243606f44a5b5f1a033b8b3379a,534dfba573934142bcbeb526958d3694,33616,Curitiba,PR
f57b219b6bff4c9f95a993d8f33287b6,8a1cda11d2f94ce1b5f4d1bc56954d66,64160,Sao Paulo,SP
4749353e83824294beb8d99ba492fbeb,14b49b76802c462fb17aa9594627fa64,84532,Belo Horizonte,MG
8ac81b068f84468280573d446a7a281a,f1330b8bbeda49ecb20c768ecb599a6c,82036,Belo Horizonte,MG
d71f1c01449744a2bf098a299c8e0b4a,405de610b8d34e3fab8841f710a85378,11823,Sao Paulo,SP
9a0ab6068ce345a6a24f5a5181f397ba,0046747ab1de48abbc3090388c520c49,22537,Porto Alegre,RS
6038f50f2a144381aa284986c3b77af3,c6e59623995d417e8d0d4be90447b86a,44883,Rio de Janeiro,RJ
546362f7d5714c7d8f109636a5cc822b,a5cb915a88e34121ae8769c5ccdd9505,34167,Belo Horizonte,MG
81c3d2938dc0440f8db19768fc5296c8,e3e766eff7924a959f2c26f54aa48577,98946,Rio de Janeiro,RJ
b4fba18b8aa94745a1de1d65bf5002c9,f964ce23b1db405da409c78c9f46904d,62103,Sao Paulo,SP
bd3d85dec19945c5b33e277fb2964be0,73ef2c7844f741639685879acc85a23f,45210,Belo Horizonte,MG
78396c34bddd40828dd4e64d4a037647,65328ae2e6504366ad895b63f84eb9be,74940,Porto Alegre,RS
a3f4a0c4e48c4bd995af7500ac453156,e6f1521296f1464fa44775da78342485,20149,CE City,CE
1c239573fbe24722a5888cbb114d7a18,9a716eb6f8884dff9b83908004342d70,17936,Sao Paulo,SP
1887b8bdc13e4551ada69bfd820ed1b6,a5055c1e28c64e919176652f9f077bf5,65352,Sao Paulo,SP
708ce0f2f36049d3b85f3e3faf5a9ba3,483c7fd236b04603bd85dc0f389656e1,81613,CE City,CE
26758a8303504e5483403a44b27f7ce2,85affad97ff1489d8cbdb8f6242351e9,13312,Belo Horizonte,MG
5af6e87c33ee4d0f853c8eeb15af48fd,c69f02913cff45b4aed3c3f63e7e25e7,19365,DF City,DF
8db642ebfc3143bea9fb4e5246ef6536,b65a1b129bf943c79bab9af471d1119f,69058,Sao Paulo,SP
74b443ab08ce442c8497f0b9310db779,a3a558db51de4aeb9d4bc380fb32dd08,70889,Sao Paulo,SP
65fada6ab58d41bcbd17003f0f832f0e,86a6d7c37f7e4b3487bd08ffd5580321,12533,Sao Paulo,SP
aad929926b97449496a8dfb363b22bda,d56bf02dd05a43eea32758b05f1a1aea,38316,SC City,SC
c191f7128ae44abcb1219680f390da36,c271b3cc22e44ad6a38042b25a8ad00d,20536,BA City,BA
82bcfccd5608440b8c9815abeca9b98c,31ea84efcdbf433a8adc20e209812c9e,62436,Rio de Janeiro,RJ
55e0ddbbecae43f199a1ad17c8868ffc,3cf95d48c9524362a08d29a4c2e50788,35430,Sao Paulo,SP
d2c90deaa4f1445fb9c8cf42a0c3fb88,0314ca18bee442c18450b68b5a1519d5,68412,Sao Paulo,SP
58f0e1e140774477b542d617fc995268,c1af4061e3844c74adaf51265d4fb14b,15156,Belo Horizonte,MG
186d34e77a484bc0bc9418fc041fa18d,e960dfc5240f48efa3f5bc6462600ff3,54883,Rio de Janeiro,RJ
6348bd595c684d049b3761db9cc55efc,222550d9d07843bbbc09aa6ac630b532,99817,Porto Alegre,RS
a590cfb033b443949ced8bf262ff8722,c3d64003c3f7414a9c431fb2c751c168,11412,Sao Paulo,SP
0e7fc00178e94392b25033b410154686,b55920011e5d4136bd8b81d6c4568e00,14312,Sao Paulo,SP
0706e78f0e1a445eb74c27554dbd0e16,8cafd72d701e429ab5e31b3be899c3f4,48168,Sao Paulo,SP
497fc2d4f2994b42ada81f4a5ffee696,723f25bcf15746b6bc1cba5a32a3cb85,86454,Belo Horizonte,MG
c544082dd0494901844da078ffe34692,931cc28d34044620adb4b0e0e8078f69,35989,Rio de Janeiro,RJ
0cea37ca9af5442d80847d7cfe3ac7ce,1102b4977daa4c28951a60faf511240a,37351,PE City,PE
e497a1e0592e4633a36598802f12ecc1,e10a3dd212b442409042a55e9fffaa6e,34215,Belo Horizonte,MG
bc6d3daf8b23429680a5d7ed7f11f8b0,eb9de836bd25427796f5933bff24cf6c,64167,Sao Paulo,SP
08556496bb944803bf895a60995f0164,f6f10c3d01964d6285410080bc05005b,70140,Sao Paulo,SP
9631186dac1c4479bfd1e16bc43a5521,f265f957047b4d369dccce394910e522,34056,PE City,PE
a565ca8614944f8fb248ba5479ebc69a,f0fc87d499b7451c93a380930f6ac8f0,43266,Sao Paulo,SP
f1fbc98af5654bf688bc85a6ec9cb912,24b6f155c2a949269fdd3c832a55a1e7,46655,Sao Paulo,SP
0523e80c3ff448ada394f52e152273e9,571186a62339493f9c670ae58c18098b,59379,DF City,DF
5c37340bb29e4f4d8fafd56ff63cd7a5,a3e0231947be445cabfa9317fca3b1b8,85703,Belo Horizonte,MG
03b503bc76b944fe96e93670040cbd9e,512ae071f6d64351b93052f4af385ee8,39343,Rio de Janeiro,RJ
e0430816412b4e4795a22127cd2daef9,4b26fdfce64447a5956c95148b0e60e3,24828,Sao Paulo,SP
0664ade2ccb4441e93287bb5eb3d4318,47ebfdc421e841ed886d786135687dec,67746,SC City,SC
9f4ef5ee92a54a079f03bb1d3ad61cd2,7f787507535e4104a29d83ac3578a941,30959,Sao Paulo,SP
83851c273e3740f9badac7bb308b4f61,b177755417b745bf933e8e997138e8c4,83819,Sao Paulo,SP
2ccb6ed683564fafa6ff949305e3d57c,9e7ba56b4f704391bffe922043d88b15,46521,Sao Paulo,SP
eef9c59ca02e47a9a11f6ddcfae35061,05e8bcc597414f8ea3cb517ee56385de,68143,Sao Paulo,SP
75f5ad22c4994032ab3e127104ebe05d,800d42787a624a2693e7b072c3a420ed,66784,DF City,DF
172617bcf233480789d791c41f676706,4fb9feafc8ee485e8f40c38a8afe6562,41675,Belo Horizonte,MG
b1e6d441a6d8434ab0c4df751bea38c5,3d81276dbb3c4a9b980f35a56b03cf79,82772,Belo Horizonte,MG
3f8547cf2bac401fbde36121341fd140,d9f15a789ef6477e9e9f04024d583df7,10698,DF City,DF
406da59d07b9494da3e26def3a897ace,a1ed39006d694254b5b5fc2fda0ff875,80769,Sao Paulo,SP
96c55e09c4074edeb39faa7d4f5e32bf,9136ec8b0b064f47895d14fbc74bd861,39136,Sao Paulo,SP
57e5355335114389ab75012d298e8a72,387c29f8628f49139de9d277901dd0cd,83770,Belo Horizonte,MG
60c3be8ab2b64bab807b43393017d5ae,f3cea0c0f5c94ce192bd9425bac4fbbf,14261,Rio de Janeiro,RJ
56d2e2f10d5e41ae90e9e9b9681684ab,fd982c53871c4d55909b4367dd43b5c7,62127,Rio de Janeiro,RJ
5bd990faa864477ea5067bde83d41361,7989c53f0b3f4a32afe18aa1eb939885,52611,Sao Paulo,SP
48022c887f9a483a95074da089989e31,039a588160064beca019a6adac75739d,44093,Rio de Janeiro,RJ
fa121ff2f93c4218973c2896f4a9ca52,d72983c16d2d4089aa1929da381687ab,17977,Sao Paulo,SP
fb51e0b236f744e4a463e77414c00ae2,dd44f5af04f943139a444a9c65ef189e,30483,Sao Paulo,SP
2c183d58b8534dbb9bf916978001a8cd,983d40e821384c348f5fcab8be27fb3b,55848,Sao Paulo,SP
42f65648f3f34510ae9e8ac78f1956b4,17075a39ee684ad4877291c29dcfa245,90711,Sao Paulo,SP
7b9009556ce3428caf3f28c2d3ba219c,35441afe5cf84de9ae7f75da0000bc94,90314,Sao Paulo,SP
109fac728db54a0a9ac425241ab72768,e0ae158c250642bd9b562504e8972856,82095,Sao Paulo,SP
e6e2f46a48ff4c188da2f57db3a87fd8,0c403cfd29404f65807e37e979ee2279,52604,CE City,CE
96eff01e3ab042f5bcfde1c4b95dd6ab,54a4fad65af04c81aff1f5225b308a75,24250,PE City,PE
d1cffadaefc5431184018c92fcc7eec4,5728fd53f0664304a47bbd3ef215d6ed,89118,Belo Horizonte,MG
0838a25c64914f5780737172137eb0fe,4c4b6652c9cf463e963aa2199359bd5c,38702,CE City,CE
5c0de9fc0663463b9a404bab6b14f21e,fb4a6f975a2c41019165ca374e92e99c,89260,CE City,CE
8406ef3bc9184663827c30880dcaef53,d73ccbcaf62848e1b37dd87b1c9f0a7a,39473,Sao Paulo,SP
69e9a7f494b7424bb5707854c63b2f7b,b52994d0fa094374a6fb9b74066025be,26675,Rio de Janeiro,RJ
e2a26263e33d40ac8e54c3d9dc7b27f4,33b4e4d40308417ba6e1e45a806e3d10,70557,DF City,DF
2c51812311544216bb3e1ba61306c383,24d0f05be1bf44b4bbfb042240528b1b,30709,Belo Horizonte,MG
cda4cdbad3ec4993a403bcfc1429d4db,a2b99a0afccb4b33954d722f9a4e0ef7,74652,Sao Paulo,SP
a58dc4c89ea9460f83fab1cc1c7365ea,6d18311f2f684d3cbc1ec51d581a5dae,33616,Porto Alegre,RS
7e9d130a740f441e86fa0433821d77f9,e3856a5082e5490090297f5d8c57139f,80899,Sao Paulo,SP
84b6e55f41e9471bbf21a7b7cc60c838,90227439044e4fbd8bc48f3154e39d3c,21404,Sao Paulo,SP
d23881dc2af14487b94859ec2d64939d,337f9c99a34648d4a8baafcf7a10119f,30980,Sao Paulo,SP
7b51e58041e24596b0d125e58cf6f00b,01dd36be926649eb89d95f5ef5a24273,85050,Sao Paulo,SP
e15108874bf443879644a69d47e40306,0a74db047b354e9080b8637e3dd2b1dd,25449,Sao Paulo,SP
8277595ffa634f06bb95315a795a8cfa,9aae36ab946a40a7b58e17dcddc865be,60805,BA City,BA
1185fbb8cae944c99ae22e635a55b64a,3dce176176a7418086445cf123c659ad,39125,Sao Paulo,SP
38cd37a938aa4653a4f1837b28587f9e,2098c054404a4691bd35e0c47f67f96f,55621,Sao Paulo,SP
1af2edf37f2e441d8f9f51465c509d8a,e831ed989b2f464e86bee86e18017e82,95487,Sao Paulo,SP
385496233b684eafbba59008cd8261b4,18508c1a01e64af199c9bba7fac6505c,16259,Rio de Janeiro,RJ
e6c4b72123524871990712bd07d57553,60cc27d72dc94127968c90af4be6bb99,49120,CE City,CE
1a5e919397ba43d9abeab42efcb19286,44d1a475ef6c40da836f77219dd43411,83821,Sao Paulo,SP
bfa235afc5d64547943553be4ae64592,9f695944bfff41d6986c33c721b4fc3e,66261,Sao Paulo,SP
b4a776d89ab14ebeb6eccdc052cd23f5,c33682a193e44a82bb1298767846bb97,17798,Rio de Janeiro,RJ
92f3d81a47e94b80a1faf22f0704e178,296b380fe3a34872bdf986d1d40dd158,26441,Belo Horizonte,MG
5fb6e3b655d344a9835c3f9d71562cd5,ebc50e4aac0d4ae78989a0b60fc37ee9,66419,Sao Paulo,SP
29f4864400b442cfb726273ec82966aa,ea13e4dc81b646d2ad2f01d8c60d4714,65021,Sao Paulo,SP
bf54082af8694eb49221418250e926c6,b278bc5975ff43e0a589682193d97742,69318,Rio de Janeiro,RJ
68ea49f839684b7daf26fcb4dd6f3985,cc511b52b63c437589b6d76c4ce95aa7,61790,Sao Paulo,SP
27e7eebe0ffa4e468fb603fe0f95bf23,18d8c54c79ab40319b8f1dd2dcf17993,94657,PE City,PE
8a6b5a55a98041aea918f944e76228e9,7425e619ffd34b5d88adb97ad5f84aad,53401,Sao Paulo,SP
67e6818abed54a388028ab162e3274a1,92ba073fea7041b6a5d43369067e31c0,32497,Sao Paulo,SP
ba62cdb3a2d248559a86ed2dfaca9955,5ef84f6c0f31424cb985d492c86a4061,69456,Curitiba,PR
d821c6cce1014999ac536b2534dfb3e3,8d61784483d5448eaa68e7a721cc8760,31784,SC City,SC
9658279944ba41c39c08cf1fc5679bd3,8a0823ba8bc246798c260b26acb5153d,82478,Sao Paulo,SP
7ebf93bc687a4b0abd1a7c1ab8013c68,8b69d26a531641ad9d798291914bb979,94478,CE City,CE
0045f36c37884223ab264d7a228e53e3,f07717e2413b4302aea329df8f403d99,49809,Porto Alegre,RS
79efe6861018449894374ef1ad999111,b1c402c2717c4c23a8ec86407a0d4caf,56648,Sao Paulo,SP
151f3d0169a444b6888769cbe06b6b1f,4665bbd2e8ab43878a5109127410c45b,36923,Rio de Janeiro,RJ
daec08e3d7d844bd86b1d9c7b4611d2a,06007638d23e49f7be829fd8b6039805,87085,Sao Paulo,SP
be35434b07464e01ad38c0b92c2e7e9d,a7c9864b68df49f4ae426e83698c23cd,74127,Sao Paulo,SP
b2f3deecf1704e21a9418ba636e0709c,02c7829a519349d8871f7c4d5b47a2da,44704,Sao Paulo,SP
312f2b1b79034933a7c895c88eb0d866,b02d393fc7694a2188c6aefd6b4248bc,91714,Belo Horizonte,MG
9971d35ac2084f1881f7042af2363494,1a34ec8548cc4c21ba1ff6eb5d81b929,92129,SC City,SC
ac7e58fd12f44406a5f4e9648aab6806,ddec9cb7bb644af09b50ba94aa26cde9,86858,Sao Paulo,SP
2c431773fb7c4ffbaa2a0e37c84ae3c5,dbea90f89bf2479bb9eafa2f34a896ca,58973,Sao Paulo,SP
364bb1d5b56a4c3db023310de5ecd71c,d69f603828724338a82aacb5bdc4ed13,13066,Rio de Janeiro,RJ
9187b4b6ea174f5f8229eb2b9e484894,679c1caae00b4b41a1b9e433f3711638,69328,Belo Horizonte,MG
d5b623f85192400b95d181a657225603,51cb2a3cc81349c58cadca51df78427c,10074,Curitiba,PR
1a17c9473af54eceb3cb7d206f24502c,111171ec8059460eb817b9326924994f,76278,Sao Paulo,SP
ce323cafe2f146228e2cab11e625673c,9a70ad3aed5f4d45b30451289738fd5f,81582,Belo Horizonte,MG
965203a0edac41b0846a7e2f2d8d9466,70ee797696ff4f04a4fcf5d650e5b51b,66996,Sao Paulo,SP
52d293f303e64a779d104a82368f29f9,638dc843fcb145668735438d497277ab,49498,Porto Alegre,RS
25ad2c07bbbe4137a6f0f46d8cf924bf,572240160544450faaab245e0f0ba28d,10365,Sao Paulo,SP
bad4141d5d9c4c009fa8fd2668f3bf83,d65cfb9b56f240ffaa3fb5a709048603,64879,Sao Paulo,SP
3083deee84f6426a929f863deb3f26db,99d6326c7c4f4d2998c301cd5aa06915,74901,Rio de Janeiro,RJ
ad9464a1b77f468ca5d5fb9f62279fd1,b3a164cafd2a4720a6cd55a9d911f389,57629,BA City,BA
94e696c9a13d4670b96ac3da8313d2cd,0a018b35bbab446a8c1aac8264a5ec51,64104,Belo Horizonte,MG
b402131f7c36485ca3488c34075aeb88,c7d20960c17d405f9631c75da5ff4e57,12844,DF City,DF
0cc2a6d1c87b48e4af8a4e8762b4d998,677970170c5140dfa20a3e23f16483f6,32235,Sao Paulo,SP
cd2ffd257b744a49a81c24b018cd1eec,c05228ad294f4286997f5aaa6d19cd31,15845,Rio de Janeiro,RJ
6c890e3dd63b47ea893bbf022a514ec6,d45e6e9e00534375849f89a16d8f91bb,81518,Sao Paulo,SP
666508d68c274d08ba4cb726d46e4818,5ad79f72ecbf49a380399734984ec935,11340,Belo Horizonte,MG
1bc723d1c90e4328bd6dbec89a84aad5,32ec7972d68b42f381a893f94bac12d5,97176,SC City,SC
e468bb0c9edc40588b715dbff8e8a165,44182ed72776409aab65b2e8c9f19123,23537,SC City,SC
df79496e3b614a10befb163e9bf8316b,aad6ec6d0b8142e59ea47e96638f0f67,84061,Belo Horizonte,MG
9e36b305063848c0aa03a01b6d1bcf7e,3e1f333444dd44f1b0683e0791894f88,32512,Belo Horizonte,MG
dce2b8ab428f404e87a614a19d7f31cf,5e30855b683f48209a3271b0b093f186,87990,DF City,DF
894d02ed1837416eb5270421a822ab8c,29d3bcf708a945d4ae07863b0f3f5123,16089,Sao Paulo,SP
440360b0f5024cc1aa4bbd83033f352d,e9417a9108a44baf8d43c3cd7cc2097b,31745,SC City,SC
da3ca4ea18f54f53994c5b1a359b5bc3,c5cbbc77130e4f48841e331aee602315,34401,PE City,PE
17494135b3ec49a5bb873bfef9b78329,7523f561f2ec4be983263b0acd421f77,20191,Rio de Janeiro,RJ
c7ea27eec4c849d2905e57e4a39f4066,3e0c605d6b4f45279027bce0052bc1c8,58680,Porto Alegre,RS
8f97ad2ce3af422dbdf55ca41457ed05,f67cbc1ed460451cb7903be5e2171912,49228,Sao Paulo,SP
0c2858c9e7914fd9b2b830592bf79275,f8e66e7c60ab41269ad0dc946e40719d,41220,Sao Paulo,SP
e1f23e862c5f4455a2a7c35037a12321,8aa4302a9416452a8155f4611e50b54c,91224,Belo Horizonte,MG
2a6ca4d68aa242f0934cb3230b632c03,a4163e89ea8d4ca0b0eca67b1dd0da8d,14269,Sao Paulo,SP
3ec6e5ed9d0740168b4f2a376fcdce25,aad2b06722ea40db9039ea452193eb0b,46633,Rio de Janeiro,RJ
6033f60499524b46a51690e18ac839ce,9166e947c5cb4734a72bf941bd9bdb9d,43953,BA City,BA
eeb8cd8c2439423b92a0bec435b4ae47,d3b7b0ff1df8444489ca8ee4a808fd69,81069,Sao Paulo,SP
845bac5831e449769bb8cecf8ffdc19c,d617d70caf69445da72875f7115ad4d3,85028,Sao Paulo,SP
20c745c100c040f0a82e81a075dd7926,be281c17f64d4342a183c089e140619f,14534,Belo Horizonte,MG
cd6c9fa4bb1f4b96872d98d6fd952483,c98f9d1c8c6c4128a68593c1a2a4e5a9,86648,Sao Paulo,SP
abedacee549043f99b4c663cd23f9165,165f46dc7cc54ec7ae3fcff27b44bdcd,39513,Sao Paulo,SP
38499c94ade24ccd8f4d395524903952,499d078797924d4a8e2ca3fd769ad87a,32721,Sao Paulo,SP
8bf78f4a798d40eda63c4c41ca32b737,0e560b3102ed4d5fb29e74b401b3d924,30562,Sao Paulo,SP
363c544346ea41f4a50357d73b52277c,be5efed03e7d40209ae43388beb7a621,55678,Sao Paulo,SP
b7815431056b41839da8c87383d215db,6a88e1d1ddfa4e619185ffb8783a4529,35221,BA City,BA
6a8d419f7b8b4886b65206f4249208e5,55538d96d8b74872ac6add8cee76750c,42409,Sao Paulo,SP
19634e85aa1a4792a242c29990d6e359,bd33d1b00dcb421baa339d686af5a00b,37038,Rio de Janeiro,RJ
39ce3956103a4a939879852212037361,960ed47af0344223b503ce2a437b6544,32716,CE City,CE
c600cc57e3d94ba4bf1b0cbd59cce294,c1dbef70afb7442a91029dca66afc64d,10859,SC City,SC
034bb2458c5049fcbbb2f55bb60b997e,d258b713028744d2825264f7001dfb35,31990,Sao Paulo,SP
02c2c60bec1747dc9025f8642bdf59d6,9c7167321ce846b0aecc4b0c348a103d,42070,Rio de Janeiro,RJ
40e9977c9bbf4fd1a6670f2525e64257,461445c68b4645799eafb5b1c1499e96,56860,Porto Alegre,RS
6532bf8f781940188733c46a2c48f8d2,038aca982f164448ae68190dd2fe7594,18812,Porto Alegre,RS
1eccb8d5eddf406f84b0cbd99c4fa863,8b255c5697b54468bebc45aa42546206,15339,Curitiba,PR
3b5235386ca84e6994290eade51e0d4a,4d31e26591c043fa9f14a943b1c61231,30180,Rio de Janeiro,RJ
6ceaa5e6507d48e1acc95d0e878ab060,078ff53a321b44148e667829c00d2faf,59052,Sao Paulo,SP
760d5012f17540618f6bfd2a2de6e1b3,c068c0ed975f4da5ab5929d5413723ee,95455,Rio de Janeiro,RJ
39669d045c4a475eb52d19d1c8123958,150bffe65a1d4a2f8f95b73552719b18,53435,Belo Horizonte,MG
6ab28635a8e444a4a14d94f9ffd04364,27c7870a85694cceb58684869962f8e8,55095,Belo Horizonte,MG
2d43477636094e53b89fbdde0fcd724a,a984aa190e734d649754f83c1e4cb51c,17782,Sao Paulo,SP
12b88767a70d45e784788a983a669449,cb022e6a88c64605b2b326209f8f657f,24879,Sao Paulo,SP
4ab97c8489524e678c67ec11f6b1b6b3,6dfb28a0d85c4dd199fe5a6fe0449d95,91027,DF City,DF
596c5a4d7a074601b75ebf9ffce76a94,967fef0946f14821b74a98f3c708c221,39654,Sao Paulo,SP
82f4e700ca054b009e188d13d2af53b0,fd4f819637a74585b0a98734cdb9296c,54255,Sao Paulo,SP
54c22b6f76d84b038c4014ef1a2c9e41,69ea1d2210e843cfa15cdd83473cbd67,47182,Curitiba,PR
96e59738401b4b6ab5d107a45c3b9ef3,66fcd71ee798485085c8e2664ac7a797,53065,Sao Paulo,SP
820ea2004ac546f880717ce9e9633f1e,20c8afc3a853495b9a4202e9922649ef,99515,Sao Paulo,SP
5fe1cf187df84be1adc2600b30c1aee3,1c4fa526855e4b4d9d07d89f714dc2ba,14376,Rio de Janeiro,RJ
71dddba36914436abfa607b27a30a2cd,ce836149b24142eca11293a4fe45c73c,39627,Belo Horizonte,MG
74a1d2df4386442081e0a638c8bff55e,9f53dc8d84a24856982a49f3e3cbf0a5,63060,Rio de Janeiro,RJ
ba790e5aaff947f9aeefb1ffd1cf15e2,eb2d245103ed4dae9e7bfb1fe90c880f,86139,PE City,PE
d4c90d97ee0b495a9894a0d3a60468d1,c8187575279f4b39af68d141ff29f7d0,76098,Sao Paulo,SP
2c11124e330b4d28936d67eadb0c0236,1cd0646ebf2d41479ee944df6832388a,82664,Belo Horizonte,MG
fe9c7e88ca1349f3a1a274915768a2b4,99b806c83b044720997b2fe42343c1f5,83434,Sao Paulo,SP
649f89928c4f451bb6356c8d0be4a567,fc2c7fe269974c6281d20531bc33e334,47334,Sao Paulo,SP
384ef1add82840c4b9dfa5967a902ccb,5d2c83a9ec38451c9ec59493484c672e,37282,Porto Alegre,RS
ff710a44c0994691bc5fcae99f79f762,d345dbd5fd7f4a4fb3ec17f688d80c86,91760,Sao Paulo,SP
96e82530869945eabfa087fe6109d5a3,c78b047e917b48a889af88cfa31026b2,35380,Belo Horizonte,MG
a5d1f80aa5ed4982b967a95cdb569927,427c732043b44de1bf2430ea6ad2824f,42191,Sao Paulo,SP
5b3020d6eb714c73b7e3e2c4ce035959,8efb2137362d4a2bbe62da9c9f9ca9a4,35263,Sao Paulo,SP
fb9527c59ad246f59fb130124ad14322,93f81a62f4f64985a247781717855a52,31260,Rio de Janeiro,RJ
5cc8650548aa49a3b2cbc1406ac4e767,9ae289b890ce4830950fd92b1aab37fb,48606,Belo Horizonte,MG
f13c28971b37432aa1b945af37780ede,e4f26f28fd984d33a3a9e663bb49515f,42281,Sao Paulo,SP
f71f73a2783040ffa090aa5724ae3d5c,fccfbb688b0b415bad50b72ca20c2673,61657,PE City,PE
740a246865794b1d9f53d3304962f6c1,731272ddd7e3454abed78f1178944ac7,31392,Sao Paulo,SP
2201f45d64bb4879b439bea9ff614bc9,d580e94b67b84ea2942d87121e1ea045,87607,Sao Paulo,SP
33ac259d75ae4f35a9e4179eb73b42f4,b405a45ed0eb4e2eaa7186ba40f2fe2b,65935,Sao Paulo,SP
1ce35368fc90439aa08c2a6fbbc906a3,55f9d37984b74ed3a8e34f11b261ba07,27335,Sao Paulo,SP
d1a109dbe8a646f8ae70416c36a0cd0f,1fa5ff81976f479fb2d3269a5af50dd3,10949,Sao Paulo,SP
59290a5f3fcf4e7c9ef4f32b5aecaaa8,04fdbb22f03a404c917ac6bd3ebe9b07,80438,Curitiba,PR
e5962bbd1fad4588b513b48c0a1a5350,3b8e6767ff184454b259a2d7fca14edc,13493,Rio de Janeiro,RJ
bd875cfadcfa4800bbfcf44e877b138e,c4f644dc022548199dd873cdc81dd8f9,55458,Sao Paulo,SP
d9f8de2dfe7d4a46bc27a0307a47d61b,3df94b6a22d34e808e5c0254140f8a5a,83967,DF City,DF
6cc4651cd4ff470caf726258c670aa90,56b090cd6222422db720b95e06af7a35,80564,Sao Paulo,SP
06f53e15555b4c449e015e6b6bec8c0f,9909db5057b940389f17b952e522b148,94555,Sao Paulo,SP
d70ee86813c44476b13a2e11beac18af,8276ace0f33b4f29af01ecc7b550dcb2,40210,Sao Paulo,SP
b3b35e078a9d4c58b6a98b014b59cac9,f7419388e0d9407caedbb92950e1a644,26049,Sao Paulo,SP
a116d3f4dc764435bbbeab37ec4050d3,20ff8da32da040a6b04d8a993bcee00f,26557,Rio de Janeiro,RJ
e265b91576ac4f2e8bb1e7da13233a96,dbb5cd5fe8f44624b6023db1bd38e064,45319,Sao Paulo,SP
91664e55d5d941d7b30553c94a827c75,f3b5aac77ed041f3b5cb56f960d821c5,45418,Rio de Janeiro,RJ
a83a91c1fa1e4376849a1c282efeab77,82b5a49cfeae4296a2b8a25c47d67dd5,21857,Belo Horizonte,MG
e70415e688b0460a82d088224d0212f9,7317ccd9877545b0ae8116a40213b0e1,31193,Curitiba,PR
83c609b53f304bbab7388a0260044b18,174d4ad4a66a4913aea913bda32a063c,85993,Porto Alegre,RS
ac94369657ac481da6e7244cbfb7b7a3,206d54586e3e453d8da00a7c30ce2982,17540,Sao Paulo,SP
1980bf04f4d1488e9ce4c1ff332253ca,dc71d80ea6044b9cb002fa6f8ed1eaa7,68239,Sao Paulo,SP
9f9bf6e795d545e6b2fd8922ef4c8df4,947347c910394d21b1644817cbf88220,53691,Rio de Janeiro,RJ
fb29a57ddb81416f84c007e6a3167549,cf65076f69324c7b8755d71b1fd6faf6,88439,Sao Paulo,SP
855d6f6234f446f6b22aa320a7b2bb25,9aba98e6aa194640b2b759f6c9cf5eac,61487,Sao Paulo,SP
c35b406b306a4f30b2ac61dd0937699e,226b1fa33b4e47289bc6549971e34111,51032,Rio de Janeiro,RJ
e153d21ec09143f8bded4f57565c5d22,67a7eb3a96954df9abf31f5c994361c4,90180,Sao Paulo,SP
1993ff4e41174348a3c2c7461eeadb7c,700054afb0ce4e9ea8bd025d62b2529c,88793,Curitiba,PR
77105d1cb41f40659fcf59c1d12b5a88,b184fa164db4452ab6413fb354604c65,90581,Sao Paulo,SP
a2cc299ac075401e83a087f2f6954e05,94742f676a4a4ff4995021b710c44497,27550,CE City,CE
0ea5c418b1db439d93c9a495b01518ac,a36085f35d7e47b29291f9aa3eed9e46,17397,Curitiba,PR
c96ed78d0ec948b9a10c12f9c812c298,5a4bbbc3e20741cbb7ebc6821053ee32,25453,Sao Paulo,SP
583479b6bebf4b52aeeda4d815ce3504,b2de20e993a44eab946726fbb663bf93,28696,Rio de Janeiro,RJ
8a43e23e87644d24b6a217dd2a6ef358,9714da64dce54a029398940004acf60a,41814,Belo Horizonte,MG
806254cf84e44a8fb2cca562fbf9379e,295e926b7e774b95b560646967a8fc89,75065,Porto Alegre,RS
d2ec66ee1a304db1a839c6e1f80bcfdb,203392b8a5644ab791a6f23d529fe8a4,62623,Rio de Janeiro,RJ
fc73b8b6683f428fbb7805b43afe3a2e,0959fd0934e54dc6b680d36ff89d7df5,35963,Rio de Janeiro,RJ
876e8892a39142f5a4e5fcc8c6d50c13,3db2254091634fe8806331657191dadc,19863,Sao Paulo,SP
8fca1fe2061e41789cbddb39699226d6,29e71485a26c4496901f9f6d4d393c28,73061,Sao Paulo,SP
d6986d11739e4392a2fbacf8a84ffabf,2f6d1509723c47fe9ebf33bd29a79a24,70265,DF City,DF
8fe700403dc443ecb6f080a0a84454de,d624b6ef0646438798a698b7749f77c5,50499,Sao Paulo,SP
833c9d806f2d46c5b5256c1793c03567,28657e174bd94b058fff77016e3ff1d2,87070,Sao Paulo,SP
7ec7a7f32945487d93f65ba3c87884f4,74b19746500343068007fbc9ad523130,58718,Sao Paulo,SP
209ae0a8473c4f7ca274b4b045856c90,b71b087e9c7f4850b84ec97f69d56be0,46419,SC City,SC
80cc5f8d43a14923bf49e734aede45fd,43a26f19eeaa446b9344b239bb2c32c4,30978,Belo Horizonte,MG
5fdec59737354dd6865d00c15ff1ef2b,4270c90b3d0e4e59aea38559781fcf27,18593,Curitiba,PR
18f11b99661d411c9f017249ce962406,7743e4f074554d9cac9bb56add85a745,11951,Curitiba,PR
ee3b7ca6e0b3460d9792bd73cb6d8c08,9e0f74f1f4f64d07ad12f6f14fc566f3,60322,SC City,SC
a214c6effec34660b329030c8c2f2ae4,75768a3eeb7d4c96894e811a52384b71,33888,Rio de Janeiro,RJ
3aa21edc26eb4ba9bf443086018c2059,0db24ecbd63941c3ae2a4b76edf40655,88026,Sao Paulo,SP
08214277fd294509a3fa96d542e58af1,9033caa73f2845b1a9f19ac2306d2932,45153,Sao Paulo,SP
757756d85b1c4e899b8108d50724e056,56f7c22a4d304d2fb1e938caacd2e0a7,94006,Belo Horizonte,MG
48b644ecc11e494ba24f709c67a7dad8,1ea12249766e40be8c3fe428ade92717,22177,Sao Paulo,SP
3e57283f0e114c498af2a16c5b0cabf1,877e84638563459f88ed5175adc268b3,84233,Rio de Janeiro,RJ
ccdd47cfa7bd460b9056aef7f28a8907,87081c3b47a949df8faf4cdaa2b92f85,36627,Rio de Janeiro,RJ
12926e186d9649ac97c9ae4df63c43ff,131ba00a577b4b29b2702b14379c7842,68738,Belo Horizonte,MG
376ce406027f4a678e279ff03f85f457,9a6eba15d3c84571906dcbf74c719ecb,54813,Sao Paulo,SP
d1b15b6288e544cf8865e47910eb9859,a03e4b72d67d4cdbbf01d2adee8c63ec,91544,Sao Paulo,SP
98a13c61c43e4f948b74e8aa6a8e0c44,b1f1240c1e754236a283b37ce68872fa,22817,Porto Alegre,RS
85ec572e379d40dcb144408b54a9ee85,7c460d5e750345ab87cf4e5f262a9292,86802,Sao Paulo,SP
fc54d31fbefb472a8025e9659a37c7d1,eb99965ac2424ea98809f992052134bb,27359,Belo Horizonte,MG
9d4f10ba7c26464fb684ea3384f80c50,1949ce858ee64a0a9af26e5cb4d43aac,33699,Rio de Janeiro,RJ
0076b212145e4d7899900dfb7ec036ff,52568e902d644440adc1e49f0d1bd2c5,61842,CE City,CE
bf0d8148eeba4a289f3a83d511f1e72c,b7ce5e5f0de6459db466b4a03adce3ab,68502,SC City,SC
5d524d51ace146b58cfa55fbbc694e3b,2802dbb3977e4f8b88469f7d359866a4,19963,Sao Paulo,SP
f2212fbb41444af9940591ed111aeeaf,10964677f07448aab942b2eda06560f8,40025,Belo Horizonte,MG
f7d5edb8917a4636a117d8e038b27836,4ae50f7abad54712828fb7bfc3fe0ad3,23090,Sao Paulo,SP
af6a591c41b24e1aaec3c1d08caa8b9d,5444e486330d439cae51ea81c7ec43a8,73126,Sao Paulo,SP
e17ac7de4d464abda094e36ed2ef3291,1f240606a5c6416d83a8b0127f2b80d7,58808,Porto Alegre,RS
5b055eb5e9544eb298e99ea0faf9cd9d,062805994bb54f51b095f22b6402d5ae,40424,Belo Horizonte,MG
03a69ec61437492ea62d64930f980a53,bee6ec9f008843c38dc5684353c2519d,62531,Rio de Janeiro,RJ
da586c183ce44c7ca1161a3ea532e070,ce5caab931c848a6b4a124cd78d4c776,26791,Sao Paulo,SP
e02172ae580a438ba2beabbad4d0d748,1faaedc6e0674029b9b355f7fb7843d5,65515,Curitiba,PR
df3dd8afd70347fa920e54e854e2d079,b02417ce5c4c47678e47ce8de7e6fc3e,45922,Sao Paulo,SP
99b02690c739429f90ee61ba7049b137,126ed7f666bd4ffd94efcb683d11a235,72056,SC City,SC
d8287b1b8f454416b47ac0c2351d6c2b,5c97920191c2465c95e7717cc191fa8f,51746,Belo Horizonte,MG
4d5377f14b18405d9aaf145233c4d1d8,85a1a45a7b8142beb4dbb47112a6e2d1,29810,Sao Paulo,SP
68dcc088b94d486686230127de8c2296,23884bc9a9024b2db721b0b5aa57deaa,97527,Sao Paulo,SP
e95f0b4c16c54e82a8560f2880380a50,24a4652538504828a662cd12df0a8c84,76675,Sao Paulo,SP
7653481490e64756aa020495f181610a,067baf4422b4432580ee7873ae5e2542,92517,BA City,BA
b3431b87ccae4d5a9ed946b660853b07,4f8cdeaa25274e3bb8921613ff035785,62250,SC City,SC
7428295794914fab95a2cce353547bc4,65cdd640baf144eb944a3b86ea22a598,43013,Belo Horizonte,MG
0c8afd4e11e043bebb573bca68956a8f,4a24c9fe6fd847018b72c0f455f4373e,60213,Rio de Janeiro,RJ
2ff5a658f4e4492eb1f820c06eacb93b,14c889c5dc314fc290a37dd5edadea05,23485,Belo Horizonte,MG
1d8a9fc82cbe477aaa37796836af31ac,eb8f275eec7f408fa7f44867aa1c960a,28594,Rio de Janeiro,RJ
996d4ddf3b264105a88f9e2b7ae63871,53246b32fe91439eb6b03a20fb1bc3b7,13329,Belo Horizonte,MG
f87b63285bb9466ba431f475c2a32b3d,38ce4f8be78a4111a2b90db8f0c5e809,91370,Sao Paulo,SP
9b9a44cec4e44db4aad32eba9642a690,d862ac90424049169ef191d93f395ddb,65800,SC City,SC
b3fb2d1927234060b791bcad12642f9a,db940fd19bac43afa9278da7d427640d,25789,Porto Alegre,RS
93dbf530b20647769c205fa5dea8bc0f,3af08707bd1a440eb853dcf024969c73,68794,Sao Paulo,SP
09b035d66efb4f7bb33cdebf724c44a3,148bdea25e7f41c7973b2b3e234f4fbe,39958,SC City,SC
3092e826cdca4a7da67bd610333f6935,48a06b180c8c4d68a230196f1d773452,13466,Rio de Janeiro,RJ
05caac4c57e4449d98375a9d853f24a7,1679e8f5b519438080b3e40947f903e6,10591,Sao Paulo,SP
85c8bf7fe48f4552be1158138962b715,91e4f999b9384d1f808a07c01bbaca75,84852,Sao Paulo,SP
10d7b0a84a8844db8ba5cb5fdb0980cf,01369f28bb81443f84e60b2b06883c67,87737,Porto Alegre,RS
3f5373698f254d18a2c48bbe961cd9dd,bfc0b174b6704ee09700390394476190,30753,BA City,BA
58339e9671794d86b8d200b79777d26c,b0562ff23f6c468d8ff6994b81d76c97,96487,Curitiba,PR
62651fff2bda4764a09306975702d695,e67e9c0693344a70a0a493c75fe7dbb2,79867,Belo Horizonte,MG
6ef83bed51514cd59d1325d811ea3dbc,34d866bc8a964e67ad89df3beb5c0302,45203,Sao Paulo,SP
9e1920b4dd394f21a1adbf82f057dd78,06b0c2862ef248a3ab34fcde699bdb7a,51340,Sao Paulo,SP
1223b4afb66540dea82e2f1b4f81a0ed,6b20f952476e4aaaa641c88add9a931e,28013,Sao Paulo,SP
39b366beb9ec4247a2cec4a1c324a657,e6bdc63ad66c49479b33077fe726d887,45452,SC City,SC
c3244b31e9fa4828815f86437b53f717,b80dcfcc85b249a89bda2cb7ea2300d6,18006,DF City,DF
15953c8825f34b93ab934d932a73ee31,1b31f9c1613a4ecea4b9239843885430,35041,Sao Paulo,SP
2499a2fa87a144cdb8320902f7bd5843,f7d8a88d9f5e4567a87d8b52f7dd425d,31786,Curitiba,PR
2b21d5e2b6bb4c2ea7fe30bb97e3e6ac,da45cf5f3eab4c67aa3291435618e648,23879,Belo Horizonte,MG
16d4aaa7ecd447afa48188ead9773b42,8e7843273d774ec7b9c30b8195c2b618,18230,Sao Paulo,SP
760cd48e9dcc4b99bee68fe87e1e92c5,8a3ede04c5b2489894aefadeb2cc44fa,56377,Rio de Janeiro,RJ
3877f61d0c044604b208601e529d9bd6,e5a856ea7cb644f98df873b25559aec1,40182,Curitiba,PR
800c0f90e80342148b80f19c6cae3891,91a9c02978ec416f9dd9463711b586bb,53498,Sao Paulo,SP
6e470de3775149aebdabc89619d52a6d,aad06954050e460caf024202dc7dfa05,56481,BA City,BA
6340be336bde4cee863f23d3b8cdb0ef,16ac36f26d9e4219b8504953a2054efa,11301,Sao Paulo,SP
8dec202d954541d88f8e8fc4b785b8b0,af8e38f4903b48a7949a2988451c444d,51654,Sao Paulo,SP
6ce6d959744b4d4bb732dfbe74d0e880,5f8effe5880c4631994996ec3d649072,22332,Sao Paulo,SP
78108dacce8b4e77ac9d6f12c8708451,bc50c0a474124f609133dc55060b4558,45508,SC City,SC
ddbbc63d991a4540854a7fc592199d9e,26fc3ac8726d4ab3a90e140824e20863,37509,Sao Paulo,SP
7f531b7ee4684d468e55177a65c0d3d7,741d6198ca2a439cb8620dce282749d9,28294,Curitiba,PR
7378eb6fc41d444183bf2791052167f4,ef7742a9d1454038932886377a6a55b6,23155,Rio de Janeiro,RJ
3ef7cfe6ffb54231936e853e429c865e,ef7800a768bf4d39afe6d42fd87b8b08,86269,Rio de Janeiro,RJ
742dbb7a4e0a44d2ac19b16c3c9b17ac,aeeb69f0ee9446f49b3e65ea86c772be,93866,Curitiba,PR
0dc28c0f0fc94eae81094436ba65cdc2,3a1328959bd6491083927bcbe2f6f652,23771,Rio de Janeiro,RJ
3305b8fc9b07450a9c84ecd63d813387,49ec739f01394ca3971298760029532f,49257,Curitiba,PR
5d2ef64b3e2b488896b2d7c8054d69ec,4bc7f104d1994d05b92935934d7e72e6,41164,Sao Paulo,SP
07e09cc089f04c25b3935033d1433b6e,6f5540d77b9346a4899c1f1935d698c9,97318,Belo Horizonte,MG
d6207382983f4dccb0289b2e2e045ba5,88b7573488d3449d9816fd96b411c867,16470,Porto Alegre,RS
fbfb66fb8d224bf290b0f9e06abf7e8e,47bad1f137704aef84db71540d063cfa,77819,BA City,BA
84ecb630927648c1b1724e40625052b3,c089c6735995414f9aede94a0fbc028e,67883,Sao Paulo,SP
ff890d14de74498ba1063d994a64f4b2,ec41f3757246446580f89c12ce74effe,73584,Belo Horizonte,MG
53ebf7103dc0455097beef9942637a40,a5b75201ef0149ca8c9e9fd4b5f07640,87500,Rio de Janeiro,RJ
bc6acbdf2f8a40f9a1e742bf140ef02f,6fd37f9888e541b1b0e41d2f90cff91e,70423,Sao Paulo,SP
7cde920123434cbfaaff25a960e578d2,4a671c8b7a14451e923c2265b2ddae51,93586,Sao Paulo,SP
90449b8172084e07b536d1f0a9dd9028,6ddfec0919564f568035280c5f343aff,28305,Sao Paulo,SP
2d7eda7f349a46eea7c8171b9c0296b9,e7b221b922534fedadea38c4cbb47cd7,44200,SC City,SC
1060d19b504d4613bb3dad9ca25a907e,55828aa7f6e34fae8706bf801fd014b3,71097,Porto Alegre,RS
198838c56321464caddb6bbaac187390,dd61c4bdd5bc46998d5cdc164c436bd2,89359,Sao Paulo,SP
341f7c9e586d4250933e29f9ec623e5c,527296c7936842e890040d52f084d145,26626,SC City,SC
0204c8ce0c4540ad805bd9ab3705ed2a,268f56b5b5184ede8ce78ddc3006cbd6,59068,Sao Paulo,SP
4f01b654098a4d97b0f2390bacbecb5f,f8fbc4a2fda94cf798889ef9ebc3daad,42941,Belo Horizonte,MG
04d092e98dde487e97bf48387e34c75a,5bfc769ab81d48b2b2205077a0ac0c00,27208,BA City,BA
9e7e3f6a75ad4e659d7d780512c0d833,6515a90d4ba94147b54b5a3349945623,30096,SC City,SC
dd427f6c4c6a40059cbda3ca7d321808,0230f13a605748d19c274d1bdfd8bd60,22245,Sao Paulo,SP
5d74b4e94dbc44068f3912f4aeaa051f,058dd7cb0f85495ea9b387f2e3a4c173,75761,Porto Alegre,RS
dcd7ec9e16ac49e58c9c89f7e4b7ceb5,7ac77d8a81804127bf48edcb03d8ed50,81467,Rio de Janeiro,RJ
9019b2903c9445689e089cf8fe1d30bf,f73236ac9b48441da260fb2cb0896f40,40967,SC City,SC
4fbc842ea36d4ea394f928945c378931,ae88b3a9807d40a5aa432d8443dfe6d4,43341,Rio de Janeiro,RJ
ce195090aacb460496c69e424058e9c0,0b0a3aecad5f4a8baa2fbf66213ab4d4,92350,Curitiba,PR
b0909ac698d44c2998655f64e5bf72b3,4a3c083ff96f43fdb435e7a513f2c497,98526,Sao Paulo,SP
4d63004fc6744c91aaaedddb6053dfdb,69716e2128384f3a861cbe3c51ba9995,52118,Belo Horizonte,MG
67a9f7de0e7a4d2bb3d1ae007344816d,d4fae44c781e426aaec8c76bb5001fd2,80739,Rio de Janeiro,RJ
25c772d63313482a9ae201dc21a0e402,a1ed5c82daf6476792205cf99e4afb41,24347,Belo Horizonte,MG
f978209ed2dd47058f417d8c58a33cfa,c6fe4748f14345ce886d31140c6b7d7f,87424,Porto Alegre,RS
7cc6dcd54e6d478faa343cf40cc7f1a8,ff786ece7a544fd5b22a7ed6cc7c20a1,33636,PE City,PE
b97e8a75b651442cae2bbd005c38488f,768c282a4c804638a3f327a67b8d1c67,10973,Curitiba,PR
2ef4aff810eb4ddf81ecace4adbcabb9,f721ca275eda4c729d655358b5007f46,49650,Sao Paulo,SP
7226714ba9b6448fbaffc7d2e2c2cddf,7898c80b9b0a4373bceffbc8537825c9,81136,SC City,SC
d0edafa4aa784dfd833ae57ec5bd15b6,0ceb6074e5ed4da8acaa061504ad6484,73321,Sao Paulo,SP
5df9e07ebcc44e42af5c3013eea74c6b,50bb422e024c48c1a6fb2b5a78501970,74571,Belo Horizonte,MG
6e85649c7923413db759efa32ae2deed,8427ae59129e48e5ae436ef2d5ce0e35,15432,BA City,BA
f1368a7efb434f668a754f9fab30aff1,ed7eb64a13804651a58171e1feb6e454,66547,Sao Paulo,SP
72d99075683c49c09666b3a0bcf1e02a,8f837d4bf52644819f0721e2377c349c,74580,SC City,SC
baa12f555573404e8cdba75fc52d6553,b8567d2350d94e50b577c13b6ebe220d,93105,Curitiba,PR
5bf950fa8f8848ba85da505b2b01b58d,8261a6c4a47f407bb79677a54157f328,60096,Rio de Janeiro,RJ
979e35110c574d2eb5835166ba51ec3f,88f6632871d84f3f8edfbd0e19df28fb,85311,Sao Paulo,SP
65f277b7ec0f4c3ea5d62d52cc882250,94260f66fa884f3684baa943e54b5e2b,35988,Sao Paulo,SP
ebb19c47a50d49c2b9079f2fac2d9755,0cd569c5dc5843d9a137cd2aa11222e8,37390,DF City,DF
0a31965ab158467aa67c40c65338ca1c,1b3ff22819c44b28a7403838dc0d856d,40733,Sao Paulo,SP
952e1ab5a6fc4974a7712a317430e017,af1a0578c0954b0492969cef14c1e09e,32302,Belo Horizonte,MG
d31741d83be54409a9426688e4c30eed,5f1f774872964dca8b89777126fc0c52,87189,Sao Paulo,SP
d3414807563c4b82a310c733d86d4101,b4d13730f20647a695bdac75d7214ed3,87275,Sao Paulo,SP
d8cacf1cc8184131af68c31821874614,1047e4a8d1cd420ab44f95ac0ce390f0,83163,Curitiba,PR
fe1322ddef80496f937d5bda81ed2132,aa83a525788948219848ac74c5bf6427,66360,Sao Paulo,SP
60958c328e064ceb82c606683b29d8f0,9de5715ffae246d2abd185640ac460b1,56437,CE City,CE
27d014174646431eaad268d47c88cb2a,db4a949294144d27a388ee8ea8c8a577,22487,Rio de Janeiro,RJ
36865bb7b9764f1c8e9374c469a48e30,761dea223f8c406facfe268200add537,56919,Rio de Janeiro,RJ
ec420213ed6546ad80627beeaa716c11,53290462ba6a48e9b814650dd3865720,90938,Sao Paulo,SP
98eacf265b6b4eae97799ce440c66e28,84a5c1e819734772af40740e0bcb78f0,17492,DF City,DF
e1a6f03c1bbe45e7a0e6d719dcf1f1dd,6dd10fb9da0d4b489b53c9f60f356400,31748,Sao Paulo,SP
0c4138e0b77944d5b05951845e8c78c8,bda91ec3d6ea45449f27197f987ef95a,54602,Rio de Janeiro,RJ
e9aae2d187e147b9a721227fba461df4,53ad5e556da640a9b811b3bf3268e157,71246,Sao Paulo,SP
84740e8e59744c22b42bfec152069ad4,3e7c56008ed6485bb81539b688f7bf0b,81159,Sao Paulo,SP
9f8d9d6ec2164ed4918d092262d4c2d1,e7b5c5e08ead4d9c90509c629f452ff6,97230,Belo Horizonte,MG
83225d39912c4c758f804a4f74ce5adb,bafa5d48f06243cf9136e11c53ad3002,47989,Belo Horizonte,MG
f5d8017e00d54308b5592e546354b7f8,fca95edc8f564ed0a8a0c02733cd014b,66792,Sao Paulo,SP
4650b01e1538489fb227210055f4af4f,7f81fbb47191484f8f9f769a7ce6316d,46036,Rio de Janeiro,RJ
5a63a5d9e1344d6b8944fbd33aaf382b,5eee17208bdd4e1ba7799ea7bc89bc38,17514,Curitiba,PR
d16d8964dc62495eacdb9105b0723ed6,ab52cc985a6e4a468e4f9c8a127b65c2,78126,Rio de Janeiro,RJ
640872cea0c64fb18da5567a7d11c410,31f5defa4bdb49588e738a4f55cf2225,53718,Sao Paulo,SP
1ab9d7364d864c5b9f02a80c5778394d,22e1d859189f4039b7de0fa6b2ce30a8,93432,Sao Paulo,SP
7ef1313dcbbd4f21bc15925d8c2aa3ba,bca786d3b30c4673b5d8bd9693a94c09,75989,Sao Paulo,SP
20b90e63005b40b7ab61ad2b783dd247,3e30891763774705aecd94b24181371e,57091,Sao Paulo,SP
555cd5bd4d2a4f98b0c350263011ec42,9f475f4dab19493698350893d6813453,79113,Sao Paulo,SP
c630fe5721ed478c9c3bfa9c96983718,a2a41763e4414e80a8859d26580ec79d,79521,Rio de Janeiro,RJ
f9fceb84d33c46c5ae0f2841dadc6065,96a84301bf33467d877b3c1d1bf76c6d,35179,Sao Paulo,SP
9b20cb10c9d94748aaa3115e9c88fcb7,35f76ae1fe1b493899c45fc6d29a3ef2,80973,Belo Horizonte,MG
febb188253544bfcae3612ca9d4532cb,51a34e5b194742d39cb0b47513f4a74f,32517,CE City,CE
4df5613a75264dab83214f26f3b332ab,5b7ed2b3d7354fc7ba698ec440fa672e,52026,DF City,DF
779bd140166f41fb91702238a99e25d3,6eeebf05a89147fe9fd761c709c719be,67310,SC City,SC
3a3e1b86b2194d148bd0512f5415b8d0,48168afb0e014196aef8bffd81d18ccb,72629,Sao Paulo,SP
aa7113671cfc413983ee417c0b2632af,21e1b7fca13f4b839a516f3af7722872,27691,Sao Paulo,SP
dea324312470412f919e1c7b8d4144bf,0209e40ae8854e02987ce680ddf41549,63022,SC City,SC
9f3b996ed69745d7adb58d35d8846581,2185bdb4c5cd4a4bb32e2208fa80f875,32531,Sao Paulo,SP
b0d2b8cb288f4d188d8362215bec38cd,6284c4357d4d46368dc1bf8cd30b19ff,12357,Sao Paulo,SP
117ba686db7b47e291c54cc63b950953,e70721a26b474fd8a1c90b77416f7e0f,76573,Rio de Janeiro,RJ
b3e3174120ef4dee9c6199b133514162,76453f2a57d9417f95c7f1fd5204710e,44881,Sao Paulo,SP
6181626d59ba453580fe6c7f87f2bd27,3bbd15b387f34343aaba997748031552,62153,SC City,SC
5686b30c704a4cd3a62beaaec8767b9c,01976342bb0943ec8eeec451432e953e,73210,Curitiba,PR
aa333d17f5a040df915807326d70e7ea,908fe7bb5d47481d8141e423da7ba47c,26427,Curitiba,PR
1ed2e1c1cf4b41a2a7ba8843b6450437,68de7aaf662240a1b8944f952c97d775,96305,SC City,SC
8d6aea4eef474056b96e2995805ba7a1,e73aa8bed8454649bd7e929704f958a0,86611,Sao Paulo,SP
a93b6b44e8af42d9895cdf18161669bf,d6816c927091485e90d9cd6826d7f3b3,32057,Porto Alegre,RS
fcecc2d1ed174ebea8b8c033a7543225,f0dd41fcd4d44a78b49a6a87b268a3a1,57502,Sao Paulo,SP
743a9e0eaa2a4d03bb1c32437cfc4224,6fd454e787fe4ffeb25525fe8bea6f38,49995,Belo Horizonte,MG
6c4be16783604f4cbac831d819fd6d0a,c96a82166ad04790bc4383cf304cddd7,38404,Sao Paulo,SP
2a9d395ad2864337a9ef7b2a216ed36f,57c062d481e9405b8e03677b830be1ba,93577,Porto Alegre,RS
d8e8aa2646e04d92a4c07fe19869dcd9,f9e289a3278248738108e0dceb9f7e71,51796,CE City,CE
76bdb8d183254bf9b153ffca2d938cec,b1f869f05c6844f38fb73ce0bf212921,58920,Sao Paulo,SP
d976cad762074527ad1525c6c2f1e7e3,f662509437eb4b2b9df861c43ca077f1,20505,Sao Paulo,SP
82a143443c0d423db1b7badd3005ae86,46556370fe2c420ab1a39e19c59532bc,86756,Sao Paulo,SP
e117595a1b904f4c96d5a4dcf298af7b,dc01556612a74b9fa4a5908194ef6fee,61352,Rio de Janeiro,RJ
e7d6058ab39e486cbbb3c83c2e73ea37,b3848022ff7f4fd6a29cd16e75d896c6,32121,Sao Paulo,SP
db7289bf423848f89edc85ee0747f6ba,5eb3b73c0d7342bf9e7de0e885636e9a,82803,Curitiba,PR
29237aea719447ec9853af8e3a5ddd36,d5fb0d9c03ed4d1dbd03275ce4a4f4b2,30843,Rio de Janeiro,RJ
3d792e46c7ff424f963df88174ff2d2e,142285fa969241dcaa1e7116454c722b,32624,Rio de Janeiro,RJ
826733e2f4c149e5b906da715a0a1336,1ef5f964573842cc9061c4fd4180782e,34060,Porto Alegre,RS
0d20a4f4c4974c4da1765fd0941883fa,79c392a1afcb4b5d876bc9f61954a366,55922,Sao Paulo,SP
2995bf474162423e80b60c012e88bc90,578d4e0bf8c94741b55b9b70046e39e0,11130,Sao Paulo,SP
288bc223177f4f73ab1c98c70d1955c9,dd30e5b113494293bc039219d8df90d8,23931,Curitiba,PR
ceb033a79dfa49b08a66af561e18e105,46e91f12719b465fb0815319de04005b,79898,Curitiba,PR
6151ad01835745d18d95fbb9bb5ec641,e116dfe628404d45843428b49577ac10,34032,Sao Paulo,SP
abd7d8daf5b2408baa45768385ef50f4,8d9614d6c7dd41deac6c3b917978122f,56224,Sao Paulo,SP
965bfb1352684831bf3019e882b140bc,15c0d7cb1d9445cdb26ab3130cb882fc,96990,Sao Paulo,SP
9cda3ea6bb254128ab4d04dc77581b78,7f30cca0195e486abce96ef38ff2e2a8,93313,Sao Paulo,SP
8f58bbd44ea040dbbec1fdc9d0c93df8,20b7079610d14cc1a60ac412f883f9f5,63180,Sao Paulo,SP
92d8575e046e494f9c704b5a05a66eab,1748f5d9a8604330960c65b6bc007efd,32020,Belo Horizonte,MG
181c25c79e2042e09abde74d07cf3e8f,2c707c3200614de8b9c2e994dc111deb,49305,SC City,SC
4945ab2098944276871f4472c712435e,21b93368c31049edbc8d62da0f201386,68618,Sao Paulo,SP
04f133a63535406e91d2930ef9dcef69,e8596400567b42e0b8ee85779a17a22e,32557,Belo Horizonte,MG
557f261c5777425cb6776b5c29b5acf1,d4070c348e4641c9a5d88c58fa00a4a7,82413,Sao Paulo,SP
565411e7ce0c496990eb3643cbe9f839,dade7b99f75945989022dfc7a39237ae,63895,Rio de Janeiro,RJ
2f192cc157144f2a85594d2726bf0bff,eef6d774201d4c099f1d2ebdc37807b2,34733,Belo Horizonte,MG
08bce43e4324401db1d59c902f53bd19,67e4a974e441432a9d15c4d0b7f21c88,87199,BA City,BA
234b717f9bb9422c9542a5d8628d4664,42018c712e75446fb188c7ea097fe46f,43023,Sao Paulo,SP
3845ae0570f845b280829777b745be9b,d1ee17bf7c944a2690eb272f68aac935,33629,Sao Paulo,SP
160c7a2249c1432d84ffe0643a572540,fdad6d1a2f524effab3f17b3634f36e2,94688,Belo Horizonte,MG
c42b29959e7f4ce1af5b79f97fd9fa84,c71fc5bf75c846e8b4d0ece27574405e,11666,Sao Paulo,SP
7dc77e7667484891ab253f2d3bb606f3,cef8ab0d238040b89b82f0a779522a4d,21880,Sao Paulo,SP
ebd391bf18674123acfa01ecf61354bf,9200fa03202d49e793fa65012b5f0852,32220,Sao Paulo,SP
25f952ce0a324aeca3c37d6f3c4ad3b9,4ec4ad31e6524967880426eea73afc11,31302,Rio de Janeiro,RJ
2d24ca4181a1456ea04a770c3e67854b,433bf119c03348cdbc11de3f76bdbf52,42202,Sao Paulo,SP
1697d225c34049c490505536bce8c1ae,bb6dbce3861649e88a0a70cb184cc173,45851,CE City,CE
48c1065196164f62a4aa6b0245c415bb,1c6abd0723d24970ae156c2eca540020,21428,Sao Paulo,SP
1df5f39f94854b4498ff3cd938d8c960,b943c43979e6442aaa5412e4e0d92b35,47679,Sao Paulo,SP
508f2f8fb2684332b4f73df90928de1a,5b7508d70aaf4ab7adbbeaf88b9c0049,84675,Belo Horizonte,MG
fd249cc079084b13833208b515fc5a98,d8f9306216614789b97ae69d5e929be5,85156,Sao Paulo,SP
9d3dc9ae0d50418f8047141018ea42f3,a13a3bd34e9b496c93bd080e86de66cd,32938,Rio de Janeiro,RJ
8e6b5ebe48da49df8ec5a50aaae98b6e,6c31b81db78b42dc8724144709f023d5,87859,Rio de Janeiro,RJ
59d54c98ae8c4a19bab9b896aec72ad0,549b989fe3c447398a1fa9dc2ac65b24,11500,Rio de Janeiro,RJ
f744b489ea3e4645afac800e61a7bd49,73f11d94bbf04dc8bc7a01c67408f18e,11762,Curitiba,PR
c1c7487ee40a42b38a6cc2e46f4622c9,52a1da044da040bbbc43effef5178c46,89362,Sao Paulo,SP
d166fcd190054828bdabc95e9aa641f6,b9632ac5e6b64410996e746a15938bdf,95868,PE City,PE
3f6f0c8f0e064e38abdd68229eaf6ccc,3318bd1ae6864c9ab131e75e07d62f08,64723,Curitiba,PR
189d024ea6f54eb7a8291dec49964797,365a1848a5ff4a26b94ea59de15dccc9,61697,Sao Paulo,SP
04dbcba4a7184cd4bb9c46ad93acd826,88b5fd1df5ee4f44bef5e1a2ace7a7ac,32313,Sao Paulo,SP
df3a39dc39f04079b86e3a0f4495f28f,6677ab0d37ad461785b182067abe243d,68115,Sao Paulo,SP
046961b9c36d4e409d6f8491d65e3d4a,6c5a974ae68248fc92d9558bf0008700,15211,Sao Paulo,SP
082766e1cf0e4035a15cc8ded1897a8c,d9fa32ba8c9f4b16bbd7388a39852d37,27613,Rio de Janeiro,RJ
5932975db28b4d1aa6b9a4ba57174918,7e8daa357b7245da888ccb2026935662,63727,Sao Paulo,SP
94b268028af049189dd77cab365ff39c,c537a1098b524aa697919f482baf3032,62232,PE City,PE
f3e322e11bd94a8a8fa74e0602d60d2f,02d97eece5fa4d66954f8c272051bfb4,10032,Sao Paulo,SP
204333f097fb466099b8856f4ac95b63,0280c6e2d235492aaab3149b2e9ff6f6,44377,Sao Paulo,SP
d5281ab6ad8e42099b12f6c29b0360e7,8cb31be0ce454354aa669f3bbb52062d,54917,Sao Paulo,SP
8134c7cf397d4929b462d6ec6484fe5d,d8caf090ca5942e6bf85b402438e86c3,16896,Sao Paulo,SP
8940f17d42244709b52216d87106298d,ec630ac36bcc4fbc8449a235390c9b40,86115,SC City,SC
1272b0e8ed5f47f5973cd38b75e48a61,0b5295785cb24e16ab59bb2c54c86a26,57357,Belo Horizonte,MG
49aaadd8cdbe4ef9b9016ffde61a5c8d,0f4664ae153e428fbf1a3166edea0aa3,66401,Sao Paulo,SP
583de8fb4f104f0d99555e05a29fcfcb,e11723e7521449498d3fe4d5873838c3,35454,BA City,BA
ea4b547928534cff845af31832a7a0e0,6616c33e9d574673b660740002603201,34262,Curitiba,PR
7223328997ba44ddbae7af639d4054a9,74f2f983a8c5444eb71a04ac984dfb96,18749,Curitiba,PR
72ed9fbc1fad4806a3383884100836cc,c7e9ad9a7085467e9e16b9eb030efc14,72549,SC City,SC
ec4ba5faabe440f0acde33a693e235c6,8fa92d3809ba41359b4cb2e407c180b7,47360,Belo Horizonte,MG
18bf55f899604183aef8cd9534f992c4,4a98f6c7e1b7407fa845d40b2f91a966,94805,Rio de Janeiro,RJ
ee1c755b03ff4089a101eaf936bb1470,dda3b21d55c34481977f422051d8f88a,15156,Sao Paulo,SP
57ee475a74f746089c0eb792eea327f4,84ecb930e55d4f909d8ae4192e8cf969,12459,Sao Paulo,SP
7f5ee2c96b4045b2a9b90d061a5ecc54,63157f4a818643ceb5b578daa6f201a7,40356,Rio de Janeiro,RJ
59c1ac18075c40ab9ccf4bf490cb3744,a32e1c39ce254604aac2892754b45ab8,90546,BA City,BA
b12dad83dc58473ca91c0637b95e81d3,cd103592978145619a874518c142bd75,19813,Belo Horizonte,MG
6e8e8a9d5dac4c3b9564427773faa957,880f56efd60e45df891494ea440f4efc,16540,PE City,PE
7b2d55b6ded94bbf94109d631f323003,cf499ad4a027428dae24b6855b94238d,21062,Sao Paulo,SP
f60620c30bef414cbe2117ed853ecc4d,b14d9684d9f14584a1ba1ddd75d8fb84,85356,Porto Alegre,RS
780b49c51b76480fa1f12b405924f138,5c524e068bb042cf908d8cd47291faf2,38784,Belo Horizonte,MG
fdeb3852d0fc483ca37442eea820a820,4424d26da5d54b4198926e51d319177a,42192,Belo Horizonte,MG
329229fa506646d89ff4424671c4a68c,65f8efc55bda4f218650cab63a42c066,58593,Belo Horizonte,MG
395a48dbaf5944e385e39fa059c0dbaa,db7a2de720784b60823d0b6fc8d9a9a9,36318,Sao Paulo,SP
e74284c57881410597622b3d8479ef88,dd98e885071c4103a6755e00c15e7480,80614,Sao Paulo,SP
10c64141a9794110b89fd0d96b225ae0,e6b090c618554b1ba142e260ca73167a,91158,CE City,CE
6a77103c36584a9089e0f412fa10d4b4,bf87caa246e74e23b58c79896258fcfe,33283,Sao Paulo,SP
cd7f4a2e954f4f32a196974c50f64ad9,6fb0024fc63d422c8df388b52f553a55,27625,Rio de Janeiro,RJ
26af9a791bde4e8f8e1e7e03dd919706,81255a9637d64a46a7da838e01e19455,31013,Rio de Janeiro,RJ
ea95e2823f884e609e0a7372c9aa6290,10b940dad42949ed958182d32e76a849,49043,Sao Paulo,SP
915c775714ca4305ae1d2e780d4601e1,636075216dd54ad9a809c0931c50171e,70775,Curitiba,PR
b885d91f4971434dad2d0bd61df65f14,8f1c6a714ef64aa991411786a3347da9,22274,Porto Alegre,RS
611e0a9b7cc2446fac10f9b216cf312a,d6d1b87deed94cbabe90b9b3c9f08ad6,21382,PE City,PE
3cff52da66a4485a91f1500d5f322926,bf5cd2ce73004d8db236057601c45ef2,87579,Sao Paulo,SP
c8ba5892271a40c9b515e4938e6979b9,8258fe51128847b28896da0a63209d3c,39123,Belo Horizonte,MG
1c56f0e7853940f681de369d89301bf2,0681e74d85c048da99ddaa992ce41c5e,60111,BA City,BA
c5ab47c3da7b47e09f1a20f60a24065f,00eee34fbc264ba2bb3b488524bcc3af,10758,CE City,CE
c1ff9e51577841da9f683684f84f16c3,7005cf1cd0034e35aa6ee24f893f2523,16131,DF City,DF
e2dbb197a21849ea8ca1dde5f4b38ad3,5e5ca77f57524448a7b56b380ecfe7d3,65033,Porto Alegre,RS
212797be5491430ea6ef1b69a663e2fe,3ddd624a847f4e1a9621df667238f193,12787,Sao Paulo,SP
7e8e8399253d4afa880466be8dd2c86a,ec271508ca0f46f7821df9c1b620555c,79320,Sao Paulo,SP
5730ee3a55c14b8a804f60ec1c54c06f,8947ee316dd04e35ab449804380ee1d9,28817,SC City,SC
214649a914e7439884827a4aaf561b8e,b3e496fa05974c4d9a0e04797f7ae33a,70477,SC City,SC
d7771775770f4812a01eb43e7e123ea5,891c3c8204f4487682cdfc489433c6ed,73681,Porto Alegre,RS
80079556112c4d9fa140c0b2c048a6ab,30971067ffd94483b8b70d3e3479b330,96386,Sao Paulo,SP
b07427ed52ee42b7a73d53e5e0fb117f,f1c65ec18cd74f60a65fb51e85606a2c,14885,Belo Horizonte,MG
291ec46ffc91410d871d7008c7d7d43c,5d7d090870494e2f9b7e187309dcaf38,51991,Sao Paulo,SP
d403125fe8674147964587323ea9e1ed,36e5640e1d294547a78e2eafa0c5882b,62425,Rio de Janeiro,RJ
f1c959ba3b1c4ceea7344bc25e783e18,22730b52ca60436e842084193b353c48,46829,Sao Paulo,SP
8db5a8ca130a4e7da7c5a93941069695,8a94162d6d4640ac842fa94b793faebc,62459,PE City,PE
6c180d4323b84187b3352b724b7fe71e,5dbda138ce134a9f9d7f77fa00978d71,24535,Sao Paulo,SP
e33ef06495704d68b47c651c786f4661,202d23b17ff844da9124af994a5bc33f,99795,Belo Horizonte,MG
5ce68e665d1240f0b9ddccbfbcc94883,b22c1c80cd0f44fe952f7e5f401f3ebb,64786,Sao Paulo,SP
5e9eaae1ce7c470e91511bcad72154d6,48c9665aeff345c3b59a2037d8c57001,17194,Belo Horizonte,MG
823609f2467e45c6a69492ec7e11f551,95c78384e7d74fffb6a4fbcdcc51ff15,72128,Belo Horizonte,MG
cee511e9b2634e28b7185a9bf0c9b738,d5e3d62b24aa4b9c8629e1c995dd0ae9,67137,PE City,PE
52685d5dcba14a2b91f5ce36377ee599,ee7d09a3f0044da6972d4be826766c24,27013,Sao Paulo,SP
ccb5d1e0c1464adc84b5e4c2c2a8216c,e960cb6b2a114b97ba572535aed0836a,61238,Sao Paulo,SP
b26f15b767dc4f6e9015b92f6308a0e7,673671fd187840ccb97b7265d5ec3c66,46881,Curitiba,PR
151d0b424c9b4bd28d73c1acca858996,e8e9d7f9df694553a0da0f01a8815f52,38624,Sao Paulo,SP
88eab3731bbd4230a671c9f9f128752b,1558829173b94bfca85c2d5fbcd5f936,78907,Sao Paulo,SP
047361d4e47e404b93adfd56e7ee20b6,f6e185a18e6547deb3ec216a2790ca5d,56397,Rio de Janeiro,RJ
47522a8c02a24752b6d5a61c486623fd,16e0db28ae1c45d190c43d98e0cc5f8f,11353,Belo Horizonte,MG
c5c14fcc9a5a4ddca1ce896ce4a2e237,ff981238a6a54ab38dd596dbcac0dbfd,11930,Sao Paulo,SP
b84dac1f4f55429ea04f3809bf41d24f,21e205a1b67f409aa38847f8e1f6fd69,85031,Sao Paulo,SP
038ae56a47b7405a9d8d7a7963821306,b97ae4eddc934f50a18224750df7ba12,52672,Curitiba,PR
4b3da092cd2a47c798f78a8107546c96,f18be17006654f97b09c6cc4cebcf8a9,39919,Rio de Janeiro,RJ
cb71cb92627743008b30b1b5c58ae3d4,710d1775f02a4f34b7ed83a6d5f293b8,70690,Sao Paulo,SP
e5df43b84de24c3aab8cd0365a071e84,3c59e33c48314d92be793bcf53656d5e,32736,Sao Paulo,SP
189c7e412fef40c6b521c6fb1a160b32,6ae8c6d8448f4e22aa483736f7a915dd,36199,Belo Horizonte,MG
a04a15c485ce4d70af4736d82c257bca,4458612a080d49f8bab09ff631bf3424,45569,Sao Paulo,SP
ebbdad89edb343d59157a7402b9ac14b,f1fdfd81367c488092df9df758813512,65529,SC City,SC
3570709640164f2da615f3f244ada40d,12a7a7d9feab40edafe11e15b1695d65,21813,Belo Horizonte,MG
6063c8ba0ae34076b0c9f8bc2bae2870,7798e85d75954d6587969e4179aa66ee,68286,Rio de Janeiro,RJ
ab7d0cd86d0e409aa5c46e70f96ffef2,8a9d96dc270b4a359e8c7a2e4dd86463,65785,PE City,PE
8c484575581a4b1abd529a72b1ed236b,8e8d1dba468842edae4b72cddd4ff091,96381,Sao Paulo,SP
2793e6aa2a064e66992f7e5f82c67f0d,7599ad9cf09341baa6a44c8cdcb65803,29216,Sao Paulo,SP
58cea8d255e8436dabe8e7971e9cbd6e,23ca7dbff34d4c77b8e8a914fba752c5,39220,Belo Horizonte,MG
211a60159e5244e3a8df5ec61e1d8421,46e1c2fa5585491596d50a6159f31bda,98250,Belo Horizonte,MG
756eeea2523947c6a624488c3fcfb450,960b9fabe32048519013ac2c668af667,24591,Sao Paulo,SP
3fc31fe1d4804564abeb0e561738f8fb,b5e085985fa44396aa2fd1ce3a5dcb89,36946,Sao Paulo,SP
afdf82238a754678b85f1d00469e5899,dcbdc9afd43d4154a7cddb0f388e93e2,35982,Sao Paulo,SP
e2959b999b0d4f74b54cc27c7308057c,6d027485363f4e26a74a70ab389f1d96,63787,Sao Paulo,SP
275c8d1969ac432099bb9532a6a14807,683f77fdc84d4f669c2e6309baa9f403,25029,Porto Alegre,RS
0eea3ab9ac93475da56c506b7d1c82b0,75bbbcda2fda4b97a83db805bce859b1,11629,Belo Horizonte,MG
954323dd0eb2468688b3b6b4ac155678,978a13f97f39414cbfb9376632cfe0f9,94268,Rio de Janeiro,RJ
d1950d28459544409e90f2a3cbd528d3,2d9faf9a72ec43f096d05c3704b07ce7,90900,Sao Paulo,SP
867ba32848f7402bbccfbf6ea0f3dbfc,1a5848829a004432b9afcb56373b603e,43944,Sao Paulo,SP
9ae32374745f422a9c387f65e3b729b6,c0eb79165c13493898af4be12f3a7d86,47108,Sao Paulo,SP
0d717135f32c4bdcb3f33aacafed6123,de9ace2f83114824ab048d38ceedbf07,22209,Sao Paulo,SP
1fd8a433924944ab92b433128f5c70d5,1222f34358e844da8757e8e48d5d6142,67052,Sao Paulo,SP
5844c8a94d224706bfdca7226da37b54,33bd48ed8c7348ef82f68d64af385283,49278,Sao Paulo,SP
875811140d4f471188b51ab4de89ecca,a3fa889227914efc9202cc6fc98cdf80,27985,Rio de Janeiro,RJ
de4b0756572844b59e32425e1a50fff6,94a7478992f34ac0991e692b1d2634b0,36220,Curitiba,PR
fa82a52e60b04ba6a223ad8c8c4787a1,4c92a499c9bf40acad7b356f7f680496,22994,Sao Paulo,SP
2867dad63f1a4a8e9e324455ebdc0714,acad4b81c03e4733b31fba55d9791472,60998,DF City,DF
a8d01f2a48594671806c2c9994799c28,b6c18d3fd14b405b8ef03d26965558ea,55739,SC City,SC
1e5f2ddd402f46c9ac664c4ef61998bd,56ac4c822d064cd58acf6f2f2d5b7eb6,46178,CE City,CE
e898ccae339b4e91aaf8eadbd4e2cdb9,371ac050a456473181880eb5bf6e1c2a,47710,BA City,BA
73b7b836933d4a13a0fb3fe37fb26e27,0d523abc6e45468ba64797157f34a4ee,25244,Belo Horizonte,MG
45be8db4aa194e3491878805bdfd0042,926878b9d6ef40f4b968be88dd12beec,35772,Belo Horizonte,MG
28053539dd294c4592be6bca5ccc4f49,ff2af778e75b4b75930a0eb52586d099,70262,Sao Paulo,SP
d3a6f46ec5794a2797d1c6358d6283f8,a734483ffcd043598568425ca87f3c0d,33419,Porto Alegre,RS
dc871243d1c8475ab796f6da1f3c2ffa,63a21a0f5bb64cefbb89949fd23d113c,70807,Belo Horizonte,MG
9ce58a369d73461fb2452ab686eef165,9c72ba01509d40b19aab1facc3250931,71586,Rio de Janeiro,RJ
bca3b8b5a542495d8332dee9935f56ef,f3828513c61343c096b6bcdf6b21ff7e,96309,Porto Alegre,RS
bb7bb8ec93b64dc98a498a627675555d,cf34f3df79534939a307af35afabd427,60903,Rio de Janeiro,RJ
f588d35dff3d49c1acaef38461d3c5de,bd8ddecd9f3f460d97922511935b47bf,78597,Rio de Janeiro,RJ
246dbe3218cd4f43a2f0add0a9364083,73625395718c483fa672484f3de2a937,57449,Sao Paulo,SP
9aa992fc4e9e4d7592a0b04fd5be972f,be3b7a9a7ceb4a9c986ee022274bc421,72470,Porto Alegre,RS
4cbc925a307f49d78980e869b88d07e0,698f493d343146fd90136498c5def979,65079,BA City,BA
94779b65a1e0456cba1ebd96e32401f5,7806ce1ce9664d1a97717826413f2936,14147,SC City,SC
f6af65b1cdd4446d8f5838f10faa3d08,896fd0e496cb4d7fa9a3dd0322f9aa28,65311,Curitiba,PR
b52882c0e11e4c84b54c163d853cc2ad,c0f0afea03a2480fa8e7a0c202f71727,37319,Sao Paulo,SP
f63794c2f2394de0a3d8a25da87f0b3d,06444d5eb8054ee0ae33123d9470061f,42900,PE City,PE
702664dd076f4a53b9a5fddaa781cd69,d98807aa02744768a443d179b749c1b3,89220,Sao Paulo,SP
493e7db5a08442c98bc6ef2c12966626,036b10ab58aa443c8e5794f0eb6a1aab,48314,BA City,BA
c5ac92bf9c4e438b8f6e3fc95857deef,fed4d4b539004d2d8f44b8a05d1f9f8c,33600,Sao Paulo,SP
90150558a603410381b1a62e51ce5181,3a694c7bcfd64833bb95fca6a315fba9,91746,Rio de Janeiro,RJ
8c43541f129242158f2cc752c09d7937,4881e1a89c594a05be8380a3d52d93f7,15898,Porto Alegre,RS
cb025331112f4a6da84bf2e9f9d488e7,ab7b777004e74bad9a70cadfadf02ed3,46365,Belo Horizonte,MG
dd9c63a42edf471abedab1454ccd0a26,84851359abf24ebbb27dcd1ebe4929ac,66173,Sao Paulo,SP
de6cc856b3db4dac812410bfd731141e,5fb9a60cc8f4487ab73900223b47bbac,19104,Belo Horizonte,MG
687df5f7e68f4440b45ec81bf00abe15,e0d57b93db6846e3b8858c6862a0cc24,72047,Rio de Janeiro,RJ
0b66998f4f83419785d96fc408ed6936,4e5556edaf2e494dae643d4ba8d00f05,52964,Sao Paulo,SP
1e631a53bba74a3f9548ad97fdc5b221,21a9d8b2a03c41cb89ab564a01716205,54588,Belo Horizonte,MG
01c0abc179fd4180b8f1fbaab5196b90,0f0fc51e7f10407b86a663e9d53fa8b7,23118,Sao Paulo,SP
4e36fc5bbb0d4a21b6745a6305a3c5f6,f718ca7823a84dd395b16c99c6ddd531,77056,Porto Alegre,RS
78adedd8e1cb4d8ab3a2a0e9453f8b9a,fb5bfe2627bd4e46841b6e57ba3c910e,82152,Sao Paulo,SP
cdee2480810b41408933b4bb04460484,b52884cec9024efa976475782ce26d74,67852,Rio de Janeiro,RJ
327ab7d9266040b89a9fb9dde05ecbd0,0db6faee06da4a92b0766dc94563ed24,12591,Sao Paulo,SP
ac812c5d16004d38967236f8dc255b1c,82385fe029ff43c88143ebcae7a4b6b3,21343,Sao Paulo,SP
76d2a56dd2454962b809cb14d4e8983c,ab68dd97bd754af29e3ad6ae22a70547,74803,Rio de Janeiro,RJ
860ff1e1dcbd45e1a88cc583ec35df8b,87a86acbc16b405d8e84e530c22bef2c,91228,Belo Horizonte,MG
4126a7bb050549c8a1aafac53b4865e4,915ce4bb9dcb4663a8639c3bb6f1e489,90674,DF City,DF
d26d92f22cb34df5afc93aaaa0146060,d0a519d667394ea3b4dd1ec29c1cb74b,84007,SC City,SC
f5f9fbe1867c4a9e8aea147ea9fd494c,a98d83e6d0a7490a8a1166c31298400d,34744,Porto Alegre,RS
903b2171eb8e4ca887316198cc45a878,0c49ebfacd7c4bdfb57c4d8e5d1d0066,32601,Rio de Janeiro,RJ
b88cf4569f024a55bc545e627503bec5,6b39c2ee3cd943f491feebe3783fb36f,49292,Sao Paulo,SP
2338ea66c29e43099dd43bb46b2f75f7,d9745c6964f5431189510302c6ef93fe,33953,Sao Paulo,SP
d1536e3292b7446593eb86112f5be6d2,dde439be4ca84228b28584d6e64e71a2,15397,Sao Paulo,SP
6df38163e6644bf4b369b005abe1384b,d066a041ac6143d1b885a6ae5dac64af,32111,SC City,SC
f9aaf96a87034d4e99ea2c7305675348,b7236cf8133b42e68c8fabab33dba307,47621,Sao Paulo,SP
cee8ccf288324ee1be028bf7d92a7770,a5531f2b1ef546c1923695d676b6b851,83447,Rio de Janeiro,RJ
59e8ef5f2eb545f782681c53aad52112,ecee5dec5179431ba81b1ae3adfdcfd3,38730,Sao Paulo,SP
e7f2b9df5d904d308c4cc6ad006fc53d,94ab73559b474e76b26993b3b0d9a72f,68365,Sao Paulo,SP
368a9a5d9b004ea29853169db1f4d9ca,8f0f0d17e5394c56bd8b210ab344a623,50324,Sao Paulo,SP
8c9b024c3e004a478f7da3ac3e7e0627,74e305bb94d7420ba5fb8760cf13ad52,44944,Belo Horizonte,MG
623c48a19b8646a0a87e184ed7a7c0bd,f5ff5ebffa5742f489b84330832866d8,45038,Rio de Janeiro,RJ
430cc8f4f84a4023a4f4baea8f007db2,ffaed0cbb62c4898a45a9573193d126b,20193,Belo Horizonte,MG
f7256c5cb8c440bba4a7a3c023454ce1,e638e0016cd1471ba87eee64b06c9394,75039,Rio de Janeiro,RJ
eab3fd4e37324a108512e283ae7d2505,275af30d290a412594e6163d9012d567,32048,Curitiba,PR
f8985c42d6ae4e1c8596d31551e704d9,2098f13ef9b74308b9d61b12a32f67b2,38707,Curitiba,PR
d5da377aa9904b8398285f954e918340,15b79f09786349509cf83590bd79d2ab,45214,Curitiba,PR
399085043efa4e47960652283bdb8b0d,e624b663a2df41169f28320c0441a0d1,55265,Rio de Janeiro,RJ
f083081865f2430da15b6f4e31f7d9d6,497f2ee6348f408cbc3c1b16909be5f6,66151,Sao Paulo,SP
c6981814c883471dbfa5931c652900a6,20b6d3a902834af4b6e0548b3c8c43bf,53940,PE City,PE
2d0dd7cd6fdb42588d069079cec3106b,d494e15eb82f42e289a259a83ab3284f,35738,Sao Paulo,SP
95ff5159bc614ad9b9b54d18dfdd0dd7,c11f090d657b4c73aa00aa5710877f8e,75664,Sao Paulo,SP
dac4174b09c044b19b9df3bc80559360,88111172ba7c495d903231d9a30323ba,60950,Sao Paulo,SP
08196d6562f24d77b9c0592433c50008,b4d0fccf2e804ebd9088c04fc77f924e,85051,Belo Horizonte,MG
ff6d05144d8749d6be2342aba29cd1fd,695f0649ac5943b5a297b7bae50a4644,43492,Sao Paulo,SP
df97596d8323449891d42ead65313654,3e2321ae36244553bc5d1e610c9dd33d,68803,Porto Alegre,RS
4e91bfa0bcb44fe292c23f543ff5efdc,137b65b131a54f97a10f909be649b2de,84746,Rio de Janeiro,RJ
9931cf7a45324de69b2a55b61753a204,d94e131eb04a41c980de8740762914e6,11412,Rio de Janeiro,RJ
34a70a87e59d4d5ebbd4868fef894af3,f8c749c116a74c1989c29e813bab76f2,31693,Rio de Janeiro,RJ
a743a9d4fbf84538823ab17460cb50fd,c59dbd65bf774903a5be724e39420fba,57046,Rio de Janeiro,RJ
0a7daa70b8ef4fe289086736dfedc686,be007d045aff4b36996feefa656ea86f,48459,Sao Paulo,SP
cce147c536c24024a66e164b90804935,20b8fd735e654c7c819c09fc5df6786e,80263,Sao Paulo,SP
add776c4cac14cd1b39309aa634a51c7,c6dc6022717d41939e2c8d7f7c8feeb3,58460,Sao Paulo,SP
061b021cedad49f381537127074f3ba8,dc2cedb92bea4f67b03a9379bb34042b,39542,Porto Alegre,RS
3011b580289b42d0891929c5b997a8d2,321b73cbf9134e63a70fe7cf89c63d84,59610,Belo Horizonte,MG
d5f2249a9498457eb0cebd3adecfc1e8,2c934f8653184d4d8b9f28a481abb60b,27932,Rio de Janeiro,RJ
0f79d14c32f44b469e593c134713525e,2e1327e379af4554a45507202526a534,64790,Belo Horizonte,MG
6366754efbec4af1af7ab5bdd3d757bd,a19d6631408a457bb86877cae1d8451f,83323,Rio de Janeiro,RJ
3322bb6bb6bd439f98a15ab7c9dd87b1,19999772df8a4eb3aca6cecbe6ac4e04,84425,Sao Paulo,SP
04cff16314d84683aa5e77d7a1e7706f,50e3debc710a41c3b11cfa9eaf8b4c3b,15434,Sao Paulo,SP
f46b75ab7c4544dc8d7ff5e881ee4703,aaf5c0f201bc47c9a3c9ac646fdac314,46814,BA City,BA
eb2f2a4de1e1469b81eb02f71489f666,f4232e06e3a54626b86477a30f4cad97,71290,Belo Horizonte,MG
f83f9dd78a3941c7bb450a2b9584ad3a,2181c7569cc4468e8f984c38cee056fb,32669,Porto Alegre,RS
48f553fbb1e443738a2e45e6814f5412,9a2e757a11224aed909a9be022abbb2b,35933,Rio de Janeiro,RJ
de1d8ed8b2a94f70b12a5468a906b6c3,3708ace09b4645b8b5d751358f9e08d7,77596,Curitiba,PR
3afb38ffdd98478899934b0bc118930a,d49691121500474ea178294aaf73e8e2,66868,Belo Horizonte,MG
81881b1090b2491285b227c1be40c9e4,534ca0c6135643318ad9b359d9097f1a,44894,Sao Paulo,SP
a13fb124ec37432a85e401cce8611f53,6d7a7371c37740ad8d50d2c3c6820616,18286,BA City,BA
37e82e436c7742fe8594d05ae77fcaf5,868c579577334d8391211dbf97d249fc,95568,Sao Paulo,SP
ad5717c039694d3a8ee44a1754d5a1c9,cb9ba2aba4e04248b94f4f445a4c4906,11584,Sao Paulo,SP
a04930a899564bc68924f2f2e880d82c,17b564759ddb4c1eaa63b4356ad9ddb3,10421,Sao Paulo,SP
6cf613a7da5745bf8af90a779012bf38,2601043a2f934d07a4e5a230ba58f358,88069,Porto Alegre,RS
780a41bf46f5496a9524e6be5fa98f40,22b08817b10f45229c56f98a116b7861,54420,Porto Alegre,RS
1ad08914952547f09bd163d25420a6ec,0e8b89fce95c406faa0791860b929eb0,39771,Porto Alegre,RS
90028b72166840a499877e2ba71a0b60,b4be592b1b834363bd5c9d4bc9fd8f70,75648,PE City,PE
dd27032a2d494bd28bc933a0ba4f22d2,cf91ace0864b450d9d4a5d1d54fae1c7,54199,Sao Paulo,SP
415eb99f0d0347808b3d3f594111449e,99299d7b66034792a08106dfceeb2168,92027,Belo Horizonte,MG
6598b2644ba54939a3e2d641f6ab3ef5,599449b6af3b4d44990f4dd87728f5fd,51019,Belo Horizonte,MG
6316b81294034596b3cbffe89d9f93a8,eabe3c5b7de749fdb0dda0575eb5265f,73138,CE City,CE
cf2e7eb072164339b4e2eaa152334766,04a5c8d79f5b40ed8aeea1c5985e0507,45116,Sao Paulo,SP
f0ccfe595e6946daa9f1bb8945291487,afc5b7cd61f44bbf8f71cbb57ddd326a,32856,DF City,DF
43a105f844c84bcd9b803f6c3a384aab,818b4c2712614bf796108ed27d03cf5d,21976,Sao Paulo,SP
eca1d332774c49aa99c4cbe6b87fee22,52caf60744d5420e9a74dc441f5680e4,61224,Curitiba,PR
58ce407ee42b478cba1c559b0ffbbedb,b3ebf891e03441638faa435400d5f845,46507,Belo Horizonte,MG
22880598cf534168a2a1333e90780ddf,c3e98679a3b44d2dae0c91e601b8ed90,40730,SC City,SC
05f8f7dfc97145f5856b0f9cd4d4e38c,b31f9cdbb91f4fff9c8e6dc2489f5041,52111,Sao Paulo,SP
121211b7298841c894c4b993a27e2033,09df53ccad614695bce4f1236f79a4bb,87328,Sao Paulo,SP
757945f65bce4f479fbc0544465c3f1e,4b79b2bf76fc4271ad632e314ed11b1c,89089,Sao Paulo,SP
ea739d7297644c9c8af2f360d4db31d9,38819777b31b4bde9c717d5f4b029fe9,12097,Belo Horizonte,MG
47f87ba2ce6a4cc9bffa75a3fa05d0c6,25ac0e29320d43dfb40dd10817283a7d,14260,Belo Horizonte,MG
026b9d57f27e4efcb9c56728ad70243d,f6c8eec9ada84e128d22b33dc34b1972,86225,PE City,PE
ecf89462ed3040d1ae5965d3c5e44c4f,c0247b4275ab4113b926f225d75aa4d3,38884,Rio de Janeiro,RJ
a8c156743e564005b8f8102810316182,2ad46920b94d4bdba259052af6e5b91b,72515,Sao Paulo,SP
720d86413583498e9e765ec999d8ced2,8199d558db1a4a24b0f744e6efde48c1,79944,Sao Paulo,SP
c50b101da7a440a990482c0fadc9ce9c,1f4bb70f20b7411990b661382e3ca3e7,20178,Sao Paulo,SP
418d7bc96ab947089a5cc6638f7ee8d7,21ca7db4edd34346849f488f70f6764e,44321,Curitiba,PR
70d9eab871d145d2be397237647822fe,63d9937517f9488db37271919b04b1bd,98075,SC City,SC
47f1087784764a2282871025c3aaa752,a7a9a435051a4c8381b09554c091068e,66012,CE City,CE
c21214aa157b43c790f0547953490125,40c51f4fea7544599deb5671c36d102a,16541,Sao Paulo,SP
b1ef91c0317f4babb7276ffca0428c3c,f224945a84be458ab4c722a91cabc0cc,49940,Sao Paulo,SP
4e2b46c4a3dc4bc9b80991246b798370,ae4bbf156d5e44c394de62e0a79483e5,74058,Sao Paulo,SP
16b92f46fa024bfca1cfccbfc360dffa,83c0f171a2ea424893285c8dd6ceb21d,94874,Belo Horizonte,MG
75d6a5915d70476abbe6f35e64951590,5dc8b9e0493d4169bcbe19a5c319820f,93242,DF City,DF
1962fe752eb040f0b4af191af76c5942,2d0e1dcb6ff643a6928c1a2ba323dd95,63813,Sao Paulo,SP
4869092e0cc54d0cb684f50db07f0f64,8af17ed97f9c403892efc0cf3690d2e8,22302,Sao Paulo,SP
43e5dbf1560c4dc1bf645dc27c64aa69,7bf5e9aa0abc4808aeda9d88aef8f902,48482,Porto Alegre,RS
61ceb46c8bc542638440733b5f4164b4,b355e4e525f84548857dee37b1c7de48,39114,Belo Horizonte,MG
6c857e32dcef4df79f96aa9dd3c417e8,34cbcf3af73642da8c1294911f3eb2c5,69717,Sao Paulo,SP
77a7fc0678a548b8a515871d3e297c90,6d381d203d294c8dafb3a374766e06e6,76216,SC City,SC
e750a527077c4aa0824740a6041fb6f6,beb0c312e364425681462063854b821b,78491,Sao Paulo,SP
d3d1b2b902a74112ac2e81c7fb18b238,0805660c411749a4822e16d0579f511a,44330,PE City,PE
07b631e9897948a887ee3aaebe122f7e,4c2d04a3e2a64078ac3279f35843e854,46150,Sao Paulo,SP
d2847a9bb3884bd1af8a57b44f4a67f0,11b1a52cddc445b695189b3602a96881,37823,Sao Paulo,SP
ed8cb2aa3ffe42a99b05dd2c899b59ac,b1d70d94450349fb9b3eb0905a74663d,69904,Sao Paulo,SP
1a4b3b1098d34cba867af1be418adae8,d2b8c40c92a9482aa3e5725172e6d946,16714,Sao Paulo,SP
a03b89c276c04f309e675d687c09459d,fecb47ce0c364e9191aae8036e75131c,61928,Rio de Janeiro,RJ
f60a5887d45948a9bf4f000046fa0b3f,e88508353a944a368ed4f04f02ffffaf,59175,Porto Alegre,RS
214dfb4d81c1418ebb4bb15be07955e3,e38711d71b3f4700ad30e5f0f22fa604,20794,Rio de Janeiro,RJ
18f675c095444603b5df8fc8237bc80a,e7137ad8dbf84f459e64f2926a5bae64,81071,Belo Horizonte,MG
c46fb4b8179f491ca3812abb20b66314,35a4dfb9c18647ab822f29656898124a,69162,Sao Paulo,SP
39e331a37e7a4c82b8407b27efa8f54b,4082db05a3d248b1b0ef06efb957ac34,95436,Sao Paulo,SP
103714440b2840e68626a520689a9265,0f2d7a9f86724640a81f252194ae6fb4,56059,CE City,CE
e7de9c96d85948d49bccc8799c8e6c02,323f7308e7f74b89be76123042cd0de2,64478,SC City,SC
11041647add14afb91839731f83f75a9,15dd73ebec544d5a8d2af737b68d5d76,43607,Sao Paulo,SP
3ef7133f241b44829dc1d5b73465d76a,0dd7e36618e74be8a4c7aa2fd3ea48d5,64276,Rio de Janeiro,RJ
530129a520234393beb52206e21cc80d,ffa970a8043e4bd2b67d0355b2cd2da3,71257,Belo Horizonte,MG
d8b47dbcffd0465e8a999692f26e75c5,7bd3e5e9f0d0413ea40d93698184155a,27219,Sao Paulo,SP
84d69f628308422ebe0329ad2b3eda8e,65d2898494a14c2bb9435889e632dd5d,99055,Belo Horizonte,MG
fe5201ea9ab143d0ad8ee4708eea223d,50d6c4a7bd0c493a8dbc240bb0423a02,60816,Rio de Janeiro,RJ
dc7d1d8eb0c3451c82b6ba4af2ad96b9,561af5b9a41a45d2b34fd729438f9a02,40649,Sao Paulo,SP
2d1409ebaa4846fb979f0e2f131672af,8ef6056f3fbf41beb6fbdebc11b32f35,62970,Sao Paulo,SP
d84f12bd15ac4dbf985b83559edcc3fd,5b4ed78b59644c69af4b66ecd21f4ca8,82542,Curitiba,PR
dbfcf678fe7a46239e25f8b6c045c773,33bfaf8e14c843edae4ea2a5a4fb4d03,18800,Sao Paulo,SP
b99a8b48cdaa43b59e63e6b03a9162a2,c9c8d993f9ee49a0bd7e95f0a8cc24a7,58200,Sao Paulo,SP
7fa11f76f3484dd7b969e39c9c9e0f43,198460d1024143468789d7e6076aecaa,96392,Porto Alegre,RS
7b514f72251a4e74b6ae6606a802d75c,696be0d9bcb1445cafa97b912e757622,48919,Porto Alegre,RS
eaf3ad022ff9425e8fa710b8be0d50f5,6a5d13340bed426385320bc6078d3cd2,21420,Sao Paulo,SP
0289ba650dc24aadb62a78e9ba40b1df,ef95a9e3294d472ebf7390bfcee220a4,78087,BA City,BA
d971357fed9042febd91688b0a51ff3f,e482e404fa7a4239811a8ac312021ed0,58859,Porto Alegre,RS
a15324ff0a1b465eb9e2de4634a70430,84cc538a037747ceb577544eb3e8761c,77833,Sao Paulo,SP
927152a2aa7046bc92d3f02acab008c3,9dc9282e06714319b7691b7a38f0b4d6,89813,Rio de Janeiro,RJ
3cf9a05e4e73455f95adf35b42abf205,2a161b67932149718f5f4a1c4dd8e96a,84875,Porto Alegre,RS
8117b1f83328426099ceb5063c681903,6ff26d50744c453a8c7432c3d9e2815b,14398,Sao Paulo,SP
615b5202f0b94144bbe1e8888ecb4453,a6b223b095104cfdbd89a6ba47a60531,17839,Rio de Janeiro,RJ
2a9c2e3c43894e1dbb67c69153275452,8d0f819a59d449af8041a67e25b768b9,29549,Belo Horizonte,MG
b63014ffc1804e7bbc61512f90d4184a,dbc964033ee84df89038c0281cf7a2f0,69350,Rio de Janeiro,RJ
ef7fb56648fc4d3d9749f1dc5e88dca7,151abbccd1264f538490f2ec0b72e245,72308,Belo Horizonte,MG
94b0e98ce92f4f46a0c22e9707c849fe,3014d0ed7af4493d92ee566dcb968d6c,31880,Rio de Janeiro,RJ
46615d8c3c4742d3a09b8e1559b640b0,478ea006284e4913aed5685da4a440dc,85610,Sao Paulo,SP
330a741fcfbc4a3d8708257bc8fff8b5,2498395d0c0246998e37da56f8d67029,24417,Sao Paulo,SP
5222f479dd9c4fedb10f924ea89f2dd9,642fff4c3b414badab53d9a93ed2da2c,11453,Rio de Janeiro,RJ
536248a40d494e05a619180c900bddb6,31954018014d494fa5622aa40ee2652d,77767,Curitiba,PR
8e5a4ac8eb02471abc1168ef2bb38f49,17231df44786494bb366827a5ba0ffde,50378,Belo Horizonte,MG
e2a93aeaf9014b27a00ca7e4dbaacf01,911b7d7f04274268932d951f87b39cc2,53846,Rio de Janeiro,RJ
e8e8e5e305f14841bc02811a6a3f2b53,55bf95be90ed4dfbbf4e50646e609a7e,15375,CE City,CE
9fff92650799472abdcf9b7ae85a1e4d,111b847297e84bfea0a7b53810f91758,69562,Sao Paulo,SP
d1b01eb65144484d9977a7e81f047d52,7e35f4405bc0452eac2817e84d149813,95172,Sao Paulo,SP
312841593cf5456ab613b7da78f3352e,11c39fc8433648b58c3bf66c422f5f1c,83675,Sao Paulo,SP
29e4008083844b6bacf5cf09843f7d3c,c213ef04a3154d8dbefecb06d0fb5d08,60470,Sao Paulo,SP
c811eb31abf44e48b3401f4b52d59294,c1adac7da20848a6a83580355ed01ff6,12678,Belo Horizonte,MG
9f77e2fd185d43848a15fe19b3b56edf,921811bcbcec431d81b68afc0113287c,48018,Sao Paulo,SP
71bfb1e312904cee90605df1a30877bf,f1bcb94077424586b8ba66b6d5f635c7,40957,Sao Paulo,SP
f48211ab97a34dfd96da1018873ca04a,1dd61f379594430b8219fe2b23de2383,57623,Sao Paulo,SP
e14ad1549d994082a65f40a0c9b0fc09,6df48aa8026d43b09e8d012e3249b1d6,63988,Porto Alegre,RS
334f485c3344421692d2521e8dea348a,8bd9415a513f49d9a71f617a58faa58c,66151,BA City,BA
7693b59b14a548c4bbe489e6e28b969b,a9fb30e0208a4b3ba39fabc4d72929e0,14360,Curitiba,PR
591b4d08a29b46339ece3c8b1ce95745,4f17fb4322ab4af5abe33c5457e8726d,54231,Sao Paulo,SP
5896ca45baeb4a0baae4d50213cd2d31,1c8114291b29446483f2d91d729445ef,14784,Belo Horizonte,MG
668d8243ca2042409444a80583b60fb3,6601dc2a87114aad9678530c328f32b2,39870,Sao Paulo,SP
0900d7dd24244ef1a2a46c1548c33c2f,dc794403f8694f8a8ebecf214482fb97,42503,Sao Paulo,SP
a62cf2e1a15e41019ae8f91429285241,b29dd5314b2549cb9f7c1d1c6b255c69,68223,Curitiba,PR
9623fe2d82d94a7897aaf8b4e6f17134,89190b30a3ee47ae8d61ce2e60fc5f69,44997,Rio de Janeiro,RJ
2d686b296d67438891a18f12498b356a,bb6e1bf928a249b780eb8eae699b8fcf,65680,Sao Paulo,SP
7538b43bede6451b817c43bc4d26c7a1,ff377d35901c4374997bc3a0df383976,87612,Rio de Janeiro,RJ
c5e2cb4b982243ffaf68158b7778f443,528c6e1437d2491b9f448e60ce1d5490,76741,Sao Paulo,SP
07fd4a00e0db453d8cef444d60da2d8b,3250d682c9b04c07853eb6e1435d2b3c,42197,Sao Paulo,SP
71a01eaf689f4943bc26f9831e7cff89,182dc3e5f6bd45c3a39f1c39658ef506,37692,Rio de Janeiro,RJ
79ca58f7f21e4e058fd37ffd0878d616,f84648d6fe9a43f9a803a120ef9a6fae,13545,Sao Paulo,SP
68784a9c940b49759e99b83c690e6b6a,a07531e70bf347b5b6a53e04d741d925,61951,PE City,PE
1393e381a91f4db1ba98ef79cbd5b82a,54f58203bcdc4143839c0035b700191a,73313,Belo Horizonte,MG
e583c0b94d4b44379a1e95baa7010c5a,b41c6c94850f432f9b0cbefb4b4f20fc,94490,SC City,SC
955cb0cff22248fc9251fd6244572037,cc54b9db0d334afda38305b8e057d8ec,67675,Curitiba,PR
107708b2aa3d4ba79bceacdfc98c0885,1d742eda8a1e44e18d2505a507005750,97277,Belo Horizonte,MG
af17a269c5de4a6a93311d65f83b1f1c,4b75df2addca45fc985bc768dffc5de7,37654,Rio de Janeiro,RJ
ea297a40673f4d279f39b5fda9862ae3,6892b4fb08a14176bea13f66f10f483b,12916,Sao Paulo,SP
0b989bd1bb2d457ba5aee30f52f7801f,7903bcb193c549dfa49d2fed612115aa,63025,Belo Horizonte,MG
6ed2753c973843f7a3205b1bbb9a4579,623c7d65bbfe41899084ad41eb5f5e95,71735,Sao Paulo,SP
0e55347f72e14613be613634b5741494,fe2a262797d74f90804a888d504334fb,25760,Sao Paulo,SP
25e20b84789d4b4587ab7e9d2e2bb219,5c5459181cd5413397e87f81ab223e5b,81826,Rio de Janeiro,RJ
7328776d7a444fb68171f702d4bcf399,378b47c6cf59480182e9342458e5ac56,27778,Porto Alegre,RS
85cf37e4ca504655900eca4ff773df1e,ce87ef73d5cb49319c909b7586ab5005,33990,DF City,DF
d3a47f8800844d88bc3ef126907134c8,104f6dfc76554062ac835d7a1cd4f89b,34039,Sao Paulo,SP
053a7ac4929e454fbc23144d9d497ceb,3e31240bdda0490ebce243454077afa1,65132,Rio de Janeiro,RJ
16737742f3ae4072ac0dbf67e6a21fcf,46d97f6c1ced48ba94574b1ed9b4123f,63780,SC City,SC
e81d2b95c5ca4c6887c444332e0072c2,c91d3085e0ed4e68a217cbc4b934c0d0,72308,Sao Paulo,SP
293398164d80437f8d475f90f7e3af67,cd17c56ae7b245458bac0dd283edd6f9,85318,Sao Paulo,SP
b686b684ac0f41b1ad220a81fdf4e3b9,afe115855afd4aef95f77e4ec70ba5a3,94197,Sao Paulo,SP
8cc9fc0244734e9fa45c325079cb00bf,bebebdb445e74f189d6041c34565f52d,46858,BA City,BA
62aea0fabeed4cf2821e16158d04958a,9871a4c6389b4cd48cfa6abd60f451b7,20653,Sao Paulo,SP
a39e239ed1f94244a5ea65716b658a32,5b5af05521c24fb1b665303e742ef03c,90518,Sao Paulo,SP
7e5bdb09f9c64d05abfcfa85db795f6f,f28a7306f6a546d8a65fc952aba5af21,12116,Rio de Janeiro,RJ
9d50296e663e472197da773c04f4fcf6,609061c16b294d309f7605578f26ea00,77095,SC City,SC
c221ceb7cf8f48cbb8b4fdf9fa582517,7cb007eea60c4185b2ad798e15bf4eb4,69260,PE City,PE
1555b58a914a49da91c31631681dd75d,3adb244b138248daa7eb34d6dcda6406,76595,Rio de Janeiro,RJ
c18e556b843f4cd786d0773c0fb4979b,b24daba4474643408cfead39cc7dbbe0,94809,PE City,PE
350a11655db9459dab9593932cd256b4,3790528f04c54c1fb346cfc66c080cc1,76462,Sao Paulo,SP
437967a3954a4afebdd7867001e4226a,6be5eea49e74445ba429ed0aa9ae2684,66479,Sao Paulo,SP
2121eed4e4494967b344fc425912a41d,218a7b8fcd9f435a9a23f741936bb640,53135,DF City,DF
7009f53db4314ee88f8ce7b690d8db70,dc673f6f24524e4e8dd7df69ba563fa7,38577,Rio de Janeiro,RJ
7713050e778c41048b296ab348bb808d,0aa216ed62c541beba5ea0f376b4d814,75848,Sao Paulo,SP
10e40086d1b746daa82d3639f4f94653,ee53cb8d7aa24c909f73da7de65b7b65,53186,Rio de Janeiro,RJ
757156310989440cae20b1d398b2dfd0,5233930f197f4f998853b286e7984a1a,98637,Curitiba,PR
9698124f50204203ad03cc75de7bafe6,0371ca3532254ca99cc26b3e6e28a333,88354,SC City,SC
7f86620ee21e47fcb7fee4f25f972aaf,c562ced05c684fcfa944639129be9ca2,16119,BA City,BA
4a3f3f4c87fc4821a887c79d18008aff,108a287fe1994bc0986ae90d43450856,60752,Belo Horizonte,MG
ecf58b8452dd47189aa9f21743ed3ceb,ad90475085264d4b9c084c5d77afce97,71699,BA City,BA
291daeb9385b4e11af9a26c5dfc0ade6,1d0b6c596a884986b0e3ea29c58b3144,36902,Rio de Janeiro,RJ
bcf7d5632e634dfdb6bf2eee4ed5bab9,31b9948c361b46f7b84b216588ede28d,85057,Belo Horizonte,MG
e7d3574e2cce4ac5923914177c0ee255,d318a85b24e74a50acf904d9319d8a56,64356,Curitiba,PR
0d47d488261a426f8d8e64ae541b0902,5e771fa1493b43b6ac994271197ac344,36784,Rio de Janeiro,RJ
be68696759744cadb3cdcbe734341390,0d00ca3cde8d4eb2b4d54965ed5a8598,49935,Sao Paulo,SP
d6ef8ff573d34e3984bd2fec98d5ada2,05a3bc0f6eb046e09f48a435ea53cef4,99094,Sao Paulo,SP
bddcd009c6d94d75b8cb6809ba3b2d9f,8b2ebd55914e4fa48c3eb1254bc1dc82,32172,Belo Horizonte,MG
91d048e6d3b44b62a311422bbc066dec,59675624cdea495388a903dc17429d24,77506,Sao Paulo,SP
7c524253ee19405583153abbfabdd103,95ea782c26b54773895ed411e40e5442,90991,Sao Paulo,SP
f9ce708084f74059a3d9d7ad7d2e49b9,c4198ffd77ca448bbf9897e920fd33be,76022,Sao Paulo,SP
036eda1d4c4340e99cbaabeb7a8327af,a502aef464c44fcfaa07e9d202082f51,73121,Sao Paulo,SP
92f4d2ddb80e4c62a5ad42e048980b74,08393bf85c9e492f8a8d60902dd29a38,62403,Porto Alegre,RS
a1b224eab5684ba18b0469457c97ee39,be56aa1544dc4b8c837bbdfe0947d02c,13154,Sao Paulo,SP
4dc8a10135ac4489bd67f35af12cd672,7bc88a80f0214da48668dd738dd92b86,51276,Sao Paulo,SP
8502a5a40c2d4e0eb144f7385cf115e6,64897632cba943c8b8a7284ae5023fd6,93582,Porto Alegre,RS
67dbca1208784cbbaad9d5551b1e0fbb,9c42509448ca46f68e920584c88466ca,52290,SC City,SC
dde7c76f88074134ac2636cac83fc6ff,2d792d8dc38b445f8d3de8af6a35f894,12871,Sao Paulo,SP
b3349ce7ddbe4969bdc358ba64faf5af,5fc56c41bfd64a55bf2f065f0b6b3102,97915,Sao Paulo,SP
bc33813aa08149668248bc16a6b9145f,010f87da5812438ab5533b23fc35b55d,93466,DF City,DF
1791e528434c40b5bfcbc7ffced657ca,ca024528b5464c4e9bb0b2fa0b4109e0,49673,Sao Paulo,SP
267304d6027b4d5f970b1c364221942f,137ca99c7a6e49ea8ee76be7b1ea79cb,84842,PE City,PE
a4f6a09085494624b8f9028096fc9423,f0e352d13f4c47b59b59f874a6b7955b,28094,Sao Paulo,SP
cb2ed45000e64034b3d8175e7af8a960,881639742f564cf787df4bc722e45e0d,28218,Sao Paulo,SP
a2bbaa76569a45e790974654f1226eca,da5503608bfc4cc2aaa361448c116c20,25459,Sao Paulo,SP
10746e597e69464da82169fd77d5eb12,afaff330443a4f27a0807758a51966ff,69691,Sao Paulo,SP
ad03f53457cf4f2796b412294b4bc6e2,d35d761ac90d4070b042e4cffee4e647,17691,BA City,BA
af3f01b4983c4637b009e01ad303b9bb,3f92914b57cc4df2b550d5fbf04538e0,44388,CE City,CE
ff7c04fd87d64ab0b5261d6dd18ab0e5,ff7ae7a9788449b3b3b212a2b07520c0,94923,DF City,DF
a8b59e5ca77a402d93570ca4c7e9c18c,dde9e8b6f27f46d089e47815c6d93382,83535,SC City,SC
b2201252b5fa48ac80bb5ab008398097,340824bb7634446392e136f2a166d889,65389,SC City,SC
b815922642cf4057bdab40cd1525f0a7,ef1fbcc6c6994711abd69f0832ff4a90,20190,Belo Horizonte,MG
dbb21b4152494faf991e133ae75fc9a0,55f39a34e7794ecc9a3ef9dd99152ee7,81442,SC City,SC
13767dd3be9840b39a71553141ec89ec,256097f6a0004cec8cd15ccc2c36e6e4,62621,Sao Paulo,SP
02fe6eb77da742a1812994ccabca0ce0,e57cbc5a60734c869b229213a7bf1ccc,99495,Sao Paulo,SP
c4007e0ab0724c3ca21b5fdd4b3f9121,915031324276441489d35d1942665a24,68036,Belo Horizonte,MG
c1d3f79d74d44815ae531f38bb914f2e,4f44a0b2cc1c402d821ac43adc61e53b,13898,BA City,BA
423cac595ec84e4487a5f4f8d30dcd22,10de7b07c6e44b16bb6bfcf47bc7249d,63363,Belo Horizonte,MG
4c26414f2a2f4a21946f4de8a9d71ca4,95e7e7a9e30e4604adb01a343ea5b30d,61216,SC City,SC
3099d530b3ec496081adc0285a4bd539,4102cf4bd23c473fb5a93148e1351ccc,36992,Rio de Janeiro,RJ
5a11ace763554fccae60e72e8588a499,4534f6492a104498aa5920bb8ed9ecda,34486,Porto Alegre,RS
e4bf7741828f43ad995fda05f662ad00,3d1e0851efbc442b8c6c1c12d248eca8,18020,CE City,CE
7132c41d64694dccb1c87623f7f7c6f4,29c82f3fc742495a9e7bb66c6a42e619,19139,Sao Paulo,SP
755dc76c82e24f56b182243d24d4b4df,ea7f0a947b6c4ef2831c3de2b4a885b0,62719,PE City,PE
7b50023bb7104fea9ec4ff3912c73e84,2fa20201947248bc88c5a0cd7f49e9d5,31346,Rio de Janeiro,RJ
a263c216bca449e68ace9bbe326d7e17,4cfce8eeeaca46eb9309fdd04e4e56c1,85743,Belo Horizonte,MG
6850c99e82ea4626acb9249ec36b78f4,2cf57edecd0748f69f7b1467a48e67ed,98626,BA City,BA
30ce8d3ec35f4138aac2547f19b5274e,bb370b95ed7441b68c06e07416b95bbd,11943,Sao Paulo,SP
d49bf4f65a584ee99a2b9c957b165564,65b7b98cb7fd42a68503bf38d14f9cba,72202,Sao Paulo,SP
68d3984796864f20862a8cbb0ff8ea0e,8d55d40c56f34f39a35c654a6a686168,35120,Rio de Janeiro,RJ
3b2120ae78484f668eb0864712c3a1ff,5a34cba9061b4e9fa47365ba94cb9909,86050,Sao Paulo,SP
f7c637582bb944c49100786d6788b7f5,1bcfa5e2471249b6b30a4925ca337e31,86199,Rio de Janeiro,RJ
a84729990c564685ade377283df6d510,fa535cecee48419c8c2429f9b193845b,33240,Sao Paulo,SP
eb1d3ef297fd47aea80739c915d6f9c4,4cb93ab867dc4a03ab3b293137b359ac,76711,PE City,PE
11f0c756ad01441da2394b20696607e2,9f0f6b58cdf146a49c58f44a9086d0aa,90702,Sao Paulo,SP
d337b10491a74e78bb78ee03115d97ae,cbc078c0aa9a4c05acdeb1273f0f201d,20497,Rio de Janeiro,RJ
808dabea177e45c694bbe8c61c69ef5d,b33334128de24947bfd3662bbcebc683,98198,DF City,DF
f926434e147549bb8437796488bff768,9101b7f3cb454f438be896b37334511c,84271,PE City,PE
fab7bb1bffd84b2b8a65297f5fde0f31,9ce2d2c15b794cedb17b45b1fdadd953,80321,Porto Alegre,RS
83ea1d07563441f8be1a7686158ed3bb,d830f519967643d4b599c80becc74d48,30937,Belo Horizonte,MG
ed917114ed064672b43cf5e19e16f1bc,f5beaf4cace64e4cba565344005107e6,74295,Sao Paulo,SP
fea3f95185744e52855ccd2b4a6c79bd,26c4db77f59f45389ed1528373b6f5fd,25728,Sao Paulo,SP
fb02449296864f39abe0b03c2d77db2a,4e0deb5f6eae45a0aa0b4764cbeaad57,83643,Sao Paulo,SP
a584d3f4b03142318079120121fd118d,009182b7bd71491fb9191c7123070a46,30174,Curitiba,PR
7b6f7835c7c34d66bf84d35dd43708af,d958cfbf9a754fe986f08fd651c86724,64877,Sao Paulo,SP
1a2ef1576fee4d05b0d5b48df3de5b67,4bdf125fda264f8a95b4ee36312594f7,52317,Belo Horizonte,MG
607c2e9dae2e4f8cb77f3b696b6017f3,e630f563c5d643cd9501ea0d04ff36b1,36748,Sao Paulo,SP
d38cf751cf2c458f925d54b0e3314882,40bf7c603fe64665b8434dc90f31acc1,40589,Rio de Janeiro,RJ
57e00856cfdb4e5e949f3bbd460ea963,51c5fdf8f49b455d8d1afeb0cb0e2188,70771,Rio de Janeiro,RJ
ef8a2e144b494ba192c7f606a1f04b20,48fedd82b92b4842bf14f4de9afb4441,21853,Curitiba,PR
e95c98747df2477490279d39ae67276c,8233321ba9944b8a8e24e224e985e719,69970,Sao Paulo,SP
d78d517ba4a349bba358ac25d62ca22c,057877bd4704404b8b9f07e91129a4cd,10796,Sao Paulo,SP
fd6ce9a7e6a54e39a6340b76e430ebee,6984e3abd6b9418da1c03c645ce55f01,79978,Sao Paulo,SP
38f795be02854667a1e05433c1f8dc54,e26e875ec57f42a39bafd9ea7dc0df6f,65428,Sao Paulo,SP
733b00f336144d90a4d6a007d985ee5d,449bd584d73a4fdd922acdf80342c7a3,50365,Belo Horizonte,MG
1b11382d648c411282d2b480e09a9dcb,3a32f8ea828a436e929df0a666f164fe,90051,Sao Paulo,SP
df7c072cf81344abb7f6f5dc5066290e,07ec6622d3e4473e8214338092f3cc94,44395,Sao Paulo,SP
4516d4053cc44114911e641147b6b8e1,f48b9e586c56477eb264106bdcbb433a,32494,BA City,BA
41650e0e19ba42feb4028aa41dfacab5,08424aa04b2647dea2dbcac34e8fa539,63113,Rio de Janeiro,RJ
8b75e40b50294c778d6c3dbecb9f6c1a,1f60e934a651488e941ef62bccc15a0a,86980,Sao Paulo,SP
f15116ce59804a52ba34ad9b70a58358,51ea8984278f4c35a1fdaeeba2588430,48264,Sao Paulo,SP
8bc3484e3d6d49eca1e0d23a15628b31,e634392d58e14abf8e26406231683137,30674,Sao Paulo,SP
7c54c91fe5614f78b7c1a5f42aa14150,8bb12a04c240435ba355dfa779f46d47,13959,Rio de Janeiro,RJ
4e0f946f03e64beb81510b3580b9cbfe,7a7e51396e1141a8835a13b2e94fce88,37033,Belo Horizonte,MG
ec46e259565640da89b18fb6ffee43d3,42496180bd8a4fd89474eaa2d4de7fb1,87510,Belo Horizonte,MG
4bb29196ea9a4cbf8b74f880a07945dd,63ec215d3bea438f862ae582152a5760,80197,Sao Paulo,SP
2d16c48942a34392a1062b546d924570,d784b0a49c2e4a6c809bcddaf5fc2b52,97145,Belo Horizonte,MG
246c50fc02044df1beb8ba460cf02178,072c4f41bd8849659818116823a3d893,40725,Sao Paulo,SP
ae5eacc9d1ea43038d914858b24d9698,2cd81dc020e54473abe5a4a599d93f23,21416,Rio de Janeiro,RJ
32c07e872c4a430085b77ff71f1a3abb,55df04c931dd46a7ad3418ac08f2a561,98417,Curitiba,PR
375eef63c808449f935a442fe34406d6,63d3da5c35f141498b32831c1161ae9d,41117,Sao Paulo,SP
d3f22676122543168c9302c9eaa0d7f5,17f38f2dcb21497c8da89fb30a5214e7,52838,Sao Paulo,SP
efc764db160445ee98795396dbed403e,2795d3c560934f42a90792277b9c2f05,49647,BA City,BA
c9daee83b24641b693aa750da7b5c053,42e4ca6ad54c49ba87c5b192619bd2d6,93851,Sao Paulo,SP
e2f9506517d44955895380bc834e5912,0127a86449494a0c8581dc76e5c0a1ab,88840,Sao Paulo,SP
d4ce109b8273461ab0861189dd7f7c54,6593e24b1f494b1493a102ea6bd45d92,12526,Porto Alegre,RS
077dba629bcb424cb033f9aadcf204d4,4a5a2826e8ce4a69a830fa4068d34d4c,24805,Porto Alegre,RS
a9778222b5814dcaa81769fe205b4421,91571aa829ef47279e98e28c2c31d675,46998,Curitiba,PR
47aeaf4dd65a40b5bdba049ce1a43d73,4be12374dece453482431bf9644cdcbc,57027,Sao Paulo,SP
37ca0a44b0c94a10818308c7b7a3b30c,f8bf2446d3344e96968e8b8df1b6810c,84131,Sao Paulo,SP
9d5a55a3be314e28b3615e50365d3e76,ba2298b28daf4c9f972748fcbc0c2e5f,90018,Sao Paulo,SP
467380ba7e7e4e79a3546e2c2ecc3055,59515e1e938c44c18c5e50bad89d1931,64859,Rio de Janeiro,RJ
dd6a0c8944f24fb3adf5af5e6fae3523,934145125a0441cbbac7942bf54c8f7f,68935,Sao Paulo,SP
a5c4af3709fa4a94884a3cbf0c6ae295,10ea5385938244cfa923fd0ef5a026d6,13510,Porto Alegre,RS
5c8bac8c40a54c179fb5eb374a94ffc3,0edccdf2996f4682a3a682ec7e32c66a,59857,Sao Paulo,SP
1500c377b6984f77bcc0ae4d90a1ae7b,ba2950f2471147edb9ad370747fc4326,88487,Sao Paulo,SP
c4e6c3e8e7da4fecba369a2a80ffd631,78d6c262a4054088a33ddabfcd2ec6b4,33544,Rio de Janeiro,RJ
bb291af81fef4e1eaced39197fcf0e80,0503dad6a4564ff4830d7046ceb95c69,18324,DF City,DF
01cb3242c2154f1793185de8d752916c,568d92b8b4f549afa0c0da7014a6ed78,90862,BA City,BA
9a1e6999d8b949e3905bfb030ba353c2,04b285886abc48d695c0751f16b6896e,54561,CE City,CE
e9536bb90c6c46b98afba232f645b0e7,e34aab6cca4b4affb8b684bad48ea26e,80596,Sao Paulo,SP
61f0776dbbb9405fad89e915a79a817f,de60701716134f30b8fdc15828faa972,67565,Sao Paulo,SP
668eb705a1d8425e8bf4ddc2652e6055,e406401e63e84433b06ebc74ccbc2402,34884,Sao Paulo,SP
be98bfef22e442109a35dbb90806414d,592a9274977047678afcefde0b03214a,10261,Belo Horizonte,MG
f4be97b7c26d4d159ffed3effce65d57,91f8653dd63547b7bc9895bfb1260d3b,58216,Sao Paulo,SP
9c3ab7eabe7a44afa512f414793cfe18,3cb3bcec66bf408fbd93c574cdb6989e,43877,Sao Paulo,SP
4f83e73ba7a1434387f5c1fdd99b1ddc,7e30b939e09a4d44ba57bae7d70ce341,89594,Sao Paulo,SP
3afe87d1ad8d48719e00bedd248a72a1,5a2df24fc3264f6da3cf8bcc60273dd6,79533,Rio de Janeiro,RJ
5ee6abf2b05340a6b1f3593bc6eb2e68,0872ab7edf9a4a269ae7c566f4c9ec33,31286,Sao Paulo,SP
199dafd368a44e739c921b52c4c4ca5c,d8d78927761b427aa2862f23e8b7dd67,45593,Sao Paulo,SP
094ef4ee855d43af973df908c82bd68f,6335d4ba703c43959d2802b423a0269c,40408,Sao Paulo,SP
3d9bdf06b7ad4d73a9ff82791ebdc052,2a8b83732f1f49b1b52decfabba12cee,83585,Sao Paulo,SP
5e7aff6576e440cfaba994b6243a4ea7,ecdf067691ec4f5496ee201cb6ba09d7,77191,Rio de Janeiro,RJ
f8b669b41fbf4359af296c4ef9d49df2,36f0216cb4e1406ea213aa535f617adf,46429,Porto Alegre,RS
783dc55c0474437ababbc524e89a6d73,09b6d6010706418c9bde986056bd8715,96335,Sao Paulo,SP
10406c3c077a4c609363fa832506ade9,94384bbe762e4ab7a8c6edd2f8c55d2a,42159,Curitiba,PR
8589ce49310841fea7cc1d7069671706,984a441212b7436281cf3261ba3d5fd6,17117,Sao Paulo,SP
d6ed4a5f080a434886179463c1df516f,f3274bf980a748bfa1aa5d89d0e0ebc2,29228,Rio de Janeiro,RJ
6b13d5dcc6e64e93b1d3c81b18b14b0e,b02ff2a6ee874f3ebb53868000fab6d3,98905,Belo Horizonte,MG
c38bf54688e245138ff333012352e1cf,4c462a4f17734d5f9f64eb17dc3eb987,19875,DF City,DF
5b6fedfafcf14c609a6d700ff3619982,916a732972614759b430f7572d1cb45c,71067,Belo Horizonte,MG
7ccefbb0ad3a476eab48d840018bb7bf,4a44fe2878a641b79048cda0aefc599b,80618,Sao Paulo,SP
609c5a8f424142e2b65a0f6d73db50b1,de9a86d9e76b4ce289000dd4f32ee305,24633,Rio de Janeiro,RJ
df43813a475c42da951fcb68f4fffc00,b80d6285750f45dba41af8138035f2b0,64301,Sao Paulo,SP
a8dfb3fc42eb461eaa75c1b62d80b814,3510d7ccbcee434e8fc3721cfd1eebad,71797,Rio de Janeiro,RJ
d81d1eb3cb9e403ca91a88d94ca06789,2dec557ce8b8463587daabb5e19d14cb,75797,Sao Paulo,SP
889a89cc5ac9493dabf1144549a7e64d,0ef3b91244d74052a97e194df0f0720c,10731,Rio de Janeiro,RJ
a9668fa20add4f618acfd824217a27c5,be0793b0f4dc4b96a94f19db3fd882e8,60641,Sao Paulo,SP
6b78a43a6c914e99b27272317c0b5c48,8ea1bd42dde34b03ae94dedae74aa940,93101,Porto Alegre,RS
8c84a254af0848a0932c4cf107fb1911,e64d5ee9b5f1405582e21dcd05d107ac,59401,Belo Horizonte,MG
98f2439e8d62415694567499d95a2711,12972c50e1d94d4a99748456d6e39290,94003,Sao Paulo,SP
41ea43ac64d048f28e9a5f020e32f202,871be911641b449da79a5a2a485f33b4,45530,BA City,BA
92255bf195164765817212c5fda19a0b,48aeca6d40a1423887bfa35e6f572972,96943,Belo Horizonte,MG
53c152de0a9b472e986cf585606360b7,61ab9ab6033f446581f2db87b6c3db6f,39070,Sao Paulo,SP
cdfb0d98dedc417897508b8f9cb76133,c500701103434adb988aefd2ac501859,98840,Sao Paulo,SP
9bdf96f701be4068b3a99c74067dca4a,208bc08c6c224b49b73fd42ac659d3fc,24928,Belo Horizonte,MG
4b16bdf6044a4c27ae741d2124b2b0d2,a735110cf8184f198d2343c62a431022,55054,Sao Paulo,SP
ffca3baaf71d4ff0ae621dfe60b31f4b,9dc0fa14ad084f15a12d317df4d7c605,94567,PE City,PE
2f644ad592fb4854a2d7b46dbef5048d,69a6a030aa74465baf89d4c135c323a0,79167,Sao Paulo,SP
9c8d5ccebf484952b5565b1b80a57f82,26e2ac7910ca492f937e9e38e02f81f3,86008,Sao Paulo,SP
30a0bd724fbe4e6b95d07dd2a532f3aa,f97017eb56804ba7a969d4d2b8c75f8c,16790,DF City,DF
faddc12ddcfa455c931f6e74db31bd48,e8340009cb48433cac74797add86994b,23494,DF City,DF
836abec0a8194aa0a5fca3b0592ea206,1a2246dff7a44ae88ee023e3e4cb6a88,59756,Sao Paulo,SP
0970217a23d04782b074e95b54f81706,c3bc53db5428407e9da777f59121272e,95261,Porto Alegre,RS
571f9e20086d4d05873af4e58fa8d8ce,b28e09ab6ece4d25ae70b9e067ff5b54,43108,Sao Paulo,SP
dc69be6eb975494e8dc4cfb0c8bb3572,e7f48622f5934625bf0357ede4f70853,86142,Porto Alegre,RS
dd54fbe96f014c2e88fdad9396a81b8d,02209740eda54b1f955a6c7014ec75b8,96267,BA City,BA
8bded71d3f0741c6bdbdadbec5aba4db,caf4dda3e31543c7901d4074e657e97f,28601,Sao Paulo,SP
f16bf5abade14fe39be54e9f34107cb0,d0ef08f35e1440038ffca0606a62934f,95727,Sao Paulo,SP
608f6939b9b6414188771999ee46b8fe,7fe8becc2ebd40358e720ad767a788b9,76978,Sao Paulo,SP
85b8822f676c49e78414908fd6a59cce,b3b34e810d6b4982a809560303256f75,22209,Sao Paulo,SP
ae3327bb7f98440aa8ddf3128236c0ae,5a8e6b945c7f4d73aedd0aea5d7f88b9,53066,Sao Paulo,SP
be0b965f78114590b64c5fe8f2efe686,8a6c066f9702453e95446e51be1e99cb,10193,Curitiba,PR
29be07ece7024257921679bdc2dab83a,c63fc875ecf84a2c9cb6d02db8c84878,36176,Sao Paulo,SP
d87648eb5d4c4231a7256f45a3de4c17,07e2867aed2245efb0e9f40dec91bb50,68820,Rio de Janeiro,RJ
81a81ab49f184c1c8fe1aa310a4fdbd7,a085e3c4f7c048e4856a0c23be06a6b0,16079,Curitiba,PR
4e99f5dff21340909322d5d62ac9e4f1,c1e0329b84b14f03aa47d26c2a2707d6,24999,Rio de Janeiro,RJ
3d4c2cfb861947da86ff22bb17741117,5948b3d54864442083f4b79f1db103a4,72384,Rio de Janeiro,RJ
41ef5217ef224e6b814fa1b050293999,bea4dd2b24cd40c084f557f54f8fbc84,17130,Sao Paulo,SP
856ef5d5442448e8acd15b6b1adc1bf2,65d13663391d46c0b967976b4069ad6b,88522,Belo Horizonte,MG
a48acc8c70d947d4abd83ed15abd60da,1b990de300194377842ca7a64bca0b23,30457,Sao Paulo,SP
b24a4fede4704b8b988937be435e0f55,d8e3d939f26549daaa6ae62c564c7785,64036,Curitiba,PR
f91fafa6bbb54c1391e7edfc0fa1193a,70bb083fb26c4857ba615f63249c6a0a,92681,Sao Paulo,SP
2644b669b283492dae64d60f3bab1a98,47db5b9de9674ae899612e36edee60dc,49104,Belo Horizonte,MG
0a2336cc7acd41749e10fea5beef3a02,e98c26d8051e445684a758d22026ba25,15574,Belo Horizonte,MG
ed04e635de8b452a9718482534ea8e90,486e2aad12f647998787a4fd569f7557,68493,Belo Horizonte,MG
f95d04d32e784b3486a8ee23a33d5464,abd2c59a1ddc44269df1f2f2a5709bcb,16281,Sao Paulo,SP
bfa1972c1ec64dd8868e2ccc531a46e6,9b740948d5314d8a8cd8b28edcafca47,36684,Sao Paulo,SP
f94848e3f0874507a771844b221454d5,683ee32eb38d4c9dbad643686fd00754,14074,BA City,BA
b5cbb4efcbc048e7b64a237e2e07282c,5bde29bc7a2541d98ebe6f565f488af9,77263,Sao Paulo,SP
84bc6be8b3854e0fb3d7ae2fb5bce330,2f3d28bfffee4b7c9665f664a56e4b75,92457,Sao Paulo,SP
fc4d685c866e4274abb0ab0571d78c91,4a52180cf24948feb4d9cc242d5529a3,80703,Belo Horizonte,MG
31b2c02f2be0413faf2fbfbd575536da,b613a6daebb64a75b864091d03b777aa,14121,SC City,SC
69ffc5e68de147b884d3c9f62a48a1f0,0fcbdc6e8f904143af26da2c7584f751,77840,Sao Paulo,SP
586c6f26f7ef402b9117897b24edc064,1b70f205182c41b0ae84e91a401e4984,93967,Belo Horizonte,MG
23b50746aa6c41999fb47cab419fdb31,fdee26963a0b4fc3b16aaffe9daabd22,18597,Rio de Janeiro,RJ
9f1a652d94da4945bea954f7aba8dc17,031bc537244c40b7b1dcedecd598bc6e,69540,Sao Paulo,SP
314510ae95704475aecaa94d8023ef04,99a015e147cf4b14a9b5729cfaefaf75,30884,Belo Horizonte,MG
a7a3248f704d4c6ea487590a3800f9b4,ccaf93f9b3ca46d7b7099baf7ff824cd,62705,SC City,SC
f637d16b20b141bd82336f4f5f3f4b73,92161b7371e74f529bd4ca27d93de2c2,29689,CE City,CE
d807b3780d154e318f90854c8b0ee72a,4ddcbc85a8aa48909ac1ae5508db7fad,79296,Sao Paulo,SP
326a6a60edb7476ea40f9bcca1b1c6cd,7f15537d4fc44d4aad52319f547bcc7b,31706,Belo Horizonte,MG
a6ac7002c26343ab8b0fd56efd78680a,e6a8669d0b7441c5aae6d69ccbab9e2d,88726,Sao Paulo,SP
bbf8c950015644d29c6756f7b369bafb,bb3072cd44cc43e0a6a4feb5511e0ecd,64344,Sao Paulo,SP
4900a5454f6d4a2cb48eabe3dbe72921,a8d8810001fd41bb8f7bf4f0919ed06f,82124,Belo Horizonte,MG
2b8d0ce9d7674d62a476bc35deda4682,9b10335b62df464599897e12a9aa21df,32787,Sao Paulo,SP
9ddea3252d034533a6c9f1954a140e71,9e8b7936fc7642859033e1d5de6ae61d,95364,Sao Paulo,SP
0f3e474b77314d599d45f690b8a41f89,7266451a08a944f28f19539a6c931bfe,48795,Sao Paulo,SP
45ec2f02ed6f46898c12d7fa4ad19483,526698d359474459ab5722b86240e403,49209,Sao Paulo,SP
37676a4d91634b2c93c0923d0aeff87f,9a2a5c31a13c445298cf94e9ebf41969,79019,Rio de Janeiro,RJ
a6ea811a32fd4ec1952269ee49a18dd4,5f8bfb1c52ac4c47a4fb2572fbbe7373,52762,Sao Paulo,SP
5d65e47ea6e14c9c874329f5036539c6,70a87f8911324cfbbd5a45c6d9a5ea17,13957,Rio de Janeiro,RJ
a75716b676f944499858aa8c8037066d,346b6d53b9cd47e9aceb96774de65df7,96574,Sao Paulo,SP
49ca9870d0354e818feacaac698120e9,7d491d4ac1504bd2a33991e72aa6509d,12521,Belo Horizonte,MG
5b37e2087d0246c6a3fe07aa0ef4f0f1,9e4d6132629a41abbedb38e4a8643156,69984,SC City,SC
6bb2b60a6f1246dd9be58c0d9ba114a3,d44626b955cf48ec86c3d822f9a567e9,29307,Sao Paulo,SP
4b0478a80cdf4a4eb6c509fc2e760b62,b3df9f5b9ef94eb092069855496d4b5e,77677,Rio de Janeiro,RJ
3f7e03033a7849ab8565e9a8ad22f506,b157a8f0ba1a4d60a784c6f720cabe6f,76537,Belo Horizonte,MG
e9565b4c1871456caf5dead0b49bd41f,b732f217a96e4815a004c740a9150c64,96477,Belo Horizonte,MG
884847355dbc4422a9bac0b77ef97059,05a2f73aea5d42d4a966a37fa6a3f50c,85950,Sao Paulo,SP
76e6025669104e72b3a1dc21361658cf,ed8d170d74bc4ee0bce964eb802e54f1,54417,Belo Horizonte,MG
33916eb700784c768a39b2f43a8443dc,7a999d5505664393b5409ec0edee2ef9,84048,Sao Paulo,SP
67091e604fdc40e0bd81d397a5406792,cc05edf830d24b9a949375d4e7b5b86e,34097,Sao Paulo,SP
3f1553ebd9074f50a2adf752956c1f54,4169c92ae9324a24a224541e68fe4d87,94093,Rio de Janeiro,RJ
37eeeb469e3541afa6f23fa44ea1e80e,ebddde3dc3384e8195981a2e4b697969,94783,Sao Paulo,SP
eca40bf571524620afdf9cf8377a78e5,c6569d1e5fea46f68d046b07663709a3,71201,Rio de Janeiro,RJ
21f8dfed5eaf454784c8c0fd6c1b0815,744a12089c354a4da0079823ffc91237,92751,Belo Horizonte,MG
6ec337dd3309499aac81a907b8daf4f2,6c9f3ff4272e4622a926499de4f98333,46124,Curitiba,PR
e882957d19304c168116ab089202c4ce,8c281326095240a383c8d19c6f1702ef,21641,Sao Paulo,SP
837063f96d264f3f9bc827f35d394846,21add337bf484abcb749be3bac65d198,19864,CE City,CE
b14f8146303d4834afacb11b11ddb3de,8541a43239524697aeff20e3e8d2cf02,64912,Belo Horizonte,MG
93012e46353c435f9cbc023df13e9f4b,187f52dba8b440ebbd74857af453886c,80757,Sao Paulo,SP
b5fcbc73d1d445839b238eaf03d59ab9,ffe5881be8f04b58bb5161d673e25bc8,10286,Sao Paulo,SP
9d82cb8e925847beab2be6ba625794b1,1b7a9ab15ffe49afa789cb5e3d7aae96,65441,Belo Horizonte,MG
d93ff79af1db44cba2d89c2ac7aadb7b,4531b7d7b8ec42cf8cc505ccc8600d88,87638,BA City,BA
274879485ae446d199c5c4c7c8ff7cd7,f8d931a376c746e4a1f05eea813c2d81,99839,Rio de Janeiro,RJ
e1e0823c14554f1296652deddc09e7eb,cf1bf88e0d5d456d9c07facb4b5ec7d7,24723,Belo Horizonte,MG
d7a788dbc074454fa620e3f82c4d92c8,48ca4a119b564a30ac121cb1d7fbf5b0,88622,Sao Paulo,SP
7def4f80c2b14761949516f7b7be6860,b5df201aac1a45c787474252bccadecf,60446,Sao Paulo,SP
9dba84f771d24dca8c166e91bea4b751,987f6d239bfa40388d86ddcb0271f84b,24441,Sao Paulo,SP
7c6025f0231c4a8dab35c4bb49b4d2f2,0d29e6c85609431bb044fc3d236c2cc6,32477,Porto Alegre,RS
4950dce034f647328901063a13621fcf,bf0ef04e53e24e28aa186f5c1a783dba,71898,Sao Paulo,SP
ad33036b7c3c4757bf91f67b6cec64cb,aa9037b4fd2e464a816b5fd0fffd6baa,63234,Sao Paulo,SP
d4e97f1e9c3941ea99f774ad1ddc9941,eef98caf73b0472aa1d41bc02edd3fab,61368,Sao Paulo,SP
6615c41bf1fc4e5fb02151c277fd64ec,9e357f9768c74dcc81ded5703a1aeba9,27358,SC City,SC
43a77fb6e06542acade809ab87d1b427,22ac37d350f643b49cd94a0cf33945e9,12038,Porto Alegre,RS
b75824e84da54776ae1c75b5fa4e365a,f01518a859de433786fb332501ddfcc5,83068,Sao Paulo,SP
11d8d06552734fb28087fce0d2aebf74,61a6f69dcaf1484da2bbc5c9eba24113,14337,PE City,PE
4a181235ac5f4c9f80b40319f73373c6,597181c70ac5437d8d16a0c0ff5d088a,79518,Sao Paulo,SP
9119eee3fe0b4b7a9af19b1f1598a65b,5a6e4d707a0d454dade1aef2d4b9b8a2,27494,Sao Paulo,SP
5662bd8dcd1a4d9abf4bc109592754eb,b466c729e7014bc1b935b1ce4175574d,12194,Sao Paulo,SP
36284032847a4483b92e304df2a50f76,ed40b0d0010042bea2206ac14003a533,41471,Sao Paulo,SP
e151e6d900a64d4683a33b912bd00f18,9ad10eafd5f1430cb9ec795a7fca7afd,91906,Sao Paulo,SP
ad541143d3544127a4401d336acfd946,04f01bea49184eaca564c7d223bd8c50,25734,Belo Horizonte,MG
4bbe5670ab6b493a90390c1266f26dd5,40166e475143447289586615c6b7d637,69806,Belo Horizonte,MG
be58d5e3710a46dba1a02f89b533d884,698faafbdc2d451eb245b97c8792511c,17447,Belo Horizonte,MG
6beca50744414793ba3e3bc0c0901daf,23dc0cc3b5c9459c8f1b044867bd96ad,93309,Porto Alegre,RS
42fece97a6e445c98416c7634d028d93,087d575168fa40fa90bf8bffbfb12d98,32967,Curitiba,PR
e955b0e7fbef4c479f398c34f5791ac7,f896042adcbf4216bd3d1ac8a21f94b0,65217,Sao Paulo,SP
9f205f7aab0f48a996b5a5803886b3cd,1721f4092c4540588f25de432995ab72,35509,Belo Horizonte,MG
b31662321c484638a07108a70694aabc,b5ae4f1fd4de477cb51590ef05e799d5,98148,Belo Horizonte,MG
326a36baedcb444c9132496930e65de5,58aee3eb0e2042c79fc26a86dba19995,44676,DF City,DF
3cbab08afcfe4b0194070e69ca997194,f031848f2ff9491d8f46dd462800192c,46780,Sao Paulo,SP
5613f7d8621c4c85924d7c0190d137eb,314687ff17fd4ed89cd960df17955b8b,45300,Sao Paulo,SP
86c8e3326c53407b9b028259f367308d,7058dea83bd943809bba683780f71ab0,38618,Belo Horizonte,MG
4a9849fa7c6e482e92804889a6bdbc7f,29cd1324ed2144609007147d56eb5f1f,52737,Porto Alegre,RS
0dad804b4b714c54acc96b72ab4b6e8d,edae71413a97488891020f47b322d909,87969,Sao Paulo,SP
494bc72d1a5842839a2e852738605ba6,8e9956495db94bf48fa28297610af7cf,60002,Belo Horizonte,MG
9d275942e3e54b5890746b3be4ddce5a,ebb7a2a67c264679a4671b7855116e21,92603,Sao Paulo,SP
e999ae8a185543499277b7e95f89dda5,500297cbee074b2a91eda4019260259d,95322,DF City,DF
89f4b18ff36b4943a108e60e8a621378,9d54371af5b54815a13c8d0a4d7dd6c2,34101,Sao Paulo,SP
aa761715725e463bba92e5ee6b7926c2,20e001ccd475458aba2cccbe9d38ce20,94138,Sao Paulo,SP
179dd3a7e1854ac3b9d7bf40586373af,a1f3ef2777b4403993b2441d9e4a4032,43171,Sao Paulo,SP
ba31cbd6764440ad90b7424f4eb52e5c,bdbb78d0313c4565b35280d934a354e6,53779,Rio de Janeiro,RJ
ff9238abd18e46bcabf513bd67eea872,744b42e6c2f74c76bd00297c6270d001,78409,Sao Paulo,SP
d9dfdc16a8cc4ab4b008ede6b7b782d3,19649fa971a84b55b060eaaa4b8abe47,99190,Porto Alegre,RS
537d7f570e7b4d8f90e9788c8c465b8f,ce0787d4c08049be8842f971f6e256b0,73511,BA City,BA
ba7a7ce4322745d8873c32857dd692f2,d97e34e7e3df4a59927c7938c7f4df13,10769,Sao Paulo,SP
0280422bd21b4c63a59a2054007b6fb1,dd3ae00839344007a4dca0be7afd53c1,20646,Belo Horizonte,MG
986242d5d4bc4a0980b1e144cb103934,fb5715a4eded46cdb0261325e98ee603,33415,Sao Paulo,SP
679de7874139448b90c8e98f783ffaac,7f2d6456b1ac4528ad792d2af4872451,11435,Sao Paulo,SP
42473883fb6d4957bcd7da08fa5a6c4e,7af658aa8d304596bffa30e0db34e6a5,48697,Sao Paulo,SP
1215d35404884f959f4967aae82c0182,3481b4fcc3514ffebfe2dc74ec81e840,96759,Sao Paulo,SP
f54676a4260148bc85f73b598c1c8e19,4d8a10eccda44d62a2abd62e8f12c0fc,96212,Belo Horizonte,MG
debfe4ee30114f2ab4a339589851efbd,1defa399b6f24af1afc0587c8d118f71,28691,Sao Paulo,SP
cd4d338084c149cfba091621f72bb2ab,ec4f356abda4429987dd86e7a6d881bb,49093,BA City,BA
7fb266622dff4a9da855bc9396483b90,9319b5644522426d871e1a6b870617d9,31273,Belo Horizonte,MG
b5226eb504d14feaa42f1e201b3a5a0f,5e6d227d5b384467b69c36ca71697107,96196,Porto Alegre,RS
7e5472f719534587bfc4ecbe3fb30e0f,b8e70053322f4b84b506e677e379e6cf,59012,PE City,PE
000d0044d4954926adef7cfc71480593,39afb24a337649adb94c7ce56ac165db,38173,DF City,DF
72741ce0c5da48bfb34a098832469139,cd1ff32848e64758acfface848286ab9,63454,Rio de Janeiro,RJ
bd1f9265f072454d8b0e2e2cc10a31a2,868dbc18a88443c7b5227b8d9d667c75,88206,Rio de Janeiro,RJ
fb2273f984b84baeb9f3aa4ad3bee646,74c824b52a2f4d0b96dff6b02362401c,12433,Sao Paulo,SP
05f7654eb1d94cbfab09e1f63a891f1d,4dd378ec3c9e4339a7d329d360a5e924,86751,Porto Alegre,RS
899328dbc264468fbce7724d7f037c1b,7fe4afdd06774b08abbdb578bb28e109,21799,Rio de Janeiro,RJ
c9a94556a7064c7e81bba5661d2134a5,eb625772bf1b402b972fe8a5fb672de2,30474,PE City,PE
4210ebcc7d88442386c8e816f35b04fc,f09eed01dc9d4e84bc01d5dc462d6f66,39206,Sao Paulo,SP
5cf94bb844a744d69166cea6fd9702f4,6aa4a1b1e07b4296954ae740766d84b6,70100,Sao Paulo,SP
8274d4d711814b88b6d63da0b4dc0c4f,ca12eb8cb9124d84b364bbec5162ab66,57740,Sao Paulo,SP
9db63719c11943a0bfa053d40b276bba,d8cdd43dac18452abe9c22db167175d3,42590,Curitiba,PR
6400aa757e744223b73a85fb642ed7f8,e383b24a25bb4348b45870aa13d396b8,11173,Sao Paulo,SP
cd1ee7f249fe45aea49c34a334efefa1,ce771a5bf5cf43348959dcb575a046f1,33938,Rio de Janeiro,RJ
5d116adf8d9443eaba18fd9d0c0291dc,553233cf22b94e8caf2209dfe0c08599,82262,Rio de Janeiro,RJ
0df03b5e3432415da7a7ac84d01dbe94,23d7d232224f4b1385d4cf572175e4f8,44899,Sao Paulo,SP
f037bf3372ac4e98bc2775a9cc70a06d,ce47f60126aa41d197972f6a01559c6a,84694,Sao Paulo,SP
4b897fc919ed4887b0946ffb6dd31e76,40d60fa40721480eae6b319be81fc09b,69159,Rio de Janeiro,RJ
c56ab48014ed40ba9a982090fed37a0a,57802c5051524769be30a641c089019b,63093,Sao Paulo,SP
dbd273bf8c7a473c9283967383be6dd6,6fb38912375b4d91ac7ea61cd2581e08,17706,Rio de Janeiro,RJ
1ec13b690ac74804a3a88510ea148198,1210046f498a47c5a942a0148a0bfef6,42758,DF City,DF
b718bc616a314cd4bab97987e6807f95,080aaa2f5987468e8e8f2dddc01d4f77,89959,CE City,CE
68fc3067654d431d9bb5fc33e796d248,1124b00a19e54994a188ed101d672d5b,59377,Rio de Janeiro,RJ
0d7f2d279c2e43fc9062de82bf8d2df9,5b3ea74f3d974264bc1b5cd1e9360c24,95069,Rio de Janeiro,RJ
d054cf44094d4824a70aa0946871ab97,1ac312218779401f84804797a22bfedb,68832,Sao Paulo,SP
a582c95d19e0428fa19d88c2322e9eaa,91809ee7659f4b41b39b4fb5cddc114d,10100,CE City,CE
08ec60ea2f3c4cf4ba0dae772fb1bb7c,659cfe4c5f6c4fd69ef00ac41203e772,27283,Sao Paulo,SP
cad586c297ed4acd9ee8b381d9cd40da,cfb8197399c14541a69bf174b8b6296c,48488,Rio de Janeiro,RJ
2e57cfea3cff42b9bd6c63ab2c348d35,81324edeaef04f89937425925026f25a,41756,Sao Paulo,SP
6840ffef255c47538278fc4e08522657,b9e5b7bcbc28487a98aad4a1b1226f79,59208,Sao Paulo,SP
826d216fe3154225a9cfa4966b4a8265,ae1fee08b8a24e85bca1530120469147,51713,Sao Paulo,SP
188461e51be5478884ea0daebd20cfad,c684eb4478ab4823826cf47f5d937af2,27427,Porto Alegre,RS
6661b12109bc4d418abba4d09eb6eb8b,5c742787f4a54061b74f22140e2df366,50414,Belo Horizonte,MG
a52aef2cbae44fe3a335f55da26314ba,e980744fb0814a748b5855dfcb1aab45,15508,Belo Horizonte,MG
533136e3548946858b5e1e163430eda4,00247d4a92f7474199f0d9a474fb5e73,56128,Sao Paulo,SP
66f2506c0d7044b789dc407de4b3bf2d,1a0fed1e8ba841e095e8e8828647a0a3,56512,SC City,SC
c1b103947f394e7fb14234e67563c71a,418ad23e3ad1441894f434d988788389,39138,Sao Paulo,SP
8699a7773c3945d399e31abaafc6d37e,d84e6e0631d24448b26832ee83e755be,65694,Sao Paulo,SP
af23b93b97d1439bb78a91c680e6f2e8,ed12c0a2579a44a39d1e3418c9b2f5a6,43533,Belo Horizonte,MG
5c15b63b2b994634950d242ae06c57eb,6a44917ace7541d5bf26bc6cd167a98c,75697,PE City,PE
394b497ee03a47c587340ca57c369375,f7d7dad406d341d3af1443fac88d3b90,20375,Sao Paulo,SP
6d280c721e0e4a7aabe57db5afdd7e53,b3d85b18bf0d4c80af12adf29414573b,79833,Rio de Janeiro,RJ
e634d004b8154f5ca83b4f098ec43c54,efe443f3e1f24cd4b448cf319972d272,67621,Rio de Janeiro,RJ
a48f61c192d8445397d131a35ebe116d,14ec63182f2744cda1831db510e4a0c8,58131,BA City,BA
36764af0eb3b472583cfabd4c0a2b045,a8eb1f2e1a8441e9bc11552adfe00a1b,46488,Sao Paulo,SP
506a43a4a1c74e17bcd7f267ea82ad5e,b554efb40ad24ff59ccd495d63fd6ab4,99085,Rio de Janeiro,RJ
7deecaf7c271477e989969a7cab8ef69,4deae89647fa45b7a5c1f5af1fd35d0f,12132,Sao Paulo,SP
e588a792c1674039b71626792187856a,35798d13e86c4aefbcde70ad6e4706da,41859,Sao Paulo,SP
8b90aa8914a943b6958b611fb1222d27,d06898d57285431ab44da058bbfa5b78,62442,Sao Paulo,SP
f4daea84c0a04b339759d932fded8d33,e0e4852986b94e1ab8aed7414ac38b49,45648,CE City,CE
47e69fb807834be6ac6ab0417f17ddc8,149c2945ebc44f849258ac1b8be48669,76849,Sao Paulo,SP
6f00f4cb3f8946f0b2cc4ea36cde44cd,8015f972e14c45c8968f36e7c3b2abef,81668,PE City,PE
ff8bb7c06d2043ffaf455c8cd2cea5bf,496a2e41e4e8485cae75e49f3fb4c72f,29250,Sao Paulo,SP
8c385a20a2f247b3940ec40c6e20e687,1223e2a2b85b4d40b7dafc6d32341993,25578,PE City,PE
155648d7c324457b91150e7539ce6a6b,5f74500ba8164b57840d766756ec2e1d,56173,Belo Horizonte,MG
339ded0c7b724783b5cc9d359a30cfc1,9ff14c02a13e476db2956f5b693c7342,84705,Sao Paulo,SP
0cca144913914163aab0c97f8391ebe9,603909e288884227b0d3fd185f1b5f98,69214,Belo Horizonte,MG
7d402123366a44f2a1e7dffe0f2b1cfd,c7975f34348142bcbe7f12ee33b0d4ae,75327,Sao Paulo,SP
2e666f268bd64b779bfd67681ca45bd4,732e6c5e20c14b3aaa8e1dc952865e48,42606,Sao Paulo,SP
f57207d223dc47d0b6aac7f6a6beba76,974526f4089c4b3db78cbe5d945209cd,77865,Rio de Janeiro,RJ
26f659019b2c4276bcdfb3cf72c8f720,1fafdc3d29464a26be2e2bb826d66620,58423,Rio de Janeiro,RJ
934b3767d7fe4b23acb60446b68498e6,b3158d361c4145d4a83d2d4c792b3fc9,46234,Belo Horizonte,MG
96a19f8ce45645db9e603b4aa0aea66f,b100ad6a373d4099a5241ccc97ab9fab,62437,Curitiba,PR
48fdcac2f9bd44c0b1ef9821b0d46f81,bdf501ba654343838693e9f3c72c84fc,63885,Sao Paulo,SP
e5104762da6f4d3b92a7317c7695a630,8331cdb0b8144918856ecb2f56a4081d,29958,PE City,PE
e44fe0cc487041e7b0e424f66519e605,97ecb309a15e4d459e60611ad51633ec,35897,PE City,PE
ee6ccff1b810433ca2eec28ed5f3a1ce,e004f60cd6a84781856f5fa688376376,26668,Sao Paulo,SP
6bf9b77e145f41bf9b4b4550c4a3a9e5,69a5d1a8d7be469facad737f49271e5c,40254,Sao Paulo,SP
bac28fbf315d4a1cb4fe98af1fa2c1b7,4e8e6e79409744388b28562d16c81f1d,66084,Rio de Janeiro,RJ
bfab3934163a4e6dbef3878c8122b49b,48c0a013014e44bfa2cbdcc09acd0410,15038,Belo Horizonte,MG
55dbbb51f8b04808bcfe7e8169126341,9bc1ac20e6ff46d7a68af7a5c23deade,59959,Sao Paulo,SP
425acab5bcb74c9f8550fa873a29f2d1,56216c2636b5478b82dc0d9dd6ed40f7,62852,Sao Paulo,SP
b53062cfcf9b4852a635eee72501a55c,d7fc3a5dfefb43b99cc8046522b8215b,70764,Belo Horizonte,MG
d8e73684e7d948bb919e1d9608e6fd6a,dbea659169a34ec1940d2af371171a8f,89209,Belo Horizonte,MG
8e9c80df34134eeb8cf6765bca1e51d1,827efb7361f946f4bb33e51a0850c544,91910,Sao Paulo,SP
f54c421487ae44cf9883d31efcb08ec8,7f8f3ca571f1437fbde39d8e5ca608d5,79329,BA City,BA
6c9297f5eeb9436a9891557f909c41f2,bf57596173734423ae106ddff62f0b74,63444,Belo Horizonte,MG
fc21f098dd6f431b9bd06c477a85b66c,f2eec0917c2346d2a74fc6b2d4a112e5,47185,Sao Paulo,SP
ddf8baddaef2488bb4b226e709849fec,2b840c66bb9447138e736a1fbb8cb090,86717,Porto Alegre,RS
976d449c7fb949478d198fc84499444d,5a11c8979c3f4a5490fa311bcc099566,19658,Sao Paulo,SP
38eb3cdef38f4841ae94d8763ae6e724,82ef611eb6894be1982fc4ea42051544,26953,Rio de Janeiro,RJ
666d97768b99413aa64edee32399ee70,b1383c413a62435fa4ec424447ed8ee7,58867,Sao Paulo,SP
1061043022424bac91786ba74b459e39,3307c580ea88444f9178ed0c1dbbca67,86215,Sao Paulo,SP
4c11918cc3cd44f8807b041b87513489,b6f9db08204648568554d88453327015,50686,Sao Paulo,SP
7b55eae6a13945fbaf228fe746557e0a,878bbdfd1c5b4fe7a15a168b774f28af,84310,Sao Paulo,SP
e8c16e268e3c40cf851da526bef99530,fa05c78ffd2f4d138bcca54e58433945,73517,Belo Horizonte,MG
6c8305632d14417d83716556d230d964,1ac58710e9b749658e51cb3266651b01,97369,Belo Horizonte,MG
6000198b2be742328b7d365d068ae812,afb5ac1ba0ed4a56927e4033c46d3506,32830,Sao Paulo,SP
f31060ffe6bf4bddb3f71550b229a25f,c8c4b0d412d340f48cbdfb78d16d6154,27680,Sao Paulo,SP
cb20a00a18f84a5ba5f5ab26a0ae85c4,4d07231978374b2d806c73dc0784c37e,16618,Curitiba,PR
dd906cf9e3fb4843b71368750a151a5d,aa4bf99be254478aba4969599d0ff7e5,43629,Sao Paulo,SP
f00d2dd12ec24be38a559998b9e39126,408239953b4d4074bec744c11dc33035,34378,Sao Paulo,SP
52f54728299444468566f847b60b01f4,74313adb27364b1584853952490ff89a,89276,Rio de Janeiro,RJ
9ef9adbcdb9940d282b66040cec69f3f,2210df450cde4b6cba4417dfb39c4d00,78738,SC City,SC
fcbf708ff9154b3e8d1d75765a0e658a,0d8b4cb557a74b3493797bd422ad17e4,60718,SC City,SC
0203f2fdff4d44e78a3a7ec631df76c0,6787bd4fe78c4ad6927b7496d9db16e0,34185,Porto Alegre,RS
9bb7b063e0dd45ca895554816dec6764,19391c2a7ed44531b632d2551a4b0f17,31729,Sao Paulo,SP
7924e8f668284ad08312a64369594de4,20a8e011ae6b45ee92f0e0c316b55a86,63835,Porto Alegre,RS
1fb26171bf7440f09b74afa079ba52ed,d7e5837ffcd64924ba33f27650bc17cf,83882,Sao Paulo,SP
2a529e758f144681933b9fb5cc5b45b4,58982c3cda6c49ac996544c52870da69,91249,Sao Paulo,SP
3229bd72e9ac4c4b9374881487a0d7da,99425774aa4b4db5a249c529448307f5,26883,Rio de Janeiro,RJ
0cb34c8dbb71475eb6ab3f67b90841e4,af4ecae592ec4b1da92745abb1daf9c6,11452,Belo Horizonte,MG
3c4846e79ab149aca9121db38e38eae2,5b9ec98a8e5747fe84366a178570c7c1,60309,Sao Paulo,SP
ead6a80e2f7c423bb1776cda345cc7de,7fd49102e9374a16a7cda2024916436a,64650,Sao Paulo,SP
f928006387df4ed3bc696dac65fb6353,860e966f10f646c7ac6e88a0a560ee0b,62186,Curitiba,PR
578f633cc00948de913ddeed31ac0ae9,13bab86af02e4cd39d87075c102785db,19525,SC City,SC
8523bc5ec8f24816a7387f5df5571f78,cf90022bec3f44dc9c465fbc4489bf4c,69468,Belo Horizonte,MG
cb63c7ce23854e5d87897fc0c61a12e3,1a86e2d7d2174d5c9e544f2b23796d35,84605,Rio de Janeiro,RJ
d154946e1e3640fb8452214360b20646,0aa3b33ad3e74c1e890642546dda670c,86468,SC City,SC
b1bdaff6354b40e88758a74bfa5102f8,1141092f3c214e5c8d01e632bef7176a,63501,Porto Alegre,RS
e288f37c4dc3455eb3ba3fc0de2074cd,ef68c6460e3444bc83f9c76c4a406c43,33189,Belo Horizonte,MG
832cd74329704d58a08990c8d8c3c9d0,c902642556c44d0a9b3e03d34f9f3b48,34791,Sao Paulo,SP
90fcd38fd5de458a924cf450a46e0e27,fedb66d7fda647098cc615f8a4225c80,55187,Sao Paulo,SP
8549753e29564a989c27f8daa5066238,c0a7e4a381904fcf9e90c1fe278dd355,59408,Sao Paulo,SP
d5b3f5e36a9148808c0401a0958c8bd8,d74e165b6e8a476b902199923d592a50,89989,Sao Paulo,SP
c8bf7a966f144674abadddf92c0234f5,102effcf4c784e47b6991102fbfa7fc3,87333,Sao Paulo,SP
71b04278a4ad462ba203cd780bb703ef,23b5168da7b64eb492f7ce7ce3efe591,88750,Rio de Janeiro,RJ
9acb48d397f8433d960466866c5e4380,ff985b7333434966a41d15b83b09afe1,96154,Sao Paulo,SP
bc75fceecb1e46a786dbe1c8c8926ab0,362afadc05da42198a84d342364eb48c,30227,Curitiba,PR
0ee0d11fd13c4df0b457c3235a4d5816,37f4839661d543c9b86830464d36037c,87068,Sao Paulo,SP
d8001440eb184dac822bf82a7766357c,d04f9b7dbba4468ba2fab1520da1976c,89062,Rio de Janeiro,RJ
2011c08d684a40aea896542a8fa3bc77,94b1a5b3330b44559cab3dbacb036899,81848,Porto Alegre,RS
47333be40f2b4d52b91ed0128b5e1576,166d6c71fea54108b16fe242493f9449,42499,Rio de Janeiro,RJ
7d7130d105ca423aa53153326bc3fd50,0a795e0d72814bdf9388804d1b32223d,38224,Sao Paulo,SP
49bb71b8ec9c44549d7dc47f31684abc,b89c3e706db54ca5a4094bce4017c291,52023,Rio de Janeiro,RJ
4721a8e10fc84946a52c1e3c7f250adf,c13ab28848ef444faf1231a1fb58b0fd,82462,SC City,SC
0835c14e5bbf40188f998daf223201f5,34153e2ab5a046f08a8d65353ad46bb9,72581,CE City,CE
cfbecbb0da4341d7977089ec01c90834,7d89c98705f14f07b0ec198e4a2d4f65,62404,Belo Horizonte,MG
28362274b6974fbeb2a0d1ae2a8cad42,01edb0c36e134afabaff81c9a0ba1da1,82873,Curitiba,PR
738ccbb3a760438a98b0ff63c1b7d0d8,fa143ac41a36424f92bdee54080de097,77471,Sao Paulo,SP
36e4e3ac10dd4623913d5d0ec4cd47cb,3b8c85160b69495fa5c1e2d8e9009173,70816,BA City,BA
222d58d487d74f42ac0afad0d1668316,96293c46dcf44dddbca122c0b1832dad,74937,DF City,DF
8d1b9f02a753443a8fdbe617cd5ebc9a,26df79347fc548c9a7b3d14418c541dd,69105,Belo Horizonte,MG
c517167623b346a0b986200781deb05e,bc889e0e956e4c389d1c86f254207c18,90073,Curitiba,PR
a33389b349a94c7f9c2d76da76aea8eb,f0a8be9aa495463e86f2167a2b967dd6,34548,Rio de Janeiro,RJ
a71e185597514dc88e4f7421ebe34a4a,7dedc9afd65442088a917335622ee171,58780,Sao Paulo,SP
9dad2977ddc8406ba20f247e3107f899,a34f73a9cf4f49c796f0e329f98d4777,66862,SC City,SC
51a614d0473c4ef5aa0ed4e251d36699,31c81409f0874c3c9507979f8c5f68fa,11619,Belo Horizonte,MG
2e95f26c80194d078a04a30ed469765f,f7feb3be33cb4875b5f1b4dc940d92cc,49466,Belo Horizonte,MG
68a073104b464643834eda8ff5d2bcf0,ff941b5827bc4819a28499689831ba6b,25914,Belo Horizonte,MG
8ed33dd8cb8a4b49997160973bc863a3,b59bedb3f3484bdfbb0ba17285d04d11,42382,SC City,SC
0a1752525bf2427089f3bb210271dab4,8b15fd8d06334175864ead63842273a4,43398,Porto Alegre,RS
5eb7a57747544c258b380268d48c54f3,338a0d4855a447e083ed06b8ec33a932,78837,Sao Paulo,SP
068c27661b014e389082f0455054140a,fad733ae08224dd7a117cc58f5e3f945,32631,Rio de Janeiro,RJ
d9abd63ee3f54bdfb5b9e88b30688f01,910e6310e71f4fa3ac723d4791ffe23f,16403,CE City,CE
9e7a0cf947cd420dba2ae66d3770fa60,5f34c1dcee634c69a19a91a8a3cfbbe4,78584,Rio de Janeiro,RJ
0f7e37e6d50641d1ab661b7d5d928af1,8e0a20dd474f45459db989b9fa264df9,42960,PE City,PE
8b53e2f7c21243dd936820bac18c9483,7296a6a9e959414b93343b792c3af7bf,89692,SC City,SC
d35e04cbc6634b109cf84dd3b290a9e8,828bad65bc9b4a1c918cc9c687b3c7ae,42377,Belo Horizonte,MG
1934a60b569349799ad03258d3c8b2d9,b9c7a5dda75b464890cc0a43ae440588,22536,Sao Paulo,SP
001c429a52c5483e810893f242f45a86,b1604e9bec2a41b4996a3023377c0177,52909,Sao Paulo,SP
208d12f58c0e4c18ac679e8d6af37e02,0d577ad28df747c8ba0154faebe9c96f,36233,Belo Horizonte,MG
9854852c929c45369ee07c0b6715f0c8,a7059e9a6edf4161a5043acbb9856d54,89052,Rio de Janeiro,RJ
8c4fb48e13a34d78a68a6587a1166d25,d7bd1835ee80490e8ec9b1bb011c84e0,79190,Curitiba,PR
15cd124ba82145ef83b8085d779e8a63,ab838f8141cf421da2349372299150da,34851,Curitiba,PR
6caeffef0ebf42cb936dc26b21567686,e5e73a557f3f47cdaaed381f7ca539cc,88576,Sao Paulo,SP
66ba2d2093cc4da8ae7ec0009fbcde4f,e5a8e0d26d0247a69e2058af78df929f,21093,Porto Alegre,RS
3ad1a51376b74c6683d0d47c53a8168d,189b3f327f5747c39e8d20d17a82e7ba,30284,Rio de Janeiro,RJ
53fb4ff9cca042f7893fdc485b7d761c,b94534fc7faf4af0a9714da281030406,26522,Sao Paulo,SP
f0e5f5dc1bd9452490e1379ea49badbd,30f47eb333414647a15fd96f4028fd9f,62750,Sao Paulo,SP
d1c81e50b0a846069fc9ea380d1b597e,5a18cf1140b64386bfda1dfd489f2a9e,11290,BA City,BA
2e7475ad72f84ef9aa47c7061af51bea,6194add02a84453abf004c5faffae22f,13844,Sao Paulo,SP
9426919e6f7e460285bd5a1360c05894,de9717bb5232474e9edf8f16a7b155b4,10579,Sao Paulo,SP
af8ab45a94ee4594bafce1b5d9b56882,66bca5a54e6f411cb2d5ec8b22cefca7,18716,Sao Paulo,SP
48c502dc5775491e95f6307a7a574ea5,2b1876ad32e6424097699cd4ccc24a49,47957,Sao Paulo,SP
4517cb92987a4b01b0a92424e5378de7,7a8aec7ab4054f5c9691142d3eb9fb11,48992,Rio de Janeiro,RJ
11ca5eddbb7845c591824744d8301c85,a5324a986d83475b88d424e7d0f8f858,16510,Sao Paulo,SP
5f3e82f27a0e424f8b5542eac2d9ab41,9ae03c155ae24fe8a9e9200d40c1fff5,95507,SC City,SC
5c6f6dcf0237485a9629fa8ef368f5ad,153a0d49c39e49cb82d00830f37363c2,96274,Sao Paulo,SP
0970cfdbbee141788676c2ead65cf533,6b416d24e56e4f0795e592246f94e835,71133,Belo Horizonte,MG
f254ecd07de7488581a0e82e8531727d,760c0c370108479fb3a9b5a17f730621,62284,Sao Paulo,SP
7f8043d96ed5437ba983d6dcb469b41f,14542ee6c2344ae788611490597e5d96,29240,CE City,CE
3ad2591533ff4066ab6754ca5f735d10,913ef7d658d4433ba90a10417fc9b50e,90863,Rio de Janeiro,RJ
4a82d3e4611b4001b5951eaaa6dbf2dd,1048dc329b5f40dc94640cb98d573bf7,18826,SC City,SC
861c4a3c1a954714930239062dfed0c3,bba2ff1d1ad6418db3a9c770f9106099,49971,Curitiba,PR
c784b801464a4d25b6c77c94cfa489ea,3628bae33e794a8bba2f3b96059bfdfc,95467,Porto Alegre,RS
9e4235cac09642dc8cc2fa1b109d2cd6,b99810cbbc9944bf9b603ac4aa3681cd,96682,SC City,SC
38f0fa68c233416886e71f6c91890d8b,7a9421693dd647919e6f2d9f8110c4fa,39730,Sao Paulo,SP
bcac9595d5ad4fe0921c7fc679d76e3a,a5489c6a87f04c6aad929a9da0d442fb,14424,Belo Horizonte,MG
99c31d55a25c46b5a20d11f036727a71,3c4c0c7a33bd482b879b1aa024e5453c,47256,Sao Paulo,SP
2684594e356644a39fc317f51b7c7ab9,0005ec175a1647fab8593b4e095812f0,83927,Curitiba,PR
9cae0a28658f4ecfa1a77e76b0a06310,b3b530d9d0cb43148695dda197e2df5d,19269,DF City,DF
70e6a169708145d4b66a4a3e90ce24d1,7f2b96fb86244a52b4e9d1404fb90ea3,38537,PE City,PE
d5677fa1ebc447aba3e97d23a9898d76,2cc039d967604b20b833164b8ee69900,49389,Sao Paulo,SP
63dc8c9be93e4b9dbe026869aa0ff9df,21d92236a27a409f8ef91beea6d24bef,25493,Sao Paulo,SP
63ef062af6a543cb9ee6cbe55a02a198,14c9f02d43d447348fb931e9e154fa36,12186,Sao Paulo,SP
d0e79f4e28be4fe8b5cc66034da2ece5,037c8e132f794dd184ee707a015b33d9,36755,Sao Paulo,SP
c824e501408e4d1fa4b9636fb9dfec4f,dc2cba096c804b1f949638ba1a197e95,77709,Sao Paulo,SP
0d1028ef519f4c86912cca1a8bb95d7e,878a1a714a174c1e952782ecafd2c02d,85354,Sao Paulo,SP
017a8d6ec4f9448eab633602e226a3c4,b13ff0fa438c461db8dec77c141e7a66,74973,CE City,CE
d1219d32ce3e4bd3ab4dede457bcee5c,f0f6a9c3e57443779f9f2ac6b4b4d2eb,52126,Belo Horizonte,MG
8924c11b56124e269c52282ea8e65349,cecb252523c14b69b5e83fc1f8e4f467,29963,Belo Horizonte,MG
c4819811725948dd9ff49cff65f30d39,ee112bcb37974d34884bf2f73701ed0c,93305,Rio de Janeiro,RJ
2f9a3a8c582e47e2939dfc4c839cd9e6,ebfea20df6ee458282150e66072413ad,81246,Belo Horizonte,MG
e7b5f5a0c28c4a7e814998c8243dca73,a7e52bb81c6e4d9081f0fbfdaefe9c81,71613,DF City,DF
5f73b36988314a93b12e4052e807c6e8,126bd242ee5242efb9105c47b1c02f98,27353,Belo Horizonte,MG
39eb4d9f678b4bf184dca99ec6092147,47f8d86184264307bd6c7459a1af22b4,14347,Sao Paulo,SP
5a9b0d01ac4c48cb975689d2b19c9b83,8c67042ca00f4364893ed858f8d64237,87520,Rio de Janeiro,RJ
bab4043e4732451ba3a528ea64c4acf7,e3c10ca79d4d4434a918fd282ff1f7f7,90333,CE City,CE
06c3bafb0e614a90b30250adf8e5b525,48b5891f9f8541d69c39aebf150d6009,80798,Sao Paulo,SP
2890b706f47442d88e1fd4f55eae332a,aa48eaf968a14e5691f1e0d29be30bca,66987,Belo Horizonte,MG
d3f5e2d019a14f238a10cc00d71defee,f3250e90b0f4474e905fc1540413661d,94466,Sao Paulo,SP
15d36f5d92694dcd8a903ca369c7882a,d0886bfc526743c28d887a5030b43e92,52890,Sao Paulo,SP
4eaecc6e3285442082ffa3ecdb77eb7b,561980cd0bb240c88a7ef8d791d47179,97996,BA City,BA
903bddb79dd9415b95aa7abb34ee4323,156613a4f0344399911fdc5337e46247,60298,Sao Paulo,SP
253ddd9c517a41a0b9c12f124b3c0111,36e329813db84892a63caeaa9e3a166b,48944,Sao Paulo,SP
0be7b9a276264f3ea1bff829b8acdb28,d34c62aedea94760bf8c831bf78aa549,30941,Sao Paulo,SP
cf1749d1fb284f0f9337975acb3226d0,382e9e3ecd5b4077bff9ca8b63faa374,97441,DF City,DF
addc1712ce7c4802b931024a45cc9e68,1b2eb32b452b4408aad512f3384fbab4,27751,Sao Paulo,SP
4880c22921564a79b215668476409340,2475434a7ddc41f6a94bc8ec392b0f54,48908,SC City,SC
a4fba58acf314638a94997da728b0e40,08386978eacb41b9b3a580a8478807e9,11488,Sao Paulo,SP
753076082b5d4434b90d7ee45b0dd6a5,b3cef1148db84e83a50fbe0f41c65fac,53189,SC City,SC
3a82ed74257e4b95b99cdef09f313f5c,c9ee08af1e8340bc9251357b3a5bff1a,91406,CE City,CE
dba633eedf5c41b99ec01aa6660f70a0,2e0007978a51454bace34472cbdfbfe3,95061,Sao Paulo,SP
92bbf3e2c21447f3ae577c6a8b8c9bbb,7399c925cf3e48d1b91c2cf8079b5472,29835,Sao Paulo,SP
8f491751a14b4d64878334e8cf02a1ca,048616d35640411eb2aac241cfb49325,17289,Sao Paulo,SP
dec79513232d42c59d48b757b5ef8ccf,579af82840284d9cbaddebc3a6ff2019,77972,Curitiba,PR
0ea85b0776c3467ba035d2272306df4a,270ed717bcdb49b0a1c343ec6e11d280,33940,Sao Paulo,SP
9780b630fc204c3d9c3865e000f3302f,78131f29616d4252a24f67d8c7e68dc0,40609,Sao Paulo,SP
71cd336f12f547bc98daccfbd428e969,a156f46cffd643fd85e9911507b13976,54149,Sao Paulo,SP
eee565dc93344a8ca4d6887584535b58,2f4b6f05dffc4486aa0e3af52af6510f,40425,Sao Paulo,SP
d66f01bcd89f4d32b1679d5987096447,a47050e41db2418eb401520f813fdbbf,14060,Sao Paulo,SP
c4b3428463d24826be1c87aa609e1d22,bd9b1aa7787549a690ce0dfc0c60d0d0,84740,SC City,SC
8ec277a6834146c7868d35ca68ce1d92,b4629525a0974877bf8a3c256fc608ab,73501,BA City,BA
f5bd32e7b063431b9cfcd96a9256b10b,b5c5c4b6d7af401fa70cbefc6b3966b9,65918,Sao Paulo,SP
9ded7d39f49e49c3b68076b90d0ec9d9,57f2750b93304bd3b9e9b50c1ed61243,66112,Belo Horizonte,MG
b8bef2a91a4941e78bd3364521d524fb,8f93a6a2270c4161acf10f8ad139bb61,89774,Belo Horizonte,MG
07198c343e214547bdc2dfb1f2e4ff8e,98d86539dd1442118c54e1d7470977a0,23409,Porto Alegre,RS
50c21c63602941b0b350c5e5d7bf322c,822262bb8d8a45278852c89ca28171b1,91577,Rio de Janeiro,RJ
75dfc9fba9d14084a8293e74323e18c3,7b7e106f01674cfa8ae6befdec3819ce,44212,Rio de Janeiro,RJ
205e6e9b740248ad83919e9d117d6620,5c7353c5287e4b8ea5357df540d2c111,83229,Belo Horizonte,MG
b2f39fefce7347fcbe9535900f88053d,5269b6f869574d46aa4f0309b3d3aeb1,91322,Porto Alegre,RS
c6811301ee2f4cfa91d01d9bcc2b88fe,c2bb09bc318045fbbb86f90087424910,62517,Sao Paulo,SP
1e2e42c5e7aa4bbd9be7cce16f3b8724,8db6f95bb1b44f9bb10184f63027d263,26397,Sao Paulo,SP
876673a9f9124c3d9aa48584f55a304a,52143ab2340f44c788a15b42444daf03,84499,Sao Paulo,SP
4627cf5d532e4b9ba6011d58ea43242d,f4daf07d3e5f4762b4ac50f6c6068f86,81460,Rio de Janeiro,RJ
3038255bc68945709e69f2636c87e47b,50d707183da14eb6b6e8f21a36f387ce,14450,Sao Paulo,SP
d9d899e8c76b4716a6ae39e4dd72f43a,469f8d745b094b6fbb93fe66e624bbbe,95070,Rio de Janeiro,RJ
a36c66ba246b47aaa1551c5f8edf03b2,f4e31293ea7040389ab23dce89447eb3,58499,Sao Paulo,SP
ef65625f075f4ab299288029b3384328,442e7d21371245a99a3226af7288b93f,62730,SC City,SC
8a3c288cd4bd440ca92aa382cf89993a,04e09d4a2a2c446b9eb7ae0b020775d7,79985,Sao Paulo,SP
e8cabc862e374db2958c8cd499f96355,815a535f40574656b6d2629a63560238,27263,Belo Horizonte,MG
da6a8e266d664edfb68c3af1f1bb74fc,35b9e018605e46a59a2247915c3a2d4b,10565,Belo Horizonte,MG
7aecb8ffc3fb4d6db43cd02b9906d198,1a6ddac98bb24884a8b8d4c17bff9571,21164,Sao Paulo,SP
37012ac2e0a744928bcce38db0f46674,904d37487c75478080473243df841981,72109,Rio de Janeiro,RJ
46bdc882cb534dacab847000f85770cc,779ebabec9f7473b87424228d52fc1fe,96360,Curitiba,PR
43e9cf34712047519672d9cba8458974,38625ab5c9004fdab05ca39a200171c6,57775,Sao Paulo,SP
9eb27a80a94a4db5b4774642694a88b7,5beee40b57c1462e8b30499f1def9e98,42244,BA City,BA
c177c5a019504d8193daac299891d4d4,6e78b33c13e84796a45192466ff26d5b,92306,BA City,BA
826bc703ada34f0aaa7de516a6857aff,ee99c6430b034b66a6af8da595ac0c2e,10364,Belo Horizonte,MG
06c41199a08f406c87401fc97263d366,856040cd30214a8fb454588cf41063f5,68794,Curitiba,PR
f27c2b607a154c17b6b60867c10eb8ed,4ad15468824c4fc6a27f2eb75cb34f2f,90699,Belo Horizonte,MG
4a42f156078b4a2ab79b0c174a11530b,e1e20d1a0fe0425abea4e5d525eb47fc,63541,Rio de Janeiro,RJ
2ffb12c036f9480fb7228600573ba975,7f17a6229a624de6808d24395be95d39,63613,DF City,DF
c136034f1a024233994d11dd0c5ebc94,0f14ec445d3740a6a603baed9957afa3,23173,Sao Paulo,SP
eaab3724c0cd481d8f71af4aa3dc388c,c25cd0c6c83b4bcf90ab240df44a9ba7,78969,Sao Paulo,SP
7fc67825602e482581d539d96f0808db,d7d479db187e4d8e85f267065b1b2a8f,66441,Sao Paulo,SP
5a7dc391624849d2b0339c9672daadb6,9fdbb75d964240e0b18ac2796291b8be,84956,Belo Horizonte,MG
4de57ba33be24f95808402e7fc779873,f9a3c385fd3f4c358595be3a2f7e6d24,53673,Sao Paulo,SP
9cd7eeefe0734de9aecf3ecc1f7bd7a5,a9bd5729f11242a09c3f3c3f1705366d,72952,PE City,PE
d8463dcab8b64194a7fb2291dec6c353,0bf964d3f7a64dd087035bf97cd9b7af,30045,Sao Paulo,SP
269403495d314ed0a0a6555d2e44c699,fbff0c8609bf4c5e824b330e0d1e6ba9,95411,SC City,SC
e499555ebf564f4498c40e65411af2ed,d53d38e2a02a41c4b7688a38a4bd7ea5,94142,Sao Paulo,SP
6c27265eb120412ea40dc700a8599ff2,3ae2ce98f4ad427aaf532adcbc08e38b,48060,Sao Paulo,SP
809ac0da27884c728a7d54ba29f0e474,ee804c563e9343b28f7b787bf248cbd1,10881,Sao Paulo,SP
c51275dcc17b4942a780545d8210cbb9,bfdd165daef243a2af6cd5a3e09b830d,50582,Sao Paulo,SP
f26f078b554f4c6dac51a414c8ee0627,4393c25726e046c4bc85f82709288579,42493,Rio de Janeiro,RJ
b2f91419ddc24d358c02b1febae70a16,7e67939e3e51425bb074d02f6d998cee,50285,DF City,DF
71cd68cd3f8e4dc093b16fe94b041695,ca2490769f0e4fbb873a5de5fa3efcf4,74323,Sao Paulo,SP
b7743ea7f44448f2ad097ba82cd83a2e,2b19fb10ef964b5686c71df4c4e4fa87,43767,Belo Horizonte,MG
e0f21096010846bfbe97a7229aa6aff5,bae26f0522c8449c88f04182862b830e,25796,Rio de Janeiro,RJ
70c489918040418d9a36fe74d9b84a02,427e2c644cc64305b93fe295b32bdbf5,31412,Sao Paulo,SP
83a48f7aa2a24c39aaca5521862c2a89,c799610ff03241b7802fc16a93effc3e,51679,Rio de Janeiro,RJ
6feed94b4fe24b6f92e845a5bdf39387,c11c40db9e434edd93126bbd0ab90b2a,39561,Sao Paulo,SP
3156e24d3f554bc88f80e45f8910d394,b906b816d3ee4557a7ca4c22f67a5181,19508,BA City,BA
23945044423146b58bc19061a3ffc157,cc5e521c9309472092f4a8f5f36297d3,96068,Curitiba,PR
89b43ad392704418bd0cd64144f04ce9,3f43307a6a744cd6a03ed9e25ab04ea0,35450,Sao Paulo,SP
18e70a1cc20a4824b70657bdb20bc008,9a93ae14b025418b8bcdb7c39e062e80,73197,Belo Horizonte,MG
93a6c8f2943c482c8d8226b1e27c1e83,5c87b26efcb94b3e95f7a04e5d8de3ad,96569,Sao Paulo,SP
bef9e91ab8084d0d800a551a71d05fae,a4dc6e3fc98b41dfb6b27900853d0efe,91090,Porto Alegre,RS
cd65893c4b284543aa54d93f5bdedee2,6a95a4794e384c07afe52a6315796bd6,51385,SC City,SC
0641ae4561e8461fbaa99e05f560580f,33ac590bddd34cdf81074006f6fa3f6c,63045,SC City,SC
c81b1837b3974b1a94386992398846d8,790d085ec7844b65b72365a6c6a633b0,22705,Sao Paulo,SP
dcc4bbec92f64bddaa6fecd4a8d61e20,ed835307e3de4a13acff27c102c8ae1b,11668,Sao Paulo,SP
de7c8a2b6bf84b00875abfb4c5e1a73a,0c94afa218ba426bae6fbc46fd63943d,16793,Rio de Janeiro,RJ
0d7a95c3e8e04c11b0ca00b5f84cc45a,af450ec3e0e946c1b2808646b80430ef,75038,DF City,DF
efd9ba1898d64355a53ad6d710de5fec,3f1851ac4cbe43f38c0ea49274426e32,74250,PE City,PE
bd4069bf73ae4987a580df726e79a701,fae7365346944a9a851ded4605e5681d,74994,Sao Paulo,SP
74a738c8c69549d79b4304d2f578b9b0,f538273fbb384c8992aca2667d51d777,35749,Curitiba,PR
3d2359e58c2c42d58be5ff58ffb6837e,8e844d3994f9470d91eaf38ad6c79f8b,94195,PE City,PE
4f2114a53fad43268e96473723692fa0,68a1e121c6f44f1f97f37a3b09978a59,32224,Sao Paulo,SP
2a795087757740ceb53c8aef4e64c2a8,67b65eccda9b41019c05609e7c582a13,19604,SC City,SC
67fd9b8519d44995a6f37ae05e0482df,b06b86e4a80c44a7b350aafb048cf911,75054,Sao Paulo,SP
f614544dff354dc5bd34884bd20d20c3,a053edc4327a4640b6b8ada4b4b3e341,55824,Sao Paulo,SP
f84ef1c31cbe421d8c0d9167a9a06d8a,fea85a2b773b4af497df6136d6f3e210,18140,Sao Paulo,SP
d4d4754880b046f7af6c5651e7ce3af4,01581a15dc824a91a0444d2c3eea3bfc,39590,Rio de Janeiro,RJ
6e074879c2d848dfb3aaeeca431a6ab8,34e7cd88850c4611ae3ab199823b2956,64924,SC City,SC
a6d11e51fb1a45b79189b47fe8852c34,eda10e3b58b34216a0eab0baf48f977b,21293,Rio de Janeiro,RJ
4a739ec4f225405ab7621b7f9d065e33,e19f5a2a76b94e3b9bbbc50ad5416909,85444,Sao Paulo,SP
aa5ca792fb04453f8df327e07c16d808,9fd4b88ffbd34bad8c643cec37142e51,96932,Sao Paulo,SP
f582edcc210945f09f7e3d39aa5c2527,c9d2c282b0094e9aa2886d35c14250c1,33506,Belo Horizonte,MG
3f5c0ea35401434aa44760d78c517e31,1c275300bf3f4e7cbca425ce6552fda0,15896,Belo Horizonte,MG
8a066ca8635544ed82513f31b59cd027,e898d167c95646c0bda64c7b0afab87b,29216,Belo Horizonte,MG
5ab14371688049dfa2b0f836333a8502,cc3ff22bc60c46d3a64ec941bed0dcc3,53715,Sao Paulo,SP
7accf3669d404e6cab5c8d8906dea0ff,4d3fefbaa36e4c52897ff3973b85025a,91528,Curitiba,PR
1c0cb7dab0a7421ab2a93eefc4ecef9b,90f5bbc700b74c89bcfb2632dc80cbff,86523,PE City,PE
afa3e850856543158b6fb80c8031553c,568f85a071bb4c3fb8f3ea189564f125,88331,Rio de Janeiro,RJ
201b57efbf0047948b33bd5e01bea87c,4537b5b18b98415682646761e285176a,19303,Porto Alegre,RS
6bede962538c4564aedf8d385e0ae1de,d94cebc609fc4347afe2a745398e85d1,87435,PE City,PE
8e0ac903da8a4c119b29317bde789d52,9853306f0b4542bf8977932c462b82c3,35988,Belo Horizonte,MG
2c9994f37e3e4ae9a6d2aa366056aa66,a044f1e1df514d6a8525fe590f32aa06,77585,Belo Horizonte,MG
532e474100b04266964801cc66d4120c,44be3161b0784e3886d4aac9428c07ea,73475,Porto Alegre,RS
913a3daed3cd4849b6820f36d45e3d82,15a5e9eb00a1452cbb3cdec6015b43e2,35346,Sao Paulo,SP
68424aa6aeb8441fb55b08c66e888930,8d25eeb787c94120980c185cd6e2e23a,37520,Belo Horizonte,MG
76b507848e394d5e903bd89a363d8c0e,a8b7173d0db9424ca1b188722326dc02,70243,SC City,SC
f4edb2405648419484b2f75d9d3ae9b6,52b8c0b7bbc743d984274deed4d3f213,15284,Sao Paulo,SP
9ca037f743b74b10a6b2df60e57fbd30,a450e315e2fc41808735a19bed8c484c,34887,BA City,BA
8767e32c4e4746f59f50be27b2df2108,d2a8e8f5c1dd4f0c8c9546ab2709a727,49094,Belo Horizonte,MG
97c694e137b24a8d8000a1cf3fcab4c3,d8a29577f8bf468895ebe44a52a038d3,34097,Rio de Janeiro,RJ
6823c8bfc59843019712a68b00f96d77,52db2e9b40de4334bfc34a4474d95ba8,48525,Belo Horizonte,MG
ac186d98bc1043f299c4f6f7afc987e3,bfb8b5823fd241fab2cca78f073058ce,50699,Sao Paulo,SP
93c8805857e045a9ab4ffdc07f778205,fb646bf5c97045de87917cd4d2bfa9b4,46052,SC City,SC
c3ed838c1e8a4b4aafdeea00b363a00a,af2b8bf9f9c740b6b42190931568704f,68792,Rio de Janeiro,RJ
bf4107e51aa9433c8823892933af1a07,a71fc6c3491444ce80952ebf901a2a3a,47566,PE City,PE
be8d737f1d6d4b5fb475c6dcd5f8aa92,591b0b3104fc45d09b8ca2444c38fc2c,82083,Rio de Janeiro,RJ
7aaeed0deb2248eab52afb20e587fff5,3881107de15747ecacfffa87b3231982,89814,Belo Horizonte,MG
a6d717b28bac4354aad0ac6b06b4bea9,73721e7cebef4a4892b45df67b650ab0,10011,CE City,CE
eafc85ce56d24fb58c96171029fc1c67,458fd3f094a6433b9a87f18eb823a845,45511,Sao Paulo,SP
ce3338838e394536bee367a7d41cb929,7b308cc3ba8f451fadb59138b6e2d204,74668,Porto Alegre,RS
c083c14e696541d8a56f0e4d5b9aeefc,4661960fdc1849a8816536ea90153245,66525,Sao Paulo,SP
1617f22cb5be45f5a16144af9b9213d5,721bc99ad6d64f13852e3e48374aeadc,13364,SC City,SC
3fc9f8d25a5644ee8f54066ee5a00720,903f0de405e04ebab23da21d30013dd9,68186,Belo Horizonte,MG
f4a4df6b62094ff7b4f4a99db42dd645,c99ae8a0a62b4753bb8654f28fcf0572,80063,PE City,PE
5f2eabc01ec74ed0b36edf0e2eaa8fa4,be25227e9113492bb94b602f5f2a8760,64523,BA City,BA
55f5ab5e165e4eb2add08b104235562d,63f32990ed98447b887c423a09fd76be,26865,Sao Paulo,SP
28b90a7a97b1431b9e23940d00cbd545,869c2a71f4f54e25971a576140f7b007,39555,Sao Paulo,SP
7f6b8ebce86f42b9931c94686387b16a,319117bd059e440da6b757d6bea2edca,51315,Belo Horizonte,MG
af1f753eb3ef464ca60ac69f87249193,eaa75fada4fd45e991bfe340dd8eb572,18609,Rio de Janeiro,RJ
db0db417efe4426fbe04145f8dfe2743,dd29a203698846c59d8d9651becd1c65,10673,Sao Paulo,SP
fba6ed079ed54167b861758ebf6a0d5d,3820efb88e8b47e9abece110dcb7a235,71660,Sao Paulo,SP
4a56372e4d1749148d736397b4b66d5e,f39c4ddcdcf6493080a0d48c8961ef88,64203,Belo Horizonte,MG
407798f2cb03421595222a5424cc8dfb,bf01c7fee0da4f789caa823073a4f66e,52120,Sao Paulo,SP
c292eac7f85f48dd9efbb16eaa82aef2,9496233e54a04d16917d9ad7ef7952cd,19989,BA City,BA
e81430fe48f9410c9208b83b5878ab81,66f00cc47b2043f583bc49ab51fea69c,89731,Curitiba,PR
424fa7c371f84987a7ed74c2d18a8615,a52fab87227b4546abe1b65c631999c8,19344,Curitiba,PR
3eb82817f175419db3ba648e95507b21,540a766f1dc149c09f8e72be597ef61a,71763,Sao Paulo,SP
3d5d468178d847a0905606782e664c37,4fee4f3774614f86afca3eb7e29d8dff,92558,Sao Paulo,SP
3ca66cb76f28491597d2f5abc639695d,ef7b413522f74bc78cdd89b54a906b16,14471,Rio de Janeiro,RJ
77c44a12f94c490b9d8569c903641bc2,e954021f1ba5483a8fc5e1064905dfe0,83054,CE City,CE
7870333b45474a3dabf9fe597860e097,8114543c9a514c2f936f2f594f9fd72b,56829,Sao Paulo,SP
4d4343fd6d004c09b72f68203e378630,bfaf6269443c4ed4aa32008e84224059,21773,Sao Paulo,SP
beb8c875f1184ef98e5bc1abd0c38a60,4375758bc14d4acd8fb97ce63a6f5dad,73349,Sao Paulo,SP
775310f69f1b4870bd812c02062c14a4,3f5f0dd6496844f9834b2c27af178c05,41312,Belo Horizonte,MG
aada296eab294e9ba9476bf5ef7a43e5,854ad8501b9c4d999e034cf6b8724326,96168,Belo Horizonte,MG
7dd71be01df94fb5993749a8f9bffd39,e5e9a18c0847412b9dd25d1760f28ee0,31818,Sao Paulo,SP
91c3550eaeae4b94aea7f3cbcc1a81df,3e44a44b5e6542c18b76264523a402e5,80544,Rio de Janeiro,RJ
cf5133640d7446bdaea410c22c7bcde8,0ad2d4fc1fa24f28a9f94fdcfc937ac7,87737,Belo Horizonte,MG
a3e98c3402ea4c6cb86b9f1afe41ccf5,78e2bff9eaf641d6b222d4201b5387fb,55496,Rio de Janeiro,RJ
fac280d6cb254826bb0daa4410706a48,88636ad92c5c41b9b6726ef10c49e453,20283,Belo Horizonte,MG
bc83d34e72b5486b87dc46a3815cbf8e,cd154d50ac7b4d1db3acb41bc193ed52,45125,SC City,SC
98b6b5069883434ba581a47d9310a068,e5f9040556434ce89b7897f70190c0b0,56094,Porto Alegre,RS
0821a12b4e5e429ab2ee473b46a5846b,925cedc0423746f0bcb4d89aaa481072,60269,Belo Horizonte,MG
9220e22d34f140d5bf588e033589bad3,21f00a4e342348428f7d0a072d26b720,35242,SC City,SC
5eb1e58d94a34281a8c3a6323c932105,9eb9e8f911894f5e8af8da6070d068aa,43527,PE City,PE
f66c7be322a646408b6318a2b9cb038b,9b75ce456d234087a0864cd5d44d93d3,14854,Sao Paulo,SP
22e26bfd72a042fca0436821727bb45a,6e7ebf2ab6a64210a2c17bd9b1458a76,89300,Sao Paulo,SP
7ee4d47dbc4d48dbb312b7502b886665,ca5865f59c7a4a3f9138a7b1beccced6,19617,SC City,SC
36e657c8f509479d968f3624bc5980d6,1dd7f78f94cb4d5fa56bdd2ba29d0368,83183,Sao Paulo,SP
97d9dea5241044f89df8ca0b18648362,c670b83cf26b47909134b54eeaa65d67,56401,PE City,PE
d000a1737266412fb3a8b94ae852c4db,be2b6d8b614949b9a30476afcb1601b9,76700,Sao Paulo,SP
e87335e9315c4720945b602edfc59d6b,0efbb15643614b5d83308d4ddb7a05f3,10190,PE City,PE
5f19baf1156c4a3287b30a305f4f835b,8b518f24a69542d8ba435e9081f5973f,55129,Belo Horizonte,MG
ac6fcf7a63ad47c5a343c68dfe893265,71eec01170f24dff8b79f33707ec4311,55392,Curitiba,PR
82afb6d4fb6f47b1ba33e7e3122b57d2,c908f861c05844c39402fcfb35313ec1,81382,Sao Paulo,SP
f51db3e06ea445c8bbc2ec00933f48f4,2811b04673d84715b6a041aca40d4396,20361,CE City,CE
1510520ab8054d0793fdc65443ec994b,c7a3f1c3fb9d44c0beb1b12d965840d3,22509,Sao Paulo,SP
df8282741fd34ff19092d43ce90e00f9,7f1ce4a088024f5792c5e08ee08bae22,52068,Sao Paulo,SP
7cf3f8bb2b1d4a4ea2a02119ca653397,3b05efcb4b2145a288f2c77694fd9d1d,69230,Sao Paulo,SP
ad315d4813314504b7de2f65adaad8cc,79b00df8b73a417f92bb1f89246ae813,44153,DF City,DF
e73002c3e1e643739ad45f6c4d2509de,853000ad5c8c4c5fa698c2c2feb4a947,45553,Rio de Janeiro,RJ
9f6fb7139761420696d4406555e8e273,4a96c0ef34614914bd78992ed12cb9be,91153,Belo Horizonte,MG
c0cc9a512bd14b9691806ff56dc2aa55,15d34930c5e44eb68989a5bfa6706772,61432,Porto Alegre,RS
d6c831c61d7b4d14845b8e77be6ce7b5,76e8129ea4244ddaaf2106a3af3c7a09,97697,BA City,BA
ffd3cca58be946369278749d3b1bbbfa,44de5555b5a241919c64628f1299f967,57938,Belo Horizonte,MG
dc569544489549299dd254d1e7a0617f,eacb969b32494fb0ac434e6fefcd80dd,42620,Belo Horizonte,MG
97f7c3f6d7b54fd9b3675c667100a081,e8a9c369db4742c7af5743b232c35b36,88941,Porto Alegre,RS
17262294dad3489dbaa1c0ca7ceb301b,757f9910abfa4ca7a9e2664622201b50,97347,Curitiba,PR
751482750fb44f9c80aae6969f128082,10a5c5f13b8642bb8133c606acaf815f,25331,Sao Paulo,SP
41c5f58165f44b6d948004aba2181554,11a72738c7b148149599df08e8f58044,62215,Sao Paulo,SP
42c6832f491a496199a573a4b3f5a886,17b8744c7d1e4be19ca30f563f4797a4,16146,Sao Paulo,SP
229bedfaafc84afd946761d2838faf92,233cb565bc254d61a4843466744bf211,94752,Sao Paulo,SP
16f7b31a976946429663a381b8914964,2b771fb4130049daa27bf4af5d5b694a,74473,Rio de Janeiro,RJ
058ef27c57894d099de2e437dd893ef0,aecd06f61c074028963a272fdfec4f16,71970,Belo Horizonte,MG
21340106fe844b53947644f9035decd8,033ba72a5fc140ebbff4cc106783b6ad,10352,DF City,DF
604da5220daa43dfbad867926462d743,cb37a19c043d4c44b04b0547189d5ae0,16629,Sao Paulo,SP
1ba0ee265ff2498186a606e30dd55c83,c561e46a9d6243e9bc518d482e66a8bb,47362,Curitiba,PR
deb6921ee02f440eb6705b76df804582,bee1f7100cf64e948a68652adfb8a951,11482,Rio de Janeiro,RJ
5ab450257aff49bfabf1a96f46eabd9f,ecb1ac39c37f4d50b73e05d0b657e696,87048,Sao Paulo,SP
7443df4ee4c7406ebdbb6e80c5d35d8c,047537813be94856a6f81b391c1ce6e2,42221,Belo Horizonte,MG
a659708da1c34ea8a2c0f64012613985,2c0b6fc0c867418680f2ff7e298e6212,11651,DF City,DF
cb8d39332090448394fcd6337cdb736e,d2bde1ad3e85431c9c442583f259a7ca,50826,Sao Paulo,SP
c5620667cb5e4dc7a4637e86aa370b97,afce56a2eeb24f3cb109fdab44995053,51803,Rio de Janeiro,RJ
286e86623a9b43569f508cc383dd3228,455f1f737d7d4dd3bd1e1ca34e1de28f,50862,Sao Paulo,SP
ca01ded6dc814dc885ff1349d4741bd6,7ec5732a6ac342fba22e53475d825e4a,25365,Sao Paulo,SP
3c5a7370dbc248e3a2999752f44316f1,40c368788a554d2bb629afb22590a29f,80723,Belo Horizonte,MG
9c3b5020e7524308bd1b114cf088606f,22f7c18212e14c85912cbee76001e629,46214,SC City,SC
c9aee24d20774b4084b8206403796edc,5ee28922195e471386072d5030ca35ae,12408,Porto Alegre,RS
212e6f0d56a74b95bc5fa9971b9d5411,eb2f5d8132a1425eb589626fa497a66b,42590,Rio de Janeiro,RJ
3c3fb316113542c590541f588093dd15,152c74d6b47042a4af33e1b9a145bbdd,89194,PE City,PE
37beaf12665c4eed9486f0c8198e40b1,405334b35b9e4ca4bf949e39a5cd6732,81556,Sao Paulo,SP
f55abb5c44ff4bfcb4f03b13d1ca7cc9,a55160e2fedb4456a5995472a5c34ca5,29609,Curitiba,PR
d71c1d9e2a344c4cb2d56b95c81cc5a1,5e6fc570cde444febe0067c0eb137416,33358,Rio de Janeiro,RJ
387b11c3d20a4bb294af0111122df0f6,e5c68d911f224307abc2c52d5a434980,20673,BA City,BA
10600949323f47c69ad256f81c927e20,c334190c616248898ac0c54c807e4688,80730,Curitiba,PR
9fad6e2e1b3441f896f495c3f1ca4b93,c99c62f814ec4615b07a1aa7d7bd4181,13163,PE City,PE
10c3cbe400bb45c791afdf647f9266c8,0cea9a3588a24cbdb69e66fd8c275c9f,99256,Sao Paulo,SP
d708901e2491468bb33773b96af4432f,6569afdddba9487c9ba7fe0235cd2c3b,37394,Belo Horizonte,MG
ff6afc6866c24914bd236884b6c9c195,34814ac7f1d046eb88c943ba4a214621,87144,Porto Alegre,RS
8efdfb1197bb4a1196c030cc77871d29,74882e0e78644b3c9d03103a657355d2,60150,Porto Alegre,RS
398f793bfd804a1db41567dc0bc294f9,de5382fd7c8749f69539ac09264f8e49,61597,Rio de Janeiro,RJ
80048f7bde334965b29dfb67f79996c1,985c3b3a45fd4248abdec572ffa36674,31013,Sao Paulo,SP
368f73da527441d794a3016e868707a7,103129ec76da4ab59efbaa653c0da68c,15230,Sao Paulo,SP
6528a9810d0144d3a42fc73c2a048c17,53d69b2cac80499886ff6c53c11b9fe6,41266,Sao Paulo,SP
e0e624daa0dc4e11966238561fc31495,74b22c3e68e94d0d817deb9349bd0a7b,77337,SC City,SC
42426a0ec008458ba573df92c6090932,53eccd5ac0c74ae0aeab7d493ed5463e,58725,SC City,SC
4bd9e97280904b9ead889166fb5cfe17,8b3bed4ddc8b47ee91153df9f503edaf,81301,Sao Paulo,SP
54dd7b5520c5401d886edd65f325702c,64bbe3d2288b46a784f09f16a251f0b4,82703,DF City,DF
f0a209d7f35b4cfc9673e43b26215e6b,48e9f687ad384d17b31fe0fa3f27c0cf,62342,Sao Paulo,SP
8c93146d3bb24e16b0a14fd5ad5e08cf,55f0aaaecda1469ebd19bce63bc5b6c2,99717,Sao Paulo,SP
98286d0d8b604f65907dbd4961138edf,7ec192c330a944b29a4e99a644e36aa6,46529,Sao Paulo,SP
de649ae515f0425e8efea9b53f523e69,1c30ffb157264ded8f04a799e48e4a2e,92358,BA City,BA
92fe80aeb010401b9e8dd4e7f80c82ba,55ffba447f574f7b8c9fdd65b50c12fb,12757,Porto Alegre,RS
ff5d8ba710f34bdc850f5d0af9aa46f6,129c4895b4ee489da28902e92fdf8a3d,96516,Sao Paulo,SP
d4ed10445055446184624f160dccac96,4c6c2cbd0bde4376bc974a461f9dcca3,68302,Porto Alegre,RS
f625e58ffda546f7b561889fd3bda62f,2a0314518b5a4b28a183ea81c1a0fdf3,80015,Sao Paulo,SP
bbd394093aae49dbab5c6c70930f5adb,42e1a3d104ec47b09263d41d64638418,80842,Sao Paulo,SP
30e701c5ca4e404d8a630c9a8d009ddc,f97a96f673ca4168b8008fd0abcbb51b,11631,Sao Paulo,SP
7a35d2a9c190479296cfa1bdfce5e9e8,3f93bcaaa376466bb33ac9788b38766e,29864,Sao Paulo,SP
6d12278aaee041fc9e562774f181e38f,3a7dc6060fd94857946b174eba058758,61346,BA City,BA
cab73379f9b94aab832c5e992de297d7,38249f46754e4348ae85dc8e5593682a,52165,Belo Horizonte,MG
898a70a5587f4253b48e2439ec4c15bc,2d8a3b3984de408eae5237940ededd8f,30637,Sao Paulo,SP
7c16245cff6e42729a33f2b98def4adb,38bfe2e5be70492191df1f05d7a1c0f0,89702,Sao Paulo,SP
b8d003ca04fa4956b762775131b0e5de,d5a2d702d5844404acc589a460d1409b,54295,Sao Paulo,SP
ec39989c83f94131aa252caa89b3bb53,bff27d93675d4d04979adb03bdd9d715,21867,Sao Paulo,SP
73b6e505e9434cb391debf0b7035fe0c,ffa2ce32e5a644f297495a50d999e891,60087,Rio de Janeiro,RJ
23f8568600914e4fb80152f9006731f5,205bcfca8a364c50b4cbecb934800480,47025,Sao Paulo,SP
4aa11349dd2c4c76b1da04cc3024d610,e6edb48c7f0c45d888815adf9493b88e,67321,Porto Alegre,RS
49279ba817da44adb7229d137bd9fff3,42a7174542944c409ca24b3cb2643a08,88684,Sao Paulo,SP
931ce4dc8b144819bb3e56c2fc3a3595,ff3af3bdc8a240619995b73e8951a214,37085,Sao Paulo,SP
d9a59f7addaa4833b8fd0f4139892dea,b40d1a9a5dc14102ad3e5fece7c19c30,36702,PE City,PE
e1fcac25bdcb478887c9b13330032473,3a432941492140ce9492688145a1df24,41028,Sao Paulo,SP
72493d1518bc4fde96f5e5e7fabbbf41,5c82c8c1c4bc4cbc9d973469c8dab885,54898,Sao Paulo,SP
a9fcbf3ba330456284b38dcda7a5fa14,4b37073b7afa45c5a17c58b3377e3df4,64725,Sao Paulo,SP
7566220a45ef41cf9ab7790e8fdf6e73,d5e6060bf622434098203d22418f7b4a,27321,Sao Paulo,SP
467c7b35c1364c11a42f63459e3fbb62,1d4b0ecf85a443ddb09980d58f91ef4f,36225,Sao Paulo,SP
a25e837c670849f5a8816476b02672f9,600a187183814ed597821ff5cbea7316,17273,Sao Paulo,SP
8b171fecff58413bb0601059a749eed0,85ae21602ec441dc896d68d8449a0e43,34887,BA City,BA
0c6f35d8f9a44792a0b35a1937cafd2a,b624df014d0b428b8d1eba9bbfc3ed03,89285,Curitiba,PR
9807d7bb2d1045f5be83978be14d5dc3,cb40d58a3668498e9a6f9e5260f730cc,71397,Porto Alegre,RS
6b8292982888443d9f9afe1830704dee,8bd76fa90900455f8571fd91b7f3818c,49319,Rio de Janeiro,RJ
ea65dfe5a834434ea155ae0d24e9b902,b3f545f9e0d84e398d8742ab51a3ff3f,44556,Rio de Janeiro,RJ
355c75ccbbae492498b71b550cded258,58b18fc129fb47e198822de7ad7cf1a1,12708,Sao Paulo,SP
50e63e71469d4d2f865350f78748a0ee,63eda552672d43a99ccb5f97a7d80dfe,75947,Sao Paulo,SP
82ec9ddc828f40faa8e9e3bf3ff7062a,70c6145875e143a2833b1b309700a21f,76483,Sao Paulo,SP
6dda38f6c0634507ab21cf0a0e92b62a,94745477877d48e6a72472ebd9b691af,17002,Rio de Janeiro,RJ
e80e0ae5a86542deb4c62b5229d511e6,a8195d6ce44e4ad79f801b120ac4a5d0,66623,Sao Paulo,SP
c862ac8221fb46d6a96253038a156bcd,e400725e4c9e4553944c622b34fef373,73882,Sao Paulo,SP
6e7cf06bed0b405e97309613c7e86a67,fb396cd85df54e26b885a55f3cc8a3b3,15579,Sao Paulo,SP
cc4c104a32b84883811d5b144fc09adc,eed53b763ccb4a08bac7eb5285ecffdf,76268,Sao Paulo,SP
2cc8b82e98134e9c82a7d2c73135700c,c893d26fec2247feba277906286fd6b1,89314,Sao Paulo,SP
442f68a33cd044139a15d0caad8dfdee,71bc8d45128346a6a2e017b15feb7bed,83189,Sao Paulo,SP
e4494d8e153848888d128d59945374a2,f2be9774751b40fd803562f14f6dc786,73303,Sao Paulo,SP
c509374f4f3e4f0a95ba866118c41a91,87151b4241b34c53915f8cfdf4bfd8da,15578,Sao Paulo,SP
6763a1c672004082a03b71e779826569,c93a69b250f44b27a2bbeb871d821e37,88195,Sao Paulo,SP
1f3ee166f6724ac0b2c2fb3173eb9841,e5da0dce11c546f4894b1374a1fcc7fa,32044,Sao Paulo,SP
523592e87c1747149dd27bee5b400ab1,3bc58863a0a74126b835ec91c294c06a,15377,Sao Paulo,SP
f0a7911059db4d6392e38a9b54d6f18a,7b0950c095b6463db87f1b39784fc71f,99063,Porto Alegre,RS
79cdee6cc7c84c8fa08c82a07c7d38ee,4cb9156e49ef4e9f8d5fdca1da858dcf,25398,Sao Paulo,SP
3d9299205f534347aba9c0c7e0ae2ada,e06ad14032724606af0587bd8220e8bb,88575,Sao Paulo,SP
1eb12524ad954d71af5eccd3ac60b030,94cdaefd92f24802b75e9665ec157793,90626,Sao Paulo,SP
2173fbf5b330476e8687cb7cb8648907,84f431178c7649c1965a6c53391acc27,22144,Sao Paulo,SP
06521449792f47848a748e8d47dadc6e,9cb112293aa241f2bd9d83512be3d741,80890,Sao Paulo,SP
be79b878488443048ec65379c8b0b99d,0333527403d143b79b03e8016b3e225f,92470,CE City,CE
5ca786389258453abbdf79314887d5c6,1433979aa97348c5a4e59bb9f8c9d05c,46981,SC City,SC
8e542966818040939377cf0d49767175,c621e962898d46069804ecc2525526c9,39144,Sao Paulo,SP
343518aab3e9480cb73adaaefdf9254c,d5488b51b2664c3388373f3b09489d85,20336,Belo Horizonte,MG
a0157b3a8bc5403a84ec554c6894e2c2,fb6c2498029f454381096771fdf5959b,22042,Sao Paulo,SP
1c48c7d4ce284a69b171b7b15bbc7116,d5c331534db54f999837c1b3ec1de6ac,36174,Sao Paulo,SP
76e6e5c65d0d4ad4a02455a0a4ff96b4,5e35dc68fec14aebac9c881c786b1568,99227,Porto Alegre,RS
d2f17a5bf4a8441d95c62cc0cba0ca32,2a859e52cd87464b9d7008e9aa3da10f,29039,Sao Paulo,SP
bc401acec7b448759e81b86e4932541a,38530448a0d042be8ae2ab886fc6fa15,61091,Rio de Janeiro,RJ
0906c1eaaffa40cfa6cbd773ca89b999,ddf53d91e2d645e8a5fdd857e2b1966e,59620,Belo Horizonte,MG
22e237cd078a4bd3a45992ffc43eb010,1c4f986719be4633b5f0d7d362c4ab3b,23141,Rio de Janeiro,RJ
5aa1a6cba1e54bd6a7e88fd6b6c7aeae,e5ae1bdb26c1475582a344e9a583ba55,22615,CE City,CE
a5cfecac4bb14e1299843daa9282b5b8,1a03acb3ef244e8ba6db26abaa699888,53946,Curitiba,PR
d8d520f51aeb449f9269bd43efc1ac29,1cdf733c880041e88c90c6238c0701b3,80400,Curitiba,PR
41409b1ada264720943bd7cef4e2307b,67313e67a9aa4a69b0fab6152434fdd0,46133,Sao Paulo,SP
e84098c2cb4344b1844c4861cca2bc66,1349bf39ac974870bb0d714936d6bdbd,82554,Sao Paulo,SP
e1442ecf0a4d46ed81ce8971913f50a1,673c8492d05d4c9b8afb9e417aea5c28,54368,Porto Alegre,RS
acd41225cea94b59b2af377ed1dd4219,f2e6bfb943f644bfac64cd435279783c,83515,CE City,CE
cf7bbf8a035441e5b33c43ca4b75a6a4,6587b723c72e4d209d6ed84c8e29e53b,16166,Sao Paulo,SP
9ff228dcfe5c41ab9bde3db5f0236d8f,64d8e3f26e3e4d8784b89672609f3c69,54945,CE City,CE
15fc29bc032a4789a56c54bfcccb5526,f84b92b9fbb94fdc9a75d217acbaf807,31365,Sao Paulo,SP
0cf448dd0f4a414baefc2c4759023ce0,7bfc07c9c2614e1d94641e3daa4a59ea,62342,Sao Paulo,SP
9f30ace9eec14888abb2ea7865b3594e,352e01cd36a44e1ab05e015ffa4403c7,41584,Sao Paulo,SP
c6e8027d8ef5462c9446c4fef28be684,d4e3943cc8ad4c0fbdcca7673f908aef,34441,Rio de Janeiro,RJ
0e790dbcb19b4df8a48b0c0381d39361,3785bba87e4a42cbab45515e6deeac3e,96263,Curitiba,PR
732d29370ba4467b8c6acf7aea97a46e,b37c5e09dd65485a8068deda43e6d4d0,25637,Sao Paulo,SP
9c6a3e98611948bb848c52b6e5fad6e2,1640b6c71e464f51856edf7489a90c3f,24606,PE City,PE
3ad5483d50014423aaa9aefb7248de8f,8989d8a561a14b1b918e324cb5de0fbe,87856,Rio de Janeiro,RJ
a59dc75bc72a4c99a46698323420f2bd,e55cc220aa6045ca8d90bf4b15914674,96009,Rio de Janeiro,RJ
d48929f000c2418f90c84f81e0ed7462,9a80097c580940a9a1fb02a997136d77,62858,Curitiba,PR
03ced125825d45169c086bf5e3e6ea49,4354b1b97e5c466cb52e01bcd2dc12f0,14239,Sao Paulo,SP
44c45512c2c6481dac46cd6c34d38915,f3fde11e548d4a7eacd4de2f8e86221e,48701,Curitiba,PR
688c0bb033744877bb5c13a00214bcb8,18600c220d8b441688c89eaba38514f7,69614,Sao Paulo,SP
ba4e3793672343ecb36e4bfae7d6598e,62b7232d396045cbb4ff98fb97232b56,99619,Sao Paulo,SP
7201f9c280654aea90fdb08b94c9eed1,042f4791963d4489b1d075d23e7b9601,98111,Belo Horizonte,MG
e3e5617145d842f794301445c258ea7b,f1334542e4cf435d8597c23365719624,30831,PE City,PE
b7dad02233fc40e18c9a71355c6ff091,e26074e6ea914b478e674cc48d4ca4cf,29233,Belo Horizonte,MG
518a9326a6cc460a956fad87ad9ccae5,979c8d4ad77b40d0aec43476b067bb77,12371,Belo Horizonte,MG
09013348364243bc889dd77653791428,ad5805925d9a429ca84007c6285126c1,51096,Curitiba,PR
6515e8f229864edb87e5168fff5b0e6d,0c1a2e05936f4b83ba1fb218be6200e4,39607,Sao Paulo,SP
49b50403b4184b818a7fa88256c1809e,fcd44b03a2464363be6384b59dca3fbc,88724,SC City,SC
1d1ab51077a5486d867bf51722283523,6f6a9be4a140460f84e36d30aec07af0,71654,Sao Paulo,SP
c0478ff064984142b3075634550e4c3c,ae645855c801407189fc7746c105be9c,98882,Sao Paulo,SP
35867f346bf941d4b615edc56a69118f,85c36d62a1f6465b9b042bc0c985e5f4,10918,Sao Paulo,SP
1a4d9cd67be54f9d80cabaf36d10ed7e,f7494253df3e48c8afa4565cf7bc9a9a,72396,Sao Paulo,SP
e454218d02b24b9da286f3ed762bac2a,6099815ea02e4873b3f1a9c09b19478c,72574,Sao Paulo,SP
0a491cdee6d640cfa2f721a9b125a11a,8658b2c559254531947b5e0ef416abb9,45735,Sao Paulo,SP
1f426bc42be24b8eae315f2de5a6f717,db9b883f6c9347cea83b416ea70ca678,57626,Sao Paulo,SP
ff295b734b8a4646bb4ec49f5eb8e103,f422f637c78a48c4af1588225c57b066,46505,Belo Horizonte,MG
4a925283449e4143a489faf85bca1a6d,f5d2915b6e5c4a63ac2d68abddb024bc,48832,Belo Horizonte,MG
6de7e0935f9e4bf6869183faff303552,30c6ec9fc47c431e955d4198697f8e3b,72947,Belo Horizonte,MG
250e90bfd7444170a70c0be9a394ac58,970abc1c0d594eb496becfa70c00ebd4,17432,Sao Paulo,SP
ae997881062d4d28a60cb2ee89d83668,d264ff5a9fc44cffaa291f5afdaf95af,79707,Curitiba,PR
2ed6ea71f18d4d12abe66ec57b11eb7e,98c307ebdaf149e7acf323af141568de,98984,Sao Paulo,SP
37fa343df01241b187e02d433671eaaf,4dd8318cd537454188c18a2b71508f2a,98986,Belo Horizonte,MG
583b1144bf45405998abf33f0ee720f9,a2869e255d3a4c78a807683d74a9a508,28033,Sao Paulo,SP
d6b474c5ce3a49ae8120752804e55113,08fa857b69d64100b9b1ab19b2aec038,93961,Rio de Janeiro,RJ
d7eff35fc98d4e1fa752393011f75da0,a16571bb42f84b7cbe1d4ce0a221c7f7,35780,Sao Paulo,SP
44401e8a311f4b4bbd766fcfeee18bb7,7977a66ceb8a47b9885fb9b254a6ef4b,20476,Curitiba,PR
2da4af2ce326401d85128e6906ae87a3,c5bb61f45607410da6ea3369d42c0bd6,68168,BA City,BA
1a12dd4712cf4019a0ce0b2632cc0d14,af3e5b4fb77d48d89985c5de3854e8d4,18326,Porto Alegre,RS
bf901938c88440d0a7f3426d907714d7,03a88a7748b04b309fbc8358bd2691c8,47915,Sao Paulo,SP
43d3db15eb2641c6a30d729b80452cf5,bf2e28754e9e422baec233da9925be0f,61170,Sao Paulo,SP
1673c312f1ad411b824a86d9b7099b27,e1d0e642f9fc43a3b0ba24e877a167e9,19624,PE City,PE
78373d4b76b94cb18273b5b36286020b,de07009f779e42cca366a02e5c5cfdd7,90948,Rio de Janeiro,RJ
4176509ec90d445da2b937a1eb5a60aa,5032c1e5d8b844a291599b8b562fa5eb,85011,DF City,DF
8e80f8da133249b58fa95b069c28fcb1,1ff4e52c98b148ef9b5a88abf3eeaf76,54427,Sao Paulo,SP
11b60ed7638d452aabc62e3b3e1bbafc,6062399203b84a2581480d66af0bbff7,41965,DF City,DF
e254c491a4c64794826477a2a0cc0a67,0d538b8951d642c09af2004c3697f067,85573,PE City,PE
ecc460c0e4d741a4aefd72e5a17936a7,1161297643554cd5aed5874ade1e102a,45690,Belo Horizonte,MG
be923e5e9239464d9c6d0f694925bdff,07c3ac67609f468a8802884c956d6748,65210,Sao Paulo,SP
22e5e9df6cae4bb8b0ee9e518d7fc0ea,2d4d609ddcd642ec95713351e367d65a,73690,Sao Paulo,SP
c7ced14bfbb74bf18874047e386d373a,9fe6abaee55b410d81a818a8e65e8cbf,60788,PE City,PE
a7f25c7bcf144c89a10a4902e63a623e,63462b9d446640e4a37de0e92c7da39e,63500,BA City,BA
952d6a5b6fb54016b6e4cfe9457303b2,9d1f474064e44c7d811508727682c6a9,27336,Sao Paulo,SP
fdc5ef2caf604457a022ef0729f47a45,0e24b072c9d643c9a0722632d586045d,63404,Sao Paulo,SP
b4a881aeae014b8f8f7c3adadd22f366,852d60ccde3d4b60ae84df6c85597430,33567,SC City,SC
871b0a215a7648f2a45f5ffe52c7a4cf,f22f7042c3d24a09b8343038ef2e9dd3,42531,Belo Horizonte,MG
5bbad212967e428eaaf2e0e37204163a,b92e0ec51165405ca8fe60b805caac0b,52823,SC City,SC
a520b86eeea043afbb824c75fa042205,03b911d8dc034edc936fc7b45571a2e2,85526,SC City,SC
7617aa9cef254a0fab4214f64162133b,a2ba4df9079c49389eb80b20c0faa6c6,59273,PE City,PE
f1526c94f25540e4995e448d0e326198,55b4663ef38444a28289cff73eca05ff,10363,Sao Paulo,SP
402ca61c328447c7bf9471e98faf8688,71efbeb272754e94b4164d1b01983771,57618,Sao Paulo,SP
f4bd9621323d4de1a8c5b4187a870131,d4c1363d50ae4ad8b112d02ae1cf77c0,40420,Sao Paulo,SP
bdd2d5d9f2f842d8ab6316bae73ef054,157ac24f1be3458f8d8285a5a2f658f2,11783,PE City,PE
19c10fa121be406aadfff714d2b56996,cc3726639f71496596dee4cab0eec14b,28070,Rio de Janeiro,RJ
3f4a6435dd434c7db6d9ff62e726b653,18a76fdf9a8d4f27a32c87cc46714093,60379,Sao Paulo,SP
36e7a93e916b42439356a12de85dd964,4c561b3496cc40b389efaa33eeb32c70,19656,Sao Paulo,SP
58778f7c14d04d75894e359470741298,9cc93d030ab44cfea71aa53c64cf7a02,80073,Sao Paulo,SP
6d1c47babdf34282a07c2b9df56a3ede,5ca5ac6cc7ef4329927f9c5360eff78e,49479,Curitiba,PR
d1ba30c2d3b2479eb9da167cf0bcec9e,f6fdf7ee589242b8a3bebfebb587f7eb,12155,Porto Alegre,RS
0885775cc7f442db8f2c31ab0f4fab9f,9cf0ccb637804a98b8e1f70997af65d9,27005,Porto Alegre,RS
41a092cf1bec4f2a98def58ed9fc894b,356496a4c1e4499f9882478169b9960f,59017,Sao Paulo,SP
cc22b63a4bff497d8acb2e28f7eee8ac,5a1963d1383b47beac2a8fccc78a2f45,73722,PE City,PE
f3b58ea8ec784c5a937864436d33e98b,0480e9b3bb4e4f40bb32357ff2a5b0ba,82813,Sao Paulo,SP
0b544693054146dc97756fd13fd66a25,64f85a5d22f942e785095574c7ff4638,68775,Belo Horizonte,MG
8f16fb3725f34a5c983b6d7944e62278,156f21688d3d41c8b307c82a92e5de2e,10778,Sao Paulo,SP
4eb3441093e8416aabc95bfcac4282a4,d4009d9662634852aa68cdedec18d6b0,38322,Sao Paulo,SP
842ce52778084ea782dbfcdba4de3657,6d8b3abf1d9b4c7093e702f15292ccaf,60890,Sao Paulo,SP
bee3e342f8f942a1a49b29bdf864db36,e9f13091d6f04b24ad441a469f91791a,77755,Belo Horizonte,MG
555ae47cc4f24041bcc61e85f456588f,6273a33366694c6587c94c4fb835dc96,62597,Belo Horizonte,MG
9163b78d884645208d0d00a6e208a0c6,6908760fe06d4bd9890c9e8c8eeb0e85,16346,Sao Paulo,SP
3b86cab3214a48b187ca9f03f5eaf89e,7a766d8fc74d4157a640e4b3c3850478,53338,Sao Paulo,SP
66732e3f8b844cf784bdf386767afa92,962a07d2feed4adc976e4d66eec44eab,16793,SC City,SC
104bf41cb89c43ccb4be4d95f29b5e3c,828daa37027e47a8b4744ec1858022e8,61559,Sao Paulo,SP
e760a46a33d5466cb6c32006050e8205,dbfd3a3e25e343429f0f444de96c1f50,40999,Sao Paulo,SP
9ab7cd29342d490d9e6b93bc97c63259,2119856f60734627bfc57fcadf47c9b2,15443,Rio de Janeiro,RJ
a8fac1f989aa4a37944327029e674b4e,689e684b7eb44e9986c5045f2afb49d9,61934,SC City,SC
77ef52813caa4ebe8093d28f6bfe982b,aa53377cad7a4742905db48cf6bb9be4,61879,Sao Paulo,SP
02084efb87f54c399a1821d09e95aeeb,c6cc92f041244aadb1e858bd0efd00ce,41287,CE City,CE
330057a6619743e7a7739440d9f3e70b,d6b64518539c4cee86ae6e12bd00ea07,66881,Sao Paulo,SP
37170c8f7c614728a6515a29845497d4,1f610aa2010841a0abcf6d5dc6a6baf5,11096,Sao Paulo,SP
0b0a5c2d525c4ac2879e9bb1a1119c8e,78ee34530a2648f5bd3feb72f95268ee,58623,Sao Paulo,SP
f7dbbd933bf24fc4936948a1d0009f58,4ad414e044e5483b80ff676f64395477,15769,Porto Alegre,RS
b501c228843a492aab90069a076440f5,21895bbf43d24d8686aa389be1cada48,26943,Sao Paulo,SP
752ed4d4869b4a5f95a6d6bacb80f88b,5787585cd8954b65b50704f3c7d5f034,79586,Belo Horizonte,MG
8cc2504ebf33464798520e04c13e6f59,42f6edf3adc64b1cb48553dcfcfa9846,94026,Sao Paulo,SP
f39bee9c245840abbdf8f911c858e7b1,f0da1261fc0d44ca8176cd0cffed3a99,21498,Sao Paulo,SP
d9b6acce121b45f5bd730b7777c8e990,1e1eaf28589b42a69de26bbddd4f02c4,94800,SC City,SC
109ccc11e57142168bf86e247eab58d3,0bc0a3d502634c1fb0356ab12cd6efee,93006,Porto Alegre,RS
b3b57a0545c14d19ac9efefbba28f0a0,e4074b4ca46c4e31ba66d816dbdf68c6,66221,Sao Paulo,SP
c2165b336ca1456fbbd5c8091bf0c1eb,87e9a420846e4ae097934c9f5d961f49,44862,Belo Horizonte,MG
548e647bf31b46f29b9a640b3eee8858,064e5ffdcc3a42a79a8c8e87629c4e88,11050,Belo Horizonte,MG
d8c04b1a53774d959463295d29246968,e106dc60a98348aa905a2e765869fade,91768,Sao Paulo,SP
c26b3d7bf629474fa8c73c2e5695836f,fa510c4f0a7e41cf9f247396bf2778de,81436,Rio de Janeiro,RJ
7ba4f118cbf740cf987203083d7795f3,3f288c642bd64a36ac492f96530c6cf1,87039,Sao Paulo,SP
a98aef4fbffa4addaa77744740ea079d,63506203a41b41d2b3012d1e5564aa0b,25818,Rio de Janeiro,RJ
6e5eb67e0db643ccb01f391e81e6d902,fbed00d3e2f049f88e2cfdd176fb49e5,11435,Curitiba,PR
f5d3c7c8565341309dd682d88be3f7f2,7294b10603c6446f8db6e104845bcb41,38358,Sao Paulo,SP
cbb6f400e39e40c49fe9e78c43e6eb23,23d11d0648e4469d9b6a2b22f6a9e3af,86892,Sao Paulo,SP
500974997d2a484cbf2d81e48d36ed2c,4289e49f34fb4b3b99eefbca21b34f03,15741,Sao Paulo,SP
cfc538a22218474ca2ece18dc8ca4b7a,95ec0631503f4413b3c3831ca25b5fd3,87642,DF City,DF
6c6d2d55e6ce4acf8066a03ca9978628,60d58ea1de5a4d81a4428024f32cd88e,25501,Porto Alegre,RS
432cd23402d24d1e88876be0969747fa,54b48d9c5c3445839652435349a16f4a,31614,Sao Paulo,SP
68100ea3a4464bf1a320cf617d8799d8,6353413e486e4d03bfa583afa1111709,17694,Sao Paulo,SP
2a5bfcc7c4f2409597900e7bc37aa338,e85cafd77a5c400d8263bbca6a09caac,41097,Sao Paulo,SP
ab6622d23d1046129bb3a7b0515c483d,5c79c695517547b3b4d8e11e34abfaf2,93767,Belo Horizonte,MG
e34bce22eb6940a789f7a5a8f9fdf538,80dd8944012d4557b81622a23969853a,13776,Rio de Janeiro,RJ
4b325aa2908d4ed7b7f4d068d28fcd4b,ea8eb923dc544f9081cd03f4e968baba,28764,DF City,DF
1fdebccc383045e88b0afc653ac2c718,b72f15a28fad40c48b665643841c2633,57819,Sao Paulo,SP
230349147f9e49c498bf5df53e09702f,50b45fb33a6e404eac14c913e6f0c8a4,27728,Belo Horizonte,MG
591eb5b0b48f431a9bc1c8a89901eb24,6b2edbac46414c5ebf326c244d27907f,13054,Porto Alegre,RS
f3f5b66b2a4b491993ff2773989e2c5e,9d32337e62f14d5b9facd7b0e07d7639,89732,SC City,SC
0143e7ffde1e4b5f81d4e9782758b479,11fd2da5bbc0426c8f6d0523e76475e3,44379,Sao Paulo,SP
5a7e287d724546e093b77844d58bcd04,0f029e431d9a4c35aa38e113031ea4eb,54429,Porto Alegre,RS
0bf84e21a5d444378c4ada2577f8930f,f013b87bd08945d0bb3f5e842f100293,30719,Sao Paulo,SP
0ab4d6c1558f496e93eec712092e7021,dad9ef0f233d468bb206679d5f650b1e,36218,Rio de Janeiro,RJ
d0ddec7bafd64429a308f60d3c7a70c2,47382e00f20246028aa72cbbcc9e0ece,70302,BA City,BA
93cd72e187424b128f7c682b7e417fb1,9c0a0f64bb094f18914c33a63ce73b80,58631,DF City,DF
7821061644684056836b234ff0d6dc1b,447150e4d74c4306ad0d24ce8fa1ea35,84504,Porto Alegre,RS
daae44ee88254df3a48fc4d6f0439b7a,e0ee2ce7a121468f8337585e317fcdba,71274,Sao Paulo,SP
76f41d12c0504fbb8e35784f2b227dd8,34c7b36dfe264f939f1dbe854fb4a829,88309,SC City,SC
0161a7d0d9874b988231f28b7fa55304,951ed0436a0b4a1bbd1425f50153d205,58059,Sao Paulo,SP
932eb8fbf5c948a4954c9636affc93a0,bd0fcb24e50b41fba34ccbf1fa13513a,40312,Sao Paulo,SP
2e7d481375dd4191a3aaceef108ff46a,9cb2d7ebb80043ed921b300288fefdd1,24694,Belo Horizonte,MG
445ec505b8714204b27f8a60d53d3ebc,ce8d3375e41c4a4f8abdf2ece5b9a42c,85297,Sao Paulo,SP
ff209979666e46288e1bf5062c3b0263,8239091e91ba40b485748dfb602ec669,95100,DF City,DF
4e6d3428571b41929134239a347e553c,422533de35c94f85a21364a04b23dac3,34467,Rio de Janeiro,RJ
7ab1116eb10a47da80cb7d47bdde2501,7b29810e713f476ba59b506bf047818d,61435,Rio de Janeiro,RJ
9bf93f81a34d4bc1a4ec175cd5e73690,afc7db2cfefc4e0d9eb2e709487ade62,15460,Belo Horizonte,MG
6772d67c4ca947768ea71d8e9c64b1b4,1a174533e50c40f9a565882d58c36f49,16493,Curitiba,PR
6fc1ef698e424606b2d5b8c2c0d4f240,2baba004fd8c496ab85641213961e2b0,91694,Rio de Janeiro,RJ
0e4110a549cd46068f5dba0c86c4daf6,2b1cd752b88b4986be6c9b8908286201,79919,Sao Paulo,SP
7ce379d9e0264b67ba2faf50600f8bb0,1c0a0bbc7cbd49bd92a7a84157338b68,66411,Curitiba,PR
58a614bba5f34eed8f3540bb34dec3b3,a62db0ffe92342989c096d23d73b1565,15635,Sao Paulo,SP
3ac2ebfc07db4c14999bdfb377e7c1ad,1ce99e9e78b54f9180dc6702b1e9c1f8,27438,Sao Paulo,SP
4739a97de922403cbe20bb8af1dd5b09,e9c7398e2e0241d6a10fb320f72c08af,70747,Belo Horizonte,MG
d580f8646dff49e599283eae824e9a54,0a6d054371e04df8b4cd973a9a52e1dd,55720,Sao Paulo,SP
2276d7e0b5a441f88aa24a2c3cb06999,5f91b9a9ce6a42ac9285a80aa8604cd8,74618,CE City,CE
fe80a969592e46df8adc7b9bf4e47cf2,2003b7ba4c70455e934793c3f014f4ef,48702,Belo Horizonte,MG
42f7d905a26a442c9f09d91fcd969024,e2c24a17dd6c4b2aa3a97fd7f8fe5072,96715,CE City,CE
bc064c22a3f2450faf36c5ab3b0a0e2a,748bafb289bb405da4304ad6c6fa4a99,52163,Sao Paulo,SP
37b2bb1e13cd4694990c208581e65420,ff49a136bb8d4ec580c7ea9f925b5da5,43788,CE City,CE
9158b0e4b48d4b85b3a69bc038ab724e,87ffae8fd64547e4a176e54487131858,45829,Sao Paulo,SP
5c6ca6ed5f024983951e4ee50ff3272b,315a2cbc6cae4ca4aa892d8fbf47b622,92596,Sao Paulo,SP
698c67755f104dd68756dbb95a9ce813,ded7e5366a664fa7b03b04f694330b36,87402,Sao Paulo,SP
f792d5310b6b41bd8bac6dbde40db909,3cfad42e62144ba2aaa0167253092a1c,27965,Rio de Janeiro,RJ
bf47876ed67f4455b209f51120c2d0ba,d38e91ec4e1b4301aa9f990d35880b35,15746,Sao Paulo,SP
dc066c08d30b4143a612d4b527e52f8c,152de1ff7dde4d6686b1b6e3d6aaf72c,51814,Rio de Janeiro,RJ
c8f2c1b27ed04218bd6cc834da85aa1f,d4b7c4d51db04063a2daef27639c5427,47464,Sao Paulo,SP
40ae6abdff564e8dbb83f9a5e98f3184,332d42cebb2b449aa13ae4027802f4d7,82985,Sao Paulo,SP
ed8daad4b92a4b9eb59116f70e8a6705,5089d8b775b84fec95193735034a04e2,89295,Belo Horizonte,MG
3788ef0b29964b4cbd70994a7158b238,910f4fe7f5dc407c9f85a2f003deef66,46898,Sao Paulo,SP
e5d6ae9f580d41869feecccb80ed249c,e2803fd0d7944ffe831d9027401446ab,47396,Curitiba,PR
2cd1a0a4d1494acc92497e5bc9be3238,9d81dff3086e4ad3bc66c5858ac909db,53172,Belo Horizonte,MG
7cef6987060b4de98887443733082fd5,296ae12225544b018264aa6d1b0e54b9,39508,PE City,PE
a051d5bc988c4f7da0389a0d8f228d12,9964c64972dc44f5a968a9b7924e1d21,77344,Sao Paulo,SP
e17daefc049c4d7aa9203f9f3c17a2c8,93ca927cfcae4447a750c748a2c09cc7,21870,CE City,CE
e9ebf4dc706f4f17ba2de96d3a964411,864eaffa2e314edfb0fed908737f45f2,26299,Belo Horizonte,MG
9e9fb3623ab14a808bf8337360affb8e,4f8f137613ca4892a6ac82ae542ab7da,83064,CE City,CE
8a82264de4634966934d732de5e634e9,0f78a14967fc409a95475a292f83ced5,12135,Sao Paulo,SP
054b6bcf16274d9396491b766edebede,1c2bd7e470b545058d77c902b43741ad,92656,Porto Alegre,RS
2bd6dfa406094aaf8f75d8c11c6d5cc9,0b544ad7463d44dbb693ec3bd096356b,83539,SC City,SC
d6a4891c8f024c13806ac7f0c7211718,7f392021357d4c58a6e038406e59c8f1,25830,Sao Paulo,SP
23cf620fed0848d7bc12bf8784f3b662,0fcfd225d989481ea17f0cf35564f53a,81830,Belo Horizonte,MG
bdcf06ba6a78449aa0ce9c9dbfe59156,b801945d644d402f99e6fe8550709abb,88019,Curitiba,PR
f46a4019ea474107a29c35add93a91b5,32f17b149ef2473d9a05745efc755bda,61024,Belo Horizonte,MG
f52f8248564a46b688d2c3b7cc5049da,6e56229700964a5193ba9e12b057961f,55594,Sao Paulo,SP
bba506c7bc99457eadb2aa2e67566463,b9815844944b44c983b77088ea696131,92477,Porto Alegre,RS
330cf26751364c43a9e7c799f88732d4,46dfff6dba17416893b1fd98247aa81b,55926,Sao Paulo,SP
b263e9460df4425fadac1fd802454e69,5abfed641d8d4fa5931357a909c71b0d,79388,SC City,SC
c08f6464094b4acd8cc72b345fd59f8b,082adabb9bc2492f8578426ba3ed5466,37703,Sao Paulo,SP
b3fe5453bae04ccba3dd95f1f12e78d4,fe879f56f95843e582361904bf894ac3,47144,Sao Paulo,SP
c6a47aef50a04c37b90aed0942c466d2,0299a7ed1440482fa5f15be36dd95402,47092,Sao Paulo,SP
0327982ad15f4f9f8a239e2b8d496ed1,0c2a1a20c58c436fb3a7baaa5a29c4f9,53276,Belo Horizonte,MG
4582c3442af646c9a66fb17adb135de3,27d0c4b6fad74d60bd1de01011d1c63c,62184,CE City,CE
d93738a2b7a54c5abedbb9765e000506,6ec687e563da43db97516d45f2e655e4,63234,Sao Paulo,SP
14e5895003bf4b26a8f28fb4fa752c4e,3d1e731951a14ceb96b53397136a3e9c,30565,Sao Paulo,SP
a95ab859ef664bdc860b7684693e5a73,f0a734e14097422fbcecb0a4bb5aadf2,32003,Sao Paulo,SP
552b18bae97d402da4a43fec206604da,175b465b364c4f22874ad036b62a69fb,88265,SC City,SC
63f3a05a0e914e66b456f827344d3296,ab7c0ce6ec184e58a98a3c31b974ec12,99892,Rio de Janeiro,RJ
68edaa6f81b249ee8012d09c53b67e51,3a24dd19345c4fc8b848a99151966c38,58627,Sao Paulo,SP
5fea304e37a543d7a17eff2c2c6d7b33,e0eb51b0570b4cd8844a5422ceeb5cc8,29583,Belo Horizonte,MG
84d89547044246b8a728832963af093a,ac0ddbeadeae44fda7768320dd270bbb,26167,Sao Paulo,SP
76b45143def14ae0a933e38ecbd876eb,cca944b968d042e4af9f4d7061b5aea2,74660,Sao Paulo,SP
dc4204edde0b4422b1a92694fc8b464a,718ff11502fc49ab8902acb4406b346e,90809,Sao Paulo,SP
0c016f83d81346058a0dff01ddd5dd57,14d4607a55734deb86169828860876ad,74886,Curitiba,PR
35f15214f32f44ab89917d3e3815badb,7927feb8d06746dcbae2a14567a5522d,16859,PE City,PE
1ced59e0df3c4e6ba3b66492ab4a5eb8,66ebb1cc405b480592bdad07b50dec2e,51274,Curitiba,PR
9f251f95ff6a4f3581d5d095fb8f9d2b,58370cbc63fb4c44b97498412fe68519,63398,Rio de Janeiro,RJ
7391f02fe4cc4aa5a25cc4ec53404af0,5c533cac9c4348e6b1d509172f290a15,59792,Rio de Janeiro,RJ
8d0ce5e3ede7469ebc050663652da7f2,61aa69e906704cd68b236d348bee7914,11582,Sao Paulo,SP
ac7ce06d3ef843afbafced422e28d14c,b1394132b50d4ac5bece12b9f9bfe048,40767,Porto Alegre,RS
a3ab40d481e342b2b1354beb1aa0a572,3388d4ff4d754bf9a6aa72414a626e1b,63528,Belo Horizonte,MG
4f6ee86e69304297b2311d34f26e40b0,2c817e2ec8484705a20df19ff31b5173,23441,PE City,PE
20e8672d6b964b709d8bd2320dfbba99,0f5a677f3b764f30ba3afb942e45a9ec,65050,Sao Paulo,SP
3d3f027965e142459ee018fbc948dd9d,b152b9a45a314da0b4d6134a6e65f535,28289,Curitiba,PR
fe68a8e51b664515935dc147b47d56a8,74640f44afb346f5a9047b00daa47c85,50579,Porto Alegre,RS
b338d42174dc4f9c8c269d3e216e3541,9273da28f67b4844b8befaa095d157d7,81009,Sao Paulo,SP
23ae2f83f5cd4a03b790bae98ea4c408,4c821c88a0184c60821a8756360aa9a1,65450,Belo Horizonte,MG
d10c0074d4cd49a68517c77213f629c7,b59c7601538a4720bec26aa001da0858,13995,PE City,PE
92a76782016d4b14898c4af3ee377aa1,067716b2c0ba41d7ae57a01152a448f9,68673,PE City,PE
3b29b5321b78496fb137a11430c83afc,a7fca700affc433a900e5a326b1319e9,11374,Porto Alegre,RS
45904e9dc2924fb6a4260a7d13702167,ef82bc928a9c46c583c5d746238ce27e,48840,Sao Paulo,SP
5ee5ed1c9d6a48539eacb33fa62dad24,7d45af4d5c7a471c86222fc77e2008fc,68839,BA City,BA
1bedc09f1e964c5caaafae74297fbd18,2c5ab079a59f43fc9cfd6723da262e56,93931,Belo Horizonte,MG
16c8131b1119450bbae0b5b88e2a0d88,510b1cd9f36f4f558eea0251e7947766,30219,Sao Paulo,SP
b97e1a3f500a4606bad198cec17e0129,84051cfe626e40ca80708059c6fdd1ae,65259,Sao Paulo,SP
1003996c179b433ca69d2be88aaecd27,117c050bb2a948178d56b9b5825e28e8,63228,Sao Paulo,SP
4a3901ed58be4ee4885dde02a388a9b4,68ddd95fdb0f42f2bb2a16edb4e21f46,12101,Sao Paulo,SP
dbaec894cad746909726278567040170,78c725ae11af42d8a6406660f72c83c3,27181,Curitiba,PR
71cfce2533634f378f21df215f65a9f7,2b582a6702a8467fa4530620b7a068c7,35787,Sao Paulo,SP
4addc57ec84d4a369206baddab440ae3,2d11476de55d4be088cbcd23250bae3d,56310,Sao Paulo,SP
77a683d2fc34403cb36c88e944141c64,43eae31e239a4798bcf71ded17da29ef,18242,Sao Paulo,SP
b73cf200d15840f0b738208d78e2243d,33bd59f385b945d4a3d8166b32056bd7,57968,Rio de Janeiro,RJ
e81d3999945d440c9d6f86376fa1a542,0954eb81f6ab4c26afe4529eb29c55ff,76056,Sao Paulo,SP
b21edc7b818d4754b1de3f2d3942b02b,71e70a07a20e48ce918a2002f4802004,57863,Sao Paulo,SP
433fad7441494fbebb3edaf3b98638c0,7aa92b686f7f4a5b9cafd506f65774b6,13561,Sao Paulo,SP
fd013252c47d4820880263356bb3c40d,9c898824ca1c477789b5d90f45936b72,19306,Belo Horizonte,MG
c691a06cb14943118ca3705c1318f722,81ad9df56b724ed89a6e7d0591f8348b,59081,Sao Paulo,SP
27838369417b4f559d32f2ef7c725721,1e7c639ffe70405981673228dcf42949,36089,Rio de Janeiro,RJ
82bd21218d014d5aba9adc980f21d9b5,ab4add7979eb4cac85e0b657bbed3e71,99246,Sao Paulo,SP
b861a70bd7a342db8eaee0d55c838b58,8cc66dcc9871496e94568dce6209e35f,10572,Sao Paulo,SP
91d929e81ced42c89e19347f191f65d6,7d9b875b622f44df966ff1e04cf51765,18893,Sao Paulo,SP
b399365a62144e4b88bd4814529c006c,233e49d10b764bddb4cf8e81ecd71c8f,67831,Sao Paulo,SP
8981794423954c74a991dce34325d6d7,cb88c86bb3614e3ab55bdd0d3412107f,40198,Sao Paulo,SP
26b639fb1cd64861b6362b073467b60d,db588ece7919410980d29bab5256af8e,99049,Sao Paulo,SP
9d6368cbfbc84b0c827196e2baaecf3e,ecb72a1a3e0b458cb83c91358323efdf,93205,Sao Paulo,SP
1b3a78b98c49480799daf603293f6f39,0dc8e5a997944b1693f16a409e3ee749,21818,Porto Alegre,RS
91fbf3de69b64425831bd5479f7b2754,26974452a92147ba9a47cc3ae0e77fdd,65464,Sao Paulo,SP
32e71c187a43440383dfd7b6d696cdee,3fa88a07b5cd4042839a073d5911477e,75149,BA City,BA
88cbb767c6604513bf7e88ab27c172a3,b94a39349dc34b8c939a673a9ae8a9f1,22306,SC City,SC
43ed33f2743f430dbb8a5088a5683572,2a72f782f1ed415da6cb95765827dd4d,51423,Curitiba,PR
d3961305051c4e38b9674fba3d085db7,9cc5c126855145259f778aebce85e48b,65475,Sao Paulo,SP
77fc35395b5f4203aeb7f36dcd5a479b,d669c9492a72476ab8771808c41bed9a,17073,SC City,SC
03f9c0e97f674191972a72d6d7ceabe0,d9a91e0aa6014b4aac2b574f21a572a4,55463,Sao Paulo,SP
8f9abebd5ec24a878c17fe05a23dff37,4f87951b79cc420695089bec6171b0a5,79017,Sao Paulo,SP
696960e531224852b4178465cd5a0648,01163663afb14f95a6b50a66ec89f8e8,67676,Sao Paulo,SP
46a81a98e0824ad0b3814eed754b06b4,5ac59d8a46354d8887aad808f6d57e7b,84983,PE City,PE
fb9fffebedba4702aad0d8adfebedbc6,d07e550188d2414c85c5c5d35bb4f11d,18105,Sao Paulo,SP
f7c21165a675464da37214ac38a93235,d2c72946c6fe4ae1b84730002850b60a,58944,PE City,PE
8728453fd8754204803e2ca48bf49e0f,1c29874b311848b1b0436b9b1e1accaa,26901,Sao Paulo,SP
7801a2093ac345a9bc7eccf264c61d76,44a28296d18c48fd893c42a2f5454003,33493,PE City,PE
859d00d4d13640dea0126bef016a6611,a330bbcb0ff244b6a6a606709304222a,43509,PE City,PE
7cd3565504e24f4183a9c3506ff456be,6070100f6c0148c7896691aaf348b487,49612,PE City,PE
7dcad98caf334265bb5d4c4e8d6a7901,75db5464b46f4ccb93de092d5b472391,19837,Rio de Janeiro,RJ
c4d62af2600a4eb0b7e7506ad392d61e,a93933fbcdd54e8f821052604c283e21,37418,BA City,BA
ee0b64ebbb854ec6a63bd74901b5286d,17ffc578583946328793b7db215fdacc,42151,DF City,DF
6bb13868b9014f99a03d41711e853a03,bbba277b8e894162869cd4a879d1c3cf,87428,Sao Paulo,SP
24b89446f67748268e983179ecf45550,be147683a30f4c01940cd3e09a3bbaee,52781,Sao Paulo,SP
164e98c914964a40a81746a61ff7854f,6d2a787405794674b1965ba3c623e98b,50316,Porto Alegre,RS
8a7498c4d5ca47259b2f63c92d0cd417,4d9cbeeef1794bbb8dbcffbc94200d7f,67978,Sao Paulo,SP
486475d60b2547dbb3968bb76ae65b86,f163bfeac99c426a824fb6ad3adac916,84339,Curitiba,PR
c345197efc5e4992b0821e76218ba163,72e181fb6e314be39a03428995e2e676,44779,Sao Paulo,SP
0d800ce7425f458192796fd4d5480655,9ce526fb7ca745c7a245094ab65d05bd,17420,Rio de Janeiro,RJ
24c01996c1f8488a9a0e92af80765067,ed27676b1b174663a26db7e04ec40209,59201,Sao Paulo,SP
b437038ba3504564b6d96dfff26f8425,59c52214427f41b3889d9deb295ba375,44631,Sao Paulo,SP
2f97278877f440b9aab3142771a22585,a9f50dfe00d8402eab5745b63ab09efb,57889,Sao Paulo,SP
dc3de5e0ae3d4202b2d5734b2211a3a3,78a66f9059394f688e2fecc14c80bab2,38022,SC City,SC
3d267c5b12f34974b9af77c434bc5d5f,3b001d37c3c14736a80808d3c404367e,22723,Sao Paulo,SP
7d002fc314c044d1bcc9402ac4a9dcbf,23663d42064d46499b6e4668c11bed0b,99130,Curitiba,PR
f2d1a390c7dc46d8b6250d8ecb82e845,8a3b025955224ce08b08057b3a6c8c68,51926,Curitiba,PR
dd992aba236d4b5ebc4e56c6f5364d98,a5ffaf92f770418fb8ab603f30440b1b,71281,Rio de Janeiro,RJ
d77cd0b025c44fcdaa7833261626d3e9,4a5824d4fefe4caa937c5a1d162d2849,86483,Sao Paulo,SP
e84653a84617467da1e04d95bb8970bb,9efe9fbf576f47729d3903014cdf78cb,17132,Sao Paulo,SP
03906da7744f44539cde2633f4680f7e,5e6292d400044c34a505eb56a26e70e8,51853,Rio de Janeiro,RJ
e242d0ff6d7e47369cee632dbccc4b07,1a155ec2dea54f5a96ba3aa6ef8a18f1,70323,Sao Paulo,SP
547cb22956f448e981a2a844a293bbea,62d043851a394d45a613a889e56a5ef5,26136,Rio de Janeiro,RJ
268cb9e902f14eccb4f6973fe0e349da,be80e3fee46f4fd694bd14b5d8e7f26e,85060,DF City,DF
48ff7221aea04db4a8c3318f30258b6a,a194df5f4ed44401be480b622d59f624,20479,Sao Paulo,SP
88f3c807ec5d471683850cf5ebacfe58,85aef8a8eede46f6a4eea60243c9df8b,94277,Belo Horizonte,MG
c09281b186f94c03b286999ac9e97413,9fa76a29cd6b4a30bf69a310cb1214ab,78775,DF City,DF
2420f628975c4d8187154fd4f7e0e250,384c66c79a454317aef8e97627620e0f,93522,BA City,BA
8ce59e1201b64a22aa875c02fe934453,96e5b25435614b9d88d14003825fac70,85442,SC City,SC
b5ab31d4ef7e471399e108d68565563f,962bd392335b466383674d188bc5e73c,79667,SC City,SC
e1809ff0f7ec48cfa1135b12aa26bcf1,c9ff29771f364077a8893626285f854d,62148,Sao Paulo,SP
6a036f15dc594743a673558e66952512,bffd52a27bc64fe8a58350cb88734856,66980,BA City,BA
8af83a11ab014a118e3c0646dc217c06,cef5db1342584d5385c270bfdb167d4b,49366,DF City,DF
b76d42823062409595158b670c3d9607,786f92c1fa5b4b02abdf99423a9dcf0b,63033,Rio de Janeiro,RJ
7086aad55a0d4c768d9ec3d09e00688a,01cd6db9fe5444729daf1edb9a00b41f,86118,Sao Paulo,SP
263f355f9bd54c0d8b4e214986a5ba07,df840f0e9cca42899d20928855be7f10,38155,Sao Paulo,SP
3c704d23943b41f2b9b3704a05ad3ab6,3056f5d40f6e4bb7bd5ba9fa738d530f,66319,Sao Paulo,SP
ab785817d7694292a366d0591933c148,5b3d1a77ff4b470d83b21640d870019c,53266,Sao Paulo,SP
51b5ee8a995744078f1b267dff1c8eba,24626be7a949434391ee48ad32767a75,60900,Belo Horizonte,MG
afbb402ee430456cbc77481d2adc50e7,8dd78bb423d84a218dc8e263508893c8,26129,Belo Horizonte,MG
76652ab883714006bc730fb9d073c2cc,d5e88fca80a34564a4548b60961f43ff,82578,Rio de Janeiro,RJ
0e345497f08c411288ace9ed77a75e28,ab4e90f4595b4b738d5004f93189555c,40808,Sao Paulo,SP
d5ee6b040a4048d2bdb1d3eb8d103dfe,3ac459732c9844cda7cc01cee6c407d8,35533,Curitiba,PR
1a98666e18934806a36c0fd5fe77cb81,90e5f70fc5074e89864028ba5dd91cb1,52240,Sao Paulo,SP
32d2a6ef738e43cbb659dd1ce5d31b74,da2691890bac40389f1fa32620ebd780,89596,Sao Paulo,SP
8f63dc46786c484283705657d410a015,9ed7a24895c44a7da26d026de3bb0334,74867,Belo Horizonte,MG
e5a200ca397b40dea1abaaffe7a6e9ab,f1bcc82557c8460db28c70e1ff88b5b7,44582,Sao Paulo,SP
176f0430362a447983b80943f11ef8fd,699b4e18b42444bf818ffd7016c604ee,92208,Sao Paulo,SP
f31389fcbd9045cd8c17d290ba116bb8,ec228b54ee8448b4bf7b6a589125967d,97890,Sao Paulo,SP
318bb094176945f894d0128228bdf375,4003e56b988e4bff983621210e044765,83343,Curitiba,PR
eb626631a82443d68fc35a866a6d437c,50d1595c8ece483aa183d5cc6efc3f92,70293,Belo Horizonte,MG
3e75c90df47642ab8eaea5f91f4e2f18,dc397111fc9647c49c1671af250cac55,61902,Sao Paulo,SP
e3fe018935a844738f8594378c1a5c67,80e300655ac84791a88f265fff84e7cb,81688,Sao Paulo,SP
c326d764c7d541bbbd6fc825f8fff90e,933e8720121146cd8884ceaae19c7358,10906,Belo Horizonte,MG
f5f3ca3647914eb5a95862022876f510,162594b2f2cc4b7fa04086d9a43d9600,59054,BA City,BA
a411f9f615dd4c9a88446cfadf49713e,4e0d10d3e224426db328226798f19e30,71434,Belo Horizonte,MG
aa1d087dced846cfbef208ca9077ea27,8afb089e0682436988f0fec4d659c385,16445,SC City,SC
2653bbbc79d44228b19114bc5cf62259,6454f333db6842cabc55ae6eb642f341,34344,Rio de Janeiro,RJ
dbd22559579140feacd5eacb4ab21050,4ccf3a8976a74626a5e9535f41ac8999,41835,Porto Alegre,RS
dbdfa3cf0a17450f9646a3e77540fd2c,1532c47a2b514f5a8f0dc4e20bbcf570,72687,BA City,BA
324f5c2094ea412e9b62f5c08ce8566a,1a74a1a7a9b1472d970a15c982847c84,72134,Curitiba,PR
c54a47fa8c6b45afba7690ed2e356067,b61254b4473846e68547c85d05eb9c9a,21626,PE City,PE
afc37d1855b6439db442e431fddf0487,a18970e3162a4ab48bf6d16141eeaa4a,81049,Rio de Janeiro,RJ
b2e395c8274c4d10823cdf7c823be73d,e6c2f7bf46fc43f4b858af7a2b36c303,44781,PE City,PE
3523019ecdad43c4b8105cd7d9154b81,dfb361c40c1e4befb20fe366653dff00,42028,Belo Horizonte,MG
522d29f560c5445fadd40351b37a273e,45de0ca92e7a4a4abfcd5e86f0f616d8,10783,BA City,BA
beeca2cf63b84673b674e5b348decab1,81344dda7d324502b4e19e7189f8ca3c,94199,Sao Paulo,SP
4a9aebcdf545481d8ac66b0e77dd16d7,19a486c30217460682e18159c6e35397,23141,Belo Horizonte,MG
6f9562501932428dbd9ca4f1719a5aaf,89bd57a032c443528e5eba534b3ec72c,83880,SC City,SC
fcd2ad38d0754f2da1265afb79483846,a1afff27608f48c69b7ae6197b978610,34328,Sao Paulo,SP
da8bd472d87346d1bee7aa9eb2f70705,41186572bb374db59ea6c3677f563f57,31488,Belo Horizonte,MG
09179fb9e4454b49b238ecbf2407bc6d,d768e6e8872c4f95ba568eb1b6009838,13346,SC City,SC
4dd2c92a24d7440e80c8b6ad6f801005,807094e0c12043bc90cf09e88e2b27ea,89098,Sao Paulo,SP
b7a3b007950d4899a12908420602808e,09cda0b22b3744d2a8251c4238cf1cb0,57170,Sao Paulo,SP
4190f3dd364a4f0b9da6725da50e46c9,b41a3fa246944bb2addde6dd386048d7,66686,Belo Horizonte,MG
ef0cbb68ead04da6996d751b649ada15,d8811a987ae74ea89a326732958d3995,74077,Rio de Janeiro,RJ
d8dbfa0dc76a40c7bc7f8b8596e7006a,501c4cb6fa9d4febb82ab3853bb9c592,41705,Sao Paulo,SP
44fe1580ede9424fa3c8986dc8bb6521,23e4be0c1b604fb189fc33af0cb7831e,38444,Sao Paulo,SP
74b02ed43cb448b79ea2678fc05a42b8,b082e75ad9254e148e5c784b91cf20ad,34858,Sao Paulo,SP
a80f2da73d194d7794daa57045332b29,728a0342d92740f79c9e3198d1028dd4,28829,Sao Paulo,SP
679ea097cfd447f7bfb5fe2f8c2d77cd,f8fd14d233fa4849b5aefaa27cfd9394,89128,Sao Paulo,SP
85ace63c58ca4103831a787bd4dd05be,92654aa76f3d45a58bea7a3c1744b086,72791,Porto Alegre,RS
902dd0b272674ae7992c8d951ee7c66d,f4654cb99b0545709f185ad8d2773061,37879,Belo Horizonte,MG
9051e57af6944b8cad08511680145098,fdd181935f7244ba810312248ea8b477,99471,Curitiba,PR
6825e4e464a043b7835c439fbef805b1,8af35dc04f7946758fde3047b93e756a,27466,Sao Paulo,SP
d89d46c02a6b4842825c4a1fd97cc663,3c70295d02464c0eb0514a7828062a30,37568,Rio de Janeiro,RJ
d9a0bcb0a7ba4fffb55d24812a09fbd3,a8a565528747489381250650934a92d5,84124,Sao Paulo,SP
6e13e0a7b69343ef8aad443cd0a773c0,19289ba1dba0406d8172d5a06acd8dbb,63067,SC City,SC
1cfbd34205644cab8ba1f14dda94fdc5,37aa657e991f4829a9e5cf4f8ff86145,47892,Porto Alegre,RS
bae6e4d54e814abfb20130dfcaf644bd,f5fa7b64c886435aa46ef1bc649a444b,43957,BA City,BA
950f8766cd7d485a8ebe1ab667e5097a,663dc09bb9fb404a80079ce157432daf,15232,Sao Paulo,SP
8938d346d01c45ea947eee421c599c66,236df72bc89a4d99be861a756e2ce450,34385,Porto Alegre,RS
944e686788d9468eb049085c57bd85ad,798994fdac8f45ceba3a7b231c1fad0b,83488,Rio de Janeiro,RJ
9cbdb483ded34f3d9fe9c43aae0a1d65,d7e9424d08f7423192d9b77ace94d485,27481,SC City,SC
01edf298c6f340368c4ca895f1acc227,e34ba70912cc47bcab83947c040bd0b2,52226,Rio de Janeiro,RJ
cf733822482b4881b2a3437a8c1135b6,0a57be7694b443e3bf08449dc722d3ba,41466,Rio de Janeiro,RJ
3b8adbe795b84df9ab6f9220a7f65095,74242f7c1cf045debb286ce0b69823f7,31478,Sao Paulo,SP
fb8031c8a8ed43cf9a1c5d9dd2b1bfa0,1ee60194760448b49fe6a0ab328555cb,61745,Belo Horizonte,MG
5bcaff403fdc4822b7efd0d949244de6,17480b1a599546e3a354eb21da1ae67a,70317,Sao Paulo,SP
cc68d581c6bc4ada94a4e0ed5e2a67f7,f1cfa2d734844b48b7efe96c6166c065,59291,Sao Paulo,SP
964383dd8c264aaf9a2ffa19f00ac215,343c0d5049164594af7edcbd7de9a14d,90912,Sao Paulo,SP
834e1582b2e54670a28e275ff3f39d87,fa65e1693b7542568b0648ceab33355f,87822,DF City,DF
5543d491dc7e40d791eb50c661d70b42,41c057ace7964486ac33fe90ee7de1c3,95556,Sao Paulo,SP
00d8732cb9184af0a7911f34ae7e53f4,45fe81ae7e3c4da7986d499d7f28d15b,34488,BA City,BA
0c8163d5fc854b2a91f4386b45b029b1,ebd60bba39c042b8a1a953886b83247c,43854,DF City,DF
ed7246356bfa4f7eb43a1d466d76a366,75ac410da4914a0ba55fbc8ee9accf32,31671,DF City,DF
a4116fa35e074008aded6b4bc9dab9cb,2aa31eaf3bc9413588d9127c9ae4b560,67579,BA City,BA
bd90434b0d8444caae32fd0265fdf11e,e7a07b1309a0431c911a16724c672bf7,72049,BA City,BA
05ea9be037c34507a42433f937f1e971,f4c07bcf6e754ab29b10c63e2bc7a0d9,41032,Sao Paulo,SP
b24ebc11eac542389445d38c5e47e88e,3a3a1cd328544ab69bcecefccd8bf6f7,91520,Sao Paulo,SP
c9719456160841b9bdc616dd5979c1d1,bf717762194145399840924ee834e047,30899,Belo Horizonte,MG
41de08d488b54a94903bbddf146b16a0,40de3f054bbd414292f08c4508ca43fb,39338,Rio de Janeiro,RJ
525a21cb30d54da4bc363cd3005e1f48,e922ee9e29df45928b956c39039cc1ba,80112,Sao Paulo,SP
8f6a069ed8244c78ab4beac9f2efe84e,e53567092191406795523fd169a0d1a7,54321,Belo Horizonte,MG
caa2e943773b47799b36c1d2c6631a37,5ff19aeb2d344e4489c19e941fa74898,95420,Belo Horizonte,MG
498da88306bf4c4c98aaa3320f3b6469,948944105a9f4db29ce523ea5ff8fdf5,28440,BA City,BA
26f147c8e9e44c0080741b338c663e93,9cdd394ca96148a9bfaf2d6daf943bcf,16125,Belo Horizonte,MG
cc2564d58b3b4facbdfe5d923cc06ddb,60bbabf2e55541ab806e4f6663822923,27912,Belo Horizonte,MG
54a65cb9142a47b5affeb0abbea81c03,9190269be9b34bc28eb7919a53a6392e,41234,Rio de Janeiro,RJ
f0128eb5c90c4b04bffe2d52a6d87126,16b94cfe05ca49a4bf91d1f337ca4928,99916,Rio de Janeiro,RJ
c8f5a8897eec4eb4b1d515d7de309962,af8e109542764e94b56da34b2e220bb6,33902,DF City,DF
d523a79f061d4a659f23cd9ee93bfe8d,a3078eb9cf3b46448897048ea01db9be,12843,Sao Paulo,SP
bbf36ffe3d0943e9b42d62434291dcf0,53320f92b14e4dae8959c32da835fe1d,85396,Rio de Janeiro,RJ
ce38c14b3a194fbca9dca44a527fb31f,6eebb32fb5ef4a348a30b6faf927ceda,22310,Belo Horizonte,MG
6428004eedd74057a2df53d12e40fbef,953520e240b442f4921c153cdf20fa5f,42946,Rio de Janeiro,RJ
68448cbc31754ccaae6d2d139a304c8a,8b601d2b3fee4067ab1369e29992edc4,10017,Sao Paulo,SP
a1a4c07a24d046b2af6ca2f817ac134f,f8c20dcf4a1547c397b36abff4ed0a82,18553,Sao Paulo,SP
90a5bb83a726487bab829426548f25a4,f887e34fe5f4460686d9f9b1247f67c9,65480,Sao Paulo,SP
503e78fbaa13413ba87998bd8b110e02,56d9c47cc6bd49a78e6c0f109a750bb1,90851,Sao Paulo,SP
e78835cc49e54f778c034b730b251024,2d95ccaacd1a42679de20f33c6fb7092,34759,BA City,BA
a7897f4cc0be41ddbb84bfd2faa08018,6cfaff7d54e345bba81a26e77185625b,39878,Rio de Janeiro,RJ
a4a5bfb09f2143c1bbc012a02479b3ee,a684f3e2320a45bd84617b77d1e8f39d,32962,Sao Paulo,SP
cb69d8b9516d4d19b711e41567e0757d,ea34cf45841c4b3dab2fe60bacf00675,77667,Sao Paulo,SP
0dfca4ccac6f4289a81897ecd5941033,c585f8ca0d2d4ad88fac890446d6c330,46556,Sao Paulo,SP
81fb12a2816f4f13a4a795511d8dba16,b5fbc463d753437da9623d0e4710895e,48448,PE City,PE
03d7e78dd71e455daf1e8dfe13cc0cc9,c35efe94d6684f05ad13fe27d3bcd652,28127,Sao Paulo,SP
fc75782b20394ebfbe2d0e957be1b380,1a3d8a3509ce4880b7631a06ebee4b05,37842,CE City,CE
5282bb89272d480280a82e322da131b8,c9eeeab286424e66adfe8fb5c0174175,48918,Sao Paulo,SP
57db4d136c204b9bba76ae5ae160ffcf,df0b6d6f0fb44fa89d1b1639e9af7e7b,74833,SC City,SC
bda30d2c39ee4cc39840dbc55c2601f2,448a3cd1ae2a42fc9de2890190f01eca,96486,Sao Paulo,SP
1161b3fdff5244f393b356806a640b51,760c454e8f244197a6859503712400cd,19253,Sao Paulo,SP
63a870cf5f05411ab74c249e1f62bf76,9d15ba060a6246c09f916ba520a070fd,89252,Sao Paulo,SP
fdc4fdecbc8e42089cd22ce380bc978e,6c3c110891c94ed3bae1c95fead9d7d5,87462,Belo Horizonte,MG
d6b41c8000ac4adf95f48d809eebcc96,6f76bf6b477e45e3916261ad93630b29,78848,Sao Paulo,SP
67866ef831fa49599f97664c405495b9,7918a7f93ba74923a4c18bce057bef08,29575,Rio de Janeiro,RJ
5c893db7ac684d359d2f2ceddb87a8d0,9de80f548095454e8817ac6bab4b90fa,89705,SC City,SC
324b113b9c954996ac2e419943ac6381,90893821800a4d1982e48e6ccc82dfa6,11191,Sao Paulo,SP
ca98670453f94010bcc82424f5d1fe4f,e8654c599ea34035ab9967181b1b93cf,98167,Sao Paulo,SP
ddf97d1fca8c49ee9083b726bc99858b,9429624bacec4250ba891a957e6e94fb,73343,SC City,SC
df077a1df4e94331a006c43009ff341d,f193aeee4e094d9babcee5e0646e4576,53437,Rio de Janeiro,RJ
df4317b68d8847cea47d03cef911dcb8,acc1d278631a4d719514d41b4932ed1b,52084,SC City,SC
9f01a8d062904898b9c0107cb8b1a7b9,b67532efa0f64f5da7a2a735e716f25f,21023,Sao Paulo,SP
076120bc08334245a71a8ff5e4ec20dd,2bf46d09087b4a68962cf885f110bcef,53025,Sao Paulo,SP
372c919d07c14e9dab79f20f97796329,0179c189657249c0be86d885bd50ead5,45222,Sao Paulo,SP
856470f123774b89897553de677b493c,ebbe83bba83e4215a44e32f44e639c9a,54839,PE City,PE
8d4abc5cf88d440a9c2ace3f680a9a94,4eaa4885b6cb45699f289e776865a5fa,26624,BA City,BA
2e3ea351f9a24875a2dada24157bcd91,bb585ea81799410c801557fc775d3e25,60987,CE City,CE
9f7221560b0545c69a67421d5eeac354,d42c37062c20474ca7b8ec3b6adf614b,17546,Sao Paulo,SP
f93c0ba878004fd8acd87bacdf0f9789,5b891150a99848c88d9332ad65290a63,68007,SC City,SC
446debce5a6d4f7d93373861bd8ab164,f91a1697765848dcb0fdc333d4952c6d,52415,Sao Paulo,SP
de208235aa1c4bc7b5098d528536eb3c,ee01a146aa2f478492c8c18cb3bf2b4e,67202,Rio de Janeiro,RJ
7af602b13afb48a18de95751e5c998e7,1d61342a3b284bf7bdcc55d5a1f6b089,84500,SC City,SC
33e2b580321343418ebfd34f46330141,ab08b22215ed4210a4df54687d1fc059,89868,Sao Paulo,SP
06cd3803f6ea4a3292cb9748e74d4142,e2b96ebc271349028a6c17bd5b368ee4,91570,Sao Paulo,SP
c86f3fb1e25a45a4a8321988f3ce0891,7472bf0e858040bca65cb73c2c9f3e21,19101,Sao Paulo,SP
265b1504740748e3807b3db3225f7b06,35d93fd922004443ae289f3d9e1b9819,36442,Curitiba,PR
74995bd63632403f8306ecc0fd62d6cf,4169c7ca81d84061b953b12f39bdd260,82235,Sao Paulo,SP
b7d3d7c58f954d13bd741dd76e787122,0c71c9e10238438b8614fb68a128d24a,38984,Sao Paulo,SP
3c6d8923889c4af6963a838c62431647,69a2c3a2a8474467805c6855fe61d461,26294,CE City,CE
5c2464aaee3044a5ad93d519d4b4d1d7,371e8d6583ca4b469cb0a2bd54d43de9,13860,Sao Paulo,SP
c61c306f06444bda8c2adb636d64ecbc,8db87f1e91c540e795bd31f3c9ff5638,10495,Sao Paulo,SP
6d0e92cb9249410d84bc3911ac8619fa,21b74b75073f4bf8b91cf3867bd435a7,61556,Belo Horizonte,MG
03a026917a6d4ade987b96cf5ecc49e4,7b073265b5a84372af40df47fd0aa7d9,47269,Curitiba,PR
6be3012cf7b1479993bec87b74e03532,06d308ab342746ff8fc9b94be7b19470,42224,Sao Paulo,SP
84cc9ad62396422ca899b595c4621059,979db8295a2e47928f11f8625f366899,37976,Belo Horizonte,MG
25366b08849547c98b2004c4e17dd747,5f086edf0ab84f7a82005be087908ea7,98268,Sao Paulo,SP
4a744f6816474fe6bd5dad5b47dc2457,1b57cba43d8745b7897e9971ce8ec68b,30280,Rio de Janeiro,RJ
8caf5ce17c374f7a99047afce072354d,b1e8741969224dc68eecbc4ee62ad0dc,34157,Sao Paulo,SP
b0cfb5b073024053ab3b1ca7df9a8c1e,3ac7f73a17e344eabbcbe9eecf8bbe14,66688,Sao Paulo,SP
a1376dd04eb74b3ab1c7ecdcf7ddca79,b040d2ec7a85497ebb1d86a566161b37,91974,Rio de Janeiro,RJ
84812dceb903454fbdeb165f265dfc4d,b465f717ea3348a6ac83a37adfd4bd5b,29732,PE City,PE
32570260dcd4425eb305a02e2389f5b4,6f046005054f4dfa991c5f641fdb3ed5,26814,Porto Alegre,RS
165bdfc6892f40bf8820d5c49e0b7e62,0b5127c4ff114d82b770b15cda8b0991,74587,PE City,PE
07b1ad64682e4b118dcc3d9c851664e0,bdc6f3d8212f464aa5b37aa2b6957467,68903,Belo Horizonte,MG
27bfeeed422042b3b8fdaf2107fc4b83,47fee4b1a9644f868ae1e0773eea7855,71268,Sao Paulo,SP
34fcdff6673f4ee7a1a6298213aa459b,db5f7155cf96479a881c46ee4e2e2f5e,71192,Sao Paulo,SP
c0e045fde4be48f888782a3018dfb178,a7d299a47f7c49798dd69b758f41998c,38618,PE City,PE
d7739957c7bf44ab9a7a95a92afa339b,b4029297b74e4962bffe844e443416ca,36706,Belo Horizonte,MG
5382092bc1d4409f98781727cf13b411,b9643016db69492a95a3f2029729fa01,19887,CE City,CE
848d06299ba440418799aa4b5ee0d0f2,dfc510f967844c87969ef550d64878c3,64285,Sao Paulo,SP
9159fddd37114b83bc54d2774ccbd786,f0fbbcc1b5284232890bb44bc46d5111,76352,Sao Paulo,SP
3219aa0cdf2a4a7a8001b86de617e259,485262d9faf5423888eacf77b64aa8cb,14426,Sao Paulo,SP
796c5a76cf984cd78a02f85098b04dc4,4b906b49c55f485e8d7bf64c5556056b,62222,Sao Paulo,SP
3245623a8fbd44539c35a043c21f5a68,f99d99cf14644c8bbc9400257efe1feb,62665,Sao Paulo,SP
98a7d3bed0cb4177877e87725e6057e9,3cb92a17194046b79a8909eed648386f,49156,Rio de Janeiro,RJ
48ac03e05bff4fc292750353e4620690,c70c22ddf7734b4189c0f2d255375545,72671,Belo Horizonte,MG
88bbf4a5c5e2475293fd97271877506a,cb4f6431909942818f6db82159451a49,13706,Sao Paulo,SP
fa93fa9aa94a42b7a66e70fcf52a8095,84c5926fcadf4ce99ccf230cd377e912,68058,Sao Paulo,SP
9d6e8381a6c04828939b48fdf8f764cc,820f4fa83bb7474182ba76be7383baa8,10452,Porto Alegre,RS
4bcec392e9f04250bca4ffb8b5fa5433,3553225b2d1b40538c3d272d876ca512,37175,Rio de Janeiro,RJ
8ccecb0b7f7741abb4477137a42829d1,6880fca14a204d2582af5608eeb24bbc,83205,Rio de Janeiro,RJ
0f37479e5c50496fb2a724f529b36e93,bd4902a7f6fd48d6a99bce5ea93e49d1,57383,Rio de Janeiro,RJ
35b42f96dbcf4d8f94e987b133b7e4d9,3f61643aa669444ab3a8b5c518d08a0c,16862,BA City,BA
e86a88d0ea024f98add4a862ad1234ab,0d7db5c2ad7843b6b9f44caa8bf58005,41200,Rio de Janeiro,RJ
0f0be2e413334f9d97b7b64aa9b6a05a,4508a9c79d9b4437a24f1a9324528b71,59604,PE City,PE
c5b8c1beebe24076a112ad78d23a855e,f270badf6d904d8db3c7275c2af3bc85,14528,Rio de Janeiro,RJ
a3556d077bd44a01baafdd61a23d5ddb,e2afd0a1b23b48ca8b67a0dac948a94d,53916,Sao Paulo,SP
b441a85ba52a43f8b2176bc85622607b,7a58342bc90843299ef339f75e5b87d7,90525,Sao Paulo,SP
2b2abce884614d83ade1d0dedbf6ba14,3fadd2a30178477eb9f6e32ed9e0f733,51050,Rio de Janeiro,RJ
2e718faa505d42aabeefd312548f18f0,1e73c9a8f6ce4ceb95c7f3550e5fc1ed,32212,Rio de Janeiro,RJ
c27a58db9ab5427ea996b5aa5b6d5c84,61691bf952fe4d2b974a4a1334b0fc63,91776,Porto Alegre,RS
0b90366f8cc74a278b1172c6bfdaf9c0,2dfc6e259f9740218f2cb83a364b58c6,75984,Sao Paulo,SP
370a702a45dd47f19b91f0cf30ccc6d5,c08b037d43794052b62fdc7d3e37e353,49876,Belo Horizonte,MG
1ff5b2b1d84e4f8784112437c2162318,413d0cb5e3c34b7e80e47692fdae3b97,27730,Curitiba,PR
6b353eb3e6c74848b3b4a7f7ab4db1a2,c02e8108d87d4bbe84c9ce3182aa4ff4,92598,Belo Horizonte,MG
f7bb15f688d547b2abc59cf35f607e05,31c3ae0b38bc4b6b9907d5a986a7396b,47704,Rio de Janeiro,RJ
9df06cf188934c08a030d254d881cd33,553f801789274896b7515140df193612,21116,CE City,CE
ab96216d4dcb4c078fc0f007c147eaee,c5b1d19726c343cb8894547a0d76afa0,14927,Sao Paulo,SP
580ab8925a934a8fba60b272db68fd14,905b1461044f4399a831f53bac8f7c6e,93927,Sao Paulo,SP
187413f436154d34a2d4ae994b53bafe,b4ff8587e2814ee99d2888e1b2e1dd35,71986,SC City,SC
4175b2007cad467ebb452de0c7173f2d,29ed6cb3a13d45d3906135230a4f1034,48995,Sao Paulo,SP
bff0e169cf094a3e98fdb2af6f2c2e04,b95cf9723a8b4080ba1ee1147fc33a11,17031,Porto Alegre,RS
67b3680952c64e608fb7268661630be1,ec74957acb7b475c99e5f704d7503209,27337,Sao Paulo,SP
5467e76d80724ca493440ea88c63de37,5392b5804b074919b551550cbe5ab05a,75019,Sao Paulo,SP
6cd8fd9faf374260a33719ef0943b66b,44b91ceb4c27412db70fad599cc940eb,45422,Sao Paulo,SP
118c0e03eed04c819f73a2a574b71f11,3a18f5d3940e4479a1766e7c28f6b774,12425,Sao Paulo,SP
2eb21027ad4b425090a6bb680cb99358,c8dc10ead46b4b18acefd24b57b3ed4e,98525,Sao Paulo,SP
91bf5ef082bb426295c38f9f43955840,37c81a36599647a88c0b6fe6b2e7ed3e,94935,Sao Paulo,SP
0ed82098e030431baeee012339b8ff1d,4bb82972426b400fa7dfc775c52c9759,66928,Curitiba,PR
533af7ba3d5b48319ef9ba8d5229b46a,ada09e36fd2b4a2cac5d867d11ebdbd0,72028,Curitiba,PR
30577cb453634b54871df10682e0c576,d47514ac1a934ffb8ee15fb173e5162e,58080,SC City,SC
d551253ae0b64818886f73562c62d3a5,b08a5dfad76b40e395dfd4a6b76d1aa6,76366,SC City,SC
509f94f8658649d9961b454b01ff551d,21468d8f32284ce0b6a043d1b9a50574,31889,Rio de Janeiro,RJ
b02cd2557102405c969d32220a1f0b6d,addbd0be6059486890b307a85504b9de,66102,BA City,BA
1c0a742d04734948ac2f9126aaf4f5ba,ca954b40db1d4f3d9aec9c5d44f1d9e3,69433,Rio de Janeiro,RJ
137ec0a28f3e4184885c64a4a1bd0adc,3798307fc8c04cd4b3d747322569c24e,65082,Rio de Janeiro,RJ
8b1e1f0a2dff41aea65d29795635e8d8,c6a1bb4b8d7f4e64bca476cb15930bd2,28051,Porto Alegre,RS
d8bbfa0cb22b4d9496f79c33450586d8,ea6521599e6749c98660d319b7b0bf43,58660,Sao Paulo,SP
4d26dd0425ab4866a2056ccf36ac5fb8,077be884fd4148068d1389bea3fec5f6,84602,Curitiba,PR
dd4d5ffd8792402589a82c892c721aaa,1fea1b1c9b1843c6a64e2dd6dd4e0022,10317,Rio de Janeiro,RJ
f5bf52362f1e45cf813812c635a711a3,489234b3d5e14d3491f77794757c48a1,66321,Sao Paulo,SP
7a5030b41c484c219b48d9c82e1fc56e,4596aa0abb2d4931a735ccac491c6577,30958,Sao Paulo,SP
227a1d2e16c04c7caddeb3f4d35b21d2,e28d174211ca4cefadae6e0fa96d2eb3,11807,Sao Paulo,SP
6ea45a5916434ea0a58ce0c84011661b,462084c5171b4f9aa418c7310829c298,15244,BA City,BA
9cc4cc94d920444a98f4114251f8722d,85638fac53fd43d49aa67862141f3192,42127,CE City,CE
bd41764345a445e8ae04ad7594ccaa56,58b7d0d217a44873b7f1d410b97a5713,63062,Sao Paulo,SP
6432081719364612ad73028a0cdee52c,64b486cbd56a44a9862457647384624a,35022,Sao Paulo,SP
47f3f7597d1044af94bdd9801b65b768,78cbf56e6b0641a39eab4edd2976b7b6,76631,Sao Paulo,SP
bc25dcf44bb94a43a2d0edbad7489b3e,b283742a05ed452ebaeb62faa48ee820,96816,SC City,SC
6ccda5e993a841e190c0edd510b4b532,3f4c274bcec24057addde054645718f8,56770,Sao Paulo,SP
df5edf9390a64ff580c5de658337b558,b433e5c7598f49f69834c1dfe771d7fa,93138,PE City,PE
5b184a7205d54a80b2fc676ad2cf0952,39df93839f7e46de99a4984ae86cb375,62892,Belo Horizonte,MG
0c249e140f73494ebb0e2ebea1e79666,f1e1f575b8b54a86aaa504f1aabad7e4,44389,BA City,BA
804910f47e784f69a609d416b67b31b0,08bcba6b810245f8927cfe5d67dae366,63952,Rio de Janeiro,RJ
f8cc0235548f46088370221b96f2be6a,5735eda39d5449bca42b543c22e18e6a,19302,Porto Alegre,RS
3cd15353c8be49bc8f37b725b55e12e1,5e1ce3660c63406085d885f7b744f408,47057,Belo Horizonte,MG
150289545c36477380e666cf9eed4258,f055c1cbeae04578b2940bf7c7967fd4,85192,SC City,SC
efc59d78da7d49a697ffa28c71d7882a,96ce6aec1724476cbf504dfa8febb65c,68696,SC City,SC
ae40c8894d9b4beda08a867c991245f2,e54ccb69b88e412fa22c09650b4594fc,45031,Belo Horizonte,MG
afc92f658a134caba3cff57129965e55,ca29d4d4b4e44c5f83b848bc97772621,51295,Belo Horizonte,MG
30425bcaa45d4318a3d3d6c3d9a0ade6,013896a8ab744e12876014b418a67a4b,87989,PE City,PE
887a65c46bcd412ba26218e3fab67991,9ef4e43a0f464079b3d4a5500c476078,73661,PE City,PE
5c8103ba9b324f3699cab7ffe64a5ca7,8db3a5620a774821a200156f4c920e2c,94631,Belo Horizonte,MG
71620df0f7df4b0ab0cf6a9f6d3226af,07eace60c38e4e9691f8fb8656f6a8d7,86834,Sao Paulo,SP
bc8362ce8384405a84dc66f278d5654e,13e9ea2f1e2b4f2ba6fa230c0b8ebea6,37376,Sao Paulo,SP
2f052ca313fe4f9dba1f03738dc32cf1,6ab71d349f934d49b83c4ed573947f5c,23695,SC City,SC
d462502bdaf44b718344e0e6b3382a2e,0eea92a593024d298c8b043e561157e1,78513,Sao Paulo,SP
2e57c092745d412d9adcef6ef3356f4a,7783d9c9fc6f499c9b30e4c707cd3e5b,38519,Sao Paulo,SP
eaf449647bd74dc1af41742467d9081b,b6972c7be83e46ecb7ee0833541fe119,86949,Sao Paulo,SP
17997187f2304f73af602945c98a9eaa,7b9ee0be09ee4373a76147ef84dadd6e,84807,Belo Horizonte,MG
850b76e580124dfa86685cf5e3518472,9b26fb5ed47843a1bcaa23b37d92430d,99049,Belo Horizonte,MG
60a3631483a2470fbe64e13152414a4b,fc615251f7a34d878584cb1dac083ff0,73491,Sao Paulo,SP
23ee558818fc453a9034291032940c9d,932c714be75c422a9ba2022ffe0e3f1b,85276,Sao Paulo,SP
ab68b86187b74fe98ffe191b7e49f0ac,5b20b7f02b504fa5814f705bb03f09df,80999,Curitiba,PR
6fe16b6eaec143ee8983f0cd3375e377,b81f27c583a54fd88656e9b809245240,46411,PE City,PE
10ab1d637b6149ee8720c3b03d79b013,d5128bf142a3455386a1eaef8cc234f6,88401,Sao Paulo,SP
e5857de78f3843fcadd94888b15b7719,d3f4ae908c1841eaa1a1767eb63d87a9,20143,Sao Paulo,SP
111d3b41e3244d24ac53f656e3746a4d,b20a7f1b655c40a384f42b421ee95b0a,43775,Belo Horizonte,MG
014a518fb8034c98be4bd94028dedc21,197064abb5a6471dbb82f535ba4f1fd4,88478,Curitiba,PR
66c43b3c73134d2db9c1d64cdc91e4cc,1cf1ec18369641f784edf723fce55b27,76333,Curitiba,PR
a083953af5cf426bb1005cc410885ea3,c0b1754a7c6f47e686fe0d99701a5b68,66000,Porto Alegre,RS
3a8d16bf9b2d4c68bbdfbc947244c0c2,d53baaf93b8446b387479e23919e6937,14506,BA City,BA
268b933f0de04bdfb5a29583d11d8bf6,915096971f5f4f58b6a600ae08aab664,87237,Sao Paulo,SP
c164fd58a09148399a0c0e0c9ce2fc44,25a2c726291a4e52a166bd6489b3df70,91293,Sao Paulo,SP
1f3bd131f35a4cdeb75a51887a5a23a1,b34a20dd3a3b4d65acaec9c69135414f,51286,Belo Horizonte,MG
c6d9d52295284feb899e13242482b952,a7b038422034493dbb95dcd0e434d0eb,51101,SC City,SC
43c835012d574d52ae2c1fdd504c2c98,d89dbeffaf774d12a76ab0b1f9042ddf,11862,Belo Horizonte,MG
4d8b73e227f44ea4a48a37462ad8cf9f,e7ca954a66f34c12a4d3f8c5bb31267c,46974,DF City,DF
9cdd3b073e404a0f94607fa07c2e4f56,443eeaaf71e24ef4aaf32852b401dae2,88278,Curitiba,PR
7bb32ca1d3fe487c98f551db791d567e,f4d61964c3ca4532a395ad0b7bafe260,96748,Porto Alegre,RS
7ef961aae3bd4abfa129f72e96bf870f,6cb263c5d45543ec921b165e4adca1ea,37202,Sao Paulo,SP
7dac0485573542e8adc692914b7bdfaf,3d38d0b4933044088efb6cb93c33920a,28733,Sao Paulo,SP
83885024dbd64edab46f83a9307efba3,7628ced853a34c41a118ea2c163e483d,64649,Curitiba,PR
8c4c008d35954a728d3aa3c1c5f4fa37,2518c5f3d83e4d88b0dbc5adb59983b5,67215,Sao Paulo,SP
3cb893f57f454cd8b51ce73fee577eae,35f21f6b86c34d3d8805ae4e4517e359,48875,Sao Paulo,SP
4f73267ba7a747e7a481bccea1f17463,b192a74db30c4484a6e6f625c182c75f,38374,PE City,PE
d9b1a43f1dbb4fc9b099cf201ec4a5b7,e2c9ca8084704faf859688e32df2ef31,26719,BA City,BA
4db838c622e24c308a95a791234c5146,41367eb0a8964620892ddef420b4718f,27273,Sao Paulo,SP
240d56542ce94302b755782012387138,1c7e211ba1294a6e943eb4a709c6e527,39154,Curitiba,PR
a8532e276cdb4e01962e434eb9b73ef2,4e7d56dc841742e29e639e750bd2be2f,87395,Sao Paulo,SP
a5b4655e442e4f679378bba6ed10181a,4e2a03d868614babb1f72f12d6bf06cc,43719,Sao Paulo,SP
5620d3e2b4fc44808a32df94d8f4f3c5,ad812a978d6747dd9cc3342716bc751a,59939,Belo Horizonte,MG
25a3576604354bb2b4000d62035be5b0,4f677d94a8d5462c8880457236ba3f44,23294,Curitiba,PR
b01516fe810a4dc48edbe7f0321e5323,4e63907f4d654156a58165a252c12ec2,27139,Sao Paulo,SP
bee20127ea2b41c29a032eb28e54b3e6,63e69cdb66344ae4b40286505fcd5f89,23217,Sao Paulo,SP
2a0d5b93ddad4cf59556d1dc0dd6e8ef,5f46b22be28942689ef75f99f04d8ca3,30571,Sao Paulo,SP
fa5d7376afc74440a275bf7144225b3f,6897e58e79d643639fba60a6d9dd171f,81834,CE City,CE
fdd21ccb57484d28ab1ed3f5c15567c3,a5ddfd91bd334983b7492d10d7adb56d,86771,Belo Horizonte,MG
be895f3104e34829a065451cdd783875,f1da6e4eda4544c7a66d74af026c677d,79948,Sao Paulo,SP
8f3362895b7341359c61b028b6defa93,4b27afcc77b044f488500a83a681601d,95316,Sao Paulo,SP
60067f0472b248ac9584852b82574d58,6851e3abb7914eb681aa30aa82f6d925,19781,Belo Horizonte,MG
a6de9b85481f4e4fb2a87b389557f2ad,a22f2be904b74bf0bfb579e24714bb96,96577,Belo Horizonte,MG
06c38bbe93064c05b654624f23adf865,d02cd1a83c7f44569b6310aa7b57632d,23674,SC City,SC
5230df8face848e29bea6eb5492742b3,934b4d36eb52400eb32b25fedddde48a,53194,Sao Paulo,SP
2fc677532b9343a292ec75150c7d854e,4d2d2aa023264d6cb250532675ca13da,90729,CE City,CE
9f2aa94f90b14110a071dd5e822609fc,a7fb716b66a34dea9e0f4613b8b4ebf3,47790,Rio de Janeiro,RJ
15e65a6a243b481b93f9815d78583a87,7e10a56c6df8420c9d2affd4f10f225d,83712,Sao Paulo,SP
c169f3c752864f4bb14ed2095fe4e23f,0ec5879bd5e94338875112b6fc30e0f7,54490,Sao Paulo,SP
b990d41b39e1485c80ec650349e184c4,4f967007741b436c8692da8129871487,39881,Rio de Janeiro,RJ
736d283387e64c4c9623aa00a4953d49,681d1cf79f3240d0aa5b0fbf0c32968e,42961,PE City,PE
071bf37c1fa44fa0bee742cda7d17756,84e2abf9402f4cc3bb61035c4fd08cb9,12134,Porto Alegre,RS
d71c20df63d34d4b87533d36f0ee5b01,d946fb5e20414315986d2de33303f70c,10535,Belo Horizonte,MG
78bd674bb07d4111b87c12848d5e6fc7,78931dbcdafb405cbf1e8eba9aec5e0a,19598,Sao Paulo,SP
f3e98e8441624aa98877034def51326f,19fcc1c67fff48159aa266ae43b5759a,33914,Sao Paulo,SP
9c5b43e8ee854d319776209970917b01,7ce280cb66734f708fe78fb1a20573ef,99791,Rio de Janeiro,RJ
a459b8ba5b6546c8b73e8eb78bf57393,b92c3ab5de9a40f29beea7436e135bed,69038,Porto Alegre,RS
e86f4cd7ead74ab3aaadbe84e987efec,4b33785127d54a4c8890b7d0c060df23,67270,Curitiba,PR
d3a9ed53b23d4887ae48f411df77e41f,77c58ac3c1ce4df6a3f214a7cc7569e3,31410,Sao Paulo,SP
720f3269e882419cb7f1b6ffb2300966,66186ec6c0854b1fbb50ff1854ee0386,28018,Sao Paulo,SP
8a5a47f39ec440b684f5aff4476d79a8,c63ef97cec3f4aeabb6acc3def2c800e,35311,Sao Paulo,SP
a76d3b4b8c6548d5add724408db26fc9,e019548646a84124993632ea9c30c2ff,87539,PE City,PE
726d1e6a231e4837888361d061c70f08,797bba6a9237430093120ab6212af5f7,79606,Rio de Janeiro,RJ
3d1afa8aba5b424e81c617dfd4b00ebb,53be6d0071594628b9f127231356423f,49870,Sao Paulo,SP
51af58a67a414eac9a9977db103f1c09,098ba8948de04cee9a21b65e19532d03,75235,Sao Paulo,SP
283ca86bbaac417fbe443513052eb084,ddf2e32ef5b04ff1b59b1886b09607f9,49344,Sao Paulo,SP
1102ab9df860428a85198d5685f5f786,6e7e97d254b441c0a2e9d5f9c5f9e6f2,32626,Rio de Janeiro,RJ
8c5a790a12b44d119bfd3da539e7c4f9,610c5132b762473494b0e55065e98682,93489,Curitiba,PR
fa1d0ac41f3e41479fcb4ec525dbff87,c53e7c1718e8493596f19bf205964756,31183,DF City,DF
63f8ed9d60304d3fb12e68b491db109c,d18055e3bdbc4fd182106e7df901f42e,54696,Rio de Janeiro,RJ
81c88987b0e4444abb34ce32220527a7,e2a19564b72b44a5b9b8763e39723a32,62126,Sao Paulo,SP
6e7852ea088e4f4390b19be7ebec954a,28690ce302f54dd2ab35548e4343e8d6,70436,Porto Alegre,RS
709410759cfc497389e4eac49a319958,6a13618b53fc4e76955727c73ec42a51,76062,Curitiba,PR
5a488ca435b84ce3b5cd441f65895e87,2b4582c64d784afa89b525782e27cd59,74447,Sao Paulo,SP
d1e9784d9583460285edccc9e9e4f683,edb677c004064eb986d6c7a2aa721bf3,18416,SC City,SC
192c7b91a44f47f5b7901749f424c4a1,e5ffcc6807ab4edd8eb2dd8f164df8ba,77291,SC City,SC
137f75527bb04b4dbb97500aaaba8e42,13afd77b241d478197cc51be01037998,75691,Rio de Janeiro,RJ
41c4661309554f9ca3766ba14014c4f4,53fdbb6e36484d17bb23ce402bb4fd6b,78990,Belo Horizonte,MG
f0bad0de8a864c6c8ace4cd4d15b2c37,48c53a8b9b3248beba5df296351cc281,28526,Porto Alegre,RS
4107280abe1d46849b544ec1932b1a1a,436f1aedb5ba4b86a052510be7d5ca9f,26877,Belo Horizonte,MG
539752a9009546cfae64758d0b6bac80,44e25e5945d649cfa4664385619c1027,36873,Sao Paulo,SP
1d793602b3c04ce490ea56edd9d772ed,a4ad0b7efdff40bdb2501c0175484e6c,69015,Sao Paulo,SP
032b620ad13e46d8a6ec935e3e82017c,4b598cca5b4b49928e02caa1c59faf8f,78925,Sao Paulo,SP
e3502bcbb38c457492a358759c144dc1,f633bfc817d648baa4747f308176cbf4,94274,Curitiba,PR
1579cdfd9131431abe7feed157b54512,394eabbc0f364ee7ba21f466620d0e09,81570,Rio de Janeiro,RJ
3b08f962cef34435b10b42ead7b07cf5,ceaf67e5e02844e7833a101027c67c50,95056,Rio de Janeiro,RJ
fc6326cbbbaa4aea86085ee8371f5e60,6d38026c2a0c4fa0b9ba230803a35b59,73318,Curitiba,PR
157d92acc2094814bbff89a9013df735,8ec03b4078024568b8f80b67fff311d4,17577,Sao Paulo,SP
40e70ba5d6dc49e7b724f5aeddda78fb,87d10838c5f94eb8ad5ead881c43b307,53231,Porto Alegre,RS
322e365b277c4433a267f35ccf215b29,6fd501451dba4f3eb51f94a93cc60811,96148,Rio de Janeiro,RJ
782bdfa724344bdf8446dfa0ceace3ed,8b86f72fea794cc6bc802c4e48e036c7,81651,Sao Paulo,SP
2dc33580de3a441f8bdbc94475252f9b,dfbaefdbb9564110900396c3a6301b13,48027,Sao Paulo,SP
a2d99bec324c4382be1fd2e1fc49af61,2476941aa78f47ce93fa0c88529743cc,18833,DF City,DF
3085eb9360134d8186bf8941406eb076,0a7bf71c921d447ba6a5e91623a37823,60847,Curitiba,PR
254d0f9869574ea19a80f9c78ddaf38a,eab842a398b4416bad073c4fefb174cb,78440,Sao Paulo,SP
b8e25cd25196480ea745d1685ef27215,f29dd94f7a5e491d8436ffe14789cf7c,16484,DF City,DF
a8306aad560e4e89a9777d243575451f,3f85f995c41147a09a97dcb101998614,60386,Curitiba,PR
b618e895fa2e41bc9e99d24356c12f22,139a09a35a9e4323a7f495d082c9750e,20097,Sao Paulo,SP
1e9d74c92f4e43389361cbb623c78a70,89738caff5c24c408645530e7e53de2d,36205,Sao Paulo,SP
ac0b00db35484fd1b535c5523641e66c,cdd34b6ae4cd487a9a60b23ede6520d3,43478,Sao Paulo,SP
51f385e422564d5c85cb4fe558721116,c9f251c36c7645feb844929ef4c15e67,85436,Belo Horizonte,MG
97f59be8a96a40829d90f939771d7ee1,9cf575649bbb4ed588650349e880288b,94205,Belo Horizonte,MG
24b74e22ff1c4b3895a40cf1d67482fe,02f31d565d7a42768c072ba33e8fd99e,58506,Sao Paulo,SP
b5f9552fac164073977ffad8a7c6d0e3,dfa33f03117a47c1bb98f49ff691e2f9,62535,Rio de Janeiro,RJ
3c4cb13c505f4aada6205510a8227038,d61edb2d0b974f669302355b6b35a398,50101,Sao Paulo,SP
a911ae0709c144fc9906528cf6f44f0a,d648a2c543c84d7abc5f440a80fda0dc,71281,Sao Paulo,SP
ac48f75f67294f4b99fca202b76933eb,47ad020c0ec444cca3220937de193ded,85360,Rio de Janeiro,RJ
6033a722ffca4e229796f8dd962336f9,dafe7183f24f40c086b6775db794b73c,88572,Sao Paulo,SP
70d3dbd4137d48beaaaab0a407830d36,e40f05303ca047269bc06e223ad0a7e3,80317,Rio de Janeiro,RJ
7a6b3bce950e4a1cad84c7895f5f8a5f,8c93cf5d704a4adbb87d676e8da83867,45522,DF City,DF
ff66f090fc8849d499aa8f65f275563c,48caa4373dd44f51823528b2457da855,61303,Sao Paulo,SP
ba4b46dcb5954753b7bca557d03d675f,e1fff9f94c4a4292b5eaa18f8c58ca5a,13211,Sao Paulo,SP
0c6652c0451c47beb52163556aa90137,15481c1801bc47c89a65249de3362f6a,99056,Sao Paulo,SP
69c6531efaf64a448c5d562a0f6c8a42,44abd635b47e461a94eeaeaf9cec8b21,52541,Rio de Janeiro,RJ
7aa9d9a3963e4676b20079fe26e4f544,3a5b2802d5da485c912b57dff1dfde9c,77543,Porto Alegre,RS
401543cf31c54c5b9b17257f3134de29,2c3873f36199451cade7db6edc457648,66148,Belo Horizonte,MG
38b4c1345658454bbda7a4af8dc46010,bb2ad5dc3e5341e7a292242224a4e622,68172,Rio de Janeiro,RJ
5a58403379bc42328351402565628227,ee5e8073a7ad4ec1b05d3c518f202f38,91727,Sao Paulo,SP
81d3400878fd4267a7c5848062da59b7,0b3cc462f8674f168c36aef8cb04be37,45302,Sao Paulo,SP
2d58a123647f4a2abb82826949abbcd6,1a4b32f81bab4f7296a29fe83d894006,84366,Sao Paulo,SP
5bb3150e7540458188144c287a0af9e1,cfa327c6456442ef986cd0992f77f22c,60701,Belo Horizonte,MG
7f1a6c8ed4144c9cbcb74dfafa99711d,b6e1ce48ad7f4000a7f4d4c4065f252f,35270,Sao Paulo,SP
f4be8e6e4d6c4d2fb29db83d4ffe3817,d5a27e458b2d4d7c915e5732cc15d801,98902,Curitiba,PR
9f7edafa71744b589cb3dc85681ee5d0,be199c182c45466780ffbc503946d15c,80985,Belo Horizonte,MG
cbb5bfbe86cd4c29891f71b12c3de2ff,97156e11695c4b2b849cf4f2fe11d493,41646,Sao Paulo,SP
cd92ff0899d04294ac26ac43144fa9d4,2310ba505a364b4eaf61e3d4f7a7f1ac,10485,Rio de Janeiro,RJ
4e2270aa7b5c40de8190ca608f4a804e,cadd63e1898d4c64ac805a081fd23f1f,91382,DF City,DF
69cf358c12fe4260a449a49621ee63e8,6dd6816c79df4b88b505ca1d79827818,68297,Sao Paulo,SP
d436996a20bb4166a32b10424a036ce7,26f8a1dbcbce4dcda1c926f3a55e9534,30206,Sao Paulo,SP
3ce98854fd49459d9633103b7cc10421,17a7bd1ceef34923a7a2d3de0c7eed99,36388,Rio de Janeiro,RJ
e336bab08ea84a0fb83627ebdd4adc45,aeb4bdc10fe944f2b80fd3d12b07eb9f,61769,Belo Horizonte,MG
c3c31bae7f3e4515b423133929d5e582,2ce37c8839b7455b97373e71d268218c,25640,Sao Paulo,SP
a73a19255ae34f0f92a4437ea6825a91,4e9cc2bd27b841c8af20922378da2825,16644,PE City,PE
b471bdb5c7334e0491fdb5d24cfc94bd,0c429513323a499dab1b66b5e425ce2e,81172,Belo Horizonte,MG
7e13aa3d94714a699f40105b1b929844,b2cfe4ed1010430098ed2c82629632d9,17779,BA City,BA
4e03622bdaac4bd3874ce58815480014,5aa3392b37cc41789f0847f542cdaf25,85226,Sao Paulo,SP
35aca95850934788bb0cf583aa931605,c511f7bdb0e74e98ae38a4ccfbfd6d66,28442,SC City,SC
938d305d5251436bbb90bff16daa3b06,5a1264fd3b234fa4a7aa050f7c0cf9e6,64680,Sao Paulo,SP
7759203d3c2c463aa7d829c3a08c8beb,06f36606c5f2475cb85213664117b257,20967,Sao Paulo,SP
6e8de4a3b6e242539ed09e96ee71d99a,128f7f68904542c99db8e1c89c076c53,60356,PE City,PE
799a42b3e2b94a068cab04749bd52eb5,5e45a6c786fb46e284c61abfd1d494f2,62530,Sao Paulo,SP
2a04f0f2bdff4bd9a0f032624ebfb9f9,103941d7fa6c4c18b8bb132b25a74fc1,27355,DF City,DF
abb81de22f054c99beb5fbce937333f2,da55abba842642a2821fef226f259f03,10971,Rio de Janeiro,RJ
31412a969766460994185539b7b5d871,9e38bfb19bfc41cfabd1680e8dc84171,22970,CE City,CE
aa356813ccf641e5a222b1ade5a1c0fd,3dc77dadf06a4c62bfdea679c1f69f0b,64879,Rio de Janeiro,RJ
bd3484bb5d144d1a8605c4d53c3a5743,82dfb8643ea94b11a36bb3feae403688,52290,Curitiba,PR
d95a29bda42c4d4898c2a9e5b39370e0,525f4874815e43d8829f15f2eb454247,56704,Sao Paulo,SP
e3e6e81642a747d09a4858573c98eaa3,7cb6ca4b428641549f95813f55239e51,51766,Rio de Janeiro,RJ
84ca587946b24dd59a1739649a5ffc45,af0a3111fb744a70b3e779b67b1162c4,68932,Porto Alegre,RS
9afc3028be2546aa95234f722e8f2415,9d8b4020b1f94ef08a99c3c4cda2a9b2,99703,Curitiba,PR
cf3b8b4303be45889c97c3c6a21c89e7,95da2345c7d1418a83d186d766f5cff9,76396,Sao Paulo,SP
791de5b8f5934552a8d6d1f2bbc4a58c,4d9205fccd884fde8de8d6bd7c29f735,63261,Sao Paulo,SP
046152c60181433f82c6a791962b45f3,f971afc757e541ddb0fd04e986753355,46409,Sao Paulo,SP
2602028f4b5441218c76233641443b57,ca469844bbeb4d928f3bfdd1b2e00976,53325,Sao Paulo,SP
0be7792dffe649e9bb7f5ccec3ec708c,a034c78def344f4ba3546d750d558831,75439,Rio de Janeiro,RJ
6309ac880ce043ff9c2b904ba71b551a,98ace28ecec24b76b488efcf8cd61f85,97229,Curitiba,PR
9ba8244d0b74429aabb661938a213f52,a0560c9700704b9e8d62ecae9062b6db,78516,Sao Paulo,SP
1edf32cb2cfa4ee8a4eee098a95f410b,d38ba95847ca4b97a312ea39cf9837f0,62244,Rio de Janeiro,RJ
a3f81835ce3e4595ad9666fb7889ed42,4d706a3fb86e4a91ba03ea30a6ae61db,52267,DF City,DF
f02d5f53b09a4f1b956c5c794757841d,df698655fb0d4c4791690b7be3b97f70,52962,Sao Paulo,SP
a9be9e3201584d6ab3e1834135262047,9f5409e5fe094ade8d298c020b1c95b1,56985,Belo Horizonte,MG
29e9a8d63f73451f8516ad630dc90ed6,18c02a6758fa461aad2093c81c5e926d,74688,Porto Alegre,RS
13b535cfa4a641d4a886a7e07826ee64,b9f36d2810384be18f73b53b5fb30d51,56145,Curitiba,PR
40a56cbe9cc34adcb0c3414936e39634,d1816000b7ff486d8e3b248a6425bdb8,23090,Porto Alegre,RS
b5eb18098cd74b8b91271c4d54cd730f,f116a962ed624b5b82755e3fc05cc4a7,32563,Porto Alegre,RS
ab654d0d4c774988aee44085e08fad96,c62a2cb4de044071a3bd19f0940d7974,43392,Sao Paulo,SP
45420ec7bec94fa3b2cd1cf223dcf66c,aa8095b3e7664d1282234af540bd2571,71637,Rio de Janeiro,RJ
09addd4a69f4463391e5e51bf05db0e7,b163ebdc32044b80a8b5927ebb5f7500,66485,Curitiba,PR
79c9463a788b434dbc12d6b9953de975,84cb7b74e960412fa8df38bc20a95b9c,45992,Sao Paulo,SP
f78198594b434b7596cea62e5022bcc2,a2cf72313bd443d79231875152a1d8af,10749,Sao Paulo,SP
58f207da4a1642a9a8d4b83b48acc359,c0381e79cdb44a788eb2bd8c8ae42fd9,10897,SC City,SC
132b284173f345e78b593ea266a47541,cf1f4ce6b6994009b2285ccb5dda82a8,16855,Porto Alegre,RS
74ffdb9d63894b46860e031459d166a6,a1673f7a2f924c3a813c5ec933ddba0c,60648,Sao Paulo,SP
fdc1895ad6dd41faa50f2d3c298218f8,f0ed68fdb072475cafbef6fffd9001e1,78652,DF City,DF
bdd3587ab6824a8e82468b04e43b9e5e,a0acee1c9dcf48a6a0619963313cb3ae,68511,Curitiba,PR
24b19c6a07194e72b70a270565315e69,87f4f4e0e7684351a0224d090f216ebb,54247,DF City,DF
54734603a5004a1095a3f07f68bee728,00a80f086b88413f96aa2e099d746f0e,78291,PE City,PE
b095eb34bdeb4bad9a23b089d8a6e209,6b143514e2764baca8074bbfb4f4dd72,64385,Rio de Janeiro,RJ
12d310caa5c8400696e744fb543b1547,84ada4b606a54a99805ba7df05dcb444,79593,Curitiba,PR
a6449b79449b434189c8762ca9ffd13c,97eac81ea3eb43b7b11a3cd57ecc1af0,27405,Belo Horizonte,MG
36d9289d41f740d48ce723d0869bb8de,b63c190ede0a4151b80cb7410053c46e,48164,SC City,SC
92468e594dcc472bb1e8dd652b7f9a9a,94480e91cf7b4bdb979b58b50bf2f281,99560,Curitiba,PR
4bb957f683924c82aa06e92da82f63c9,e5d00cb14f784222b5c3c7cc0f9cca0d,17535,Sao Paulo,SP
d4f0e19fcf4b4762af5caa3568402e8d,a6cbc052fd3a47e3bf7eb160697a2128,56846,Sao Paulo,SP
71bb0a2e80bf43a19ff9374138ba4cfc,343c3dab395842829b60056c1739bc33,19344,Sao Paulo,SP
ee70c62ae10143efbd29b05717169432,a49c345408544edea953091cc031d44f,64358,SC City,SC
4be53aaba4e94a84892113ff885287eb,fb3ab16731bb4c96b67a730d1ef4f076,60150,SC City,SC
5865e15f6ff648bc986f3dccb3e49836,3cf21b7865b7472e88870ea895d6800a,56255,Rio de Janeiro,RJ
7741fa71582b4fcc8b2481fb50b70c9c,b4c4d5ac754c4ab3b41683a8a4c5f24d,43469,Belo Horizonte,MG
184c2fa2745944a5a2f7b0cdc3965e7d,b2a9b4c27715482b9c9da2cfe84e979c,52610,SC City,SC
1fbdf9cca14a40e7947cfe2cd8fcd581,ba7bd420ee1649b18faf49b29a89558b,23960,Sao Paulo,SP
ec70ae644c3f4df89391195b55af83e9,b4fc2549f6d143eda9c4037a3226d75b,30172,Sao Paulo,SP
a29cb20953074929a2b08cbf27ca3f9a,6bcb80f9f1ab40dc8ae3f0419769d904,32953,Rio de Janeiro,RJ
a59b6c7d16f14e4c94a5acacbd075e97,a69a228ac6934a8fbf870286ed1a1dd4,43644,PE City,PE
d5e668ceec4b43e89faf1363d031f8f0,87df96a260bd4b3294651868d42b97ae,49654,Curitiba,PR
4a7662cd297c460780724907abd60340,fffefe280e364637a2a7a8adc5e4f85d,44080,Sao Paulo,SP
d6d85ae938934d5ab3abede01d31c142,8ab02044915246f19b1b2ce429cc0168,19006,Sao Paulo,SP
bfaa7210a1c840ca995058934b372653,f0c172d380214b69834f1015394f1f8f,77147,Belo Horizonte,MG
0675a6bbdfe045d9bdfe52bc6848a5d9,7e81c98b67034938a042ef8c3faf61fb,87165,SC City,SC
8c7de6415c2e4397b5419e7f3f52ffb2,caf5ca6967804a418ebe30f5a977bb41,90166,Belo Horizonte,MG
05770d42c7774e5595025bf4c8efa2d9,2ebc69352e81441e96ef420e49819538,71906,Rio de Janeiro,RJ
3b09757a5e8849b59ca4420b16553e83,acb02e54ef9d46598e83483839e600e1,48811,Sao Paulo,SP
dadb1c434c7d42439bd5c900c6580783,6380b9b833fd48b7847a2bf8f447a964,10647,PE City,PE
dc4d65a888af4488b0146531b93a1323,671d8c80bb04456cbf001e51fe9da481,28837,Sao Paulo,SP
b0089a5204184afa9656d36c4c968307,4078089e432a47b3a693c1e445a7563b,36439,Sao Paulo,SP
c6b3870c28004ede86a202cd3201cde9,7816f64da93c4f7faaf7a5b511500149,36422,SC City,SC
d8154fe5e0094742b92651296dd5e30c,258d60f332c248338ae7d7bdd50ca0e9,79374,CE City,CE
85c3427f2fda47c6b10df6bd605d03bf,bf449414b35546ee85833b54cacb4391,63285,Belo Horizonte,MG
88723a9bde3c4c4a813b20688a65c3fc,dd2e6ee0848e483d8e621671e4ec33e9,80046,Belo Horizonte,MG
564b2ccba6e24866bea7bb4ddbe1c4d1,d8933c1ac1604ad2b6439538ddf3a10f,65810,Sao Paulo,SP
35faabba40934609b08bba65296b93ba,270d1423d4b04652b0da1b6e715d286e,12226,Sao Paulo,SP
cf29ff4158bd476bb2c13400e057f3b5,c299a65939cd40929a8d3ee634835e66,77182,Sao Paulo,SP
b3cee13178944325a023a84636c12fb5,611cd18569c945afa2ee56817558a9de,40589,Belo Horizonte,MG
cc6bd71f319f4aa0ae87d5f81139dd52,414ad0ef121d4c92afad9dc32f30dfa6,51717,Sao Paulo,SP
a9dad668a01849e38839824e6942739f,ed8f3da112e240ca9d11ae5c70d32aa9,71597,BA City,BA
b16d39b26b0844339b3c8db818455cc1,ee22274d818f4cf993617e58d16e1940,15491,Sao Paulo,SP
63d00497931a4a3e8cbbdf16f2592e3d,f70a25c5a37b4aa7bdfddcffcb66e26b,18326,Rio de Janeiro,RJ
686440b358d649b1a8e48bc02b33fa8c,eb842539c7764fcf871268ff9037922a,69327,Rio de Janeiro,RJ
1e1b68c758c240deb574552f787f5c61,65a984aa9a0348a9a69f0b4903bb236f,12605,Belo Horizonte,MG
148a5251507048c5bfcb95bc705d9cb7,6157b6b982d445299d0503482d8f6c66,42132,Sao Paulo,SP
0deaecb874e6448ea587c0368168542d,8d5b9487e9164371888ca61f84a90cb0,63504,BA City,BA
baa7346a88c54a869187542986c1d45d,8603f73e49a64a22b22f8d0fa274e313,35426,Rio de Janeiro,RJ
8829579e41a8447fbdd589a7e2e262ed,e89984ae3b134bf28e82b6e2fa1bdb21,15974,Porto Alegre,RS
54fe1d493a40462fb2b673d59e0efaeb,7b8acb4f796e4b47a45e4a82545d57e4,91554,Belo Horizonte,MG
4da62226cf424fc7b739762602bd3a58,e78f37090f0640a4a9520e159775ea25,49098,Sao Paulo,SP
2c9b09890665446abe60776f44fa37f2,cb63aa63a9d1467f9c0a5c32f28a8740,45098,Belo Horizonte,MG
84cb687f6d1043bca3eca670619dba05,fe2e9f26355e41859a89f417d799a238,30169,Rio de Janeiro,RJ
078f8bab8afd4df9b591e822ec294fe1,d5cc6a37fe074344b0440cc1c89a2f80,37808,BA City,BA
847381f57cae4c9b8aa7ccf47aa736d9,db26604733034dcca84d905050b932ff,77199,BA City,BA
2430afe9500e4c058d65e6aaad8cd3c2,d40c6e95d2a4473a8d9461c34bfdee3b,94277,Sao Paulo,SP
512ef7e3626b400a922aa79de7b0a47c,964e9fb926f245628c7f303a2ea1261e,63898,Sao Paulo,SP
babe77e59e6f417a8013f591629dfaa7,0b61d4522ec34be888db28554b747d84,17964,Sao Paulo,SP
5989acdc588c4fdeb69afcc1ed5ed45a,ccfc41a666c74e2391374e6c09bd21e8,32722,CE City,CE
0ca261060ae04a2f8b535f9551ffce51,7c6585d5474841a5a5079bea26e86782,15927,Sao Paulo,SP
aac8178480ad4f18b397b8b986381d21,f9f7bbf9f9024152a4bfb75454890055,53618,Belo Horizonte,MG
0659cb557695443c9a0189e1e4abb69d,d5c0b6192e064ca18fe908b086f0d9cc,16358,Belo Horizonte,MG
b22cebf20c1647cf97dc71c4b2b366d1,5f4d6af61ae84ef38d3abe805ea883be,80851,Belo Horizonte,MG
2fa94775b7f742bea3ec6c5a49b951d1,633eef61d613413cb4533c066ee6caed,90145,Sao Paulo,SP
0598c7d7c6b549a9b6677e0e8ee98796,708fbae2436646038505187c76064f27,80080,Sao Paulo,SP
78a2125b7d3a4bcea922755b6faee40f,57b2f913f4cf4326aaf4491bade4fe6d,39273,Rio de Janeiro,RJ
fb17b17b424a41bc8227cc68095e2c6e,d51641c21e5f4c89b1132321c363f50d,13984,Sao Paulo,SP
956f739fb9324d409a5a8617839d1d3e,48a792b274794714acaa451280d69654,89785,Sao Paulo,SP
ba278945345645b69fbee5a44aa0f47c,0ce57b215b324294bcd6cbb482243161,46435,Sao Paulo,SP
ef28fec4aded41559b0e131a97b0f2f1,89519bf60f624904b7778a195c5a3268,19065,Belo Horizonte,MG
f3c96d90f9bf4c6990993939382abf29,81ba84b933934fc5add38cb239a94bd6,37864,Sao Paulo,SP
6baa2acb031545af88be113501f5691e,86ac0cc6ffe64591a96cb3464988f54a,45273,Sao Paulo,SP
2048fd4ffebc4869af617d636c259c59,4008f219ea5346bf9b395bc734411d46,97552,Sao Paulo,SP
bf99ef7262874bacb52dba3203d135c4,e6144928eff6416885276930899574cb,85810,Sao Paulo,SP
95f92e250bb54958a1fa08cb892b8def,9b6068d3ada74f6fac80fd1cf49d760e,11588,Sao Paulo,SP
304e1cfdc8ca42fa8363899f65cdca64,47f26668cf444d028ea022f0ebb463f1,86530,Sao Paulo,SP
8309992cc5db44e9b96722f20b37511c,ac7c2d8a5ccc4cae846415292914849f,66788,Porto Alegre,RS
73abfa79b2bf438a99e1da95cd183ac1,aee507074a33450c97a125fbff1f022c,93620,Sao Paulo,SP
8fea1587486944939669209867c897f8,08ccb8389fbd491f876fb6f193780ebf,18678,DF City,DF
2de4a0fb86e14cefad5241d6231060ca,5ba32484bfa64c6884250120cad73e2e,89613,Sao Paulo,SP
e452adaeb13a4bcfac5bbc16694e21f9,7f4518c6140244fc89d3c024266852b8,72341,DF City,DF
76d75616496747108c6839e4e2ee45c6,e5ac66398a334e6cabaf2c0ffa63d4f5,88168,SC City,SC
28647aa2456b4825b960dca292568348,6653599720554ced95fa408dc47fe159,73542,Porto Alegre,RS
5a0f69192d794668b48ff581b2e46ae0,c0b7b7f8bbeb4857b9bc5ac9a5960007,85478,PE City,PE
8f3208bc6b0f401da8270ed5c9e371d1,d0a2b8808cdf4980abba765a68956d6e,73829,Sao Paulo,SP
586b3fd23d9741a09445f6da5bbfd5ac,b2121eccc43840ee9c4639ea2d088c88,27685,Sao Paulo,SP
763bc46b2608475e9278f6a48342e0ad,8ee382a09f554826914ddbdf4ca33e20,45748,Sao Paulo,SP
b581d1f3ab5e4f07b8d78372ed295137,de7e16db1a7f4defb60f1f88e778a023,54123,Sao Paulo,SP
0b5d1cc4d3884e9bafbbe1c55528db97,4d57e60ae75040579da12778965caf3b,30035,Sao Paulo,SP
ac9b79a630a94c2496885ade36dbcbce,002b714fddab4e24b82952969c1cbaf5,82776,Belo Horizonte,MG
cd6e792139a4485d970a1ceda8b04de8,b2e435f8776146bb9a89e4a55f80073e,45222,Sao Paulo,SP
64f0511cd17f409389d17e347abf4b95,553285557bf94c9fa433a20f38b2e4a7,24354,Sao Paulo,SP
a164b1057212435f8701e98dff7a3a1d,6388f53a42fb41828cb2cf1d3eb710d7,37491,Sao Paulo,SP
c565bf4aa5cb491dbcf7ff83592a8fdc,02fdd99ed0c24b8ab698f2288ea5ea40,57523,Belo Horizonte,MG
6e94714912024c198b3f4d96720497f0,30f0e7c40ed9468c8acf51821d7a0d92,61018,CE City,CE
fb6e94effff94e18a5b5718af6002a51,e4f20c5add894666ab45b12d9a369f1f,89874,Rio de Janeiro,RJ
c2674807f61d4965b80f497e4ffb0308,fd4e974419ca4e5fb96f1d797fe9aa5d,45428,Rio de Janeiro,RJ
3581dc009b274a83a45beb18628ce271,6452e8e1861f420686070ce19d1ca0a4,79026,Sao Paulo,SP
b9daf7270c0c4009bbd7e53bed143819,51fbb66174fd49f88ba850703d536be5,11727,Curitiba,PR
33ed8955be304a5391b58780f7d1e85b,5714769af6a345f5b9df759d16be4a8c,49167,Sao Paulo,SP
47293760c3334d1e95103400b14d3f44,bb93f8dbc70a4699a4c719da8b3dac84,51651,DF City,DF
729e07222b524aeaa852b6f2be7610e8,88dd2771fb6d416fa8cd60e7979cc267,15536,Sao Paulo,SP
6afe2f306b984d4bbab97030d4698c53,23064471fdb841979f359955b0c9ef91,70822,Sao Paulo,SP
24aabf2d6c6844aa81492dd92dd18f30,0a65128060ff47029e813e163195f3b8,36823,CE City,CE
de8ef0b48dd24dba8cff5a6d221b81d4,366c66eebc4c4aafb8f232525e964f3c,56391,PE City,PE
4a004e54b44d4dbf9d6eb7340414f419,1787f3f20cc940d3a3400f2a8a9d1267,59498,Belo Horizonte,MG
7561168f31cc4386bf4f588616715534,e4b8817920b2482a936707748188c890,74506,Sao Paulo,SP
323f811a96a546c2801ec1851f4581e4,a4639034b9d5497594137ffd765d6d67,49210,Porto Alegre,RS
cc1432c884a242a5af087eba7af6d963,dffcf3430745492992c5fd2bf9c8c326,76773,Sao Paulo,SP
04e1fd068f0344bfabfc08e4ff4237f3,968b1d8d7d2a4b1f89589571a7f82426,11856,Sao Paulo,SP
88ed21485d824cb48575b8ceab2c5833,7b359a6dc806477b844f97ebd617daa0,85109,Sao Paulo,SP
399c4d7bac4d41f6be078c5846d5cb01,0b9bac9555984e65a41ce8f4127437d6,52187,Rio de Janeiro,RJ
60e660b9aaff4490a65a16309129990f,14b8b5d8808e48f5b21b64eb72c31833,75308,Porto Alegre,RS
d0a0123f58534c6da750fba6a5a19210,d71d107a58c44f14951babc1a78de099,93914,Sao Paulo,SP
7da1be8e8e2a486a825123fda6cdba61,bca47b38c9a94d43b3d477fab850a009,93775,PE City,PE
c48e5c8484534292a7f5ea96d721ef1c,1a26f14ae0ad4cb48ba206b2eb50c82b,39199,Sao Paulo,SP
26b356a75dde4308ac039fe19e2f78de,bab507c920ff4bfea4a1e2ea3b8b0795,85109,Sao Paulo,SP
baaa541a058a4771959641a90e9df48e,316a9b2d3cda479d8a24a8f8fee875c4,42927,Belo Horizonte,MG
a808ea1a1abd4fa98e431ca1ee2d6e17,0b62bd9f1e304699891aae4d6ae18e83,98713,SC City,SC
455cedf00c1b4f4eacdaa13feba3b9ea,8fc4bd8eab0f4c338c131fe6c779faf3,12469,DF City,DF
8dc597534baa439d99110c00c831202a,afa9740d62704c02ad585599d6eb7bf6,54142,Curitiba,PR
2969dda1982d4421adc2899d135a26ea,0459574ab611470fb3719d323ff6ed04,86608,Sao Paulo,SP
6925cb1326084cd5ad7dc6469b90da6b,365bb43ae44f4532a003c071ae0f395f,92304,CE City,CE
8cab4e6381ae479a82f2f9209a4b66ca,80e431e78a954807b0a064562fea5839,81893,PE City,PE
b3082e04b9744c5987220ad59d89218b,faa799d430224710af44e6fdc11865ea,15918,Sao Paulo,SP
2ea3dba5f23c47db9eb7b5d83c8fbaa2,2ac3c7edb2384c2aab6c1f8edb5f1a29,28396,Rio de Janeiro,RJ
447878c85fb14fef844547cbaa6a674b,cdd4f89350d74d9cb37ad4a81a9492b5,96227,Rio de Janeiro,RJ
df39b220ae024a989def3c2addd0a38d,69dd2bfbb3f9450ebac41d88d6821fd0,66648,Rio de Janeiro,RJ
52fc07c40214404fa24e85462ca07468,9da61413bbd34cbc9fee734a7ef48250,10142,CE City,CE
18cb9c2b958e49ebbd372daa1bcecdf9,709238e3dcdd4003be71924e3eb7ff8e,32096,Sao Paulo,SP
a913061c9dfc4b0a9e0ce59c5d0317e5,1bdb7a3311fa47ed8c6b5840cdc7c6ac,90870,Belo Horizonte,MG
3bb97fbc30b0426dbefddec96c801e51,3c67de9269374b12a93d6878a5e46466,42895,Sao Paulo,SP
a42e6f14a8504e41b5e1df35d52516cd,f6e02981e7584b28b1e9dfb6761c4bc6,45424,Rio de Janeiro,RJ
1efcfc37a8414a79bb4f06965a60f9f2,e2a8b24110264fafb67aeba781787fa6,29285,Curitiba,PR
4847a3145ffe41feb40be2d86c93ffba,0031e911c63447dd82ef7408481c23d2,95285,Sao Paulo,SP
97f17e54a625428c941082e23f31292c,7ce27171843f47929794ebc0712e7f62,15805,Sao Paulo,SP
b126d91bfb5a4f16b323d280e484892c,32a871ce02224d7395773c2c2c43a1b7,40574,DF City,DF
14264fa196f84e5d9457c4c81f147e04,7f9f3d36e6c94f3ea8b2899ae487137f,21799,Curitiba,PR
356e32c8de7142dbab89908cfae6a4e0,881d11564fda445f8a9e24e30616410b,56369,Belo Horizonte,MG
c493ab797d94432cbb8278aaad982c89,d7bf5005f0e0461ca1bde583462b71a6,79526,Sao Paulo,SP
23aba58a38db43a2b40aafceff4cad55,8216da1bad934ec09961e399d67fb834,88704,Rio de Janeiro,RJ
dbb9f8c8c5b842c698ac28856ad2d743,54796887cb7d4b578b4cd99d616d6380,28338,Curitiba,PR
cde5f02bf3b3496dad17ccf14fbad81c,55783c6cbd8e4bdabcda5ed8c64ca160,53532,SC City,SC
e0d07835d6e84c9f9122c3fe61f562bd,c016378c15cf4302b470124be2726bf5,78234,Sao Paulo,SP
5bc31508d531460f9c5b0643bb4f88e4,ded137fb42404d258c332a2832db11f2,46748,Belo Horizonte,MG
0516336849e24695a7279697ed25ef03,bb7a362a778f44e3a9a6d5fa309ad25d,90022,Sao Paulo,SP
4ef46cf6bbf54cd993040ca55d6652de,6c60dfb58c484038b84f3c7945ffeb29,12301,Sao Paulo,SP
05785c3ca2474bb79f5840e353a08394,5c1fcd04cc9e4576ad185c4acc3a2fcd,71426,Rio de Janeiro,RJ
4aa44dcb6c074774840febe53c324759,25f6a3a5460f4445b8eb049821ea9220,35062,Sao Paulo,SP
da2fa4920c434b4da1df402786e5cb47,1f4802435b0844aaae53e60aedd23a65,50917,Sao Paulo,SP
5b174684be154df1982e2ec785aa2f28,c3567c0147574b6999ed00b9c509283e,30128,Porto Alegre,RS
633432f9207444ed92bf3ca1fbd09163,8af14e458fe04c2d872bc7db01f3d4ef,15356,Rio de Janeiro,RJ
81246627fda14e49a4867aedb295c214,e0849c006c7945e29641a9a678b76436,39800,Curitiba,PR
b39c6733759946709d4079c659654c33,ffbaee98a73f4b819c3af03fd6e3d0be,22631,Belo Horizonte,MG
82e615626143420c8185f8781e6fea32,cafeb13fce344403a79fdd7b4976342d,83861,Porto Alegre,RS
f5938d23364747f4bb09687dcf7e94fb,8b4c12ae5ad84cb3a966e13eb6afe871,67674,Sao Paulo,SP
6263023242824035b140dc36bbf53bd5,a59ce44e77c542659b50575afdbb7bbd,97161,Sao Paulo,SP
89f9fcf6f8e640d1820b3277aab98129,b0b81a7e614a425bbaf73785838a313f,70271,Belo Horizonte,MG
d8d671a7100245ca9b75802665b9aae6,d596a6b120554dfcb23c48fbea35ef75,71756,Sao Paulo,SP
42da6e4d0af640d8ba9d5196c6dc2e35,cc4d18acd635448698a4b6f3ed7b6188,47447,SC City,SC
3ef77b6704994384a4d2ab43fbaf6c14,712e811e3b5a4d8487236e311ee45aa6,79807,Rio de Janeiro,RJ
bd0ba6bcecb5469bbcd6b8bc57db524e,797320f8bf9b413480e9f713dbb83980,67250,Sao Paulo,SP
2a075a424f054e659e892bd000eb2b8e,ffd6125ac9ef472d9f11a54ef4df2b50,70329,Belo Horizonte,MG
b3f18fcd64954094b6fe85e6179bebdc,dbcd8af03dde459a9ee76f1264704a97,57523,DF City,DF
60acd801a570470181ebc1cb926b302a,fd763ecab530469995d5c87c40bccba8,89909,Sao Paulo,SP
5bf2ac006fb944319dcfb5f74d748dcd,6988cc83071949979da06eeec0d459a3,57880,Sao Paulo,SP
812377cb3b7c449d9b6992b9b8c6c9d8,2ca00b83142c4165a00fdb59ab25fbec,24900,SC City,SC
39e144ff121242b6b48d6ee32cc6ea60,9dd884fed85d42c6a493a3b960f6bbe8,96023,Sao Paulo,SP
d9891e45e39e4d6caeae0ed01775bdc4,71a780f66c7341f6b3af408105695fd3,50470,Sao Paulo,SP
2034ffb56c5c47a5b93b8e219ee362d7,8a23af0d44e24720a4aa3109d25288b7,18741,Sao Paulo,SP
418f456eecbd4d279af40765118ac41d,409572991d4b410aa55dccea5789ad2d,77303,Rio de Janeiro,RJ
621ddc7ea259465588a62b4a7cc845f0,3c682c47a73748358dab8ec6c08b5c34,65752,Belo Horizonte,MG
a32265c3d69c4dafb99f3522b212a7e8,07ef92843cb2496da3a0d5df4b7a0f01,45036,Rio de Janeiro,RJ
f241945abf454009bcb86758de1a8176,e6883a71e8e14a4ea7bb4828725321d7,78508,PE City,PE
bdf6ed38b81d42d2829ed7dc5d49b8ea,fe90c596ed634243be3f8da17cf51f00,30836,Curitiba,PR
11000d0a6cee4d84b790ede24b5006a4,59e4c6d3049d4ac79932125974bc06c6,36406,CE City,CE
fa63a8b1e82841dca6cc194be2ac27e6,2d1984e0301c4721af3d2e7e6263cee2,10484,Rio de Janeiro,RJ
4cbac316501643bd8be0045030746d29,653ab9f1b5fd4356b78a38ce5324f07c,75648,Sao Paulo,SP
7a8a25192d1148b9bd1385057dd525fc,f3427d2c2b7f4de6895b24b00a59af57,78417,DF City,DF
2e6b73da6a974812a820a1168b8e5797,05acc50d8b6d440ebfaedb208207fe90,26926,Sao Paulo,SP
ca2416ef08a442798765a0c6319b6db3,3dd940618937458586cb5253332b1aae,89478,Curitiba,PR
ed050d1fa62649c89e0a7a231ae89034,cfe578076d0141d78b68252e2b8cd969,51943,Sao Paulo,SP
03778b1399a14277b07c9b0396738912,8fcc77da41ce4bc3939d43dfbd32ed81,94067,Curitiba,PR
e3c547202a9f4ece92c7e2edd76eeb91,37aa2ac31d934edf94fdb0dacc743afe,78157,PE City,PE
92b54eada6c7456ab3042875a9e6dc4b,374ea8458111482bbe1488a86788f75e,61961,Sao Paulo,SP
8947bb27b7c84adcac8133e9e5cd8bd6,7cd5914a71f64e42b41fe0170b422ba5,77410,Sao Paulo,SP
1a85742a69db4ee9b7bfcf212f02d188,cf72e17a8ec24c168e4a1fc3cae706f1,46235,Sao Paulo,SP
658017e4d0ae48c896fd67e4d9561ba0,d839f07323324daf9587062b0f053f46,23896,Rio de Janeiro,RJ
bdc92a6e921649b39c3050df48346e29,3ae7bfc7cb7c497fae741768ffe80a49,84783,Sao Paulo,SP
90513521062743b1b7ce4d367ebe830e,e78abe3e32584898b8a78bc6d4f9d4b9,65087,Belo Horizonte,MG
690ce7c767b8449f895095d5fc8fff9b,a1ac5991c5d24f1e9c46632aacf530cb,30863,Sao Paulo,SP
10f00a84ea0a4feabaca4ae838730dae,a9daeab0284943e58e5e0f346d5a6c0d,42072,Sao Paulo,SP
915a4648bbab4b1cbec009c020a4e553,0e9cd836c03c410693c5d42eb2f62f69,94764,Rio de Janeiro,RJ
f19254d730354038a8d1e890aa6ec7bc,725a0f9f16014e5e9a1ba2a8ba1d04ce,38807,Rio de Janeiro,RJ
e39a4cfd479d4befa9f7f81486aa08bc,68bddc7596664a7cb7ba34c5b1014b62,32061,Sao Paulo,SP
65fc99d376c44918b64887053586da10,28bd7e1041a64e76a18da1098b7277bc,66277,Porto Alegre,RS
594e4753f6da4ee8b9f3034c4578d8e7,2f5afa5153224d26b3aead2c5817324a,14080,BA City,BA
6c04433adf7f4a208bb467992ca7b907,4dc823587d014119a53e23dc2080a619,94256,Sao Paulo,SP
32e96d65e4474bc68fd566fdb056fc2e,6500fbdb34564fb6adc38c23b9a35c47,57263,Sao Paulo,SP
fd188425d9154b90afcab72392017ebd,ddb089e5dbdc456cafa4a6a2716cc8eb,81910,Curitiba,PR
4eafb9a3ac614bd5bb9271152d58eb8c,3ff11b36eb8b4a73b0bb420c31e85409,59380,Sao Paulo,SP
374edc8679e441559c3cb298323c016b,77d6eac4295a43baaf677e7f0db57fbc,91619,Sao Paulo,SP
c15013b7a9a14c699ab7a5525aa73c96,98191cb981864cf78ded79316aeef200,46693,Belo Horizonte,MG
898d37278c9f4bd9817b37d8dc2d3f9e,8d3e0e25ea5f4dd8999ce90ac031af4b,31724,Sao Paulo,SP
f9f6967f3316407ba9bb03f86f565b56,3b56ba97ec254548814e92bc81fa3e46,70194,Sao Paulo,SP
4bd004e0473e4c0c9d7e4c14147c9b84,8a66833bcdcd438e9c0a08d19849811d,65048,CE City,CE
6fc597f71a214fd8ad0e5576887a3947,788382c55884431c913b36bbcedd1827,72988,Sao Paulo,SP
8b90950373144337925329f7f4b91020,31fbb7cb65504c50a47759991a3d3df7,48343,PE City,PE
a4515811c7544b218916f979088bcad2,3642d13d36424a93825b882bd44213b5,77679,Sao Paulo,SP
125258fe1e374c1088d773a6f2b2820c,6d2328c098104206b829da396e73ff1a,37497,SC City,SC
0869b9dd46454873bbac01a7fc5d3101,40c6630f5018429a85b4a44bb78be4ec,22931,Rio de Janeiro,RJ
ab1e559dc33e4727814215a0744e28fd,0ad3dd386a2b4b17a2470634d0da8ad0,68124,Sao Paulo,SP
cb248418136b44bf8a1e9e980b0db577,8cbcd703b6d7411cba8dc74a9900af71,35227,Porto Alegre,RS
357868da2216408e860ae9a9a8c93f2b,bd3692b5d8b245bf8ffb9959400b262e,10326,BA City,BA
2fc22cfba1b14229b53cfe637dcdf0d8,118d960017a7490c9071f437ab662304,60324,Sao Paulo,SP
df19149a16ee4368a04ad5d8e40e38bd,56328a8ba1134a839dcd978f88a61682,62803,Porto Alegre,RS
c6b966cd97e04e009b70022b6119c97d,ed86280c2307479cb39e40cf1dde7c46,33828,Rio de Janeiro,RJ
a87f1c37dfae481ab8bdeda6a44c404f,8a4859a377e344789d50b8292a3dc88e,87379,Curitiba,PR
e8708095708d467db17d3b70d253910a,a0448450b3264606b704c5c2afab2f8b,38001,Porto Alegre,RS
d31d3885968f4790bc3691340774a387,27bbb09118564584aa47a034c4b6c609,96140,Sao Paulo,SP
7c2b5b2c89eb455fa97c6c61c75a396c,2678ca5c5e7a42e7b0fcb9c8c37e781b,94179,Sao Paulo,SP
a609caafdcf1416fb3ed319ad747068a,4ac9889460b8439b924fb10c00b3c10c,99310,Rio de Janeiro,RJ
8832b90dbdc44c8ba582bbfa5f16a4f6,7e5b6713000a44949d1956f20efff6e6,21331,PE City,PE
9c182eacc61947dc96ee2ea2b7d29472,278de3445ba0472296a3dd1517e6730a,58697,Sao Paulo,SP
84f238ea4afe4ef798444ebabbd56db4,f234047e700e47ec913326eeb0c96b16,22094,Belo Horizonte,MG
67794a37072a45bc9037e0d52a62bbc3,fc7b2fd95d604a96b019cf11e25e8a57,79419,Sao Paulo,SP
8cede07c451a4a2b808b3808377a0df2,68663b7588a74523b27bee7277058019,21839,Porto Alegre,RS
8a5611913ab74089b839dc13ed8481ef,55ac7b88f6d7403e8099ddc4368a9da6,71438,Belo Horizonte,MG
fcf1b9ce9af8408a880cbf0fd5b80172,e980f36a3c5748b9bf0e893319b5554b,80894,Porto Alegre,RS
997587dada804cb8a723a288936a97cb,906bf43d6b3745229f68117b7f011cd0,75621,PE City,PE
ddd6e81094c54b12b68d0f403f48a0da,bb95117c34d745d7b4eccd2e01e1cb61,29605,Sao Paulo,SP
aca1d47b61114381b355c5971b229bc1,86e0718da5fb40489b5ab2dcece6a6fa,48653,Sao Paulo,SP
a8f6718eb4ac4c48a0de3b6ea2092393,8ace326ae16e40c5993abdfd10a88a06,29225,CE City,CE
acf4a3d772934cc8a833489e33986436,97747d1d22e749d2a549fb4ee6d82761,60001,Sao Paulo,SP
57da8cf388484f4eb17d5304f14545e9,4ca107e551544ae1be787d4504b92045,57423,Porto Alegre,RS
2b56ce6297a048e1ae203cd8356a4711,7efac8d0aec641f8befb6efe29f3bc94,54549,Porto Alegre,RS
ddc9e492d08149e8abe0bde6b764eaf2,72ba7605d038493fb473376ae2a26b6c,83810,Porto Alegre,RS
9588a78ef51c46d49640e21fdfa53a57,bd485ce6354b4fb58d0846115c125a0a,50948,Sao Paulo,SP
458261f079bf437d8666a04d0744b108,029e38a192d54445a178a8ab863b1dc0,64305,Sao Paulo,SP
58d63aa82fe84e1d99ce199fcf74aefb,fca59991857f4feab2fc7a43461b67f7,91639,Belo Horizonte,MG
eefdab489ec842ca8239c04807d6f0a6,acf259a66a2a49d5a044c8d7f0480ff6,81926,Sao Paulo,SP
b1fa81f516304499857512fa6ab12ae4,0a4c247419dc4d84a0c7357e7ff43f68,87820,Belo Horizonte,MG
4676f0bacd764f4c8a38fbcb778ac7a5,0af8bdb82c074968ac3dd21192cc2f94,13067,Rio de Janeiro,RJ
01d9f07063804a3188546f7bc3231ef3,700773c8c78243e0abc2b5d6a95ab933,65103,Sao Paulo,SP
10dcc963113443c2b60d472f6db07308,59f3df6bfd2c44bd9a9ded3b68185b00,30022,Sao Paulo,SP
5519fc4b49e246dfb0533ddac72e4cde,2256e316dbee4ddb937bbf59c4de62c8,40876,DF City,DF
