mql_id,first_contact_date,landing_page_id,origin
648681c6eff847f5ab5efb2b3b4a8fcb,2018-04-24 04:03:12,e73bb83cf417427888827b7bd8835d0c,paid_search
efc6f34da9f4400aab362637a11a2cb1,2017-10-19 08:54:58,9949586af6134c339c1809ad3ec0df66,display
8c2280a5b73a49b588f9a875904a4d22,2017-08-11 03:43:54,57b30bb0fe284da5b57510a8823d88a2,direct_traffic
5acf1e2f25494bc291659d14fbdd56bc,2018-03-07 03:09:55,702afe38d2d2425a9b41828bf926fbf5,social
feb976228d2e419fbdd58631b39d8aff,2018-01-03 01:09:25,e73bb83cf417427888827b7bd8835d0c,organic_search
1157f96160794ad081fa825b3b2a27ab,2017-07-18 07:57:37,9949586af6134c339c1809ad3ec0df66,organic_search
936ec2fbd6b04ac6ab2448f021808b0b,2018-02-14 21:55:07,e73bb83cf417427888827b7bd8835d0c,organic_search
2aaff4051d534fd4a7e06a230c7b7d66,2018-03-15 07:14:22,f7f91884fcc441c3a73051d4c1896af9,referral
20ebf66946b945a78991b9767c0e6781,2018-04-29 19:50:26,7b5e3159006745bdbee47199b5293638,social
6bb4cfb9e247456097ca648523a0ab04,2017-09-21 16:21:18,702afe38d2d2425a9b41828bf926fbf5,direct_traffic
b01e65f9ba8646ea983d8f6fde9a7946,2017-10-21 00:14:11,d650cf637d2e4393939ab7a1b5bd56fb,organic_search
9483f2acd34a4970bba350710e76d0f8,2017-08-21 15:23:12,42aab95b911f48e28fc6e5aff6d61bab,display
5ac0d026cb724153a75516ea02fed582,2017-10-21 05:39:39,54ac0583af594362879a48b3c36bac75,email
92e77f6ccbaf44bc929cc61a0336954e,2017-11-20 03:43:16,24f5fbd22d624e12b58faeb2f2742ebb,organic_search
bd7616dd3fd44f4ba3a2962d0efe9d01,2017-12-12 03:31:16,7e92b46dac574b1b9786c529162a68c6,organic_search
52556c64bec44c11929edef8f1f4004d,2017-11-24 21:58:51,b5aed19b7ce942ceb1082d725df90ba9,organic_search
8b99aa7001204bf895b812810b17c27d,2017-06-23 16:43:37,c005e1915b5a420dba2530a0e055f0e1,paid_search
6b69054bfd4a416b84d57b60b9dcb4af,2017-08-03 13:46:55,24f5fbd22d624e12b58faeb2f2742ebb,social
5f163f307ba249f08dda775319de2edf,2018-03-10 10:40:27,bd7014dfab0643b08af9d59f9064c67f,paid_search
0937799ccf3c4c2197430926a7c714d9,2018-04-18 22:31:10,5c9fede2c59f461bab56ff6d802fa6a1,paid_search
05c18f706a2c438c808e62f77f8c8325,2017-12-03 21:01:14,54ac0583af594362879a48b3c36bac75,social
25dca5cb81634fb19886c374cc01578a,2018-05-27 02:31:56,eabde2c6e9064911b23d789ff68f2bbb,organic_search
125d58b0f85440269ca3bf54b1750e1b,2018-05-05 08:17:51,d650cf637d2e4393939ab7a1b5bd56fb,paid_search
6dc31fc5ba7d4bd9b971840d726359b7,2017-10-27 02:54:18,54dadc715073494a9f52e4f263e34d4e,paid_search
7bc3013bf04b41d0a428e90a2b719d9e,2017-09-28 03:40:38,ff05ce68802a4f1796f1c6ff9508133e,paid_search
1465f13ed9de4400bf83203a51db1f04,2017-10-21 16:30:29,d4a547d9c0264e5e821f2ce922348c3d,email
92869a4385de435c9743f41a7f24a7a7,2017-12-04 05:55:19,7e92b46dac574b1b9786c529162a68c6,organic_search
e5b60c5451724101889682eef13a75cb,2017-11-29 07:37:40,57b30bb0fe284da5b57510a8823d88a2,social
4687a46228b347c783547e8802664d31,2017-10-15 23:35:39,24f5fbd22d624e12b58faeb2f2742ebb,social
e15fec41d62a45e89f4b97f57c888860,2018-04-08 23:07:07,32f776c66b854bc08925bb990a3b5ea3,organic_search
b54b86dc07c84879a5a3eafff3ec52b7,2018-03-01 08:54:47,32f776c66b854bc08925bb990a3b5ea3,social
0ef68c15b5cd47f99bc30b8221572fe2,2018-01-23 13:48:55,b5aed19b7ce942ceb1082d725df90ba9,organic_search
1b4a68797a3b49388a58a23bd46f52df,2018-04-24 20:16:40,9949586af6134c339c1809ad3ec0df66,organic_search
4e15dc775b46443f92b5df1540fa353e,2018-05-17 11:48:24,bd7014dfab0643b08af9d59f9064c67f,display
edd24a01c3c146b0b5d8800ebc65c74f,2017-06-29 08:20:21,bd7014dfab0643b08af9d59f9064c67f,display
fe696b7bad3c4d77a45da34f107c0ecd,2017-06-17 11:29:07,ff05ce68802a4f1796f1c6ff9508133e,email
b8d273e3fe274479a876f7aa5157ee83,2017-10-16 02:24:35,54ac0583af594362879a48b3c36bac75,paid_search
2957c74a331d4b8f8c60b5a35ae00686,2018-03-18 11:27:25,54ac0583af594362879a48b3c36bac75,organic_search
8f0c6974ee414f15ae5ddfe85d404cc8,2018-05-02 18:10:35,ff05ce68802a4f1796f1c6ff9508133e,direct_traffic
0ce45d4789a4453d836cc908cc2c6454,2018-04-26 16:42:22,2566ffa7a57141909a5618885cb43553,paid_search
e14c95852634441697717047629b0779,2017-10-14 05:05:01,9949586af6134c339c1809ad3ec0df66,organic_search
388991fcf8c44dde8391db8038be7961,2018-03-15 19:37:24,b5aed19b7ce942ceb1082d725df90ba9,paid_search
c8dcb6c8dd514b488458dd8a586bc0f1,2018-03-27 15:35:55,5c9fede2c59f461bab56ff6d802fa6a1,organic_search
6068eb0b65954a739e3f9f80de19093c,2018-03-26 14:32:30,7e92b46dac574b1b9786c529162a68c6,organic_social
217c8ec231e34c2d809a8ca42cc8923c,2017-09-21 05:02:11,30603de19a0f45f98e07cc24bb54cd32,organic_search
7d0557ff38df4bc6a540c25c6ec1858d,2018-02-08 03:18:35,d650cf637d2e4393939ab7a1b5bd56fb,direct_traffic
f76b1f92f69043a1a0322c9bbb607b82,2017-06-25 03:59:31,2566ffa7a57141909a5618885cb43553,paid_search
5ad814c67a384187a363013098a64c63,2018-04-18 05:49:29,280fc02b8ead46d897a70c9fa8a76c35,social
e871720469744e59a6c1599d4e9a54ae,2018-05-15 15:22:13,fd67c44c56284345a9d416ecc4e70697,social
d2f61a5771b14f0c8ac37a6c42ef450f,2017-07-03 14:00:32,ff05ce68802a4f1796f1c6ff9508133e,organic_search
92397bcdafee4679a7c302feee52b02b,2018-04-02 17:02:28,30603de19a0f45f98e07cc24bb54cd32,display
4f70b1f193254d9f895d864688230ca1,2017-10-07 20:08:32,54dadc715073494a9f52e4f263e34d4e,email
2a4da88c66f84be58b7c1617d357afb0,2017-06-06 04:10:14,57b30bb0fe284da5b57510a8823d88a2,organic_social
d75feb48637a4e70a572459227ab6451,2018-03-02 09:42:53,d650cf637d2e4393939ab7a1b5bd56fb,referral
030469b6f2944f49b6c072005edd704c,2018-04-25 12:23:07,dc97f501f52d4c12817bfe088b55a525,social
363c91178e01472abcf3cc28bc655e7e,2017-10-29 15:49:45,32f776c66b854bc08925bb990a3b5ea3,organic_social
602a177656b94d239227a264ded698f2,2018-01-19 00:07:05,22d5f074d6fd43b2b796684fe6998629,organic_search
2d55465a54504ba1a383f50577a28217,2017-10-13 18:13:32,d650cf637d2e4393939ab7a1b5bd56fb,organic_search
40a45716eb7b4868a09429d386880145,2017-08-31 18:29:02,c2366a33c94543b4a5c36a8911cb5ebe,organic_search
204a6fc407cc4fc1aa49d1d06acd8fda,2017-07-25 22:45:59,0c738336dbd04e959c993ff02dbf5e0f,paid_search
34824e34c1d9442bb5c52f1e346cf54a,2018-04-24 18:29:00,fd67c44c56284345a9d416ecc4e70697,paid_search
9814eecde5d646f691a884f381c7c14c,2017-09-10 05:33:52,7e92b46dac574b1b9786c529162a68c6,organic_search
48c5b8952c6c405ea46af8fb10b12161,2017-08-22 19:38:17,d650cf637d2e4393939ab7a1b5bd56fb,email
a4951d7bbf31499f9f51716b14bfa5b0,2018-02-27 00:01:14,fd67c44c56284345a9d416ecc4e70697,paid_search
8782c34c727641c398d1467c25f90576,2017-11-13 17:47:22,e73bb83cf417427888827b7bd8835d0c,paid_search
a042a6118fc24c748f2c51521204f005,2017-07-28 13:12:56,5c9fede2c59f461bab56ff6d802fa6a1,social
a0a9bb9924c44fffa4eb99e723b94b7e,2017-11-05 08:43:05,eabde2c6e9064911b23d789ff68f2bbb,organic_search
5ec1064ec0a6472ca81435a7ee83dd36,2017-10-02 20:39:24,24f5fbd22d624e12b58faeb2f2742ebb,email
a2819790e03d4c2fbcf6a562b3bdfb4c,2017-07-14 17:41:39,bd7014dfab0643b08af9d59f9064c67f,organic_search
725a47a8abd145579fde9cbb65b389bf,2017-07-06 19:23:42,d650cf637d2e4393939ab7a1b5bd56fb,
5575fb436a26493aa8cdeb19d0a29784,2017-08-04 04:40:28,57b30bb0fe284da5b57510a8823d88a2,email
0d3776d2507f4f61832b35fb13beaaec,2018-01-30 20:01:03,32f776c66b854bc08925bb990a3b5ea3,organic_search
a02645c6501947dc91b93face9001308,2017-10-14 19:12:43,54dadc715073494a9f52e4f263e34d4e,organic_search
5fbf5ee8992d4df5a75e45a133465114,2018-04-07 15:24:21,54ac0583af594362879a48b3c36bac75,email
699ea5cfb01c40449baf816112c459e4,2018-03-04 07:19:25,f7f91884fcc441c3a73051d4c1896af9,direct_traffic
a0cf918b523f48398d1817540fdd5b82,2017-11-07 14:31:36,57b30bb0fe284da5b57510a8823d88a2,direct_traffic
459895005d1849ba8fc16be41f90cf06,2018-04-29 13:35:44,b3ebd0b9fc81475f87eaafca8d37f073,email
6037b42d5fca4e91ae344c572f1bf6f2,2018-02-20 16:26:17,dc97f501f52d4c12817bfe088b55a525,organic_search
21559a465f914125998007135483606a,2017-10-05 08:10:51,24f5fbd22d624e12b58faeb2f2742ebb,paid_search
52811f5c64ce484e92973cd6291c2dbe,2017-11-21 00:45:57,702afe38d2d2425a9b41828bf926fbf5,organic_search
d6502ef1fd0b4557a41f065653c21888,2018-03-11 08:22:41,702afe38d2d2425a9b41828bf926fbf5,referral
8932a41986d1485b84acdffe2e0f0c0c,2017-09-21 00:15:42,24f5fbd22d624e12b58faeb2f2742ebb,social
028f88e70b5a4940aed70ea8822fc0ba,2018-05-29 22:58:39,eabde2c6e9064911b23d789ff68f2bbb,paid_search
c51e77e311074145916dfb53f492513f,2017-09-26 02:27:14,5c9fede2c59f461bab56ff6d802fa6a1,organic_search
d094ffb0e32a44d380592efa64000c86,2017-06-17 12:01:49,24f5fbd22d624e12b58faeb2f2742ebb,paid_search
52c196ea44a84b88968d066c7f5a78a4,2018-02-19 08:39:55,b5aed19b7ce942ceb1082d725df90ba9,paid_search
bc14430018d64a938f14e4a79c1fb85a,2018-05-09 17:40:24,54ac0583af594362879a48b3c36bac75,direct_traffic
aae6978b81944dbbb810504f7f74424a,2018-03-04 04:49:02,22d5f074d6fd43b2b796684fe6998629,social
58468ef0b6244941ab9f5e0a035ce87b,2018-03-20 20:58:45,6eb360925f334493a6951325d8182624,referral
1926ccd12f134db28388937e6912b83a,2017-10-03 17:13:13,280fc02b8ead46d897a70c9fa8a76c35,paid_search
74a944a37350416cbf61e787a58d6215,2017-12-26 06:55:57,dc97f501f52d4c12817bfe088b55a525,organic_search
05d66ab3723b4ce6af521f4729f0957a,2017-07-20 23:59:34,7b5e3159006745bdbee47199b5293638,direct_traffic
4266f7c005fb4f14a7ea07aec08e91dd,2017-11-29 15:25:19,7b5e3159006745bdbee47199b5293638,direct_traffic
553a397feb024ea68c63caa7df2cce1c,2018-01-26 01:58:20,57b30bb0fe284da5b57510a8823d88a2,social
2162ef93176144cabab318768f4ab1e3,2018-05-01 23:31:36,dc97f501f52d4c12817bfe088b55a525,email
596e13050d5b40edb845038ca2a96364,2017-07-02 14:39:32,22d5f074d6fd43b2b796684fe6998629,paid_search
4e53cfa7fcfe4be3bf65437c1169dcf4,2017-11-21 03:58:42,9949586af6134c339c1809ad3ec0df66,social
533831bf8c73400cb5c37210d2aecc80,2017-09-07 06:55:31,c005e1915b5a420dba2530a0e055f0e1,paid_search
ec78641598f44677a7199dff45e8f0af,2018-01-16 05:06:13,7b5e3159006745bdbee47199b5293638,organic_search
50cc8ee3e3da491c968c69bc7ca89603,2017-09-02 10:08:29,b3ebd0b9fc81475f87eaafca8d37f073,organic_search
332d793f7188489b9f2bf635d5f3d1eb,2017-10-06 02:44:40,b3ebd0b9fc81475f87eaafca8d37f073,organic_search
a016c4c5e80e49a88eec9fd32b49ad2d,2018-03-09 03:33:53,eabde2c6e9064911b23d789ff68f2bbb,social
a095290474244a2181dad01a5f5bfcc1,2018-04-30 19:40:55,bd7014dfab0643b08af9d59f9064c67f,paid_search
a85e5a07bbf44ceb8a1b69792c5e085b,2017-06-08 03:23:44,c2366a33c94543b4a5c36a8911cb5ebe,social
4431000906e64c98ad6be1b0d8828fd6,2017-09-30 06:03:18,7b5e3159006745bdbee47199b5293638,organic_social
005dfb013c6b445d9aadc60c26c3f758,2018-02-04 17:31:32,54ac0583af594362879a48b3c36bac75,organic_search
62530a971bbd43e7a8fe4ac398481226,2017-12-23 02:08:05,32f776c66b854bc08925bb990a3b5ea3,paid_search
075d2b64bb8a48df8b1c47a1c6d1ec52,2017-12-12 00:04:42,ff05ce68802a4f1796f1c6ff9508133e,direct_traffic
d2aaaa1d160d423baea73d615c70a818,2017-10-14 16:33:58,0c738336dbd04e959c993ff02dbf5e0f,organic_search
0ae8353702434c0f80c8681add3d652a,2018-01-03 20:14:05,57b30bb0fe284da5b57510a8823d88a2,organic_search
4c25d2d3d89a434687c4e7ae4f4c5703,2018-02-05 05:38:09,54ac0583af594362879a48b3c36bac75,paid_search
1c30745fb1574599aa25ad307612e9a3,2017-10-30 07:55:34,eabde2c6e9064911b23d789ff68f2bbb,organic_search
01c000f7f48e4810a4fb2bdcf9178c8e,2018-03-24 19:44:26,eabde2c6e9064911b23d789ff68f2bbb,organic_social
0d053721c19a4071b47cc54241b72e91,2017-11-08 02:04:52,eabde2c6e9064911b23d789ff68f2bbb,email
e70616bca91943dbabc0c5eb0c2f772e,2018-03-27 17:21:33,30603de19a0f45f98e07cc24bb54cd32,social
402b91055d384849a0c972ca95278b74,2018-02-27 05:43:55,eabde2c6e9064911b23d789ff68f2bbb,referral
4f1bce98c73649aeae57304b2735f690,2018-02-16 02:55:00,54dadc715073494a9f52e4f263e34d4e,email
60212b382f5f49a384679e847242db71,2017-09-04 02:29:41,fd67c44c56284345a9d416ecc4e70697,organic_search
f79b9f4f2bb64d76a7530dfde28f0b72,2017-07-05 08:33:48,ff05ce68802a4f1796f1c6ff9508133e,referral
b82ea8aea041464cbd0631b9378eba33,2017-08-01 20:44:28,9949586af6134c339c1809ad3ec0df66,social
1b6e584402124bd5a1a16d102cf8fee7,2018-03-24 21:38:44,eabde2c6e9064911b23d789ff68f2bbb,email
cda07fd1b6c24503b34237fd66f97542,2018-04-14 02:59:05,7b5e3159006745bdbee47199b5293638,referral
885a54b0eea24e51b746de8a977fa7bb,2018-05-03 21:15:03,702afe38d2d2425a9b41828bf926fbf5,paid_search
ed6b8128d8be4dfea7ecc9f12d05dc6b,2018-02-23 11:31:07,c2366a33c94543b4a5c36a8911cb5ebe,organic_search
5c0e39890ae842dd9b6acd4adb06b8f6,2017-10-12 07:26:12,57b30bb0fe284da5b57510a8823d88a2,organic_search
c2a4f1fb5a844a20a7e0252f5c92f162,2017-11-08 08:41:25,b5aed19b7ce942ceb1082d725df90ba9,paid_search
3332830e6f7c41819e26db139b10ee06,2017-12-20 04:45:54,57b30bb0fe284da5b57510a8823d88a2,email
b4cd455a81eb443fa744b15ad6213b5f,2018-04-27 10:55:21,b3ebd0b9fc81475f87eaafca8d37f073,referral
27687f9de4124ec59572435ee0d7cd28,2017-11-09 02:38:28,e73bb83cf417427888827b7bd8835d0c,organic_search
ccdc91466c1c48a38c54880c7a7f5538,2018-01-21 22:36:56,702afe38d2d2425a9b41828bf926fbf5,social
09ce30da8b9c4d2dae4866653ee3004f,2017-07-22 02:40:02,c005e1915b5a420dba2530a0e055f0e1,paid_search
c41709cf00184ad0a8402e9e144368b9,2017-09-18 18:25:07,b5aed19b7ce942ceb1082d725df90ba9,organic_search
39f064d59332466c9e9a07da9b5c686b,2017-08-07 12:42:25,5c9fede2c59f461bab56ff6d802fa6a1,organic_search
82a65282c424420ca97653797f131aaa,2017-07-06 08:53:38,7e92b46dac574b1b9786c529162a68c6,paid_search
71b0951808fa4dfa8957571433f72461,2017-10-24 05:44:36,b3ebd0b9fc81475f87eaafca8d37f073,display
b7e73922b995418d9dff6d4d85ad51e2,2018-03-06 11:00:51,fd67c44c56284345a9d416ecc4e70697,paid_search
763b6ba2b2e84439927f13317d3769a0,2018-05-01 19:15:29,e73bb83cf417427888827b7bd8835d0c,social
73803daeb8054be1b64cdd9e27ac46d6,2018-05-08 20:11:32,0c738336dbd04e959c993ff02dbf5e0f,direct_traffic
96da689d16194a4caaac55fc587b79ec,2018-05-06 03:46:17,5c9fede2c59f461bab56ff6d802fa6a1,paid_search
b58148f83831416da6dd49470d059916,2017-08-08 09:37:44,dc97f501f52d4c12817bfe088b55a525,other
fe8ea3b26b4e4eaeba39caa2c6f78fd7,2017-07-25 20:08:32,2566ffa7a57141909a5618885cb43553,display
a56922afff9942aebb7b82637f5b7357,2017-10-18 10:15:30,fd67c44c56284345a9d416ecc4e70697,organic_search
3a69a18d6ae1498690b7c4d294fb0db4,2017-09-16 12:29:02,54ac0583af594362879a48b3c36bac75,paid_search
9199ef5c0a234f67b53324b713b70df4,2018-05-18 23:05:30,54dadc715073494a9f52e4f263e34d4e,paid_search
ed60054f0bb24a32af2f5b874f188417,2017-10-14 18:24:04,6eb360925f334493a6951325d8182624,paid_search
7521fc6f866a4f0784685bb47fd23419,2017-10-07 01:50:58,24f5fbd22d624e12b58faeb2f2742ebb,organic_search
c4e5e7f8b4a243789d571890df5cbf5d,2018-04-21 15:25:18,bd7014dfab0643b08af9d59f9064c67f,social
78a422f9808f4d32956a0aceff8793f6,2017-10-20 01:36:18,e73bb83cf417427888827b7bd8835d0c,social
594347f3206e485281921ebd0e118303,2017-11-18 04:45:46,d4a547d9c0264e5e821f2ce922348c3d,organic_search
d82654a77c1748b98e576d0792bb2d1c,2017-10-13 05:52:58,22d5f074d6fd43b2b796684fe6998629,organic_search
4e2482d5ad064a38b9ba890625dc4286,2018-01-13 20:05:09,f7f91884fcc441c3a73051d4c1896af9,organic_social
778fbfadf87c416686baa87390004143,2018-01-05 20:25:19,e73bb83cf417427888827b7bd8835d0c,organic_search
f5f08254171746b48885d316af636b73,2017-07-28 02:44:22,5c9fede2c59f461bab56ff6d802fa6a1,organic_search
c63837ef3d7e448d937d52346df68cc9,2018-05-20 05:25:36,c005e1915b5a420dba2530a0e055f0e1,paid_search
df9b64bbd37b4dbfa0d02b3acf2dbd69,2017-06-19 13:26:33,702afe38d2d2425a9b41828bf926fbf5,
273a1bab7b6c412e9f0b4c9de6560d34,2018-03-10 05:23:30,7b5e3159006745bdbee47199b5293638,organic_search
250cbcc8515f47738e64af17a727c74e,2017-08-05 01:31:22,0c738336dbd04e959c993ff02dbf5e0f,direct_traffic
91ee1f1aecd640fe88dcb2b106b0bcbb,2017-12-04 01:27:09,5c9fede2c59f461bab56ff6d802fa6a1,direct_traffic
3e98bb588bb94f43aef2999a1f68e740,2017-12-01 07:38:55,57b30bb0fe284da5b57510a8823d88a2,organic_search
1f8c03589f384a6283fae520f942ee93,2017-10-06 03:44:33,7e92b46dac574b1b9786c529162a68c6,direct_traffic
bdfac1a6e1e44c9fb7a93b8fe6ca4e7a,2018-03-14 14:47:44,fd67c44c56284345a9d416ecc4e70697,paid_search
9304109bc63c4cb4bdb0788fe5c28cbf,2017-08-19 08:37:09,54dadc715073494a9f52e4f263e34d4e,social
27708d9f68694020a91382ac3e0378c4,2017-08-23 06:26:46,5c9fede2c59f461bab56ff6d802fa6a1,social
f70607006eb34021a95e6bcc881dad89,2017-12-29 00:54:08,32f776c66b854bc08925bb990a3b5ea3,social
c7f6b7d0063942d2a1270a94111101dd,2017-11-18 14:59:24,280fc02b8ead46d897a70c9fa8a76c35,organic_search
49bf73443cd54f5193eeb3ee3ab7654a,2018-05-09 09:02:07,b5aed19b7ce942ceb1082d725df90ba9,email
18bbe06af9e3464393d36ed2d5b893cf,2017-08-21 03:56:08,ff05ce68802a4f1796f1c6ff9508133e,paid_search
efe9395cc8e342028c780cee1df8e0ca,2017-06-20 17:08:14,9949586af6134c339c1809ad3ec0df66,organic_search
5831a90bef294bfc8f6ac80301391f93,2017-09-11 16:45:32,7e92b46dac574b1b9786c529162a68c6,organic_search
be496fd771df4cd5bc285f8f2fba9fdd,2017-11-04 08:17:11,9949586af6134c339c1809ad3ec0df66,social
63d93ec8350a44988b9f5460f5bb5839,2017-06-13 07:01:53,ff05ce68802a4f1796f1c6ff9508133e,direct_traffic
a16ac37c41c0477db699db12fdc70bba,2017-11-16 10:08:37,54dadc715073494a9f52e4f263e34d4e,organic_search
cb37316572c54164bb4486dd81409f58,2017-07-06 10:09:45,7e92b46dac574b1b9786c529162a68c6,social
a9c83a7b3470438092daac57ce8b5ca2,2018-04-25 18:32:48,ff05ce68802a4f1796f1c6ff9508133e,organic_search
49c70ed04ef0492cbd0afc9f3bcbbefc,2018-05-14 19:31:22,42aab95b911f48e28fc6e5aff6d61bab,social
a71b9ee256db444aa8c93dd5b8ee5313,2017-06-15 04:11:58,5c9fede2c59f461bab56ff6d802fa6a1,organic_search
11022f3ddf4b4331afbeea91dd33a5a5,2017-10-12 06:30:05,702afe38d2d2425a9b41828bf926fbf5,direct_traffic
27adbf121316487e971e95a5aa779a30,2017-10-14 01:23:34,dc97f501f52d4c12817bfe088b55a525,paid_search
3d72b14655164f5b8ffd52ed172521ed,2018-04-02 15:49:19,7e92b46dac574b1b9786c529162a68c6,organic_social
f5e278dd9f4844b3b59e364520c7654a,2017-11-08 15:53:19,fd67c44c56284345a9d416ecc4e70697,organic_search
7d85079ec2a4442c92a38c06852f72bf,2018-02-17 04:12:37,ff05ce68802a4f1796f1c6ff9508133e,paid_search
33332dca46ce44d8a6a287d636c18209,2018-03-23 06:55:14,b5aed19b7ce942ceb1082d725df90ba9,organic_search
89f43653907847b6b6d17d59e86c3b42,2017-06-23 15:52:34,e73bb83cf417427888827b7bd8835d0c,organic_social
c0ee0072a7844072a7c30a161e1712af,2018-02-22 19:36:15,57b30bb0fe284da5b57510a8823d88a2,referral
18a7026b49a440e4a7a7f0dd6b99da28,2018-05-10 07:10:25,7e92b46dac574b1b9786c529162a68c6,organic_search
9c755f8a3c7545949335e4b9dad684c9,2018-01-07 02:32:51,57b30bb0fe284da5b57510a8823d88a2,direct_traffic
8d2dfa55cdfb4979acb333533493ac2f,2017-11-17 22:41:18,42aab95b911f48e28fc6e5aff6d61bab,email
61633b0086dc4b6da63e524e33e1171d,2018-05-06 04:32:14,22d5f074d6fd43b2b796684fe6998629,social
b082e3f7e3db44298daf6c0ca73d498c,2017-11-01 18:27:49,0c738336dbd04e959c993ff02dbf5e0f,social
918921aaf8444603a28657c127602c7b,2018-05-08 14:52:08,42aab95b911f48e28fc6e5aff6d61bab,organic_search
9c923254ba8a467d944a3ff78b8c2416,2017-12-24 10:45:52,c005e1915b5a420dba2530a0e055f0e1,organic_search
6e46e37202c9414697f1d926f34c28aa,2017-08-05 06:59:04,7b5e3159006745bdbee47199b5293638,referral
07eae5b065c14ce8886ba88fb22931d5,2018-05-07 13:48:15,57b30bb0fe284da5b57510a8823d88a2,organic_social
39a079cd68ce475f866eb188841aa1de,2017-08-29 22:24:36,702afe38d2d2425a9b41828bf926fbf5,social
70118551b5b54d039b94f1354c5af88d,2017-11-02 14:47:05,c005e1915b5a420dba2530a0e055f0e1,paid_search
6f7cceb08ffe46368952d320b680f1b4,2017-06-01 11:03:49,0c738336dbd04e959c993ff02dbf5e0f,paid_search
f40c7612b0fe41bcb9309592be6f98ac,2017-09-16 15:39:06,280fc02b8ead46d897a70c9fa8a76c35,direct_traffic
02b056e2d26f45fe87db0b0b09418b58,2018-03-24 22:05:16,d4a547d9c0264e5e821f2ce922348c3d,referral
4481ba3e61ec4d2ba3ae864c8b19ba3b,2017-11-12 16:55:46,b3ebd0b9fc81475f87eaafca8d37f073,referral
03be993282274bc0b1eed620e7005a04,2018-01-13 07:46:50,30603de19a0f45f98e07cc24bb54cd32,email
b579f441447d4780a15d0b96ecb426ee,2018-01-29 06:10:41,57b30bb0fe284da5b57510a8823d88a2,social
9aa345f00a8243f6b59e8290017b9256,2017-07-14 10:19:56,30603de19a0f45f98e07cc24bb54cd32,organic_search
14052220c0d346c0b09456d3e3f418e8,2018-05-06 23:02:40,fd67c44c56284345a9d416ecc4e70697,organic_search
365fc4edd21b4f94b9006276ade6003f,2017-11-19 03:24:00,bd7014dfab0643b08af9d59f9064c67f,referral
e6403a9cc8904f52990b782f762609af,2017-09-29 11:18:07,9949586af6134c339c1809ad3ec0df66,social
1af5949dc90a414ba2c261708ef841b1,2017-09-10 05:21:53,e73bb83cf417427888827b7bd8835d0c,organic_search
1e2dc1ffd64e4000a69668d8b6f9e3b1,2017-06-24 08:54:52,6eb360925f334493a6951325d8182624,organic_search
5e87a2dce81d489392ce0f32ecf62ead,2018-04-09 02:39:05,b3ebd0b9fc81475f87eaafca8d37f073,direct_traffic
d8466e3f965b4546be0486873543e7fc,2017-12-30 22:55:44,702afe38d2d2425a9b41828bf926fbf5,organic_search
fd6930f2529649bca84076c30bdf8563,2017-09-08 13:58:48,6eb360925f334493a6951325d8182624,organic_search
87f60f519ca14c9b9daf5ee64ecf5bf7,2017-12-22 08:52:59,2566ffa7a57141909a5618885cb43553,social
d83aed83fdf24707b5f35f9bbaec8d21,2018-05-02 00:12:06,5c9fede2c59f461bab56ff6d802fa6a1,direct_traffic
8bd7066def544c0e85e13797654b5cb7,2017-07-25 15:28:44,9949586af6134c339c1809ad3ec0df66,direct_traffic
a0c5fac3752d4e8ab12b94f28d6a963d,2017-08-30 18:51:29,b3ebd0b9fc81475f87eaafca8d37f073,organic_search
ac09162cf175466cab7cee79a183bdcd,2017-06-26 20:17:40,9949586af6134c339c1809ad3ec0df66,direct_traffic
378ab491205c4edcbfbe1380a3355117,2017-08-02 16:37:09,2566ffa7a57141909a5618885cb43553,organic_search
ac19151520c046caa5aa7fa0cd108def,2018-01-24 19:20:16,c005e1915b5a420dba2530a0e055f0e1,paid_search
bbe228f881bb4c6494ffaa660c505dd1,2018-04-01 11:33:08,d650cf637d2e4393939ab7a1b5bd56fb,direct_traffic
97c366f976d144bfbc8e68719bfecf45,2018-01-13 22:18:21,bd7014dfab0643b08af9d59f9064c67f,social
9c4b8cb610eb4bb395833c510db66860,2018-02-14 15:32:13,bd7014dfab0643b08af9d59f9064c67f,email
6f15c535ff4a4917896e6335bf851fb3,2018-03-08 16:14:06,5c9fede2c59f461bab56ff6d802fa6a1,direct_traffic
1ecd65ae76c54cd0b915c6fc27b78404,2017-08-21 17:16:56,b3ebd0b9fc81475f87eaafca8d37f073,social
97522bc1194c4f70bd0487b68562d061,2017-10-11 09:00:06,bd7014dfab0643b08af9d59f9064c67f,organic_search
b7badfc4e4974d089a6ca7d905191ed4,2018-04-23 10:05:47,d650cf637d2e4393939ab7a1b5bd56fb,paid_search
87e4b5ace9324c4482826b9433241367,2018-02-22 17:38:37,d4a547d9c0264e5e821f2ce922348c3d,organic_search
fb47ab3d42714f47b128b47f0afaefe8,2017-10-01 09:59:52,b3ebd0b9fc81475f87eaafca8d37f073,organic_search
c1b5735149b64a36989a79f36306f752,2017-07-10 10:24:10,9949586af6134c339c1809ad3ec0df66,other
f1a2a66156c04af19368eecfd68674b0,2017-10-18 12:13:40,42aab95b911f48e28fc6e5aff6d61bab,paid_search
f7e5ab76ebca47a18e9cf59f8289482d,2018-03-04 02:56:01,2566ffa7a57141909a5618885cb43553,referral
70be423c1e924beaaaba38cdad4b08bd,2017-08-17 08:25:11,ff05ce68802a4f1796f1c6ff9508133e,social
b84de479efb8431492e181428a19e034,2018-05-22 05:33:48,f7f91884fcc441c3a73051d4c1896af9,email
014b06a991614a95af9d588ac03bc782,2017-09-18 02:20:18,7b5e3159006745bdbee47199b5293638,social
4f0e5dd2092d48549de06b5fc7367526,2017-12-26 12:02:49,c005e1915b5a420dba2530a0e055f0e1,social
f33add72666f48cfa0bfdba081839028,2018-01-25 15:08:16,eabde2c6e9064911b23d789ff68f2bbb,paid_search
dd259cd23d044b18ac9cc283fffe067f,2017-09-14 15:17:49,ff05ce68802a4f1796f1c6ff9508133e,organic_search
01cfd2a69aad4c0abcfbbcba2249ecab,2018-03-27 00:42:40,54dadc715073494a9f52e4f263e34d4e,direct_traffic
fa91a7dadff64c4687e86f7922bfb315,2018-03-22 13:50:57,6eb360925f334493a6951325d8182624,paid_search
87ce76b8d32f405385558751b0afa39a,2017-06-04 12:48:25,0c738336dbd04e959c993ff02dbf5e0f,organic_search
aa64a8fb0a104c7b95e76479476936be,2017-12-17 15:15:21,c005e1915b5a420dba2530a0e055f0e1,social
a3bdf4900070413f9c70c2d0920609d0,2018-03-07 21:57:49,5c9fede2c59f461bab56ff6d802fa6a1,organic_search
a8cb9d2083ba4099a62cf13294c36425,2017-09-21 17:46:33,9949586af6134c339c1809ad3ec0df66,display
0996246dec9247abb2298cdda9f5e367,2017-10-18 15:52:05,6eb360925f334493a6951325d8182624,display
2ba195e9b9f44a72b5661a94074c8460,2017-06-15 14:09:28,42aab95b911f48e28fc6e5aff6d61bab,organic_social
aad3f1389d9141d5ad7c6610e002271a,2018-05-09 14:43:14,22d5f074d6fd43b2b796684fe6998629,paid_search
06a829ec85b7408793cbfe2a556662f3,2017-08-24 17:01:01,c2366a33c94543b4a5c36a8911cb5ebe,organic_search
d791cf5de3df443d977246d092b2aa1a,2017-08-05 22:39:20,c005e1915b5a420dba2530a0e055f0e1,organic_social
b66cc0675b1a415c921cd755a561cf2b,2017-06-14 14:20:45,702afe38d2d2425a9b41828bf926fbf5,paid_search
5d34963359ed4999a7baaf3a8edb2e3a,2018-03-16 00:59:12,24f5fbd22d624e12b58faeb2f2742ebb,display
bac2726723084e82bb0f3d4c4168de99,2018-04-26 15:36:19,2566ffa7a57141909a5618885cb43553,display
9d7700f973754dd3893d825cd5a0782f,2018-01-23 06:36:59,eabde2c6e9064911b23d789ff68f2bbb,referral
242e9f0ab5b34044a7fcf937a253bcc9,2017-10-12 13:48:09,42aab95b911f48e28fc6e5aff6d61bab,paid_search
771b518084c5482990b6b8da9e53cb37,2017-09-17 16:33:18,42aab95b911f48e28fc6e5aff6d61bab,paid_search
bbbb3c22c2214810aba2010fb4cfe89f,2017-11-20 13:48:12,b5aed19b7ce942ceb1082d725df90ba9,referral
d404f2a2ec624f7d87c829379799183c,2018-01-02 09:11:05,bd7014dfab0643b08af9d59f9064c67f,paid_search
fa078fdeb9414c84964af1795ecb4131,2017-07-12 17:07:24,e73bb83cf417427888827b7bd8835d0c,organic_search
63b41659177b4cf3934b978c092c24f5,2018-03-04 01:53:46,7e92b46dac574b1b9786c529162a68c6,social
7b1767fe702c42e581550a92c19eec9c,2017-09-23 23:40:15,24f5fbd22d624e12b58faeb2f2742ebb,organic_social
ab787f046203482782deb29d4bfe5f9b,2018-04-30 01:27:56,d650cf637d2e4393939ab7a1b5bd56fb,direct_traffic
6301bab36829438986f9c6a58d989d90,2017-06-16 09:00:11,54ac0583af594362879a48b3c36bac75,social
cc9906572c0042cf833595dad190efdf,2017-06-11 22:37:19,2566ffa7a57141909a5618885cb43553,organic_search
5d07c7b63544465d93742097f5b89a09,2017-10-01 04:35:44,6eb360925f334493a6951325d8182624,social
ab5f81f03f544f30b9b9a6df78ebd804,2018-05-09 04:09:53,702afe38d2d2425a9b41828bf926fbf5,
fe69e43801f441f9b71a1e9b58ae53c9,2017-09-20 16:55:52,f7f91884fcc441c3a73051d4c1896af9,organic_search
e4560272a6d74604a8046c48b244211b,2017-10-10 13:25:51,32f776c66b854bc08925bb990a3b5ea3,social
68c324622bcb4bd09141db45af5b8c5c,2018-04-07 22:06:33,22d5f074d6fd43b2b796684fe6998629,referral
8490406817ac4193803e23f44098183e,2017-07-29 05:57:45,0c738336dbd04e959c993ff02dbf5e0f,direct_traffic
5c91f9ebce7747869d243297aa43f372,2017-07-26 21:04:09,e73bb83cf417427888827b7bd8835d0c,direct_traffic
dd09366a5c104c1ebdb1d2152e072ef6,2017-11-07 20:57:50,57b30bb0fe284da5b57510a8823d88a2,direct_traffic
4e073632b6d94b3a8a3e79ea353f76d9,2017-12-10 14:26:30,f7f91884fcc441c3a73051d4c1896af9,paid_search
22dbff69f8494141862cb116d02c44df,2017-09-10 02:46:01,702afe38d2d2425a9b41828bf926fbf5,paid_search
5cd5e20bea184a58a585eb3af38b1f33,2018-05-20 22:50:13,9949586af6134c339c1809ad3ec0df66,email
03a7f5a31f0d4245ab13ec9279b00a56,2017-07-23 10:58:49,54dadc715073494a9f52e4f263e34d4e,email
72990ba109f84374bb1c61643ae0f792,2018-05-17 21:51:37,280fc02b8ead46d897a70c9fa8a76c35,referral
64f151f3886c4b4bbd22bac7978c5c7d,2017-08-01 20:36:17,280fc02b8ead46d897a70c9fa8a76c35,organic_social
9d9d4f7730a5430fa05cc3700f282f3f,2017-06-22 12:38:28,c005e1915b5a420dba2530a0e055f0e1,social
9cb03d5344f6479e932717e27c83f450,2018-01-06 13:29:31,24f5fbd22d624e12b58faeb2f2742ebb,social
cdb7a10675e844648f9a8db6a46de187,2018-02-15 23:34:34,42aab95b911f48e28fc6e5aff6d61bab,email
cbe635412f8f4def82f85c1f2ffc352e,2017-06-07 15:17:37,bd7014dfab0643b08af9d59f9064c67f,social
25f79d4d9afb4addbbeaf417e5ca2a14,2018-02-06 03:50:33,7b5e3159006745bdbee47199b5293638,direct_traffic
e8e2b796c7574ee48872f05f5ae5c8f0,2017-12-03 23:08:27,5c9fede2c59f461bab56ff6d802fa6a1,email
a5d72367c40c4215a8a3188170e57e39,2018-01-22 05:34:12,7b5e3159006745bdbee47199b5293638,referral
391ca96d5c67424b926042a221b31437,2017-08-30 18:59:46,d4a547d9c0264e5e821f2ce922348c3d,paid_search
3d61dbd6822d4af0bd5cf249e5ceed2c,2017-10-17 22:25:28,280fc02b8ead46d897a70c9fa8a76c35,paid_search
3ad64d2223b94468afcba306ce4d1813,2018-03-03 17:36:12,b3ebd0b9fc81475f87eaafca8d37f073,organic_search
9acb20e09aa04e678e9802d697942953,2018-01-10 21:34:16,b5aed19b7ce942ceb1082d725df90ba9,social
4f65ae08fd074ee59013ec54b83e234f,2017-11-13 08:56:17,bd7014dfab0643b08af9d59f9064c67f,organic_search
1a471ff829db4075800515c0e26899eb,2017-07-15 10:09:19,5c9fede2c59f461bab56ff6d802fa6a1,paid_search
dddb312f64124db2a2e3bf8091a46223,2018-01-17 08:52:43,d650cf637d2e4393939ab7a1b5bd56fb,social
dbf3929c0a024f538f4c198a2e39d113,2018-01-24 20:44:51,fd67c44c56284345a9d416ecc4e70697,paid_search
4879b2e19e164e8a9bb166e785113c55,2018-05-09 13:47:54,42aab95b911f48e28fc6e5aff6d61bab,social
9229aeff865b40d09e1b6d5e72a239fb,2017-06-15 17:59:49,54dadc715073494a9f52e4f263e34d4e,organic_search
1585043d09524ca78dc6fa3c622cb8a1,2017-11-14 06:37:14,6eb360925f334493a6951325d8182624,organic_search
499b98422c394cceaff623978fa0ef7f,2017-09-17 12:55:07,280fc02b8ead46d897a70c9fa8a76c35,email
ca01187fcd4e4abb82a530c2e947538e,2017-10-11 12:23:28,b5aed19b7ce942ceb1082d725df90ba9,paid_search
cf41979791184748ab547879e109736a,2018-04-02 10:03:31,c005e1915b5a420dba2530a0e055f0e1,organic_search
dfd080373d6c48fe85c8e048ee69102c,2017-06-06 18:48:35,54ac0583af594362879a48b3c36bac75,social
044274854c8d4eb49a171f5c65b3d28c,2017-07-14 08:47:15,22d5f074d6fd43b2b796684fe6998629,direct_traffic
6b0ebe5214b34a04a3dd61b43a2e4eb0,2017-12-26 17:47:18,c005e1915b5a420dba2530a0e055f0e1,organic_search
7b51cb95e18f44c1974fadb763594757,2017-10-02 17:20:02,d4a547d9c0264e5e821f2ce922348c3d,social
87ed99ce1932416c990b8b514f8e0eb2,2018-05-31 17:52:12,b3ebd0b9fc81475f87eaafca8d37f073,organic_search
d6350727568746bb80ba3c6387d761f3,2017-06-09 03:23:16,0c738336dbd04e959c993ff02dbf5e0f,organic_search
365fc59b88fd42beb6f4812a649a9d2a,2017-09-22 14:43:25,f7f91884fcc441c3a73051d4c1896af9,social
68a020909fba43eca2a86b22e1a34f62,2017-10-03 11:08:55,57b30bb0fe284da5b57510a8823d88a2,social
f10742040f7949db96086424ef02f0e8,2018-03-25 13:26:08,6eb360925f334493a6951325d8182624,social
34d081743cbe4a58928a9be08b3f2524,2018-03-11 19:19:48,7e92b46dac574b1b9786c529162a68c6,direct_traffic
399efe8443934116a3371c752370ed85,2018-01-04 20:02:20,42aab95b911f48e28fc6e5aff6d61bab,other
928fa94275204ebd9cb8bbfef2fc165a,2017-11-28 16:31:13,b5aed19b7ce942ceb1082d725df90ba9,social
3c4dd647b3ba4e07be382cd6a48d75c1,2017-11-04 09:09:11,9949586af6134c339c1809ad3ec0df66,paid_search
7c3153588d6449eeb5e95d36e565c4e9,2017-08-01 07:00:42,42aab95b911f48e28fc6e5aff6d61bab,email
eeee05260aec4440bcdcfb8cedf8d2b1,2017-08-01 19:30:36,d650cf637d2e4393939ab7a1b5bd56fb,organic_search
b45cf10b799048d684562601d640829b,2018-05-20 06:44:27,54ac0583af594362879a48b3c36bac75,paid_search
76e11c614eaf44d8999f0462714a3f0a,2017-09-19 17:37:44,b5aed19b7ce942ceb1082d725df90ba9,organic_search
e59e56193dbd4634978e737b2ba319cd,2018-03-29 19:06:05,fd67c44c56284345a9d416ecc4e70697,organic_search
589168576db64004841f5c111de55292,2017-10-23 03:39:36,bd7014dfab0643b08af9d59f9064c67f,display
d0045b24a9cf42e885ac91bedce42971,2017-09-08 10:47:09,9949586af6134c339c1809ad3ec0df66,email
1ffb34c7f7914596b0631d5c52c86c30,2017-12-02 06:31:59,0c738336dbd04e959c993ff02dbf5e0f,direct_traffic
3b0b060e3f2b4a518a2c32be173ec7b6,2017-06-08 19:26:50,2566ffa7a57141909a5618885cb43553,paid_search
0b64980cfbce470cadc1b029f1b887b0,2017-10-19 01:39:25,eabde2c6e9064911b23d789ff68f2bbb,organic_search
5ea2fa7d867a457c9376df6aca57be41,2018-03-11 10:38:10,f7f91884fcc441c3a73051d4c1896af9,organic_search
e34df78f60db4e33b40c0284cb31f1c9,2017-08-04 23:13:26,54dadc715073494a9f52e4f263e34d4e,organic_search
812338c3db2e4941aabd515445d522b5,2018-02-07 03:44:06,54dadc715073494a9f52e4f263e34d4e,social
c37022456b3d4cb9a6060417a2988cbd,2017-06-07 20:54:03,0c738336dbd04e959c993ff02dbf5e0f,direct_traffic
b66f71a193ce457f9cb40083c0f6013d,2018-01-27 17:25:46,b3ebd0b9fc81475f87eaafca8d37f073,direct_traffic
f61e03db3a804938a70181ea691e7a1b,2017-11-22 06:42:44,eabde2c6e9064911b23d789ff68f2bbb,organic_search
6b2ae1db526b4e7ea1f4159c3e37cdea,2017-10-08 17:23:36,dc97f501f52d4c12817bfe088b55a525,display
7c99fc97e97a4020809ae8dc35388f4f,2017-07-04 14:35:21,6eb360925f334493a6951325d8182624,direct_traffic
a9fbb95f563d4ff69fb3b77f9ef3e460,2017-07-08 21:00:31,d4a547d9c0264e5e821f2ce922348c3d,social
b7e43bb6ae0e429592642c3615ee7a8b,2018-05-18 01:57:06,2566ffa7a57141909a5618885cb43553,social
df53980972ea4621a34e61c93053eecd,2017-08-16 20:29:32,0c738336dbd04e959c993ff02dbf5e0f,paid_search
5399696e5fe940f387282844a2ca4953,2017-07-14 09:02:10,dc97f501f52d4c12817bfe088b55a525,organic_search
d97f79fff5f1407e953219651efd9477,2018-03-13 15:09:08,fd67c44c56284345a9d416ecc4e70697,paid_search
71fb9c542ade4b9f8a65a03c0315787e,2018-04-02 22:30:57,9949586af6134c339c1809ad3ec0df66,direct_traffic
68811aa4d8f34566b02dd2db1560e7d0,2018-02-23 13:50:56,b3ebd0b9fc81475f87eaafca8d37f073,organic_search
80a0d85a59194d8d91131bc41277d211,2018-01-13 10:49:34,54dadc715073494a9f52e4f263e34d4e,organic_search
b62efb04ec4c436cb17dded69f4f5cc2,2018-03-29 15:36:47,0c738336dbd04e959c993ff02dbf5e0f,organic_search
a767bed8939c47b5b910dca4088ce589,2018-03-19 22:36:39,eabde2c6e9064911b23d789ff68f2bbb,organic_search
b6122e8771fb4943ac3d26e2fe6e983d,2018-04-09 03:36:46,d650cf637d2e4393939ab7a1b5bd56fb,referral
b12078756fe04d1fbfd5d6e3cac4091b,2017-09-15 22:46:27,54ac0583af594362879a48b3c36bac75,direct_traffic
b50ea29cf5674ed5891de064f1a05de8,2017-10-14 02:57:21,32f776c66b854bc08925bb990a3b5ea3,paid_search
05a6231bc31c4810b4ada3a323f148b7,2017-10-01 06:19:42,c005e1915b5a420dba2530a0e055f0e1,organic_search
8c38dc7db801405eb5a58b0e089304c2,2017-07-09 05:41:57,e73bb83cf417427888827b7bd8835d0c,paid_search
20c4286c34ca4e0cada772813bc3e686,2017-12-27 16:24:08,f7f91884fcc441c3a73051d4c1896af9,paid_search
ea8ef5f67aef416db150560ed8aec610,2018-04-01 17:06:32,0c738336dbd04e959c993ff02dbf5e0f,organic_search
a59e8e15397c4628bb08c0a9660dc4cb,2017-06-17 08:25:40,0c738336dbd04e959c993ff02dbf5e0f,paid_search
79cfcb97430948f9a97bbbad770c506e,2018-05-28 10:17:36,f7f91884fcc441c3a73051d4c1896af9,paid_search
c03f78a7ddea4e5cb5e62e47e9ad0940,2018-01-19 02:35:29,57b30bb0fe284da5b57510a8823d88a2,social
b93f30c5af6f4bb4b9711a170941ad21,2017-09-28 09:37:55,280fc02b8ead46d897a70c9fa8a76c35,social
2e3fb1df8be94a399b12223cb14694ed,2018-04-17 21:28:24,57b30bb0fe284da5b57510a8823d88a2,organic_search
d783574e11dc468a8c5b8be01a2c23d1,2017-09-10 15:28:43,dc97f501f52d4c12817bfe088b55a525,paid_search
2c940f7745134a3d882034367503d4e9,2018-03-06 08:11:06,d4a547d9c0264e5e821f2ce922348c3d,social
931121a2443047a5aaa20fa20e6fe672,2017-08-16 09:40:16,bd7014dfab0643b08af9d59f9064c67f,social
bda1068975af4be59a9d8462167252d5,2017-08-12 02:35:59,eabde2c6e9064911b23d789ff68f2bbb,referral
ff395522c7a04996a7e257f8a94e4351,2017-08-24 11:11:59,fd67c44c56284345a9d416ecc4e70697,direct_traffic
a7d02a9947e94be5a7161537dce68181,2018-03-19 10:30:28,b3ebd0b9fc81475f87eaafca8d37f073,organic_search
e6db1b8447c5473994db68ff1cba0c3d,2017-08-03 17:03:53,f7f91884fcc441c3a73051d4c1896af9,organic_search
c02796f891f64ce1be8bf7d72fed0e79,2017-11-03 14:39:17,b5aed19b7ce942ceb1082d725df90ba9,social
2e57f3154b654f47b5decde3fd6afb84,2018-02-12 19:39:36,6eb360925f334493a6951325d8182624,organic_search
6b35122be0ae4bb48242d8d0a3abd0e0,2018-01-11 02:55:43,fd67c44c56284345a9d416ecc4e70697,social
a8015a5cb7ea4e45bbc0efcf45b756ec,2017-06-21 15:43:46,22d5f074d6fd43b2b796684fe6998629,display
708949f843a044c1b01988c8ba464fdd,2017-11-13 21:58:49,b5aed19b7ce942ceb1082d725df90ba9,social
3a53acabfbe9437abd7803b1a1721a43,2017-06-14 03:19:30,9949586af6134c339c1809ad3ec0df66,paid_search
27cf447b6d2b4b438633d4bf252c06db,2018-05-12 20:56:32,702afe38d2d2425a9b41828bf926fbf5,social
047559c552484494b137336a65a4f317,2017-06-11 09:48:45,702afe38d2d2425a9b41828bf926fbf5,paid_search
c13bb0d9f12d43629467dba3bcec3aeb,2017-06-21 06:22:42,6eb360925f334493a6951325d8182624,social
2b1398ad113e4fef99861bb3f3b99439,2018-02-21 23:43:14,b3ebd0b9fc81475f87eaafca8d37f073,display
b18abbd67a0b470183dc8bce8983e209,2017-10-21 06:36:28,702afe38d2d2425a9b41828bf926fbf5,paid_search
0fd9fd770db34eab8fe745f041eb7af9,2018-01-10 23:06:42,bd7014dfab0643b08af9d59f9064c67f,display
1fc13182cca74bb29b591f6e5ecec958,2018-02-07 03:19:19,6eb360925f334493a6951325d8182624,organic_social
627a74d148ff4677a3c279882cd18ed0,2017-11-26 14:52:03,42aab95b911f48e28fc6e5aff6d61bab,organic_search
de3b15500d254d7b906b2ab294010115,2017-11-12 03:48:30,54dadc715073494a9f52e4f263e34d4e,organic_search
ec5640429bdf4a6b9c092e46fdbe69c9,2017-08-22 12:00:28,7b5e3159006745bdbee47199b5293638,organic_search
a4ca8785ac2242e7a2d3b20454f35ba9,2018-05-22 18:02:22,0c738336dbd04e959c993ff02dbf5e0f,organic_search
1b63eca454cb4035a0b5a82bb148722f,2018-05-06 14:34:48,bd7014dfab0643b08af9d59f9064c67f,organic_search
48889b36d5f14f089d16304de1669efb,2018-03-09 01:20:09,b3ebd0b9fc81475f87eaafca8d37f073,direct_traffic
20e1033a688e4722a970827e28a82792,2017-07-16 11:27:04,b5aed19b7ce942ceb1082d725df90ba9,organic_search
108e70364f0e442bb5c6d860134ba5ee,2017-11-13 04:13:14,d650cf637d2e4393939ab7a1b5bd56fb,paid_search
1a79a743161f49338ba697053706953b,2017-12-24 18:44:09,bd7014dfab0643b08af9d59f9064c67f,email
f32555ad2efb43589f6842f48123c5b0,2017-06-01 23:56:40,54dadc715073494a9f52e4f263e34d4e,organic_search
ae55d231cb0247988a8f82fcc629a46b,2018-03-05 16:49:12,7b5e3159006745bdbee47199b5293638,email
4f29bfce5726416bb64e954d2ea83130,2017-06-28 06:49:46,30603de19a0f45f98e07cc24bb54cd32,paid_search
85c42c6960124f5a94fc685dd622063b,2017-12-03 22:40:09,d650cf637d2e4393939ab7a1b5bd56fb,organic_search
cf80ed84d70e48ee9112c42b20bd2ca0,2018-02-11 22:46:13,b3ebd0b9fc81475f87eaafca8d37f073,direct_traffic
cbfdf099ad034339ae04c1fb601bc675,2017-06-27 07:24:40,b5aed19b7ce942ceb1082d725df90ba9,social
96bd60b15b6043909648d9c050caca9a,2018-03-09 04:46:12,c2366a33c94543b4a5c36a8911cb5ebe,referral
846edf85236a4ad59af9f58569d044ce,2017-10-26 15:57:04,5c9fede2c59f461bab56ff6d802fa6a1,direct_traffic
4714471d2581419690eb16bdc2c971cb,2018-05-24 17:38:52,dc97f501f52d4c12817bfe088b55a525,email
aa7471e7ccf549d790aed963e414b665,2017-06-15 22:56:18,fd67c44c56284345a9d416ecc4e70697,paid_search
d47a7c0c1699487baaec84a2f7b62cd7,2017-10-01 05:45:58,0c738336dbd04e959c993ff02dbf5e0f,organic_search
310c5e8da15c46568f8346ce6cea0215,2018-03-10 00:29:52,c005e1915b5a420dba2530a0e055f0e1,direct_traffic
29c28ef34a3e450e9299fa7923cbc94b,2017-12-26 03:23:37,9949586af6134c339c1809ad3ec0df66,email
a0bf67080236496cba7cac835759f363,2017-07-29 16:48:02,dc97f501f52d4c12817bfe088b55a525,
2a32d46ce1ef4d5889b3f30c91c1254a,2018-04-28 05:36:21,6eb360925f334493a6951325d8182624,paid_search
ff0bf187885f4ea6a72f281f42551349,2017-10-28 18:31:38,f7f91884fcc441c3a73051d4c1896af9,paid_search
05c10c2a73fd4378b1bf2b352a1681af,2017-10-18 15:07:39,bd7014dfab0643b08af9d59f9064c67f,email
f7b53feb84e0422da664f9270cf81850,2018-02-03 17:11:34,9949586af6134c339c1809ad3ec0df66,paid_search
b83d070cd02f47a2909ee9e006d5cc66,2018-01-20 20:04:15,2566ffa7a57141909a5618885cb43553,organic_social
07b703c38660419cb573d524d11afdfb,2017-12-14 06:56:23,c2366a33c94543b4a5c36a8911cb5ebe,referral
1b818b2823d54e5b988e6af5514523ac,2018-04-03 18:30:16,22d5f074d6fd43b2b796684fe6998629,paid_search
051317b9bb4a4b7697abdcdcdffb794c,2017-08-09 02:32:30,b5aed19b7ce942ceb1082d725df90ba9,direct_traffic
986bd041de5c4aac9a97fd24142f3d7a,2017-12-30 12:22:28,c2366a33c94543b4a5c36a8911cb5ebe,direct_traffic
bd69f05b5675411fbb42edb67a543156,2018-02-15 09:43:38,bd7014dfab0643b08af9d59f9064c67f,organic_search
dee5bda91a924d3681025a5079d833f5,2017-06-02 10:17:52,22d5f074d6fd43b2b796684fe6998629,organic_social
66d419f82a904635a14099af6e931d3d,2017-10-31 21:22:11,702afe38d2d2425a9b41828bf926fbf5,social
48cc12b2e8904bdc8cd1b80c9d2c6847,2018-05-04 17:49:38,54dadc715073494a9f52e4f263e34d4e,email
b8d643e786ea4cad97f575d6faa7f3f8,2017-08-16 16:15:29,c005e1915b5a420dba2530a0e055f0e1,paid_search
14a281a4eda94f8ea431036f8ead5039,2018-02-03 12:33:56,42aab95b911f48e28fc6e5aff6d61bab,referral
ef8974d91b1b44f6b215dcba09190b92,2018-03-10 19:47:08,ff05ce68802a4f1796f1c6ff9508133e,paid_search
c6f4e64d57f54e199488aad2dc709ff8,2018-01-20 11:42:56,54dadc715073494a9f52e4f263e34d4e,organic_search
5a8540301f8c4a0f9bd57ac1227d6f84,2017-09-05 08:41:40,702afe38d2d2425a9b41828bf926fbf5,organic_social
8f0f82f9408f41e2a49c4f8f456fb9f5,2017-12-14 08:30:13,54dadc715073494a9f52e4f263e34d4e,organic_search
fb3c0edcc4f94c1d9061df67015306f9,2017-12-28 01:35:20,42aab95b911f48e28fc6e5aff6d61bab,paid_search
c6d53eccb8394419a7e4005603c4086e,2018-01-29 13:52:48,ff05ce68802a4f1796f1c6ff9508133e,display
b85805ed9d2043299ecf91afa2ab0bac,2018-05-06 23:44:21,2566ffa7a57141909a5618885cb43553,display
c43c34658b39452eaaf67e62ceac404b,2018-02-09 01:20:52,2566ffa7a57141909a5618885cb43553,social
8424783cba044bc8954af4dcbcf9734a,2018-02-13 21:29:16,42aab95b911f48e28fc6e5aff6d61bab,social
00cdb442dfd848d7b586a73dd990353c,2017-07-22 16:01:51,dc97f501f52d4c12817bfe088b55a525,paid_search
83347e4282e241ebac460aedc5401c6a,2018-02-25 16:38:10,e73bb83cf417427888827b7bd8835d0c,paid_search
4c5d111ef96445fe93962a82268b2149,2017-08-13 14:55:36,54dadc715073494a9f52e4f263e34d4e,paid_search
ccb625cc671d414a9c7152af70120654,2018-05-02 05:37:12,24f5fbd22d624e12b58faeb2f2742ebb,direct_traffic
5d33d08e3d4341409842c0ef877ba188,2018-01-27 09:38:57,42aab95b911f48e28fc6e5aff6d61bab,direct_traffic
552737ffaae14c0cbcbe5bc150f892d7,2018-04-16 14:28:18,d4a547d9c0264e5e821f2ce922348c3d,email
644678f4191f43fa9622c17081f16f13,2017-07-12 11:57:45,54dadc715073494a9f52e4f263e34d4e,email
2fa945b02b6346acb865ee7bc3a75822,2018-05-12 19:25:42,ff05ce68802a4f1796f1c6ff9508133e,organic_search
ec1c30109c9a4cf3a34daaacd95f9c1a,2017-11-10 22:49:15,f7f91884fcc441c3a73051d4c1896af9,paid_search
b1639caf58c24c64aa680d140272ff76,2018-02-05 19:41:52,eabde2c6e9064911b23d789ff68f2bbb,organic_search
e4ff361ef9754b6883f08e7bad87e2ec,2018-04-13 02:29:28,9949586af6134c339c1809ad3ec0df66,social
52e8c54720fc49ddbbc2e300383b5e5b,2018-04-20 10:27:47,9949586af6134c339c1809ad3ec0df66,paid_search
892cb49a47804db09dc2a774e2853ca5,2017-07-17 15:48:01,dc97f501f52d4c12817bfe088b55a525,referral
e1eea110f6ca4e0da7dd7cf95b6aa64c,2018-04-21 03:39:33,b3ebd0b9fc81475f87eaafca8d37f073,paid_search
d5335bc4bfe3439293f0c7c003ec08fa,2017-08-25 10:54:11,5c9fede2c59f461bab56ff6d802fa6a1,organic_search
80e3f493024e4e5e9ad9f29f59b5dc9a,2017-06-15 01:40:28,42aab95b911f48e28fc6e5aff6d61bab,organic_search
e6d63feb924e4e4380ddd0882cc3faa8,2017-06-29 10:40:52,7e92b46dac574b1b9786c529162a68c6,direct_traffic
cb886d3bf09045e2a0a9f2ccc629e4a2,2017-12-09 15:40:50,2566ffa7a57141909a5618885cb43553,social
dbecdecb7bfb45bc91c4add3a48fbead,2017-10-04 19:20:21,7b5e3159006745bdbee47199b5293638,organic_search
9ce4a66d27604c2e842a4208f76043c5,2018-03-17 06:33:20,32f776c66b854bc08925bb990a3b5ea3,organic_search
bd0ede6ef31f4f3eb31e277917509892,2017-08-29 02:52:30,fd67c44c56284345a9d416ecc4e70697,direct_traffic
4af228d355cb4f42ba33ebc3cb8f1970,2017-12-13 22:33:46,57b30bb0fe284da5b57510a8823d88a2,organic_search
08efab31f7994fd1a082d121c6bb5159,2017-10-02 18:07:10,c2366a33c94543b4a5c36a8911cb5ebe,email
361f72dc53f146dbb4b8418943243fea,2018-03-26 05:12:38,9949586af6134c339c1809ad3ec0df66,direct_traffic
a9f9a17259ae4b42a713ad1fe6a9a2d7,2018-01-23 23:13:31,b5aed19b7ce942ceb1082d725df90ba9,organic_search
ab96c36cf23e470c94aff2dbbbdf7219,2018-01-22 09:17:46,57b30bb0fe284da5b57510a8823d88a2,organic_search
5925be4249754fb3b6a00f4c0450abb1,2017-06-05 16:56:21,5c9fede2c59f461bab56ff6d802fa6a1,
93ef61080221466d83fc7838b232348d,2017-10-26 19:54:03,32f776c66b854bc08925bb990a3b5ea3,paid_search
250fc290a747485aa17f51c1b6f4785a,2017-07-08 16:04:58,7e92b46dac574b1b9786c529162a68c6,paid_search
0657c44f81f94cb2a19843f1bc10a9bb,2018-03-28 10:53:30,d4a547d9c0264e5e821f2ce922348c3d,email
7c7ab6a7dd9e4008b4383a1edaa714b7,2018-01-04 09:06:20,b3ebd0b9fc81475f87eaafca8d37f073,display
98588a29d86c45949f7714df9e474c12,2017-11-02 07:15:11,ff05ce68802a4f1796f1c6ff9508133e,
ca22d38708bb4123b3e9e792ec79131d,2018-02-03 03:52:59,9949586af6134c339c1809ad3ec0df66,direct_traffic
51310cb106434fb6aa9ebac120f5fc3c,2017-12-13 20:49:23,7e92b46dac574b1b9786c529162a68c6,paid_search
0a268cb24fb64153b6e0419c4bab1a11,2018-03-22 10:46:20,f7f91884fcc441c3a73051d4c1896af9,organic_search
db56d09265734258aab4c0cafe10258b,2017-10-30 00:47:55,bd7014dfab0643b08af9d59f9064c67f,email
8f4f7cc5d745461ba0aecc9cbfda1480,2018-05-04 14:24:39,b5aed19b7ce942ceb1082d725df90ba9,social
b641b24c8445436d9d7474ba16136ab3,2017-06-05 20:36:17,54dadc715073494a9f52e4f263e34d4e,paid_search
49d51e62a9014caaab5b93a03a9d7eea,2018-05-18 01:47:08,c2366a33c94543b4a5c36a8911cb5ebe,organic_social
85d34b1f38634f8e8e2deda89995cc40,2018-04-07 18:05:07,bd7014dfab0643b08af9d59f9064c67f,organic_search
56b5b26bec2846ff887598aa5cb01444,2017-10-25 08:22:42,fd67c44c56284345a9d416ecc4e70697,paid_search
e939a7c542d04f2a8fe6cf79a2d663b7,2017-11-28 07:58:25,d4a547d9c0264e5e821f2ce922348c3d,organic_search
6a01be4eb94b4976923b24929d5737ca,2017-09-06 22:36:21,b5aed19b7ce942ceb1082d725df90ba9,paid_search
fe6b2ed63c9d4adba3d9ba2f42a4cfa8,2018-05-15 00:00:00,57b30bb0fe284da5b57510a8823d88a2,organic_search
8b387836b0704b61b8f18f97818f0d17,2017-08-10 22:52:25,dc97f501f52d4c12817bfe088b55a525,organic_search
03be146ad4da4046a88b82b8289276cc,2018-04-18 23:31:57,eabde2c6e9064911b23d789ff68f2bbb,organic_search
2a8f7e37a55f4393b5be24324821bcd6,2017-11-06 16:02:59,eabde2c6e9064911b23d789ff68f2bbb,social
0cd9eb58953d4c8abf6a7f9c8b9bd64c,2018-03-24 13:17:03,22d5f074d6fd43b2b796684fe6998629,direct_traffic
e4e3d13a5e3a4a4cbf049bdfa5580c55,2017-08-07 03:16:53,c2366a33c94543b4a5c36a8911cb5ebe,social
4d70b876ec3c49559b963810138a856c,2017-10-30 11:53:43,22d5f074d6fd43b2b796684fe6998629,display
708971df1e764780a883ff2cbd089aee,2017-12-30 06:23:41,54ac0583af594362879a48b3c36bac75,paid_search
b2184231aa224354a3bf6bda6881fe13,2017-08-07 19:38:21,5c9fede2c59f461bab56ff6d802fa6a1,paid_search
207df1a3dc4048b89a0228acd75806a6,2017-12-05 19:19:39,30603de19a0f45f98e07cc24bb54cd32,referral
c900f46504f941f8ab7726e53eac1d7a,2017-10-18 05:59:27,b5aed19b7ce942ceb1082d725df90ba9,organic_search
196c44ccbe994066ade0d3f2f6c118dc,2018-02-02 10:44:44,22d5f074d6fd43b2b796684fe6998629,display
71b1d13db75d4edaa7866d438a5744ec,2017-11-21 04:11:35,b3ebd0b9fc81475f87eaafca8d37f073,organic_search
f0fd0c8a98254041b398b08cb946bcb6,2017-07-09 05:07:29,d650cf637d2e4393939ab7a1b5bd56fb,display
31920e7a4d2d49fe86939f2557e9c411,2017-09-24 14:28:09,54dadc715073494a9f52e4f263e34d4e,organic_search
0b11e4cf97f0426e826d4a00153b78d1,2018-03-13 13:19:02,24f5fbd22d624e12b58faeb2f2742ebb,referral
e697eb0e22e14e289a4fb903721321f6,2017-12-20 00:30:24,b5aed19b7ce942ceb1082d725df90ba9,social
3c4d27b9705845d8a929304611db7a47,2018-03-02 04:29:59,b3ebd0b9fc81475f87eaafca8d37f073,
b2caca80fc2043d6be08268ed3fa705c,2017-12-06 09:32:42,702afe38d2d2425a9b41828bf926fbf5,organic_search
ea6bc4a6633149ab9f026b0c327f88d8,2017-12-13 23:14:55,7e92b46dac574b1b9786c529162a68c6,social
3d24b3213c4b44f7844c059a5a7f1902,2017-07-26 08:30:47,6eb360925f334493a6951325d8182624,display
ba2cc9a077ab4d6bb68d67b28a6ebbe3,2017-06-13 22:33:25,5c9fede2c59f461bab56ff6d802fa6a1,social
cb091c8b162d49b0bad791f1159584e1,2018-03-15 11:56:32,c2366a33c94543b4a5c36a8911cb5ebe,social
fe2cef57186146afa7aa3b5dd71d187a,2018-04-09 08:03:35,d4a547d9c0264e5e821f2ce922348c3d,direct_traffic
6ba45807dfb346a1a0c24a58892d40e7,2017-07-03 23:08:03,bd7014dfab0643b08af9d59f9064c67f,paid_search
954a74b003c34206b74acda82891d551,2018-01-24 11:00:08,d4a547d9c0264e5e821f2ce922348c3d,social
bf64dc43681e47648c4bc275e7713268,2017-12-27 04:14:52,2566ffa7a57141909a5618885cb43553,social
a8ac393ffb31475c825412ea6f94877e,2017-06-24 01:21:17,0c738336dbd04e959c993ff02dbf5e0f,organic_social
d7be609588da49dd9d3eccd062a723f6,2018-02-08 04:13:40,dc97f501f52d4c12817bfe088b55a525,organic_search
3abe866f0140402882aab21e304b95e1,2017-09-29 19:34:17,2566ffa7a57141909a5618885cb43553,paid_search
6dfe3f70cad84bec8b1e17c5c7e88f41,2017-12-16 16:30:59,7e92b46dac574b1b9786c529162a68c6,display
e871dbc51e4e45b9820d77dc881a764b,2018-05-10 19:40:04,7b5e3159006745bdbee47199b5293638,referral
e5c60514fc6d4b7f94763018a87f55a9,2018-03-28 05:37:33,5c9fede2c59f461bab56ff6d802fa6a1,paid_search
5798c2b4c53b4526a91ac89ff6282a48,2017-12-30 23:50:41,dc97f501f52d4c12817bfe088b55a525,social
b9af50f072454f36b832613a7efe126a,2018-02-06 22:24:54,7b5e3159006745bdbee47199b5293638,organic_search
8a7a8edec0b64d89917d6b2d17ba5192,2017-10-22 01:11:28,f7f91884fcc441c3a73051d4c1896af9,organic_search
f04faa9c8e15473dbfe6a6e7ef226759,2017-12-07 07:54:37,b3ebd0b9fc81475f87eaafca8d37f073,paid_search
fb530bfa9e95415bbddbf64f1f328943,2018-01-14 08:35:47,54dadc715073494a9f52e4f263e34d4e,paid_search
4464d00e463c449d91499b60af26833e,2017-12-03 03:37:02,57b30bb0fe284da5b57510a8823d88a2,social
9e9d48b138534881963669ee3523eec2,2017-12-06 19:49:24,5c9fede2c59f461bab56ff6d802fa6a1,organic_search
8ae4d862f5d14ccc975624893b3adcc7,2018-04-27 13:03:32,eabde2c6e9064911b23d789ff68f2bbb,other
46047ec9e1434ac191ce6b799ed599fe,2017-12-21 10:02:40,54ac0583af594362879a48b3c36bac75,
8eac3fd1627c4cfea89826069db3acd1,2017-08-02 16:33:20,24f5fbd22d624e12b58faeb2f2742ebb,direct_traffic
f8339f71f7cd4987bea00e8eda1cfa7c,2018-05-06 07:43:21,d4a547d9c0264e5e821f2ce922348c3d,social
a1f12038cdb84fe6ae55d188d3f88fc2,2018-04-24 21:44:29,e73bb83cf417427888827b7bd8835d0c,paid_search
4bf99831d7884214a7d1eda98f56f28e,2017-06-26 12:08:33,9949586af6134c339c1809ad3ec0df66,email
5fda8ccbff2e40b083f53b06d911f537,2017-08-04 20:33:20,54ac0583af594362879a48b3c36bac75,direct_traffic
4045d99892f74d8781adcc3bfc8f27c8,2017-07-06 20:10:41,54ac0583af594362879a48b3c36bac75,organic_search
c2528200c6ba4c749c27eeb93d0b89fe,2018-03-28 07:51:45,bd7014dfab0643b08af9d59f9064c67f,organic_social
2246cf6a85d2403a816fb1178b4befed,2017-09-28 11:57:44,d650cf637d2e4393939ab7a1b5bd56fb,email
d8cdbb3f95b94b1289ba519e7d6523ec,2017-08-15 21:41:56,e73bb83cf417427888827b7bd8835d0c,display
8a143c568836482f80fc8396ed40586b,2017-10-20 05:16:04,2566ffa7a57141909a5618885cb43553,direct_traffic
941a7a4a05b7448d87b5e46dcc33dbcf,2018-03-04 09:07:33,280fc02b8ead46d897a70c9fa8a76c35,social
137b9060930e473ab724dbdf8ceeca0e,2017-08-29 04:00:08,57b30bb0fe284da5b57510a8823d88a2,paid_search
1698d4886fbf4526a7fb6d342227c012,2017-06-14 04:47:55,e73bb83cf417427888827b7bd8835d0c,organic_social
79fce5038d6e41af9c648cbf41b8cc0d,2017-12-01 08:39:46,702afe38d2d2425a9b41828bf926fbf5,referral
67dcde7054f34fd38ea011e5f6938a0e,2017-11-13 00:34:28,32f776c66b854bc08925bb990a3b5ea3,organic_search
9e50061d538d467daf2ca48bc3cb91b7,2017-10-14 01:54:28,2566ffa7a57141909a5618885cb43553,organic_search
00b6746bc3c04d3fb87433b7b76356b4,2018-01-02 19:09:15,dc97f501f52d4c12817bfe088b55a525,paid_search
641e98e4e002407fa8db8ffed514ad59,2017-07-03 17:20:22,b3ebd0b9fc81475f87eaafca8d37f073,email
95defb83427a4179b5ede17d5e3dc77b,2017-12-03 18:41:11,702afe38d2d2425a9b41828bf926fbf5,
6339abe363564ab6989f88322e97c8fb,2017-07-26 16:27:25,30603de19a0f45f98e07cc24bb54cd32,organic_search
e1387314b36f480b95a6ccf6a0dbaadf,2017-09-22 22:23:43,eabde2c6e9064911b23d789ff68f2bbb,social
f7dc4b88b79b4543a7906304f7c4f564,2018-05-04 18:59:07,0c738336dbd04e959c993ff02dbf5e0f,paid_search
7c08dca3845e455bbd0aa1390acc96c9,2018-01-21 23:25:23,e73bb83cf417427888827b7bd8835d0c,display
8cdb457952cf4fc583942e4b03f2e378,2017-07-02 17:26:21,54dadc715073494a9f52e4f263e34d4e,email
2b1a2ccb34fd49fd91c783e5a06d7148,2017-12-23 15:31:12,57b30bb0fe284da5b57510a8823d88a2,email
193c222d67fa449495061cb4f9ac4721,2017-07-26 17:51:00,f7f91884fcc441c3a73051d4c1896af9,paid_search
e0e476d603d6442a8476e119407488cf,2018-01-14 02:40:32,5c9fede2c59f461bab56ff6d802fa6a1,paid_search
5087174bcf284b56941a60e5ca56ac58,2017-07-12 11:43:39,fd67c44c56284345a9d416ecc4e70697,organic_search
52ee6760a57949fb8c0a9a717f5128ef,2017-08-15 02:23:29,2566ffa7a57141909a5618885cb43553,organic_search
c68dbd5061344df29c6063a71bf68f25,2017-10-19 22:43:50,d4a547d9c0264e5e821f2ce922348c3d,referral
f9f75160b57a44a68da28a2f5cfb67d0,2018-03-27 19:57:54,f7f91884fcc441c3a73051d4c1896af9,email
dd2a374e222543febcf56afa41ecff4d,2017-11-14 13:52:05,fd67c44c56284345a9d416ecc4e70697,
38a6893422e04f74a2a5f8f69e80c6a6,2018-02-27 10:44:12,b3ebd0b9fc81475f87eaafca8d37f073,
8e99614066fe4787aa8192beb74cfa14,2018-02-14 22:02:34,7b5e3159006745bdbee47199b5293638,social
b2b9e342323c4af1aced3395348b5482,2017-07-21 04:09:56,54dadc715073494a9f52e4f263e34d4e,direct_traffic
a01039a585254b8dbba0dfbbdf0630a2,2018-05-02 23:41:56,5c9fede2c59f461bab56ff6d802fa6a1,display
8622a007e6ad420ba70e63013423935a,2018-03-10 07:49:43,7b5e3159006745bdbee47199b5293638,email
3dbab4dc2bf245d9bbacf9dfb7791205,2018-01-18 08:19:09,7b5e3159006745bdbee47199b5293638,organic_search
55fa5814e9644af9aa141a8ab17c28d8,2017-11-21 16:30:41,ff05ce68802a4f1796f1c6ff9508133e,paid_search
447047450bec493c9d8273f2fa9b6590,2017-12-30 03:27:43,42aab95b911f48e28fc6e5aff6d61bab,organic_search
8706a208b908412eba069a58de60a038,2018-01-05 11:22:43,57b30bb0fe284da5b57510a8823d88a2,display
0b33a2af16ed4f42b87bf070870de635,2017-10-09 13:37:40,2566ffa7a57141909a5618885cb43553,social
71e8899f0be741139c70d6a92eca1bc1,2018-05-18 17:16:03,24f5fbd22d624e12b58faeb2f2742ebb,organic_search
60e1e0deafc74b5988c5ade2f73318f7,2017-07-17 03:06:28,24f5fbd22d624e12b58faeb2f2742ebb,direct_traffic
bb005bfde8294263a74a07fc5bf77b6e,2018-01-08 03:30:56,22d5f074d6fd43b2b796684fe6998629,social
c93262809c5c4db788e5ecc061f0e063,2017-12-08 04:44:14,c005e1915b5a420dba2530a0e055f0e1,paid_search
ac04dc1625a641b3998d7a811c9b57e6,2017-07-01 21:21:09,c005e1915b5a420dba2530a0e055f0e1,organic_search
8ddd19785d4147c98f261973759446e0,2018-03-15 12:00:07,57b30bb0fe284da5b57510a8823d88a2,direct_traffic
4e8db3abaf2343269da1a9df5df7964c,2017-08-02 14:57:25,7e92b46dac574b1b9786c529162a68c6,social
3b98bf3f41cb4cf6bfc4abedab3bc6eb,2018-05-07 15:23:55,54dadc715073494a9f52e4f263e34d4e,email
6ca218011a46410a850b9488ffb096d8,2017-06-27 10:28:20,fd67c44c56284345a9d416ecc4e70697,social
07fe695ef3f24f0db50ba186d094eec6,2017-11-07 12:48:10,dc97f501f52d4c12817bfe088b55a525,referral
d96421a9b7e84a1d8dadf401712477e8,2018-03-23 18:28:27,54ac0583af594362879a48b3c36bac75,social
42b2d2c05c75404c9500aff105609ab3,2017-08-19 23:54:39,6eb360925f334493a6951325d8182624,social
3628525cd70446f48f8bdd48956b77f4,2017-09-23 03:56:24,7e92b46dac574b1b9786c529162a68c6,referral
aa6a83559e3a445aac03f7993a2fdd79,2018-03-12 13:22:56,dc97f501f52d4c12817bfe088b55a525,paid_search
83900c992b5b4a789ca5a93587a702e8,2017-10-21 20:54:08,9949586af6134c339c1809ad3ec0df66,organic_search
c0c063106d9b4baa86b9e2c5939d2a6b,2018-01-06 20:25:26,d650cf637d2e4393939ab7a1b5bd56fb,organic_search
683e5758e9cc434ba7feb5ff9e01c3a9,2018-04-15 22:20:22,57b30bb0fe284da5b57510a8823d88a2,direct_traffic
2436f0e332a846a39b639ed71fbe1cc2,2018-04-26 20:16:12,e73bb83cf417427888827b7bd8835d0c,social
5e54699291f348dd91f955a510a5585f,2018-04-08 23:57:03,bd7014dfab0643b08af9d59f9064c67f,direct_traffic
e82a6808a26f4c95a42adb84f8d49349,2018-05-22 09:44:14,e73bb83cf417427888827b7bd8835d0c,organic_search
e636ae3d444346758c23cf31f6bc51bc,2017-09-01 09:56:58,f7f91884fcc441c3a73051d4c1896af9,organic_search
ba56bf6a0fd645658ddd4941030b342c,2017-11-06 12:22:21,7e92b46dac574b1b9786c529162a68c6,organic_search
a0560f14845f434ea3695df3d624cc77,2017-06-04 06:36:17,54dadc715073494a9f52e4f263e34d4e,paid_search
ca5b4d81291e41949329fc284fc8a5e4,2017-08-13 20:37:08,57b30bb0fe284da5b57510a8823d88a2,social
010d1a92fba24152b3c2536e4b561b82,2017-12-23 02:32:00,2566ffa7a57141909a5618885cb43553,paid_search
6fde12d2c91a4f5d991d8eaf8301d052,2018-04-21 01:06:58,24f5fbd22d624e12b58faeb2f2742ebb,paid_search
5b30cf1f25194e35814b810c9cdb2c2d,2018-02-27 07:49:57,ff05ce68802a4f1796f1c6ff9508133e,organic_social
9c1762e0d54f466aa51abce16609fb81,2018-01-01 16:31:00,42aab95b911f48e28fc6e5aff6d61bab,paid_search
99f5f202d664475b98f6b4043914b544,2017-08-20 13:28:23,0c738336dbd04e959c993ff02dbf5e0f,social
1787bcd3f89f4a0eb951e05d66563db0,2017-11-14 20:39:55,fd67c44c56284345a9d416ecc4e70697,email
2f55f35993974d26afb395a5fa28c275,2017-07-14 01:54:55,2566ffa7a57141909a5618885cb43553,paid_search
22b3a462e0ef423bb5076143fe9ad5d1,2017-08-20 22:29:41,eabde2c6e9064911b23d789ff68f2bbb,social
cd8dd873978449a5ac4d32862f738bda,2018-05-12 02:58:13,b5aed19b7ce942ceb1082d725df90ba9,referral
7580bad0a90b40298dc42f7e09f8582d,2018-01-13 15:26:16,6eb360925f334493a6951325d8182624,display
3ae3fa9eadfc470cb83d2875a0501353,2018-04-07 16:05:39,7b5e3159006745bdbee47199b5293638,organic_search
e7ac3ff5894946d9b29ba4a9c43730d2,2017-10-18 07:50:55,d650cf637d2e4393939ab7a1b5bd56fb,organic_social
e66aef13e69f43eb819f8ed02f85a321,2018-02-18 04:08:38,7e92b46dac574b1b9786c529162a68c6,paid_search
2d319a07a8b54e52ac7552317cdaa7e5,2018-01-07 04:02:14,0c738336dbd04e959c993ff02dbf5e0f,organic_search
442d7e925d16499f88c8056146cfeae8,2018-05-14 21:35:43,6eb360925f334493a6951325d8182624,paid_search
c864db7ab04c483797e17b3cbd74298c,2018-02-25 11:13:45,eabde2c6e9064911b23d789ff68f2bbb,
75fbee523cb74644a95c653f88fca7de,2017-09-21 14:23:27,fd67c44c56284345a9d416ecc4e70697,paid_search
d33e46fbf2ee4809bfc74edf881da46f,2017-06-29 00:16:47,54ac0583af594362879a48b3c36bac75,paid_search
5d9b6edbf2df418dbb16107fcd332289,2017-11-02 07:41:26,d650cf637d2e4393939ab7a1b5bd56fb,social
4adbc9d8411b4600bd7517528a97e7ea,2017-08-10 09:18:11,0c738336dbd04e959c993ff02dbf5e0f,organic_search
c5c297262a51434ca01b56b87258d628,2017-11-15 04:22:06,e73bb83cf417427888827b7bd8835d0c,organic_search
399203f4dfb54083bc030a68ca9004a3,2018-02-10 15:40:46,32f776c66b854bc08925bb990a3b5ea3,organic_search
02af1eee75df40d58c5b70fc61459b45,2017-08-06 13:50:34,c005e1915b5a420dba2530a0e055f0e1,organic_search
5502b97198b744ce8f1ccc59a98d9ff1,2018-05-27 08:22:41,30603de19a0f45f98e07cc24bb54cd32,organic_search
aa669276209641fbb87e5a4f77b7daa5,2018-03-14 12:53:41,24f5fbd22d624e12b58faeb2f2742ebb,organic_search
f21aae1b8f794661ac39ad9844957af4,2017-12-21 01:32:24,7b5e3159006745bdbee47199b5293638,social
3334b85549f346ed949b14ddb37126ad,2017-06-10 16:44:20,c2366a33c94543b4a5c36a8911cb5ebe,organic_search
c42e9d04b1ca40f3a2d25456188df91c,2017-07-10 11:23:53,702afe38d2d2425a9b41828bf926fbf5,paid_search
962dcc81c4924f80b8b4e9f315bf939e,2018-01-06 20:52:36,ff05ce68802a4f1796f1c6ff9508133e,referral
190bdc18278848c6b67c4bef2cd6fe8a,2018-05-30 23:18:24,7b5e3159006745bdbee47199b5293638,paid_search
7180f540a54c4b8a975ebce1096b5445,2017-10-27 04:11:36,ff05ce68802a4f1796f1c6ff9508133e,direct_traffic
b4ab81ae950840dda901c933e9542c19,2017-06-11 11:49:28,32f776c66b854bc08925bb990a3b5ea3,organic_search
4fbd9995715c4cd4aa1eb63980a95a48,2018-04-13 16:45:05,bd7014dfab0643b08af9d59f9064c67f,organic_search
3767b4538c7b46358390cf3bf1365d34,2018-05-20 13:10:28,24f5fbd22d624e12b58faeb2f2742ebb,organic_search
6bb22b479ea4462e89ba1dadd64031c9,2018-01-10 03:51:15,9949586af6134c339c1809ad3ec0df66,organic_search
a037a090ce174dc7a0579194584c7b05,2018-01-10 21:26:24,ff05ce68802a4f1796f1c6ff9508133e,organic_search
aa63afaf3c894800b69ada8369eebf1e,2018-02-24 02:51:48,ff05ce68802a4f1796f1c6ff9508133e,organic_search
6e99483f888c4c6caf1b08a28b519ed4,2017-11-06 12:21:40,9949586af6134c339c1809ad3ec0df66,organic_search
70ff8742a8ae4d9eb266c4e3c9faa7f8,2017-11-18 06:07:17,24f5fbd22d624e12b58faeb2f2742ebb,organic_search
e6b53b10fc7149c6922b7a6ed0f699b8,2018-02-17 23:03:18,dc97f501f52d4c12817bfe088b55a525,paid_search
8dd3324bec74483fa8e208549b95d69d,2018-02-27 18:34:00,54ac0583af594362879a48b3c36bac75,organic_search
dba5c48d8798492a908f12203165b396,2017-11-26 12:46:59,22d5f074d6fd43b2b796684fe6998629,paid_search
fd788f280cca4c4eb530244f0f7093d7,2018-04-27 05:22:38,9949586af6134c339c1809ad3ec0df66,social
c521a299ea034436a229113d30492a4b,2017-07-23 05:19:54,b5aed19b7ce942ceb1082d725df90ba9,direct_traffic
189fc2de537d4a469bf85ba746f649b9,2017-09-10 06:19:00,fd67c44c56284345a9d416ecc4e70697,organic_search
46999c3f3f7744df832a72528c3ff374,2017-08-18 23:51:58,24f5fbd22d624e12b58faeb2f2742ebb,email
d89270c5a4684a4c9f943d11c84569f7,2017-08-30 22:51:46,6eb360925f334493a6951325d8182624,social
39edb7cbb2ba4bd28f8856417447022f,2018-01-24 20:31:29,d650cf637d2e4393939ab7a1b5bd56fb,organic_search
4fad87ae439649bfaee1342f68848c43,2018-03-24 16:20:38,57b30bb0fe284da5b57510a8823d88a2,referral
15a88243ee8b443db8ad03cbd4b75d5d,2018-03-17 23:24:38,d4a547d9c0264e5e821f2ce922348c3d,organic_social
6e83c841c2994a39b62e14096c85d75f,2018-04-16 11:46:03,54dadc715073494a9f52e4f263e34d4e,organic_search
fef0942b5a564c839e05ff8533669033,2018-04-18 11:30:36,2566ffa7a57141909a5618885cb43553,organic_search
8550b99243fa40d0856a23f5234fa5ea,2018-01-12 02:29:10,6eb360925f334493a6951325d8182624,email
0c3635b0888b496591d96c95a4c6f171,2018-01-13 22:59:16,0c738336dbd04e959c993ff02dbf5e0f,direct_traffic
f34baf3116864705bd87bd797d569be8,2017-10-19 21:31:58,eabde2c6e9064911b23d789ff68f2bbb,organic_search
84e71bae1351478d8fbe6379f2f2fb17,2017-11-28 18:28:17,24f5fbd22d624e12b58faeb2f2742ebb,organic_search
1bdf1c6bf73a45a5ab3f1891cb1ab7d0,2017-11-06 16:48:41,b3ebd0b9fc81475f87eaafca8d37f073,paid_search
919d887349064dac8bbd75258a3d4e9c,2017-06-20 02:04:16,7e92b46dac574b1b9786c529162a68c6,paid_search
d8b41c06e5654365818c603d34f1ff1b,2017-10-25 02:47:37,d4a547d9c0264e5e821f2ce922348c3d,social
6bb9960cd184453ea34a4f302a79f629,2017-07-17 22:23:30,fd67c44c56284345a9d416ecc4e70697,paid_search
807cd78ae0ad46f082bc6922767843fe,2018-02-15 13:59:54,b3ebd0b9fc81475f87eaafca8d37f073,paid_search
8e71a4da2690498889f5497b7759e76f,2018-03-25 20:10:55,280fc02b8ead46d897a70c9fa8a76c35,direct_traffic
5f523d11179f4d32bbcf3d10646ae51c,2017-06-22 16:22:27,c2366a33c94543b4a5c36a8911cb5ebe,organic_search
9f75281656044e138adaa4315bc83619,2018-03-20 23:43:57,54ac0583af594362879a48b3c36bac75,organic_search
3b51025d8fab4768b56eb8ccc504c9c5,2017-11-12 22:01:39,6eb360925f334493a6951325d8182624,direct_traffic
2fe4df1cfb9a4f48979394c1f1ee7ce5,2018-02-12 05:29:33,eabde2c6e9064911b23d789ff68f2bbb,referral
df1e41bf87104afc94245dca2ffa1207,2018-01-17 03:46:06,280fc02b8ead46d897a70c9fa8a76c35,social
1878eb549eff4ea09d808321b37365ad,2017-11-23 03:04:13,30603de19a0f45f98e07cc24bb54cd32,social
5f1b1dcafdb64f31aa09ca0ecb32b9c0,2018-04-27 06:16:57,eabde2c6e9064911b23d789ff68f2bbb,organic_search
f7dd84c44d2a463889e8b7e3ebfc4a2e,2017-10-05 15:56:17,b3ebd0b9fc81475f87eaafca8d37f073,paid_search
39ca2cf600e54e28a0a6756b2f8f5771,2018-02-24 19:01:57,fd67c44c56284345a9d416ecc4e70697,social
08c17970dbe44bb08fca7846ca61bee6,2017-08-21 13:14:56,7e92b46dac574b1b9786c529162a68c6,organic_search
8090c1ec5f4341dabe4b20f4f3e3b192,2017-10-23 14:06:19,7b5e3159006745bdbee47199b5293638,organic_search
96b7a2ba25994fe9b4b3045395d911ee,2017-11-21 21:46:06,eabde2c6e9064911b23d789ff68f2bbb,paid_search
108029f64d864d38a5c5b679fd87405b,2018-04-20 23:34:03,42aab95b911f48e28fc6e5aff6d61bab,organic_search
756e00966e5442b9a8a8b46f8b685955,2017-07-04 12:00:13,dc97f501f52d4c12817bfe088b55a525,paid_search
8c9b06b71f844fe9b1b75e70db47edae,2018-03-13 14:04:27,0c738336dbd04e959c993ff02dbf5e0f,organic_search
5dfbf1965a6642a586bd69c89b01b453,2017-10-08 23:54:17,c2366a33c94543b4a5c36a8911cb5ebe,paid_search
088952df6bb443c6b95d8ca05d22b55d,2018-04-05 05:28:29,42aab95b911f48e28fc6e5aff6d61bab,organic_search
cf7ecbe91e6247ffaa2f47e1c0677e51,2017-07-12 21:13:00,57b30bb0fe284da5b57510a8823d88a2,referral
83e5558745054bfc8b6ffcb757077a13,2017-08-12 12:44:11,0c738336dbd04e959c993ff02dbf5e0f,social
f1cb0a9765964283b4d9dc5f7b755b46,2018-05-02 14:16:14,2566ffa7a57141909a5618885cb43553,direct_traffic
c20ce258b3154ad6a4ad000c44197c8f,2018-04-01 03:05:04,0c738336dbd04e959c993ff02dbf5e0f,email
65bed488d2154c41a67b9d64e40eb38f,2018-03-14 13:42:52,d4a547d9c0264e5e821f2ce922348c3d,paid_search
a4fd826c379f4fde82f1d2485d1afcc5,2017-11-16 04:39:10,57b30bb0fe284da5b57510a8823d88a2,organic_search
db3bca14e6604cbf806ca740c7e3fa17,2018-05-26 19:09:55,24f5fbd22d624e12b58faeb2f2742ebb,social
681f8e42a6ab495ca2ddca801691eaa7,2018-04-27 15:24:56,30603de19a0f45f98e07cc24bb54cd32,social
f21f876ef8d24fe1bc75219289957c9d,2017-12-03 00:39:49,7e92b46dac574b1b9786c529162a68c6,direct_traffic
3cad70fe701f4911ae9466dee6e97a3e,2017-11-06 06:33:47,54ac0583af594362879a48b3c36bac75,paid_search
23eeb90c123a4d188cdc138906e42fcc,2017-11-22 17:42:16,54ac0583af594362879a48b3c36bac75,organic_search
5897e005b3e041048bf0bbf0725e09c4,2017-09-24 05:00:30,2566ffa7a57141909a5618885cb43553,paid_search
cf6ba21205ed4f42b347b01da2af80dd,2017-07-10 10:46:10,54dadc715073494a9f52e4f263e34d4e,paid_search
a6bd20f125fb4e23a19ca4ead63b067f,2017-07-22 18:29:03,d650cf637d2e4393939ab7a1b5bd56fb,social
ceca5ae010af4133ab012d35f3f1f7c7,2018-03-04 19:10:13,eabde2c6e9064911b23d789ff68f2bbb,social
ae2c7b84b0b14a95bc8bd8f1d080abe9,2018-05-05 12:15:40,5c9fede2c59f461bab56ff6d802fa6a1,paid_search
83f82d9a3f65410ea912efa82c2900af,2018-04-13 04:46:16,fd67c44c56284345a9d416ecc4e70697,
b7e7d29efbe54abeb5471114f2f03ee8,2017-12-10 05:36:58,32f776c66b854bc08925bb990a3b5ea3,social
0479427537544b8eaa3cd6b1e788c236,2017-09-01 22:44:45,280fc02b8ead46d897a70c9fa8a76c35,organic_search
fa6a715fc3094f8aa5d00b406d03ba1b,2017-08-24 15:56:06,eabde2c6e9064911b23d789ff68f2bbb,organic_search
4d14243214554ef0be85e479e3d62e11,2017-12-28 13:15:49,57b30bb0fe284da5b57510a8823d88a2,organic_search
13bb93e788ff4349923e22adeefc0505,2017-09-30 16:10:22,fd67c44c56284345a9d416ecc4e70697,organic_search
a13eb682a515455b8d4dd991db33258a,2017-10-24 16:20:41,9949586af6134c339c1809ad3ec0df66,organic_search
c5ef3bdb13344b49b7d3ce60cb1f6138,2018-03-01 08:42:28,0c738336dbd04e959c993ff02dbf5e0f,organic_search
2f5c9645ce30463aa52d677f86db1ef3,2018-01-27 07:03:50,7e92b46dac574b1b9786c529162a68c6,paid_search
dd1c9ff581f64f58b71919d150428f8c,2018-05-14 20:46:06,b3ebd0b9fc81475f87eaafca8d37f073,organic_search
7f1e8bd7cc7d4af9b73744c84147989e,2018-01-23 10:15:32,d650cf637d2e4393939ab7a1b5bd56fb,referral
4b9d629e3e2b4ad9bda64d389cde45ab,2017-12-13 18:18:36,30603de19a0f45f98e07cc24bb54cd32,organic_search
ced7d7f5487841ada9e0f72b6f09f4ef,2018-01-01 05:54:01,bd7014dfab0643b08af9d59f9064c67f,social
38418200c48f4b94be1161dc5bb8c3bd,2017-09-11 22:00:54,2566ffa7a57141909a5618885cb43553,paid_search
7c7a8d6913174e6c9720ea9d314cf1e5,2017-10-07 01:53:59,d4a547d9c0264e5e821f2ce922348c3d,
f874927930514eab9894c0daaedd6b2e,2018-02-02 13:30:55,c005e1915b5a420dba2530a0e055f0e1,organic_search
8ea95240d78547d9adf5c95c67dc1bfc,2017-07-23 18:47:01,54dadc715073494a9f52e4f263e34d4e,paid_search
09f31b184daf4a3da4fcee7d425a4e17,2017-08-03 10:22:43,24f5fbd22d624e12b58faeb2f2742ebb,display
da8eda16b538405b9c0f6f769d0b6608,2017-08-22 09:55:55,b3ebd0b9fc81475f87eaafca8d37f073,referral
dffcc1260572492f93c0c508cc1bd461,2018-02-18 05:21:53,bd7014dfab0643b08af9d59f9064c67f,email
020e784496ff416a99882deced0b317b,2018-01-10 03:20:21,c2366a33c94543b4a5c36a8911cb5ebe,organic_search
2c1b77a02c524ad99af9d252c7441f69,2017-09-22 16:25:30,5c9fede2c59f461bab56ff6d802fa6a1,organic_search
1c1abf3275664456916a5d0b7a14e08f,2017-11-26 00:58:15,7b5e3159006745bdbee47199b5293638,direct_traffic
b8da993a777945d0ae2201d0655a30f1,2017-06-28 14:26:04,30603de19a0f45f98e07cc24bb54cd32,organic_social
309b189249904e109874a8c79b959f34,2017-12-09 08:35:03,ff05ce68802a4f1796f1c6ff9508133e,social
9921cd0b3eed4858999498c5a742b934,2017-07-12 13:39:00,9949586af6134c339c1809ad3ec0df66,social
1220a66cd9a44eff82f22b12b89b38bf,2017-06-15 11:36:10,c2366a33c94543b4a5c36a8911cb5ebe,organic_search
2741b4f728614376b6ccd44f384c1d73,2017-07-21 23:39:51,42aab95b911f48e28fc6e5aff6d61bab,direct_traffic
79ca2d3cd3fa4b02a95179ebd16312d3,2017-08-14 05:00:35,eabde2c6e9064911b23d789ff68f2bbb,organic_search
c4986929e821469abe2a5ff35e05df58,2017-10-25 17:12:05,f7f91884fcc441c3a73051d4c1896af9,paid_search
e10dd571ce734bcfa4cfd46369c5f3a5,2017-08-11 17:04:47,b3ebd0b9fc81475f87eaafca8d37f073,paid_search
a877fad2f6e143d7a44396cdaa25b0d3,2018-04-12 00:11:28,5c9fede2c59f461bab56ff6d802fa6a1,social
0901388de2c846b1a74e40f7b428c556,2017-07-11 00:41:30,b5aed19b7ce942ceb1082d725df90ba9,organic_search
fbdaf0bb3e8b4623b6b46623111ce003,2017-09-19 05:26:37,c005e1915b5a420dba2530a0e055f0e1,organic_search
0e981d1f8fa84465855054a8f829259e,2018-04-08 19:12:56,7b5e3159006745bdbee47199b5293638,social
6dd93c92a6b747e287a3e6da3fd7dde8,2017-07-27 10:29:22,9949586af6134c339c1809ad3ec0df66,paid_search
a2d67e8331b543608bd445332ff52110,2017-11-02 04:26:10,eabde2c6e9064911b23d789ff68f2bbb,social
4e4133b1352a49048bec4b492928f55a,2017-10-01 15:17:07,d4a547d9c0264e5e821f2ce922348c3d,organic_search
415162788ff2484193624e42c1107233,2018-04-15 16:38:34,24f5fbd22d624e12b58faeb2f2742ebb,paid_search
a69e19dcaab64932984d1aedb9c0f4d9,2017-07-27 18:11:53,fd67c44c56284345a9d416ecc4e70697,social
ad37793d187a4816ba6c3c4e7924fbc9,2018-03-02 00:35:54,d4a547d9c0264e5e821f2ce922348c3d,organic_search
c13447a6ccb545019a2d39fca54150f6,2018-02-19 20:56:12,9949586af6134c339c1809ad3ec0df66,paid_search
dfeed1cf8c2443e395d498146c52754b,2017-08-13 10:36:17,7b5e3159006745bdbee47199b5293638,organic_search
6ae0c600219b4012bea250371b19fd97,2017-06-01 22:23:04,7e92b46dac574b1b9786c529162a68c6,organic_search
17a248cb4a29468f806df49f39cc78b0,2017-10-02 20:46:38,7b5e3159006745bdbee47199b5293638,
3692eb0758ef4b35bbc252b93343ca34,2017-09-04 03:07:01,30603de19a0f45f98e07cc24bb54cd32,paid_search
cc58af77e7c84c29a1fcd640dd2acba7,2017-12-02 02:27:50,30603de19a0f45f98e07cc24bb54cd32,email
5d79b090835c46c5bd5399aef3cb7af8,2018-03-06 18:28:16,280fc02b8ead46d897a70c9fa8a76c35,organic_search
04a8fdefbee94fd282251f3040c7d8a6,2018-02-15 20:10:33,e73bb83cf417427888827b7bd8835d0c,direct_traffic
56f67ab226124ab8962512e33b39edd0,2017-12-17 17:07:01,eabde2c6e9064911b23d789ff68f2bbb,direct_traffic
ded50c663454497c8f4ffca3dbb3fb05,2018-04-22 14:05:09,7e92b46dac574b1b9786c529162a68c6,social
4e1ef9cbc97e4c3a906dd676c46dea61,2017-10-08 00:35:28,7e92b46dac574b1b9786c529162a68c6,paid_search
59ec2a58944c40fcbb324c1f0980aacc,2017-07-05 12:33:13,9949586af6134c339c1809ad3ec0df66,paid_search
c66293b3fa98479488cf187cd319b811,2018-05-03 22:52:26,dc97f501f52d4c12817bfe088b55a525,paid_search
0c9d5282c8c94b3f96cea7074741b32b,2018-03-25 12:06:23,2566ffa7a57141909a5618885cb43553,organic_social
767c9edb1a914935ba1618c7c8aa96c1,2017-06-23 12:49:36,c005e1915b5a420dba2530a0e055f0e1,email
25410a8350c848149fe1c293dc263228,2017-11-21 23:24:12,32f776c66b854bc08925bb990a3b5ea3,display
f8aca1a352364ddabbb14db14a4f5358,2018-05-17 16:54:59,f7f91884fcc441c3a73051d4c1896af9,organic_search
d70985318c2f4bbd91e49223592a7b93,2018-02-01 23:00:02,32f776c66b854bc08925bb990a3b5ea3,direct_traffic
81844a4b48e64bfeb2b6b3c2815f4a4b,2017-08-09 02:17:50,f7f91884fcc441c3a73051d4c1896af9,organic_social
e91d306a2a604d2aba30946ef65a59e2,2018-01-21 01:20:47,0c738336dbd04e959c993ff02dbf5e0f,organic_search
be16a2e0cb0944449cc191d901ae0fcd,2017-09-12 01:35:41,280fc02b8ead46d897a70c9fa8a76c35,organic_search
61c665122f5e4a4e9d5193bf0e7d4ea3,2017-09-11 01:31:32,42aab95b911f48e28fc6e5aff6d61bab,direct_traffic
fbb18e191ca643f58c154131bcb4abc3,2017-11-06 18:45:52,ff05ce68802a4f1796f1c6ff9508133e,social
61424758ca774dd9812a284aa0bfcfd8,2018-03-06 17:14:09,b5aed19b7ce942ceb1082d725df90ba9,email
a756b95ae74d41fe8051f1c4621e5a47,2017-06-19 23:33:10,54ac0583af594362879a48b3c36bac75,organic_search
0bd26d84f0494c7cb0169012ae0d79a7,2017-10-25 12:59:49,54dadc715073494a9f52e4f263e34d4e,email
c059e557672b49d6b3a893ede9c95e03,2017-06-25 23:52:28,42aab95b911f48e28fc6e5aff6d61bab,organic_search
9ae2acc13e9a4694a7f7265db46df28d,2017-10-18 04:31:55,280fc02b8ead46d897a70c9fa8a76c35,organic_search
55686627e43f46658761d4d039bc339a,2017-12-06 15:54:32,5c9fede2c59f461bab56ff6d802fa6a1,organic_search
ebd3ac61124b4676b4f3853b7dfb8750,2017-12-22 16:00:37,5c9fede2c59f461bab56ff6d802fa6a1,email
17d054842220422c9c60568275756401,2017-12-15 12:20:38,32f776c66b854bc08925bb990a3b5ea3,direct_traffic
95ecb587df3d4447b35139438e20ffc4,2018-02-10 18:06:51,7e92b46dac574b1b9786c529162a68c6,social
3866428e3be84c30b7e345a3246090a4,2018-02-21 09:42:39,280fc02b8ead46d897a70c9fa8a76c35,paid_search
8ef99c4635f946b1b14522c38feb70a7,2017-07-13 15:27:20,24f5fbd22d624e12b58faeb2f2742ebb,referral
25572541d32c485392b607bd6f345f1e,2018-01-07 21:56:04,bd7014dfab0643b08af9d59f9064c67f,paid_search
fc64735dff4f4cf9baa8ce039b887915,2017-09-01 19:51:36,0c738336dbd04e959c993ff02dbf5e0f,email
a09a4669bb2145cea94fa7f1e0a664f6,2017-11-12 03:44:07,24f5fbd22d624e12b58faeb2f2742ebb,paid_search
525dfbe9f1a94fe594e44b85d91e59e1,2017-11-15 10:45:50,0c738336dbd04e959c993ff02dbf5e0f,paid_search
84b4a4afa0fb4bc284698bae8dd79416,2018-01-15 21:56:26,f7f91884fcc441c3a73051d4c1896af9,paid_search
f32a0bc5d8c1405f8d9d2d96ef6d626e,2018-01-05 06:04:02,f7f91884fcc441c3a73051d4c1896af9,paid_search
62a7cb44f0264550a206c8bca8a0addd,2018-01-14 12:47:57,b3ebd0b9fc81475f87eaafca8d37f073,direct_traffic
8deea4ecd98047d7998cbc2255daad6b,2017-06-22 12:50:10,fd67c44c56284345a9d416ecc4e70697,social
f277a6ebaa484789a1f2e413b48d9897,2018-01-09 09:59:46,d4a547d9c0264e5e821f2ce922348c3d,organic_search
b900a6ee7eda445d86120e0614913e45,2017-06-30 02:43:55,57b30bb0fe284da5b57510a8823d88a2,referral
051e40464e2e486c87f07280ee85cd3f,2018-04-23 14:47:22,7e92b46dac574b1b9786c529162a68c6,paid_search
51b504fcd01648548672a1bcbf5a89f9,2018-02-18 05:49:29,e73bb83cf417427888827b7bd8835d0c,social
079a74b3c8c947f1a6a34b31b77e8c55,2017-08-13 22:07:15,57b30bb0fe284da5b57510a8823d88a2,organic_social
607587dd30a94a8b8f8ee57d13c3b642,2018-01-11 01:16:01,2566ffa7a57141909a5618885cb43553,social
731c61fda1ab4064906a46324518c219,2017-07-05 08:35:32,d650cf637d2e4393939ab7a1b5bd56fb,organic_search
8ad4425f7fef4dc18d10498f7e3daeaa,2018-04-27 13:20:15,7e92b46dac574b1b9786c529162a68c6,organic_social
d557bddbfd164ce9bef6f6df7a0bc551,2017-12-14 20:39:09,eabde2c6e9064911b23d789ff68f2bbb,social
ad5441d321e34d80bc4fb158db7b03ee,2018-04-06 05:35:11,57b30bb0fe284da5b57510a8823d88a2,paid_search
bb680af4f7984ffb8031ef56b9d68c50,2018-01-17 13:30:23,7e92b46dac574b1b9786c529162a68c6,organic_search
6afb12b786c6469ab19efa1bd9cae519,2018-01-14 02:47:57,702afe38d2d2425a9b41828bf926fbf5,email
4e1c1dfd62444c098df4db44611b9c03,2017-08-10 19:16:37,7e92b46dac574b1b9786c529162a68c6,social
e09f23cfa96648e9afe562628bcbeef1,2017-12-21 11:26:47,d4a547d9c0264e5e821f2ce922348c3d,social
82d21ecdac784143929a6d15c9112ce9,2017-10-21 09:05:17,dc97f501f52d4c12817bfe088b55a525,referral
ba1c96a4fc7a46aab19b1f09192b04f4,2017-06-14 06:46:25,6eb360925f334493a6951325d8182624,email
a63d75b6dad24b148fe3c0c50453e347,2018-02-21 14:05:23,c2366a33c94543b4a5c36a8911cb5ebe,organic_search
46a0db760816412fa535720f1eb191e1,2018-03-15 04:17:15,b5aed19b7ce942ceb1082d725df90ba9,paid_search
df4f6af6531b4bff8c43f3a9ee790ef3,2017-10-12 16:14:53,54ac0583af594362879a48b3c36bac75,organic_search
02045439e8404cb29d2979eb1eb3b412,2018-04-10 10:23:51,f7f91884fcc441c3a73051d4c1896af9,direct_traffic
569bd835785b43649852cbb4349f5a7a,2018-02-07 07:17:17,dc97f501f52d4c12817bfe088b55a525,organic_search
4587aa304eb04ded9e164481c7c2cde1,2017-08-09 02:41:46,b3ebd0b9fc81475f87eaafca8d37f073,social
a575a9c7c90f40a2974988f3ea660f4f,2017-08-28 16:12:21,24f5fbd22d624e12b58faeb2f2742ebb,direct_traffic
517704a474014bf1a9b13ffe721a6443,2018-05-16 11:38:09,57b30bb0fe284da5b57510a8823d88a2,referral
12be0c91d11a4b338461bd227d28a27f,2017-11-25 02:21:51,c005e1915b5a420dba2530a0e055f0e1,paid_search
9b1abbe0d93745e1a03a88ad74b83c48,2018-03-05 10:34:18,5c9fede2c59f461bab56ff6d802fa6a1,email
52e67a9dc2ca4716a2de884917fdee8c,2017-11-01 05:44:04,f7f91884fcc441c3a73051d4c1896af9,organic_search
8ae8e482c9ed4b33b5697070c676d1b3,2018-05-30 23:13:04,32f776c66b854bc08925bb990a3b5ea3,email
6209495a47e545aca3eb7203622a392e,2017-12-03 18:31:23,9949586af6134c339c1809ad3ec0df66,organic_search
1e920e86e79b4607829382bc471ade3e,2017-08-02 07:19:02,280fc02b8ead46d897a70c9fa8a76c35,paid_search
67679466a82c447aad0ae556f8763590,2017-08-11 08:37:09,280fc02b8ead46d897a70c9fa8a76c35,email
72b9be95361c4849ae6507a4453a27d2,2018-02-08 00:57:25,7e92b46dac574b1b9786c529162a68c6,organic_search
f3210e76f752492faa0d897d208965ad,2018-03-11 20:50:09,7e92b46dac574b1b9786c529162a68c6,organic_search
e0e95a11f18248d2a6ccf1896e03569a,2018-01-26 20:05:05,2566ffa7a57141909a5618885cb43553,direct_traffic
00ae3f0e107b4f578cc8c292be0a252b,2018-04-10 03:08:20,24f5fbd22d624e12b58faeb2f2742ebb,direct_traffic
1c17e8d019a348e7b13da6a5af4c3de2,2017-11-06 14:29:47,f7f91884fcc441c3a73051d4c1896af9,social
ead59762e975407290dddf8b338b7338,2018-02-01 19:08:23,7b5e3159006745bdbee47199b5293638,direct_traffic
3d3a7df69a7341dd972d85331d76828c,2017-12-27 20:55:53,24f5fbd22d624e12b58faeb2f2742ebb,social
832ac51dc32d42f496cdac7c281f4727,2017-08-04 11:32:33,d4a547d9c0264e5e821f2ce922348c3d,organic_search
5779282ad0644b4a945bb0a61cf63bbf,2017-07-08 16:22:59,b3ebd0b9fc81475f87eaafca8d37f073,paid_search
e95eb86e66634af682556c21ea189a2f,2018-05-15 18:50:11,7e92b46dac574b1b9786c529162a68c6,organic_search
d14be04ba8814eb7b288c8ad8c624991,2017-08-05 20:04:20,d4a547d9c0264e5e821f2ce922348c3d,organic_social
7a69f31b48c54c8b9fe3f05881ce965e,2018-03-28 06:37:30,d650cf637d2e4393939ab7a1b5bd56fb,social
272bbd12e4fd4e5ca8ba0c435c29c108,2017-08-06 15:45:04,30603de19a0f45f98e07cc24bb54cd32,paid_search
2127249a28144398a53055a5474b0684,2017-06-29 04:31:14,30603de19a0f45f98e07cc24bb54cd32,paid_search
8df571f3b87249178e78694fd211092b,2017-08-18 11:04:22,32f776c66b854bc08925bb990a3b5ea3,display
43716465dac348e0b41cb07f355d2a9e,2017-08-22 11:44:51,c2366a33c94543b4a5c36a8911cb5ebe,organic_search
f6375305c3b84175b62017be888745c1,2018-05-30 08:12:32,7e92b46dac574b1b9786c529162a68c6,social
4345eda13ef04f6e8d24d922a0c0e1df,2018-02-21 10:20:30,54dadc715073494a9f52e4f263e34d4e,social
661e49d50e2a4c23ba2be0baec5d440a,2017-07-11 09:07:27,54ac0583af594362879a48b3c36bac75,social
dc47ce85faa249f598da694b4522fb17,2018-04-22 20:03:19,b5aed19b7ce942ceb1082d725df90ba9,organic_search
b8016b87d2d648729bc32bda1f4d675b,2017-08-04 22:45:22,0c738336dbd04e959c993ff02dbf5e0f,referral
9345eb52f6a34fbeb80f9cc6103b1f73,2018-04-11 19:25:24,24f5fbd22d624e12b58faeb2f2742ebb,organic_social
88f78596fe5e47c894c4a71ccc6446a7,2018-02-13 23:20:15,32f776c66b854bc08925bb990a3b5ea3,social
14dc1a1a2be9453fab730d3bbcb90fb8,2018-03-31 21:08:26,2566ffa7a57141909a5618885cb43553,direct_traffic
51f7cf19dc5741cd8f4e45aa69d82c88,2017-08-27 23:59:01,fd67c44c56284345a9d416ecc4e70697,organic_social
f86b009f786244958bd14ac9426a3176,2018-04-06 12:17:32,bd7014dfab0643b08af9d59f9064c67f,direct_traffic
f2e8daedff8f4c0d829b3d8317fa77d7,2018-03-16 01:29:59,bd7014dfab0643b08af9d59f9064c67f,organic_search
80b59553c1de484d98f0fb72f086064b,2017-06-15 02:57:26,eabde2c6e9064911b23d789ff68f2bbb,social
28cd578c2ce54b738a802f4eefc6caf3,2018-04-25 20:59:58,b5aed19b7ce942ceb1082d725df90ba9,social
bd6761dbe92849b698fc3240b2fced48,2018-04-30 07:40:31,d650cf637d2e4393939ab7a1b5bd56fb,paid_search
11c46a6e719449fcb236fb3d15aa33c9,2018-03-20 15:10:02,fd67c44c56284345a9d416ecc4e70697,direct_traffic
2b6dff956b844cec98dd5b3054cc7811,2018-04-24 01:06:09,6eb360925f334493a6951325d8182624,organic_social
69d5a468ce594505878a69b5bd25399a,2018-04-18 19:51:49,0c738336dbd04e959c993ff02dbf5e0f,organic_social
cd977fe0b3cb4815a98ea9fb1093dfca,2018-04-25 10:59:56,6eb360925f334493a6951325d8182624,paid_search
abe0b134e6684473b0f853b1e70cf6f7,2017-10-04 14:47:07,0c738336dbd04e959c993ff02dbf5e0f,organic_search
4a9d51549f024087ba6aa2ea595701db,2018-01-19 02:39:24,f7f91884fcc441c3a73051d4c1896af9,
dba795b80d7e4e449a929371ca0670b8,2017-07-01 05:45:19,b3ebd0b9fc81475f87eaafca8d37f073,email
0b9dd898aa724cdebd640b64b10b32a8,2017-12-30 17:37:51,b3ebd0b9fc81475f87eaafca8d37f073,organic_search
d45318fbc40a4c1cbed5f835728222ae,2017-09-13 12:23:09,fd67c44c56284345a9d416ecc4e70697,organic_social
77c16e4b84b3433e93c376035da9e1ea,2017-08-13 11:22:50,54dadc715073494a9f52e4f263e34d4e,referral
0b33d2527a2c474985fd547ef064a360,2017-11-11 12:34:28,ff05ce68802a4f1796f1c6ff9508133e,social
98b12bfc55304065bf3d500731d9bdde,2017-08-06 13:29:27,30603de19a0f45f98e07cc24bb54cd32,social
8940ca1218694885990403ba4b992312,2018-03-15 03:51:57,42aab95b911f48e28fc6e5aff6d61bab,paid_search
eff1aa9f049d44d1bab721b641c6691c,2017-10-02 16:59:01,dc97f501f52d4c12817bfe088b55a525,organic_search
194e76303e7e44a8816325b96f54cd99,2017-10-15 16:22:09,9949586af6134c339c1809ad3ec0df66,paid_search
4fbbec9da5af4dedbe809cc47a7bbff7,2017-08-12 03:31:29,eabde2c6e9064911b23d789ff68f2bbb,email
e8ae946f01f84dde9c30fa5923ae7b0e,2017-10-27 13:59:11,54dadc715073494a9f52e4f263e34d4e,organic_search
fcb22a371aa54d688ec878ffb79e69a6,2018-04-12 15:13:25,9949586af6134c339c1809ad3ec0df66,paid_search
26b7b64a9b914e71b5b6a243c4286c61,2017-08-21 11:55:17,c2366a33c94543b4a5c36a8911cb5ebe,paid_search
6165dc832960416cbaa7aac6da843125,2018-03-23 11:23:08,54ac0583af594362879a48b3c36bac75,social
0c428299994141f29484e84daf94c038,2017-08-21 18:08:28,30603de19a0f45f98e07cc24bb54cd32,organic_social
42e741d7a6754be4bc6b61e7c79f4918,2018-01-26 18:09:33,5c9fede2c59f461bab56ff6d802fa6a1,paid_search
31c03cc6df1440e4a1e48935b5887eaf,2017-11-05 18:06:31,e73bb83cf417427888827b7bd8835d0c,paid_search
af731d8a951a47d18426f71f6f321434,2017-07-17 14:19:03,30603de19a0f45f98e07cc24bb54cd32,direct_traffic
a389c9653e614d50bc35946453d2ae41,2018-01-21 08:45:52,54ac0583af594362879a48b3c36bac75,paid_search
3379af56ce1f421d8a1e23fcc5cce29a,2018-03-26 12:50:54,eabde2c6e9064911b23d789ff68f2bbb,organic_search
df2d8a6120004355b18f42dc7e41193e,2017-06-26 10:14:37,6eb360925f334493a6951325d8182624,paid_search
95fed3c911404741a242abc69b2be205,2018-04-02 23:49:15,57b30bb0fe284da5b57510a8823d88a2,organic_search
9092362a93ab430397b791e9624c9dba,2018-01-27 10:24:13,c005e1915b5a420dba2530a0e055f0e1,organic_search
4037afe859574497b60ed2fd27c4a33a,2017-06-05 03:54:49,7b5e3159006745bdbee47199b5293638,paid_search
1293dbd80c684d389b4073683a2d0562,2017-08-08 09:37:44,22d5f074d6fd43b2b796684fe6998629,paid_search
27423ca03ef848bea9e671b27bc49d30,2017-12-05 14:40:55,7e92b46dac574b1b9786c529162a68c6,organic_social
f6a1b0fd6daf4d6f80ab4b458c21331d,2017-06-24 14:35:05,eabde2c6e9064911b23d789ff68f2bbb,paid_search
62bd43469a7149c485fd7a9128bc2fb2,2018-03-19 20:27:18,54ac0583af594362879a48b3c36bac75,social
4801e840e47e4e6497e2fc2a0a6cf2ad,2017-12-03 20:08:32,0c738336dbd04e959c993ff02dbf5e0f,social
ddcbd4a2b4ee4283b43027b2a513b22f,2017-07-08 14:03:59,30603de19a0f45f98e07cc24bb54cd32,organic_search
1f5b287f5730455fb3008ab766537a80,2018-01-17 20:01:10,b5aed19b7ce942ceb1082d725df90ba9,direct_traffic
b88e4ab9c1e0468c8fa3961cea773143,2018-04-16 22:14:50,dc97f501f52d4c12817bfe088b55a525,organic_search
825e64878a0f42f386a37001bbd4bd10,2017-08-05 03:31:12,ff05ce68802a4f1796f1c6ff9508133e,display
23dde8a6fbcc4b1791048bc609fe84a2,2017-12-09 12:20:44,c005e1915b5a420dba2530a0e055f0e1,organic_search
cc775c592c044ebf9886aec063be3945,2017-12-05 05:15:09,54ac0583af594362879a48b3c36bac75,paid_search
d94341d023c74650bdf937ca24082b2f,2018-04-05 18:32:11,ff05ce68802a4f1796f1c6ff9508133e,organic_search
dfb662d78a73403bb040cf3175575b36,2018-02-12 01:27:56,eabde2c6e9064911b23d789ff68f2bbb,
feb96a517450485bb3a3849b02fe8f85,2017-06-20 04:59:21,f7f91884fcc441c3a73051d4c1896af9,social
0da6b7d389414fd9a191904b885819ef,2017-11-18 17:14:54,30603de19a0f45f98e07cc24bb54cd32,social
c7d11025b9414ab49240191d1ce4a5cb,2018-01-20 05:25:21,fd67c44c56284345a9d416ecc4e70697,organic_search
6d0da1b90cab4e74958ac4611d314204,2018-02-19 05:05:21,42aab95b911f48e28fc6e5aff6d61bab,direct_traffic
8b70f54e1e9c4fc5a329c447d871385f,2018-04-10 11:35:50,32f776c66b854bc08925bb990a3b5ea3,organic_search
5ec3b0572af34c5b97c994c7acecc7cd,2017-12-19 22:26:45,22d5f074d6fd43b2b796684fe6998629,referral
6374a21e4bac47a489250639cd3a1869,2017-11-01 21:37:00,42aab95b911f48e28fc6e5aff6d61bab,organic_search
3c9c02d804e045ed90aa6d0a2be2691b,2018-02-15 18:33:29,c005e1915b5a420dba2530a0e055f0e1,organic_search
50f232822b934d108358cf4ae21b5466,2018-02-06 20:29:43,0c738336dbd04e959c993ff02dbf5e0f,organic_search
6fc1617960dd467aa638766d58169e58,2018-01-30 00:36:20,7e92b46dac574b1b9786c529162a68c6,paid_search
c4f3872338504c47910fa511e6789b76,2017-11-17 03:59:26,7b5e3159006745bdbee47199b5293638,social
b481c8229ebc4866a9ff00e4fb117c86,2018-03-26 11:12:07,280fc02b8ead46d897a70c9fa8a76c35,organic_search
b8765ef56945476798a55c8dbf5e54d2,2018-05-19 22:54:38,e73bb83cf417427888827b7bd8835d0c,email
f24b8a0f9f324b83b521898383401ebe,2018-04-02 17:16:45,b5aed19b7ce942ceb1082d725df90ba9,paid_search
0d262acf77504188b85831100c86c811,2018-05-02 21:03:41,702afe38d2d2425a9b41828bf926fbf5,social
17a346672ab647ec9498969d24aee92a,2017-09-25 01:52:11,702afe38d2d2425a9b41828bf926fbf5,paid_search
169ec65000bc4ece99f1756db692504c,2018-02-01 06:12:29,30603de19a0f45f98e07cc24bb54cd32,paid_search
002cad8be1f446c8963c775b770a8ceb,2018-04-19 22:33:50,d650cf637d2e4393939ab7a1b5bd56fb,social
a6d70a587a2c46afbafa72638b867d08,2017-12-12 05:22:49,bd7014dfab0643b08af9d59f9064c67f,organic_search
a1d2ecbf63b3415cb969a5c63bb32b14,2018-05-15 08:49:05,eabde2c6e9064911b23d789ff68f2bbb,organic_search
2e72c0c267584cbf8ad3b088cd3429bc,2018-03-21 04:00:04,54ac0583af594362879a48b3c36bac75,referral
3b49b26a76034cf09e802ddbc8f6aeef,2017-06-10 16:03:27,42aab95b911f48e28fc6e5aff6d61bab,display
0bb9f67f782142a3a03a3d8ba89849f9,2018-01-01 05:30:48,7b5e3159006745bdbee47199b5293638,paid_search
dfad09a17e7a4e11a725023fee307a50,2018-05-20 07:25:24,7b5e3159006745bdbee47199b5293638,organic_search
92a7f892235948caa3eb646f49599274,2018-02-12 22:15:47,c2366a33c94543b4a5c36a8911cb5ebe,social
027df8151cb14b44b891eb71624911a6,2018-01-28 02:16:03,f7f91884fcc441c3a73051d4c1896af9,paid_search
d8710fe67d484c7693e065f11eec0623,2017-08-10 18:53:04,54ac0583af594362879a48b3c36bac75,organic_search
cef5eab5681744eaa6464e77886be4b0,2018-03-15 11:50:04,57b30bb0fe284da5b57510a8823d88a2,organic_search
3b026e46d11d4651a7b151ca9d09bc65,2018-01-31 19:07:55,ff05ce68802a4f1796f1c6ff9508133e,direct_traffic
4e85e73fba98478baa2c10aca5e0618c,2017-11-08 06:18:19,b3ebd0b9fc81475f87eaafca8d37f073,direct_traffic
a8272c112db34da9bcdc1933963e5860,2018-02-28 12:27:49,c005e1915b5a420dba2530a0e055f0e1,organic_search
641e5641bc33411e8e1638c9e57d626a,2017-11-29 23:25:19,280fc02b8ead46d897a70c9fa8a76c35,organic_search
34dce20203bd45418c76987dc5c86e1d,2018-05-21 09:37:30,fd67c44c56284345a9d416ecc4e70697,organic_search
de00a5eae58541939256c4e605ede604,2018-02-03 07:00:00,9949586af6134c339c1809ad3ec0df66,direct_traffic
dd2e196e3a4a40cabc74908a00825f5c,2017-10-21 20:19:09,0c738336dbd04e959c993ff02dbf5e0f,organic_search
07994ec07ccc4587b61f3c9713fcdb24,2017-09-24 10:50:08,d650cf637d2e4393939ab7a1b5bd56fb,organic_search
959182843f2e4d1ea5b232fe9d04b2dd,2017-10-26 07:32:48,f7f91884fcc441c3a73051d4c1896af9,email
63335bc7f163456fbad97cd95a0dba37,2018-05-27 17:48:14,42aab95b911f48e28fc6e5aff6d61bab,organic_search
e478dbf98a3047dd97e83424788f4002,2018-02-01 12:41:58,c005e1915b5a420dba2530a0e055f0e1,direct_traffic
a4096e7d21754e5a9b2a9f6a02d8fa21,2017-10-19 10:28:41,dc97f501f52d4c12817bfe088b55a525,organic_search
ab741106b97c46dca27d6320ba8dfea3,2018-03-21 19:46:37,ff05ce68802a4f1796f1c6ff9508133e,organic_search
72883a4e1dd540ecaedc3546477341e7,2017-12-20 12:33:57,d650cf637d2e4393939ab7a1b5bd56fb,organic_search
b4864f7171134cfd99452e2a710d7a55,2017-08-14 10:34:30,eabde2c6e9064911b23d789ff68f2bbb,direct_traffic
39758549e4874e8990ac2fec88efa84d,2017-10-26 02:52:38,7e92b46dac574b1b9786c529162a68c6,referral
2e3aa158f4844f098ff1128d41df11e5,2018-01-13 23:52:59,b5aed19b7ce942ceb1082d725df90ba9,email
b755cd4768724fd096802099f45af535,2018-02-01 07:47:27,54ac0583af594362879a48b3c36bac75,paid_search
0105d51de1644a6c800c7476001a6033,2018-03-03 09:52:17,c2366a33c94543b4a5c36a8911cb5ebe,direct_traffic
cc34504cc859418ca0fc6a1c0bb9dbfd,2018-03-15 09:53:21,2566ffa7a57141909a5618885cb43553,organic_search
143aca7d355e4be3a206673224987323,2017-07-26 22:24:58,22d5f074d6fd43b2b796684fe6998629,paid_search
bbda44d305bd49b3a20880aff4d90e65,2018-03-28 08:42:43,9949586af6134c339c1809ad3ec0df66,referral
448ef24272d44844ba3423be23df5c71,2017-06-26 19:20:04,9949586af6134c339c1809ad3ec0df66,organic_search
e35065826eae4cfc89c2f2f8caed3a56,2018-04-23 08:28:38,eabde2c6e9064911b23d789ff68f2bbb,organic_search
41762d47d9bd4dc8ba6d263682841b37,2017-07-22 15:02:52,42aab95b911f48e28fc6e5aff6d61bab,organic_search
3db19fb90a594d92b25aec243d709de9,2018-01-28 03:39:38,57b30bb0fe284da5b57510a8823d88a2,organic_search
b9a5e50b238f444d8da9c70fefc33f13,2017-08-10 00:11:19,c005e1915b5a420dba2530a0e055f0e1,organic_search
08d134cc102941de88b3f0551179a660,2017-08-20 14:48:54,d4a547d9c0264e5e821f2ce922348c3d,social
9880047bcf1943859dae12cac3cd4c98,2018-01-30 17:23:00,d4a547d9c0264e5e821f2ce922348c3d,paid_search
9f83947518cc40229ec96135e0728e98,2017-09-11 10:27:29,42aab95b911f48e28fc6e5aff6d61bab,referral
f5cddefea8ef4045b481fb9a43a65b88,2017-10-25 23:30:59,eabde2c6e9064911b23d789ff68f2bbb,email
de7184aa6a9b4aa1a2516ae5966a83b7,2017-07-16 23:44:58,702afe38d2d2425a9b41828bf926fbf5,paid_search
c3aba1bc872549e9931ee005c43571b3,2017-09-27 19:29:03,22d5f074d6fd43b2b796684fe6998629,organic_search
3ca348ec9ef04d1c953882f322c4c0a0,2017-06-20 06:22:26,7b5e3159006745bdbee47199b5293638,paid_search
deb87cf139b943639b4ef4b469cb894f,2017-08-30 01:19:23,bd7014dfab0643b08af9d59f9064c67f,social
348c535aeb664198899230380748598e,2017-12-21 18:02:10,32f776c66b854bc08925bb990a3b5ea3,organic_search
e2e0707c64724a05a3fe401dd0a40e51,2017-10-27 01:21:50,e73bb83cf417427888827b7bd8835d0c,social
6da584571cca4af2b85c34751c1492ee,2017-10-31 20:40:43,fd67c44c56284345a9d416ecc4e70697,paid_search
0b5c705e7b73433fbc79f55796371d2c,2017-07-25 12:11:54,0c738336dbd04e959c993ff02dbf5e0f,social
72616617a76b4bb9aa191896ffefe011,2018-01-19 23:20:58,c005e1915b5a420dba2530a0e055f0e1,paid_search
e5ef6113a9774d629e4df57b3709c1f8,2018-02-24 17:58:58,5c9fede2c59f461bab56ff6d802fa6a1,paid_search
96bcf3c0c2844bfbbafe83adcefcbc87,2017-08-08 18:21:28,b3ebd0b9fc81475f87eaafca8d37f073,display
7ad6b0e53014438185419b1b7c19f88c,2017-10-18 07:01:12,280fc02b8ead46d897a70c9fa8a76c35,direct_traffic
157b46c374f34677bd9ad6289dfcb000,2017-07-28 12:02:23,32f776c66b854bc08925bb990a3b5ea3,organic_search
54224002e8144e658229368187367403,2018-01-21 23:36:12,b5aed19b7ce942ceb1082d725df90ba9,referral
b8b7eb552e1d4969a0008769cc3d595a,2017-09-04 00:30:46,22d5f074d6fd43b2b796684fe6998629,paid_search
ff17f8ce9d184abdb3a13b98e5c184f0,2017-11-20 10:44:29,702afe38d2d2425a9b41828bf926fbf5,referral
059a7682ff8b46a6b6e57525c9edb545,2018-05-12 07:01:58,32f776c66b854bc08925bb990a3b5ea3,email
933a82b776504c27949aa15a6ad342f7,2018-04-09 23:15:19,5c9fede2c59f461bab56ff6d802fa6a1,paid_search
8a2a666184b8453d8a61e07d9e48128f,2017-12-25 15:34:19,30603de19a0f45f98e07cc24bb54cd32,organic_search
54b779195e034883a2770dd267d1a9ae,2017-11-15 03:09:28,ff05ce68802a4f1796f1c6ff9508133e,organic_search
f141282aff524752b297282df73274c0,2018-05-09 03:28:22,32f776c66b854bc08925bb990a3b5ea3,social
a354868cdfab479489fadb9cfbffaf12,2017-08-11 17:23:00,42aab95b911f48e28fc6e5aff6d61bab,social
2a0c02e723654f3f894d28c87dfd2c54,2017-10-06 00:14:55,b5aed19b7ce942ceb1082d725df90ba9,organic_search
25cbdd113bcf4c3c8cf7d00497b3814a,2017-12-14 08:34:30,b3ebd0b9fc81475f87eaafca8d37f073,organic_search
7bc4b4714c5741638fc3728e43e8891c,2017-10-15 12:00:04,0c738336dbd04e959c993ff02dbf5e0f,email
46a9c3846da24af4b9992b6f06943186,2018-03-26 20:51:28,e73bb83cf417427888827b7bd8835d0c,
cf66e8f3e23948c3b0fb2d237fc98ad4,2017-10-12 23:47:59,7e92b46dac574b1b9786c529162a68c6,social
0940b40fb2ac4b098a76deccffa74b44,2018-05-21 08:36:12,eabde2c6e9064911b23d789ff68f2bbb,organic_search
6d83d9c450ac4fe9a96a3b91cda44ec4,2018-05-08 04:18:15,b3ebd0b9fc81475f87eaafca8d37f073,organic_search
577f3c0c09114544ab37f77f3c8548cd,2017-11-05 05:48:54,ff05ce68802a4f1796f1c6ff9508133e,organic_search
8137a3027ff6401e9094f3ce5eb6cf06,2018-05-18 18:17:46,c2366a33c94543b4a5c36a8911cb5ebe,organic_social
d840dd0cccd54f35ba5d6c4c0547b74a,2018-05-27 11:19:20,f7f91884fcc441c3a73051d4c1896af9,organic_search
d22a3e9cc17d4bd0a630c2d21ed799d2,2017-07-31 23:15:17,c2366a33c94543b4a5c36a8911cb5ebe,social
6267f254c44e43d29f9eee3eea772731,2017-10-30 13:22:54,fd67c44c56284345a9d416ecc4e70697,organic_search
adfe4a131a7a40429450707cb562c400,2017-09-22 07:58:41,2566ffa7a57141909a5618885cb43553,social
34f7f482fb484fc8a836d7398968e94e,2018-01-31 05:34:38,b3ebd0b9fc81475f87eaafca8d37f073,direct_traffic
05ec8cad64b4405180057cef9ffb51af,2018-04-07 13:36:11,7b5e3159006745bdbee47199b5293638,email
8016e8d6b7c5474091ce54373e5ccebf,2018-05-26 19:59:49,c2366a33c94543b4a5c36a8911cb5ebe,organic_search
b5ef3a324d7c43b3b78530a39d1efa13,2018-01-28 19:34:13,280fc02b8ead46d897a70c9fa8a76c35,organic_search
de46b55497b948a4a21b05069022ba73,2018-05-07 07:57:07,d650cf637d2e4393939ab7a1b5bd56fb,organic_search
574cc25d659d4d6b8dd2025a7c5847d0,2017-10-05 21:41:34,54dadc715073494a9f52e4f263e34d4e,organic_social
1da5530acc8643d68c9512a2af9dd680,2017-07-12 19:07:59,b3ebd0b9fc81475f87eaafca8d37f073,referral
71a3f61158ef44729f35631298e1fb53,2018-02-26 13:10:19,24f5fbd22d624e12b58faeb2f2742ebb,social
40999706cb764a47b4febd95b84fbff3,2018-03-16 04:05:07,eabde2c6e9064911b23d789ff68f2bbb,social
b28f68fbb883405091f55142ee7b64cc,2018-03-08 18:24:15,54ac0583af594362879a48b3c36bac75,direct_traffic
888a1be11ae142698ce03babfa56ca77,2018-03-21 19:32:21,2566ffa7a57141909a5618885cb43553,organic_search
813cb7c4b9914bfd8dcb4331dc6d010f,2017-08-24 11:56:47,54dadc715073494a9f52e4f263e34d4e,organic_social
8708ec3bc4134b29bbc0e54e617d0af3,2018-02-22 16:05:12,dc97f501f52d4c12817bfe088b55a525,paid_search
390967245dfb42778056a25de7627eff,2018-05-15 07:28:42,f7f91884fcc441c3a73051d4c1896af9,paid_search
14913af56ac44ff99f78c71546ef96c8,2018-03-26 17:47:51,24f5fbd22d624e12b58faeb2f2742ebb,social
6c8fc1c9f7a4450fa61eaee7b41e3f34,2018-02-17 16:13:10,280fc02b8ead46d897a70c9fa8a76c35,organic_search
c83f2ea71ddd4eedb3dd9aef26121032,2017-06-29 16:30:32,2566ffa7a57141909a5618885cb43553,organic_search
41783c00a0b1464f896fd4887cfed3ed,2018-02-18 15:07:30,b3ebd0b9fc81475f87eaafca8d37f073,direct_traffic
d4440714db234ee4bce95326a028f260,2018-03-16 02:06:07,c005e1915b5a420dba2530a0e055f0e1,organic_search
5c4fc11fc1594448b05dc727943df631,2018-01-23 11:13:12,22d5f074d6fd43b2b796684fe6998629,social
d0adee83e2744232931bd77f57f6238c,2017-06-12 14:24:57,b5aed19b7ce942ceb1082d725df90ba9,organic_search
8893c7c6e14943d0869d5082a03dde6a,2017-06-02 07:56:00,702afe38d2d2425a9b41828bf926fbf5,paid_search
0ae5775549704f349c36ac1d500dea2f,2017-07-08 01:38:56,7b5e3159006745bdbee47199b5293638,paid_search
71d45d26da0247368da1fac49a416379,2017-11-24 02:19:17,c005e1915b5a420dba2530a0e055f0e1,paid_search
c035cee85ccb4ebcb9dde7d912afc647,2017-07-01 02:30:46,c2366a33c94543b4a5c36a8911cb5ebe,direct_traffic
b46fb10d5c774c3299f7be6cf88a2c17,2018-01-28 01:09:19,0c738336dbd04e959c993ff02dbf5e0f,paid_search
11a7eea3e3bc49038bb1d3de9caa1248,2017-12-27 06:33:10,d650cf637d2e4393939ab7a1b5bd56fb,social
09a9751888e84186aa10c54c8a9818b0,2017-08-09 23:21:25,22d5f074d6fd43b2b796684fe6998629,paid_search
0b86f56f1a2940c0b55e15619d753d94,2018-04-27 15:18:17,7e92b46dac574b1b9786c529162a68c6,direct_traffic
1392d8943ad04cec973d44bc68cdfeba,2017-12-13 16:19:50,54dadc715073494a9f52e4f263e34d4e,organic_social
bd7c3d4675604e40b1b87247226efd5e,2017-12-11 13:40:36,24f5fbd22d624e12b58faeb2f2742ebb,direct_traffic
04e741d6af21458c89a39f7ba55cbc94,2018-05-16 19:38:07,2566ffa7a57141909a5618885cb43553,organic_search
ac176a60d22b4a5596d39ff2c7be7a78,2018-05-01 12:39:42,dc97f501f52d4c12817bfe088b55a525,organic_search
599060519df14805a499214c3e54f50e,2017-08-31 19:33:39,ff05ce68802a4f1796f1c6ff9508133e,organic_search
3e4591adc3e041eb80a856da61cafa7e,2018-02-26 04:38:11,22d5f074d6fd43b2b796684fe6998629,social
ed6233711cd7459d98a6a31de8ca0a91,2017-09-23 00:07:35,d650cf637d2e4393939ab7a1b5bd56fb,organic_search
c4aca6bb06054a7cbaa88bb26285d4a9,2017-06-12 10:51:47,b3ebd0b9fc81475f87eaafca8d37f073,paid_search
6bba0c3a16254417bc88e379cf68c969,2018-05-11 19:49:21,7b5e3159006745bdbee47199b5293638,social
04f2d12ab05048bda107d63714f06885,2018-02-28 13:48:32,bd7014dfab0643b08af9d59f9064c67f,paid_search
4c5194d5022644659a550245b076d0c2,2017-09-26 09:00:41,b3ebd0b9fc81475f87eaafca8d37f073,email
e5505232f46b41af85fd73b80a6971a3,2017-11-25 05:38:52,b5aed19b7ce942ceb1082d725df90ba9,organic_search
88548cd219364efa90e84a547e184a55,2017-09-05 04:06:30,eabde2c6e9064911b23d789ff68f2bbb,organic_search
54b59f31c4ba4ef5bcbff7823d8cad40,2018-05-05 15:15:50,fd67c44c56284345a9d416ecc4e70697,direct_traffic
c938921800de4ad4971bab6c42d5285a,2017-06-09 08:45:44,54ac0583af594362879a48b3c36bac75,paid_search
e664fbf4068b4199bd41ce5737ecab57,2017-07-05 03:40:24,fd67c44c56284345a9d416ecc4e70697,direct_traffic
bb55cfc097524b46b391e25f31be0e33,2017-06-18 16:15:15,fd67c44c56284345a9d416ecc4e70697,paid_search
a91659e66db74deab25c5e6c0159e1d1,2018-05-11 01:46:20,9949586af6134c339c1809ad3ec0df66,organic_search
a62f7fbba7a946c0a5a8814e14ffbac6,2017-06-23 14:38:45,b3ebd0b9fc81475f87eaafca8d37f073,email
07900c76a50f4230895fac07a799a1b9,2017-09-28 19:39:07,54ac0583af594362879a48b3c36bac75,email
6c6c29b76fd845bca162e2fd2e609119,2017-06-29 05:06:07,30603de19a0f45f98e07cc24bb54cd32,direct_traffic
738993dbf8a94459ad82e2cd0b91f17d,2017-10-27 08:31:32,bd7014dfab0643b08af9d59f9064c67f,organic_search
7666c74676ac447eac9eb8e5a0f96037,2018-03-22 11:36:39,702afe38d2d2425a9b41828bf926fbf5,social
7009c753e976448ab60f68fa40ffce5c,2018-04-03 11:40:30,9949586af6134c339c1809ad3ec0df66,paid_search
ff537dd0882a4405ba565abbd72accb9,2017-11-02 05:12:57,57b30bb0fe284da5b57510a8823d88a2,organic_search
2e6fd4ed0efa4fd09a7f1bcd52cdb709,2018-02-22 08:02:52,7b5e3159006745bdbee47199b5293638,organic_social
d3456c5144a14f7abbdc6f1fd57b68d6,2017-11-01 10:01:04,eabde2c6e9064911b23d789ff68f2bbb,organic_search
9bc974ddc61641eaa3c1e066dade54a1,2018-03-13 21:32:30,5c9fede2c59f461bab56ff6d802fa6a1,display
f017666a624c470cb97d1e3a97412579,2017-08-29 22:47:30,57b30bb0fe284da5b57510a8823d88a2,paid_search
20845e76ce32483b857c1007ba797687,2018-01-05 20:14:16,6eb360925f334493a6951325d8182624,organic_search
9dee9ba512f0438caceb223e5e38ca11,2017-06-25 12:32:23,d4a547d9c0264e5e821f2ce922348c3d,social
8d473cd90fdb410f992a89f94186f614,2018-05-10 13:52:38,280fc02b8ead46d897a70c9fa8a76c35,referral
524673697d9e460687e33916aefb6444,2018-02-24 11:36:17,f7f91884fcc441c3a73051d4c1896af9,direct_traffic
569426aa9fbe42849254c15704213fad,2017-12-31 14:51:51,2566ffa7a57141909a5618885cb43553,email
3e15985ed0fd4a6a978209ed05c671d6,2017-11-01 13:42:23,32f776c66b854bc08925bb990a3b5ea3,direct_traffic
f34cd9c119764265ae4d031ea1d41a0e,2018-03-03 17:14:25,9949586af6134c339c1809ad3ec0df66,direct_traffic
5cec3b783f96429e84ee7672a0f6bec9,2017-09-24 10:56:58,54dadc715073494a9f52e4f263e34d4e,email
e1ce838367f74e589523d083d7e77797,2018-05-29 05:15:20,280fc02b8ead46d897a70c9fa8a76c35,organic_search
57bb2f85e57d460ea06a469fa6f39704,2018-01-24 02:05:52,c005e1915b5a420dba2530a0e055f0e1,paid_search
222ed7f900a64c778ea85370a6b59314,2017-12-29 15:09:52,c005e1915b5a420dba2530a0e055f0e1,organic_search
7019aaed771d43798152e36cf4f5fb40,2018-02-27 04:52:55,ff05ce68802a4f1796f1c6ff9508133e,
2321e89556c34465a8fe868da9b7c027,2017-10-03 09:17:02,54ac0583af594362879a48b3c36bac75,display
65f928c497d6491cb3dc60caeaaa4c14,2017-11-17 23:32:45,24f5fbd22d624e12b58faeb2f2742ebb,organic_search
3840388c97aa41c487e7af7feaf139cc,2018-01-17 13:30:37,24f5fbd22d624e12b58faeb2f2742ebb,direct_traffic
4c824b1fc2c840eea0f800a12b12dcfb,2018-03-02 06:56:06,eabde2c6e9064911b23d789ff68f2bbb,organic_social
d121ba3468fb42a1b281cc53311064ef,2017-10-16 13:43:56,57b30bb0fe284da5b57510a8823d88a2,organic_search
9dc14e10f9644adda777a420ed50ccb3,2018-04-06 21:57:06,eabde2c6e9064911b23d789ff68f2bbb,social
d5e1678d1c6349d99949aa79f2be6cff,2017-07-08 06:51:02,280fc02b8ead46d897a70c9fa8a76c35,organic_social
5f224c710c0644d2a858f155295b189b,2018-03-28 20:20:49,54ac0583af594362879a48b3c36bac75,organic_search
05de93bbf80b4121b88dd516ec522eba,2018-02-01 07:36:19,54dadc715073494a9f52e4f263e34d4e,direct_traffic
81e1d8e24aae45f48fafd956474f3de1,2017-11-18 11:02:19,c2366a33c94543b4a5c36a8911cb5ebe,paid_search
9921f6dc50fd425e81a6d9169311c5ab,2017-06-08 07:42:42,c2366a33c94543b4a5c36a8911cb5ebe,organic_social
bf61a892221941fcb4b1105f1d49b1d3,2017-09-06 04:16:16,22d5f074d6fd43b2b796684fe6998629,other
228ecf9f53ca4b06ba209439ceb444eb,2018-02-01 08:49:57,f7f91884fcc441c3a73051d4c1896af9,display
5884b330f0a641b1a76e9ec5a33b8c60,2018-04-06 07:26:45,ff05ce68802a4f1796f1c6ff9508133e,paid_search
2b5e1c76c89f49f79eecf613d297145a,2017-10-01 20:06:02,42aab95b911f48e28fc6e5aff6d61bab,referral
691ad80c7f6b4534b077e6ff9c512410,2017-10-23 13:51:34,b3ebd0b9fc81475f87eaafca8d37f073,email
e3fed49048174e26919219b33b673b42,2018-03-01 23:37:09,7e92b46dac574b1b9786c529162a68c6,paid_search
2a989446956d49f69f9fe5b3e2a36ea1,2017-11-05 09:31:23,7e92b46dac574b1b9786c529162a68c6,email
f4444bbc473e45b3956434a6c24b70d3,2018-02-18 18:06:19,b3ebd0b9fc81475f87eaafca8d37f073,organic_search
4d146ac4cb12443fb16bffa4ce105bff,2017-07-21 17:05:37,d650cf637d2e4393939ab7a1b5bd56fb,social
363fe98a502c4f3982341a0fa4ac064a,2017-11-11 07:23:44,7e92b46dac574b1b9786c529162a68c6,organic_search
3c1245fc3bd0456eaa4a5b10367a4805,2017-11-08 15:04:14,eabde2c6e9064911b23d789ff68f2bbb,organic_search
f9b6a452807240ebb23cb46f0f4f63d4,2018-03-16 08:03:22,22d5f074d6fd43b2b796684fe6998629,organic_search
ce0dc58af9a146cdb785909267142020,2017-08-14 00:35:25,b5aed19b7ce942ceb1082d725df90ba9,direct_traffic
887a7f61b5b441d88112775bdde1044f,2018-03-11 21:15:50,702afe38d2d2425a9b41828bf926fbf5,paid_search
aa9e641198d547d7bf15b7c2eff2bc05,2017-12-31 10:44:51,2566ffa7a57141909a5618885cb43553,direct_traffic
d4f12cdc4b304cb7a4a5c1275c580334,2017-09-09 12:00:36,9949586af6134c339c1809ad3ec0df66,organic_search
f81e7fa2079045c699f5a7c15f96eacb,2017-12-12 20:44:43,bd7014dfab0643b08af9d59f9064c67f,paid_search
c9c7bf0f62fd4500a4ef58753ee4b1a6,2017-10-04 18:10:44,c005e1915b5a420dba2530a0e055f0e1,social
e566f8bd1e134800ab05953a8b3e3a54,2018-05-02 12:17:25,b5aed19b7ce942ceb1082d725df90ba9,email
f45cd6d8520444c9b0671398f677b832,2018-02-06 23:21:48,22d5f074d6fd43b2b796684fe6998629,paid_search
b81abf5ff40e45639dc53878311dc4be,2018-02-07 16:46:41,32f776c66b854bc08925bb990a3b5ea3,social
6e276d0d94ba474b872550566196a682,2017-11-28 06:09:45,2566ffa7a57141909a5618885cb43553,referral
0c02a38d0050487ea06bb1d5bca8ec8b,2018-03-07 17:46:44,32f776c66b854bc08925bb990a3b5ea3,social
197df66fed7346a6b0c16d258ed8848f,2018-03-05 23:22:03,eabde2c6e9064911b23d789ff68f2bbb,organic_search
2c10ccb00dce40d0bc1fa0772f180399,2018-02-24 01:13:53,bd7014dfab0643b08af9d59f9064c67f,organic_search
6e7af5175ef04849ad3a087e6a2a2753,2017-07-09 01:45:58,d650cf637d2e4393939ab7a1b5bd56fb,referral
d075c0bb6f3c4590afb09939e3bc3452,2017-06-04 15:00:53,2566ffa7a57141909a5618885cb43553,organic_search
aed9c69704724765be64cb8a7e44f167,2018-04-19 08:25:34,24f5fbd22d624e12b58faeb2f2742ebb,referral
74f1a7500c0147a6a73399ee4e1bb79a,2018-05-29 05:29:55,e73bb83cf417427888827b7bd8835d0c,social
6d7d39c8bd4a42329e894396ed83ed50,2017-09-20 18:24:47,b3ebd0b9fc81475f87eaafca8d37f073,organic_social
96328a4788aa447696cc16e19930aefe,2017-12-09 02:12:03,fd67c44c56284345a9d416ecc4e70697,email
b45443258ad74dbca9ec8bdb2e60d94f,2018-04-23 22:26:48,c2366a33c94543b4a5c36a8911cb5ebe,
7d8b4f8c59ea44d8af7b96017a62cfaa,2018-02-03 17:45:44,e73bb83cf417427888827b7bd8835d0c,paid_search
05fe106543ed44e58a8e549b46371f9b,2017-06-04 19:22:38,c005e1915b5a420dba2530a0e055f0e1,direct_traffic
a53964937e4844339a288edf2b1be9e2,2017-12-28 00:25:53,e73bb83cf417427888827b7bd8835d0c,paid_search
6293d2db00df46808928d0703711531c,2018-02-27 10:00:10,c005e1915b5a420dba2530a0e055f0e1,paid_search
85bf6033568e4b6e977263159202dbb4,2017-10-25 00:37:26,30603de19a0f45f98e07cc24bb54cd32,social
239168c5498c4c70913de56aef1e3f8d,2018-05-24 15:40:36,280fc02b8ead46d897a70c9fa8a76c35,referral
739e953a158e43319725522d4541270e,2017-08-31 03:53:46,c2366a33c94543b4a5c36a8911cb5ebe,
d9c8dfc04ef041cb839d4ae5fd6ee771,2017-07-20 19:05:32,2566ffa7a57141909a5618885cb43553,direct_traffic
cfab43d136524ec2ab061970b105190c,2017-10-02 06:59:16,fd67c44c56284345a9d416ecc4e70697,paid_search
d0b1872a6d2847059a5e5a5435312cc8,2018-02-25 09:11:24,bd7014dfab0643b08af9d59f9064c67f,paid_search
94eb5efc4ec34ceca169cbea38207fb2,2017-11-29 09:43:58,280fc02b8ead46d897a70c9fa8a76c35,direct_traffic
490ab0c419be4d3b868746803c9930ed,2017-12-21 02:52:37,7e92b46dac574b1b9786c529162a68c6,organic_search
80f167a5b80f4f19a909ed5d37642f5c,2017-12-25 16:42:41,702afe38d2d2425a9b41828bf926fbf5,organic_search
91eb8afdfcd3414c87bbc461ffff8462,2017-10-03 08:13:23,0c738336dbd04e959c993ff02dbf5e0f,paid_search
1b656b76881540419680c5e240088d4f,2018-05-17 02:56:06,d4a547d9c0264e5e821f2ce922348c3d,paid_search
957eaedd35a54d5f9883a8e5b45fe4f4,2018-04-29 01:09:12,24f5fbd22d624e12b58faeb2f2742ebb,paid_search
ab25eeb9185d4f8d9ecb735ec67bc727,2017-12-25 13:48:30,ff05ce68802a4f1796f1c6ff9508133e,organic_search
3e56a5e717ba452b9bc133a178055219,2018-03-10 17:19:50,eabde2c6e9064911b23d789ff68f2bbb,organic_search
351a2a5cd2304a2bb672e7a256b73bce,2018-04-23 00:20:38,f7f91884fcc441c3a73051d4c1896af9,organic_search
c50df2a1505a4c2a90488b05d366a886,2017-08-27 03:00:37,6eb360925f334493a6951325d8182624,
98853979f6e5449da20bdb715abbce2a,2018-01-09 23:28:49,280fc02b8ead46d897a70c9fa8a76c35,paid_search
d09973eb6a544d34b6166b6daa7359b5,2017-11-17 20:36:07,54dadc715073494a9f52e4f263e34d4e,paid_search
906f13421c6449bdaa6cce67acc9e218,2017-07-19 19:13:46,c2366a33c94543b4a5c36a8911cb5ebe,direct_traffic
70d4eefcca2f4473884065d09f59f63d,2017-06-22 08:21:55,54ac0583af594362879a48b3c36bac75,organic_search
74169246196e4872b6cdc5b4a283dc74,2018-05-21 20:38:09,6eb360925f334493a6951325d8182624,display
5610b883ead94b9ca5ec7e9058dfd3db,2017-10-17 01:41:42,c2366a33c94543b4a5c36a8911cb5ebe,email
7c03153149ec4e0d80337891e0ab4678,2017-07-09 10:12:29,5c9fede2c59f461bab56ff6d802fa6a1,organic_search
dac5416b3e9242ebb3b87f98a3a73462,2018-03-06 20:31:00,57b30bb0fe284da5b57510a8823d88a2,paid_search
e647639045504a5ebc76761600fec759,2017-06-17 06:31:48,c2366a33c94543b4a5c36a8911cb5ebe,referral
b369492f4f394d9b94a6c74282c9488d,2017-11-09 00:34:12,54ac0583af594362879a48b3c36bac75,display
218b70b7d34c4396b0765d7ffcc2094b,2018-03-28 05:14:59,d650cf637d2e4393939ab7a1b5bd56fb,paid_search
acccabbbb64c49c6b248f6e502472782,2018-05-31 14:30:05,c2366a33c94543b4a5c36a8911cb5ebe,social
9e2791470f8445b5995cf8fbaa637ed8,2017-07-10 10:53:46,32f776c66b854bc08925bb990a3b5ea3,organic_search
4b3a23eff6f443f3af385fc4279d79e8,2018-03-16 08:45:19,702afe38d2d2425a9b41828bf926fbf5,
eb33eb87c181456ab34f10c88830f06b,2017-12-17 19:40:52,42aab95b911f48e28fc6e5aff6d61bab,organic_search
6e5ca014ea72405bb110dc070b3bdc14,2017-12-14 05:05:43,280fc02b8ead46d897a70c9fa8a76c35,display
042320cc4396492eadbae5284ca95028,2018-05-19 02:51:19,30603de19a0f45f98e07cc24bb54cd32,social
b9998f29f2b14d96ba201e22a9538f52,2017-11-25 01:57:18,dc97f501f52d4c12817bfe088b55a525,social
cad94a6326a949feb162a7386b1bc283,2018-01-10 08:27:07,bd7014dfab0643b08af9d59f9064c67f,social
431c4c762cf44957930df07df372f24a,2017-07-09 12:24:02,fd67c44c56284345a9d416ecc4e70697,organic_search
fd13c52eebbb4329be53dd541ddae6cc,2018-04-11 21:41:07,ff05ce68802a4f1796f1c6ff9508133e,organic_search
0bda45824f21475788c439731a7deca6,2017-11-15 01:04:43,d4a547d9c0264e5e821f2ce922348c3d,organic_search
5ae93c21ea6949b3b741a4f81651eda6,2017-10-18 16:24:14,6eb360925f334493a6951325d8182624,organic_search
2c6380fea1924f7e8ab5a38ddeda4aff,2017-09-25 12:57:16,c005e1915b5a420dba2530a0e055f0e1,email
9cf06270d56a47dd80d0d966a5f75199,2017-12-10 15:43:23,32f776c66b854bc08925bb990a3b5ea3,paid_search
6f55eddced0b4bb98ed6320be8ca3e6d,2018-05-15 21:19:51,57b30bb0fe284da5b57510a8823d88a2,organic_search
5d027112457840399b113588927815df,2017-12-12 03:07:12,d650cf637d2e4393939ab7a1b5bd56fb,display
75b5f66127334fe79a66882099833cf3,2018-04-13 10:45:15,280fc02b8ead46d897a70c9fa8a76c35,referral
6fb67d1b430c4ce9a3964bfbcca7ed65,2017-10-05 02:40:34,24f5fbd22d624e12b58faeb2f2742ebb,organic_social
5063ccd16d694a19ad296aaf4a46513d,2017-10-16 05:36:54,ff05ce68802a4f1796f1c6ff9508133e,
6c8c49d505cc4fcca99542e99f557fae,2018-05-31 23:04:46,2566ffa7a57141909a5618885cb43553,organic_search
8f402d208b104a18ba3f0e0d3c9ab70b,2017-12-17 11:31:47,7e92b46dac574b1b9786c529162a68c6,paid_search
4abc4dc33acd41b0a4277a660e0422dd,2017-07-25 03:19:55,e73bb83cf417427888827b7bd8835d0c,direct_traffic
7e1a79aac6b1499cb162f2b06aa5d6d7,2017-11-05 16:11:32,7e92b46dac574b1b9786c529162a68c6,direct_traffic
c799747d20c141ff82d873eca2891b0c,2017-10-17 03:43:19,2566ffa7a57141909a5618885cb43553,organic_search
684e5e8903694a44b0249e5bf67e92c5,2017-07-15 06:49:21,7b5e3159006745bdbee47199b5293638,email
2fd48685145546319848021c33b83130,2018-01-16 20:16:45,c005e1915b5a420dba2530a0e055f0e1,organic_search
b711e774af6a45d38d72a53fbe14d0c0,2018-02-18 14:51:23,dc97f501f52d4c12817bfe088b55a525,organic_search
8fe1ba28af19481c92dccebdb9a0007b,2017-06-14 03:15:46,7e92b46dac574b1b9786c529162a68c6,social
6ac021012fd44b0cbd9364e3001c36c7,2018-03-11 03:23:18,fd67c44c56284345a9d416ecc4e70697,social
d871470998ef4f40a1bd62c35c301f36,2018-04-03 11:48:43,54dadc715073494a9f52e4f263e34d4e,social
20c9fef6057647a79a93f9d6fcbbee03,2017-12-15 00:26:57,0c738336dbd04e959c993ff02dbf5e0f,organic_search
a5caad215cef4a29b519ee94ed58c05f,2017-12-29 14:07:09,d650cf637d2e4393939ab7a1b5bd56fb,referral
932c4f975f4c44d19b4c93fed0ca0f87,2017-07-14 20:22:19,5c9fede2c59f461bab56ff6d802fa6a1,organic_search
0481ae5687c84f9d951c8526c74ae00d,2017-10-03 20:49:27,30603de19a0f45f98e07cc24bb54cd32,organic_search
bd27876d56d54a46b6698f540dcf58cd,2017-08-26 13:51:43,32f776c66b854bc08925bb990a3b5ea3,referral
9a013527a6934593a18765f28908bc7d,2017-08-11 09:47:27,0c738336dbd04e959c993ff02dbf5e0f,display
93754b05ab68488cb43e45e363f09b70,2017-10-16 17:57:14,2566ffa7a57141909a5618885cb43553,referral
62a133077f4344f78256346568d6ba48,2017-07-03 06:05:16,7b5e3159006745bdbee47199b5293638,email
ee7238a3850f4e0590cd56e6473e516f,2017-10-20 15:19:54,0c738336dbd04e959c993ff02dbf5e0f,direct_traffic
7b4d61bd11164502bfef2c09c3993dfd,2018-02-03 02:48:02,7e92b46dac574b1b9786c529162a68c6,social
96589ace360a419e82740550b12ab035,2017-10-07 08:58:41,22d5f074d6fd43b2b796684fe6998629,organic_search
8dab5229878440b18219371c1daca785,2018-04-17 18:03:05,fd67c44c56284345a9d416ecc4e70697,paid_search
5af85f27454d4dc68590e6405e20a97b,2018-04-12 07:07:10,b3ebd0b9fc81475f87eaafca8d37f073,paid_search
2f92a5ce51754618bc7141555d06feab,2017-07-25 04:55:58,0c738336dbd04e959c993ff02dbf5e0f,organic_search
3a4b84bcaa4844b786d447bab4500fd4,2017-06-04 14:24:24,42aab95b911f48e28fc6e5aff6d61bab,direct_traffic
9430954f18ee4401a52bc011d2a1ad7e,2018-04-14 13:49:52,280fc02b8ead46d897a70c9fa8a76c35,paid_search
d2e1dac68d3849ffaf7115eea68fb256,2017-11-16 16:01:40,42aab95b911f48e28fc6e5aff6d61bab,organic_search
763e30b00113415eb8e5d966c2271385,2018-01-07 23:42:12,fd67c44c56284345a9d416ecc4e70697,organic_search
63acd8263d764cdbb6d49d259f43bf11,2017-08-09 10:56:18,42aab95b911f48e28fc6e5aff6d61bab,direct_traffic
fffc968a44294c09b32844f6911ab991,2018-04-05 07:18:46,6eb360925f334493a6951325d8182624,organic_search
45418a768edd4186bfbbf48cd06a45ea,2017-11-08 06:28:03,ff05ce68802a4f1796f1c6ff9508133e,referral
daa5267c98c04bde8fc2b49609f519a3,2017-11-11 10:36:40,22d5f074d6fd43b2b796684fe6998629,paid_search
c19b773a335b474ebf20288d3af244d0,2018-05-22 23:02:35,6eb360925f334493a6951325d8182624,paid_search
9ce265caee4d416eae4ab3fc742d25a0,2018-03-22 08:49:35,42aab95b911f48e28fc6e5aff6d61bab,social
b700782885af426f822dd9472359ad6a,2017-12-10 10:12:19,bd7014dfab0643b08af9d59f9064c67f,email
3b3fd857fd214c69a3b55ff90c043574,2017-12-19 13:17:23,dc97f501f52d4c12817bfe088b55a525,paid_search
979c78cd59a44ed199154469053cb162,2018-03-16 07:16:28,702afe38d2d2425a9b41828bf926fbf5,direct_traffic
7b9aa18099444924ad5fe9c9a05c48c3,2018-03-07 06:33:03,57b30bb0fe284da5b57510a8823d88a2,social
80898c4dacf3487b98f98c4dc7105e63,2018-03-09 00:58:47,22d5f074d6fd43b2b796684fe6998629,organic_search
7049b1eed66d4440924f00243acd8203,2018-01-23 07:37:59,b3ebd0b9fc81475f87eaafca8d37f073,referral
867f9afba70b4029989802be1c501b50,2017-10-28 02:31:04,bd7014dfab0643b08af9d59f9064c67f,email
cf423206956f46e084801449d44ff681,2017-12-27 18:10:44,2566ffa7a57141909a5618885cb43553,direct_traffic
b51d7d927ff646599c35eca06ae459b6,2018-04-21 11:01:32,9949586af6134c339c1809ad3ec0df66,referral
f900aa1851a74e0da9323df7d1ce0818,2017-10-08 23:58:52,2566ffa7a57141909a5618885cb43553,referral
198dd1742788486baf6d025ce27cef5e,2018-01-03 13:43:32,24f5fbd22d624e12b58faeb2f2742ebb,direct_traffic
b63168737ede4f12a2d27b5f4ce7ea0a,2018-01-16 21:46:12,6eb360925f334493a6951325d8182624,email
46e38f4e27194e5787a1d0e059e6c9fd,2018-03-26 14:35:34,c005e1915b5a420dba2530a0e055f0e1,direct_traffic
cdc170b5d80a42d9abf17f87d3bd0d58,2018-02-15 15:13:47,c005e1915b5a420dba2530a0e055f0e1,direct_traffic
f615540356af4615a8caf2db75371827,2017-06-19 13:05:24,f7f91884fcc441c3a73051d4c1896af9,social
b313a42c29204ae5b333b395f7b56e5e,2018-03-02 21:37:13,d4a547d9c0264e5e821f2ce922348c3d,direct_traffic
4c7e37fb2e97454792841737c1b77e6b,2017-07-14 03:58:55,d650cf637d2e4393939ab7a1b5bd56fb,organic_search
a28c0811ee0d49e79f8dddf01ec45de3,2017-10-06 23:56:33,57b30bb0fe284da5b57510a8823d88a2,referral
49f28a55f4784dd4947f98db827e282a,2017-11-29 06:03:22,d4a547d9c0264e5e821f2ce922348c3d,referral
fa2a83e16e7d450ea977080b4dfb8464,2018-04-10 01:36:46,702afe38d2d2425a9b41828bf926fbf5,organic_search
759526445336440db2780fcab5d80317,2018-04-27 23:32:49,ff05ce68802a4f1796f1c6ff9508133e,email
c0853ac3c3d04e55a5e4dfe8c835c84d,2017-11-17 15:40:20,dc97f501f52d4c12817bfe088b55a525,organic_search
f0217c65c6094e35b8af5497b28016a5,2017-06-06 03:35:24,b5aed19b7ce942ceb1082d725df90ba9,paid_search
bb88f8cd346343e9bf087403cfd2d33b,2017-09-22 18:35:35,22d5f074d6fd43b2b796684fe6998629,direct_traffic
64053347632f4f33945b9b9a15fab15a,2018-02-21 20:18:57,702afe38d2d2425a9b41828bf926fbf5,organic_search
ab575ec9f91e41e79d5f9ff1c080beea,2018-05-19 20:56:37,9949586af6134c339c1809ad3ec0df66,email
61621f3df2cb43ee9c379614a1bca649,2018-01-15 13:37:16,ff05ce68802a4f1796f1c6ff9508133e,email
c0527a9b6ee74bcaa89cbbb4a80d29c7,2018-01-24 21:25:47,f7f91884fcc441c3a73051d4c1896af9,social
b6e8a6114f564fa9ba611d2a1f6aeef9,2018-02-12 05:29:18,7e92b46dac574b1b9786c529162a68c6,organic_search
07ddfc520a66465c856a293371b52522,2017-06-13 17:34:37,dc97f501f52d4c12817bfe088b55a525,paid_search
6dd37b8b0502411da80487962ddcf159,2017-10-30 15:08:42,c2366a33c94543b4a5c36a8911cb5ebe,social
e101c23938284eaa90f05aa050838900,2017-07-14 04:13:33,bd7014dfab0643b08af9d59f9064c67f,
45f000c9f90e4cf8b853b866a2150c27,2017-08-12 12:40:56,0c738336dbd04e959c993ff02dbf5e0f,social
3913176439d2493f93dc0a5d60d92930,2017-11-23 16:34:41,280fc02b8ead46d897a70c9fa8a76c35,organic_search
b7448f7165c04cae882983409cba2ee8,2017-09-14 18:58:23,6eb360925f334493a6951325d8182624,social
47e4e73ec2c94d6aaa8cfc5a26da04b8,2017-11-26 17:20:11,dc97f501f52d4c12817bfe088b55a525,social
a7cec96706a145199295e3898c6f36fc,2018-01-11 16:28:23,42aab95b911f48e28fc6e5aff6d61bab,email
67fa40fb52cd40d0ba2f9ad70c4c16ae,2017-07-05 10:55:56,eabde2c6e9064911b23d789ff68f2bbb,organic_search
db009a4a9fbf48e2ab9f7bd498f889f8,2018-05-30 04:11:24,e73bb83cf417427888827b7bd8835d0c,direct_traffic
8b4c3b18ad2d4ee6957c00f308932ab9,2017-11-23 23:35:30,dc97f501f52d4c12817bfe088b55a525,social
7e141cbecfdc4fdaa098e24a1284b96a,2018-05-13 05:59:02,c2366a33c94543b4a5c36a8911cb5ebe,display
a5f7523f5b1e41f2b28b49c6c7e1f263,2017-10-03 18:47:12,32f776c66b854bc08925bb990a3b5ea3,paid_search
eec79617eb354982b2bbabd986546984,2018-03-10 05:49:49,42aab95b911f48e28fc6e5aff6d61bab,social
15c8ebfc692e4107af74d3973b050a10,2018-03-14 15:31:25,b3ebd0b9fc81475f87eaafca8d37f073,organic_social
9e47e2175146451985366d275e117ce2,2017-09-27 14:44:50,d4a547d9c0264e5e821f2ce922348c3d,organic_search
0d5f087422134ab3a3339cb4c5c67f4a,2017-09-03 06:47:10,d4a547d9c0264e5e821f2ce922348c3d,organic_social
2bdd3ae31b4b4806a11ce3fa16ac4bdb,2018-05-03 15:44:00,ff05ce68802a4f1796f1c6ff9508133e,direct_traffic
6f9b095e4a8a40399f7d8be1737598e7,2017-06-15 22:21:32,5c9fede2c59f461bab56ff6d802fa6a1,organic_search
04732da85fc7496282fb6db4bbea8921,2017-09-10 16:22:06,702afe38d2d2425a9b41828bf926fbf5,paid_search
9e517befb1944ce4b937cd0635587e2d,2018-01-06 14:09:25,e73bb83cf417427888827b7bd8835d0c,direct_traffic
a14c5cfb941d4ac9ba328d76f03fee0f,2018-05-27 07:49:13,54ac0583af594362879a48b3c36bac75,organic_search
4164f482f2584fee92e2fab409c2c541,2017-10-21 02:16:40,702afe38d2d2425a9b41828bf926fbf5,social
86cdeb33ddcf459ba009814923503551,2017-07-23 19:32:51,32f776c66b854bc08925bb990a3b5ea3,paid_search
b335f048ee764040a85b8c1dd0589501,2017-12-05 11:52:07,54ac0583af594362879a48b3c36bac75,social
6236eb3b48514c3385d18f5507d1df24,2018-01-21 04:08:56,b5aed19b7ce942ceb1082d725df90ba9,organic_search
637205f6ffe2464dbdefb0cb1e36b054,2018-05-10 17:49:17,30603de19a0f45f98e07cc24bb54cd32,referral
07075657f09a440cac61b4e8ec482f14,2018-04-24 11:24:38,fd67c44c56284345a9d416ecc4e70697,other
d261aff80fff4043bb2b8f5c17fc2cf3,2017-12-16 22:15:25,ff05ce68802a4f1796f1c6ff9508133e,display
ea1cfada514c4c4e807e1bd16ff377d3,2018-03-28 04:09:32,7e92b46dac574b1b9786c529162a68c6,direct_traffic
bc1d58fd59ef439ab364d30beed6d03e,2017-11-28 16:40:12,fd67c44c56284345a9d416ecc4e70697,organic_search
fa1d7d19930a408a8c79e954ecf3eb67,2017-08-28 10:49:46,c2366a33c94543b4a5c36a8911cb5ebe,direct_traffic
f81e98eb7c4441c6ad5f7c1b348f4599,2018-04-11 21:29:14,24f5fbd22d624e12b58faeb2f2742ebb,organic_search
281f5019a9344bcfb73b1650a55c0173,2018-05-11 04:52:36,42aab95b911f48e28fc6e5aff6d61bab,organic_search
db80eb8aa2ba446b89819a0124c037e6,2017-07-31 08:41:10,0c738336dbd04e959c993ff02dbf5e0f,paid_search
61847b5b6db74ca5bbca882e41dcbe8a,2017-07-30 06:39:52,7e92b46dac574b1b9786c529162a68c6,paid_search
c784f4ee4ccd4c6b9feecd5fecd2eee7,2018-05-22 05:08:48,30603de19a0f45f98e07cc24bb54cd32,email
858104ad09ad4a16968cebfd7b189823,2017-12-16 15:13:39,fd67c44c56284345a9d416ecc4e70697,direct_traffic
838f4649bc044d47b0a54b6d7b7ba31b,2017-08-10 20:55:40,ff05ce68802a4f1796f1c6ff9508133e,paid_search
dc583545f3da46a8bb158e2575e51729,2018-01-03 06:45:47,6eb360925f334493a6951325d8182624,organic_search
89088dd9eb5c4a87b48cdd4dc2a66e30,2018-04-22 19:33:55,f7f91884fcc441c3a73051d4c1896af9,
350445a17d2f44dea7669ad12e5789e4,2018-04-27 06:18:26,c005e1915b5a420dba2530a0e055f0e1,paid_search
ac23e8b544a14c2193cb5e6672057347,2017-08-25 17:49:38,0c738336dbd04e959c993ff02dbf5e0f,paid_search
056073307881495a85453ff0c9e6740d,2017-08-11 06:48:43,42aab95b911f48e28fc6e5aff6d61bab,organic_search
d304480cedac4a52992ff811f2523e32,2018-01-17 22:33:07,eabde2c6e9064911b23d789ff68f2bbb,email
1a5b83cd7a404b4fb7a65f7af794e696,2017-12-01 00:20:56,6eb360925f334493a6951325d8182624,direct_traffic
b3b7999a95794f12a33b962fd6159790,2017-08-09 07:06:15,bd7014dfab0643b08af9d59f9064c67f,organic_search
f789fd5852514c7b8aa1303a7c60ae29,2017-12-14 20:26:47,30603de19a0f45f98e07cc24bb54cd32,organic_search
87d8a87890384df884b4c12aaa47856b,2018-05-01 18:01:16,7b5e3159006745bdbee47199b5293638,direct_traffic
d5ecbada75644bd7bcc7a97855123af7,2018-05-17 17:54:11,7b5e3159006745bdbee47199b5293638,direct_traffic
3ef17b3040bf40d290f762554ac372f2,2018-05-30 16:09:36,6eb360925f334493a6951325d8182624,organic_search
c1ef5486ec954305acae403940bc1aa6,2017-08-25 03:00:35,702afe38d2d2425a9b41828bf926fbf5,display
2ee8d6d2d146405e8ffc248746683eb6,2017-06-16 08:01:45,0c738336dbd04e959c993ff02dbf5e0f,organic_search
66593780d89c4b8092ea64e523be6c09,2017-06-17 10:00:25,9949586af6134c339c1809ad3ec0df66,paid_search
6a7252edb16f42ada1b8333b517d018c,2018-03-03 10:30:36,32f776c66b854bc08925bb990a3b5ea3,display
d6122f3abdf44c8db2fcf5943c8d7b9d,2018-01-21 20:35:40,22d5f074d6fd43b2b796684fe6998629,paid_search
a6e74c3b61754a79adfcfa676f6792cd,2018-02-09 20:00:53,30603de19a0f45f98e07cc24bb54cd32,social
8113e4fb393d4bd39284cbcdab603f25,2017-07-28 20:51:06,dc97f501f52d4c12817bfe088b55a525,paid_search
5c28060601b1462ab785ec74b42b4f17,2017-10-16 19:46:26,bd7014dfab0643b08af9d59f9064c67f,organic_search
2b02fb11dc034c4c8947ee9219291fce,2017-12-05 19:44:06,bd7014dfab0643b08af9d59f9064c67f,
b6b87872f7b344798a68840a94fdadad,2017-06-22 16:04:10,c005e1915b5a420dba2530a0e055f0e1,paid_search
53d32631e8d040f28ac1e463670c28de,2017-09-20 15:28:45,dc97f501f52d4c12817bfe088b55a525,referral
40ae35b72c884450b76ca8f4cb8f5e9f,2018-05-01 09:00:44,0c738336dbd04e959c993ff02dbf5e0f,organic_search
72b150961e48443ba9a7067f0c296886,2017-06-17 16:22:27,b5aed19b7ce942ceb1082d725df90ba9,organic_search
d4c6a9d5ac3a4e31bbe81cf23d127d5c,2017-11-26 03:10:01,b3ebd0b9fc81475f87eaafca8d37f073,organic_search
fe8a0af3bbe24a7c83a93c0c53c377ae,2017-07-31 08:37:36,54ac0583af594362879a48b3c36bac75,direct_traffic
a208709bc1ba4201a925ae0158594ae7,2018-03-29 12:45:57,54dadc715073494a9f52e4f263e34d4e,paid_search
a243ce4fb24e4d02bbd40454fe90dd68,2018-05-30 22:13:08,d4a547d9c0264e5e821f2ce922348c3d,referral
211243e816524c35acd000553e3f6a52,2018-01-06 06:02:35,fd67c44c56284345a9d416ecc4e70697,paid_search
cb57ceafa3ca46fe815b0d30925c9c0a,2017-08-11 07:31:22,bd7014dfab0643b08af9d59f9064c67f,display
6e2da0e72a7047f5a191f56328c9e2ca,2017-09-14 02:09:40,702afe38d2d2425a9b41828bf926fbf5,organic_search
dffd124eb09d47ad8960a231fbca3d4a,2017-11-27 19:22:47,b5aed19b7ce942ceb1082d725df90ba9,referral
cfa83b0f9a3b49b79d537463c8ec39fa,2018-04-02 19:36:57,32f776c66b854bc08925bb990a3b5ea3,email
1529066887b74546b35016b2d6a160c9,2017-11-13 10:39:16,0c738336dbd04e959c993ff02dbf5e0f,email
62f14af82db34f37a5c1233966162039,2018-03-21 09:44:01,54dadc715073494a9f52e4f263e34d4e,email
d9e2f1d272ab4bf184ae89699456a835,2018-02-19 03:28:01,2566ffa7a57141909a5618885cb43553,direct_traffic
635fa4483d9b472f895fe3dcbdc20e27,2017-12-28 02:09:30,b5aed19b7ce942ceb1082d725df90ba9,social
570a8f706f834eacba7d742ce25f916d,2018-05-02 04:37:11,f7f91884fcc441c3a73051d4c1896af9,organic_search
2e2940ae7e49497389c49e07ac46acb5,2017-08-07 09:05:25,2566ffa7a57141909a5618885cb43553,organic_search
69f16b20f02045f496eba1b2dbfca84d,2018-05-31 11:43:37,bd7014dfab0643b08af9d59f9064c67f,organic_social
47546c9881114d6c96d37f1a4d617c12,2017-10-05 14:17:52,6eb360925f334493a6951325d8182624,social
c4621b3819ec48f59f106eba7cb323a6,2017-08-12 21:01:24,d4a547d9c0264e5e821f2ce922348c3d,email
96e197a4af1e489b9320c26afbda6960,2017-10-16 22:51:28,7b5e3159006745bdbee47199b5293638,paid_search
b53e5abf98474a5fad02530299caba16,2017-12-10 16:27:23,24f5fbd22d624e12b58faeb2f2742ebb,organic_search
d6a67509af0d465487387528a291d1c2,2018-04-21 03:23:22,ff05ce68802a4f1796f1c6ff9508133e,organic_search
638346702ee948bd9a4fbae9d260ca65,2018-02-19 10:07:47,f7f91884fcc441c3a73051d4c1896af9,direct_traffic
5e87ffd978764b919e8d151bf8ddbe52,2017-12-06 16:33:17,6eb360925f334493a6951325d8182624,paid_search
98ac5acbc5cb45b19efb20d35f57f981,2017-11-15 21:11:18,e73bb83cf417427888827b7bd8835d0c,organic_search
dbec6245b39e41278147060bb995d65d,2017-07-18 16:41:29,d4a547d9c0264e5e821f2ce922348c3d,paid_search
7681f5089b6d429b85020624e3657b4b,2018-05-07 13:02:32,54dadc715073494a9f52e4f263e34d4e,organic_search
4949195b98ff4b7db8cd00faa666c004,2017-07-03 19:27:28,ff05ce68802a4f1796f1c6ff9508133e,social
8a580f65d4c94cbd93cc6a1e998a5bbf,2017-09-20 15:38:34,bd7014dfab0643b08af9d59f9064c67f,organic_search
8e3fdc6e9b2e43d78c1d5d8f5088f787,2017-09-17 18:00:43,b5aed19b7ce942ceb1082d725df90ba9,email
72e5c663cb9b4567a5753e6952bdac1c,2017-11-13 10:19:31,42aab95b911f48e28fc6e5aff6d61bab,paid_search
fe9d911c9aa34562b4bb8b49ddff3331,2018-03-08 21:02:30,2566ffa7a57141909a5618885cb43553,paid_search
dba3cfb2af2c43d88fdc024acb061069,2018-03-17 17:40:14,280fc02b8ead46d897a70c9fa8a76c35,organic_search
fbfd38db7b064e178bfa8ca0ae587241,2017-11-23 01:45:45,eabde2c6e9064911b23d789ff68f2bbb,organic_search
33f97eef578646b48602ee412c93445a,2017-07-21 22:47:54,280fc02b8ead46d897a70c9fa8a76c35,paid_search
a2441df2eb404e2cbe1b7171f1fb0a6e,2018-01-22 00:35:34,dc97f501f52d4c12817bfe088b55a525,paid_search
520e576ea1dc4d82ac0c02a57e567e02,2017-08-20 16:04:00,b3ebd0b9fc81475f87eaafca8d37f073,social
bb02a6bc00f54459b487daabd3f7ede2,2017-06-01 15:34:32,54ac0583af594362879a48b3c36bac75,paid_search
07c7a492cdf84cfd9fb45d40e7ac724d,2018-05-19 04:48:10,5c9fede2c59f461bab56ff6d802fa6a1,direct_traffic
eca5b50832ca4813a387ac5c6e947f3c,2018-04-29 10:59:26,32f776c66b854bc08925bb990a3b5ea3,referral
2143e96ca1e5416fb239d277de352e40,2017-10-19 03:23:54,d4a547d9c0264e5e821f2ce922348c3d,email
93f79f073db14e9583e17b61b109883e,2017-12-02 09:06:59,24f5fbd22d624e12b58faeb2f2742ebb,organic_search
e3ef0ecbfa534327bf45bd376ba6a290,2017-12-08 23:37:34,32f776c66b854bc08925bb990a3b5ea3,paid_search
85a01218ff194b8ea9c3a63a894f034c,2017-06-27 14:25:49,d4a547d9c0264e5e821f2ce922348c3d,organic_search
a1d4d9a0ed944c6aa9a84502a28c60d6,2017-11-04 08:31:29,7b5e3159006745bdbee47199b5293638,organic_search
cca1041731ca48ba9660cb7863d09713,2018-05-02 03:19:13,f7f91884fcc441c3a73051d4c1896af9,
36e520c3327d467c8fe81712eb18950b,2017-07-19 00:02:22,54ac0583af594362879a48b3c36bac75,organic_search
c73e0e3defda4a56bc3759ed2057d8e0,2018-01-31 02:50:15,2566ffa7a57141909a5618885cb43553,paid_search
a92fa26bb77249e2b14631d3558b5c74,2018-03-31 08:14:07,30603de19a0f45f98e07cc24bb54cd32,social
50d8d816620e4fca93edb78ba543a07b,2018-05-15 16:12:15,e73bb83cf417427888827b7bd8835d0c,direct_traffic
2a27f7076f3b43d3ac8dd8fb3002d176,2017-06-05 12:30:32,bd7014dfab0643b08af9d59f9064c67f,social
b73f8a80b99143ac813e307b95341743,2017-08-01 15:22:33,f7f91884fcc441c3a73051d4c1896af9,organic_search
ffe4b190d9bb4ccaa2375b3332a0d228,2017-08-07 17:23:33,24f5fbd22d624e12b58faeb2f2742ebb,paid_search
41e34b5c26224708a05d00ea378b116d,2017-09-26 13:56:49,24f5fbd22d624e12b58faeb2f2742ebb,social
ab63c86abfa84948b95665dd80f725be,2017-07-23 03:45:26,42aab95b911f48e28fc6e5aff6d61bab,organic_search
f987889b4aed46c9aaf8df43a2847a25,2017-12-06 10:53:43,2566ffa7a57141909a5618885cb43553,paid_search
1cb599d02fee412095780a443e68d968,2017-12-13 04:50:51,d4a547d9c0264e5e821f2ce922348c3d,organic_search
6d413254760f4a02ad0ae4633f8eb8a0,2018-05-13 05:12:04,24f5fbd22d624e12b58faeb2f2742ebb,organic_search
411acdccb64c443aa120e3bf1eb8427c,2018-02-27 20:30:31,e73bb83cf417427888827b7bd8835d0c,paid_search
604a3660dc0b4da1a0d967e3db00502e,2018-04-09 23:39:59,32f776c66b854bc08925bb990a3b5ea3,organic_search
beeb8c918deb4495b15a54aff2fc1e97,2018-01-12 12:47:10,22d5f074d6fd43b2b796684fe6998629,social
5bd5b3324f344ff1bd3fc5a968060c27,2017-09-18 22:52:03,22d5f074d6fd43b2b796684fe6998629,direct_traffic
a863bd2ec3ca4381afef4f4a1979e76e,2017-08-17 14:59:23,fd67c44c56284345a9d416ecc4e70697,email
5f33b9e07ddb42549e7ba0cb20b39472,2018-05-18 16:06:24,54dadc715073494a9f52e4f263e34d4e,organic_search
3a37448251ed410e98e24555268f6484,2017-09-20 03:09:22,5c9fede2c59f461bab56ff6d802fa6a1,organic_search
9e78fd1b22ff42489519aa9f16f17469,2017-07-22 05:05:51,d650cf637d2e4393939ab7a1b5bd56fb,organic_search
c4415db8816b441bba20bb1c8e535210,2017-08-03 21:27:56,22d5f074d6fd43b2b796684fe6998629,social
407764e8864943e99088ea76b82e4c6f,2017-12-14 12:47:56,7b5e3159006745bdbee47199b5293638,direct_traffic
466db2c565fc4950858dabd1a88bd815,2017-11-09 05:05:27,9949586af6134c339c1809ad3ec0df66,organic_search
c258cd208a9845f0bf9cc68b9495e673,2017-10-20 23:28:11,24f5fbd22d624e12b58faeb2f2742ebb,organic_social
0793cee58a734a619d13323b1ee5585f,2017-10-06 20:08:54,fd67c44c56284345a9d416ecc4e70697,organic_search
340a30643a3146188504e66da8f85c18,2018-04-04 22:07:18,0c738336dbd04e959c993ff02dbf5e0f,social
f87d1f23e51e422c95ad6626b95aa4c4,2018-05-20 00:58:35,54dadc715073494a9f52e4f263e34d4e,direct_traffic
6478d05e08bc4bb0932fc2824ee77f80,2018-05-04 10:58:57,54ac0583af594362879a48b3c36bac75,referral
b09d79ed6aea4fbdab54940b0cf7732f,2018-02-21 22:05:51,30603de19a0f45f98e07cc24bb54cd32,direct_traffic
9336dcd3a92c4920a9cf3a3ecce636ab,2017-09-05 14:15:47,0c738336dbd04e959c993ff02dbf5e0f,email
32b4f164726c4ca4b737e1195303cc0b,2018-04-27 01:59:12,280fc02b8ead46d897a70c9fa8a76c35,paid_search
7aa8a2c80da246348808491c6db03c3d,2017-10-01 18:01:05,ff05ce68802a4f1796f1c6ff9508133e,email
0d40513b10664df782a3309b3d0e709e,2017-07-28 08:46:39,6eb360925f334493a6951325d8182624,organic_search
c07c2ceb823a40dc84298e6e148a5164,2018-04-23 21:37:27,24f5fbd22d624e12b58faeb2f2742ebb,referral
00f6061a7e1a4f74bcbf6267f1c439a8,2018-02-26 00:26:21,7e92b46dac574b1b9786c529162a68c6,social
9a637807469149bdb9eb378fe1f3d9f5,2017-11-10 04:48:19,ff05ce68802a4f1796f1c6ff9508133e,email
13595557346d4fe99b85623e6a822260,2018-03-19 15:19:23,7e92b46dac574b1b9786c529162a68c6,paid_search
49508feef61149c7b80e5cbea664f991,2018-03-07 06:17:25,d650cf637d2e4393939ab7a1b5bd56fb,social
07f44f77b5e04805a9ccae9420f31720,2018-01-28 02:39:27,e73bb83cf417427888827b7bd8835d0c,social
50ee706c512842248b8a6c47b8a22e5c,2018-03-28 02:27:31,e73bb83cf417427888827b7bd8835d0c,direct_traffic
b74b4e298599415caa4165ca37ca28fb,2017-10-13 07:51:17,eabde2c6e9064911b23d789ff68f2bbb,organic_search
707027c579604e3dab372e9918fbd10d,2017-07-01 14:29:23,30603de19a0f45f98e07cc24bb54cd32,organic_search
706277ac860a4194ae7d276d5bb1b962,2017-10-25 22:53:08,f7f91884fcc441c3a73051d4c1896af9,organic_search
325d02734de4409c90b908981a926f15,2018-02-12 15:07:31,7b5e3159006745bdbee47199b5293638,organic_search
b598028c6feb495aa93f06767de7b3fd,2018-05-26 14:38:47,24f5fbd22d624e12b58faeb2f2742ebb,referral
09caf7a79f2f402789bde45d6c622490,2018-04-24 19:32:08,c005e1915b5a420dba2530a0e055f0e1,organic_search
27a9959b86144edc8e5d723c393c3dbb,2018-04-12 05:33:32,b5aed19b7ce942ceb1082d725df90ba9,other
289761bb1eca4dafa196b4fb0b801d64,2017-07-13 11:17:00,24f5fbd22d624e12b58faeb2f2742ebb,paid_search
28a2629c69c34416ab49474de1838f82,2018-02-17 07:23:53,280fc02b8ead46d897a70c9fa8a76c35,organic_search
67ab32211aab4f90af7308c8a24b992a,2017-08-19 19:31:45,42aab95b911f48e28fc6e5aff6d61bab,email
8e0db41b20024a4a84962956656c22fc,2017-12-18 21:21:05,d4a547d9c0264e5e821f2ce922348c3d,direct_traffic
34968686cac7401bb0e4699d85ad1e79,2018-04-29 23:24:59,24f5fbd22d624e12b58faeb2f2742ebb,paid_search
69d99c68800649148c4cd3aee685fb42,2017-11-06 15:55:42,22d5f074d6fd43b2b796684fe6998629,social
a71a358b835b4ddc8123bde87e0637e4,2017-10-01 02:06:29,9949586af6134c339c1809ad3ec0df66,direct_traffic
f8974cafa0b14f05bfee84fbd7c480de,2017-07-15 15:49:08,dc97f501f52d4c12817bfe088b55a525,organic_search
83937675088148c8bff083bb23a3503a,2018-01-19 22:17:34,fd67c44c56284345a9d416ecc4e70697,
dfc8406036ae4f72abc4fc0cb0132da7,2017-06-29 11:15:39,57b30bb0fe284da5b57510a8823d88a2,other
e16c7cf9c5f249f5a63646e645cc988c,2018-05-03 06:23:42,dc97f501f52d4c12817bfe088b55a525,direct_traffic
d0bffc5e1d6b4b1886bd39ed55d63dbc,2017-06-07 04:59:44,f7f91884fcc441c3a73051d4c1896af9,organic_search
1a4731ea8dcc40b4b746b22964c88f9b,2017-06-06 05:57:53,6eb360925f334493a6951325d8182624,direct_traffic
8244cb0dc80b447fa6e8feb84e390136,2017-11-25 19:02:31,30603de19a0f45f98e07cc24bb54cd32,organic_search
c57dd8b0c7134d2997fd212744cf83a2,2017-10-11 06:04:44,7e92b46dac574b1b9786c529162a68c6,organic_search
3c46467d5a684c6395d5e5c7bbcdd61a,2017-08-04 09:47:07,22d5f074d6fd43b2b796684fe6998629,organic_search
4997c8965a92467aafb9fc345f65e74a,2017-07-31 01:04:07,42aab95b911f48e28fc6e5aff6d61bab,paid_search
f99833adc6d748cfaaef023d43caf055,2018-01-06 09:54:09,30603de19a0f45f98e07cc24bb54cd32,referral
ac8cea7e1e0942fc961bbc67146ff3e5,2017-07-03 09:34:25,f7f91884fcc441c3a73051d4c1896af9,direct_traffic
2af14f51b319465daa160122615ac58c,2018-03-23 22:50:51,24f5fbd22d624e12b58faeb2f2742ebb,direct_traffic
101ec27dd4b845e08d95c89e45d8c3b9,2018-02-10 16:34:23,30603de19a0f45f98e07cc24bb54cd32,paid_search
8f15f1090a574ddb8604585ffff52d7b,2017-12-02 02:01:06,6eb360925f334493a6951325d8182624,paid_search
7cd9365c8675475a8494899a24fb357d,2018-03-18 06:04:33,7e92b46dac574b1b9786c529162a68c6,paid_search
6a82f90aa50e485f922238088a2ed55b,2017-08-20 09:17:18,d650cf637d2e4393939ab7a1b5bd56fb,
851e9ec45ad244309929fa2247762485,2017-07-23 20:53:43,57b30bb0fe284da5b57510a8823d88a2,organic_search
20c28293e11b40a2a915be845c4c60d2,2017-07-30 08:18:57,22d5f074d6fd43b2b796684fe6998629,referral
d9018cdf491f48d09ce277cbbaeb187d,2018-02-16 00:05:36,eabde2c6e9064911b23d789ff68f2bbb,social
d8344b6ac963476d9510f40ff06b82b0,2017-06-07 08:54:13,eabde2c6e9064911b23d789ff68f2bbb,paid_search
78ed20ea86614b7ab39b08bb35f521f3,2018-01-28 13:15:07,ff05ce68802a4f1796f1c6ff9508133e,direct_traffic
41a08f7b84664713bda428ec4de1ea91,2017-08-16 06:30:56,c2366a33c94543b4a5c36a8911cb5ebe,paid_search
5079ae3f8ffd4dc09cd1182771abb357,2017-06-19 20:07:45,280fc02b8ead46d897a70c9fa8a76c35,referral
e1cbe6b9764d41ce9a54f7447cafb767,2018-06-01 23:52:24,7b5e3159006745bdbee47199b5293638,organic_social
af0f4433e2e44662a3c0f97e8c3d3ec2,2017-09-23 11:42:59,9949586af6134c339c1809ad3ec0df66,paid_search
59be9ce125964737833fde85f63b10bd,2017-12-31 11:38:54,b5aed19b7ce942ceb1082d725df90ba9,organic_search
44c4c06f434c405e89f3da4405d8050b,2017-07-10 20:48:32,7e92b46dac574b1b9786c529162a68c6,social
ed21961dc98542029991a26428f5a058,2017-08-01 18:16:43,57b30bb0fe284da5b57510a8823d88a2,organic_social
1c083838ec774518b27d2bc7df99d060,2017-06-27 06:31:47,9949586af6134c339c1809ad3ec0df66,organic_search
8c5f05b4ff0d45feafc5fdc93b86370c,2018-02-20 01:40:19,ff05ce68802a4f1796f1c6ff9508133e,social
f534c3d5572047bbab39bf9f58b49271,2017-07-06 16:56:00,54dadc715073494a9f52e4f263e34d4e,social
f2c4ce5b5f4d43fab6af1aefdebf23dd,2017-10-23 11:18:43,42aab95b911f48e28fc6e5aff6d61bab,direct_traffic
3b01988fa6e440f086af561efe5ccc14,2017-07-15 20:08:14,b3ebd0b9fc81475f87eaafca8d37f073,organic_search
96a4e400e752407c85846bdab1b91ed6,2017-06-05 13:25:54,54ac0583af594362879a48b3c36bac75,direct_traffic
72d716b2e19748398084e60894cde023,2017-10-28 20:31:39,280fc02b8ead46d897a70c9fa8a76c35,organic_social
cf3b1757ae124d659a24c747697d534d,2017-11-03 22:40:20,9949586af6134c339c1809ad3ec0df66,organic_search
b197f1664b9d4618aa3d3522b541c3ee,2018-01-24 13:24:30,702afe38d2d2425a9b41828bf926fbf5,organic_search
b65042cb0d354e5d99dabc5f8b7f41b3,2018-02-08 07:06:54,22d5f074d6fd43b2b796684fe6998629,other
3e71297314f24ed6827a40015ee00728,2018-03-07 08:55:29,2566ffa7a57141909a5618885cb43553,organic_search
2f953cb87eee402a8a6048db570d239b,2017-06-04 14:55:44,e73bb83cf417427888827b7bd8835d0c,referral
9be30f48440f44ad8cf18cf17f379081,2017-09-28 19:43:01,7e92b46dac574b1b9786c529162a68c6,paid_search
272b0b2ef15547edb532ab5b5b1e5c43,2018-04-22 00:20:57,42aab95b911f48e28fc6e5aff6d61bab,organic_search
4d7bf9126fb742bba43d34d4304975c1,2017-06-01 23:55:54,ff05ce68802a4f1796f1c6ff9508133e,referral
5d9f289682454ab1ad80260aa10bab8c,2017-11-05 03:47:04,54ac0583af594362879a48b3c36bac75,paid_search
6aaa0bcf8b14401dab2126eff78dfa5c,2018-02-27 08:40:17,7b5e3159006745bdbee47199b5293638,social
d075d6a73e4744cd8fd86bad51209c24,2018-02-07 02:10:50,2566ffa7a57141909a5618885cb43553,paid_search
3394caa29f294e3596a81dc16458a387,2018-05-31 10:11:17,24f5fbd22d624e12b58faeb2f2742ebb,social
8f692bda095b417f9df2ca043bb4cc00,2017-06-23 08:25:39,5c9fede2c59f461bab56ff6d802fa6a1,organic_search
201695abc49d408b82eb320941e35306,2018-02-22 15:02:20,f7f91884fcc441c3a73051d4c1896af9,paid_search
d5430528bb7b46b5af60336fc60e7d9c,2017-12-08 16:41:31,22d5f074d6fd43b2b796684fe6998629,display
9213cb61755a4e64b824f4833cf78555,2017-07-14 21:08:42,dc97f501f52d4c12817bfe088b55a525,organic_search
842d71efa8b64a4995deb2ecf6408826,2018-02-14 04:51:39,d4a547d9c0264e5e821f2ce922348c3d,direct_traffic
ebc242e4d6c34d0aa35b7b2a2d1b38b8,2017-12-19 02:43:28,702afe38d2d2425a9b41828bf926fbf5,paid_search
365121fbfae545efb48a3a31c93ac62c,2018-03-18 02:16:03,7b5e3159006745bdbee47199b5293638,email
d74d7727a1f545799dfd8941d0985073,2018-05-06 04:45:32,9949586af6134c339c1809ad3ec0df66,organic_search
1fb3e4a1575845b0bd91d1284936474c,2017-10-28 09:30:08,54dadc715073494a9f52e4f263e34d4e,display
554ae287b5fe47c4b850848f95b0a845,2017-11-09 14:18:25,f7f91884fcc441c3a73051d4c1896af9,paid_search
ba383b8439ec479192982a290b6731cc,2017-11-15 11:34:48,b3ebd0b9fc81475f87eaafca8d37f073,organic_search
069fd00d7cfb4211af1ef50549957822,2017-10-18 08:30:19,24f5fbd22d624e12b58faeb2f2742ebb,organic_search
e2e8cab098544f05add7c0f9223207fa,2017-09-12 04:57:20,d650cf637d2e4393939ab7a1b5bd56fb,organic_search
0a4bababca444f6ca36063e8a823d430,2018-03-27 03:58:03,2566ffa7a57141909a5618885cb43553,social
362524184b254469aad69c7b4c040b9f,2017-07-25 05:59:04,b3ebd0b9fc81475f87eaafca8d37f073,paid_search
a62eb9d080914175ad95ab833888b266,2018-01-25 11:26:00,7b5e3159006745bdbee47199b5293638,email
23efa7153cdf4f90b307ec161ae692af,2017-08-01 19:30:44,7e92b46dac574b1b9786c529162a68c6,paid_search
71a419a445f4406786bae47bafb40c8d,2017-09-15 16:27:13,0c738336dbd04e959c993ff02dbf5e0f,organic_search
9d16c500f7564a429401bba0ca467b7f,2018-01-24 09:38:55,54dadc715073494a9f52e4f263e34d4e,social
7cbfb9b688a2456182c5a0e7c102d3ef,2017-08-01 03:17:31,32f776c66b854bc08925bb990a3b5ea3,direct_traffic
8240feee47c14c3590625d96edd5c851,2018-05-18 11:04:34,bd7014dfab0643b08af9d59f9064c67f,organic_search
a490bc510eff4c1cbbcd5baec58cfa21,2018-05-27 21:57:56,eabde2c6e9064911b23d789ff68f2bbb,organic_search
edf7dca0d9d4424a9e1d6cefd1e425e5,2017-09-19 11:56:04,2566ffa7a57141909a5618885cb43553,organic_search
1e61f9d6437740e6bc68421e8fc6987b,2017-07-17 09:02:14,7e92b46dac574b1b9786c529162a68c6,direct_traffic
5f64ddca93614286baf3856c4c1eaed3,2017-12-20 18:41:40,eabde2c6e9064911b23d789ff68f2bbb,direct_traffic
e484fb57179f4de99c2390444fbd3d19,2018-05-13 10:52:49,b5aed19b7ce942ceb1082d725df90ba9,paid_search
5b1b7c727f7249b49ff8cce52cd9e453,2017-08-29 01:07:53,ff05ce68802a4f1796f1c6ff9508133e,email
c1ed75fa72e944f7a19c4e00309b3679,2018-01-18 20:14:29,22d5f074d6fd43b2b796684fe6998629,email
f7d1108c8e1848a08a75c3785a4ee273,2018-03-09 09:05:48,dc97f501f52d4c12817bfe088b55a525,social
4d9624b5c6fb41e685fc1a4baa870d92,2018-01-23 03:42:37,280fc02b8ead46d897a70c9fa8a76c35,referral
965e3ade325e4e36be308dc1b3ce3b57,2017-08-11 04:25:19,e73bb83cf417427888827b7bd8835d0c,organic_search
e57f95a8299a4b0f9dc2dfdb799c6ad3,2017-07-02 08:05:35,2566ffa7a57141909a5618885cb43553,organic_search
b81135d5cd4d4a50a5ff216d2bde2de6,2017-09-10 14:35:05,7e92b46dac574b1b9786c529162a68c6,organic_search
cfc11fe3ec2b4202a31d19a4ec5bde02,2018-05-18 22:56:54,d4a547d9c0264e5e821f2ce922348c3d,organic_search
e0dd4d4fa2aa490ea051a223496d1fb4,2017-07-14 21:12:06,702afe38d2d2425a9b41828bf926fbf5,social
0f724dc5716b4bbcb8cc507a2b9752ae,2017-10-11 02:43:48,e73bb83cf417427888827b7bd8835d0c,organic_social
a262cdb1cb78493893a371c220b5798f,2017-07-04 07:11:59,5c9fede2c59f461bab56ff6d802fa6a1,organic_search
850509b035a249e0a3c764d86ef24311,2018-04-27 16:08:41,280fc02b8ead46d897a70c9fa8a76c35,organic_search
fb64f8b95b8f476eb1062240d5c61562,2017-08-05 03:20:55,5c9fede2c59f461bab56ff6d802fa6a1,paid_search
28feb9f019e044b3a226c0fac5653426,2017-11-17 04:27:39,eabde2c6e9064911b23d789ff68f2bbb,organic_social
c4bb9a9e059540469765dfd190a254e1,2018-01-23 01:50:37,32f776c66b854bc08925bb990a3b5ea3,paid_search
44a0c8fdb76049e5807cf05f78af1ea5,2018-03-21 15:46:14,bd7014dfab0643b08af9d59f9064c67f,social
73eff1e807b948b2896d44a9d20a3dc6,2017-12-20 18:03:48,e73bb83cf417427888827b7bd8835d0c,organic_search
594114f7e3084bf1a2ba07e0841be21a,2017-12-13 15:32:03,32f776c66b854bc08925bb990a3b5ea3,organic_search
14799ce9223f40daa615a3878150e226,2017-11-29 07:49:03,c2366a33c94543b4a5c36a8911cb5ebe,
9e5c522a864a4b0591acf3122d4617c5,2017-09-04 10:00:42,b5aed19b7ce942ceb1082d725df90ba9,display
ff01897d07404cf3a16dfd681232aad5,2018-01-15 05:24:41,eabde2c6e9064911b23d789ff68f2bbb,organic_search
e796765c9d2f43fdbe866520c68d2408,2018-04-11 22:32:36,fd67c44c56284345a9d416ecc4e70697,display
d3dbf362579347358cea406dd083f744,2017-10-04 23:34:00,0c738336dbd04e959c993ff02dbf5e0f,social
fc1505d4ceb74623a942140654236a9d,2018-02-11 15:00:00,5c9fede2c59f461bab56ff6d802fa6a1,referral
13a28f9f8274479aa9ca2d60a5978415,2018-03-09 17:26:27,eabde2c6e9064911b23d789ff68f2bbb,paid_search
f96a176148b24d219b022e7efda2c491,2017-07-15 10:11:10,ff05ce68802a4f1796f1c6ff9508133e,social
d3bf84a1c88b49f9b9b967c770ebb18f,2017-08-10 15:15:49,54ac0583af594362879a48b3c36bac75,paid_search
e427a66d07c649c1bccb0289ca65fb93,2018-04-26 19:08:39,9949586af6134c339c1809ad3ec0df66,direct_traffic
543af89bd292417c905e0a0ee7699da0,2018-04-19 19:47:38,280fc02b8ead46d897a70c9fa8a76c35,organic_search
01d50a827b09456c917df98008529358,2017-06-10 13:55:34,280fc02b8ead46d897a70c9fa8a76c35,organic_search
b5f734737f424910875a02755319e966,2018-06-01 13:04:29,6eb360925f334493a6951325d8182624,paid_search
20f4167ba6ce43c7ae143f2c3ae60278,2018-03-06 17:38:47,7e92b46dac574b1b9786c529162a68c6,direct_traffic
391ec6cc3fc14581a8881653eb7ac146,2018-03-17 18:17:29,42aab95b911f48e28fc6e5aff6d61bab,organic_search
276d766d0d9c45289a63c9d245c682fd,2017-12-16 09:50:46,32f776c66b854bc08925bb990a3b5ea3,direct_traffic
ea62a168d0aa4cba87b9db6c19c73167,2017-06-14 11:36:35,fd67c44c56284345a9d416ecc4e70697,display
386bfbe10b9e4f299212b4105ea816e9,2017-09-21 01:04:00,5c9fede2c59f461bab56ff6d802fa6a1,organic_search
c1a94ef824b94e988b8e9a08176f57ff,2017-10-22 02:07:59,280fc02b8ead46d897a70c9fa8a76c35,direct_traffic
a4dd3527ddad470ab7c9f7926991cacd,2018-01-28 19:16:33,7e92b46dac574b1b9786c529162a68c6,paid_search
5554da8023e043568077d546a2a46502,2018-03-27 08:28:28,32f776c66b854bc08925bb990a3b5ea3,referral
f07f5ab3cb7b4409b5916c987826b203,2017-07-22 09:01:27,57b30bb0fe284da5b57510a8823d88a2,organic_search
9a59360ce02843f2bbe972bfa59a52b9,2017-10-02 09:42:14,c005e1915b5a420dba2530a0e055f0e1,direct_traffic
28c35306020d470f8f42259c2df77a38,2017-06-29 07:59:18,702afe38d2d2425a9b41828bf926fbf5,email
2305e86c1012454ab780d7c5fb8f4399,2017-12-16 12:55:04,c2366a33c94543b4a5c36a8911cb5ebe,display
2f857909d269496ca73024bb3e43dd32,2017-08-28 06:24:41,9949586af6134c339c1809ad3ec0df66,direct_traffic
23485ed9684a4ceca3747b814a4f9afc,2018-03-31 11:34:41,280fc02b8ead46d897a70c9fa8a76c35,paid_search
511bd802f3fe42dca4fb394a3547d402,2018-05-24 13:03:46,c2366a33c94543b4a5c36a8911cb5ebe,social
31fe49c0b8b645d1994be08634724697,2018-03-30 01:01:37,f7f91884fcc441c3a73051d4c1896af9,referral
1f03727b1dcb4d08840243ab2b02617e,2018-05-25 12:48:15,702afe38d2d2425a9b41828bf926fbf5,social
680f1f1ec342485f99ade26c53e2f078,2018-03-16 05:10:25,702afe38d2d2425a9b41828bf926fbf5,organic_search
8823d8ab9f48458fb166d5523a1f96ad,2017-09-05 17:55:17,c005e1915b5a420dba2530a0e055f0e1,organic_social
f29a067d0f874a4ea04d9f3821ff4bf1,2017-11-06 06:23:30,6eb360925f334493a6951325d8182624,direct_traffic
80d0c5954b874164ae9ea689390c1329,2017-06-20 03:17:10,eabde2c6e9064911b23d789ff68f2bbb,direct_traffic
3173152398ad4dbd8276226e068c9b64,2017-09-28 21:54:21,9949586af6134c339c1809ad3ec0df66,organic_search
67742698ab3c444b9773aec85e3d53ae,2017-06-11 19:10:02,6eb360925f334493a6951325d8182624,direct_traffic
ea5068bf62b448ef846c74a6fb643aa8,2017-06-01 12:04:41,c2366a33c94543b4a5c36a8911cb5ebe,paid_search
a68a214bdd1c4c408ababa53a050c511,2018-04-11 07:20:06,280fc02b8ead46d897a70c9fa8a76c35,direct_traffic
36ce8a551ab642c8b974ad171ba4c7e9,2017-08-06 12:24:23,f7f91884fcc441c3a73051d4c1896af9,organic_search
e066d225de544275a7d71303a9578288,2017-08-30 11:46:53,eabde2c6e9064911b23d789ff68f2bbb,direct_traffic
53f3eb21199f429a9ce61ec04f10b405,2017-06-12 05:22:40,702afe38d2d2425a9b41828bf926fbf5,
2265af8a623f475fbdd09d8b2498e128,2018-05-27 05:09:26,d650cf637d2e4393939ab7a1b5bd56fb,organic_search
801b120679d745859a5e0aee1c500de0,2017-07-27 19:09:42,54dadc715073494a9f52e4f263e34d4e,other
b46b1316dc77459fbbf511fbdd11e884,2017-12-04 02:38:26,7e92b46dac574b1b9786c529162a68c6,paid_search
d80315deeace4b96b60c263fc2ac981f,2018-05-27 14:24:11,702afe38d2d2425a9b41828bf926fbf5,referral
2b080ea261954e95971ec0c9318fa459,2017-07-22 12:15:13,0c738336dbd04e959c993ff02dbf5e0f,email
31d7ff4e6f4a42a9b92a1f293badea2a,2017-11-13 04:58:04,32f776c66b854bc08925bb990a3b5ea3,social
62b90f6c350f4fde8f8a3dfcaf0f5579,2018-01-10 23:16:29,6eb360925f334493a6951325d8182624,direct_traffic
bc7d8d71b34b4e628fb05c6c229e98f4,2018-04-29 11:33:06,32f776c66b854bc08925bb990a3b5ea3,referral
0481b72bdabe4e4ca9e66b9838981c63,2018-05-29 20:27:39,f7f91884fcc441c3a73051d4c1896af9,paid_search
83dec7f4e07f41c799d3bf79352c629f,2018-04-11 12:59:29,9949586af6134c339c1809ad3ec0df66,paid_search
c31f98866c174985b803bb25ac730c45,2018-05-07 21:26:34,bd7014dfab0643b08af9d59f9064c67f,direct_traffic
3f7f1ebb82e542a7a8ada5e299cba9e5,2017-08-29 13:46:35,0c738336dbd04e959c993ff02dbf5e0f,email
b7e3800ce7014256a5d0da372f1f7f2d,2018-05-19 10:43:22,2566ffa7a57141909a5618885cb43553,direct_traffic
7b45fe47fe034b1aaf9280a6ff322cd8,2017-08-30 00:03:55,f7f91884fcc441c3a73051d4c1896af9,email
61d74f8a3e6a44d693b6ba4760619a01,2018-03-21 14:15:27,54dadc715073494a9f52e4f263e34d4e,paid_search
753793eefe50438ab937bf1da0e6b84b,2018-03-18 01:10:44,32f776c66b854bc08925bb990a3b5ea3,email
2cab61252ee54cee9394b95a9261a6e5,2018-04-05 11:35:09,c2366a33c94543b4a5c36a8911cb5ebe,organic_search
827453e783d24c3ea4ea3973fe677a7a,2018-04-10 08:02:33,d4a547d9c0264e5e821f2ce922348c3d,social
129dc7b5ea1f430288e2bc3d092a8cc2,2018-03-17 03:47:25,c2366a33c94543b4a5c36a8911cb5ebe,organic_search
9eb1ff3ef3224e2cac9cf606e543057c,2018-02-10 05:07:14,42aab95b911f48e28fc6e5aff6d61bab,paid_search
2a73d62e50e243e1a76f9be3cd5e45ed,2017-07-10 08:39:54,7e92b46dac574b1b9786c529162a68c6,paid_search
f7f5e35073384630aa2e610e700e5ffc,2017-11-11 06:06:45,d4a547d9c0264e5e821f2ce922348c3d,paid_search
6b136fac45f1445eaab4088055ceae4c,2017-07-16 23:16:08,22d5f074d6fd43b2b796684fe6998629,direct_traffic
2d8e1c71210743329fc756e0d7b2737d,2017-11-19 16:15:40,e73bb83cf417427888827b7bd8835d0c,paid_search
c475dc96a6b8432c8be2007f39e186a6,2017-10-14 07:38:03,9949586af6134c339c1809ad3ec0df66,paid_search
09b60ce665fa4b5b9cc3693c39d01774,2018-05-21 02:28:05,7e92b46dac574b1b9786c529162a68c6,organic_search
63a3f84f42ee4b0ea45eb8befbd15a6e,2017-10-10 03:56:00,22d5f074d6fd43b2b796684fe6998629,paid_search
b2cd9793019e4cabb00705302dacd672,2017-06-01 01:45:10,ff05ce68802a4f1796f1c6ff9508133e,organic_search
ed99516a7dee4d6bac04a40e9c1a7b0b,2018-01-11 15:16:44,32f776c66b854bc08925bb990a3b5ea3,organic_search
8edcb75827104c6e9ddc5018b1429f8c,2017-12-29 17:57:09,5c9fede2c59f461bab56ff6d802fa6a1,social
33a6e966383d46d19a866b26efba3d8f,2017-12-11 12:47:16,c005e1915b5a420dba2530a0e055f0e1,direct_traffic
742f7613bbd241a8a6a1ba1b43682694,2017-12-10 03:41:34,bd7014dfab0643b08af9d59f9064c67f,social
6324e42c78df476794f11cc230098d1b,2018-02-01 21:02:46,d4a547d9c0264e5e821f2ce922348c3d,paid_search
a4a246a20f8e4df4a176e18d5dd447ab,2018-05-18 08:12:47,32f776c66b854bc08925bb990a3b5ea3,paid_search
a1cb463080b642fa9dd9961919fc8145,2018-01-18 02:41:01,280fc02b8ead46d897a70c9fa8a76c35,referral
4e3f3a26d23e4aa5a3bb819678a5ed89,2017-06-18 10:44:14,e73bb83cf417427888827b7bd8835d0c,social
4c08cc3a1e3a46a5ad8344914f91a9fe,2017-11-11 09:30:26,dc97f501f52d4c12817bfe088b55a525,paid_search
25527620d0b14cc785b347871d11684c,2017-07-08 12:26:41,32f776c66b854bc08925bb990a3b5ea3,organic_search
701c3f96bec44ddcad302e09f348c779,2017-12-10 05:51:30,22d5f074d6fd43b2b796684fe6998629,paid_search
f682a1fad9834ea497ad826a46a5ed09,2017-07-09 19:55:02,5c9fede2c59f461bab56ff6d802fa6a1,paid_search
3a622fcef6e2446cb6405feac9a3dbfb,2017-07-18 12:18:15,fd67c44c56284345a9d416ecc4e70697,paid_search
8600fdace57347dfb843b927828706d3,2018-04-11 17:34:33,f7f91884fcc441c3a73051d4c1896af9,social
3f5b2f75b698451a8a1b7f5a99ff448d,2017-06-16 15:42:14,d4a547d9c0264e5e821f2ce922348c3d,social
4e53c1198abb447c9ece0abcf7fcfeee,2017-08-24 22:06:42,5c9fede2c59f461bab56ff6d802fa6a1,social
2859c31a42c142f9a3a45f2ede238da4,2018-01-09 05:43:11,eabde2c6e9064911b23d789ff68f2bbb,direct_traffic
296c235af4f244548495ba105c2ac017,2017-07-22 12:03:17,54ac0583af594362879a48b3c36bac75,email
3f762b1fcc874115899eb28aadf25c25,2017-09-06 14:54:05,f7f91884fcc441c3a73051d4c1896af9,direct_traffic
5821b91dc7914b3888a68fa55b2fb0bd,2018-03-11 19:39:55,b5aed19b7ce942ceb1082d725df90ba9,display
4082e98dc3144c98b4f1656a0cffd3f4,2018-05-05 10:14:59,0c738336dbd04e959c993ff02dbf5e0f,organic_search
95a50eb5f4a04babac9f810b17292caa,2017-09-30 03:29:31,eabde2c6e9064911b23d789ff68f2bbb,organic_search
527f817736594bc3b4b4a4245cb01730,2017-12-19 20:49:03,c005e1915b5a420dba2530a0e055f0e1,organic_search
0f7d5486f7e9479ea86ea1b235928d2b,2018-02-07 05:35:31,eabde2c6e9064911b23d789ff68f2bbb,social
e5a04bd1fca54400972db35c22270f63,2017-12-02 00:08:20,7b5e3159006745bdbee47199b5293638,referral
a74a231e835b498eb44d5976b300245a,2017-07-15 10:43:27,bd7014dfab0643b08af9d59f9064c67f,organic_search
b7c129d637a24a54afb417d0c1afc163,2018-05-05 22:45:31,fd67c44c56284345a9d416ecc4e70697,organic_social
00c86b2f2fe34e7d9ad8b8fc8be7c0bd,2018-02-01 07:16:11,dc97f501f52d4c12817bfe088b55a525,organic_search
4f078183762f4b83bde9f76fcd87c64d,2017-06-14 07:32:05,32f776c66b854bc08925bb990a3b5ea3,organic_social
b156adf03c7e4c0dad0ec5191452bd2c,2018-04-23 10:37:28,24f5fbd22d624e12b58faeb2f2742ebb,paid_search
d5f4be23654049acae3a8742c3bc54a9,2018-01-29 04:12:19,0c738336dbd04e959c993ff02dbf5e0f,organic_search
d30696e6ead2401dad86789bd4bf57aa,2017-12-21 17:08:47,6eb360925f334493a6951325d8182624,paid_search
e598f2c2bc534a86b8b18fee8557c5b4,2018-05-05 09:38:54,24f5fbd22d624e12b58faeb2f2742ebb,organic_search
4ee9e266fcbe41f3a795bf592a50995f,2018-04-25 19:48:39,ff05ce68802a4f1796f1c6ff9508133e,paid_search
00b22233c60f4165ab0cc6896c24a998,2017-09-03 13:30:30,5c9fede2c59f461bab56ff6d802fa6a1,paid_search
986030b7ff264228b086449a81f5aeb9,2017-12-13 13:26:58,32f776c66b854bc08925bb990a3b5ea3,email
6414a20962664a2fa253b19993080c72,2018-01-15 01:37:28,b5aed19b7ce942ceb1082d725df90ba9,social
6d5f3d69205b47618ee539db8182128c,2018-01-12 16:55:56,b5aed19b7ce942ceb1082d725df90ba9,paid_search
648dc2855f184dc09af158b7b54eefcc,2017-09-24 09:46:40,702afe38d2d2425a9b41828bf926fbf5,social
b57b1dfc12464916bbf0cdc55e8e93fc,2017-07-02 05:30:08,d650cf637d2e4393939ab7a1b5bd56fb,direct_traffic
27ef4e96f9ee4ccb913c75b8b4962491,2018-05-23 03:31:15,24f5fbd22d624e12b58faeb2f2742ebb,organic_search
5d5847ce068042878e3e0913309fbe3d,2018-05-09 12:31:01,280fc02b8ead46d897a70c9fa8a76c35,paid_search
b843e0bd7a7f4b12abd02c6d1488a527,2018-03-05 15:04:22,d650cf637d2e4393939ab7a1b5bd56fb,organic_search
a959ab881946481880bc4864abe7fcd2,2018-03-29 08:17:00,c005e1915b5a420dba2530a0e055f0e1,organic_search
f88ccd0966774263b5b4227ab6da0011,2017-07-02 14:05:38,bd7014dfab0643b08af9d59f9064c67f,direct_traffic
e5ec9ff45d5c4772957fa23491a7b39f,2018-02-23 15:14:30,c005e1915b5a420dba2530a0e055f0e1,organic_search
42b6f1b7f26e40d1869f0cb0e4d53e8d,2018-05-18 17:17:16,702afe38d2d2425a9b41828bf926fbf5,social
644a6bca6435479d8c9aa0930acc0960,2017-09-29 17:20:24,0c738336dbd04e959c993ff02dbf5e0f,direct_traffic
256b09df91814c31af2337a5211d2ba8,2017-07-11 14:22:27,5c9fede2c59f461bab56ff6d802fa6a1,organic_search
7932c291307d4e898b6ce94875a4fa17,2018-06-01 01:15:51,30603de19a0f45f98e07cc24bb54cd32,social
b95c38c8e87b4d18817c194b1b525e0f,2018-03-20 18:49:00,280fc02b8ead46d897a70c9fa8a76c35,organic_search
89712dcdd9cd4f21bca45919f02cd147,2018-03-20 22:35:00,2566ffa7a57141909a5618885cb43553,display
c147c0d2a80a46c29d9ada84359c1b17,2017-08-01 16:20:56,32f776c66b854bc08925bb990a3b5ea3,paid_search
abeee3bccecf4a9880549099fcd06bb9,2017-08-25 07:42:52,280fc02b8ead46d897a70c9fa8a76c35,email
886ba6af47494af0946abe4a1ed2b03f,2017-09-07 04:35:39,eabde2c6e9064911b23d789ff68f2bbb,social
b22cd265fa824982ad323efe0d3eec77,2018-01-03 02:51:11,57b30bb0fe284da5b57510a8823d88a2,organic_search
3e7086df9df144d8bc6b4bc9ee7b818e,2018-01-09 07:21:05,bd7014dfab0643b08af9d59f9064c67f,social
445163fef32e4328b214cc1d086f5172,2018-04-18 05:23:02,bd7014dfab0643b08af9d59f9064c67f,display
e82368cca8074049a3628e8af0390f34,2018-04-01 09:23:21,42aab95b911f48e28fc6e5aff6d61bab,social
91226b21c8d940bc84338c78ce35238b,2017-07-05 03:10:06,ff05ce68802a4f1796f1c6ff9508133e,email
a4f1c6edfe8e421e986c4e8d0ea14084,2018-03-12 14:28:02,c005e1915b5a420dba2530a0e055f0e1,referral
bf07d22708ce4f4b97b04558c04510b1,2017-11-14 10:03:22,30603de19a0f45f98e07cc24bb54cd32,organic_search
d5d70c2d43ae4cd3b8f0479e11d2ce84,2018-01-21 00:27:00,280fc02b8ead46d897a70c9fa8a76c35,organic_search
8e377f74cc4f44a5a32d85eb05e00db6,2018-05-25 22:41:05,702afe38d2d2425a9b41828bf926fbf5,social
c35542487a884e62951f7e52b257da05,2018-02-23 15:16:37,dc97f501f52d4c12817bfe088b55a525,paid_search
71c227f5ad904f93964a994c56af771f,2017-12-30 05:26:53,2566ffa7a57141909a5618885cb43553,email
cd8e74af2dcb47e89a3adbb23fac7645,2018-03-18 21:24:21,702afe38d2d2425a9b41828bf926fbf5,organic_social
f7fc31d59edc456d94ce5552d20f8cdf,2017-07-22 03:50:45,702afe38d2d2425a9b41828bf926fbf5,paid_search
57ef730044f74c29b4297835c6b2966b,2017-07-22 10:24:58,54dadc715073494a9f52e4f263e34d4e,organic_search
0479adcac9824125bfba8535e462ebfe,2018-03-02 12:31:11,5c9fede2c59f461bab56ff6d802fa6a1,email
5f0a9db5a761425ba1291edb863d6012,2017-12-28 09:37:00,ff05ce68802a4f1796f1c6ff9508133e,organic_search
ccbdaf7d2ea84042951dd33f1fce6931,2018-05-02 17:40:46,702afe38d2d2425a9b41828bf926fbf5,email
5ff6b2f198d946e4a44edc1a0902a795,2018-04-08 17:13:23,eabde2c6e9064911b23d789ff68f2bbb,paid_search
ba6ab7f22d464bdd873113bdd28d8dbd,2017-08-28 10:01:39,ff05ce68802a4f1796f1c6ff9508133e,direct_traffic
3de4a8dff6554f78b57ffed2c16a82d3,2017-08-13 22:30:34,fd67c44c56284345a9d416ecc4e70697,organic_search
6ea398ca3a61447ca09543b26aae477a,2018-05-15 14:37:34,eabde2c6e9064911b23d789ff68f2bbb,social
5571181379da4859a62fda198ae16530,2017-12-20 12:04:09,f7f91884fcc441c3a73051d4c1896af9,paid_search
4b4a2edb8fc44756a9e7c865c378133d,2017-09-30 01:47:40,22d5f074d6fd43b2b796684fe6998629,social
c3064ecaa49b4dec86e79ac01a1d48dc,2018-01-30 09:46:43,5c9fede2c59f461bab56ff6d802fa6a1,organic_search
45b36abb57a24fc28c8acf1383dca10a,2017-12-08 00:44:11,42aab95b911f48e28fc6e5aff6d61bab,direct_traffic
297d457394e642f6b303889c88b937a5,2017-11-03 11:19:16,b5aed19b7ce942ceb1082d725df90ba9,referral
435b77d0f77f41218bdfeeea6a987490,2018-02-07 03:34:33,54dadc715073494a9f52e4f263e34d4e,organic_search
8371d076a9d542a79ea8b561bbd0bc22,2017-09-25 04:53:34,0c738336dbd04e959c993ff02dbf5e0f,organic_search
7dc05e9759864ab3abe4c1cb49e7c6ed,2018-01-13 11:40:56,b5aed19b7ce942ceb1082d725df90ba9,organic_search
d458ef05732a4a71a7212722f2e18dd1,2017-12-31 22:01:35,d4a547d9c0264e5e821f2ce922348c3d,social
7e57a32b8d524cdd98257c0320085791,2017-07-16 06:50:33,b3ebd0b9fc81475f87eaafca8d37f073,social
e9ce20729cd241e1be155f4603acc289,2017-09-17 14:49:28,22d5f074d6fd43b2b796684fe6998629,social
c68c905548e047f6bf79712f6cac9fb1,2018-02-04 18:48:18,54dadc715073494a9f52e4f263e34d4e,organic_search
eec837f0d3844d41a73076f5fe7e16e0,2017-12-09 02:02:47,30603de19a0f45f98e07cc24bb54cd32,paid_search
f61a96a33bd3414a8e9b2b090358d519,2017-08-21 02:23:20,0c738336dbd04e959c993ff02dbf5e0f,social
a1aed382372b4ceeabc61af91bdd0825,2018-05-30 18:27:06,ff05ce68802a4f1796f1c6ff9508133e,paid_search
f01aea77907942e781cae6708174ae3a,2017-08-09 19:05:19,5c9fede2c59f461bab56ff6d802fa6a1,
dd4cb0360a95422d90d1a666b74b50c8,2018-03-19 01:03:14,32f776c66b854bc08925bb990a3b5ea3,organic_search
d665ca1cc9a746cb8b9521807c7ec944,2017-09-07 07:18:29,bd7014dfab0643b08af9d59f9064c67f,direct_traffic
ac589f18ae244a3e969d749a3456a97a,2017-06-30 09:05:01,eabde2c6e9064911b23d789ff68f2bbb,paid_search
0c90e2e9683144458e62b0f41848d565,2018-01-20 01:50:26,c2366a33c94543b4a5c36a8911cb5ebe,paid_search
26777bdb2899498981230b6d24ff0ffd,2017-12-02 07:14:57,b5aed19b7ce942ceb1082d725df90ba9,direct_traffic
14628105403649dc8b0e1d703f257099,2017-12-06 16:54:06,30603de19a0f45f98e07cc24bb54cd32,direct_traffic
24f843f1d57640adaccaa4062163404f,2017-12-21 23:08:04,c2366a33c94543b4a5c36a8911cb5ebe,
4df3ae81658443459e7e31cb448a3a7b,2017-08-03 01:06:45,9949586af6134c339c1809ad3ec0df66,organic_search
19d633fd896e48bdbcee9a92a841da30,2017-12-08 17:47:46,fd67c44c56284345a9d416ecc4e70697,organic_search
b39d110934ee46c9b0ac800f910f3ad2,2018-01-15 06:27:56,54dadc715073494a9f52e4f263e34d4e,direct_traffic
0847d417215d4770be4a1c097fdde846,2018-01-29 21:22:03,c005e1915b5a420dba2530a0e055f0e1,social
15973fa959284a6baa5a7a548cb27415,2017-11-27 12:32:01,32f776c66b854bc08925bb990a3b5ea3,organic_search
ee9de87f6e3b4ff98a8fdba6c7ea965f,2017-10-11 03:17:27,0c738336dbd04e959c993ff02dbf5e0f,organic_search
e86278bb75f940e7ad30e38df630fcb2,2017-06-15 14:04:27,eabde2c6e9064911b23d789ff68f2bbb,organic_search
94633fd5b52c455480799c2613113a13,2017-08-23 20:50:07,d650cf637d2e4393939ab7a1b5bd56fb,referral
d4263220757e44e28291ce62a78e24a6,2017-09-18 08:03:32,d4a547d9c0264e5e821f2ce922348c3d,organic_search
9972579a826749d5a527cd2f4d08c9cb,2017-09-24 07:31:36,b5aed19b7ce942ceb1082d725df90ba9,paid_search
9846122a6b2c4effa6dea4a7f7bbb3eb,2018-04-30 14:54:34,30603de19a0f45f98e07cc24bb54cd32,organic_search
025cdb962c75474daa6c14096a92915d,2017-06-11 00:19:26,6eb360925f334493a6951325d8182624,paid_search
1024c5bb0b0948a588cc8b2902414cb3,2017-08-07 23:34:12,32f776c66b854bc08925bb990a3b5ea3,organic_search
94317d058ecf4c9793186d76ab68b2fa,2018-04-04 00:18:29,9949586af6134c339c1809ad3ec0df66,social
2c064b4d89814d9b876cfb89a0c324ba,2017-10-08 22:08:56,280fc02b8ead46d897a70c9fa8a76c35,organic_search
6476fefe09ca422486625a6e25e2f27f,2017-11-04 23:24:05,b5aed19b7ce942ceb1082d725df90ba9,email
8fc27850ca604f1e96ca7727bf8601a4,2018-01-03 13:42:25,54dadc715073494a9f52e4f263e34d4e,organic_search
497277eb36134030ad77cdd15096a128,2017-11-26 16:42:41,b5aed19b7ce942ceb1082d725df90ba9,social
a62afd626c6c4b338aef3d29857c5693,2017-09-20 16:59:31,0c738336dbd04e959c993ff02dbf5e0f,referral
fc7b22aa97ef49c69ea798c71496d12c,2018-05-13 18:57:21,bd7014dfab0643b08af9d59f9064c67f,direct_traffic
c72e4dec118649ecb5731c14ece05202,2018-04-16 14:27:35,702afe38d2d2425a9b41828bf926fbf5,social
069a6a87b619409ea8215d746a1cfcb6,2017-07-23 00:16:03,30603de19a0f45f98e07cc24bb54cd32,paid_search
d09b36f4e5a04e72bc0916460a206593,2018-05-06 13:37:31,c005e1915b5a420dba2530a0e055f0e1,paid_search
3b9c0c1bc56e4795a4b458c9e2f9e04e,2018-04-28 21:37:06,fd67c44c56284345a9d416ecc4e70697,direct_traffic
99bdc181b9f248c6b17bab8b557cc75e,2017-10-23 10:52:01,57b30bb0fe284da5b57510a8823d88a2,
0320bddb982448849dcea40473ee9289,2017-07-26 17:32:22,24f5fbd22d624e12b58faeb2f2742ebb,direct_traffic
977623555e87449192bdc6d9be9a60ff,2017-11-20 10:03:59,d4a547d9c0264e5e821f2ce922348c3d,social
9a85355cc6224e8a98a23b156d7629ba,2017-11-14 10:04:51,b5aed19b7ce942ceb1082d725df90ba9,direct_traffic
3bb40ed3f92941798802d57dd0b7dc58,2018-05-02 23:43:09,0c738336dbd04e959c993ff02dbf5e0f,paid_search
c2153d722ca24e81bf04a7294d2540d0,2017-09-05 05:27:31,30603de19a0f45f98e07cc24bb54cd32,organic_search
93909fd071ac4b198dda44262ad1d7ec,2017-10-02 02:04:01,280fc02b8ead46d897a70c9fa8a76c35,social
a5e6616985b64061b248a1d4e047c1fc,2018-04-04 14:42:45,57b30bb0fe284da5b57510a8823d88a2,display
eeccf8b1ad5c45a580d86949083887e9,2017-11-11 05:05:40,22d5f074d6fd43b2b796684fe6998629,organic_search
9214c710ea694e2db05276dcb192cf4c,2017-06-14 23:51:44,6eb360925f334493a6951325d8182624,direct_traffic
f835a2d37206496bb71e8934f1eb1114,2017-10-30 09:26:43,c2366a33c94543b4a5c36a8911cb5ebe,organic_search
34e3b69fb5b94dae85317c636c5ff870,2018-01-01 14:43:51,ff05ce68802a4f1796f1c6ff9508133e,social
b9e9c843a9a049a5ae968a2da32f747d,2017-06-19 21:13:38,f7f91884fcc441c3a73051d4c1896af9,organic_search
90d53afad9904092b5561e1ed0c2564d,2018-03-20 06:54:52,42aab95b911f48e28fc6e5aff6d61bab,paid_search
11d67dc4131546f591764976dc138976,2018-06-01 08:05:45,57b30bb0fe284da5b57510a8823d88a2,direct_traffic
5798bc362d6045749616c60b588b1ce7,2018-03-01 23:14:25,280fc02b8ead46d897a70c9fa8a76c35,paid_search
277f6a4718fc469d9f1ea87d51c323df,2018-01-30 13:03:08,30603de19a0f45f98e07cc24bb54cd32,direct_traffic
3918ce1361344f6ba55b3c7c6da5de35,2017-11-01 06:11:20,bd7014dfab0643b08af9d59f9064c67f,email
1673660226c34eba8ba92f1f3881bf6e,2018-05-03 20:19:30,32f776c66b854bc08925bb990a3b5ea3,organic_social
01af7ef84d0645f38fa23d69102b1997,2017-10-29 03:33:13,6eb360925f334493a6951325d8182624,organic_search
4a737eb237a44f559c6dc4dabfd27403,2017-08-05 09:25:02,22d5f074d6fd43b2b796684fe6998629,paid_search
135459e6447748f5b81ec162c4d07d83,2018-03-14 06:39:55,57b30bb0fe284da5b57510a8823d88a2,organic_search
daeb9d4b7e7f4b9abf9c91497a2e9eb1,2017-11-19 23:49:38,24f5fbd22d624e12b58faeb2f2742ebb,
5074d01de4e843ccb5c13eaad6fe34ab,2017-09-22 12:56:07,9949586af6134c339c1809ad3ec0df66,organic_social
adda578077624de39b246310b7701459,2017-11-05 15:18:32,280fc02b8ead46d897a70c9fa8a76c35,social
a6d8b8544edf419cb13e66ab3cc3f073,2017-11-17 13:31:57,b5aed19b7ce942ceb1082d725df90ba9,email
3890d66586de4ac68b6b244696885cca,2018-03-27 10:42:21,b3ebd0b9fc81475f87eaafca8d37f073,social
ad0470aa66374529b00e9a398db7dea3,2017-07-31 17:07:54,eabde2c6e9064911b23d789ff68f2bbb,social
90eb364d6a584a8391df66c49f9f09ab,2018-04-21 21:14:50,702afe38d2d2425a9b41828bf926fbf5,organic_search
17fc008bc6294340ab5b8fe28976ef9b,2018-04-14 02:35:34,6eb360925f334493a6951325d8182624,direct_traffic
b9c0236e1a7f4437806a6847e9f6396e,2017-09-08 18:13:18,dc97f501f52d4c12817bfe088b55a525,organic_search
242285cb1ad4407691cb399efab0c286,2018-05-15 13:53:46,30603de19a0f45f98e07cc24bb54cd32,email
9161c102e4bd4dfeb414b428c395d6ab,2017-10-31 15:02:26,eabde2c6e9064911b23d789ff68f2bbb,email
61e2a17f2e3d4bea8125f2bd15f38d39,2017-08-17 05:00:04,54ac0583af594362879a48b3c36bac75,direct_traffic
2e4833fc413743b093da599f36e6fa6f,2017-11-23 14:53:53,702afe38d2d2425a9b41828bf926fbf5,organic_search
38d1bd3a219e4cca88d4f5c4c3818ff6,2018-01-21 05:12:52,42aab95b911f48e28fc6e5aff6d61bab,paid_search
b477c15c7e1b4525b40cd99c5fa19459,2017-09-01 02:56:32,6eb360925f334493a6951325d8182624,organic_search
31753c7c35e841bf88890f701591da8b,2017-11-18 22:58:30,32f776c66b854bc08925bb990a3b5ea3,paid_search
1864693c8b1a42acb5c3de82a2cb938a,2017-11-08 23:06:05,eabde2c6e9064911b23d789ff68f2bbb,organic_search
0f81495c3c274957aea06c81c360a732,2017-06-03 16:27:31,b5aed19b7ce942ceb1082d725df90ba9,organic_social
3b4f5baeb19d4f1ba974694b9b5cf847,2017-09-16 06:08:19,702afe38d2d2425a9b41828bf926fbf5,social
db80d9c9f6a1489daed453218d1cdd2f,2017-08-21 17:49:29,280fc02b8ead46d897a70c9fa8a76c35,paid_search
1bd686392f2b4ea9b501b9ebeb79b2b2,2017-07-16 04:42:41,fd67c44c56284345a9d416ecc4e70697,paid_search
dc939ea5ba5a4858bb6b7aadfe0f6de3,2018-01-09 23:03:52,7b5e3159006745bdbee47199b5293638,paid_search
65cf75de09304612a19eda9423e1b097,2017-12-24 15:37:13,6eb360925f334493a6951325d8182624,social
125c1a367a04489ab95480cce5c8c8d7,2017-12-14 00:10:11,eabde2c6e9064911b23d789ff68f2bbb,social
f977116e3ec446a4a1a301f39ae2d882,2018-03-01 07:15:37,22d5f074d6fd43b2b796684fe6998629,organic_social
520754b1099c4b6987b2339897bbd834,2017-12-09 00:30:45,5c9fede2c59f461bab56ff6d802fa6a1,paid_search
7eaeeb955bb84616b526ea29107e6446,2017-11-12 19:20:03,54ac0583af594362879a48b3c36bac75,
c08ed076ae0b4c0898b7e8ddb0853bb4,2017-06-10 00:09:00,d4a547d9c0264e5e821f2ce922348c3d,referral
1fca5cfd752348708b3157a9f88fa78e,2017-10-06 08:14:17,f7f91884fcc441c3a73051d4c1896af9,organic_search
3ba94e3476f24f26bfbd20bb538a15c6,2017-11-24 11:21:46,2566ffa7a57141909a5618885cb43553,organic_social
e177797a0c7d46779a731780c42beb70,2017-07-23 13:57:52,30603de19a0f45f98e07cc24bb54cd32,organic_search
e765b40d2bf34e65bc70f0cf21b35a5c,2018-03-29 11:08:43,32f776c66b854bc08925bb990a3b5ea3,email
dfc871e014f945f4afd5cdd0c77957ec,2017-07-04 01:39:52,0c738336dbd04e959c993ff02dbf5e0f,paid_search
3cf2a74e0d9c4fbe87ba71f328ed780b,2017-10-27 16:35:59,22d5f074d6fd43b2b796684fe6998629,referral
6e768567bebf4950b50bf531c17a3ade,2018-02-22 21:42:47,30603de19a0f45f98e07cc24bb54cd32,referral
c1ee256a481345bfbc2f631a56de9128,2017-11-20 15:47:21,5c9fede2c59f461bab56ff6d802fa6a1,email
59c411ce7b82480faa7c41236b635355,2018-05-18 04:52:16,42aab95b911f48e28fc6e5aff6d61bab,email
01a41ac3127e4496a49331c651ef0742,2018-02-06 13:04:47,d650cf637d2e4393939ab7a1b5bd56fb,paid_search
35da89625b9f4278a7e27a257738a21c,2017-09-05 06:00:11,c2366a33c94543b4a5c36a8911cb5ebe,organic_search
f4b4df50c2564aac99cca7c87e62bc66,2017-12-24 00:41:46,9949586af6134c339c1809ad3ec0df66,paid_search
de10bb7bb3904231b22cbc179254e81e,2017-09-23 04:46:37,54ac0583af594362879a48b3c36bac75,organic_search
19f25b9d4a3d4a99b5e5c067b91137b4,2017-06-12 21:28:12,30603de19a0f45f98e07cc24bb54cd32,direct_traffic
b42b8785962b4f588ff3534f5d0e1e88,2017-08-26 04:29:03,7e92b46dac574b1b9786c529162a68c6,paid_search
345400528bf54d30a9128592d8145a0c,2018-05-31 23:41:07,280fc02b8ead46d897a70c9fa8a76c35,other
3562d9922a36492fb84d368c1be146c3,2017-06-20 13:39:37,5c9fede2c59f461bab56ff6d802fa6a1,social
b89e84c9a06d4db98e6f99e4a2178e2b,2018-04-24 09:18:46,d650cf637d2e4393939ab7a1b5bd56fb,email
0562d5197e9f495fad70619b9594b73e,2018-03-01 22:41:15,eabde2c6e9064911b23d789ff68f2bbb,organic_search
da46a49995944b05bf691ab77f5b3f95,2018-04-01 01:44:46,57b30bb0fe284da5b57510a8823d88a2,referral
6a145109ad9e41d2a25bd7ad015993ed,2017-07-26 23:47:44,bd7014dfab0643b08af9d59f9064c67f,organic_social
e40eaed4b99b4bbb97556083a5db1566,2017-06-11 01:45:22,f7f91884fcc441c3a73051d4c1896af9,paid_search
dbaf35195c4f413dbc77c41c863f54d3,2017-07-30 15:10:27,b3ebd0b9fc81475f87eaafca8d37f073,social
8ec1ae1406c44cfcb540f8df26374c85,2017-12-12 04:29:59,c005e1915b5a420dba2530a0e055f0e1,direct_traffic
683ab4cb5a1e4bfa9da0b50469d752a1,2017-10-08 17:16:20,f7f91884fcc441c3a73051d4c1896af9,organic_search
e022db51f36d4156be76d2c9cd4451a1,2017-08-18 07:28:54,f7f91884fcc441c3a73051d4c1896af9,social
6845f1b89796426893dbc9d922290b38,2018-05-18 22:56:56,e73bb83cf417427888827b7bd8835d0c,paid_search
ab2e59e9d34444bb857f5ffba2976568,2017-11-02 15:19:24,57b30bb0fe284da5b57510a8823d88a2,organic_search
f873edbea4be4f97b261974033e6f11e,2017-07-22 18:56:37,b5aed19b7ce942ceb1082d725df90ba9,paid_search
1946effef24f4e16acbfcbd0bd60fb01,2018-04-15 22:03:01,f7f91884fcc441c3a73051d4c1896af9,organic_search
544f2986e56842dfa8f36420dce611b2,2017-08-10 15:14:56,bd7014dfab0643b08af9d59f9064c67f,organic_search
9b581a9c7d5845b2808013d3679d75a6,2017-07-24 18:37:34,22d5f074d6fd43b2b796684fe6998629,organic_search
07d19b70de5c48e89663d0a01f9ae145,2018-04-13 04:17:11,0c738336dbd04e959c993ff02dbf5e0f,display
ea6d5983c563435da47c7bddf2b755c8,2017-07-29 03:52:08,6eb360925f334493a6951325d8182624,social
7ddc4d11a4b44ac6a68134cae10c7921,2017-09-10 22:10:23,54ac0583af594362879a48b3c36bac75,display
fdda7193f8d14b40abd1fb3d03526269,2017-10-13 19:02:49,54ac0583af594362879a48b3c36bac75,paid_search
50e9106c7c464b92972e922d065985b1,2017-12-01 14:55:07,0c738336dbd04e959c993ff02dbf5e0f,paid_search
18904b72dd734e19925c32c688051cc6,2017-08-22 01:26:04,c005e1915b5a420dba2530a0e055f0e1,social
33ca5c3a30334f748ead767e1f915123,2018-02-10 07:33:42,f7f91884fcc441c3a73051d4c1896af9,paid_search
d34112a3571241ee9dda7796950a2a88,2018-02-02 12:02:12,9949586af6134c339c1809ad3ec0df66,organic_search
1205b3542ee642f39aaf82267cc98034,2017-06-02 00:27:51,57b30bb0fe284da5b57510a8823d88a2,social
d289610c45cb44efb4560d20bde0096d,2017-07-16 04:01:14,bd7014dfab0643b08af9d59f9064c67f,organic_search
3767fe61f9704cacb76f3437816ce938,2018-03-21 17:59:23,2566ffa7a57141909a5618885cb43553,social
535d0109fc814a17b70f276704295d80,2017-07-17 18:37:50,24f5fbd22d624e12b58faeb2f2742ebb,direct_traffic
60b1d1e76aa74c1d81ee209c727b092f,2017-07-22 09:19:00,d4a547d9c0264e5e821f2ce922348c3d,organic_search
17f9bcacb5574cd9931fad9b844e5f4e,2017-09-27 16:37:47,0c738336dbd04e959c993ff02dbf5e0f,organic_search
9ae4831f2a09483bb773091563211109,2017-10-14 16:54:13,eabde2c6e9064911b23d789ff68f2bbb,email
23d8019d1e614da6ae9d8dc43d6de53e,2017-07-22 06:21:38,54dadc715073494a9f52e4f263e34d4e,paid_search
0af10507350548b286e1ae6ff13b21b0,2017-06-21 10:34:45,7e92b46dac574b1b9786c529162a68c6,organic_search
ff236816743f4f23b3aee980ba8ca1ce,2018-05-13 11:23:07,7b5e3159006745bdbee47199b5293638,
e3a7f260a3354d27926c3d9b956e5e57,2017-07-30 03:27:31,54dadc715073494a9f52e4f263e34d4e,organic_search
fd590bd2eb2f4de6b9eea9ef0dfccf60,2017-06-24 00:21:07,54dadc715073494a9f52e4f263e34d4e,direct_traffic
c6de24749c434ba4a67ae86e5889d203,2017-08-10 23:33:49,32f776c66b854bc08925bb990a3b5ea3,
07d50c9b36a049e98f1cfea8cd69e3c2,2017-11-16 13:01:01,5c9fede2c59f461bab56ff6d802fa6a1,organic_search
d21849a2495745c0be4c0c1333371a8a,2018-01-11 22:38:21,b5aed19b7ce942ceb1082d725df90ba9,organic_search
134b5eef83ed4e0c817a3b62c0b0c090,2017-07-18 13:34:00,bd7014dfab0643b08af9d59f9064c67f,organic_search
aebc796f5eaa4bfc85df5a3e009dabf3,2017-11-23 06:39:29,dc97f501f52d4c12817bfe088b55a525,paid_search
d94815c0f5764a2bb4f72262371410ec,2017-12-23 14:34:21,b3ebd0b9fc81475f87eaafca8d37f073,organic_search
a18c53ece02743edbb674ba437785b14,2017-10-18 14:02:36,f7f91884fcc441c3a73051d4c1896af9,direct_traffic
b86212345b544eeab4765342c3d6038c,2018-01-31 15:21:18,d4a547d9c0264e5e821f2ce922348c3d,organic_search
7aceeaef9e5548c58c3cfc4cc969da06,2017-08-25 04:06:58,2566ffa7a57141909a5618885cb43553,social
7c35e5b1b81f4a599c1267cfd2db5175,2018-05-23 02:08:06,54dadc715073494a9f52e4f263e34d4e,
ebaa4375f75b4c32ad1c40901dca18e6,2017-08-21 03:46:33,7b5e3159006745bdbee47199b5293638,email
a87491adda7e494582c0fd8888818bc0,2018-03-30 17:34:25,280fc02b8ead46d897a70c9fa8a76c35,social
703c9481f553491296df7c044f9c10c4,2018-03-19 15:57:10,32f776c66b854bc08925bb990a3b5ea3,paid_search
4bfc1a03c96d48b0a3f722f751f722c4,2018-04-09 13:49:34,d650cf637d2e4393939ab7a1b5bd56fb,social
4f6e3bc0f8e44f61bbb2133d24a7afc3,2017-12-01 22:15:31,e73bb83cf417427888827b7bd8835d0c,social
393b838b3fb646a789e477ac113e5990,2018-05-17 04:45:25,6eb360925f334493a6951325d8182624,paid_search
fb0f82c933574dae83a7864b1a35c7b7,2018-02-05 04:06:42,5c9fede2c59f461bab56ff6d802fa6a1,organic_search
297ed827852542acbf58591d6e93024c,2017-12-28 16:02:41,eabde2c6e9064911b23d789ff68f2bbb,referral
724e6be9eb224004be6c84808039eb70,2017-07-03 09:31:30,d4a547d9c0264e5e821f2ce922348c3d,paid_search
2ba7796077aa40c1ab2e9b10647fcd10,2017-11-08 00:27:00,f7f91884fcc441c3a73051d4c1896af9,organic_search
6151df30425d4d4dbd7ff2f688263d77,2018-05-14 19:06:28,d650cf637d2e4393939ab7a1b5bd56fb,paid_search
5d8a82cda54d4ac090e0899f2158f543,2018-03-23 20:34:17,9949586af6134c339c1809ad3ec0df66,paid_search
bf6da78dd01d4182ac91d1289eec9da0,2018-05-09 12:19:01,30603de19a0f45f98e07cc24bb54cd32,email
2768c8b9fe3244278814ba2196a1d8cb,2018-02-23 22:30:33,dc97f501f52d4c12817bfe088b55a525,direct_traffic
b9850b040c8544929674cfe5b109498a,2018-01-08 09:03:01,6eb360925f334493a6951325d8182624,direct_traffic
5542998c1f1a48a3ba494c5b84060fd3,2017-11-25 23:21:10,ff05ce68802a4f1796f1c6ff9508133e,organic_search
46cb8b7b097643c39631bd16b2751c90,2017-08-16 20:19:43,5c9fede2c59f461bab56ff6d802fa6a1,paid_search
0654fbc9da4647e6826a15d94af3f4cf,2018-04-10 01:59:12,e73bb83cf417427888827b7bd8835d0c,paid_search
7bdae6958ac842438a1589233c3bfd22,2018-04-26 05:42:48,30603de19a0f45f98e07cc24bb54cd32,organic_search
5c899d8784f34184bac491eddb5c0751,2018-01-27 18:03:10,54dadc715073494a9f52e4f263e34d4e,organic_search
27529d2b64204767900613f9c17ea53c,2017-08-24 02:43:32,d650cf637d2e4393939ab7a1b5bd56fb,direct_traffic
70086b83887b4a688bda1e9b496dc69c,2018-02-07 11:40:26,9949586af6134c339c1809ad3ec0df66,organic_search
bc9d80c1a5894fdebcea8547a8458cd9,2017-11-17 10:07:38,eabde2c6e9064911b23d789ff68f2bbb,social
93337ff672774254ae0cb650f7afa2f1,2018-02-15 08:06:30,c005e1915b5a420dba2530a0e055f0e1,organic_search
1f5e047e0c6a4776a60a759f1faa7e68,2018-04-26 13:47:08,ff05ce68802a4f1796f1c6ff9508133e,organic_search
b851d38596af45db875bff39e8ffdaac,2017-09-29 02:52:12,b3ebd0b9fc81475f87eaafca8d37f073,organic_search
3d92be7f639645688ccd56fe4459b81a,2018-01-14 20:51:48,b3ebd0b9fc81475f87eaafca8d37f073,other
0a94ed8d9a1043e79bdb0a879249a5db,2017-07-16 18:08:53,b3ebd0b9fc81475f87eaafca8d37f073,email
b2c0ff57ffaa467eb3998fbd7c651b7d,2017-11-09 04:19:19,6eb360925f334493a6951325d8182624,display
0f01cbb060ca4a44bb3eabf510a62de7,2018-05-01 00:38:49,dc97f501f52d4c12817bfe088b55a525,paid_search
b3ddfa7d32b048d896a8b1e1f9862210,2017-12-24 15:00:46,eabde2c6e9064911b23d789ff68f2bbb,organic_search
ef51efb77dfa4ab39b4fce62fc40be7c,2018-03-13 19:59:31,e73bb83cf417427888827b7bd8835d0c,social
cdc10e2956ce41d0b9c45de13ddeb1ad,2017-07-17 21:59:54,fd67c44c56284345a9d416ecc4e70697,paid_search
435ae224fb2c4567944d7da88b8224d6,2018-04-23 11:05:24,5c9fede2c59f461bab56ff6d802fa6a1,email
050cd4e8a0494ff29ecbdcb79384f7ea,2018-02-16 20:28:26,54ac0583af594362879a48b3c36bac75,organic_search
2a37b41350124b1fb5b9fe5e6128d514,2018-05-02 16:36:36,42aab95b911f48e28fc6e5aff6d61bab,paid_search
da603c6e67f549cfbaef85bdcc3918fb,2017-12-04 01:58:33,bd7014dfab0643b08af9d59f9064c67f,organic_search
e9de03ed9e5b4725b06c08eaa16c06f4,2017-09-23 16:32:46,42aab95b911f48e28fc6e5aff6d61bab,paid_search
1cb47e6081d141a98573ff6a32becf1c,2018-03-14 22:33:52,fd67c44c56284345a9d416ecc4e70697,direct_traffic
acfb19da391c4b8992979a5637863d16,2018-01-29 23:55:36,7e92b46dac574b1b9786c529162a68c6,paid_search
b7a5c9638b1343328a9c00a6537ddcd8,2018-01-18 04:09:05,dc97f501f52d4c12817bfe088b55a525,paid_search
3f5f0cbcc5d4434c8d35ed415195331d,2018-05-04 08:04:24,e73bb83cf417427888827b7bd8835d0c,paid_search
acb13a7c462d4ab8a0ba2af267e57988,2017-11-22 12:55:48,bd7014dfab0643b08af9d59f9064c67f,paid_search
cf64521eeb4c434caf2289a8359edaac,2018-04-21 10:37:50,c005e1915b5a420dba2530a0e055f0e1,email
cb734ec74c884423a5b03940c50f0a35,2018-02-23 13:36:46,f7f91884fcc441c3a73051d4c1896af9,referral
00b12e3c46db4be8bcba10c61623b324,2017-07-25 01:40:00,5c9fede2c59f461bab56ff6d802fa6a1,display
194708303e6f4dd290dae5572af6895f,2017-08-24 17:55:42,2566ffa7a57141909a5618885cb43553,email
3acefbee093642a785f1515cdbbc8591,2017-12-27 03:53:39,b5aed19b7ce942ceb1082d725df90ba9,paid_search
7e916ba1291e427fbe4350261c88f575,2018-04-09 07:07:59,54ac0583af594362879a48b3c36bac75,direct_traffic
cc70a2e983054a3a9b9b8810136e89f2,2017-08-01 14:18:17,54ac0583af594362879a48b3c36bac75,paid_search
e4aa9c3228ae4d9cb5659233e932a6ac,2018-01-21 06:56:19,f7f91884fcc441c3a73051d4c1896af9,organic_search
87a1b9ad1bcb4081a8999cb501fd02b0,2017-11-21 03:55:25,d650cf637d2e4393939ab7a1b5bd56fb,email
35bf5b570e1146ca8fb7d152b9eb3bf1,2017-12-30 01:41:34,c2366a33c94543b4a5c36a8911cb5ebe,organic_search
ec06708f4edf48598ecacf6444a2a3dc,2018-04-21 21:26:16,dc97f501f52d4c12817bfe088b55a525,organic_social
dbbde657887f481d939d0654a4529a26,2018-01-17 16:39:10,57b30bb0fe284da5b57510a8823d88a2,paid_search
2f6aa89491cc46568926730b7dd74685,2018-03-29 18:21:26,2566ffa7a57141909a5618885cb43553,social
215e1ab33e2349548393ee591bd977f9,2018-02-11 00:09:28,30603de19a0f45f98e07cc24bb54cd32,direct_traffic
79c497fdf7924f28b2deb16802456875,2017-06-25 20:08:32,c2366a33c94543b4a5c36a8911cb5ebe,referral
76320c2a66ec49269cadaa68158abea1,2018-01-08 21:18:12,6eb360925f334493a6951325d8182624,social
e64456c913474af881af7f410c6af369,2018-02-16 06:27:06,f7f91884fcc441c3a73051d4c1896af9,social
73eeb01991284ffe8e6ff8f15e914212,2018-03-24 06:19:20,22d5f074d6fd43b2b796684fe6998629,organic_search
5384a4094b174164a1c9553e5bc5da59,2017-08-05 03:46:13,ff05ce68802a4f1796f1c6ff9508133e,social
d3bac5555d3d440cba0a6e94e55e5b5c,2018-05-03 21:51:54,fd67c44c56284345a9d416ecc4e70697,organic_search
ba2dc8209fd04dd78faff68af96b0672,2017-11-12 18:21:14,5c9fede2c59f461bab56ff6d802fa6a1,direct_traffic
c0fce051796a4e208fe830364b3dae19,2017-12-14 15:14:35,fd67c44c56284345a9d416ecc4e70697,social
b02f6815ebdc49f79a8447dbe04c59f3,2018-05-21 09:02:17,b5aed19b7ce942ceb1082d725df90ba9,direct_traffic
b346b4397a7e4dbda4fecf7bbe460b75,2017-12-21 12:28:59,0c738336dbd04e959c993ff02dbf5e0f,organic_search
33c17b44ce734acc8f12a1918021f4ad,2018-01-18 04:51:21,2566ffa7a57141909a5618885cb43553,organic_search
4f89a24cbab04dcc96b411dedb285877,2017-12-29 21:56:14,f7f91884fcc441c3a73051d4c1896af9,direct_traffic
837c4a78452b41f3bdc612ebd22b4d9f,2018-02-18 10:52:59,bd7014dfab0643b08af9d59f9064c67f,organic_search
5289455f37d3415a83209f954f69b90b,2018-05-26 19:56:42,54dadc715073494a9f52e4f263e34d4e,organic_search
b63e1cf1388d4ee8a48c99bddb7bf869,2017-11-08 20:09:19,d4a547d9c0264e5e821f2ce922348c3d,organic_search
9a03c2914cc04d4a8f5b085d1c475799,2017-09-20 07:18:50,54ac0583af594362879a48b3c36bac75,display
13837f66d86b4802a6162b6c2ad1c0ca,2018-04-16 10:34:46,57b30bb0fe284da5b57510a8823d88a2,direct_traffic
7f9eac1e9b704d319a6751cc6e217731,2017-11-24 04:49:49,f7f91884fcc441c3a73051d4c1896af9,paid_search
5ebfbc2a877e43fe83e8b3eb38f6ffd1,2018-04-29 06:28:26,30603de19a0f45f98e07cc24bb54cd32,paid_search
2776b79ba91d43508c677c66cbcfba60,2018-03-05 23:11:16,42aab95b911f48e28fc6e5aff6d61bab,paid_search
8b039a4780fb4434b68190addc3a615e,2018-05-30 04:12:06,d650cf637d2e4393939ab7a1b5bd56fb,email
6fbba8bc85ad417eae6aac98bf8831af,2017-11-28 20:28:19,6eb360925f334493a6951325d8182624,direct_traffic
34349857edbf468f86ed9ff08d8a8f06,2018-03-26 20:46:34,57b30bb0fe284da5b57510a8823d88a2,organic_search
87858c9e46da4d4da9901a2c42b947ea,2018-05-30 15:11:59,57b30bb0fe284da5b57510a8823d88a2,organic_search
d4d9e11e24f8476c99dd93db4208ed6c,2018-03-01 10:24:37,5c9fede2c59f461bab56ff6d802fa6a1,organic_search
8797cc843b734531b9259f1d6a2524c3,2018-01-03 00:27:53,30603de19a0f45f98e07cc24bb54cd32,direct_traffic
8fe66bbca17e48c6ad0c0edfef72d57c,2017-07-25 00:55:12,ff05ce68802a4f1796f1c6ff9508133e,direct_traffic
dc412509b93948f6b9654df31f2b1917,2017-08-14 01:55:55,57b30bb0fe284da5b57510a8823d88a2,organic_search
1cbd6402feae49b1bd69b1af0e2992bb,2017-06-29 07:16:41,b5aed19b7ce942ceb1082d725df90ba9,organic_search
58deab23e6b24d0db87b46966478956b,2017-08-22 10:26:07,57b30bb0fe284da5b57510a8823d88a2,organic_search
d5fc44d53e314451869c4f5c78042a56,2017-10-07 05:19:52,bd7014dfab0643b08af9d59f9064c67f,display
5b60d7827c534201b2665dd0ebe223a9,2017-07-02 10:44:44,54ac0583af594362879a48b3c36bac75,paid_search
38cbd16870294730aa6e4a16ab33d25c,2018-03-05 01:10:34,7e92b46dac574b1b9786c529162a68c6,direct_traffic
ec8d91ee478b46a389091e43ef001d46,2018-01-18 03:43:52,fd67c44c56284345a9d416ecc4e70697,social
bcfe6db78b6c41f28e003fadf8ac6163,2018-05-12 20:27:27,54dadc715073494a9f52e4f263e34d4e,paid_search
ae1858c9308e4f09af9726ceceda7732,2017-09-23 23:33:39,c005e1915b5a420dba2530a0e055f0e1,organic_search
6397ed51e9e740c79121ca5fb4bf094e,2017-12-17 08:39:02,30603de19a0f45f98e07cc24bb54cd32,organic_search
bd57f0b7fcb042598cd96f86d90ae2d3,2018-05-23 10:28:21,f7f91884fcc441c3a73051d4c1896af9,social
a9a0afa34c3a4112be4fc0f854f037dd,2018-05-07 01:42:37,c2366a33c94543b4a5c36a8911cb5ebe,email
b202e82153374bdea2a00a7388180555,2017-12-13 14:06:37,7b5e3159006745bdbee47199b5293638,social
50624c0f72dc448481c6a67a1ac3355f,2018-05-17 11:23:00,c005e1915b5a420dba2530a0e055f0e1,social
a615431e4cd048a5a90ccda73bf566f7,2017-06-28 00:28:19,22d5f074d6fd43b2b796684fe6998629,organic_search
9e6075cc60e245fc9c567945d76d9daf,2017-10-07 07:23:39,fd67c44c56284345a9d416ecc4e70697,display
83477b61c4fc4242a7c606b711c08b9c,2018-01-13 08:12:43,c2366a33c94543b4a5c36a8911cb5ebe,email
2ef2e628998e478f9ccba3feadbedb38,2018-04-21 23:34:46,7e92b46dac574b1b9786c529162a68c6,paid_search
a42257e76e6249f0844acded55be5acc,2018-03-29 19:54:05,22d5f074d6fd43b2b796684fe6998629,other
181fe8e0b17c410e885b4a756fa71230,2018-04-05 07:09:11,d650cf637d2e4393939ab7a1b5bd56fb,social
c35a46682bfd4380a45b828bb3202e9d,2017-09-08 10:42:38,b3ebd0b9fc81475f87eaafca8d37f073,social
c5f5ccb675bd4fa3bf2fd76550574b7f,2017-08-30 02:42:40,32f776c66b854bc08925bb990a3b5ea3,direct_traffic
f439fe2ccf7b4a23b962144a6ff38e63,2017-08-28 18:42:30,dc97f501f52d4c12817bfe088b55a525,email
74c97a9a50d640f684ac2ea69c9f5190,2017-12-11 01:28:46,7b5e3159006745bdbee47199b5293638,direct_traffic
e28d789cd79f4b689c6a97e477281916,2017-10-21 20:15:54,b5aed19b7ce942ceb1082d725df90ba9,organic_search
19867f09972546f494dd509ae3fe2ace,2017-08-06 05:51:33,702afe38d2d2425a9b41828bf926fbf5,paid_search
c8c965828ec7463ea5ee8cbb9084bf9b,2017-10-09 00:12:19,42aab95b911f48e28fc6e5aff6d61bab,organic_social
d7e40d3c79d14c25992ffda5cbaaea79,2018-01-25 05:38:10,eabde2c6e9064911b23d789ff68f2bbb,organic_search
80d02753adc1496fa24ebf99499129b6,2017-08-18 11:44:47,fd67c44c56284345a9d416ecc4e70697,paid_search
cf58c2d2446b4ec29de6ea351401fa6a,2017-06-27 22:46:08,fd67c44c56284345a9d416ecc4e70697,paid_search
0334f9941de94597917429e91bbfa039,2018-05-05 10:57:52,6eb360925f334493a6951325d8182624,paid_search
c0586ee2d56d4900bce6b6091b6faf17,2018-03-21 20:01:50,7e92b46dac574b1b9786c529162a68c6,social
c8cf14222e7044ccb8cb2674d2f8e7e7,2017-07-08 11:34:22,30603de19a0f45f98e07cc24bb54cd32,display
448a7ebe827d4bec88ed636968b124b5,2017-09-21 06:41:40,30603de19a0f45f98e07cc24bb54cd32,organic_search
b6bc49c2aadb46059833c5468627892e,2017-07-05 18:23:29,32f776c66b854bc08925bb990a3b5ea3,organic_search
cf68f77c305a43b7a3ef8f2c33527c8b,2017-12-30 19:46:22,c005e1915b5a420dba2530a0e055f0e1,organic_search
ff21a36d8edd4a7c91a684bebb441f1a,2017-12-24 03:20:51,7e92b46dac574b1b9786c529162a68c6,referral
b1242eef37b547ffb3a51f28f694950f,2017-09-22 07:46:04,57b30bb0fe284da5b57510a8823d88a2,social
adcbeb944a0146768b41fb2eb5a0d968,2017-11-17 12:03:13,7e92b46dac574b1b9786c529162a68c6,paid_search
5e8f434f823e4de9a2180a601a646f69,2017-10-29 07:57:12,d650cf637d2e4393939ab7a1b5bd56fb,email
c663d1e7ec4b45778359323d2aa6e06c,2018-04-13 19:18:53,6eb360925f334493a6951325d8182624,referral
d250f4644ff24d81be89eb34148a0fcf,2018-03-15 23:38:25,e73bb83cf417427888827b7bd8835d0c,email
ee6e519de6ac4596b722e7b5cb0de641,2017-07-29 12:35:51,b3ebd0b9fc81475f87eaafca8d37f073,organic_social
7082e8b0786442a5b0bb3c89d89e5096,2017-10-02 23:23:02,fd67c44c56284345a9d416ecc4e70697,organic_search
f9e4727ac1cd4128987c9141804b0792,2018-04-15 08:52:38,eabde2c6e9064911b23d789ff68f2bbb,direct_traffic
cca32a2cd6b3478394713a69083b4c0e,2018-05-16 11:41:05,ff05ce68802a4f1796f1c6ff9508133e,paid_search
40d0c3a89364476780ae1dfe3938ef83,2017-07-29 14:02:57,b5aed19b7ce942ceb1082d725df90ba9,email
eceead3245d646f18e2914b4b4249ca1,2018-03-04 10:17:50,e73bb83cf417427888827b7bd8835d0c,direct_traffic
9b5df262d319483db294713ef0ca5214,2018-02-20 13:39:06,30603de19a0f45f98e07cc24bb54cd32,email
184618ec2a564c428116f303229c8ea0,2018-02-16 16:13:20,6eb360925f334493a6951325d8182624,direct_traffic
6c206dd64bc742988bb11b25273bea54,2017-06-23 10:47:34,5c9fede2c59f461bab56ff6d802fa6a1,organic_search
63e496ea5f9840dd85075cd07e274ecb,2018-04-30 07:00:32,42aab95b911f48e28fc6e5aff6d61bab,social
3e664f53e96d446a9bc4e57c957456a1,2018-02-19 02:59:53,dc97f501f52d4c12817bfe088b55a525,
9ab2eca51b49498db18f7ff1eeb97300,2017-08-25 19:35:13,c005e1915b5a420dba2530a0e055f0e1,organic_social
c42277dd32434e7c90b850d1111badb6,2017-06-04 22:49:33,24f5fbd22d624e12b58faeb2f2742ebb,organic_search
623148d55fe14392aff40415a8e1b541,2017-09-16 22:55:11,d650cf637d2e4393939ab7a1b5bd56fb,organic_search
8ce5331ff05641928644ec8b7b3c6e69,2017-09-18 15:26:41,bd7014dfab0643b08af9d59f9064c67f,organic_search
8be9041d6bbf4344ad793fe596c43082,2017-07-24 07:29:05,c005e1915b5a420dba2530a0e055f0e1,direct_traffic
11d8b0c8e11b4c318c54ae31e3686435,2018-05-26 15:50:47,d4a547d9c0264e5e821f2ce922348c3d,email
df49bce86e9849b79cc5d1f84b7b170f,2017-07-07 05:35:52,e73bb83cf417427888827b7bd8835d0c,organic_search
2bcd8e0be7ed431ca0365085441d30da,2018-01-22 12:04:38,eabde2c6e9064911b23d789ff68f2bbb,social
e867317e0a964577a98b4eedf014902f,2017-07-15 02:40:00,eabde2c6e9064911b23d789ff68f2bbb,email
939ea28464d74ee89eb80f0466462677,2017-08-31 09:10:18,c005e1915b5a420dba2530a0e055f0e1,direct_traffic
e2d0333e403a4eb1a23c8e0f133e60c2,2017-07-07 20:56:01,bd7014dfab0643b08af9d59f9064c67f,social
bcbbe4b56bc84d67a537f3c3dc1d44cf,2017-09-25 09:25:01,7b5e3159006745bdbee47199b5293638,social
e7ea63df203145b1a2cde3090d5c4935,2017-12-16 16:25:29,d4a547d9c0264e5e821f2ce922348c3d,social
95a4c9b81746453a906082f3ff066e89,2017-12-25 15:45:57,42aab95b911f48e28fc6e5aff6d61bab,paid_search
35e06bad402b4061bfb62c9ad6bd95bf,2017-06-09 14:10:52,57b30bb0fe284da5b57510a8823d88a2,social
3e614e786544450094c214e67faa5b36,2017-07-31 19:28:21,e73bb83cf417427888827b7bd8835d0c,direct_traffic
39f42568ff4648bfb2e1a71166737cbc,2018-04-25 22:30:48,24f5fbd22d624e12b58faeb2f2742ebb,referral
f5a2712faad64897968fad3ca2757772,2018-03-27 01:39:25,f7f91884fcc441c3a73051d4c1896af9,social
a8ab14c54533469fa7eb67b81285e60c,2017-07-08 13:01:24,c2366a33c94543b4a5c36a8911cb5ebe,direct_traffic
394f76476f494f25abadc31734532ea0,2018-02-13 03:51:51,0c738336dbd04e959c993ff02dbf5e0f,organic_search
c6af476346ba4fbca076bc99d26bbca2,2018-05-18 10:58:18,fd67c44c56284345a9d416ecc4e70697,paid_search
b0e3d3658b1c43adb4ad72a93d24d88c,2017-07-15 10:14:59,d650cf637d2e4393939ab7a1b5bd56fb,organic_search
2c7d6d787cfa4cea8d564c36d8b4759b,2018-01-11 13:53:12,ff05ce68802a4f1796f1c6ff9508133e,organic_search
e4c2fbda57f54f6b940a850a26dd0260,2018-05-05 01:07:19,6eb360925f334493a6951325d8182624,direct_traffic
46208a2bdb5340c9b1cc2a010769781b,2017-08-20 19:25:22,9949586af6134c339c1809ad3ec0df66,
cac349c57b7e43fcad9de8c2c5c19e5e,2017-08-09 14:14:08,280fc02b8ead46d897a70c9fa8a76c35,organic_search
35d4e2c89bcc47f6bd0e83e11a248944,2018-03-07 10:44:23,d4a547d9c0264e5e821f2ce922348c3d,paid_search
04443dd2eb914610b5dd132981e0d824,2017-08-13 10:51:06,57b30bb0fe284da5b57510a8823d88a2,email
aeef80d7bad342e5b467901a7c44b5be,2018-04-28 13:35:06,e73bb83cf417427888827b7bd8835d0c,organic_search
36f3219dd9a54daf9dc9db44f2b695bf,2018-03-11 20:12:34,2566ffa7a57141909a5618885cb43553,social
1685ac89f183496887150ccc0e08cdfa,2017-08-03 01:31:15,e73bb83cf417427888827b7bd8835d0c,direct_traffic
d0bf7871a4eb4d4e90963ae21bb64947,2018-03-21 21:43:24,ff05ce68802a4f1796f1c6ff9508133e,social
d22c225bfe234fbbb3917d0b4127708b,2018-03-03 19:56:05,24f5fbd22d624e12b58faeb2f2742ebb,organic_search
b15b454a019a45dc891137d1f04f8d55,2017-11-04 07:38:52,22d5f074d6fd43b2b796684fe6998629,paid_search
5dfdc6da0aa048e2a98e997658994a7b,2017-11-24 07:42:32,7b5e3159006745bdbee47199b5293638,email
13299bc0c8074e17ac2b989799e83695,2018-04-27 18:39:41,2566ffa7a57141909a5618885cb43553,social
efdb49aa7dd540e8b545e3b6f26a24ac,2017-08-22 06:41:56,9949586af6134c339c1809ad3ec0df66,organic_search
618c5294cc9646b2a0f0c3cf28920ea4,2018-04-12 09:12:07,54ac0583af594362879a48b3c36bac75,direct_traffic
3aa81e84b9fa4e92bd52fa7c71aa7539,2017-07-29 06:36:10,57b30bb0fe284da5b57510a8823d88a2,organic_search
7eea7684859f4bbcbe4dc4ccb881abe9,2018-03-18 01:58:48,54dadc715073494a9f52e4f263e34d4e,direct_traffic
050d74e68c81436c94fa81eeb4773d26,2018-03-09 16:47:38,d4a547d9c0264e5e821f2ce922348c3d,organic_search
f310da1c32d74986b8f90aada7b94ae5,2018-03-09 02:39:47,0c738336dbd04e959c993ff02dbf5e0f,display
3cfa81297ce04d9085e1485c24024490,2018-05-10 02:27:09,b5aed19b7ce942ceb1082d725df90ba9,paid_search
a93458b041af4ccaa2b24e6978175b1e,2017-07-21 07:11:15,22d5f074d6fd43b2b796684fe6998629,paid_search
a3f9b6d258f64e038c949df850f39e60,2018-03-25 17:44:17,42aab95b911f48e28fc6e5aff6d61bab,organic_search
02b5a65998e3438da54e9df6d9446c62,2017-11-30 04:40:05,57b30bb0fe284da5b57510a8823d88a2,paid_search
7e2e3c9785c2470a99157b819863e90e,2018-05-02 08:32:20,dc97f501f52d4c12817bfe088b55a525,referral
3e59f7c9f5af4dd4b0592d6378b9eecf,2017-10-24 22:33:21,24f5fbd22d624e12b58faeb2f2742ebb,
2dd92f05624448049907e9ba25b1e613,2017-09-08 11:34:12,6eb360925f334493a6951325d8182624,paid_search
446e6b60c7d1445c9404a62001e8fd4d,2018-01-17 11:57:16,fd67c44c56284345a9d416ecc4e70697,paid_search
e64559cc1bed4050b8db7185963fe8d1,2018-05-04 11:07:45,f7f91884fcc441c3a73051d4c1896af9,direct_traffic
c681e5a25fa64471a909bc51115cc958,2018-03-27 05:32:54,702afe38d2d2425a9b41828bf926fbf5,referral
5816955995f54c9ca0d706a43527cad2,2018-03-18 13:16:14,280fc02b8ead46d897a70c9fa8a76c35,social
eb061883182747049c8c6d4c9a06fee1,2017-11-09 15:35:39,32f776c66b854bc08925bb990a3b5ea3,paid_search
28c055fe65d14767b40094e91cd3552c,2017-06-03 11:24:13,9949586af6134c339c1809ad3ec0df66,paid_search
3b3f194c7877437a8aab794b8d802f1b,2017-09-22 23:19:55,7b5e3159006745bdbee47199b5293638,direct_traffic
bf54e431a7f84bb29bf33f5c4c29036c,2017-10-20 13:05:18,2566ffa7a57141909a5618885cb43553,organic_search
91910be6ca42486f9e59546acf410580,2018-05-14 12:04:18,5c9fede2c59f461bab56ff6d802fa6a1,social
3a5c4738981b493684c01b31b1282cd0,2018-02-01 16:51:06,b3ebd0b9fc81475f87eaafca8d37f073,paid_search
b794ad01f932432ab797213ae4ffe859,2017-12-01 11:07:18,6eb360925f334493a6951325d8182624,email
b480d01dadc245589315f0fb8bdde09d,2018-03-10 03:57:44,32f776c66b854bc08925bb990a3b5ea3,organic_search
a2e3945c9a574b7782afa7822fb93e64,2018-04-27 22:05:11,24f5fbd22d624e12b58faeb2f2742ebb,social
cad7d8e05bff4db18ecbc21eb5567eb6,2017-10-22 05:05:50,5c9fede2c59f461bab56ff6d802fa6a1,paid_search
46cb252a17a24ae59df6de05d28f677f,2018-03-03 07:09:06,b5aed19b7ce942ceb1082d725df90ba9,social
bd8c9c3199a447b3bc28d92d27460089,2018-04-17 02:47:02,22d5f074d6fd43b2b796684fe6998629,organic_search
0d984450349c4da985736eb3a36fb20b,2017-07-09 00:40:41,54dadc715073494a9f52e4f263e34d4e,social
d3321a957c964cf19e1188c0cac82957,2018-02-15 22:59:48,e73bb83cf417427888827b7bd8835d0c,social
d43bacf5f4774305bfcab5fe61fa23a1,2018-03-25 21:04:37,ff05ce68802a4f1796f1c6ff9508133e,social
a047955b428c4a38a8a556acc1c7a6ac,2018-03-30 07:44:46,c2366a33c94543b4a5c36a8911cb5ebe,social
ca22523ce76c4976a0d844aa141cf76f,2017-06-19 20:04:58,b5aed19b7ce942ceb1082d725df90ba9,direct_traffic
bed85673a2d14ee088be596f9a0e3ea2,2018-03-06 19:38:56,6eb360925f334493a6951325d8182624,email
e40745bd6b14432aa2f71ff24816178c,2018-05-01 05:24:41,7e92b46dac574b1b9786c529162a68c6,organic_search
f549c9996d2446ed88591f681225d1e1,2017-12-18 08:07:49,5c9fede2c59f461bab56ff6d802fa6a1,email
51fdd3504159471b8facc7261d4df13c,2018-03-29 10:35:41,2566ffa7a57141909a5618885cb43553,paid_search
e0bcefe6c9b74e86a266662c6421b76b,2018-01-24 18:14:43,30603de19a0f45f98e07cc24bb54cd32,organic_search
11e3d702e6124e318222b6c05294613f,2017-07-17 14:26:47,7e92b46dac574b1b9786c529162a68c6,organic_search
45ebcc83c66d428c8f44c8b9cb3a9ccf,2018-02-13 00:23:08,57b30bb0fe284da5b57510a8823d88a2,paid_search
48f35316ae4f44fdb7660e19ebbdecda,2017-10-01 22:21:22,57b30bb0fe284da5b57510a8823d88a2,email
bf1f01e2d1dd463c8f2cf488875ecd5e,2017-08-24 18:43:08,2566ffa7a57141909a5618885cb43553,direct_traffic
02f1b8e525554eb6a5ae4cc8256f9b52,2018-01-15 05:47:49,32f776c66b854bc08925bb990a3b5ea3,email
9c5b7327b6fa46cb9c45a2a9e359f72d,2018-03-17 20:36:02,57b30bb0fe284da5b57510a8823d88a2,social
03b9ef5be19741b387be2785a22c807b,2017-08-14 17:36:13,7e92b46dac574b1b9786c529162a68c6,paid_search
e1a5daafacd54f0c8c3ed7dff18ba686,2017-06-21 07:58:01,d650cf637d2e4393939ab7a1b5bd56fb,organic_search
8bc427ffc8134178ae86781af9714b57,2018-02-05 08:26:15,24f5fbd22d624e12b58faeb2f2742ebb,paid_search
8519f1a69a53475b837a82b0484da5be,2017-10-14 13:27:02,9949586af6134c339c1809ad3ec0df66,paid_search
a23ea474af3e451b9679a7d78ab22175,2017-06-22 07:31:42,30603de19a0f45f98e07cc24bb54cd32,organic_search
b465208586284882ba8ca475a85b9be1,2017-12-02 14:07:48,6eb360925f334493a6951325d8182624,organic_search
f82cfaa5ff5b482a8425446f35ebcdd3,2018-01-19 01:41:26,eabde2c6e9064911b23d789ff68f2bbb,social
3695c79abd6a4da39189e8efe3a350dc,2018-04-29 11:47:56,dc97f501f52d4c12817bfe088b55a525,direct_traffic
7ccbaae770534dc7a2e68b6099f00814,2018-05-27 18:58:57,d4a547d9c0264e5e821f2ce922348c3d,
549c9d19de684087b579917e0a2bc68b,2017-10-19 09:35:13,702afe38d2d2425a9b41828bf926fbf5,organic_social
b285d9023c044400a517e1739e6f40c9,2018-03-06 20:45:32,32f776c66b854bc08925bb990a3b5ea3,social
f3abf90c06d64e49b67cd7203b20e527,2017-12-10 23:47:58,ff05ce68802a4f1796f1c6ff9508133e,paid_search
3538d56b1fa641619721c68041c144c3,2017-12-05 21:23:48,d4a547d9c0264e5e821f2ce922348c3d,social
19c0f7b782344786ac299fd792b53618,2017-07-10 18:48:40,b5aed19b7ce942ceb1082d725df90ba9,email
6f16051443b94a26abe90aba66c60870,2017-12-10 08:06:55,30603de19a0f45f98e07cc24bb54cd32,organic_search
b128d13cc5af49ca9ecf0570d7d8abf7,2017-12-25 12:50:55,bd7014dfab0643b08af9d59f9064c67f,paid_search
397885875d8545b0b1f7ea112eb7ed07,2017-11-24 17:43:33,280fc02b8ead46d897a70c9fa8a76c35,email
f3743dbda83d4fec8c69803a7f99269b,2018-02-02 21:59:55,e73bb83cf417427888827b7bd8835d0c,paid_search
ec638e46d96446739efa4647b493bb28,2018-02-12 05:03:34,b3ebd0b9fc81475f87eaafca8d37f073,social
e73a13168c264b4b91858946eb198d49,2017-08-24 08:22:25,24f5fbd22d624e12b58faeb2f2742ebb,social
c785175773ce4c2390e6a3f57b1f88c6,2018-02-19 23:25:41,b5aed19b7ce942ceb1082d725df90ba9,organic_search
50ee920d9b08456693d0413d714d3e75,2017-09-17 05:28:12,32f776c66b854bc08925bb990a3b5ea3,paid_search
444b940fefca4571857f54283f34a7cd,2017-08-20 13:11:17,fd67c44c56284345a9d416ecc4e70697,paid_search
0c04ae9127e342eb817dac6e0d83477c,2017-07-31 08:23:11,7b5e3159006745bdbee47199b5293638,organic_search
7f45244c1b0c4e329e39efc472a8a809,2017-11-17 04:07:35,6eb360925f334493a6951325d8182624,organic_search
aebff22cefad4767b33482850f243fd6,2018-05-12 17:25:59,6eb360925f334493a6951325d8182624,email
a094ddc370424b278c782363977253fe,2017-09-16 21:30:36,32f776c66b854bc08925bb990a3b5ea3,organic_search
2c4f22e449ef414797278be6cb2b7857,2018-04-28 14:57:37,e73bb83cf417427888827b7bd8835d0c,social
22974dc21eb5480bbe0673978232f96d,2017-10-03 01:34:15,2566ffa7a57141909a5618885cb43553,paid_search
963818b0374c410c9dab04b5af7b61b8,2018-03-21 21:34:00,32f776c66b854bc08925bb990a3b5ea3,display
6d95bde50fd947aa94a7ef8b3d54cea2,2017-08-08 22:55:15,30603de19a0f45f98e07cc24bb54cd32,organic_search
1acf7929367647d89ac6d32dad3677fe,2017-06-21 20:50:08,2566ffa7a57141909a5618885cb43553,paid_search
f5fb371a1fe3483ab0e0b0d499f9d821,2017-06-29 06:03:22,b5aed19b7ce942ceb1082d725df90ba9,referral
c3d8f58c56584b888bc219bebfc5a6bf,2017-09-01 18:48:37,ff05ce68802a4f1796f1c6ff9508133e,email
6ccad1313b554025900af57c3f78e376,2018-04-03 20:31:12,d4a547d9c0264e5e821f2ce922348c3d,organic_search
3b937c76536345d2967a5170c84db688,2017-06-10 10:19:12,24f5fbd22d624e12b58faeb2f2742ebb,email
e63ed6ac38444546893047b34e9037b9,2017-09-19 16:21:17,fd67c44c56284345a9d416ecc4e70697,paid_search
15b6dfc0dc2948aa89f3baf804b9c5d1,2018-01-28 17:32:13,32f776c66b854bc08925bb990a3b5ea3,paid_search
0f1c3e2fe9c64c208fdef8252c375c2d,2017-09-21 14:57:20,fd67c44c56284345a9d416ecc4e70697,organic_search
fa5b1e8e8a194f56ab4f5eab6dd568ad,2017-08-13 21:12:48,bd7014dfab0643b08af9d59f9064c67f,organic_search
a8e7a155b4124467aea5d5622578a3dd,2017-09-02 22:41:25,57b30bb0fe284da5b57510a8823d88a2,direct_traffic
56e57a312b144c868de59bd640a35ed1,2018-02-17 09:37:51,32f776c66b854bc08925bb990a3b5ea3,paid_search
951de1a2027b4e30980ddad7fba90ca6,2018-05-18 12:28:34,c2366a33c94543b4a5c36a8911cb5ebe,paid_search
7cc047f1cd9443aab359817cb7ff48f4,2018-01-19 21:43:08,702afe38d2d2425a9b41828bf926fbf5,direct_traffic
4f7215397ef64a6b949589dbb8548139,2017-07-06 08:22:02,ff05ce68802a4f1796f1c6ff9508133e,direct_traffic
7f5a79fc54334d6892dcd184edede5a1,2017-12-15 04:48:49,dc97f501f52d4c12817bfe088b55a525,organic_search
64bce711adef4a3597d85751936fbd4b,2017-06-09 07:22:02,30603de19a0f45f98e07cc24bb54cd32,social
5815a421248e49899af869eb2998927e,2018-02-14 15:17:03,bd7014dfab0643b08af9d59f9064c67f,organic_search
00ce1d54994a4771870c22a4dda1becc,2017-08-16 22:02:45,dc97f501f52d4c12817bfe088b55a525,direct_traffic
c2d75bf4d8374884bcf580a8375ceabb,2017-08-30 17:19:33,5c9fede2c59f461bab56ff6d802fa6a1,direct_traffic
dabea5913e9147cb829525472913af2f,2018-04-11 21:50:18,eabde2c6e9064911b23d789ff68f2bbb,display
46fa2abe34c740219e68c833905a291f,2018-02-28 18:19:32,d650cf637d2e4393939ab7a1b5bd56fb,organic_search
82c3b34b3f5543a0bf600b376dc0ddfa,2017-07-31 03:23:34,6eb360925f334493a6951325d8182624,organic_search
07523e77445f40c19e793a7a124adba6,2018-05-04 04:44:42,5c9fede2c59f461bab56ff6d802fa6a1,paid_search
18e97173e9e64d74b3408d9b36c9ed40,2018-04-05 19:38:05,bd7014dfab0643b08af9d59f9064c67f,organic_search
a0e4451de5954fccb9c84f7d6628cde3,2017-06-01 23:38:16,7b5e3159006745bdbee47199b5293638,organic_search
4d13742489594a17abebb7805b4c62ef,2018-02-23 15:18:59,7e92b46dac574b1b9786c529162a68c6,organic_social
0bc83cb8556d49e78dc3e8a4befce63c,2017-06-23 19:17:24,7b5e3159006745bdbee47199b5293638,organic_search
3c0fd62b898b400089664c56e27380a7,2017-09-26 17:33:12,280fc02b8ead46d897a70c9fa8a76c35,organic_search
61c352af8af64b0693d511f08be8e064,2017-12-13 12:45:43,702afe38d2d2425a9b41828bf926fbf5,direct_traffic
f613612827704f8e8402bd71e7a10d67,2018-05-23 20:58:33,dc97f501f52d4c12817bfe088b55a525,paid_search
020bb1b0ecc04ee8b39fb3f825c58ef5,2018-01-04 04:52:28,b5aed19b7ce942ceb1082d725df90ba9,email
634bde21c48540e8be444917f99d3061,2018-01-31 08:27:55,c2366a33c94543b4a5c36a8911cb5ebe,organic_search
810984b40ece4dd2ac0ee3252fe4e286,2017-07-13 10:18:48,fd67c44c56284345a9d416ecc4e70697,paid_search
30f8d6ba05884e199bc1b746e1623411,2018-03-06 14:52:42,b5aed19b7ce942ceb1082d725df90ba9,organic_search
ad4d8360ed924696a0f44e1f19f4f559,2017-09-05 00:11:56,f7f91884fcc441c3a73051d4c1896af9,organic_search
75db7c1fb2694742b81b57632d4d83cf,2017-06-04 21:02:37,30603de19a0f45f98e07cc24bb54cd32,organic_social
cd597fa2b8d9431692e8285abebec19c,2017-07-31 18:55:26,e73bb83cf417427888827b7bd8835d0c,organic_search
e340de76c48d4ba1a6e0801cc4a57066,2017-12-10 23:49:52,54ac0583af594362879a48b3c36bac75,social
d012582f91f94f4393c26c9916940b67,2018-05-19 11:30:05,7b5e3159006745bdbee47199b5293638,paid_search
159792b31e5b4d3e8d9ef8f01e36499b,2017-12-03 03:52:50,2566ffa7a57141909a5618885cb43553,paid_search
6ea84f6105854d40b65c16e053752583,2018-01-05 23:43:23,702afe38d2d2425a9b41828bf926fbf5,referral
325498e1c8db45d28bd8afd36496f427,2017-10-08 09:30:49,54dadc715073494a9f52e4f263e34d4e,organic_search
8d9e33a02a2d4cb897f6af8780eaabde,2018-03-02 15:25:17,702afe38d2d2425a9b41828bf926fbf5,direct_traffic
d3926aa8ab04489a9bb812cbfeefe5b5,2017-12-05 22:16:40,b5aed19b7ce942ceb1082d725df90ba9,display
6885506d05614a01ac282c4b6aeed0b1,2018-05-15 14:28:15,d650cf637d2e4393939ab7a1b5bd56fb,social
e30dc736dbd5459c843d3cb8655b6687,2017-09-13 15:02:42,c005e1915b5a420dba2530a0e055f0e1,organic_social
5ba7860f0be74a17a7d4c48b4e2b83d3,2018-03-13 17:33:58,32f776c66b854bc08925bb990a3b5ea3,organic_search
f0556f2f558b42ffb05f08f889fa5eec,2017-12-07 20:21:21,c005e1915b5a420dba2530a0e055f0e1,paid_search
b1cee23100444225bf008b82e481562f,2018-02-03 09:14:23,0c738336dbd04e959c993ff02dbf5e0f,organic_search
ce42d6fd7df34d438c8e1d8144b06341,2018-03-23 12:32:15,d650cf637d2e4393939ab7a1b5bd56fb,direct_traffic
9c07852a444349c4853cc0770beb599b,2018-05-28 14:29:43,22d5f074d6fd43b2b796684fe6998629,
a221cdffca7940c6be949d971bc962e9,2017-08-10 04:20:08,22d5f074d6fd43b2b796684fe6998629,organic_search
a963fdbc823c4d49a7c1e188f4d1a0e0,2017-09-26 16:15:36,280fc02b8ead46d897a70c9fa8a76c35,direct_traffic
f96fac2c13b247c5b27783d73c578925,2018-05-25 05:53:26,dc97f501f52d4c12817bfe088b55a525,organic_search
ea8c9b45547e4a709f1a27d38668ad77,2017-09-18 18:30:29,ff05ce68802a4f1796f1c6ff9508133e,social
b5516628108141aa81e8b1aded49306b,2017-11-21 20:02:45,fd67c44c56284345a9d416ecc4e70697,paid_search
99fbc776ca0743949881c32a42a9820a,2018-05-23 01:53:42,32f776c66b854bc08925bb990a3b5ea3,other
6fd46a18e4a94805a00a2f3fb352e079,2017-12-17 23:09:05,e73bb83cf417427888827b7bd8835d0c,social
8d634ea07a20445c84f7abde8893c3b6,2017-07-17 05:17:28,6eb360925f334493a6951325d8182624,paid_search
29c027bdf1bf4d53b43cd5b6c01e4c3a,2018-04-04 15:51:05,24f5fbd22d624e12b58faeb2f2742ebb,organic_search
869c27e943cc44778ff4615543785933,2017-07-03 09:34:43,9949586af6134c339c1809ad3ec0df66,organic_search
a1c6b910ae1149539915d5da11ae45f1,2017-12-07 02:54:50,fd67c44c56284345a9d416ecc4e70697,organic_search
e204a61539af43d4a868e674bc6362d3,2017-06-20 13:59:34,c2366a33c94543b4a5c36a8911cb5ebe,organic_search
fd27fbd085aa426bba21ead47a72306e,2017-12-23 22:21:13,d4a547d9c0264e5e821f2ce922348c3d,referral
3151e4a87a2a4352a230f18c29aa4305,2018-02-22 10:25:48,f7f91884fcc441c3a73051d4c1896af9,social
4a99d96d8b1c42f791a896d7ec59a442,2018-04-02 02:05:31,d650cf637d2e4393939ab7a1b5bd56fb,social
149c76aa9f424daa92f37abc2407ef28,2017-08-29 23:18:44,6eb360925f334493a6951325d8182624,organic_search
5fb9eadf8f6548b5a7279731457648f4,2018-01-11 00:23:23,54ac0583af594362879a48b3c36bac75,referral
2a2e120d943446f7b146843f9307b82f,2018-05-03 18:51:55,0c738336dbd04e959c993ff02dbf5e0f,direct_traffic
3daf872c5d8b44c2ad994937105be016,2017-09-08 01:13:25,280fc02b8ead46d897a70c9fa8a76c35,organic_search
9d5e6b543f27477eae1c4a438eac84b8,2018-04-03 18:35:18,30603de19a0f45f98e07cc24bb54cd32,direct_traffic
78bf8198de44437b8b95ad0e6c890067,2018-05-24 08:26:05,fd67c44c56284345a9d416ecc4e70697,social
6b4b2f2fc7c644f3874b03dfacefa3c1,2017-08-26 01:18:46,7e92b46dac574b1b9786c529162a68c6,organic_search
88631135e9d845739dcbc3f620c13795,2017-10-01 23:50:54,e73bb83cf417427888827b7bd8835d0c,paid_search
d6260021b31b4913bb602917f8252735,2017-08-20 03:09:42,b5aed19b7ce942ceb1082d725df90ba9,paid_search
83b5e371f7ef4732b251bbe3bebc7377,2017-12-22 12:51:25,57b30bb0fe284da5b57510a8823d88a2,organic_search
bd38e9f7c0f948529833b6f188f4f8d4,2017-12-20 14:45:43,702afe38d2d2425a9b41828bf926fbf5,display
8405c8f7799441fca812348a7fa80461,2017-09-11 18:51:01,e73bb83cf417427888827b7bd8835d0c,email
411e11a3c5f24a50a6cf60bec38602c9,2018-05-27 02:29:53,c2366a33c94543b4a5c36a8911cb5ebe,direct_traffic
38524bd15183402f83d450e6bd25b46a,2017-07-17 20:00:36,0c738336dbd04e959c993ff02dbf5e0f,paid_search
10ba2bc79d764b50b27671f099094515,2018-03-14 21:13:26,7e92b46dac574b1b9786c529162a68c6,paid_search
de045e17d6094f3d8e730e9039ced9fa,2017-11-25 10:04:02,9949586af6134c339c1809ad3ec0df66,direct_traffic
27c7a56cd6894308b28c5ed618dfa6bb,2018-04-07 07:04:56,b3ebd0b9fc81475f87eaafca8d37f073,social
1bd504e443d34a3cbf594f4626ae50b4,2017-12-24 20:55:54,e73bb83cf417427888827b7bd8835d0c,organic_search
67f153f632a14f769d7862b731e8e23c,2017-10-12 06:22:22,7b5e3159006745bdbee47199b5293638,social
f0c0dd0dab66488f90d822fd5dc49a50,2018-02-15 03:52:34,c005e1915b5a420dba2530a0e055f0e1,email
a62c7e9a467a4bd9a5a9125e75ee98b2,2017-07-08 18:19:11,0c738336dbd04e959c993ff02dbf5e0f,paid_search
4d67138efb454e948d11c7cfe474b83f,2017-11-22 04:15:36,280fc02b8ead46d897a70c9fa8a76c35,organic_search
d04b5ed816c54089ba9f0d5dd8719768,2018-02-18 09:22:56,5c9fede2c59f461bab56ff6d802fa6a1,email
9f2b8229a01a447d8879c1775cc86710,2018-03-03 20:55:52,b5aed19b7ce942ceb1082d725df90ba9,organic_search
80af6afb9f5b4605a0475718aba35e58,2018-05-22 16:07:14,ff05ce68802a4f1796f1c6ff9508133e,organic_search
204fc84e206f40e0875bf06baad74935,2018-03-16 17:36:30,d650cf637d2e4393939ab7a1b5bd56fb,organic_search
1ddf39ffe83649e4a135708d4e14f061,2017-10-03 12:22:00,d650cf637d2e4393939ab7a1b5bd56fb,paid_search
29eb12e8c91545fe87f0ab49f09f67c8,2018-01-21 16:46:27,5c9fede2c59f461bab56ff6d802fa6a1,direct_traffic
5486ef2bc4fc4ca2bba4d43d971302cd,2018-03-28 00:59:44,6eb360925f334493a6951325d8182624,social
d0928291a46643bf85d31ce1819ef2b1,2017-07-30 09:23:12,24f5fbd22d624e12b58faeb2f2742ebb,organic_search
eef7806f3f1144608e5215597ee079ad,2017-12-13 23:04:15,280fc02b8ead46d897a70c9fa8a76c35,referral
12f89f3a48fb427a94f5679679dbf362,2017-09-21 08:22:17,280fc02b8ead46d897a70c9fa8a76c35,referral
7461a8067310453abefcf322ab0cc6f0,2017-11-09 15:00:57,7e92b46dac574b1b9786c529162a68c6,referral
226fdaa54a03470681d122ad2e20711f,2018-02-20 19:30:08,e73bb83cf417427888827b7bd8835d0c,organic_search
3dce3708337c4737b2045272cc1354da,2018-05-25 09:35:17,9949586af6134c339c1809ad3ec0df66,paid_search
8146eab0b971485ba2de1ae85e9bd71f,2017-10-26 03:23:10,ff05ce68802a4f1796f1c6ff9508133e,
7fc35a0188a449468e7811585dfbb215,2018-05-11 12:27:05,24f5fbd22d624e12b58faeb2f2742ebb,email
4fe4e41908c54d50ad941905c1e87d6d,2018-03-11 06:29:54,6eb360925f334493a6951325d8182624,organic_search
ad0d307c65524d549763c1580b4d10ea,2017-11-08 12:52:18,54ac0583af594362879a48b3c36bac75,organic_search
a9e38e4f7af845cda1714fc10a32dac4,2018-03-21 09:47:48,32f776c66b854bc08925bb990a3b5ea3,paid_search
5e0e90d70a744ecb8299357ae4c3f441,2018-05-16 06:55:25,6eb360925f334493a6951325d8182624,organic_social
178af3c4d1004a15ba7d0c752f93a7aa,2017-09-11 08:33:03,22d5f074d6fd43b2b796684fe6998629,social
57b79c4aa4e042ffb0352deda67fd2b9,2017-10-02 09:39:47,54ac0583af594362879a48b3c36bac75,paid_search
e9ec08502ffe4976823ebf0cc7f5e88e,2017-09-26 07:22:57,bd7014dfab0643b08af9d59f9064c67f,organic_search
966cfb015132480fbbb859917b477554,2017-10-06 22:31:20,7e92b46dac574b1b9786c529162a68c6,direct_traffic
22b7a18de3e64980b8c8c2ff6946250d,2017-08-19 03:53:03,dc97f501f52d4c12817bfe088b55a525,email
c15998f9b448476f9ab7e4b786acbcf9,2017-07-11 17:56:14,fd67c44c56284345a9d416ecc4e70697,paid_search
6e2647821f564292a8d6801397c0262a,2017-06-04 19:42:52,eabde2c6e9064911b23d789ff68f2bbb,email
760462d3ca8f4d51bf8c133b4ac2f81a,2018-02-02 13:30:53,fd67c44c56284345a9d416ecc4e70697,display
5c52ee6d9a204358bf829eef4a80f267,2017-11-09 17:55:32,5c9fede2c59f461bab56ff6d802fa6a1,organic_search
d8e6359068624402a4a1db2e75ddacfc,2018-03-22 10:00:09,6eb360925f334493a6951325d8182624,social
05f04a8ca1954cc8924c3c8ece22210e,2017-09-02 18:36:35,b5aed19b7ce942ceb1082d725df90ba9,paid_search
b52c8219cd6f4428a97ab05579985d6e,2017-12-21 08:05:10,d650cf637d2e4393939ab7a1b5bd56fb,email
c644a528819a471bac37062444f99195,2018-03-23 04:40:09,eabde2c6e9064911b23d789ff68f2bbb,social
c6f329c081404a61bfd739f1dea0dba2,2018-02-25 15:24:26,6eb360925f334493a6951325d8182624,social
5b1486c2b6604192acfc8bd3d420c09b,2018-03-04 01:11:08,30603de19a0f45f98e07cc24bb54cd32,email
b05fd13a8fa6449aa6ca7a7eed0aba4b,2017-11-25 14:20:05,54dadc715073494a9f52e4f263e34d4e,paid_search
f286bcc72a6642c19ecd402e6655c8c6,2018-05-18 06:21:51,b3ebd0b9fc81475f87eaafca8d37f073,organic_social
8112974ec84449d2aaf95430297895c3,2017-08-01 18:52:02,b3ebd0b9fc81475f87eaafca8d37f073,social
5501b38a11444e1c9f78861a0d88ef0d,2017-11-09 00:18:23,e73bb83cf417427888827b7bd8835d0c,organic_search
28e50b6786bf4ec5acb306f14f6e19f3,2018-05-12 07:40:23,ff05ce68802a4f1796f1c6ff9508133e,direct_traffic
c47219796acd4988a4cefb27ec0e644b,2018-03-25 03:40:05,42aab95b911f48e28fc6e5aff6d61bab,email
393d1b6fa15f4512b84a7a0781c56089,2017-12-03 22:18:38,54dadc715073494a9f52e4f263e34d4e,paid_search
fc967d079ae94061b42f6ac1680cefe7,2017-10-11 06:48:50,c005e1915b5a420dba2530a0e055f0e1,referral
3ba6d859b66d48ebafe605aa8ed1d394,2017-10-13 08:38:02,b5aed19b7ce942ceb1082d725df90ba9,organic_social
8c435d124404472fbe2f5ea11c0bb66e,2018-01-28 22:19:18,42aab95b911f48e28fc6e5aff6d61bab,organic_search
1f4580d872f04cf994f7bad841254722,2017-12-05 06:41:45,6eb360925f334493a6951325d8182624,
e899f3a04217413f9f579b334000e126,2018-01-04 07:39:54,7b5e3159006745bdbee47199b5293638,organic_search
77c847a452324d4c976272a304e5ba0b,2018-05-25 13:33:19,7e92b46dac574b1b9786c529162a68c6,organic_search
a0d3e707744c44f8bf196109f777047c,2017-12-23 10:10:51,b3ebd0b9fc81475f87eaafca8d37f073,organic_search
e481ed986aa749acaadfb96603ef4aad,2017-09-01 20:48:15,2566ffa7a57141909a5618885cb43553,referral
6e01a564a8224803b9d8c48d9dc9195c,2018-03-22 08:19:18,bd7014dfab0643b08af9d59f9064c67f,direct_traffic
87d9a6d8eeab41e9a6251cd6ff2705b2,2017-07-22 09:49:42,280fc02b8ead46d897a70c9fa8a76c35,organic_search
9bda662e85bf4a2ab9da52c7e6e3d1cb,2017-09-29 20:13:09,7b5e3159006745bdbee47199b5293638,paid_search
6dc1a03339d4434aa1277130c168109e,2017-12-13 07:08:18,2566ffa7a57141909a5618885cb43553,social
6e3f6e1726b847348171284d5f45b03b,2017-08-16 17:13:15,280fc02b8ead46d897a70c9fa8a76c35,organic_search
14f06bb6f94340ba83b47a3d6b82fe88,2017-06-05 06:25:48,7b5e3159006745bdbee47199b5293638,referral
2f26d39235f24beda10ebf64361f7875,2018-02-11 04:53:45,5c9fede2c59f461bab56ff6d802fa6a1,email
2438420a7ec44edabe4fbbfad48ad127,2018-04-19 18:49:25,c005e1915b5a420dba2530a0e055f0e1,social
78194420c5864a47b2f7c95984b58cf5,2017-11-09 17:43:02,0c738336dbd04e959c993ff02dbf5e0f,display
eabf814802394debaacf375266198ce6,2017-10-07 20:28:00,54dadc715073494a9f52e4f263e34d4e,paid_search
9a6343b1485a4026a8def24c6839683f,2018-03-18 01:44:13,ff05ce68802a4f1796f1c6ff9508133e,
60b958bf7a9547c7812d2b13ff43a302,2017-07-21 05:56:49,eabde2c6e9064911b23d789ff68f2bbb,direct_traffic
a517756a674c42249dda35e8478347be,2017-09-19 09:15:30,6eb360925f334493a6951325d8182624,social
baa2f681d4d6402eaf5663edc0fab5a5,2018-04-19 03:30:22,b3ebd0b9fc81475f87eaafca8d37f073,organic_search
a9a7962e27ee4de09ff4f0a51ba7f980,2017-11-19 09:27:28,7e92b46dac574b1b9786c529162a68c6,referral
cee9ba2fff5d4cc38b41ba65f6aff52d,2017-12-02 20:24:06,c005e1915b5a420dba2530a0e055f0e1,paid_search
10f98212b2d04b74a78ff4722c7ae096,2017-10-10 12:31:47,e73bb83cf417427888827b7bd8835d0c,organic_search
cdd996e879924b31a560829e354e8c40,2017-12-28 04:24:50,7e92b46dac574b1b9786c529162a68c6,organic_search
2452ac80293d4282af0fe9aec96c5abf,2018-05-14 22:02:54,54ac0583af594362879a48b3c36bac75,social
f50b9b8118334113a2fada70ab513beb,2018-03-23 20:58:03,d4a547d9c0264e5e821f2ce922348c3d,social
028aa4ef62544af7974b926f98221515,2018-04-29 19:36:14,32f776c66b854bc08925bb990a3b5ea3,direct_traffic
2b41f693c646493eac17a8e2940ad2cc,2017-10-24 12:55:44,42aab95b911f48e28fc6e5aff6d61bab,referral
669a4d74a8bf4ab08ae581b504613c79,2018-05-11 18:35:04,6eb360925f334493a6951325d8182624,organic_search
7716ca0713964fcf9a24b46f2694ee84,2018-01-15 02:51:17,ff05ce68802a4f1796f1c6ff9508133e,direct_traffic
229ae44a36c24867ba4f2fd457a89458,2018-04-11 10:25:55,b3ebd0b9fc81475f87eaafca8d37f073,organic_search
7ec579f39c1e4bffb324d326a0f42fbd,2018-04-20 05:16:25,54dadc715073494a9f52e4f263e34d4e,referral
8315e3c198c046b996400943a0c5585e,2017-08-25 23:19:22,280fc02b8ead46d897a70c9fa8a76c35,email
a7a3dae966324e1a9ba416b30437d416,2017-11-20 15:21:28,d4a547d9c0264e5e821f2ce922348c3d,social
fb8118dacd134f0cbedbfd02c269df14,2018-04-10 20:48:45,ff05ce68802a4f1796f1c6ff9508133e,direct_traffic
8307953a26c147cf9d634293c274fe89,2017-07-07 02:52:49,32f776c66b854bc08925bb990a3b5ea3,paid_search
b114af5394f045daab3bd833f053bcb6,2017-11-23 08:18:32,42aab95b911f48e28fc6e5aff6d61bab,paid_search
e957506b422a4cc994ef38d0fc2090a3,2017-11-10 23:46:31,0c738336dbd04e959c993ff02dbf5e0f,email
65e9f2455efd4a1b9bf827406983b093,2018-05-30 09:44:18,fd67c44c56284345a9d416ecc4e70697,paid_search
cd87745a2f484cb7994667bcba14795b,2018-04-27 14:23:53,b5aed19b7ce942ceb1082d725df90ba9,paid_search
3febcc46db97404ba067fc9ac8e1a45d,2018-01-14 13:13:20,22d5f074d6fd43b2b796684fe6998629,paid_search
95cd175b5aa54cb5a8bc249bc5fc43c0,2018-03-28 18:58:00,b3ebd0b9fc81475f87eaafca8d37f073,email
d1b4d6837a4642819fae56d6e1840291,2017-12-29 06:05:30,32f776c66b854bc08925bb990a3b5ea3,paid_search
2abd4075c51043b784969428c6d0b7bd,2017-06-12 04:33:09,22d5f074d6fd43b2b796684fe6998629,organic_search
cf2e7275d3e2452da78ac60ca189fcf2,2017-09-29 09:09:43,22d5f074d6fd43b2b796684fe6998629,direct_traffic
7d83a0e896dc4a61acab48dd29f89ba1,2018-05-25 02:54:54,54ac0583af594362879a48b3c36bac75,email
9e27317483f143b9aa111417b606904b,2017-08-25 14:27:21,dc97f501f52d4c12817bfe088b55a525,organic_search
1c15462db6f54265948011a6eaded211,2017-07-19 02:19:21,c2366a33c94543b4a5c36a8911cb5ebe,organic_search
d4e2dcfb808144828044670b9d14a218,2018-01-29 19:58:04,eabde2c6e9064911b23d789ff68f2bbb,organic_search
141e54ac3aeb4673921c5a3ba0016bd5,2017-06-14 14:27:17,30603de19a0f45f98e07cc24bb54cd32,paid_search
ce3e3169ad314940b80ebea9e5a777f5,2017-07-13 03:47:02,b5aed19b7ce942ceb1082d725df90ba9,paid_search
ba1c2c4452604996afd2ccd833b6e175,2018-04-13 05:39:12,24f5fbd22d624e12b58faeb2f2742ebb,direct_traffic
56bd87c250594fc1a366543724226059,2018-05-02 14:11:37,0c738336dbd04e959c993ff02dbf5e0f,direct_traffic
e65013b918904743807dcc2cd45ac8b4,2017-09-26 09:00:26,22d5f074d6fd43b2b796684fe6998629,social
3d4a2bc0493946fc8fe24fb4caaa4cdc,2017-10-24 16:08:05,d4a547d9c0264e5e821f2ce922348c3d,paid_search
a1fa53165f354eb286d015527698fc87,2017-08-04 04:46:46,30603de19a0f45f98e07cc24bb54cd32,email
6168811074cd4b47bc1b62af9fb2446e,2017-08-27 01:02:24,eabde2c6e9064911b23d789ff68f2bbb,paid_search
a80f588228bb4320a795bc805908df27,2018-05-06 12:59:31,54dadc715073494a9f52e4f263e34d4e,other
6465ea6238bf47f3a6a9b1eea75d3a11,2017-11-14 17:20:10,b3ebd0b9fc81475f87eaafca8d37f073,social
b62cde21794a40399b6e43d5b3ec59e5,2018-03-04 09:55:05,c005e1915b5a420dba2530a0e055f0e1,organic_search
885212c5e28242998609ffccb09842f7,2018-01-14 04:55:09,f7f91884fcc441c3a73051d4c1896af9,direct_traffic
bbb7c3600b114aa7a88ca7529ac3f01e,2018-03-04 06:26:44,702afe38d2d2425a9b41828bf926fbf5,paid_search
b915155207f34a7c92a37294099ed546,2018-04-02 16:37:20,d4a547d9c0264e5e821f2ce922348c3d,direct_traffic
e9dd997d0310458eaa3cb4e1d51593c4,2018-04-22 20:32:02,7b5e3159006745bdbee47199b5293638,organic_search
dc54a90d2d324ad994d33b0f45aa7d70,2018-02-24 23:17:38,d4a547d9c0264e5e821f2ce922348c3d,organic_search
1577dfaf7a4d46b9b2eeaaccc4f8de6e,2018-03-01 11:16:27,c2366a33c94543b4a5c36a8911cb5ebe,referral
6a960254931e470f85013b5a2ebee872,2017-11-25 17:32:11,c005e1915b5a420dba2530a0e055f0e1,organic_search
0dbe9fae75ed402c8091935d69a393db,2017-09-25 03:15:38,b3ebd0b9fc81475f87eaafca8d37f073,email
2741a4a348274fb99d0cce98fe29c2b9,2017-11-05 13:19:03,7b5e3159006745bdbee47199b5293638,organic_search
522cd79e91aa417a97a74f22c6777220,2017-10-12 05:40:10,0c738336dbd04e959c993ff02dbf5e0f,social
ff5277e689484ea285422f4f0208296e,2017-06-06 00:00:12,30603de19a0f45f98e07cc24bb54cd32,direct_traffic
05b2414b71704dd2b0b942ee28f6ac6b,2017-08-09 12:31:13,0c738336dbd04e959c993ff02dbf5e0f,social
a31528056d8d46e0983dca1302cc7397,2018-01-27 19:28:56,e73bb83cf417427888827b7bd8835d0c,paid_search
05b571e5e03944cdb199f7aea4515112,2018-05-19 17:54:38,d650cf637d2e4393939ab7a1b5bd56fb,organic_search
49ea63dbe25a4ca6b0a9601f6d9c1113,2018-01-31 10:54:30,e73bb83cf417427888827b7bd8835d0c,organic_search
c8717bb03473490cbe95992529a681b1,2018-01-07 10:39:53,fd67c44c56284345a9d416ecc4e70697,paid_search
16d7a9f108b64cc690026b202b7df338,2017-09-27 00:15:46,c005e1915b5a420dba2530a0e055f0e1,direct_traffic
d1982222dceb405c8933f1adaec6d8ab,2017-12-09 06:51:56,7b5e3159006745bdbee47199b5293638,organic_social
4a7b266381fc47bda1bb8b4c745d3ed1,2018-03-15 15:54:52,ff05ce68802a4f1796f1c6ff9508133e,referral
4f53d5dde2944a9bb4b13fd8fd7e045c,2017-10-06 05:56:40,f7f91884fcc441c3a73051d4c1896af9,direct_traffic
60c0c26483e74b039aa785516402b223,2018-04-27 14:11:21,bd7014dfab0643b08af9d59f9064c67f,email
25c4c13bd93e4882858e5524df1d23b8,2017-12-11 08:01:53,b5aed19b7ce942ceb1082d725df90ba9,direct_traffic
2fa0a0919d7540bcaf98a2d8fac17964,2017-07-11 15:22:23,d4a547d9c0264e5e821f2ce922348c3d,organic_search
5b6396ff004a459c8d4cb0b76a050e6c,2017-10-01 18:48:33,d650cf637d2e4393939ab7a1b5bd56fb,organic_social
64b337b150894cbc83a9ef96482057b7,2018-04-10 09:53:53,0c738336dbd04e959c993ff02dbf5e0f,direct_traffic
3ef1b77196c44f7eae596f9f946755ee,2018-04-29 19:22:02,280fc02b8ead46d897a70c9fa8a76c35,social
25018c950b594514884da652787322b5,2017-10-16 15:02:00,54ac0583af594362879a48b3c36bac75,organic_search
a9c910e761a247a5b3d3b86f63ec6eae,2017-07-06 06:38:28,2566ffa7a57141909a5618885cb43553,paid_search
50b3628445a0407687278c39146a65d7,2017-10-27 04:01:04,d4a547d9c0264e5e821f2ce922348c3d,paid_search
35f9a84dd30c416a9dce3ac602b50605,2018-01-20 22:29:27,b3ebd0b9fc81475f87eaafca8d37f073,referral
25c8c3a7159843d6b6086807c859e9c3,2017-10-18 22:40:25,6eb360925f334493a6951325d8182624,social
1794dec1cc9b460c88ec61cd0c0f4fe0,2017-09-05 11:40:27,e73bb83cf417427888827b7bd8835d0c,paid_search
985b6bf4aed84d249b130c735de8cfd5,2017-08-17 01:48:25,c005e1915b5a420dba2530a0e055f0e1,other
584445325b1b40d4a2448f41e04a1fbf,2017-06-12 06:46:11,dc97f501f52d4c12817bfe088b55a525,organic_search
f69f15c30cb44b689c89c41b7304c9aa,2017-10-23 09:48:03,2566ffa7a57141909a5618885cb43553,paid_search
a5cf070eab9b431d95f802487ae8b197,2018-01-11 00:17:55,9949586af6134c339c1809ad3ec0df66,organic_search
56421c37ae5b42ae84443b732cadc4fa,2017-07-17 05:29:10,e73bb83cf417427888827b7bd8835d0c,direct_traffic
ba4936aea1bd407daad1de059fb9cba8,2018-02-08 07:54:27,42aab95b911f48e28fc6e5aff6d61bab,organic_social
61aa1ffeb74f4a369991d70422b56f30,2018-01-02 11:20:38,280fc02b8ead46d897a70c9fa8a76c35,paid_search
93b3cf59670745288521aa79c3b808e6,2018-02-11 13:31:19,b3ebd0b9fc81475f87eaafca8d37f073,referral
d5e77418b6eb4026bb67705e1cffa423,2018-05-23 01:09:19,42aab95b911f48e28fc6e5aff6d61bab,paid_search
9a4931835c524ca7951291029021bec2,2017-07-12 05:19:08,eabde2c6e9064911b23d789ff68f2bbb,organic_social
f64c7c057554484b8bbc635820a5edd1,2017-10-15 14:17:15,24f5fbd22d624e12b58faeb2f2742ebb,direct_traffic
185380913c564756a5a8a25ca4885ad4,2018-03-06 17:07:03,32f776c66b854bc08925bb990a3b5ea3,email
86e0671a803e4884b2347db43ee6253d,2017-09-07 09:06:18,bd7014dfab0643b08af9d59f9064c67f,organic_search
b0c0a55c39434319ab39eb3944ce942d,2017-12-13 00:27:33,dc97f501f52d4c12817bfe088b55a525,display
8236535606714eb1b7796641a2cee0ed,2018-06-01 09:03:51,ff05ce68802a4f1796f1c6ff9508133e,direct_traffic
1fc2ad904c8a4dba909f0eac8f80b290,2018-01-13 08:59:56,22d5f074d6fd43b2b796684fe6998629,paid_search
c8a40039d3004ead8d16b5fd40ce698b,2017-06-18 07:15:06,b3ebd0b9fc81475f87eaafca8d37f073,email
395da3e5c5e543168c829043f8c01554,2017-07-19 18:58:26,57b30bb0fe284da5b57510a8823d88a2,paid_search
f913a1fbdd9c4f4e8e63e751e1059f5c,2017-09-15 17:12:54,ff05ce68802a4f1796f1c6ff9508133e,referral
2153dd50751443fa86edcc4a5ccd8891,2018-05-15 11:21:48,c2366a33c94543b4a5c36a8911cb5ebe,organic_search
ed4b056a79e34e09a3ad79596036f86d,2017-11-13 05:46:29,d4a547d9c0264e5e821f2ce922348c3d,direct_traffic
9519717798b546b88615153013eb071c,2017-06-22 20:00:34,30603de19a0f45f98e07cc24bb54cd32,social
d29ec04e1cb2475d9c6f41b59fd298b0,2017-08-02 09:13:22,6eb360925f334493a6951325d8182624,organic_search
9b93b7163f61445d9501170860683982,2018-04-23 10:52:46,54ac0583af594362879a48b3c36bac75,organic_search
0189fb623e504c889c516403d23c5874,2017-12-02 01:53:47,54dadc715073494a9f52e4f263e34d4e,organic_search
e0897c3ef2d145cba2115e6025e761b0,2018-05-08 07:55:45,dc97f501f52d4c12817bfe088b55a525,paid_search
172b5db392b747b7927f69f2ca24958f,2017-09-29 23:02:36,7b5e3159006745bdbee47199b5293638,paid_search
ec24e7837348415dac8766ccc56f9de6,2017-11-14 00:32:54,32f776c66b854bc08925bb990a3b5ea3,social
1878c447a80042658dc9ef57a9733ad1,2017-10-20 21:17:17,dc97f501f52d4c12817bfe088b55a525,paid_search
dfdf97d565c0472a88fed82ea2845609,2017-12-20 08:51:02,e73bb83cf417427888827b7bd8835d0c,paid_search
a55168c8e7e743369b2daead8b546ca9,2017-06-22 21:09:22,280fc02b8ead46d897a70c9fa8a76c35,direct_traffic
079e36e2332d430faa0b1a14931dfe08,2018-05-20 17:18:14,f7f91884fcc441c3a73051d4c1896af9,organic_search
85ad008ed0a54c5d9e35cf22deed195b,2018-04-02 05:38:35,7e92b46dac574b1b9786c529162a68c6,organic_social
4098745484834a63809c9f0aad32541b,2017-07-16 09:03:20,32f776c66b854bc08925bb990a3b5ea3,referral
b1e07cb5ea5b4a3fa94222730ff63663,2018-02-11 03:19:40,57b30bb0fe284da5b57510a8823d88a2,direct_traffic
99a81035c1e248d4893bfde7914b78f8,2018-04-13 12:19:17,c2366a33c94543b4a5c36a8911cb5ebe,social
d45877dfca7a46f2ae33e4a1dcb896ff,2018-04-17 02:11:11,eabde2c6e9064911b23d789ff68f2bbb,referral
c8f04f40db484762828fed7eed4382c7,2017-11-30 23:28:05,2566ffa7a57141909a5618885cb43553,organic_search
1d5895975ae9476fb799dbcf9f8cf02b,2018-05-26 19:31:40,280fc02b8ead46d897a70c9fa8a76c35,organic_search
468b01b3f6f247fa8cdadb1b5caca39a,2017-07-25 04:34:52,6eb360925f334493a6951325d8182624,organic_search
6782bfda44cf472a9a2a0ab3e078e332,2017-09-28 11:31:55,c005e1915b5a420dba2530a0e055f0e1,email
b63d4f95e6e84695a6b4292e4c3265d8,2018-04-27 12:38:43,280fc02b8ead46d897a70c9fa8a76c35,organic_search
6b859ad641a34e22a0989305b7929b77,2018-01-11 07:01:32,e73bb83cf417427888827b7bd8835d0c,social
5618691d4b644157a176e1c8e31f3abc,2018-05-19 13:45:14,7e92b46dac574b1b9786c529162a68c6,
7c930c7d690f4f289f314076db885f32,2017-08-08 09:07:39,5c9fede2c59f461bab56ff6d802fa6a1,referral
c4855f816ee74907b855e1a4f4a990da,2017-06-21 17:40:09,f7f91884fcc441c3a73051d4c1896af9,social
6106765a32864e619a3db655d23d4608,2018-01-11 20:21:12,0c738336dbd04e959c993ff02dbf5e0f,organic_search
ac7208693d5940909492e47c20384269,2018-03-05 17:50:37,54ac0583af594362879a48b3c36bac75,email
5d37aa88a84f41a89ca07afa66a1fd00,2018-03-18 06:47:41,c005e1915b5a420dba2530a0e055f0e1,social
4ca658166ef9430baee8f679a3562600,2017-11-26 11:47:05,22d5f074d6fd43b2b796684fe6998629,organic_search
b63959c830aa48deaaf7219d079d0196,2018-01-26 10:01:27,54dadc715073494a9f52e4f263e34d4e,organic_search
59119f73353f4f7cb4183d5e85342dbf,2018-04-03 20:11:22,32f776c66b854bc08925bb990a3b5ea3,organic_social
f6f8fa56e80d4a5fb9531b3155684258,2017-07-06 19:20:17,2566ffa7a57141909a5618885cb43553,direct_traffic
1dd129d361724a80a6a940b380d5aaea,2018-01-17 10:45:54,bd7014dfab0643b08af9d59f9064c67f,email
fd74ba80369949758ba68f82a9e9872d,2017-10-13 19:43:09,7e92b46dac574b1b9786c529162a68c6,referral
2872282aa491465db29725214a6ebf0d,2018-01-19 00:01:34,d650cf637d2e4393939ab7a1b5bd56fb,social
962d337493974b2e98765d6ef2adf2d8,2018-04-23 18:25:16,ff05ce68802a4f1796f1c6ff9508133e,social
df68b7f016a143a6b73d3129c67bf737,2017-09-03 00:40:53,fd67c44c56284345a9d416ecc4e70697,paid_search
cb24a2b55c954cc58e4e3167c9ccfe82,2017-12-04 22:34:50,9949586af6134c339c1809ad3ec0df66,paid_search
9bb0fb408c9a47d8bd6e02cd0b81d8cf,2017-11-12 02:18:22,57b30bb0fe284da5b57510a8823d88a2,paid_search
55c95e8a86b24dc590eef007fd69bebc,2018-03-03 14:06:29,54ac0583af594362879a48b3c36bac75,email
280898cd7eb24ba19332240d5070605c,2018-02-24 18:06:54,d650cf637d2e4393939ab7a1b5bd56fb,social
0b115cd0e84c406aa379b18dadb21920,2018-03-10 05:36:42,fd67c44c56284345a9d416ecc4e70697,referral
94dcc6e38e8c41eab149fa3a5038cfac,2017-10-23 11:44:43,7b5e3159006745bdbee47199b5293638,paid_search
ba974f633348470887155f6e06f81523,2018-04-25 11:43:28,dc97f501f52d4c12817bfe088b55a525,social
9e8e599678a3499fbd971547e6691074,2017-07-20 19:02:56,57b30bb0fe284da5b57510a8823d88a2,social
21acb5936b1f425db3dc4bb2d596f4f2,2017-07-05 01:35:37,bd7014dfab0643b08af9d59f9064c67f,social
ba966b8f735c424298d04d692a043815,2017-08-06 06:30:14,54dadc715073494a9f52e4f263e34d4e,direct_traffic
218f54ec451c4d48852cbd116c22a30f,2017-06-17 07:21:26,dc97f501f52d4c12817bfe088b55a525,organic_search
5cce6febc9d94945845c9096bae3c412,2018-02-04 06:58:35,dc97f501f52d4c12817bfe088b55a525,social
68ce249af55646f4be29e8d5274278aa,2017-06-17 20:47:23,d4a547d9c0264e5e821f2ce922348c3d,organic_search
ffb11f8c27924945bdcb38d674b9decf,2017-12-16 23:57:15,6eb360925f334493a6951325d8182624,paid_search
7d5dff213b91487e84e041024f645a65,2018-02-25 22:43:05,f7f91884fcc441c3a73051d4c1896af9,paid_search
e9c4201e3b694a3b88eceabdeea57748,2018-03-30 09:19:06,eabde2c6e9064911b23d789ff68f2bbb,direct_traffic
3b7a3ec88abf4ca78cecca85fc657670,2017-12-05 08:02:10,fd67c44c56284345a9d416ecc4e70697,display
153179595416431cbce521d193260856,2017-07-07 00:28:35,c2366a33c94543b4a5c36a8911cb5ebe,social
fb28c52df7f6429e93ca3a4c85c9975a,2017-09-15 23:52:30,6eb360925f334493a6951325d8182624,direct_traffic
954dcc286a5c43508f39b0e0a237f64f,2017-07-11 17:02:29,280fc02b8ead46d897a70c9fa8a76c35,social
a0fd327a08a6474186d4f143c8643130,2018-04-24 02:12:36,7e92b46dac574b1b9786c529162a68c6,social
e0ef0db3a40f4c42a4253244cf1f8e94,2018-03-13 15:08:39,bd7014dfab0643b08af9d59f9064c67f,organic_search
4be38c8d115c4166a0a57625de6d1db4,2017-12-06 02:07:21,bd7014dfab0643b08af9d59f9064c67f,organic_search
ca44479a7ac44557b53afef93239566a,2018-04-12 09:40:40,30603de19a0f45f98e07cc24bb54cd32,paid_search
aea434a8b986408a8a1925b8e5fa65e0,2017-06-21 02:33:45,bd7014dfab0643b08af9d59f9064c67f,paid_search
47135389880f480facf6e85f738b5df3,2017-11-03 02:50:15,54ac0583af594362879a48b3c36bac75,organic_search
a052404061984b508ddefadad6b2734d,2018-02-21 03:32:09,dc97f501f52d4c12817bfe088b55a525,organic_search
efd87c4cc5b04955845974a769976252,2017-09-27 19:21:25,ff05ce68802a4f1796f1c6ff9508133e,organic_search
7230c75394b547e1a6ac5bdd5edcf713,2017-09-06 07:01:52,30603de19a0f45f98e07cc24bb54cd32,other
692364c5f710438cb157d9af23f7f9a2,2018-05-03 09:03:25,702afe38d2d2425a9b41828bf926fbf5,paid_search
78f503bdcdfd4057ab1e83717aa85540,2018-04-17 06:30:48,c005e1915b5a420dba2530a0e055f0e1,paid_search
d165563041cb47c8a13d55ce0c04b5ab,2018-03-13 15:06:59,22d5f074d6fd43b2b796684fe6998629,organic_search
859f298aa1fb42c090765a7206a05948,2017-07-25 23:15:05,702afe38d2d2425a9b41828bf926fbf5,social
cf88ddd525244fb686670aecb75d389a,2017-12-01 16:42:05,f7f91884fcc441c3a73051d4c1896af9,paid_search
ace1a82ca1414ed4b4bc33399cf8b4af,2018-05-07 15:32:57,5c9fede2c59f461bab56ff6d802fa6a1,organic_search
014b1e9321cd4a7e9d60c0c348ff063b,2017-07-24 06:04:24,280fc02b8ead46d897a70c9fa8a76c35,social
f2f9fee72ba84cfe994981683c8a2faa,2017-09-01 20:01:25,ff05ce68802a4f1796f1c6ff9508133e,organic_search
93a19579be4b475a912865d9a2cfe264,2018-02-14 12:17:18,57b30bb0fe284da5b57510a8823d88a2,organic_search
bbf2b990ed414492b7abfaece4e65aff,2017-08-20 19:26:19,fd67c44c56284345a9d416ecc4e70697,organic_search
763f86aeb78d4160bb0c2ba66677bf70,2018-01-13 12:49:39,5c9fede2c59f461bab56ff6d802fa6a1,organic_search
2666e509c6e0487f85f14ef2086db06e,2017-11-09 20:01:40,42aab95b911f48e28fc6e5aff6d61bab,organic_search
d2f91f1ae45445d3970bc633f8318401,2017-12-08 15:00:46,d650cf637d2e4393939ab7a1b5bd56fb,paid_search
6a30c0f8255b4fe5bffc6bcbc05b351a,2018-04-21 15:40:38,bd7014dfab0643b08af9d59f9064c67f,email
f4cead7d78c548f38187fb8b50e21da1,2017-11-13 22:09:05,9949586af6134c339c1809ad3ec0df66,social
10bbde3e9ab64496a6164892619e88d4,2018-03-16 19:51:56,54ac0583af594362879a48b3c36bac75,social
1a3db9d2d4154915b3c7b24d006a9d31,2017-12-10 20:02:00,c2366a33c94543b4a5c36a8911cb5ebe,paid_search
c8487ff030a94272bafc51e2ec61f0e7,2017-10-09 13:06:27,b3ebd0b9fc81475f87eaafca8d37f073,organic_social
88ed1a9fee244ec7a4b8add86e32b21d,2018-01-16 14:27:27,e73bb83cf417427888827b7bd8835d0c,paid_search
6a6aa7b2cd5e43b9bfc0fa255c192592,2017-06-18 10:21:27,fd67c44c56284345a9d416ecc4e70697,organic_search
41c1324766df47db8ed30921132c4bb0,2017-06-09 18:50:44,2566ffa7a57141909a5618885cb43553,social
8b7e6d35f9a34c87b00064df3c42e63f,2017-11-02 00:14:20,0c738336dbd04e959c993ff02dbf5e0f,organic_search
de258b9b6dea435fbd882a0ebe8bb298,2017-09-22 07:49:17,54dadc715073494a9f52e4f263e34d4e,paid_search
00127c3b26dd49adb48404f472d7b0e3,2017-11-09 00:47:24,d650cf637d2e4393939ab7a1b5bd56fb,social
2044d2963dd445f59bbed845b0169778,2018-05-20 10:02:50,c2366a33c94543b4a5c36a8911cb5ebe,referral
ed076e014214408fb17577028e07e8a8,2018-03-11 18:36:53,c005e1915b5a420dba2530a0e055f0e1,paid_search
896bd223447440eea2efd97179e581a6,2018-03-20 20:48:42,2566ffa7a57141909a5618885cb43553,direct_traffic
f03d9e6d179b422aac870c21643eae08,2017-07-19 01:22:26,b3ebd0b9fc81475f87eaafca8d37f073,
57fa24d10c7a4f16ab78481f2ee680d4,2017-11-30 05:41:01,2566ffa7a57141909a5618885cb43553,organic_search
2b7a24dd0f8a453db17407efa33a7fa4,2017-10-14 13:21:54,5c9fede2c59f461bab56ff6d802fa6a1,organic_search
6252e87dd24940a5b0bbadd288fdd06c,2018-03-26 09:05:49,9949586af6134c339c1809ad3ec0df66,paid_search
ef245ead1cf448bf921a4452f1547315,2017-10-10 10:56:01,24f5fbd22d624e12b58faeb2f2742ebb,paid_search
e7fa3909ee034e40808bef09b41a2f62,2018-03-20 14:33:22,702afe38d2d2425a9b41828bf926fbf5,paid_search
b61777b537a74521b1a07e7ec7b87ca5,2017-09-20 02:48:38,22d5f074d6fd43b2b796684fe6998629,organic_social
eaf9fdf1ce194accbd5feea6c0b02ea7,2017-11-14 17:34:06,32f776c66b854bc08925bb990a3b5ea3,direct_traffic
8de48ddb82794132b08835c9dfa0bbb3,2018-02-05 20:58:47,bd7014dfab0643b08af9d59f9064c67f,social
2536d49184c04324855cbe88499ae0fa,2017-07-19 21:40:18,d4a547d9c0264e5e821f2ce922348c3d,paid_search
718445e4ee7d47f09233765cca9b717c,2017-11-01 01:21:38,22d5f074d6fd43b2b796684fe6998629,email
920d44f1b29b41d18de0d6043fb2df16,2018-03-23 13:53:30,24f5fbd22d624e12b58faeb2f2742ebb,display
2dda722e4827439bbc0ded024f63cf68,2017-06-29 12:10:29,7e92b46dac574b1b9786c529162a68c6,email
73261c412dbd43c1846f84669b2c8403,2018-01-09 15:09:54,c2366a33c94543b4a5c36a8911cb5ebe,organic_search
bbcb303b24dc47cfbc8970e75cc03a54,2017-08-01 08:15:16,22d5f074d6fd43b2b796684fe6998629,social
8189c7b8cdc742f19966750378d6549c,2018-05-01 21:55:44,c2366a33c94543b4a5c36a8911cb5ebe,organic_search
671436bc2f09402692e187c74c6e3052,2017-06-06 23:04:44,d650cf637d2e4393939ab7a1b5bd56fb,organic_search
fc2ccbd4cebd4771b3811bcfff376225,2018-04-20 13:55:33,eabde2c6e9064911b23d789ff68f2bbb,organic_search
a1ca3076db204d5eae3272676a6a674f,2017-11-04 19:05:31,eabde2c6e9064911b23d789ff68f2bbb,social
033900e5733b4f84b7ff83594c94e333,2017-11-11 19:39:29,702afe38d2d2425a9b41828bf926fbf5,direct_traffic
450817200a2641e18040e6717f850bcc,2017-08-16 11:53:58,30603de19a0f45f98e07cc24bb54cd32,organic_search
a571960aaed3484e9f2dcf3d97a17580,2018-05-24 08:02:20,2566ffa7a57141909a5618885cb43553,paid_search
2d9fc4c11b70435b947b1605d1a9f87f,2017-06-26 14:18:15,b3ebd0b9fc81475f87eaafca8d37f073,paid_search
f07e26bd93ef42b79612863cf9ba5cfc,2018-04-01 20:56:39,30603de19a0f45f98e07cc24bb54cd32,paid_search
689f1466700f4e0b8471f4fe07cad08b,2017-07-17 08:05:09,7b5e3159006745bdbee47199b5293638,organic_search
ac6610306d0047adb6e7fa90ffe9fc3a,2017-10-27 14:21:24,2566ffa7a57141909a5618885cb43553,paid_search
521f55f9f1834c62bea690ac3984279a,2017-08-07 12:14:22,24f5fbd22d624e12b58faeb2f2742ebb,direct_traffic
11dede78e76946c5af48736620a970cd,2018-01-30 20:48:19,22d5f074d6fd43b2b796684fe6998629,organic_search
1061066b6442465e89bf900a02df51c2,2017-06-26 19:57:27,ff05ce68802a4f1796f1c6ff9508133e,organic_search
ee702c5346c8434cb0993424785663b5,2017-10-13 03:05:51,ff05ce68802a4f1796f1c6ff9508133e,paid_search
28fbbae3eb114eb7bfdf5b65e5c0ac7d,2018-02-12 15:49:09,d650cf637d2e4393939ab7a1b5bd56fb,display
d87224f7a16e47f9b98c2955d1c65eda,2018-05-24 04:44:48,d650cf637d2e4393939ab7a1b5bd56fb,direct_traffic
7d0ab17662264b56bb3ca35bedf73f83,2017-08-09 17:30:35,c005e1915b5a420dba2530a0e055f0e1,direct_traffic
acd27ee10e95414f8f212f759e8d7d17,2017-09-10 17:45:44,ff05ce68802a4f1796f1c6ff9508133e,paid_search
2bfb709ae22a48039acc7c4c7f135674,2018-04-30 20:48:05,54ac0583af594362879a48b3c36bac75,social
cf31e4e419424f4982136ccd627410f7,2018-03-15 22:25:39,22d5f074d6fd43b2b796684fe6998629,organic_search
58f8cbd9975f408aa1f300c954f20eb4,2018-02-24 08:57:55,9949586af6134c339c1809ad3ec0df66,social
a251100c555a41ec850e42e85302372e,2017-07-07 09:41:38,d650cf637d2e4393939ab7a1b5bd56fb,organic_social
3370fb7831fc46a19ed05fd866fe4b3b,2018-01-07 11:46:30,57b30bb0fe284da5b57510a8823d88a2,social
aba86a48129845f4be22b5caf82523a7,2018-03-22 03:15:43,dc97f501f52d4c12817bfe088b55a525,referral
5a71fb6f9c044e18b0cddcfd5a27c876,2018-05-10 15:03:29,7b5e3159006745bdbee47199b5293638,direct_traffic
fb5347cf9e4f4c6c89781fdf4309b65b,2017-12-05 12:40:53,54ac0583af594362879a48b3c36bac75,organic_search
a58ee0a27b4c40b4894af1bc0c197941,2017-11-12 12:32:37,fd67c44c56284345a9d416ecc4e70697,organic_social
4fc9076a384447199ec923e087b53792,2018-05-02 00:52:52,d650cf637d2e4393939ab7a1b5bd56fb,organic_search
831c01b5fa234a65a83adb342d2dc06e,2017-11-04 06:09:44,7e92b46dac574b1b9786c529162a68c6,social
a5ec0448e9ab43eb83630244adb2109f,2018-04-12 16:06:01,fd67c44c56284345a9d416ecc4e70697,organic_search
1ab60099091e46baaa88594c48650322,2017-08-14 16:02:12,eabde2c6e9064911b23d789ff68f2bbb,organic_search
690daac5e05140a2ab712b7820a93ba6,2017-09-28 07:16:13,57b30bb0fe284da5b57510a8823d88a2,paid_search
9a336af65127414b80ed85ee28863409,2017-12-09 05:40:46,d650cf637d2e4393939ab7a1b5bd56fb,paid_search
f8b76439cc9144bc8aaeaf895f5e88c6,2017-07-14 04:05:28,22d5f074d6fd43b2b796684fe6998629,paid_search
7bfc7e16080c439dadbdf0e2acc677f2,2017-06-28 08:50:56,fd67c44c56284345a9d416ecc4e70697,social
03d00b5ac2294d26a3daeaf779cb0d46,2017-08-15 10:28:27,e73bb83cf417427888827b7bd8835d0c,organic_search
df6c29b3ae984ede93bca210e26ce353,2017-11-23 04:03:05,0c738336dbd04e959c993ff02dbf5e0f,organic_search
151e5bc56ad04ae9aaaa93d596355c60,2018-01-17 17:09:19,e73bb83cf417427888827b7bd8835d0c,social
e6cdcc4e0df74e9182b62bc64c095b4f,2017-11-17 07:36:35,22d5f074d6fd43b2b796684fe6998629,paid_search
1933e8c89d184cdbb3ff1b0de6e3f6c3,2018-03-03 07:42:50,54ac0583af594362879a48b3c36bac75,direct_traffic
68e78e4acd414c8192238bad36a81e30,2018-03-07 19:03:05,d650cf637d2e4393939ab7a1b5bd56fb,direct_traffic
067eb5aa6e3241789517a28b43506fbd,2017-10-11 19:58:52,6eb360925f334493a6951325d8182624,email
6591d135303a4b48918733a05146790f,2018-04-15 05:08:46,f7f91884fcc441c3a73051d4c1896af9,direct_traffic
903930d8fb1e4a2bb002b8349871e6d6,2018-05-24 00:40:10,ff05ce68802a4f1796f1c6ff9508133e,paid_search
43b2bff600c1468f954c28e78a67fc65,2018-03-26 19:10:48,eabde2c6e9064911b23d789ff68f2bbb,direct_traffic
a82bec80a8434d6c9d08145d6bd27a79,2017-10-09 06:12:04,eabde2c6e9064911b23d789ff68f2bbb,organic_search
87df97d40d1b49579968cb19e3d9a829,2017-10-24 07:18:25,280fc02b8ead46d897a70c9fa8a76c35,paid_search
3cb5e249c6564a048a322203ed380b44,2018-05-23 22:29:57,b5aed19b7ce942ceb1082d725df90ba9,email
4fbb2586fd744cf4a70e74d548f69b8c,2017-06-28 16:55:43,d4a547d9c0264e5e821f2ce922348c3d,paid_search
55259d437518441ba27b95a4811e0f00,2017-06-05 02:25:29,ff05ce68802a4f1796f1c6ff9508133e,email
a80716742c694e52aac7b980ce049751,2018-05-05 09:52:41,57b30bb0fe284da5b57510a8823d88a2,email
63b7548b8dc54196b2249496b1c18b76,2018-05-04 13:06:54,54dadc715073494a9f52e4f263e34d4e,referral
f1e6d57af2e44c6abf43f7942c1e317c,2017-07-26 00:41:40,0c738336dbd04e959c993ff02dbf5e0f,organic_social
59b5470289184424a692b31a8305c4be,2018-04-29 14:04:22,9949586af6134c339c1809ad3ec0df66,paid_search
f94ef4d1710e48de946917f5c48e9e7d,2017-12-12 18:30:55,f7f91884fcc441c3a73051d4c1896af9,paid_search
6b819667bb5a4679a3bae961d755d081,2017-07-21 11:29:07,6eb360925f334493a6951325d8182624,social
3fbd7f6ab15c49aca9fa1f41103fa42a,2018-04-02 19:21:12,24f5fbd22d624e12b58faeb2f2742ebb,paid_search
1a43b4a564d041f894e8e98fe409cdf4,2017-09-04 07:14:26,30603de19a0f45f98e07cc24bb54cd32,social
9c5eb93dca3a41e581507f733e9c46bf,2018-01-21 20:24:50,c2366a33c94543b4a5c36a8911cb5ebe,direct_traffic
e8cdaa528a0d44d6893ec73f5f9beee9,2018-05-31 00:46:56,eabde2c6e9064911b23d789ff68f2bbb,direct_traffic
57ee7b04259a4e8f968997bc10b3cf75,2017-10-05 19:16:31,0c738336dbd04e959c993ff02dbf5e0f,paid_search
532a7507807d45758cb4a60cacd6040a,2017-11-18 17:50:16,ff05ce68802a4f1796f1c6ff9508133e,organic_search
3a2b9fac104f43d4959008b5ff2d1f3d,2017-08-20 00:40:08,7e92b46dac574b1b9786c529162a68c6,paid_search
7380413e4a8f4cbeb9b78f9679fe8de3,2018-05-17 12:48:45,7e92b46dac574b1b9786c529162a68c6,organic_search
1b491b650891497aae9a111ca030c465,2018-04-17 11:00:26,9949586af6134c339c1809ad3ec0df66,referral
b2843bea6daf4e70b982e5603d20f0b3,2018-02-12 10:02:39,280fc02b8ead46d897a70c9fa8a76c35,paid_search
8ac2f5bc3675455cb040481b3e79d5b7,2017-07-02 22:47:03,b5aed19b7ce942ceb1082d725df90ba9,organic_search
b1b03b1f563c4e60b98f85ded002d278,2017-12-16 01:04:22,c005e1915b5a420dba2530a0e055f0e1,organic_search
8c54a9a22b094745bc5ad5825d27218d,2017-10-22 08:12:47,2566ffa7a57141909a5618885cb43553,social
37db0988fff64cffa9fc3259bdd6b777,2017-11-22 14:18:11,57b30bb0fe284da5b57510a8823d88a2,social
0be6ff190cbd41ccabd4bc1c11326f33,2017-08-10 03:11:47,22d5f074d6fd43b2b796684fe6998629,paid_search
1c87e826aaf44d1b805ba8be8107d144,2017-12-13 18:57:31,57b30bb0fe284da5b57510a8823d88a2,organic_search
0cc5006800a74db0b3604aea3cfab015,2018-04-10 22:46:28,57b30bb0fe284da5b57510a8823d88a2,paid_search
698a6d4942494a17a1d051a4a2861972,2017-09-25 15:11:40,9949586af6134c339c1809ad3ec0df66,paid_search
92fd3949d44d4abdab10e1e408af20bf,2018-03-21 05:33:41,7b5e3159006745bdbee47199b5293638,direct_traffic
ff5ff5d1cadd4b80bb6fd22f9b339b63,2017-11-07 22:02:26,42aab95b911f48e28fc6e5aff6d61bab,social
aa4aed407ce84a8eb14e6457d3d051a7,2018-01-16 19:44:31,2566ffa7a57141909a5618885cb43553,paid_search
eb22904f04ec4ceb86a5da6d05f846f7,2017-09-14 23:45:20,2566ffa7a57141909a5618885cb43553,organic_search
4b093f975f47417981123cbc330a5832,2018-03-25 19:42:36,57b30bb0fe284da5b57510a8823d88a2,
e6b107ec574c4b9f831cf4461c5c974b,2017-09-12 05:01:42,0c738336dbd04e959c993ff02dbf5e0f,paid_search
c0766a7ac6524603b70cc2a98dd81f01,2018-05-19 19:04:16,c2366a33c94543b4a5c36a8911cb5ebe,direct_traffic
bc54ca2d24ee438891c9c9928fbac743,2017-08-09 15:39:29,c2366a33c94543b4a5c36a8911cb5ebe,organic_search
49b189cc7abe44dcaaffbd663b64098c,2017-08-14 23:53:33,c2366a33c94543b4a5c36a8911cb5ebe,paid_search
f6162cf9c3bf43e3a0dd7ccd0bfbad10,2018-03-17 05:45:15,42aab95b911f48e28fc6e5aff6d61bab,organic_search
0f0fa7b9323b4e38870739085c1191c1,2017-07-05 20:17:31,c005e1915b5a420dba2530a0e055f0e1,social
788f7c4703b54dedb5c8871f3ada2ae7,2017-07-31 06:42:14,42aab95b911f48e28fc6e5aff6d61bab,display
b0f116928f9d4dedaaf3aa45ed034c8b,2017-08-14 01:04:24,d650cf637d2e4393939ab7a1b5bd56fb,paid_search
b7417ebe19644f29838a905809313516,2017-11-11 15:04:29,7b5e3159006745bdbee47199b5293638,organic_search
f53f743c9cf64b92960dd1102121b1b8,2017-11-03 16:07:45,22d5f074d6fd43b2b796684fe6998629,organic_search
95d76ab9215c46259e431b592b6ff10b,2018-04-23 09:58:07,2566ffa7a57141909a5618885cb43553,paid_search
d541f0e6f8424a16ad48d6014dcfcad1,2017-09-05 03:53:14,2566ffa7a57141909a5618885cb43553,organic_search
55e214c1653149c9a7d4717638d6ee4b,2017-09-03 00:57:13,d650cf637d2e4393939ab7a1b5bd56fb,organic_search
da2d109608cc4898a198a1c254d12154,2018-04-10 22:27:44,b5aed19b7ce942ceb1082d725df90ba9,direct_traffic
6d9774d08c0a4d078150cd30088e6a4d,2018-04-07 20:38:43,fd67c44c56284345a9d416ecc4e70697,paid_search
58072fa3f56f4ec5a03156ab953363f8,2017-09-27 21:42:46,9949586af6134c339c1809ad3ec0df66,paid_search
7d255ce888644f309f4c6a4616eba7f8,2017-09-27 00:56:58,7e92b46dac574b1b9786c529162a68c6,organic_social
a0863c7b80224476bca908f1440a2f66,2017-07-11 17:21:09,2566ffa7a57141909a5618885cb43553,organic_search
fd7170629d044c8191487a5ed07b5d1c,2018-02-13 22:01:00,6eb360925f334493a6951325d8182624,display
225f8b0a993043878ac5b6ba48befef8,2018-05-31 23:39:00,7e92b46dac574b1b9786c529162a68c6,paid_search
8fabf76760a74f8895209412fb8b919d,2017-09-03 14:06:25,6eb360925f334493a6951325d8182624,referral
5b81d30b227944a3a9a917fa257d504a,2018-01-29 05:00:24,32f776c66b854bc08925bb990a3b5ea3,social
2d3ec2d79b8d46d7a57e5bb4b4fad113,2017-09-07 08:14:18,eabde2c6e9064911b23d789ff68f2bbb,email
e2258dde0a06439fb04dc7ee531d4b20,2017-12-27 00:32:47,c2366a33c94543b4a5c36a8911cb5ebe,
84f9644e4f1143cfa186a0c6185ba366,2017-10-17 15:02:18,9949586af6134c339c1809ad3ec0df66,paid_search
bf914993460d4ac3bb78c7604f06098f,2018-05-10 07:23:05,d650cf637d2e4393939ab7a1b5bd56fb,display
9d1d57a79a074bf99a8c3c60a256b9b4,2017-09-13 02:24:28,32f776c66b854bc08925bb990a3b5ea3,paid_search
257ff3fc9f5d40c49fdfa82a4d38fea2,2018-01-11 22:27:59,6eb360925f334493a6951325d8182624,paid_search
d5740a77d6bb42ee85b9fab7a19e60fa,2018-05-19 11:49:44,54dadc715073494a9f52e4f263e34d4e,paid_search
0ef607b6ed494b72a90216d7272e2c5a,2018-01-21 08:59:06,7b5e3159006745bdbee47199b5293638,social
07147dcb079146f4832b6cb04838b193,2017-12-25 01:31:22,fd67c44c56284345a9d416ecc4e70697,organic_search
188063e09db740468db253d0ab4f300f,2017-12-12 11:23:32,ff05ce68802a4f1796f1c6ff9508133e,social
7db930044b034faa8e008531a84c5d4b,2018-04-10 20:49:24,fd67c44c56284345a9d416ecc4e70697,social
a6cf75ccc7bc4f4c8d92ee847686e9a8,2018-03-02 19:07:23,d4a547d9c0264e5e821f2ce922348c3d,direct_traffic
55e3805b24c048bf85294f603f4e4dd0,2018-05-27 01:24:07,30603de19a0f45f98e07cc24bb54cd32,email
477f3b3cad354b71831110023879d835,2017-07-26 16:26:33,b3ebd0b9fc81475f87eaafca8d37f073,paid_search
017db4b516d24a118e5c43a99354f2d5,2017-06-22 08:56:47,30603de19a0f45f98e07cc24bb54cd32,paid_search
03d0f59c584d4d9f9ac3c7799c3649c9,2018-03-03 14:24:13,22d5f074d6fd43b2b796684fe6998629,organic_search
24d0cf29a14a42aab1308b5da6ba23dd,2017-06-21 20:18:18,ff05ce68802a4f1796f1c6ff9508133e,organic_search
5762a2588a124171be1667b7601df355,2018-02-20 22:57:40,eabde2c6e9064911b23d789ff68f2bbb,organic_search
57ec3568de8d4e5699e0a10ade672e31,2017-09-06 10:36:05,b3ebd0b9fc81475f87eaafca8d37f073,paid_search
caec6bc3f97b4294bd6036a6027c0e9c,2017-12-21 11:05:18,d650cf637d2e4393939ab7a1b5bd56fb,organic_search
15ac57ae9d20466a8f3acfb397c8d3a3,2017-10-25 16:47:49,32f776c66b854bc08925bb990a3b5ea3,display
16b39c388f1f4f5e806946fe8fda87d6,2018-01-03 10:43:10,fd67c44c56284345a9d416ecc4e70697,social
24f5a35e00e94b139c4833f0047311c8,2017-06-28 18:49:20,5c9fede2c59f461bab56ff6d802fa6a1,paid_search
899dcc76c5d24c0fb0b3babb153a937e,2017-08-12 16:52:42,bd7014dfab0643b08af9d59f9064c67f,social
914857e2297a426cbd00a69b94eb6b5c,2018-04-27 16:26:44,24f5fbd22d624e12b58faeb2f2742ebb,organic_search
c89190f1b287430f80d2de68b74b5fed,2018-02-12 04:07:13,32f776c66b854bc08925bb990a3b5ea3,paid_search
a2544589632b4a60aa1d01bc2990c43a,2018-03-27 19:53:38,2566ffa7a57141909a5618885cb43553,social
c5bfd340963a4192aed28f485dd49e5e,2017-12-19 15:03:26,42aab95b911f48e28fc6e5aff6d61bab,paid_search
eee4215d1fa94f42846b25ad5795f676,2018-01-17 00:54:25,32f776c66b854bc08925bb990a3b5ea3,paid_search
122b31f32d7c412d9acc6718fb9eb3bb,2018-01-19 21:29:33,5c9fede2c59f461bab56ff6d802fa6a1,
839bcfe08e134ad5b9d9439f8ca3b7cf,2018-05-31 07:21:07,5c9fede2c59f461bab56ff6d802fa6a1,referral
fc9b8ed15a864cb89f45ddd8b53cf219,2018-01-19 03:17:00,b5aed19b7ce942ceb1082d725df90ba9,social
fc7ef93f40f3449f8ae8004a0785b333,2017-11-13 23:36:50,c2366a33c94543b4a5c36a8911cb5ebe,social
9e798aecc0e445a59a79ba0953f3614f,2018-05-31 05:58:15,f7f91884fcc441c3a73051d4c1896af9,social
748464fa76f341648f23d90b3a1986ab,2017-08-03 03:19:12,dc97f501f52d4c12817bfe088b55a525,organic_search
c457b7cf56ce4ba28bbc8666f7f6f0d5,2018-05-28 16:21:43,d4a547d9c0264e5e821f2ce922348c3d,paid_search
cd33a83d21db41f295f79fd37a6240d3,2017-12-03 03:06:21,30603de19a0f45f98e07cc24bb54cd32,organic_search
5aa2e03f6b7f4027b9d02975d57a96c3,2018-05-29 13:59:03,22d5f074d6fd43b2b796684fe6998629,paid_search
3a78295a884d4a52b342cdd79c18e373,2018-02-17 22:17:05,32f776c66b854bc08925bb990a3b5ea3,social
0274563a48c843e09a95a37715c814f0,2017-12-11 20:02:14,ff05ce68802a4f1796f1c6ff9508133e,organic_search
9de29730f3af441aa72f6453c48f79df,2017-06-23 06:13:18,c2366a33c94543b4a5c36a8911cb5ebe,display
5821d0d358194a8d9aceff363af5aa40,2017-11-19 20:35:20,54dadc715073494a9f52e4f263e34d4e,organic_social
70203cf4f2c340b8bcde6ddb38400bc7,2018-05-04 05:27:52,32f776c66b854bc08925bb990a3b5ea3,direct_traffic
ade47d9a84ad40c0bce5124d20d991a7,2017-08-14 06:30:44,d650cf637d2e4393939ab7a1b5bd56fb,social
40a8572abdde45909cb2f8c480e3559b,2018-05-31 01:52:05,7b5e3159006745bdbee47199b5293638,referral
699bfcfeb93b470dacfdaf3b6503c78a,2017-11-05 11:16:09,22d5f074d6fd43b2b796684fe6998629,organic_search
462f725d935642f196564e617e8a3750,2018-01-15 10:30:51,d4a547d9c0264e5e821f2ce922348c3d,email
f91b8a6a1870486fb477042c203fe79e,2017-09-01 04:16:48,5c9fede2c59f461bab56ff6d802fa6a1,organic_search
1ee1835a62e945779eaf6af00168c5c6,2017-08-07 07:23:08,e73bb83cf417427888827b7bd8835d0c,email
b0c3d7516b3847f1b922e11609d0b1ea,2018-04-15 09:12:55,e73bb83cf417427888827b7bd8835d0c,organic_search
3e1c06d6250f4b4584b25a7e8ed4aeed,2018-01-21 18:07:05,54dadc715073494a9f52e4f263e34d4e,referral
2c3d49dd6b6548bf8afab5521e437949,2018-02-11 19:47:17,280fc02b8ead46d897a70c9fa8a76c35,display
39983fe87b8b41619ad35c7e331398a5,2017-06-03 22:08:09,5c9fede2c59f461bab56ff6d802fa6a1,organic_search
b7751695d46a4288896c41eebe0b5d51,2018-02-08 08:39:39,54ac0583af594362879a48b3c36bac75,paid_search
4b94d3b7f7fc4db1af4afdd399ddde88,2018-03-29 17:19:12,b3ebd0b9fc81475f87eaafca8d37f073,
2a0821e0a5c24fc18be0db860934bc6c,2017-12-27 16:05:17,24f5fbd22d624e12b58faeb2f2742ebb,paid_search
2199d804b0444d66bd17dac79ad28855,2018-04-04 21:50:56,e73bb83cf417427888827b7bd8835d0c,referral
4c38c077f04046eb80d820cad10a5164,2017-10-04 19:55:41,b5aed19b7ce942ceb1082d725df90ba9,social
95041f3cf7ff415db16107d26be75ec6,2018-04-14 22:53:16,c005e1915b5a420dba2530a0e055f0e1,paid_search
c416ce9f17974e8a9519b7adc2da3073,2017-09-15 01:46:51,32f776c66b854bc08925bb990a3b5ea3,paid_search
c2cf03ac0e904a58ad5666a8f480a609,2017-08-15 02:00:17,d4a547d9c0264e5e821f2ce922348c3d,organic_search
bb9cc5ef67294f43aef559af2815cadc,2017-11-26 01:20:13,2566ffa7a57141909a5618885cb43553,direct_traffic
98732510ad8c4314ab4602e1fa2e9e3f,2017-06-17 21:02:51,bd7014dfab0643b08af9d59f9064c67f,paid_search
12f7397908374bcc9b06abd9673725b1,2018-04-05 10:51:57,42aab95b911f48e28fc6e5aff6d61bab,social
44fca2f01b4241018b3ac0ebcfaa68a7,2017-07-15 01:47:06,dc97f501f52d4c12817bfe088b55a525,paid_search
39db6bd760bf4cd09b58442d68baff52,2017-12-31 06:29:23,32f776c66b854bc08925bb990a3b5ea3,social
f0f73c1903e04a4bae3a4dcdd046c443,2018-05-11 10:21:14,fd67c44c56284345a9d416ecc4e70697,referral
82bec479e7784bd49ffdd5345b2ee3e0,2018-05-05 21:39:43,702afe38d2d2425a9b41828bf926fbf5,
85ae005d89504e8cad92ce8eb1c2bc9b,2018-03-15 06:27:34,b3ebd0b9fc81475f87eaafca8d37f073,paid_search
c492b20d911e4afab0453a26708c1688,2018-03-24 13:06:50,c2366a33c94543b4a5c36a8911cb5ebe,email
a09db01b72c64c71a86f45437d7fac3a,2017-06-19 03:23:26,d650cf637d2e4393939ab7a1b5bd56fb,direct_traffic
04f4c77642f54e0397b9ef75c51d8ab9,2017-11-01 11:45:12,7e92b46dac574b1b9786c529162a68c6,social
be21526930994f21b32e95bfb4c4b383,2017-12-12 02:27:49,d650cf637d2e4393939ab7a1b5bd56fb,display
4e79fcb23a8440788f8a5d3020bdedb2,2018-01-05 20:02:31,24f5fbd22d624e12b58faeb2f2742ebb,organic_search
5b887c4e6f2745a7a5ab75ba162bb7e0,2017-10-28 17:08:30,2566ffa7a57141909a5618885cb43553,organic_search
4e06bf08543b458086160e0371f5d691,2017-08-02 09:59:28,42aab95b911f48e28fc6e5aff6d61bab,referral
95f231ce3f4c4ae6aecd4dc4a7800e9e,2018-02-25 15:03:52,30603de19a0f45f98e07cc24bb54cd32,paid_search
4962617ddcc5487b9da9a243a845b877,2017-09-16 07:36:40,fd67c44c56284345a9d416ecc4e70697,email
b6feef7745274644ae3d341a70139c2d,2017-06-30 03:58:46,702afe38d2d2425a9b41828bf926fbf5,referral
209d43d7edaa4a0ba3f6d1c32a63fc24,2018-04-19 19:15:30,24f5fbd22d624e12b58faeb2f2742ebb,organic_search
2d5b7ab54171406ea1885e14f2afc691,2018-02-03 22:01:09,c2366a33c94543b4a5c36a8911cb5ebe,referral
859f0603fcf844bc982a40d9b57351ed,2018-05-28 10:27:22,7b5e3159006745bdbee47199b5293638,paid_search
d066a3cc5c3f42ec9524043949b449a5,2018-04-08 11:31:22,b5aed19b7ce942ceb1082d725df90ba9,social
ab93e9248ab94092a4d6390fbc4dc6b3,2018-02-25 20:56:25,fd67c44c56284345a9d416ecc4e70697,social
cd51594a1d9b4357a0a8e8841851ff5f,2017-11-29 04:43:21,fd67c44c56284345a9d416ecc4e70697,organic_social
be3888d8d62d47c6bca08bf175376990,2018-03-16 18:04:23,30603de19a0f45f98e07cc24bb54cd32,organic_search
2520f46c101144ae907d824901c28a6d,2018-04-20 18:07:19,6eb360925f334493a6951325d8182624,paid_search
955d74a885d34477b2d1607203ed4a36,2017-09-01 22:11:16,9949586af6134c339c1809ad3ec0df66,direct_traffic
6752a557aeb04111949d40416d35ec48,2018-05-29 10:34:34,54ac0583af594362879a48b3c36bac75,direct_traffic
4894d641d3154330963f0a3e16aa0f23,2017-06-01 04:18:13,e73bb83cf417427888827b7bd8835d0c,direct_traffic
2219060c1acf40d1b5a6cff207df8140,2018-01-25 22:46:20,280fc02b8ead46d897a70c9fa8a76c35,organic_search
5ea08605e35344cda90fe82583ca13db,2017-07-31 07:32:55,280fc02b8ead46d897a70c9fa8a76c35,paid_search
cfd5f42826e145328fc9ffaff25a6863,2018-04-12 15:05:46,7b5e3159006745bdbee47199b5293638,paid_search
b2e2458299494d70a4ea6af62e05aa5b,2017-06-24 12:09:10,7e92b46dac574b1b9786c529162a68c6,email
3a013048c9c749a59d63864616725761,2018-03-14 23:12:38,54ac0583af594362879a48b3c36bac75,organic_search
e23bda14ab024ab79d5704b0bc6d7130,2017-06-06 23:19:27,54ac0583af594362879a48b3c36bac75,organic_search
0918bc0fea044fcdabe62ba6f2a6c663,2018-05-20 10:15:13,b5aed19b7ce942ceb1082d725df90ba9,display
510e464e59ad4efb957c7c87dc36272d,2017-07-05 11:12:20,0c738336dbd04e959c993ff02dbf5e0f,organic_search
1d2fc14c8adc4cfbb4ed0baa7a45ea89,2018-02-15 20:01:28,42aab95b911f48e28fc6e5aff6d61bab,
b818d604d59f41708b472b0a099d6f1f,2017-06-04 04:08:40,57b30bb0fe284da5b57510a8823d88a2,direct_traffic
37a810235bd14909adb338f34a04a79f,2017-11-18 12:25:42,ff05ce68802a4f1796f1c6ff9508133e,email
e7fe64bd7ed341a1b503bb31658fcf92,2018-03-19 22:25:39,e73bb83cf417427888827b7bd8835d0c,paid_search
e0529078c8004be5a17f328a9d691ed8,2017-08-29 07:03:50,42aab95b911f48e28fc6e5aff6d61bab,organic_search
31c822c7249943a5a6b1439bcd084418,2017-11-21 17:26:37,c2366a33c94543b4a5c36a8911cb5ebe,direct_traffic
cb43b41eecc54a96a0589fc3ecf524dd,2018-01-29 01:17:40,d4a547d9c0264e5e821f2ce922348c3d,email
c59ad7ba3fab466aa1b09d90387f99c7,2017-08-09 17:31:50,2566ffa7a57141909a5618885cb43553,direct_traffic
a9d446b5ed7e43e2986064ec10b477d9,2018-04-18 16:46:14,5c9fede2c59f461bab56ff6d802fa6a1,organic_search
7170924b351a4255b13d98fee6e8e9f8,2018-03-02 12:12:03,b3ebd0b9fc81475f87eaafca8d37f073,direct_traffic
b9f7fa456e854bbeaaa46974a79c45fa,2017-12-29 02:02:22,bd7014dfab0643b08af9d59f9064c67f,direct_traffic
7755e380a35c40bda1c63f33a0a0d7c5,2018-02-22 10:53:55,702afe38d2d2425a9b41828bf926fbf5,direct_traffic
7d11517fd3624b2bbe90e50ea0bac451,2018-05-14 11:29:13,c005e1915b5a420dba2530a0e055f0e1,direct_traffic
4238716cc1ec4e288f6d1ebd2cd6cb08,2018-03-02 00:40:53,54ac0583af594362879a48b3c36bac75,email
2f570b91e3ce4eefb3b4a58f23f09850,2018-03-23 12:04:39,280fc02b8ead46d897a70c9fa8a76c35,social
4b660a1caf944858b35fb16dfecbd1f3,2017-11-29 02:24:38,2566ffa7a57141909a5618885cb43553,organic_search
c37a5e2f796a430c8a379adb1214f416,2017-10-22 01:08:05,42aab95b911f48e28fc6e5aff6d61bab,paid_search
4d22ac7d0a554da092b48b5450705011,2017-12-10 22:48:38,c005e1915b5a420dba2530a0e055f0e1,organic_search
a9c3c31387294ea69abadd4f379c1ae0,2017-08-24 20:47:19,fd67c44c56284345a9d416ecc4e70697,paid_search
6d1a08ad41bb4cd3a68d958688065eff,2017-12-17 06:49:20,fd67c44c56284345a9d416ecc4e70697,paid_search
5e4448ac3e6e4616ba1b294faefa41f9,2017-07-30 11:13:27,f7f91884fcc441c3a73051d4c1896af9,organic_search
f424b8cd37424abea55cd0af3fc3f5f8,2017-11-09 01:09:05,b5aed19b7ce942ceb1082d725df90ba9,paid_search
60baa3b149d9438bae1580cfff43211e,2017-12-29 03:09:36,6eb360925f334493a6951325d8182624,organic_search
d35733c64beb45e49c064075d18f2812,2017-09-30 13:31:44,b3ebd0b9fc81475f87eaafca8d37f073,email
1c1cb6be86aa46b28f2835da736a47ff,2017-11-02 07:52:09,30603de19a0f45f98e07cc24bb54cd32,display
fa9c2b1381c24c0f9828e865c1a96903,2017-11-02 06:22:19,dc97f501f52d4c12817bfe088b55a525,organic_search
0730ab712da046749f017c8a2d0b7dc9,2017-12-09 01:21:41,d650cf637d2e4393939ab7a1b5bd56fb,display
be4f7bb3a72a4f6b9cbc54642b120e9b,2017-09-12 03:22:17,b3ebd0b9fc81475f87eaafca8d37f073,social
f2f3e61aef5548109658ae7034273e2d,2018-02-15 00:54:28,280fc02b8ead46d897a70c9fa8a76c35,paid_search
4853e06166a94d9b84fbab193e27c0f8,2018-02-03 18:12:23,2566ffa7a57141909a5618885cb43553,organic_search
09796e1df0b140f4ae97705be71a7fcf,2017-09-06 12:22:59,c2366a33c94543b4a5c36a8911cb5ebe,social
77572d4ef0a9466d91ecf1f3c29aff0f,2018-02-03 19:03:52,0c738336dbd04e959c993ff02dbf5e0f,email
5ab03cac16274296817ed04cf2307281,2017-11-15 05:13:01,d650cf637d2e4393939ab7a1b5bd56fb,direct_traffic
08b01845013f4791b8ca5427815804c5,2017-07-21 18:47:32,57b30bb0fe284da5b57510a8823d88a2,organic_search
92aea416fdb643048830c03f9dc6826b,2017-08-07 07:28:14,22d5f074d6fd43b2b796684fe6998629,organic_search
bb0fdb11cc7b4fd69c914451038de55e,2017-06-19 16:43:30,ff05ce68802a4f1796f1c6ff9508133e,paid_search
9a33540299cd4673a9c2b981ca248915,2018-06-01 19:01:04,dc97f501f52d4c12817bfe088b55a525,paid_search
c8a505b0d05248fabb3149e721a02890,2017-06-03 11:19:20,c2366a33c94543b4a5c36a8911cb5ebe,organic_search
7b486f7354cf4d81aedf9b66c114658d,2017-06-23 21:38:14,54dadc715073494a9f52e4f263e34d4e,paid_search
7e55ad5bfe57420592064ae80782bf3e,2017-07-15 12:08:04,b3ebd0b9fc81475f87eaafca8d37f073,email
afc350ee90b24bd0afc5d7288ec2e085,2017-06-24 03:45:13,30603de19a0f45f98e07cc24bb54cd32,organic_social
77d3ec9dd3c74372bdfc999132230390,2018-05-04 11:22:37,e73bb83cf417427888827b7bd8835d0c,paid_search
af1b73cd2177456b821c2aa68a10d041,2018-03-23 11:21:53,d4a547d9c0264e5e821f2ce922348c3d,organic_social
7124cdd8d1a5431db18907aa28fe1386,2017-09-16 11:40:58,54ac0583af594362879a48b3c36bac75,paid_search
bdbe708718dd4440919e0e5c1e8fe63e,2017-09-07 10:26:00,b5aed19b7ce942ceb1082d725df90ba9,paid_search
b655df1128e44d88b7cc05f7947d080d,2018-02-28 11:37:11,d650cf637d2e4393939ab7a1b5bd56fb,organic_search
03491ac1779748c6b1cad2b59906b94e,2018-01-12 04:17:00,b5aed19b7ce942ceb1082d725df90ba9,social
cc9b7f1aedd1490fa044d08afaff70bc,2017-08-16 05:44:03,b5aed19b7ce942ceb1082d725df90ba9,other
47185540fe534a63b1007c329e0b9305,2017-07-29 00:33:19,fd67c44c56284345a9d416ecc4e70697,social
c2accbdcd81942d9ad69b7b9f6ace556,2018-03-14 18:42:58,dc97f501f52d4c12817bfe088b55a525,paid_search
cbb1cdb00d844eeea02fe795f6764867,2017-09-14 19:45:10,7e92b46dac574b1b9786c529162a68c6,social
f4bed7df1d234fc39f5e537a8f3f5d59,2018-03-09 11:35:44,b5aed19b7ce942ceb1082d725df90ba9,organic_search
e9b78c9a00e540a2a9d3e335fd3fc4d8,2017-08-12 10:18:48,702afe38d2d2425a9b41828bf926fbf5,referral
2bd28561278b4586a631d16ccdc835b3,2017-10-04 06:14:09,24f5fbd22d624e12b58faeb2f2742ebb,social
81f5663f45594d2a89f5860f4a260580,2017-11-07 22:19:41,5c9fede2c59f461bab56ff6d802fa6a1,paid_search
6dadd39b13954bc089b729b6a827be0e,2017-11-21 19:40:54,b3ebd0b9fc81475f87eaafca8d37f073,social
2310570b14184728ae2fdb43e9e3002b,2017-06-26 04:44:09,e73bb83cf417427888827b7bd8835d0c,social
0aeff6a6f945408085ffeaf1578c2991,2018-01-28 01:50:13,dc97f501f52d4c12817bfe088b55a525,organic_search
0f524a40d5034c6f966b9e89de0f600d,2017-12-14 01:57:31,24f5fbd22d624e12b58faeb2f2742ebb,direct_traffic
a43d26ee3c0f4cd3ae8d137cb40f3080,2018-01-05 14:16:09,32f776c66b854bc08925bb990a3b5ea3,organic_search
912be2ca99344375821608580e2992d2,2018-05-27 21:42:14,5c9fede2c59f461bab56ff6d802fa6a1,direct_traffic
2130a3cc70fd40ea8102f5039edc3684,2018-03-31 22:55:05,bd7014dfab0643b08af9d59f9064c67f,email
bf96403b11d648fc8983236aa885e054,2018-05-20 16:13:56,fd67c44c56284345a9d416ecc4e70697,email
726f6faf3ccd4c6e9ee6e0aa51f7a119,2017-11-30 11:22:32,42aab95b911f48e28fc6e5aff6d61bab,social
85ff8297a5dc41faa480ed0f1fee1971,2017-09-10 19:25:24,24f5fbd22d624e12b58faeb2f2742ebb,social
705cd42492194ba7af6ac9f2dc7e7edf,2018-01-25 20:40:21,2566ffa7a57141909a5618885cb43553,organic_search
534529594b6243a89d7cd6d47507651b,2017-07-18 17:02:57,dc97f501f52d4c12817bfe088b55a525,email
37568ab53c35416ba0d8578498d9927d,2018-01-20 11:18:03,57b30bb0fe284da5b57510a8823d88a2,organic_search
014f43d79e9345079ee52e29bba36679,2018-04-26 16:56:40,6eb360925f334493a6951325d8182624,paid_search
13a9ffd4224f4b1ab397f2df8afd339f,2017-09-27 08:08:53,2566ffa7a57141909a5618885cb43553,paid_search
172575788d5a4f849cab25ca56d00301,2018-04-12 09:23:43,c2366a33c94543b4a5c36a8911cb5ebe,organic_search
37ef7cb4309d4119ab346494629fc7b7,2017-12-04 14:16:30,32f776c66b854bc08925bb990a3b5ea3,social
e899e0edd45a4f2e8e2541d02ee7fbaa,2018-05-25 12:01:36,280fc02b8ead46d897a70c9fa8a76c35,organic_search
291a8fc38b074b058b5b517e0f9416e8,2017-11-14 16:30:12,6eb360925f334493a6951325d8182624,direct_traffic
8b937e25537a4da5a97c20e6415b1bbc,2017-06-16 02:22:47,6eb360925f334493a6951325d8182624,paid_search
a634d8936a9a4786a36910df438c4649,2017-07-28 12:47:44,6eb360925f334493a6951325d8182624,organic_search
9b25322ad89c4247abd0190c5b49adfd,2018-01-23 06:13:07,0c738336dbd04e959c993ff02dbf5e0f,social
fa6fd8eaddee401daec4ad97b1fb3709,2017-11-26 22:00:25,702afe38d2d2425a9b41828bf926fbf5,organic_search
1e05d93280614fd4a1764e8e18ffb164,2017-08-05 18:29:37,dc97f501f52d4c12817bfe088b55a525,organic_search
c53e81fa956b45d09d28f489ed3f4b72,2017-12-25 03:53:42,42aab95b911f48e28fc6e5aff6d61bab,direct_traffic
612db653770e4efeb49d48248b5eeab3,2018-03-12 23:38:44,24f5fbd22d624e12b58faeb2f2742ebb,organic_search
7010b60fd0f04d94b4ec267da6716a00,2017-11-02 19:23:48,b3ebd0b9fc81475f87eaafca8d37f073,email
9dc94f52392f478b8b1a1e99d41b69f7,2017-12-23 21:30:02,7b5e3159006745bdbee47199b5293638,organic_search
bd826fb879284e8ba65ac9cd56c5f326,2017-10-01 22:36:19,9949586af6134c339c1809ad3ec0df66,organic_search
9a04eceb5b6340f99953858dcfa21e78,2018-03-08 05:47:23,6eb360925f334493a6951325d8182624,direct_traffic
f323418fe9ae4a98acf980f8cae8c659,2017-12-14 02:24:18,42aab95b911f48e28fc6e5aff6d61bab,paid_search
eec517918d8a461683b9549ff7d76a3a,2017-09-15 21:30:59,7b5e3159006745bdbee47199b5293638,organic_search
1dd9637e0cec4aa691f968f04916b5e2,2018-01-09 20:39:05,280fc02b8ead46d897a70c9fa8a76c35,paid_search
68572fcc74414141b094b927d70ff7b1,2017-11-23 19:49:32,f7f91884fcc441c3a73051d4c1896af9,organic_search
cc5272476bcb4e21befea9a1e08af2b1,2017-09-29 06:18:06,57b30bb0fe284da5b57510a8823d88a2,email
4610d631be6242e4af7475766d8ef526,2018-05-09 02:50:09,22d5f074d6fd43b2b796684fe6998629,paid_search
2a2f3a336e384856ad5a75f51e1ef6e0,2018-05-31 20:54:20,bd7014dfab0643b08af9d59f9064c67f,email
ffd5b31a885845f3b0e8ab3daa6fc8e5,2018-02-05 04:09:44,702afe38d2d2425a9b41828bf926fbf5,referral
f70801085971480cb6aafe8ce3177423,2018-04-02 16:51:14,42aab95b911f48e28fc6e5aff6d61bab,paid_search
0a286af86b4440d69a02e9fe389e6d4a,2018-03-12 03:33:19,bd7014dfab0643b08af9d59f9064c67f,organic_social
407278c64a6d412699e65ea53473688d,2018-01-14 06:24:51,0c738336dbd04e959c993ff02dbf5e0f,paid_search
90db1f2bf6bb4de18ebac7750dbcb24a,2017-12-25 02:32:03,fd67c44c56284345a9d416ecc4e70697,display
f83c25fe44434555960416ccce923025,2017-07-26 21:42:52,d650cf637d2e4393939ab7a1b5bd56fb,organic_search
4fa844371e8c48839ebe8a273466507d,2017-12-12 11:55:14,6eb360925f334493a6951325d8182624,direct_traffic
5e7514455d824974b8a5bbbe47183cfb,2018-04-27 02:14:18,24f5fbd22d624e12b58faeb2f2742ebb,paid_search
bdc31a5c33f4455997d603a618e6622c,2017-09-20 05:03:28,5c9fede2c59f461bab56ff6d802fa6a1,paid_search
54b949c77f4644d6a1a39af57f79c5ef,2018-03-25 23:09:39,280fc02b8ead46d897a70c9fa8a76c35,social
35e9acc23389459faba299538d801893,2017-06-01 05:20:31,57b30bb0fe284da5b57510a8823d88a2,direct_traffic
8daf477b3fc0407596c28e2c47443ed0,2017-08-16 16:29:32,c005e1915b5a420dba2530a0e055f0e1,organic_search
54f03ca888f845e083287b685442cef3,2017-10-28 14:11:55,fd67c44c56284345a9d416ecc4e70697,organic_search
63a1187504a9449ba72f04bda4bd20a2,2018-03-23 16:16:50,54ac0583af594362879a48b3c36bac75,direct_traffic
9ef54856ed2945f586783fd375a80038,2017-09-14 11:31:37,0c738336dbd04e959c993ff02dbf5e0f,direct_traffic
01bb81485af14d4a906d85571e33e11d,2018-03-19 11:05:17,c2366a33c94543b4a5c36a8911cb5ebe,display
73e4a502457941f2b8c220c1c5fd8462,2018-01-09 12:32:03,24f5fbd22d624e12b58faeb2f2742ebb,direct_traffic
28ffc1fe415a4cdfb01488bb758ae091,2018-03-26 00:17:44,fd67c44c56284345a9d416ecc4e70697,display
feefcdcfeac44ad98379b97d44b7ba39,2018-02-17 14:42:58,54dadc715073494a9f52e4f263e34d4e,direct_traffic
26d94dfef31f4b80982365a6d7815751,2017-08-05 10:42:39,eabde2c6e9064911b23d789ff68f2bbb,paid_search
61d1c7c75174404e88745fa9b60be1e7,2017-12-07 19:59:03,eabde2c6e9064911b23d789ff68f2bbb,organic_search
ef3f239b666c46ada8390492eab9a3a2,2017-06-01 20:23:24,bd7014dfab0643b08af9d59f9064c67f,email
f1324f765d2846fbb93ae3e240f3e9af,2017-12-01 03:59:38,54dadc715073494a9f52e4f263e34d4e,social
17aae0e4e1dc47898c7c263980a9f0cf,2017-10-23 01:08:07,9949586af6134c339c1809ad3ec0df66,organic_search
5eb5086dfce949e58695ad129b2f782d,2018-01-08 21:29:13,ff05ce68802a4f1796f1c6ff9508133e,paid_search
2eadc6cd76a64397bf6318743213db6b,2018-04-17 11:34:57,f7f91884fcc441c3a73051d4c1896af9,display
7c03a71df3fd4ec79abf9672f5d23f6b,2017-12-13 14:46:59,ff05ce68802a4f1796f1c6ff9508133e,social
f501b99ce7374543a50f134f63b7d7a9,2018-01-09 19:50:49,54ac0583af594362879a48b3c36bac75,paid_search
6181c1cb0a9f4eaa8a0c9a44715615b4,2018-05-06 06:18:49,6eb360925f334493a6951325d8182624,paid_search
1bdf05f1536e44f482c1e6b600d6aa04,2017-08-11 06:51:11,c005e1915b5a420dba2530a0e055f0e1,organic_search
a89fb14a7aac4bc0a4b722123142d757,2017-12-14 13:07:03,bd7014dfab0643b08af9d59f9064c67f,paid_search
cdcd778bc27546c3ac6d3af2e9e94efa,2017-12-31 05:37:00,0c738336dbd04e959c993ff02dbf5e0f,paid_search
1bba4b9cfeaf4acb9cb8612920922a33,2018-05-10 04:34:15,2566ffa7a57141909a5618885cb43553,organic_search
5bb7d682e17f4b5a9beea0e8033d3b52,2017-06-06 02:36:43,d4a547d9c0264e5e821f2ce922348c3d,direct_traffic
4cc23af35e944cb2bcb51be776f26d1f,2017-06-09 05:14:33,22d5f074d6fd43b2b796684fe6998629,paid_search
8704d22bf1de4269bb9ef5e898bf80eb,2018-02-05 23:57:15,7b5e3159006745bdbee47199b5293638,email
dd6681c0fa694602a0ab6e250379e756,2017-08-09 03:04:57,2566ffa7a57141909a5618885cb43553,referral
cf28339aa29c49cb8e067ffbd985760c,2018-04-25 15:08:27,54dadc715073494a9f52e4f263e34d4e,organic_search
d0a57ff495274311a5412e6e74547133,2018-01-20 22:00:23,c2366a33c94543b4a5c36a8911cb5ebe,direct_traffic
ded5d15420aa4b698feb22aacdfdbc6c,2018-01-04 22:41:30,32f776c66b854bc08925bb990a3b5ea3,paid_search
b53908f377b447aaa9a98bafd73897a9,2018-01-19 18:32:50,7b5e3159006745bdbee47199b5293638,referral
6930166974264796a6a079985eaa65fe,2018-03-10 16:23:08,ff05ce68802a4f1796f1c6ff9508133e,organic_search
aa4be7823533442aa418ea3a3b41b4c1,2017-11-29 08:13:08,32f776c66b854bc08925bb990a3b5ea3,direct_traffic
cb8ef887dc2d49129095ae4161f5aacb,2018-01-04 22:00:42,e73bb83cf417427888827b7bd8835d0c,social
7333b51025df4cbfa5ffffab40d2e9bc,2018-03-23 18:08:14,54dadc715073494a9f52e4f263e34d4e,paid_search
2aad94696d7948f283ccd21c0ffe9f66,2017-09-30 18:16:02,b5aed19b7ce942ceb1082d725df90ba9,organic_search
abf90b96ebef464a8e78426a1b7851f8,2017-12-28 19:53:07,702afe38d2d2425a9b41828bf926fbf5,direct_traffic
4e422ad3461248aca3de6cef5b14a589,2017-12-05 01:13:05,eabde2c6e9064911b23d789ff68f2bbb,direct_traffic
2a3c2fc8cbc74a33a5d927fca1718926,2018-03-18 17:35:42,f7f91884fcc441c3a73051d4c1896af9,paid_search
94e3511ec74b442d8f1aed738e0dbdb0,2017-12-06 04:07:12,702afe38d2d2425a9b41828bf926fbf5,social
5c04d09079814cd1b70b2c8fc3e5d2ff,2018-02-02 02:54:54,2566ffa7a57141909a5618885cb43553,paid_search
490e5382204548cbb0577a9722a9b432,2018-02-25 10:10:24,b3ebd0b9fc81475f87eaafca8d37f073,direct_traffic
178bfb536dea4f1da2065775925ad485,2018-02-20 02:50:54,30603de19a0f45f98e07cc24bb54cd32,organic_search
6371d8f6c97d4bf6952351678f712ba8,2018-04-09 03:13:12,9949586af6134c339c1809ad3ec0df66,referral
4ac8a4f756ec4d01bac1edbdf6c426a3,2018-01-28 22:57:42,22d5f074d6fd43b2b796684fe6998629,paid_search
8e351a50c363469d97f8b6da8a1f41d4,2018-05-06 02:50:34,57b30bb0fe284da5b57510a8823d88a2,paid_search
debfd27c5c7749a393d7ceb7afbcf3de,2018-04-21 19:37:53,280fc02b8ead46d897a70c9fa8a76c35,organic_search
1b7076e72be64e868dafbea0717712ce,2018-03-24 11:22:39,fd67c44c56284345a9d416ecc4e70697,organic_search
dc364abb5c9a4a118c285ff9fba2b0ee,2017-06-28 12:30:29,c005e1915b5a420dba2530a0e055f0e1,social
e9a7be808d4a45a4b137c9419c5699de,2017-06-06 17:04:15,b3ebd0b9fc81475f87eaafca8d37f073,organic_search
1bb681d1673e46ffa8a1f2819a477c9f,2018-02-18 17:05:03,702afe38d2d2425a9b41828bf926fbf5,email
27ae8bee5425446cb17afa8871719d8b,2017-11-17 15:19:43,7e92b46dac574b1b9786c529162a68c6,organic_search
abf9aac390784bda9275664ee6c59f00,2017-10-29 10:31:47,32f776c66b854bc08925bb990a3b5ea3,paid_search
caff50f5562c46e5bc39e857fa6bb8bd,2017-06-19 21:45:33,22d5f074d6fd43b2b796684fe6998629,paid_search
3216d967469c4b709ed35cf47518031d,2017-11-03 20:31:26,b5aed19b7ce942ceb1082d725df90ba9,organic_search
a5fdaa7d9c7346978c12390e3e19aad5,2017-07-02 22:54:43,6eb360925f334493a6951325d8182624,organic_search
ca64363548304d6a87f8c473b82cb283,2018-03-24 06:09:21,702afe38d2d2425a9b41828bf926fbf5,paid_search
7dec10c6b818409a9b6c23fdbe64fdaa,2017-06-27 23:53:45,0c738336dbd04e959c993ff02dbf5e0f,paid_search
c84b686b98f04ab8a3cbf36f70c398fe,2018-04-16 00:59:38,0c738336dbd04e959c993ff02dbf5e0f,paid_search
866551daf6c74751bc227bfbcc5a6d92,2018-02-04 03:00:14,2566ffa7a57141909a5618885cb43553,social
83ea8b79381b4ef2b62a2f87d831488a,2018-02-14 02:47:54,54dadc715073494a9f52e4f263e34d4e,social
1d10b0e71a2e4d78b2b864020bc0f351,2017-10-21 09:10:36,2566ffa7a57141909a5618885cb43553,organic_search
7ca3a3b0ec554d129e1660733d5a9df2,2018-04-12 10:13:47,b5aed19b7ce942ceb1082d725df90ba9,paid_search
0a80c921f4694c4d9dab8d5c36efb7ee,2017-10-10 00:31:01,22d5f074d6fd43b2b796684fe6998629,display
faf11e15df79489a9d1edf99bcbb2a94,2017-07-28 21:59:04,32f776c66b854bc08925bb990a3b5ea3,social
333209a51b2b41c48bff8856988595d6,2018-03-30 05:30:09,57b30bb0fe284da5b57510a8823d88a2,direct_traffic
885bce60604441829eb9ca0f038beaf6,2018-01-15 13:27:46,280fc02b8ead46d897a70c9fa8a76c35,paid_search
d878902260a141538679b2b7977677d4,2017-08-29 09:30:42,280fc02b8ead46d897a70c9fa8a76c35,email
f4a20e2d8bee43c4bcd67e1547b17a1d,2018-05-25 08:35:58,6eb360925f334493a6951325d8182624,email
2b631831cd264a5eaa487505aff6447a,2017-09-01 19:12:05,54dadc715073494a9f52e4f263e34d4e,social
d30b1ac0c76d4c789dc90a11d1ac0dc6,2017-06-17 12:28:57,24f5fbd22d624e12b58faeb2f2742ebb,other
837038fd0f8a4e74a928d28d292dfca1,2017-08-14 21:40:59,c2366a33c94543b4a5c36a8911cb5ebe,organic_search
740862dd414b415eb62fee1a934149aa,2017-08-18 18:03:24,d650cf637d2e4393939ab7a1b5bd56fb,organic_search
c7b582696c034cab85609476db60b59c,2017-12-29 13:57:02,9949586af6134c339c1809ad3ec0df66,email
7e95aadda8ff4307ba6e3ada2422ffef,2018-05-05 16:01:35,22d5f074d6fd43b2b796684fe6998629,email
6dbfd4200bfc4f42ba717c3f9131a91f,2018-04-23 06:05:26,54ac0583af594362879a48b3c36bac75,organic_search
76090d11e100401da14dd29fa33fbe2b,2018-03-23 12:33:49,eabde2c6e9064911b23d789ff68f2bbb,organic_search
e2c2b60678d14ac1b7d21770cb8479f2,2018-04-25 09:37:34,d650cf637d2e4393939ab7a1b5bd56fb,organic_search
a2042301d96c4dcd8a440cf36302ecc4,2017-07-30 01:54:44,32f776c66b854bc08925bb990a3b5ea3,paid_search
a3aa15c14da249c6b20795f91f3253f1,2018-01-24 14:31:04,6eb360925f334493a6951325d8182624,email
1da7494ae71e45f19289edac56df0cc7,2017-11-02 17:20:25,22d5f074d6fd43b2b796684fe6998629,social
e961f6dcb1e04c03a5b4f274eca65de4,2018-02-28 08:30:26,ff05ce68802a4f1796f1c6ff9508133e,paid_search
7a7839baecf24331b52dea1a86c4284c,2018-05-16 14:12:07,6eb360925f334493a6951325d8182624,paid_search
214ecee5687d4784af41053d9b947926,2017-10-13 05:17:05,30603de19a0f45f98e07cc24bb54cd32,organic_search
23e7cc58f3a3429ca5d7d375e9300710,2018-01-09 00:25:54,0c738336dbd04e959c993ff02dbf5e0f,paid_search
3b19aca1bb73495e9ac72e60615e1062,2018-01-16 13:54:30,57b30bb0fe284da5b57510a8823d88a2,social
d40e48cf7a8a4e659d397a03f5164a35,2017-11-09 19:18:21,57b30bb0fe284da5b57510a8823d88a2,other
a615b8b216964984aa09b88138de68e9,2017-06-22 03:32:41,c2366a33c94543b4a5c36a8911cb5ebe,email
0d8d3e1dc407439c9089f67cf773f941,2018-02-28 23:12:28,7e92b46dac574b1b9786c529162a68c6,organic_search
d5198f1126d84738baba763cc3719aa6,2018-01-08 22:13:37,c2366a33c94543b4a5c36a8911cb5ebe,referral
41edb81a204247a5bce48900890831b6,2018-04-30 09:55:28,42aab95b911f48e28fc6e5aff6d61bab,email
dd09a8b2abb6443a8a90812b1e9fedcd,2017-10-17 09:43:27,280fc02b8ead46d897a70c9fa8a76c35,email
b3613166693a4b08bd844c38eea2ee3e,2017-07-21 09:17:48,d4a547d9c0264e5e821f2ce922348c3d,paid_search
7a045937facc4602a0d0c37d02c5bed9,2018-03-27 14:14:29,b3ebd0b9fc81475f87eaafca8d37f073,paid_search
fc53d279b8a9458d94305b97fcbdb95e,2018-05-12 08:48:12,22d5f074d6fd43b2b796684fe6998629,paid_search
6c82c35dd71c46928802c4313fe13cee,2018-05-11 21:26:05,d650cf637d2e4393939ab7a1b5bd56fb,organic_search
2e6d6bc63b1c452398ff5922951cd967,2017-09-08 18:55:51,42aab95b911f48e28fc6e5aff6d61bab,organic_search
61332d21a97c463e8052b1b19e0d6c7e,2018-05-13 06:33:02,42aab95b911f48e28fc6e5aff6d61bab,organic_search
f1c56f0724fd446b875d9805c16566b0,2018-03-08 00:23:06,57b30bb0fe284da5b57510a8823d88a2,paid_search
fe98c192486545878dc53c16db9326a5,2017-06-05 02:28:26,e73bb83cf417427888827b7bd8835d0c,direct_traffic
0c60107058274540a3ebbf331c270637,2017-12-28 03:33:25,30603de19a0f45f98e07cc24bb54cd32,paid_search
aaa23b52a941494591dd2fc74458f351,2017-07-24 16:14:10,7e92b46dac574b1b9786c529162a68c6,organic_search
44056d40d0944de1bae1eab2bdc1a0f8,2017-09-21 10:18:52,b5aed19b7ce942ceb1082d725df90ba9,display
0584a705bf034bcba290f2fbf1f3209f,2017-09-07 01:14:21,e73bb83cf417427888827b7bd8835d0c,display
677b3ecef78e47e1b07f058869d99ea7,2018-04-14 03:20:50,eabde2c6e9064911b23d789ff68f2bbb,email
4e90267a48c44aea8c1475331fda0194,2018-04-01 23:54:22,5c9fede2c59f461bab56ff6d802fa6a1,
e1a2fd746d74411b95c54c37749f737f,2017-09-20 21:49:22,d4a547d9c0264e5e821f2ce922348c3d,social
3a51a762b10f4dcbb21c364657b8000b,2017-08-02 04:22:05,24f5fbd22d624e12b58faeb2f2742ebb,display
d7797909213444eb982d77e3bbf95f8f,2018-04-06 04:43:47,ff05ce68802a4f1796f1c6ff9508133e,organic_search
206ddf618a814d3d9b6ea2dd7143f199,2018-05-03 23:35:22,702afe38d2d2425a9b41828bf926fbf5,paid_search
360ab6e5ca274714868da3087721d411,2017-09-03 04:02:08,f7f91884fcc441c3a73051d4c1896af9,organic_search
59a9efb447f843eb97a36d35b8a200ce,2017-09-03 09:13:25,0c738336dbd04e959c993ff02dbf5e0f,organic_search
4ba6d74edc6448b8a74045dfc5a53798,2018-01-26 02:45:24,d4a547d9c0264e5e821f2ce922348c3d,organic_search
65b29d11697949fb8ccfcb08e4c521ee,2018-01-19 10:03:46,d650cf637d2e4393939ab7a1b5bd56fb,social
e6a25c5e64fe4cf39c8c902f1078a7fa,2018-01-05 11:46:29,b5aed19b7ce942ceb1082d725df90ba9,email
984860a5016f4918a59227511cff3ff5,2017-08-22 02:41:38,b5aed19b7ce942ceb1082d725df90ba9,social
301aff56e30b48699aff30b47fd8d04e,2017-07-02 13:56:14,ff05ce68802a4f1796f1c6ff9508133e,organic_search
03a45a1663bc43a28c6f6251c1c715a2,2017-11-18 02:11:12,b5aed19b7ce942ceb1082d725df90ba9,email
7060bf9d329b4f79ad251d5eb59fa212,2017-10-14 06:28:41,b3ebd0b9fc81475f87eaafca8d37f073,social
4bb82f093a74487a8e0df00b64d0cef4,2017-07-06 17:54:10,c2366a33c94543b4a5c36a8911cb5ebe,paid_search
16b70124828a4ef0a5481d44f354dcc2,2017-09-11 22:13:13,ff05ce68802a4f1796f1c6ff9508133e,direct_traffic
5940c33164f5437dbeff0c199ca23acc,2017-08-31 23:30:04,6eb360925f334493a6951325d8182624,organic_search
d8ccf4da2eb24cfd997289dff891eac7,2017-07-26 05:14:17,c005e1915b5a420dba2530a0e055f0e1,paid_search
e4d786e108144df2adaab71d2b311585,2018-01-07 07:57:04,fd67c44c56284345a9d416ecc4e70697,organic_social
5d8389dfc7dc4d6c9fbee390a00cd0f4,2018-04-26 03:52:06,c2366a33c94543b4a5c36a8911cb5ebe,paid_search
a425a70e1308441c85770b1077d45af3,2018-01-13 09:25:47,dc97f501f52d4c12817bfe088b55a525,paid_search
56b65c6aeb1b44d38f07727b924ba1d7,2017-06-18 02:39:17,24f5fbd22d624e12b58faeb2f2742ebb,referral
70f4857390d64b0b817bb18483e58d7c,2018-03-20 09:07:26,d650cf637d2e4393939ab7a1b5bd56fb,direct_traffic
4628fa49c1b444e9b6911e55518f0533,2018-01-15 00:40:59,5c9fede2c59f461bab56ff6d802fa6a1,organic_search
0106890c74dd4fc5bbab2af30d3cfdb8,2018-02-10 05:25:10,d4a547d9c0264e5e821f2ce922348c3d,organic_search
2fa0afd43ccd48ac88758d6c90a48334,2018-04-24 00:01:53,c2366a33c94543b4a5c36a8911cb5ebe,organic_search
150614d487fd4eaf8f5cab38aad4c51e,2017-06-20 14:13:01,b5aed19b7ce942ceb1082d725df90ba9,social
ea88b3772a25432c90f420053f62d11c,2017-08-17 12:00:31,5c9fede2c59f461bab56ff6d802fa6a1,paid_search
e6c43d4a9a1c4e79a3fff35a6d199285,2017-12-18 20:55:19,e73bb83cf417427888827b7bd8835d0c,organic_search
989016f49b3f4d38a003fffa42e8e66a,2018-02-19 17:51:54,6eb360925f334493a6951325d8182624,display
58e1a77fb6624988a9ca4f44d89d8b1a,2018-01-10 14:42:21,54dadc715073494a9f52e4f263e34d4e,social
a76e3e9e91af417a99b960b3d456f772,2017-07-06 19:39:55,9949586af6134c339c1809ad3ec0df66,organic_search
a2fe86d98a354d258ab38a1c0ff4b001,2017-06-02 13:59:47,f7f91884fcc441c3a73051d4c1896af9,social
ce599da47e0a414dbbe807ff950d3194,2018-02-02 04:24:46,702afe38d2d2425a9b41828bf926fbf5,direct_traffic
b70dc40ee1d94711a6579a0da7bd42a8,2018-03-02 13:04:04,42aab95b911f48e28fc6e5aff6d61bab,organic_search
5a580a11819e44759432e718c9ffadeb,2018-05-16 11:01:32,ff05ce68802a4f1796f1c6ff9508133e,organic_search
148e717980604b9c923d54fb39e3d5ed,2017-06-29 23:01:13,d4a547d9c0264e5e821f2ce922348c3d,email
fe89f5fe712443ff90a52deb22caa1dc,2017-07-17 13:18:07,c005e1915b5a420dba2530a0e055f0e1,paid_search
dca88bf99f044250b85a91d1e1affad4,2017-11-22 02:55:45,bd7014dfab0643b08af9d59f9064c67f,social
41465de990bb4a12a62385bb97d3457b,2018-01-22 10:33:25,d4a547d9c0264e5e821f2ce922348c3d,paid_search
8f1faa20077e4f819e25b36d3071fea5,2017-09-12 06:25:49,c005e1915b5a420dba2530a0e055f0e1,organic_search
aa055d754d64440ca20bfdb8d557799f,2017-06-21 13:59:13,57b30bb0fe284da5b57510a8823d88a2,organic_search
6269837fa2fb418390defa0332d6272b,2017-09-06 10:52:53,f7f91884fcc441c3a73051d4c1896af9,paid_search
73c916827de24f62a447b47d9be5fc9a,2017-12-17 03:53:14,d4a547d9c0264e5e821f2ce922348c3d,organic_search
0ed691c958374141b4161c95d63855d6,2018-05-19 13:04:49,6eb360925f334493a6951325d8182624,organic_search
676eb69c428c4d1f9b00a0f8a191d410,2017-07-14 23:02:21,b3ebd0b9fc81475f87eaafca8d37f073,email
e2204a57f52e42688ba766fb3a9123de,2017-09-06 05:05:42,eabde2c6e9064911b23d789ff68f2bbb,
899dc681f4bf4f52a680d389509de8dc,2017-09-07 00:55:24,22d5f074d6fd43b2b796684fe6998629,email
c8822c1bc46243648f8dc169618698f9,2018-03-31 08:40:58,6eb360925f334493a6951325d8182624,referral
3f6d52cc2eb349f898614f8ec549939b,2017-12-17 02:17:36,280fc02b8ead46d897a70c9fa8a76c35,organic_search
29035733cb484a3a8123d103399c74a2,2018-03-04 23:25:32,0c738336dbd04e959c993ff02dbf5e0f,display
cc7ea678eaf242639985f3b0a6ac3a73,2018-02-11 19:26:24,bd7014dfab0643b08af9d59f9064c67f,organic_search
21e11e8a3a9b422fada95138ca37458c,2018-01-17 00:35:51,eabde2c6e9064911b23d789ff68f2bbb,display
e132b7d0f6dc48278dc4c4241d042b2b,2017-11-21 02:02:27,42aab95b911f48e28fc6e5aff6d61bab,
004956ed630e42d9b8025184145530a9,2017-06-22 14:45:50,dc97f501f52d4c12817bfe088b55a525,direct_traffic
bc5d40b2a22f4e9892a9791b944a2329,2017-09-17 23:48:21,57b30bb0fe284da5b57510a8823d88a2,
6c4b968ba4424cdc8eaf53f2f0c5564a,2018-02-23 16:41:19,57b30bb0fe284da5b57510a8823d88a2,social
9160e2ff975e4b67ab7defd3bccd0715,2018-03-02 05:25:23,22d5f074d6fd43b2b796684fe6998629,organic_search
cc9caba43066443d9554f369ff261b2c,2018-03-24 08:28:57,c2366a33c94543b4a5c36a8911cb5ebe,paid_search
632c67a106f443608d93e79fa3f11c78,2017-07-07 01:20:33,22d5f074d6fd43b2b796684fe6998629,social
710310a910a4481f9a17c81e4133c0e2,2017-08-12 17:48:00,d4a547d9c0264e5e821f2ce922348c3d,organic_search
7e1f4793f4ee4b709364e115f56f0b8b,2017-06-10 17:09:23,c2366a33c94543b4a5c36a8911cb5ebe,social
a4770bc935f341a39f726cc79ff488c1,2018-04-13 01:40:03,9949586af6134c339c1809ad3ec0df66,
3b0e2d0ec1bb4af486fe4258d666a52a,2018-05-26 23:37:17,2566ffa7a57141909a5618885cb43553,organic_search
6a9fe054c7274582abdac4a375d12d96,2017-06-08 06:16:17,d4a547d9c0264e5e821f2ce922348c3d,email
e0900c3a36764ebdadc98ef0d95ceafe,2017-06-26 11:11:23,bd7014dfab0643b08af9d59f9064c67f,organic_social
23463e4a829245ec8c307a48de45e20d,2017-07-20 16:36:33,fd67c44c56284345a9d416ecc4e70697,display
eea8dbf302724a45bdd6ac3b17b27b4d,2017-08-27 21:31:09,24f5fbd22d624e12b58faeb2f2742ebb,display
fc6271301f484b3f9d6b87bf2e49403c,2017-07-25 04:09:25,6eb360925f334493a6951325d8182624,social
2244d85aa6bd4d63b2b7494e3ea566d1,2018-04-01 22:24:51,9949586af6134c339c1809ad3ec0df66,other
311d3c673be741f193763ee4c8c6a780,2017-07-03 07:22:40,7b5e3159006745bdbee47199b5293638,direct_traffic
048a416247304981b54d2991a25f2cb9,2017-11-20 14:38:12,42aab95b911f48e28fc6e5aff6d61bab,organic_search
8267618366ee4bbe9d92908c023f9130,2017-08-01 20:58:13,c005e1915b5a420dba2530a0e055f0e1,paid_search
abd71fe238e74b72b0709ffc42356c1c,2017-08-10 11:42:31,bd7014dfab0643b08af9d59f9064c67f,direct_traffic
f44ada456db44e8da80aeda9df0f04b5,2017-09-18 01:39:35,702afe38d2d2425a9b41828bf926fbf5,organic_search
e95b0deef7534611a184ca7817b45e29,2017-08-28 12:12:55,24f5fbd22d624e12b58faeb2f2742ebb,social
7e65ed465edf45c1ad2e263bcd787709,2017-08-01 09:58:19,2566ffa7a57141909a5618885cb43553,direct_traffic
569ce38ac1024437833f8e3b39259f14,2017-12-30 06:07:06,f7f91884fcc441c3a73051d4c1896af9,organic_search
26126f3cf2ff4383852e3735b992bae5,2017-12-07 20:08:56,32f776c66b854bc08925bb990a3b5ea3,social
23debfda3fdd445499a93324fbee28af,2018-01-11 08:52:14,c2366a33c94543b4a5c36a8911cb5ebe,email
60e38e7ce98d4d8384109b5d68f79efd,2018-03-25 01:28:54,2566ffa7a57141909a5618885cb43553,paid_search
3a34ea7880d84d27b3bdf19b50a05737,2017-07-22 23:01:03,fd67c44c56284345a9d416ecc4e70697,organic_search
cd178cf21d064d90bcca3d2d2dd0cc67,2017-12-10 05:44:37,e73bb83cf417427888827b7bd8835d0c,organic_search
9bc7cdc8b485467b91a05fb6b6b73717,2018-02-05 02:56:20,e73bb83cf417427888827b7bd8835d0c,paid_search
eb9f9e654b1342b9a37a92acc5abe82e,2017-06-04 06:31:56,c2366a33c94543b4a5c36a8911cb5ebe,organic_social
2c892089adae487cb89bbec4ac01a0fd,2017-07-16 23:43:46,702afe38d2d2425a9b41828bf926fbf5,organic_search
d0a709077772478ab347e706eb08e99c,2017-10-24 15:09:15,f7f91884fcc441c3a73051d4c1896af9,social
8cf0dff637cd4dc2b11eecd5f8f22819,2018-01-30 04:37:12,54ac0583af594362879a48b3c36bac75,organic_search
8bf0eb36301945f69ae0572fcef4f16c,2017-08-13 23:17:43,b5aed19b7ce942ceb1082d725df90ba9,paid_search
e05c4bfe88494a4f857b45ee6cccbdb0,2018-02-23 16:23:57,7b5e3159006745bdbee47199b5293638,email
158fb1c2b8b04c979117b8994fedca1f,2017-10-01 06:21:18,fd67c44c56284345a9d416ecc4e70697,direct_traffic
abae64b5c31647dd8e9b21db47924fbc,2018-05-21 01:22:11,fd67c44c56284345a9d416ecc4e70697,organic_search
dea780f94ca645cc89254fae9093dfd3,2017-09-01 18:12:01,fd67c44c56284345a9d416ecc4e70697,paid_search
cdc8572c8ab64229a3a71541d63e0c18,2017-07-16 22:50:07,bd7014dfab0643b08af9d59f9064c67f,organic_search
a05b4a97141a44448b80a670e37545b8,2017-11-02 12:39:53,7b5e3159006745bdbee47199b5293638,paid_search
2c80e2c4adff410d96071a25f314dd7d,2017-06-03 20:18:20,9949586af6134c339c1809ad3ec0df66,direct_traffic
601a6366a6714823a312b6df22b630ea,2017-09-07 04:16:41,30603de19a0f45f98e07cc24bb54cd32,organic_search
1ed32f8583204dfaa867189fc5412f2e,2017-07-19 22:32:03,7e92b46dac574b1b9786c529162a68c6,paid_search
f455f2abed504f5c9b5231f11b76d18c,2018-03-04 18:28:44,9949586af6134c339c1809ad3ec0df66,paid_search
c7939a3be9134c85acf0a650217551f3,2018-01-24 22:48:31,57b30bb0fe284da5b57510a8823d88a2,organic_social
2c18afbe3ca54908999ae16ca714cf34,2017-09-15 10:03:51,eabde2c6e9064911b23d789ff68f2bbb,
2a8034169102436e9e4de12c9f81083c,2017-09-08 04:06:09,280fc02b8ead46d897a70c9fa8a76c35,organic_search
90241a004f5644739a89bff43a25e91a,2017-08-16 17:16:22,6eb360925f334493a6951325d8182624,direct_traffic
14c67e04716d476c9239bd2820a64aab,2017-08-30 05:49:00,57b30bb0fe284da5b57510a8823d88a2,paid_search
5ed6e416636f44cab4b732e5e0f70093,2017-06-23 01:58:01,d4a547d9c0264e5e821f2ce922348c3d,paid_search
f6b710cd2db945719e1a7ce3898279ac,2017-12-04 10:22:43,54ac0583af594362879a48b3c36bac75,direct_traffic
dd498ab3ae3a4565a4f356b5e156ba4b,2018-01-09 09:09:09,42aab95b911f48e28fc6e5aff6d61bab,organic_social
1426c6ab91c145b3886b2b57d95c0c59,2018-04-12 16:29:54,eabde2c6e9064911b23d789ff68f2bbb,display
80f5f960d5634b91b77f1e65102f686a,2017-07-24 01:54:35,c2366a33c94543b4a5c36a8911cb5ebe,social
9591e75d1a2f487db9566f09661acc1e,2018-03-03 06:24:13,32f776c66b854bc08925bb990a3b5ea3,paid_search
057f1e3b173f4955a6401eeec578f3ef,2017-06-15 17:39:37,30603de19a0f45f98e07cc24bb54cd32,email
2c6a10fdd01545878f91ad1b6b1537e9,2017-07-30 02:34:47,5c9fede2c59f461bab56ff6d802fa6a1,organic_search
ac8b941d92ab4899b1445dc072a2d503,2017-09-29 16:11:43,702afe38d2d2425a9b41828bf926fbf5,social
770452425ad248bd955d567aa7333e12,2018-03-24 11:52:05,7b5e3159006745bdbee47199b5293638,paid_search
cd7dcb0f52a24a6bb1115d50bd7f3338,2017-09-10 11:51:28,9949586af6134c339c1809ad3ec0df66,direct_traffic
d33678181d2647308deaf63a37c005ae,2017-07-27 11:52:26,9949586af6134c339c1809ad3ec0df66,organic_search
5a65f64ca53d4e21a9209c175991506c,2017-07-21 08:37:59,22d5f074d6fd43b2b796684fe6998629,organic_search
a49f913ce3764103a02cd449f27b9895,2017-12-29 07:16:48,ff05ce68802a4f1796f1c6ff9508133e,organic_social
49e57214536d4035883d0b1d6412105d,2017-09-21 02:40:37,6eb360925f334493a6951325d8182624,organic_search
4ae8f94ec7ab4985942b35a92b74972b,2018-03-27 17:38:12,eabde2c6e9064911b23d789ff68f2bbb,social
3950838eef8b4831aef41f87049c8017,2018-01-10 05:16:37,54ac0583af594362879a48b3c36bac75,organic_search
4b9615ca86e44b1584aa6e82776bacc1,2018-04-09 16:33:56,32f776c66b854bc08925bb990a3b5ea3,organic_search
015f6052ffd7431e87e8b17d5e226734,2017-12-16 13:35:53,2566ffa7a57141909a5618885cb43553,organic_search
fa48939622014a85b962ee90aaa28d38,2018-01-21 07:04:08,d4a547d9c0264e5e821f2ce922348c3d,organic_search
28201aa0f86148ceaf0797f06124b0f8,2017-12-01 09:49:09,54ac0583af594362879a48b3c36bac75,referral
bcdc8cf4de8c47d5861b5e0a57eb7307,2017-11-19 04:37:53,eabde2c6e9064911b23d789ff68f2bbb,paid_search
87ad60f15ffe42ba9f101ba6ba987bc1,2018-05-21 20:42:16,eabde2c6e9064911b23d789ff68f2bbb,display
4b3ad79efe4f414b871ea6ad1f806889,2017-10-22 04:58:11,dc97f501f52d4c12817bfe088b55a525,social
7b5766116a3b4fe1b84b95f357385550,2018-01-25 16:41:46,7b5e3159006745bdbee47199b5293638,paid_search
ac6799bbef924a49a9f37dbf609b5fe2,2017-08-27 12:30:33,9949586af6134c339c1809ad3ec0df66,social
9ff7cea9a1ea4ef0a14e65ff2517af36,2017-10-30 21:58:39,32f776c66b854bc08925bb990a3b5ea3,social
3c946c0a4d1048848ac11e11a0aa7703,2018-04-23 22:15:54,5c9fede2c59f461bab56ff6d802fa6a1,direct_traffic
7058195bf0ed4a54a4a2a5520c90d6bd,2017-08-27 21:02:55,c005e1915b5a420dba2530a0e055f0e1,paid_search
342c832a22e44039bd138a76584bb79b,2017-09-26 03:08:54,7b5e3159006745bdbee47199b5293638,paid_search
139308d5a2964617a49d7ffacf33f970,2018-02-23 17:48:42,54dadc715073494a9f52e4f263e34d4e,referral
6b0c597155804861b7d45d8fa908d046,2017-09-19 21:32:19,6eb360925f334493a6951325d8182624,display
54098002f6324e6f839f596f0c12cf39,2018-01-23 10:09:51,e73bb83cf417427888827b7bd8835d0c,referral
1ce76c15e97c4bcab4db7a2c8331192c,2018-01-06 08:58:49,9949586af6134c339c1809ad3ec0df66,paid_search
78c00f9f86c64d0b92abff559942319a,2017-11-15 15:48:37,702afe38d2d2425a9b41828bf926fbf5,email
a32af634fa904689a97bdfb7e09e5bc6,2017-09-22 21:32:44,2566ffa7a57141909a5618885cb43553,paid_search
5ddbf91691fc410898d1da4c30cdfa2d,2018-03-21 00:11:05,7b5e3159006745bdbee47199b5293638,paid_search
21556b2df9994b0886e5a2c4ce723b4d,2017-06-23 01:27:30,6eb360925f334493a6951325d8182624,organic_search
dc2f5f601e1f453b9b1f914ab8b63bff,2018-02-14 01:13:26,7b5e3159006745bdbee47199b5293638,social
f58854e0eea54f7b8539073c7b827b59,2018-02-27 14:21:24,6eb360925f334493a6951325d8182624,organic_search
8c4ae111203744f49dc422800615e703,2018-05-23 03:34:04,b3ebd0b9fc81475f87eaafca8d37f073,paid_search
98cac1ff78c24ff3b321555b709a2fd2,2018-02-09 08:45:24,24f5fbd22d624e12b58faeb2f2742ebb,referral
f300f2b081fc4c9598b18b551cd20333,2018-03-13 00:27:08,f7f91884fcc441c3a73051d4c1896af9,organic_search
5588c022d80544bd91b2d904b3bfc1b2,2017-12-26 07:56:14,2566ffa7a57141909a5618885cb43553,organic_search
1b0d446b6b39488e85b76cc35118cfe2,2017-12-01 10:46:09,9949586af6134c339c1809ad3ec0df66,organic_search
dd442c4b7243466e8857953bca3f4b33,2018-04-28 03:18:12,e73bb83cf417427888827b7bd8835d0c,display
1322f277264d47f2ac3c448c519c8ed9,2018-02-01 11:05:55,32f776c66b854bc08925bb990a3b5ea3,social
6b29ca0d01ad4cae939ce0a2d69689b6,2018-05-27 16:43:19,54dadc715073494a9f52e4f263e34d4e,paid_search
e63b6345da0041e79296dc378fe6227e,2018-03-20 21:15:01,e73bb83cf417427888827b7bd8835d0c,email
16ebdc494454407eb995c7677ee9e56e,2018-01-19 16:53:06,d650cf637d2e4393939ab7a1b5bd56fb,email
ea5478522d3e47b796c6f7c955a1395a,2017-08-10 14:45:31,32f776c66b854bc08925bb990a3b5ea3,paid_search
19625adb9c2b479c93fd55be2778ac4a,2017-12-07 22:49:17,b3ebd0b9fc81475f87eaafca8d37f073,direct_traffic
3c5a94907eb54f4c86d5975f9970de9e,2018-05-27 23:03:41,e73bb83cf417427888827b7bd8835d0c,email
36ee448744da444a8cefe03e3cd22887,2018-04-18 02:34:26,ff05ce68802a4f1796f1c6ff9508133e,direct_traffic
851271b6cc3f4440a9ac0814f6b9c5d9,2018-05-20 12:07:14,30603de19a0f45f98e07cc24bb54cd32,organic_search
a4043f4ad5b64a5aa04da11034e517eb,2017-06-17 10:47:54,7b5e3159006745bdbee47199b5293638,referral
e3673200b3f94532999a4e35cbc39c59,2017-10-17 22:18:01,c005e1915b5a420dba2530a0e055f0e1,social
f6c7099ecef542a09b7d3ea7acbb6b29,2018-03-22 07:32:31,280fc02b8ead46d897a70c9fa8a76c35,paid_search
80f11bf7ca264272a4aeff2f6140ff07,2018-05-17 02:56:51,fd67c44c56284345a9d416ecc4e70697,paid_search
d3b458f070f245a4903ec0a9b5643a3f,2017-11-19 01:59:44,30603de19a0f45f98e07cc24bb54cd32,organic_search
866bcd0519e847adb054089be692997a,2018-05-12 13:15:08,5c9fede2c59f461bab56ff6d802fa6a1,organic_search
4dafdf56e67e4c088f5e17a22625c9ab,2017-06-27 04:02:24,ff05ce68802a4f1796f1c6ff9508133e,direct_traffic
e17c9d9991504df29d733b91a225bad8,2017-12-05 16:56:34,fd67c44c56284345a9d416ecc4e70697,organic_search
d256643535e84913ad9642a0269d3f15,2017-06-21 13:18:36,7e92b46dac574b1b9786c529162a68c6,paid_search
9fe335b471e54c5baef5a2c6ab8499ac,2017-08-29 23:35:57,c005e1915b5a420dba2530a0e055f0e1,social
396fa8e320cd482fac21633f11202f57,2018-05-27 02:26:22,c005e1915b5a420dba2530a0e055f0e1,organic_search
3ba8d51dc00d4f5e92b06f53bee41b73,2018-05-30 07:27:12,2566ffa7a57141909a5618885cb43553,other
336daaccb1f24d34abbf6094215d36c2,2017-11-19 08:41:18,c005e1915b5a420dba2530a0e055f0e1,organic_search
d9dee88e1f5a4a1a94f88fec3d9fd59d,2017-07-29 23:37:50,6eb360925f334493a6951325d8182624,paid_search
b420e7bab475488284b4db9bbf75c835,2018-03-25 07:38:18,d650cf637d2e4393939ab7a1b5bd56fb,paid_search
9493ddae3f0b405288583f13a98165f4,2017-09-24 11:40:03,7e92b46dac574b1b9786c529162a68c6,organic_search
3169bfede77b449dbc689c89ec82da3f,2017-10-15 18:20:03,57b30bb0fe284da5b57510a8823d88a2,organic_search
fa25faf9954840bab3a00f690b37d449,2018-01-03 10:05:25,eabde2c6e9064911b23d789ff68f2bbb,direct_traffic
88a4e3e526914d6fbedff57dc86c7b8f,2017-07-03 13:34:25,7e92b46dac574b1b9786c529162a68c6,display
20e0226352a3432c819901090c2609e2,2018-01-18 17:42:10,30603de19a0f45f98e07cc24bb54cd32,organic_search
ffbf86d4d73a451680a6728d21f208b3,2018-02-25 04:28:03,6eb360925f334493a6951325d8182624,direct_traffic
c7b5d68edfd7492d9a339d3d0588afcb,2018-05-30 19:21:57,57b30bb0fe284da5b57510a8823d88a2,direct_traffic
49e1c46801e1446cbc4cc0a68c912cbc,2018-02-28 10:38:27,b3ebd0b9fc81475f87eaafca8d37f073,email
9f888f28ea364bada2d476d8df9fa661,2018-04-14 13:24:13,280fc02b8ead46d897a70c9fa8a76c35,paid_search
6357c699a2424fbfa5565b46c02249ec,2018-05-11 02:23:21,54ac0583af594362879a48b3c36bac75,paid_search
c3f2afeab8454fa7980c66b34a50c4a1,2018-01-21 03:10:43,24f5fbd22d624e12b58faeb2f2742ebb,paid_search
fc400aeedb744df89a8296ce78afcf29,2017-12-18 06:30:37,0c738336dbd04e959c993ff02dbf5e0f,direct_traffic
cd49dc4721404e75a3adb3ddca242baf,2017-07-10 03:58:54,32f776c66b854bc08925bb990a3b5ea3,email
0873a45822ee4b0b8d280458f54e0606,2017-10-20 04:04:43,f7f91884fcc441c3a73051d4c1896af9,organic_search
9d751dad515645aeae97843745d44d54,2017-08-15 18:04:14,2566ffa7a57141909a5618885cb43553,paid_search
18f0e4e34f7a4262825936c6d4554787,2017-09-13 18:57:27,d4a547d9c0264e5e821f2ce922348c3d,organic_social
cfa46f04fc9744b9b9b64cc038ed0551,2017-06-12 10:40:26,7b5e3159006745bdbee47199b5293638,email
ec418b512aff47d388ea8826cac08e12,2018-05-16 19:42:46,c2366a33c94543b4a5c36a8911cb5ebe,
c2da7fa9b84b4b829a068bf454fe64f2,2017-08-07 17:15:15,7e92b46dac574b1b9786c529162a68c6,direct_traffic
7855a1eab0194afabf829e5cb47d69e7,2018-01-02 16:09:37,22d5f074d6fd43b2b796684fe6998629,paid_search
b849d16dfcff4834b38b18c158894a5d,2018-04-27 00:46:55,0c738336dbd04e959c993ff02dbf5e0f,social
d1198f91ccc94e4cb745b1d07cb8ff0d,2017-09-05 02:17:30,e73bb83cf417427888827b7bd8835d0c,direct_traffic
2c741ab34fc64e2e82b9cf3d69c2852e,2017-09-27 18:55:07,d4a547d9c0264e5e821f2ce922348c3d,organic_search
19155fdc72594687aec161d7c500946f,2017-11-19 14:59:21,702afe38d2d2425a9b41828bf926fbf5,social
66c2c3534deb49d58a12c49038018ab9,2017-11-23 23:52:31,d4a547d9c0264e5e821f2ce922348c3d,direct_traffic
2470bb6ebd3a4b41bcad516dafce2ac9,2017-11-15 17:42:00,702afe38d2d2425a9b41828bf926fbf5,organic_search
4c352d28a4794bd5ae270a8aab620975,2018-05-07 19:18:09,bd7014dfab0643b08af9d59f9064c67f,email
ee8a7cf53f4f4b3eb31e996da58e6dc0,2018-03-08 16:12:40,b3ebd0b9fc81475f87eaafca8d37f073,social
41ba729d08c64884ab8c7ef11ec28bbe,2017-11-03 20:39:10,2566ffa7a57141909a5618885cb43553,display
900d250b50ee44ecb46fa07215787456,2017-11-04 06:15:09,280fc02b8ead46d897a70c9fa8a76c35,organic_search
bec8b3860d4d45eb81a911f057dd46d1,2017-10-12 08:15:24,6eb360925f334493a6951325d8182624,organic_search
21bdb6c938824ea182b63dd3cd2b2e66,2017-12-08 10:29:27,d650cf637d2e4393939ab7a1b5bd56fb,social
c62b3657c37944e69ff7d1603033622a,2017-06-25 05:24:03,7e92b46dac574b1b9786c529162a68c6,paid_search
dd36a4cf7fb34b348630285fb0c4edb8,2017-10-24 16:35:59,32f776c66b854bc08925bb990a3b5ea3,direct_traffic
92fcebb6e0ee4959b474478ff6eefa35,2018-04-13 05:51:15,f7f91884fcc441c3a73051d4c1896af9,direct_traffic
c774146ab58f407993cf9c601b622cc7,2018-03-02 10:23:07,32f776c66b854bc08925bb990a3b5ea3,organic_search
0d91d698fe954d3aa585db2850a4df8c,2017-08-29 05:35:17,32f776c66b854bc08925bb990a3b5ea3,social
cfa3e66577614e94af1edc2bfc07f39e,2017-09-30 04:15:24,eabde2c6e9064911b23d789ff68f2bbb,social
29f316cef8014b6880fa32022d95da9f,2017-11-10 20:55:04,2566ffa7a57141909a5618885cb43553,paid_search
3db0e8f56a884457b3682979d0ebae6d,2018-01-12 09:28:52,7e92b46dac574b1b9786c529162a68c6,organic_social
10a8677952b24fe9a62fb7b6a1f3a4c1,2017-09-03 07:28:10,c005e1915b5a420dba2530a0e055f0e1,email
aef30b8a4d2544b4be7421b9eb500674,2018-05-29 01:15:46,57b30bb0fe284da5b57510a8823d88a2,direct_traffic
fd709521bae247a993320182111b132b,2017-11-10 12:31:08,2566ffa7a57141909a5618885cb43553,direct_traffic
27adb2cac75e4afa8a7b5ec8ff719811,2017-12-08 16:19:36,c005e1915b5a420dba2530a0e055f0e1,paid_search
39b5249889624aae9076925fcbf60eb1,2017-08-23 19:25:45,0c738336dbd04e959c993ff02dbf5e0f,organic_social
0dda9f3f5217449ea023c1bcec3157fb,2017-08-02 00:54:26,ff05ce68802a4f1796f1c6ff9508133e,direct_traffic
98443dd0ee4243aa90665799b333f176,2018-02-11 05:17:35,b3ebd0b9fc81475f87eaafca8d37f073,direct_traffic
9212b8aa2c164fc0be7f7140c4047ca2,2017-11-11 05:40:54,e73bb83cf417427888827b7bd8835d0c,referral
ada4465144c845789fee3f68ea32b8be,2018-03-07 18:28:27,42aab95b911f48e28fc6e5aff6d61bab,organic_search
8e03e5ad849b4b8dbe11cd410dc45159,2018-04-28 10:45:39,6eb360925f334493a6951325d8182624,email
61344f8a953d4af1a1787eb6c255fa4d,2017-10-27 20:53:19,57b30bb0fe284da5b57510a8823d88a2,organic_search
c69c746e364948df93e206a8b11a6cb0,2017-08-15 20:34:46,22d5f074d6fd43b2b796684fe6998629,paid_search
ec77ad1c52c245dca8d1fc68b43ff1aa,2018-01-13 12:19:52,f7f91884fcc441c3a73051d4c1896af9,paid_search
06920fd8afbd4950a25fc87b01abc94c,2017-07-28 17:26:21,5c9fede2c59f461bab56ff6d802fa6a1,other
abef6053b3344d56a6bab1c154df64df,2017-06-21 05:04:34,57b30bb0fe284da5b57510a8823d88a2,referral
5ea51f9cbc494694a21f352e9122a2bd,2018-03-10 04:15:19,0c738336dbd04e959c993ff02dbf5e0f,direct_traffic
d6ef0c8e76464fcca30da89ebf28728e,2017-06-13 14:37:22,fd67c44c56284345a9d416ecc4e70697,direct_traffic
c91d5b125da349fb8084d2bcfcdf99d6,2017-09-21 16:14:14,7e92b46dac574b1b9786c529162a68c6,social
5e5499ddd3d040fd9b1c9a6707d7a7e3,2017-07-18 11:52:57,eabde2c6e9064911b23d789ff68f2bbb,display
f709a59c2f2b4f90b4e08b93c65cfb87,2018-04-08 23:20:58,54ac0583af594362879a48b3c36bac75,paid_search
44bab1e58806438fa9529f1e8072239e,2018-03-26 19:10:00,9949586af6134c339c1809ad3ec0df66,paid_search
a3c1c38f3c1846f7af4a9b76f7ff0621,2017-10-21 07:07:32,e73bb83cf417427888827b7bd8835d0c,organic_search
c295a07efb5d43409c39ac1ae8543d06,2017-07-13 19:36:10,54dadc715073494a9f52e4f263e34d4e,email
58e04f07a460472bade92ba55ebb7551,2018-01-15 03:10:52,30603de19a0f45f98e07cc24bb54cd32,direct_traffic
cf9c01b481d04f059953d35b68091092,2017-12-19 07:04:46,6eb360925f334493a6951325d8182624,paid_search
2ec1b2fced674c46b17045f161b9c68c,2017-11-10 21:57:38,fd67c44c56284345a9d416ecc4e70697,organic_search
fc9735bf1e8343eb9d7472323f059144,2018-02-17 02:02:26,c2366a33c94543b4a5c36a8911cb5ebe,email
3421d8b9024642cf835dac954ed26a06,2018-05-08 13:08:45,ff05ce68802a4f1796f1c6ff9508133e,organic_search
69eac92c7f2c4749ab440e03191d3779,2017-08-15 15:34:11,7e92b46dac574b1b9786c529162a68c6,direct_traffic
90db6fa9c4274104b326461c42dc97e5,2017-12-15 13:34:27,e73bb83cf417427888827b7bd8835d0c,other
0730520bb69d41bda555b9c53824f2a3,2017-10-24 12:33:29,7e92b46dac574b1b9786c529162a68c6,paid_search
984d2752c2214a07b14258e5f2dff643,2017-11-05 16:13:22,54dadc715073494a9f52e4f263e34d4e,organic_search
74877189fdb643059b1372414d218784,2018-03-15 03:11:21,54ac0583af594362879a48b3c36bac75,direct_traffic
7ea5588bddc64dae9b55a2cd5168a66b,2018-01-14 15:07:54,280fc02b8ead46d897a70c9fa8a76c35,email
59e7c7f458c54ec9a8f49b155d9813d7,2018-01-13 10:30:31,32f776c66b854bc08925bb990a3b5ea3,social
980a8a8885334c3495618c581a02abc7,2018-01-04 15:04:49,2566ffa7a57141909a5618885cb43553,display
88288cae25ca4e4db099612b75b1d12e,2018-03-28 21:46:12,24f5fbd22d624e12b58faeb2f2742ebb,organic_search
a4767c7926b64c35bae972d3ba366d7e,2017-08-13 07:33:54,0c738336dbd04e959c993ff02dbf5e0f,social
a89ff0b55eb64421bd27633d1302f28f,2018-01-30 19:07:32,42aab95b911f48e28fc6e5aff6d61bab,direct_traffic
ceb305030b6146e589bf21d4de5e9a1b,2017-07-04 21:30:21,d650cf637d2e4393939ab7a1b5bd56fb,referral
dd2cb229457644fdb15217c174ab700c,2017-12-10 03:13:13,e73bb83cf417427888827b7bd8835d0c,organic_search
c8f98ba84f4f4b8eadd64e08b2499161,2017-12-27 23:15:29,c2366a33c94543b4a5c36a8911cb5ebe,email
95c259e704fc45f9a9ccd92c7caea53a,2017-10-18 15:05:31,32f776c66b854bc08925bb990a3b5ea3,social
6effdc7e15d645d093f3231dc5d18a9f,2018-03-12 16:49:30,f7f91884fcc441c3a73051d4c1896af9,paid_search
4b311ef08f4e43e698b710b2bd1bf470,2018-03-18 04:59:07,54ac0583af594362879a48b3c36bac75,organic_search
1839e8b3d47a48839141d0f4a8929099,2017-09-04 13:53:59,0c738336dbd04e959c993ff02dbf5e0f,referral
9ee2ad20da9d4a639bada6254fda9708,2018-03-11 17:51:42,eabde2c6e9064911b23d789ff68f2bbb,organic_search
9f374a967df840999b17d38de0d18de0,2017-11-02 21:18:24,0c738336dbd04e959c993ff02dbf5e0f,paid_search
fe56af752af647c9b0a3ab6ead507f69,2018-02-08 20:21:46,22d5f074d6fd43b2b796684fe6998629,paid_search
d050dd793d7047098eccbd46eb61c2eb,2018-01-24 08:10:28,e73bb83cf417427888827b7bd8835d0c,referral
509704de4d564dc59c4ccb01969a5081,2017-06-02 05:36:28,b5aed19b7ce942ceb1082d725df90ba9,direct_traffic
75b77152d118405c807eceb5ddedd6b9,2017-11-01 23:19:18,bd7014dfab0643b08af9d59f9064c67f,email
c2715bc2862a4331aea24c673042bf5f,2018-04-22 17:12:16,dc97f501f52d4c12817bfe088b55a525,organic_search
594861b4b7f1440d95ded8d5ff8cf3fd,2018-05-01 10:28:27,7b5e3159006745bdbee47199b5293638,social
87e93bc07b5e4bd6a6a85283e727aa46,2017-08-31 17:54:32,c2366a33c94543b4a5c36a8911cb5ebe,social
b89571fa26f246019a8c81d46a0c35b9,2018-05-19 23:28:33,9949586af6134c339c1809ad3ec0df66,email
93ab2192071c4139bd74eee827fbe647,2017-06-15 04:20:44,d650cf637d2e4393939ab7a1b5bd56fb,organic_social
0ad65d668e564a0a860eee4e11da51f5,2017-10-20 17:57:05,24f5fbd22d624e12b58faeb2f2742ebb,organic_search
ef0be4c2423a470da33d8ed8b34dec85,2018-04-03 13:10:16,702afe38d2d2425a9b41828bf926fbf5,direct_traffic
decdac7dc29b48d4be5ed82d468c3b07,2018-02-02 20:35:30,7b5e3159006745bdbee47199b5293638,organic_search
6f84e11fa4e74859be2a10fae8ad3001,2017-10-11 22:51:52,57b30bb0fe284da5b57510a8823d88a2,social
5c39efd5a0e94cc08c4826795fe85203,2018-01-30 04:21:14,7e92b46dac574b1b9786c529162a68c6,paid_search
dca126e9ff6d4ab1b08633a3f17fd785,2018-02-18 20:56:40,e73bb83cf417427888827b7bd8835d0c,paid_search
2824d318d3a54b16a7dff3f87ee41d5e,2017-10-11 05:55:44,702afe38d2d2425a9b41828bf926fbf5,paid_search
b3a8dd3aad414a43adf25f7e7665ed96,2017-06-30 05:19:14,42aab95b911f48e28fc6e5aff6d61bab,social
36a72eaafd3e42d18d4067db4f31d4ae,2018-01-23 04:55:59,7e92b46dac574b1b9786c529162a68c6,paid_search
8405af29aa1b41bca53889b3b77736ed,2017-08-23 01:55:32,b5aed19b7ce942ceb1082d725df90ba9,direct_traffic
2a80bb9855584b1a92ceb2fe12883d16,2017-12-02 15:16:26,d4a547d9c0264e5e821f2ce922348c3d,paid_search
254c3f3888c14217a547e2d0824ac5ae,2017-11-30 01:46:25,0c738336dbd04e959c993ff02dbf5e0f,organic_search
4001eb883cde4a33a1c2edf471f473ba,2017-10-28 19:16:57,d4a547d9c0264e5e821f2ce922348c3d,email
06175ed23db246489f2cad1858585f1b,2017-07-10 18:42:33,54ac0583af594362879a48b3c36bac75,paid_search
2d89653cd97040aaae16bb8146bd761d,2018-04-18 06:40:18,d650cf637d2e4393939ab7a1b5bd56fb,paid_search
8206d8bd70634894bc7dea3bce0e2d33,2017-07-19 21:48:00,d650cf637d2e4393939ab7a1b5bd56fb,direct_traffic
9bcc9a03504d489098ead169c12b6f8e,2017-08-25 19:47:45,42aab95b911f48e28fc6e5aff6d61bab,paid_search
0e4f4f951e2c4a658ef037a85754f2c3,2017-11-09 10:57:42,b5aed19b7ce942ceb1082d725df90ba9,organic_search
6d1b24f965ec4fef88b501ea313cecde,2018-05-17 13:11:56,dc97f501f52d4c12817bfe088b55a525,paid_search
ea2f1a430ecb405b84f04a5bec1e9952,2018-03-01 21:07:07,7e92b46dac574b1b9786c529162a68c6,display
41bb9f2be993485d8f1a73374158a3e1,2017-08-13 00:28:10,2566ffa7a57141909a5618885cb43553,social
5bd7bd5246134b03b830e983cb7445ed,2018-02-21 10:14:45,7e92b46dac574b1b9786c529162a68c6,direct_traffic
f9b672296d9b41989fb9789734134d65,2018-02-04 15:00:00,42aab95b911f48e28fc6e5aff6d61bab,social
e5d7da4f04d54651bf2e1e6b0e4e8284,2017-08-23 03:43:44,54ac0583af594362879a48b3c36bac75,organic_search
d442f5bd1a5d455e9bd5422654fd9a32,2017-08-19 18:19:39,9949586af6134c339c1809ad3ec0df66,paid_search
cd4c9c1db8454798a302da90555793d4,2017-09-05 20:20:24,fd67c44c56284345a9d416ecc4e70697,direct_traffic
fdaa5a14d93e4e7f9d894bf2537eae48,2018-05-20 19:08:18,54dadc715073494a9f52e4f263e34d4e,organic_search
a7eb597110a6446194b96dcb74370ad1,2018-02-28 20:03:55,f7f91884fcc441c3a73051d4c1896af9,organic_search
476ca5a138304fb380db2836ab524437,2017-07-29 15:11:42,b3ebd0b9fc81475f87eaafca8d37f073,organic_search
9ad51c28ae564b3a8bdaed195954940a,2017-07-10 04:14:38,bd7014dfab0643b08af9d59f9064c67f,paid_search
ba7f24c091ca46e08a3602772112c336,2017-08-07 00:37:57,6eb360925f334493a6951325d8182624,
17e6fe152b184203b43a923cfd12e5ae,2017-11-26 11:20:38,f7f91884fcc441c3a73051d4c1896af9,organic_search
60c9a3745ca9405a908de5b240f03de0,2017-12-03 05:03:40,bd7014dfab0643b08af9d59f9064c67f,social
600e7cf8f37140128b1fc555fea590f2,2018-01-13 21:45:35,30603de19a0f45f98e07cc24bb54cd32,organic_search
e12d830909754eb89f6c977439f21173,2017-11-23 06:16:11,f7f91884fcc441c3a73051d4c1896af9,other
8a1814f409a24a45a3f2289a0abe02e9,2017-11-03 01:02:49,22d5f074d6fd43b2b796684fe6998629,organic_search
5e62d8eaaa8a4d918943c3e05d2cf298,2017-07-31 08:05:44,2566ffa7a57141909a5618885cb43553,paid_search
edf0f2dda7ee4016b7a7474efd9fe46a,2018-05-22 05:10:59,f7f91884fcc441c3a73051d4c1896af9,direct_traffic
49f7291f358a4c61b3ccaff1862bd8d4,2017-09-25 11:11:35,2566ffa7a57141909a5618885cb43553,direct_traffic
0a1e4c52d2124b5a81e1160e7708249a,2017-09-16 04:44:27,24f5fbd22d624e12b58faeb2f2742ebb,paid_search
a683b99ad2594fb388a6ca8a343aca25,2018-01-04 04:04:03,24f5fbd22d624e12b58faeb2f2742ebb,paid_search
001f3ce501eb4c2d94bdc9d0b0787044,2017-06-10 17:37:52,d650cf637d2e4393939ab7a1b5bd56fb,paid_search
552299367ecf455ebb960b20dca8f5cd,2018-01-07 01:32:52,54ac0583af594362879a48b3c36bac75,organic_search
d0baae10d5c54b8191352c48352a1162,2017-07-26 01:11:38,280fc02b8ead46d897a70c9fa8a76c35,organic_search
a26a94b64f8d48ea96b85726f44e2672,2018-05-04 18:41:42,702afe38d2d2425a9b41828bf926fbf5,paid_search
895946cced544b2c9bd88df59ab116d4,2017-07-01 17:04:43,dc97f501f52d4c12817bfe088b55a525,organic_search
18fcae8270274e0c9aeee95beb367d00,2017-10-08 01:34:32,24f5fbd22d624e12b58faeb2f2742ebb,paid_search
8d0c31303789432aa0515eb87737c685,2017-11-02 00:22:26,d650cf637d2e4393939ab7a1b5bd56fb,direct_traffic
3237af10e9b4449d864022f687b4d2f6,2017-07-20 04:30:25,c2366a33c94543b4a5c36a8911cb5ebe,display
026eb7bdbea54c59b310c3ed88d176f3,2018-04-05 07:28:42,702afe38d2d2425a9b41828bf926fbf5,social
3efe5b404db64ee7890847a50a89543d,2017-09-11 06:43:39,57b30bb0fe284da5b57510a8823d88a2,organic_search
a8c3253500ff4da680d232301e781bbe,2017-11-27 01:03:55,24f5fbd22d624e12b58faeb2f2742ebb,organic_search
514a5958bd8849d4ba813ab4afe45732,2017-08-14 10:05:56,702afe38d2d2425a9b41828bf926fbf5,display
ee1fa470762f413a9324b5378d447b28,2017-11-26 12:49:23,32f776c66b854bc08925bb990a3b5ea3,paid_search
c7990b738aba492e8868204cc8699ec1,2018-02-12 22:19:01,9949586af6134c339c1809ad3ec0df66,organic_search
9042828d3df64ea1986567f362c09766,2018-02-14 20:45:41,24f5fbd22d624e12b58faeb2f2742ebb,social
5b6d0170e88e4085bfec617994297d23,2017-07-21 21:02:57,d650cf637d2e4393939ab7a1b5bd56fb,social
e1491b4273fa48d8a516c6485cb9bff7,2017-06-08 19:15:15,54ac0583af594362879a48b3c36bac75,social
ec036c384e844337b8aa5ce5cc8a8586,2017-09-07 10:15:43,32f776c66b854bc08925bb990a3b5ea3,organic_search
de14ff6b034148248b8ad5abb8802025,2018-03-03 00:09:27,22d5f074d6fd43b2b796684fe6998629,organic_search
29560730d08844eaa2bfa16446153a59,2017-07-21 07:47:31,c2366a33c94543b4a5c36a8911cb5ebe,display
ee746f15818e4661b4f9a18097bf08a7,2018-02-14 17:17:01,7e92b46dac574b1b9786c529162a68c6,organic_search
77c8d2e0886c4b78964cd87c751ea395,2018-05-24 21:27:31,32f776c66b854bc08925bb990a3b5ea3,direct_traffic
c49e96c13a324f2ea1b4cbc6182ce650,2018-01-12 03:54:27,32f776c66b854bc08925bb990a3b5ea3,direct_traffic
62651f729ad04dd1b5698fd1f4804e99,2017-11-29 13:49:16,7b5e3159006745bdbee47199b5293638,social
fa408908fe0e4bcba1f79749d88d0176,2017-09-18 18:43:23,9949586af6134c339c1809ad3ec0df66,paid_search
7c16b0d1c4ba4215a2b2729a67f6f8e4,2017-12-26 04:06:30,d650cf637d2e4393939ab7a1b5bd56fb,organic_search
b7e89e6a6c9d43bf9fb825e0eaf76d9c,2017-11-08 04:30:02,b3ebd0b9fc81475f87eaafca8d37f073,social
8d510d3781e74c7fbc87ebda0d1a7074,2017-07-27 18:55:21,2566ffa7a57141909a5618885cb43553,referral
0be29b069f014680848eb7dab822ef22,2018-02-09 13:09:09,f7f91884fcc441c3a73051d4c1896af9,display
2665c98513b64a4ab384dbe88744494c,2017-10-26 20:17:04,22d5f074d6fd43b2b796684fe6998629,organic_search
f95037046d6e4613910ce64e9177dcab,2017-06-21 02:59:40,42aab95b911f48e28fc6e5aff6d61bab,organic_search
31532ddcec3c4c3184b05fdd7266cdcb,2018-02-08 04:12:47,ff05ce68802a4f1796f1c6ff9508133e,display
112396517fe445b681bcb56debca673b,2017-10-24 16:38:12,fd67c44c56284345a9d416ecc4e70697,direct_traffic
c58982202c104d889b76d1f6db5ca432,2017-11-07 16:09:50,9949586af6134c339c1809ad3ec0df66,referral
c144c87b704d4d18b6e3aee6ee2bafca,2018-03-11 14:49:43,0c738336dbd04e959c993ff02dbf5e0f,organic_search
540caccb03b447eba712b9ef8553f604,2018-01-06 06:52:24,54dadc715073494a9f52e4f263e34d4e,social
f6fc5450a18047dda071703333d34aef,2017-07-06 17:19:07,57b30bb0fe284da5b57510a8823d88a2,direct_traffic
9375a4543d2642188d4f7b0a37cbc739,2017-12-06 06:31:40,e73bb83cf417427888827b7bd8835d0c,direct_traffic
18b524b0a68f468f9b9cc407aa4ee0f5,2018-05-12 17:54:01,57b30bb0fe284da5b57510a8823d88a2,paid_search
561fc86974b449dbbbe52cab02340569,2017-07-24 14:25:52,b3ebd0b9fc81475f87eaafca8d37f073,organic_search
4e673a2cb397444c8fcb8857bd0393a7,2018-02-23 23:58:37,57b30bb0fe284da5b57510a8823d88a2,social
0f41dd7f951144fdbe577f3b897f7a54,2017-07-14 04:20:26,2566ffa7a57141909a5618885cb43553,organic_search
f9a12606ca074dd89a3178eb960ad146,2017-12-20 14:35:10,f7f91884fcc441c3a73051d4c1896af9,paid_search
965994430f734427b32c8cc24a52d3b4,2018-03-30 03:42:12,22d5f074d6fd43b2b796684fe6998629,display
824026031daf4fdc89fc4218dba1d5de,2017-08-26 02:21:21,7e92b46dac574b1b9786c529162a68c6,paid_search
df6a97a1465744beaed9b8d4d57c2305,2017-09-10 12:19:45,54ac0583af594362879a48b3c36bac75,email
5f1e9dcf950b4195b3fc0932308b2ccc,2018-04-01 14:43:10,dc97f501f52d4c12817bfe088b55a525,organic_search
6bcf4e4e6f1146fc825409ba40b12fb6,2017-09-28 15:27:46,22d5f074d6fd43b2b796684fe6998629,direct_traffic
f7105d91e25e49f7a69af9397895c64b,2018-02-11 10:08:25,d650cf637d2e4393939ab7a1b5bd56fb,other
b8444219165f48918201eb1f022f23ee,2018-06-01 21:11:13,702afe38d2d2425a9b41828bf926fbf5,organic_search
214378467da34df8845427d412db49fd,2017-10-18 23:26:28,ff05ce68802a4f1796f1c6ff9508133e,organic_search
f8ae26539d374698b9b785f5a691ebcc,2017-11-30 17:19:27,57b30bb0fe284da5b57510a8823d88a2,paid_search
51feef1ff6c64eed88fd87c3eef1c709,2018-04-05 14:43:31,6eb360925f334493a6951325d8182624,organic_search
2d9056158af247cca75b451444763684,2018-02-17 10:09:14,2566ffa7a57141909a5618885cb43553,direct_traffic
99fb73900a21401b99d5ea87bbfddfd9,2018-01-19 03:56:00,dc97f501f52d4c12817bfe088b55a525,organic_social
a056a1a6936d4364a452f27a11af329c,2017-10-07 17:48:58,6eb360925f334493a6951325d8182624,paid_search
fb6207e0fbcb489397af64b5a7d8daae,2017-09-27 22:52:41,2566ffa7a57141909a5618885cb43553,organic_search
c29fa85d31e340688a09eecded5f63e1,2017-06-16 03:37:35,22d5f074d6fd43b2b796684fe6998629,paid_search
1b0100feab3f447c87bff242fff96193,2017-06-28 02:29:02,6eb360925f334493a6951325d8182624,direct_traffic
fd032946eb9043739271ce9b25e897f3,2018-05-14 00:58:26,32f776c66b854bc08925bb990a3b5ea3,organic_search
cb7a9d64b2ef48a6a2c4986537fc6ea7,2017-12-13 22:00:44,57b30bb0fe284da5b57510a8823d88a2,social
4014d4ff594845d49c1d0aa73fe2748c,2017-11-15 05:33:39,0c738336dbd04e959c993ff02dbf5e0f,social
743e4a78ecca4f26815221090202f5c9,2018-04-15 22:41:28,dc97f501f52d4c12817bfe088b55a525,social
ee398e55db0c49529afd652550e8379e,2017-07-10 18:55:50,d650cf637d2e4393939ab7a1b5bd56fb,organic_search
0f6c49d1756f41ea83b7d1bd22665cfc,2018-02-08 16:58:02,54ac0583af594362879a48b3c36bac75,direct_traffic
feab91de8f3043b598d0317618c9d357,2017-10-29 18:07:40,6eb360925f334493a6951325d8182624,organic_search
8762a04713c145ffac16cc6dc2e96c01,2018-02-14 09:31:36,c005e1915b5a420dba2530a0e055f0e1,organic_search
2a16004fbc3a44219db5f91c251b0cfb,2017-11-23 19:40:48,c005e1915b5a420dba2530a0e055f0e1,referral
949e0842a46e4215af5fd469ef96ce36,2017-06-10 01:09:01,7b5e3159006745bdbee47199b5293638,direct_traffic
c4d2d32c9b83417fb2465e51ee11a1e7,2017-07-31 13:58:03,b3ebd0b9fc81475f87eaafca8d37f073,organic_search
ecca9475175a4188a95f45c81bebd9e5,2017-11-09 13:42:07,b3ebd0b9fc81475f87eaafca8d37f073,organic_search
fe1344472d5948b4b781fc92559484f5,2018-01-22 01:18:36,eabde2c6e9064911b23d789ff68f2bbb,organic_search
aa8a356ed28d476abc7edc1f71224012,2017-08-30 20:16:03,57b30bb0fe284da5b57510a8823d88a2,organic_search
5c2efd3a3f0d4ac6ace8b349ff9d5f2d,2017-11-03 05:58:34,6eb360925f334493a6951325d8182624,organic_search
a2d6298edd5b401dbf81b79947537ae2,2018-01-07 04:53:47,0c738336dbd04e959c993ff02dbf5e0f,organic_search
e51ecf6e702049db9c1ca31bd066ec75,2017-12-17 17:44:51,d650cf637d2e4393939ab7a1b5bd56fb,paid_search
1ed5bb1a477c44f685c306203982bd43,2017-07-27 20:42:40,57b30bb0fe284da5b57510a8823d88a2,direct_traffic
0dc6468819e049848f07b19ae0b3b7af,2018-02-07 20:09:45,57b30bb0fe284da5b57510a8823d88a2,social
a92a468ea69c41248f4c77b310c4c271,2018-03-04 20:50:00,6eb360925f334493a6951325d8182624,direct_traffic
3f746c4f44f443f39fca8c0da0b23d25,2018-01-30 20:28:15,54dadc715073494a9f52e4f263e34d4e,organic_search
3b6db34c68dd401b9a8bd9a46afdb343,2017-08-20 18:26:52,eabde2c6e9064911b23d789ff68f2bbb,display
5885ed80f2c04b3d887bd2a3f747b493,2017-12-18 09:35:23,6eb360925f334493a6951325d8182624,email
fc27390894824d9d9f27f2243a318e13,2018-03-30 13:45:18,fd67c44c56284345a9d416ecc4e70697,email
3a7156bf4c634c61869b64979a2883dd,2018-05-13 12:50:37,d650cf637d2e4393939ab7a1b5bd56fb,email
370506b63c5440f795cb7ef7c984bfa7,2017-10-24 11:40:06,eabde2c6e9064911b23d789ff68f2bbb,organic_social
7a7751fc3eac4ed7996ac4797af89758,2017-06-15 21:29:53,eabde2c6e9064911b23d789ff68f2bbb,social
018ac763c6794e67b7b90924520e7abb,2017-08-05 13:20:26,7e92b46dac574b1b9786c529162a68c6,organic_search
9f74a5e4fc484969a2a4cd988a282116,2018-03-26 00:58:45,d650cf637d2e4393939ab7a1b5bd56fb,social
c5b0c24cb6d942b687f2de45ddad33ed,2018-04-17 12:25:29,ff05ce68802a4f1796f1c6ff9508133e,direct_traffic
839b79ee97274dc6b4018a785c59c564,2017-07-20 15:35:18,7e92b46dac574b1b9786c529162a68c6,direct_traffic
96062550293b4d45a9d928e32ed09293,2017-11-30 14:59:52,7e92b46dac574b1b9786c529162a68c6,social
bab0b20006144f9b9652442dbb3d3981,2017-06-29 08:53:31,9949586af6134c339c1809ad3ec0df66,organic_search
bdacbac0b57d4d019b85591556b70979,2017-09-29 23:35:45,0c738336dbd04e959c993ff02dbf5e0f,paid_search
21c2b1091e3c4741a5fd06250af0f46b,2018-03-31 03:05:33,c2366a33c94543b4a5c36a8911cb5ebe,organic_social
cd2fc16aaab3437694c27a850797a39e,2018-05-19 02:23:05,54dadc715073494a9f52e4f263e34d4e,social
db8b431cb4f84c33a0cd215138328a8d,2017-11-04 04:10:03,42aab95b911f48e28fc6e5aff6d61bab,social
aac55cf57d554192ab829cab2d31f596,2017-08-26 00:43:03,c005e1915b5a420dba2530a0e055f0e1,organic_search
7d1b5d457ae34f458eb0070f256c0918,2017-11-14 01:21:39,b3ebd0b9fc81475f87eaafca8d37f073,paid_search
1e8980c6d57042449b04dc669422427e,2018-05-03 15:22:54,702afe38d2d2425a9b41828bf926fbf5,referral
a43a497620874e09a84b83b5e715ffd7,2018-02-19 15:20:03,b5aed19b7ce942ceb1082d725df90ba9,direct_traffic
f7589666cbc44a129d6602ac98b8d332,2017-06-11 17:06:04,702afe38d2d2425a9b41828bf926fbf5,email
5c26a2789b7d487a94f0b31f581bf55a,2017-06-12 11:31:26,ff05ce68802a4f1796f1c6ff9508133e,paid_search
53143db2d0cc4ccd86be41647890671a,2018-03-20 14:12:37,42aab95b911f48e28fc6e5aff6d61bab,social
9057aa91fe3d487f99ee558d218fc543,2018-03-21 03:33:29,280fc02b8ead46d897a70c9fa8a76c35,organic_search
28bbce2ca5154a0e9b0f034e26767a6c,2018-02-06 03:38:34,f7f91884fcc441c3a73051d4c1896af9,direct_traffic
6418a389a9a441548c5c5e00d8eeb25c,2018-05-12 07:29:48,42aab95b911f48e28fc6e5aff6d61bab,paid_search
4ee5fbc72a064facaeb7e31264afa987,2018-02-10 18:18:18,280fc02b8ead46d897a70c9fa8a76c35,paid_search
f0609074c2204811b62c6e9f8e1042f6,2018-05-08 12:21:44,32f776c66b854bc08925bb990a3b5ea3,social
7f27714c640749d8b07efa92a33d8f3f,2018-04-11 10:54:18,7e92b46dac574b1b9786c529162a68c6,organic_social
68145cf6293343fb842d0b760b431e10,2018-01-10 07:20:44,6eb360925f334493a6951325d8182624,organic_search
9a58f16277ad4421ba31723678bd3764,2018-04-22 02:44:32,bd7014dfab0643b08af9d59f9064c67f,email
2802f05c0f224116904983f2f44b5c33,2018-03-02 07:47:39,0c738336dbd04e959c993ff02dbf5e0f,paid_search
51847a67edc74f9bb0613cbb66b28605,2017-10-14 01:43:50,0c738336dbd04e959c993ff02dbf5e0f,paid_search
fdbc523931ff4d8c8ae1402fd0bc9a50,2018-03-21 14:38:14,280fc02b8ead46d897a70c9fa8a76c35,organic_search
91d01ca44e2a4ab6b1225e8cdc597a1f,2017-09-24 22:44:23,22d5f074d6fd43b2b796684fe6998629,paid_search
aa644efe33ab419bab91baaa7381a2e6,2017-07-18 21:03:04,dc97f501f52d4c12817bfe088b55a525,social
a147b6b2f36b4ae084bac46f6c5cedd1,2018-03-31 12:15:50,b5aed19b7ce942ceb1082d725df90ba9,organic_search
76e3f38cc286455db9e16d0299fe90f1,2017-07-05 20:37:22,280fc02b8ead46d897a70c9fa8a76c35,paid_search
c20e2206bff94be99761cf810c3736b9,2018-02-27 17:18:14,7b5e3159006745bdbee47199b5293638,organic_social
73215d2ec61f4ebaa1ae981079daa62a,2017-09-16 12:38:43,280fc02b8ead46d897a70c9fa8a76c35,organic_search
518b54e1b1cf49b7bb745a6aa88ea22d,2017-07-10 23:43:18,bd7014dfab0643b08af9d59f9064c67f,direct_traffic
0cfec99da0ca4174ae5819ecd1134da0,2017-11-02 18:22:24,280fc02b8ead46d897a70c9fa8a76c35,paid_search
82fce68bc64e4544ab29fec00cf186c0,2017-11-01 15:45:42,57b30bb0fe284da5b57510a8823d88a2,direct_traffic
60eda05132ad40d1bf26cf4475373370,2018-03-04 11:24:31,54ac0583af594362879a48b3c36bac75,organic_search
7a0816c2fe3e4a0c907993f346f19ef2,2017-12-30 14:38:50,b5aed19b7ce942ceb1082d725df90ba9,organic_search
1ca0bc883b5d44d9a831d64ace3824ae,2018-04-16 18:45:50,b3ebd0b9fc81475f87eaafca8d37f073,organic_search
5eff77ab647b4afeb8719a56b6c8f2af,2018-05-10 19:56:10,32f776c66b854bc08925bb990a3b5ea3,organic_search
445bdf121df54172a22a22de0dfd4bc4,2017-06-10 22:51:32,f7f91884fcc441c3a73051d4c1896af9,organic_search
265dd7d3f24649d8a939946b55fd8061,2018-02-20 06:47:30,702afe38d2d2425a9b41828bf926fbf5,direct_traffic
7c8ec85c4bca407a86097d322b05a9c6,2018-02-11 07:45:12,57b30bb0fe284da5b57510a8823d88a2,referral
0c68fb3d8b804e0cad4da5caa22e2e84,2018-01-26 09:45:18,c2366a33c94543b4a5c36a8911cb5ebe,email
d1efbe21cfc44df58990dbff5271f170,2018-04-23 19:23:44,280fc02b8ead46d897a70c9fa8a76c35,direct_traffic
0c77536ba00941b598c7a23cc0a0a92d,2018-04-11 15:47:29,c2366a33c94543b4a5c36a8911cb5ebe,organic_search
b30a4f5c86e24aa48abf64ff2348a0d9,2018-03-17 22:49:10,eabde2c6e9064911b23d789ff68f2bbb,paid_search
88a81ef74c7f4d94952d9c01aeaf6931,2018-02-23 07:18:19,7e92b46dac574b1b9786c529162a68c6,paid_search
6244be395951485f878deeaa931e4253,2018-01-23 05:22:45,9949586af6134c339c1809ad3ec0df66,organic_search
12f226cbbfaa4d70bc65bb6e11d53b95,2017-08-17 10:55:57,54dadc715073494a9f52e4f263e34d4e,social
95348ff845fd4a569f2ed1ae0f8d86e4,2018-01-09 14:56:13,42aab95b911f48e28fc6e5aff6d61bab,social
e276dc03734745b6be3203f65b74db80,2017-07-03 23:04:50,54ac0583af594362879a48b3c36bac75,paid_search
fd0cfbae19244eb1a5ae005dae9fd7ca,2017-12-29 09:43:07,bd7014dfab0643b08af9d59f9064c67f,paid_search
07f6dedaf6934685a89840f9a7814323,2017-10-25 23:31:18,32f776c66b854bc08925bb990a3b5ea3,email
08f3b676885e4e8ea2b1983e18c9e673,2017-10-10 21:53:24,9949586af6134c339c1809ad3ec0df66,email
fcfced17d1a246978412813ee3a0dec1,2017-12-25 08:40:58,dc97f501f52d4c12817bfe088b55a525,paid_search
d2603155eb604458ae82c40d487b537d,2017-08-16 06:59:14,e73bb83cf417427888827b7bd8835d0c,organic_social
1c3932f67f3041f7872a8ac57a80f31d,2017-10-04 11:18:23,b3ebd0b9fc81475f87eaafca8d37f073,display
a13e8cd6d62c4941868344dc7354f11b,2018-02-04 20:22:57,7b5e3159006745bdbee47199b5293638,paid_search
e2ed305c65bb44ca9235b224420bf896,2018-01-03 23:33:13,5c9fede2c59f461bab56ff6d802fa6a1,paid_search
c858670c63584b37b71f84660f660db7,2017-06-19 07:21:15,32f776c66b854bc08925bb990a3b5ea3,social
c01e2637fb924ea09d78bf0ce4ed16ce,2017-10-18 04:58:02,e73bb83cf417427888827b7bd8835d0c,display
523742c7c23f43bca5755850f74d2664,2017-10-11 10:06:48,57b30bb0fe284da5b57510a8823d88a2,referral
624c72b202bd40a18783b4ac4d4ddd1e,2018-03-09 06:24:26,d4a547d9c0264e5e821f2ce922348c3d,organic_search
e6bfb40c002047c8a650a1fa2b53a15c,2017-06-22 17:41:20,280fc02b8ead46d897a70c9fa8a76c35,paid_search
ac85a9cfa3d1478d9cb9cc99fc98607b,2017-06-11 02:00:51,54dadc715073494a9f52e4f263e34d4e,social
056d111854b14b76bcb605fd78cf9438,2017-07-13 11:25:44,fd67c44c56284345a9d416ecc4e70697,social
c716d96736474d088c2c6d2d985f8320,2017-10-31 02:18:53,5c9fede2c59f461bab56ff6d802fa6a1,organic_search
e982b211cbfb42709ba24d57878450db,2017-12-26 13:13:56,57b30bb0fe284da5b57510a8823d88a2,referral
d57a09403c844066afed1a93c4ec2861,2018-05-03 03:17:16,ff05ce68802a4f1796f1c6ff9508133e,direct_traffic
ab001b4ddc544dea9167d7560fb3dd5e,2017-08-11 08:35:38,dc97f501f52d4c12817bfe088b55a525,email
ccb56041e55245a08a6e247c75505c99,2018-03-20 18:12:48,c2366a33c94543b4a5c36a8911cb5ebe,referral
4f4c09cefe014c4b8e8c3d6ad0ca6a6a,2017-08-01 19:00:14,57b30bb0fe284da5b57510a8823d88a2,direct_traffic
4993076eceda4346beba1579ae5cf647,2018-03-25 19:07:26,b5aed19b7ce942ceb1082d725df90ba9,paid_search
aef61aaafdc64bbabdc908793e41f407,2018-02-10 03:17:09,9949586af6134c339c1809ad3ec0df66,social
488da9b1200347319f3eda9cd214fc81,2018-04-04 04:27:07,d650cf637d2e4393939ab7a1b5bd56fb,organic_search
21d1a4c976854890ad704b6b4664767d,2017-11-08 11:59:20,bd7014dfab0643b08af9d59f9064c67f,direct_traffic
2b8bf0ce42254d29afd8b24f986fa321,2018-03-27 14:11:51,280fc02b8ead46d897a70c9fa8a76c35,organic_search
caa367a8023840718eb7030de8297b7a,2017-09-29 15:23:46,54ac0583af594362879a48b3c36bac75,direct_traffic
159a99b7a7c34195964a9bfbe17d2049,2017-08-13 03:53:20,32f776c66b854bc08925bb990a3b5ea3,organic_search
3184be2a9e334dfa9eecf5636586e419,2017-09-18 09:59:45,b3ebd0b9fc81475f87eaafca8d37f073,organic_search
ab20e148628b4b7093694044abf4b9c3,2017-12-27 09:15:32,54dadc715073494a9f52e4f263e34d4e,organic_search
0d73d44734824f9d98e9761c0bb0d392,2018-03-29 02:02:10,6eb360925f334493a6951325d8182624,organic_search
5a736b8eaead4b029b853b6ad69c54e1,2018-03-01 13:38:33,f7f91884fcc441c3a73051d4c1896af9,direct_traffic
f3104c28184048e79041f6148c1f5cdc,2017-07-28 11:31:22,c005e1915b5a420dba2530a0e055f0e1,direct_traffic
50f428f78fc24121ae160f94fcd0cc56,2018-01-03 17:17:20,57b30bb0fe284da5b57510a8823d88a2,social
e8c8fe34305147a8bc9df82b1836c096,2017-10-05 10:06:43,5c9fede2c59f461bab56ff6d802fa6a1,organic_search
1b1cae9631a6461195a046312e28860a,2017-08-14 13:12:58,6eb360925f334493a6951325d8182624,organic_search
44f3b7ad3eb7423b82e9740d87b10061,2017-12-06 11:13:12,e73bb83cf417427888827b7bd8835d0c,organic_search
f1780a31526149d2b9c86ae93b43bb3b,2018-04-27 22:03:25,eabde2c6e9064911b23d789ff68f2bbb,organic_search
4c1a68cc77fb4845b7a027ef697e59f0,2018-05-06 01:59:26,f7f91884fcc441c3a73051d4c1896af9,referral
5c007f5212a14116a3aec6cd25cb9c7d,2018-05-10 08:43:34,b5aed19b7ce942ceb1082d725df90ba9,organic_search
4563c0a6ebc24dd398932d145b3c3169,2018-03-10 14:00:22,0c738336dbd04e959c993ff02dbf5e0f,paid_search
ff3194007acb44e48b56999a4958ea52,2018-04-24 13:12:40,5c9fede2c59f461bab56ff6d802fa6a1,organic_search
a76e91b5708a492abedd4b19aa76290f,2018-05-17 04:26:37,c005e1915b5a420dba2530a0e055f0e1,organic_search
9f033cd006d547bc95271b1162ec0701,2017-09-30 16:06:26,ff05ce68802a4f1796f1c6ff9508133e,social
cb128191d7a6478181c8cd7124902ae9,2017-06-05 14:18:28,c2366a33c94543b4a5c36a8911cb5ebe,social
0a4de8e2abb746b1abd41d1d0797453a,2017-10-09 10:57:18,24f5fbd22d624e12b58faeb2f2742ebb,organic_search
17b1fa160fb7402ab10d31b4154ef537,2017-09-29 10:49:43,54ac0583af594362879a48b3c36bac75,organic_search
d297e6b1518646f4a7ec2bc2ee8edcfd,2017-08-22 15:58:40,d4a547d9c0264e5e821f2ce922348c3d,paid_search
bac1d52d15d14db3bfdd2f24fefe4e73,2017-11-10 23:27:46,7b5e3159006745bdbee47199b5293638,organic_search
1d23d6baf417480a8fec51d96fc98cb8,2017-06-18 09:58:38,54dadc715073494a9f52e4f263e34d4e,organic_search
81ab066f23b545ce870fef7d60af8d2f,2017-07-12 17:54:07,6eb360925f334493a6951325d8182624,display
f2cd482ec11c44cda18f7b7f56c09eb6,2017-12-29 12:06:50,f7f91884fcc441c3a73051d4c1896af9,social
64d70fddfe5a4f8892b25669a0de0300,2018-01-03 03:39:19,bd7014dfab0643b08af9d59f9064c67f,social
62df7bbbaf704e3c9a4a42c45795e1d3,2017-08-22 09:30:05,30603de19a0f45f98e07cc24bb54cd32,paid_search
964aca57ea934799ab023e812a634448,2017-07-04 12:48:38,7b5e3159006745bdbee47199b5293638,paid_search
ca42bbf867404d8a93252c61823b690c,2018-04-05 19:56:31,22d5f074d6fd43b2b796684fe6998629,social
eaf8c1359a9d47a49810cb04d862af01,2017-11-15 16:30:09,f7f91884fcc441c3a73051d4c1896af9,direct_traffic
eb4c623149d74558869ee588c943ba68,2017-06-15 01:53:48,d4a547d9c0264e5e821f2ce922348c3d,direct_traffic
4709afe6af5c45bd9b041f7eb6d28339,2018-04-25 06:41:23,d4a547d9c0264e5e821f2ce922348c3d,organic_search
bb5db14e928b4cffa10b7e2c97c9c5b4,2018-01-14 23:20:30,2566ffa7a57141909a5618885cb43553,social
ed0d3ded3ff5426c96ad950190ce6f94,2017-06-02 14:35:15,54ac0583af594362879a48b3c36bac75,paid_search
6a7397c1224a4b2a97fd744e9fdc352c,2018-04-18 11:07:28,42aab95b911f48e28fc6e5aff6d61bab,referral
31bd930943364dd2b94ae5a53e28289c,2018-03-22 02:59:38,dc97f501f52d4c12817bfe088b55a525,social
7bbf39b410c948e0aca4c40255024706,2017-08-20 09:05:16,30603de19a0f45f98e07cc24bb54cd32,social
6a828cfed2f5400db7376965aa02ee00,2018-06-01 23:38:09,d650cf637d2e4393939ab7a1b5bd56fb,organic_search
9d728a2f2ea746198213a3f6d6521e12,2017-08-06 21:37:38,57b30bb0fe284da5b57510a8823d88a2,social
68191e7b6163401ca8626b39ac4128d0,2017-12-28 11:37:44,b3ebd0b9fc81475f87eaafca8d37f073,organic_search
896e3d98084f42188b3528faaf77394f,2018-01-31 04:51:39,b5aed19b7ce942ceb1082d725df90ba9,paid_search
2e1810675147479e8551978c081d7cc3,2017-08-28 21:35:28,bd7014dfab0643b08af9d59f9064c67f,organic_search
2d529ac1e5c84c629b55e0f5c8e85099,2017-11-15 10:15:35,54ac0583af594362879a48b3c36bac75,direct_traffic
2a923f82f8754762960743df84fe583e,2017-07-14 15:05:28,7e92b46dac574b1b9786c529162a68c6,organic_search
980725a7c4384bfcbd6aacc8f79961af,2017-09-02 14:19:36,5c9fede2c59f461bab56ff6d802fa6a1,paid_search
5078a9d34dbf4717ac6cafecd2ebfe7c,2017-12-11 20:46:02,9949586af6134c339c1809ad3ec0df66,referral
d4ad8c1394f44eb88181f87ccbfd5625,2017-06-11 00:50:10,c2366a33c94543b4a5c36a8911cb5ebe,organic_search
1911eb936f6d4ef7b43bf95a10403ecb,2018-03-13 23:33:37,fd67c44c56284345a9d416ecc4e70697,social
80d0d2275478425e825d648d60070903,2018-04-17 08:19:37,c2366a33c94543b4a5c36a8911cb5ebe,paid_search
5a863ff569804e938f247d55e48fc43d,2017-07-16 16:50:10,54ac0583af594362879a48b3c36bac75,organic_search
d7474f94e8774f6bb51e64cb09270393,2017-10-13 06:08:39,eabde2c6e9064911b23d789ff68f2bbb,email
a72bc394aa4745359f39afebdbb326ae,2017-12-23 22:30:03,7b5e3159006745bdbee47199b5293638,organic_search
304de76955ce4b3281d0dbc00119ce41,2018-04-04 09:28:19,2566ffa7a57141909a5618885cb43553,paid_search
8a2d293072c349f5b04b4c72dad4b693,2017-07-16 13:23:44,32f776c66b854bc08925bb990a3b5ea3,social
232c0525d8e646a48c95ccc5c9e865b8,2018-03-18 04:16:21,e73bb83cf417427888827b7bd8835d0c,social
86e07d0e7e1d4243a11b3fe682b39bbc,2018-02-25 15:50:37,d650cf637d2e4393939ab7a1b5bd56fb,direct_traffic
d5e3fcfa097940ebb546054e44111a91,2018-01-19 17:59:29,dc97f501f52d4c12817bfe088b55a525,organic_search
338cd718f0804417ab28edce16e3c346,2017-09-23 07:23:46,54ac0583af594362879a48b3c36bac75,organic_search
9d6f333b917e4f7ebb85a75f80d136b1,2017-10-15 10:29:03,22d5f074d6fd43b2b796684fe6998629,direct_traffic
a58f6aa2c00249bb92cc501c2c599899,2018-02-09 13:54:39,2566ffa7a57141909a5618885cb43553,social
635a007f72964894ae55f3e029facb40,2018-01-07 07:31:20,fd67c44c56284345a9d416ecc4e70697,email
40020202af7f4604a3d98b2b12a46855,2017-09-19 10:18:09,22d5f074d6fd43b2b796684fe6998629,email
f902c27d30fc459b9cbe184c3d252a52,2018-05-13 06:53:40,7b5e3159006745bdbee47199b5293638,email
097ac8bf9c8645c1b1714298c008f08f,2017-09-01 14:52:26,280fc02b8ead46d897a70c9fa8a76c35,paid_search
a131a9f4d7dc4df5a8dc0ae9d75416e3,2017-08-14 01:02:51,0c738336dbd04e959c993ff02dbf5e0f,paid_search
db48c72325e141f880bf3dd16593f056,2017-10-13 08:34:25,fd67c44c56284345a9d416ecc4e70697,email
1524cd74d40d40cab6ad61192f9ca4fe,2018-01-17 09:02:27,7e92b46dac574b1b9786c529162a68c6,paid_search
a991cdaad6a641ebb06ba9bb627f6edd,2018-03-26 23:33:54,b3ebd0b9fc81475f87eaafca8d37f073,organic_search
c1c9468054b6499783f9f2740d289931,2017-07-14 00:22:32,6eb360925f334493a6951325d8182624,referral
ecafec75de9744399aec99499a951edb,2017-08-08 11:46:08,f7f91884fcc441c3a73051d4c1896af9,referral
65ec359c2262411ca4e20f1f3e8903d5,2017-12-21 07:43:35,f7f91884fcc441c3a73051d4c1896af9,paid_search
f645aa27acbb4a4c8e96189f61d97acc,2017-12-14 15:24:41,22d5f074d6fd43b2b796684fe6998629,organic_search
63759e615c774691a422a233a99946af,2018-04-02 09:19:44,24f5fbd22d624e12b58faeb2f2742ebb,paid_search
4e57d21cfbfc4380b69401a510686420,2017-07-19 20:16:47,eabde2c6e9064911b23d789ff68f2bbb,email
2912031e9cab4b1095d34edaca87046e,2017-06-27 12:07:08,c2366a33c94543b4a5c36a8911cb5ebe,organic_social
75aff489d9e249a682ff83d754f3a360,2017-09-29 17:08:46,c2366a33c94543b4a5c36a8911cb5ebe,organic_search
94d2686e7b234f0fb0145d9aab21d3d0,2017-11-29 22:04:38,57b30bb0fe284da5b57510a8823d88a2,organic_search
bfcdd29ad2f2476dab7f85fb86d6f5e9,2018-04-03 01:39:25,e73bb83cf417427888827b7bd8835d0c,referral
d319427daad941c38b5dcbd285c4fe10,2017-10-08 18:22:11,fd67c44c56284345a9d416ecc4e70697,paid_search
7bafd689cfb34080a5bf7d11bb40f34e,2017-12-13 11:00:50,ff05ce68802a4f1796f1c6ff9508133e,social
b460fcae7af6448faa6e3d76e9934ec5,2018-05-10 13:30:14,2566ffa7a57141909a5618885cb43553,display
30ef434ca48d4f6c818fb8f0a58d3104,2018-03-14 01:29:50,702afe38d2d2425a9b41828bf926fbf5,organic_search
f59b5a25fcc44d108ff34c9769803b0d,2017-08-31 09:28:36,32f776c66b854bc08925bb990a3b5ea3,social
0379a4ade5514fe093fc6db5d004090d,2018-02-13 17:56:37,c2366a33c94543b4a5c36a8911cb5ebe,organic_search
31a26883139d4385be1bc51120327293,2017-11-21 17:02:32,2566ffa7a57141909a5618885cb43553,paid_search
758bc0faffc34208a100578f3181382d,2017-07-16 11:33:11,f7f91884fcc441c3a73051d4c1896af9,email
2167bfe4d8f94b5b86afa64a75729936,2018-02-27 15:45:44,2566ffa7a57141909a5618885cb43553,paid_search
efdebd708855475e8975f09e23d7c702,2017-10-12 04:15:14,42aab95b911f48e28fc6e5aff6d61bab,
cd6d3aebf881449b9ab4a5e5dcb846d1,2017-06-23 04:39:20,6eb360925f334493a6951325d8182624,social
5d62521fe3e94a8391573e82f4ed2c6b,2017-10-22 13:07:43,c2366a33c94543b4a5c36a8911cb5ebe,paid_search
5bfe47bd3ff74fb1816e8c086a4b846a,2018-01-07 10:18:03,5c9fede2c59f461bab56ff6d802fa6a1,organic_search
e17b8cee895645aea3584db0c1b72339,2017-10-13 22:18:58,bd7014dfab0643b08af9d59f9064c67f,paid_search
01aecc1be2004be2af628b9aa006ed32,2017-10-14 18:49:20,42aab95b911f48e28fc6e5aff6d61bab,paid_search
425f407632cb4c819636ff9bd67f6004,2018-01-10 06:00:24,42aab95b911f48e28fc6e5aff6d61bab,organic_search
238edd16d0a845619d283759990b7e2c,2018-02-07 05:30:26,c005e1915b5a420dba2530a0e055f0e1,paid_search
422d283cc9254c99ad91b357ce06b8d4,2018-05-03 23:10:47,280fc02b8ead46d897a70c9fa8a76c35,paid_search
9c015b36983946dda909496cdb9f038b,2018-01-12 01:56:15,54ac0583af594362879a48b3c36bac75,direct_traffic
2057b74caa444b21a809a83a4c1be8a6,2017-08-16 01:59:12,9949586af6134c339c1809ad3ec0df66,direct_traffic
f288b82336844cdba596536100d009b1,2017-09-02 01:18:20,6eb360925f334493a6951325d8182624,direct_traffic
d7f9983d49cc445c9f6aecc49d481138,2017-10-12 05:57:17,f7f91884fcc441c3a73051d4c1896af9,organic_search
86c52c32d105409bb4c51faa942889a3,2018-01-26 15:53:23,dc97f501f52d4c12817bfe088b55a525,organic_search
3d1b3b89339c4e039f25e81b119bc5e0,2018-02-09 01:29:06,b3ebd0b9fc81475f87eaafca8d37f073,direct_traffic
4def4aaae2ca4b99ba83c68315990318,2017-11-30 20:25:12,6eb360925f334493a6951325d8182624,paid_search
4691c866da5b45b6a371f5fcf917777e,2018-01-21 17:56:56,dc97f501f52d4c12817bfe088b55a525,organic_search
32b0a12d324f4fce8df46d0c3d653dee,2017-08-15 04:30:07,7e92b46dac574b1b9786c529162a68c6,email
d7ee48ad1a6f484b93c745893b83026e,2017-07-18 07:25:03,54dadc715073494a9f52e4f263e34d4e,email
4a158e5378c0404abfd110ec6fb4ec90,2017-10-24 06:34:38,bd7014dfab0643b08af9d59f9064c67f,social
27aa8ad01316432cb90f9c2d6bcbb2a8,2017-08-26 18:31:21,bd7014dfab0643b08af9d59f9064c67f,organic_search
5ab9198179584380a4d5806aeb52fc72,2017-10-18 20:30:25,5c9fede2c59f461bab56ff6d802fa6a1,direct_traffic
132248b744314356bab1eb68e3f36df6,2018-05-06 21:19:25,54ac0583af594362879a48b3c36bac75,social
e49d33b67fa94f669df1b63778056c4a,2018-03-26 00:09:00,30603de19a0f45f98e07cc24bb54cd32,email
7c17bcd9d189406c9924c85207c8f7c3,2018-03-20 06:34:27,7b5e3159006745bdbee47199b5293638,direct_traffic
4c0620955fb5413ba18a2e1bf61fa032,2017-07-10 08:57:44,d650cf637d2e4393939ab7a1b5bd56fb,email
7d6591b20deb4387bb07bd05acd0d263,2018-02-11 03:26:00,5c9fede2c59f461bab56ff6d802fa6a1,social
6f2afbeee80b4a098564bc4f5b56a7eb,2017-11-16 00:56:42,0c738336dbd04e959c993ff02dbf5e0f,organic_search
c163a747aef940da8f5b815ed9291af5,2018-05-15 04:26:29,ff05ce68802a4f1796f1c6ff9508133e,direct_traffic
49321d6b519646d7bd390b5103292bc3,2017-12-09 21:29:36,c2366a33c94543b4a5c36a8911cb5ebe,social
1a4d7ea3696848908bd4be4aae169c2e,2017-07-25 11:46:46,2566ffa7a57141909a5618885cb43553,direct_traffic
337b3dc6b0534b589e8f9387faec5f43,2017-06-15 02:57:05,b3ebd0b9fc81475f87eaafca8d37f073,organic_search
727309a6d3d84b61a5d15bc312a3f410,2018-05-29 17:28:15,b3ebd0b9fc81475f87eaafca8d37f073,organic_search
26581303319c402d8df71f4406ec2f27,2018-04-18 09:48:20,fd67c44c56284345a9d416ecc4e70697,referral
378adb0f92ae42c9bb0878ed6b4c4f39,2018-05-03 00:12:40,42aab95b911f48e28fc6e5aff6d61bab,direct_traffic
5cfb7427299f42b78c581ecb2ad57646,2017-06-23 23:53:25,fd67c44c56284345a9d416ecc4e70697,organic_social
780a55bda98a428591f74345b82eb51d,2018-01-18 11:49:47,22d5f074d6fd43b2b796684fe6998629,direct_traffic
520e9aa107d244a1a91cc822c28954a8,2018-03-19 04:42:30,54ac0583af594362879a48b3c36bac75,social
2ba1c1bd564344ad90f18ede362f2faf,2017-06-25 23:26:03,0c738336dbd04e959c993ff02dbf5e0f,direct_traffic
42bdc6c68c064ee1a928ef35475d689c,2017-11-13 02:01:19,22d5f074d6fd43b2b796684fe6998629,referral
395088a0cda24043a1c1ea9c67404ce7,2017-07-07 19:55:16,fd67c44c56284345a9d416ecc4e70697,social
00a18b8b48644a67b64e6b74c579bb9f,2017-12-13 03:22:10,ff05ce68802a4f1796f1c6ff9508133e,social
6d97f8c91802488e88707055979ee2a7,2017-10-09 06:28:52,9949586af6134c339c1809ad3ec0df66,organic_search
9856520f38464c7fb6151719be563553,2017-12-22 03:14:50,e73bb83cf417427888827b7bd8835d0c,paid_search
0de665956c424e06ad1d6cc053f64c8f,2017-09-15 05:55:56,ff05ce68802a4f1796f1c6ff9508133e,direct_traffic
b54304afdfd645f88830ec1147b881bd,2017-12-24 10:22:27,d4a547d9c0264e5e821f2ce922348c3d,organic_search
818c9101d9ff4604bd554ab42b7d1a03,2018-05-01 05:36:42,dc97f501f52d4c12817bfe088b55a525,organic_search
8633c757301b42c69badf4cc7ab3145b,2017-10-31 17:52:16,280fc02b8ead46d897a70c9fa8a76c35,paid_search
9b7043de898e40109b971d946bff210a,2018-01-08 11:17:25,5c9fede2c59f461bab56ff6d802fa6a1,organic_search
40432e706bf2442686b7349adcbd0f5e,2018-05-17 21:58:23,2566ffa7a57141909a5618885cb43553,organic_search
739adbc9c62140aba88388518b5d7862,2017-12-01 03:29:57,bd7014dfab0643b08af9d59f9064c67f,paid_search
ceba1f51992a458f9ddf94483d2951c1,2017-12-06 18:39:54,54ac0583af594362879a48b3c36bac75,organic_social
1a4d7d8e0c4a4550b608065171eeb852,2018-02-06 16:13:05,5c9fede2c59f461bab56ff6d802fa6a1,social
0c99ce482876405db2e889662242afe5,2017-12-16 17:20:47,b5aed19b7ce942ceb1082d725df90ba9,organic_search
e92d69c5abc041cc8a48a3ebcb62ee85,2018-03-16 21:51:27,7b5e3159006745bdbee47199b5293638,organic_search
95aa767c6a784b7281ad72f2c6d774f1,2017-07-17 15:23:02,280fc02b8ead46d897a70c9fa8a76c35,direct_traffic
f4699073285c471e973da8b1394dcced,2017-12-06 22:21:00,32f776c66b854bc08925bb990a3b5ea3,paid_search
92355931a41649299825b89565912347,2018-01-09 22:57:45,7b5e3159006745bdbee47199b5293638,email
e7e486be05224e3f8cd3563e7dbf4f38,2017-07-18 01:28:20,30603de19a0f45f98e07cc24bb54cd32,direct_traffic
569568e36ca249c298470ebc0a46267c,2017-11-22 16:52:35,57b30bb0fe284da5b57510a8823d88a2,email
c5ee59ff41924cdc87db0b29b540526c,2017-09-23 23:34:43,57b30bb0fe284da5b57510a8823d88a2,organic_search
2db91d18a021426db2addadabe3410b9,2018-06-01 05:38:45,c2366a33c94543b4a5c36a8911cb5ebe,direct_traffic
02ed0423f4dc4734b5e86b00b8345203,2018-02-09 19:11:51,d4a547d9c0264e5e821f2ce922348c3d,organic_search
c279c36abb884e58a2eba34a73730263,2018-04-28 19:06:10,24f5fbd22d624e12b58faeb2f2742ebb,organic_social
6137e02aff9f4337aeba100d70282e72,2017-10-27 17:02:50,7b5e3159006745bdbee47199b5293638,social
eb14e96adc9b4d3f911e8a3b3f516e3c,2017-07-11 17:23:21,0c738336dbd04e959c993ff02dbf5e0f,paid_search
98608f3a297844e1b7820872d5824471,2017-08-16 04:39:09,57b30bb0fe284da5b57510a8823d88a2,organic_search
97b9aee2012d4416a5a536fa1d4676fa,2017-11-01 09:03:11,30603de19a0f45f98e07cc24bb54cd32,organic_search
52c0ab8004f549c3a425cd9d8caf0b5d,2018-01-05 10:45:29,702afe38d2d2425a9b41828bf926fbf5,direct_traffic
52b7efb703e24488a54a011a7547eeba,2017-06-25 20:03:39,24f5fbd22d624e12b58faeb2f2742ebb,organic_search
831853a2f767442f9bf73c3860e6cb67,2017-06-24 18:41:34,dc97f501f52d4c12817bfe088b55a525,social
638fd72b5fd84b13b92826b0eb594525,2018-02-17 15:28:14,7b5e3159006745bdbee47199b5293638,organic_search
e3764174ac604e60ac85a3bc987666a8,2017-07-19 16:55:03,57b30bb0fe284da5b57510a8823d88a2,direct_traffic
f248bbcaeb6245e0b9e8971af3f0ba35,2018-03-19 09:13:31,7e92b46dac574b1b9786c529162a68c6,email
911b39d553594518a6a2da059451638a,2017-10-09 21:19:11,24f5fbd22d624e12b58faeb2f2742ebb,email
cb6e3d50d0f74005ab46cce306c3768c,2018-02-13 00:35:32,dc97f501f52d4c12817bfe088b55a525,direct_traffic
554a4f9998ba4cb3bfaf97269e711eba,2018-05-05 16:51:10,32f776c66b854bc08925bb990a3b5ea3,organic_search
dd8c46041ceb4e3dbe87a88a033c98b2,2017-09-02 14:18:25,eabde2c6e9064911b23d789ff68f2bbb,organic_search
09c94359ceda413c8cc915b6586fc2bd,2017-07-13 15:09:18,5c9fede2c59f461bab56ff6d802fa6a1,direct_traffic
2e0092ddaeb84f33853eeff8398c3b06,2018-05-27 10:50:13,42aab95b911f48e28fc6e5aff6d61bab,paid_search
e7fbc0123cda47ed85569a7339e632aa,2018-03-28 16:33:57,d650cf637d2e4393939ab7a1b5bd56fb,paid_search
3d58edccfdf54cb7a57f6c3e1cfaeb7e,2018-05-10 16:22:55,fd67c44c56284345a9d416ecc4e70697,organic_search
fefe0709afc242369f52871cb4e4d2dd,2017-10-14 12:25:39,c2366a33c94543b4a5c36a8911cb5ebe,organic_search
9ec7759075b54a058af6307aae8ccb47,2017-09-04 07:41:05,32f776c66b854bc08925bb990a3b5ea3,organic_search
13e7430493e64064988415dd4d863db9,2017-07-11 21:59:34,b5aed19b7ce942ceb1082d725df90ba9,referral
c3e8bfb6c655435bbb5434f09d5b0704,2018-05-11 03:52:16,7b5e3159006745bdbee47199b5293638,organic_search
122239075ac244b4a2824f0c7b1b0de0,2018-03-01 00:39:08,e73bb83cf417427888827b7bd8835d0c,social
0c09f9a2aa5b49318e96cd71df22e262,2017-12-20 04:14:53,e73bb83cf417427888827b7bd8835d0c,organic_search
ff06be6f39524bfeb2ba3a539b661082,2017-08-27 23:52:37,6eb360925f334493a6951325d8182624,direct_traffic
493752d711154d489a8a2c7630d05446,2018-01-22 14:44:56,54dadc715073494a9f52e4f263e34d4e,paid_search
4d2fa2e6d5b3405b9de533866a4bd8f2,2018-05-03 21:54:50,22d5f074d6fd43b2b796684fe6998629,referral
b4c86da32bc34c95a6916eb901fb66d2,2018-02-05 11:01:28,fd67c44c56284345a9d416ecc4e70697,referral
a860b7056aa2458aa41b3d01a0266c1b,2018-04-12 13:08:01,f7f91884fcc441c3a73051d4c1896af9,paid_search
cdecf0ea7e684684a498e18465a62bd5,2018-05-11 14:22:53,280fc02b8ead46d897a70c9fa8a76c35,organic_social
a588e8b1cb534ca58d52d3e5aec1e8d3,2017-11-02 03:11:26,2566ffa7a57141909a5618885cb43553,
f7f9fdb77eb34f6d81c2624ad7856ed6,2017-08-09 00:30:18,54ac0583af594362879a48b3c36bac75,email
d834a3efe4ac49afa8263c7e92597117,2017-07-28 00:34:42,f7f91884fcc441c3a73051d4c1896af9,email
4705ec23ee4a4103bd9b62b39d4a1cf3,2017-09-05 00:58:34,54ac0583af594362879a48b3c36bac75,organic_search
561ed6cce7f74d0084c67a3027c5d629,2018-02-02 23:36:56,2566ffa7a57141909a5618885cb43553,social
ad4237911b6448659047f7143b16c3e1,2018-04-29 08:48:10,7b5e3159006745bdbee47199b5293638,organic_search
fba09eda9de6465a802e8c302077af0d,2018-04-17 19:36:33,54ac0583af594362879a48b3c36bac75,organic_search
89bbea64e0794519bc3d13ab5d42314a,2017-07-15 10:57:21,d650cf637d2e4393939ab7a1b5bd56fb,
ee674cc73ea0477084f191bbd6f81d24,2018-01-24 05:23:40,6eb360925f334493a6951325d8182624,paid_search
efacc258f6b14498b6d697b958969041,2018-01-03 00:47:39,dc97f501f52d4c12817bfe088b55a525,direct_traffic
e5cbda6c028347809c88bb4d910fdcbe,2017-08-25 05:32:58,22d5f074d6fd43b2b796684fe6998629,email
508867ed8893418883ed95ae35ebaefb,2018-05-26 16:12:41,6eb360925f334493a6951325d8182624,referral
4f6a4f60c1ed4a4c8d2fb7d40df5c046,2018-01-28 00:42:52,54dadc715073494a9f52e4f263e34d4e,
8526c5f6b237433994d998f526c8d727,2018-01-17 21:18:26,9949586af6134c339c1809ad3ec0df66,organic_search
bef1baab68144bccad37c4bfb5858db5,2017-09-12 10:44:04,702afe38d2d2425a9b41828bf926fbf5,organic_search
ffaa74c933cf49c9b392e2dc43ff2f4d,2017-12-18 01:51:14,42aab95b911f48e28fc6e5aff6d61bab,paid_search
2a5c403a61eb477b89df345c3e301544,2017-06-05 03:44:16,d4a547d9c0264e5e821f2ce922348c3d,organic_search
3640f47da1db4b4aa963f813571bcff6,2018-06-01 15:43:15,7b5e3159006745bdbee47199b5293638,organic_search
ccda4297dae5487c9153b8ef121ad668,2018-02-09 21:04:06,fd67c44c56284345a9d416ecc4e70697,paid_search
0a46f465b9fe4b009fcf6c36b0928432,2018-03-11 10:35:12,eabde2c6e9064911b23d789ff68f2bbb,email
70e0d15741f44ae19f5772219497dac2,2018-02-05 14:33:06,6eb360925f334493a6951325d8182624,social
d30e5f4ee9d34f05a4212720657e927a,2018-02-18 21:31:08,22d5f074d6fd43b2b796684fe6998629,paid_search
baaa287224a04e059375d26714b37136,2018-04-10 17:45:50,9949586af6134c339c1809ad3ec0df66,direct_traffic
46a20a80ba87449eb8d9f71fd1e92c2a,2018-06-01 02:12:36,30603de19a0f45f98e07cc24bb54cd32,organic_search
7f6f29fb130742a8811a34e252a42596,2017-06-10 15:21:52,702afe38d2d2425a9b41828bf926fbf5,organic_search
f3905bd2b3ff4f71ac1b1e660966932f,2017-11-09 20:08:36,24f5fbd22d624e12b58faeb2f2742ebb,direct_traffic
93e6c4b576724be4b577962f303f55db,2017-10-16 23:36:14,7b5e3159006745bdbee47199b5293638,social
7298b2878a2b495abb39fdc16cb3b6a0,2018-01-29 04:15:27,6eb360925f334493a6951325d8182624,direct_traffic
ec5006a600c24d6da99b01c2a57ea87d,2018-04-15 23:31:36,7e92b46dac574b1b9786c529162a68c6,organic_search
18eff49bc657420fb37bacc29251df03,2018-01-16 15:52:57,e73bb83cf417427888827b7bd8835d0c,email
f4f255d42bc449b2a9bfa7ecb9472b55,2017-08-22 10:29:10,22d5f074d6fd43b2b796684fe6998629,social
d57908720baa4f5c8543685d328246ee,2017-09-07 17:05:04,7e92b46dac574b1b9786c529162a68c6,social
eb7f621562e84800a340ad99512674df,2018-01-11 08:27:02,30603de19a0f45f98e07cc24bb54cd32,social
36b11cf17bb6443a8805757fbbfffe82,2017-09-21 21:23:45,c2366a33c94543b4a5c36a8911cb5ebe,referral
36291a6a5478477e880f2fd6d9a55ce8,2018-05-17 12:20:53,c2366a33c94543b4a5c36a8911cb5ebe,social
2e24a8e2e88a4017a327b0e5abc7fd9d,2018-04-05 23:55:08,b3ebd0b9fc81475f87eaafca8d37f073,social
b57157e457504400ada34fb4a6999278,2017-08-07 10:40:55,22d5f074d6fd43b2b796684fe6998629,
6cee9be3c93741a9ae271063dc96a78d,2018-05-31 14:12:46,7b5e3159006745bdbee47199b5293638,direct_traffic
25821daad9074cd4a38cd0baa9beb362,2018-05-11 23:45:24,22d5f074d6fd43b2b796684fe6998629,paid_search
1700163544384bfe98fe37e25be3f165,2017-12-02 17:11:48,280fc02b8ead46d897a70c9fa8a76c35,direct_traffic
a97d4e03deed4d6ba71be4a34b3f5712,2017-08-22 22:38:26,54ac0583af594362879a48b3c36bac75,paid_search
cf85ad05b3cf409d8c4c1e317df1ba61,2017-10-23 03:08:17,57b30bb0fe284da5b57510a8823d88a2,organic_search
f495843b658646a185883ec4b124ca87,2018-02-03 04:42:00,32f776c66b854bc08925bb990a3b5ea3,social
af4b7b65bcf644388dcbb7012a04bcee,2017-09-11 05:41:28,fd67c44c56284345a9d416ecc4e70697,organic_social
8b10646ab8e44e869458d9092f61c8e4,2018-02-07 03:40:25,280fc02b8ead46d897a70c9fa8a76c35,organic_social
ba3f168f515844e8a6c8879e057d7471,2017-12-30 17:58:33,0c738336dbd04e959c993ff02dbf5e0f,paid_search
3b9c0ae237ee4b2a8758329474aeef14,2017-09-29 07:37:30,c005e1915b5a420dba2530a0e055f0e1,social
03fb318ca2a343beb9265db5106ef4de,2017-06-25 00:39:36,7e92b46dac574b1b9786c529162a68c6,organic_search
d19b94b589774496b68d2a7f685faa54,2017-10-12 12:59:58,57b30bb0fe284da5b57510a8823d88a2,
f220256d55154e488fc776570049763e,2017-08-21 06:21:40,bd7014dfab0643b08af9d59f9064c67f,
513fd4c260ae44ba87a4c506e50c722a,2018-02-13 01:09:50,280fc02b8ead46d897a70c9fa8a76c35,social
c440d315b92443d5b5636264e5aa1028,2017-07-03 12:17:47,7b5e3159006745bdbee47199b5293638,email
be0ef4163616460c8a4981ed7a293ec7,2017-07-29 22:29:05,9949586af6134c339c1809ad3ec0df66,direct_traffic
c638df0989a14c00a5f84e8a95836f90,2017-08-01 20:27:40,9949586af6134c339c1809ad3ec0df66,social
ac881d80f5de4510890e5da282d483cc,2018-02-05 09:23:13,42aab95b911f48e28fc6e5aff6d61bab,organic_search
63693fd79d234ef3bf4ebbdaa87cbf9d,2017-11-29 01:41:57,d650cf637d2e4393939ab7a1b5bd56fb,paid_search
a67d284d997d4640bfd7f1312018cda5,2018-03-13 09:44:20,5c9fede2c59f461bab56ff6d802fa6a1,direct_traffic
79d36642d8cf4ce9ab97c51137a1c302,2017-08-17 18:45:52,fd67c44c56284345a9d416ecc4e70697,direct_traffic
d793a7b43a274142a037ab7ea15c2646,2018-05-09 03:47:30,f7f91884fcc441c3a73051d4c1896af9,paid_search
16f1687b551446f58e9c7626479641e1,2017-06-26 15:56:26,280fc02b8ead46d897a70c9fa8a76c35,display
a8459d9fecb4429eb6f70a9ab92be156,2018-01-21 04:02:19,dc97f501f52d4c12817bfe088b55a525,organic_search
4cee9a2ca3df40ddaed0da2aeb316ed5,2018-04-09 22:11:48,280fc02b8ead46d897a70c9fa8a76c35,social
90b8cd6a2ec348c1a9c3aa2cccc64c29,2017-07-23 20:28:44,eabde2c6e9064911b23d789ff68f2bbb,direct_traffic
f8422c0d54444a319d7f8b94861bef0c,2018-02-15 03:50:16,32f776c66b854bc08925bb990a3b5ea3,direct_traffic
09ded9115f80477ca0a09be797029df3,2018-04-19 04:17:54,54dadc715073494a9f52e4f263e34d4e,social
b0741ac27d894096bdd309a091105970,2017-09-14 13:10:00,32f776c66b854bc08925bb990a3b5ea3,organic_search
d2435945d4864a31846d2f26010719c0,2017-10-28 16:04:30,d650cf637d2e4393939ab7a1b5bd56fb,organic_search
409bddf0ee7e433fbb8c54ca62aa6d7b,2018-02-15 18:08:45,22d5f074d6fd43b2b796684fe6998629,social
10deaee02e8e4455a14d29b296179afc,2017-07-21 05:37:03,d4a547d9c0264e5e821f2ce922348c3d,social
ac173ba1e74e4f949cc6c1b87283220c,2017-12-04 12:10:57,bd7014dfab0643b08af9d59f9064c67f,organic_search
e1b7fccb467b43d794262e0a7083b21c,2017-08-10 04:28:39,54dadc715073494a9f52e4f263e34d4e,direct_traffic
78a9549707564d8492b0175d68faeb47,2017-09-12 15:59:14,7b5e3159006745bdbee47199b5293638,paid_search
6951cdbb6a1243cab84946c06c4b7690,2017-06-04 08:55:54,bd7014dfab0643b08af9d59f9064c67f,direct_traffic
9f9769c331de4fa58323213955d9974d,2018-01-29 12:25:37,0c738336dbd04e959c993ff02dbf5e0f,email
7565b84b068745589ecd21927f3917f5,2018-02-14 06:14:07,24f5fbd22d624e12b58faeb2f2742ebb,organic_search
4b1c523afd3949b3854362a414048219,2017-10-15 13:33:35,f7f91884fcc441c3a73051d4c1896af9,organic_search
e7978f493b894540a2ed122a4b087711,2017-12-30 13:07:50,d4a547d9c0264e5e821f2ce922348c3d,email
4d6853ea28c5420c8442589c05b626a4,2018-05-07 08:56:11,2566ffa7a57141909a5618885cb43553,social
5ed18bdf92ea413da45b734cd90bd0a5,2018-02-27 15:21:15,280fc02b8ead46d897a70c9fa8a76c35,direct_traffic
df8fba2edac94ac5aba75c670b0d7bcc,2017-09-25 05:01:27,280fc02b8ead46d897a70c9fa8a76c35,email
f51042c0f6c74660a0481c6f6788072b,2018-01-06 15:03:06,c2366a33c94543b4a5c36a8911cb5ebe,email
d2ce16a49be547ff8fe5fd1cab01d74e,2017-12-27 16:42:09,54dadc715073494a9f52e4f263e34d4e,display
7a7b00478e0f47248c9d553caf13b650,2018-02-20 13:10:18,e73bb83cf417427888827b7bd8835d0c,social
6a1d978ceae849f4ab7d638ca0e5be4b,2018-01-13 05:18:02,d650cf637d2e4393939ab7a1b5bd56fb,paid_search
7b0ee5fe67194f9e8131fcbb3b24954a,2017-06-06 18:50:09,24f5fbd22d624e12b58faeb2f2742ebb,paid_search
ead8f684401b42a3a1d5c9b92fba1e6a,2017-07-14 12:19:02,42aab95b911f48e28fc6e5aff6d61bab,organic_search
46128d8d88a447f1ab95460785b601b5,2017-12-23 05:58:58,7b5e3159006745bdbee47199b5293638,social
d02e4ace4b264fca891850603406074e,2017-07-02 14:19:06,d650cf637d2e4393939ab7a1b5bd56fb,organic_search
b89180e92701498fbf31c34f69efb41c,2017-06-19 23:21:18,2566ffa7a57141909a5618885cb43553,organic_social
a28506af6ac047b2b18ffc28b3f30adb,2018-03-22 02:06:17,d4a547d9c0264e5e821f2ce922348c3d,social
e15f44dde4974d8fa41c33109403d6f3,2018-06-01 18:55:28,0c738336dbd04e959c993ff02dbf5e0f,social
494cddcb46c74558b1a28a7f3d75a889,2018-01-01 14:38:11,5c9fede2c59f461bab56ff6d802fa6a1,paid_search
eaba07d6c7a64f83bef93acc14976d88,2018-05-15 20:09:22,54dadc715073494a9f52e4f263e34d4e,organic_search
dd742f2abca8431a9eb29e5f3669e6b1,2017-11-03 11:25:16,c2366a33c94543b4a5c36a8911cb5ebe,organic_search
fc4b864f84964e19a5de036d0b53e970,2017-11-24 00:17:15,bd7014dfab0643b08af9d59f9064c67f,paid_search
26a16a4238354c7f9ea44fc40692e4c5,2017-10-22 19:12:58,fd67c44c56284345a9d416ecc4e70697,organic_search
c4b5f4395f684722afb21c1372341d7a,2017-08-15 14:42:24,b3ebd0b9fc81475f87eaafca8d37f073,social
45046a31b9de412cb655a0ff08844d68,2018-04-26 07:28:07,5c9fede2c59f461bab56ff6d802fa6a1,referral
7e32ef6a4cd0441180db1950da149258,2018-03-06 22:43:56,280fc02b8ead46d897a70c9fa8a76c35,referral
c053c117471c4807b27792ccbc45aa69,2018-04-13 23:44:23,b3ebd0b9fc81475f87eaafca8d37f073,direct_traffic
781e2ac57c684203a1dcb161f2cf3582,2018-05-24 12:34:12,5c9fede2c59f461bab56ff6d802fa6a1,organic_search
b17ca15de3ab4c43a002d8ad5f44425d,2018-04-29 14:43:39,d650cf637d2e4393939ab7a1b5bd56fb,referral
a15d63eecdbc4ea598acdc2e7d5ea47d,2017-09-10 10:58:42,24f5fbd22d624e12b58faeb2f2742ebb,referral
4b531037ba604b33adbc5c6e2eb3944a,2017-06-19 19:34:02,42aab95b911f48e28fc6e5aff6d61bab,organic_search
cdc12be004f4451580243354c4ae4641,2017-12-17 04:35:15,30603de19a0f45f98e07cc24bb54cd32,direct_traffic
4510ee6b12564cc69ef3ac7825e7fb15,2018-03-04 10:20:14,54ac0583af594362879a48b3c36bac75,paid_search
4fde1a6c007048e48181bde7201d9aa3,2017-07-18 18:37:45,c005e1915b5a420dba2530a0e055f0e1,email
dfcd0f80fd8e48b985b6102b909dc67d,2017-11-07 18:58:52,42aab95b911f48e28fc6e5aff6d61bab,
109a1e1a836b4188b7a6d3f015e3c916,2018-04-22 05:49:35,e73bb83cf417427888827b7bd8835d0c,organic_search
9600295f61be4db3b9464b4ae8c0c02d,2017-06-15 19:39:30,702afe38d2d2425a9b41828bf926fbf5,referral
366f4e427faa4ae49793f91c13f2d85b,2017-10-11 08:47:12,bd7014dfab0643b08af9d59f9064c67f,social
78b626530fd14d2cbfbeaae6feae8423,2017-11-03 15:23:30,30603de19a0f45f98e07cc24bb54cd32,other
546f889f1eb14220854f00bcbe00bd6f,2017-07-27 02:10:57,bd7014dfab0643b08af9d59f9064c67f,paid_search
73aa7bbe2e4140bea88f5db1c2d0e6cb,2017-12-08 09:27:26,d4a547d9c0264e5e821f2ce922348c3d,email
103f12ee71304512b99d83c89f776afc,2018-02-15 12:54:21,dc97f501f52d4c12817bfe088b55a525,organic_search
848e9cc9b0bc4ae793cdc59e6b37d12a,2017-06-25 23:42:02,dc97f501f52d4c12817bfe088b55a525,paid_search
072483854d274fdd8a4e923c69d2df0b,2018-01-16 10:50:54,702afe38d2d2425a9b41828bf926fbf5,organic_search
dc794b09570140e4bc7c8c2936380a53,2017-06-03 16:29:54,42aab95b911f48e28fc6e5aff6d61bab,other
95bc02377f444095b13d217ec34becea,2017-09-29 21:10:30,702afe38d2d2425a9b41828bf926fbf5,email
ba49f175fba043e7812b5cb225ca62e2,2018-06-01 22:51:19,57b30bb0fe284da5b57510a8823d88a2,referral
0cbb8d74f5a14e39a8231a787cec8979,2018-03-01 21:40:59,9949586af6134c339c1809ad3ec0df66,organic_social
6cf6a84139ee4a3e882e6c1df7441928,2017-11-27 10:53:36,0c738336dbd04e959c993ff02dbf5e0f,organic_search
cdcba2ef91314f8a93eec64d27cfd10a,2018-05-08 20:51:13,57b30bb0fe284da5b57510a8823d88a2,paid_search
bb91569f462941ba94e7968815708e18,2017-08-11 13:45:01,30603de19a0f45f98e07cc24bb54cd32,organic_search
bfb6f19d29d04b498c4dd6f0ade71e3b,2017-10-05 03:49:52,42aab95b911f48e28fc6e5aff6d61bab,organic_search
afa7dfef0d4647729160b35c78baffb9,2018-02-20 21:12:12,54ac0583af594362879a48b3c36bac75,organic_search
7c5d0f27d9ff4f43b18e63da1224c867,2017-12-02 16:32:27,dc97f501f52d4c12817bfe088b55a525,paid_search
b044a28d7c4c489d8edd4ff9983e4803,2017-08-15 15:29:56,bd7014dfab0643b08af9d59f9064c67f,organic_search
f5613b7e1eb94fd98e0195685fc17e43,2017-12-28 02:59:00,24f5fbd22d624e12b58faeb2f2742ebb,organic_search
c4d96172b19f4921bf4642e460b2c0bf,2017-07-02 15:28:10,5c9fede2c59f461bab56ff6d802fa6a1,organic_search
1885d6029aaa4a8a8c1bc9d196a35945,2017-08-06 17:20:23,54ac0583af594362879a48b3c36bac75,organic_search
95134147e6ed4bc1bcdbfa52283f7bbf,2018-01-15 02:50:33,7e92b46dac574b1b9786c529162a68c6,other
7c1c6195527b490a99f760c45977139f,2018-05-13 19:09:37,ff05ce68802a4f1796f1c6ff9508133e,direct_traffic
9295eadc4de146cd9316edbe40dcea0c,2018-03-29 20:21:05,30603de19a0f45f98e07cc24bb54cd32,display
d5a3e2b4db9348e9a32a45a65459ebad,2017-12-20 09:36:02,702afe38d2d2425a9b41828bf926fbf5,paid_search
ab4c88c5c7e64e8b8b686f325a24952d,2018-02-11 23:10:22,7b5e3159006745bdbee47199b5293638,organic_search
75a613b5bb5e433d9c3d0a7243d94358,2018-01-12 17:49:25,22d5f074d6fd43b2b796684fe6998629,email
1bf7d0ee685d4235bd315d78ea7c529d,2017-12-31 05:55:44,2566ffa7a57141909a5618885cb43553,paid_search
ba07c82054eb431ea2be82a4eaf34bce,2018-02-14 04:37:42,6eb360925f334493a6951325d8182624,paid_search
8540c3efd824463cb4920c1c4ea803dd,2018-05-31 16:39:53,2566ffa7a57141909a5618885cb43553,organic_search
b41314c91e02460ab60efbe30b0cb381,2018-05-27 18:41:04,54dadc715073494a9f52e4f263e34d4e,organic_search
b97eaec4db894295a00019c784b36ce5,2018-02-26 04:17:54,f7f91884fcc441c3a73051d4c1896af9,organic_search
090471dbbf224a8593add769e98de339,2017-09-17 16:34:54,6eb360925f334493a6951325d8182624,paid_search
5edbe62c898446288f1154c9cafef3bb,2017-06-17 05:42:37,c005e1915b5a420dba2530a0e055f0e1,direct_traffic
b814ad24afaa47aba1dc3908c010dd64,2017-12-07 04:19:26,fd67c44c56284345a9d416ecc4e70697,organic_search
6cd7bb8939c34b67becbc75881abc6c4,2017-12-27 04:01:01,dc97f501f52d4c12817bfe088b55a525,organic_search
e44652d4b11f4d1cb07b6e3d585bd56a,2017-12-07 20:49:02,0c738336dbd04e959c993ff02dbf5e0f,email
2d9b12223a604626b9234c0003bf0579,2017-06-21 19:02:01,2566ffa7a57141909a5618885cb43553,organic_search
e747bb4444e0464b96968c284bb69f06,2017-07-31 13:31:28,0c738336dbd04e959c993ff02dbf5e0f,paid_search
4ada0461cfbd40ab97cbf34ca5ba5d66,2017-12-09 11:02:28,0c738336dbd04e959c993ff02dbf5e0f,referral
5fcd04bac5b74e32abcc4f08d77bc8cd,2018-02-04 01:01:07,280fc02b8ead46d897a70c9fa8a76c35,organic_search
e00d0bfebf7a4ea39ca84303f5d35609,2017-08-13 05:10:30,280fc02b8ead46d897a70c9fa8a76c35,organic_search
53aab7990dbd45b0822dbd38b2527975,2018-03-29 15:21:20,eabde2c6e9064911b23d789ff68f2bbb,paid_search
38f71073f0244be3b450270fc8d6162d,2017-11-04 10:19:16,54ac0583af594362879a48b3c36bac75,paid_search
ba497e35b3cd4b9ea5318ff1af70b85b,2017-09-02 17:47:47,e73bb83cf417427888827b7bd8835d0c,social
4b119eb01a1544e385a27d80a94d4adb,2017-08-02 19:56:06,7e92b46dac574b1b9786c529162a68c6,email
e37626f36fd64cec8113316e56fc1f8b,2017-07-05 01:37:36,7b5e3159006745bdbee47199b5293638,organic_search
0aaa9c8a705245498480e13c45f622e9,2018-02-02 20:51:52,0c738336dbd04e959c993ff02dbf5e0f,social
db1be70107064c45adb2fb23ed2b4204,2018-03-17 16:28:13,5c9fede2c59f461bab56ff6d802fa6a1,social
f23cd9dc42ca445aa0a2eb4f8188ae2b,2017-11-20 13:44:14,6eb360925f334493a6951325d8182624,organic_search
61d3ee7e88ff4607aa693da42ac942bc,2018-04-07 04:50:07,d650cf637d2e4393939ab7a1b5bd56fb,social
f56ea78d0c21406abcca0851aa3ab22d,2017-08-10 18:22:40,d4a547d9c0264e5e821f2ce922348c3d,organic_search
a2c54aef816a4817ada7b66d324a71ec,2018-01-22 16:22:53,57b30bb0fe284da5b57510a8823d88a2,paid_search
3f95dda1af1a4e57a47562276836b14a,2018-01-16 05:25:27,54dadc715073494a9f52e4f263e34d4e,organic_search
af564fcce3c64f0da6d66f0430d7358d,2017-11-14 03:15:06,280fc02b8ead46d897a70c9fa8a76c35,paid_search
cf066a3e7af143358fec2f2ab3cacbf3,2018-04-16 22:42:15,7b5e3159006745bdbee47199b5293638,paid_search
4d81af8e39f141c7a54f08e3d83d8970,2017-12-16 08:28:36,5c9fede2c59f461bab56ff6d802fa6a1,email
dc0377357d7b46508519dbbaee5c9039,2017-12-20 12:20:33,c005e1915b5a420dba2530a0e055f0e1,organic_search
26cb88b402fa47a0b1bfa14d714e9187,2017-06-24 16:07:57,22d5f074d6fd43b2b796684fe6998629,paid_search
f3c01173c0474a378a16507f020e76a7,2017-10-21 23:31:01,24f5fbd22d624e12b58faeb2f2742ebb,paid_search
b8af7107af4a4fb48835fbd8ec4c1e3e,2017-08-24 00:54:11,702afe38d2d2425a9b41828bf926fbf5,direct_traffic
818cb64eb90247798ec0b676c3606d13,2018-04-19 11:14:41,c005e1915b5a420dba2530a0e055f0e1,social
9b9d47089a1a4dbd8f2c8d77df3605a5,2018-04-27 04:30:24,d4a547d9c0264e5e821f2ce922348c3d,direct_traffic
435abbe4c11146e8824fd1f265a8239f,2018-03-14 03:06:01,54ac0583af594362879a48b3c36bac75,email
3d6123ebb8d64a10813f144d7a475512,2018-04-13 19:43:39,702afe38d2d2425a9b41828bf926fbf5,referral
56a95b99dd2940e0bd12914554efdf98,2017-06-28 20:45:43,30603de19a0f45f98e07cc24bb54cd32,paid_search
9578f848ba4d4786a13471ce3b34e70a,2017-09-05 17:19:28,30603de19a0f45f98e07cc24bb54cd32,social
aeabe5d5d950419295927c07b41a961e,2017-06-10 04:22:45,57b30bb0fe284da5b57510a8823d88a2,email
3759687bdfd04eea8e45f4c80df59b60,2018-02-28 06:32:39,e73bb83cf417427888827b7bd8835d0c,
8feabd8e988f4afd9bb47e9759ea4fce,2017-10-19 07:29:35,9949586af6134c339c1809ad3ec0df66,referral
fdfbf538bb504bdd9cb1baa0c3123754,2018-05-28 21:06:03,b3ebd0b9fc81475f87eaafca8d37f073,paid_search
c5f17f1f07114964b038fb6fb0517447,2017-07-14 19:25:32,fd67c44c56284345a9d416ecc4e70697,organic_search
69e488b955894a74a15394657b3949b5,2017-11-12 14:37:44,702afe38d2d2425a9b41828bf926fbf5,paid_search
e6d9ead00c41493cbd047294a28ee8df,2017-06-24 17:53:38,54dadc715073494a9f52e4f263e34d4e,direct_traffic
5c54cd60836e462f866e0d6ee4f3d39f,2017-06-12 12:22:38,7b5e3159006745bdbee47199b5293638,paid_search
92e61d119e09452ca5a11ec04f11ce27,2017-09-01 15:06:26,e73bb83cf417427888827b7bd8835d0c,paid_search
0a7278d8ea1f40058bbeccf328606a46,2018-02-26 11:33:19,ff05ce68802a4f1796f1c6ff9508133e,email
a80df73d29884673b7a3be43d32d9d07,2017-10-10 03:18:50,dc97f501f52d4c12817bfe088b55a525,paid_search
74d3634433ed49bb9d770401c15ee536,2017-07-21 19:43:32,32f776c66b854bc08925bb990a3b5ea3,referral
859519e913104c76b374a25cdab0b528,2017-10-25 05:14:38,32f776c66b854bc08925bb990a3b5ea3,paid_search
a420784ee72e4e05af5b9e7d9955485e,2017-10-09 03:15:47,2566ffa7a57141909a5618885cb43553,paid_search
dc6aa547578d4da5a00fa5756a9fb3af,2017-11-05 14:49:42,57b30bb0fe284da5b57510a8823d88a2,paid_search
f94949b910cb4dce8dd04a4c8512eb4b,2017-08-26 02:08:41,fd67c44c56284345a9d416ecc4e70697,direct_traffic
6096327d81fa410c84886992566c9a1b,2017-11-14 06:36:24,e73bb83cf417427888827b7bd8835d0c,organic_search
1c936d99bfdf410ab3239da30c6cabe4,2018-06-01 02:07:47,0c738336dbd04e959c993ff02dbf5e0f,organic_search
adfec9cf3b5d4d8699a078c82f4fdeb6,2017-12-17 03:35:42,42aab95b911f48e28fc6e5aff6d61bab,display
3f9c7ac980a543358e448b216908283d,2017-08-12 15:01:49,5c9fede2c59f461bab56ff6d802fa6a1,organic_search
3a443ad6ad8f46cfb6695a9aee72c4d8,2017-11-13 09:23:27,ff05ce68802a4f1796f1c6ff9508133e,social
95263f6d46b8400592bada10d7c971e7,2017-08-01 01:53:19,54ac0583af594362879a48b3c36bac75,social
0da44e9681304450a5b0c378b8e9d224,2017-10-01 21:44:10,702afe38d2d2425a9b41828bf926fbf5,paid_search
32e25cd50ede4fb1970cd64d54b0f8d2,2017-09-30 17:56:55,30603de19a0f45f98e07cc24bb54cd32,social
aa9974c5eff4462c86014ec4a95ce4d6,2018-02-14 14:01:09,dc97f501f52d4c12817bfe088b55a525,organic_search
3d86aad00aae49d99860afef8d2ed95f,2017-10-16 02:12:27,42aab95b911f48e28fc6e5aff6d61bab,social
ec40d8c348b44151869cd69858cebf55,2018-01-24 20:08:18,7b5e3159006745bdbee47199b5293638,paid_search
0073edb2ad6f4caaa75c1aa9c736d970,2017-07-04 17:37:41,e73bb83cf417427888827b7bd8835d0c,direct_traffic
ebb81eafefaf44818b5372231c422450,2017-12-26 23:03:59,9949586af6134c339c1809ad3ec0df66,organic_search
90de5635d00d437a99f3b5c427481d8a,2017-06-10 09:47:59,c005e1915b5a420dba2530a0e055f0e1,social
1d1fb59076ac4a71afa54c77edf02aaf,2018-03-28 03:41:45,9949586af6134c339c1809ad3ec0df66,organic_search
5d86caced3e2470881516045e3b4a67c,2018-03-12 23:43:20,280fc02b8ead46d897a70c9fa8a76c35,organic_search
5b52fb3e2e7d4d41a12556837ed0357e,2017-08-04 11:05:26,702afe38d2d2425a9b41828bf926fbf5,organic_search
ffe0eba4310b4feba01e093f7a975aae,2017-12-26 16:14:15,24f5fbd22d624e12b58faeb2f2742ebb,organic_search
cd4e7b784c76426184bed83a43d409f6,2018-04-22 18:13:12,54ac0583af594362879a48b3c36bac75,email
5695c49eac8345e98f3a2c00ab0369b2,2017-08-12 13:35:29,c005e1915b5a420dba2530a0e055f0e1,paid_search
3bb41053fd3f4f4c8e1e6a41c609088a,2017-08-26 08:55:33,c005e1915b5a420dba2530a0e055f0e1,organic_social
45b0708e2a1d41a88858074293f2ca08,2018-01-03 20:12:44,b3ebd0b9fc81475f87eaafca8d37f073,display
07e9474b95234ef5b89acaae8b06b713,2017-06-22 00:02:11,bd7014dfab0643b08af9d59f9064c67f,social
c891baf042ec4c60ace139654853831d,2018-01-24 22:36:00,0c738336dbd04e959c993ff02dbf5e0f,organic_search
c7e4c9cb1a5e4190a18f0e13d958551f,2018-05-01 06:05:39,e73bb83cf417427888827b7bd8835d0c,paid_search
674b63dd3c04423f8eaf2c0d0b49bc8c,2017-07-01 17:33:21,b5aed19b7ce942ceb1082d725df90ba9,email
c0d86efcf59c41ab929500b770e2808d,2018-04-03 09:08:04,bd7014dfab0643b08af9d59f9064c67f,paid_search
02f89c303e4d463fb6ee6c53856b5e00,2018-05-15 13:50:27,7e92b46dac574b1b9786c529162a68c6,organic_search
b893080ec82c4b0b85fa0f07100870ac,2018-04-20 07:44:46,702afe38d2d2425a9b41828bf926fbf5,social
c30e19fa25ef4708bb324c0818c53840,2018-02-17 10:14:32,eabde2c6e9064911b23d789ff68f2bbb,email
f7eaa9c89b3346f99939db6503982ca7,2017-08-22 19:26:44,702afe38d2d2425a9b41828bf926fbf5,email
d3386050ec644b50b9c0d5f0e3607500,2017-07-06 10:56:45,24f5fbd22d624e12b58faeb2f2742ebb,organic_search
24d61314d092452abe34d74dca237740,2017-12-20 04:28:38,bd7014dfab0643b08af9d59f9064c67f,direct_traffic
3f22590d68d8489990346efd4caececd,2017-08-11 20:15:38,b5aed19b7ce942ceb1082d725df90ba9,organic_search
f8a88fe3aa4d4d388b76aa08e5d44235,2018-01-08 07:40:36,fd67c44c56284345a9d416ecc4e70697,organic_search
a5626b9bcbec49d2ba668acbe1c472db,2018-02-14 11:35:20,5c9fede2c59f461bab56ff6d802fa6a1,referral
c1b7fd5d1486431887496a2a14654d97,2018-05-16 12:28:29,d4a547d9c0264e5e821f2ce922348c3d,organic_search
0c903d5a96fd45af874037f668ea1133,2017-10-12 16:28:58,b5aed19b7ce942ceb1082d725df90ba9,organic_search
066457b9c3ac45bd9fa3cfa91a59c218,2017-10-04 11:42:37,42aab95b911f48e28fc6e5aff6d61bab,organic_search
703bacf03e7142d0b3cb07850ccca411,2017-09-16 16:44:26,fd67c44c56284345a9d416ecc4e70697,referral
d23a0f29578f470d8d1378f1c8749431,2017-11-16 00:34:40,c2366a33c94543b4a5c36a8911cb5ebe,email
49a210414a024c9683b1b912a2edbc18,2018-05-21 04:52:07,d4a547d9c0264e5e821f2ce922348c3d,social
36243329fd2a4f86a721b2e1e3c427c1,2017-06-02 22:09:54,6eb360925f334493a6951325d8182624,direct_traffic
d629e06a26404e06af44bb1dc79935e6,2017-06-03 00:20:55,57b30bb0fe284da5b57510a8823d88a2,organic_search
6e3195730ff74a039ec1ae20f5f42a49,2017-08-28 15:02:34,c005e1915b5a420dba2530a0e055f0e1,paid_search
df1398a36dc7488b929c39c5f5fe9b36,2018-05-23 17:48:11,d650cf637d2e4393939ab7a1b5bd56fb,paid_search
318557cb85a449d5a9a214a8565127b4,2017-12-19 19:35:33,24f5fbd22d624e12b58faeb2f2742ebb,organic_search
53216efd8e7b4adba69a6587641c96cb,2018-04-29 23:42:42,24f5fbd22d624e12b58faeb2f2742ebb,paid_search
f2a2158ee03845b39d28ae068de5e300,2018-03-03 01:07:36,5c9fede2c59f461bab56ff6d802fa6a1,organic_social
762e084445954b3a85b80f821cef02e0,2018-05-10 16:12:30,57b30bb0fe284da5b57510a8823d88a2,organic_search
40a59b9ec4404bf8a48329aa003ef81b,2017-08-03 12:51:07,bd7014dfab0643b08af9d59f9064c67f,paid_search
4a32c2f6981740348321052a98f0dd28,2017-12-10 21:53:35,7e92b46dac574b1b9786c529162a68c6,organic_search
8e3e79a3aa5a43c385f03ef5d4e155df,2017-12-16 06:27:04,bd7014dfab0643b08af9d59f9064c67f,organic_search
28caa2431b894e709796fe734efaf3bf,2018-05-23 00:18:25,dc97f501f52d4c12817bfe088b55a525,organic_social
1a271f48ffdc4c958c98233f59f788f2,2018-01-23 13:29:19,c2366a33c94543b4a5c36a8911cb5ebe,paid_search
537764f7b2ab4494b7226535cbe086ca,2017-09-07 16:11:11,e73bb83cf417427888827b7bd8835d0c,paid_search
df8ee6ea614a489aa3d132f7e74e8e4a,2017-09-22 00:43:12,d650cf637d2e4393939ab7a1b5bd56fb,direct_traffic
9847cd94cf4e40e6b535cd253e8c2933,2017-10-22 13:01:40,54ac0583af594362879a48b3c36bac75,organic_search
36c902f2c177416cabf0f35a8a69e52c,2017-07-17 22:20:05,d4a547d9c0264e5e821f2ce922348c3d,paid_search
0474f2220b2541a4aae7132ceb3505e2,2017-11-03 08:03:06,9949586af6134c339c1809ad3ec0df66,paid_search
6483386e3b3a4283a93b9952930ea9e1,2018-02-08 13:12:59,eabde2c6e9064911b23d789ff68f2bbb,social
a414819debd14801a221b6f817f364d4,2017-10-22 17:56:37,5c9fede2c59f461bab56ff6d802fa6a1,
4a1913860281446ba7e5e821089d21d2,2018-05-27 22:03:53,54ac0583af594362879a48b3c36bac75,direct_traffic
de08a9e88be94f11ae62d64df8ffbccb,2017-06-04 07:08:21,bd7014dfab0643b08af9d59f9064c67f,paid_search
77d0d26d1fb0409584e3f076c05b52ab,2018-04-23 14:25:15,dc97f501f52d4c12817bfe088b55a525,email
c019f0641eae4497b83c87c8cfad0333,2017-10-21 20:43:13,30603de19a0f45f98e07cc24bb54cd32,organic_search
0096938c68a34baea5c8f7013a0e92b8,2018-02-08 06:12:24,c005e1915b5a420dba2530a0e055f0e1,organic_search
688e16e704c44d10b69b8207bc11f25c,2017-09-08 20:35:48,57b30bb0fe284da5b57510a8823d88a2,organic_search
06448b5ed199462a9a336e24a0970f5e,2018-05-16 21:57:12,702afe38d2d2425a9b41828bf926fbf5,paid_search
e99cc8bb3b34402c8afe6fb2d02b37c4,2017-08-29 02:22:46,702afe38d2d2425a9b41828bf926fbf5,social
044b2d3003454f2db4c0f5e738b79237,2017-08-05 02:22:06,2566ffa7a57141909a5618885cb43553,social
c434bccb79c64175b02be62fb5534a46,2017-10-11 20:44:58,54dadc715073494a9f52e4f263e34d4e,organic_social
28456690ca924975a4d5912f00e624f2,2017-09-25 19:02:41,22d5f074d6fd43b2b796684fe6998629,social
d20cbbb00ac549eb80b5cdaac677841b,2017-10-19 06:59:06,54dadc715073494a9f52e4f263e34d4e,social
1fe77f206df4462585cf6c9da9b5b25d,2018-05-14 00:50:30,f7f91884fcc441c3a73051d4c1896af9,organic_search
6b2dd0b7397f4b63b80a77cd4440e41c,2018-05-14 19:24:13,fd67c44c56284345a9d416ecc4e70697,organic_search
83e467877d554fb5af0e98071a4b7bdb,2017-10-08 20:23:35,5c9fede2c59f461bab56ff6d802fa6a1,social
2373da52e666442b8d20e3302e62bdf5,2018-01-19 00:04:16,7b5e3159006745bdbee47199b5293638,paid_search
08cd213d7e064d66b3b319fb124fc91e,2018-04-25 23:40:00,eabde2c6e9064911b23d789ff68f2bbb,email
ab5d2c908ed046e0a46ecea0ad5a004e,2017-11-13 15:44:54,54dadc715073494a9f52e4f263e34d4e,organic_search
df355e3654a0485baf0ea2db5730a3d7,2017-12-26 09:58:38,dc97f501f52d4c12817bfe088b55a525,organic_search
ef30fca6d5ae4971a2af0c55d70e2b20,2018-05-15 18:52:13,b3ebd0b9fc81475f87eaafca8d37f073,paid_search
f0445766e4a64849b2b9e7df05a998bd,2018-02-09 13:09:38,30603de19a0f45f98e07cc24bb54cd32,organic_search
0f4384e394754142bb82dac8327b90d0,2017-06-23 08:10:31,eabde2c6e9064911b23d789ff68f2bbb,organic_search
bbed70c5cfb64159937ee76420794b5a,2017-10-21 15:17:38,c005e1915b5a420dba2530a0e055f0e1,direct_traffic
a9174f0254734bbb85edfa399464491e,2018-01-16 11:30:50,e73bb83cf417427888827b7bd8835d0c,organic_search
c986c67172a84be2b44d3157dec73bee,2017-12-18 07:05:07,42aab95b911f48e28fc6e5aff6d61bab,social
556ef59291994320b7503ffd621ccf76,2017-07-12 20:49:09,280fc02b8ead46d897a70c9fa8a76c35,paid_search
22351b4ac84442fba64188cfd7b7e3d2,2017-06-13 08:12:53,f7f91884fcc441c3a73051d4c1896af9,organic_search
b908d1d91f48492caff6616389d80ad8,2018-01-03 02:42:37,c2366a33c94543b4a5c36a8911cb5ebe,paid_search
73f2803e7de64f699e9e3a798c6bac1e,2017-10-06 07:10:05,32f776c66b854bc08925bb990a3b5ea3,email
d3ceef7acce94edabdbe8efb5d01ecc9,2017-11-16 11:18:57,24f5fbd22d624e12b58faeb2f2742ebb,paid_search
5b2778c949be4f1d9e6b0fcfade7f960,2018-04-17 22:45:58,dc97f501f52d4c12817bfe088b55a525,direct_traffic
48631eb9f1094088b14e173f8d042969,2017-06-15 17:28:30,7b5e3159006745bdbee47199b5293638,organic_search
826e74d2bac34e1e8abaf437d94ccaef,2017-06-13 21:34:24,280fc02b8ead46d897a70c9fa8a76c35,email
36597f0189794e0eb2bffac6ec275def,2018-04-17 12:10:17,bd7014dfab0643b08af9d59f9064c67f,organic_search
115194b0c5414f1abbb711df23104be7,2017-10-07 08:59:54,dc97f501f52d4c12817bfe088b55a525,direct_traffic
6a893d449ef34890bbdc35412ac8bea0,2018-01-29 08:40:42,42aab95b911f48e28fc6e5aff6d61bab,social
497bb7151fc74de6b203dd769b969648,2017-06-28 12:08:44,30603de19a0f45f98e07cc24bb54cd32,organic_social
04b8f6c59fda46989b3c96727a7b0101,2017-09-30 02:39:16,d650cf637d2e4393939ab7a1b5bd56fb,paid_search
7398f2a47dd0458487afcae676039d7a,2018-04-04 22:33:27,b3ebd0b9fc81475f87eaafca8d37f073,organic_search
7298b2ec3460400cb605cb4d71720a51,2017-07-19 22:46:05,b3ebd0b9fc81475f87eaafca8d37f073,organic_search
a3b960ce2e614dc8a659480d9d3797bd,2018-03-24 04:32:41,24f5fbd22d624e12b58faeb2f2742ebb,email
dbcd2697f1174f598ded85e2d9121c8b,2017-07-02 01:12:50,ff05ce68802a4f1796f1c6ff9508133e,social
5228606698364144bcdfc740de2c4597,2017-11-08 02:22:03,280fc02b8ead46d897a70c9fa8a76c35,email
4c4f72c32d6343dd8a75eb4e18e1f3ed,2017-08-05 02:15:26,c2366a33c94543b4a5c36a8911cb5ebe,organic_search
53abd8fc4b164100bb023132f6cc6b55,2018-01-13 01:59:41,0c738336dbd04e959c993ff02dbf5e0f,paid_search
f9f93c5c378141b8a15af625c862c17a,2018-04-09 22:47:55,7b5e3159006745bdbee47199b5293638,organic_search
2f8983a5e0c449a29aa196b6e30c851c,2017-07-04 03:42:26,57b30bb0fe284da5b57510a8823d88a2,display
7605559bee31465cbebda6664c0c2e76,2017-06-29 20:21:43,eabde2c6e9064911b23d789ff68f2bbb,direct_traffic
e7081ed46c0a4bee9b86e660ce4fbe1d,2017-10-29 13:53:18,ff05ce68802a4f1796f1c6ff9508133e,organic_social
60be9e448064478e90ad558b70f6542e,2017-07-20 22:28:31,d650cf637d2e4393939ab7a1b5bd56fb,organic_search
e61958fb37c642169cc6391076cc670e,2017-12-28 08:29:14,54dadc715073494a9f52e4f263e34d4e,social
cd604dd60fd542c7bf3663121841aa4f,2018-04-03 22:43:09,e73bb83cf417427888827b7bd8835d0c,direct_traffic
40ec292660494a609a4a882d23963dab,2018-01-19 13:58:41,b3ebd0b9fc81475f87eaafca8d37f073,paid_search
3167bcfddd1c46c8aa4d3f7299820518,2018-01-06 22:34:52,fd67c44c56284345a9d416ecc4e70697,email
fab9694ae9274008b8a7e04a3da40dfb,2017-07-22 12:21:54,d4a547d9c0264e5e821f2ce922348c3d,display
4269551591e84c5f9eafa2c9568c3300,2018-05-12 00:56:44,b3ebd0b9fc81475f87eaafca8d37f073,referral
f42047f9a7494f44848fd05d666675a6,2018-02-20 11:56:57,702afe38d2d2425a9b41828bf926fbf5,direct_traffic
1a52d1c59cac41948ba0c2ed53f4a654,2017-09-07 03:55:56,dc97f501f52d4c12817bfe088b55a525,organic_search
32e57b1a59754cbda800eb728360f477,2017-06-07 21:40:10,f7f91884fcc441c3a73051d4c1896af9,paid_search
b376ac4a89064014bb57e87fe71c8a26,2017-07-05 21:35:10,280fc02b8ead46d897a70c9fa8a76c35,display
5c90c46f501b4937bc4101c442248a80,2017-09-08 20:52:12,2566ffa7a57141909a5618885cb43553,organic_search
51c39cfbd06248cb9f13e09f763c1318,2018-04-23 18:31:42,b5aed19b7ce942ceb1082d725df90ba9,direct_traffic
d2760d1c38524dc3a782e2f486b56572,2017-11-29 15:19:42,6eb360925f334493a6951325d8182624,direct_traffic
9e31a2e40b7c45b0bdf36479dcd9dfe3,2018-04-14 16:11:17,32f776c66b854bc08925bb990a3b5ea3,social
f3b505984f3d42768372d1785ada42c4,2017-10-03 05:00:45,280fc02b8ead46d897a70c9fa8a76c35,
06762a66235a4af59a8420e021ede2c4,2017-06-23 02:12:08,2566ffa7a57141909a5618885cb43553,paid_search
c8f14f0fc3a94675af07b101b273d22f,2017-11-07 21:16:54,7b5e3159006745bdbee47199b5293638,paid_search
495d7f3bbd2e42be8889aa9cc3ee006c,2018-02-18 23:43:40,d650cf637d2e4393939ab7a1b5bd56fb,organic_search
962c6dde9dbd4313bb0ef854a1c24db9,2017-12-01 11:19:48,702afe38d2d2425a9b41828bf926fbf5,paid_search
f325dae39b3b4c71ba82ffc2649f6023,2018-03-05 05:18:07,2566ffa7a57141909a5618885cb43553,organic_search
0e3ac232a18c475d9a9e0b5fad62b4ec,2018-01-27 11:14:18,fd67c44c56284345a9d416ecc4e70697,paid_search
8afaff9ad9f2400097d39fe0412e4ace,2017-11-23 10:35:50,7e92b46dac574b1b9786c529162a68c6,email
e6c64ec643f14705bb1a45f4b3fd733c,2017-06-05 18:50:53,702afe38d2d2425a9b41828bf926fbf5,organic_social
51f4620ab1f749759c4b0819edf7eb00,2018-05-03 05:15:53,eabde2c6e9064911b23d789ff68f2bbb,organic_search
87e2d4bd79a043bb910a6c368afcddef,2017-09-30 18:27:47,bd7014dfab0643b08af9d59f9064c67f,paid_search
990b60ae5c254f6e801ee875b462a5a0,2018-03-14 01:59:17,7b5e3159006745bdbee47199b5293638,organic_social
2413cb8e7e714993a959383309164e74,2017-11-24 07:06:52,54ac0583af594362879a48b3c36bac75,organic_search
322669ce352e4435ad32e9ea26f3462c,2018-04-24 07:19:39,280fc02b8ead46d897a70c9fa8a76c35,organic_search
ad60d47038cc4965a2248c5c84127ee5,2017-07-06 12:26:07,54ac0583af594362879a48b3c36bac75,organic_search
3bf0c25c323c4074adb2b7f0d68fec3b,2018-05-08 17:19:14,f7f91884fcc441c3a73051d4c1896af9,social
6638a0efc66a411a9cfaef76efa79363,2018-05-21 17:01:03,fd67c44c56284345a9d416ecc4e70697,organic_search
ecb1291da66b44d29ecd005a864617f1,2018-05-21 12:03:23,54dadc715073494a9f52e4f263e34d4e,display
957046894a2c412587cff4eae08d105e,2018-03-24 20:36:39,42aab95b911f48e28fc6e5aff6d61bab,paid_search
8ec0d99bb3654edd94479c6045846f0b,2018-04-12 10:54:33,7b5e3159006745bdbee47199b5293638,social
115be12dfa254099a8797a8198dea0c4,2017-11-16 05:54:30,dc97f501f52d4c12817bfe088b55a525,organic_search
0a3dd439564a491096cce0c953ba5a3c,2018-01-19 01:32:10,6eb360925f334493a6951325d8182624,paid_search
5ad9f3569c5749d3b60b3c9f67764076,2017-09-21 00:08:04,d4a547d9c0264e5e821f2ce922348c3d,direct_traffic
90d38c3bf98545b5b75083bf7eb819ac,2017-09-23 08:23:02,b3ebd0b9fc81475f87eaafca8d37f073,direct_traffic
a78c7f44a8ba4ac3a393b8206675f968,2018-04-16 07:45:36,9949586af6134c339c1809ad3ec0df66,direct_traffic
36b35f31a1a54453b79daa6778a13331,2018-02-02 12:04:12,280fc02b8ead46d897a70c9fa8a76c35,social
8a20ffedc9e748ca8d22721320e8ad17,2017-12-10 07:28:31,ff05ce68802a4f1796f1c6ff9508133e,organic_social
7220a5359c454b57ade3de9eb4fbdcff,2017-09-03 00:14:41,7e92b46dac574b1b9786c529162a68c6,email
f3d1e921979d4a798fd589104b6963c2,2017-06-06 02:41:04,7e92b46dac574b1b9786c529162a68c6,direct_traffic
b79e0c9511ad4fcdbf2d3ebdcad4e02c,2017-06-16 20:11:44,dc97f501f52d4c12817bfe088b55a525,organic_search
5ce746e48e5647dfab37a1ef3a2e344e,2017-08-12 10:34:46,b3ebd0b9fc81475f87eaafca8d37f073,organic_search
6c35222fc198462fb2a593f7e63d2047,2017-09-08 22:59:10,702afe38d2d2425a9b41828bf926fbf5,organic_search
a40e4c5a58a243fcb35e2f119048b72d,2017-12-02 01:35:54,e73bb83cf417427888827b7bd8835d0c,direct_traffic
0b59b78f8f364eb7892e1d3409f82219,2017-09-10 07:12:09,0c738336dbd04e959c993ff02dbf5e0f,paid_search
9b2e4fecbea0460da906c78f33ce864c,2017-08-29 07:58:17,5c9fede2c59f461bab56ff6d802fa6a1,paid_search
603b43e151e54c05a19ad2c542fe2694,2017-10-13 06:20:43,42aab95b911f48e28fc6e5aff6d61bab,referral
169db55f878a46ee9454a394d7969f9d,2018-03-11 08:57:19,32f776c66b854bc08925bb990a3b5ea3,referral
f269e52e0bc840bca47f1ae81bf1ca21,2017-09-09 00:46:57,32f776c66b854bc08925bb990a3b5ea3,organic_social
8d3dc748ee714bf09aa291dca8a8bb8f,2017-10-13 03:41:03,e73bb83cf417427888827b7bd8835d0c,paid_search
aa14749ff1424c988a8fb2e23c510710,2018-05-13 04:59:48,ff05ce68802a4f1796f1c6ff9508133e,direct_traffic
e0a6c220dc4b40539c19aa3ccc07296f,2018-05-02 04:02:24,42aab95b911f48e28fc6e5aff6d61bab,organic_search
671388d7a1b649f09143a10ba5aca923,2017-09-16 11:06:26,b3ebd0b9fc81475f87eaafca8d37f073,organic_search
ca6da48276964811a1478b334b4a383d,2017-10-01 13:27:29,280fc02b8ead46d897a70c9fa8a76c35,organic_search
a869bc96d69947eea8d29eae08ffe66c,2017-12-08 06:14:20,30603de19a0f45f98e07cc24bb54cd32,paid_search
e3ed5f5627e7482eae451461796fd6fe,2018-04-16 15:47:28,5c9fede2c59f461bab56ff6d802fa6a1,paid_search
5115f8af9f7f465cbba7200645b33e7f,2018-05-31 02:22:49,dc97f501f52d4c12817bfe088b55a525,email
9446ca6bc1e140f7864dce06dd49d5f8,2017-08-13 04:45:43,280fc02b8ead46d897a70c9fa8a76c35,organic_search
5de2e0d8f80c475b8ce0a3d8b1f010fd,2017-09-06 06:58:44,c005e1915b5a420dba2530a0e055f0e1,direct_traffic
9c4c45de07da4a578f5db5bb071be657,2017-12-11 13:37:34,42aab95b911f48e28fc6e5aff6d61bab,social
c03cfb3eecfa43f38e0d5e55e2442fee,2018-04-03 15:38:20,d4a547d9c0264e5e821f2ce922348c3d,paid_search
e0fa8a2d7e2a4d829860775fc2454dd8,2017-10-04 01:40:54,d650cf637d2e4393939ab7a1b5bd56fb,paid_search
9f3c5b09b54f46818ada7e142fa9200c,2018-04-12 21:23:01,54ac0583af594362879a48b3c36bac75,paid_search
22e4dfe26f3e41d98f93cbaed5865734,2018-03-02 10:42:39,280fc02b8ead46d897a70c9fa8a76c35,social
c96f4b09e1cc4e5189a6a0fc1fdc6f77,2017-08-16 11:55:49,9949586af6134c339c1809ad3ec0df66,paid_search
0b9b849f074d454497101a972c9957e4,2017-06-28 22:55:04,280fc02b8ead46d897a70c9fa8a76c35,organic_search
5c0cba02e5d94d4a8ef4abb23a14f401,2017-10-22 04:36:15,54dadc715073494a9f52e4f263e34d4e,organic_search
1cec58b03e5c4e238b1a29f6af042ed6,2018-02-16 21:15:56,5c9fede2c59f461bab56ff6d802fa6a1,social
6663bad388a14537ae2e572aa5fc8bf2,2018-02-06 07:37:05,22d5f074d6fd43b2b796684fe6998629,organic_social
ea4e25b48c474fd38fa5b6a435126a75,2017-07-12 17:08:11,280fc02b8ead46d897a70c9fa8a76c35,paid_search
cb8d85d666a34ec296fa0e6d632b0c0a,2018-05-06 22:23:14,24f5fbd22d624e12b58faeb2f2742ebb,direct_traffic
2131d14245364386be0b97d778e53a54,2017-08-25 18:31:05,ff05ce68802a4f1796f1c6ff9508133e,direct_traffic
02353589a2b840ae8f78e7140605cdc3,2018-04-27 18:32:16,7e92b46dac574b1b9786c529162a68c6,organic_social
568849baa20c49bcbe2663c97bdd205c,2018-02-11 18:53:32,b3ebd0b9fc81475f87eaafca8d37f073,email
34c6e059821349b7a9056a755c6ad4ad,2017-08-31 11:43:02,f7f91884fcc441c3a73051d4c1896af9,social
7e8fff1bfb614e4a9bfd46c78c5e4baa,2017-12-09 19:07:55,f7f91884fcc441c3a73051d4c1896af9,direct_traffic
65f3a61a08e6484a89aea3534b055705,2018-02-03 18:00:53,6eb360925f334493a6951325d8182624,referral
c1ad512e5ea5453eb4f01395794fcfdb,2017-10-16 21:09:37,ff05ce68802a4f1796f1c6ff9508133e,paid_search
355db79be8c449b38dc431ab29e57df1,2018-04-23 21:15:43,d4a547d9c0264e5e821f2ce922348c3d,paid_search
968631b363df43feb40238955e614d63,2017-06-19 07:32:38,9949586af6134c339c1809ad3ec0df66,organic_search
ccc8fb36ce7b44e7bafaa90973253e80,2017-09-12 16:27:35,54dadc715073494a9f52e4f263e34d4e,email
ba3d088420534cfb841318d35d171a6f,2017-09-29 14:24:51,54ac0583af594362879a48b3c36bac75,email
467da7556e5548f1b4526acd5ab41c54,2017-11-04 15:28:28,5c9fede2c59f461bab56ff6d802fa6a1,organic_search
a64c332648be4ee4a90a3f4a4467dd4a,2017-12-11 20:48:10,32f776c66b854bc08925bb990a3b5ea3,social
b3349bf7db4948bbaf1b9276ff815f93,2017-12-09 09:16:01,c005e1915b5a420dba2530a0e055f0e1,paid_search
66408842425f4bf19aee2a47fe24f1ca,2017-07-14 04:53:26,d650cf637d2e4393939ab7a1b5bd56fb,organic_search
12319ba2dfa5499a8651d700f52471eb,2017-07-14 10:44:32,b3ebd0b9fc81475f87eaafca8d37f073,
9e6f8cf15e0f4cbe8b1833e4a9062a73,2018-02-21 12:48:01,9949586af6134c339c1809ad3ec0df66,organic_search
99b16f6c03ad48a1b50a0221bcfe1cd1,2018-03-26 01:29:52,b3ebd0b9fc81475f87eaafca8d37f073,organic_search
f3295f54f5b447ccac7a02f355b9f32e,2018-02-18 22:36:52,42aab95b911f48e28fc6e5aff6d61bab,social
d7c2fc5bff664a79959eb5f1b620e31e,2018-01-05 16:25:33,b3ebd0b9fc81475f87eaafca8d37f073,direct_traffic
209a291fbb9f42768a90cf12760b404a,2018-01-08 14:53:22,7e92b46dac574b1b9786c529162a68c6,organic_search
b26ea89695a3450dae8f541c1f152d0d,2018-02-10 11:32:32,b5aed19b7ce942ceb1082d725df90ba9,direct_traffic
21202429eb00452ebb4ec75898ee3bc9,2017-12-13 00:53:59,32f776c66b854bc08925bb990a3b5ea3,social
f44f98daeb194d5e81978f70fcb9f170,2018-01-13 08:30:43,b5aed19b7ce942ceb1082d725df90ba9,organic_search
29872a6291674968b13c1a3e3f1d0aa2,2018-04-27 02:45:46,7e92b46dac574b1b9786c529162a68c6,organic_search
48f5b6677dd7439584a78ba44fc177c3,2017-07-13 10:43:23,bd7014dfab0643b08af9d59f9064c67f,social
3bb7d31194ea4a289eeab850ad92cc04,2018-02-12 18:40:12,c005e1915b5a420dba2530a0e055f0e1,paid_search
4693c85f148f458f8606a7d93f0a9700,2018-04-26 02:50:44,280fc02b8ead46d897a70c9fa8a76c35,organic_social
41aaeff3696b440b93114d52c18c4e0c,2017-10-20 08:17:30,dc97f501f52d4c12817bfe088b55a525,email
fcb84d23fcf84f64bce3eea2f59600f2,2017-07-31 02:35:51,7e92b46dac574b1b9786c529162a68c6,
986c3eccfc3b411cb9aa4b3b87bbea60,2017-06-20 19:52:48,54ac0583af594362879a48b3c36bac75,organic_search
6b00ec9a48cb4492b14b7678aa3d70a9,2017-11-18 07:09:34,57b30bb0fe284da5b57510a8823d88a2,display
b9d3cef26f0b4b6489b5e375c2124b6f,2017-11-16 09:06:11,0c738336dbd04e959c993ff02dbf5e0f,paid_search
dd721a5fa5174b1aa9767c1af0a21e0b,2018-05-16 09:59:34,54ac0583af594362879a48b3c36bac75,paid_search
521e26effbbd4796a4c30955b65a4f40,2018-05-28 21:59:31,2566ffa7a57141909a5618885cb43553,organic_search
437ba822cbf642e381e03e651e807d9f,2018-03-06 09:30:27,e73bb83cf417427888827b7bd8835d0c,organic_search
c90ed4415e404b799543bc292753916b,2017-11-01 10:15:42,bd7014dfab0643b08af9d59f9064c67f,direct_traffic
b851d26cde514fc384fe4a70d2ee4743,2017-11-25 14:42:08,ff05ce68802a4f1796f1c6ff9508133e,paid_search
639856a0a9d64f79adf5257216a2568a,2018-03-24 23:51:32,e73bb83cf417427888827b7bd8835d0c,organic_search
2a0f61b4fd824f9b877e4002b2f928d4,2018-01-28 23:48:53,30603de19a0f45f98e07cc24bb54cd32,social
c3b596da521048a78d6c799a4eb5e199,2017-08-16 14:28:21,9949586af6134c339c1809ad3ec0df66,organic_search
27d9348deda54a72bf65d6150895fa21,2017-09-25 07:38:28,6eb360925f334493a6951325d8182624,social
f2389568054c45a1810b3953d24b2ee7,2017-09-28 18:46:50,702afe38d2d2425a9b41828bf926fbf5,paid_search
d6c0ebf45cc248c48ef388fc165f99d4,2018-03-10 17:03:58,22d5f074d6fd43b2b796684fe6998629,email
f334254e6463452792a368e6442d7339,2018-01-23 12:24:10,280fc02b8ead46d897a70c9fa8a76c35,email
bba52c66402c4a1396b75f7cac64015b,2017-07-14 11:23:55,54dadc715073494a9f52e4f263e34d4e,paid_search
3c4ce4c7d39b40d39e407d3c84d672ca,2017-09-05 15:36:42,d650cf637d2e4393939ab7a1b5bd56fb,paid_search
7a42d3cba8c54903a8c9b3c1cbc7db9e,2018-05-24 15:12:27,54ac0583af594362879a48b3c36bac75,paid_search
ede74c6dfcc24472acbb86f535889f65,2018-01-11 16:22:58,54dadc715073494a9f52e4f263e34d4e,email
e0fd470ad3124745858775fd20188bc1,2018-03-13 01:05:45,7e92b46dac574b1b9786c529162a68c6,paid_search
46555e0b91d94910b8cb01bd0125ae41,2017-08-11 21:01:35,54dadc715073494a9f52e4f263e34d4e,organic_search
1e499fe076824461878bf6ea8427827f,2017-08-05 11:07:31,22d5f074d6fd43b2b796684fe6998629,organic_search
e954b4b5f68d44088461d603f126086e,2017-06-05 18:11:49,280fc02b8ead46d897a70c9fa8a76c35,paid_search
435d36f8fbdb4eb4a4e659a32181582e,2018-05-04 12:54:46,42aab95b911f48e28fc6e5aff6d61bab,paid_search
36984dd02cfa4c60a0da9df4beafbde2,2017-09-24 15:15:38,7b5e3159006745bdbee47199b5293638,email
dae4177385bc4575be3d3a6381b0b9a1,2018-05-18 14:41:10,d650cf637d2e4393939ab7a1b5bd56fb,organic_search
4722242301c24f9fa64cb55644a59886,2018-05-20 19:34:24,0c738336dbd04e959c993ff02dbf5e0f,paid_search
88627e13921442a8acbb85cf5b32e448,2017-11-14 21:22:13,e73bb83cf417427888827b7bd8835d0c,email
cd13ba374ac54b43a406aee4a3ac1bd0,2018-03-18 01:10:21,c2366a33c94543b4a5c36a8911cb5ebe,email
b791c6a64c5c44018439407f5ba31e46,2017-08-11 05:35:44,42aab95b911f48e28fc6e5aff6d61bab,paid_search
36924b3d89c94fb9a834b1daad7327e5,2018-03-18 22:55:54,280fc02b8ead46d897a70c9fa8a76c35,paid_search
9aa5bb3321ff473893b79f1a2aa7e14a,2018-04-05 22:07:50,702afe38d2d2425a9b41828bf926fbf5,paid_search
fd9afb77d816470a8e8f8b4888d8e2da,2017-12-18 13:53:00,54ac0583af594362879a48b3c36bac75,organic_social
b8cfa016f0a64901b1bf59c34e7af6bd,2017-12-18 02:19:10,c005e1915b5a420dba2530a0e055f0e1,organic_search
e1476f08cbfd4fdbbfdf3330ca967360,2017-12-15 06:51:25,6eb360925f334493a6951325d8182624,organic_social
0c7239b489184acaa147c7b3d22acf03,2017-07-26 11:58:21,702afe38d2d2425a9b41828bf926fbf5,direct_traffic
c7b931597d9e4fe2bd3cdb18bc581945,2018-01-18 23:15:55,5c9fede2c59f461bab56ff6d802fa6a1,social
f6e6dd932e384f1bb25336891e2ed4e9,2017-11-03 03:23:41,32f776c66b854bc08925bb990a3b5ea3,organic_search
1b8c9addcfff49d1be9ee726e14e2032,2017-07-24 20:07:50,32f776c66b854bc08925bb990a3b5ea3,paid_search
6ac30182f8ce4720ad23e07b408b8b76,2017-06-17 21:58:04,6eb360925f334493a6951325d8182624,paid_search
2fdc5da2fdbf4fceae96d5eeb6ae4e37,2017-06-14 06:47:50,54ac0583af594362879a48b3c36bac75,organic_search
6ed255f196334745be2ad4889196ecfe,2017-07-06 14:02:59,0c738336dbd04e959c993ff02dbf5e0f,direct_traffic
e58b450d2784443bb71c5a2097558ae1,2017-09-14 08:29:04,0c738336dbd04e959c993ff02dbf5e0f,other
992489b74b614b488bd4fc6297179573,2018-05-04 19:05:33,24f5fbd22d624e12b58faeb2f2742ebb,social
7307c55bcbb94a91a6c5072172607e78,2018-01-19 02:05:30,7e92b46dac574b1b9786c529162a68c6,direct_traffic
c6be556c2c3d40a08304d65251b2ea93,2018-02-21 00:24:07,32f776c66b854bc08925bb990a3b5ea3,organic_search
bdab7c0e1d55491d8dadc2d0520d50a6,2017-11-15 14:57:32,ff05ce68802a4f1796f1c6ff9508133e,paid_search
e8c4a2ad0c704c2ca116b31c34fdc83d,2017-08-20 04:01:55,2566ffa7a57141909a5618885cb43553,organic_search
ab00d23572fc42af83cb01d0a0235f20,2018-03-02 15:14:02,6eb360925f334493a6951325d8182624,social
f395f854559b47b0929f7d8dd65f4fa9,2017-07-06 14:09:46,5c9fede2c59f461bab56ff6d802fa6a1,organic_social
2c442dfa9b4f42e496a2747b48da0466,2017-09-14 04:43:50,54dadc715073494a9f52e4f263e34d4e,direct_traffic
fa42228b477347e287b247777c53fad0,2017-09-14 11:16:40,7b5e3159006745bdbee47199b5293638,organic_search
a360964a4cc34cf8b6b0ecd1279ae86b,2018-05-30 17:17:10,32f776c66b854bc08925bb990a3b5ea3,paid_search
97c4f9ddcd7b40e5b4189862b01836e0,2018-04-06 20:56:18,0c738336dbd04e959c993ff02dbf5e0f,social
9e9a1207cb0540a0b68a1a74a2b04ca1,2018-03-28 07:23:24,30603de19a0f45f98e07cc24bb54cd32,paid_search
9abbc07e329144d995729c7030045435,2018-05-17 16:42:36,b5aed19b7ce942ceb1082d725df90ba9,email
8d1408513a49488399838df0e498bc46,2017-09-12 00:16:15,2566ffa7a57141909a5618885cb43553,email
9e9d10eb79504b149126eb133f81b357,2018-01-15 02:19:44,bd7014dfab0643b08af9d59f9064c67f,social
da888590dcf04197977530a205114be5,2017-12-22 22:01:18,280fc02b8ead46d897a70c9fa8a76c35,paid_search
7c2b1179e82a4bd5bb3dc3c7f6cd92fb,2017-10-05 19:08:45,42aab95b911f48e28fc6e5aff6d61bab,organic_search
5ffdb15163d64cc880fa9932dd43663e,2018-03-19 17:52:30,b3ebd0b9fc81475f87eaafca8d37f073,organic_search
f9372ed0fd7c4bbf95f017506c9e75fb,2018-01-23 20:58:34,eabde2c6e9064911b23d789ff68f2bbb,paid_search
2ad090241ee04aa28c73484e17d23832,2017-07-17 10:28:57,d4a547d9c0264e5e821f2ce922348c3d,paid_search
bca5ded3b086437693721c8cde25ad40,2018-01-20 12:37:33,f7f91884fcc441c3a73051d4c1896af9,direct_traffic
8790c1647f914a938dcad2ac5e48b377,2018-05-31 10:49:47,ff05ce68802a4f1796f1c6ff9508133e,direct_traffic
25521aa3f25a4a538a414143354bf2a4,2018-04-10 06:22:34,7b5e3159006745bdbee47199b5293638,organic_search
92c0750e0a634c21b78d11e35e3e686e,2017-10-06 06:32:17,5c9fede2c59f461bab56ff6d802fa6a1,paid_search
3735459bf310480c8a9e47067f33aa7d,2018-04-13 15:43:53,b3ebd0b9fc81475f87eaafca8d37f073,organic_search
fed8ed90d6464638bb5109b244e0da09,2017-12-14 23:59:46,32f776c66b854bc08925bb990a3b5ea3,organic_search
32131a5e8ef64712850cfe8651e84891,2018-05-24 20:42:09,dc97f501f52d4c12817bfe088b55a525,email
70759643e495461eb30ca2a250181035,2017-12-19 01:35:23,9949586af6134c339c1809ad3ec0df66,organic_search
1c2a403aeaa04895ac9d0dc97420f340,2017-08-20 09:58:04,5c9fede2c59f461bab56ff6d802fa6a1,paid_search
286f5b75ef7e436797167067de0f011c,2018-04-18 19:34:42,0c738336dbd04e959c993ff02dbf5e0f,organic_search
7493cfc3b0f44878a357740373f40ef6,2018-05-08 02:25:48,f7f91884fcc441c3a73051d4c1896af9,referral
01cf626e30ce40a5b497ef738102bfdb,2017-09-20 17:58:02,7b5e3159006745bdbee47199b5293638,social
8c673758d43d4843a1d4a844c9f9f3a4,2018-03-11 04:24:49,7e92b46dac574b1b9786c529162a68c6,organic_search
4795c6b93cdf409faea7c6b4eebe62e3,2017-07-10 03:49:51,30603de19a0f45f98e07cc24bb54cd32,social
5b1723c6fe0649879444c2793daef0e8,2017-11-14 14:55:52,b3ebd0b9fc81475f87eaafca8d37f073,direct_traffic
542189ae7fed4bccacdfe9735c3e4ef0,2017-08-24 09:12:10,54ac0583af594362879a48b3c36bac75,display
7fc9289354bd420c854c6dfdebcfc628,2018-02-15 01:37:30,b3ebd0b9fc81475f87eaafca8d37f073,organic_search
328cf13a9001426d83f910e45ee3cffa,2017-06-14 02:39:53,d4a547d9c0264e5e821f2ce922348c3d,referral
1f9aa8e99cbb469fac1e8b55672121fa,2018-05-22 16:49:02,ff05ce68802a4f1796f1c6ff9508133e,organic_social
49bbf87a14d8418383ab6c655218826f,2017-11-23 14:32:22,54dadc715073494a9f52e4f263e34d4e,organic_social
b4ec2a14e35b4450aeb5ccafe6cd308c,2017-09-08 14:26:32,eabde2c6e9064911b23d789ff68f2bbb,social
65f110ae034648ba9fd3187707737a78,2017-06-06 09:07:27,dc97f501f52d4c12817bfe088b55a525,social
0d844a347c9440a7bc6a6d6f2ea560b3,2018-05-30 04:58:08,42aab95b911f48e28fc6e5aff6d61bab,paid_search
3bb4a2a13071423b9b59802d9d4adcb4,2018-05-10 16:54:09,6eb360925f334493a6951325d8182624,direct_traffic
692e94d8f09043fd9bec063962210177,2018-01-23 02:29:03,24f5fbd22d624e12b58faeb2f2742ebb,social
758a647009014d81837ad5646979738c,2018-03-08 23:55:17,9949586af6134c339c1809ad3ec0df66,direct_traffic
7a74cde0712c4c83b5c5f1cbe3a5c380,2018-06-01 15:56:13,2566ffa7a57141909a5618885cb43553,paid_search
4fdca1b6ef424f20a2e9acc78e4ef962,2018-01-28 10:09:47,bd7014dfab0643b08af9d59f9064c67f,direct_traffic
b9e17cc6365b465cb9c9af7470804cf4,2017-08-22 06:12:39,bd7014dfab0643b08af9d59f9064c67f,email
e1206f9fae994cc8b0fbcd9c36cec433,2017-06-10 22:05:59,dc97f501f52d4c12817bfe088b55a525,organic_search
40ccee20af6046c18fa1aa44c6e961c2,2017-08-30 10:42:34,dc97f501f52d4c12817bfe088b55a525,email
5258514d44904d7c9b9df522ac7eaad2,2018-03-01 14:13:49,32f776c66b854bc08925bb990a3b5ea3,social
db221b4f92944e0985cca61fc552c715,2017-07-10 00:24:29,57b30bb0fe284da5b57510a8823d88a2,email
8ff01980741e40028f2d94c4961ac387,2017-10-18 05:35:19,b3ebd0b9fc81475f87eaafca8d37f073,paid_search
b747b1539e2a467faf2e7ce8084a69db,2017-12-01 06:28:42,54ac0583af594362879a48b3c36bac75,paid_search
0b90c2e218ed46af84e2fc3c26722b3c,2018-06-01 01:15:14,5c9fede2c59f461bab56ff6d802fa6a1,organic_social
c5e093ea14504d67a5ce62c461d0c0d3,2018-05-12 19:22:49,54ac0583af594362879a48b3c36bac75,organic_search
89a3b7cdb6d44e2ab44f8e64cf126758,2018-01-13 01:44:19,bd7014dfab0643b08af9d59f9064c67f,email
f9fe545518c2454b9d0dfbe155b9ffda,2018-04-22 19:02:14,d4a547d9c0264e5e821f2ce922348c3d,paid_search
27f4d09698e04637b3b2e96dbbdade78,2018-05-06 03:44:33,ff05ce68802a4f1796f1c6ff9508133e,social
e7a4b26c882f4f1ab1bb554aa408a942,2018-05-20 11:13:32,b3ebd0b9fc81475f87eaafca8d37f073,paid_search
c2553efd57454d258c4298bfac1e6227,2017-06-27 21:46:47,e73bb83cf417427888827b7bd8835d0c,social
5e73606e9bd74b2882af41277e032240,2017-06-25 13:44:25,d650cf637d2e4393939ab7a1b5bd56fb,paid_search
d8b9bb29bb984a54bc1608cffadbc0cf,2017-09-12 09:05:28,7e92b46dac574b1b9786c529162a68c6,organic_search
a0778ab50d30414d9395a1f5dd106e5a,2017-10-01 07:16:52,24f5fbd22d624e12b58faeb2f2742ebb,organic_search
87f426836c3140a5835a24cc81d2c6c9,2017-06-09 15:21:10,e73bb83cf417427888827b7bd8835d0c,organic_search
7360f7b2220c47be93414c94523bb1ae,2017-06-08 12:16:26,bd7014dfab0643b08af9d59f9064c67f,other
2058d6793ddd478b9e14c3f5feb71a3d,2017-09-07 02:18:00,9949586af6134c339c1809ad3ec0df66,display
0bda24462f2245c39b773202ea13b3a5,2017-07-20 06:06:44,22d5f074d6fd43b2b796684fe6998629,paid_search
cfd666ec401a4e0ea4b9378e8944485e,2017-08-25 01:36:08,7b5e3159006745bdbee47199b5293638,direct_traffic
c08239786e354076b68d5ad045d4c71e,2018-02-18 03:55:14,bd7014dfab0643b08af9d59f9064c67f,paid_search
3d133b13f9fa4c64bcc65e663f833e52,2017-11-15 11:44:54,c005e1915b5a420dba2530a0e055f0e1,direct_traffic
b7f2839cc1234a308df52a0960ce50bb,2018-04-17 06:54:04,fd67c44c56284345a9d416ecc4e70697,email
95144da0220041cbb3934eccbf4c3bf6,2017-09-15 19:43:22,ff05ce68802a4f1796f1c6ff9508133e,display
6c4d23f747064b578dc5a5e6f3ea50b8,2018-01-06 04:23:54,9949586af6134c339c1809ad3ec0df66,paid_search
6d7a5dd2998a41b591229da93446016f,2017-09-18 03:51:18,7e92b46dac574b1b9786c529162a68c6,email
b062d1ba94c24d7aa8e04685fb1b2990,2017-11-13 06:19:16,e73bb83cf417427888827b7bd8835d0c,organic_search
667bc6beb3fd482aa35a5c388488f2d1,2017-12-23 23:48:40,42aab95b911f48e28fc6e5aff6d61bab,
7dbd1282142146279a1a6baee0fd9c08,2017-06-07 14:10:11,54ac0583af594362879a48b3c36bac75,organic_search
4a4e813c426f451f8706684075117d66,2018-01-21 08:00:48,24f5fbd22d624e12b58faeb2f2742ebb,social
06f339e0e60746f08e8e93a8a7eef0a7,2018-05-03 10:08:17,d4a547d9c0264e5e821f2ce922348c3d,direct_traffic
61992c82339440dd9b48c38f414994d0,2018-04-16 13:26:02,eabde2c6e9064911b23d789ff68f2bbb,direct_traffic
4ad6cd43e2d2418788b7fc37b3213cfe,2017-07-05 07:57:27,7b5e3159006745bdbee47199b5293638,organic_search
b2a6792615954065a67d4c64107de903,2017-11-02 21:48:14,6eb360925f334493a6951325d8182624,organic_social
92bfdc8b4def45e9ab18f96d23bcc12d,2017-07-23 19:31:18,280fc02b8ead46d897a70c9fa8a76c35,organic_search
e12dcc05ecac41daa55b2631cd8a44b1,2018-03-19 06:14:33,b5aed19b7ce942ceb1082d725df90ba9,social
d4f13976cc9a47e6a07e6910e22e7c27,2017-07-19 21:50:25,42aab95b911f48e28fc6e5aff6d61bab,organic_search
d3b098ebfacf41c98c103393b3572b09,2018-04-20 14:08:50,57b30bb0fe284da5b57510a8823d88a2,paid_search
c3c7d068180e4e69ac054898e0ee1a4f,2018-05-22 04:50:23,42aab95b911f48e28fc6e5aff6d61bab,social
b14ec59735e3418dacfacf5222a7f001,2017-08-29 23:07:57,d650cf637d2e4393939ab7a1b5bd56fb,paid_search
8b6b8979bfd04c39b9556f78631f8419,2018-05-19 11:34:36,54dadc715073494a9f52e4f263e34d4e,organic_search
35b353658b3a4874bc4805834edcafa7,2018-05-08 17:33:13,24f5fbd22d624e12b58faeb2f2742ebb,organic_search
0a0fcc4cd40b4db7856d554c7966da34,2017-11-19 00:38:33,fd67c44c56284345a9d416ecc4e70697,paid_search
0635bc106ac54481b3d499505fefba7b,2018-03-27 16:20:39,ff05ce68802a4f1796f1c6ff9508133e,direct_traffic
62491b65e4bb47f69bf30872300f0c20,2018-02-17 23:19:23,22d5f074d6fd43b2b796684fe6998629,referral
2ac3ba1727ea43ddbbd082e3eb949540,2017-09-28 18:19:44,702afe38d2d2425a9b41828bf926fbf5,organic_search
23a63fd71ce34157b03b2b055e54c9c1,2018-05-27 00:29:02,9949586af6134c339c1809ad3ec0df66,paid_search
559ad3e1169549e2a983e298220f52e9,2017-06-11 22:26:26,d650cf637d2e4393939ab7a1b5bd56fb,organic_search
a53652c82a5f4a54bd1e5c8793a941c4,2017-08-03 11:14:41,9949586af6134c339c1809ad3ec0df66,organic_search
cb54fb3082c5423cbf7db53a29599a6d,2018-01-06 08:52:02,fd67c44c56284345a9d416ecc4e70697,direct_traffic
5b7f9b3dc8814959834757e01ee83738,2017-07-11 02:10:54,2566ffa7a57141909a5618885cb43553,social
0bd944deab7041598489585792a16621,2017-12-09 18:09:29,0c738336dbd04e959c993ff02dbf5e0f,organic_search
0bbf490d656f4ca0a9e58a1ae3581635,2017-09-12 05:31:19,ff05ce68802a4f1796f1c6ff9508133e,organic_search
1ed8c3ed3be44a2983e500fbb92ddb1f,2017-09-13 23:22:33,eabde2c6e9064911b23d789ff68f2bbb,organic_search
4d04269aec8a4550b3658aee479c30c4,2017-09-30 21:46:30,b3ebd0b9fc81475f87eaafca8d37f073,email
0e67b2b95968483cb17f0d9061303632,2017-11-16 04:53:18,b5aed19b7ce942ceb1082d725df90ba9,other
cc61e90b43cd46d29f2e12b59022a7cd,2017-11-10 23:25:58,280fc02b8ead46d897a70c9fa8a76c35,organic_search
9d5c86890b5a4d15ad53210a72b26afb,2017-06-21 18:57:51,280fc02b8ead46d897a70c9fa8a76c35,organic_search
3a46aa88548b40d2aa917e65ba38c1e6,2017-12-30 23:35:40,bd7014dfab0643b08af9d59f9064c67f,referral
6992d02cc0c9486a8f8f746616208732,2017-10-26 00:51:45,9949586af6134c339c1809ad3ec0df66,organic_social
abb68218b69b41c28ac3d19bc69568b6,2017-11-17 12:28:42,9949586af6134c339c1809ad3ec0df66,paid_search
8d21ee5de126488db848ce81a33e8882,2017-09-14 19:38:08,eabde2c6e9064911b23d789ff68f2bbb,organic_search
548619a5fb204d04a50c4b9643592137,2018-05-07 09:02:30,280fc02b8ead46d897a70c9fa8a76c35,organic_search
258cd99b33ad407eb7fb445915103da8,2018-05-18 08:05:56,fd67c44c56284345a9d416ecc4e70697,social
0cab4315ce3d44a9911ef73091d17417,2017-12-13 18:59:10,42aab95b911f48e28fc6e5aff6d61bab,paid_search
d1092c58396a49859008717b643d285d,2017-09-02 16:06:21,d4a547d9c0264e5e821f2ce922348c3d,organic_search
13fc57cef651488c8e748bfddb1fe115,2017-06-04 02:21:09,54dadc715073494a9f52e4f263e34d4e,social
d903ebd9a61b483a8f4bb2166385797a,2018-02-07 02:32:53,54ac0583af594362879a48b3c36bac75,organic_search
6c06f880248c47ab854703ff5e5ca740,2017-06-27 23:05:47,2566ffa7a57141909a5618885cb43553,email
431946592f8c44f48942f7b14781d7b1,2017-09-13 04:34:17,24f5fbd22d624e12b58faeb2f2742ebb,paid_search
b3ecb0f650094bd19ea6d06f650180f1,2017-08-28 21:34:37,c005e1915b5a420dba2530a0e055f0e1,organic_search
59206678b0f945a897ef3332a81f8535,2017-09-13 08:36:13,30603de19a0f45f98e07cc24bb54cd32,social
d9dbbd3ba0ac4979bfb600aa2a107ac3,2017-07-11 15:31:08,22d5f074d6fd43b2b796684fe6998629,paid_search
7a635b45da014478adeffa13af8aa464,2018-01-26 11:20:24,32f776c66b854bc08925bb990a3b5ea3,other
3328b6c2b99d4cf987fbbcf625feffac,2017-09-10 08:55:02,7b5e3159006745bdbee47199b5293638,social
a5d048c93a944e42b40170ced64b5bce,2017-08-30 22:03:30,9949586af6134c339c1809ad3ec0df66,organic_search
93e558da55e04219926c546e71ffeb55,2017-11-03 10:23:21,702afe38d2d2425a9b41828bf926fbf5,direct_traffic
5429215ab9d04c0e81ba7b4b5645fb5d,2018-01-16 23:08:29,54ac0583af594362879a48b3c36bac75,organic_search
3fea020414634b7396270e7c24044f87,2017-10-18 17:31:08,24f5fbd22d624e12b58faeb2f2742ebb,organic_social
a43960d06ceb4a6f9bc605b94d2dac64,2017-12-02 14:29:58,ff05ce68802a4f1796f1c6ff9508133e,paid_search
35cdc6652bdb43e8afab8d88bbc8e3e5,2017-08-25 17:08:17,b3ebd0b9fc81475f87eaafca8d37f073,social
785bf5069c3340fcbda3866e1c4b340a,2018-01-03 18:23:49,fd67c44c56284345a9d416ecc4e70697,organic_search
79958ca62e934bba842ab2f7b26371c9,2018-01-08 05:40:31,bd7014dfab0643b08af9d59f9064c67f,paid_search
a4b8b1286deb4f01a09d86e64d2f0424,2018-02-02 00:43:16,d650cf637d2e4393939ab7a1b5bd56fb,email
b780f754cf884fda97d7b62f9cbe0e8c,2017-12-13 15:33:39,54dadc715073494a9f52e4f263e34d4e,email
c9164292210347ec8c9b7a5ebff71df0,2017-07-13 10:55:51,fd67c44c56284345a9d416ecc4e70697,organic_search
dc082f74258347ddb7fb38f923268b1c,2018-03-03 05:33:47,c005e1915b5a420dba2530a0e055f0e1,organic_search
cffc93114b0847b5a1dbd6e1da44a243,2017-08-29 09:22:03,ff05ce68802a4f1796f1c6ff9508133e,email
ff0fe094adb041f0b3c4fdcb2e59e06c,2018-01-24 11:08:08,b3ebd0b9fc81475f87eaafca8d37f073,organic_social
0fbceac889b64bdf906c74c0ff3b8b4e,2017-10-24 13:39:31,c005e1915b5a420dba2530a0e055f0e1,organic_search
4920052899a44a44a301a73cede78511,2018-04-07 17:30:25,24f5fbd22d624e12b58faeb2f2742ebb,paid_search
e1c37f0c73cf42a6b35c73d60cfc49a9,2017-11-18 04:58:31,f7f91884fcc441c3a73051d4c1896af9,paid_search
10c7ab48565f4bdba1a29707c1185d9e,2018-01-27 07:07:32,2566ffa7a57141909a5618885cb43553,referral
8a08cebef27f407a983df928f9d959f9,2017-09-06 00:09:07,e73bb83cf417427888827b7bd8835d0c,organic_search
1983716699d54a97b1c280f023eefcd9,2018-02-12 13:37:34,6eb360925f334493a6951325d8182624,organic_search
e3d7b22ca26646ef838c72bb7ddfa0f9,2017-12-25 15:08:22,ff05ce68802a4f1796f1c6ff9508133e,direct_traffic
158911774b4d43689ae647da1fad03d7,2017-12-09 13:58:56,6eb360925f334493a6951325d8182624,organic_search
85bfb09c84c1445e821d85b3a7fadef3,2017-11-05 23:20:23,702afe38d2d2425a9b41828bf926fbf5,paid_search
8342a39aec334925a6cbabb17812f69e,2017-07-07 14:53:00,5c9fede2c59f461bab56ff6d802fa6a1,paid_search
32872d8e40b9494b8cfaba23373c23f1,2017-06-20 04:31:55,ff05ce68802a4f1796f1c6ff9508133e,paid_search
31b4586414ca4928a1f0232ed234e050,2018-03-17 05:54:41,54ac0583af594362879a48b3c36bac75,paid_search
9a676f5f6b4343bf9d3dbd4aa5da663d,2018-01-10 09:17:37,d650cf637d2e4393939ab7a1b5bd56fb,social
8100e07901054b9db2a064dcd25c9417,2017-11-26 18:33:15,f7f91884fcc441c3a73051d4c1896af9,organic_search
9551f9a21e934c9f8e6d2938c92a7cac,2018-02-06 23:07:08,f7f91884fcc441c3a73051d4c1896af9,social
6c65fbad026e4fb4b331bdc004cb8e29,2017-12-06 02:06:03,d4a547d9c0264e5e821f2ce922348c3d,email
ceab087eba10443f82f2a0426cd1c080,2017-12-15 15:26:19,22d5f074d6fd43b2b796684fe6998629,direct_traffic
587431642f764e599dca0c75d9afd319,2017-10-05 08:49:25,6eb360925f334493a6951325d8182624,organic_search
57eba8c017124ac0821b7c1576d5c4f9,2017-06-18 13:09:31,d4a547d9c0264e5e821f2ce922348c3d,organic_search
c816e27312534912ae576c42a14c71c8,2018-05-28 01:01:43,f7f91884fcc441c3a73051d4c1896af9,organic_search
6918cbb0c72f4094b2008f4e201278d0,2018-05-07 23:29:45,2566ffa7a57141909a5618885cb43553,paid_search
0d09730fff6541498e98755a020f9663,2017-10-12 22:02:35,b3ebd0b9fc81475f87eaafca8d37f073,paid_search
0a06c21b788a4b8ea6238448db74dbf1,2018-05-15 05:21:55,b5aed19b7ce942ceb1082d725df90ba9,direct_traffic
54fc578bcf6048a8a7c27df88b0e6925,2017-10-05 21:55:24,702afe38d2d2425a9b41828bf926fbf5,organic_search
43bd7a7693e84b9385e67dcb89ed407a,2018-05-06 05:52:38,e73bb83cf417427888827b7bd8835d0c,organic_search
60391452b3e54a5d8d24a42eceaf7fc5,2017-07-30 03:21:38,d4a547d9c0264e5e821f2ce922348c3d,paid_search
1da8ee5339a94800ae66febab54f2fa7,2018-05-31 13:59:37,ff05ce68802a4f1796f1c6ff9508133e,direct_traffic
94657ff1b88e4b49a6156c6018ffc452,2018-05-28 21:20:29,5c9fede2c59f461bab56ff6d802fa6a1,organic_search
ab5af6eddf68474e9e1f38749115146f,2017-07-12 18:52:45,c2366a33c94543b4a5c36a8911cb5ebe,social
a5696e4d68244ee4a1ab941b5f7ed4c0,2017-09-05 15:23:56,32f776c66b854bc08925bb990a3b5ea3,organic_search
96617493e49a4fc68b160d2e2b67bbb1,2018-01-05 09:12:24,f7f91884fcc441c3a73051d4c1896af9,referral
af956776df7247bbb6c174f4fddae0ab,2017-11-02 18:13:40,c005e1915b5a420dba2530a0e055f0e1,referral
3e3b8bf7f8914b8d9be8d61a15f713b7,2018-05-04 13:56:12,702afe38d2d2425a9b41828bf926fbf5,paid_search
e4f645277c1f4698a043975e79b6c7b7,2017-11-05 14:59:10,d650cf637d2e4393939ab7a1b5bd56fb,organic_search
3f53c755408d443cb11eccc74f0d2bcb,2017-07-16 03:58:42,d4a547d9c0264e5e821f2ce922348c3d,paid_search
b882d7e62c3448d89a29bd472353ce97,2018-03-21 12:32:20,bd7014dfab0643b08af9d59f9064c67f,organic_search
1a82ad3c9d844e7d83b741233b282821,2017-08-13 09:47:41,22d5f074d6fd43b2b796684fe6998629,direct_traffic
4d85d75d08bc4007bcae29db0461a9ca,2017-09-16 14:29:22,f7f91884fcc441c3a73051d4c1896af9,email
cf15e25f10bb4362b7e520f197a5bc8b,2017-11-05 00:14:01,32f776c66b854bc08925bb990a3b5ea3,direct_traffic
e2734b54f1774687a8cfb8c58a15ae35,2018-02-07 00:03:26,dc97f501f52d4c12817bfe088b55a525,email
9628c8c313f148e39be341b194fa146b,2017-07-06 15:12:47,30603de19a0f45f98e07cc24bb54cd32,paid_search
31e549bd783f435f99b92457427db822,2017-12-31 23:49:49,0c738336dbd04e959c993ff02dbf5e0f,organic_search
8ee1a649967c4f85a5adf1c5188ef803,2018-01-07 06:12:45,32f776c66b854bc08925bb990a3b5ea3,direct_traffic
05499d9f43564b28bd3137e258b592b9,2017-12-09 06:47:11,f7f91884fcc441c3a73051d4c1896af9,paid_search
5a225679173240ed853d72eb461077d6,2017-08-08 07:12:34,6eb360925f334493a6951325d8182624,direct_traffic
d7f246e96fce4c3597213ccf8fc935e9,2017-09-02 18:17:58,dc97f501f52d4c12817bfe088b55a525,organic_search
2cc8fd98c9a34d11a216566def871c2d,2018-01-17 20:38:49,bd7014dfab0643b08af9d59f9064c67f,organic_search
c5e6e6a28bc14c0ea07145847d42c2b9,2017-09-17 06:45:31,54ac0583af594362879a48b3c36bac75,
ee10888f24964f228203ead1c03be7db,2017-07-01 06:39:10,280fc02b8ead46d897a70c9fa8a76c35,organic_search
e3ac0c3242e54b908f4dc7509b0539b9,2017-09-07 09:26:33,5c9fede2c59f461bab56ff6d802fa6a1,
b0195eb2139745f18f26470f3a233ab8,2017-12-27 16:02:47,d4a547d9c0264e5e821f2ce922348c3d,other
f797a30023184d2b813dc93aa049f307,2018-04-16 03:58:32,54dadc715073494a9f52e4f263e34d4e,email
716c5ebf171e4939821f84e5502b629b,2018-04-22 06:02:54,24f5fbd22d624e12b58faeb2f2742ebb,direct_traffic
2769e2c2c0034172a4c4817e864aab04,2017-10-29 03:07:13,ff05ce68802a4f1796f1c6ff9508133e,social
c1daa48f1c684182a99e884c78836e46,2017-08-03 10:04:35,24f5fbd22d624e12b58faeb2f2742ebb,referral
d3745d57762c4d33b1efa0f577b4788d,2017-11-23 01:04:48,702afe38d2d2425a9b41828bf926fbf5,paid_search
49503df1d2a74bb280a9f12577b8fdd9,2017-09-29 17:23:58,6eb360925f334493a6951325d8182624,paid_search
01977d470ffe4e7a889024c7be00f5d9,2018-05-11 03:40:13,e73bb83cf417427888827b7bd8835d0c,social
49dcc70b3e19435b83209284057d6478,2017-07-02 09:41:15,d650cf637d2e4393939ab7a1b5bd56fb,paid_search
a33174454bb240788416610a44af6018,2017-06-04 21:12:22,280fc02b8ead46d897a70c9fa8a76c35,paid_search
b8c32cf6e80d440e98c4d4bc411e9717,2017-06-22 03:31:33,54ac0583af594362879a48b3c36bac75,paid_search
e220b2fd905a43b2a7011dc613e5e1b0,2018-02-23 00:15:51,ff05ce68802a4f1796f1c6ff9508133e,social
b8c4e8821067448d8eeb94e2266b5da6,2018-04-05 18:56:07,d650cf637d2e4393939ab7a1b5bd56fb,referral
eca85d256d4c425c8257c3c9b02e447a,2017-10-15 17:41:31,6eb360925f334493a6951325d8182624,organic_search
2a729069d62645bcb0af0990d4fea218,2017-11-20 22:00:16,7b5e3159006745bdbee47199b5293638,organic_social
a68fdc8557564aafb44d7aa8d97e1347,2017-11-20 13:29:59,57b30bb0fe284da5b57510a8823d88a2,direct_traffic
e076449c46084b26a4ede91550ce44b2,2017-11-23 11:28:37,bd7014dfab0643b08af9d59f9064c67f,email
fd97a25733f049c0bdf019d806a75d8c,2017-10-01 13:09:04,57b30bb0fe284da5b57510a8823d88a2,social
5ed27ac28be242638fd1712bcb3637fc,2017-12-22 13:46:42,fd67c44c56284345a9d416ecc4e70697,email
53a8f207fdf0442c9a1235a0e64fe2c1,2017-06-30 12:57:45,54dadc715073494a9f52e4f263e34d4e,organic_search
a5c5533a41a644aa8098fc73acdb9c45,2017-11-17 03:38:50,e73bb83cf417427888827b7bd8835d0c,email
b6c1311e526a4d5ea02ab6e771997dfe,2018-01-20 14:37:45,22d5f074d6fd43b2b796684fe6998629,organic_search
a205a129a8c24e39a15b966bbc976d95,2017-08-11 00:56:05,fd67c44c56284345a9d416ecc4e70697,referral
54f0d55c6a5b4747a53890b32b22e42a,2017-08-02 19:19:10,b5aed19b7ce942ceb1082d725df90ba9,
87d240d87a7f48fbba2c1d7a7902f3da,2018-05-25 09:02:56,7e92b46dac574b1b9786c529162a68c6,paid_search
0c0378cdff6f4438aea89e71daf577cf,2018-01-18 22:30:48,57b30bb0fe284da5b57510a8823d88a2,organic_search
dfed4d2760c44cbf9abbe21aa3a0cf60,2018-05-04 17:18:05,30603de19a0f45f98e07cc24bb54cd32,direct_traffic
a3d917c00fec4a709ec718a60367cd9c,2017-12-29 06:50:33,e73bb83cf417427888827b7bd8835d0c,organic_search
33a58662b0c84c6888f2e1d06b4f834e,2018-04-23 11:43:49,e73bb83cf417427888827b7bd8835d0c,referral
aa9aad70679e45cb89e40ebc74289d30,2018-04-21 13:06:52,54dadc715073494a9f52e4f263e34d4e,organic_search
a1ab39ebe19043a19dff247e49d5d4b9,2017-06-24 11:51:07,57b30bb0fe284da5b57510a8823d88a2,organic_search
be898cf3567949a8b1c3ab1d619d2696,2018-01-14 08:30:12,fd67c44c56284345a9d416ecc4e70697,other
27c4df3c4b04496aadd9dd49e3f15ad5,2018-02-04 14:34:10,22d5f074d6fd43b2b796684fe6998629,direct_traffic
0201335c55b0490c9367467e6d595237,2018-04-10 02:57:45,7e92b46dac574b1b9786c529162a68c6,email
e57394b2a28f4a969c8130e1659868d1,2018-01-06 17:20:06,57b30bb0fe284da5b57510a8823d88a2,paid_search
98a853247d2440ffa5b2bbc67cedb20d,2018-05-25 03:39:26,22d5f074d6fd43b2b796684fe6998629,direct_traffic
348e2162ebec42268fbd1848572d4742,2017-12-15 10:41:57,fd67c44c56284345a9d416ecc4e70697,social
6aa9fa19b0194a309e067a3dd9b8f0d2,2017-09-08 05:12:44,54dadc715073494a9f52e4f263e34d4e,social
25eb325b1b3c4622a0db7448de607036,2018-02-22 20:49:19,280fc02b8ead46d897a70c9fa8a76c35,direct_traffic
80fefa5bd98a43139c72c124ff96253f,2018-02-14 01:09:20,2566ffa7a57141909a5618885cb43553,social
601eef61752d4e33aca7b41bb3ea8929,2018-02-10 03:10:15,0c738336dbd04e959c993ff02dbf5e0f,paid_search
40f8c21010094a578dd65627dc18be79,2018-05-11 19:58:45,54dadc715073494a9f52e4f263e34d4e,organic_search
4d07aaa405a347959abaf7db3c2a44a3,2018-01-26 06:07:07,5c9fede2c59f461bab56ff6d802fa6a1,direct_traffic
2348bc75d31d414eb60c8f9b2e13c3a7,2018-01-15 04:12:42,6eb360925f334493a6951325d8182624,organic_search
7a890b14243440c490ea5b2894d97beb,2018-05-06 19:41:06,9949586af6134c339c1809ad3ec0df66,direct_traffic
af802d7d072947f1b9a7450f3559cdc3,2017-10-03 07:42:20,32f776c66b854bc08925bb990a3b5ea3,organic_search
80da5663002d47ddb4d3ac5726b48f9f,2018-05-04 03:15:22,dc97f501f52d4c12817bfe088b55a525,social
890042a9949f40a8a45af4c7d1a3e3f7,2018-01-09 01:03:50,32f776c66b854bc08925bb990a3b5ea3,direct_traffic
b2080472897942c3a36909bfff8dbfce,2017-11-15 13:57:44,d650cf637d2e4393939ab7a1b5bd56fb,organic_search
a28b4370b7ec4e2eb0c2ebfa3ce129bc,2017-10-22 08:01:25,22d5f074d6fd43b2b796684fe6998629,organic_search
3952cbc64890415bb805763568599064,2017-10-10 17:20:29,5c9fede2c59f461bab56ff6d802fa6a1,organic_search
62dc32806c9d4d6c9a3bd165f177cf06,2018-05-10 04:28:54,57b30bb0fe284da5b57510a8823d88a2,social
181c851ce46240b4bd446deda9c095fc,2017-08-09 19:27:43,d4a547d9c0264e5e821f2ce922348c3d,email
e87404830c4f47a0bf4a78a2bc78fc0f,2018-02-07 03:17:34,280fc02b8ead46d897a70c9fa8a76c35,organic_search
7283e4231411428b8fd55e6b6968c5a1,2018-05-21 12:07:00,54dadc715073494a9f52e4f263e34d4e,direct_traffic
3eb4b92df0a54af9980cc366bf32833d,2017-09-23 20:58:13,d650cf637d2e4393939ab7a1b5bd56fb,paid_search
5052aa62b0e344f583060284591aa73e,2018-04-04 02:21:16,d4a547d9c0264e5e821f2ce922348c3d,paid_search
3b93c87bcd0d4b8aaf2cc69b21e84a52,2017-11-23 13:43:35,c2366a33c94543b4a5c36a8911cb5ebe,organic_social
dd0161a1923643b4a5fd268fb43a2b5a,2017-12-13 23:48:30,d4a547d9c0264e5e821f2ce922348c3d,paid_search
148c420af3084a938c3ca6aee90b3334,2018-03-15 15:54:33,280fc02b8ead46d897a70c9fa8a76c35,paid_search
f0d46dd3cea84515b54ba860faf9a749,2017-09-28 08:08:21,b5aed19b7ce942ceb1082d725df90ba9,organic_search
d8f201cfa02e4bce870f44c7b61b94a7,2017-07-30 10:35:38,24f5fbd22d624e12b58faeb2f2742ebb,organic_search
9a7379a7c60b4731ad447f3f9573eb91,2017-07-28 03:14:43,42aab95b911f48e28fc6e5aff6d61bab,organic_search
fcfd507e026444bba33150a712e7fa6a,2018-03-31 06:51:02,22d5f074d6fd43b2b796684fe6998629,organic_search
131d142c820f46429bd037f252228640,2017-07-30 20:51:23,7e92b46dac574b1b9786c529162a68c6,social
d3dff217046040aa9f174585046ca273,2017-08-05 11:24:34,ff05ce68802a4f1796f1c6ff9508133e,paid_search
fe9498af1027412b85cb57a1b9064076,2018-03-23 00:03:40,0c738336dbd04e959c993ff02dbf5e0f,social
c70474223469457d87e6b8957a52b596,2017-07-02 21:29:00,c005e1915b5a420dba2530a0e055f0e1,organic_search
76fe6a01ca8941dda2e8bcdaf0bb018c,2017-09-06 14:07:55,7b5e3159006745bdbee47199b5293638,paid_search
26abf78bacc04c6faed0f82a8b3092ee,2017-11-11 13:17:24,280fc02b8ead46d897a70c9fa8a76c35,direct_traffic
4aab0225335048e3b3115e56f767c7ea,2018-05-14 04:35:55,30603de19a0f45f98e07cc24bb54cd32,display
67a9ccb8682e4e73942eb529c835e393,2018-05-06 21:54:15,702afe38d2d2425a9b41828bf926fbf5,organic_search
cc8b2ae909bd45dfb69a8c6691c73a20,2017-09-22 03:52:50,ff05ce68802a4f1796f1c6ff9508133e,referral
2847a2f1c74c42b0ac539a1485ca89d4,2017-06-05 19:35:55,54dadc715073494a9f52e4f263e34d4e,social
771d2e22df8c4bf180aa4b01179fa5ec,2018-01-22 11:30:09,2566ffa7a57141909a5618885cb43553,social
f42e21d3205844f0ab523945820a0ccb,2017-10-30 07:58:12,6eb360925f334493a6951325d8182624,social
d9620ca80b87403e99de46f24c7b1fc2,2018-05-15 16:35:40,2566ffa7a57141909a5618885cb43553,organic_search
9301437c303b4e8ebe2e1aac18aa0b59,2018-04-04 10:19:04,2566ffa7a57141909a5618885cb43553,organic_search
4a4a8f1724f9401ba8198ca68fb00fbc,2018-05-07 01:15:01,fd67c44c56284345a9d416ecc4e70697,social
424adbdaf52d4107bca0193bf59819d8,2017-11-11 11:14:47,30603de19a0f45f98e07cc24bb54cd32,paid_search
94c98adc59d74d5eae46f492e7504344,2018-05-19 04:29:42,b5aed19b7ce942ceb1082d725df90ba9,organic_social
51a080f2926f416eae4687a2be05b45b,2018-05-28 20:53:51,6eb360925f334493a6951325d8182624,paid_search
a730c1ef51d04dc4b212a6c3c822b7f6,2018-04-20 07:51:12,6eb360925f334493a6951325d8182624,organic_search
23c7ba72c2074a24853fdd33f0f36fe7,2017-10-28 13:42:55,eabde2c6e9064911b23d789ff68f2bbb,direct_traffic
6361a34228764e889b8c7ab454430c1e,2017-11-18 05:33:34,bd7014dfab0643b08af9d59f9064c67f,paid_search
b421d2185503449080492e74920b1a1c,2017-09-16 08:11:40,f7f91884fcc441c3a73051d4c1896af9,social
ef176572314c4a49bcb62071eb979c32,2017-06-27 06:31:04,54dadc715073494a9f52e4f263e34d4e,direct_traffic
cbfcec0fa6324e35b01889964e95cee4,2018-02-05 14:15:55,0c738336dbd04e959c993ff02dbf5e0f,organic_social
e2e0b5b3955f4530866b8ec07dbf1dea,2018-05-04 05:47:45,e73bb83cf417427888827b7bd8835d0c,email
664c686b8ccf4fe3b4e2ccebe6f56394,2018-03-08 14:16:57,42aab95b911f48e28fc6e5aff6d61bab,direct_traffic
c26682b659e7403b8948cfef106daa44,2018-01-03 17:14:12,7e92b46dac574b1b9786c529162a68c6,direct_traffic
87dd1a853aab4efd902b943c95b4d96e,2017-12-18 14:14:17,24f5fbd22d624e12b58faeb2f2742ebb,display
43d1ae439d354f81b1880571a800995d,2018-02-26 10:18:18,0c738336dbd04e959c993ff02dbf5e0f,paid_search
0a17ee2634794a45bbf35f852870a785,2018-05-23 07:06:11,f7f91884fcc441c3a73051d4c1896af9,organic_search
ac7fd0cd3910498eb3bcb07cd6d59bbf,2018-03-08 14:20:12,dc97f501f52d4c12817bfe088b55a525,organic_search
d568d22ac029463eb45e17645dbac1b3,2017-08-07 11:46:31,d650cf637d2e4393939ab7a1b5bd56fb,organic_search
ce5eeaff1abb45a78dd25659bb9a23d4,2018-03-25 01:58:14,54dadc715073494a9f52e4f263e34d4e,direct_traffic
2de2aecb540940f9b7058ddd918c04e0,2018-05-30 11:04:15,b3ebd0b9fc81475f87eaafca8d37f073,social
2150c59427d344e48ec1d05d551bf480,2018-05-02 05:57:35,702afe38d2d2425a9b41828bf926fbf5,social
4ffc03059cb948cc855eb6b4f42c87af,2017-08-10 16:05:18,f7f91884fcc441c3a73051d4c1896af9,organic_search
1994863c43cc4de0b5138db2af39badc,2018-02-03 10:35:52,5c9fede2c59f461bab56ff6d802fa6a1,direct_traffic
93c3f785fde14b83b27e5102bdf644ac,2017-08-14 07:38:14,54ac0583af594362879a48b3c36bac75,paid_search
f8c4a2cfcc1942dd8590a0a3cdf7e624,2017-09-09 23:42:39,e73bb83cf417427888827b7bd8835d0c,direct_traffic
c7ca02932bc641c4b339f06e6da4e71c,2017-12-03 20:57:35,dc97f501f52d4c12817bfe088b55a525,social
0b8972e7659f40b4b3e65229e8adbf90,2018-05-14 05:22:26,ff05ce68802a4f1796f1c6ff9508133e,paid_search
4de56db6b7e14eeb85633ac291396c81,2018-01-05 06:07:29,c2366a33c94543b4a5c36a8911cb5ebe,organic_search
ac2c20135b1a4f308f4a1ed77fa50e72,2017-06-29 03:29:49,7e92b46dac574b1b9786c529162a68c6,organic_search
e0ffa23fdc4d48a1a69e98299ed91a5e,2018-01-29 06:32:24,eabde2c6e9064911b23d789ff68f2bbb,email
7cae3545f3b2401bb53cec7547e62dcf,2017-07-31 18:45:59,d4a547d9c0264e5e821f2ce922348c3d,organic_social
0d67e5c40f924fe680606593a5afe241,2017-11-21 21:36:17,7b5e3159006745bdbee47199b5293638,social
a50c596d11a04874a298155cb128e938,2017-08-16 22:49:38,22d5f074d6fd43b2b796684fe6998629,organic_search
595e0e11cf3a42908e12d1a0ead0fbdd,2017-12-24 08:55:12,eabde2c6e9064911b23d789ff68f2bbb,paid_search
38a5d6b4fa574beb877ce614bd0babd0,2017-07-31 08:46:09,ff05ce68802a4f1796f1c6ff9508133e,direct_traffic
3c8b80c2aea14488bda8a8dabad5441e,2018-02-06 11:01:14,f7f91884fcc441c3a73051d4c1896af9,email
89af48cde6cf4d82bef33ec38f1a9d16,2018-04-02 06:16:48,d4a547d9c0264e5e821f2ce922348c3d,organic_search
8efdd4f981644bc49c0c75aa2dbad337,2017-12-10 23:58:33,24f5fbd22d624e12b58faeb2f2742ebb,organic_search
327ba563c8924c288aa6b185472dc9bd,2018-01-24 23:40:37,ff05ce68802a4f1796f1c6ff9508133e,direct_traffic
ca696eb4dbc44d63ae0e70e202c380f9,2017-10-19 23:01:21,d4a547d9c0264e5e821f2ce922348c3d,paid_search
228146d8449a458288c73775bcceb9ed,2018-01-14 13:22:25,e73bb83cf417427888827b7bd8835d0c,organic_search
ce350dbd63134b01a2bf9f286121901e,2017-08-01 04:14:46,24f5fbd22d624e12b58faeb2f2742ebb,organic_search
5add7148b39d45ff8c4e99dc6d54fef1,2017-08-02 17:48:42,d4a547d9c0264e5e821f2ce922348c3d,social
18af1137505548259055cd33544e184a,2018-05-09 18:33:33,9949586af6134c339c1809ad3ec0df66,referral
973dd3d374d848f784cadc869ea0d422,2017-06-12 21:21:59,702afe38d2d2425a9b41828bf926fbf5,display
e1c8af5179e14fca82a4b935a34c0103,2018-03-21 17:27:28,b5aed19b7ce942ceb1082d725df90ba9,social
1dfb2335dbe6482bb86090f368e32182,2018-05-22 03:26:33,280fc02b8ead46d897a70c9fa8a76c35,social
cde97ad561af4e8ea25f981d085ec245,2018-03-31 06:35:36,ff05ce68802a4f1796f1c6ff9508133e,organic_search
3528eac99e9147899e19025dbac67073,2018-02-03 23:28:08,f7f91884fcc441c3a73051d4c1896af9,social
c936289895d64c389d77e8c3606b8d60,2018-01-09 10:51:47,702afe38d2d2425a9b41828bf926fbf5,paid_search
cbba2de2c0314c5bab5667ee8e03baca,2017-08-04 03:37:13,42aab95b911f48e28fc6e5aff6d61bab,social
b5557f45aadc4e899c0e88b7c26626ea,2017-07-03 19:34:12,32f776c66b854bc08925bb990a3b5ea3,paid_search
61c5d4b7e45641219d9199ed2731d0bc,2017-12-25 00:43:08,ff05ce68802a4f1796f1c6ff9508133e,organic_search
912d9d7bae05411f9e5b97b8098d9c99,2018-03-12 19:31:49,280fc02b8ead46d897a70c9fa8a76c35,organic_search
fcf14557fa9e44b4b29ebdfa1fd0c6ce,2018-02-27 17:47:16,24f5fbd22d624e12b58faeb2f2742ebb,paid_search
e6fa5ec66388497ab63ac0364f45ad73,2018-02-21 21:17:20,c005e1915b5a420dba2530a0e055f0e1,organic_search
1dae4e1a87804bffaf9be52283530466,2018-06-01 23:43:39,dc97f501f52d4c12817bfe088b55a525,organic_search
1efcfcfa64f340408d1f352e856b8a8e,2017-09-15 23:58:41,5c9fede2c59f461bab56ff6d802fa6a1,
fb01d4d575da4317a11fbaed7f315560,2017-07-31 06:34:40,54dadc715073494a9f52e4f263e34d4e,paid_search
3777fbd1d2a64fbaa68b45668ed80be3,2018-04-03 06:33:04,e73bb83cf417427888827b7bd8835d0c,social
3213d322f4314da297bcb52b92147510,2018-03-12 16:16:59,280fc02b8ead46d897a70c9fa8a76c35,referral
50ace3142dad42e99eda653cfee88bd4,2017-11-08 04:28:47,eabde2c6e9064911b23d789ff68f2bbb,
f09c7f254494400e84a80ba25310ab57,2017-08-05 20:56:17,54ac0583af594362879a48b3c36bac75,social
2516d2c8219e4aa0b4e2c1b964d40e7d,2018-05-01 05:52:10,24f5fbd22d624e12b58faeb2f2742ebb,email
19573ffe3869417895f5bfd5d07a4af4,2018-03-15 09:20:54,54dadc715073494a9f52e4f263e34d4e,paid_search
02e09cf01c124397934707aa2170b6e9,2017-06-18 03:04:50,dc97f501f52d4c12817bfe088b55a525,paid_search
7570ae9617c348b3b6755ea0048e60ff,2018-02-15 10:52:15,7e92b46dac574b1b9786c529162a68c6,paid_search
ef9c08cf8d964a8f9dd2b7d47c59809a,2018-03-06 06:14:52,7b5e3159006745bdbee47199b5293638,direct_traffic
57c9e838895c487185a038453e75f798,2018-05-03 00:00:11,9949586af6134c339c1809ad3ec0df66,direct_traffic
340ef602f2ec4dd198b1d808a77d9401,2017-11-01 01:40:51,30603de19a0f45f98e07cc24bb54cd32,paid_search
cff53c423c594ab4bfb2ef52e7fb5436,2017-10-29 23:59:57,c005e1915b5a420dba2530a0e055f0e1,organic_search
745bacbcdded4c3d995ee32f72abb4b9,2018-01-14 05:05:31,702afe38d2d2425a9b41828bf926fbf5,social
4291cd2df43a4dffa2da6bd8e0dd139c,2018-02-07 11:23:37,30603de19a0f45f98e07cc24bb54cd32,organic_search
61095f23613f4e5c8600518161330007,2017-11-28 22:04:12,c005e1915b5a420dba2530a0e055f0e1,social
8ebeca06f7934bc995010bec94ab01a3,2018-02-17 07:38:24,f7f91884fcc441c3a73051d4c1896af9,direct_traffic
672683064c934c55bd93b56d6215e149,2017-07-21 01:37:43,9949586af6134c339c1809ad3ec0df66,direct_traffic
923e763a76524865979a2f9b656000cf,2017-06-19 06:50:51,2566ffa7a57141909a5618885cb43553,direct_traffic
2a1ee96b28fc4cd7a64d329682c77fce,2017-11-01 07:50:08,2566ffa7a57141909a5618885cb43553,referral
0173e5a6601a470d8752cdf32144a9d2,2018-04-05 20:06:01,54ac0583af594362879a48b3c36bac75,paid_search
c895f883ba184956808aa61d79de5907,2018-03-30 13:04:23,b5aed19b7ce942ceb1082d725df90ba9,direct_traffic
53b13c5721f7454d8a9f51b170c21c77,2017-08-05 22:39:27,7b5e3159006745bdbee47199b5293638,social
14b6952da803429d81b9cdf5332fbd58,2017-07-09 20:01:09,b5aed19b7ce942ceb1082d725df90ba9,organic_search
2840a55712e8421887e7622949ac672a,2017-10-12 13:54:00,d4a547d9c0264e5e821f2ce922348c3d,organic_search
10f0569f063345a4ad48b002087abe2b,2017-08-23 14:33:56,b3ebd0b9fc81475f87eaafca8d37f073,paid_search
d00766fd2c58401f95a9c2002290a2e7,2017-07-13 09:15:15,57b30bb0fe284da5b57510a8823d88a2,paid_search
5b34daac23a843ad802ca014f4004985,2018-01-04 05:12:55,c005e1915b5a420dba2530a0e055f0e1,social
2e9389a57e1d4a1db8a1ab5f1104731d,2017-09-13 02:34:08,d4a547d9c0264e5e821f2ce922348c3d,email
6d370812074944fd88797d25f293f18c,2017-10-16 23:03:04,f7f91884fcc441c3a73051d4c1896af9,organic_search
deace0bf80824af983ef86122f158771,2018-04-27 07:00:48,f7f91884fcc441c3a73051d4c1896af9,organic_search
f7e5ecef33b14b39822bd43b12b18348,2017-12-08 20:31:17,57b30bb0fe284da5b57510a8823d88a2,display
c8c00953d8244e04bfcf0666007da9e9,2018-04-28 18:37:13,fd67c44c56284345a9d416ecc4e70697,organic_search
8c8208fd34cb48069dd768006cb55512,2017-08-23 15:16:49,bd7014dfab0643b08af9d59f9064c67f,paid_search
98f7c93258d947328261a951bbd3695b,2017-08-18 11:31:05,280fc02b8ead46d897a70c9fa8a76c35,social
e9b1317e65e54d67bf735feb2c2ebe4c,2018-01-09 13:47:48,e73bb83cf417427888827b7bd8835d0c,social
7bfc5cb17e72437c9db50bf6ae37c45e,2018-04-06 09:00:40,24f5fbd22d624e12b58faeb2f2742ebb,organic_search
6bf36133b5e64d31bfffe2690441db79,2017-10-17 04:32:14,c005e1915b5a420dba2530a0e055f0e1,organic_search
80eab6ce8fec4f29835f59322d8b84a0,2017-07-27 19:57:55,7b5e3159006745bdbee47199b5293638,organic_search
517e62d5ff8e4408b9af7f49a3a08b42,2017-07-04 11:59:29,d4a547d9c0264e5e821f2ce922348c3d,social
adeabf24bf944d3fa4eb0db781c920d9,2017-07-16 13:12:35,c2366a33c94543b4a5c36a8911cb5ebe,social
37731040c46745d7b493fb6132248f1e,2017-11-18 09:56:55,2566ffa7a57141909a5618885cb43553,organic_search
0b7714456d2a4ad6b4aab27b72265a0d,2017-09-24 09:57:47,e73bb83cf417427888827b7bd8835d0c,social
42381f7802ee409b93008d52d8d1d4fc,2017-07-21 13:43:54,9949586af6134c339c1809ad3ec0df66,email
7abb54577201426088f808563c3fe427,2017-12-11 03:49:22,280fc02b8ead46d897a70c9fa8a76c35,organic_search
6041fb6777be49d8857565a61cb4ff4e,2017-08-03 06:23:53,30603de19a0f45f98e07cc24bb54cd32,paid_search
283e506b45ee4031861a443256a30911,2017-11-04 21:26:18,bd7014dfab0643b08af9d59f9064c67f,direct_traffic
72c7c56ca519487fa362811999efa322,2018-02-06 03:28:42,30603de19a0f45f98e07cc24bb54cd32,organic_search
4c2e3cb49fd54115b49bc9d953b7e1e7,2017-11-26 20:49:53,54dadc715073494a9f52e4f263e34d4e,paid_search
fb2539286cf444bf825b266b85d0334d,2017-10-23 20:04:51,b5aed19b7ce942ceb1082d725df90ba9,social
bd4664fb6f25489587a74a28e16f86ba,2018-04-08 03:36:24,5c9fede2c59f461bab56ff6d802fa6a1,referral
1889fa0948ca43418256a8b3b5f42703,2017-06-25 06:13:00,42aab95b911f48e28fc6e5aff6d61bab,email
2d654d11af7b4eeb8669c0e0adc07a72,2017-12-17 06:34:41,7e92b46dac574b1b9786c529162a68c6,social
35b427b521644a9fa86fd054bfbbe5b0,2018-05-14 19:21:28,c005e1915b5a420dba2530a0e055f0e1,direct_traffic
6ceb9585ec63414bad3b55a9ce5a33c7,2018-04-01 14:39:36,6eb360925f334493a6951325d8182624,paid_search
55347b15b9db4371a7112184d59f2547,2018-03-31 04:38:41,b5aed19b7ce942ceb1082d725df90ba9,social
cc74fbe52ce34d4b834a92d9fd1994d8,2017-06-05 18:41:54,f7f91884fcc441c3a73051d4c1896af9,paid_search
a690fd636ead47daa91cd556efed1ceb,2017-08-19 23:56:28,2566ffa7a57141909a5618885cb43553,organic_search
049355ef6ee5471cb039f064be75ddbd,2017-08-13 13:47:30,702afe38d2d2425a9b41828bf926fbf5,direct_traffic
dd7e4c4d7cc5461c88941323c013950e,2017-10-15 01:55:29,c2366a33c94543b4a5c36a8911cb5ebe,social
9dbfc2d1add84c6584970a1531e05de9,2018-04-24 13:28:36,f7f91884fcc441c3a73051d4c1896af9,paid_search
a94ab856624a4827a68f1d84833a0ca9,2017-10-06 22:09:43,7b5e3159006745bdbee47199b5293638,organic_social
ec8d7940a57c4750a442c7cbf48e4ce9,2018-05-28 16:40:03,32f776c66b854bc08925bb990a3b5ea3,organic_search
27a713dcd2f0438e86c8b47c661e6de3,2018-01-11 12:53:19,280fc02b8ead46d897a70c9fa8a76c35,paid_search
5576b793e9194376a21cb1410b2aaba3,2018-01-26 18:17:08,0c738336dbd04e959c993ff02dbf5e0f,organic_search
79edd7d3c29c44049e1e28c1144991e6,2017-10-20 15:34:28,30603de19a0f45f98e07cc24bb54cd32,direct_traffic
73d14e8db72f4015825a5d5353b5e40c,2017-09-26 11:06:41,d4a547d9c0264e5e821f2ce922348c3d,direct_traffic
986ba7c417a14e59a4ea6ca4f953a5e0,2017-07-15 11:07:43,7b5e3159006745bdbee47199b5293638,paid_search
1d16a5fec267440f9e55f5bfb2c691e6,2017-11-08 03:16:54,d4a547d9c0264e5e821f2ce922348c3d,direct_traffic
c6fd8ca6e5314b2490aaecdabde3a22c,2017-07-11 02:47:32,22d5f074d6fd43b2b796684fe6998629,paid_search
0b096dba5e074c1ba2bb13bc001fcab4,2017-10-01 03:24:32,32f776c66b854bc08925bb990a3b5ea3,direct_traffic
63f5e885bdee42628dec0f06a93439aa,2018-03-22 02:05:25,24f5fbd22d624e12b58faeb2f2742ebb,paid_search
ffc57848080747cbb251ea4bcf1fa266,2017-10-25 20:10:34,c2366a33c94543b4a5c36a8911cb5ebe,paid_search
86af27a1fbaf468981e865b8a99218f8,2018-02-08 00:23:21,7b5e3159006745bdbee47199b5293638,organic_social
ad963e77e03e4ca59013a35dacb8f65e,2018-05-13 18:31:14,c2366a33c94543b4a5c36a8911cb5ebe,organic_search
52ad33c96e7248a7a2e5b0123a4f2545,2017-08-09 17:27:49,6eb360925f334493a6951325d8182624,organic_search
94f503071b424f90bc2cdc0f952e090e,2018-02-19 19:23:03,f7f91884fcc441c3a73051d4c1896af9,social
bf5d72f180e9405cb05d34ee966226de,2017-08-03 14:45:45,e73bb83cf417427888827b7bd8835d0c,display
07b375d8195e469395ca3e2d0974e1a8,2018-04-12 06:55:27,c2366a33c94543b4a5c36a8911cb5ebe,paid_search
667071d75d5141bd8c4bfb3f0361449c,2017-06-04 15:28:22,f7f91884fcc441c3a73051d4c1896af9,organic_search
9e4db6aa745746548716045e9e9fa55d,2018-03-01 12:33:47,9949586af6134c339c1809ad3ec0df66,paid_search
e2c1967a0929435390a6c63dc4c4ba1e,2018-05-05 19:13:40,57b30bb0fe284da5b57510a8823d88a2,social
c27486ba6d5a4e03a572e3399cae63af,2018-04-08 01:32:31,fd67c44c56284345a9d416ecc4e70697,organic_search
65eba6f9350b4bdeb9a8e8cdd0d4db6d,2018-01-16 06:08:09,57b30bb0fe284da5b57510a8823d88a2,direct_traffic
560a56b40a624e74991fc7c8e1c35867,2018-02-24 08:11:40,32f776c66b854bc08925bb990a3b5ea3,
67c56a71d2fd45158f932f12a7c77eb8,2017-07-09 13:21:50,bd7014dfab0643b08af9d59f9064c67f,paid_search
2faa08a4b5a94562947f3ad6aa3bf775,2017-08-08 18:42:09,7e92b46dac574b1b9786c529162a68c6,paid_search
697543368af04ce69931627a7e2a516a,2017-06-27 15:23:27,6eb360925f334493a6951325d8182624,paid_search
b6114f3d7b5c4701b2a5fa0265eaf1cb,2017-12-12 06:12:25,7e92b46dac574b1b9786c529162a68c6,organic_search
8a03447c9574434faf132ea09ed11038,2017-07-28 12:18:16,c2366a33c94543b4a5c36a8911cb5ebe,referral
4998508043544633a92eedbf9f44149b,2018-05-14 09:05:37,bd7014dfab0643b08af9d59f9064c67f,paid_search
d9ec2be47fb74f4781a2021d925cb8cd,2018-03-04 04:17:28,0c738336dbd04e959c993ff02dbf5e0f,paid_search
ea00549e718b428c89a5c6f25fef5e7f,2017-11-01 17:35:24,0c738336dbd04e959c993ff02dbf5e0f,direct_traffic
e83d67e45ef04557a088354f6fb1571b,2017-10-14 07:45:26,e73bb83cf417427888827b7bd8835d0c,paid_search
e78342d787bf4a70a2c14317c39d585c,2018-04-20 20:42:39,ff05ce68802a4f1796f1c6ff9508133e,social
f84b50c455a2441aac090ec340b27346,2017-09-20 11:05:53,c2366a33c94543b4a5c36a8911cb5ebe,organic_search
96ec09b9c0bb499596c2677e6b2f1c4e,2018-04-26 18:46:11,bd7014dfab0643b08af9d59f9064c67f,email
a553c02beb46421581388a64a8cf6ae9,2017-06-19 16:51:33,5c9fede2c59f461bab56ff6d802fa6a1,display
34b00930ecfd46d8952ef50d243ab796,2018-04-13 17:46:38,eabde2c6e9064911b23d789ff68f2bbb,social
61b322915d344192af1030f572ed6a5d,2017-11-30 00:12:52,fd67c44c56284345a9d416ecc4e70697,display
3e2fbf23a4d94279bb025483192ea69f,2018-01-22 11:57:43,0c738336dbd04e959c993ff02dbf5e0f,organic_search
ab69d6360acb4f7dbe5babb47e5da5b0,2017-11-29 03:54:06,e73bb83cf417427888827b7bd8835d0c,paid_search
4b920d2cdf014b7c9ea36b7290d1629f,2017-11-27 06:46:40,ff05ce68802a4f1796f1c6ff9508133e,social
294d3e1ea1b74c678025f74d1917f7a0,2017-11-29 00:19:21,dc97f501f52d4c12817bfe088b55a525,social
15a5532462d641f8b474437d65728494,2018-01-07 17:54:53,54ac0583af594362879a48b3c36bac75,paid_search
fa9ec806fa554a90901f41c280941687,2017-07-14 19:15:49,30603de19a0f45f98e07cc24bb54cd32,paid_search
23e139bf66544762a5a843d9210f374b,2017-08-18 14:57:13,dc97f501f52d4c12817bfe088b55a525,organic_search
a9ed6e36bdad4c94b30e0b0c3f6323a7,2018-02-05 00:15:05,2566ffa7a57141909a5618885cb43553,paid_search
e766c31fc0b54d61b6b0322a1109695c,2018-05-03 09:06:25,9949586af6134c339c1809ad3ec0df66,organic_search
05be17314b034ed0a6e73d3acc2063ff,2018-01-27 14:23:40,7e92b46dac574b1b9786c529162a68c6,direct_traffic
641aa7159ff0431181f008d5545de269,2017-11-01 13:16:15,7b5e3159006745bdbee47199b5293638,organic_search
17df481bfa764ac6a2166f6e4252f903,2017-09-02 19:31:50,280fc02b8ead46d897a70c9fa8a76c35,organic_search
7e0c840517f4454bb1e59a9809708f51,2017-10-16 03:57:26,b3ebd0b9fc81475f87eaafca8d37f073,social
acdd2ab65c9e48eab471249e36933fcd,2018-05-03 15:59:47,32f776c66b854bc08925bb990a3b5ea3,social
80f0ea01a0bc47ba9b403e7026d6cf16,2017-08-11 12:52:45,22d5f074d6fd43b2b796684fe6998629,referral
f41a5362610b4ef39c3106d732e3b67f,2018-01-09 00:12:41,7e92b46dac574b1b9786c529162a68c6,social
c1959643020c4b5f8fabeac7843564fd,2018-05-30 07:13:33,dc97f501f52d4c12817bfe088b55a525,paid_search
fa32274625204d87a976f12f90816734,2017-09-06 10:22:22,eabde2c6e9064911b23d789ff68f2bbb,email
a72d2f9daee9461bafe0d301db5ade41,2017-08-08 14:21:53,7b5e3159006745bdbee47199b5293638,social
50b6d1914066462a8d3a259fbf6578b1,2017-11-17 01:09:02,32f776c66b854bc08925bb990a3b5ea3,organic_search
6228fffdfa434c1d8c41f420095523c5,2018-05-08 07:14:42,6eb360925f334493a6951325d8182624,social
0916b2daf0584460a73bbf000c8e9e8f,2018-05-07 09:40:38,dc97f501f52d4c12817bfe088b55a525,organic_social
ac2189bed960447eb7aa66300770095f,2018-01-02 17:48:23,c005e1915b5a420dba2530a0e055f0e1,paid_search
6c5ad176a4824aa8bad19a858875e112,2018-02-09 04:38:23,42aab95b911f48e28fc6e5aff6d61bab,paid_search
33f2e0ad17c24c2daa52025f7e7b6081,2017-12-22 18:16:19,22d5f074d6fd43b2b796684fe6998629,organic_search
8e29e1cc523e4087b677663bb9657cc9,2017-12-17 04:47:05,dc97f501f52d4c12817bfe088b55a525,organic_search
1f354ea522c34fac9ef84e472240376b,2017-07-26 00:46:12,2566ffa7a57141909a5618885cb43553,paid_search
03c929e9b77f4a978a628183a5ef118e,2017-08-19 12:31:44,30603de19a0f45f98e07cc24bb54cd32,social
5f2bedf8defe463189d84b12672893d8,2017-06-07 08:36:39,eabde2c6e9064911b23d789ff68f2bbb,organic_search
d6146df2174b40f7a6c336315acfda62,2018-05-14 12:27:25,7b5e3159006745bdbee47199b5293638,organic_social
c384ba8e073c4c96af805cc492bcc0f9,2018-04-02 00:17:32,7b5e3159006745bdbee47199b5293638,direct_traffic
11e0eee1537f4b8bad814b7849a4451d,2018-02-01 10:32:20,0c738336dbd04e959c993ff02dbf5e0f,social
23fedef6f7f3414bbda19468a6a31e06,2018-02-04 03:00:28,d650cf637d2e4393939ab7a1b5bd56fb,email
c700e23ae3bc4dd580d9a33498935b88,2018-01-06 09:01:12,fd67c44c56284345a9d416ecc4e70697,organic_search
9979f534765b4f3d94aa00cef9a71a28,2017-08-18 18:36:49,32f776c66b854bc08925bb990a3b5ea3,paid_search
2fd84b90cefb4d5590b65dfd92b70133,2017-10-06 10:14:09,d650cf637d2e4393939ab7a1b5bd56fb,social
8f77473f8f22498cb0e142470e10c959,2017-07-29 09:35:41,f7f91884fcc441c3a73051d4c1896af9,email
d5b67f9e378343bcbbd94a31e7e04fce,2017-10-05 15:37:30,54ac0583af594362879a48b3c36bac75,email
91ff8f4c33e84ebeaa94d572fb3ebde5,2018-01-29 03:45:08,f7f91884fcc441c3a73051d4c1896af9,organic_search
955e782bf63f4ff7b677df8183d294c1,2018-02-13 22:14:58,32f776c66b854bc08925bb990a3b5ea3,display
729765c8023c481997ea20e3a7b7e45e,2017-09-05 21:31:29,d4a547d9c0264e5e821f2ce922348c3d,organic_search
22603637c3794b6680f09368038bee6f,2018-04-21 05:24:53,9949586af6134c339c1809ad3ec0df66,referral
690190ec47ba4aee837159dd3d9605b1,2017-08-01 04:49:00,ff05ce68802a4f1796f1c6ff9508133e,other
1c43d85f58764d5d9533baa568e53d3e,2017-06-20 09:58:15,54ac0583af594362879a48b3c36bac75,organic_search
63074fc3dea146de9fcad46c68d48224,2017-08-14 15:31:16,e73bb83cf417427888827b7bd8835d0c,direct_traffic
aa28b4012d3e444a981f2e293929fad8,2018-04-12 07:16:07,24f5fbd22d624e12b58faeb2f2742ebb,organic_search
4380252fb81547b1b47a77b508c1ed9a,2017-06-27 13:50:53,7b5e3159006745bdbee47199b5293638,paid_search
40e2b6381f1d4b80848ea3568c19ce37,2018-02-24 11:09:26,f7f91884fcc441c3a73051d4c1896af9,social
9447b27be7f44d018d9c7fbcc10e40be,2018-04-21 08:25:33,9949586af6134c339c1809ad3ec0df66,social
bfb09b39369f4d0791dace140c47305e,2017-11-20 15:30:46,6eb360925f334493a6951325d8182624,organic_social
ea2f1ed167d84a4cad8a44f009d8ecf6,2017-07-02 18:33:48,7b5e3159006745bdbee47199b5293638,direct_traffic
06cae81a5b43479992b0023dfe044c5a,2018-04-26 01:52:50,0c738336dbd04e959c993ff02dbf5e0f,paid_search
ca28caf4b40443a8a9a2b9618fb50142,2017-07-27 09:48:10,7e92b46dac574b1b9786c529162a68c6,email
334bc1d5a7e44766a8f52fc6dcbdffc2,2017-10-22 12:46:49,f7f91884fcc441c3a73051d4c1896af9,display
c445693029e94a849f54bbf2be02f2b0,2018-01-01 08:59:30,42aab95b911f48e28fc6e5aff6d61bab,organic_search
d4545248fada491a9896cd0434ec00cb,2017-06-25 06:37:02,eabde2c6e9064911b23d789ff68f2bbb,
6259c9160b384c3f969ae02ca393d028,2017-06-01 01:53:52,57b30bb0fe284da5b57510a8823d88a2,organic_search
3a46218700f14cf1946b6f5c3091577d,2017-11-12 07:43:04,0c738336dbd04e959c993ff02dbf5e0f,email
49a7a42495b643cb96a037c0b9f18458,2018-01-28 10:12:01,c2366a33c94543b4a5c36a8911cb5ebe,paid_search
392a547ab26b45b3a1d783a7b5ac39bc,2018-04-07 03:40:07,7b5e3159006745bdbee47199b5293638,organic_search
af2bbbeaf22c44a19674d0438a3c4014,2017-09-03 09:11:04,6eb360925f334493a6951325d8182624,paid_search
c3dd0789a4ca4976b931c00e1b43c8d7,2017-12-04 12:10:15,0c738336dbd04e959c993ff02dbf5e0f,social
01676458fc174ea1991534a643047b06,2017-07-28 03:31:39,57b30bb0fe284da5b57510a8823d88a2,paid_search
b0980580479a4cf8bc1ac334173b109e,2017-06-07 20:05:21,d650cf637d2e4393939ab7a1b5bd56fb,organic_search
efd32360e4a14c37b4c57c247a2a8657,2017-08-06 12:03:32,7e92b46dac574b1b9786c529162a68c6,social
bf54d90907af49c0ba2be1ad7b71d5c1,2017-12-03 21:26:29,30603de19a0f45f98e07cc24bb54cd32,organic_social
27a847dc59fa49b4b2f788daf1dfe40f,2018-04-06 13:31:45,9949586af6134c339c1809ad3ec0df66,paid_search
8063367ec75b4a08806776be71e72e3c,2018-04-29 10:02:48,54ac0583af594362879a48b3c36bac75,organic_search
b7fb95d21b154397ba6256d68f5b0136,2018-03-27 13:58:58,24f5fbd22d624e12b58faeb2f2742ebb,paid_search
e83f6a8aca77441aa7d6e73efb9aec28,2017-07-25 04:45:02,d4a547d9c0264e5e821f2ce922348c3d,organic_search
398a22b41b4d40389b29d923037666ad,2018-04-05 04:22:55,eabde2c6e9064911b23d789ff68f2bbb,email
65084d38866e40d39f5fec5b6446b9d0,2018-03-28 23:49:27,bd7014dfab0643b08af9d59f9064c67f,email
af563f9e21f346fb9bf3f3a1359038da,2017-09-06 07:01:27,f7f91884fcc441c3a73051d4c1896af9,social
3b1027331eae49a287486effffec05fe,2018-01-15 03:35:28,24f5fbd22d624e12b58faeb2f2742ebb,paid_search
4ab09f59fd6c44e5abedd3b0ce212722,2018-03-07 22:32:14,42aab95b911f48e28fc6e5aff6d61bab,email
3d0accb7ca704bb7a477326175d2ef07,2017-11-02 17:15:54,d650cf637d2e4393939ab7a1b5bd56fb,social
73e69fd17a4b412685f0f8174052229a,2017-09-12 19:25:34,22d5f074d6fd43b2b796684fe6998629,email
1af15fcd14a4401889d7b50372a94220,2017-08-18 01:35:42,2566ffa7a57141909a5618885cb43553,social
78494eb46a39472f80929acd3491b3f5,2017-09-07 15:13:35,c005e1915b5a420dba2530a0e055f0e1,email
c99a009e52e94c86b85baf5a4ff87aa2,2018-05-31 09:11:39,5c9fede2c59f461bab56ff6d802fa6a1,social
a5b9f2b152a9455db5d0aac25f5724e1,2018-03-14 12:38:46,5c9fede2c59f461bab56ff6d802fa6a1,paid_search
ab3870c65eb44428a2b6ef47eb561594,2017-12-05 16:19:43,d4a547d9c0264e5e821f2ce922348c3d,display
a6c66502b39741eb8c1548296a5fb0f8,2017-07-31 15:52:43,24f5fbd22d624e12b58faeb2f2742ebb,social
a6bcde0498a34f03a4202b0704c5c520,2018-02-03 15:15:19,30603de19a0f45f98e07cc24bb54cd32,social
85351f1564d948b28616893b5ffd905a,2018-02-13 00:47:47,32f776c66b854bc08925bb990a3b5ea3,organic_search
8483d58840e94def94a0a971df2f8883,2018-04-03 09:58:53,f7f91884fcc441c3a73051d4c1896af9,social
2784e0b5972142feb990e5939540a1ac,2017-08-06 10:32:45,eabde2c6e9064911b23d789ff68f2bbb,social
e3dd3f1044d241fda80322bfe915490b,2018-03-17 02:12:48,280fc02b8ead46d897a70c9fa8a76c35,organic_search
9bf5332d064641b1a045ebcaac55d78f,2018-05-22 06:55:28,22d5f074d6fd43b2b796684fe6998629,organic_search
37a91e6a013e40e296e506cd80e190c7,2017-12-21 18:01:24,57b30bb0fe284da5b57510a8823d88a2,social
3ae77aef9d454540bffb821fe0391f47,2018-02-28 18:41:43,24f5fbd22d624e12b58faeb2f2742ebb,direct_traffic
185c0a7786b94971a0da667c2428ac67,2017-08-24 15:56:16,d650cf637d2e4393939ab7a1b5bd56fb,social
15d3d52c935c46599b7e3254142b95c2,2018-02-16 13:59:11,c005e1915b5a420dba2530a0e055f0e1,organic_search
a418cd94862347249a1b46a9997335dc,2017-12-17 14:35:40,fd67c44c56284345a9d416ecc4e70697,direct_traffic
bda42ea1f839492cba18ef9d335736a3,2017-10-18 07:32:02,32f776c66b854bc08925bb990a3b5ea3,organic_search
3363e385de64456296df41c762570325,2017-06-02 05:49:31,702afe38d2d2425a9b41828bf926fbf5,paid_search
553b3278fb5e40a491fbc89f6a6f27ea,2017-09-20 21:33:29,f7f91884fcc441c3a73051d4c1896af9,organic_search
ed76d21651404adebe03cab5bae8fb3b,2017-06-05 18:40:13,b3ebd0b9fc81475f87eaafca8d37f073,organic_search
c75dcc4bea584c38a5c9af8f5124965c,2018-02-13 19:07:02,b5aed19b7ce942ceb1082d725df90ba9,organic_search
46cecf0c57b84bba864fc748cec1ca14,2017-11-03 08:01:19,0c738336dbd04e959c993ff02dbf5e0f,paid_search
b955dcb05cd64db4a039ebf175c2c62d,2018-05-29 09:46:34,c005e1915b5a420dba2530a0e055f0e1,organic_search
81d50bb9961a40e8bb82f659743373b5,2017-07-31 06:13:47,9949586af6134c339c1809ad3ec0df66,paid_search
cfe8b6a46ae74a43a4c41f1295ccfd70,2017-06-24 19:25:35,9949586af6134c339c1809ad3ec0df66,social
329afeca76324c508c89ec03e46dfda4,2017-10-28 01:25:23,d4a547d9c0264e5e821f2ce922348c3d,paid_search
e1636ca8942444c0b482c53d8a87d99b,2017-08-15 10:06:46,c2366a33c94543b4a5c36a8911cb5ebe,paid_search
46b88ad31b5b423f96170cba51be9c41,2017-08-08 09:50:46,54dadc715073494a9f52e4f263e34d4e,email
6ca37f2df00b4ac1a3212a06246bd096,2017-06-27 23:23:22,9949586af6134c339c1809ad3ec0df66,organic_search
d796d7aeadf141f0843446d8626f633b,2017-09-16 19:27:50,dc97f501f52d4c12817bfe088b55a525,social
2198b5e948cc4236bf038355f18e1d5d,2017-06-01 23:36:59,7e92b46dac574b1b9786c529162a68c6,organic_search
00e17b51897c4d428f7e35e18ccdb015,2018-04-20 22:01:59,7e92b46dac574b1b9786c529162a68c6,organic_search
d86d456f84754d728f1a8e6ef8db5dab,2017-11-14 03:01:51,f7f91884fcc441c3a73051d4c1896af9,social
e5e57b71f98d43eaab070fc1055ed46d,2018-03-09 09:36:48,22d5f074d6fd43b2b796684fe6998629,social
d9dbacb698c14e89a8aaf868377d277a,2017-08-08 14:52:02,5c9fede2c59f461bab56ff6d802fa6a1,referral
98a0448ce6534f149544a6f6bb70638c,2018-04-10 10:44:12,42aab95b911f48e28fc6e5aff6d61bab,social
face0b55662d4cd1892ccdda135e7add,2017-06-30 22:47:25,bd7014dfab0643b08af9d59f9064c67f,display
cd244f9eb7394f76b533abe8711355cc,2017-06-06 12:56:33,9949586af6134c339c1809ad3ec0df66,organic_search
70dc51a5f54849cc97b5ac642ef2aa2a,2017-10-22 06:26:05,b5aed19b7ce942ceb1082d725df90ba9,organic_search
3dad8e1cbddf4bd5800f4bb89aace27c,2017-06-09 19:33:56,57b30bb0fe284da5b57510a8823d88a2,organic_search
b982040b0bd54ed180b69ab1b87b5841,2018-03-26 03:52:31,22d5f074d6fd43b2b796684fe6998629,organic_search
dd2e88182fca4e7b8f23f1495dbff5aa,2018-05-19 13:54:27,d4a547d9c0264e5e821f2ce922348c3d,social
33a2483dc32d48e793db0f09af5cc693,2017-10-10 22:48:01,d4a547d9c0264e5e821f2ce922348c3d,social
ee7f486beafb46b6b0cc92160ad51ebd,2018-04-06 20:03:24,54ac0583af594362879a48b3c36bac75,organic_search
ab57fb0996a440b8843d87ef38c2534a,2018-01-13 08:01:59,42aab95b911f48e28fc6e5aff6d61bab,display
c66809891fc342f9abc87c378ca3e4fd,2017-10-16 07:25:28,702afe38d2d2425a9b41828bf926fbf5,email
8d9477f99c7a4ea694c42d50e6ec82db,2018-04-19 14:23:54,2566ffa7a57141909a5618885cb43553,paid_search
a546ff833266406e8d159e40bccb5349,2018-01-15 08:26:12,22d5f074d6fd43b2b796684fe6998629,organic_search
27431e726b184969bfecae7a8cfd74f1,2018-01-09 13:25:18,2566ffa7a57141909a5618885cb43553,organic_search
9e8108d436da4ab3852fc9a78487c11d,2018-02-01 03:24:40,6eb360925f334493a6951325d8182624,organic_search
86e257f2bc3d4d47846d37a68288dca4,2017-09-01 16:43:33,32f776c66b854bc08925bb990a3b5ea3,organic_search
a10d5a41979149b2a2d6bcfc912e5003,2017-08-30 06:52:34,702afe38d2d2425a9b41828bf926fbf5,social
0add3c7468e7400ea2d2f00bf34383de,2018-02-07 06:34:06,d4a547d9c0264e5e821f2ce922348c3d,organic_search
4e5705a312a04ce399dd68a0cf119717,2017-10-23 00:45:58,0c738336dbd04e959c993ff02dbf5e0f,paid_search
6f5b3f8eab744cd8be01569961fd4914,2017-08-23 06:28:15,bd7014dfab0643b08af9d59f9064c67f,
604f829e2ed84cfc965192604f60c859,2017-12-19 22:07:48,54ac0583af594362879a48b3c36bac75,direct_traffic
cb8bed0341084a5fb74737e55ddb9c46,2017-07-06 05:13:31,24f5fbd22d624e12b58faeb2f2742ebb,display
1e26cb92bd67439d9147c5bbfedfb519,2018-01-05 08:55:45,b3ebd0b9fc81475f87eaafca8d37f073,organic_search
fc12cee1fe6d4c2d90e3c665182670bf,2018-04-27 14:39:17,dc97f501f52d4c12817bfe088b55a525,paid_search
2e16d6a7260f4845ac4a788bd217f08c,2018-02-25 04:59:55,22d5f074d6fd43b2b796684fe6998629,social
bbaab8cbd83d4e0185199663faf7233d,2017-06-07 21:57:54,dc97f501f52d4c12817bfe088b55a525,organic_search
4cd134eb40a74fee93b88b46094794f8,2017-12-11 13:58:50,e73bb83cf417427888827b7bd8835d0c,organic_search
6d62cd22cbc0402f87bcb0d6da3aa42c,2017-07-27 00:29:36,d650cf637d2e4393939ab7a1b5bd56fb,direct_traffic
bddb0607bdc14172abf54cc786819941,2018-04-26 01:35:33,2566ffa7a57141909a5618885cb43553,social
8bf8d9859ce94e919619a657626b7c40,2017-10-06 03:02:37,b5aed19b7ce942ceb1082d725df90ba9,paid_search
399cf1f4df4b4e29b8af65110728d768,2017-08-13 22:50:32,fd67c44c56284345a9d416ecc4e70697,paid_search
6dc786144c70442f8703584365f68f0d,2017-06-07 00:20:31,280fc02b8ead46d897a70c9fa8a76c35,paid_search
c42c11afd6ed4befa892a5f77baa5eda,2017-07-25 19:44:49,22d5f074d6fd43b2b796684fe6998629,organic_search
b71cb21ffc89468da4e2b14edf28cf55,2017-11-21 03:05:36,54ac0583af594362879a48b3c36bac75,paid_search
5c21e7f561d84dac9dc1ab74f0ec1e03,2017-08-11 17:29:30,d650cf637d2e4393939ab7a1b5bd56fb,organic_search
33bf4c840f474bb284830a77d2ef528b,2018-03-16 16:10:38,bd7014dfab0643b08af9d59f9064c67f,organic_search
a5377ec29e7a4139b7b38e2b63c54ce1,2017-08-23 11:11:29,42aab95b911f48e28fc6e5aff6d61bab,display
c3d962aba0af4a34bc9e74b882ac2b0b,2018-02-01 05:37:32,9949586af6134c339c1809ad3ec0df66,social
f40a54449750407394e6636ffe1a2c65,2017-06-29 19:47:21,f7f91884fcc441c3a73051d4c1896af9,direct_traffic
a06138a36f964dfaa56315d1ef682af5,2017-10-15 22:50:45,c005e1915b5a420dba2530a0e055f0e1,paid_search
aa319a126afd402a8b6b536fb949dc9a,2017-08-03 00:46:19,bd7014dfab0643b08af9d59f9064c67f,paid_search
8c117775bf514df99940a519d56c78d4,2017-06-23 03:44:36,c005e1915b5a420dba2530a0e055f0e1,organic_search
de3e660ced954a41baddef529e0116a7,2017-10-30 03:44:03,30603de19a0f45f98e07cc24bb54cd32,organic_search
5a04f7ad7b494575af5439fdec798511,2017-12-30 05:09:50,e73bb83cf417427888827b7bd8835d0c,organic_search
5a19bf15493b4a39876873aa8b6fa3f0,2017-09-23 00:52:25,9949586af6134c339c1809ad3ec0df66,email
7321763283dc44839d0a4536d238d87f,2018-01-05 14:01:52,2566ffa7a57141909a5618885cb43553,direct_traffic
307b702593834a6a98b448921f0edf2a,2017-11-28 23:51:39,0c738336dbd04e959c993ff02dbf5e0f,social
95a7e41fd5454de88de868de723bc073,2017-09-24 14:00:29,57b30bb0fe284da5b57510a8823d88a2,paid_search
c1a871ab77184fc4b6aefd53da87e8e6,2017-07-28 17:54:23,32f776c66b854bc08925bb990a3b5ea3,organic_social
0a4b4dc011e84afe97b5a142e2b0ec43,2017-07-27 08:10:28,dc97f501f52d4c12817bfe088b55a525,organic_search
065559fb956c499391dfef0bf36efff8,2017-10-23 13:00:33,24f5fbd22d624e12b58faeb2f2742ebb,paid_search
993f633b6e204c768376c243380f7241,2018-04-12 12:09:01,dc97f501f52d4c12817bfe088b55a525,paid_search
fdb517dbfeb042e0b094ffe30a68c217,2017-12-02 03:05:15,5c9fede2c59f461bab56ff6d802fa6a1,email
d08c00cb94944b088d6d2d9f45809eb6,2017-06-23 22:00:33,2566ffa7a57141909a5618885cb43553,
8a7cfab5c13c4bc1a803a998fd31c98a,2017-08-31 15:36:21,30603de19a0f45f98e07cc24bb54cd32,organic_search
7a759b6c2be74e64b0449dbdf49b2ccb,2017-11-19 21:49:52,32f776c66b854bc08925bb990a3b5ea3,referral
41706f4344c74f098ecf9a564434ab86,2018-05-14 15:28:57,2566ffa7a57141909a5618885cb43553,email
76d023baa6b04a17bbcc9f2cf2d40068,2018-05-08 10:58:46,fd67c44c56284345a9d416ecc4e70697,organic_search
6c2ef3dcd2c44a9488b9ea0d58d05e43,2017-10-25 12:41:03,5c9fede2c59f461bab56ff6d802fa6a1,paid_search
061367c2bf1c46fcb37cc10794da8e3b,2017-07-24 09:52:12,c2366a33c94543b4a5c36a8911cb5ebe,paid_search
97ba46ddfbfc4039b535f750ceeab052,2018-02-11 13:26:20,c2366a33c94543b4a5c36a8911cb5ebe,other
9b5bd359a2724bb3a0d35cdefb6105d1,2017-10-14 02:46:49,280fc02b8ead46d897a70c9fa8a76c35,organic_search
f6839d3f33094414a672233bd03e5cd4,2017-06-02 05:24:42,d650cf637d2e4393939ab7a1b5bd56fb,email
618f261b6b2f4318a8ea0cb9362a1448,2018-05-02 05:20:13,42aab95b911f48e28fc6e5aff6d61bab,paid_search
9d95bef53dec4a5eb006a55187ee69f4,2017-08-15 14:13:16,b3ebd0b9fc81475f87eaafca8d37f073,direct_traffic
85b4ad2e0bbc4052b115e980bb5c96a2,2018-01-31 02:27:02,dc97f501f52d4c12817bfe088b55a525,paid_search
c34f06efa35e4049999bfe562b19f357,2018-03-23 15:33:47,22d5f074d6fd43b2b796684fe6998629,social
496dc5d3197145919c1196d6ad07cdef,2017-10-21 05:16:01,24f5fbd22d624e12b58faeb2f2742ebb,email
f2a94a07f8994cbfa46304d6f376d0d9,2017-11-13 04:38:36,32f776c66b854bc08925bb990a3b5ea3,email
2e64e87608c446809d357f79c8ea4230,2017-12-15 12:50:17,42aab95b911f48e28fc6e5aff6d61bab,referral
67f698c51ba749c08adf7fa4befe6f48,2018-02-09 15:25:52,6eb360925f334493a6951325d8182624,organic_search
7cc8b265837a412e9428b083528d153d,2018-05-22 15:04:16,fd67c44c56284345a9d416ecc4e70697,direct_traffic
a81348c29bdb421cab784ecb3f57091d,2018-04-22 12:08:27,2566ffa7a57141909a5618885cb43553,organic_search
4e398320abeb42af872aca04180b3a14,2018-05-01 08:57:11,ff05ce68802a4f1796f1c6ff9508133e,paid_search
8b426ec5ae45486189a9ff1fb37dc569,2018-01-01 20:00:02,6eb360925f334493a6951325d8182624,social
6304da6be4384275a2b8c19d208f6c1f,2018-03-03 19:26:02,6eb360925f334493a6951325d8182624,paid_search
58dacce693364aa48dab8ece24057ea3,2018-02-28 19:31:22,bd7014dfab0643b08af9d59f9064c67f,social
ba7ff83088a54d72a16ac6a44558ae45,2017-09-26 14:00:13,24f5fbd22d624e12b58faeb2f2742ebb,
f9cdc4669efd4c199a1d6f9a8eb28f22,2018-03-25 15:21:31,30603de19a0f45f98e07cc24bb54cd32,organic_search
367f2be225e64af3b880880ed796680f,2018-03-23 07:59:08,f7f91884fcc441c3a73051d4c1896af9,direct_traffic
9459c4e0a1754ded8e020967e42123d1,2017-07-15 08:33:47,7e92b46dac574b1b9786c529162a68c6,paid_search
9523481efd26435e8d99f61c51090755,2017-06-02 07:24:04,54dadc715073494a9f52e4f263e34d4e,organic_search
4934343da2ee4a87bed72064e7c76447,2017-06-09 13:11:40,c005e1915b5a420dba2530a0e055f0e1,organic_search
6a1b02a3eea142f7aaec3c61c0d91ab5,2018-01-29 04:51:50,c2366a33c94543b4a5c36a8911cb5ebe,display
d8aa2cd1c9fa477c979d1f562392aad3,2017-07-27 02:10:08,c2366a33c94543b4a5c36a8911cb5ebe,referral
1bfcbcfd2661444c95b7ac9bf029a246,2017-11-26 13:08:18,54dadc715073494a9f52e4f263e34d4e,organic_social
f7775680ff1f4d3a9cb2e734117229ac,2017-08-11 10:43:46,b3ebd0b9fc81475f87eaafca8d37f073,
4351959d8a08496387284939d4c86275,2017-08-13 20:04:46,c2366a33c94543b4a5c36a8911cb5ebe,organic_search
5f77f150d3f14f98bc24b1dc47fb12dd,2018-01-02 08:49:44,54ac0583af594362879a48b3c36bac75,paid_search
e8b25c59dc494b808a23a6f9bb0c3ba5,2017-09-23 02:02:02,22d5f074d6fd43b2b796684fe6998629,direct_traffic
7aabb4144bc040e890459275ac8f6894,2017-08-10 04:16:06,f7f91884fcc441c3a73051d4c1896af9,paid_search
04885219d29241178977a0ec1211b046,2018-05-27 05:12:33,ff05ce68802a4f1796f1c6ff9508133e,paid_search
728afc49ef5b48189d92a216ffa7388a,2017-06-14 15:27:47,7e92b46dac574b1b9786c529162a68c6,paid_search
9a86ce5e4827408caa27f7da2667dcfa,2017-06-28 03:51:34,57b30bb0fe284da5b57510a8823d88a2,social
510e26ee54bd4e23af872a8104aea019,2018-03-25 02:41:09,6eb360925f334493a6951325d8182624,social
4514fde456784035a83cf41ef38b3cc7,2018-04-01 05:45:32,e73bb83cf417427888827b7bd8835d0c,organic_search
b77ac7bccf4c4423b3ed1e65be18fbfb,2017-08-15 13:17:53,2566ffa7a57141909a5618885cb43553,paid_search
ec55cc7fe92d4795b0f62bb21b272101,2017-07-11 08:55:18,24f5fbd22d624e12b58faeb2f2742ebb,social
02ec0ec91e5e42f1a64b7474b7a0a3f6,2017-06-07 20:43:23,bd7014dfab0643b08af9d59f9064c67f,social
1470368e1adb4f808bc5abfaa88bce5d,2017-12-31 05:27:03,d650cf637d2e4393939ab7a1b5bd56fb,organic_search
dc9b260ca8834163bb65b1de367de278,2017-09-02 17:06:13,22d5f074d6fd43b2b796684fe6998629,direct_traffic
30ea0dc4687b407897940c21172ad95f,2017-08-11 19:12:13,f7f91884fcc441c3a73051d4c1896af9,organic_search
afede057a1404c9d80ab5055c9786c65,2017-11-01 17:07:08,7b5e3159006745bdbee47199b5293638,paid_search
4e3f1ef4ac074013bd25868b0276dadd,2017-11-20 16:09:52,280fc02b8ead46d897a70c9fa8a76c35,email
f6af044f632044debca44555ec4a4873,2018-04-27 00:28:51,0c738336dbd04e959c993ff02dbf5e0f,social
997037e604d745aabda8e8681f156767,2017-07-27 05:40:32,eabde2c6e9064911b23d789ff68f2bbb,organic_search
19b818084a064fd3b15640dc989434ee,2018-04-25 01:10:09,fd67c44c56284345a9d416ecc4e70697,direct_traffic
5f38f24c5c4c48caa7185d205b3293b6,2017-08-28 18:19:27,32f776c66b854bc08925bb990a3b5ea3,social
c38270e227514abfae9e18ca410e8115,2017-06-06 14:25:55,bd7014dfab0643b08af9d59f9064c67f,email
01d0ae3dac854cb9bc0a189ad69a4bb0,2018-01-03 16:32:25,c005e1915b5a420dba2530a0e055f0e1,direct_traffic
4dee4cd4e6014ec0b26984e8ffcc286f,2018-05-31 09:23:43,c2366a33c94543b4a5c36a8911cb5ebe,social
b3ccce568aab4c37993a3c5f0803e7af,2018-03-20 18:16:21,0c738336dbd04e959c993ff02dbf5e0f,paid_search
b3e9a0ee3e3040e58606e457811c5eed,2018-05-30 08:16:34,7b5e3159006745bdbee47199b5293638,organic_search
5e6ce5110fa34a7a82e834a6dec13f84,2017-08-20 09:53:48,24f5fbd22d624e12b58faeb2f2742ebb,organic_search
ad09a302928b4d20808c5a3f582b3372,2018-02-23 13:44:47,2566ffa7a57141909a5618885cb43553,paid_search
67ea43cd030a460e98401834a8ce5d06,2017-09-17 14:34:41,fd67c44c56284345a9d416ecc4e70697,social
ffa8143f0cd64495bf9c8339d5198110,2017-06-29 07:58:12,ff05ce68802a4f1796f1c6ff9508133e,social
7400518fca414aa4a9dbe469fe5d43a3,2017-09-03 20:21:47,fd67c44c56284345a9d416ecc4e70697,paid_search
1d419e4c45394134b208a380a1d183c8,2017-07-10 17:03:18,6eb360925f334493a6951325d8182624,organic_search
54bd41fd76a041888b3cff5720402e2f,2017-11-08 23:45:50,d4a547d9c0264e5e821f2ce922348c3d,paid_search
015cc061237d47dcad4adcdc1b0963fe,2017-12-25 13:51:08,32f776c66b854bc08925bb990a3b5ea3,paid_search
f66799dee83b4a9c95a0d588b5300be7,2017-06-28 13:31:30,d4a547d9c0264e5e821f2ce922348c3d,direct_traffic
4155529afc4d44f98a25098d13d437b5,2018-01-04 07:05:23,b5aed19b7ce942ceb1082d725df90ba9,organic_search
7a00993e09b24390bd7080b3c0263184,2017-07-26 03:48:03,24f5fbd22d624e12b58faeb2f2742ebb,social
646b8b8b3c2b41abbd7dce1bc1884c89,2017-12-03 21:57:41,d650cf637d2e4393939ab7a1b5bd56fb,display
05d345913d83442a8835160615c6d6af,2017-11-19 01:01:16,9949586af6134c339c1809ad3ec0df66,organic_search
0349489c783c4a81be3cf1802e42f766,2017-10-23 05:55:33,c005e1915b5a420dba2530a0e055f0e1,paid_search
4f53b95f99924774b80e744a5d973e14,2017-07-25 02:22:41,54ac0583af594362879a48b3c36bac75,organic_search
a3d47c75c6e945e88fd376479d0a3242,2018-04-02 00:23:58,d650cf637d2e4393939ab7a1b5bd56fb,social
5722687657ac40af96b9d4a2dfdb6145,2017-11-06 06:50:07,c005e1915b5a420dba2530a0e055f0e1,social
ff04ccd6cfe84b3b8ac6f2e6b85a91e3,2017-09-12 23:14:34,c2366a33c94543b4a5c36a8911cb5ebe,paid_search
7a22bcf92093406b9d330025b4e177ab,2017-06-17 08:45:01,b5aed19b7ce942ceb1082d725df90ba9,social
459463a06a394369aa0eef4a330b3a1c,2017-07-14 20:45:27,702afe38d2d2425a9b41828bf926fbf5,referral
0bdff92c4c64492699cf3d6ea39782d4,2017-06-23 20:31:30,280fc02b8ead46d897a70c9fa8a76c35,organic_search
d00966fb875a48a4bbc3658634c6ba4f,2018-02-03 01:39:47,eabde2c6e9064911b23d789ff68f2bbb,organic_search
4bcc65f9256548e0b5daa68b658ddffe,2017-11-09 03:23:37,0c738336dbd04e959c993ff02dbf5e0f,referral
bba877eaba964849b447583aa41e3617,2017-06-05 12:59:06,d650cf637d2e4393939ab7a1b5bd56fb,social
fa4d44c80b8940b5a1fe8ed6a1742246,2017-10-23 14:29:44,30603de19a0f45f98e07cc24bb54cd32,referral
2cc4af9e181b40fc979e0288a5131a17,2017-09-08 11:26:58,d650cf637d2e4393939ab7a1b5bd56fb,social
8758ee72557845b191873badab863367,2017-12-18 12:57:20,2566ffa7a57141909a5618885cb43553,email
697f0da6aab844a38c9ed10431bfd94c,2018-05-26 03:32:43,42aab95b911f48e28fc6e5aff6d61bab,paid_search
5e1c89adc5174ff69b86dbf54c6e2ba2,2017-12-26 18:20:05,dc97f501f52d4c12817bfe088b55a525,direct_traffic
b59fb9babfa24e71b5788d314f6ff716,2018-02-13 05:28:05,e73bb83cf417427888827b7bd8835d0c,organic_social
cafa3c77cd7d429891351cad5079cfee,2018-03-28 13:54:44,6eb360925f334493a6951325d8182624,social
ad9e21901b5c4f1ab1d6646185ed216e,2018-03-28 01:21:43,0c738336dbd04e959c993ff02dbf5e0f,organic_search
0741990c1b11491990bd224b7f8dfeb6,2017-08-22 05:31:02,57b30bb0fe284da5b57510a8823d88a2,organic_search
9d06c2dabf67412285b935842864a780,2018-01-24 02:52:02,5c9fede2c59f461bab56ff6d802fa6a1,organic_search
3fb42f27c2714e27b35a82359ad17900,2018-04-17 03:23:47,f7f91884fcc441c3a73051d4c1896af9,organic_search
ae99bc20164144ec8618aa07d3972c01,2017-09-27 07:51:05,280fc02b8ead46d897a70c9fa8a76c35,paid_search
50109f9d8c0348fdbdff0b56af873097,2018-05-15 23:49:09,2566ffa7a57141909a5618885cb43553,social
f281ff607a87410881938a5f5189a383,2017-08-22 18:15:48,30603de19a0f45f98e07cc24bb54cd32,social
07166e08c8ec4af59a35422d907265c1,2018-04-08 23:42:59,30603de19a0f45f98e07cc24bb54cd32,paid_search
2f616e74cfb84c88bf4b00b396b5f195,2017-11-22 16:17:32,280fc02b8ead46d897a70c9fa8a76c35,social
d8b3777c4c254ed081cf8eebfe348448,2017-08-07 12:20:36,0c738336dbd04e959c993ff02dbf5e0f,organic_search
6375b5bc713147c5bd3949cec58a243c,2017-12-02 22:41:59,54dadc715073494a9f52e4f263e34d4e,organic_search
08c16c10e3174e32b2a8226bc6423aa5,2018-01-07 01:27:24,5c9fede2c59f461bab56ff6d802fa6a1,organic_search
f779df29bf3c42a186a0401cfc68a606,2018-05-31 14:06:47,9949586af6134c339c1809ad3ec0df66,social
cd4e77cdc45b4e14867da6d1587d4488,2017-09-15 22:13:24,fd67c44c56284345a9d416ecc4e70697,organic_search
94fda96be55345898e49a7f6dd5b0cad,2017-07-09 05:32:55,702afe38d2d2425a9b41828bf926fbf5,paid_search
f7623a9b7ea24475936cd6069e2451c3,2018-04-18 18:06:51,dc97f501f52d4c12817bfe088b55a525,paid_search
2fb15503ffc44437b1851ae5ad8ae380,2017-06-08 05:11:33,d650cf637d2e4393939ab7a1b5bd56fb,email
2d3eb9b7d12d43b2a979653729b29684,2017-11-06 19:55:14,54dadc715073494a9f52e4f263e34d4e,organic_search
9f989a0d08444ea09d9fed9d34e44b8a,2017-07-15 18:09:53,dc97f501f52d4c12817bfe088b55a525,social
ce78a28492b147fb9e644c27e75c6eec,2018-01-19 11:25:19,32f776c66b854bc08925bb990a3b5ea3,direct_traffic
28a38286b8c742ea9dc420fa8b5d299b,2017-10-30 05:52:44,24f5fbd22d624e12b58faeb2f2742ebb,email
24e9ae50e1824cbb89f0662090c3c23c,2017-10-22 20:59:24,7e92b46dac574b1b9786c529162a68c6,organic_social
98a621b3e1894f2489ee489c6eba86bb,2017-11-28 03:14:55,24f5fbd22d624e12b58faeb2f2742ebb,organic_search
4a3863ab3383407fb13050ff5440d171,2017-08-31 16:46:30,b5aed19b7ce942ceb1082d725df90ba9,organic_search
d056ff8219484f80bafa4cedd7090b1a,2018-01-29 09:19:17,d650cf637d2e4393939ab7a1b5bd56fb,referral
8fb76531e553404f978452743f129cac,2018-01-13 23:40:35,c2366a33c94543b4a5c36a8911cb5ebe,paid_search
d04f2c4cb6894e1483be9149e614f399,2017-08-11 04:30:48,702afe38d2d2425a9b41828bf926fbf5,social
88bdc082a5e5413aadd85c73fbb9e9c8,2018-02-05 01:26:29,7e92b46dac574b1b9786c529162a68c6,direct_traffic
bc0550011fa346d5831d713bba6f9416,2017-10-25 14:35:51,7b5e3159006745bdbee47199b5293638,direct_traffic
a953fc303d044cf99ed119633c0dca96,2018-04-14 04:41:46,b3ebd0b9fc81475f87eaafca8d37f073,organic_social
5353a8bae5d141f396ef819deabf67bb,2017-12-05 18:39:31,54dadc715073494a9f52e4f263e34d4e,
69fb5ad293a3487b90a303734f598dd7,2018-04-16 11:25:10,7e92b46dac574b1b9786c529162a68c6,direct_traffic
29d4d6b0b6b64c8fbe4391ddb062b437,2017-07-13 15:02:38,30603de19a0f45f98e07cc24bb54cd32,paid_search
769e47b72f9446308ce140866077e321,2018-01-17 09:34:09,5c9fede2c59f461bab56ff6d802fa6a1,referral
1f58210f246449c399e836b93e16bf57,2018-05-16 01:33:13,fd67c44c56284345a9d416ecc4e70697,organic_search
13500287c84e47c79370dcacbef4ad67,2018-04-26 02:04:38,22d5f074d6fd43b2b796684fe6998629,organic_search
16fdea5b434f42a094f5f112b16711a2,2017-10-04 20:25:05,e73bb83cf417427888827b7bd8835d0c,referral
84ec623d41674aaea373eb8258009cf8,2017-08-19 03:50:01,0c738336dbd04e959c993ff02dbf5e0f,organic_search
4ea6b695d8684ed8929ce8fdb5f8be76,2017-12-10 05:45:36,702afe38d2d2425a9b41828bf926fbf5,organic_search
683f99d1396741938a6756c19a9afff1,2017-12-22 02:39:25,9949586af6134c339c1809ad3ec0df66,organic_search
c909972ff86044eaaeb24db3bcffe387,2017-12-16 16:49:51,57b30bb0fe284da5b57510a8823d88a2,referral
739824d50ea54aaba58351f8e7d75de0,2017-07-18 12:42:15,b3ebd0b9fc81475f87eaafca8d37f073,social
2b34c31170274e8e988eccfa7fd2af62,2018-01-26 23:23:31,c005e1915b5a420dba2530a0e055f0e1,direct_traffic
d2b3c93ab4cf45f3af8f94c3c903ffda,2018-01-25 03:58:22,24f5fbd22d624e12b58faeb2f2742ebb,organic_search
773e55247ad945ebab09dfb1df834f4e,2017-09-01 03:56:41,c2366a33c94543b4a5c36a8911cb5ebe,direct_traffic
01e01d484cb944389359703ad3c8ab36,2017-12-21 15:46:09,54ac0583af594362879a48b3c36bac75,direct_traffic
4ee0048bb59d452895938c5490313d32,2017-12-23 11:58:06,24f5fbd22d624e12b58faeb2f2742ebb,paid_search
42fbf03b707345678f33bc8989ba32e6,2017-11-10 12:28:02,fd67c44c56284345a9d416ecc4e70697,paid_search
04d2fb683547493ca598d60f8f897e3d,2018-02-04 07:44:30,f7f91884fcc441c3a73051d4c1896af9,organic_search
2d370b7f5ad04beb8734989ffe3cfaa4,2018-01-30 04:09:44,b5aed19b7ce942ceb1082d725df90ba9,other
a8504327758743c8b56de8b2f0e6ca27,2018-01-19 01:23:37,c005e1915b5a420dba2530a0e055f0e1,social
321ed1052c9d487383664cda261ddad3,2017-08-19 17:06:39,2566ffa7a57141909a5618885cb43553,organic_social
2ef4036d49784ed8a9b99c8d19ab080f,2018-04-24 07:46:19,42aab95b911f48e28fc6e5aff6d61bab,paid_search
6b3b8dab412d4bab8ca0002d40c6c34e,2018-03-18 01:08:25,fd67c44c56284345a9d416ecc4e70697,email
70990921d43f48baa53b341b1326dc48,2017-12-12 02:16:18,c2366a33c94543b4a5c36a8911cb5ebe,direct_traffic
72d3e3bc94ee40dc80f36b2de4892600,2017-12-03 15:39:35,6eb360925f334493a6951325d8182624,direct_traffic
b0f0c1a945874c9a9d2e337968cee3a3,2017-09-18 01:58:08,54ac0583af594362879a48b3c36bac75,display
8851739508b54204b4dcc06dc43ee1e2,2017-06-12 15:23:53,b5aed19b7ce942ceb1082d725df90ba9,paid_search
145e04e85c7c4ea9b970b4329c6aaa3b,2017-10-08 23:08:40,32f776c66b854bc08925bb990a3b5ea3,organic_search
7d54555b53d049369ce945c1ed1c74e5,2017-07-13 05:09:37,24f5fbd22d624e12b58faeb2f2742ebb,direct_traffic
5d9a13ecfe60419cbdd99612a4524522,2017-10-19 14:44:53,24f5fbd22d624e12b58faeb2f2742ebb,direct_traffic
79ca4d7c2a434a67823bd17b31f3786f,2017-10-31 16:26:08,54dadc715073494a9f52e4f263e34d4e,social
fa193b7b2665495f9fd5ac4fc9b1ba6b,2018-01-01 19:06:23,54ac0583af594362879a48b3c36bac75,organic_search
4541d9d2632a4de8be284540d4e8ac0e,2018-05-09 09:26:46,32f776c66b854bc08925bb990a3b5ea3,social
b23754a2cd804882b0fc04e9d24d1af6,2017-06-28 03:21:56,5c9fede2c59f461bab56ff6d802fa6a1,paid_search
6cfea495267143bbb25049e439f5b2a3,2018-01-06 12:27:09,d650cf637d2e4393939ab7a1b5bd56fb,paid_search
cd0ae124249c4bbfbbab977278f1892d,2017-10-31 05:59:25,54ac0583af594362879a48b3c36bac75,social
a80069d7e5434af9b506e7fcb5edada8,2017-11-26 15:15:32,6eb360925f334493a6951325d8182624,direct_traffic
6a5ea3aeb4cd4c718561e152445dd8e9,2018-01-30 19:29:49,f7f91884fcc441c3a73051d4c1896af9,organic_search
efb66d2b246c482b84aa65935af75065,2017-08-22 15:54:10,7e92b46dac574b1b9786c529162a68c6,paid_search
f7bb1145fb774038ba6cd52bb252cfae,2018-05-21 20:45:52,ff05ce68802a4f1796f1c6ff9508133e,organic_search
9e61cf70aad04a3c9b159b3954120a75,2017-06-06 20:25:19,280fc02b8ead46d897a70c9fa8a76c35,organic_search
9379d330b48e4f028186f0817b010f00,2018-04-02 07:13:45,24f5fbd22d624e12b58faeb2f2742ebb,email
4ed2dae5b480437c8aff9f5581e97870,2018-05-08 21:03:43,fd67c44c56284345a9d416ecc4e70697,organic_social
281300a6afaa44c1afb51d2ebc8f80ed,2017-08-14 11:47:12,57b30bb0fe284da5b57510a8823d88a2,paid_search
9429b010ab9e404d86a9de436abd28b8,2017-11-10 00:30:59,2566ffa7a57141909a5618885cb43553,direct_traffic
407c782bba724c249e7606db5c0c0582,2018-01-21 05:22:11,6eb360925f334493a6951325d8182624,referral
ae0efd594a294d5b81224ad6a855643a,2017-11-10 04:08:10,280fc02b8ead46d897a70c9fa8a76c35,email
8f3ec82a6f294e0781d76ae76f155f4a,2018-05-12 14:47:45,b5aed19b7ce942ceb1082d725df90ba9,organic_search
4eec30fccf984cb09e951f78b93bee67,2018-02-22 00:08:01,b3ebd0b9fc81475f87eaafca8d37f073,display
af746fa855014016b3c8cdb6a872946d,2017-08-04 23:05:38,b3ebd0b9fc81475f87eaafca8d37f073,paid_search
725ec438d0bc4adab723f650b1deb538,2018-04-24 21:03:29,dc97f501f52d4c12817bfe088b55a525,paid_search
2b96bff4a61f45e1bbd3a39b82f8d119,2017-06-19 07:57:35,22d5f074d6fd43b2b796684fe6998629,organic_search
d14051c0e7a84c668c21213bf454e083,2017-09-05 15:17:53,f7f91884fcc441c3a73051d4c1896af9,paid_search
6e08e4326db04f4fa9463ec0cdd8ec18,2018-03-07 06:02:51,fd67c44c56284345a9d416ecc4e70697,organic_search
6ee8967aba74449e877676c950beb9ca,2017-12-11 07:52:09,7e92b46dac574b1b9786c529162a68c6,organic_search
ce291a50854343a7931ccc0c435a13a0,2017-09-16 06:57:35,57b30bb0fe284da5b57510a8823d88a2,paid_search
176c26c4953241a09bdcc6a2988f8876,2018-03-23 00:31:23,7e92b46dac574b1b9786c529162a68c6,email
ed4c6bcb8a5c45988f5f19e8ad92b0a8,2017-12-04 00:35:22,0c738336dbd04e959c993ff02dbf5e0f,referral
651acf8ff3af47258ad7bc8ae4742947,2017-11-05 18:16:49,bd7014dfab0643b08af9d59f9064c67f,paid_search
74fc2c61c99c4c0a861ee07967b6943d,2017-08-03 18:10:22,d4a547d9c0264e5e821f2ce922348c3d,referral
0ab8452c36b34129bf3a7c868dfbd176,2018-01-20 15:04:30,7b5e3159006745bdbee47199b5293638,referral
44e65c16a1194335b0e9cae945c81476,2017-11-28 12:49:25,bd7014dfab0643b08af9d59f9064c67f,direct_traffic
fc0dbb77c4474fd69063ee770ab4ec70,2018-03-05 15:30:16,30603de19a0f45f98e07cc24bb54cd32,organic_search
8153322cd717430baa1c5fe6ef6a5c4b,2017-11-19 04:07:40,c2366a33c94543b4a5c36a8911cb5ebe,direct_traffic
00e32708f9094413a86654f8bfe8e5aa,2017-08-30 16:42:18,7b5e3159006745bdbee47199b5293638,display
b8dd9535521a4599a860cec080c9dc66,2017-12-09 06:26:26,c005e1915b5a420dba2530a0e055f0e1,direct_traffic
9fc7fc5ba42947069c440c29cb12f84d,2018-04-01 05:55:19,c005e1915b5a420dba2530a0e055f0e1,paid_search
ee7f91d0370e481b8e62266dd7cd41b1,2018-01-10 13:53:32,0c738336dbd04e959c993ff02dbf5e0f,social
c891aa9330554f12bb54ae65d5b5bbf5,2018-05-04 15:55:43,d4a547d9c0264e5e821f2ce922348c3d,social
55ad9c660f374fa2aeef73d0e7e62239,2017-10-24 22:35:13,c2366a33c94543b4a5c36a8911cb5ebe,social
4efdf10afdbe4441a9c3bc590c5abb7d,2017-07-21 03:11:24,280fc02b8ead46d897a70c9fa8a76c35,organic_search
97a22ae464c049c98e98a70d0b008774,2017-07-24 03:15:49,d4a547d9c0264e5e821f2ce922348c3d,paid_search
810e515677b945f090b1bcbd57359288,2017-06-09 22:26:14,c2366a33c94543b4a5c36a8911cb5ebe,email
d40ddb67ffa84237a908745efac83dce,2017-12-28 03:46:28,6eb360925f334493a6951325d8182624,referral
66c07b3b2b714e5aa080f596291a5e98,2018-04-16 19:49:59,dc97f501f52d4c12817bfe088b55a525,organic_search
af5b5e3742014b09b222c07e4b9e1629,2018-04-21 16:10:09,30603de19a0f45f98e07cc24bb54cd32,display
4e9e26c7838544a88d87c614614dff8d,2018-03-25 01:11:17,57b30bb0fe284da5b57510a8823d88a2,paid_search
0b7507e7e5724d7cb0529bb0e24c0c9a,2017-10-27 15:18:54,54ac0583af594362879a48b3c36bac75,direct_traffic
d6029f8ab8124c7eb2903735a55d2969,2017-09-23 16:33:09,c005e1915b5a420dba2530a0e055f0e1,direct_traffic
164ccec04792415ca102467a5554283e,2017-12-13 04:10:07,54ac0583af594362879a48b3c36bac75,email
be47c5c6776e4ac2bf7ecb7c9d9a0f9e,2018-01-27 04:31:50,7e92b46dac574b1b9786c529162a68c6,display
7f0d3818935b44439dc769681c0f05d5,2018-01-24 15:02:04,c2366a33c94543b4a5c36a8911cb5ebe,paid_search
27250300a9cb418abd4ba081096240a4,2018-04-27 14:24:39,e73bb83cf417427888827b7bd8835d0c,referral
0fe742fb24a644a7b81e9c58aa28aef8,2017-12-09 08:09:11,30603de19a0f45f98e07cc24bb54cd32,organic_search
5339a4268feb4c0a85e333753524d686,2017-10-24 09:44:36,5c9fede2c59f461bab56ff6d802fa6a1,direct_traffic
590d753e263d46949dfe9f1621a670ed,2018-05-04 09:37:48,0c738336dbd04e959c993ff02dbf5e0f,direct_traffic
b84c9e5790b84b43b64038e69a682de7,2017-12-30 08:47:41,e73bb83cf417427888827b7bd8835d0c,direct_traffic
a7e3d9bf8f59461092f0e4a5d3c56c28,2017-12-30 01:11:22,e73bb83cf417427888827b7bd8835d0c,organic_search
7621949e72814691a6dd0ec84fc62901,2017-06-14 05:35:03,280fc02b8ead46d897a70c9fa8a76c35,referral
dedeecf751f14eed8985a2bd78f286c3,2017-12-09 18:53:41,bd7014dfab0643b08af9d59f9064c67f,organic_search
ee07b567befe435686e72c01b91a7ce8,2018-04-04 11:33:31,42aab95b911f48e28fc6e5aff6d61bab,organic_search
ba5e35eb71b04222bf2cfab9877a4d06,2017-08-27 20:49:57,7b5e3159006745bdbee47199b5293638,direct_traffic
a75fe32c2244461f984ecb204ebb9321,2017-10-02 20:14:01,ff05ce68802a4f1796f1c6ff9508133e,paid_search
6bfe1d2fdb6e4f0ebc98ead20fc9653d,2017-09-07 22:26:15,d4a547d9c0264e5e821f2ce922348c3d,email
b4c92925d49c40b789a73f73af08356a,2017-12-19 01:52:40,280fc02b8ead46d897a70c9fa8a76c35,paid_search
79770ed958ce4b3f8e6a6d939d4e6273,2018-03-23 15:37:23,2566ffa7a57141909a5618885cb43553,organic_search
2398bdda8ca34916a9e2e56ebef22594,2018-04-22 14:12:52,22d5f074d6fd43b2b796684fe6998629,email
4e7708629b1d4ee298590f6425d8875b,2017-08-28 14:40:37,5c9fede2c59f461bab56ff6d802fa6a1,social
8481b11d76494fa0a3b9fc5dc0f4dec4,2017-11-10 18:50:00,32f776c66b854bc08925bb990a3b5ea3,organic_search
569dd7697dd44c1789ffb377ffef0fb4,2018-01-10 08:24:33,dc97f501f52d4c12817bfe088b55a525,direct_traffic
d7a42c3f78814ab5a7e202e2f223fa9d,2018-05-30 04:35:58,30603de19a0f45f98e07cc24bb54cd32,social
69bff0232ce24b87967b38fb95313c3a,2017-07-31 22:59:24,702afe38d2d2425a9b41828bf926fbf5,social
a3e8ad243077434d9ee2d515da2f875d,2017-12-18 22:50:23,c2366a33c94543b4a5c36a8911cb5ebe,paid_search
0e8e39634927478da5683c4d8d3a1b3b,2017-10-12 20:07:50,32f776c66b854bc08925bb990a3b5ea3,email
1b79be5105b041ee870cd3acbff47bb1,2017-11-13 07:25:07,24f5fbd22d624e12b58faeb2f2742ebb,email
a80448ad1e054ecaa68fbc63bac38d00,2017-07-18 00:56:00,7b5e3159006745bdbee47199b5293638,direct_traffic
58e35e52038d43c6960ce85de64bc494,2017-06-06 22:53:50,d650cf637d2e4393939ab7a1b5bd56fb,organic_search
4479329b0a294fb09448df742de89f30,2018-03-31 05:34:20,e73bb83cf417427888827b7bd8835d0c,email
87a320e597bb4043bb7e3b263868e9e0,2018-04-13 19:47:40,c2366a33c94543b4a5c36a8911cb5ebe,direct_traffic
6aa71811fffb454fa548fa04dad42ace,2017-07-11 20:49:06,ff05ce68802a4f1796f1c6ff9508133e,direct_traffic
e9db5c9307764d1b9660cca86f13e36e,2017-06-13 04:45:11,b3ebd0b9fc81475f87eaafca8d37f073,paid_search
84e0c2732f054991933ce445bee910ae,2018-04-21 22:59:32,d650cf637d2e4393939ab7a1b5bd56fb,referral
a8d8fb65d431474baf1bebf5633f4784,2017-12-01 06:47:32,9949586af6134c339c1809ad3ec0df66,direct_traffic
b53ed354197946959ce7d814c28a89ec,2018-05-01 08:04:25,0c738336dbd04e959c993ff02dbf5e0f,organic_search
0a512f2b15f040d0888bd319af592c77,2017-09-08 19:29:38,bd7014dfab0643b08af9d59f9064c67f,paid_search
315dab52f0df4bfda313c1c136cc2358,2017-10-04 13:45:59,d650cf637d2e4393939ab7a1b5bd56fb,referral
e17f42c395ef417a84f4364a7e6340de,2017-10-12 01:53:02,b5aed19b7ce942ceb1082d725df90ba9,organic_search
83d22d7188274882888bbb8d75ec2cf4,2017-07-13 05:14:04,d4a547d9c0264e5e821f2ce922348c3d,display
2a8c5f472c484273af96903b871f5cb3,2017-06-12 23:14:34,702afe38d2d2425a9b41828bf926fbf5,direct_traffic
40d7ff091c864400b29de302deb53656,2017-07-23 04:02:20,b3ebd0b9fc81475f87eaafca8d37f073,social
35639a27f9fc41e9a2f8847cbd0cb0e3,2018-04-02 04:28:00,dc97f501f52d4c12817bfe088b55a525,organic_search
bff003cbc65742d695edf6744518a7fb,2017-08-12 10:17:02,b5aed19b7ce942ceb1082d725df90ba9,organic_search
d953fde2f0774415a2361dcf3e321f49,2017-09-01 03:22:40,24f5fbd22d624e12b58faeb2f2742ebb,display
f66af39f72874588874a24d7e7a0205a,2018-02-09 13:09:29,c2366a33c94543b4a5c36a8911cb5ebe,paid_search
9cf2be74696b429eaf638ad3d230e7fe,2017-09-15 14:13:42,dc97f501f52d4c12817bfe088b55a525,email
362685ab40564a5683d98f0705ac9bdf,2018-02-07 00:47:57,7b5e3159006745bdbee47199b5293638,paid_search
34702a83a60c48c891ba3aa68dfb11e1,2017-07-08 17:42:48,d4a547d9c0264e5e821f2ce922348c3d,organic_search
9818bc089bc04aca976b6636d129ec6f,2017-07-10 07:39:23,57b30bb0fe284da5b57510a8823d88a2,organic_search
a8ccc1d9e46e424482d14a9851b658bf,2018-01-01 13:39:45,5c9fede2c59f461bab56ff6d802fa6a1,social
d25ac569760a4046a24f6c441b890f90,2017-11-08 23:04:00,c2366a33c94543b4a5c36a8911cb5ebe,other
b55e95b915db4141abd3b2ac867cde64,2018-01-17 05:51:56,32f776c66b854bc08925bb990a3b5ea3,paid_search
0fd9b31033ff4083a6c1308bcf1ef12b,2017-10-31 00:22:09,5c9fede2c59f461bab56ff6d802fa6a1,paid_search
5e526192241042f9881155983497171e,2017-08-31 20:39:16,d4a547d9c0264e5e821f2ce922348c3d,paid_search
c3172ab3640d4cb79f012363e088a933,2018-04-07 01:08:42,dc97f501f52d4c12817bfe088b55a525,social
143b88834e224e08b3122d748db61a5c,2017-11-23 12:37:33,6eb360925f334493a6951325d8182624,paid_search
0a1c841743ff448a822e3e2c6d950df1,2018-04-11 21:50:42,c005e1915b5a420dba2530a0e055f0e1,referral
a1b0ebc68a0b4b5e81f34ca3fd4a01ff,2017-06-03 05:46:00,30603de19a0f45f98e07cc24bb54cd32,social
6a0b9addd1404b9db234ebd7e0129017,2017-10-09 04:25:37,54ac0583af594362879a48b3c36bac75,social
a9174f6650554426bed0cd3ac7462f0c,2018-04-07 01:04:33,c005e1915b5a420dba2530a0e055f0e1,organic_search
34c2613ae9b144b3a2480ba2c9e37799,2017-06-12 18:51:34,30603de19a0f45f98e07cc24bb54cd32,
a1c0d5be953b4606b50e41154d9ac5d1,2017-08-18 07:52:31,54dadc715073494a9f52e4f263e34d4e,organic_search
74bce25845714f13aec290eca11667ef,2017-12-04 04:10:45,5c9fede2c59f461bab56ff6d802fa6a1,organic_search
2b83ba3f9602420984db35f30245f815,2017-09-20 01:04:26,42aab95b911f48e28fc6e5aff6d61bab,direct_traffic
594e9ba7670a411a925ac022fc588755,2017-08-10 08:00:04,24f5fbd22d624e12b58faeb2f2742ebb,social
2d0c9a89c22b49fa8f3bc2cb3b813bde,2018-05-21 04:36:31,b5aed19b7ce942ceb1082d725df90ba9,paid_search
e8118cc0e8484c10a133d6e0f152c302,2017-10-19 17:32:00,54ac0583af594362879a48b3c36bac75,paid_search
8dd328ebf9024eef957d94065d7b28e9,2017-07-18 12:41:25,f7f91884fcc441c3a73051d4c1896af9,email
ecc6ebd864054b5db92ac3df027609c5,2018-03-10 23:44:09,0c738336dbd04e959c993ff02dbf5e0f,organic_search
7a9524a6304048a387522840ff887161,2018-01-26 18:03:05,7b5e3159006745bdbee47199b5293638,email
590affcfc62b48ce9292be685d70deb2,2018-02-18 14:33:41,c2366a33c94543b4a5c36a8911cb5ebe,social
bda5beeab322484297d188a40109240b,2017-09-07 09:06:20,32f776c66b854bc08925bb990a3b5ea3,paid_search
fe2e1ca10fa54729ad5dbb950b446068,2017-09-10 10:14:02,ff05ce68802a4f1796f1c6ff9508133e,paid_search
ac7a568226044dd0b39c1961fef73707,2017-07-23 21:14:59,280fc02b8ead46d897a70c9fa8a76c35,organic_search
68dc781d6926465d919b8a178c9018fd,2018-03-28 11:20:40,32f776c66b854bc08925bb990a3b5ea3,direct_traffic
8b5e231c30034f4b8b41ad8551b808f2,2017-09-14 17:45:41,7b5e3159006745bdbee47199b5293638,social
e47d7ad0613f47efb6d9766fa74a127a,2018-01-15 15:25:40,fd67c44c56284345a9d416ecc4e70697,paid_search
d52f211319534c3fac5846104f51b3ca,2017-10-18 11:36:19,fd67c44c56284345a9d416ecc4e70697,social
c8de09b430b34d5e9cabf9851acaa406,2017-07-26 22:06:39,ff05ce68802a4f1796f1c6ff9508133e,
a4594d80e3ad45068f007deb99dda9d1,2018-01-06 07:16:17,702afe38d2d2425a9b41828bf926fbf5,paid_search
a4e9f27b601341d38b9b02bae24af9b4,2017-11-28 13:36:55,5c9fede2c59f461bab56ff6d802fa6a1,organic_social
147ffed556194f26bf5ac8534304d89d,2018-04-20 02:20:23,b3ebd0b9fc81475f87eaafca8d37f073,paid_search
6fa67bce3c684b5aa8ab60946aa9a82e,2017-08-25 01:13:44,30603de19a0f45f98e07cc24bb54cd32,organic_search
ae908ffdc4a047b3b1ec3a0071a552c2,2017-10-08 21:22:02,7b5e3159006745bdbee47199b5293638,organic_search
702fccb11b5740c28cf6dab69fb9f6fa,2017-10-29 21:59:12,bd7014dfab0643b08af9d59f9064c67f,paid_search
6277bac3aae64e57a8779f3cc3a1e6b6,2018-04-27 19:18:53,7e92b46dac574b1b9786c529162a68c6,organic_search
30539ec8f3994239b38dd558ba437582,2017-12-21 01:05:24,dc97f501f52d4c12817bfe088b55a525,organic_search
6d14f4c4cf2f439d998d795d596e4429,2017-09-01 11:44:54,7b5e3159006745bdbee47199b5293638,organic_social
81083a1629294cb39f21fe4c819135d5,2017-09-04 13:01:30,9949586af6134c339c1809ad3ec0df66,email
11c0e17e4d9744158a5cf8203066961f,2017-07-08 07:50:04,57b30bb0fe284da5b57510a8823d88a2,direct_traffic
12f0380c8e2344b6aa4148e3be724836,2017-12-08 13:32:34,2566ffa7a57141909a5618885cb43553,organic_search
c9feaf01edbc48168ba3ba89d5cc2776,2017-11-08 04:27:10,e73bb83cf417427888827b7bd8835d0c,organic_search
0adf713b0c4148b28742decc7094eece,2017-11-11 00:23:48,f7f91884fcc441c3a73051d4c1896af9,organic_search
c577618d228549eba0a597c329973f1c,2017-11-16 07:46:59,b3ebd0b9fc81475f87eaafca8d37f073,direct_traffic
eb29f3c560bd4371927107f183a895f3,2018-03-18 11:42:27,5c9fede2c59f461bab56ff6d802fa6a1,organic_social
55903f4a5f554a648e7547e8a4027169,2017-09-28 20:26:55,24f5fbd22d624e12b58faeb2f2742ebb,paid_search
facecc7ff01c4bdfb20a039b292a4b15,2017-12-15 10:19:33,fd67c44c56284345a9d416ecc4e70697,organic_search
4fc5ae3047ba4ee29763c1cf22887c4a,2017-09-17 19:11:49,54ac0583af594362879a48b3c36bac75,social
e7f66aac93a24cc589e307483076398c,2017-07-23 20:25:25,b5aed19b7ce942ceb1082d725df90ba9,paid_search
a358556fa0ad4f75a973dc1e82543f77,2018-04-08 02:43:27,702afe38d2d2425a9b41828bf926fbf5,paid_search
f7f396e6db0747c68bacfc869e297f0e,2018-04-27 15:21:19,57b30bb0fe284da5b57510a8823d88a2,social
7c3e855fdaa54d9b82ae627c56846f2e,2018-01-09 11:34:12,bd7014dfab0643b08af9d59f9064c67f,direct_traffic
07899559bf8043b5a2c512cc3d49b2fe,2017-11-11 07:12:51,54ac0583af594362879a48b3c36bac75,organic_search
ef6ba85dc1a2415880a09d1b047530b8,2017-06-26 17:59:00,6eb360925f334493a6951325d8182624,organic_search
977f0abf9fcc4f3688d752403d55435b,2017-06-24 09:59:28,7b5e3159006745bdbee47199b5293638,
7bacaef8ac5d4240b112661ec093455c,2017-08-01 04:31:05,b3ebd0b9fc81475f87eaafca8d37f073,organic_search
005fa845b28e4f9681d9cc32fe65fd7d,2017-08-27 21:53:50,42aab95b911f48e28fc6e5aff6d61bab,organic_search
f76f1a76e25e403f92f554a51dc3c196,2018-03-30 13:56:21,9949586af6134c339c1809ad3ec0df66,organic_search
aa8fbe8d85a941b695d2f508dedaa106,2018-03-23 00:46:27,0c738336dbd04e959c993ff02dbf5e0f,organic_search
5d573469cb454c669e746357f660f3b3,2017-06-10 23:26:06,280fc02b8ead46d897a70c9fa8a76c35,paid_search
4a9e0a8eec934e64a4d61d640c50fb06,2018-03-22 00:10:09,c2366a33c94543b4a5c36a8911cb5ebe,email
99259c78745c4fffa1a1a6674815dc17,2018-01-23 10:21:12,2566ffa7a57141909a5618885cb43553,paid_search
3e21b501ab0c4b81a42d4db21a1362d1,2017-12-24 01:20:50,5c9fede2c59f461bab56ff6d802fa6a1,paid_search
a38679e745864aa288415ddd0348c94c,2018-03-01 19:12:22,eabde2c6e9064911b23d789ff68f2bbb,direct_traffic
b78d95ef8e534a4a9a56d6cbd695d5b6,2017-11-20 23:28:32,e73bb83cf417427888827b7bd8835d0c,social
3ed2072d313745b986df7bc9d795fb58,2017-07-06 17:06:29,dc97f501f52d4c12817bfe088b55a525,referral
76eded3a6f0746f7974c4a3ee10a8882,2017-12-30 10:57:32,b5aed19b7ce942ceb1082d725df90ba9,referral
e53cd25529c74a609dea48c792728fec,2017-11-10 12:35:27,ff05ce68802a4f1796f1c6ff9508133e,organic_search
a266196ca6d44854a1cec2399574bec0,2017-07-11 20:15:35,d650cf637d2e4393939ab7a1b5bd56fb,email
0a822a3ffe3b4b1d9fddaa023ef9b52d,2017-11-08 17:58:45,fd67c44c56284345a9d416ecc4e70697,paid_search
6d3d2d9a36bc472984083ffe268b04a1,2017-06-25 14:19:14,0c738336dbd04e959c993ff02dbf5e0f,
ef7fbd96324d4574a5bc0bf373ab8f3f,2018-05-23 16:33:02,6eb360925f334493a6951325d8182624,paid_search
08a0112cce5440ec88ed921547c22ad3,2018-04-25 04:25:13,bd7014dfab0643b08af9d59f9064c67f,
0d8ea7125a6c41bab2886487fd1ec8ff,2017-12-09 22:29:59,dc97f501f52d4c12817bfe088b55a525,direct_traffic
038e68feca7846919c610592baadec5a,2017-06-15 08:09:22,eabde2c6e9064911b23d789ff68f2bbb,organic_search
9092860f331b43a0bc00cd3d087b8a2b,2017-06-06 05:03:04,dc97f501f52d4c12817bfe088b55a525,social
b581da337a074b51b9b33795ba524d63,2017-11-13 15:51:45,9949586af6134c339c1809ad3ec0df66,
40b74823455e45adbf12b55bafc9f56d,2017-08-27 03:12:16,54ac0583af594362879a48b3c36bac75,referral
2da3d961928f4aaba8c4b4d939f44dce,2017-12-06 19:34:18,e73bb83cf417427888827b7bd8835d0c,organic_search
b1407025c8e54032b3596b47d0879f74,2018-05-19 01:54:40,b5aed19b7ce942ceb1082d725df90ba9,direct_traffic
ff048515621e48998c4685d690a1e3d1,2017-06-23 04:02:03,eabde2c6e9064911b23d789ff68f2bbb,paid_search
6e391a6f82be409b9f2534407eb4c722,2017-11-03 02:43:55,b5aed19b7ce942ceb1082d725df90ba9,organic_search
a8f2a5c7d754481b9be02bf0ef69f65d,2017-11-16 22:18:34,280fc02b8ead46d897a70c9fa8a76c35,paid_search
65d863cb26c842a0a0362d746518c57f,2017-12-12 09:49:37,f7f91884fcc441c3a73051d4c1896af9,organic_search
93ad2c5c30024861ad90e336780230f6,2017-08-27 05:00:56,702afe38d2d2425a9b41828bf926fbf5,email
90906cd9487e4d05a937906c858fe361,2018-01-22 04:21:55,2566ffa7a57141909a5618885cb43553,paid_search
99235c9e5cef47bd9636d4f649cb48a7,2017-11-11 05:23:18,d650cf637d2e4393939ab7a1b5bd56fb,email
e850180c9e904ebc94b14d06d11aa6fb,2018-03-27 15:02:51,d4a547d9c0264e5e821f2ce922348c3d,organic_search
28b5d309553c49148b60b35c31dca260,2018-01-15 04:27:19,30603de19a0f45f98e07cc24bb54cd32,paid_search
a16fdd4b28204976af955be3c9c17d95,2018-02-26 08:45:25,702afe38d2d2425a9b41828bf926fbf5,organic_search
40864abfa4c64a16a19348d7bbea44ae,2018-01-31 17:50:38,b5aed19b7ce942ceb1082d725df90ba9,organic_search
553e55ec247d404580cb3b412fbf21d0,2017-11-12 17:34:29,9949586af6134c339c1809ad3ec0df66,organic_search
6097d875034f49d583794b99f2a118ae,2017-07-18 09:36:18,d650cf637d2e4393939ab7a1b5bd56fb,organic_search
da8afe958531472290cc3ad52a87598d,2017-10-30 03:00:52,7e92b46dac574b1b9786c529162a68c6,social
32cf82bdc9fc4e549aece77f39d415bb,2018-03-13 08:49:28,57b30bb0fe284da5b57510a8823d88a2,paid_search
4f8823e62df14138a32d92ae84feeefb,2018-04-28 07:29:46,f7f91884fcc441c3a73051d4c1896af9,paid_search
9df61b0e3d0446be96192abc26128436,2017-07-10 02:44:09,6eb360925f334493a6951325d8182624,paid_search
f7ffa0df51bc4003a202c0d9020913fd,2017-07-01 07:44:09,e73bb83cf417427888827b7bd8835d0c,referral
5d0b45a1c5d44065a0ecc9e40f08cea8,2018-05-10 07:52:09,b3ebd0b9fc81475f87eaafca8d37f073,organic_social
19016e2562384bddafef6dacfe59f862,2017-12-15 06:50:30,6eb360925f334493a6951325d8182624,paid_search
3d3d2ce89c7e4e78b13bc7a18172aa75,2017-07-24 12:23:43,54ac0583af594362879a48b3c36bac75,paid_search
074cebd5d8e54e9b8be863b7d9148711,2018-03-30 19:12:39,30603de19a0f45f98e07cc24bb54cd32,organic_search
0c304483fdf640c78e511ee85c1e66ab,2017-11-08 11:21:11,f7f91884fcc441c3a73051d4c1896af9,display
f81ba41e34174fa09de41993fdd47d58,2018-01-19 23:51:30,2566ffa7a57141909a5618885cb43553,organic_search
0a733f617fe942bab18ce0457be2c9f3,2018-02-14 03:50:49,c2366a33c94543b4a5c36a8911cb5ebe,paid_search
ac933c5ce15341daa602e25982dfab43,2017-08-06 07:57:56,c2366a33c94543b4a5c36a8911cb5ebe,paid_search
749bf64671ec47d0877f0e4c0e51eac0,2017-12-04 14:02:18,b3ebd0b9fc81475f87eaafca8d37f073,paid_search
6770599886424cdfb43acf079d329ea5,2018-04-14 18:41:40,54ac0583af594362879a48b3c36bac75,organic_search
12ef6c45753646febb2e66c5dddadf67,2017-12-22 06:50:35,24f5fbd22d624e12b58faeb2f2742ebb,email
9d24171c702d44979ef44309370e9042,2017-10-21 15:24:15,32f776c66b854bc08925bb990a3b5ea3,organic_search
a2c5cfae120941799bbbb6fe67aface2,2018-05-18 11:10:58,54dadc715073494a9f52e4f263e34d4e,social
74d5afe611cd437ba91febe5fa41b395,2018-03-23 23:36:24,dc97f501f52d4c12817bfe088b55a525,organic_search
92b2b99db94e447bb3eb35554536ad3c,2017-08-15 16:46:58,5c9fede2c59f461bab56ff6d802fa6a1,organic_search
4bf6e48d47e54d4fb792345149a1a317,2017-07-25 04:00:44,9949586af6134c339c1809ad3ec0df66,organic_social
f5ebb11b6d81492dad770fa61bd59b68,2017-06-09 16:46:44,32f776c66b854bc08925bb990a3b5ea3,organic_search
fa21b23809f94e1f995114671c6b6e9d,2017-10-15 01:02:26,6eb360925f334493a6951325d8182624,email
65d58697d1044bf0a7c0cde5a08ce7c9,2018-05-05 19:19:44,b3ebd0b9fc81475f87eaafca8d37f073,social
528058b3b93a4573b22f00430c6eb2bb,2017-11-28 09:40:09,dc97f501f52d4c12817bfe088b55a525,organic_search
b41c511f40e54ec9b9bf97613d621409,2018-03-09 03:03:38,7e92b46dac574b1b9786c529162a68c6,display
b610e5f62d8d4564a7dac9a16227e7e7,2018-01-07 07:43:15,2566ffa7a57141909a5618885cb43553,organic_search
7adec5e7b2ca4a12a22901874f81d7bf,2017-12-21 18:17:03,7b5e3159006745bdbee47199b5293638,referral
af50103d977f4a868fff6a5c58c74186,2018-02-16 12:09:03,eabde2c6e9064911b23d789ff68f2bbb,organic_search
c49daf79bdab46cbabd0fcd1fd148322,2018-01-12 09:55:28,7e92b46dac574b1b9786c529162a68c6,referral
e9057d1e168b48f4889678ecf93f21ed,2017-07-21 01:47:20,d4a547d9c0264e5e821f2ce922348c3d,organic_search
1e00024d5b80412dadd97e7147c6d5fd,2017-12-13 15:23:09,54ac0583af594362879a48b3c36bac75,social
e9e42175b1e7476d947fff5fa503d6bb,2017-10-29 06:53:51,ff05ce68802a4f1796f1c6ff9508133e,direct_traffic
d0c287339df84c1a9104bb50c0f8880b,2017-08-30 21:37:43,b5aed19b7ce942ceb1082d725df90ba9,organic_social
2b3ac8dd91fa4b05a19409cc68e1629b,2018-02-27 22:06:59,6eb360925f334493a6951325d8182624,organic_social
2bd2f9ebe1b240b3afbaeddbce98c36c,2018-02-21 15:47:08,dc97f501f52d4c12817bfe088b55a525,email
974fafdb9cc34a1a9f3f61dcbdfb794e,2018-05-15 01:48:56,d4a547d9c0264e5e821f2ce922348c3d,referral
229fc64b6aaf4a86817d7aeaf1a559c2,2017-10-06 04:02:39,9949586af6134c339c1809ad3ec0df66,organic_search
1408fbece8e44b1abc50368edce7ee3d,2017-07-29 01:56:04,5c9fede2c59f461bab56ff6d802fa6a1,paid_search
dceab950b6a9459f97e712d6cd16347d,2017-06-19 20:56:36,b5aed19b7ce942ceb1082d725df90ba9,paid_search
739b8ea6b9d340fc92b1af21ca2745f0,2017-10-01 02:23:50,c005e1915b5a420dba2530a0e055f0e1,paid_search
1307a69d997241b19911523ec104e56d,2017-07-22 10:01:45,9949586af6134c339c1809ad3ec0df66,paid_search
c4327d64858b4651960a4e45567fa20a,2018-04-14 14:43:46,ff05ce68802a4f1796f1c6ff9508133e,social
09f755643c8e4b94b102bf1848e2ad01,2017-12-19 03:41:18,9949586af6134c339c1809ad3ec0df66,organic_search
a474381e968148aa9c836fc82ccbda76,2018-05-21 09:46:02,6eb360925f334493a6951325d8182624,direct_traffic
009c08d0d51f41ca85ec587a94b4d20c,2017-09-14 06:13:37,280fc02b8ead46d897a70c9fa8a76c35,organic_search
b07d7d99a85149beb94e14de946fdf74,2017-09-13 12:39:24,d4a547d9c0264e5e821f2ce922348c3d,paid_search
86d61fbb5d714804a2413e3245385d4d,2017-10-26 21:42:39,0c738336dbd04e959c993ff02dbf5e0f,social
87cd8c18c5544be48d3133388109e51b,2017-06-02 03:25:52,32f776c66b854bc08925bb990a3b5ea3,email
c35e0a055ba648e4a84ee59d9e5bb2d7,2018-02-13 22:39:02,6eb360925f334493a6951325d8182624,direct_traffic
ede424365f414b7fbdbcef21b9e7bd15,2017-11-04 08:41:16,32f776c66b854bc08925bb990a3b5ea3,social
b127cd1875a74463a64bd8b52383481f,2017-11-09 02:31:43,32f776c66b854bc08925bb990a3b5ea3,organic_search
55fa89ab4e074481bf8e9011981cc8e4,2017-09-04 12:05:36,5c9fede2c59f461bab56ff6d802fa6a1,social
fbb8b894259f4ba2ac1f953edcca47b3,2018-01-20 05:09:50,e73bb83cf417427888827b7bd8835d0c,organic_search
1527ba2e75654ca18bd927373a0b030b,2018-05-08 17:16:46,7b5e3159006745bdbee47199b5293638,paid_search
b079ec586258471f91d2b34e82223148,2017-11-19 00:45:29,32f776c66b854bc08925bb990a3b5ea3,paid_search
7d17883cc3584508977a5136e46ee3ab,2017-10-14 02:48:09,32f776c66b854bc08925bb990a3b5ea3,organic_search
4bd8bcb920f547e1bcdaae3a5698baee,2018-05-14 00:21:15,fd67c44c56284345a9d416ecc4e70697,organic_search
7a1d151067f642ba927a8cef2fa41175,2017-11-28 17:15:05,702afe38d2d2425a9b41828bf926fbf5,display
4615c7f8509849ce8bd498c25c57200d,2017-06-01 17:46:43,54dadc715073494a9f52e4f263e34d4e,display
558acfe9624a4762ab90e570e0308e6d,2017-10-05 17:12:20,dc97f501f52d4c12817bfe088b55a525,paid_search
9117905989074fbe9fe867e44d0e6f0c,2017-06-24 00:37:59,702afe38d2d2425a9b41828bf926fbf5,organic_search
47087e56788f400c8e296525fdda2172,2018-05-15 10:34:57,bd7014dfab0643b08af9d59f9064c67f,organic_search
40670a4f250c4c26977236d4cffb594b,2017-09-25 19:07:28,30603de19a0f45f98e07cc24bb54cd32,paid_search
2b2d6e2ae2a045fe9bc616064067ad82,2017-08-25 05:20:12,d650cf637d2e4393939ab7a1b5bd56fb,display
e7c695e529af44a2b7789b613a3d9838,2017-07-19 03:38:26,0c738336dbd04e959c993ff02dbf5e0f,organic_search
0f484c83d38d4989bf2b512d31018a07,2017-11-19 16:28:45,6eb360925f334493a6951325d8182624,direct_traffic
b6ca4cf233854a94a2645e942f7958b1,2017-11-27 19:52:07,b5aed19b7ce942ceb1082d725df90ba9,organic_search
12c7110db0154cdb9d4fc67799b66b55,2018-05-06 17:42:45,b5aed19b7ce942ceb1082d725df90ba9,
814073117c804326969221af5351b095,2017-12-04 16:42:09,e73bb83cf417427888827b7bd8835d0c,paid_search
93324a3b979442ffb191bff700e9b89a,2017-11-28 10:57:50,f7f91884fcc441c3a73051d4c1896af9,email
0665d9b8a89a418b92e83fedd9ffe44d,2017-11-18 18:51:13,d650cf637d2e4393939ab7a1b5bd56fb,paid_search
ec9b2d6507c74d42822f272e9a764a98,2018-05-06 21:41:25,6eb360925f334493a6951325d8182624,social
e2e943403ad740219e459ee213add598,2017-07-28 09:49:41,57b30bb0fe284da5b57510a8823d88a2,organic_search
65019b5d401c4a66aa9ebf46854be24f,2018-02-21 23:17:39,e73bb83cf417427888827b7bd8835d0c,organic_search
5ea7f4efb01e4646bd4f14e3ce88f16a,2017-08-15 14:56:21,54dadc715073494a9f52e4f263e34d4e,organic_social
3c8362a4c6fa4d55be68fb0f84ead1c0,2017-09-21 05:09:24,7e92b46dac574b1b9786c529162a68c6,organic_social
a4a1c8afc9064596b29a9672c977b263,2018-02-10 01:07:30,9949586af6134c339c1809ad3ec0df66,referral
7b3a6c85ea074d279cfa14346286574a,2018-03-23 15:40:55,7e92b46dac574b1b9786c529162a68c6,social
bf3f1ef487014adc99cdaedb043481d7,2017-09-14 03:15:01,54ac0583af594362879a48b3c36bac75,email
9fbf25de2f314ded88a418ca346eb433,2017-12-11 23:15:20,dc97f501f52d4c12817bfe088b55a525,organic_search
36940da1244746758fef0fa80eb607b8,2017-10-19 22:49:27,57b30bb0fe284da5b57510a8823d88a2,paid_search
a14fc090cd2f4bd3baead919951289d0,2018-03-06 16:21:26,5c9fede2c59f461bab56ff6d802fa6a1,paid_search
0c6584b5e0924ad696b5c29433fc3bf5,2018-02-25 06:22:11,b5aed19b7ce942ceb1082d725df90ba9,social
48484735cf384b8781fea74677c82722,2018-05-14 12:42:03,5c9fede2c59f461bab56ff6d802fa6a1,paid_search
510b0261125144ba844613d605fe971a,2017-11-17 14:14:12,702afe38d2d2425a9b41828bf926fbf5,organic_search
5018537c17fe4d16ada8787a04bfc6f2,2017-12-31 10:03:28,0c738336dbd04e959c993ff02dbf5e0f,social
42e1fc73f7944d98b93c87a00315ce25,2017-09-06 01:29:47,702afe38d2d2425a9b41828bf926fbf5,email
45ef09105cf14b99bbaaef9137a3f7b0,2018-02-22 12:29:53,bd7014dfab0643b08af9d59f9064c67f,paid_search
caf957eaa4a14c21bbf7ebd219b4e577,2018-04-10 04:28:36,7b5e3159006745bdbee47199b5293638,organic_search
d549d91b1c2d4ce8b2b3020b5b2bef43,2018-01-19 20:37:53,280fc02b8ead46d897a70c9fa8a76c35,organic_search
f3084652b68d4810b5d91aa8281a588c,2017-11-25 10:30:02,dc97f501f52d4c12817bfe088b55a525,organic_search
d18e1e76dfb54551a11e1ef1256c35c4,2017-06-05 18:09:55,c2366a33c94543b4a5c36a8911cb5ebe,paid_search
893cdb07838c4b05827fe13d609be33e,2018-05-17 05:21:24,b3ebd0b9fc81475f87eaafca8d37f073,social
a35f909d91534b828d23964d69446b8a,2018-05-15 05:28:10,30603de19a0f45f98e07cc24bb54cd32,social
32c166e872cc440ba8ca3ae6a86154ad,2017-10-27 22:42:42,c005e1915b5a420dba2530a0e055f0e1,direct_traffic
39bc80f7eabf44dda33e69b61c78d9fd,2018-05-07 05:55:13,0c738336dbd04e959c993ff02dbf5e0f,paid_search
c8c595ba6bea48f3a149412cb96f9142,2018-02-05 10:29:42,24f5fbd22d624e12b58faeb2f2742ebb,email
64df11396b4047c7ae97643addfd7c36,2017-10-29 00:34:03,b3ebd0b9fc81475f87eaafca8d37f073,organic_search
b158aa9bdece42fba1d0954eb554247f,2017-06-21 07:54:45,0c738336dbd04e959c993ff02dbf5e0f,paid_search
636ee5bb532144228dacc382379fe533,2018-03-31 04:29:38,eabde2c6e9064911b23d789ff68f2bbb,email
f4a7805b0cf74f3892d1a35fa5e833d4,2018-02-06 11:08:04,e73bb83cf417427888827b7bd8835d0c,organic_search
b6c827fdcd1f4564a9e051333847ac2d,2018-01-07 12:49:30,57b30bb0fe284da5b57510a8823d88a2,organic_search
eaee3b145d5449598a93c2dac82dba8c,2017-06-01 01:49:00,b5aed19b7ce942ceb1082d725df90ba9,referral
a6792ed94db94b66882b53711695085f,2017-08-10 12:45:03,5c9fede2c59f461bab56ff6d802fa6a1,paid_search
3e9fdc89cfcd478f9fd5e1ad9fae88e4,2017-10-24 18:16:37,57b30bb0fe284da5b57510a8823d88a2,direct_traffic
27b9a1fa33f94417ba75f0355b048d3b,2018-03-15 05:38:41,24f5fbd22d624e12b58faeb2f2742ebb,organic_search
82b8fba2f93e4543ab9ea5c7c9825680,2018-06-01 09:51:17,2566ffa7a57141909a5618885cb43553,direct_traffic
a3d9c43c763544c8ae15655c7e975af3,2017-09-09 15:43:49,702afe38d2d2425a9b41828bf926fbf5,paid_search
45a474cb096042f381f664fcd88d4d0a,2017-07-12 10:35:16,9949586af6134c339c1809ad3ec0df66,organic_search
dde34018d34b42049b340270bdbab04a,2017-06-17 17:13:40,c2366a33c94543b4a5c36a8911cb5ebe,social
c47d2dbfb9fb4356936d62f467077ff6,2017-11-29 09:03:21,280fc02b8ead46d897a70c9fa8a76c35,organic_search
329a00c1e7ee4fea969313f5d7398df8,2018-05-14 23:11:38,ff05ce68802a4f1796f1c6ff9508133e,paid_search
031d5ca7d6bf4d689e1e794e116d7ae9,2018-01-03 14:31:52,5c9fede2c59f461bab56ff6d802fa6a1,organic_search
35156ca7334a4fb598d984f434056f78,2017-07-21 09:30:43,c2366a33c94543b4a5c36a8911cb5ebe,organic_search
17c01a26f61b4201b4b5a76e15b11ed1,2017-11-02 21:44:15,0c738336dbd04e959c993ff02dbf5e0f,paid_search
aba096e5f8e44a06b7415b4f6af59c8a,2017-08-28 20:31:52,7b5e3159006745bdbee47199b5293638,organic_search
6e2e6a14634f4f5dbc529bfd10408340,2018-05-14 11:44:28,280fc02b8ead46d897a70c9fa8a76c35,organic_social
5a15732ef5334885a26d81c311c7af92,2018-03-24 05:04:02,57b30bb0fe284da5b57510a8823d88a2,organic_search
eeaf95cb00fe4e09a0dd41429d8bd24c,2017-09-11 09:06:10,2566ffa7a57141909a5618885cb43553,paid_search
d98a259270c14354965d9673bd90a27f,2017-12-31 20:10:51,54ac0583af594362879a48b3c36bac75,organic_search
5c394f6d86db402185c980e8a77174a8,2017-11-02 11:06:16,24f5fbd22d624e12b58faeb2f2742ebb,paid_search
033c725e109f431d86e87fd2e5d74796,2017-10-31 20:37:53,c2366a33c94543b4a5c36a8911cb5ebe,organic_social
e3fb12e986144a89a8e70f614909674e,2018-04-18 16:47:24,c005e1915b5a420dba2530a0e055f0e1,organic_search
a5144d9580334e89ba5beeda9f5dab53,2017-09-02 13:41:18,280fc02b8ead46d897a70c9fa8a76c35,display
ba8170dca7c542ca9cfb1367d9e2f153,2018-01-10 03:29:48,2566ffa7a57141909a5618885cb43553,organic_search
bf0a18a1bee54e4a8bd1439f5544751d,2018-02-25 16:05:20,f7f91884fcc441c3a73051d4c1896af9,direct_traffic
b7e1631c18bf47a3bc4f127d1e864325,2017-11-08 18:20:36,c2366a33c94543b4a5c36a8911cb5ebe,social
dfc59c910a79468baf46626004ed8454,2018-05-17 13:01:05,b3ebd0b9fc81475f87eaafca8d37f073,referral
93d94f24d905443689e6209cd0ab6432,2017-11-29 15:34:15,b3ebd0b9fc81475f87eaafca8d37f073,social
c93ba27e344445f7a838079b91985bd9,2018-01-02 14:56:13,b3ebd0b9fc81475f87eaafca8d37f073,social
3f7ad8b1f6404011bef46cd1846365f5,2017-06-15 20:20:57,e73bb83cf417427888827b7bd8835d0c,organic_search
de3450de7996444e804fc5c9550a34e4,2018-01-02 03:13:10,d650cf637d2e4393939ab7a1b5bd56fb,organic_search
8846c297cff14743b274994d3e00d93f,2017-08-11 22:23:56,c2366a33c94543b4a5c36a8911cb5ebe,organic_social
f64814e294454158a57d097cdc7b5743,2017-11-02 08:50:04,702afe38d2d2425a9b41828bf926fbf5,paid_search
7cb2c253ad144ec2a8ed396025fbcc4a,2018-02-18 13:35:04,2566ffa7a57141909a5618885cb43553,paid_search
07e3951ee8c24c03b917163bf0a2df77,2018-04-14 19:46:47,5c9fede2c59f461bab56ff6d802fa6a1,direct_traffic
3c09a2e81dcb4830994d53d03e779d64,2018-03-17 10:40:49,eabde2c6e9064911b23d789ff68f2bbb,paid_search
9a35fa8d31c047e79c2cc4504af4594c,2017-12-19 04:35:06,ff05ce68802a4f1796f1c6ff9508133e,display
68889341d4bb422595bc0aa532982b30,2018-05-10 00:13:00,b3ebd0b9fc81475f87eaafca8d37f073,direct_traffic
86d42adeda444432b80ae8d8d698b8d2,2018-02-21 16:45:22,bd7014dfab0643b08af9d59f9064c67f,social
af4915bad92040a987e7287cedf4af49,2017-06-28 03:04:56,eabde2c6e9064911b23d789ff68f2bbb,referral
82705053ff4944f597b45a37c2e759e2,2017-10-17 23:39:41,dc97f501f52d4c12817bfe088b55a525,organic_search
906bb9951a9b4e3a8820420ff04cb7fb,2017-11-18 21:38:21,dc97f501f52d4c12817bfe088b55a525,organic_search
9590566ac07d4287b2aa981a67ef92b8,2017-10-27 20:35:13,6eb360925f334493a6951325d8182624,paid_search
634453f10f1c4c54a53d2bb7a0d33d84,2018-05-20 12:03:45,54dadc715073494a9f52e4f263e34d4e,organic_search
aff3a3a8eebf4f9a8b74e957febc3ff6,2017-07-02 04:25:17,22d5f074d6fd43b2b796684fe6998629,direct_traffic
21ddf2c046934eb4919297e9b198c03a,2018-03-27 18:35:54,22d5f074d6fd43b2b796684fe6998629,organic_social
43482be0cdf844059636ac130ca497b7,2017-06-28 07:27:58,30603de19a0f45f98e07cc24bb54cd32,paid_search
e798da3f7f8a428a9858136f6cf5b716,2017-08-13 20:27:48,22d5f074d6fd43b2b796684fe6998629,paid_search
7854673b970e47fc8aa76d86eef6450d,2018-02-09 04:57:58,9949586af6134c339c1809ad3ec0df66,display
e259bad2dcdc4d62a5c120918ba3c8a2,2018-05-12 23:17:22,54dadc715073494a9f52e4f263e34d4e,paid_search
11b4695f33694e5fa1e02158251464ba,2017-08-19 10:57:18,d4a547d9c0264e5e821f2ce922348c3d,paid_search
6d76c18ba66041e8ac202310cfeb2995,2017-11-07 00:14:05,280fc02b8ead46d897a70c9fa8a76c35,paid_search
4c6679eb3fa84732919132fcee38f542,2018-02-04 22:42:24,f7f91884fcc441c3a73051d4c1896af9,organic_social
9997ad5751984aa0b4e9332bcaaeead2,2017-09-11 04:10:35,24f5fbd22d624e12b58faeb2f2742ebb,social
58e3610bf6a54990b871db381be5bc1f,2017-06-01 05:34:16,fd67c44c56284345a9d416ecc4e70697,direct_traffic
15c773ac5ff74e4f825fa3de9a0af1c7,2017-08-01 18:55:34,dc97f501f52d4c12817bfe088b55a525,email
ccb29e0c8f4c4488b76b10eb3d86a484,2017-10-05 07:26:17,dc97f501f52d4c12817bfe088b55a525,paid_search
a96d8a88b6cf4499adcaf52273eb9503,2018-01-29 00:53:51,bd7014dfab0643b08af9d59f9064c67f,paid_search
bd9896e9efc34d4cacffc190bf5104a4,2018-02-14 16:09:31,ff05ce68802a4f1796f1c6ff9508133e,email
50523940cd7c45b785e24353b7eb12bc,2017-06-29 04:26:06,0c738336dbd04e959c993ff02dbf5e0f,paid_search
ffe43f64c067442b9c6b018741189eea,2017-12-25 17:36:42,32f776c66b854bc08925bb990a3b5ea3,email
e54397cbb02b4457af9d941021184c22,2017-09-29 19:54:19,b5aed19b7ce942ceb1082d725df90ba9,display
897b6a80302b43058911df024a348eee,2018-04-10 15:59:17,54dadc715073494a9f52e4f263e34d4e,social
73fbce9f9711488dbf8a5e6b8b79b95f,2018-05-03 22:28:12,dc97f501f52d4c12817bfe088b55a525,direct_traffic
a6b7db7ba91a402eb1f9b5df1ad7f626,2018-01-08 05:19:28,d4a547d9c0264e5e821f2ce922348c3d,email
6bd166cc0d43442ea35bed8a8040ec0f,2017-06-12 06:43:43,2566ffa7a57141909a5618885cb43553,email
3b5bdab7e2494048babb29a5fadcca3c,2018-05-03 08:45:46,32f776c66b854bc08925bb990a3b5ea3,paid_search
d7880995fe0643ce887e3b228fa089a0,2018-02-17 19:54:14,54ac0583af594362879a48b3c36bac75,organic_search
d45692d61514407c81c8521e14bcc4bd,2018-01-30 17:29:35,0c738336dbd04e959c993ff02dbf5e0f,paid_search
cd25b9df7d6448fca2e0c52ce56d5980,2017-10-27 03:38:29,702afe38d2d2425a9b41828bf926fbf5,direct_traffic
1f1910f038184a9f98fc280a1c484a9f,2018-02-08 13:22:27,57b30bb0fe284da5b57510a8823d88a2,paid_search
b6a856f7a6994edd9debf8569eabe99c,2017-10-19 14:14:33,ff05ce68802a4f1796f1c6ff9508133e,direct_traffic
46af8ca498dc4bcabfa26eeed9b6c68b,2018-05-24 03:54:28,b3ebd0b9fc81475f87eaafca8d37f073,paid_search
9ef314c7693a4ad3843056de9cc83689,2017-12-31 15:28:03,2566ffa7a57141909a5618885cb43553,social
382f3217da37404589ccb824fe37c983,2017-06-15 10:19:08,b3ebd0b9fc81475f87eaafca8d37f073,organic_search
c9c263160c124654b4ee14bbf019e55b,2017-08-01 20:32:32,ff05ce68802a4f1796f1c6ff9508133e,direct_traffic
11adf7e563ab46e1b4b1268b6d6f6dca,2017-06-06 21:08:12,0c738336dbd04e959c993ff02dbf5e0f,social
52bc97604f144426b8815ec0b9ef3a77,2017-06-18 23:29:15,d4a547d9c0264e5e821f2ce922348c3d,organic_search
5093c4e0e3da469594c77a3d6cb8526b,2018-05-03 22:34:08,b3ebd0b9fc81475f87eaafca8d37f073,paid_search
303c8082145545e5941f3ec5df29600c,2017-06-22 12:54:54,2566ffa7a57141909a5618885cb43553,direct_traffic
6f72887b316744388a11474e2d70bdd5,2018-01-26 16:41:16,b5aed19b7ce942ceb1082d725df90ba9,paid_search
1cb221e8341b4bda9b268f6781724138,2017-06-05 05:45:50,7e92b46dac574b1b9786c529162a68c6,organic_search
a4ef7a9dc0ea48d0bc9541ba3211b96b,2018-02-12 18:19:16,54ac0583af594362879a48b3c36bac75,display
4815e45c35b84c90bf8c3c425424aa03,2017-11-26 19:07:00,ff05ce68802a4f1796f1c6ff9508133e,direct_traffic
bc7b8f20a69d4081953522cf06218290,2018-02-18 02:17:06,32f776c66b854bc08925bb990a3b5ea3,display
9c30d5d290464185b13a096688453230,2018-05-02 05:30:44,7e92b46dac574b1b9786c529162a68c6,paid_search
39b5ddf9b6c84359916e791a3727054c,2018-05-02 20:30:12,42aab95b911f48e28fc6e5aff6d61bab,paid_search
b5918dc20d884f3b857194d5a14808df,2018-01-22 05:05:55,b5aed19b7ce942ceb1082d725df90ba9,referral
469716a0784d4f4e9b13c99500e99bc6,2018-05-04 11:01:45,c2366a33c94543b4a5c36a8911cb5ebe,social
8eb2b295232b4e4d9b9de6f7169af593,2017-12-19 02:29:00,c2366a33c94543b4a5c36a8911cb5ebe,direct_traffic
477c2001ff22485a9114f1a77a9e09e9,2018-04-27 17:36:45,ff05ce68802a4f1796f1c6ff9508133e,organic_search
d42a4b361ec0466aaa5b304f194e5108,2018-01-28 22:03:28,57b30bb0fe284da5b57510a8823d88a2,paid_search
03232fefbfb14a969a6f6afb4424c987,2017-09-01 20:58:22,f7f91884fcc441c3a73051d4c1896af9,organic_search
46375b501aac49c8b8940d17c89cac2c,2018-02-15 23:59:24,30603de19a0f45f98e07cc24bb54cd32,organic_search
655311c4fe4341b5aaf26aa7dc8adf0b,2017-10-11 04:42:43,f7f91884fcc441c3a73051d4c1896af9,organic_search
f5ffe7b7cf15489194cd8e8747f85a6c,2017-11-13 21:26:22,702afe38d2d2425a9b41828bf926fbf5,organic_search
74eea1761cf745b2ae8652ac6b74dd4c,2017-11-26 21:16:50,fd67c44c56284345a9d416ecc4e70697,other
d987f15a342d4b0aa4a1f5f62651f1a3,2017-12-24 02:27:36,eabde2c6e9064911b23d789ff68f2bbb,organic_search
686230682c01405f9b8b8c5af93f5d8d,2017-06-16 05:47:43,9949586af6134c339c1809ad3ec0df66,direct_traffic
fc629f387bad464e91c259a41764e2ef,2017-07-20 03:52:02,6eb360925f334493a6951325d8182624,email
39cf8169410f4beea98e9b74182490b1,2018-05-14 17:20:44,42aab95b911f48e28fc6e5aff6d61bab,social
73ec44ba026d48eb8c91463c155567af,2017-09-27 08:36:53,dc97f501f52d4c12817bfe088b55a525,organic_search
5e13b12f9ed842bbbd13376cceff2809,2017-08-29 13:59:02,d650cf637d2e4393939ab7a1b5bd56fb,direct_traffic
a1b23c65cf464e4a8cfd7fa8072acba4,2018-01-02 02:20:37,eabde2c6e9064911b23d789ff68f2bbb,social
3b501d2028044d92a73aa2c3059b96c3,2018-04-10 09:07:11,dc97f501f52d4c12817bfe088b55a525,direct_traffic
65f940e3cb5a424696787657b7847128,2017-06-20 02:39:12,b3ebd0b9fc81475f87eaafca8d37f073,direct_traffic
9e3c8edd56424e55b372c1d1861df690,2017-12-09 22:04:59,d4a547d9c0264e5e821f2ce922348c3d,other
bbed17235da542b2a98c8b1d0d281677,2017-06-16 06:20:15,42aab95b911f48e28fc6e5aff6d61bab,social
c4da916bb78043e3adf5bbf546fd00cc,2017-07-26 16:21:58,ff05ce68802a4f1796f1c6ff9508133e,paid_search
9893dec295854468b44da6675383773d,2017-08-08 23:12:24,702afe38d2d2425a9b41828bf926fbf5,social
62f64ce7a2bb46898f104b542bb087cb,2018-03-12 07:16:19,54ac0583af594362879a48b3c36bac75,organic_search
d2412d3fa4e6410f9b026df693a95f7e,2017-10-08 17:52:49,b3ebd0b9fc81475f87eaafca8d37f073,referral
402d440aec19416e8b31570539278305,2018-05-14 10:24:58,9949586af6134c339c1809ad3ec0df66,organic_search
2466966787314397b8e65007a839ac38,2017-09-12 05:54:05,7b5e3159006745bdbee47199b5293638,paid_search
1e715197c9224399b1458d18c63c68c4,2018-02-26 07:00:04,24f5fbd22d624e12b58faeb2f2742ebb,email
2758c96b43034fc384f7496b37e2aab4,2018-03-26 00:52:57,d4a547d9c0264e5e821f2ce922348c3d,social
7972c7016e324081ba7f0aca04df76dc,2018-05-09 03:30:09,54ac0583af594362879a48b3c36bac75,paid_search
dd94093f98064ff79bcd85e25e131cfd,2017-06-18 05:07:03,5c9fede2c59f461bab56ff6d802fa6a1,paid_search
2e767ab5566043b584442e13be621ed6,2017-06-03 13:05:28,d650cf637d2e4393939ab7a1b5bd56fb,referral
a5123e5fbe3445edbafc76f4f1e71d68,2017-12-26 20:41:27,c005e1915b5a420dba2530a0e055f0e1,paid_search
fd958d5bce4a46be865e600932dbef2b,2017-07-07 12:24:17,32f776c66b854bc08925bb990a3b5ea3,referral
50afc709371d4b39878d940aaa3b35a4,2018-05-16 23:22:58,30603de19a0f45f98e07cc24bb54cd32,organic_search
8f20cf63db9d4160aa6aca4eb9118a25,2018-02-10 06:55:21,bd7014dfab0643b08af9d59f9064c67f,email
5c9b6986861d4740b6a48a87744a01ab,2017-09-15 20:45:59,bd7014dfab0643b08af9d59f9064c67f,email
d0f8c6b936c74a44a3bd5205a6dab76f,2018-01-29 18:14:07,7e92b46dac574b1b9786c529162a68c6,organic_search
03af694455db4543b694aedb0e4da8cb,2017-11-30 22:31:05,5c9fede2c59f461bab56ff6d802fa6a1,paid_search
6a8758d1f10246b18a124e034d483e99,2018-03-14 05:01:11,280fc02b8ead46d897a70c9fa8a76c35,organic_search
fa86783c9abe4df08c38e363a040b89f,2017-07-05 15:58:44,7b5e3159006745bdbee47199b5293638,direct_traffic
35438f8909824cad89b9c7ed0ead0ee2,2018-04-17 13:41:38,54dadc715073494a9f52e4f263e34d4e,social
fc305e09150f43e3b4b7614ec2ca5d0a,2017-07-07 20:43:19,24f5fbd22d624e12b58faeb2f2742ebb,social
30c181fe57ff43848e8a80c9ce059bce,2017-08-05 18:49:56,0c738336dbd04e959c993ff02dbf5e0f,organic_search
826ca82491a14681b7b8d38dcbd1c54c,2017-07-22 04:17:36,6eb360925f334493a6951325d8182624,organic_search
67d637c7d58c4c7eb2e9b258486c23c2,2017-09-27 01:52:27,fd67c44c56284345a9d416ecc4e70697,organic_search
eeb4e2fa95cb4e0ba90c661b3293e12b,2018-03-04 12:02:54,e73bb83cf417427888827b7bd8835d0c,paid_search
b0a0e1ca137b41008806a159f5f56c97,2017-09-23 10:33:17,c2366a33c94543b4a5c36a8911cb5ebe,social
62f1ccc5350b4efabb92633157816497,2017-10-07 14:12:53,f7f91884fcc441c3a73051d4c1896af9,referral
729dfab353c448d0aed04faa699fe055,2017-12-01 02:28:26,54dadc715073494a9f52e4f263e34d4e,direct_traffic
9719aaeaa5e642d6ac74d7f974ad4736,2017-08-20 10:29:17,24f5fbd22d624e12b58faeb2f2742ebb,paid_search
085f6c9d407a48d194db9e8e4f6414a4,2018-03-01 20:56:53,9949586af6134c339c1809ad3ec0df66,display
6d4c61af5e7b4837a2a140af821be1d1,2018-02-21 22:15:17,30603de19a0f45f98e07cc24bb54cd32,direct_traffic
96354a7d6d4f4968ae358b64536eb738,2017-11-07 14:32:06,fd67c44c56284345a9d416ecc4e70697,organic_social
9898b329aeb9434f8936530347510b7e,2017-06-30 19:52:37,f7f91884fcc441c3a73051d4c1896af9,social
50f2582ef440434fbd97921f40065faf,2017-07-27 21:13:05,6eb360925f334493a6951325d8182624,organic_search
fd0dd16d33654e54bb0d7771681566ed,2017-10-13 23:47:00,e73bb83cf417427888827b7bd8835d0c,organic_search
c6bb8defc0e44633b3a01337b16b8d05,2017-06-17 12:18:28,7b5e3159006745bdbee47199b5293638,direct_traffic
18a8a4b62a2b4eadafa8909ba1926efc,2017-10-12 07:18:01,42aab95b911f48e28fc6e5aff6d61bab,organic_search
431b42a57a0d4059898c6ed24f8c4add,2017-07-01 05:04:16,54ac0583af594362879a48b3c36bac75,paid_search
a5e80f7999854c55804e6b721608843f,2018-03-08 12:00:02,c2366a33c94543b4a5c36a8911cb5ebe,social
4203c0e9ab7748419850ff63ab434faf,2018-05-06 02:16:09,9949586af6134c339c1809ad3ec0df66,social
2834ee00956f49bd8a620990c049a3c6,2018-02-08 02:39:16,280fc02b8ead46d897a70c9fa8a76c35,social
186b0c6cdc104202bf3c490d8ebca309,2018-03-16 22:12:34,f7f91884fcc441c3a73051d4c1896af9,organic_search
57d373efc79245b28773d0b9f6f770b9,2017-06-19 12:35:30,24f5fbd22d624e12b58faeb2f2742ebb,paid_search
02bc165349844cab8223e17574294e01,2017-12-31 21:46:40,22d5f074d6fd43b2b796684fe6998629,social
9e9c3aa22c83489f846efbedd98793c6,2018-04-10 02:56:03,5c9fede2c59f461bab56ff6d802fa6a1,display
41146fcc4e5149e795f86502486ce200,2018-03-10 17:25:53,2566ffa7a57141909a5618885cb43553,direct_traffic
5ae000d8ed174d80ae3bd155efbb8b6e,2017-10-17 01:31:11,dc97f501f52d4c12817bfe088b55a525,organic_social
85bf108738394fdcb4cea549f27a37e6,2017-06-19 18:04:49,30603de19a0f45f98e07cc24bb54cd32,direct_traffic
cc067f36351d4a59bc0e4e44a3001363,2017-09-24 23:40:40,7e92b46dac574b1b9786c529162a68c6,social
8fbcc85822504a1aaae1db9a46adc17c,2018-01-07 17:23:19,0c738336dbd04e959c993ff02dbf5e0f,organic_search
08f00434c8c4463e8b69c7267d302ada,2017-09-25 00:46:50,c2366a33c94543b4a5c36a8911cb5ebe,direct_traffic
80c3c3ab14a249638e78b6f6e8fcd9c7,2017-06-29 00:57:34,d650cf637d2e4393939ab7a1b5bd56fb,social
29857de58ae64a31bf515ed6d1eb3960,2017-09-09 19:26:56,fd67c44c56284345a9d416ecc4e70697,social
d8c6856be9b0406fb5fbdc9c6c73ff0b,2017-12-12 00:39:31,c005e1915b5a420dba2530a0e055f0e1,paid_search
3c0db84feb7a472d8fb68796bf86d867,2018-02-02 01:53:54,ff05ce68802a4f1796f1c6ff9508133e,social
7a0422bcc072411eb29a3ef863f914ff,2017-12-11 04:33:35,7b5e3159006745bdbee47199b5293638,paid_search
22d59f9d72784596ad7db4e64eafc09d,2018-05-26 15:32:25,c005e1915b5a420dba2530a0e055f0e1,social
928463cc54f34240b6fa308e0e5f570e,2017-08-10 04:12:29,b3ebd0b9fc81475f87eaafca8d37f073,organic_search
944aded547354dfd8b2cd60f6d6a323e,2017-07-31 22:24:54,5c9fede2c59f461bab56ff6d802fa6a1,email
b48a00844e224521bf72c00e5a6093e4,2017-12-06 12:48:29,54ac0583af594362879a48b3c36bac75,organic_search
8045068f4cf64da9a6b2bb190ea2d9b9,2017-11-23 15:53:36,c2366a33c94543b4a5c36a8911cb5ebe,organic_search
dd2302997fd74692b94b79dcf5328006,2017-06-30 08:40:17,9949586af6134c339c1809ad3ec0df66,paid_search
c11e05d6a4b04d3eadec1e9a8a0ec569,2017-07-18 21:25:51,e73bb83cf417427888827b7bd8835d0c,direct_traffic
3b873eddbf514da08977286181fe1685,2017-09-25 15:02:21,22d5f074d6fd43b2b796684fe6998629,paid_search
782e9a7295b647b1ae3035eee2121520,2018-03-02 20:40:55,eabde2c6e9064911b23d789ff68f2bbb,organic_search
ae2fb9311e824291b42e624f6e583d98,2017-06-08 09:05:57,bd7014dfab0643b08af9d59f9064c67f,social
959d85f5a1b24ea8b212a5bf5f4de32c,2017-06-30 02:47:21,eabde2c6e9064911b23d789ff68f2bbb,paid_search
e4027563a1b7480f8cdff488fd8e5ec7,2017-08-04 15:58:02,32f776c66b854bc08925bb990a3b5ea3,organic_social
8172c908f9b245eb8550c3eb1277302b,2017-10-23 01:35:30,42aab95b911f48e28fc6e5aff6d61bab,organic_social
4f87ff2acec243ef944614c3faf4e1f9,2017-11-27 21:55:59,d4a547d9c0264e5e821f2ce922348c3d,social
312ce31ed3544fe9a0093e1bb1661f90,2017-10-04 10:38:47,2566ffa7a57141909a5618885cb43553,paid_search
2b92ce42969a4a748ecdaf8f8b83016c,2018-04-07 14:29:02,6eb360925f334493a6951325d8182624,direct_traffic
b85f6ff3df20401aa0926e263adc1693,2018-05-03 04:27:20,57b30bb0fe284da5b57510a8823d88a2,organic_search
5ee2e1148a2646dca433042151eaf14a,2017-07-10 02:46:51,b5aed19b7ce942ceb1082d725df90ba9,paid_search
5a4bf649b76045f58e3a34b278e50c45,2018-03-06 07:29:42,6eb360925f334493a6951325d8182624,paid_search
0dc067e91aaf4dcd84434e24d04be8b1,2018-05-28 12:59:47,5c9fede2c59f461bab56ff6d802fa6a1,organic_social
feff8287b94b49b68d60f787ee08c68f,2017-09-21 16:08:55,f7f91884fcc441c3a73051d4c1896af9,organic_search
b40ea1ecf2cc4a628c6b484f61f02838,2017-11-02 13:21:34,d650cf637d2e4393939ab7a1b5bd56fb,social
2ae2a70cb9dc4c9196e5d61257eaf00d,2018-03-10 10:39:22,54dadc715073494a9f52e4f263e34d4e,direct_traffic
7aa94014df0d46a498ef6fc5c99f0f4c,2018-05-01 08:53:28,30603de19a0f45f98e07cc24bb54cd32,paid_search
a593597d434f4405b564e5bfaf0c4bfd,2017-10-15 11:36:33,f7f91884fcc441c3a73051d4c1896af9,organic_search
adf82847eaae40c982fca126a7e54ee1,2018-03-05 18:19:47,dc97f501f52d4c12817bfe088b55a525,other
5c373220255a49c7aa2402b8c4f22d05,2017-06-28 12:37:14,5c9fede2c59f461bab56ff6d802fa6a1,social
11cd0a52567f4da88246ea55c9d5ecb5,2017-12-28 22:38:29,6eb360925f334493a6951325d8182624,social
948e6fd1a68047b0bcbca06ef6ad8ca5,2017-10-22 02:51:22,54ac0583af594362879a48b3c36bac75,organic_search
e8e3ad3a7d4e4b8ca446de806e3928d6,2017-08-10 18:58:07,9949586af6134c339c1809ad3ec0df66,paid_search
318bb303987f4fc88d655d1065a09b4e,2017-11-04 20:07:58,54ac0583af594362879a48b3c36bac75,paid_search
0b97f5954420405d88e5cc28baecec77,2017-08-02 13:33:29,22d5f074d6fd43b2b796684fe6998629,organic_search
206e3851ddba48b680b8472c041c9a6a,2017-08-12 01:18:21,9949586af6134c339c1809ad3ec0df66,organic_search
44fa5455680b4b768f13b4bdd0b4da42,2018-05-24 16:01:48,d4a547d9c0264e5e821f2ce922348c3d,email
09db4a32461a4ee3a1c4bdfa37f24df6,2018-01-19 04:09:33,e73bb83cf417427888827b7bd8835d0c,organic_search
61ca8e88cfd3410d8348812ee3d62c67,2018-02-11 01:13:44,b5aed19b7ce942ceb1082d725df90ba9,organic_search
f20724bb6bab481e939aa28ab45569cd,2017-10-21 21:25:01,ff05ce68802a4f1796f1c6ff9508133e,social
f565f196020348bdbf5ae427cb40b687,2017-11-01 03:04:34,eabde2c6e9064911b23d789ff68f2bbb,direct_traffic
2e111ccd7d034c86a05cbfc40fcb2a9d,2017-10-21 22:12:00,ff05ce68802a4f1796f1c6ff9508133e,organic_search
519ec43ea60945ad80084bbc33327236,2018-02-09 00:41:10,54dadc715073494a9f52e4f263e34d4e,social
544fcabe4e7c4c449969177a6d84ed39,2017-12-13 14:00:18,b3ebd0b9fc81475f87eaafca8d37f073,organic_search
1e7d21808dbd4998a7729071cb58a0fb,2017-06-23 08:10:18,54ac0583af594362879a48b3c36bac75,organic_search
c3eec5c686c2476a81f7dbdfc70dc5ed,2017-12-12 06:42:53,57b30bb0fe284da5b57510a8823d88a2,organic_search
0429206871994649babd41aefd67c9f3,2018-01-07 19:23:14,eabde2c6e9064911b23d789ff68f2bbb,email
3d068bc8f83845fd82a0fd756173486d,2018-05-05 11:06:36,eabde2c6e9064911b23d789ff68f2bbb,organic_search
41cd5713d8e04d3685b9dee4d4b55497,2018-03-05 12:39:47,c2366a33c94543b4a5c36a8911cb5ebe,organic_search
be952f3b59ba43c6bd6b83975f32a840,2017-06-14 22:09:48,d650cf637d2e4393939ab7a1b5bd56fb,paid_search
782eb4993ade4c28b1ddfba8f3ba4f52,2017-11-20 09:33:30,280fc02b8ead46d897a70c9fa8a76c35,email
a87c1df9265d4f618b084d5e31b1453b,2018-03-30 07:53:02,d650cf637d2e4393939ab7a1b5bd56fb,organic_search
5468fcdfd7c34e6c85a81e37eb4dd919,2017-06-15 12:24:48,22d5f074d6fd43b2b796684fe6998629,paid_search
f956662dacff4282aec927d8e3748a8f,2018-04-15 15:48:15,54dadc715073494a9f52e4f263e34d4e,organic_search
556874ed87cc441d8b5932f55c9d1598,2018-01-05 02:04:46,280fc02b8ead46d897a70c9fa8a76c35,paid_search
c214f3e7a15e4a0ea19a787e7877f429,2017-07-26 20:08:41,ff05ce68802a4f1796f1c6ff9508133e,social
a653b29d3bbb45e88aa4361c529685df,2018-05-14 10:27:52,54dadc715073494a9f52e4f263e34d4e,social
e8d2b94bb2a84a53a2c1c6ba54699d40,2018-03-01 16:52:32,7b5e3159006745bdbee47199b5293638,paid_search
d3f86686d78e44b9a2246c6973c5f362,2018-03-21 20:41:28,d650cf637d2e4393939ab7a1b5bd56fb,paid_search
24d771c5777e4d6480e4130c7ffa8571,2018-02-21 09:28:11,32f776c66b854bc08925bb990a3b5ea3,organic_search
7fd6e2a948a6440b8f88c17c07fe7210,2017-12-13 17:00:54,22d5f074d6fd43b2b796684fe6998629,paid_search
8f8d56bc5e85412092c04a9e64006586,2017-09-30 04:48:04,c2366a33c94543b4a5c36a8911cb5ebe,organic_search
0e4f4cb9564944f08d1a2d4a2cacf504,2017-06-08 10:13:11,280fc02b8ead46d897a70c9fa8a76c35,direct_traffic
1e712c6cf45a469d90e47c6133ee4f07,2018-05-16 09:59:25,24f5fbd22d624e12b58faeb2f2742ebb,display
b3a01ba8c40d4a1795453cd998cae635,2017-10-06 19:45:46,0c738336dbd04e959c993ff02dbf5e0f,other
e14a8547b536486481c51c931f72bdcf,2017-11-20 20:47:32,ff05ce68802a4f1796f1c6ff9508133e,referral
b7000d08d08f41bd902b82e41d8138eb,2017-06-20 22:24:41,b5aed19b7ce942ceb1082d725df90ba9,social
23d46b100c5645a88374249e515e7a2d,2017-12-03 09:47:05,57b30bb0fe284da5b57510a8823d88a2,direct_traffic
9c33aeef766e49ddb783255d5e2f96bb,2017-10-07 23:46:34,280fc02b8ead46d897a70c9fa8a76c35,paid_search
3eda41d532c540cbbe7c65e4eac7a110,2018-04-08 00:26:57,dc97f501f52d4c12817bfe088b55a525,social
db77abea3fd04d508ff0087186ff0203,2017-11-05 20:41:46,57b30bb0fe284da5b57510a8823d88a2,paid_search
6a7e28f2a55b4ee5b7e1f82bd9fc5f77,2017-11-12 09:37:50,54dadc715073494a9f52e4f263e34d4e,paid_search
0e887f76d9fe4850b5f492b695396b6a,2017-08-31 16:09:30,b3ebd0b9fc81475f87eaafca8d37f073,direct_traffic
c05e770ecf1448aebb79512e3c253206,2017-06-09 16:00:59,e73bb83cf417427888827b7bd8835d0c,paid_search
160119544178410a8129109930038af8,2018-01-25 01:20:50,7e92b46dac574b1b9786c529162a68c6,paid_search
3324ac3f5b84491388784f3ca51ace67,2018-02-01 23:13:10,54dadc715073494a9f52e4f263e34d4e,organic_social
46e12ed3fc3d4dd6b96b5a021b1a812a,2018-03-12 07:55:53,7b5e3159006745bdbee47199b5293638,organic_search
97b1e9f620f94d609d3ad7fed3ecb626,2017-06-30 21:06:05,24f5fbd22d624e12b58faeb2f2742ebb,paid_search
4b2ba286d60b4e4eae427dc43bebffa3,2017-10-20 22:13:16,c005e1915b5a420dba2530a0e055f0e1,organic_social
d5bad154c56642f2a733eeb767e23709,2017-11-08 02:19:54,b3ebd0b9fc81475f87eaafca8d37f073,social
867f82f42d3b4564a5e78ba081d6555b,2017-09-01 09:23:37,d650cf637d2e4393939ab7a1b5bd56fb,social
8cf0dd8a388d4e4ba1b481282db281fe,2017-10-20 09:26:58,54dadc715073494a9f52e4f263e34d4e,organic_search
b1efc206e1674046beaf02288dc199b6,2018-02-09 04:37:55,9949586af6134c339c1809ad3ec0df66,paid_search
30c2f195e4ed4973b64cb2cd79c568cc,2018-04-19 06:21:11,2566ffa7a57141909a5618885cb43553,referral
1359c1de13ee42c8b9613b867b1222d5,2018-04-13 23:53:00,eabde2c6e9064911b23d789ff68f2bbb,social
8c5b23f2d1f043aebfbd41227f6e3a39,2017-09-28 04:10:00,d4a547d9c0264e5e821f2ce922348c3d,social
e7841e7d075b42e2bc52834036c97730,2017-06-20 06:42:30,57b30bb0fe284da5b57510a8823d88a2,organic_search
1439ebe2b387499c8373e74c389b0291,2018-02-15 16:01:52,702afe38d2d2425a9b41828bf926fbf5,organic_search
c967e9172d014b85b9180c7dd3762ec4,2017-11-10 01:31:39,c005e1915b5a420dba2530a0e055f0e1,display
9be8650b4a034b83b64e9a529bdc6e0f,2017-09-25 02:12:50,f7f91884fcc441c3a73051d4c1896af9,paid_search
998c3a991e014a7dbf70da7813809bc3,2017-10-11 09:22:23,e73bb83cf417427888827b7bd8835d0c,social
9ff9a00e0fea40b796ce8d74557d1f3a,2018-05-14 12:51:52,c005e1915b5a420dba2530a0e055f0e1,organic_search
e7ddc417d19c447b99673ffaa4fc083f,2017-06-23 21:51:59,9949586af6134c339c1809ad3ec0df66,direct_traffic
fe5db7cf575941d381ba06f011404dd8,2017-11-27 03:58:28,24f5fbd22d624e12b58faeb2f2742ebb,organic_social
11a51c455e304c8d839fba9745eb800d,2018-02-15 16:09:31,dc97f501f52d4c12817bfe088b55a525,social
7b60951f1d2d440b9628eba78b008cbe,2018-02-17 02:49:11,9949586af6134c339c1809ad3ec0df66,organic_search
245212a812f2462a87d5474b96227b6a,2017-09-13 11:51:41,702afe38d2d2425a9b41828bf926fbf5,social
66536db675fd4381a366239ad7bd5587,2017-12-08 15:08:41,24f5fbd22d624e12b58faeb2f2742ebb,direct_traffic
e92a8dae7d5c42c2a5094bfb8507ff96,2018-04-25 15:31:38,5c9fede2c59f461bab56ff6d802fa6a1,paid_search
81cd9a4e304a4d3aa36c8085588be330,2017-10-23 05:12:33,e73bb83cf417427888827b7bd8835d0c,referral
a7097e1866264ceba26b495c770e2dea,2017-11-15 22:05:56,280fc02b8ead46d897a70c9fa8a76c35,social
6a78f519fcff4b22a9206f175c0d8193,2017-12-02 12:11:47,7b5e3159006745bdbee47199b5293638,referral
fc0359b18bde42aea9d28eebeda182e6,2018-04-30 13:38:34,6eb360925f334493a6951325d8182624,social
796e99e06c904fe3a51a4929a4340998,2017-10-29 22:38:35,e73bb83cf417427888827b7bd8835d0c,organic_search
add1f4fc0c6d41d39e6c25ed34d8e57b,2017-08-22 13:24:34,eabde2c6e9064911b23d789ff68f2bbb,paid_search
973f32eb01bc403d81047903c59fa24b,2017-10-27 05:27:49,c2366a33c94543b4a5c36a8911cb5ebe,organic_search
e513d1303bbd4efb96908a6d5b08aa90,2018-03-30 00:55:46,dc97f501f52d4c12817bfe088b55a525,organic_social
0cfc7591e19c4a0fb9e548ac60014c85,2018-04-08 07:41:59,280fc02b8ead46d897a70c9fa8a76c35,direct_traffic
2cf1a304241b4add883b628d7f4efd4c,2017-11-08 18:35:51,f7f91884fcc441c3a73051d4c1896af9,direct_traffic
747a230b29744060870b20904074e345,2018-02-16 21:10:16,f7f91884fcc441c3a73051d4c1896af9,paid_search
f0ebe813b2054f92bf12f14cbcd7db3d,2017-11-24 07:49:23,ff05ce68802a4f1796f1c6ff9508133e,organic_search
10588f3b29674877b57e3a75ee9bfc35,2018-03-26 01:11:12,57b30bb0fe284da5b57510a8823d88a2,direct_traffic
433c1d5749ea44ebb2d430f9802d07e7,2017-08-16 13:52:30,d650cf637d2e4393939ab7a1b5bd56fb,paid_search
f8e8c07f04964c169142646f861e41e1,2018-04-29 02:51:21,24f5fbd22d624e12b58faeb2f2742ebb,organic_search
957594ff7037446699ea62a5b8dd0d99,2017-09-23 20:35:08,30603de19a0f45f98e07cc24bb54cd32,social
f5212d68fd784c39acfc98b557585e1b,2018-03-22 22:56:57,c005e1915b5a420dba2530a0e055f0e1,organic_search
fb5b0ace9d474ef6bef3abb4f8e281b4,2018-01-01 19:37:23,22d5f074d6fd43b2b796684fe6998629,paid_search
40dec1227a7a43c58dadddab674dae21,2017-08-02 19:12:54,280fc02b8ead46d897a70c9fa8a76c35,paid_search
79e6f630a4664bd3bbe368a0ee6f742b,2017-06-27 22:06:14,6eb360925f334493a6951325d8182624,organic_search
29918db084fa4448bb6de2c35cbefd41,2018-05-04 19:05:40,30603de19a0f45f98e07cc24bb54cd32,
a64a2958411749968433856a13a895cc,2018-01-12 11:32:21,b5aed19b7ce942ceb1082d725df90ba9,organic_search
bb53e34d7dd447f8b238f89b9af817a2,2017-09-08 20:56:38,0c738336dbd04e959c993ff02dbf5e0f,organic_search
5f499a5a52ff41aab9410c2184c4ec90,2017-10-03 11:58:01,9949586af6134c339c1809ad3ec0df66,organic_search
b741806a15ab4e4593d5fb4456bbd008,2017-12-03 08:24:23,b3ebd0b9fc81475f87eaafca8d37f073,direct_traffic
e4c7daa7746b4adf8d0bf4a7d5bcc77d,2017-11-09 04:12:07,f7f91884fcc441c3a73051d4c1896af9,paid_search
530aa3f241b94d6fb960cafd708487a3,2017-10-02 16:12:08,22d5f074d6fd43b2b796684fe6998629,social
9316b507769e45aa848fce8732c973da,2017-12-27 13:10:32,24f5fbd22d624e12b58faeb2f2742ebb,organic_search
9d0163ce38974b8fa8144fd90051bcdf,2017-11-28 20:24:20,30603de19a0f45f98e07cc24bb54cd32,organic_search
e0b825aff06f412c9a891c93d041491a,2017-07-10 13:11:26,d4a547d9c0264e5e821f2ce922348c3d,paid_search
088f605eb9ae4c6bb5f0a2a567480f77,2018-02-03 22:02:07,9949586af6134c339c1809ad3ec0df66,email
f1dcb19321d14c548776845bd7fc11c9,2018-01-16 15:14:59,9949586af6134c339c1809ad3ec0df66,referral
8761db3151f64778867c2cc16e7ab047,2018-03-19 04:33:40,c2366a33c94543b4a5c36a8911cb5ebe,organic_search
551bc14ebc374227a6f78a06470895b1,2018-03-03 08:55:05,d650cf637d2e4393939ab7a1b5bd56fb,social
99fdf234a1b24c79b45ca379f42b7704,2017-12-26 21:17:25,57b30bb0fe284da5b57510a8823d88a2,organic_social
c7f84819a2d64267becb3e446e849234,2017-08-10 22:02:50,b5aed19b7ce942ceb1082d725df90ba9,paid_search
7325617dc82c46dd941066604de4adb8,2017-10-25 12:26:10,42aab95b911f48e28fc6e5aff6d61bab,email
abeba188720f4962882bf48a2ad3f55f,2017-07-31 02:58:03,7b5e3159006745bdbee47199b5293638,organic_search
e350a865cd384ac1a7a3e5bb05d4c1ad,2018-01-02 18:23:14,2566ffa7a57141909a5618885cb43553,organic_social
3afe1631f2ae47869f1608697ce4155e,2018-03-22 17:59:35,d4a547d9c0264e5e821f2ce922348c3d,direct_traffic
65cf5315ae4d415289a2524f3d676b24,2017-09-10 06:33:01,5c9fede2c59f461bab56ff6d802fa6a1,display
0eaf7f2387b74a928e0bc7088b296950,2018-01-19 00:33:53,32f776c66b854bc08925bb990a3b5ea3,direct_traffic
df3aa8d896d44262818656197f8b8750,2017-08-01 15:14:30,b5aed19b7ce942ceb1082d725df90ba9,paid_search
f7a711c1045a45dbaac0eb898ec9e3a3,2018-03-11 17:06:25,22d5f074d6fd43b2b796684fe6998629,organic_social
fc73982e34e04ca48a375ca10a95984f,2017-07-22 04:36:07,54dadc715073494a9f52e4f263e34d4e,organic_search
fd678c06ddaa41e2ba10b615c9cd10a7,2017-06-18 15:42:27,e73bb83cf417427888827b7bd8835d0c,paid_search
e8257616c1054e30b69d1679afadf3ad,2018-05-20 06:04:40,24f5fbd22d624e12b58faeb2f2742ebb,direct_traffic
5c3f9270901b41e5a946e2b02745455f,2017-08-07 18:44:48,54dadc715073494a9f52e4f263e34d4e,direct_traffic
8c8d34e4247a44e68c74c92254277d0e,2018-02-27 14:07:50,5c9fede2c59f461bab56ff6d802fa6a1,organic_social
99fccfa9320f4962905476561413c3b1,2018-01-03 12:54:07,2566ffa7a57141909a5618885cb43553,organic_search
5392b094bb9d4c46a39c35cc68ef5d7c,2017-12-23 20:16:39,9949586af6134c339c1809ad3ec0df66,email
c8bebb84e4b54b0e9cee65ba333370c9,2018-05-31 10:40:55,dc97f501f52d4c12817bfe088b55a525,direct_traffic
01cc92cae403402ca92975efe733a61c,2017-11-20 12:15:24,702afe38d2d2425a9b41828bf926fbf5,organic_search
2fae6f81edcc4bccbe5bc08d1deca0dd,2018-04-08 22:27:02,dc97f501f52d4c12817bfe088b55a525,paid_search
6549089e7f2d4765a8c09ac23d6f9114,2017-06-24 02:41:06,22d5f074d6fd43b2b796684fe6998629,paid_search
2cfca87d22874818966ab71ffafd91af,2017-11-29 16:20:37,c2366a33c94543b4a5c36a8911cb5ebe,paid_search
be1e983a64424c44a19d763f8fe2c757,2017-12-27 22:58:04,b3ebd0b9fc81475f87eaafca8d37f073,
31355698dfe140d8b7b617bf8dda9a70,2018-01-10 10:31:57,d650cf637d2e4393939ab7a1b5bd56fb,social
6a673b3a66404061a613961beb411ecf,2018-01-31 04:54:03,22d5f074d6fd43b2b796684fe6998629,direct_traffic
a81b63bb0c304333ac0f99e9285f08e6,2017-09-02 21:27:54,c2366a33c94543b4a5c36a8911cb5ebe,other
4cb44f6bfef744c4abca44af34824a13,2018-02-16 03:03:02,2566ffa7a57141909a5618885cb43553,paid_search
eca2e14c381645188bce30b1e29f9ded,2017-06-04 21:36:38,702afe38d2d2425a9b41828bf926fbf5,email
e0a92eb02ea947b8aa465df9e474672f,2017-12-07 23:38:38,b3ebd0b9fc81475f87eaafca8d37f073,paid_search
d54e870c8c0d4bb59ee4af80a1e7e151,2017-12-12 11:40:00,b3ebd0b9fc81475f87eaafca8d37f073,referral
ab2ff460e6784de48c78ec29e98ee1ba,2017-08-30 18:31:12,22d5f074d6fd43b2b796684fe6998629,organic_search
ecb417c71d534e0d92dcc07afac1cea1,2018-03-29 10:10:08,d650cf637d2e4393939ab7a1b5bd56fb,display
1f635a3436584b058a2010e51ed6f329,2017-07-20 08:27:23,0c738336dbd04e959c993ff02dbf5e0f,organic_search
41520ad8053c43bf98e34131b9b6fdfe,2018-02-08 12:25:10,eabde2c6e9064911b23d789ff68f2bbb,paid_search
84b4a893594c48769b6170eaa5fb42a0,2018-03-16 18:50:53,5c9fede2c59f461bab56ff6d802fa6a1,direct_traffic
be0e906334f3454eb7837e2f4fc6bd80,2018-02-24 21:06:39,30603de19a0f45f98e07cc24bb54cd32,paid_search
eb867ca06a4d4f41931e19ff825662a8,2018-01-05 10:23:09,42aab95b911f48e28fc6e5aff6d61bab,social
14e467424a5c4a89af10dea3058ed867,2017-12-14 11:35:56,d650cf637d2e4393939ab7a1b5bd56fb,paid_search
8d38ea8d1dd147719a1073f8633fc42f,2017-08-31 05:12:49,eabde2c6e9064911b23d789ff68f2bbb,direct_traffic
0cf86f07fd65495788caa6790b5b92d7,2017-09-16 15:40:31,30603de19a0f45f98e07cc24bb54cd32,organic_search
88c83abebb444f368dd8fd15f0891f3b,2017-10-21 20:56:24,5c9fede2c59f461bab56ff6d802fa6a1,organic_search
40e7877ac2124164817976153f4d33fe,2018-04-12 11:26:44,dc97f501f52d4c12817bfe088b55a525,paid_search
2eebe4a79efd4720b1bab496034a8b25,2017-11-25 10:22:08,32f776c66b854bc08925bb990a3b5ea3,paid_search
48a6ec812e984eab9ced039a82fb8ca6,2017-07-31 10:28:48,b5aed19b7ce942ceb1082d725df90ba9,organic_search
3963beee1c9748f68dd8c6511b1fc552,2018-02-05 15:58:49,9949586af6134c339c1809ad3ec0df66,paid_search
ec3977251ade45db8bd452b0541d7423,2017-08-26 10:30:11,c2366a33c94543b4a5c36a8911cb5ebe,paid_search
3f1daaf12c444a5aa5e247667deccf6f,2017-10-11 22:04:11,d650cf637d2e4393939ab7a1b5bd56fb,organic_search
1f7872ce45434ee48abf90cff160e542,2017-07-25 08:26:06,57b30bb0fe284da5b57510a8823d88a2,social
3fa4d2bb0ad54aedb3ca9e23a324e99c,2017-10-21 05:08:01,dc97f501f52d4c12817bfe088b55a525,referral
d2b81d83d8fe4675a0bb342e0398ecfa,2017-09-14 20:06:13,bd7014dfab0643b08af9d59f9064c67f,organic_search
fdb1786693404f6ea51b07b5d629539a,2018-02-16 06:08:51,e73bb83cf417427888827b7bd8835d0c,social
195fe80528e643dba3ae7adf2ede1c32,2018-04-03 01:26:49,5c9fede2c59f461bab56ff6d802fa6a1,direct_traffic
3a08b903fbd1449c954b2ee7f88cfa9e,2018-03-04 19:35:05,280fc02b8ead46d897a70c9fa8a76c35,paid_search
8c7ef8ceb3c64063b41e583fdd6967e4,2017-09-08 00:14:33,6eb360925f334493a6951325d8182624,direct_traffic
2872cd48e4824d2ab1fb2f6a9a351db7,2017-06-14 13:27:16,54ac0583af594362879a48b3c36bac75,paid_search
6e921a44ba6848b19bfbea6e866f5ded,2017-10-23 20:47:43,7b5e3159006745bdbee47199b5293638,social
3caad36c27e441a6903803481183ade9,2018-01-14 18:57:54,2566ffa7a57141909a5618885cb43553,organic_search
e106f59f87aa4c6e9aa5e755596de6d7,2018-01-19 10:44:18,c2366a33c94543b4a5c36a8911cb5ebe,direct_traffic
e1a840967e7944d69e369d43b5a7f328,2017-07-27 04:22:00,b3ebd0b9fc81475f87eaafca8d37f073,direct_traffic
a9c016ea1c4a46589df74666d1f9a104,2018-01-08 17:57:31,b5aed19b7ce942ceb1082d725df90ba9,organic_search
4b86c9a1bb1c4e8abe0c4f96a982851e,2017-07-15 04:58:53,b5aed19b7ce942ceb1082d725df90ba9,paid_search
174abea5354b4b7ab6c039fb5f847494,2018-05-09 04:14:24,7e92b46dac574b1b9786c529162a68c6,other
750c86501ad64643bfedfb427c58adfe,2017-07-11 08:05:55,22d5f074d6fd43b2b796684fe6998629,paid_search
4ddc6fd5a8a64ccfacb6d6f6ed051d18,2017-07-09 11:54:35,32f776c66b854bc08925bb990a3b5ea3,social
b52efa5afe6d43bbb3d7c676254bed12,2018-02-15 12:12:33,b5aed19b7ce942ceb1082d725df90ba9,organic_social
2b3f69c160e04ca9be8eb3b6c88c2102,2018-01-19 22:57:37,22d5f074d6fd43b2b796684fe6998629,direct_traffic
c7145abb36254b11bb52cecb7ba55d51,2018-02-18 02:41:50,f7f91884fcc441c3a73051d4c1896af9,social
a76fd7b9229b48ba837773989f7b776b,2018-05-19 11:27:42,5c9fede2c59f461bab56ff6d802fa6a1,email
2a5cff6f06d3453b851f5b66287eea51,2017-06-20 15:46:43,dc97f501f52d4c12817bfe088b55a525,referral
37895902ae05475aa1063acf876b500d,2018-05-28 18:58:47,42aab95b911f48e28fc6e5aff6d61bab,paid_search
e77e6d34d04a49de89b717fdb27e2aca,2017-09-06 20:19:20,57b30bb0fe284da5b57510a8823d88a2,paid_search
59c87fe613d5429e8efbc63c845d173b,2018-04-17 01:17:50,d4a547d9c0264e5e821f2ce922348c3d,paid_search
926c15de4a9846779f5f9592cd9c35dc,2018-04-18 00:17:24,9949586af6134c339c1809ad3ec0df66,display
1197c1b9dbff4c8ea61359c2463f85f4,2017-08-10 21:20:53,ff05ce68802a4f1796f1c6ff9508133e,direct_traffic
55da1a1b4e9b48e9a233e596574293fc,2017-09-21 07:07:27,b5aed19b7ce942ceb1082d725df90ba9,organic_search
bba8ae28ce84478689f9514d79c97408,2018-01-27 05:30:48,6eb360925f334493a6951325d8182624,referral
12007edfe72e4ecf9bd998ae3e6c6af1,2017-09-04 18:05:06,0c738336dbd04e959c993ff02dbf5e0f,paid_search
7f6fbbe44d0e4effa6f56a4675f7cfeb,2017-08-07 07:13:47,d4a547d9c0264e5e821f2ce922348c3d,organic_search
b0428c71ae494bbf9318abc81d2aa4eb,2017-07-16 18:47:53,54dadc715073494a9f52e4f263e34d4e,social
ea9838ae28584611bd73d447bfadfeee,2017-09-18 00:06:59,7b5e3159006745bdbee47199b5293638,paid_search
cac14048829042b19a470885d6829a89,2017-07-05 17:51:55,c005e1915b5a420dba2530a0e055f0e1,referral
f7eaae3dd09e4ed788cd160ba3acd9b8,2018-04-09 07:35:34,f7f91884fcc441c3a73051d4c1896af9,organic_search
c59ce2610ed74d5f99363b712a3475f5,2017-08-31 01:24:47,7b5e3159006745bdbee47199b5293638,email
887557c268e64711943e32b96fb2ceee,2018-05-19 09:34:41,fd67c44c56284345a9d416ecc4e70697,social
634e5ed07ad6490ba90978e34a4f47c8,2017-12-12 22:58:29,702afe38d2d2425a9b41828bf926fbf5,organic_search
346047cdb1e04e3588e001a270d9b7fe,2017-09-29 23:13:06,7e92b46dac574b1b9786c529162a68c6,other
5c6cf72c28a648af9b8c9ddc0847e4c2,2018-02-03 19:18:48,57b30bb0fe284da5b57510a8823d88a2,social
15acda0370754e3b9a960d6dcc1ad076,2017-09-01 10:55:34,bd7014dfab0643b08af9d59f9064c67f,paid_search
a498274f60f3489ebdb4498333e1b7c9,2017-09-27 10:38:08,57b30bb0fe284da5b57510a8823d88a2,paid_search
5c9b7146a6da4b85be8461151458b416,2018-02-04 17:50:54,280fc02b8ead46d897a70c9fa8a76c35,referral
80859e7d91f94dca9af26913c0de94e6,2018-04-19 14:16:47,fd67c44c56284345a9d416ecc4e70697,paid_search
235146448e1340d8aa2aeb46f2e95f25,2017-11-30 19:47:06,6eb360925f334493a6951325d8182624,organic_search
7e681b6efb4b415ea7cd81c16e67b310,2017-10-30 03:30:52,9949586af6134c339c1809ad3ec0df66,organic_search
f7ebd1128c9c496e889a13534167fd9a,2017-07-28 10:27:33,7b5e3159006745bdbee47199b5293638,paid_search
a5c9ea32a8a14195a15e2d6aec44ddea,2018-01-15 11:50:50,9949586af6134c339c1809ad3ec0df66,email
7726d923f5f743669a3e328f5483a438,2018-05-06 15:28:07,dc97f501f52d4c12817bfe088b55a525,paid_search
c7ebee8d805d475485d8a90ed1f28663,2017-08-30 16:55:13,42aab95b911f48e28fc6e5aff6d61bab,organic_search
1253949e0da844cabd15d95968190bcb,2018-05-05 04:08:01,7e92b46dac574b1b9786c529162a68c6,organic_search
524bd9169fd345bba8f7ba508d31d648,2018-05-23 14:29:38,f7f91884fcc441c3a73051d4c1896af9,paid_search
dc3b7819a3ed4fc18a661ca921965680,2017-08-05 17:36:44,bd7014dfab0643b08af9d59f9064c67f,organic_social
45708f7de5294e9eaab026a497862ca6,2018-02-06 21:53:01,7b5e3159006745bdbee47199b5293638,paid_search
5215bcb3273c4f929a3151d013706449,2018-05-18 08:33:03,e73bb83cf417427888827b7bd8835d0c,
a4d0e80740354367b812b6c6640458b9,2017-10-27 09:45:17,30603de19a0f45f98e07cc24bb54cd32,paid_search
c06e8c85e8f24e5a9dec86f1aad799db,2017-09-19 14:53:29,eabde2c6e9064911b23d789ff68f2bbb,organic_search
66f22107850e48628cdc682dffc7317b,2018-03-15 11:46:01,b5aed19b7ce942ceb1082d725df90ba9,referral
23af31bf5c004bb1a23ea133d3c1b69b,2018-05-12 11:33:50,7b5e3159006745bdbee47199b5293638,paid_search
412189b356004aaaba53bcd01edbb8de,2017-12-18 16:05:27,7b5e3159006745bdbee47199b5293638,direct_traffic
af1ad5c8ae90422ab8b9a0ec4fd9b7c7,2017-12-22 09:29:30,c2366a33c94543b4a5c36a8911cb5ebe,
2cdd6b9406304e2fb335c63744a823d6,2017-06-28 09:46:08,6eb360925f334493a6951325d8182624,organic_search
cc0b692e96894cdebcd25ac0ff016af7,2017-09-21 12:22:23,d4a547d9c0264e5e821f2ce922348c3d,organic_search
386ca81178334cbca07081f3dd1f28f3,2017-06-24 11:13:57,b3ebd0b9fc81475f87eaafca8d37f073,direct_traffic
35f1bb6250bc4024ae172e1145473755,2017-12-27 08:03:27,702afe38d2d2425a9b41828bf926fbf5,paid_search
bc691b3453dc426693eaf34df56076b4,2017-08-25 19:30:56,54ac0583af594362879a48b3c36bac75,organic_search
1225015a77b24aa6aad90129024f9e78,2018-04-17 04:00:59,fd67c44c56284345a9d416ecc4e70697,organic_search
203f1f7a289a4d20a4524f3178c6330a,2018-04-09 12:00:12,2566ffa7a57141909a5618885cb43553,organic_search
891f3dd4194a4e6daa892a6596bca615,2018-04-06 19:39:08,e73bb83cf417427888827b7bd8835d0c,email
0d18dc34c14643b79192d92f04f1d397,2017-06-11 13:48:20,24f5fbd22d624e12b58faeb2f2742ebb,organic_search
36fffe7c97b840ab848ff1badcbbefdf,2018-05-27 12:08:04,c2366a33c94543b4a5c36a8911cb5ebe,paid_search
ecc681711288403da4e8072df02d08b4,2017-11-28 20:07:48,24f5fbd22d624e12b58faeb2f2742ebb,social
ca35de7fd3e94be29d90cd06c0759731,2018-05-02 01:47:30,30603de19a0f45f98e07cc24bb54cd32,paid_search
807982ce62ba4b7b85bfc6ead4f75dde,2017-09-16 13:11:00,c005e1915b5a420dba2530a0e055f0e1,organic_search
2ddc5c30d4dd4cb59fe3e43af17c8c6f,2017-09-10 05:42:57,bd7014dfab0643b08af9d59f9064c67f,email
ae8629ce998f44dfa0e5365aeb3b19cc,2018-03-02 14:24:02,54dadc715073494a9f52e4f263e34d4e,organic_search
98476b1ecc024fcb883ca4bf7124e009,2017-09-26 10:33:55,280fc02b8ead46d897a70c9fa8a76c35,direct_traffic
fd8ab7e6e47140e4adebd7167038627d,2017-08-22 13:36:45,42aab95b911f48e28fc6e5aff6d61bab,referral
139ffa794d1342948ba7c231ca210cec,2017-12-29 07:51:01,c005e1915b5a420dba2530a0e055f0e1,paid_search
ffa35bb963654eaf912180c95a2ad353,2017-10-06 00:29:47,eabde2c6e9064911b23d789ff68f2bbb,social
44ce398a6509455cadf98571c0ac62ed,2017-06-11 19:10:16,dc97f501f52d4c12817bfe088b55a525,paid_search
9e1c650bc4d84a6d96a3ab0b149b683c,2018-02-12 14:29:18,280fc02b8ead46d897a70c9fa8a76c35,paid_search
9fd4a3202cf74906969ea5f4f6bbac99,2018-02-04 01:32:22,32f776c66b854bc08925bb990a3b5ea3,referral
ba43104ff5d449ee8f1aad6226eaf401,2017-10-23 10:58:33,e73bb83cf417427888827b7bd8835d0c,referral
5b87abe7da404b599ed9cc1e27b680b5,2017-09-26 22:59:39,d650cf637d2e4393939ab7a1b5bd56fb,paid_search
e70b32af2c1f40bd94255853d480d636,2018-05-19 09:00:15,eabde2c6e9064911b23d789ff68f2bbb,social
9ba31b0e53d64bcba3ebc75fae7e72d6,2017-10-18 04:30:06,bd7014dfab0643b08af9d59f9064c67f,organic_social
1551b19e8ca6416bb62bf999e2cf9295,2017-12-11 23:51:28,ff05ce68802a4f1796f1c6ff9508133e,display
e5b5b3b13b0b4d59be290b5197f9130d,2017-08-07 09:49:49,54dadc715073494a9f52e4f263e34d4e,social
e38bfd5702c44ef29a7e8f0e9115698c,2017-07-14 02:47:10,24f5fbd22d624e12b58faeb2f2742ebb,paid_search
01e9e2863114445289caab2cc4ac6cb1,2018-02-14 15:07:24,e73bb83cf417427888827b7bd8835d0c,organic_search
752d021544884609996f9ef461af52b7,2017-06-08 19:43:21,fd67c44c56284345a9d416ecc4e70697,display
eb60565090994939a5adf18823358be6,2017-08-17 03:28:44,22d5f074d6fd43b2b796684fe6998629,organic_search
01a8bef0f8aa4db4afc39dc3d6225879,2018-03-29 14:14:25,54ac0583af594362879a48b3c36bac75,social
c2a257051e044ee787aaae94469ea127,2018-04-07 11:21:59,280fc02b8ead46d897a70c9fa8a76c35,paid_search
f879a687e4184cbbb8680b41661c153b,2017-11-13 15:28:45,30603de19a0f45f98e07cc24bb54cd32,organic_search
1404be6143744852ae5a215cebc675a5,2017-06-12 11:00:03,b5aed19b7ce942ceb1082d725df90ba9,paid_search
98688a30362e406bb38dba2dc933b794,2018-01-21 07:22:43,dc97f501f52d4c12817bfe088b55a525,
7498e60a0e144edea938102839cdef22,2017-10-14 23:53:09,702afe38d2d2425a9b41828bf926fbf5,organic_search
ea15cb1dae8e4e27b290077755d6a36a,2018-01-28 13:42:39,0c738336dbd04e959c993ff02dbf5e0f,social
b05444fddb804378bb6d0cde7fad8d3b,2018-01-06 03:23:17,9949586af6134c339c1809ad3ec0df66,organic_search
6aa9c78443e3450c8f39626244fd91da,2017-12-26 20:25:30,b5aed19b7ce942ceb1082d725df90ba9,organic_search
a8161cdfc4cd4a27b77de22abaa0b3e2,2018-02-03 10:21:19,c2366a33c94543b4a5c36a8911cb5ebe,paid_search
5c2d20ad37fb4539ab81b180f558a572,2018-05-26 19:24:48,30603de19a0f45f98e07cc24bb54cd32,social
e2abd9fbba014def882b863ae4f19096,2017-10-04 13:55:23,e73bb83cf417427888827b7bd8835d0c,organic_search
0fc8d9a1678d4315a8a67cc4c2b64120,2018-02-10 14:19:55,7e92b46dac574b1b9786c529162a68c6,paid_search
15c7d64951024efe92edce0939c695a9,2018-03-07 03:56:35,b3ebd0b9fc81475f87eaafca8d37f073,organic_search
0da68b7aaf004ee397c0dddb8f9538e3,2017-09-23 21:02:23,e73bb83cf417427888827b7bd8835d0c,paid_search
e273aceb04124aad9bd61c941eed4d14,2017-12-21 08:27:03,b3ebd0b9fc81475f87eaafca8d37f073,display
a5f3ef34c5434eac88b7bd5334c7b0e0,2017-12-07 17:21:35,702afe38d2d2425a9b41828bf926fbf5,display
957a0170a47847118ed583e946165765,2017-07-26 23:24:15,0c738336dbd04e959c993ff02dbf5e0f,paid_search
eaa6a846794640398002bba2ea914912,2017-11-18 05:14:04,280fc02b8ead46d897a70c9fa8a76c35,social
dfe297ab8b70423d8f14ece5f2340b0e,2018-04-19 03:02:42,dc97f501f52d4c12817bfe088b55a525,organic_social
9c976e501f1e4333966f99285dbf05f9,2018-03-15 06:09:44,54ac0583af594362879a48b3c36bac75,organic_search
f7ff739c02844be483b2b7abb221f6f1,2018-02-06 21:36:19,9949586af6134c339c1809ad3ec0df66,email
78ff8c3f07c54b9a8ea8ebd5930cbb38,2017-07-13 05:08:44,ff05ce68802a4f1796f1c6ff9508133e,display
9a3b947f4b26489397728208aa755fff,2018-04-12 17:14:24,30603de19a0f45f98e07cc24bb54cd32,organic_search
88fcac4c83124856891da2def14bfdc4,2018-03-18 08:27:45,eabde2c6e9064911b23d789ff68f2bbb,organic_search
53c13cc211884a619a784495c26c768f,2018-02-08 09:10:33,7b5e3159006745bdbee47199b5293638,display
99ceaf947b7749abb58f4d5924ecf296,2017-11-07 12:18:05,bd7014dfab0643b08af9d59f9064c67f,social
5212fc6337f34eec8418b3b780a058b3,2017-08-17 01:19:45,42aab95b911f48e28fc6e5aff6d61bab,organic_search
2e69067dcc204753b4179e40f87e556a,2018-05-19 20:34:56,fd67c44c56284345a9d416ecc4e70697,organic_search
b9cca1be152945e59a2d735b6275c4c3,2017-12-26 00:12:10,b5aed19b7ce942ceb1082d725df90ba9,paid_search
75579f5561bb4b778a1578dabec841e4,2018-05-20 07:37:03,d650cf637d2e4393939ab7a1b5bd56fb,direct_traffic
9168a0948df1447f92fc7858db9fe366,2018-03-15 17:47:38,c005e1915b5a420dba2530a0e055f0e1,direct_traffic
fba37ce704914b9c908c3c97a04f205e,2018-02-11 11:23:47,d4a547d9c0264e5e821f2ce922348c3d,
21cff1630e624c7585ea98adedf48a64,2017-09-29 11:43:03,b3ebd0b9fc81475f87eaafca8d37f073,paid_search
474ce15deb95496e8e1a9df3e9391b3d,2018-05-29 17:35:07,30603de19a0f45f98e07cc24bb54cd32,social
ec337cabb5244e618a4d0e6cd49b184a,2018-03-12 02:57:53,c2366a33c94543b4a5c36a8911cb5ebe,social
f12cf6896ec44db4821e42b342f64289,2017-07-24 15:29:57,f7f91884fcc441c3a73051d4c1896af9,paid_search
9ae03383882c44a292bea79b789a7687,2017-07-10 13:40:41,2566ffa7a57141909a5618885cb43553,organic_search
b9109cd9e9d84df2aee0a8a556c4af87,2017-06-07 05:54:05,30603de19a0f45f98e07cc24bb54cd32,other
e086d0f093bb4a978fdbd2ca2f79efa4,2017-08-02 06:03:03,54ac0583af594362879a48b3c36bac75,referral
539b54b098c44af2a6b5c62e3a89d18e,2018-01-11 04:08:18,eabde2c6e9064911b23d789ff68f2bbb,paid_search
936f6fd6d9be421996aacc527facaed2,2018-01-04 18:01:44,32f776c66b854bc08925bb990a3b5ea3,social
7acb4f63d98241b09d156852c8b84e78,2018-04-17 19:05:58,6eb360925f334493a6951325d8182624,organic_search
05ff330e26254a30b6255f8e0521196c,2017-08-11 19:55:07,7b5e3159006745bdbee47199b5293638,social
6e17b53c60ed46318d6c01ad105072a3,2017-12-22 00:20:13,0c738336dbd04e959c993ff02dbf5e0f,direct_traffic
5768e1c5141b4dbd8e0a8748a1aed3eb,2017-07-31 15:51:19,0c738336dbd04e959c993ff02dbf5e0f,social
8c13f5122e934eb7a19310bcd46efe95,2018-05-13 09:52:14,30603de19a0f45f98e07cc24bb54cd32,
013d72ece4bd4d39a661ce0b3904eccd,2017-11-13 22:23:42,5c9fede2c59f461bab56ff6d802fa6a1,social
5f4b978f8f27429e825c1332b8f73c66,2017-12-08 20:31:39,d4a547d9c0264e5e821f2ce922348c3d,paid_search
d2f8ddaf13b94e6b8ea774694e6a0981,2017-08-24 05:09:08,0c738336dbd04e959c993ff02dbf5e0f,email
e609f17d29d44c43a110495a64cda46d,2018-02-23 07:26:39,280fc02b8ead46d897a70c9fa8a76c35,organic_search
73266331ad96497181e7e31c9bd85ad7,2018-04-11 13:31:00,30603de19a0f45f98e07cc24bb54cd32,paid_search
1e65e31e902d4329b1097d3b72846cb0,2018-04-06 09:08:50,6eb360925f334493a6951325d8182624,paid_search
2b0cd440135f4e11882996bb764f3bfe,2018-01-23 07:40:06,c2366a33c94543b4a5c36a8911cb5ebe,paid_search
bc21ae603fe44fa1bf3b746a547f4bc5,2017-11-17 04:55:39,32f776c66b854bc08925bb990a3b5ea3,email
b6a7ab2efd714fab84f767a7c0331a83,2018-02-24 17:15:11,e73bb83cf417427888827b7bd8835d0c,paid_search
54cf5a80b07b4462870069f2bc752ef1,2017-11-10 15:09:25,32f776c66b854bc08925bb990a3b5ea3,email
bdbd53c780cc4fecaf2498a65daa67e4,2017-08-16 17:07:48,24f5fbd22d624e12b58faeb2f2742ebb,social
91de627d753049e281de7e89951c337e,2017-06-03 11:21:13,f7f91884fcc441c3a73051d4c1896af9,paid_search
899ef102da6d4428a84203381e136213,2017-09-05 07:15:18,f7f91884fcc441c3a73051d4c1896af9,email
57981e641a6242fc9f1308cd1ad0e778,2017-07-19 19:34:41,b3ebd0b9fc81475f87eaafca8d37f073,organic_search
2153b0fa611a49108429b1f9963f6676,2017-11-17 03:26:54,eabde2c6e9064911b23d789ff68f2bbb,organic_search
f0e2204f19424111887c2c990783edf1,2018-04-16 17:03:52,fd67c44c56284345a9d416ecc4e70697,social
536eb3d806644278863d34438f1c71e4,2017-08-20 02:25:51,7e92b46dac574b1b9786c529162a68c6,organic_search
dfadafccb0364f3fb2e54027e219b5c7,2018-04-22 20:21:29,5c9fede2c59f461bab56ff6d802fa6a1,organic_search
5aade3a2e8da4a7c9ebb588aadc633df,2017-09-24 12:33:34,d4a547d9c0264e5e821f2ce922348c3d,social
19aff35b6b2b4c6bae7a2184ce944d61,2017-06-08 07:00:49,b5aed19b7ce942ceb1082d725df90ba9,social
95fc923a7f9944c9b755a4ac7e090dc4,2017-10-24 15:30:58,702afe38d2d2425a9b41828bf926fbf5,paid_search
904aacb5e84d4369b70342e4528513cb,2017-11-04 13:22:19,fd67c44c56284345a9d416ecc4e70697,display
06eac4f0ebed463c914a786dda45dcca,2017-12-24 09:16:30,c005e1915b5a420dba2530a0e055f0e1,social
72c82d2f085e4a67b53151eb3e037c5d,2018-03-05 23:21:35,57b30bb0fe284da5b57510a8823d88a2,referral
02bc0843cd80497985db47818be288a3,2017-09-12 02:49:14,702afe38d2d2425a9b41828bf926fbf5,organic_search
9859c63a61794cfd93df5ac351b64ec3,2017-08-18 03:44:57,22d5f074d6fd43b2b796684fe6998629,social
be6666231be54777802ff4ad08b76592,2017-09-19 10:11:38,32f776c66b854bc08925bb990a3b5ea3,referral
b45b45111e394be38674149899081727,2017-10-13 20:31:20,dc97f501f52d4c12817bfe088b55a525,social
5585d3f31673431793ccab617b72a07a,2017-08-04 19:01:01,702afe38d2d2425a9b41828bf926fbf5,direct_traffic
921c0a233b334e92948a6978c8b8bc3b,2018-04-27 13:56:33,42aab95b911f48e28fc6e5aff6d61bab,paid_search
c1fc8c8bca40425c968f6ca92b456327,2018-03-22 21:33:36,fd67c44c56284345a9d416ecc4e70697,organic_search
71f23002b89b40f48c9b1dca019719df,2017-10-20 22:25:25,57b30bb0fe284da5b57510a8823d88a2,paid_search
fe3b17b8fee741e9b0481d8212ee1a2c,2018-01-29 07:37:14,32f776c66b854bc08925bb990a3b5ea3,paid_search
c3afe0e7fb6b4ee6bb353fe850074f53,2017-06-02 08:26:26,54ac0583af594362879a48b3c36bac75,referral
139755b47ab64542891657c969307067,2017-07-17 22:23:19,2566ffa7a57141909a5618885cb43553,organic_search
3b235282baae450891af7f4da57eff0a,2017-08-13 06:00:03,6eb360925f334493a6951325d8182624,display
c12d7a783ddb408d966801db79b13a7c,2017-06-01 11:46:20,24f5fbd22d624e12b58faeb2f2742ebb,display
bb071d31cdef482dba9e017b823a30c6,2017-06-27 04:59:13,30603de19a0f45f98e07cc24bb54cd32,organic_search
d0b6889697ea48f6b4f9303623256c46,2018-01-12 15:29:18,57b30bb0fe284da5b57510a8823d88a2,paid_search
a53d79ba55544322bfbf2b5df4196261,2018-01-28 11:54:32,0c738336dbd04e959c993ff02dbf5e0f,referral
cb25dde985fe4635a0b7c40d05b835cf,2018-02-12 04:16:14,9949586af6134c339c1809ad3ec0df66,display
e7a891ed63dd4dc99fa6b9f9ca536902,2018-03-14 14:19:03,ff05ce68802a4f1796f1c6ff9508133e,paid_search
5b9328e3f775492795b0d5f99978ffc9,2017-12-15 17:16:30,7e92b46dac574b1b9786c529162a68c6,paid_search
1ed4a8ea5ab84f89a232d8fcbc934125,2017-11-07 19:00:17,42aab95b911f48e28fc6e5aff6d61bab,social
9ccc4f6d67094c858188e9bd6628664e,2018-02-27 02:50:49,5c9fede2c59f461bab56ff6d802fa6a1,direct_traffic
07bd6d77508e43b9974de0e9f0af288e,2018-04-06 07:47:16,32f776c66b854bc08925bb990a3b5ea3,organic_search
acaa164bd5d147edad5422502b990608,2018-04-21 10:06:43,f7f91884fcc441c3a73051d4c1896af9,direct_traffic
57bd41c10ec44807915fa97d71cae74e,2017-08-13 15:55:10,c005e1915b5a420dba2530a0e055f0e1,organic_search
352e0aba68604c37b48968445692ef72,2018-01-13 17:50:37,f7f91884fcc441c3a73051d4c1896af9,organic_search
da1459e30a5646e4b3daf0bae5acefd1,2017-10-07 04:22:40,c005e1915b5a420dba2530a0e055f0e1,paid_search
cea5de416fff4c2b956e5567f3bda935,2018-01-09 23:44:31,7e92b46dac574b1b9786c529162a68c6,paid_search
2709edea84fa40dea456adcb52973f4e,2017-08-31 00:55:15,54dadc715073494a9f52e4f263e34d4e,paid_search
b1e4babf490b4205847ae5feee2e6afe,2017-12-05 16:58:09,d650cf637d2e4393939ab7a1b5bd56fb,paid_search
f155e097496141c59e644c5c8c3629fc,2018-05-10 12:35:49,22d5f074d6fd43b2b796684fe6998629,paid_search
27ecea417e0640d39ad7fb4533ab2ff7,2018-01-04 07:47:00,fd67c44c56284345a9d416ecc4e70697,organic_search
4692716fdbe04762894551e91249aed1,2018-03-14 06:57:12,ff05ce68802a4f1796f1c6ff9508133e,paid_search
30b259589ff441faa1942ab26248e921,2017-12-09 06:31:02,c2366a33c94543b4a5c36a8911cb5ebe,other
b1b716c799aa4fb78c2ca58ee6763ab5,2017-06-06 07:07:48,b3ebd0b9fc81475f87eaafca8d37f073,paid_search
7c18868ad01444a2a3348a4f001327ea,2017-12-02 19:09:04,54ac0583af594362879a48b3c36bac75,paid_search
eb198420651345dab2c130fee0b401b1,2017-06-03 21:20:32,0c738336dbd04e959c993ff02dbf5e0f,social
bc2b4b994ca044f29f0585da1a824311,2017-11-16 03:25:34,c2366a33c94543b4a5c36a8911cb5ebe,
c38a4acade654cdb8094d300d3797a3f,2017-12-06 09:14:20,30603de19a0f45f98e07cc24bb54cd32,organic_search
67443e5019ca4bb985e1e15e65c7b68a,2017-06-07 22:05:31,b5aed19b7ce942ceb1082d725df90ba9,direct_traffic
0e45014199054b369f5a73f34a92fde9,2017-06-18 23:33:52,b5aed19b7ce942ceb1082d725df90ba9,direct_traffic
b0bd469e5f7c452789c38857c0de22fd,2018-04-25 17:25:48,ff05ce68802a4f1796f1c6ff9508133e,social
7294f167bf644c06bee58641fe2f7b42,2017-06-23 09:12:46,b5aed19b7ce942ceb1082d725df90ba9,organic_search
e0bb43b5c9f04c3999ee549d2d2407ef,2018-04-17 02:05:00,702afe38d2d2425a9b41828bf926fbf5,direct_traffic
31884b28ebf44d99964c5592fe130447,2017-06-16 17:08:29,fd67c44c56284345a9d416ecc4e70697,organic_search
2632c288d4c44ec88fa7b6f79b1567d8,2018-04-20 16:32:49,6eb360925f334493a6951325d8182624,social
d3532e763ac14912bd9cb70c66d104a8,2017-08-28 17:14:15,22d5f074d6fd43b2b796684fe6998629,direct_traffic
a4f9a5ba0bbe437693cb87f4bc321d63,2018-04-28 19:51:51,280fc02b8ead46d897a70c9fa8a76c35,organic_search
c1652e7c2f3949eea5064d24977bfe4d,2017-07-24 01:23:26,7e92b46dac574b1b9786c529162a68c6,email
88db167c4739469a9951cc4243be3d04,2017-06-15 22:18:56,5c9fede2c59f461bab56ff6d802fa6a1,organic_search
9649c2b6269d45199b87768a2601df09,2018-06-01 05:34:39,f7f91884fcc441c3a73051d4c1896af9,email
5aff89f4783d4df7a01c1cfd57486646,2017-08-30 04:47:35,24f5fbd22d624e12b58faeb2f2742ebb,paid_search
a3c75f39888b429d9db92c33e21d7013,2018-01-01 04:20:53,eabde2c6e9064911b23d789ff68f2bbb,organic_search
b1763faed0114da3a9eb99d81c15b8e9,2018-01-14 23:12:35,f7f91884fcc441c3a73051d4c1896af9,organic_search
4f7925396bdc4ac0a7941b2ccf026e5b,2017-07-02 11:26:27,dc97f501f52d4c12817bfe088b55a525,display
3d665dd7ccd34e35a88026e6d18a61ba,2018-03-06 10:06:09,54dadc715073494a9f52e4f263e34d4e,organic_search
5b319ce888c840b8b300104deafa1018,2017-09-08 23:51:05,fd67c44c56284345a9d416ecc4e70697,organic_search
d835686ebe5249639b48d1e43fb585fc,2017-06-09 12:06:43,bd7014dfab0643b08af9d59f9064c67f,paid_search
1dfd572bb9664cf0bedca0c388b942b1,2018-05-11 11:31:21,5c9fede2c59f461bab56ff6d802fa6a1,social
a1e28f0b6b444343ae523bb77a9b2655,2018-05-30 06:09:39,5c9fede2c59f461bab56ff6d802fa6a1,social
ddd9596894814c638a81e309b0685846,2018-03-28 13:20:05,30603de19a0f45f98e07cc24bb54cd32,organic_search
bb55549f86e54eaab008a86d67aff996,2017-06-08 14:40:44,7b5e3159006745bdbee47199b5293638,paid_search
e0843cb97afd418c91ec17dc10d213b1,2018-05-08 02:14:18,24f5fbd22d624e12b58faeb2f2742ebb,organic_search
558fbd372d6e41b6aef7bde62d3d8741,2017-09-07 18:15:35,2566ffa7a57141909a5618885cb43553,organic_search
5fff0c49fc3f47e7b50355eace7f4b88,2017-10-15 03:03:25,32f776c66b854bc08925bb990a3b5ea3,paid_search
a58fbd901600430ea95cb5f3194ce1b6,2018-01-14 01:37:13,b5aed19b7ce942ceb1082d725df90ba9,direct_traffic
a82f4f910986499bb5eabd529dcacbc6,2018-04-08 07:14:01,f7f91884fcc441c3a73051d4c1896af9,organic_search
cbb20f27006847ab9355f06464ceff8d,2018-02-14 14:54:01,32f776c66b854bc08925bb990a3b5ea3,paid_search
26fdb15edd6e4bdcbe9bde0364f3d38c,2018-04-22 00:07:02,0c738336dbd04e959c993ff02dbf5e0f,paid_search
ef11d649e49c47bda3a8b2c2a2c535be,2017-10-19 20:24:33,7e92b46dac574b1b9786c529162a68c6,other
5590647de5ba4d1c83c72b77f07debdd,2017-07-31 12:25:54,b3ebd0b9fc81475f87eaafca8d37f073,display
f67bda77c9db44fd821d7e417acec925,2018-03-18 03:08:04,702afe38d2d2425a9b41828bf926fbf5,email
fac43b98e8c54731b50e5098237eb3ea,2018-01-24 03:12:35,dc97f501f52d4c12817bfe088b55a525,organic_search
0f09c569274a46fdb0358e5817f06daf,2017-07-17 06:38:40,22d5f074d6fd43b2b796684fe6998629,organic_search
3e5e5dde9d894f90b6b58eac7b7c7a8e,2017-07-15 06:45:34,42aab95b911f48e28fc6e5aff6d61bab,paid_search
c3cc2acb11ef4c0690583cfe0434f97c,2018-03-30 22:48:52,e73bb83cf417427888827b7bd8835d0c,organic_search
8001736a48614bb58ef420852c3fe9f0,2017-08-26 00:22:48,54ac0583af594362879a48b3c36bac75,social
bf618802073348ddafe3b3e0350927e3,2018-04-23 13:38:10,b3ebd0b9fc81475f87eaafca8d37f073,email
dc7d1699ab0945e3802330d7b1d83cd6,2017-07-12 08:58:59,0c738336dbd04e959c993ff02dbf5e0f,referral
c6578cc3ce384fdbaaa04fde49ad8328,2018-05-15 23:23:09,5c9fede2c59f461bab56ff6d802fa6a1,email
6e982e6e46ef49e780447fde926dd805,2017-09-06 04:49:57,0c738336dbd04e959c993ff02dbf5e0f,paid_search
27258701c6a840668ba9d326f5f9437e,2017-06-28 13:48:36,f7f91884fcc441c3a73051d4c1896af9,direct_traffic
f3e0edf953ec4cec98162aa07356882f,2017-10-25 06:28:51,b5aed19b7ce942ceb1082d725df90ba9,paid_search
e94824cfd20a4d25a125a9d81b6e71df,2017-08-11 20:34:20,42aab95b911f48e28fc6e5aff6d61bab,organic_search
69d40f5e724d45c092fc8585858bf1b4,2017-12-29 08:13:37,bd7014dfab0643b08af9d59f9064c67f,direct_traffic
2280d1561a654b95a9de633ea704bbcd,2017-09-05 09:55:56,5c9fede2c59f461bab56ff6d802fa6a1,organic_search
5bedebbcee194c1ba45350bd8d846656,2017-09-11 06:26:54,0c738336dbd04e959c993ff02dbf5e0f,paid_search
a8b8eb81c81a496d9030c8e7114b8e9f,2017-10-11 16:00:19,b5aed19b7ce942ceb1082d725df90ba9,paid_search
87f8886f969b4217892c61a06deddf79,2017-07-18 17:50:10,7e92b46dac574b1b9786c529162a68c6,direct_traffic
25c35697230644c2aeb90353e05fed9a,2018-03-24 13:14:19,7e92b46dac574b1b9786c529162a68c6,direct_traffic
6d4fbd9838fe43c9aa2787393d11fdaa,2018-04-25 19:02:36,b3ebd0b9fc81475f87eaafca8d37f073,paid_search
a1093dc4e24e4b5c83088f6ad99c709e,2018-04-20 06:12:24,eabde2c6e9064911b23d789ff68f2bbb,email
05ac9c5e754b417ea9784e73d8cca5c6,2018-03-27 14:02:31,2566ffa7a57141909a5618885cb43553,paid_search
d2e1e20961eb453a989e5463456ba242,2018-03-03 20:42:22,54ac0583af594362879a48b3c36bac75,paid_search
5b9a87866d4b46ea8c9f0d83c8f692cd,2018-05-26 15:47:46,7e92b46dac574b1b9786c529162a68c6,direct_traffic
9e4c4855260b4924958e06b27fed7f61,2018-04-27 10:30:39,54ac0583af594362879a48b3c36bac75,direct_traffic
75e1a14a8af74a9fa426d07ce0624836,2017-11-23 18:20:29,c005e1915b5a420dba2530a0e055f0e1,
257c44799bd94adbb96f0245c705404a,2017-10-16 03:18:15,30603de19a0f45f98e07cc24bb54cd32,organic_search
ea94a711e4ec4f448841030cd58bd7fe,2017-09-16 09:24:04,54ac0583af594362879a48b3c36bac75,direct_traffic
77954ec4f04a4c5994e1837743134aad,2018-01-26 09:29:49,eabde2c6e9064911b23d789ff68f2bbb,social
85b1cf7aa90e44bd9f54051a8d2970cf,2017-07-30 18:49:28,57b30bb0fe284da5b57510a8823d88a2,organic_social
dfe806763c21490f907333e18c0a3558,2018-04-20 06:47:15,6eb360925f334493a6951325d8182624,organic_search
089c3a70b8684db1a560ac966650bb7d,2017-08-11 17:00:42,702afe38d2d2425a9b41828bf926fbf5,direct_traffic
905b37be5fbf46edb203f7f11bce4aa7,2017-11-13 13:33:15,702afe38d2d2425a9b41828bf926fbf5,social
572b066227334721b54615a4fbae4dfa,2017-12-11 23:58:05,702afe38d2d2425a9b41828bf926fbf5,organic_search
3e68ee4f6cf64abcbf1f876064d0db56,2017-06-18 11:44:13,f7f91884fcc441c3a73051d4c1896af9,paid_search
0870113dc89d4090a8fca39a0d7ebdab,2017-07-24 22:55:06,7e92b46dac574b1b9786c529162a68c6,paid_search
784e066d74514107acec3d7f7fc368aa,2017-06-05 05:46:47,7b5e3159006745bdbee47199b5293638,social
c9c71cff485f4607b79b9ff898503918,2018-01-30 12:11:11,42aab95b911f48e28fc6e5aff6d61bab,referral
983eeae94b6f4f2a8d600cb48801a161,2018-04-28 03:38:54,32f776c66b854bc08925bb990a3b5ea3,social
76a7b46f35274933b0ec47919f5b4480,2017-12-01 11:09:04,32f776c66b854bc08925bb990a3b5ea3,social
04a37a031ec141f7b751901f4bf61f1f,2018-01-26 19:54:27,32f776c66b854bc08925bb990a3b5ea3,social
529dcd1795844ebf9009ed530c6469dc,2017-06-12 15:59:01,280fc02b8ead46d897a70c9fa8a76c35,organic_search
e5cb7c0c2c7b4732bf043bdfe0991b79,2018-04-12 16:37:07,702afe38d2d2425a9b41828bf926fbf5,organic_search
198b65079db54ce1a0b9070fabc889fc,2018-03-22 15:50:12,22d5f074d6fd43b2b796684fe6998629,paid_search
4401010e4bb14d1b975d499a1c31ec19,2017-12-22 17:14:32,bd7014dfab0643b08af9d59f9064c67f,paid_search
dcc2f03f617745e9a88a2d14c96a69c1,2017-10-03 09:11:45,22d5f074d6fd43b2b796684fe6998629,organic_search
3158f85bbe5b44329a101c0280b4179d,2017-12-09 21:52:46,42aab95b911f48e28fc6e5aff6d61bab,social
182ad5ffea084a68a3b2b213331f1b92,2018-02-03 14:36:19,0c738336dbd04e959c993ff02dbf5e0f,paid_search
de96e7afee924c6b9ce561c90fdc5a38,2017-06-21 08:31:50,d650cf637d2e4393939ab7a1b5bd56fb,organic_search
566c6759f74c42688c7402cbe74bfc26,2018-02-15 03:55:36,7b5e3159006745bdbee47199b5293638,paid_search
939f4b18b31f4d8faa95bc35dd4b2bea,2018-01-05 09:48:25,702afe38d2d2425a9b41828bf926fbf5,organic_search
cb4efdf21439488da663a3f77ec77eb0,2017-12-23 21:35:35,e73bb83cf417427888827b7bd8835d0c,organic_social
c0b8b51667ed4b3ab3a9b01c5343bc25,2017-08-23 18:38:55,32f776c66b854bc08925bb990a3b5ea3,referral
ca814123d2d34d2cac7f354c959719fd,2017-11-01 21:43:50,f7f91884fcc441c3a73051d4c1896af9,direct_traffic
c9c87bd21e5e4fedb775e8a8eabd7cd1,2018-02-24 07:13:32,702afe38d2d2425a9b41828bf926fbf5,organic_search
93b71b871721466cbf083efea7982df3,2017-08-11 04:43:45,57b30bb0fe284da5b57510a8823d88a2,email
4f96fe1272754e6f87290db1b34dcbc7,2017-11-18 01:57:31,24f5fbd22d624e12b58faeb2f2742ebb,email
513ed45a7a09424d940d2d436bbed849,2017-11-06 05:09:01,280fc02b8ead46d897a70c9fa8a76c35,direct_traffic
e14a481961dc4de88f233c4e8678de48,2017-11-25 16:42:04,ff05ce68802a4f1796f1c6ff9508133e,organic_search
32ec0f288ec045da99348e52f13425f6,2017-08-24 16:46:10,e73bb83cf417427888827b7bd8835d0c,social
5c151ba5a0704933804e25af63ef5eee,2018-05-04 05:22:11,54ac0583af594362879a48b3c36bac75,email
4a0afd9a5bdd4c9381c075b371290274,2017-08-28 10:58:09,0c738336dbd04e959c993ff02dbf5e0f,social
4b60415b127b4801917a8becb7bf78f0,2017-07-12 06:43:15,9949586af6134c339c1809ad3ec0df66,social
f25c8f2913a04d34af775d26929e5e91,2017-09-13 15:53:39,24f5fbd22d624e12b58faeb2f2742ebb,paid_search
08918155421348acb838bf5b3126b52a,2017-10-04 05:36:43,57b30bb0fe284da5b57510a8823d88a2,social
b21118cf7b98448db08635ab2a6a786c,2018-03-12 13:37:34,e73bb83cf417427888827b7bd8835d0c,organic_search
7dd0db51abd8401fb5a22fc42e487bd6,2018-01-31 05:48:03,7e92b46dac574b1b9786c529162a68c6,social
ae1f6496bb5b4ad798f87227729cc5bb,2017-07-22 17:08:28,c005e1915b5a420dba2530a0e055f0e1,organic_search
aa7b5348c367492ca90653cbf8fa3854,2018-05-18 14:20:48,f7f91884fcc441c3a73051d4c1896af9,paid_search
0ead24e8c2d04a808231618ccda295d3,2017-09-17 17:11:46,57b30bb0fe284da5b57510a8823d88a2,paid_search
a8568ce179ec420db9b8128bb07fc076,2017-12-10 16:52:29,f7f91884fcc441c3a73051d4c1896af9,social
fd64411845ad473a885a8470b74057b3,2017-10-03 03:29:19,ff05ce68802a4f1796f1c6ff9508133e,organic_search
6ebac2805511447284e870ea33b143ba,2017-08-05 11:35:27,d650cf637d2e4393939ab7a1b5bd56fb,direct_traffic
bb4909df58cc4bc5a86d47e0298cc2f9,2017-08-08 14:33:33,d650cf637d2e4393939ab7a1b5bd56fb,email
163bca24e4474734a2e0baec61a7fae4,2017-11-15 10:18:38,bd7014dfab0643b08af9d59f9064c67f,organic_search
3b33d9c543b64528879b6276b197a459,2018-05-12 15:27:32,fd67c44c56284345a9d416ecc4e70697,organic_search
848557d15119445097c21658a07db7d7,2017-12-19 19:26:47,24f5fbd22d624e12b58faeb2f2742ebb,organic_search
dd8cfdad228644b6a10ea52e67bc7ba4,2017-11-25 17:46:43,57b30bb0fe284da5b57510a8823d88a2,referral
d6322435608141f4858b37aab20b469e,2018-03-28 00:58:45,9949586af6134c339c1809ad3ec0df66,social
abc960cd80e24343b50a88bf18f858d0,2018-04-08 06:29:11,d650cf637d2e4393939ab7a1b5bd56fb,paid_search
d1841de536ee4d108411dbeca34dc0fe,2017-09-29 13:26:22,7e92b46dac574b1b9786c529162a68c6,organic_search
1e07ef39290b4be1bec3e54f021b9e9f,2017-11-22 18:15:26,bd7014dfab0643b08af9d59f9064c67f,social
ca0530574b3348ef9ef120a013bd87e4,2017-06-01 22:13:48,fd67c44c56284345a9d416ecc4e70697,referral
0cd392e159954d049ecafef2a65aad59,2017-12-21 02:48:47,d4a547d9c0264e5e821f2ce922348c3d,email
614dec7cfa8347bfb07ba48958d49665,2017-09-26 05:01:38,6eb360925f334493a6951325d8182624,social
36c9b143a1cc4580b540261a377379a0,2017-09-05 01:36:39,54ac0583af594362879a48b3c36bac75,organic_search
9802bfb3c8e54e959294d31637ce621b,2017-11-02 15:51:08,24f5fbd22d624e12b58faeb2f2742ebb,organic_search
2db48bd34af74532862787b7a1548735,2017-11-21 13:59:00,d4a547d9c0264e5e821f2ce922348c3d,organic_search
f80daf15607a4413a688e720e8f6e269,2017-09-01 15:29:58,2566ffa7a57141909a5618885cb43553,organic_search
8674a934813e40e69f9de69561cbaba7,2017-10-24 11:19:35,ff05ce68802a4f1796f1c6ff9508133e,organic_search
a425fae06b7642a9bc2c3e65f8abc94b,2018-05-12 17:30:00,eabde2c6e9064911b23d789ff68f2bbb,organic_search
95f0e16d38c5482ab202737e0ef9ccde,2017-10-12 15:21:17,32f776c66b854bc08925bb990a3b5ea3,paid_search
b3d35caa628643c8a8c1d5a1dc200490,2017-08-23 14:29:54,57b30bb0fe284da5b57510a8823d88a2,display
e59995c355a34ab088a32f4b24214edb,2018-02-20 03:52:30,b3ebd0b9fc81475f87eaafca8d37f073,social
fd358bab973f4b768c0edd9d73ef1c21,2017-07-13 12:36:28,57b30bb0fe284da5b57510a8823d88a2,email
cdcb07bbeb834c54badd56ab5e758aa6,2017-07-22 23:52:46,54dadc715073494a9f52e4f263e34d4e,direct_traffic
4ca818303d3842f79daa554092bf2b91,2017-12-25 00:26:42,32f776c66b854bc08925bb990a3b5ea3,organic_search
69ef3cf661024789804b9aa366e6c57b,2017-11-11 04:41:14,702afe38d2d2425a9b41828bf926fbf5,direct_traffic
b68a06d7ed9a4003a278cfb124d8685f,2018-02-15 13:58:50,57b30bb0fe284da5b57510a8823d88a2,organic_search
50164514a7a246bfb792e7a3388ae427,2018-01-19 00:25:18,6eb360925f334493a6951325d8182624,social
37f6684b34bc4a27bed7a9986dc988fe,2018-05-01 14:37:32,7b5e3159006745bdbee47199b5293638,paid_search
b831678530484120bab218790e8cf39e,2017-06-28 11:01:48,7b5e3159006745bdbee47199b5293638,
a6dd2f7a33b54a21b22b39d35c40fc10,2017-10-11 23:05:15,dc97f501f52d4c12817bfe088b55a525,organic_search
98bffc0f0c914f90afce8021b71f92f2,2018-04-06 16:23:37,30603de19a0f45f98e07cc24bb54cd32,organic_search
87974d6fb00447b8b291c9a24c6d2130,2017-12-08 17:14:28,f7f91884fcc441c3a73051d4c1896af9,organic_social
a7f6c675eca7440f832dae21b1d843a4,2017-11-19 19:28:46,7e92b46dac574b1b9786c529162a68c6,organic_search
3877617240624b71a110fc808287ec10,2017-07-28 06:30:40,7b5e3159006745bdbee47199b5293638,direct_traffic
9987204d8b0c49b892486cdab8674105,2018-02-28 13:57:42,54dadc715073494a9f52e4f263e34d4e,direct_traffic
b901120bb5624fe685feb24800a1dfb1,2018-05-12 02:54:46,2566ffa7a57141909a5618885cb43553,email
3fe7917c356045d6949aab5f5ab5c897,2017-06-04 12:16:26,c2366a33c94543b4a5c36a8911cb5ebe,other
c968ddc935a0408eb0068d1d82564775,2018-05-29 21:29:12,b5aed19b7ce942ceb1082d725df90ba9,other
1f819fd740d14d1688fe6beb0ea9c0d2,2017-09-10 18:44:48,bd7014dfab0643b08af9d59f9064c67f,organic_search
b0854f596f6349c9b3d58b04dc639280,2018-04-11 16:33:56,7b5e3159006745bdbee47199b5293638,email
a8c43ebb4f704c9da3de2c52e12a3135,2017-06-25 16:55:17,0c738336dbd04e959c993ff02dbf5e0f,social
7140a43b5d844715a86ccd9027d71b43,2017-06-21 04:25:31,54dadc715073494a9f52e4f263e34d4e,social
ca754628df374f59944d6cb92e0a4d9b,2018-02-06 16:45:25,7e92b46dac574b1b9786c529162a68c6,organic_search
d256d8c4771742c8b4f6b57e308d7a36,2017-06-26 21:49:15,57b30bb0fe284da5b57510a8823d88a2,direct_traffic
0cd372cfba614d108c289f887a70c51b,2017-12-07 09:11:12,7b5e3159006745bdbee47199b5293638,
fc0f113ada544a6e8b056554ead68d06,2017-11-20 10:46:56,d650cf637d2e4393939ab7a1b5bd56fb,organic_social
aa0e3d7307e448f480ff6d892b3fdeba,2017-06-13 19:45:39,b5aed19b7ce942ceb1082d725df90ba9,paid_search
2d1bbbe74d9a4b1aad45bb04c4e7853e,2017-08-31 10:40:35,7e92b46dac574b1b9786c529162a68c6,organic_search
1e2e7a213a44493d8d4fc744ba52fd0d,2017-12-31 00:38:16,b3ebd0b9fc81475f87eaafca8d37f073,paid_search
a66fc039a9574e8cab5cfdddd12c5dbf,2017-11-14 10:50:17,d4a547d9c0264e5e821f2ce922348c3d,email
8b4e840b24b842a3b0170a3dc4c9cef3,2017-06-19 21:41:29,dc97f501f52d4c12817bfe088b55a525,direct_traffic
a00ca0035347401e8c39e595021fcc73,2017-11-30 01:19:58,c005e1915b5a420dba2530a0e055f0e1,paid_search
4a4a44209252481b8c9a84cd1850bc76,2017-12-20 09:03:08,32f776c66b854bc08925bb990a3b5ea3,organic_search
28a5abc9e33a4c5da3c7a0a5641f0103,2017-07-14 19:28:41,dc97f501f52d4c12817bfe088b55a525,paid_search
ef8e3b31b26e4893bc61735c7062d5a8,2017-08-04 05:15:58,d4a547d9c0264e5e821f2ce922348c3d,paid_search
93c49721de754ca89749bf242bfb7992,2018-02-08 15:41:45,5c9fede2c59f461bab56ff6d802fa6a1,organic_social
6353eb1167e648038e9cd4d4cc324405,2017-10-19 12:34:30,b3ebd0b9fc81475f87eaafca8d37f073,social
88c6bcf9b52744d89d54d82af389c9a9,2018-05-19 22:28:23,9949586af6134c339c1809ad3ec0df66,paid_search
ffa18157d8a34d449f41d424e1160605,2018-02-24 20:43:08,b3ebd0b9fc81475f87eaafca8d37f073,social
fa1c4ce77de64f69837e2473a1f0625b,2017-06-21 02:47:11,42aab95b911f48e28fc6e5aff6d61bab,organic_search
8f9a64beec82412f8eb4ffc8a003d1d7,2017-12-08 01:23:38,2566ffa7a57141909a5618885cb43553,other
ce26ef1224364442a4981b7737905a07,2018-04-08 23:13:19,280fc02b8ead46d897a70c9fa8a76c35,paid_search
00e8ae0a7a0348ef8da4fe445e29d064,2017-07-22 13:54:18,30603de19a0f45f98e07cc24bb54cd32,paid_search
f45e51b786264628aecefa1007688002,2017-07-11 12:17:52,c2366a33c94543b4a5c36a8911cb5ebe,paid_search
6a78b108a3b64db1b9def52c8da843d8,2018-04-23 10:59:41,7b5e3159006745bdbee47199b5293638,direct_traffic
bbf348885c6d47ccbc0c2fb6fefdc7c6,2017-12-23 00:48:53,32f776c66b854bc08925bb990a3b5ea3,direct_traffic
32e022cc821b4066a7993dc49047ec36,2017-10-10 23:46:16,22d5f074d6fd43b2b796684fe6998629,direct_traffic
1dbd6852ce314f0c9c3addbb6f5c3eeb,2017-07-11 15:46:51,dc97f501f52d4c12817bfe088b55a525,organic_search
80394c393ace48528b2e7f9950c9b229,2017-09-07 20:47:08,b5aed19b7ce942ceb1082d725df90ba9,paid_search
f61502bdb5864f23b96d08862d8b4426,2017-11-03 22:24:45,30603de19a0f45f98e07cc24bb54cd32,organic_search
3d826618283f4c24b68e10b5cc21afd8,2018-03-04 08:52:29,f7f91884fcc441c3a73051d4c1896af9,direct_traffic
b7af3ff67bbc41d7be58eaf15e5894e9,2017-06-26 13:37:31,702afe38d2d2425a9b41828bf926fbf5,organic_search
60efe8d0d0ab41d3a7b4f55b6e242d11,2018-01-29 07:50:07,d650cf637d2e4393939ab7a1b5bd56fb,social
dcc79fcf9b0f4dffaa78bb9c456a27bd,2018-01-10 10:00:16,22d5f074d6fd43b2b796684fe6998629,referral
495c783e2f0d420daef1d7faf167d47b,2018-05-19 06:45:41,b5aed19b7ce942ceb1082d725df90ba9,referral
0c58ba69fc48428ea6d8f16a5ee65d19,2018-02-12 01:39:55,fd67c44c56284345a9d416ecc4e70697,paid_search
c04af2a7cd0d4ddc9f74059c527eb90e,2017-12-22 06:35:58,57b30bb0fe284da5b57510a8823d88a2,paid_search
538c249da35241788e33b541371f8fa0,2017-10-24 09:55:40,e73bb83cf417427888827b7bd8835d0c,organic_search
5f12dcf941e749d3b0c9b84dfb033ded,2017-12-26 07:32:29,e73bb83cf417427888827b7bd8835d0c,direct_traffic
1e28786f70c34a42b09239566a3bd1e7,2017-12-30 23:55:42,2566ffa7a57141909a5618885cb43553,email
14d70041a8754c559cab4bfa56653b3b,2017-10-19 09:43:23,b3ebd0b9fc81475f87eaafca8d37f073,organic_search
3d11c9c23a9043de81fab3d2b7c47eed,2018-04-03 23:06:51,42aab95b911f48e28fc6e5aff6d61bab,paid_search
e51660d4cdad413484beb3fe001ffc61,2017-07-20 08:03:29,9949586af6134c339c1809ad3ec0df66,email
f7904fcb037e4b11915232a66531d252,2017-06-10 11:49:07,9949586af6134c339c1809ad3ec0df66,referral
f5e362b2b62e43f68630773d8bb49ec5,2017-07-03 22:15:35,0c738336dbd04e959c993ff02dbf5e0f,organic_search
4b633231dfc54be7bb165e3ae96a4fe6,2018-05-31 22:11:04,bd7014dfab0643b08af9d59f9064c67f,social
9d88ac7b86ca460cafceafa149a3ee1d,2018-01-22 21:24:19,7b5e3159006745bdbee47199b5293638,organic_search
530fa8099899471bba89d363b6472126,2018-04-22 21:40:18,42aab95b911f48e28fc6e5aff6d61bab,organic_search
3c053e2d301446d1a4011979cbe35546,2018-03-05 14:09:52,6eb360925f334493a6951325d8182624,organic_social
b05ccad9480041dda141ab1ff68b3f09,2018-03-13 00:27:27,42aab95b911f48e28fc6e5aff6d61bab,email
96c64bbf80ad422890127786bcfebe2f,2017-11-22 11:38:16,7e92b46dac574b1b9786c529162a68c6,direct_traffic
1039842e26924d44a795d7de99b99333,2018-01-14 05:31:33,b3ebd0b9fc81475f87eaafca8d37f073,organic_search
6e6528633ab54d5fa8fe907d5cf99b72,2018-02-11 07:40:08,c005e1915b5a420dba2530a0e055f0e1,email
765088519b14409385ec248677880e13,2018-05-24 06:11:23,57b30bb0fe284da5b57510a8823d88a2,paid_search
0032a774be96412a9ec754176f74c9f8,2017-12-17 09:18:34,ff05ce68802a4f1796f1c6ff9508133e,paid_search
cbe4cdc1c3a14c3686cd15081b8be032,2017-06-17 20:48:03,24f5fbd22d624e12b58faeb2f2742ebb,social
46bc99a6dff54d51a6efb08b6e745f5c,2018-04-20 17:42:51,c005e1915b5a420dba2530a0e055f0e1,organic_search
d858719895b44962acd690a087784c8a,2017-11-24 03:01:31,54ac0583af594362879a48b3c36bac75,direct_traffic
f375233e589b48049362c2b11af92374,2018-02-27 13:26:30,0c738336dbd04e959c993ff02dbf5e0f,social
df6392f0a1dd4b1ba3a2c46c28ecc117,2017-10-28 11:28:51,b3ebd0b9fc81475f87eaafca8d37f073,organic_search
30eefb78cc3a4b5b9e1e7ad82934d323,2018-05-12 17:01:00,e73bb83cf417427888827b7bd8835d0c,organic_search
404936d89aeb4e9d9d08bfc86469f34d,2017-08-19 22:45:02,702afe38d2d2425a9b41828bf926fbf5,organic_search
4f930571bd284ef8a44fd129f7a94b9b,2017-08-25 22:43:43,7e92b46dac574b1b9786c529162a68c6,organic_search
985f31c651a54a8a9f9c6cbfde7647c7,2018-03-17 15:42:41,7b5e3159006745bdbee47199b5293638,social
a1d0864ad97b45b980b840e7a9a0438c,2017-06-12 10:20:09,c005e1915b5a420dba2530a0e055f0e1,email
9c8ba87d30524359bc17dfd0e5b2b6cc,2018-02-07 08:32:45,ff05ce68802a4f1796f1c6ff9508133e,organic_search
ab5de647f4ec4cafb3364e5fcd36f343,2018-03-03 04:47:41,ff05ce68802a4f1796f1c6ff9508133e,organic_search
6458da05883e4e0cb3b0289f74a078ef,2018-04-07 04:29:46,dc97f501f52d4c12817bfe088b55a525,social
3a547988243043828c4fcca0a5a9f955,2017-12-20 07:56:53,54ac0583af594362879a48b3c36bac75,email
aec6084b71ea458f8c0a30edd030aeb4,2017-07-27 20:46:48,0c738336dbd04e959c993ff02dbf5e0f,paid_search
eb99f7bd26f2439980855ddbb2420ecb,2017-08-31 05:47:35,d650cf637d2e4393939ab7a1b5bd56fb,paid_search
51aaf90a2613437894202742f0c8ec14,2017-12-23 20:01:38,7b5e3159006745bdbee47199b5293638,social
4861fd0deb8045a889a8cdf098c2d9ec,2017-11-28 07:55:41,7b5e3159006745bdbee47199b5293638,organic_search
cd49062687c047639b4af944babc0fd1,2018-04-03 10:09:13,42aab95b911f48e28fc6e5aff6d61bab,organic_search
da4d9e7f4d4542e38d473118098c2a8e,2017-12-03 22:56:51,dc97f501f52d4c12817bfe088b55a525,direct_traffic
7c33178d710b462ba8ed57bfcade9dfa,2018-05-07 23:03:04,d650cf637d2e4393939ab7a1b5bd56fb,social
1d253e770b38400bad9333afa72e2a32,2018-04-22 11:34:11,30603de19a0f45f98e07cc24bb54cd32,social
db5b4c32f4fc44af8233bb2d75fb8f03,2018-03-02 19:23:16,ff05ce68802a4f1796f1c6ff9508133e,direct_traffic
be47a499c5dc4fbf8507c491498af89a,2017-09-24 14:42:28,6eb360925f334493a6951325d8182624,direct_traffic
4cafb22ae78a40e4a6b1429136623083,2018-01-24 10:25:23,bd7014dfab0643b08af9d59f9064c67f,organic_search
7b03fd97ae2e419ca4ceee2ab41c19c3,2018-01-17 05:42:54,c2366a33c94543b4a5c36a8911cb5ebe,paid_search
59e2b145e9034a5685a040a9fee7ef68,2017-08-30 14:33:55,0c738336dbd04e959c993ff02dbf5e0f,organic_search
da293441e8a044ad9dee1132307ba099,2017-06-02 19:23:37,bd7014dfab0643b08af9d59f9064c67f,organic_search
8e419623f7094752a2aa9a5bf96b3447,2017-11-19 16:53:40,d4a547d9c0264e5e821f2ce922348c3d,direct_traffic
3c3fe4e93d8a4df98be6af08af31c232,2017-08-28 03:34:47,ff05ce68802a4f1796f1c6ff9508133e,referral
61b85d1bdc064f0aaefe976392d64086,2018-03-25 23:46:43,7b5e3159006745bdbee47199b5293638,display
7901795724a74ae7a89ac96cf44c497b,2018-01-01 14:56:18,54ac0583af594362879a48b3c36bac75,social
38c5e2ba17b84237ba4cc16836dcb323,2018-04-22 01:03:26,fd67c44c56284345a9d416ecc4e70697,organic_search
06f654b51b224911ac9641821626b150,2017-09-23 05:02:42,fd67c44c56284345a9d416ecc4e70697,organic_search
1fb3b68e8dfb43999b6a00c92bf07c1b,2018-04-14 18:19:36,24f5fbd22d624e12b58faeb2f2742ebb,email
607d7037067c4dcba9f8a51bd0707f8c,2018-04-03 20:46:27,22d5f074d6fd43b2b796684fe6998629,social
f156f7be58224fb8ae58f6e2c13d2dbf,2017-12-27 00:49:52,42aab95b911f48e28fc6e5aff6d61bab,social
8c7f19fe8227426994b9d524e4bf9e5c,2018-04-09 09:06:00,32f776c66b854bc08925bb990a3b5ea3,email
d7a08cde01524130a36ff1afa5c7bb05,2018-03-19 22:46:24,6eb360925f334493a6951325d8182624,direct_traffic
40193f67fcd746c5bcca09068bedfb52,2018-05-17 03:18:43,7e92b46dac574b1b9786c529162a68c6,email
e0a04313ae0c4cc5bb5406ffc74fc040,2017-06-12 21:53:39,5c9fede2c59f461bab56ff6d802fa6a1,organic_search
787baca9626b48e4824a862b2d07dc60,2018-05-01 14:10:31,c005e1915b5a420dba2530a0e055f0e1,direct_traffic
cce25f6912f54058b378604bf6e3f339,2018-02-17 07:01:41,54dadc715073494a9f52e4f263e34d4e,referral
09554fd4c19f4c3db829c008235a2a1c,2017-08-22 16:40:00,7e92b46dac574b1b9786c529162a68c6,paid_search
62dd1859d04245569a60c7d1223bd376,2017-10-01 06:22:45,6eb360925f334493a6951325d8182624,social
81aa512fba99405997b8127530cbcb43,2018-05-31 07:16:26,42aab95b911f48e28fc6e5aff6d61bab,paid_search
659997a74f1d4c2fbabb64a833e994c4,2017-08-07 10:40:01,24f5fbd22d624e12b58faeb2f2742ebb,display
e7760d2b54c0499ba904bd69d43321d8,2017-06-16 07:32:12,702afe38d2d2425a9b41828bf926fbf5,organic_search
2dee1c659a3640ccacd4a77cb64a36e8,2018-01-23 16:43:07,9949586af6134c339c1809ad3ec0df66,social
e44e20f609a448c795d07e45c61ed1a3,2018-05-17 21:57:49,b3ebd0b9fc81475f87eaafca8d37f073,organic_search
24a788ef3b8c4ea3850c150a6de22a62,2017-10-02 06:26:23,b3ebd0b9fc81475f87eaafca8d37f073,direct_traffic
57108e52a68743bab3c6472fbc7e788d,2018-02-12 23:21:06,dc97f501f52d4c12817bfe088b55a525,organic_search
add960dfec9d46d9a176963bb7ef0953,2018-04-06 12:03:38,54dadc715073494a9f52e4f263e34d4e,organic_search
ab076d96a0b54741be4b2d43995cd200,2017-08-21 08:54:54,b3ebd0b9fc81475f87eaafca8d37f073,paid_search
e840ce714e294359841b2aeda744875b,2017-07-06 00:15:02,22d5f074d6fd43b2b796684fe6998629,organic_social
ce7bd0323c094ad9bfe4dd38d139622e,2017-06-17 14:47:40,54dadc715073494a9f52e4f263e34d4e,organic_search
412f0557641d4ab18422c34867521db6,2018-02-22 17:07:11,54dadc715073494a9f52e4f263e34d4e,organic_search
ec9b19d5b21049cdb084cecb4c2a627f,2017-12-15 02:33:42,280fc02b8ead46d897a70c9fa8a76c35,direct_traffic
17cdb953d5494fbb96d34e8482c15d05,2017-12-31 09:28:02,5c9fede2c59f461bab56ff6d802fa6a1,social
82590383ffca4d0f91807f342f86c8df,2018-03-03 04:24:17,f7f91884fcc441c3a73051d4c1896af9,organic_social
d34ad7d2863e4d53aa251698e5f6fe76,2018-04-07 23:33:35,c005e1915b5a420dba2530a0e055f0e1,organic_search
369ac7c777c745f8829be509d31df601,2018-06-01 00:51:49,b3ebd0b9fc81475f87eaafca8d37f073,social
3d6ff50d3665440c837bfdeb69cfa75b,2018-02-02 02:10:36,0c738336dbd04e959c993ff02dbf5e0f,organic_search
dbc9d06bc3544aa6ad3d119d71125445,2017-12-21 01:27:10,7e92b46dac574b1b9786c529162a68c6,organic_search
076e31954e534e5dbffcda796bef9501,2017-12-22 18:37:31,d4a547d9c0264e5e821f2ce922348c3d,direct_traffic
cf9b65cb8874479da49446e221aa4ddc,2018-04-29 16:01:17,7b5e3159006745bdbee47199b5293638,social
55e4333cb3234632992b5c231e6ba136,2017-08-03 03:46:22,2566ffa7a57141909a5618885cb43553,direct_traffic
9f0e408d343e4863b17f7c19a70139f6,2017-10-13 21:06:37,d650cf637d2e4393939ab7a1b5bd56fb,paid_search
2cdb3c302b6048499bce4fc324ce642b,2017-07-28 06:09:05,7e92b46dac574b1b9786c529162a68c6,paid_search
e5ec110731424982a3544319fed99885,2017-12-29 23:54:13,42aab95b911f48e28fc6e5aff6d61bab,paid_search
0cd6e964635941e5aed3a44dc91683a5,2017-08-12 08:50:59,280fc02b8ead46d897a70c9fa8a76c35,
8040c6a86db346319a5ad431314c3f65,2018-02-03 07:38:56,b5aed19b7ce942ceb1082d725df90ba9,paid_search
4219dd48ec6446c0b1b94e7f33882593,2017-07-20 12:00:57,d4a547d9c0264e5e821f2ce922348c3d,paid_search
7078628dac71432ea27b5c069d0a5237,2018-05-22 02:41:48,b3ebd0b9fc81475f87eaafca8d37f073,paid_search
5b17835a3b9442a797f29389204b82bd,2018-05-30 17:53:51,d650cf637d2e4393939ab7a1b5bd56fb,social
7aa3e78a77d34133918da624aec759ad,2017-10-04 09:27:58,42aab95b911f48e28fc6e5aff6d61bab,organic_search
39665756daad4a2d8e7ef68b3e6e2fda,2017-10-30 16:11:24,42aab95b911f48e28fc6e5aff6d61bab,organic_social
f9649392a39b4d2f954ea3f5b23642b8,2018-01-17 09:23:26,702afe38d2d2425a9b41828bf926fbf5,organic_search
d1501ae05edb4970ae1ae270ee4297b4,2017-10-19 21:38:32,eabde2c6e9064911b23d789ff68f2bbb,referral
bed98494c5e64007b051075fa7556aeb,2017-08-11 05:23:21,30603de19a0f45f98e07cc24bb54cd32,organic_search
e7a886b3b49a49898f1b35a4c2ac4cad,2017-10-26 00:56:40,9949586af6134c339c1809ad3ec0df66,direct_traffic
50fc1dca274f46fe9bf96f52c6b87a91,2017-12-07 20:31:04,7e92b46dac574b1b9786c529162a68c6,organic_social
2b6ccd3c4238430abcd7f523c06ba70a,2018-06-01 10:36:10,0c738336dbd04e959c993ff02dbf5e0f,organic_search
0e8c809da1404236bbf6ea8f4ad44ee7,2017-08-21 20:40:01,d4a547d9c0264e5e821f2ce922348c3d,display
c3fe3e42c45141838425dfff9c748f15,2017-11-04 17:18:16,f7f91884fcc441c3a73051d4c1896af9,paid_search
fa88cad911ef424c8d2b4142e08f2024,2018-01-12 10:44:10,2566ffa7a57141909a5618885cb43553,display
a95e0330d4954ceb9788e16d1347d314,2018-05-22 04:40:49,2566ffa7a57141909a5618885cb43553,direct_traffic
cc067c11a2114dd197866b2d12823087,2018-04-08 10:38:36,54dadc715073494a9f52e4f263e34d4e,paid_search
549d4dc5c8e547d680bf205bdb47233d,2017-12-14 09:22:05,d4a547d9c0264e5e821f2ce922348c3d,organic_search
f8e20103301443a6bb2cd87d359e7f53,2017-09-25 01:01:10,54dadc715073494a9f52e4f263e34d4e,paid_search
ba4253f7826e4b8f95095692888059a0,2017-09-17 21:14:05,0c738336dbd04e959c993ff02dbf5e0f,organic_search
8ab793a1693b4beb81f06de6464e3475,2017-08-15 21:16:16,e73bb83cf417427888827b7bd8835d0c,organic_search
4dbb2f06c9464d1c819bccb02b3517d7,2017-10-11 13:15:31,22d5f074d6fd43b2b796684fe6998629,organic_search
988ba9ca272f47b2b4d94b0c4e2ce439,2018-02-16 18:49:00,ff05ce68802a4f1796f1c6ff9508133e,paid_search
4b314fa6d984408b9dfd2a30bd7a91ff,2018-01-31 22:31:02,5c9fede2c59f461bab56ff6d802fa6a1,email
83e97ff2e1164a8aa9646a0f0e2d0c7c,2017-08-27 12:31:56,d4a547d9c0264e5e821f2ce922348c3d,organic_search
465f82da6e35417c98b5a5e1143c5772,2017-08-19 21:22:37,54dadc715073494a9f52e4f263e34d4e,organic_search
7ed1afb14f98436ea11265b4b75839d1,2018-02-12 11:26:35,30603de19a0f45f98e07cc24bb54cd32,social
52346833643e49ed8a697f6974df2688,2017-12-09 13:45:42,54dadc715073494a9f52e4f263e34d4e,organic_search
b878f8f1363f44feb44acde97529fcd2,2018-02-04 23:36:24,32f776c66b854bc08925bb990a3b5ea3,organic_search
3a0f94c402684dd8993135e059b9fbb8,2018-02-24 17:33:03,32f776c66b854bc08925bb990a3b5ea3,organic_search
54c4cdb1af8e43f3ae7128435a36c098,2018-02-03 13:49:50,e73bb83cf417427888827b7bd8835d0c,organic_social
3c95ce7bfdf14dcdaa3411f3476230d5,2018-05-09 02:21:27,42aab95b911f48e28fc6e5aff6d61bab,email
dbf9f5c305f949ce89d045cae0101663,2017-09-24 11:15:41,54ac0583af594362879a48b3c36bac75,paid_search
62ea9ef10ffb434284eca0b1393af756,2017-09-23 05:27:52,b5aed19b7ce942ceb1082d725df90ba9,direct_traffic
1a5f86b78a114f9fbbb44c5900567847,2018-04-08 04:21:15,d4a547d9c0264e5e821f2ce922348c3d,social
d22943685b3b4b0b82c6f87fddca244a,2017-09-09 12:58:47,6eb360925f334493a6951325d8182624,direct_traffic
31f5dab39e954e109b05fdb738ba6726,2018-01-22 20:43:53,c2366a33c94543b4a5c36a8911cb5ebe,direct_traffic
ed2a15d788ba4d0994b41f9f903c17d3,2018-04-23 00:26:39,bd7014dfab0643b08af9d59f9064c67f,social
e8f8e03b55fd4d688b1c60cc892becf8,2018-02-24 08:18:53,22d5f074d6fd43b2b796684fe6998629,organic_search
72fe0b69de3f4292a9c007bf481443c5,2017-09-12 13:14:12,57b30bb0fe284da5b57510a8823d88a2,organic_search
c16aaa04aafe460689e52567d08c7e22,2017-06-17 14:30:31,d4a547d9c0264e5e821f2ce922348c3d,paid_search
e79e053e9fb9435d9ecd620e473f9418,2017-07-21 11:59:50,30603de19a0f45f98e07cc24bb54cd32,referral
5111479c46c5443eb3ed28a231e04c7d,2017-07-05 09:53:02,c005e1915b5a420dba2530a0e055f0e1,social
9f0f5bad64a841689dff5be237c945d3,2018-03-01 19:34:41,54dadc715073494a9f52e4f263e34d4e,email
ac2de3a142904774b4314645196a8973,2017-07-11 02:02:16,b3ebd0b9fc81475f87eaafca8d37f073,
0377030af44f45f1a80a096399382fee,2018-03-18 19:02:23,9949586af6134c339c1809ad3ec0df66,organic_search
ff858db2dc72493197bacd4087136223,2017-10-04 09:19:23,280fc02b8ead46d897a70c9fa8a76c35,direct_traffic
d793d09ae91844ee8d74a6e23d7542fa,2017-09-02 23:41:42,54dadc715073494a9f52e4f263e34d4e,direct_traffic
ea41a14812ea4287b5cecb67fe10f544,2017-10-04 08:18:48,f7f91884fcc441c3a73051d4c1896af9,other
1e6b6424ee394918b931d458d04c109b,2018-01-20 06:27:36,eabde2c6e9064911b23d789ff68f2bbb,
66b519c7c72043519a5ca43817d9e21b,2018-04-08 09:40:34,c005e1915b5a420dba2530a0e055f0e1,direct_traffic
f380296474b54a10a84a2e62a0a3aec2,2017-10-21 03:19:34,22d5f074d6fd43b2b796684fe6998629,organic_search
af22e24bc669437ebec0dbde95aa1392,2017-09-06 02:19:05,5c9fede2c59f461bab56ff6d802fa6a1,email
acd8a93f42d542e79b8ea23d00bc432e,2017-08-07 19:01:32,0c738336dbd04e959c993ff02dbf5e0f,organic_search
d3676e1543824685bf1ba9d0edc9a834,2017-07-02 07:33:47,9949586af6134c339c1809ad3ec0df66,email
04585e6152864e92b2de06dd22286478,2017-10-03 21:19:25,d650cf637d2e4393939ab7a1b5bd56fb,organic_social
b0306121246a4f8aac3be6bff6df762a,2018-03-25 17:22:38,b3ebd0b9fc81475f87eaafca8d37f073,paid_search
5229e5239efc4252939dfacf40c50b81,2017-07-21 19:32:56,5c9fede2c59f461bab56ff6d802fa6a1,social
ddb48468c90347aea1c27cd048ecac6f,2017-06-27 11:36:33,280fc02b8ead46d897a70c9fa8a76c35,paid_search
15e2e5821186482ea6deb1f57b201823,2018-04-21 02:39:35,54ac0583af594362879a48b3c36bac75,paid_search
b78b847ced614dd5bf4c587cd3ddc1a6,2018-01-31 04:14:17,b3ebd0b9fc81475f87eaafca8d37f073,paid_search
bd7041934d524460a1a135c8d04288b9,2017-07-13 17:19:54,54ac0583af594362879a48b3c36bac75,direct_traffic
c116f994c8974218b186cef143c1a4f1,2017-07-22 19:44:49,702afe38d2d2425a9b41828bf926fbf5,organic_social
4fa684779fe24bc780fdc3277ce0bf25,2017-09-19 21:46:59,6eb360925f334493a6951325d8182624,display
bf5de54d7b484a7a8c7819bb97f51c2e,2017-11-01 20:43:43,e73bb83cf417427888827b7bd8835d0c,organic_search
688c4d09c0cf4004b7cba14bbf7e7542,2018-03-25 15:38:48,54dadc715073494a9f52e4f263e34d4e,referral
59fdc57b938043b8a92812ebba1061ca,2017-07-28 16:06:57,d650cf637d2e4393939ab7a1b5bd56fb,direct_traffic
b83c6dedad77417ebf7bf43ee8c8acd9,2018-04-26 07:05:32,702afe38d2d2425a9b41828bf926fbf5,organic_search
2860cf9df3db42c0b9be13292fd346bc,2018-04-22 22:22:12,d650cf637d2e4393939ab7a1b5bd56fb,organic_search
7f0ffa62bcd3401981c492963140ed8f,2018-01-20 00:01:04,b5aed19b7ce942ceb1082d725df90ba9,organic_search
4eb467b66ba048d2943c411946320ed7,2017-12-26 21:53:40,b5aed19b7ce942ceb1082d725df90ba9,organic_social
a01be2230b4a49839afe2c7db126cb7f,2018-02-08 22:58:43,32f776c66b854bc08925bb990a3b5ea3,social
5c3f9bfaa2a4460ebdc7890a2f3138ef,2017-11-16 18:28:11,6eb360925f334493a6951325d8182624,direct_traffic
76ebc45dba2e49f58a722dfd0f46cc73,2018-02-19 10:19:52,d4a547d9c0264e5e821f2ce922348c3d,organic_search
d42df0037cfb41138bbf370a0f1b9707,2017-11-01 09:37:09,54dadc715073494a9f52e4f263e34d4e,direct_traffic
0f0f9871e0d24322891c6701f1c08dc7,2018-02-28 09:03:59,42aab95b911f48e28fc6e5aff6d61bab,organic_search
cd5f6cd19ac348299fa3319cfc7f9254,2017-10-19 20:26:06,30603de19a0f45f98e07cc24bb54cd32,paid_search
478f9e768a4147258fa95d4281dc0b1b,2017-11-06 22:47:20,b3ebd0b9fc81475f87eaafca8d37f073,social
ad0546983612472892ec4495e5aacd48,2017-07-28 06:37:58,6eb360925f334493a6951325d8182624,organic_search
bda90c0d57a7475e94c27006f96d902d,2017-06-04 11:37:19,5c9fede2c59f461bab56ff6d802fa6a1,email
d3950e9254ff4477a3d096aa291939e3,2018-02-16 17:07:50,6eb360925f334493a6951325d8182624,organic_search
7816ce751ac443ce9abdcda93b08714d,2017-08-23 06:30:35,24f5fbd22d624e12b58faeb2f2742ebb,direct_traffic
91ed0c43a7b1459393ab019d402bea1a,2018-01-08 11:05:29,dc97f501f52d4c12817bfe088b55a525,paid_search
7e79ad32d5304389b46a6c0859e77bcd,2018-01-13 12:28:03,d4a547d9c0264e5e821f2ce922348c3d,social
022b7d5f378f43a5a670c9e08f332441,2018-05-18 19:36:34,bd7014dfab0643b08af9d59f9064c67f,organic_search
ccd981d99d8742cfab9db0ad2ece5eb1,2017-09-02 07:02:54,d650cf637d2e4393939ab7a1b5bd56fb,organic_search
2b87030f5c174952a2a41598b71dca16,2017-07-26 08:26:22,54ac0583af594362879a48b3c36bac75,organic_social
c396c904e93b4ec4b401e8458c43bb15,2017-11-05 18:16:09,0c738336dbd04e959c993ff02dbf5e0f,organic_search
fe2c3fdbb3da45d39816ba6b4cb37b73,2017-11-11 19:18:40,6eb360925f334493a6951325d8182624,email
6c87e3334b63426d9a7ae3a19607b58d,2017-07-23 10:55:29,c2366a33c94543b4a5c36a8911cb5ebe,
97daac956e0e4bebb40f8cb7b17163ac,2018-04-09 07:39:23,702afe38d2d2425a9b41828bf926fbf5,organic_search
fe16b9e5d3db467c90c81f9585fdc717,2018-05-11 05:37:43,42aab95b911f48e28fc6e5aff6d61bab,organic_search
a1be87f0742d4a80b9eae34ed3c08ff0,2017-08-20 06:59:13,d650cf637d2e4393939ab7a1b5bd56fb,direct_traffic
e029e685133249e4bb1c882e4993ef74,2017-12-20 06:15:15,54dadc715073494a9f52e4f263e34d4e,display
dd6e485fc5064c9485a7f853f5a4796d,2017-08-20 22:12:50,57b30bb0fe284da5b57510a8823d88a2,organic_social
65fc157483f2434c964a4a178ed50b35,2017-08-20 11:51:27,30603de19a0f45f98e07cc24bb54cd32,social
096f3bf08b1b4be88f55b9dfdf8cb771,2018-01-29 23:47:34,fd67c44c56284345a9d416ecc4e70697,email
d60d2d3da6cf42748d1bbf3b3ee226bb,2017-12-31 09:48:28,9949586af6134c339c1809ad3ec0df66,organic_search
74aff98e61644b299d426b8bff0a1b57,2017-10-13 17:11:03,c2366a33c94543b4a5c36a8911cb5ebe,other
a0558ad80dd0433499827fb1eccd8045,2017-11-03 13:30:00,2566ffa7a57141909a5618885cb43553,display
75d8ca09a40648ab9c1dc7efe099b0a1,2017-11-04 12:09:01,22d5f074d6fd43b2b796684fe6998629,organic_search
4ea3be44ae9a44d18edbd34eedcba286,2017-11-29 11:28:53,b3ebd0b9fc81475f87eaafca8d37f073,paid_search
63edcf07ba024373a7480a5cea384093,2017-11-05 15:29:04,702afe38d2d2425a9b41828bf926fbf5,organic_search
78b80c2a3d154eb7b71851646c29c14c,2017-12-19 15:11:13,e73bb83cf417427888827b7bd8835d0c,organic_search
08ae9a53fc8549e98fd75b4c6026edb4,2017-12-24 02:00:49,7b5e3159006745bdbee47199b5293638,email
e60229c7113f40469464f02cf50a994b,2017-11-29 23:30:45,280fc02b8ead46d897a70c9fa8a76c35,paid_search
9e5746c6ce9b45959250874c26122f30,2017-08-11 16:38:05,d650cf637d2e4393939ab7a1b5bd56fb,organic_search
0ac8e689d29f427bafe273ee92a86734,2017-10-19 00:42:33,bd7014dfab0643b08af9d59f9064c67f,paid_search
47c30cd331a34e0b863629a4adaf5df4,2018-05-27 07:21:44,54ac0583af594362879a48b3c36bac75,
2c8108416fcd48c89ffd079771e083aa,2018-05-05 09:19:05,0c738336dbd04e959c993ff02dbf5e0f,social
cc9afc48e48141a199bd7fff72a47965,2017-12-09 00:51:43,42aab95b911f48e28fc6e5aff6d61bab,paid_search
7ce3340ea5714e83aff20b227ea88083,2018-01-05 13:55:22,42aab95b911f48e28fc6e5aff6d61bab,organic_search
05518497d00744948efd2eea1af2e1bc,2018-03-13 20:23:16,22d5f074d6fd43b2b796684fe6998629,
b269c0a1dfe94dde9589ebd2e507e0b8,2017-09-11 07:49:37,fd67c44c56284345a9d416ecc4e70697,email
96e687ba754d4ed5862ae1995171e190,2018-02-13 16:01:25,54dadc715073494a9f52e4f263e34d4e,paid_search
5bba125d75364d7188ec9f8de13ae437,2017-10-19 03:53:23,24f5fbd22d624e12b58faeb2f2742ebb,organic_search
b1909cb81d0c4b00aeec62757676493f,2017-10-03 05:50:26,42aab95b911f48e28fc6e5aff6d61bab,organic_search
204479f269074323b6fb2f39338de638,2018-02-01 21:35:17,6eb360925f334493a6951325d8182624,organic_search
5d9ce732d20646038bf72da2db8daabe,2017-06-24 14:12:06,f7f91884fcc441c3a73051d4c1896af9,social
a2b6054c061448bfa7f9146e67f05419,2018-05-28 17:43:57,9949586af6134c339c1809ad3ec0df66,organic_social
bec80a034eeb4fa3b5a300aa0a6da9cb,2017-10-22 22:05:22,702afe38d2d2425a9b41828bf926fbf5,paid_search
74146435f5d3407aa6298e47b6d5818b,2017-12-10 02:09:34,dc97f501f52d4c12817bfe088b55a525,email
1f2c50291de5425bb7ee2ef241cd9e92,2017-06-29 23:17:17,42aab95b911f48e28fc6e5aff6d61bab,paid_search
fbc849f99f1c4bd6940613a6e8f47021,2017-10-20 19:35:03,7e92b46dac574b1b9786c529162a68c6,direct_traffic
709301dc37ba4e3a9e870ea8b67eabc9,2018-01-11 10:20:55,dc97f501f52d4c12817bfe088b55a525,direct_traffic
88d37a33e76642db8e4306425e59a546,2018-01-28 04:53:20,5c9fede2c59f461bab56ff6d802fa6a1,organic_search
e686d38e172941c89d2e6f0ef9c86672,2017-07-08 11:48:58,d650cf637d2e4393939ab7a1b5bd56fb,paid_search
fab087df35734ca6b4596857390f94f3,2017-12-29 05:31:33,54dadc715073494a9f52e4f263e34d4e,social
d29d87459ecc426bafee6afc94b66e1b,2017-08-17 21:28:27,0c738336dbd04e959c993ff02dbf5e0f,organic_search
02143be516874361b33e94584cfeb668,2018-03-21 07:16:53,c005e1915b5a420dba2530a0e055f0e1,paid_search
f6b8dc0ebfc54d6ab23a4168a352f558,2017-07-16 15:57:23,9949586af6134c339c1809ad3ec0df66,social
7169997c4acb46afb96cf23dc312f04b,2017-11-15 20:51:09,c005e1915b5a420dba2530a0e055f0e1,
a0181252c7d54da88be56d83cabe4cf6,2018-05-05 09:29:32,c005e1915b5a420dba2530a0e055f0e1,paid_search
1495ab360dba4b3788fd8e6ad0439a04,2018-02-27 10:36:36,f7f91884fcc441c3a73051d4c1896af9,email
2e35582976c343a9bc34e874b6cd966b,2017-06-12 05:06:51,d650cf637d2e4393939ab7a1b5bd56fb,paid_search
d8bb3cc013d043129d2c1075963d6e4b,2017-07-05 11:25:51,54dadc715073494a9f52e4f263e34d4e,email
30245ca295c345599622a9a4bf318755,2017-12-02 16:13:57,22d5f074d6fd43b2b796684fe6998629,social
4b7480ec78694d849c0c957e998f6ed7,2017-09-18 06:42:15,42aab95b911f48e28fc6e5aff6d61bab,referral
6a009e9cfe3c4564bdcd4940208f4f83,2018-01-26 08:17:22,b3ebd0b9fc81475f87eaafca8d37f073,paid_search
e567221c864b4eb595544ca1bc1ec66e,2017-12-03 12:07:28,54ac0583af594362879a48b3c36bac75,social
3f1c1184f0604af6884fbb5ccc551df8,2018-05-13 09:25:51,b5aed19b7ce942ceb1082d725df90ba9,social
0ccf020dff294fe8b241a1f254b750a0,2018-04-06 00:50:32,2566ffa7a57141909a5618885cb43553,paid_search
b9e6e2b4263c4223ab1dcfb0f5a6b71f,2017-08-01 23:22:59,7b5e3159006745bdbee47199b5293638,organic_search
3f321133e17e4f08b414a9e95828abfe,2018-01-05 14:25:44,280fc02b8ead46d897a70c9fa8a76c35,organic_search
ac5e95730ee445f09fe5d8a18ee75a03,2018-02-05 01:44:55,bd7014dfab0643b08af9d59f9064c67f,organic_search
8bfaaa273cf346918979158be4b2ce26,2018-02-26 02:11:41,c2366a33c94543b4a5c36a8911cb5ebe,referral
55d4b6588eb345cb98017d7360e8fb2c,2018-02-18 13:35:52,e73bb83cf417427888827b7bd8835d0c,organic_search
c93c37beca6e475498bab12e471834fd,2018-03-17 15:55:05,eabde2c6e9064911b23d789ff68f2bbb,organic_search
d234f745857d4d16a9b2d71df5b69bb1,2018-02-14 11:54:29,280fc02b8ead46d897a70c9fa8a76c35,direct_traffic
5dc28f1f35af44c3a96d8f42cdab57ad,2018-03-03 17:54:48,0c738336dbd04e959c993ff02dbf5e0f,paid_search
097f310894f14173af50e9cc3ddeb5ba,2018-03-22 12:09:05,d4a547d9c0264e5e821f2ce922348c3d,social
9f85ec0222cb4f97bd77928dc5c9f6b8,2017-07-05 02:45:02,702afe38d2d2425a9b41828bf926fbf5,organic_search
296a272cf49e4c50a10c27e9387d8a70,2017-07-18 20:19:36,d650cf637d2e4393939ab7a1b5bd56fb,display
3142411e226e4ed1b2f2692dc3fc3a20,2017-07-28 19:21:39,32f776c66b854bc08925bb990a3b5ea3,referral
d6cb89e7fe6c472e95772e79eb95a5c2,2018-02-18 03:11:38,702afe38d2d2425a9b41828bf926fbf5,referral
1d82b947ad0e4ceeb7a5e581f460864f,2018-01-26 22:12:38,d4a547d9c0264e5e821f2ce922348c3d,paid_search
70b4a0a035f4468a80f2507d45ee0c9d,2017-09-06 02:39:39,d650cf637d2e4393939ab7a1b5bd56fb,direct_traffic
af228319db4a44128c76ef3e94527d12,2018-05-17 15:41:25,bd7014dfab0643b08af9d59f9064c67f,organic_search
a3d0f10e9ebc45119765c198e51645bf,2017-10-20 16:57:22,b3ebd0b9fc81475f87eaafca8d37f073,organic_search
96b5f836b64e455a89a9700a984d0b01,2017-08-17 23:40:54,42aab95b911f48e28fc6e5aff6d61bab,organic_search
c0975f76518341e1aade696f2514906e,2017-07-08 06:36:52,d4a547d9c0264e5e821f2ce922348c3d,social
038e8b61d66c4da2b327a8bd30cca323,2018-03-22 12:22:19,b3ebd0b9fc81475f87eaafca8d37f073,paid_search
33a57ae74e154c8481a2e578166e4218,2018-02-26 15:44:35,5c9fede2c59f461bab56ff6d802fa6a1,social
c7e99555e90e4e98ab134c806055635b,2017-06-11 14:37:00,702afe38d2d2425a9b41828bf926fbf5,organic_search
cfb41f80723d4c6299141a5585ccf1a1,2017-10-29 00:13:52,fd67c44c56284345a9d416ecc4e70697,paid_search
671280ada000477c86af7743d942a77c,2017-12-17 00:41:13,e73bb83cf417427888827b7bd8835d0c,direct_traffic
c1bbe84061954433a03799ad843ad380,2017-09-24 11:44:15,7b5e3159006745bdbee47199b5293638,paid_search
b638d8d8f950451a9a1619e100979e30,2017-08-17 09:25:28,54dadc715073494a9f52e4f263e34d4e,direct_traffic
43a5821cd6e744368034d2f46583378c,2017-09-23 21:16:35,57b30bb0fe284da5b57510a8823d88a2,organic_search
ff06e9bd310a45d38505820e1133ec88,2017-11-15 19:22:58,b3ebd0b9fc81475f87eaafca8d37f073,email
1b3fe84c1d9f4380a1ff41166ecb5cf3,2018-05-01 07:17:37,d650cf637d2e4393939ab7a1b5bd56fb,social
41b2e3633e6e4ad9972696b43b377060,2018-03-22 12:54:44,5c9fede2c59f461bab56ff6d802fa6a1,organic_search
b34a610053bf4708a839ec8fc3ecc05f,2018-03-23 05:33:22,54ac0583af594362879a48b3c36bac75,organic_search
b27ebb36f8ae4e4fb07928d497eaf0a8,2017-08-15 07:30:19,0c738336dbd04e959c993ff02dbf5e0f,social
34d81e29e7a64c199eb5ca50dd1c723b,2017-09-01 03:40:24,e73bb83cf417427888827b7bd8835d0c,email
2b334187b4424014b066145b0b37e699,2018-03-01 21:54:55,54dadc715073494a9f52e4f263e34d4e,paid_search
9a76127423c047899bb1d7b3b01225a2,2017-06-21 04:38:08,c005e1915b5a420dba2530a0e055f0e1,organic_search
113663fcf3fb4eefa2c0dea68c17f592,2017-11-26 02:31:18,42aab95b911f48e28fc6e5aff6d61bab,referral
0f7bf9b6797946c3a6875404436a4418,2017-11-09 08:22:40,57b30bb0fe284da5b57510a8823d88a2,direct_traffic
7a30f94a7abf44fea87e977ef29cbfa4,2017-09-15 07:20:37,0c738336dbd04e959c993ff02dbf5e0f,paid_search
4151869ed1dc40d1a1fc7a49a2b686de,2017-08-23 15:26:51,b5aed19b7ce942ceb1082d725df90ba9,paid_search
4342efe880c14922a0724fb2245d252f,2017-09-28 07:54:33,d650cf637d2e4393939ab7a1b5bd56fb,organic_search
b5e5cb047aee4b6992014882b76ae880,2017-11-29 00:59:37,2566ffa7a57141909a5618885cb43553,social
4f023cec362e43bc9359e6bebc03a8dc,2018-01-12 04:28:56,bd7014dfab0643b08af9d59f9064c67f,paid_search
2e46701ba88f4d90bcae022cb725dfa8,2017-12-10 00:55:32,b3ebd0b9fc81475f87eaafca8d37f073,
55fa745046414fc18c0a0007f0bbf22c,2017-09-15 13:51:01,eabde2c6e9064911b23d789ff68f2bbb,paid_search
2177a7e25bb54ead8c4a7eb489f0df93,2018-01-15 15:58:01,ff05ce68802a4f1796f1c6ff9508133e,paid_search
f6a5f34ea0114246a66d6ee890447dee,2017-09-10 07:29:12,d650cf637d2e4393939ab7a1b5bd56fb,social
0a6f9beccfe540dd8b3e2fe1b34f8fef,2017-12-12 21:29:20,bd7014dfab0643b08af9d59f9064c67f,organic_social
f7c9158996bd47c28939b68414f5b322,2017-08-03 03:22:50,32f776c66b854bc08925bb990a3b5ea3,email
6c70d7de710d401981559053d5793ba5,2018-02-15 21:03:19,22d5f074d6fd43b2b796684fe6998629,paid_search
eb1400220a7343589bd48efb21f51a76,2018-02-20 04:25:51,32f776c66b854bc08925bb990a3b5ea3,direct_traffic
350b36e02e914b93bd33f6fc4438b6d1,2017-09-16 04:22:55,6eb360925f334493a6951325d8182624,social
7d9a0072dbc74e5ba47286eba5ca719f,2018-04-06 13:02:54,22d5f074d6fd43b2b796684fe6998629,paid_search
9d347e12f8be470898d3e2152061d67d,2017-11-10 15:06:51,54ac0583af594362879a48b3c36bac75,organic_search
38a4c7ab293d4231bb301c7f1f7f7156,2017-09-16 03:18:20,280fc02b8ead46d897a70c9fa8a76c35,paid_search
b001722d73114fe993b29c05ad083ba2,2018-02-15 13:06:07,6eb360925f334493a6951325d8182624,organic_search
e89d77cb2f1543c78e2f96343d814ebc,2017-10-09 18:31:20,dc97f501f52d4c12817bfe088b55a525,organic_social
548ed00f704e4597a6843cb2f35ad441,2018-01-20 00:35:16,e73bb83cf417427888827b7bd8835d0c,paid_search
17fcc63e90a74ecaa0eb804ea44400b2,2017-12-12 15:17:32,ff05ce68802a4f1796f1c6ff9508133e,display
9e8673ff44034c27b3d52f64345bfe5b,2017-07-22 12:54:48,7e92b46dac574b1b9786c529162a68c6,social
3a0b2cb549e24ac3b5d51a42ba0dc05c,2017-11-06 02:22:39,7b5e3159006745bdbee47199b5293638,social
533f0185dfe74448aaf6ac4880f11c29,2018-04-30 10:56:52,9949586af6134c339c1809ad3ec0df66,social
57608505f05a47bc93474749e50c3d5e,2018-05-26 03:04:29,d4a547d9c0264e5e821f2ce922348c3d,organic_search
40c3e4bf32f74b4d8d7129896ba30f97,2018-04-26 14:11:16,5c9fede2c59f461bab56ff6d802fa6a1,paid_search
4232458002be4cff92cf87903fe5b71a,2018-01-28 00:34:37,b5aed19b7ce942ceb1082d725df90ba9,organic_search
769377947043412b88bffd796297e4c9,2018-04-28 11:46:11,eabde2c6e9064911b23d789ff68f2bbb,social
d0bf10301c1a4e6f955700a620e55944,2017-08-12 09:03:56,32f776c66b854bc08925bb990a3b5ea3,paid_search
28c03f0cb3bd47e38b086fa4d20f7490,2018-03-17 00:20:15,2566ffa7a57141909a5618885cb43553,email
fd7849911cfb412ebbc8401b92398d5b,2018-02-21 05:40:15,2566ffa7a57141909a5618885cb43553,organic_search
73bcee03f06845ccbee2184c645122f9,2018-05-22 17:06:19,d650cf637d2e4393939ab7a1b5bd56fb,organic_search
f957340fc90c4f73956e65fac6d4f7b9,2017-06-20 02:13:39,fd67c44c56284345a9d416ecc4e70697,paid_search
baf483aeb52149b49bd4a4446a2c665f,2017-09-16 10:40:15,7e92b46dac574b1b9786c529162a68c6,organic_social
db41885e855a46ceadc833b13954c4e5,2018-04-13 15:06:18,bd7014dfab0643b08af9d59f9064c67f,direct_traffic
333bdff60e2543728bb0d850206aecda,2017-08-20 15:15:50,32f776c66b854bc08925bb990a3b5ea3,paid_search
705e6599d302455e91156350be2ac256,2017-08-29 18:52:53,2566ffa7a57141909a5618885cb43553,social
7f3c5c74de4f4453bcd70730151739ba,2018-05-09 06:36:44,7e92b46dac574b1b9786c529162a68c6,organic_search
e2d93025811648c382bbed74f83a0979,2017-07-27 05:54:42,e73bb83cf417427888827b7bd8835d0c,
1c386f26d0b34905870021dc958bd016,2018-02-10 07:25:48,0c738336dbd04e959c993ff02dbf5e0f,direct_traffic
96beb3215dd14a689e43732bdbb15934,2017-12-24 22:46:00,7e92b46dac574b1b9786c529162a68c6,paid_search
fa922166ad6c492fab254a5384504a31,2017-10-14 22:38:35,42aab95b911f48e28fc6e5aff6d61bab,social
58700237aaa94ee4a5e1acf8ed00211c,2017-06-15 00:56:25,42aab95b911f48e28fc6e5aff6d61bab,organic_search
f4065cf5310c4b0db418399d1cf029fa,2017-06-15 17:07:49,eabde2c6e9064911b23d789ff68f2bbb,display
96ac737f4e544b23879582d2564b555e,2017-08-13 14:50:32,eabde2c6e9064911b23d789ff68f2bbb,organic_search
effb136c691c428eb8732849e1196dfc,2018-03-04 13:43:38,d650cf637d2e4393939ab7a1b5bd56fb,social
69749c5b263f476d868eccbb3f15aa6d,2018-04-03 19:07:19,32f776c66b854bc08925bb990a3b5ea3,organic_search
822c816133724e328a911ddd50a29bee,2017-08-20 03:38:42,e73bb83cf417427888827b7bd8835d0c,direct_traffic
e56045ea0cbb448a82e90b7c299dac18,2017-11-26 08:06:29,24f5fbd22d624e12b58faeb2f2742ebb,email
61b22df2eb7647a39c0724154a0c37bb,2018-01-01 02:24:53,dc97f501f52d4c12817bfe088b55a525,direct_traffic
7d2ed990b4fc44bb926f197b9d426028,2018-01-30 16:54:34,7b5e3159006745bdbee47199b5293638,social
41f5eec81f2a4f6fb75b863183272ce5,2018-03-02 16:02:06,2566ffa7a57141909a5618885cb43553,referral
ddcdda080008425c899f95586665048a,2018-04-05 23:11:13,e73bb83cf417427888827b7bd8835d0c,organic_search
b4a67cb6578a4f10a0f29d7503d3dcfd,2017-11-07 17:20:22,6eb360925f334493a6951325d8182624,paid_search
bf264f8b3bf64e2ea5be04529a0ac969,2017-10-10 04:40:03,42aab95b911f48e28fc6e5aff6d61bab,organic_search
731490e68b4442afb50719ca44213907,2018-05-03 19:39:37,7e92b46dac574b1b9786c529162a68c6,
02e2ab847c134fff8963259db2a07437,2018-04-11 03:30:35,6eb360925f334493a6951325d8182624,paid_search
68175c27e1ad41fb9413f9ec335a88a9,2018-02-08 20:47:53,54ac0583af594362879a48b3c36bac75,direct_traffic
6ed028eefda44b499c08035d794c22d0,2017-08-04 07:59:05,30603de19a0f45f98e07cc24bb54cd32,direct_traffic
1a20d9d6486a47c89e36782d3010555c,2017-08-06 05:11:30,9949586af6134c339c1809ad3ec0df66,organic_search
73be45e8e919449e8494812cff7eb2fe,2018-05-04 02:59:32,22d5f074d6fd43b2b796684fe6998629,organic_search
06f835c82ed5439e9af773f689e58080,2017-07-19 14:42:11,0c738336dbd04e959c993ff02dbf5e0f,paid_search
e07a382aab694ec1a17fab1616bdd695,2018-04-11 03:49:52,9949586af6134c339c1809ad3ec0df66,paid_search
c6448b00c1e9446eab46f977453e39b3,2017-09-24 09:07:35,32f776c66b854bc08925bb990a3b5ea3,organic_search
4b092ddb8ec246f38d024102ec31ae41,2018-05-04 10:57:46,42aab95b911f48e28fc6e5aff6d61bab,organic_search
a047b9ed99a34fc7a24a7c464b8c8830,2018-05-30 16:49:34,57b30bb0fe284da5b57510a8823d88a2,referral
6a765efb315a4329879b3bda9eae99ad,2018-03-30 18:55:46,30603de19a0f45f98e07cc24bb54cd32,display
09b72ce7e01f4d63a6dc8cc5dff221ed,2018-03-23 09:42:40,d650cf637d2e4393939ab7a1b5bd56fb,paid_search
d355fb699221455595b2240dd09198eb,2017-08-07 11:56:24,7b5e3159006745bdbee47199b5293638,paid_search
4a89466616a34c50862b02da71162376,2017-12-09 05:17:14,702afe38d2d2425a9b41828bf926fbf5,organic_search
27f5a1aa057d48aeb961f0d5304ed797,2017-06-18 14:01:06,d4a547d9c0264e5e821f2ce922348c3d,direct_traffic
26ba4f7232384ff2bc54567285adacfe,2017-06-25 07:12:18,32f776c66b854bc08925bb990a3b5ea3,email
700e8004c91843a99c5213ef913c11b5,2017-06-08 05:12:17,d4a547d9c0264e5e821f2ce922348c3d,organic_search
f2ef4ee1979649ffbf8ef33d50004edc,2017-06-18 08:39:32,32f776c66b854bc08925bb990a3b5ea3,organic_search
21844106107b469382a9daca7fee3409,2017-12-21 11:44:34,e73bb83cf417427888827b7bd8835d0c,email
46fe4ff7ac7b4d11928eb960ac287e00,2018-03-20 17:30:16,6eb360925f334493a6951325d8182624,social
e7a4013de9ba4dfbbd937f3eb3e59750,2017-11-24 06:50:08,d4a547d9c0264e5e821f2ce922348c3d,organic_search
9bd83035f8af4267969ae6c1388ef638,2018-03-23 14:46:10,b3ebd0b9fc81475f87eaafca8d37f073,social
8d04959d3c834fcfba065e302c6086bb,2017-09-18 16:30:00,fd67c44c56284345a9d416ecc4e70697,paid_search
6d704fe0f67e43fbbdcf6d7f911bf5f2,2017-10-13 19:52:29,b3ebd0b9fc81475f87eaafca8d37f073,paid_search
8a296a9331b34fa79ade3ccf60d589a5,2017-07-31 10:10:09,d4a547d9c0264e5e821f2ce922348c3d,direct_traffic
46a63d15558c4ab9ba26ab4e707432b2,2018-02-19 12:16:57,42aab95b911f48e28fc6e5aff6d61bab,email
2d5fe36940f14108802bd2ec34663958,2017-09-04 09:17:40,42aab95b911f48e28fc6e5aff6d61bab,paid_search
504895331b5f4bf587302e8bfdfccc6c,2018-02-05 19:59:05,b3ebd0b9fc81475f87eaafca8d37f073,display
6c604dcf5045422286d6d90861533a6b,2018-05-06 03:30:48,57b30bb0fe284da5b57510a8823d88a2,paid_search
f3ca5c209da64e30bf939f9f5765e046,2017-11-23 18:53:55,b5aed19b7ce942ceb1082d725df90ba9,email
59379c489ba642878fabc96ca67c0719,2017-07-03 13:18:16,7b5e3159006745bdbee47199b5293638,paid_search
ad4b27b6409844eda3c8e29ef219ce81,2018-04-25 00:55:31,c005e1915b5a420dba2530a0e055f0e1,referral
2f419f0f09814d7c9b5f2e03a4b6f03e,2017-08-04 03:26:37,9949586af6134c339c1809ad3ec0df66,organic_social
539470968cf74f25a4575a506f82f8b9,2018-01-21 04:02:46,dc97f501f52d4c12817bfe088b55a525,organic_search
75b6b457d2ec4e97af17f5a81f85e3ca,2018-03-09 10:45:59,2566ffa7a57141909a5618885cb43553,organic_social
23a433625ae04e0c9c507444bb0f6957,2017-11-25 11:10:43,b3ebd0b9fc81475f87eaafca8d37f073,email
c6a434c28ea94fa8b0de377626189a53,2018-01-10 20:08:41,24f5fbd22d624e12b58faeb2f2742ebb,email
a978b0b8800c4d789c04c3df22aafc4b,2018-02-14 06:38:55,ff05ce68802a4f1796f1c6ff9508133e,organic_search
95f7b54f53234df596a4ddf99754f27d,2018-02-17 07:05:43,2566ffa7a57141909a5618885cb43553,email
cb33658c4a654879aa9acf34999ec221,2018-05-15 08:04:39,d650cf637d2e4393939ab7a1b5bd56fb,referral
68ce731115c546f39d4c8f236d3b4f86,2017-06-09 07:14:01,22d5f074d6fd43b2b796684fe6998629,paid_search
695d25f5b33e4f2eab6f8515a364d37c,2017-11-29 19:08:08,fd67c44c56284345a9d416ecc4e70697,display
8a14d9942d9b432e9621b38471174797,2017-08-17 20:29:38,54dadc715073494a9f52e4f263e34d4e,organic_search
1bb5e2a45c014145b97feb4db9a7b90b,2018-02-27 19:06:58,eabde2c6e9064911b23d789ff68f2bbb,organic_search
54d315a15edf484a90a88626df72bc19,2018-02-28 13:12:14,c005e1915b5a420dba2530a0e055f0e1,social
45a35c1cbd7a4a8091bf44ab3f5ba587,2017-09-26 19:19:42,32f776c66b854bc08925bb990a3b5ea3,social
efe20b5b754f423b997a35f83d06c9cc,2017-12-09 05:46:47,dc97f501f52d4c12817bfe088b55a525,social
a4d6d0ac8a5847c6ab24387dbd487f7f,2018-05-15 06:01:50,d4a547d9c0264e5e821f2ce922348c3d,organic_search
65366908936f4a2eb5ef418c1695dafa,2018-04-21 22:30:26,9949586af6134c339c1809ad3ec0df66,display
94f20b26901c43c791529b4e1f24b3fa,2017-08-17 19:41:26,fd67c44c56284345a9d416ecc4e70697,organic_search
c404108c3cc34f61ba40b78a7840b049,2018-01-04 07:21:42,b5aed19b7ce942ceb1082d725df90ba9,organic_search
3dc7dc6c306340c89e09c49c6db38810,2017-06-26 14:35:43,0c738336dbd04e959c993ff02dbf5e0f,organic_search
dc4c0bf894be424ebd61bba16815c0ef,2017-12-17 18:59:46,7b5e3159006745bdbee47199b5293638,social
bd051463d1224c22a366489ad1db9d4f,2018-01-30 17:02:22,42aab95b911f48e28fc6e5aff6d61bab,organic_social
998d60d33a9448fd8832b5d41fb8ec7e,2017-08-09 10:55:20,e73bb83cf417427888827b7bd8835d0c,direct_traffic
9499d08d3e4f42a1a487bd01e0dbd308,2017-07-09 09:09:02,f7f91884fcc441c3a73051d4c1896af9,email
3ac4c6ab39af4998994a1a204db1dcb2,2018-03-12 11:20:42,54ac0583af594362879a48b3c36bac75,organic_search
d7692e96a9d3471c838d2d34b40d94dc,2018-04-10 21:37:34,24f5fbd22d624e12b58faeb2f2742ebb,social
a6fe76d05063486a8cafbc6b2eb4c22d,2017-07-01 14:56:28,2566ffa7a57141909a5618885cb43553,paid_search
602ca9ba65ed496a9941a8a1f682d69d,2017-08-13 17:30:36,bd7014dfab0643b08af9d59f9064c67f,paid_search
6c82fce3fdcc47359240dba1385eb079,2017-08-22 08:49:40,ff05ce68802a4f1796f1c6ff9508133e,organic_search
190777e287e54d80b34ad7c9e0b49257,2017-08-21 23:31:23,7b5e3159006745bdbee47199b5293638,direct_traffic
ad3e5be2715649aba622f8c893c5bb50,2017-12-18 21:31:58,54ac0583af594362879a48b3c36bac75,social
c80de94b52e945faad207edcf676d411,2017-10-06 12:45:28,24f5fbd22d624e12b58faeb2f2742ebb,direct_traffic
b136421a6f614ea8b118612ef7a25f5d,2017-09-24 10:03:24,2566ffa7a57141909a5618885cb43553,paid_search
98887907f6044e5eb23defd44667aa8f,2017-12-23 04:29:43,22d5f074d6fd43b2b796684fe6998629,organic_search
83f463a22fdf42bfb22d6cfaadb634ba,2018-03-27 05:31:42,54ac0583af594362879a48b3c36bac75,social
b069748cdf684eab852fef1899739a91,2018-01-14 05:11:05,57b30bb0fe284da5b57510a8823d88a2,organic_search
9a8ba61de32f4bf7b3b4d8da630039e8,2017-10-20 11:55:22,e73bb83cf417427888827b7bd8835d0c,referral
f592c5f8ee984e0c8548d867cfe102f6,2018-04-23 04:16:13,30603de19a0f45f98e07cc24bb54cd32,social
6a77d10159144ea29cc5e6a12954ebe9,2017-11-07 19:05:13,dc97f501f52d4c12817bfe088b55a525,organic_search
f0f6303c017944d59a0efafb89586162,2018-04-18 21:47:19,6eb360925f334493a6951325d8182624,display
20612164ed8b4cf79f052b30064b43ca,2017-09-27 15:57:25,0c738336dbd04e959c993ff02dbf5e0f,social
b281c7a56bd2494d8477f70ba8207a82,2017-08-03 19:42:23,22d5f074d6fd43b2b796684fe6998629,organic_search
3453ba2b6fbc4fb480d35befa70cb1f8,2018-04-09 16:32:34,2566ffa7a57141909a5618885cb43553,social
e9cf5111d78b47fd80c02598df2ea3af,2017-07-07 12:25:44,5c9fede2c59f461bab56ff6d802fa6a1,organic_search
f2093bca7ccb4ab8aec0577e15cca176,2017-10-18 01:29:30,ff05ce68802a4f1796f1c6ff9508133e,email
5fa86db5090b475b8e16e1b2b03ca0e5,2017-10-09 04:06:29,d4a547d9c0264e5e821f2ce922348c3d,email
c4d2e6dfc1934aee946a782a14b536b1,2018-01-25 15:30:24,702afe38d2d2425a9b41828bf926fbf5,other
b2f7b9074a8b4671869ee98e4ecb44b8,2017-08-26 17:44:31,d650cf637d2e4393939ab7a1b5bd56fb,social
c0b984dfb1f843698841b23c9e911c78,2017-10-28 08:10:43,30603de19a0f45f98e07cc24bb54cd32,paid_search
9517521de1aa441a913396fdf5a6afbe,2017-07-23 03:13:29,22d5f074d6fd43b2b796684fe6998629,direct_traffic
3dda0556a0ec40f894e118040960dc19,2018-04-05 21:48:38,54dadc715073494a9f52e4f263e34d4e,organic_search
0662a9c86b4d43d6a61a9c7c86d16dd5,2017-12-03 08:47:06,54dadc715073494a9f52e4f263e34d4e,social
04107a25967348d0842a1722696e31af,2018-05-07 18:00:19,bd7014dfab0643b08af9d59f9064c67f,social
926bc7cda0ae460d8cbb5269519b9331,2018-05-26 15:44:45,7b5e3159006745bdbee47199b5293638,organic_search
cd891a5dbcbf40e1b23d04f77dd100a7,2017-06-30 23:13:51,dc97f501f52d4c12817bfe088b55a525,paid_search
44982bfe20e64da8986fb355d080405a,2017-10-22 10:02:38,5c9fede2c59f461bab56ff6d802fa6a1,referral
46e8c5dcb7334b01ac122b04510974f6,2017-10-07 23:18:40,30603de19a0f45f98e07cc24bb54cd32,referral
61b0f4e4a5d0453fb34079172efb01f2,2017-11-16 15:16:43,57b30bb0fe284da5b57510a8823d88a2,organic_search
ea1d5f28851c4483abcd5bb6fa8073e3,2017-10-07 12:59:08,24f5fbd22d624e12b58faeb2f2742ebb,organic_search
e4f7dbb642be4370915af3c285a6d3a8,2017-06-07 03:40:55,f7f91884fcc441c3a73051d4c1896af9,organic_search
cdba589eadb7488ea79705a0e66680b6,2018-02-04 08:50:16,702afe38d2d2425a9b41828bf926fbf5,referral
22713c6f1ffd47a6b4b422c7947abf38,2018-02-09 08:03:37,702afe38d2d2425a9b41828bf926fbf5,organic_search
794e94e2606047e59d258d0a0e02900d,2018-01-09 09:40:32,dc97f501f52d4c12817bfe088b55a525,direct_traffic
075db8109edf4765a5293db2e1f75cc4,2018-05-29 17:45:45,c005e1915b5a420dba2530a0e055f0e1,organic_search
b30f8191909444a2a14beb4329dfccce,2018-04-07 20:35:36,ff05ce68802a4f1796f1c6ff9508133e,social
3b86c28bfc2b4481a3e9ade9f1e1fe8f,2018-04-07 18:53:42,54dadc715073494a9f52e4f263e34d4e,paid_search
09f7d2af9adf46de9644c0ed81e37bc6,2018-05-08 13:55:46,eabde2c6e9064911b23d789ff68f2bbb,email
8afe6e4c24494d538ed702595dfedc6d,2018-04-05 03:55:29,702afe38d2d2425a9b41828bf926fbf5,organic_search
8533ee51945f4689a506bf806078d73d,2018-04-26 03:35:20,702afe38d2d2425a9b41828bf926fbf5,social
d590958d95be47aba8caa0505590fe1e,2017-07-19 04:16:37,d650cf637d2e4393939ab7a1b5bd56fb,organic_search
61acf0bba4f04fba820c95631f8fa1d4,2017-10-01 13:07:57,702afe38d2d2425a9b41828bf926fbf5,direct_traffic
c7ca7798890c4e30bb3b64cdf2ad41a7,2018-05-11 21:59:02,7b5e3159006745bdbee47199b5293638,referral
86ee33969cfe4d67a6df83052556b561,2017-12-19 01:27:05,7e92b46dac574b1b9786c529162a68c6,organic_search
66bbb669e6b444d68ad7adb1ed724475,2018-04-28 16:01:43,54dadc715073494a9f52e4f263e34d4e,referral
92587fb2663c48a3ab00726f72a1c767,2018-01-22 20:52:29,54dadc715073494a9f52e4f263e34d4e,social
ba4a2c6d2efa440aaa0d6e3be27c75a0,2018-02-23 01:21:25,ff05ce68802a4f1796f1c6ff9508133e,organic_search
93b63b81671d4a79b0893f95d560756a,2018-04-18 15:43:16,57b30bb0fe284da5b57510a8823d88a2,paid_search
87214906a3f445cc8ec7d91d018167fc,2017-06-14 07:51:56,702afe38d2d2425a9b41828bf926fbf5,organic_search
bbc710a774ce40efb7d61fc8f3bba3cc,2017-09-01 00:52:44,d4a547d9c0264e5e821f2ce922348c3d,direct_traffic
ed603e0438cc4b9cae96205898f56972,2017-11-16 03:35:50,0c738336dbd04e959c993ff02dbf5e0f,direct_traffic
c4a93cbfd03a42578bd49b5a2e0112ab,2017-12-29 01:01:59,22d5f074d6fd43b2b796684fe6998629,organic_search
ffb88cca082a4a79bbad7ed391b33e8f,2018-01-20 09:13:48,7e92b46dac574b1b9786c529162a68c6,social
e407a361fe0440309223f781e3ae62e5,2018-05-16 12:31:35,7e92b46dac574b1b9786c529162a68c6,email
69f83e7f7c314861a8d90714bd04b518,2017-10-06 10:04:18,b3ebd0b9fc81475f87eaafca8d37f073,organic_social
45a77c1c647743358d26e8c3472d82cb,2017-06-25 11:48:54,b3ebd0b9fc81475f87eaafca8d37f073,social
6d52a47e85764193a986bc82794213c0,2018-05-24 23:06:45,b5aed19b7ce942ceb1082d725df90ba9,display
36847804f57f4b848fc6b7bc365c2a48,2017-08-22 07:37:23,c005e1915b5a420dba2530a0e055f0e1,social
b67edffb35ba4fde8d93a6116b8e32a7,2018-03-08 23:36:12,42aab95b911f48e28fc6e5aff6d61bab,paid_search
a4d2ceb274f448008b3703637b1fec93,2017-12-23 12:41:23,d650cf637d2e4393939ab7a1b5bd56fb,email
3d04259e9cae47df9764e7122c3f190e,2017-08-28 18:11:54,54dadc715073494a9f52e4f263e34d4e,paid_search
0633be16523f47aaa1126f8cfbb76f4a,2017-07-16 12:09:07,7e92b46dac574b1b9786c529162a68c6,paid_search
bb161cd4aabe4166ab6f769a8b73d27e,2018-04-12 19:35:47,22d5f074d6fd43b2b796684fe6998629,paid_search
7488b53cca09443e8c784e380a24b5ed,2017-09-25 11:31:28,bd7014dfab0643b08af9d59f9064c67f,email
ffc3535b94304b96aaf31dcc6eb51566,2017-11-04 03:41:17,c2366a33c94543b4a5c36a8911cb5ebe,email
522a4bb3230f4724bdd4aec9817ea045,2017-07-17 23:16:54,ff05ce68802a4f1796f1c6ff9508133e,paid_search
a793d61f996c4f75b73f917714afdd5b,2017-11-08 22:38:20,6eb360925f334493a6951325d8182624,paid_search
c0011c3e6c8a48d3b741c945338a1af9,2018-04-24 06:46:44,d650cf637d2e4393939ab7a1b5bd56fb,paid_search
8a008691b96a431b801f3c415f14cf54,2017-12-13 07:21:36,b5aed19b7ce942ceb1082d725df90ba9,social
47e7bc932d4a4673a5063d73372d4a15,2018-05-29 17:40:27,7e92b46dac574b1b9786c529162a68c6,organic_search
dbbe367581234894b2dffa519547d528,2017-11-20 15:56:19,5c9fede2c59f461bab56ff6d802fa6a1,email
33c9b59ca7a844b19b0a3d7d1cbac388,2017-12-03 05:47:48,32f776c66b854bc08925bb990a3b5ea3,paid_search
cc3bca465d3040c7bbee3af4bfc25815,2017-11-13 00:34:47,dc97f501f52d4c12817bfe088b55a525,paid_search
6e183cea04a3421faad03fa3ecc48f6c,2017-09-06 21:11:03,0c738336dbd04e959c993ff02dbf5e0f,organic_search
9196a7437b5447c7b3ba3621747dfef1,2018-02-15 23:23:08,c005e1915b5a420dba2530a0e055f0e1,organic_search
7db05382538e429e8f18903ce130123f,2017-10-30 20:23:09,c005e1915b5a420dba2530a0e055f0e1,display
b084e406cf5d49baa11f39b3e030ee18,2017-08-31 14:29:22,fd67c44c56284345a9d416ecc4e70697,paid_search
cfc8b6a701474a6faa8b3490d0d37309,2018-05-23 02:45:52,54ac0583af594362879a48b3c36bac75,organic_search
b8c08412b479439781da3bc4ba9d7658,2017-07-18 03:17:47,f7f91884fcc441c3a73051d4c1896af9,paid_search
23204e3058a24eb1a1e111afc142cc8d,2018-04-03 14:43:56,54dadc715073494a9f52e4f263e34d4e,paid_search
d4cce8ca00014cd2a5f3eb1f828b4941,2017-10-13 05:18:25,f7f91884fcc441c3a73051d4c1896af9,organic_search
c5bb8a241ce547df9002f9cdbf07012f,2017-11-22 19:23:58,7e92b46dac574b1b9786c529162a68c6,paid_search
cebdd579ad314e19901d675a66bda09c,2017-12-21 04:50:36,c2366a33c94543b4a5c36a8911cb5ebe,social
38c5999bb814477392f5163810904017,2017-12-15 03:46:22,54dadc715073494a9f52e4f263e34d4e,social
891fa42a97ed4b50ab6ccfafa110c8d6,2017-10-29 22:20:02,702afe38d2d2425a9b41828bf926fbf5,paid_search
d658b1a1431f4dfbbd286916bbbc69ad,2017-07-13 11:47:25,9949586af6134c339c1809ad3ec0df66,paid_search
24f027ed4ace44618526ed2de42fedb9,2018-01-13 01:29:04,9949586af6134c339c1809ad3ec0df66,display
99b018bf982d49ebae657d234220cbf7,2018-03-08 05:38:37,57b30bb0fe284da5b57510a8823d88a2,paid_search
508fabc284884384a4fc305a33580d61,2017-10-19 00:57:34,6eb360925f334493a6951325d8182624,organic_search
548363283e8e4675aa170f726bef013f,2017-09-23 07:58:21,9949586af6134c339c1809ad3ec0df66,organic_search
910121c60d4f4807bb938f6ec1eea9f9,2017-09-24 16:01:58,d4a547d9c0264e5e821f2ce922348c3d,paid_search
bf636b23f78940bda97de94886717d5d,2017-09-19 05:17:34,e73bb83cf417427888827b7bd8835d0c,direct_traffic
9a959004fef543a3a31432cb5be30e0b,2017-10-30 08:52:19,e73bb83cf417427888827b7bd8835d0c,organic_search
4a7e174c0ec941e1acce0b46ebef7d7f,2018-04-10 17:35:43,bd7014dfab0643b08af9d59f9064c67f,direct_traffic
10e18c8e373646e3b3b0691e42b8cc94,2018-01-11 15:05:32,c005e1915b5a420dba2530a0e055f0e1,organic_search
a6ee869a053444c1861bc1981b573c7e,2018-03-10 20:41:00,54ac0583af594362879a48b3c36bac75,paid_search
769025e166934500a34c31a63926391f,2017-12-29 06:46:26,54dadc715073494a9f52e4f263e34d4e,email
5b0ae2de0d7f44a58636b99213b87160,2018-02-21 21:08:59,ff05ce68802a4f1796f1c6ff9508133e,paid_search
716ebe4232ad44eb8a3a7441a304b63c,2018-04-18 20:57:06,5c9fede2c59f461bab56ff6d802fa6a1,social
2bdf2f4550ac4d17aa5fbb14598f9bbd,2017-12-16 09:31:14,f7f91884fcc441c3a73051d4c1896af9,organic_search
b7f1a647b6d44a0a9525529a27135603,2017-12-04 09:35:44,7b5e3159006745bdbee47199b5293638,direct_traffic
d5090ec291e54d19ab3022d59d737dee,2017-12-07 13:16:17,5c9fede2c59f461bab56ff6d802fa6a1,organic_search
aed655e527054fd4b6b5fe345be437b1,2017-09-29 11:39:23,c005e1915b5a420dba2530a0e055f0e1,referral
70c8d56d0aa3478fb699849278a48f96,2017-11-30 02:48:17,f7f91884fcc441c3a73051d4c1896af9,organic_search
db55c8e5f4524911b1e584fe8ada858d,2017-08-08 11:42:40,54dadc715073494a9f52e4f263e34d4e,referral
2849785584e0437ab4d899d3433acd3a,2018-05-26 08:59:21,280fc02b8ead46d897a70c9fa8a76c35,paid_search
7f13eaee69014fcdb3a232ce1a43f582,2018-03-03 21:04:45,2566ffa7a57141909a5618885cb43553,direct_traffic
afbac11ab5934e03b191dc885b83c728,2017-07-20 18:28:32,f7f91884fcc441c3a73051d4c1896af9,paid_search
53deaa6b2eea475da454edd32e9c1568,2018-01-30 19:29:30,42aab95b911f48e28fc6e5aff6d61bab,organic_social
60e55c137e2449859c9f38e6eee04641,2017-07-24 21:59:39,9949586af6134c339c1809ad3ec0df66,organic_search
0ecd2c3d642441468d95b2234b402b92,2017-11-26 23:28:56,c005e1915b5a420dba2530a0e055f0e1,organic_search
ed5da5a4de5f4a6cb9d4b610ed212b6a,2017-09-23 16:56:26,b5aed19b7ce942ceb1082d725df90ba9,paid_search
7e1261101f514c99be0ffa6edd392fd4,2018-03-22 01:56:13,b3ebd0b9fc81475f87eaafca8d37f073,organic_search
fc9a35668bae4c1a915cb9fc040985c4,2018-04-13 15:56:32,6eb360925f334493a6951325d8182624,organic_search
00f20c17ccc2454f8b896de32b006d16,2018-03-30 15:52:51,24f5fbd22d624e12b58faeb2f2742ebb,display
35bec81c31c14893aa6e464255116ca9,2017-08-27 00:48:18,c005e1915b5a420dba2530a0e055f0e1,other
e43b4ae40a8643cb9acbb18d0bdc00fc,2018-01-16 20:21:08,d4a547d9c0264e5e821f2ce922348c3d,paid_search
d111149d283c453a807a93fddf0751ad,2017-06-30 12:39:21,6eb360925f334493a6951325d8182624,organic_social
6ac64de0fe1b4d4da971c0e4279cbb4f,2018-05-28 05:23:02,24f5fbd22d624e12b58faeb2f2742ebb,social
bb71aa66bb574729b380d1e2d3029b00,2018-05-16 12:54:13,24f5fbd22d624e12b58faeb2f2742ebb,organic_search
a33be8e08a91488b912b55872421716f,2017-10-20 20:44:38,b5aed19b7ce942ceb1082d725df90ba9,direct_traffic
30290bb3ce22493ba15192834d6baa1e,2017-06-15 21:45:46,6eb360925f334493a6951325d8182624,direct_traffic
63e8792d2df04d858ce0d8864d45cebe,2018-01-07 04:51:19,ff05ce68802a4f1796f1c6ff9508133e,
e49ed430c27043f1864beba6f31a19c0,2017-09-19 16:27:39,0c738336dbd04e959c993ff02dbf5e0f,organic_search
b8f5a9937a6344d289930d5d96c93252,2018-03-03 11:05:32,42aab95b911f48e28fc6e5aff6d61bab,direct_traffic
a7dfce04319a42ab93f9b6534b933b57,2017-09-28 20:44:52,280fc02b8ead46d897a70c9fa8a76c35,organic_search
9f4ce4cc53a24f508664875df3543da4,2018-02-16 14:49:24,2566ffa7a57141909a5618885cb43553,organic_search
65ba961eeb97468999df9abff4ee2ee1,2018-03-04 21:22:02,42aab95b911f48e28fc6e5aff6d61bab,organic_search
6b2bf69d84794191bfd6494b2d73dd7b,2017-06-04 22:11:40,eabde2c6e9064911b23d789ff68f2bbb,
c96d3d0e319545bdbfdff3d899f9ddc8,2018-05-31 13:02:49,702afe38d2d2425a9b41828bf926fbf5,email
0f978a9047f34506be8bb773f0cbf751,2017-08-01 02:35:07,fd67c44c56284345a9d416ecc4e70697,email
9b82fb1fd772435b81db749b52ad0f29,2017-07-03 19:17:18,7b5e3159006745bdbee47199b5293638,social
45d40dc0692345bcbcd57c9e60015154,2017-08-22 07:05:09,9949586af6134c339c1809ad3ec0df66,paid_search
8aa51b72fadd47c680d5ce928ec5c8ff,2018-04-04 06:31:46,bd7014dfab0643b08af9d59f9064c67f,organic_search
c07b0cfadb584916b31dbbde131f7b21,2017-09-01 01:04:24,d4a547d9c0264e5e821f2ce922348c3d,paid_search
891cda34834946088d8401d92538aa3b,2018-02-09 04:21:03,42aab95b911f48e28fc6e5aff6d61bab,paid_search
5b59a54f61a44171acdb15a9970597d9,2017-07-16 03:25:41,ff05ce68802a4f1796f1c6ff9508133e,direct_traffic
576615e6cb9c4ec79fdd1f7398f4cbec,2018-03-21 14:06:23,280fc02b8ead46d897a70c9fa8a76c35,social
7fac10fe6d084409b68e8e753aad9a5d,2017-12-26 13:52:56,f7f91884fcc441c3a73051d4c1896af9,organic_search
010aa5beac3f492dba27052806e03c8c,2018-01-29 05:02:34,54dadc715073494a9f52e4f263e34d4e,organic_search
e09b22b4e54e4e53b0343bf881f10ee9,2017-11-23 06:39:44,dc97f501f52d4c12817bfe088b55a525,organic_search
5d30dc8040a444e59b4f925742fd04f5,2017-11-07 12:55:51,32f776c66b854bc08925bb990a3b5ea3,paid_search
a67bb36bf8a14c81aec5d2d3ec76d01f,2018-05-29 15:40:08,5c9fede2c59f461bab56ff6d802fa6a1,organic_social
f02d45746a8346268137c1c7a41637d9,2017-10-08 18:11:34,24f5fbd22d624e12b58faeb2f2742ebb,social
916e1b0889ec47c5a659ac7ff0b19ad3,2017-09-03 09:29:04,ff05ce68802a4f1796f1c6ff9508133e,email
7b79f675f13b4137b08c444bd09940ec,2017-09-11 08:15:06,7e92b46dac574b1b9786c529162a68c6,paid_search
bf5f2778d52d42fc8412571cdcc57556,2018-04-28 23:02:49,24f5fbd22d624e12b58faeb2f2742ebb,paid_search
ea476c4266b34d678b9061b714086809,2017-11-21 16:26:48,d650cf637d2e4393939ab7a1b5bd56fb,organic_search
6951ed630d65442d9ed94c93383314cc,2017-07-19 19:04:24,b5aed19b7ce942ceb1082d725df90ba9,referral
68246730b6d8458e93543773728d3dd8,2017-06-11 22:04:10,eabde2c6e9064911b23d789ff68f2bbb,email
c43f10b4a0614ceaa6eca2af30279d0b,2018-03-13 02:09:12,57b30bb0fe284da5b57510a8823d88a2,organic_search
53f0d5157cbc449689d092a72f50ceb6,2017-12-09 03:28:36,32f776c66b854bc08925bb990a3b5ea3,social
41344c8c89544152bae9d5f592824c13,2017-06-01 19:15:52,e73bb83cf417427888827b7bd8835d0c,paid_search
a6350adbf50d46f68c573403282034bc,2017-06-03 11:54:02,ff05ce68802a4f1796f1c6ff9508133e,social
978347a39b0143f79e56ddf3b1ac8dbd,2017-11-04 01:00:24,280fc02b8ead46d897a70c9fa8a76c35,display
d258215d61704e4b8c7670e6b0fee116,2018-03-18 20:30:41,7e92b46dac574b1b9786c529162a68c6,social
7124b105426641258e9059dc379c15b9,2017-07-06 06:16:35,54ac0583af594362879a48b3c36bac75,social
d5e8dad6531b408abaca81edfd80bdc5,2018-04-22 22:36:18,6eb360925f334493a6951325d8182624,organic_search
2177d42380eb425a8158ca68a1ba50cd,2017-09-02 19:29:11,54ac0583af594362879a48b3c36bac75,organic_search
803240f79dcb404f81053a331e0357ca,2017-11-24 03:31:49,54dadc715073494a9f52e4f263e34d4e,organic_search
1449553ae4f042c9ae00b73a23b26632,2018-05-16 05:37:53,fd67c44c56284345a9d416ecc4e70697,organic_search
d5a8dc4c5cd54b76b70029d9df9e8735,2017-12-09 20:53:53,32f776c66b854bc08925bb990a3b5ea3,direct_traffic
e34b3fa728d74c3aafd868726d3ad173,2018-01-12 06:27:44,30603de19a0f45f98e07cc24bb54cd32,direct_traffic
d6416451bc1040a380b4b08d033498d1,2017-08-16 16:12:20,e73bb83cf417427888827b7bd8835d0c,organic_search
0575eb2b4caf41ba97ee3c397f60173e,2018-04-15 01:24:42,c2366a33c94543b4a5c36a8911cb5ebe,email
9d51fc14710e41b9a255bd9cc9d29f9e,2018-03-03 04:22:45,280fc02b8ead46d897a70c9fa8a76c35,organic_search
ac0c08e4de6544de9edd9185370a743f,2017-11-07 10:36:38,dc97f501f52d4c12817bfe088b55a525,paid_search
657227e1ba684871921accfb8bd3893a,2017-11-26 06:34:07,702afe38d2d2425a9b41828bf926fbf5,organic_search
8888279c6dd044099df1e6ebdcbf12ae,2018-02-21 06:05:39,5c9fede2c59f461bab56ff6d802fa6a1,paid_search
ddefe43479ee40d7a2635a2951820752,2017-07-22 18:07:08,54ac0583af594362879a48b3c36bac75,organic_search
24515f6b62c54b6e85ce0d3ca1e6d26b,2018-04-05 05:39:09,fd67c44c56284345a9d416ecc4e70697,paid_search
29fb7029068c40f6a8473592f390cadf,2017-11-20 16:33:14,c2366a33c94543b4a5c36a8911cb5ebe,paid_search
3e216cba715941e4a464a9b5fe60f73e,2018-05-04 19:57:04,bd7014dfab0643b08af9d59f9064c67f,
48398a0ec37540f589660123bfea4648,2017-12-17 16:18:31,dc97f501f52d4c12817bfe088b55a525,organic_search
57d5aaec82fc40c4ad1be78bde7caec9,2018-05-09 20:11:14,24f5fbd22d624e12b58faeb2f2742ebb,organic_search
418c11e92e1a4ba0b98ebaf80a649a69,2017-11-21 08:57:52,7e92b46dac574b1b9786c529162a68c6,organic_search
be3b2634c0e24187881dfb0b51751bc5,2017-08-12 08:43:05,bd7014dfab0643b08af9d59f9064c67f,social
ce534b5fd4b048cf8c7cb752037db6eb,2018-02-07 06:51:26,280fc02b8ead46d897a70c9fa8a76c35,organic_search
993d3abbf7234f9990f897c1814c122b,2017-12-24 01:30:51,7e92b46dac574b1b9786c529162a68c6,email
b2d9302420d2457f891a5cb762b5cf68,2017-07-01 17:29:30,280fc02b8ead46d897a70c9fa8a76c35,social
ed25fb84010646b494825818561968e9,2018-05-04 21:31:21,dc97f501f52d4c12817bfe088b55a525,social
860078092f91487d8099a12dea2ecbb5,2018-02-22 03:18:41,57b30bb0fe284da5b57510a8823d88a2,social
300c160522a74d1ebf5e11c9b03cca1f,2018-05-02 11:40:15,c2366a33c94543b4a5c36a8911cb5ebe,organic_search
59c97b01aba2483fb065e117620beb02,2018-02-25 20:29:53,702afe38d2d2425a9b41828bf926fbf5,organic_search
43846d04bc8a456bb6ce514dc958e6aa,2018-05-26 19:22:00,30603de19a0f45f98e07cc24bb54cd32,paid_search
640f23f76b4b4f509ba122d18821196f,2017-12-19 19:53:35,d4a547d9c0264e5e821f2ce922348c3d,social
1c3ae88185d44b0b851071c06ebae68d,2017-09-11 10:17:15,42aab95b911f48e28fc6e5aff6d61bab,organic_search
c7b90cc245844c4591882cbd5f8a4c21,2017-08-09 16:18:27,d650cf637d2e4393939ab7a1b5bd56fb,organic_search
1011355f500444e7a669776ac348c87e,2017-09-10 10:39:58,d4a547d9c0264e5e821f2ce922348c3d,other
33cd782dbd2248afb756410c3851f2d9,2018-01-05 14:43:04,7b5e3159006745bdbee47199b5293638,organic_search
a9722ad3bca1413e8900b63d79a7edc8,2017-12-11 02:59:58,6eb360925f334493a6951325d8182624,email
e07218d3721f4193a5a49a962b3dfcb4,2017-06-13 17:53:07,dc97f501f52d4c12817bfe088b55a525,email
2570bb84bad14339bf464c0e21f82239,2017-11-12 20:26:04,6eb360925f334493a6951325d8182624,paid_search
d93d47be885a47259c41e5f921a8e5da,2018-04-09 14:09:21,0c738336dbd04e959c993ff02dbf5e0f,organic_search
65a21ffdd7cd4fc9bdbbc6d7e8e2635b,2018-02-10 10:27:23,d650cf637d2e4393939ab7a1b5bd56fb,organic_search
68843ed79a2c46b2a61681cb00628b39,2018-05-17 02:00:24,30603de19a0f45f98e07cc24bb54cd32,direct_traffic
f11a2d6d5b2e4d6482aca784fa666dae,2017-06-22 06:50:51,24f5fbd22d624e12b58faeb2f2742ebb,social
7942ded5c3a84896975bf1d3b088bf08,2017-11-05 21:23:20,22d5f074d6fd43b2b796684fe6998629,email
15c7347586fa411aa20d88e67e30bdd3,2018-03-20 19:45:44,32f776c66b854bc08925bb990a3b5ea3,organic_social
5bc33b0e91dd4282ac6a165fc379f326,2018-04-25 11:25:11,22d5f074d6fd43b2b796684fe6998629,direct_traffic
5a0e2196a67f4c1fb57f375f29afb549,2017-06-25 19:27:10,e73bb83cf417427888827b7bd8835d0c,organic_search
d554d68d427e44c688da19214224292e,2017-06-25 11:01:47,ff05ce68802a4f1796f1c6ff9508133e,organic_search
6befb0e23a414391ab9572f71f48c04e,2017-09-05 12:48:26,c005e1915b5a420dba2530a0e055f0e1,email
5358f47593ae4dcca7293dae794702ba,2017-06-27 15:47:39,22d5f074d6fd43b2b796684fe6998629,organic_search
73e624c325eb4300ad0a1f0fe9c27aae,2018-02-16 19:04:39,54dadc715073494a9f52e4f263e34d4e,organic_search
3a4bb875d0b945969e5d225fbc47ced7,2017-08-31 18:31:22,7e92b46dac574b1b9786c529162a68c6,direct_traffic
0ffdc566526e447fa0dfff0209b1f83c,2018-05-15 01:37:41,c2366a33c94543b4a5c36a8911cb5ebe,paid_search
15e66d7edf6845c8b8f4e6cd29f5b4fa,2017-09-18 03:35:30,b3ebd0b9fc81475f87eaafca8d37f073,organic_social
4f2392c70fc8424da871097bd679e5b4,2017-09-04 08:04:01,f7f91884fcc441c3a73051d4c1896af9,direct_traffic
7d8ad067162c4f2a848a49c33a486812,2017-11-11 02:39:23,f7f91884fcc441c3a73051d4c1896af9,organic_search
3218dfaea2d6412398d79e5b545b6a37,2017-09-13 18:01:56,54ac0583af594362879a48b3c36bac75,display
375343f7952f4720b16da1762d30ed0d,2018-03-20 23:19:01,fd67c44c56284345a9d416ecc4e70697,organic_search
9220bcc754b54a729cf3419a3934d7b1,2017-06-08 01:38:48,c2366a33c94543b4a5c36a8911cb5ebe,paid_search
b5d88fb4e6264f4797802c406e874092,2017-12-13 07:30:04,5c9fede2c59f461bab56ff6d802fa6a1,paid_search
79c4f4bc72574960b557950e2ad52a09,2018-05-19 04:14:07,c2366a33c94543b4a5c36a8911cb5ebe,organic_search
39e0a3dcd9a446b891c2c01d5918e3fa,2017-10-27 00:10:21,5c9fede2c59f461bab56ff6d802fa6a1,paid_search
aac07d8cabbe47b0a439623140c96711,2017-10-02 12:02:32,32f776c66b854bc08925bb990a3b5ea3,organic_search
bccab74d323745148175c1336b5be87d,2017-12-17 08:18:53,7e92b46dac574b1b9786c529162a68c6,paid_search
6f1cd249d8104f89ba3b632f502826fd,2017-12-23 01:37:46,2566ffa7a57141909a5618885cb43553,paid_search
3008af7d31f74375ad2c0f23b406bf2f,2017-08-12 21:47:59,9949586af6134c339c1809ad3ec0df66,email
e6308df43bea49039867316805212a65,2018-04-15 09:24:00,5c9fede2c59f461bab56ff6d802fa6a1,email
db0a4ac22a3145c591794fc93664bab6,2018-01-03 20:46:21,f7f91884fcc441c3a73051d4c1896af9,organic_search
6996f6dd0d1c4bd8adf64e442c05f122,2018-04-17 11:16:38,54ac0583af594362879a48b3c36bac75,paid_search
0f47133ca9464624bdcacf76f87f0fb4,2018-05-01 09:55:32,7b5e3159006745bdbee47199b5293638,paid_search
620fbdb46f284de087fcf8d722e190cc,2018-05-20 00:22:20,7b5e3159006745bdbee47199b5293638,organic_search
c470140df0a94c0dbeef21179396c2e8,2017-12-29 13:43:51,b5aed19b7ce942ceb1082d725df90ba9,email
7b4627412e4a4eea955a7412a90d3bba,2017-09-06 17:46:31,b5aed19b7ce942ceb1082d725df90ba9,direct_traffic
07c61b6968494c35b101c18037492a85,2018-04-04 00:22:47,d4a547d9c0264e5e821f2ce922348c3d,organic_search
6f94bace409947a4bed62902bffb4de1,2018-05-21 14:23:54,eabde2c6e9064911b23d789ff68f2bbb,paid_search
49ba83e3bd9d48a79dfd4a682a8b2ec9,2018-05-23 16:21:08,2566ffa7a57141909a5618885cb43553,organic_search
0257fc5769514f6eb2d38e3c932ae88a,2018-05-06 08:07:05,24f5fbd22d624e12b58faeb2f2742ebb,social
e310cb13280942fea3e02cba6e2d2178,2018-04-23 04:09:52,dc97f501f52d4c12817bfe088b55a525,organic_search
b80f324935d448399136936e4be83ebb,2017-08-21 17:47:13,24f5fbd22d624e12b58faeb2f2742ebb,
90abc968fb3c4630b6d219a0b7e62f06,2017-09-02 19:32:57,42aab95b911f48e28fc6e5aff6d61bab,email
73060cd0ad114c55a6cb8c7c97ccd9b1,2017-08-25 09:20:19,57b30bb0fe284da5b57510a8823d88a2,paid_search
7a9441b1e0424c7abe2b2f5a0c8fad5a,2018-05-22 14:29:53,0c738336dbd04e959c993ff02dbf5e0f,social
e07c4820c7b440cf81c6000b920df261,2018-03-02 10:25:44,0c738336dbd04e959c993ff02dbf5e0f,organic_social
2154afda6acf400a80d9ced06f784d9a,2018-03-19 09:31:15,dc97f501f52d4c12817bfe088b55a525,social
f137c63e816043c5a2e5b1165bcb5593,2017-08-01 14:22:41,bd7014dfab0643b08af9d59f9064c67f,organic_search
c6ee9cca509f497c8bd1f0ea52585601,2017-09-12 03:08:58,c005e1915b5a420dba2530a0e055f0e1,paid_search
12ad0495839d4175bfdb1cba9ca660d1,2018-02-10 07:18:37,2566ffa7a57141909a5618885cb43553,email
534206bcae364c7e92ef043074db2074,2018-02-21 01:17:58,6eb360925f334493a6951325d8182624,social
12a70669f05c4a499e3ef766477f7605,2018-02-01 03:58:51,dc97f501f52d4c12817bfe088b55a525,direct_traffic
d5883a69c5ce4fafb4b298ab74ded387,2017-09-26 01:23:04,bd7014dfab0643b08af9d59f9064c67f,referral
217aa59302554ffb9b45d31cb54105a1,2017-12-16 06:42:59,24f5fbd22d624e12b58faeb2f2742ebb,referral
373cf31040464c93948d9236c431962e,2018-05-22 02:27:14,9949586af6134c339c1809ad3ec0df66,organic_social
eb015695e74d49d784012594737564fd,2018-01-10 22:24:11,7e92b46dac574b1b9786c529162a68c6,organic_search
e221ae221508416d90c737045c0f4fc7,2018-01-11 05:11:51,b3ebd0b9fc81475f87eaafca8d37f073,social
a132deccd15440c0809f6224d9e38031,2018-04-02 01:29:40,57b30bb0fe284da5b57510a8823d88a2,direct_traffic
d05c26c068364593b306817fc3ffbdd5,2018-02-13 06:52:48,d650cf637d2e4393939ab7a1b5bd56fb,direct_traffic
a56808be51ab4f299458bbb7ad62c289,2017-09-16 11:34:30,eabde2c6e9064911b23d789ff68f2bbb,social
d582dd1fffd64783b3fbd97cc6fe7a80,2018-03-19 00:31:02,2566ffa7a57141909a5618885cb43553,organic_search
d8ab6aa2b2344230abfd4ef0dbf14f86,2017-11-22 09:07:53,c2366a33c94543b4a5c36a8911cb5ebe,email
481ceab556254b388e8d2eb8d56e463c,2017-08-29 12:44:50,b3ebd0b9fc81475f87eaafca8d37f073,direct_traffic
a8328bad07cd4e4dbbae44d67e1724e4,2017-09-11 23:27:08,eabde2c6e9064911b23d789ff68f2bbb,organic_search
fcd95151f8ae47dd828e33a9b29a0955,2017-12-18 13:50:11,2566ffa7a57141909a5618885cb43553,paid_search
9e87530206a74a679a08cc8869195292,2017-10-28 18:24:29,24f5fbd22d624e12b58faeb2f2742ebb,organic_search
cf2260724cc54bc0a3b0cc53f5677297,2017-09-24 06:41:52,d4a547d9c0264e5e821f2ce922348c3d,paid_search
91d7ad27cf174bd4ba991bbf2fc93535,2017-09-08 12:13:45,57b30bb0fe284da5b57510a8823d88a2,organic_search
a710f30ab0114913ae9d642a45a4d744,2018-01-11 00:55:17,54dadc715073494a9f52e4f263e34d4e,paid_search
e6bacc1d712749d08c3f91cc9fb0b43c,2018-01-12 02:31:34,bd7014dfab0643b08af9d59f9064c67f,social
49063698fc514b18b6fa813abe3f294e,2017-10-04 21:54:20,30603de19a0f45f98e07cc24bb54cd32,social
792e43c2df8c417097a88d496be11c17,2017-10-26 20:16:27,32f776c66b854bc08925bb990a3b5ea3,direct_traffic
de0b8e8c06c440bbb040b865dcd30326,2017-08-13 19:55:12,42aab95b911f48e28fc6e5aff6d61bab,email
2ebb76dc63fa451ea2e12990bcb434ed,2017-06-30 04:03:16,57b30bb0fe284da5b57510a8823d88a2,organic_search
0092d8bd9a5244a393ed1b7ebd0957b8,2017-07-04 14:55:29,30603de19a0f45f98e07cc24bb54cd32,organic_search
9796f650298a429581fff14035e0407e,2018-03-01 00:38:08,fd67c44c56284345a9d416ecc4e70697,referral
b4e962e2e0824619b1099a316ea98b01,2017-08-26 11:42:40,7e92b46dac574b1b9786c529162a68c6,organic_search
5e8594986cec4c9f89665ff8977bc571,2017-06-20 05:13:27,5c9fede2c59f461bab56ff6d802fa6a1,other
2289e204a097429cb30b7025681c20e5,2017-07-24 08:30:26,e73bb83cf417427888827b7bd8835d0c,email
4bda47db627c4645a40598f90f132530,2017-12-13 00:07:28,702afe38d2d2425a9b41828bf926fbf5,social
8c18eb87ef6546a8bfbb578444eda648,2017-06-30 14:06:33,d650cf637d2e4393939ab7a1b5bd56fb,
dcc28d86743e4342931264ce3d66693c,2018-03-18 04:21:21,54dadc715073494a9f52e4f263e34d4e,organic_search
894c1d36c7f6427fbd6995f8ec0944da,2017-09-23 22:52:30,eabde2c6e9064911b23d789ff68f2bbb,paid_search
5975516b0923414a9c37804430703d1d,2018-03-16 19:51:50,24f5fbd22d624e12b58faeb2f2742ebb,social
af79dd5c3e4b4cec8621c7d1ed7fd89d,2017-06-11 23:37:27,bd7014dfab0643b08af9d59f9064c67f,paid_search
262f981dbf3e4ff786a8ae54a6cf547f,2018-01-30 20:48:26,d4a547d9c0264e5e821f2ce922348c3d,organic_social
aea1f0062a4e41ebbc30e54abc7055cb,2017-12-15 10:17:03,57b30bb0fe284da5b57510a8823d88a2,organic_search
dbce8978af57433db94cbf8ce38e83c3,2018-04-12 14:04:54,b3ebd0b9fc81475f87eaafca8d37f073,social
20d38c5eaadf4a10aa96b96062507a93,2017-09-30 17:51:38,fd67c44c56284345a9d416ecc4e70697,social
e176f4ed445348eaa850e90309b967d2,2017-10-07 12:33:59,d4a547d9c0264e5e821f2ce922348c3d,direct_traffic
42ef318f3afe4bcfa1e581916c8df6e7,2018-01-19 17:26:40,c2366a33c94543b4a5c36a8911cb5ebe,organic_search
9d110c5a4dd24eb58e8cc84f3039b7e6,2017-08-18 16:32:15,c005e1915b5a420dba2530a0e055f0e1,paid_search
5a6f9e464e6c4e10a23ee27db39b2700,2017-12-02 08:08:59,2566ffa7a57141909a5618885cb43553,email
9b3253d965534f358534df204a233823,2017-10-25 23:11:45,22d5f074d6fd43b2b796684fe6998629,organic_search
f1676d7be7494fa2b1bf4a4eddb67161,2017-08-29 14:08:35,b5aed19b7ce942ceb1082d725df90ba9,email
c20405f45e014ba7876ee6e1a0e386b3,2017-08-22 13:24:04,22d5f074d6fd43b2b796684fe6998629,social
7beaf47668834c76b2e095e63617baf4,2017-06-11 15:43:08,280fc02b8ead46d897a70c9fa8a76c35,direct_traffic
d40024347f564eefa2dfe42ea3c17f19,2017-11-01 05:14:32,eabde2c6e9064911b23d789ff68f2bbb,direct_traffic
b7a40294bc3d4cabbd2b34ba2eb1ed3e,2018-01-22 14:56:28,f7f91884fcc441c3a73051d4c1896af9,organic_search
a7ebf3fd2b7a44eaa5e663e8a7896e4f,2018-03-05 08:15:51,ff05ce68802a4f1796f1c6ff9508133e,social
3a48b9b5f0774ccb972b531a64443fe6,2017-08-04 22:48:36,7e92b46dac574b1b9786c529162a68c6,referral
4a80faf423f245fda8de747fbb09a689,2017-09-15 14:46:28,7b5e3159006745bdbee47199b5293638,paid_search
7cb720308d444ec5a657e2341f3d10de,2017-12-31 16:46:09,22d5f074d6fd43b2b796684fe6998629,display
4e99b0e8df9d4d9b96ee6bbe3345314b,2018-01-18 16:09:41,ff05ce68802a4f1796f1c6ff9508133e,paid_search
cbb341894bdc4f6e845b4d71c877df07,2018-01-24 13:14:12,42aab95b911f48e28fc6e5aff6d61bab,organic_search
88e0653e20804e05a593d225fd82ffce,2017-11-14 14:31:22,2566ffa7a57141909a5618885cb43553,paid_search
c631c03bdf174ad99a5f26551914fa5f,2018-02-27 07:29:49,9949586af6134c339c1809ad3ec0df66,display
a529c98908654222a504ddaa410095b4,2017-09-20 06:57:10,702afe38d2d2425a9b41828bf926fbf5,paid_search
d32fa1f8761347a48936e7f8af637bb4,2017-09-08 22:31:57,7e92b46dac574b1b9786c529162a68c6,referral
e0379afde7834731a9d7088d7936d441,2018-01-24 19:57:34,54dadc715073494a9f52e4f263e34d4e,referral
5231a3e079284f23a605267da1103048,2017-12-27 13:38:47,d4a547d9c0264e5e821f2ce922348c3d,paid_search
6a38ead5fedb4c829f095a73565f445c,2017-11-05 07:46:25,ff05ce68802a4f1796f1c6ff9508133e,organic_search
f814e10843284af9975959b07a7db6b8,2017-08-12 17:07:14,dc97f501f52d4c12817bfe088b55a525,direct_traffic
2ca83bd7ae9f4e05ae5a718b058fe4f2,2018-03-05 23:44:50,b3ebd0b9fc81475f87eaafca8d37f073,paid_search
be94a96f89c74f30a997d2fd134b4a20,2017-11-01 22:42:15,7b5e3159006745bdbee47199b5293638,email
9c4c46484f1845b58de97b0beb23efcb,2017-06-27 07:15:37,54ac0583af594362879a48b3c36bac75,paid_search
2bade9c0fcce4572910840b731945bae,2017-11-20 20:05:11,5c9fede2c59f461bab56ff6d802fa6a1,paid_search
a05cd388e2544962bb98afcd06154046,2017-08-20 13:59:29,c2366a33c94543b4a5c36a8911cb5ebe,email
62bc765af90e419da9665dffa25ae39b,2018-02-20 15:43:14,32f776c66b854bc08925bb990a3b5ea3,paid_search
6bfac3fff1904c5e9fe7210826c322a6,2018-01-13 00:52:04,f7f91884fcc441c3a73051d4c1896af9,paid_search
72291a3732294d99be01c378dc71d6be,2017-09-14 14:03:09,702afe38d2d2425a9b41828bf926fbf5,paid_search
596602657d4746b58ecf9b6d7cb222f7,2018-05-08 06:16:29,b5aed19b7ce942ceb1082d725df90ba9,paid_search
88ab73daa2274617a3ef2ec7845eebcd,2018-05-15 20:30:41,d650cf637d2e4393939ab7a1b5bd56fb,social
78bb242cf7814872989b8a4bc8f2fcef,2017-08-19 23:20:48,ff05ce68802a4f1796f1c6ff9508133e,email
42aa96a1bc924f479fd2999c4adf0eca,2018-03-22 07:12:07,2566ffa7a57141909a5618885cb43553,paid_search
7c48cd4fc4fc410d949e4ab2376315d7,2017-12-28 11:31:23,b3ebd0b9fc81475f87eaafca8d37f073,social
b025d4a84e3f49049eebc07368209db1,2017-10-04 04:45:12,d650cf637d2e4393939ab7a1b5bd56fb,direct_traffic
dbbc44c1c48d4f73b417506fa55ae1cf,2018-02-05 11:30:46,fd67c44c56284345a9d416ecc4e70697,organic_search
2d051f49b47a4c50bda2928d3eedffd5,2018-04-10 19:19:05,22d5f074d6fd43b2b796684fe6998629,organic_search
89b3482278334c04850f0dfc21a03963,2018-04-18 01:17:07,57b30bb0fe284da5b57510a8823d88a2,organic_social
119ba1783a154e2d9814b814753a5c00,2017-07-20 02:22:46,24f5fbd22d624e12b58faeb2f2742ebb,direct_traffic
e965ae62c3e04278b8cea498dc4e248f,2017-06-11 00:18:56,c2366a33c94543b4a5c36a8911cb5ebe,social
35b6bb33a6fa43e291eef555f042fddf,2017-06-28 12:04:11,54dadc715073494a9f52e4f263e34d4e,social
838b1ff07bcc4b2292e5970740b7c7f0,2017-07-17 11:24:24,c2366a33c94543b4a5c36a8911cb5ebe,organic_search
58e3b10eb0734da0a059b906dbc52f91,2017-11-30 07:23:28,22d5f074d6fd43b2b796684fe6998629,social
bba10bee7a7a4b7fa169efd47cdb2754,2017-08-17 07:45:19,0c738336dbd04e959c993ff02dbf5e0f,social
8aaf8fe041114dedb7639cd3c4dc496a,2017-07-04 13:12:51,fd67c44c56284345a9d416ecc4e70697,social
379fee66460d49e7b7c11dc22c5495ad,2017-11-09 21:14:33,5c9fede2c59f461bab56ff6d802fa6a1,paid_search
5694176264104605b260a1ef455a6da0,2018-01-15 17:17:50,42aab95b911f48e28fc6e5aff6d61bab,organic_search
efda8ab31e984de5ab5b8d2731a133ed,2018-05-27 06:22:46,0c738336dbd04e959c993ff02dbf5e0f,organic_search
00f8061bee1a417ca816ab8f17994a24,2017-11-03 03:41:43,280fc02b8ead46d897a70c9fa8a76c35,display
68235ab0a61c4a2bb402d40c4b2d1133,2018-03-15 05:49:06,5c9fede2c59f461bab56ff6d802fa6a1,paid_search
2b6ed3c78d834ae481322e950d1353f8,2017-08-17 05:56:38,7b5e3159006745bdbee47199b5293638,paid_search
0dcbf21481ba48ce85d9638140de8263,2017-07-31 19:22:50,c2366a33c94543b4a5c36a8911cb5ebe,organic_search
ea08e8f7836d47d0934751528237bfa3,2018-04-13 14:54:57,32f776c66b854bc08925bb990a3b5ea3,organic_search
ce8d9855af4a404c894d250fc360af1c,2018-03-15 20:06:33,d4a547d9c0264e5e821f2ce922348c3d,direct_traffic
d50fa8284e09493d9519456dcc610192,2018-01-27 10:14:21,f7f91884fcc441c3a73051d4c1896af9,social
bfea6cf7d96a42fea043b316b9b18261,2017-10-06 04:07:38,57b30bb0fe284da5b57510a8823d88a2,social
ddb8adc8938549049919bbf2be4623ee,2017-08-15 16:11:54,dc97f501f52d4c12817bfe088b55a525,organic_search
64f32c5be66b4631a199da96d4fd30e4,2017-06-21 04:56:13,5c9fede2c59f461bab56ff6d802fa6a1,direct_traffic
551ad1d80b264da9a331e9280e569c5f,2017-12-13 17:12:52,ff05ce68802a4f1796f1c6ff9508133e,organic_search
fcdc0ac509094b7682493741457eea06,2018-01-31 06:12:22,d650cf637d2e4393939ab7a1b5bd56fb,organic_search
0db9880e092244ab92b98a33599d6f5f,2017-06-11 21:20:31,f7f91884fcc441c3a73051d4c1896af9,paid_search
063a98a4d6914659829b559eb46ed83a,2017-12-03 16:03:14,702afe38d2d2425a9b41828bf926fbf5,paid_search
231a8aef70034a35838c3dbb360851e5,2018-03-20 06:37:13,b3ebd0b9fc81475f87eaafca8d37f073,organic_search
38dffc41d0d242a1aca1813f133200dc,2017-06-11 17:54:16,57b30bb0fe284da5b57510a8823d88a2,social
98411312f7984c249ab3f2c84c83d1c5,2018-03-18 12:31:06,5c9fede2c59f461bab56ff6d802fa6a1,direct_traffic
224e791c4c174e37845e71f543c0f327,2017-11-21 03:05:42,5c9fede2c59f461bab56ff6d802fa6a1,email
23dacaffefc64575bdc1701a0c40b360,2017-12-07 02:30:29,32f776c66b854bc08925bb990a3b5ea3,paid_search
fbffb860151f41d1b6c9d7d8062a771e,2017-08-09 22:43:13,0c738336dbd04e959c993ff02dbf5e0f,organic_search
1722bda2490f4bb688a931f0a211a547,2018-05-13 14:19:52,c2366a33c94543b4a5c36a8911cb5ebe,organic_search
09fab24776b34e33b62185e736be1df6,2017-08-16 04:02:25,c2366a33c94543b4a5c36a8911cb5ebe,
e5a7020a1b7e49ce8cad6a7557bf5be7,2018-05-09 07:10:38,d4a547d9c0264e5e821f2ce922348c3d,social
c862cbe8723f4621bae3361109699c0c,2017-11-12 10:38:38,f7f91884fcc441c3a73051d4c1896af9,direct_traffic
0aaf936f9c0b4a06af327a6a834ac02e,2017-07-13 12:54:52,fd67c44c56284345a9d416ecc4e70697,organic_search
57644bf76eed4a40b0eb62c4800c2d03,2018-02-09 00:34:51,fd67c44c56284345a9d416ecc4e70697,social
3c6b7aaa30754a40bc5e19e2d7eafc1d,2018-03-30 15:12:33,32f776c66b854bc08925bb990a3b5ea3,organic_search
19bdbcae569847229f06c18645702952,2017-12-04 09:12:03,54ac0583af594362879a48b3c36bac75,social
012d0ad75b7d49f2b35153a8b10488e0,2018-02-18 10:12:12,30603de19a0f45f98e07cc24bb54cd32,organic_social
f38dbc5dbd21440797eee632f60acf8d,2017-06-13 17:49:34,42aab95b911f48e28fc6e5aff6d61bab,display
30f88aeb8add4718a2275787be00ea69,2017-08-25 01:53:37,d4a547d9c0264e5e821f2ce922348c3d,social
17d73255f4844861a72ae2ccc924dd17,2017-10-01 11:09:51,b5aed19b7ce942ceb1082d725df90ba9,paid_search
35f0b5a6fd024644a6d87f2694f55570,2018-01-16 15:45:47,42aab95b911f48e28fc6e5aff6d61bab,display
de2968672779401db8ae52f6401b5a2d,2017-06-21 09:56:01,22d5f074d6fd43b2b796684fe6998629,direct_traffic
d4d23d259eac41829f7a4b0d9a875167,2018-05-03 16:40:42,57b30bb0fe284da5b57510a8823d88a2,organic_search
65bad1be39b943eaaba7cbdd54ac2ca4,2017-07-12 12:07:16,c005e1915b5a420dba2530a0e055f0e1,paid_search
d82cecb07739488c9fcc938121dca27e,2017-06-17 04:45:24,54dadc715073494a9f52e4f263e34d4e,organic_search
e35e589e7742407ead7554798e06ee3e,2018-04-16 00:23:19,22d5f074d6fd43b2b796684fe6998629,paid_search
6fac9462203d4ea4b3beab60a0fc3a2f,2018-03-21 00:41:58,0c738336dbd04e959c993ff02dbf5e0f,paid_search
d7238698e6b840259fd2775f8afe9488,2017-12-12 07:16:07,5c9fede2c59f461bab56ff6d802fa6a1,social
b7d316ad937940ccb821c0cd7a82b3da,2018-01-27 13:50:09,ff05ce68802a4f1796f1c6ff9508133e,paid_search
6df582bb4a4a463ca8bba4053bc0585e,2017-06-19 09:50:26,f7f91884fcc441c3a73051d4c1896af9,organic_search
cf699c26c036461c97eb966c6507ae99,2017-12-10 12:13:12,7e92b46dac574b1b9786c529162a68c6,social
106180ee92b74726a77ba4c4dd3a7f3a,2018-02-18 15:27:21,7b5e3159006745bdbee47199b5293638,email
e878837ecc744bf48a78b05e365d69bf,2018-05-29 12:27:23,2566ffa7a57141909a5618885cb43553,direct_traffic
41ac59f4a57d4f0184221f9c75a14c29,2017-11-25 09:31:26,c005e1915b5a420dba2530a0e055f0e1,paid_search
75342c223625430e80a69bcad8ccee91,2017-09-07 17:47:51,0c738336dbd04e959c993ff02dbf5e0f,organic_social
2fd6c3781847481091a4f6043d19394a,2017-10-15 03:01:59,c2366a33c94543b4a5c36a8911cb5ebe,organic_social
b84f99e0db9643349b92c9e41f6fa025,2018-01-17 03:05:14,280fc02b8ead46d897a70c9fa8a76c35,organic_search
80e9d9ee87804424aeda25a4f82e20aa,2018-05-08 11:36:01,54dadc715073494a9f52e4f263e34d4e,organic_search
5c6951aa4a2a468da1ba124cf61f1e6f,2018-02-16 04:07:59,e73bb83cf417427888827b7bd8835d0c,direct_traffic
3cb26597f7db40b8ba7b99d26c9803ee,2017-08-05 03:53:51,9949586af6134c339c1809ad3ec0df66,email
5620373116d442b4807ce890a0507c03,2017-07-09 06:26:53,7e92b46dac574b1b9786c529162a68c6,display
093a910f379c43f3b601326a207396e5,2017-07-04 05:36:25,702afe38d2d2425a9b41828bf926fbf5,referral
f791c6e4439e4ce789e24d4dfc803b76,2017-09-30 03:10:53,54dadc715073494a9f52e4f263e34d4e,social
434e1b47e12644749b5a7b6afe8a75ad,2017-07-09 00:21:04,22d5f074d6fd43b2b796684fe6998629,social
c165e5e9b78f401388c39056024eb007,2017-06-07 12:25:13,54dadc715073494a9f52e4f263e34d4e,organic_search
b4495e5bf94b488f9c45ebb0c360e305,2018-04-13 02:33:45,2566ffa7a57141909a5618885cb43553,organic_search
51ed46bbae4742e5962066e848947394,2018-03-26 22:47:47,54dadc715073494a9f52e4f263e34d4e,paid_search
10d0ea7668d64a63b29b5f1270f6eb5f,2018-01-22 22:58:26,54dadc715073494a9f52e4f263e34d4e,social
85755819672c4580bc7ee4f832821f68,2017-11-17 03:51:11,fd67c44c56284345a9d416ecc4e70697,social
fbeed818a72c4f2794eedcc9c34b741b,2017-08-02 02:02:41,f7f91884fcc441c3a73051d4c1896af9,direct_traffic
45cc0c379947457197850278d87c8a8d,2017-08-11 07:15:51,c2366a33c94543b4a5c36a8911cb5ebe,organic_search
c582248db7834246835dfd0885315df6,2017-07-12 06:45:23,24f5fbd22d624e12b58faeb2f2742ebb,social
ce5b0086a1694b459bde21b71db12946,2017-07-17 00:08:23,7b5e3159006745bdbee47199b5293638,organic_search
efe2b88298f44ddbba7ccde55a3c7672,2018-05-18 08:29:09,54ac0583af594362879a48b3c36bac75,paid_search
546d383bf5d742adacb2586d29d6eeb7,2017-06-26 02:53:28,ff05ce68802a4f1796f1c6ff9508133e,direct_traffic
a9f0691b060f4eb490c15025afe6d9b2,2017-11-12 22:46:19,30603de19a0f45f98e07cc24bb54cd32,direct_traffic
f583448aed3a428c81f15644e5d024db,2017-09-07 17:19:56,bd7014dfab0643b08af9d59f9064c67f,
7bc13a3a7a1f4005b523257d9c2c9bc3,2017-09-10 18:02:00,fd67c44c56284345a9d416ecc4e70697,organic_search
b41c1f5856de4c7fa2b5b7a173dabc82,2018-05-28 06:46:27,6eb360925f334493a6951325d8182624,paid_search
71f083156d444669b2592fcbc08102f7,2017-10-26 21:32:49,54dadc715073494a9f52e4f263e34d4e,paid_search
bc0f749858c240e299705cf89626fba4,2017-07-02 16:06:41,32f776c66b854bc08925bb990a3b5ea3,paid_search
bfc4cfccc55b42288ddf982e3f34ab2c,2018-02-15 00:13:47,24f5fbd22d624e12b58faeb2f2742ebb,referral
5fc65c41f19145a497cb3c0b21d50046,2017-08-30 07:11:55,b5aed19b7ce942ceb1082d725df90ba9,direct_traffic
26a5121f119e4321a9bc021881f72f65,2017-08-13 19:44:00,702afe38d2d2425a9b41828bf926fbf5,referral
54755daf812e49d6a6c6bf67cad6982e,2017-09-05 04:30:54,f7f91884fcc441c3a73051d4c1896af9,organic_search
f1f41d6b670f444395fb65ebffb9a145,2017-07-09 06:51:07,32f776c66b854bc08925bb990a3b5ea3,referral
0eeb2f4275ff4dafa78b259517739680,2017-11-12 08:17:27,32f776c66b854bc08925bb990a3b5ea3,organic_search
1a7193e5516d44a4a29088f696fff97b,2017-12-20 23:07:49,bd7014dfab0643b08af9d59f9064c67f,referral
ce41d62912134bc78dc74100eb6ce923,2018-03-31 10:48:11,fd67c44c56284345a9d416ecc4e70697,paid_search
14fe5f6bb0a0461eb34ba95fc2ea8689,2017-12-29 18:26:48,d4a547d9c0264e5e821f2ce922348c3d,paid_search
89040bda62b8488898b3c3a93c7aa74b,2017-10-25 07:56:47,7b5e3159006745bdbee47199b5293638,social
026ef192897a4bd1b66d82487b6bd592,2017-10-07 12:33:08,22d5f074d6fd43b2b796684fe6998629,display
6f36e4c76c2c4fd59245e6f47f8c3c6b,2017-10-02 19:19:00,e73bb83cf417427888827b7bd8835d0c,organic_search
978e5c68f6a7426a879fcdb7df1d3195,2018-05-02 09:09:46,0c738336dbd04e959c993ff02dbf5e0f,paid_search
26be1f20fc48452fa47fefdae69d3849,2017-08-22 02:21:14,eabde2c6e9064911b23d789ff68f2bbb,referral
0f29ea0663e04592a8f1994940b1f748,2017-07-03 17:58:59,7e92b46dac574b1b9786c529162a68c6,paid_search
53d66c24b1eb493caa755a4a8627e717,2017-07-01 22:34:04,d650cf637d2e4393939ab7a1b5bd56fb,organic_search
420d01f8691342bab797cce4d6f3da98,2018-01-07 02:54:39,57b30bb0fe284da5b57510a8823d88a2,paid_search
4955e705fa7a4c9fb47de308deebcf53,2018-01-15 00:26:12,22d5f074d6fd43b2b796684fe6998629,paid_search
0d340aa430114037946ab19a852c9fa6,2018-05-12 03:12:44,42aab95b911f48e28fc6e5aff6d61bab,organic_social
2eba92be48484ebbb784b7c3f00ea71f,2018-03-29 13:09:39,f7f91884fcc441c3a73051d4c1896af9,direct_traffic
3aa73baea9464515b9c9453aa2b59775,2018-05-15 22:02:44,57b30bb0fe284da5b57510a8823d88a2,social
9edf9a434c0741cca4bbf8354d52815d,2017-07-04 20:43:26,b5aed19b7ce942ceb1082d725df90ba9,
ae5ecdd66fdb4b5784090d0422fbd30f,2017-11-11 16:24:45,7e92b46dac574b1b9786c529162a68c6,paid_search
6393d869bc434a2fb95d125f999aab96,2018-02-01 13:29:14,6eb360925f334493a6951325d8182624,organic_search
36a7b08826a84b13bf5184e1f7bbc80f,2017-11-01 17:48:25,42aab95b911f48e28fc6e5aff6d61bab,organic_search
d0bfc10aa4004f80be4645cb2c7159e4,2018-03-07 06:55:41,9949586af6134c339c1809ad3ec0df66,paid_search
a891217b2bc94decb584a6ebd12f6618,2018-03-28 06:12:34,eabde2c6e9064911b23d789ff68f2bbb,organic_search
b238117e733145e9a7976484d2e6d565,2018-05-20 12:50:54,7b5e3159006745bdbee47199b5293638,display
ec53f2df388d47da9b46ae0447ed3b02,2018-01-25 16:48:28,42aab95b911f48e28fc6e5aff6d61bab,direct_traffic
a783d129cc1a4f668d95ae246b6fb2c5,2017-12-24 16:52:48,54dadc715073494a9f52e4f263e34d4e,organic_search
b80dd3e19bbf4e69af5a5cbb359b364c,2018-01-24 16:27:47,2566ffa7a57141909a5618885cb43553,social
c43f35fde1b4480daee50a03d5568187,2017-08-12 14:02:16,7b5e3159006745bdbee47199b5293638,direct_traffic
34ea5eed2221481b914713749ca381b3,2017-06-13 05:04:35,280fc02b8ead46d897a70c9fa8a76c35,display
8aca593a0268466a8484d8ef653e7f67,2017-11-10 13:53:18,54dadc715073494a9f52e4f263e34d4e,referral
42ea31a7d4af40bfafc72a1dacd5d8e9,2018-04-20 05:26:20,ff05ce68802a4f1796f1c6ff9508133e,social
a301ccf03cff40e5bf3c476252f46fb8,2017-12-05 00:30:28,7b5e3159006745bdbee47199b5293638,email
314f0608d2994104a479053b29cf7043,2018-05-05 06:17:26,2566ffa7a57141909a5618885cb43553,social
e5337d55a16a473dbab385c296077698,2018-03-31 06:41:45,54ac0583af594362879a48b3c36bac75,social
68ed0afe0b5d4f7e8fc3c2557e90777f,2017-07-19 00:35:48,ff05ce68802a4f1796f1c6ff9508133e,organic_search
b50c9ead573342389f370f82c8b2b6bc,2018-01-28 05:27:27,b5aed19b7ce942ceb1082d725df90ba9,organic_search
b2613cbd423d4fa98af772b334529623,2017-11-20 07:12:00,e73bb83cf417427888827b7bd8835d0c,social
8e0dbc37c330477d8b78d912c69ca420,2018-02-10 14:16:50,32f776c66b854bc08925bb990a3b5ea3,organic_search
ace4232f76c746f3b64efbb6a7290984,2017-11-03 20:00:01,b5aed19b7ce942ceb1082d725df90ba9,organic_search
e1d7ce7582784f6584a9971ddbf502f3,2017-09-25 06:54:56,6eb360925f334493a6951325d8182624,direct_traffic
509c79765df347d089a1c1ef190a33c2,2018-04-07 18:10:22,7b5e3159006745bdbee47199b5293638,organic_search
3eda67950e08413b9ce4d5cea7b525c7,2018-01-09 05:49:08,6eb360925f334493a6951325d8182624,social
e79837dd855044309fab5e65b9da9d47,2018-05-07 02:10:32,7e92b46dac574b1b9786c529162a68c6,social
ba6cc88ad3484038b6c5dc90adcdf574,2017-07-25 02:26:09,42aab95b911f48e28fc6e5aff6d61bab,display
17aafe320890432bb8888a224d283e4f,2018-05-28 17:21:22,fd67c44c56284345a9d416ecc4e70697,paid_search
ee2bda2a3ed3433ebbfd0d67013e4b51,2017-10-27 05:09:03,9949586af6134c339c1809ad3ec0df66,organic_search
7f143d6775fa4b6598e9fc780e3644d4,2018-02-21 17:59:39,280fc02b8ead46d897a70c9fa8a76c35,social
ecdd1116f0794be08bd54c342a2bbc3c,2017-09-19 15:09:31,6eb360925f334493a6951325d8182624,email
5990afeb76ee4b81b3a6f1ae7d864ed3,2017-06-07 11:12:51,d4a547d9c0264e5e821f2ce922348c3d,
72b4102783304be7bb00c5c269a429c6,2017-08-21 12:19:38,d4a547d9c0264e5e821f2ce922348c3d,paid_search
850a7e213a744d2c98776cf5d2079293,2017-11-07 22:31:05,7b5e3159006745bdbee47199b5293638,paid_search
5e4d1ef269184de9b778bb4a534d0be1,2018-04-10 04:26:10,fd67c44c56284345a9d416ecc4e70697,organic_social
c54c271316d847b7806ea6d1fe289035,2017-08-06 19:17:00,0c738336dbd04e959c993ff02dbf5e0f,organic_search
ece56cf4e61b479db05c3629f0785698,2017-11-22 13:35:36,280fc02b8ead46d897a70c9fa8a76c35,social
9fc9866681634c838718cf403d2dc729,2018-05-19 04:39:54,7e92b46dac574b1b9786c529162a68c6,paid_search
19f38d0fc4984cb6b4d7e417256a96bb,2018-03-17 17:14:25,24f5fbd22d624e12b58faeb2f2742ebb,organic_search
ef347066469643808c8abe35d7d2fe55,2017-06-10 16:16:39,7e92b46dac574b1b9786c529162a68c6,paid_search
c0cb651cecd747e1999819b369d2ebfe,2017-12-31 08:57:38,54ac0583af594362879a48b3c36bac75,organic_search
2ea71b49d768408c945ef5e6f054e604,2017-11-15 08:29:57,c2366a33c94543b4a5c36a8911cb5ebe,direct_traffic
447513d0d356400ea507305c9419a32d,2017-11-08 23:04:42,c2366a33c94543b4a5c36a8911cb5ebe,display
d0bb768ecbfd42bab162c761a7be2665,2018-01-30 10:12:49,c005e1915b5a420dba2530a0e055f0e1,organic_search
7da2312c22a948fe883b94cc9a11c0fa,2017-11-22 21:00:57,280fc02b8ead46d897a70c9fa8a76c35,email
4001541b68964f94b3ddbac37a0453bd,2017-11-17 07:04:37,5c9fede2c59f461bab56ff6d802fa6a1,organic_search
0ce5ac23e6e6431d9e4161dba5b76786,2017-08-05 11:43:03,280fc02b8ead46d897a70c9fa8a76c35,social
15014b1d1cc84728af341b6eaf2cee6f,2018-04-20 20:50:09,c2366a33c94543b4a5c36a8911cb5ebe,organic_search
8352ef2b364943f48e78436af41cbac8,2017-09-26 21:35:04,fd67c44c56284345a9d416ecc4e70697,organic_social
f126abdef5fb4838a53365860ec2b566,2017-09-30 09:04:09,6eb360925f334493a6951325d8182624,direct_traffic
e9b78c204bb94821be3d1b8daaf4dc0c,2018-03-16 17:06:11,5c9fede2c59f461bab56ff6d802fa6a1,direct_traffic
1a183cb372234292b16e8946ebd194d9,2017-06-10 11:24:45,30603de19a0f45f98e07cc24bb54cd32,email
c797982cceaa4166b4afb3561b13aad6,2017-07-19 13:59:10,d650cf637d2e4393939ab7a1b5bd56fb,social
10a0319638a441aab95b9c54f132b2d7,2017-08-15 22:42:17,42aab95b911f48e28fc6e5aff6d61bab,display
a85fd7ffc7f546f8a2b715ee613d4978,2017-07-12 19:16:07,6eb360925f334493a6951325d8182624,direct_traffic
27fa1ff913c1448595b3e18309035694,2018-01-23 21:56:23,5c9fede2c59f461bab56ff6d802fa6a1,organic_social
0190ab02fca04bda80d9669c5f43f0b6,2017-10-15 02:26:12,b3ebd0b9fc81475f87eaafca8d37f073,social
ccb97e8729f6427d9f11a5d42e28d477,2017-12-17 07:02:00,280fc02b8ead46d897a70c9fa8a76c35,organic_search
989dc92a836c4bfb9b811c6cde14d7a7,2017-10-20 05:12:34,7e92b46dac574b1b9786c529162a68c6,social
f4a779b5c9054f0ab298759568e39e47,2017-07-01 17:14:54,9949586af6134c339c1809ad3ec0df66,organic_search
45fcb43abfc64d6b9958df6c13b860a0,2017-09-23 23:02:57,e73bb83cf417427888827b7bd8835d0c,social
f3047523648549599086abc5b8ad85ca,2017-11-15 12:58:03,bd7014dfab0643b08af9d59f9064c67f,paid_search
7f9e4b6bd19c42cd9b8366ce9295d8cb,2018-04-14 17:34:09,c005e1915b5a420dba2530a0e055f0e1,social
0d25b6f53bce41d3b6fea8dbdc38fbbb,2017-08-14 09:55:50,42aab95b911f48e28fc6e5aff6d61bab,organic_search
b02a1ca726944a30aa7762f827c5ac0a,2018-02-04 11:26:18,fd67c44c56284345a9d416ecc4e70697,organic_search
0c016d0542b4411499a1bcec13ab8412,2018-03-02 07:17:02,bd7014dfab0643b08af9d59f9064c67f,paid_search
16f7505c9c564df8863902d179f14db7,2018-04-27 06:51:07,c2366a33c94543b4a5c36a8911cb5ebe,display
07b456f64b584736b252f4b69f59f886,2018-04-02 22:01:49,dc97f501f52d4c12817bfe088b55a525,paid_search
cc9a486658464e96969a10f5ed9bc20c,2017-10-30 02:12:18,22d5f074d6fd43b2b796684fe6998629,paid_search
3a6228cdb13b45d5a142b2f1d8b11bb7,2017-09-08 19:03:36,280fc02b8ead46d897a70c9fa8a76c35,direct_traffic
4f09aa008fd0483f829458fd21214553,2018-02-14 10:17:02,9949586af6134c339c1809ad3ec0df66,social
32cdf710e7e14090bcff5a3f60b5c190,2017-12-10 15:24:02,f7f91884fcc441c3a73051d4c1896af9,paid_search
9740baeced98445a93215d8d7c90a7d9,2017-06-06 10:51:22,b5aed19b7ce942ceb1082d725df90ba9,paid_search
9e5e0db301c5433f8628b33a9a7b7bfb,2017-09-13 05:14:42,0c738336dbd04e959c993ff02dbf5e0f,organic_search
13555bac4d3645b195e318dbe420940f,2017-06-13 01:02:57,d4a547d9c0264e5e821f2ce922348c3d,display
1dcf75986f61424ebc575548e14f7186,2018-04-26 15:20:36,24f5fbd22d624e12b58faeb2f2742ebb,organic_search
c6c43eefafb24b11aa7b879b0daf35e5,2017-12-06 16:55:40,d650cf637d2e4393939ab7a1b5bd56fb,paid_search
52899b863b6941b8a07eeb7d4549262a,2017-08-15 16:15:47,d4a547d9c0264e5e821f2ce922348c3d,organic_search
0867d3c9213d48f499ed14569443246b,2017-12-13 20:12:59,32f776c66b854bc08925bb990a3b5ea3,organic_search
d15646affa034eb0870a0767a4f23959,2018-04-01 16:10:14,d650cf637d2e4393939ab7a1b5bd56fb,email
f993e48477a8465a99939f5425881396,2017-11-08 03:55:22,c2366a33c94543b4a5c36a8911cb5ebe,organic_search
66e0d331a1c34c1293d8f221fe5f8656,2017-10-19 16:36:01,b5aed19b7ce942ceb1082d725df90ba9,organic_search
6e37c6e5d0154e129dc87e4501abe1b6,2017-09-10 22:05:00,b3ebd0b9fc81475f87eaafca8d37f073,paid_search
a9dbadec01f543418a2786f40483e934,2017-10-24 05:55:51,702afe38d2d2425a9b41828bf926fbf5,organic_search
e72d10fa8a944a7fbb158fcf467e8dc1,2017-08-05 11:45:10,e73bb83cf417427888827b7bd8835d0c,organic_search
33324c80abba47ffb261a3938b74a308,2017-08-03 01:54:31,54dadc715073494a9f52e4f263e34d4e,email
04c3e0fdd7914f39910b9ec3e0e32676,2017-11-15 20:07:07,6eb360925f334493a6951325d8182624,email
87b6e89659ae49db84c6f0251eb9146b,2017-12-06 05:09:39,42aab95b911f48e28fc6e5aff6d61bab,organic_social
668f19e1a6984248ad025c17d289e5a4,2017-12-10 20:01:46,e73bb83cf417427888827b7bd8835d0c,referral
9f6f7a7465f34640baa01d6d5b5fc09f,2018-04-18 15:48:39,d4a547d9c0264e5e821f2ce922348c3d,direct_traffic
8a19da1606de402dbdab921fb63ac37c,2017-11-13 14:24:03,32f776c66b854bc08925bb990a3b5ea3,organic_search
b7d66b0f0d7e4c4ba988ad81ca2e9ce5,2017-11-15 22:19:17,bd7014dfab0643b08af9d59f9064c67f,email
55b339bca3d24dcfbcaf56d8f2777477,2017-06-18 23:26:00,0c738336dbd04e959c993ff02dbf5e0f,email
964f1c0ebd1e44d0b1c830796e3b140c,2017-11-13 20:35:36,d650cf637d2e4393939ab7a1b5bd56fb,email
36c09e4b2c144b8e9a0313783a545641,2018-03-19 01:26:01,5c9fede2c59f461bab56ff6d802fa6a1,social
81394813f2e3463e821903aa0ba76fbd,2018-02-17 02:02:01,22d5f074d6fd43b2b796684fe6998629,organic_search
367855e89a564655b9e2a6a9ff657e88,2018-06-01 04:48:04,6eb360925f334493a6951325d8182624,email
041e766ee79043b3984d134d5de55b7d,2017-07-03 02:28:19,2566ffa7a57141909a5618885cb43553,direct_traffic
3942446ab7d84d23896e05c8bc020bda,2017-08-17 03:43:22,30603de19a0f45f98e07cc24bb54cd32,
acfede0e1aaa4fe29bff48eb17daf888,2017-08-23 08:33:23,24f5fbd22d624e12b58faeb2f2742ebb,organic_search
de10a5884b644305a0ef46d61e44567c,2017-12-02 13:00:03,42aab95b911f48e28fc6e5aff6d61bab,organic_search
9a4e17aef4134539865553f31108ce98,2017-07-12 15:01:25,42aab95b911f48e28fc6e5aff6d61bab,organic_search
510f3d15e6af4f39bbf36ef53810be91,2017-07-06 17:55:47,ff05ce68802a4f1796f1c6ff9508133e,email
6f479bf580a84b28aa6ceb95d004a3d2,2018-03-07 02:15:46,30603de19a0f45f98e07cc24bb54cd32,organic_search
6f95fc4c40e54e31a12bfed6c56c1aa9,2017-12-31 23:22:04,280fc02b8ead46d897a70c9fa8a76c35,organic_search
3d2a381d9d2c4c88a40e13fa066e576b,2017-12-20 05:38:34,c005e1915b5a420dba2530a0e055f0e1,
bb8a0a546cea4bdf9177097d63a65eb4,2017-07-16 07:32:45,b3ebd0b9fc81475f87eaafca8d37f073,organic_search
5b9f1352ca2048caa932f86fba38b0b2,2017-08-21 04:11:45,d650cf637d2e4393939ab7a1b5bd56fb,email
1b59f186963242b792d4a38516095fcd,2017-10-12 08:16:45,9949586af6134c339c1809ad3ec0df66,paid_search
39a7cb5198bf416f97f7cdaf2d60a7e5,2017-06-29 23:28:29,57b30bb0fe284da5b57510a8823d88a2,email
025b6cbac89a475abe74a4390ded6eea,2018-03-13 00:52:55,eabde2c6e9064911b23d789ff68f2bbb,social
ec0365a06b1a491fb0920c384f27845f,2018-04-26 08:12:39,6eb360925f334493a6951325d8182624,organic_social
6a4480ddcdc347ee9b00a3bc7caeada8,2017-06-22 01:32:08,9949586af6134c339c1809ad3ec0df66,organic_social
b751bbad41964fc09018b2f1342dc185,2017-09-28 05:33:25,54dadc715073494a9f52e4f263e34d4e,organic_search
ab101370b8b64c1da80af2709e642c6b,2017-08-10 18:13:32,42aab95b911f48e28fc6e5aff6d61bab,organic_search
930562f4540045968b23096073c1ce6f,2017-11-13 14:06:33,d650cf637d2e4393939ab7a1b5bd56fb,organic_search
155e7b5468cd46a6baaf5da0b2935df7,2018-04-21 14:24:39,e73bb83cf417427888827b7bd8835d0c,direct_traffic
7c96b053d4ee4b4fab74dd9a7d7cfc90,2018-02-17 10:32:43,6eb360925f334493a6951325d8182624,referral
308bf89f5c2947efa5557b019d5c2a47,2017-06-13 15:06:26,c005e1915b5a420dba2530a0e055f0e1,paid_search
43beac71d5884c9db11542f920e93291,2017-07-05 01:27:39,54ac0583af594362879a48b3c36bac75,social
253934ece73e4f9cb98eb0e271fa9e67,2018-03-29 01:18:39,54ac0583af594362879a48b3c36bac75,organic_search
6198111298744e47be8d816447eb452d,2017-09-26 21:13:00,6eb360925f334493a6951325d8182624,email
fb050c29f5bd4671915a9d4b12d55727,2017-06-04 12:43:14,f7f91884fcc441c3a73051d4c1896af9,display
0b8e5b9d645e4246837acffdf556acef,2017-07-12 21:10:29,5c9fede2c59f461bab56ff6d802fa6a1,organic_search
ebb0124f6f80431498f78e8fbd39cb3a,2017-12-06 18:32:15,5c9fede2c59f461bab56ff6d802fa6a1,paid_search
5a06686f49f54910a5237aacb6080f1e,2017-08-24 14:27:39,54ac0583af594362879a48b3c36bac75,organic_search
7dadd13c9bc74305be86280d7de50beb,2017-08-17 19:31:24,e73bb83cf417427888827b7bd8835d0c,social
191ac41f7b22433bb6b390bac6a7fba9,2018-04-18 22:40:30,0c738336dbd04e959c993ff02dbf5e0f,social
426a068de4084fc79c6fb6eee8db3b36,2017-10-15 20:15:10,7e92b46dac574b1b9786c529162a68c6,organic_search
62e4183ec5714c2e83f4d1d30177130b,2018-02-17 14:08:30,32f776c66b854bc08925bb990a3b5ea3,paid_search
286183015fa045839f1628505e254fe4,2017-09-12 22:07:21,b5aed19b7ce942ceb1082d725df90ba9,paid_search
9695904874b3451f88432adfce29fce4,2017-11-19 07:07:40,42aab95b911f48e28fc6e5aff6d61bab,social
dbad1378fcb94ce0a7ef998fb284fcfb,2017-10-12 14:17:43,dc97f501f52d4c12817bfe088b55a525,social
57acacc7eee24628bfcaf8b460c05c00,2018-04-30 10:23:25,b3ebd0b9fc81475f87eaafca8d37f073,organic_search
57d6c3932c5e4fbfa4e750043ffcb043,2017-06-15 16:13:18,fd67c44c56284345a9d416ecc4e70697,direct_traffic
56465b933299461b9da9ca5d66f2162f,2018-04-30 18:38:03,d650cf637d2e4393939ab7a1b5bd56fb,direct_traffic
4fcb4a20fb3e4ab399e8e875c218608e,2017-12-25 07:26:56,32f776c66b854bc08925bb990a3b5ea3,paid_search
2c45d40ea03a4f0e99adac10025c332d,2017-07-28 01:31:00,ff05ce68802a4f1796f1c6ff9508133e,organic_search
b5e8082a055d442bb28da12c11d68442,2017-07-25 07:29:06,54ac0583af594362879a48b3c36bac75,direct_traffic
f8c52d52b387478a98afbb4928b39233,2018-03-19 10:52:19,bd7014dfab0643b08af9d59f9064c67f,display
1ea4ac7221bc466f8ae2392642a4b620,2018-05-20 07:48:14,5c9fede2c59f461bab56ff6d802fa6a1,organic_search
d7302f1310a14f2abef2e87e470e7103,2018-03-31 11:02:43,7e92b46dac574b1b9786c529162a68c6,paid_search
ca6812f2010740a08de9cb8055bdc29f,2018-01-24 01:58:46,d4a547d9c0264e5e821f2ce922348c3d,organic_search
269192ad36f94eb5adea20c48b993226,2018-04-17 08:22:01,702afe38d2d2425a9b41828bf926fbf5,social
d7985ad5b7b84701aa6ab2bdf35228d8,2017-10-08 07:53:37,30603de19a0f45f98e07cc24bb54cd32,organic_search
ed09974bc3ca4da3a60c6617f2947583,2017-06-13 11:16:59,e73bb83cf417427888827b7bd8835d0c,paid_search
f71448a7ef19476d9796cdb69f482e3a,2017-09-19 06:35:13,54dadc715073494a9f52e4f263e34d4e,direct_traffic
9c8e4eef97414de49e4376c1dff91d1d,2017-11-18 07:30:47,6eb360925f334493a6951325d8182624,social
cf128d649b6c458483f551c1d7e3f5f0,2017-12-16 11:55:07,b3ebd0b9fc81475f87eaafca8d37f073,paid_search
8eec173115c747d08adf1041081c677a,2017-12-18 21:54:40,d650cf637d2e4393939ab7a1b5bd56fb,paid_search
20459c91341a46efbc0cbf8346568c28,2017-08-24 17:54:05,6eb360925f334493a6951325d8182624,social
8fbd7f666e8f44aba017f43dee2c981f,2018-03-15 21:43:35,0c738336dbd04e959c993ff02dbf5e0f,organic_search
54c021c88f6548b8a586b0d353311d7d,2018-05-08 09:02:53,24f5fbd22d624e12b58faeb2f2742ebb,organic_search
465e543a47d54776b2a2fe123e5579e7,2018-04-12 03:54:18,5c9fede2c59f461bab56ff6d802fa6a1,referral
3aaeda4ff53f45299e0b4ab232bb556c,2017-06-01 01:08:09,fd67c44c56284345a9d416ecc4e70697,organic_search
50929f9a97c44fa89b72474b57d743a4,2017-06-26 00:24:29,b5aed19b7ce942ceb1082d725df90ba9,direct_traffic
470517426c1240948ad89c380239cb56,2017-06-01 11:02:53,b3ebd0b9fc81475f87eaafca8d37f073,organic_social
10be59cb30b24319917353a757a310aa,2017-12-13 20:41:03,32f776c66b854bc08925bb990a3b5ea3,organic_search
33c305880e634d8191801b2ca9b0466f,2017-07-20 01:56:57,7e92b46dac574b1b9786c529162a68c6,paid_search
c03995c6c2a34ab885e0e98a40e7899d,2017-09-19 23:30:42,54ac0583af594362879a48b3c36bac75,social
33ebf630e1d9403d8b696b5d74fae10f,2018-01-03 13:34:26,24f5fbd22d624e12b58faeb2f2742ebb,referral
1603e52476d44e95ab2c1cc25d2c7f1d,2017-10-22 15:12:00,d4a547d9c0264e5e821f2ce922348c3d,display
c16d445ba89444e9bb7febeb599d303b,2017-06-12 10:49:49,d650cf637d2e4393939ab7a1b5bd56fb,direct_traffic
f740ac04d1da405db62f2fba39a73f1c,2017-06-18 04:22:18,0c738336dbd04e959c993ff02dbf5e0f,organic_search
e3286579b09e4cf8a901bb234df56736,2017-08-12 09:33:55,b3ebd0b9fc81475f87eaafca8d37f073,direct_traffic
388943e8258047628f4d9360718074e2,2017-09-13 04:22:51,c2366a33c94543b4a5c36a8911cb5ebe,paid_search
a7325a1c95624f678fa1a8daeaad9cd0,2018-04-22 01:06:20,5c9fede2c59f461bab56ff6d802fa6a1,paid_search
07e645bed6d642afb3c365fa17812788,2018-01-30 06:21:22,e73bb83cf417427888827b7bd8835d0c,organic_search
c1221e675a2f432b8b9175bb28d2f3cf,2017-07-28 03:08:04,22d5f074d6fd43b2b796684fe6998629,organic_search
e052a55a7ecc448db892441212d511e5,2017-09-29 16:34:29,54dadc715073494a9f52e4f263e34d4e,email
b2dd877b487647a9a4d7ddb4b49b58bb,2018-03-24 20:17:45,b5aed19b7ce942ceb1082d725df90ba9,paid_search
69faf77dacc64972a78259e49078f9e7,2017-10-17 00:49:16,f7f91884fcc441c3a73051d4c1896af9,paid_search
f050aec894c1464390e97cc87e7b53cb,2018-03-16 17:27:58,24f5fbd22d624e12b58faeb2f2742ebb,paid_search
40c0021d358e4e9bba80d8fd2dd2bb96,2018-05-21 05:34:52,54ac0583af594362879a48b3c36bac75,referral
546a531c85fd49aa8e0be1635e8ae9b1,2017-07-04 14:28:26,57b30bb0fe284da5b57510a8823d88a2,direct_traffic
76110794c8624cd792e7c68fad561ea1,2017-12-11 01:05:18,eabde2c6e9064911b23d789ff68f2bbb,organic_search
74fb7d5dc71540f08f8f0b8e4e66fe1f,2018-02-10 15:44:47,bd7014dfab0643b08af9d59f9064c67f,organic_search
88810db159644b96b70d4c3e7e34da61,2018-01-25 15:00:57,32f776c66b854bc08925bb990a3b5ea3,organic_search
b8cf13584e7d428b90bd5802fa8afb74,2017-06-07 20:59:57,5c9fede2c59f461bab56ff6d802fa6a1,organic_social
2028c0b13edd482f9c6c7923f701948b,2017-06-23 23:54:23,24f5fbd22d624e12b58faeb2f2742ebb,social
b6e176177fd0495e9011346b2d81ddc6,2017-10-22 10:15:05,22d5f074d6fd43b2b796684fe6998629,social
41faf45c277b4faa8b396b08a797be86,2018-02-01 07:22:48,280fc02b8ead46d897a70c9fa8a76c35,social
a7a25b9f380e4e6e809c85c9b9f88e77,2017-10-15 00:53:19,57b30bb0fe284da5b57510a8823d88a2,paid_search
ea6c2cea1ca5411ebe09717b3e5f6606,2017-10-18 06:50:50,9949586af6134c339c1809ad3ec0df66,email
5e312b8d3dec460f9ae2b354c528b5e7,2018-05-20 16:18:38,280fc02b8ead46d897a70c9fa8a76c35,social
c223b9ac5ee14767b3dc455b64102b4d,2017-06-01 23:40:20,eabde2c6e9064911b23d789ff68f2bbb,organic_search
04829a0db0e54578a8f9c5f9d9c7af61,2018-03-16 15:51:01,c005e1915b5a420dba2530a0e055f0e1,organic_search
b6eea72ea147415c9303b046b8fd2c16,2018-05-26 17:47:12,280fc02b8ead46d897a70c9fa8a76c35,social
5f20ff03d218406788fc570bb5a29710,2017-09-27 01:43:18,0c738336dbd04e959c993ff02dbf5e0f,organic_social
3db1ef116649480d8f750cc78498304e,2017-12-04 03:13:08,fd67c44c56284345a9d416ecc4e70697,paid_search
f383de882eb447f4bfbfcf933d403696,2017-12-06 16:36:42,bd7014dfab0643b08af9d59f9064c67f,referral
feb14840355e46c7a22e517b4be0f03f,2018-01-28 19:49:40,32f776c66b854bc08925bb990a3b5ea3,direct_traffic
c99b5981f2dd4877b0c4fe76c22c258c,2017-12-09 23:58:44,5c9fede2c59f461bab56ff6d802fa6a1,organic_search
a663aac6e5ec4bbd8e49e1096ae3ded9,2017-12-08 20:03:43,c005e1915b5a420dba2530a0e055f0e1,organic_search
5384760477814ef8b849edf0f47b8824,2017-08-14 11:40:36,22d5f074d6fd43b2b796684fe6998629,organic_search
6021e0a6c5634ae9b97d2ec74e194709,2018-04-24 12:37:34,7b5e3159006745bdbee47199b5293638,direct_traffic
2e4731dc0d104f099198a506a4eebe54,2017-08-29 21:07:29,ff05ce68802a4f1796f1c6ff9508133e,organic_search
2e3fff712d0e4e59976ec29d38be8297,2017-12-08 17:01:14,7e92b46dac574b1b9786c529162a68c6,paid_search
2962299bc1ca4e0d8b3449059e2490c8,2017-10-28 05:22:30,bd7014dfab0643b08af9d59f9064c67f,social
8f5de546942447e68c422b51551e9ecf,2018-05-11 18:00:16,57b30bb0fe284da5b57510a8823d88a2,direct_traffic
6de3fa1473214939a35c2e0f252df232,2018-03-05 14:50:54,7e92b46dac574b1b9786c529162a68c6,organic_search
117fc59e79e548678a88e670e09ad601,2018-01-08 03:08:50,fd67c44c56284345a9d416ecc4e70697,paid_search
2a7fdb45bca441d38132af6583ae0d30,2017-10-08 05:00:40,42aab95b911f48e28fc6e5aff6d61bab,paid_search
58c29f338efc4f31b95a16e556667cf9,2017-12-01 23:30:02,b3ebd0b9fc81475f87eaafca8d37f073,social
aa5bba1d9bfb411bb9c7e014a720c18d,2018-01-17 19:37:55,54dadc715073494a9f52e4f263e34d4e,email
95cba146f0a947238f555ea4a09cbfbe,2018-05-15 05:58:52,5c9fede2c59f461bab56ff6d802fa6a1,organic_search
1b0371c37668485ab0518b0f1d6211ad,2017-06-22 12:30:17,30603de19a0f45f98e07cc24bb54cd32,email
abdacbdbd3124cb5a523aef8ffb06fed,2018-04-17 05:16:52,fd67c44c56284345a9d416ecc4e70697,direct_traffic
cf49d030585a414c9eb93cfc9abff7c2,2017-11-22 19:40:06,d4a547d9c0264e5e821f2ce922348c3d,social
48d9e0746b234ba89eefd6b3fdece280,2017-08-21 20:53:15,2566ffa7a57141909a5618885cb43553,direct_traffic
030cb943cb264f05860210b5bcf66769,2017-09-14 14:25:50,24f5fbd22d624e12b58faeb2f2742ebb,paid_search
2600f34dab444bae9f01e567c33d78fb,2018-01-01 04:04:24,30603de19a0f45f98e07cc24bb54cd32,organic_search
f9a9a3b5221c4d9ab2e41294ef4cb32e,2018-03-06 01:31:42,30603de19a0f45f98e07cc24bb54cd32,direct_traffic
de034b5eb2e1459d9463d5a5b4f3bea2,2017-07-24 20:57:07,e73bb83cf417427888827b7bd8835d0c,social
a4972f04426e4bb4a5300d4b1f3cab28,2017-10-09 20:02:28,57b30bb0fe284da5b57510a8823d88a2,social
3fe4e73e40ba48f68f13c73a52585ad3,2017-08-24 08:15:24,57b30bb0fe284da5b57510a8823d88a2,paid_search
7fb43e1676c849359e4e2298e306ff49,2018-05-30 12:11:35,6eb360925f334493a6951325d8182624,organic_social
dfc58f814fba439085321fc1b0ae8503,2017-07-30 11:51:02,22d5f074d6fd43b2b796684fe6998629,social
0005a1ef26cb4691b4c9d567480b5cd1,2017-12-09 19:58:06,c2366a33c94543b4a5c36a8911cb5ebe,organic_search
aa09774fd784459cb8ea999d80e33e6e,2017-12-20 19:02:46,57b30bb0fe284da5b57510a8823d88a2,paid_search
28777f9e9e304141b56718e9bf89068a,2017-12-19 07:58:34,702afe38d2d2425a9b41828bf926fbf5,direct_traffic
b282a6f8d3ee451091e264255db5b84b,2017-11-27 14:51:17,f7f91884fcc441c3a73051d4c1896af9,email
1119a6cdc5df414f9bd809410c8a2294,2017-07-25 08:13:17,d4a547d9c0264e5e821f2ce922348c3d,paid_search
f0b3fc831de74ef2b31a581f669eaec3,2018-04-26 16:31:01,2566ffa7a57141909a5618885cb43553,referral
2eac0b3523cb47899401def015f4b628,2018-05-22 06:51:24,f7f91884fcc441c3a73051d4c1896af9,organic_search
7322e4955e084be9a7d31fdc68764f1a,2017-06-01 18:22:07,280fc02b8ead46d897a70c9fa8a76c35,paid_search
913869bf0897414ea69bf229d1437c89,2017-07-26 18:01:47,2566ffa7a57141909a5618885cb43553,referral
16fd3924eb814f19bd51bd9f8edb2e1c,2017-07-07 11:09:40,9949586af6134c339c1809ad3ec0df66,referral
ea900cf26cc648aa96e7c53302dc8156,2017-12-25 11:01:36,bd7014dfab0643b08af9d59f9064c67f,direct_traffic
82392c4b16fb4527bfa8ffc5d441795e,2017-09-16 19:43:56,d4a547d9c0264e5e821f2ce922348c3d,referral
5783d37be7df4188a9669436c5d66445,2017-07-20 06:57:15,e73bb83cf417427888827b7bd8835d0c,organic_search
21d0e96d7f1f4488bf0523bb5fb8f511,2017-06-09 01:07:56,0c738336dbd04e959c993ff02dbf5e0f,referral
5ea8ae6343f44bf0be6f29ace94cd7c5,2017-08-01 07:32:23,32f776c66b854bc08925bb990a3b5ea3,paid_search
787cce9f125349e7a697e303411ad93c,2018-05-15 02:35:50,24f5fbd22d624e12b58faeb2f2742ebb,organic_search
3666f613032c46a9bf9513ef232b2a3d,2017-10-08 16:28:43,dc97f501f52d4c12817bfe088b55a525,organic_search
deecfd0f60a844a087510420314287ce,2018-01-03 13:01:00,57b30bb0fe284da5b57510a8823d88a2,paid_search
0541f3edd28445248c60026464d9e79e,2017-12-24 00:23:05,f7f91884fcc441c3a73051d4c1896af9,organic_search
ed6fb3011928449d9b895c7d814fb471,2018-04-02 10:55:49,42aab95b911f48e28fc6e5aff6d61bab,paid_search
1df6c473c4594ddca9e4b518eb717dd3,2017-12-16 13:39:00,54ac0583af594362879a48b3c36bac75,organic_search
6524737f994d4aa38cd1b60b762ca5f5,2017-11-03 15:36:07,fd67c44c56284345a9d416ecc4e70697,paid_search
d891ba3b37304402b38afa0b52971df6,2018-03-29 17:25:10,d4a547d9c0264e5e821f2ce922348c3d,social
80a3b905119f4a04b83ef83835f0c9dd,2018-04-11 21:36:09,eabde2c6e9064911b23d789ff68f2bbb,paid_search
739ec508a51246b3b22ae7f35b5e3bf4,2018-05-14 17:53:20,eabde2c6e9064911b23d789ff68f2bbb,paid_search
b351da83c3e149d5903010c8bf807d59,2018-02-11 11:38:14,7e92b46dac574b1b9786c529162a68c6,direct_traffic
b79f05d2d5184bd7b229e0233c01fe3a,2017-06-16 09:18:45,f7f91884fcc441c3a73051d4c1896af9,referral
590e1a9744b2487a940fced149e0f5f3,2018-01-29 13:58:19,d650cf637d2e4393939ab7a1b5bd56fb,direct_traffic
25982c1044524d78b64d9ed22ece4be9,2018-03-03 03:34:05,7b5e3159006745bdbee47199b5293638,paid_search
868b69826dfb4de9a63b069988b41746,2018-05-19 21:22:35,fd67c44c56284345a9d416ecc4e70697,direct_traffic
7c4e9145f7474ad3ab14558ac70df463,2017-11-27 17:51:05,e73bb83cf417427888827b7bd8835d0c,organic_search
177e628ede8449e4bbbd6199bd1b89fd,2017-12-12 01:24:28,6eb360925f334493a6951325d8182624,organic_search
f761c7502d344650b30bf7acc14389b4,2017-07-15 17:17:22,b5aed19b7ce942ceb1082d725df90ba9,paid_search
1c79a9bb7c074f57a97acfa0e9d42166,2018-03-06 03:21:05,24f5fbd22d624e12b58faeb2f2742ebb,email
fa2a194708ef4c31a5a37fdd646a4f84,2017-10-04 22:59:05,c2366a33c94543b4a5c36a8911cb5ebe,organic_search
3328bc83eed5437bbdedcc57f325e828,2017-07-19 16:33:16,ff05ce68802a4f1796f1c6ff9508133e,organic_search
c2ef9955b0744761aadb4da0a0de24d4,2017-11-20 08:47:17,fd67c44c56284345a9d416ecc4e70697,organic_search
23a7a60774754c96921ec473b8d4ccf1,2018-01-27 01:15:01,42aab95b911f48e28fc6e5aff6d61bab,referral
45209d2d1f794c46920ee74f5065b94e,2017-11-06 20:07:13,d650cf637d2e4393939ab7a1b5bd56fb,social
07eebd6a2a514a8fb0eff9af9d15998e,2018-05-27 16:25:39,54ac0583af594362879a48b3c36bac75,organic_search
ec32ab2f0f6142009aa36d8cbd934cc7,2018-04-11 14:56:59,dc97f501f52d4c12817bfe088b55a525,social
094b33d68c6747a39f66d66adea656e5,2017-06-06 04:40:27,702afe38d2d2425a9b41828bf926fbf5,social
89a79cd6a13e4f7eb5336eef3e73f308,2018-05-12 01:01:40,c2366a33c94543b4a5c36a8911cb5ebe,direct_traffic
a7e7d8a8543a4e63b0119d1824092077,2018-02-15 16:10:52,24f5fbd22d624e12b58faeb2f2742ebb,organic_search
2774e187781f4c9c9296c348b33b53fa,2018-02-13 06:35:54,b3ebd0b9fc81475f87eaafca8d37f073,referral
7b8f13dc62b44a99876cfb2ee09e5f6c,2017-10-19 20:34:22,ff05ce68802a4f1796f1c6ff9508133e,paid_search
8fb1c405322944a1bdd02c783b747bd2,2018-03-02 23:48:02,22d5f074d6fd43b2b796684fe6998629,direct_traffic
d5646039622e442d8e3e582d477cdb4c,2017-06-25 09:13:07,702afe38d2d2425a9b41828bf926fbf5,organic_search
2dce9c33a89042ddb41ac3bcc34f7e1d,2017-07-31 18:48:49,6eb360925f334493a6951325d8182624,paid_search
75c920f28b754e5b8415c238b3628cef,2017-08-29 16:26:48,0c738336dbd04e959c993ff02dbf5e0f,paid_search
48e1b541a24846f69622902e84bcc558,2017-08-23 01:26:58,0c738336dbd04e959c993ff02dbf5e0f,social
f6af6df9a9d741f0bdb3feebb278feac,2018-04-04 12:03:59,7b5e3159006745bdbee47199b5293638,organic_search
93f436ef11bb474193bd8f28e86cfca5,2017-07-27 05:38:09,bd7014dfab0643b08af9d59f9064c67f,email
0e8b353ea0054925afbf4c9f35514616,2017-07-10 07:14:59,6eb360925f334493a6951325d8182624,organic_search
725e8cdda7d84e66bd9455ddbef7928b,2018-02-04 09:04:02,e73bb83cf417427888827b7bd8835d0c,direct_traffic
552027220b5a49a08cc39f73abc1b891,2017-12-16 23:48:24,5c9fede2c59f461bab56ff6d802fa6a1,email
b9bf7e136ca34cfbbcf9d5740690325a,2017-08-30 13:42:57,eabde2c6e9064911b23d789ff68f2bbb,social
779d654887154c4abf384507f9c8f0d0,2017-11-02 06:39:03,9949586af6134c339c1809ad3ec0df66,direct_traffic
dc23b2ba10e447c892073f9d02d57467,2017-11-22 21:14:49,54dadc715073494a9f52e4f263e34d4e,direct_traffic
0053cdec2006467bbc8bfeb8c3e9cd82,2018-02-08 08:19:40,f7f91884fcc441c3a73051d4c1896af9,paid_search
3f9fbee0f7384ad391b1a8fc46b42d5e,2018-01-14 04:13:36,dc97f501f52d4c12817bfe088b55a525,email
d2c9c8188f294b478d7c45153926af6d,2017-08-24 05:04:05,2566ffa7a57141909a5618885cb43553,paid_search
c7c8c8bbad9442d484796d6f3dc826c6,2018-04-06 20:29:23,e73bb83cf417427888827b7bd8835d0c,social
6deb3773f8ca47228722617971948180,2018-01-11 18:03:50,7e92b46dac574b1b9786c529162a68c6,direct_traffic
ffe2a83a9ff94f2fb782f4bba8ff0f37,2018-05-24 15:39:17,e73bb83cf417427888827b7bd8835d0c,paid_search
e3d65058a18e41f282ffdacf76c098ae,2018-05-29 19:07:15,5c9fede2c59f461bab56ff6d802fa6a1,paid_search
fa7cf86e44574f9d8d13b1fc26cbd7aa,2018-05-22 13:24:32,d4a547d9c0264e5e821f2ce922348c3d,paid_search
54e42adc574b47319c1c32ca818ac548,2018-03-06 03:52:16,7b5e3159006745bdbee47199b5293638,email
6058e97808b84f8d83ea7b378bdccecb,2018-01-29 01:13:15,b5aed19b7ce942ceb1082d725df90ba9,organic_social
ea738e27d2ac478ebaeb1d82a69951b0,2018-01-10 20:17:24,f7f91884fcc441c3a73051d4c1896af9,social
930ea79aa0274bf89840cd4eb2125d35,2018-01-03 02:26:13,24f5fbd22d624e12b58faeb2f2742ebb,direct_traffic
3d3eeb40d6a44849b6e9874ca56b006e,2017-07-15 09:34:02,5c9fede2c59f461bab56ff6d802fa6a1,organic_social
36d4ea3b599e437d8205670ae8b02c9c,2018-05-07 13:01:16,6eb360925f334493a6951325d8182624,organic_search
1b708a81cc6a421592235f61efcbb09b,2017-12-23 18:27:48,c2366a33c94543b4a5c36a8911cb5ebe,organic_search
67cd551974484ce5be5e7298eb50e45e,2017-10-03 05:00:25,dc97f501f52d4c12817bfe088b55a525,direct_traffic
56b969bfa13b440f82c6884e51d8ed52,2017-06-13 05:53:53,24f5fbd22d624e12b58faeb2f2742ebb,email
7d8587910e9943d2aa0b9cbf69f5a480,2018-03-20 06:48:03,57b30bb0fe284da5b57510a8823d88a2,referral
900f376dd01346e9aa2f5453a8b99f7f,2017-09-09 16:14:31,57b30bb0fe284da5b57510a8823d88a2,paid_search
8786d07664ee4c01b903fe3390924ec3,2018-03-07 13:35:31,c005e1915b5a420dba2530a0e055f0e1,organic_search
7c24e1a9c50a40e0a1fde8db37f44d1c,2017-10-13 17:23:56,24f5fbd22d624e12b58faeb2f2742ebb,paid_search
7ad8504e02a7491f86737311f512e27e,2018-05-03 06:45:15,702afe38d2d2425a9b41828bf926fbf5,organic_search
1c45f18d8c114dd1976d3c200037580d,2017-12-29 04:13:04,c005e1915b5a420dba2530a0e055f0e1,paid_search
2fbe726326ba4994bc5e42058afd8bc0,2017-06-21 08:27:21,54ac0583af594362879a48b3c36bac75,email
1ee457a5ec404b5488c31bc60832cee6,2017-08-15 10:56:06,2566ffa7a57141909a5618885cb43553,organic_search
9928f1bf23134f24a1eeeeb692086c0f,2018-05-26 14:13:31,e73bb83cf417427888827b7bd8835d0c,email
ef6b78b1ab7e49d8b850ce264abb9c53,2017-12-08 02:11:03,30603de19a0f45f98e07cc24bb54cd32,paid_search
aaac3b7e8f154d04bfa9bd24d840c69b,2017-06-07 04:06:18,30603de19a0f45f98e07cc24bb54cd32,social
e89cf918412e4dbd86620329103c95e6,2018-05-07 09:40:50,702afe38d2d2425a9b41828bf926fbf5,organic_search
3004bb1f2220405788058550a8fd6ff0,2018-02-27 00:19:20,0c738336dbd04e959c993ff02dbf5e0f,paid_search
60ff3dd84b2e4346a8ac9f4273d71358,2017-08-10 11:38:01,c2366a33c94543b4a5c36a8911cb5ebe,organic_search
d3ec77d5919442b99c9eeb9cb104817f,2017-10-03 17:29:25,280fc02b8ead46d897a70c9fa8a76c35,display
d579381e49854719bfd1e9a70fb4d889,2017-09-18 06:52:08,57b30bb0fe284da5b57510a8823d88a2,email
17572e37cc3847ad981c7e21f214cdaf,2018-01-30 17:24:48,6eb360925f334493a6951325d8182624,paid_search
b311e00748f344749471a0c133885bb3,2017-09-18 03:36:22,32f776c66b854bc08925bb990a3b5ea3,organic_search
10de901983b54825866f82d4aa1922ad,2017-12-16 20:08:07,d4a547d9c0264e5e821f2ce922348c3d,organic_social
da04c807762244788651f65003f5f1df,2018-04-18 19:42:42,54dadc715073494a9f52e4f263e34d4e,paid_search
d7f791d03fe5408aa070e62062a31e1b,2017-07-07 05:19:11,57b30bb0fe284da5b57510a8823d88a2,organic_search
1c9d7fc4ffc44f11a08d13713694f0eb,2017-08-05 18:33:49,2566ffa7a57141909a5618885cb43553,social
cf37c54e1acf4a03bd12614e92db7174,2017-07-05 17:23:31,30603de19a0f45f98e07cc24bb54cd32,display
f64ecb82406844c2aabb67328e0494dd,2017-07-08 20:36:47,32f776c66b854bc08925bb990a3b5ea3,organic_search
ca3ebca2199e4ce9b795888d2aad6913,2017-10-05 22:49:34,d650cf637d2e4393939ab7a1b5bd56fb,organic_search
f7b1db488d72495a8fb3cdc328c9193f,2017-12-29 22:46:41,7e92b46dac574b1b9786c529162a68c6,organic_social
bb91f42b099c4ddd9bf3e9a50966b5a7,2017-09-24 09:33:22,7b5e3159006745bdbee47199b5293638,organic_search
a7ea27183d03481fb3da7c082d1cc5ed,2017-07-01 15:43:26,eabde2c6e9064911b23d789ff68f2bbb,organic_search
3f8511dd5085438cba8c8e6c46a25afe,2017-11-12 14:22:04,e73bb83cf417427888827b7bd8835d0c,social
e37d0e683a00458ea242c5f188776042,2017-09-07 13:36:19,ff05ce68802a4f1796f1c6ff9508133e,referral
2cff073bd4af4b448dd45e9312f07927,2018-01-17 22:04:46,bd7014dfab0643b08af9d59f9064c67f,paid_search
684fe52a5631477ca337cacb96fd1c85,2017-09-24 04:38:08,6eb360925f334493a6951325d8182624,
7bfd1a1c8097495fa60a97c2e534b707,2018-04-11 18:33:07,5c9fede2c59f461bab56ff6d802fa6a1,direct_traffic
f3e61a3df61540a48ea1a5175ecc0117,2017-12-26 23:31:17,54dadc715073494a9f52e4f263e34d4e,organic_search
ef92c9b0c7ec4c22a01a3aec986c222e,2018-04-22 05:43:35,9949586af6134c339c1809ad3ec0df66,
3ebe1f427a844e35addea4a1be9dfd5c,2018-04-03 18:58:42,0c738336dbd04e959c993ff02dbf5e0f,paid_search
77e6389ca2fe46d29797a2821364d2b7,2018-02-10 02:43:57,7b5e3159006745bdbee47199b5293638,paid_search
2b3cc2a8952a4f3783c775f41fa295ca,2018-04-04 01:07:31,7b5e3159006745bdbee47199b5293638,social
c03ef5d250e74fa79b931205e8049e1f,2017-07-04 20:27:01,24f5fbd22d624e12b58faeb2f2742ebb,paid_search
ff498099ff724769ac0e88fa12822e15,2018-05-27 05:17:59,d650cf637d2e4393939ab7a1b5bd56fb,organic_search
ef3ea1730e014056acce53f6bcf510a1,2018-04-25 01:27:16,7e92b46dac574b1b9786c529162a68c6,organic_search
bf2296a914b74c7ca714103be53e5e26,2017-10-21 14:19:06,b5aed19b7ce942ceb1082d725df90ba9,paid_search
100c4496d0e94fc399bd705e256f805d,2018-01-24 23:40:18,280fc02b8ead46d897a70c9fa8a76c35,email
20cb2a74542b4512af6e4c59fff3c5f6,2017-11-22 11:02:59,bd7014dfab0643b08af9d59f9064c67f,social
f2e3688bf2cb4f79a36b45bacc80ca9a,2018-03-02 22:02:17,42aab95b911f48e28fc6e5aff6d61bab,
e1eef065c6084f64b5695b6186a1483a,2017-11-05 17:06:32,30603de19a0f45f98e07cc24bb54cd32,paid_search
f840e87967214ee6b6218dfa0ab9bf92,2018-02-05 14:03:26,d650cf637d2e4393939ab7a1b5bd56fb,paid_search
d523f2fa8f554c26adc7f63996ca2ce8,2018-05-19 21:27:54,f7f91884fcc441c3a73051d4c1896af9,organic_search
133ed1f6d0604fae90ec9013f4457845,2018-03-14 22:02:05,fd67c44c56284345a9d416ecc4e70697,organic_search
e89e8ad52a6c4fa7ac5a2004dd82de24,2018-05-05 20:53:53,2566ffa7a57141909a5618885cb43553,paid_search
27f2d09892904e0db0964bc149347496,2018-01-27 12:16:21,24f5fbd22d624e12b58faeb2f2742ebb,email
2ec63ee16a224748aabec277760036ec,2018-05-21 17:49:42,42aab95b911f48e28fc6e5aff6d61bab,organic_social
fcacc7bd9f2144fd85af373717a17beb,2018-02-28 18:49:23,fd67c44c56284345a9d416ecc4e70697,other
a891df0f33b04a37bf60d799968699ad,2018-04-20 02:17:28,b5aed19b7ce942ceb1082d725df90ba9,organic_search
a7f821ecea4e425599dbce88edf8fd88,2018-04-19 09:45:55,c2366a33c94543b4a5c36a8911cb5ebe,referral
e374c215dc80450b9469ccb5bc27b081,2017-10-17 10:31:12,fd67c44c56284345a9d416ecc4e70697,paid_search
917300f2606e4489b59fe6dcafe7db89,2018-02-18 08:17:43,42aab95b911f48e28fc6e5aff6d61bab,organic_search
23424352ef0c43149157ade026218adf,2017-11-13 08:43:00,702afe38d2d2425a9b41828bf926fbf5,referral
3506a9157eb942cb92baa1e0f11c4538,2017-09-06 12:41:20,0c738336dbd04e959c993ff02dbf5e0f,social
48717a7b5383465ab517b39499f5af3f,2017-09-07 12:11:48,30603de19a0f45f98e07cc24bb54cd32,organic_search
109ba4c6405d4c198d3de6d0e56ec7b2,2018-05-13 14:59:01,b5aed19b7ce942ceb1082d725df90ba9,paid_search
5d80002cfd8d41338f45b3d75c9a0e12,2017-10-14 21:45:49,7b5e3159006745bdbee47199b5293638,paid_search
433ec9e783d14f18bfe338192df4c56a,2018-05-09 23:59:51,54ac0583af594362879a48b3c36bac75,direct_traffic
4c69ae9e5b9e4d56881ab1a9e458e1b1,2018-04-10 05:04:15,280fc02b8ead46d897a70c9fa8a76c35,paid_search
5705870530b645cdb9a39d873ec7e2ba,2018-05-19 10:44:28,54ac0583af594362879a48b3c36bac75,
374f1f3619da4f288c2bab6c510e1c73,2018-05-18 13:09:40,f7f91884fcc441c3a73051d4c1896af9,organic_search
6d4bc5834669422aad9a6a23b00e1908,2018-03-05 20:07:50,42aab95b911f48e28fc6e5aff6d61bab,paid_search
e9106590984d4a93b4800d0543df53d4,2017-09-13 16:50:45,702afe38d2d2425a9b41828bf926fbf5,paid_search
7559b70ae1e84e94b5ca1beac526dd90,2018-02-22 06:18:49,dc97f501f52d4c12817bfe088b55a525,social
a1fdf0858f774015942d3b9cf79a181f,2017-10-28 23:15:01,9949586af6134c339c1809ad3ec0df66,paid_search
6f0c806dfcc64db88f61ce86b0496829,2017-09-14 21:46:38,280fc02b8ead46d897a70c9fa8a76c35,direct_traffic
96a0fb8f68c6499bb4301da13e1348e6,2018-04-21 12:17:00,32f776c66b854bc08925bb990a3b5ea3,referral
b467be025f5042ca801fd36f97c6905f,2018-04-28 18:05:36,7e92b46dac574b1b9786c529162a68c6,organic_social
3e93ce26365541bf97bb012a1b58b6a1,2017-10-04 14:15:31,6eb360925f334493a6951325d8182624,email
2b3599a5295d4ba29c22e13b0a90d655,2017-10-17 20:41:13,b3ebd0b9fc81475f87eaafca8d37f073,referral
37854d5a46dc42f7bb0bd71fbac57fde,2018-03-03 12:25:47,2566ffa7a57141909a5618885cb43553,social
9ddaf5e141bc4552afecc9af81df7571,2017-10-09 22:03:47,24f5fbd22d624e12b58faeb2f2742ebb,email
0a7e063697934c5ba08a4203eb1a28cd,2017-10-08 04:31:49,ff05ce68802a4f1796f1c6ff9508133e,paid_search
f458656faa884459800396b214818051,2018-03-09 14:18:41,e73bb83cf417427888827b7bd8835d0c,paid_search
1a1e35677e7343679e7e10f4a5ae2c2d,2017-07-05 06:52:43,280fc02b8ead46d897a70c9fa8a76c35,paid_search
6d992377237e4f8ca8f7b37c11faca2d,2017-10-09 18:01:27,b3ebd0b9fc81475f87eaafca8d37f073,paid_search
3369f4e29cbd489691c7a84471f0dff5,2018-03-09 21:14:51,bd7014dfab0643b08af9d59f9064c67f,paid_search
90c460dcf1974785b16f83433e65a77d,2017-10-20 18:36:33,702afe38d2d2425a9b41828bf926fbf5,display
3d23f7b613e7456e855baf4167b689c9,2018-01-02 07:15:08,b5aed19b7ce942ceb1082d725df90ba9,paid_search
bf952fdafb884a9d811365f26d1f0437,2017-06-27 15:34:20,d4a547d9c0264e5e821f2ce922348c3d,organic_search
48b6067c44d449a9b2c83a68a93972d8,2018-02-06 21:40:23,dc97f501f52d4c12817bfe088b55a525,social
5beed44a30a04b21ac248f4e682bf597,2018-01-30 15:55:01,ff05ce68802a4f1796f1c6ff9508133e,organic_search
f14b57f2c71643c49658ef09bb314c9e,2017-11-08 04:20:55,2566ffa7a57141909a5618885cb43553,organic_search
d39552bef7614df29580fa304748ae44,2017-09-01 04:28:30,7e92b46dac574b1b9786c529162a68c6,organic_search
e53a0c8b5bbd4872a7b3190c4001d8fe,2017-06-28 01:29:38,54dadc715073494a9f52e4f263e34d4e,paid_search
fb706f40b9f74492aea607a82e3388c8,2017-07-06 10:05:53,dc97f501f52d4c12817bfe088b55a525,paid_search
4b97932f7c704653844df3ad5c838262,2018-03-08 19:29:12,b5aed19b7ce942ceb1082d725df90ba9,email
042cb2e228244f27a9d7d741da6f08be,2017-08-05 03:29:28,c2366a33c94543b4a5c36a8911cb5ebe,direct_traffic
e828d4d8f60c4eb4b8fa5bbf07f8183b,2018-05-18 15:24:38,54ac0583af594362879a48b3c36bac75,paid_search
958f5181fe2b434f84494bf763ec8978,2017-06-21 20:37:41,eabde2c6e9064911b23d789ff68f2bbb,paid_search
e2ca682415f24afebf1808711e554abd,2017-06-06 04:03:25,42aab95b911f48e28fc6e5aff6d61bab,paid_search
76eb7c46940049708e9c066265a5bdb9,2018-04-16 10:05:29,0c738336dbd04e959c993ff02dbf5e0f,email
8442e66157f84a918d30d1f27d5e325b,2018-01-07 08:45:46,9949586af6134c339c1809ad3ec0df66,organic_search
b70d6c933da84e36b64507059ffea37d,2017-09-21 22:30:43,fd67c44c56284345a9d416ecc4e70697,organic_search
9af96d01db7c4d5890444907a5a16c6b,2018-03-20 09:42:41,c2366a33c94543b4a5c36a8911cb5ebe,email
1b71d11940214428b69b0cfb0c34bafe,2018-03-10 12:52:20,bd7014dfab0643b08af9d59f9064c67f,paid_search
93a60e1e93544adab8da438a0f638ef4,2017-09-30 05:31:24,e73bb83cf417427888827b7bd8835d0c,organic_search
928c78868a8f4b9985fa7dd884030ca9,2018-03-11 21:16:01,42aab95b911f48e28fc6e5aff6d61bab,organic_search
8fc51d203ace4962ac997506d8fbf572,2017-09-21 06:15:23,280fc02b8ead46d897a70c9fa8a76c35,organic_social
f4c3a31a6a6e44f1a427f83e5eb464b4,2017-12-14 07:23:46,c005e1915b5a420dba2530a0e055f0e1,referral
fd1d145edafd401bbe026a49e1782ff6,2018-04-12 00:38:05,32f776c66b854bc08925bb990a3b5ea3,direct_traffic
2149d6e3fac447628ebb3540a62bf4a4,2017-07-17 20:47:53,22d5f074d6fd43b2b796684fe6998629,paid_search
502c712ae1f444038e8eff62d3d6834d,2018-04-11 09:49:13,280fc02b8ead46d897a70c9fa8a76c35,social
30c9a33d6ce94e2386621c9c6292b6d5,2018-02-04 04:32:06,dc97f501f52d4c12817bfe088b55a525,other
20d3d6a50d9743aba2f89f5f638661c3,2017-10-05 14:47:47,9949586af6134c339c1809ad3ec0df66,display
8ad3dfb79ccf4b4fb719898011be8f20,2017-10-02 16:43:48,fd67c44c56284345a9d416ecc4e70697,organic_search
72cfe16aee9b418bb23f2c4c13ce25eb,2017-08-24 06:19:06,c2366a33c94543b4a5c36a8911cb5ebe,email
65236faeb7ff4ec1bfd6a5a24fb806cc,2017-09-21 10:10:30,dc97f501f52d4c12817bfe088b55a525,organic_search
f9d33ffb7730427bba4ca89612a82e89,2017-06-02 08:41:36,57b30bb0fe284da5b57510a8823d88a2,organic_search
a8042ef5ec614060b22888b45852e825,2017-11-05 15:50:41,702afe38d2d2425a9b41828bf926fbf5,direct_traffic
e95ae72a78c447a1a5a839c511a2d076,2018-04-04 14:04:45,b3ebd0b9fc81475f87eaafca8d37f073,paid_search
06c49fb58d5c4a58ac9a107a041e40eb,2017-09-18 08:27:12,dc97f501f52d4c12817bfe088b55a525,organic_social
ce297c7740b749f4b2238d2f4fb3ba9f,2017-07-12 14:52:27,f7f91884fcc441c3a73051d4c1896af9,organic_search
ce8c3c60c32a4b4b805f58367e259c38,2018-01-14 16:06:42,2566ffa7a57141909a5618885cb43553,social
5e7a29085acb41f69dfa1ec3747ecc49,2017-12-14 22:23:36,d650cf637d2e4393939ab7a1b5bd56fb,organic_social
584b67349bb0471aaf44b4fd51398974,2017-12-12 00:50:18,c005e1915b5a420dba2530a0e055f0e1,organic_social
4b45688ed83b4d09814d51e4eccd7f1f,2017-10-18 07:28:06,5c9fede2c59f461bab56ff6d802fa6a1,organic_search
20c6d31194f64f8c8daf669048d85cae,2018-05-11 17:53:44,7b5e3159006745bdbee47199b5293638,paid_search
43a0c2c0b5c44565846082f4d3cc2156,2018-02-24 12:27:44,42aab95b911f48e28fc6e5aff6d61bab,social
9153549e080545c3b1e8e61edbecda3d,2017-06-11 18:10:09,30603de19a0f45f98e07cc24bb54cd32,organic_search
9e9b88e43f934e4abdee67fb1ba25549,2018-04-12 14:07:22,bd7014dfab0643b08af9d59f9064c67f,display
ae6db0f3074a4bde84fc3487ead6b06c,2018-01-13 22:05:02,54ac0583af594362879a48b3c36bac75,organic_social
de9fbcfa2b7f49d084f8d03931ff0317,2017-12-08 05:15:41,f7f91884fcc441c3a73051d4c1896af9,organic_search
a9fd0107a181432596ee446489bffaa0,2017-07-10 21:52:48,bd7014dfab0643b08af9d59f9064c67f,organic_search
d20fbadee30e4fc2ab7965c0133714da,2018-05-24 13:45:01,32f776c66b854bc08925bb990a3b5ea3,organic_search
d5d21d6b747446b391ca16ff359b6545,2017-12-24 07:32:29,54ac0583af594362879a48b3c36bac75,organic_social
0ec06f04497b4b54bf9594af6cfa5c2f,2017-11-08 12:51:43,ff05ce68802a4f1796f1c6ff9508133e,organic_search
037eae744bc442008e99298eef4fbca0,2017-10-19 09:03:26,f7f91884fcc441c3a73051d4c1896af9,paid_search
c0d32ee9370f4e8694ebbdadf5192b57,2017-10-27 08:24:23,ff05ce68802a4f1796f1c6ff9508133e,paid_search
33cb3e2f20f94960817c841fa219963c,2018-04-04 17:06:06,e73bb83cf417427888827b7bd8835d0c,social
d337acba8d4c4b01997c0124c7f37070,2018-05-18 20:30:34,9949586af6134c339c1809ad3ec0df66,organic_search
6eac2fc02e794b32b9a4d072132ae5fd,2018-04-27 02:21:19,b3ebd0b9fc81475f87eaafca8d37f073,organic_search
751af883470c435fbf266341ce586af3,2018-06-01 00:47:47,ff05ce68802a4f1796f1c6ff9508133e,organic_social
547e9e7536664499a9e02581c917aa1d,2018-03-20 12:34:03,7e92b46dac574b1b9786c529162a68c6,organic_social
7aa1b438c4ef4712b237406463f3a54c,2017-12-13 00:44:46,6eb360925f334493a6951325d8182624,email
09c6995aff20444b866359e6760dd746,2018-01-10 16:12:49,c2366a33c94543b4a5c36a8911cb5ebe,organic_search
5dbec67ec10b40ee9f22cb5dc0a06be0,2018-01-04 03:15:25,7b5e3159006745bdbee47199b5293638,paid_search
edb0640e86d54a26aa4fb4f815bc06b7,2017-10-09 12:40:43,9949586af6134c339c1809ad3ec0df66,social
11aeefc56bd64fcda1a371fcf2197898,2017-10-16 13:20:50,c2366a33c94543b4a5c36a8911cb5ebe,organic_search
ff71eb0178484dc496a338aa1e14483f,2017-10-12 17:25:21,32f776c66b854bc08925bb990a3b5ea3,organic_social
837eaafb8fc94c2da5adf2d970397b00,2017-08-26 07:58:42,54dadc715073494a9f52e4f263e34d4e,social
b3ba4482a3a54f10917b2c749a74ab94,2018-03-27 23:29:02,30603de19a0f45f98e07cc24bb54cd32,organic_search
a77e340d10584458aac5051c3c6d542b,2018-04-03 19:19:50,280fc02b8ead46d897a70c9fa8a76c35,organic_social
4699d50414ab44c8adcfc35bd13e0d1a,2017-09-09 01:19:17,ff05ce68802a4f1796f1c6ff9508133e,display
8f683f9bdce7462fbd5fea37129c43d7,2017-12-04 01:44:48,d650cf637d2e4393939ab7a1b5bd56fb,organic_search
03945dc2527c4545aa50dcf032ebce33,2017-09-26 03:16:32,f7f91884fcc441c3a73051d4c1896af9,social
aadea283f8644e95b359fb145a9f3254,2017-08-21 03:21:48,fd67c44c56284345a9d416ecc4e70697,paid_search
3db03217af644035a23700057fed9173,2018-05-23 20:07:39,eabde2c6e9064911b23d789ff68f2bbb,paid_search
5696125ded9046869cf8999441e20997,2017-10-07 02:53:08,30603de19a0f45f98e07cc24bb54cd32,organic_search
f9946eb629984456953070462ad2aba2,2017-10-09 16:29:48,2566ffa7a57141909a5618885cb43553,social
cd359a3596c84c4aae6a2684df83782b,2017-10-29 05:09:24,54dadc715073494a9f52e4f263e34d4e,display
9cad140fa32b4a4cb03b4b2ec503596b,2018-01-10 10:08:25,54dadc715073494a9f52e4f263e34d4e,social
93c760c6a2604c83a2eb4eb3cd1d0dc6,2017-09-04 08:20:27,7b5e3159006745bdbee47199b5293638,organic_search
5ad17374b38d494fb4cf085aa2946baf,2017-11-07 06:04:00,30603de19a0f45f98e07cc24bb54cd32,social
c5eef8eef6eb4252bb97805d33a3c911,2017-07-05 08:26:24,54dadc715073494a9f52e4f263e34d4e,paid_search
9da67b826d7146fc9bf4e26071e7927b,2017-07-18 22:36:28,eabde2c6e9064911b23d789ff68f2bbb,referral
1440198c1bc241de8413092443a51582,2018-03-21 23:50:02,280fc02b8ead46d897a70c9fa8a76c35,paid_search
55b57198783f4c7e99370b267f520e8f,2017-08-30 10:29:40,c005e1915b5a420dba2530a0e055f0e1,organic_search
ce84c6353c8d4781b4d6cd48844fba1e,2018-01-27 15:24:38,5c9fede2c59f461bab56ff6d802fa6a1,organic_search
dda5615651534231913236aa3550f5c2,2017-08-25 08:36:05,e73bb83cf417427888827b7bd8835d0c,direct_traffic
783f1285a9ef4d6a84042f5cfc707025,2017-09-09 21:56:28,f7f91884fcc441c3a73051d4c1896af9,organic_search
271a521ed33b4da0a2a53da93e30e538,2017-07-10 02:27:11,d650cf637d2e4393939ab7a1b5bd56fb,direct_traffic
c1c6a84628ca46d59a86f1cffacd6313,2017-07-22 09:47:44,bd7014dfab0643b08af9d59f9064c67f,organic_search
a88a255d16b6468b80d9ae9ccddf84af,2017-08-31 19:26:26,dc97f501f52d4c12817bfe088b55a525,paid_search
ba1f6fc2f2ab4fbeab724ffc730b6cc4,2018-01-23 20:09:00,d650cf637d2e4393939ab7a1b5bd56fb,paid_search
5b2d779bf56f4e79a3d02ca6b4cbe7e6,2017-12-06 06:30:51,2566ffa7a57141909a5618885cb43553,display
f6c5c46d99e648d2b0e612ece8d17df6,2018-03-01 06:48:05,9949586af6134c339c1809ad3ec0df66,organic_social
6ece88fd49614a48aa9bb2933a06f6ba,2017-06-05 11:51:01,54dadc715073494a9f52e4f263e34d4e,organic_search
88730370fa8b4e3d9fef43bb71ae6f72,2017-08-27 09:54:55,30603de19a0f45f98e07cc24bb54cd32,paid_search
6642fbb050fc47899d15262de251136f,2017-06-11 18:14:15,30603de19a0f45f98e07cc24bb54cd32,organic_search
63bf49d5ea5f4c80a7271e22cb46957d,2017-06-30 14:20:16,2566ffa7a57141909a5618885cb43553,social
1281a6356a6a4cdcb59d4c76d2484ba1,2017-08-25 01:45:36,6eb360925f334493a6951325d8182624,paid_search
7b74378a124c4dd0a953297300a67413,2017-08-19 04:48:59,9949586af6134c339c1809ad3ec0df66,organic_social
faeeb8f329ca4bbdae73ad4080bb4d21,2018-04-08 13:22:08,702afe38d2d2425a9b41828bf926fbf5,organic_social
4ca51b2cbd34482daced4ea5cba06aa2,2017-10-21 16:50:08,9949586af6134c339c1809ad3ec0df66,paid_search
b809099ebc604d9c8d4d2908355fd4ab,2018-01-19 06:22:36,f7f91884fcc441c3a73051d4c1896af9,paid_search
22fe75ac079548d4a10bf9abfc2d548a,2017-07-27 09:02:14,32f776c66b854bc08925bb990a3b5ea3,referral
5271d01f86a94f46974adaf4b72f474a,2018-04-24 22:03:51,d650cf637d2e4393939ab7a1b5bd56fb,email
b56a4305f5b7462a83e8b6d6fc47a446,2017-06-22 02:26:31,ff05ce68802a4f1796f1c6ff9508133e,organic_search
7621d7d31bb34a3bb488cfc5e35e46cb,2017-08-09 00:01:15,0c738336dbd04e959c993ff02dbf5e0f,paid_search
eca7bf4085d040b4a08ce877e44e493b,2018-01-22 19:15:23,280fc02b8ead46d897a70c9fa8a76c35,paid_search
92e68e1ee5954d72ba3a26da3a6ed21a,2018-02-06 14:22:55,c005e1915b5a420dba2530a0e055f0e1,organic_search
6aa47cb22d994e419a0f004a44f53fd4,2018-03-05 14:42:19,5c9fede2c59f461bab56ff6d802fa6a1,organic_search
2384cfbe09604adbb4d03573b7979c5d,2018-02-24 16:59:20,d4a547d9c0264e5e821f2ce922348c3d,organic_search
01887d3a3b7d451e8015ec5f0d43669d,2018-02-22 12:53:11,280fc02b8ead46d897a70c9fa8a76c35,social
27e74ddf3344472884a24746e978e1d9,2018-04-07 21:01:30,f7f91884fcc441c3a73051d4c1896af9,organic_search
3cfe87ea33ff44bcbbdf395728acd039,2017-12-25 09:09:15,30603de19a0f45f98e07cc24bb54cd32,organic_search
daa9965081e24521a873c5ae5e91a856,2017-12-26 06:04:35,30603de19a0f45f98e07cc24bb54cd32,organic_search
d7aa27ebf15742b8880231b61538a522,2018-02-11 04:35:46,280fc02b8ead46d897a70c9fa8a76c35,email
7fa60be16cb0412fbe38ecc308461668,2017-06-19 07:31:57,24f5fbd22d624e12b58faeb2f2742ebb,referral
86f3060c40d147949e1e2472a8581862,2018-04-04 13:22:49,bd7014dfab0643b08af9d59f9064c67f,paid_search
06b7ab45a375411abfeb71e094657c27,2017-10-31 04:12:23,fd67c44c56284345a9d416ecc4e70697,paid_search
3643734880fb4dabb151bd997fc4b244,2017-12-29 13:55:44,ff05ce68802a4f1796f1c6ff9508133e,other
3374e491a3594d50951abe6f5659a06c,2017-11-01 13:36:11,e73bb83cf417427888827b7bd8835d0c,organic_search
46744c7ee6784698ad1c308f0ac3a465,2017-11-09 17:44:21,54ac0583af594362879a48b3c36bac75,organic_search
a4686c2ffdde4245b08b314763222e7c,2017-06-09 07:50:55,7b5e3159006745bdbee47199b5293638,paid_search
379b6200c85a46f6a96346281bbd8620,2018-04-23 05:21:29,b3ebd0b9fc81475f87eaafca8d37f073,organic_search
4f16bf99ae14414db41cb490a9bbfd21,2018-03-30 05:05:29,d4a547d9c0264e5e821f2ce922348c3d,paid_search
24bfd198832640819383440e4177bcea,2017-11-02 14:25:51,9949586af6134c339c1809ad3ec0df66,organic_social
2cbd5a79da404c01a85dd5812dc4281e,2017-08-12 00:35:46,5c9fede2c59f461bab56ff6d802fa6a1,social
5651bfe826a14c5b94270a9de04f9628,2017-09-25 15:59:04,b5aed19b7ce942ceb1082d725df90ba9,paid_search
ff5478cfb787455687c832254c257237,2018-02-05 14:32:09,b3ebd0b9fc81475f87eaafca8d37f073,organic_social
72887a0340144b378a29fbccdc07d8e1,2018-05-31 16:56:15,7e92b46dac574b1b9786c529162a68c6,organic_search
33e22105f60c43d18aab97d7f1fbd8ba,2017-09-13 16:52:05,2566ffa7a57141909a5618885cb43553,organic_search
d1a17d06e07a4cd9959992195ddc644a,2017-12-30 01:52:10,9949586af6134c339c1809ad3ec0df66,social
90cf37ba19fd434c829b6701feb6777c,2017-08-14 23:18:09,c2366a33c94543b4a5c36a8911cb5ebe,social
ec689bc61b8c49c9bf24519d152ff18a,2017-07-22 10:45:21,7e92b46dac574b1b9786c529162a68c6,organic_search
06bf38712d1a47369b84ab1a0e470692,2017-06-28 12:45:47,b3ebd0b9fc81475f87eaafca8d37f073,paid_search
bb7a336bf28945458f32ab39874a23d4,2017-12-15 23:47:26,54dadc715073494a9f52e4f263e34d4e,social
4053aa8afb8049a49f75b3f920d2cb7a,2018-01-08 02:50:39,fd67c44c56284345a9d416ecc4e70697,direct_traffic
3e8b5da45e6a4da3b8692b96de61206c,2017-10-29 12:55:00,bd7014dfab0643b08af9d59f9064c67f,social
dbd6d63b8d1c4b66955a9d033f7a82f6,2018-02-18 20:05:00,6eb360925f334493a6951325d8182624,paid_search
fdb159d1122e46c7b64c56f1a818ef19,2017-06-21 17:27:23,24f5fbd22d624e12b58faeb2f2742ebb,organic_search
9bb537ef209d46dfb0ec70620f0d736a,2017-11-28 12:04:04,54ac0583af594362879a48b3c36bac75,paid_search
9c5fa5375f7b401fbcdcb2170105e747,2017-11-06 18:26:56,32f776c66b854bc08925bb990a3b5ea3,organic_search
a02ebbcaac614153954dbe4c6ec95201,2017-06-06 03:41:17,2566ffa7a57141909a5618885cb43553,display
582c7b6b27cf4fa998ca6cc320877324,2018-05-31 20:26:48,b5aed19b7ce942ceb1082d725df90ba9,paid_search
32c08980629f48579b9711b1a67a7c23,2017-07-01 00:53:55,30603de19a0f45f98e07cc24bb54cd32,paid_search
dade84d44cc444acb42b8352103a5e95,2017-09-20 22:57:43,30603de19a0f45f98e07cc24bb54cd32,direct_traffic
3773ddfd64d34ba3ab18f46be7df7533,2017-12-08 00:52:44,b3ebd0b9fc81475f87eaafca8d37f073,paid_search
8d8093038c6b4187b4ef9f02ceaf9f8b,2017-12-24 12:09:43,280fc02b8ead46d897a70c9fa8a76c35,paid_search
8932e6c175c24aeebb99fb6fd8c477f3,2018-04-10 16:45:31,7e92b46dac574b1b9786c529162a68c6,email
753f99cbd3f84c319e83bb5482e63ffe,2018-04-15 11:53:20,0c738336dbd04e959c993ff02dbf5e0f,referral
707724caa18a4da0be1d21b7e811fb80,2017-12-06 01:51:13,280fc02b8ead46d897a70c9fa8a76c35,direct_traffic
26aedd133eb94652ad4766602d4eb9ba,2018-02-20 21:19:18,dc97f501f52d4c12817bfe088b55a525,organic_search
507c66636c2c4d49928dba492e7ca8c3,2018-01-11 17:44:59,7b5e3159006745bdbee47199b5293638,social
17b01aacee20475ea66f3e5eb339fdba,2018-02-19 01:18:59,57b30bb0fe284da5b57510a8823d88a2,direct_traffic
8d56e68899814d7dae0951dac38c1a75,2018-03-08 20:37:12,30603de19a0f45f98e07cc24bb54cd32,organic_search
e100bc8dd1f34fa19dd57f89309ff6d6,2017-07-05 05:34:57,c2366a33c94543b4a5c36a8911cb5ebe,organic_search
78c97bccc61149538c81d29d4f1a0485,2017-12-11 12:01:13,57b30bb0fe284da5b57510a8823d88a2,referral
48d3013b38504c1a9f824244fcbc3d1b,2018-06-01 16:00:53,22d5f074d6fd43b2b796684fe6998629,organic_search
6643dfff2fed4f06a7b82701e7277be8,2018-04-22 09:43:30,2566ffa7a57141909a5618885cb43553,direct_traffic
54d54323126c44ff9562ff89c6357f55,2017-08-12 07:08:53,24f5fbd22d624e12b58faeb2f2742ebb,paid_search
e23e3d34a38142e0b8dd12c70a4a88d2,2018-04-12 13:58:37,b5aed19b7ce942ceb1082d725df90ba9,paid_search
04a2f32179524308bbf26f2b66440d97,2017-12-19 08:01:06,eabde2c6e9064911b23d789ff68f2bbb,organic_search
06811d2f561b4773ba05490dfe9c0761,2017-06-23 11:01:43,e73bb83cf417427888827b7bd8835d0c,email
6910e9c0ca874095adcfd0153f8e6eb6,2017-08-08 07:04:52,7b5e3159006745bdbee47199b5293638,paid_search
3749f789caae44998962c61c3f853966,2018-03-19 07:03:03,7b5e3159006745bdbee47199b5293638,social
1d03c1b7def646f1a94f57465f2a9f29,2017-08-17 15:32:36,c005e1915b5a420dba2530a0e055f0e1,direct_traffic
0a0e5ac2ece44583a9cbc296174c65dc,2018-03-18 09:17:22,c2366a33c94543b4a5c36a8911cb5ebe,direct_traffic
f0e7ac2c10444b959c3e62e933045de1,2017-09-16 00:01:14,24f5fbd22d624e12b58faeb2f2742ebb,display
a43bc7a30c744d60a8f16fb526171a32,2017-08-23 01:21:50,b5aed19b7ce942ceb1082d725df90ba9,social
37f76b0c1a9e43458b9f061a8270ba6b,2018-02-03 02:24:22,9949586af6134c339c1809ad3ec0df66,paid_search
b6cb691ce1a7459cabe0c9db7364d1a2,2018-01-26 06:01:46,c2366a33c94543b4a5c36a8911cb5ebe,display
54bab957e72c41b788d40589ca6e6887,2018-05-11 17:58:01,dc97f501f52d4c12817bfe088b55a525,social
815a6dda4a6a4805bd87efd6b6144a45,2017-07-11 16:44:01,280fc02b8ead46d897a70c9fa8a76c35,paid_search
bba2d2ddae17479c994c3c48d8a431b8,2017-11-23 22:27:24,22d5f074d6fd43b2b796684fe6998629,organic_search
c14e0dcf53fb49d5be37b369e07d7332,2017-12-08 17:04:23,b5aed19b7ce942ceb1082d725df90ba9,email
76d36c1e021e4fb7be5cc3df3d56964a,2018-03-23 20:20:12,c005e1915b5a420dba2530a0e055f0e1,paid_search
b59ed338cee44425a2397ea2d8ccd6ed,2017-11-17 22:59:35,57b30bb0fe284da5b57510a8823d88a2,direct_traffic
084688a83de94c45bedb4f1e59015959,2017-11-15 19:10:36,2566ffa7a57141909a5618885cb43553,paid_search
a89e57e8a578464dbc011de0fd55227e,2018-05-08 21:28:23,30603de19a0f45f98e07cc24bb54cd32,organic_search
b726fe7a76684baca2d4be1b2f5e2259,2018-05-16 10:09:24,280fc02b8ead46d897a70c9fa8a76c35,social
61445b41c18e4042b55a7150a87fc4e9,2018-04-01 08:55:51,9949586af6134c339c1809ad3ec0df66,organic_search
4021c288e17a4f5f847ea76a27d9286f,2017-06-12 15:47:48,6eb360925f334493a6951325d8182624,paid_search
313c957be54d4e5c9a24a9f45f6f4f91,2017-10-18 11:56:51,30603de19a0f45f98e07cc24bb54cd32,social
bba56a225f024bcf9ef3852a0e8710e0,2017-11-01 18:09:48,22d5f074d6fd43b2b796684fe6998629,paid_search
b98b47dc33754ef2bd70f2932458575d,2017-12-25 01:52:02,702afe38d2d2425a9b41828bf926fbf5,direct_traffic
6833c9b738ff42ce988913076b9fde22,2017-11-01 09:22:49,dc97f501f52d4c12817bfe088b55a525,email
094f27d1e61d4d7696150294314906ff,2017-08-15 20:12:26,9949586af6134c339c1809ad3ec0df66,email
e7d9b26a99854fbc8aa4fdf327f1328c,2017-09-21 09:03:22,b3ebd0b9fc81475f87eaafca8d37f073,organic_search
74cabe875a064c60b3822eef953a2cab,2017-08-18 03:35:23,f7f91884fcc441c3a73051d4c1896af9,organic_search
d6ae86fd023c445c8ea3e885bea62132,2018-03-05 18:25:01,7e92b46dac574b1b9786c529162a68c6,social
516741609bd0441fbe3974a2b927ae54,2017-12-29 14:33:29,7b5e3159006745bdbee47199b5293638,organic_social
0d3a822ff2f54ba8af155fbd54b8a317,2018-03-18 12:03:32,0c738336dbd04e959c993ff02dbf5e0f,email
3f5b96b11da4499ab07a3dca62536acf,2017-07-12 08:49:44,32f776c66b854bc08925bb990a3b5ea3,email
effcedd0382147ac930d749cad656443,2018-04-16 17:31:08,c2366a33c94543b4a5c36a8911cb5ebe,paid_search
94f6616102f14983aba9653ea70c34c1,2018-05-06 02:24:52,d650cf637d2e4393939ab7a1b5bd56fb,paid_search
28c2d05ae6b64ca393f79805ea687fad,2017-11-08 02:04:18,7b5e3159006745bdbee47199b5293638,paid_search
22f786fe8f874b10b581ccdd6955553e,2017-12-25 15:44:05,2566ffa7a57141909a5618885cb43553,organic_search
19e6cb4105d74da9a07c1405af606836,2017-12-30 17:13:39,e73bb83cf417427888827b7bd8835d0c,organic_search
f81d7ad325db41efae2b0ec09e1365b2,2017-11-18 13:29:06,dc97f501f52d4c12817bfe088b55a525,display
4d5b4bd42fdd465ab0443c7ca93de227,2017-11-05 08:34:51,6eb360925f334493a6951325d8182624,organic_search
8e07aed0d8704df5bb430517cbf7ef3a,2018-02-07 14:25:49,702afe38d2d2425a9b41828bf926fbf5,organic_search
6cb66eddc3b447aeb02645067577bcc6,2017-09-18 14:45:25,7b5e3159006745bdbee47199b5293638,organic_search
d27362aa582f43e1b4eb44c0752d136c,2017-09-29 10:25:47,9949586af6134c339c1809ad3ec0df66,organic_social
26f0a16cfa2d4cef9c2e1b41d5810b88,2018-04-09 06:00:13,42aab95b911f48e28fc6e5aff6d61bab,social
02522388fda045cbb966e2023a66b46e,2017-08-21 21:46:18,42aab95b911f48e28fc6e5aff6d61bab,direct_traffic
a062d025300d47ecb5e52b23ab23c318,2018-03-31 13:43:14,54dadc715073494a9f52e4f263e34d4e,organic_social
9d5593727ab1473fa9541d61b3ec8f01,2017-07-13 03:39:53,24f5fbd22d624e12b58faeb2f2742ebb,paid_search
5c12ecfb474d437481b59e385dd3879b,2017-07-13 00:18:32,2566ffa7a57141909a5618885cb43553,social
f79266220954497eb5f9c1f29d7ce153,2018-03-04 15:36:09,6eb360925f334493a6951325d8182624,organic_search
3f62c691b27e4820b2958f79cf7da3d1,2017-07-18 23:35:30,2566ffa7a57141909a5618885cb43553,organic_search
5ffada636f3445bab99a3698171eeeb5,2017-06-27 00:04:33,6eb360925f334493a6951325d8182624,email
bd6459a9fe634ba6837e1550f1d82ba5,2017-08-30 01:11:24,2566ffa7a57141909a5618885cb43553,direct_traffic
7acc827d7fc7483c8e1708b5719f115d,2017-10-28 13:21:12,57b30bb0fe284da5b57510a8823d88a2,paid_search
04d839d201f641608392d552e0329950,2018-05-18 13:00:25,57b30bb0fe284da5b57510a8823d88a2,paid_search
0d762bda567746c5ba7b43a394b05ec1,2018-03-20 03:11:11,eabde2c6e9064911b23d789ff68f2bbb,social
55fb83eda6084f0f87f74e8aaf0066d3,2017-08-24 11:16:41,42aab95b911f48e28fc6e5aff6d61bab,organic_search
d8bf147b777f416f942f0297bd74ebac,2017-07-22 01:25:04,702afe38d2d2425a9b41828bf926fbf5,organic_search
54e7bd21477c4fddb7951f5b9a410cbb,2017-07-13 01:26:19,fd67c44c56284345a9d416ecc4e70697,organic_search
e46deec2b5ff4ecab3d9de058221e1f6,2017-06-01 06:59:58,280fc02b8ead46d897a70c9fa8a76c35,organic_search
93ea29209e594f8fa0d05282d0a887f8,2017-08-27 14:13:51,bd7014dfab0643b08af9d59f9064c67f,email
24906c79ab3847658c9e0b670cf1339c,2018-02-07 03:54:55,b5aed19b7ce942ceb1082d725df90ba9,organic_search
bbf7bd5c2de343c6963cf66576392629,2018-03-31 10:36:38,fd67c44c56284345a9d416ecc4e70697,organic_search
7eab66f5c38b436dbe5da8fd9af6f590,2018-02-25 02:36:35,bd7014dfab0643b08af9d59f9064c67f,social
983a0181febc4545b5edb0b65cadb3ea,2018-04-10 10:21:22,2566ffa7a57141909a5618885cb43553,referral
8a9edda834734f0cbb890a249d4f9683,2017-07-04 16:49:59,fd67c44c56284345a9d416ecc4e70697,organic_search
e57bb3f744824e12968568ac118c5fe1,2017-10-12 05:43:49,d4a547d9c0264e5e821f2ce922348c3d,organic_search
28a0ee16d9e4485db3711296389f239f,2018-05-25 18:44:47,dc97f501f52d4c12817bfe088b55a525,paid_search
0e06b773598f4629a68e09de66b05d36,2018-02-10 22:04:53,9949586af6134c339c1809ad3ec0df66,direct_traffic
fd4bfb6b5863495e8a253593e7dc73bb,2018-05-19 10:19:44,eabde2c6e9064911b23d789ff68f2bbb,social
de522ff9da17487fbd810fb98c6bec3d,2017-12-19 12:19:48,57b30bb0fe284da5b57510a8823d88a2,email
00a8b65514904b8981e0bfe30ce0f7b3,2017-08-23 17:12:32,280fc02b8ead46d897a70c9fa8a76c35,display
e98b24ddc4124711a20a4f67d95c40c9,2018-01-18 13:03:42,30603de19a0f45f98e07cc24bb54cd32,email
5f7c7a408776494286a362d8124b3ef7,2017-11-04 10:41:29,d4a547d9c0264e5e821f2ce922348c3d,social
4eb4fea5ac294482b4b2ca4d2aafd04e,2018-05-28 14:36:12,7b5e3159006745bdbee47199b5293638,paid_search
4c657aad398e4d95b2e86f644e570740,2017-09-29 11:15:43,57b30bb0fe284da5b57510a8823d88a2,organic_search
23e7508b592d4eb88f4547896d4699bd,2017-11-15 07:39:56,9949586af6134c339c1809ad3ec0df66,
5b606e26ad384cbd8d6d99f2a5209d7c,2018-01-23 05:24:53,f7f91884fcc441c3a73051d4c1896af9,paid_search
f44da20630044d32b154f0ad6d43e02e,2017-08-19 01:20:23,24f5fbd22d624e12b58faeb2f2742ebb,organic_search
fa3ab6a15bf94dfe8dacb81458470876,2017-07-01 21:23:48,5c9fede2c59f461bab56ff6d802fa6a1,direct_traffic
9831ece9aa93423bb6d333f2c2394c97,2017-07-31 05:22:36,dc97f501f52d4c12817bfe088b55a525,paid_search
3ef3361090234c40b9aaba76c468911b,2018-01-16 04:35:29,2566ffa7a57141909a5618885cb43553,social
9baa96c56992476d9c528241461ac87d,2017-07-08 10:17:04,d650cf637d2e4393939ab7a1b5bd56fb,social
a12b5567cd5c45a782593e310a832ee1,2017-11-18 11:38:56,702afe38d2d2425a9b41828bf926fbf5,paid_search
1334a8d3f7394e85998b2a3ab290537b,2017-10-01 17:32:03,7b5e3159006745bdbee47199b5293638,email
a0f47a605d784af49952b1ccd9378a7f,2017-12-27 04:27:51,c2366a33c94543b4a5c36a8911cb5ebe,organic_search
3cae0db1615048cd9eced688a7a54a20,2018-04-26 20:06:07,22d5f074d6fd43b2b796684fe6998629,paid_search
3ad90de4d2cf415ebfa63870dc5d50cd,2018-03-28 11:00:55,c2366a33c94543b4a5c36a8911cb5ebe,social
15901cc7fd6f46ff826ac1d3493861d2,2018-05-30 07:38:15,5c9fede2c59f461bab56ff6d802fa6a1,direct_traffic
249b97c7833149afa9d82850ab19479a,2018-01-29 23:53:27,eabde2c6e9064911b23d789ff68f2bbb,email
9a457a172f3545c492aed1655588a387,2017-12-04 05:41:56,ff05ce68802a4f1796f1c6ff9508133e,paid_search
e1a73b69b5a9481b91d820eb293d56ac,2017-09-07 12:33:51,24f5fbd22d624e12b58faeb2f2742ebb,social
9abbcc1b6e4f4dbd8aaec08aa0e24f22,2017-06-26 01:08:32,bd7014dfab0643b08af9d59f9064c67f,organic_search
2a17bade7d904e0f9e09f5244d18c45c,2017-10-08 14:11:00,32f776c66b854bc08925bb990a3b5ea3,organic_social
486ed097bfdc40b6acf86b0e1a25bf6c,2018-02-10 16:52:32,57b30bb0fe284da5b57510a8823d88a2,paid_search
e11be35117fb4b879057854f6fc8a656,2017-12-21 11:46:52,b3ebd0b9fc81475f87eaafca8d37f073,direct_traffic
30040bad9f7b4c6497094f20368df9ac,2017-08-08 11:54:08,22d5f074d6fd43b2b796684fe6998629,organic_search
c6e6049327d748a7bf15a94bba1e8a9e,2018-05-29 15:22:38,57b30bb0fe284da5b57510a8823d88a2,organic_search
a67f3d29bd2e47a59ca47e9cf72c1bd5,2017-11-09 20:37:41,54dadc715073494a9f52e4f263e34d4e,paid_search
d28f5723e49744b89d31ae5b8757d248,2018-05-25 06:41:52,e73bb83cf417427888827b7bd8835d0c,referral
43e7f74cd8d24e15be22be4b2b3c91ff,2017-08-24 09:07:26,7b5e3159006745bdbee47199b5293638,social
f7f345c8c85f4ba3958fa0b0d7441213,2017-07-18 17:43:38,5c9fede2c59f461bab56ff6d802fa6a1,organic_social
08f82364de214cd18a981f490844535a,2017-11-19 05:23:40,eabde2c6e9064911b23d789ff68f2bbb,paid_search
e4872564f9514a7fbd817c8dc03b4ea2,2017-08-11 08:44:20,30603de19a0f45f98e07cc24bb54cd32,paid_search
fff79e86030f49e683240b74d5faee69,2018-04-06 18:02:07,b5aed19b7ce942ceb1082d725df90ba9,organic_search
e2c66fe3214f40c5b7437d7c8d40994d,2017-09-12 06:34:20,7b5e3159006745bdbee47199b5293638,email
2a7897b0bd9c4913be903b1ad573d95b,2017-06-20 00:20:09,d4a547d9c0264e5e821f2ce922348c3d,organic_search
a2a8d696b8a1495080a1a07759ab9430,2017-12-02 12:29:12,280fc02b8ead46d897a70c9fa8a76c35,referral
7fd2989663fd47729002d5f1f27ffe01,2018-04-11 13:34:52,42aab95b911f48e28fc6e5aff6d61bab,organic_social
4ef37f98ac084513bfeb44f301ffa4c3,2017-06-02 03:48:29,6eb360925f334493a6951325d8182624,display
3f60c0dfa82e49e48b1ee120114d10a6,2018-02-12 07:20:38,54ac0583af594362879a48b3c36bac75,social
cd72a56809574165ae4ea37feb889424,2017-08-15 12:06:23,57b30bb0fe284da5b57510a8823d88a2,direct_traffic
c42157145c9c40a69afc0ea249c49322,2018-05-04 18:23:08,b5aed19b7ce942ceb1082d725df90ba9,email
95152771f2ff410298fb14f11ce3fbdf,2018-02-27 14:13:28,5c9fede2c59f461bab56ff6d802fa6a1,organic_search
1c737476b22e43c1b9a5b8e3d8eb8a2f,2018-02-26 21:29:56,fd67c44c56284345a9d416ecc4e70697,social
8e64f24d4cea40c7a8fef5ccdc234041,2018-04-10 07:09:36,7b5e3159006745bdbee47199b5293638,organic_search
92230453d4914140af61419329820b97,2017-06-21 16:33:51,22d5f074d6fd43b2b796684fe6998629,paid_search
2b728ccba2864564b4139340dc88373e,2018-03-30 19:55:12,0c738336dbd04e959c993ff02dbf5e0f,organic_search
dccf56b978ef460984de1623be3c1e46,2018-03-03 16:37:06,eabde2c6e9064911b23d789ff68f2bbb,organic_search
5f9bbd0b554843c4a9cba93e0e471747,2017-10-24 12:06:35,e73bb83cf417427888827b7bd8835d0c,paid_search
bff79fbbf7554c3db5d8ea382f7cd564,2017-12-26 21:27:23,d4a547d9c0264e5e821f2ce922348c3d,paid_search
b73190a8472543839293a08d5b625152,2017-07-03 17:16:35,bd7014dfab0643b08af9d59f9064c67f,social
282e72877b5d4150b6d8ea969e22181e,2017-12-31 16:52:37,c2366a33c94543b4a5c36a8911cb5ebe,organic_search
d4dc2b54a59042f3b48203e6d35c4d59,2018-04-08 20:49:19,9949586af6134c339c1809ad3ec0df66,social
3f5c19f3ae5f423a912204713b5ea53a,2017-11-09 21:30:49,9949586af6134c339c1809ad3ec0df66,organic_search
6dda9bc6fdbb4cb0ad37ef59aae0ae99,2018-01-17 09:38:14,0c738336dbd04e959c993ff02dbf5e0f,social
3cb5df8f98ab461bb76972a3ec756c53,2018-04-30 01:24:33,bd7014dfab0643b08af9d59f9064c67f,social
a61f7266ae4e4d3d850a4ac59dc38087,2017-09-26 21:06:04,b5aed19b7ce942ceb1082d725df90ba9,social
8192710ad1484e20872f9e2ecf1783fa,2017-12-20 09:39:42,e73bb83cf417427888827b7bd8835d0c,direct_traffic
a01bcb39255541c4982ba42b2d4d8e7f,2018-02-27 08:20:44,eabde2c6e9064911b23d789ff68f2bbb,paid_search
76cc6b9eacb54756b048643fc6ca418c,2017-09-22 16:21:24,9949586af6134c339c1809ad3ec0df66,direct_traffic
ca86d57f1a434a58af43a956fe56801f,2017-12-21 00:04:54,7b5e3159006745bdbee47199b5293638,paid_search
7df60b38391740ecb0ffc1d79ea5c555,2017-06-25 02:46:15,280fc02b8ead46d897a70c9fa8a76c35,paid_search
482ee6d0d0ff44208eb58fa75aed5651,2017-10-19 19:29:17,bd7014dfab0643b08af9d59f9064c67f,social
5994fc4d89c54fada79d36338f04e57e,2018-03-07 15:10:24,e73bb83cf417427888827b7bd8835d0c,organic_search
f27ffe7c61cb471a836a7550ce573fe9,2018-02-12 23:18:08,280fc02b8ead46d897a70c9fa8a76c35,direct_traffic
a9a27fe7280b462eb6837b01aa2e5eb5,2017-11-04 21:51:15,57b30bb0fe284da5b57510a8823d88a2,social
a24931a7434142f99d6aac9ec0b345b2,2017-06-27 18:04:55,702afe38d2d2425a9b41828bf926fbf5,paid_search
fdc893ad9fde4118a27052d9ed56b091,2017-09-18 19:26:44,57b30bb0fe284da5b57510a8823d88a2,organic_search
babadffa29294303858bf2883ee3f0e8,2018-03-10 10:28:10,d650cf637d2e4393939ab7a1b5bd56fb,organic_search
3813ad4e58ae4655b22b907ad02a3eed,2017-07-30 08:33:00,c2366a33c94543b4a5c36a8911cb5ebe,organic_social
7c1a5fa096604d77907c90e108a8f72b,2017-12-17 20:24:59,22d5f074d6fd43b2b796684fe6998629,direct_traffic
4c5b67539b104a8fb03961ae0c0957ad,2017-11-16 06:27:10,c005e1915b5a420dba2530a0e055f0e1,organic_search
04fbe967316c40a38d22982b0e2281fd,2018-05-02 07:17:28,e73bb83cf417427888827b7bd8835d0c,paid_search
361726a9cb38435bb8311be3a4e30300,2018-05-17 15:38:15,24f5fbd22d624e12b58faeb2f2742ebb,social
68475c2238784b2784ba9762182c54c6,2017-11-16 23:33:03,9949586af6134c339c1809ad3ec0df66,email
fe162d2dad8642f0b74effb284cc6f1d,2018-02-01 00:45:11,dc97f501f52d4c12817bfe088b55a525,organic_search
94fb3dff6a674700a181f41d43243b28,2017-08-06 09:24:01,32f776c66b854bc08925bb990a3b5ea3,organic_search
126070418d1a48b9a0178fa4d22bda20,2018-05-03 10:38:34,57b30bb0fe284da5b57510a8823d88a2,referral
5141d15db25d4b679f9c57cd6e50024a,2017-10-10 15:07:50,32f776c66b854bc08925bb990a3b5ea3,organic_search
709dbd9edc204662b94d0d4ffb280dc4,2018-01-05 07:25:50,22d5f074d6fd43b2b796684fe6998629,organic_search
0bb4a30688e848e9ab3cd31af4c0020b,2017-08-23 13:09:33,dc97f501f52d4c12817bfe088b55a525,display
e4da1f12447342bf96ec3d6709830aa6,2017-10-26 11:16:05,c005e1915b5a420dba2530a0e055f0e1,social
f856bd4921f947d3bcf8cf75db1165ad,2018-05-21 19:58:36,d4a547d9c0264e5e821f2ce922348c3d,organic_search
f561d6cc6cd541c19286d2a36297bdfd,2017-07-06 02:46:31,2566ffa7a57141909a5618885cb43553,organic_search
792f2fcc92764f1fb963670314b907c4,2017-08-02 00:07:16,9949586af6134c339c1809ad3ec0df66,organic_search
9551197a29d64ab9b39609682e26df9f,2017-07-04 09:49:56,32f776c66b854bc08925bb990a3b5ea3,organic_search
f9ced1625b9145ce95d130c58f48e9e1,2017-07-29 16:25:51,42aab95b911f48e28fc6e5aff6d61bab,referral
83b849ead943463fb60592ac3594c6ff,2017-08-02 18:13:16,d650cf637d2e4393939ab7a1b5bd56fb,paid_search
9f6e380602cf4eb5922adc1715579b6e,2018-03-01 16:56:27,30603de19a0f45f98e07cc24bb54cd32,direct_traffic
940eeb8d79b24bed88e821e4efa5d2ca,2017-08-02 17:31:17,57b30bb0fe284da5b57510a8823d88a2,organic_social
1408e6a6633c468babb6376503a87cac,2018-04-11 10:07:57,280fc02b8ead46d897a70c9fa8a76c35,paid_search
779346cff78f487181f53212f950d532,2017-07-13 12:58:15,280fc02b8ead46d897a70c9fa8a76c35,organic_search
a9c96a5f9d77432582589ca380399e12,2017-07-18 12:51:39,32f776c66b854bc08925bb990a3b5ea3,social
bfb3a0133f22480594b7208a85eca4fd,2017-12-16 06:53:31,c005e1915b5a420dba2530a0e055f0e1,organic_social
384ab8278d63462cab82e842e3ca3645,2017-10-07 00:39:49,c2366a33c94543b4a5c36a8911cb5ebe,email
048e40d541054316bedaca6ef6db7f8a,2018-04-14 03:08:47,24f5fbd22d624e12b58faeb2f2742ebb,organic_search
2e42872b1968479ea18756e801d6d3db,2017-08-23 05:18:31,42aab95b911f48e28fc6e5aff6d61bab,direct_traffic
ccad8989daed45fea6c5aa563a1c13ff,2017-08-22 19:00:30,bd7014dfab0643b08af9d59f9064c67f,social
b03bbea0af874ebf922028a0afd5e6aa,2018-05-20 19:28:18,54ac0583af594362879a48b3c36bac75,organic_social
4bcad4b2ec254adf953daefc143de7d5,2018-02-01 22:59:41,7e92b46dac574b1b9786c529162a68c6,organic_search
ce2a55d9d3854b68b8354b1277efedda,2017-06-16 12:23:08,54dadc715073494a9f52e4f263e34d4e,social
55ec409f2a144b8fa48000b8844f7538,2017-12-17 15:44:35,dc97f501f52d4c12817bfe088b55a525,referral
32b3eacf5ffe45e8afb9f2c4bac6b990,2018-02-18 14:39:11,54ac0583af594362879a48b3c36bac75,paid_search
0e7f74509b804e0e8a15c79a79b83b54,2017-08-25 06:55:22,fd67c44c56284345a9d416ecc4e70697,paid_search
96a3602f0d464340b0ea600bb90d0be1,2018-04-23 17:36:03,d650cf637d2e4393939ab7a1b5bd56fb,organic_search
b2df94251b6642e3a6b945ffea0b5ebd,2018-03-28 02:26:08,22d5f074d6fd43b2b796684fe6998629,organic_search
3bf5ec51d0ad4f52bb2cecdb765cd125,2017-09-25 23:55:17,c2366a33c94543b4a5c36a8911cb5ebe,paid_search
d70918a4152f4b0f98748449041a90eb,2018-02-09 20:17:47,d650cf637d2e4393939ab7a1b5bd56fb,display
1b2a08d4e4cc453b8dd63153be8eaf1f,2018-01-21 14:06:00,42aab95b911f48e28fc6e5aff6d61bab,paid_search
cc9ac2655945437880e7c964fc86958d,2018-04-25 13:25:48,54ac0583af594362879a48b3c36bac75,paid_search
31c478687b284ec690020cc71d32bcbc,2017-06-22 01:19:28,b3ebd0b9fc81475f87eaafca8d37f073,direct_traffic
8a5b7fde5fa947ea9bd8ae59b24e3813,2017-09-05 00:08:07,702afe38d2d2425a9b41828bf926fbf5,organic_search
25a0aeda650d46768b578db02c457cbc,2017-11-29 00:37:24,57b30bb0fe284da5b57510a8823d88a2,paid_search
c7b1c5ed7c9849cf9bafe021412b592a,2017-12-08 23:37:08,42aab95b911f48e28fc6e5aff6d61bab,direct_traffic
27a2010dae1247bab99ee338e6fc1845,2017-12-30 00:16:14,42aab95b911f48e28fc6e5aff6d61bab,referral
ee96e69ca84b4a73989f15d7724058f3,2018-01-24 03:06:10,2566ffa7a57141909a5618885cb43553,social
f408212eb54f41f8b7083bc12a9b9edc,2017-07-20 21:39:01,30603de19a0f45f98e07cc24bb54cd32,direct_traffic
8e82dfca37cc441097209a524ac3cbd8,2018-03-15 04:14:29,702afe38d2d2425a9b41828bf926fbf5,organic_search
fb90f5e43c8f480886fa96656899e014,2017-08-09 17:14:13,6eb360925f334493a6951325d8182624,display
4c9dbe3fcf6d478f824ac3a339689660,2018-03-11 20:04:59,22d5f074d6fd43b2b796684fe6998629,organic_search
af86426ad3e64eacbb2f1b98429680cb,2017-11-22 04:21:36,fd67c44c56284345a9d416ecc4e70697,email
4eec7e1173454270b13bb2b7cb579fe3,2017-06-17 23:13:54,42aab95b911f48e28fc6e5aff6d61bab,organic_search
f4cebb97b00f493a861210f64064b147,2017-10-04 11:21:42,c005e1915b5a420dba2530a0e055f0e1,organic_social
6875764fa7ef45788fc5ecd271ab9344,2018-01-04 10:41:03,eabde2c6e9064911b23d789ff68f2bbb,direct_traffic
10803890d8914dbe959832ec2ced6e45,2017-07-25 01:59:57,0c738336dbd04e959c993ff02dbf5e0f,direct_traffic
b0326a253fdf40a7b7d30861a99da645,2018-05-07 04:59:06,f7f91884fcc441c3a73051d4c1896af9,organic_search
773a17824115484fa1b50a8a36eca3ca,2017-10-11 13:49:12,2566ffa7a57141909a5618885cb43553,paid_search
83079c96a63e47bf82da9c6b3f0a6292,2017-10-22 12:22:36,54dadc715073494a9f52e4f263e34d4e,social
d1dee0f0ab9843f5bea66746cd4e2671,2017-12-28 02:42:31,30603de19a0f45f98e07cc24bb54cd32,direct_traffic
f308a0099de54925bee916d038e243d7,2017-12-04 02:44:05,6eb360925f334493a6951325d8182624,organic_search
bc209eb56c4f403dadd64038d56046a9,2017-11-05 10:54:58,7b5e3159006745bdbee47199b5293638,display
f63c9be43ab24e69984e8da11a82c5d9,2017-06-12 00:57:07,0c738336dbd04e959c993ff02dbf5e0f,referral
b3eaaad796f8474bb32c2a7e5a9c61a1,2017-11-15 06:43:38,f7f91884fcc441c3a73051d4c1896af9,organic_search
76eb4161f6be49459d1d1b53bac4d512,2017-07-18 05:00:12,c2366a33c94543b4a5c36a8911cb5ebe,email
c601d42f12bb4ae9b91cadf11cb7091c,2018-02-24 21:57:04,fd67c44c56284345a9d416ecc4e70697,social
3331fc43408140ffbc0e082b1d6b17e4,2017-07-22 13:11:57,dc97f501f52d4c12817bfe088b55a525,paid_search
8e7fdbc5601541fc9438d191bbf682b6,2017-07-19 09:37:09,d650cf637d2e4393939ab7a1b5bd56fb,paid_search
b868aa977f26407688eb8ce2e881f6c3,2017-11-18 11:35:21,5c9fede2c59f461bab56ff6d802fa6a1,social
7bbe4c83042648faa414162a067f6582,2017-08-03 06:38:56,702afe38d2d2425a9b41828bf926fbf5,direct_traffic
8838881438e949a1813e7244541aef9d,2017-09-17 21:11:53,280fc02b8ead46d897a70c9fa8a76c35,paid_search
3bb0148b91284cbba637b06f95ca4d60,2017-07-11 08:25:45,eabde2c6e9064911b23d789ff68f2bbb,social
1a1e52facc5a4a37877ec94161478ee2,2017-10-20 11:20:27,bd7014dfab0643b08af9d59f9064c67f,direct_traffic
17ad1d869c8a48f4b0f76e091f548ca1,2018-03-09 19:42:30,c2366a33c94543b4a5c36a8911cb5ebe,direct_traffic
cc2c65f4b6c64d16b49a15466c7ecab9,2017-07-11 19:59:10,c2366a33c94543b4a5c36a8911cb5ebe,organic_search
5d1e7488d4564b93a963552848103f27,2018-03-23 19:52:53,0c738336dbd04e959c993ff02dbf5e0f,referral
d2ac7fddb65a414a9e78360b14c16856,2018-03-10 23:57:12,0c738336dbd04e959c993ff02dbf5e0f,paid_search
ce23421065ed4628a82a250ace888f13,2017-07-22 14:41:47,d650cf637d2e4393939ab7a1b5bd56fb,organic_search
27429af478344a02b4f0e0e51f73aaa8,2017-06-21 11:21:20,c2366a33c94543b4a5c36a8911cb5ebe,organic_search
7fa5fecd7ecb43ff98d849e87eedde61,2018-01-02 03:23:05,57b30bb0fe284da5b57510a8823d88a2,paid_search
576bed1d63104fd6b45cb3493f3370a5,2017-11-18 09:47:44,22d5f074d6fd43b2b796684fe6998629,referral
acc5679497ff45b388eb27bf020f87e2,2017-06-27 04:59:02,24f5fbd22d624e12b58faeb2f2742ebb,paid_search
7ee9300471c345449d50c38c6b209657,2017-07-19 21:25:10,e73bb83cf417427888827b7bd8835d0c,direct_traffic
f2cd279ec683493fac303287b6eb1030,2017-07-25 17:21:58,eabde2c6e9064911b23d789ff68f2bbb,organic_search
65a03e04fc084d2591ba1cfb841342ac,2018-01-27 13:08:53,ff05ce68802a4f1796f1c6ff9508133e,paid_search
9d43236de20e4f6ead21aebfd514b690,2018-03-05 03:53:30,b5aed19b7ce942ceb1082d725df90ba9,
0c8423e6e835420987164ecfd468e576,2017-08-21 21:30:44,c005e1915b5a420dba2530a0e055f0e1,email
dfcb050651a340d38ef390bb88666582,2017-10-05 02:59:09,42aab95b911f48e28fc6e5aff6d61bab,organic_search
5c89cb523bc44db2a419b83a61faba04,2017-08-26 06:44:25,d4a547d9c0264e5e821f2ce922348c3d,social
dddbc8df579a4b7596cfb3577c711ae8,2018-03-19 03:46:54,d4a547d9c0264e5e821f2ce922348c3d,organic_search
416a85a9483840c4b8d127d79d1d1357,2017-06-09 17:07:25,54ac0583af594362879a48b3c36bac75,paid_search
533614e55c584c5789c92f66dbc27d97,2018-05-29 04:36:41,32f776c66b854bc08925bb990a3b5ea3,email
b4f74cb8cd084f789ceb6b2c64a1c95d,2018-05-16 18:33:25,9949586af6134c339c1809ad3ec0df66,email
e5263c3be1c440ab9d19961b3ba23ced,2017-12-26 00:11:32,57b30bb0fe284da5b57510a8823d88a2,organic_search
95063fc2288a443d8c9e5ea4519c5e05,2018-02-23 09:57:03,702afe38d2d2425a9b41828bf926fbf5,organic_social
3efff87ab5444edbb8e28085e434f002,2017-09-05 17:56:12,c005e1915b5a420dba2530a0e055f0e1,social
84c801e7db65464ab277132107ba1786,2017-09-30 02:09:41,7b5e3159006745bdbee47199b5293638,paid_search
ee8c2b58a5784f59acceca7c9e551c62,2017-09-17 22:19:40,57b30bb0fe284da5b57510a8823d88a2,social
6c96892be31d4e948d43f1ea6c7447ae,2017-12-16 07:00:27,bd7014dfab0643b08af9d59f9064c67f,social
19bb299da9b74748b686ce23c49cdcf3,2018-02-26 10:39:25,7e92b46dac574b1b9786c529162a68c6,social
0a48e830e473492fb735b1946be06c3e,2017-08-09 14:43:41,702afe38d2d2425a9b41828bf926fbf5,paid_search
561fccf4ab6041f298c0576ec9873336,2017-12-28 21:03:23,0c738336dbd04e959c993ff02dbf5e0f,social
28226650f4004b438a5dc5fa213f9c88,2017-10-16 09:04:00,fd67c44c56284345a9d416ecc4e70697,organic_search
b77dc120d095467e9542db45576a65e7,2017-08-03 15:17:59,b5aed19b7ce942ceb1082d725df90ba9,email
651dffa160a04895a4f3ba571b053009,2018-04-28 22:02:12,6eb360925f334493a6951325d8182624,social
05c7672c988f4510beccd3c120e810fd,2017-06-01 04:10:22,ff05ce68802a4f1796f1c6ff9508133e,organic_search
abe8a69b94f440afb8cf51c263482906,2018-03-30 06:57:36,22d5f074d6fd43b2b796684fe6998629,direct_traffic
e8df7a0ede2047e5b08b3fce9cf870c2,2017-10-08 04:40:02,702afe38d2d2425a9b41828bf926fbf5,organic_social
721f2250cc0d4625bba8007b2402bc33,2017-09-03 23:19:53,702afe38d2d2425a9b41828bf926fbf5,display
4d019aed55da4a6bb2ba903d4e335865,2017-08-01 09:03:28,2566ffa7a57141909a5618885cb43553,paid_search
a91c86b6434b47d6883a41f80d039292,2018-05-31 01:27:49,9949586af6134c339c1809ad3ec0df66,organic_search
143987ccbfbb430f9b324e9458ba5e9a,2017-10-06 01:41:43,22d5f074d6fd43b2b796684fe6998629,social
9dd6773bd35f4cb085ab734f532dbc6e,2017-07-07 14:22:16,2566ffa7a57141909a5618885cb43553,organic_search
caa8ed0448284394a8557dad4798122b,2017-09-20 10:04:07,dc97f501f52d4c12817bfe088b55a525,organic_social
b50943468e224e60a9dbcb523b097213,2018-03-22 00:06:09,d4a547d9c0264e5e821f2ce922348c3d,organic_search
861d9994fd204aa5943c81a1944180c6,2017-09-16 04:01:59,bd7014dfab0643b08af9d59f9064c67f,organic_search
063c5666af5843df812d98be840eb739,2018-05-23 00:30:03,7b5e3159006745bdbee47199b5293638,paid_search
cce27a0f29a44e3bb7359dcd82967023,2017-07-25 12:25:42,54ac0583af594362879a48b3c36bac75,paid_search
94344fa193cb4f8aaa6041cb435dfb77,2018-01-15 05:15:24,2566ffa7a57141909a5618885cb43553,email
ae999f39312548f190b2be19106e5528,2018-04-28 04:29:13,54dadc715073494a9f52e4f263e34d4e,paid_search
e7b4e06547a64fcfa8f90eeb0b3b7c48,2017-12-06 11:50:13,7b5e3159006745bdbee47199b5293638,organic_search
d8626327d2c9446e80ab60a2e39dd9c5,2017-12-11 18:53:28,57b30bb0fe284da5b57510a8823d88a2,organic_search
c868b2d9e626410fac602d69033adb03,2017-10-19 16:08:38,57b30bb0fe284da5b57510a8823d88a2,social
b46eeece30a74c8490890787afa4602a,2017-09-12 23:07:17,2566ffa7a57141909a5618885cb43553,organic_search
f6cde7a8acd94989b191d6ef36ba054f,2017-09-14 14:10:14,7e92b46dac574b1b9786c529162a68c6,social
633599c0b6494592b42dd03f596b0509,2017-09-05 08:50:20,6eb360925f334493a6951325d8182624,social
3c0f71536ec9493e8a54e52b9568ef1e,2018-02-06 09:58:20,7b5e3159006745bdbee47199b5293638,direct_traffic
8a4634d231af4d939c5f16a94b15a3c8,2017-06-26 09:10:44,e73bb83cf417427888827b7bd8835d0c,organic_social
99e54beb5c974e8ea3adfad5a4129e9a,2018-01-08 16:52:42,32f776c66b854bc08925bb990a3b5ea3,organic_social
7515f4b34ba8495fb0297ee57b1ea7e3,2017-07-02 02:10:10,22d5f074d6fd43b2b796684fe6998629,display
4f9c52f54a22476a9c4e4dac3fc59b83,2018-01-21 19:05:18,0c738336dbd04e959c993ff02dbf5e0f,organic_search
52aaefae39d24f2e8ceb065f2d88c7e8,2017-09-13 15:03:05,dc97f501f52d4c12817bfe088b55a525,organic_search
d0ec635e018f432888d92791b31977f0,2017-10-26 05:07:21,0c738336dbd04e959c993ff02dbf5e0f,paid_search
57fb31a05c3a472fb5c7212b25fd8b2b,2017-10-22 06:26:47,7b5e3159006745bdbee47199b5293638,referral
d8ce4c0e37a84ae883f574f1ac143bb2,2017-06-08 17:13:47,280fc02b8ead46d897a70c9fa8a76c35,other
00d5a766b14642e98a29b9682fb6ac35,2018-02-27 02:22:38,702afe38d2d2425a9b41828bf926fbf5,referral
82f2709b77e44cd889034219890f92bc,2018-01-19 12:39:52,0c738336dbd04e959c993ff02dbf5e0f,organic_search
075f6f6257934c41ac31bfce31914d11,2018-04-26 08:10:01,b3ebd0b9fc81475f87eaafca8d37f073,display
f61119a1a47a4d4496b5445691c61a50,2017-09-11 10:02:05,bd7014dfab0643b08af9d59f9064c67f,paid_search
4593e9fce3d64e1cb25d3006679f936b,2018-01-31 14:13:16,b5aed19b7ce942ceb1082d725df90ba9,organic_search
74bc5637afb04d5a858b0de1b3f259e8,2017-08-22 17:29:20,9949586af6134c339c1809ad3ec0df66,paid_search
bbdcf638a677463eb8124c0b0941b9f9,2018-01-11 04:51:36,e73bb83cf417427888827b7bd8835d0c,organic_search
1d188059211c4acc83272ea575e2a921,2017-09-29 23:29:30,6eb360925f334493a6951325d8182624,social
b38f269b5a904c9c90319ec9390f7153,2017-12-14 07:58:08,c005e1915b5a420dba2530a0e055f0e1,paid_search
ca53a477af9c4f69a16d5dbbbf4e0fe4,2018-02-16 23:22:13,c2366a33c94543b4a5c36a8911cb5ebe,paid_search
94d56da989c84db5ab1756a1a4100355,2017-08-14 03:59:54,b5aed19b7ce942ceb1082d725df90ba9,social
792e7a4013134da2a6904550174da3dc,2017-12-07 19:00:23,b5aed19b7ce942ceb1082d725df90ba9,referral
b3a598da5ac640318a761d4661140b92,2018-05-20 03:35:54,b5aed19b7ce942ceb1082d725df90ba9,direct_traffic
90b8f83a3abf4acab24e435822b1381b,2018-05-04 18:48:16,280fc02b8ead46d897a70c9fa8a76c35,paid_search
ad7b04178a4c4c5ab865b9d755034883,2017-11-06 14:41:55,e73bb83cf417427888827b7bd8835d0c,email
9d97b27c354f4ee3ad83e8cb0a16f102,2017-07-03 20:38:58,5c9fede2c59f461bab56ff6d802fa6a1,organic_social
725d80d707b44aad99c4687d07deec7b,2017-07-25 08:46:57,5c9fede2c59f461bab56ff6d802fa6a1,organic_search
a4cc820bc91840609aaa6d549733a313,2017-10-23 09:10:43,280fc02b8ead46d897a70c9fa8a76c35,social
519e14251bf14ba09b7679e1c7a10595,2017-10-04 20:14:30,54dadc715073494a9f52e4f263e34d4e,paid_search
51fcbded50654d08acbab946ca59a238,2018-04-11 20:54:49,280fc02b8ead46d897a70c9fa8a76c35,organic_search
5fd235bb8af14db7a52bddb0b159b79c,2018-02-27 06:39:39,d4a547d9c0264e5e821f2ce922348c3d,direct_traffic
8774cf7831484d83bce59ab5d5ec5fd5,2018-02-10 19:14:08,e73bb83cf417427888827b7bd8835d0c,referral
f6a6f870505f4a4f94f1cf848af277da,2017-08-16 00:42:45,42aab95b911f48e28fc6e5aff6d61bab,organic_search
4f36a1f618ce4e26b2051d0e2256f662,2018-05-20 20:09:57,7b5e3159006745bdbee47199b5293638,email
4d2daa000a1d4bbe8e01344731757154,2018-03-18 12:25:34,e73bb83cf417427888827b7bd8835d0c,referral
db6a9c7f7d554adea52b9404dcd3104c,2018-02-02 07:02:31,32f776c66b854bc08925bb990a3b5ea3,organic_social
9401b52dd8664ee395cb0d2b84fc3977,2017-07-26 11:09:12,22d5f074d6fd43b2b796684fe6998629,organic_search
7b035a5881e7405a9e1f2de6dfff1af7,2018-01-04 09:08:41,f7f91884fcc441c3a73051d4c1896af9,organic_social
61a9248bb5124dcdb79b7586924f37f3,2017-10-18 21:20:33,54ac0583af594362879a48b3c36bac75,paid_search
fd2f86f9fbb941bcae555b22d94c77ae,2018-04-18 14:38:04,57b30bb0fe284da5b57510a8823d88a2,social
5ecb4a948d324e3892b52f2f4ae8f4ab,2018-04-05 20:34:43,702afe38d2d2425a9b41828bf926fbf5,organic_search
99219e547766419a8a0dfe1fcb1b484b,2017-11-30 03:29:54,ff05ce68802a4f1796f1c6ff9508133e,organic_search
af1c2278d31c4493b370f220876d46a1,2018-01-28 22:44:30,54ac0583af594362879a48b3c36bac75,direct_traffic
4141e13e4918477baf59c72c86f3a1ba,2017-10-04 11:49:21,eabde2c6e9064911b23d789ff68f2bbb,paid_search
f14a554cddb548a5b7c3535d0cad3d77,2017-11-20 12:59:37,6eb360925f334493a6951325d8182624,organic_search
79135c7cddcc412db43f52ce280bb517,2017-10-02 19:23:14,42aab95b911f48e28fc6e5aff6d61bab,organic_search
c77e6fa261824827bf21f15a1a687b13,2018-02-08 08:17:09,7b5e3159006745bdbee47199b5293638,direct_traffic
3807c6aa3a414defbb4db80d8fd9ae22,2018-03-15 00:35:53,f7f91884fcc441c3a73051d4c1896af9,organic_search
b4c38806a2c6412c9c768df7bdb90366,2017-07-10 03:45:25,702afe38d2d2425a9b41828bf926fbf5,email
7b2d7e3a5ab54dcda8a1061d1648de13,2017-08-10 08:25:17,7b5e3159006745bdbee47199b5293638,organic_search
40ef5434824f4cc195f46a0bfe1c5d00,2017-06-23 07:27:44,b3ebd0b9fc81475f87eaafca8d37f073,organic_search
65c30a7555ee4fc8a86ab3d797cb7d3c,2017-12-29 19:28:40,22d5f074d6fd43b2b796684fe6998629,paid_search
71625c0a30df431ea79677feed8ac9fe,2017-07-08 03:44:09,57b30bb0fe284da5b57510a8823d88a2,paid_search
8eb532fe711445bdb1f5881ca6e9612e,2018-03-08 16:03:59,f7f91884fcc441c3a73051d4c1896af9,paid_search
1e49db79c9714cdf916af222849cc7f8,2017-08-09 08:02:11,22d5f074d6fd43b2b796684fe6998629,paid_search
f154aa06453240a586d613bbe6571d88,2017-09-18 07:57:15,7e92b46dac574b1b9786c529162a68c6,display
fc48da27c265496b8e446901f2c6ffe2,2017-07-20 01:19:59,b5aed19b7ce942ceb1082d725df90ba9,social
e708f57b3f194bc289a6d2e11f3b21ac,2017-06-06 21:23:24,7b5e3159006745bdbee47199b5293638,organic_search
6b46c1da70dd4a6481ac21147d104827,2017-08-01 10:12:34,d4a547d9c0264e5e821f2ce922348c3d,paid_search
ee5b4300e244460183acab90ec343cc3,2018-03-29 16:22:41,5c9fede2c59f461bab56ff6d802fa6a1,referral
58f392c401ff4f23aac6aee85ac373a0,2017-09-16 03:24:12,42aab95b911f48e28fc6e5aff6d61bab,paid_search
a8661460b22a482ea55ba43aa74f08d0,2017-09-30 22:16:26,dc97f501f52d4c12817bfe088b55a525,organic_search
c64fe3cbe4714e5fb8eda95cffcf536d,2017-07-18 09:06:49,280fc02b8ead46d897a70c9fa8a76c35,direct_traffic
12f7759988cd4fb59b0bcd86ce901712,2018-04-03 19:32:51,22d5f074d6fd43b2b796684fe6998629,social
999b0f4637974ba9a6eb3cca3d466eab,2018-04-19 08:46:55,eabde2c6e9064911b23d789ff68f2bbb,social
571563dcd8ca416a8c5acd2050484581,2018-01-30 10:05:17,c005e1915b5a420dba2530a0e055f0e1,organic_search
02e5db0acf3648da87dac4ad2b27fabe,2017-08-25 23:55:53,d650cf637d2e4393939ab7a1b5bd56fb,organic_search
79cbe677ed1f4cf5995b0716c966691e,2018-05-23 00:13:53,c2366a33c94543b4a5c36a8911cb5ebe,social
1cb406520b714ac39877b15a1064b722,2018-02-06 07:52:38,280fc02b8ead46d897a70c9fa8a76c35,organic_search
aa55dbf6e6d3484d86548b42a61fabe5,2017-12-28 12:02:31,dc97f501f52d4c12817bfe088b55a525,social
c209544cb927449cbe6ec52ca6b9c9a9,2017-07-16 18:20:21,702afe38d2d2425a9b41828bf926fbf5,social
b6a655747d3d4b62b239b4525d37670f,2017-09-26 20:57:34,b5aed19b7ce942ceb1082d725df90ba9,paid_search
c3e6966e409b4eaab2b467de96a48180,2017-06-01 15:33:01,f7f91884fcc441c3a73051d4c1896af9,display
1dce1255fd004473b448aa8bfde17991,2017-11-26 12:59:39,d650cf637d2e4393939ab7a1b5bd56fb,email
759768326a2747399ff2575bbdab67c7,2018-01-18 20:15:13,f7f91884fcc441c3a73051d4c1896af9,direct_traffic
d7376a4f415040cdbfc465cfaebad4ea,2017-08-24 00:58:45,22d5f074d6fd43b2b796684fe6998629,organic_search
2aceb33ddd7349fa8a8d591434dad6bf,2017-07-20 22:50:09,702afe38d2d2425a9b41828bf926fbf5,organic_search
2b7ed46e50774833afcf0f5b84ad35cc,2017-06-11 10:01:18,54ac0583af594362879a48b3c36bac75,paid_search
074113f0c3384cdabc8a22d31ec9bcf6,2017-08-28 05:42:52,9949586af6134c339c1809ad3ec0df66,organic_search
02b259302ee0484cb27cfa5c7d260d78,2017-06-24 06:31:53,54ac0583af594362879a48b3c36bac75,other
4e42189d069c43038ead7393d91a305f,2017-09-16 07:11:45,2566ffa7a57141909a5618885cb43553,organic_search
f48bdb025bec4b3bb1c2fef7422554e4,2017-10-30 16:46:45,eabde2c6e9064911b23d789ff68f2bbb,paid_search
4257ccd7d43e4dd1afca325c6824243b,2018-05-05 16:21:52,9949586af6134c339c1809ad3ec0df66,paid_search
cee0c113cf2d486d8e2871a3907be767,2018-04-13 04:53:51,eabde2c6e9064911b23d789ff68f2bbb,social
8f6e8a6628a24b49bc57f62d418aef31,2017-07-31 07:26:00,7e92b46dac574b1b9786c529162a68c6,organic_search
1971de378da34300acfd685139ad0d17,2018-04-18 10:54:28,bd7014dfab0643b08af9d59f9064c67f,paid_search
56f5af0f9d4c48b692cc871f0588b540,2018-05-18 15:43:19,2566ffa7a57141909a5618885cb43553,organic_search
b8969d7d30b44092a498d814a26e7bcc,2018-05-19 02:18:12,bd7014dfab0643b08af9d59f9064c67f,referral
8b5f6a1bed66407aa0a43da236a4e755,2017-08-21 17:14:52,ff05ce68802a4f1796f1c6ff9508133e,organic_search
d0879f3f2e464c3884ebdf55314b73b6,2017-06-04 06:14:22,7e92b46dac574b1b9786c529162a68c6,organic_social
deba5d58d62f40d99b84ac4f2548228a,2017-06-18 19:24:25,32f776c66b854bc08925bb990a3b5ea3,email
dc62a3c7824b46f6832702418b3f3816,2018-05-17 15:18:16,dc97f501f52d4c12817bfe088b55a525,paid_search
a2954d32fbb04271b5025cccbc5bf3e0,2017-07-14 05:44:08,54ac0583af594362879a48b3c36bac75,email
88c77681cfa34aa8907bbd6cb972bea0,2017-07-08 05:35:50,7b5e3159006745bdbee47199b5293638,organic_search
c3c908cdc99943fbb247c94925098644,2017-07-26 15:49:26,9949586af6134c339c1809ad3ec0df66,display
00b89ad0c4ca456da89db2a9f3735647,2018-05-25 06:03:02,b5aed19b7ce942ceb1082d725df90ba9,social
54d3b5afcec6400daf752da8a740e8eb,2018-06-01 18:56:31,f7f91884fcc441c3a73051d4c1896af9,paid_search
01bc9fcc4a454df6952f2f140ef1dbe4,2018-03-12 19:19:41,5c9fede2c59f461bab56ff6d802fa6a1,paid_search
331552d8754f4ecc887a50cb873978a6,2018-03-30 21:19:18,42aab95b911f48e28fc6e5aff6d61bab,organic_search
2228234bfa0c4022b0743d90e8980321,2018-01-18 05:43:50,bd7014dfab0643b08af9d59f9064c67f,
7cf1ece936564763a3bc2699d4a49bf2,2018-04-01 19:24:01,57b30bb0fe284da5b57510a8823d88a2,organic_search
f856ffab66e04ce1ab88f36575e53711,2018-03-18 07:50:57,b3ebd0b9fc81475f87eaafca8d37f073,direct_traffic
e86f616322af41b7bec1f768662238cc,2018-01-04 06:16:02,fd67c44c56284345a9d416ecc4e70697,paid_search
33c96089366a42ba86f58251fd5a5b38,2018-01-14 10:09:52,42aab95b911f48e28fc6e5aff6d61bab,display
7764589655d04c43bc3113702d912491,2017-10-12 22:04:26,54ac0583af594362879a48b3c36bac75,organic_search
5627e1f070c24c99b587ff2befeeced0,2017-06-11 07:08:45,ff05ce68802a4f1796f1c6ff9508133e,social
d46eca0cef7f4447934fc531c9d69ae1,2017-10-30 13:40:20,d650cf637d2e4393939ab7a1b5bd56fb,paid_search
d4ee5c6a21704095a0093078d782bcc3,2018-03-02 16:55:31,c2366a33c94543b4a5c36a8911cb5ebe,direct_traffic
83d18c351dcb4e8f9f3aca7298c49dfc,2017-07-17 21:10:05,dc97f501f52d4c12817bfe088b55a525,organic_search
74717b87bbc94e6fbcb99a21c4b08b7c,2018-05-22 04:36:57,5c9fede2c59f461bab56ff6d802fa6a1,organic_search
661fc8fac7b9439aaa2653527d0fae33,2017-06-28 08:21:52,22d5f074d6fd43b2b796684fe6998629,organic_search
6088678ec8a0490c9c04e31b014d18c6,2018-05-25 19:25:32,54dadc715073494a9f52e4f263e34d4e,direct_traffic
c8a2406032c74936b614215e428c63c4,2017-07-28 20:23:28,6eb360925f334493a6951325d8182624,organic_search
e09746fe17af4c86b319ddcb6cdcad31,2017-12-20 23:39:11,702afe38d2d2425a9b41828bf926fbf5,social
b3de476745fb409bb5a3dbcc20c3211d,2018-05-31 04:55:23,eabde2c6e9064911b23d789ff68f2bbb,organic_search
b881360adbc64587872e08baeed27b0c,2018-02-21 06:32:45,c005e1915b5a420dba2530a0e055f0e1,referral
b758b6461ff5468bb8896d3fca0da312,2017-09-27 04:36:11,9949586af6134c339c1809ad3ec0df66,display
adde1bf009ac4040afebc43c72b8844c,2017-06-26 18:30:39,54dadc715073494a9f52e4f263e34d4e,social
5d06076704f84ce7a988db3a3f6801bb,2018-04-07 19:47:39,5c9fede2c59f461bab56ff6d802fa6a1,paid_search
b33a920e963343878d0ea7ae8561f472,2017-07-08 08:47:33,c005e1915b5a420dba2530a0e055f0e1,organic_search
2dc03dcfc26849a198d34a39b6cb208c,2018-03-10 03:02:33,42aab95b911f48e28fc6e5aff6d61bab,organic_search
e62de65b1b634f638ac02ff2a485dfb9,2018-02-24 19:34:19,24f5fbd22d624e12b58faeb2f2742ebb,organic_search
40513ff0f1234d54a22051dc24370442,2017-10-11 09:30:28,42aab95b911f48e28fc6e5aff6d61bab,direct_traffic
0073098351054e52954f262ea0659661,2018-03-09 04:57:29,bd7014dfab0643b08af9d59f9064c67f,social
7c5f4bbc9ee645b08af35ad3d5c212cf,2017-08-31 01:36:09,7b5e3159006745bdbee47199b5293638,display
7055b20135d34c85bad37c837a819a05,2018-02-07 07:28:29,2566ffa7a57141909a5618885cb43553,paid_search
cd48e756b3db4fa9afec74267687a6cb,2017-09-21 23:09:54,24f5fbd22d624e12b58faeb2f2742ebb,direct_traffic
a12a493daf4441098e57ebfd267c1b45,2018-02-21 05:22:55,fd67c44c56284345a9d416ecc4e70697,paid_search
c6672ebc8419463b9670583af065580a,2018-01-13 02:36:03,7b5e3159006745bdbee47199b5293638,social
37b9e4845ab347cb8b3fa7ea1f220dca,2018-04-21 19:54:20,24f5fbd22d624e12b58faeb2f2742ebb,organic_search
2490202351b84729a7a3995bc386777a,2017-11-12 16:46:50,32f776c66b854bc08925bb990a3b5ea3,paid_search
f3887e9ec37844a89fe283682dafb95a,2018-05-15 10:03:36,54dadc715073494a9f52e4f263e34d4e,paid_search
0af407397736454086dd9f474e20a3d1,2017-11-20 01:05:26,eabde2c6e9064911b23d789ff68f2bbb,direct_traffic
428952fb0b834125abcc2502da299987,2017-06-06 00:59:41,d650cf637d2e4393939ab7a1b5bd56fb,display
55b9c7b5497344f18dd325b2843f6cc0,2018-05-07 00:52:52,54dadc715073494a9f52e4f263e34d4e,paid_search
b28b55e91965420196bf96cab2d06946,2017-06-16 03:02:42,42aab95b911f48e28fc6e5aff6d61bab,organic_search
97c5570edecd4bcda6cb131cb42c4738,2017-08-24 23:11:38,702afe38d2d2425a9b41828bf926fbf5,paid_search
d249e8c4d826481f89b057929d0f988b,2017-07-12 03:00:30,f7f91884fcc441c3a73051d4c1896af9,social
7e0eb27c0ba64e7da156041dc6e44f8a,2017-09-06 17:30:16,280fc02b8ead46d897a70c9fa8a76c35,organic_search
9c2aef8692ea406cae73ee50ff8bb5f3,2017-07-21 15:58:57,280fc02b8ead46d897a70c9fa8a76c35,direct_traffic
ef45dbc5c2ab4462840f078b0c330468,2018-03-03 23:34:35,7e92b46dac574b1b9786c529162a68c6,
993c39b6834747d1bf0b39419247dad8,2017-06-30 22:58:06,22d5f074d6fd43b2b796684fe6998629,display
5e4c7fd3571a4a4cbaa2cd46c341dce1,2018-04-06 00:56:27,22d5f074d6fd43b2b796684fe6998629,organic_search
6c820fd7dc1f40ffab900446f99cef79,2017-08-16 12:51:52,42aab95b911f48e28fc6e5aff6d61bab,referral
8dfc04fd00f845cd8e901e8549c02029,2017-12-12 04:11:33,280fc02b8ead46d897a70c9fa8a76c35,direct_traffic
44d7cdfc62134f8d9b08543fbf00a150,2018-02-14 23:30:21,0c738336dbd04e959c993ff02dbf5e0f,paid_search
23f7b80eba9f4fdbbcda89986ea66d8e,2017-10-28 09:29:44,32f776c66b854bc08925bb990a3b5ea3,social
35c37537c2d9482a86c8c7ecb106e414,2017-07-14 19:52:15,bd7014dfab0643b08af9d59f9064c67f,email
d9e28ca839b94e48b2af05c6e7daa562,2017-08-15 21:51:28,57b30bb0fe284da5b57510a8823d88a2,paid_search
45160ecb72284a4e895bc815d4096067,2018-03-23 19:39:40,6eb360925f334493a6951325d8182624,paid_search
d6dae175062c43c1beec2e22f5358eec,2017-10-26 17:52:54,30603de19a0f45f98e07cc24bb54cd32,paid_search
83d3c76e58bd4759a42890b124979b99,2017-07-10 05:28:56,32f776c66b854bc08925bb990a3b5ea3,social
8a1d1669a4be44b7a8497aa33e685bed,2017-10-26 18:15:21,fd67c44c56284345a9d416ecc4e70697,organic_search
41ede0874a0a43f185b0068ca8774a28,2017-06-22 11:26:11,ff05ce68802a4f1796f1c6ff9508133e,organic_social
1c425831f3d243499b0af935a5c8ee7d,2018-01-27 01:28:13,30603de19a0f45f98e07cc24bb54cd32,direct_traffic
72f3b3ac8ca74d58a2dc97882bb0a092,2018-01-09 17:00:51,e73bb83cf417427888827b7bd8835d0c,social
b940c02f53e64b41801325888bbdc3d5,2017-06-23 21:48:59,eabde2c6e9064911b23d789ff68f2bbb,organic_search
725af3f2b38a47739db97c4b918c21a7,2017-06-02 09:30:47,5c9fede2c59f461bab56ff6d802fa6a1,social
cb9a3b974c2f40ab82991ab04d85c41f,2017-10-04 13:45:31,7e92b46dac574b1b9786c529162a68c6,organic_search
98445d3cceec4b938d119ccffe8bbb52,2018-04-22 12:25:59,24f5fbd22d624e12b58faeb2f2742ebb,organic_search
13b6ddff832149e8b333e1dd6df7ddb2,2017-12-03 18:46:58,b5aed19b7ce942ceb1082d725df90ba9,social
ddd2c1027f3d4ba6ac95b86f8c4a06fb,2018-02-27 05:27:35,ff05ce68802a4f1796f1c6ff9508133e,paid_search
a8a861f82a3f46168a321cbedfc253be,2017-12-11 20:29:53,dc97f501f52d4c12817bfe088b55a525,social
6e2d2508f2ef48428e79add8cbd31527,2017-09-29 15:02:09,2566ffa7a57141909a5618885cb43553,organic_search
f8f727c178f44e93a316bd22210fd780,2017-10-16 18:37:47,9949586af6134c339c1809ad3ec0df66,paid_search
eb24573e94b246ff98eb31cdb6e15e15,2017-11-12 13:27:19,57b30bb0fe284da5b57510a8823d88a2,organic_search
249cd8b2a7c343b0b99a69d30d430eef,2017-06-26 13:19:59,0c738336dbd04e959c993ff02dbf5e0f,
b5de4588ebcd40559989ca2ce0406dc4,2017-08-27 21:00:05,ff05ce68802a4f1796f1c6ff9508133e,social
84c4bd01201c4a0da57ef53c97c6ba8a,2017-06-22 20:07:02,f7f91884fcc441c3a73051d4c1896af9,direct_traffic
d6cf993a005142698a844e99929652b3,2017-06-21 22:45:22,6eb360925f334493a6951325d8182624,paid_search
14a50a8d488741a8bf777cf024cf4d15,2017-06-28 14:48:31,54ac0583af594362879a48b3c36bac75,organic_search
9a8845862c1c403696f5ff51bd272969,2017-10-02 14:56:03,fd67c44c56284345a9d416ecc4e70697,other
0158eaf5b9574d318ff8979736ce9175,2018-04-11 20:19:32,b3ebd0b9fc81475f87eaafca8d37f073,paid_search
e52a4b398b7146cbac9d02d020bacfb1,2018-04-13 12:55:40,280fc02b8ead46d897a70c9fa8a76c35,paid_search
e744d5f1cc9d41818267215bfcafdfd6,2017-06-09 22:44:01,d650cf637d2e4393939ab7a1b5bd56fb,social
bf55b627eea9482d999a14d645690308,2018-04-22 19:08:40,32f776c66b854bc08925bb990a3b5ea3,organic_search
966dd76962064cd4ac23b580050478f9,2017-08-04 02:20:56,eabde2c6e9064911b23d789ff68f2bbb,email
be7849604c2d437c95716aaf6d1a13d6,2017-10-16 01:42:38,c2366a33c94543b4a5c36a8911cb5ebe,social
a90d5f13980d485985b9543e56a8f497,2017-08-02 14:15:37,b5aed19b7ce942ceb1082d725df90ba9,organic_search
48205a30d6e14441a0aa897808111f94,2018-02-26 04:31:27,5c9fede2c59f461bab56ff6d802fa6a1,organic_search
72e2d390052a4aa3bcb43f4f0dd4f773,2018-03-12 19:16:15,22d5f074d6fd43b2b796684fe6998629,organic_search
e3b2ec358d194e24a0b91d7a79a5c41c,2017-06-03 09:31:29,d4a547d9c0264e5e821f2ce922348c3d,referral
07538a2a83f744139cbe4978719c8f6e,2017-10-11 23:26:21,32f776c66b854bc08925bb990a3b5ea3,direct_traffic
8d3030335eaa4dcab5e69c779a6b4baf,2018-03-08 17:14:41,6eb360925f334493a6951325d8182624,organic_search
3b545dc355c0440c96bfec5fef111480,2017-10-06 18:46:29,54ac0583af594362879a48b3c36bac75,organic_search
b7e6fe7a99f840e7b373941f134c4cf2,2017-12-11 06:50:00,30603de19a0f45f98e07cc24bb54cd32,direct_traffic
9ec7960426cd436da92e9993eeafebcb,2018-04-28 02:20:10,ff05ce68802a4f1796f1c6ff9508133e,social
a1f5804c44c34b499f8c887fa8743181,2017-10-16 08:49:09,2566ffa7a57141909a5618885cb43553,paid_search
e25fb47c14be48c99454eb89b2fd447e,2018-05-11 02:23:09,2566ffa7a57141909a5618885cb43553,paid_search
1926e457e2e94c7ab5ee2a68cfaf2efb,2018-05-23 14:33:59,fd67c44c56284345a9d416ecc4e70697,organic_search
1a1002c5d63b44e7b5eaba3c8faeea9d,2018-05-14 10:44:46,22d5f074d6fd43b2b796684fe6998629,direct_traffic
c9beb15d118e401bbe2ca9fb569e79aa,2017-08-27 18:59:43,702afe38d2d2425a9b41828bf926fbf5,other
72e77d718ad9480f969b8963017aac86,2018-04-27 11:11:44,7b5e3159006745bdbee47199b5293638,organic_search
f83893b7fa174ff6b62a02e5f3697c09,2017-10-31 05:46:27,e73bb83cf417427888827b7bd8835d0c,social
65d5742aa7964aa99889edb8716e740f,2017-10-03 15:17:03,d650cf637d2e4393939ab7a1b5bd56fb,paid_search
c88b571d98ab4e04b60062c1a273fad6,2017-08-06 13:24:28,22d5f074d6fd43b2b796684fe6998629,paid_search
093ac4cfd0bd4eaf82286143f21d9506,2018-02-26 15:41:17,54ac0583af594362879a48b3c36bac75,organic_search
657606e26773414f8f8d80c939370533,2017-07-24 11:16:17,d650cf637d2e4393939ab7a1b5bd56fb,email
355830d45b5f4d47a495637ab34b002a,2017-10-07 02:59:29,b3ebd0b9fc81475f87eaafca8d37f073,paid_search
8bf08050214e41bf8b9b59f4af9d4043,2017-06-21 14:12:22,0c738336dbd04e959c993ff02dbf5e0f,social
6580abb9d24c4b3fa623cfc20bb91b75,2018-04-20 14:11:42,32f776c66b854bc08925bb990a3b5ea3,paid_search
872df39345d243d0a6fe5658e6bc2fe0,2017-11-29 13:36:17,d650cf637d2e4393939ab7a1b5bd56fb,organic_search
a01194ec1bd34353b72ae3a69d69fc67,2017-10-27 01:32:26,32f776c66b854bc08925bb990a3b5ea3,organic_search
9d50ca36b78940aba152c8c883a5da5d,2017-12-24 08:20:25,22d5f074d6fd43b2b796684fe6998629,direct_traffic
bf59be5f91b24ca394eea4a4db0355a1,2018-05-12 13:26:11,42aab95b911f48e28fc6e5aff6d61bab,organic_search
9a692d7bbc9147d0b085fc5c3add4956,2018-03-06 06:48:24,0c738336dbd04e959c993ff02dbf5e0f,direct_traffic
1018292e8a2f47659eaaf610b65cf381,2017-09-07 00:50:49,57b30bb0fe284da5b57510a8823d88a2,paid_search
d7e151e4cad2416d8ba495c5bb877ad1,2017-07-14 17:06:21,ff05ce68802a4f1796f1c6ff9508133e,paid_search
ce41182d120b4ba1a54b86d507716134,2017-11-05 14:58:15,280fc02b8ead46d897a70c9fa8a76c35,paid_search
e2b11c35149b43f08319e2e06bb28cd7,2017-10-22 10:34:49,30603de19a0f45f98e07cc24bb54cd32,paid_search
103d5be5ac3a4879917323de348b3ab0,2018-03-22 19:18:34,30603de19a0f45f98e07cc24bb54cd32,organic_search
1d1a215d9bb8412c97fda341e40e72c5,2017-06-12 08:13:24,22d5f074d6fd43b2b796684fe6998629,paid_search
63a293ee8fb647c4970e3bcb2f8e6c98,2017-07-26 13:24:43,9949586af6134c339c1809ad3ec0df66,direct_traffic
53b5067d717c4691865384308eb175cd,2018-03-12 18:14:23,30603de19a0f45f98e07cc24bb54cd32,direct_traffic
b6a6a494939c4ffebcded45840aaacd7,2017-08-31 10:01:41,42aab95b911f48e28fc6e5aff6d61bab,paid_search
3ab09cc012284835be60b4a7e8b35df6,2017-08-08 16:57:17,fd67c44c56284345a9d416ecc4e70697,paid_search
5742b1075ad84c5198cc1e77c0ac0b5d,2018-05-23 02:14:24,57b30bb0fe284da5b57510a8823d88a2,organic_search
66ee6f0af61a49c59265437a23d92dc5,2018-05-19 12:22:35,eabde2c6e9064911b23d789ff68f2bbb,organic_search
f7b66ef570c249fcb3bb923cd0ad1bd6,2017-10-27 23:16:05,eabde2c6e9064911b23d789ff68f2bbb,organic_search
e38bc10ed0734913adef5a55ead43811,2017-10-28 08:41:42,54ac0583af594362879a48b3c36bac75,referral
75959810e06046de8a970544a5a1d557,2017-09-19 07:36:25,d650cf637d2e4393939ab7a1b5bd56fb,organic_search
1ac8b1f7cf03487ababe504714b74e17,2017-11-29 07:04:31,bd7014dfab0643b08af9d59f9064c67f,organic_search
de8a6bf67525439380f6047982d8c732,2018-02-25 09:22:59,702afe38d2d2425a9b41828bf926fbf5,organic_search
51da48bc513d4423a0417970873493c0,2017-11-09 04:26:54,ff05ce68802a4f1796f1c6ff9508133e,organic_search
0462840627ef45f9bd00c1b0d52d1276,2017-09-22 05:08:55,280fc02b8ead46d897a70c9fa8a76c35,social
ee2d19768ada402f9b7df6852d3e8c4a,2017-07-23 03:16:44,dc97f501f52d4c12817bfe088b55a525,organic_search
6e948a95ec2c4e7e9acbd50c9b1baa74,2018-05-31 21:50:24,b3ebd0b9fc81475f87eaafca8d37f073,organic_search
95ab7cf5c9a74c9db347e30fee9a4437,2018-02-25 16:58:58,22d5f074d6fd43b2b796684fe6998629,social
2d65e4f973aa413c81c8e01dbf928c89,2017-08-03 19:49:12,eabde2c6e9064911b23d789ff68f2bbb,paid_search
9e2937e9a0df46d79c5345d9a3ba6532,2018-04-07 07:13:53,9949586af6134c339c1809ad3ec0df66,direct_traffic
db666ac88f1e48a996d05f281f71bbcc,2018-03-31 03:19:42,d4a547d9c0264e5e821f2ce922348c3d,social
f4b9ab7edaa54a3b86e9ae729ac34a8e,2018-05-14 07:12:30,6eb360925f334493a6951325d8182624,organic_search
81ca599eea9e4ed195a55616a7e313e7,2017-09-19 04:54:16,ff05ce68802a4f1796f1c6ff9508133e,direct_traffic
9d2d9a68dc7845f3be8fabe937cba15d,2018-04-26 11:45:38,9949586af6134c339c1809ad3ec0df66,organic_search
ec07b7f44fed44a39b9959bb98df5cc5,2017-06-21 14:48:20,54dadc715073494a9f52e4f263e34d4e,social
84df4a88a369453c87adbe07a0006b47,2017-06-18 02:47:51,24f5fbd22d624e12b58faeb2f2742ebb,paid_search
884161cd10a54d579682e10cfcf706d6,2018-04-10 18:22:56,6eb360925f334493a6951325d8182624,organic_search
2175b0d8f79d49df9b4738730b8b13e3,2017-11-15 14:10:31,dc97f501f52d4c12817bfe088b55a525,social
154f766fdce44be8830ad8383577ece8,2018-01-23 18:13:45,54dadc715073494a9f52e4f263e34d4e,referral
db87ed4b5b8d40f395338a17294947a5,2017-12-26 20:07:03,22d5f074d6fd43b2b796684fe6998629,
e749330a1ff749a7a7705e2f7aca61bf,2018-02-24 00:18:18,e73bb83cf417427888827b7bd8835d0c,social
5156cf51b66f455899a4acd1d7ecaf60,2017-09-03 07:35:55,bd7014dfab0643b08af9d59f9064c67f,paid_search
7ea3126e6c904657960aad2b52fa0d68,2017-06-14 01:04:13,702afe38d2d2425a9b41828bf926fbf5,organic_search
708d5c7dc70b498e98020ab7bd780780,2017-07-25 12:10:55,d650cf637d2e4393939ab7a1b5bd56fb,organic_search
4e339750e25744ceb4448f7b341e66b3,2017-12-30 04:04:41,c005e1915b5a420dba2530a0e055f0e1,paid_search
b5a12094e1274f25a01daf7270ca2ef2,2017-08-05 21:44:35,30603de19a0f45f98e07cc24bb54cd32,paid_search
96a14e7ed76443bfb2b3501048b27b47,2017-06-07 08:53:52,f7f91884fcc441c3a73051d4c1896af9,organic_social
e48abb76644040379f4f042065fa0923,2017-12-11 12:09:18,6eb360925f334493a6951325d8182624,paid_search
11484305640542289c0e498e1766908f,2018-04-23 18:06:28,b5aed19b7ce942ceb1082d725df90ba9,paid_search
a942b63461fa4b34b038f0aa97d9002c,2017-10-24 21:42:08,dc97f501f52d4c12817bfe088b55a525,paid_search
0cd3b9e4a51f45e4b0f8497ea286b846,2017-12-30 00:06:42,5c9fede2c59f461bab56ff6d802fa6a1,email
b2d337bb35444e0b9f8b3f2373f6d616,2018-04-14 07:46:50,ff05ce68802a4f1796f1c6ff9508133e,direct_traffic
e5532681837b49f79069d3fb5a8d3989,2017-12-06 22:12:00,280fc02b8ead46d897a70c9fa8a76c35,social
70f7899b2a994c6686a7fe8b3469ec9a,2017-11-25 04:52:33,5c9fede2c59f461bab56ff6d802fa6a1,paid_search
d8b6b079129a4ea69923813d7c2efc83,2017-06-30 02:46:34,0c738336dbd04e959c993ff02dbf5e0f,email
490bdc7607c74bc59e1955a99e1fc883,2018-04-06 02:34:54,280fc02b8ead46d897a70c9fa8a76c35,organic_search
d319de6550724642ad63e851c638a3a4,2017-08-03 19:08:58,d4a547d9c0264e5e821f2ce922348c3d,referral
a15ca6ba1c394c54a00e4d8b76549078,2018-03-22 10:26:36,dc97f501f52d4c12817bfe088b55a525,social
e829c80e52734672978685c98d707b2a,2018-03-04 10:38:24,9949586af6134c339c1809ad3ec0df66,paid_search
98a3c41de3914c1d962bc230bb08997e,2017-09-27 14:27:15,30603de19a0f45f98e07cc24bb54cd32,paid_search
09ca202a0e484d6da95bcd921de3a876,2018-01-31 12:29:11,bd7014dfab0643b08af9d59f9064c67f,direct_traffic
cb121de63cc349b19dd652165bba48a9,2017-06-14 21:21:21,2566ffa7a57141909a5618885cb43553,organic_search
3adf5bd7872549d5905d0e4e0e896575,2017-12-26 07:05:20,32f776c66b854bc08925bb990a3b5ea3,referral
a449c8728c5b4ddb889977ccae4bcc15,2017-08-20 07:50:57,fd67c44c56284345a9d416ecc4e70697,paid_search
f675d2abd2b64213a4576d39eb36833a,2018-04-05 18:25:03,2566ffa7a57141909a5618885cb43553,paid_search
5521b81c90ff4ddba95256e0b310264e,2017-07-08 08:44:35,b3ebd0b9fc81475f87eaafca8d37f073,organic_search
ce8f44e54edb49e7ae94ede94f6dd4a1,2017-10-19 12:12:14,42aab95b911f48e28fc6e5aff6d61bab,paid_search
e86053e5c28347b1b92ff1fed4191279,2018-01-01 02:47:39,24f5fbd22d624e12b58faeb2f2742ebb,paid_search
9ab0e577514d4481a6029673091419b5,2017-10-09 01:19:41,f7f91884fcc441c3a73051d4c1896af9,paid_search
018a37071f4c4c6896c250dff413808c,2017-10-29 04:44:06,30603de19a0f45f98e07cc24bb54cd32,direct_traffic
7d5ec761254249ad9ed25d7226f5f64f,2018-03-02 14:49:38,22d5f074d6fd43b2b796684fe6998629,paid_search
9a62e175298e4504ab22a2390a324d57,2017-06-22 13:21:21,d4a547d9c0264e5e821f2ce922348c3d,display
08df3bea38de4916a77883bc257bc868,2017-06-11 12:17:15,9949586af6134c339c1809ad3ec0df66,social
0647d3b9feaa406b9ed850839689d6f9,2018-02-08 14:23:58,7b5e3159006745bdbee47199b5293638,email
a83d4b0352e1475f8d1954590e7e1ffa,2018-01-09 01:41:16,30603de19a0f45f98e07cc24bb54cd32,organic_search
41fe548c8dcb4b3a8657341f08850e69,2018-05-22 03:29:40,dc97f501f52d4c12817bfe088b55a525,paid_search
50e7b92849a04516bd6564666d525786,2017-08-05 15:31:44,d650cf637d2e4393939ab7a1b5bd56fb,paid_search
b3f09bd1f07e4abd813a5cc8327ebe07,2017-06-10 01:32:05,54ac0583af594362879a48b3c36bac75,social
257491ab5c2f46df8204a61098281d34,2017-06-29 18:56:31,5c9fede2c59f461bab56ff6d802fa6a1,referral
6920e07068e54098a320755912ebe297,2017-09-13 13:09:19,ff05ce68802a4f1796f1c6ff9508133e,organic_search
1a0123544dc049ff88424b43aade44b6,2017-12-21 22:06:56,24f5fbd22d624e12b58faeb2f2742ebb,organic_search
badffe6fbb35402e8a4dda72f4adf10c,2017-06-14 14:03:51,2566ffa7a57141909a5618885cb43553,referral
0704c25e421c4aafa06d7973135ef9e4,2018-05-17 16:35:20,24f5fbd22d624e12b58faeb2f2742ebb,organic_search
a6b2fbb6fe65496b9d415cbc26f76eba,2017-11-12 07:44:59,dc97f501f52d4c12817bfe088b55a525,direct_traffic
be23149ae9464438ac28f63072f1b63a,2017-08-29 07:57:32,b5aed19b7ce942ceb1082d725df90ba9,social
67b66ef6cc104484b3ec667b2a51f0fe,2017-11-22 12:57:14,eabde2c6e9064911b23d789ff68f2bbb,email
5a71bf43ba0e435ca2223af7809db39c,2018-01-07 18:32:05,c005e1915b5a420dba2530a0e055f0e1,organic_search
33f0034781374240bd089b5d9fb4502a,2017-09-02 15:52:58,702afe38d2d2425a9b41828bf926fbf5,organic_search
4f91c4db39264e239e490d315d880059,2017-07-26 17:40:20,d4a547d9c0264e5e821f2ce922348c3d,social
7eb5cf8643c74871bee8f2403df216de,2018-02-04 15:27:16,d650cf637d2e4393939ab7a1b5bd56fb,display
d0646a95049e4846b31c8fee46b81319,2018-03-15 23:27:10,5c9fede2c59f461bab56ff6d802fa6a1,paid_search
1cd7d8afc373427098654104c013eb0c,2017-08-13 22:36:59,54ac0583af594362879a48b3c36bac75,paid_search
7ed87d2d3acd4b03bf084adc2f08c4df,2018-02-24 09:36:14,0c738336dbd04e959c993ff02dbf5e0f,social
35b1c1a4f2a84db18df48386415e8b88,2017-06-21 04:13:01,9949586af6134c339c1809ad3ec0df66,organic_social
940b9fe182d346d7bcda424a7f52d7b0,2017-11-03 20:11:23,e73bb83cf417427888827b7bd8835d0c,email
47d3f3a04d1c47069c83ed4d276a4d1f,2018-02-26 16:17:25,d650cf637d2e4393939ab7a1b5bd56fb,
adeb46828cef4704ab100b8777fd63b4,2017-09-08 12:28:26,0c738336dbd04e959c993ff02dbf5e0f,organic_search
1dc34768de4a4378b123924005b4df0b,2017-09-30 17:21:46,54dadc715073494a9f52e4f263e34d4e,organic_search
e95e6c9f1b09477888dd670003c79c1e,2018-05-08 20:02:07,22d5f074d6fd43b2b796684fe6998629,social
dd754adbee5942f9a7b631943c224116,2018-02-26 04:58:10,7b5e3159006745bdbee47199b5293638,email
e93471ba3a9844d5a8a1b878f3d13162,2017-06-24 07:43:02,9949586af6134c339c1809ad3ec0df66,paid_search
60caf1d7392c429e8c89fdf9f7e49ddf,2018-04-27 13:37:40,fd67c44c56284345a9d416ecc4e70697,organic_search
e8fcc694351644bead4876cd37fef04a,2017-08-03 01:56:39,dc97f501f52d4c12817bfe088b55a525,email
633989895b4f4655a1109588d9227848,2018-05-08 13:29:30,b3ebd0b9fc81475f87eaafca8d37f073,organic_search
95aa3565293e4eaa9687465c64001099,2018-05-20 00:39:26,fd67c44c56284345a9d416ecc4e70697,paid_search
e5b24cf1080c47dfa997ef48d2374907,2017-06-25 18:28:25,7e92b46dac574b1b9786c529162a68c6,social
280649e0b85142ba818b84afd87afe5a,2018-03-17 21:08:52,f7f91884fcc441c3a73051d4c1896af9,social
71169b8932bc47a2916e1654ec7b3437,2017-07-04 10:32:05,0c738336dbd04e959c993ff02dbf5e0f,direct_traffic
77322669c5994904b3dbf48c49c74be2,2018-03-21 06:37:06,c2366a33c94543b4a5c36a8911cb5ebe,paid_search
fec61c891e9e46e4bde6ba5a4aa5ca03,2017-06-09 16:29:49,b5aed19b7ce942ceb1082d725df90ba9,social
515900ac4e474cc89d54e821b2e3462c,2018-03-26 06:01:45,ff05ce68802a4f1796f1c6ff9508133e,social
ba25bd593356492eb75318c8a55ac81d,2018-04-03 20:51:16,fd67c44c56284345a9d416ecc4e70697,social
6fef59b608aa4abda1dc2474b69256e9,2018-04-17 15:19:06,d650cf637d2e4393939ab7a1b5bd56fb,social
b91223d073654a6b850a6185f58d7a5a,2018-04-16 20:51:06,280fc02b8ead46d897a70c9fa8a76c35,organic_search
a8be4c11ec594570be650a8c347efd0e,2017-12-10 23:54:44,0c738336dbd04e959c993ff02dbf5e0f,organic_search
6f9caa3b9c4f4001beb26deb4ee4b16b,2018-03-10 23:21:55,fd67c44c56284345a9d416ecc4e70697,organic_search
b0a380b5a1d84f2596d9ce4a50744e05,2018-04-04 16:36:35,24f5fbd22d624e12b58faeb2f2742ebb,organic_search
8c1f1dde012d4f87b74fced281a7e20a,2018-02-23 10:45:38,2566ffa7a57141909a5618885cb43553,social
7a48142c2189497db821920ddf0be252,2018-03-02 13:19:56,702afe38d2d2425a9b41828bf926fbf5,email
d5462b2acf3f4b47a4664dedd6ac89a7,2017-12-14 23:11:03,702afe38d2d2425a9b41828bf926fbf5,direct_traffic
7ce0aa857e774d37a1bdcc6c7d72d77d,2017-10-06 05:20:58,42aab95b911f48e28fc6e5aff6d61bab,email
c5b1a84789c24005880933cd3a819527,2018-03-17 03:44:53,0c738336dbd04e959c993ff02dbf5e0f,paid_search
cb4efdc45b6a44d59aca2c4092441544,2017-06-11 18:13:13,5c9fede2c59f461bab56ff6d802fa6a1,paid_search
4790011cdd2e4f44b5e7523ad0f544e5,2017-11-06 20:44:03,fd67c44c56284345a9d416ecc4e70697,paid_search
074866012ca948e7b84cc36ca1e31ca2,2017-09-08 06:22:33,5c9fede2c59f461bab56ff6d802fa6a1,organic_search
33addb19075249c691ea9b752bd48476,2017-09-06 03:56:42,32f776c66b854bc08925bb990a3b5ea3,organic_search
26349452e1fc4888912cf6eddd13354c,2017-09-23 10:43:11,d650cf637d2e4393939ab7a1b5bd56fb,social
f3b801260f1b4fa3ae7609c5538e89f9,2017-08-12 15:39:04,ff05ce68802a4f1796f1c6ff9508133e,
48c23ba4adca4b668971f6bd71dee73e,2018-03-16 20:23:00,eabde2c6e9064911b23d789ff68f2bbb,organic_search
42e970fee7e2406b96df0ea1cad775fb,2017-12-26 22:39:15,f7f91884fcc441c3a73051d4c1896af9,organic_search
23d25096be8b4abb873926915623dec8,2017-06-12 20:18:46,6eb360925f334493a6951325d8182624,email
cb28f3e281484bf697b15145992b7399,2017-08-19 14:29:25,d4a547d9c0264e5e821f2ce922348c3d,organic_search
669138fa81564aaa92f109a55e2a53f1,2017-07-31 16:38:43,d650cf637d2e4393939ab7a1b5bd56fb,email
cc11c6763dd74f4baa590db87c526c44,2017-12-31 01:06:40,d4a547d9c0264e5e821f2ce922348c3d,direct_traffic
2c9f46dfe5234fa9a9ccfcadf6229f84,2018-01-13 06:19:55,22d5f074d6fd43b2b796684fe6998629,display
18fee4990b04409e925ba884cb0993df,2017-09-19 11:16:07,c005e1915b5a420dba2530a0e055f0e1,paid_search
943b0363a10f4cbca9bff96f7b0ed7c4,2017-09-25 18:55:56,fd67c44c56284345a9d416ecc4e70697,direct_traffic
752ada409bb7416babd0cf0527c7d253,2017-09-21 11:51:40,57b30bb0fe284da5b57510a8823d88a2,paid_search
0d7fd5e823cb4942bd313f57382a8d50,2018-05-06 21:55:57,c2366a33c94543b4a5c36a8911cb5ebe,social
41cd037e2e384d63b70317ff3de0fe78,2017-12-03 23:40:21,9949586af6134c339c1809ad3ec0df66,paid_search
6657beda0f064c52a95751bec4fe27a4,2018-02-22 05:02:36,57b30bb0fe284da5b57510a8823d88a2,organic_search
54b5f65d80a44bcc9cea91d543ebdb69,2018-03-15 00:38:13,bd7014dfab0643b08af9d59f9064c67f,social
b3e09049690b404a8971961c9f4327f7,2017-10-24 00:06:42,5c9fede2c59f461bab56ff6d802fa6a1,social
14527db57e6e4fc7a75b9b24340977aa,2017-11-24 14:50:08,5c9fede2c59f461bab56ff6d802fa6a1,email
b37d3e8723b14d1c9e07a56cf81e6e06,2018-05-06 04:17:20,2566ffa7a57141909a5618885cb43553,direct_traffic
12404f2282d44fff863fda8f1bf201b1,2018-05-22 20:37:01,fd67c44c56284345a9d416ecc4e70697,direct_traffic
57f57c11deb946e19e7612a8442527c6,2018-01-09 12:25:40,e73bb83cf417427888827b7bd8835d0c,organic_search
1374e4b07fb3428b9461c0fb8985970d,2018-03-09 05:21:39,ff05ce68802a4f1796f1c6ff9508133e,direct_traffic
4d9c9f2d2b39477f92c777f7b8f48bb5,2018-03-30 13:03:38,c005e1915b5a420dba2530a0e055f0e1,social
6b061cbefa4e483eadd5de7411c5ddeb,2018-05-13 05:20:16,7b5e3159006745bdbee47199b5293638,referral
c7c1b9343efb43eea88b3622c6999078,2018-05-05 09:41:10,24f5fbd22d624e12b58faeb2f2742ebb,organic_social
37622e11a3b14c78ab298c6d7dc6b70c,2018-03-09 13:55:26,702afe38d2d2425a9b41828bf926fbf5,organic_search
8685de344b124357bbb6590e213f7933,2017-12-11 12:33:02,7b5e3159006745bdbee47199b5293638,email
fba43da22578411a8e2a5126c260b6b5,2018-04-19 02:39:02,c2366a33c94543b4a5c36a8911cb5ebe,organic_search
012727929f3941e4b534c35996bc837c,2017-09-19 00:32:37,c005e1915b5a420dba2530a0e055f0e1,paid_search
49b3ee178e9b4c808a00497ebef3a540,2018-02-02 15:30:30,dc97f501f52d4c12817bfe088b55a525,social
7f47098a002d4a14a4a420f8a6ac457d,2018-05-11 05:18:19,d650cf637d2e4393939ab7a1b5bd56fb,organic_search
7da691d0a9ef4595a066e6cbf106bbea,2017-09-06 19:14:32,42aab95b911f48e28fc6e5aff6d61bab,direct_traffic
4c3bb17758784f91b73e6e4abdcea1cb,2018-03-20 12:15:51,c2366a33c94543b4a5c36a8911cb5ebe,organic_search
199210d5802f4f7196dbfe4ff8088d85,2017-08-01 09:10:21,bd7014dfab0643b08af9d59f9064c67f,organic_search
1bc2ee0e2d1947bc8318ebbe4c89a81c,2017-09-07 09:43:22,ff05ce68802a4f1796f1c6ff9508133e,social
14fa2038ad3b4a26a3c25cb22d257517,2018-03-05 05:25:23,9949586af6134c339c1809ad3ec0df66,direct_traffic
093c968d13294ded875ba067656c6dbd,2018-03-28 11:18:49,54dadc715073494a9f52e4f263e34d4e,organic_social
4b47d9f5a1f7413bb7c96658354bcb7a,2018-02-16 09:53:58,d4a547d9c0264e5e821f2ce922348c3d,direct_traffic
0a3bfcd1870e429e84d3f3b0969bb6df,2017-06-21 01:04:20,bd7014dfab0643b08af9d59f9064c67f,direct_traffic
a64709f7879445daa7b1cc5435b4baa7,2017-08-24 17:25:07,d650cf637d2e4393939ab7a1b5bd56fb,paid_search
2c31f2d7335d4465a14b3b3b98e19f51,2017-09-23 00:02:08,e73bb83cf417427888827b7bd8835d0c,organic_search
f30dd0228d524219bdd1603fc7862258,2018-05-08 18:42:37,7b5e3159006745bdbee47199b5293638,organic_search
fc9c3e1ca620492a85181deabf4d8f75,2018-04-04 14:13:26,c2366a33c94543b4a5c36a8911cb5ebe,social
237c42f24c7142cba9defaa138becec6,2017-12-17 02:16:45,eabde2c6e9064911b23d789ff68f2bbb,direct_traffic
5ef83a4206964f2b87fa6f5f47a6be56,2017-07-30 14:05:49,30603de19a0f45f98e07cc24bb54cd32,paid_search
abfaad280ee74043b7c34fb84fcd5d9d,2017-09-12 02:43:57,24f5fbd22d624e12b58faeb2f2742ebb,direct_traffic
b57493671e5c4987b3ccd3f2666bdde8,2018-05-09 07:02:20,bd7014dfab0643b08af9d59f9064c67f,social
9dff41a55b514b2bb48a3d1d3613bd4d,2018-04-10 12:11:28,bd7014dfab0643b08af9d59f9064c67f,organic_search
9644ab17437d4b909cf4316bfcbd6f50,2017-06-14 01:44:40,24f5fbd22d624e12b58faeb2f2742ebb,organic_search
d5521d6ec5a34375a6af4a4df68044ad,2017-12-10 19:13:01,eabde2c6e9064911b23d789ff68f2bbb,email
266801aaa51e4be6bd14c312a776cab3,2018-04-10 23:36:12,b5aed19b7ce942ceb1082d725df90ba9,direct_traffic
76ad9e0bdef34311b79fd6706311cec8,2017-07-12 10:40:08,d4a547d9c0264e5e821f2ce922348c3d,referral
7f7deb41da1c46f48bcfd1d3eac26b76,2018-04-07 02:39:49,54dadc715073494a9f52e4f263e34d4e,organic_search
6c6519bb52d348f9bc7b94f576321501,2017-11-12 01:58:40,b3ebd0b9fc81475f87eaafca8d37f073,
696cbe6a839940f9a2cadb2e4c79127f,2017-12-26 06:27:04,54dadc715073494a9f52e4f263e34d4e,organic_search
5f8e045070c64fb7864ff78357ae18df,2018-04-19 18:59:54,54ac0583af594362879a48b3c36bac75,organic_search
a619628548144dee9590cd12c9cc50c9,2018-03-26 16:08:26,d4a547d9c0264e5e821f2ce922348c3d,
93a701ff824d4d3f8c3679f921294ab8,2017-12-28 22:49:39,2566ffa7a57141909a5618885cb43553,paid_search
fcde22f53bff4492ad73d4b9f8ccbb35,2017-06-26 13:24:41,9949586af6134c339c1809ad3ec0df66,direct_traffic
a80f821b69a1456997bc855891578bc0,2018-04-23 10:11:13,b5aed19b7ce942ceb1082d725df90ba9,organic_search
ee5e1227e2e24d25ba747edf1240e00f,2017-06-09 18:01:55,b3ebd0b9fc81475f87eaafca8d37f073,social
a645b5dc3326496f87705b6a446ac5a0,2018-01-13 21:48:10,0c738336dbd04e959c993ff02dbf5e0f,organic_social
f66d086d85d5420c9803c1603fc2bdeb,2017-12-18 05:54:34,eabde2c6e9064911b23d789ff68f2bbb,paid_search
afeb57c3c0f444ff9d2dc77c256a125a,2018-06-01 16:20:54,5c9fede2c59f461bab56ff6d802fa6a1,direct_traffic
b6a7c2271fcf4dafa0a77fdc7753147a,2017-08-11 14:40:50,d650cf637d2e4393939ab7a1b5bd56fb,organic_search
f4e8ef86e3ef406db2fe32865018e57c,2017-12-28 04:44:03,fd67c44c56284345a9d416ecc4e70697,social
c16bb59060214e0dac454b72638086af,2017-08-10 12:32:40,e73bb83cf417427888827b7bd8835d0c,paid_search
23f8e92bd79844e6b499578fe94a3650,2018-03-12 03:21:07,22d5f074d6fd43b2b796684fe6998629,organic_search
dc669b4ed80940efa2f1a729bd5e8bd2,2018-02-07 22:46:11,bd7014dfab0643b08af9d59f9064c67f,paid_search
fee7dc1f29c94b2e8bd47daac4909e78,2018-01-29 13:59:53,c2366a33c94543b4a5c36a8911cb5ebe,organic_search
d3fe01ff9fe5432ea19f6fdbc9f2fe49,2017-06-25 05:51:38,702afe38d2d2425a9b41828bf926fbf5,organic_social
eb3f59871b1c46b9897819a34b3b892a,2018-05-25 21:54:38,24f5fbd22d624e12b58faeb2f2742ebb,paid_search
9c297366454b42f19f7fae8e0e66f52b,2017-10-13 00:49:39,ff05ce68802a4f1796f1c6ff9508133e,organic_search
385f6c3b222446b9ac33f934171dcd5d,2018-02-24 19:25:31,b5aed19b7ce942ceb1082d725df90ba9,paid_search
86c656ed42154db3a5c4d727b5fe599a,2017-07-05 07:06:34,54ac0583af594362879a48b3c36bac75,paid_search
353e91870f11481cacd5a5086cdb5914,2017-09-12 16:31:29,9949586af6134c339c1809ad3ec0df66,direct_traffic
0ad4c6783206480393afcba4a78de806,2017-07-16 04:49:48,c2366a33c94543b4a5c36a8911cb5ebe,other
31f51d93e0944d19a229da4b12b740da,2017-11-08 13:01:47,f7f91884fcc441c3a73051d4c1896af9,paid_search
2ce8bccdcae54db4a8c88d148a54d520,2017-08-27 07:22:37,7e92b46dac574b1b9786c529162a68c6,referral
50f1c47801eb47f4ba9ff4f1c8b499a9,2017-12-23 03:57:29,b3ebd0b9fc81475f87eaafca8d37f073,social
ef47f4321e5e46a097c0318494376451,2018-03-06 02:52:54,b3ebd0b9fc81475f87eaafca8d37f073,organic_search
b7f6bbd7781e46ab89f9db2691b84c75,2017-06-06 07:27:38,54dadc715073494a9f52e4f263e34d4e,direct_traffic
bdec9828477244cbb2ba9244545798e9,2017-08-24 03:42:04,24f5fbd22d624e12b58faeb2f2742ebb,social
a9ae908ab0a24f938d782009532c5a6a,2018-04-05 05:56:54,e73bb83cf417427888827b7bd8835d0c,direct_traffic
49681458e7dd4b71b8f523e0eb00bb62,2017-12-12 04:06:01,9949586af6134c339c1809ad3ec0df66,referral
90e62b8fd27646c0b847119fe190de38,2018-01-03 08:39:51,bd7014dfab0643b08af9d59f9064c67f,paid_search
4398d1145195437e9e6c375289b627e3,2018-02-18 11:34:08,2566ffa7a57141909a5618885cb43553,organic_social
cb1979a84e404a2f8bbe2d050be154ba,2018-01-26 18:02:58,c005e1915b5a420dba2530a0e055f0e1,direct_traffic
51bb823374184f2990e8374dc47dd5f1,2018-03-21 12:33:35,ff05ce68802a4f1796f1c6ff9508133e,paid_search
1c91f50c55214baba2460d50d66fc4c5,2017-08-02 06:55:54,54ac0583af594362879a48b3c36bac75,social
ff086ec57e0d43f0a8fa49bac286a924,2018-01-16 02:42:23,5c9fede2c59f461bab56ff6d802fa6a1,paid_search
729b2072f56c4c30944730a75ad6fdd2,2018-05-08 19:50:58,0c738336dbd04e959c993ff02dbf5e0f,
8955bdf8784d42e0a4e6c98355e6beee,2017-11-05 09:38:01,702afe38d2d2425a9b41828bf926fbf5,direct_traffic
9ca64a0e3aad4564b220d3c6a6ce5ae1,2017-06-26 06:08:31,54dadc715073494a9f52e4f263e34d4e,organic_search
686c60e6362b46d2adef5bc9e0c1b190,2018-03-24 11:45:39,eabde2c6e9064911b23d789ff68f2bbb,paid_search
451905e17d32475b8ae28e481b02c618,2017-08-12 14:24:10,0c738336dbd04e959c993ff02dbf5e0f,social
2c65f7a8d32642c083171f5263a9bfbe,2018-02-17 01:33:56,bd7014dfab0643b08af9d59f9064c67f,organic_search
d0a9bdcdd28b4f0e83d3d380aaf93fbf,2017-07-19 15:41:52,b5aed19b7ce942ceb1082d725df90ba9,organic_search
1d529a7bf54b47d3833a6e822f644131,2017-10-24 01:55:33,9949586af6134c339c1809ad3ec0df66,paid_search
0ba312f666374cdc9e802894fb301d83,2018-01-18 07:27:35,57b30bb0fe284da5b57510a8823d88a2,paid_search
90b4c47a6c4d432f866e64ec71b04cf4,2017-10-07 03:41:58,ff05ce68802a4f1796f1c6ff9508133e,paid_search
44fa054777ce44b7a460669746c5df90,2018-01-27 19:26:56,dc97f501f52d4c12817bfe088b55a525,organic_search
5c3e8f9b3033471786d74bc85a02ce03,2017-08-12 16:51:53,22d5f074d6fd43b2b796684fe6998629,organic_search
5d91a6b33dd54d34817d98a75f238e84,2018-02-11 18:41:31,32f776c66b854bc08925bb990a3b5ea3,direct_traffic
fc7d3ea560f54224aaa00a77f2801a7e,2017-09-04 02:44:13,e73bb83cf417427888827b7bd8835d0c,social
80f907d070414220852d3eada4de7574,2017-08-22 23:16:03,24f5fbd22d624e12b58faeb2f2742ebb,organic_search
237894b5442a4954a0e39287cf3e0673,2018-02-07 21:26:40,c005e1915b5a420dba2530a0e055f0e1,paid_search
b353ef916f87434c95f4108f346bb9c5,2017-09-02 03:43:33,d4a547d9c0264e5e821f2ce922348c3d,social
335f1c46c50b41b791c5d3cee9a34381,2017-09-08 09:30:22,30603de19a0f45f98e07cc24bb54cd32,organic_search
69785b86f1ab4c4b9a5e9d929e23b07c,2018-01-01 06:14:54,702afe38d2d2425a9b41828bf926fbf5,organic_search
11eadec150a34490bad3da7a5b67568c,2018-03-07 12:23:02,22d5f074d6fd43b2b796684fe6998629,organic_search
1b396083e22143d3a3601fd36b822a02,2018-02-07 22:04:54,b3ebd0b9fc81475f87eaafca8d37f073,email
17715eb5e91f40ca9d0d3813a31132e0,2017-09-28 15:30:39,54dadc715073494a9f52e4f263e34d4e,direct_traffic
ab2fff98a01d4855acc1ca3dd17b9fe8,2017-09-27 19:38:14,9949586af6134c339c1809ad3ec0df66,direct_traffic
b5cecf69b1914366a73a0227f43af9d9,2017-07-29 18:45:41,32f776c66b854bc08925bb990a3b5ea3,direct_traffic
6182b0b974c24c76a5e1b6b430432dcc,2018-03-06 11:35:38,7b5e3159006745bdbee47199b5293638,direct_traffic
e095d0f972fe472699f2f7abdfc72d11,2017-06-15 12:19:24,9949586af6134c339c1809ad3ec0df66,paid_search
c5846208a84941349ee22cde7a4ebe64,2018-03-21 16:22:15,22d5f074d6fd43b2b796684fe6998629,social
863fd20521054548bbc5c5692271ebcf,2017-06-12 17:56:35,280fc02b8ead46d897a70c9fa8a76c35,organic_search
6f2a6b9bcb08454f9ad509c7fae636f9,2018-05-26 21:25:50,c005e1915b5a420dba2530a0e055f0e1,social
afbf53b8ac28456d85450dda754c6b1c,2018-04-22 15:36:29,ff05ce68802a4f1796f1c6ff9508133e,email
182401988e784b9faa27a0d7a9442481,2018-05-15 04:19:56,b3ebd0b9fc81475f87eaafca8d37f073,social
54d67a7a484c4be0b0ded0bb7dd77fba,2018-01-31 02:13:27,ff05ce68802a4f1796f1c6ff9508133e,paid_search
88f116de06d2445891aa292067ae7843,2018-02-10 08:35:26,5c9fede2c59f461bab56ff6d802fa6a1,organic_search
27876b5768de432a8061d3ef4de66383,2017-12-25 18:52:11,d650cf637d2e4393939ab7a1b5bd56fb,social
19ac6fc22601400390ef47e4c34ba652,2017-08-15 00:33:46,7e92b46dac574b1b9786c529162a68c6,direct_traffic
708ea251c3d243569508ef5a0c380ff9,2017-06-02 13:41:38,c005e1915b5a420dba2530a0e055f0e1,referral
4932571598234ba9a238f5ac00b486fc,2017-08-13 03:04:16,57b30bb0fe284da5b57510a8823d88a2,paid_search
0737cf67023246b79dd3dba7e61858b1,2017-08-27 06:34:11,9949586af6134c339c1809ad3ec0df66,direct_traffic
425bc6ae4a5d47d78d884a36563b811d,2018-04-19 12:43:03,42aab95b911f48e28fc6e5aff6d61bab,social
2719c8dbfb0049809f91cad517099fde,2018-05-12 05:47:48,24f5fbd22d624e12b58faeb2f2742ebb,referral
920f735fd6e2494fa65177c195561472,2017-12-19 13:19:37,e73bb83cf417427888827b7bd8835d0c,social
ac650470f1404f57b1d2b816aa800cd9,2017-11-19 19:37:37,b3ebd0b9fc81475f87eaafca8d37f073,social
48c8c0454da3424e84d5617291132bfc,2017-07-24 09:38:42,ff05ce68802a4f1796f1c6ff9508133e,social
f405d5128b864e11bd5c8de2226530bc,2018-03-19 05:28:25,22d5f074d6fd43b2b796684fe6998629,direct_traffic
6cf2f5d0fcd04f4da63842ab4bcf665c,2017-07-08 19:02:09,d4a547d9c0264e5e821f2ce922348c3d,display
d86c72b34d654c55b768a6cf7b1b1eee,2017-08-29 02:38:55,702afe38d2d2425a9b41828bf926fbf5,organic_search
ccc44054b86c40f9b181ce84d7acac2d,2017-08-11 11:55:11,702afe38d2d2425a9b41828bf926fbf5,organic_search
861ad47bd5d741fd862a4a3752880497,2017-12-21 16:37:43,d650cf637d2e4393939ab7a1b5bd56fb,organic_social
ee2b6f6955874e53a597ac00f1a77bb6,2018-04-01 01:26:08,c005e1915b5a420dba2530a0e055f0e1,social
f234ec38c29a411ba7922b534244dbf6,2018-03-30 19:27:06,d650cf637d2e4393939ab7a1b5bd56fb,social
9b79dfda48234d44a79028172c6d19f7,2018-05-16 09:46:35,9949586af6134c339c1809ad3ec0df66,paid_search
9d88206d4e844dac9712e9805a871553,2018-01-07 22:41:55,fd67c44c56284345a9d416ecc4e70697,organic_search
377b3d53e98d412a9646c5f6eb31a51b,2018-03-05 10:30:54,280fc02b8ead46d897a70c9fa8a76c35,direct_traffic
7c44fbfd4c9c48038da61c2cccc626a3,2018-03-07 00:35:18,32f776c66b854bc08925bb990a3b5ea3,direct_traffic
d93eff60b3bc430fb9f0141aa8ca787b,2017-08-04 01:22:32,54dadc715073494a9f52e4f263e34d4e,paid_search
39d5f2e4bd17476488e93acf36193399,2017-11-17 01:14:04,fd67c44c56284345a9d416ecc4e70697,paid_search
8c8d02d0d86946ae99d2b5c37a3f4680,2018-05-21 08:22:00,57b30bb0fe284da5b57510a8823d88a2,email
0457c79dddd84b6da11c9af46facc9ef,2018-03-05 15:46:13,22d5f074d6fd43b2b796684fe6998629,organic_search
031c5ceaf4d546ceadd4695beecfb807,2018-04-03 09:07:49,30603de19a0f45f98e07cc24bb54cd32,referral
55439470c1a34dd3a32035573e778da9,2017-10-28 23:36:23,2566ffa7a57141909a5618885cb43553,organic_search
11b61b8c4e29401597dcbe5e83dd1bd0,2017-10-31 22:02:56,42aab95b911f48e28fc6e5aff6d61bab,social
b1a9c91df59f4d1d97a1ed2406b4c8c5,2018-04-09 18:38:55,c005e1915b5a420dba2530a0e055f0e1,organic_social
df9251d387814a4999d5fcfd48ea6ad0,2018-04-19 02:24:13,d4a547d9c0264e5e821f2ce922348c3d,direct_traffic
0f74cdc6a9a64b3dbbb282b37db81b2e,2017-07-14 10:19:27,7e92b46dac574b1b9786c529162a68c6,paid_search
3d121ed4ad58488e98c53be8cdd88652,2018-01-18 22:47:39,c005e1915b5a420dba2530a0e055f0e1,direct_traffic
ddb2109c89bb4c589e7459c27598737a,2018-02-15 16:40:15,280fc02b8ead46d897a70c9fa8a76c35,paid_search
741ae1c94dd14fb987a5feec8ebd2eea,2017-06-19 23:50:30,b3ebd0b9fc81475f87eaafca8d37f073,organic_search
1d849c5c3d634d95b1c5a25903a11caa,2017-07-17 12:59:44,c2366a33c94543b4a5c36a8911cb5ebe,
8e489bf9ebd940cfbf270519b20c1968,2017-08-31 08:33:58,5c9fede2c59f461bab56ff6d802fa6a1,direct_traffic
1f1c4be4070c46eca9ef32388d917c61,2018-03-06 14:37:25,b3ebd0b9fc81475f87eaafca8d37f073,social
5e6faa7c069f46b7bd2988d81e9d4496,2017-12-17 17:23:20,54ac0583af594362879a48b3c36bac75,paid_search
7ccc7a07e0654a4f9d32f2451d9cedef,2018-03-04 23:54:38,32f776c66b854bc08925bb990a3b5ea3,organic_search
77343f4f2bfc49a182881bc16de795b0,2017-06-14 22:24:45,b3ebd0b9fc81475f87eaafca8d37f073,organic_search
583cb24d90a9488daf7f2a2ffbb8884b,2017-10-19 13:51:06,d650cf637d2e4393939ab7a1b5bd56fb,social
9f8fb4f3acf2421a8fa29813f1c70520,2017-07-10 22:21:21,24f5fbd22d624e12b58faeb2f2742ebb,direct_traffic
23b09faac27a4829903b4f0ac5c18ed2,2018-04-18 16:47:57,6eb360925f334493a6951325d8182624,social
d8797534665a4afe8cfa3dc60da6d4f9,2018-04-09 19:22:36,6eb360925f334493a6951325d8182624,email
b5ddd8e2853a4d54a9e38e32a6b7e519,2017-12-14 19:43:57,2566ffa7a57141909a5618885cb43553,organic_search
a8055442a12c4d249507941b75bff9cd,2018-04-16 20:55:13,c2366a33c94543b4a5c36a8911cb5ebe,paid_search
e77a9af87b524ceebb1ae8468e742571,2018-01-10 18:24:56,6eb360925f334493a6951325d8182624,organic_search
adc5eb4f3b744ad292cf87edfbe864df,2017-08-18 04:42:52,42aab95b911f48e28fc6e5aff6d61bab,paid_search
ac602e7b3f5443c8b61e3117c3cdad7a,2018-02-20 21:00:02,54ac0583af594362879a48b3c36bac75,organic_search
b9665d39345d4ea1bdfaadd6918f18f1,2018-02-08 01:23:24,280fc02b8ead46d897a70c9fa8a76c35,display
9c9cb463910548d2a02c16d368096bd6,2018-04-26 19:22:28,42aab95b911f48e28fc6e5aff6d61bab,organic_search
7415b851b6954f258b88530b816a4597,2018-05-15 19:05:32,e73bb83cf417427888827b7bd8835d0c,organic_social
73a82827b293483b8eedf73e196cabcc,2017-12-22 23:25:51,32f776c66b854bc08925bb990a3b5ea3,paid_search
7400cbe5c81d4055ba88861dfa1e64a0,2018-05-16 22:45:46,280fc02b8ead46d897a70c9fa8a76c35,
b90a0c15a5c443f0a46a4b959f3c5c99,2017-09-30 13:25:23,eabde2c6e9064911b23d789ff68f2bbb,social
ce0cf48584ca46039379c5727d982013,2018-05-23 09:48:21,5c9fede2c59f461bab56ff6d802fa6a1,organic_social
5136ca75935e410db3158132a76ee945,2017-06-16 13:07:12,d650cf637d2e4393939ab7a1b5bd56fb,organic_search
9b69ef51682c4faeb2dde80b5248f5b0,2017-12-17 13:52:10,22d5f074d6fd43b2b796684fe6998629,direct_traffic
83db360945164273a887ae76dbaab7b6,2018-04-14 12:04:59,57b30bb0fe284da5b57510a8823d88a2,organic_social
7216224a6a4d48a9b434e6cb1f6771ae,2018-01-20 20:43:25,eabde2c6e9064911b23d789ff68f2bbb,organic_search
c330c955d9e54c63bf5dd3add3fe080d,2017-06-16 04:32:41,32f776c66b854bc08925bb990a3b5ea3,organic_search
789ae0c58fee488785b7c3ee37267c63,2017-10-22 19:43:30,32f776c66b854bc08925bb990a3b5ea3,paid_search
dee8683c48734c1492d1130d65b7ca71,2017-11-23 13:38:10,b5aed19b7ce942ceb1082d725df90ba9,organic_social
4ea42eef48034717a8ad4662302a961a,2017-10-07 06:38:47,c2366a33c94543b4a5c36a8911cb5ebe,social
a7dc16ab79694d7faa8d9f303ab9006b,2018-02-24 14:18:54,b3ebd0b9fc81475f87eaafca8d37f073,social
70b80d1e72254388b3eb89f0b763619a,2018-03-31 14:20:51,54ac0583af594362879a48b3c36bac75,organic_search
e6cabd00720d44edb11089f645bcff24,2017-08-11 12:51:11,bd7014dfab0643b08af9d59f9064c67f,organic_search
c15354b7afa440658b97a0a24368b1c5,2018-04-10 10:42:36,32f776c66b854bc08925bb990a3b5ea3,email
b953264e546f4fe8a8ce508cf5e60a31,2018-04-23 08:58:45,d4a547d9c0264e5e821f2ce922348c3d,organic_search
2ed3bd6106c0420191bea9f863a0ec4d,2017-08-08 19:23:42,22d5f074d6fd43b2b796684fe6998629,social
8abc202bc13946a19bba7703d98d161d,2018-03-22 09:48:11,280fc02b8ead46d897a70c9fa8a76c35,organic_social
cae9e7b77e4d433eb83266690aa34bb9,2017-12-18 08:05:23,54dadc715073494a9f52e4f263e34d4e,organic_search
2f8b20409eed45228a36d6c703dd9f97,2017-09-08 19:53:09,5c9fede2c59f461bab56ff6d802fa6a1,direct_traffic
4b23481996324a74ad83b322cebe6e85,2018-03-21 03:45:13,42aab95b911f48e28fc6e5aff6d61bab,organic_search
90ccbeb88b7048dfb1e19ee6fcabf230,2017-12-25 05:59:11,b5aed19b7ce942ceb1082d725df90ba9,social
ad58f80b77c04762868597056487a662,2017-07-11 11:56:15,32f776c66b854bc08925bb990a3b5ea3,organic_search
6aea9b4055864cffac495d17a38e3c38,2018-02-28 12:18:07,22d5f074d6fd43b2b796684fe6998629,direct_traffic
65cbe0f24e6d44e68515caae77f8b8a0,2018-02-03 06:28:37,c2366a33c94543b4a5c36a8911cb5ebe,paid_search
f477307aedce4e74b06ae22ecde80f8c,2017-11-23 14:09:57,32f776c66b854bc08925bb990a3b5ea3,paid_search
4bf700ea5b1b45e789c43335cf620bd7,2018-03-22 06:15:25,ff05ce68802a4f1796f1c6ff9508133e,social
2861ab706b834716b0ac321113ebb474,2018-03-29 08:04:12,54dadc715073494a9f52e4f263e34d4e,organic_search
439e75577089490abf254417464ea10f,2018-05-22 08:05:33,42aab95b911f48e28fc6e5aff6d61bab,direct_traffic
d16b4df72e444a03aac9a8bc6b5be9d6,2018-02-27 22:08:03,280fc02b8ead46d897a70c9fa8a76c35,paid_search
6254180ae3764aa99f6f49264f0ea1af,2018-05-18 13:28:23,dc97f501f52d4c12817bfe088b55a525,direct_traffic
0f30f0004b2b45799e09bcdcffbf256b,2017-09-23 18:22:03,dc97f501f52d4c12817bfe088b55a525,organic_search
6834d27ac280452dbf027b3ebca3a0e5,2018-03-14 14:14:37,7e92b46dac574b1b9786c529162a68c6,direct_traffic
b6d72d08a55d4296852689c40e12350c,2017-12-05 00:56:03,d4a547d9c0264e5e821f2ce922348c3d,organic_search
29728ac402f1434584f498a67f84d541,2018-02-06 18:53:37,b5aed19b7ce942ceb1082d725df90ba9,paid_search
739d3dcfd7c9422489ddbf4931894bd5,2017-12-15 20:20:27,42aab95b911f48e28fc6e5aff6d61bab,organic_search
5ba0483f9cba475a9211a3382ae3b60b,2017-06-09 22:12:18,42aab95b911f48e28fc6e5aff6d61bab,direct_traffic
c8bc87e03fec4e66a90ef52e848ae058,2018-02-05 10:27:37,bd7014dfab0643b08af9d59f9064c67f,organic_search
b2c244f7a28f43dd83458660e46a18d3,2017-10-12 08:09:47,e73bb83cf417427888827b7bd8835d0c,referral
bad97344429245289a91374dbee4f784,2017-09-08 11:09:49,d4a547d9c0264e5e821f2ce922348c3d,referral
2d7d986250064ab9abbe730de6d90cc1,2018-04-16 04:22:05,5c9fede2c59f461bab56ff6d802fa6a1,organic_search
676c1dbeb3de40d5a9d621b100eb24f8,2018-05-12 18:39:09,bd7014dfab0643b08af9d59f9064c67f,social
77223e14934146f7b68a7c645a83b714,2018-03-23 02:42:46,c2366a33c94543b4a5c36a8911cb5ebe,organic_search
839d1540ff1f472ca37eae64e1e0d7d1,2017-07-28 17:31:14,fd67c44c56284345a9d416ecc4e70697,paid_search
40c2909ad10d49f3b97aededf76be080,2018-02-03 06:00:02,eabde2c6e9064911b23d789ff68f2bbb,direct_traffic
fd84b93da2c44e219102aed2feb2f8ca,2017-09-10 18:59:19,bd7014dfab0643b08af9d59f9064c67f,direct_traffic
35632e15044b40fb8081d3108eb7eccb,2018-05-27 12:08:47,702afe38d2d2425a9b41828bf926fbf5,social
be3fe10c7a814721ac8b0e3a07f479c8,2017-09-29 09:47:55,280fc02b8ead46d897a70c9fa8a76c35,paid_search
763c8d18fc0e443cb2391159705c5f37,2017-06-20 03:07:53,bd7014dfab0643b08af9d59f9064c67f,paid_search
4b0abb1f424a4a41a008f2985ece7404,2017-12-04 07:39:09,ff05ce68802a4f1796f1c6ff9508133e,organic_search
e30bba834b3c437ba62576addf100031,2017-11-05 03:12:41,42aab95b911f48e28fc6e5aff6d61bab,direct_traffic
b7b5ce2ebdeb40eda78b186855c65c18,2017-10-29 16:31:04,dc97f501f52d4c12817bfe088b55a525,social
bb9e9b23b6f546b3b66f3420bd8409c6,2017-11-15 11:56:00,54ac0583af594362879a48b3c36bac75,direct_traffic
1846a91895ad4d80a8b06fa19ed1657e,2017-07-25 07:53:09,22d5f074d6fd43b2b796684fe6998629,organic_search
cb6ae39d05c0443286415cf4d50e0113,2017-08-28 13:19:46,fd67c44c56284345a9d416ecc4e70697,paid_search
2779734b0c6f4885a4159569da0d62db,2017-09-18 15:16:22,6eb360925f334493a6951325d8182624,paid_search
31401a46e39e45a3973a8e20cd3b7c37,2018-02-24 03:32:43,9949586af6134c339c1809ad3ec0df66,organic_search
5eb83e158a074aafa53b1d82d7054671,2018-01-05 16:17:12,54dadc715073494a9f52e4f263e34d4e,paid_search
15cd2a1753624d3395dfbbdfd884d33e,2017-11-10 01:40:02,e73bb83cf417427888827b7bd8835d0c,email
bbe0865312e74fdb9dfec4946543d58e,2018-04-14 09:40:32,54dadc715073494a9f52e4f263e34d4e,referral
bd52a214393e4278972b7938ff2c3895,2017-08-16 23:25:20,280fc02b8ead46d897a70c9fa8a76c35,social
115fcd6d86364abcb996250fc222f2c9,2017-07-26 10:19:16,d650cf637d2e4393939ab7a1b5bd56fb,paid_search
78538cfd3eb94712a780312c1afc467e,2017-07-15 01:16:52,d650cf637d2e4393939ab7a1b5bd56fb,organic_search
ef6c13a735754095875e6616ed6b034b,2017-11-29 06:27:22,b3ebd0b9fc81475f87eaafca8d37f073,referral
27130d648c3745a69229ef242931adfa,2017-12-14 22:25:03,30603de19a0f45f98e07cc24bb54cd32,organic_search
d2dcf2124f2e40a988eafaac4f420bb3,2017-08-02 21:32:39,30603de19a0f45f98e07cc24bb54cd32,display
1f2e8294fcf54e5f8a4c59b9b42a04e4,2018-01-29 20:26:35,eabde2c6e9064911b23d789ff68f2bbb,paid_search
239bb7bbd93a4768848534c291065186,2018-04-06 04:47:33,d650cf637d2e4393939ab7a1b5bd56fb,paid_search
7d568698ff20414e93a7b52e094aef3f,2018-01-31 00:14:41,b5aed19b7ce942ceb1082d725df90ba9,organic_social
6723ea409d0f4d7685091cb648d3172a,2017-12-02 04:43:29,9949586af6134c339c1809ad3ec0df66,organic_search
7832ec8b8b334e9085f01c8d3a11c4d7,2018-02-19 19:10:46,c005e1915b5a420dba2530a0e055f0e1,social
94e49b579e3c4eafa3699395890e8e27,2017-11-26 14:38:36,32f776c66b854bc08925bb990a3b5ea3,social
dffb194c97304f8c9911607c1963d03c,2017-08-10 12:02:50,c005e1915b5a420dba2530a0e055f0e1,organic_search
d007ab703e19468dafc90af879d68a3f,2018-01-06 15:08:56,eabde2c6e9064911b23d789ff68f2bbb,paid_search
363327ba61d44000b7023bbbae6730ff,2017-11-14 21:14:49,30603de19a0f45f98e07cc24bb54cd32,direct_traffic
bf8b9606c9144d899bfe630b679350ce,2017-12-30 16:22:33,c005e1915b5a420dba2530a0e055f0e1,direct_traffic
4e864ee6301a4720884255b895de6720,2018-01-13 10:10:39,0c738336dbd04e959c993ff02dbf5e0f,organic_search
ea5782ffdb1945d6aca93da1ebc8d5ad,2017-08-25 05:01:56,6eb360925f334493a6951325d8182624,organic_social
24295b3e7cf346059323ef2ddb1c2465,2018-05-28 12:18:07,30603de19a0f45f98e07cc24bb54cd32,organic_search
d26cb18b334f45e1b10f26b1e91ce867,2017-11-20 10:10:49,c005e1915b5a420dba2530a0e055f0e1,organic_search
c790bf53401d4d619becb35cc4045ac8,2018-04-20 12:21:43,22d5f074d6fd43b2b796684fe6998629,organic_search
d8aaa92dae6b4b1a9c47d4b691b1e6eb,2018-03-29 15:21:47,7e92b46dac574b1b9786c529162a68c6,organic_search
c0fa7276deda40e38ce380e38a65646c,2017-11-10 22:20:32,0c738336dbd04e959c993ff02dbf5e0f,organic_search
91212287115a4a5aa7ccb37e5bc4da2c,2017-08-31 18:16:42,2566ffa7a57141909a5618885cb43553,
0c9f8cec1e164f4db98c0cb866e763e3,2017-11-03 22:22:08,c2366a33c94543b4a5c36a8911cb5ebe,paid_search
2db83df0f3fd49ff87ae2ec497a77cc9,2017-07-31 03:01:16,280fc02b8ead46d897a70c9fa8a76c35,organic_search
e6a603e950e9443c9d64a62d77461ce9,2018-05-21 15:35:12,42aab95b911f48e28fc6e5aff6d61bab,organic_search
6109f050f15646e28eaea53fd1e3a290,2017-06-14 04:57:22,c2366a33c94543b4a5c36a8911cb5ebe,direct_traffic
5e19f4dc7c934d14a2cc30cea4376c89,2017-06-04 01:26:04,eabde2c6e9064911b23d789ff68f2bbb,referral
ec99a1e30d314fa5bc6df34b8b42e9b8,2017-08-19 11:10:18,7e92b46dac574b1b9786c529162a68c6,organic_search
b7feba366c3040cfba793df94e2c7b35,2018-04-24 08:21:30,702afe38d2d2425a9b41828bf926fbf5,organic_search
b099b640299042858a2c004a45318dac,2018-04-28 08:27:00,24f5fbd22d624e12b58faeb2f2742ebb,organic_search
6998dce705d544d087dd14b703a5746b,2017-09-30 04:46:27,d4a547d9c0264e5e821f2ce922348c3d,organic_search
b3e11a1ae683494a9e445d4575b2888c,2017-07-30 11:52:06,54dadc715073494a9f52e4f263e34d4e,organic_search
e98c9f1218dd428d88508a2bf5a0fa57,2017-11-10 02:31:15,54ac0583af594362879a48b3c36bac75,paid_search
b65340bbe8f94d1da754604a569557ad,2017-06-03 11:47:44,42aab95b911f48e28fc6e5aff6d61bab,organic_search
48cd0f76d1bb41fcbc362afab8db3ef1,2018-02-02 01:13:48,30603de19a0f45f98e07cc24bb54cd32,social
731136a2902f47a78904d8f5760bb87f,2017-09-13 23:03:43,d4a547d9c0264e5e821f2ce922348c3d,organic_search
339dc61a041c4c65b875ccbe15cd0edf,2018-01-04 20:13:36,22d5f074d6fd43b2b796684fe6998629,display
62b9bda2863b4a97a331bbef43169ef8,2017-09-02 03:39:15,0c738336dbd04e959c993ff02dbf5e0f,organic_social
d39cc835be014459a73c0f58813d8802,2017-11-03 10:21:12,54dadc715073494a9f52e4f263e34d4e,social
a78fce76a28a4d78a43224d330ca9373,2018-02-22 19:06:25,fd67c44c56284345a9d416ecc4e70697,paid_search
0ce0f9174d284162bc7462498620feb1,2017-12-14 14:02:50,702afe38d2d2425a9b41828bf926fbf5,paid_search
28855dfcf75e431292e264cb4db81278,2018-04-14 17:51:47,2566ffa7a57141909a5618885cb43553,paid_search
53ff1dd00acb4dd29ca1560bb2fae65d,2018-02-11 08:05:09,7b5e3159006745bdbee47199b5293638,direct_traffic
0589e44193184c018e4f71e8241a01b8,2018-01-16 23:12:15,280fc02b8ead46d897a70c9fa8a76c35,paid_search
fb63bf5c9028492e839b62de2adb8bed,2018-01-12 10:39:20,d4a547d9c0264e5e821f2ce922348c3d,referral
4f3345cbe234427085a9fb56ee15c307,2017-12-29 05:27:02,22d5f074d6fd43b2b796684fe6998629,display
130f96172deb4d5bb504810fbe9619fe,2017-06-04 04:43:24,7e92b46dac574b1b9786c529162a68c6,paid_search
a470a33b689f434ca45a2e7680bc9c8f,2018-02-19 06:06:21,c2366a33c94543b4a5c36a8911cb5ebe,social
4fd9a6722a04431190867b6da18114c7,2017-12-06 10:28:57,54ac0583af594362879a48b3c36bac75,organic_search
63fa867f51534cd08ccd728f0d480528,2017-07-06 19:08:41,54ac0583af594362879a48b3c36bac75,organic_search
e47d406b172f41c69b9249e4c5a11589,2017-08-28 19:46:59,280fc02b8ead46d897a70c9fa8a76c35,paid_search
7f76d2af68854379ab68af612826ed5b,2017-07-25 04:52:07,54ac0583af594362879a48b3c36bac75,organic_search
80819b01a7954068a2f1f80449d35a0e,2017-07-03 04:35:53,54ac0583af594362879a48b3c36bac75,referral
c5bb7ab4412e44fbad2fcd6ce75bdb8f,2018-04-07 05:12:51,5c9fede2c59f461bab56ff6d802fa6a1,organic_search
d664cd04e58d4f0494fab62795927d00,2018-04-27 00:15:28,d4a547d9c0264e5e821f2ce922348c3d,paid_search
88bc70493802495f8920c938fb81d12d,2017-11-04 22:43:17,24f5fbd22d624e12b58faeb2f2742ebb,social
9491e9c8b47d4228b02640f8004b8b31,2017-07-01 13:43:54,22d5f074d6fd43b2b796684fe6998629,direct_traffic
188c958346c54329b02cf894b26237d5,2017-06-05 03:16:16,30603de19a0f45f98e07cc24bb54cd32,paid_search
dcf127891b7c437489cd6f34419f8aa8,2017-10-04 15:07:23,b5aed19b7ce942ceb1082d725df90ba9,referral
af832d4e125d4873a3b0565cac6ed29c,2018-02-06 05:49:51,54ac0583af594362879a48b3c36bac75,social
08f26bcb5d7d4a00824cdda98b0941d3,2018-03-11 16:51:50,7e92b46dac574b1b9786c529162a68c6,paid_search
fec94988a45542c3911a1179b04bac60,2017-06-13 19:23:17,32f776c66b854bc08925bb990a3b5ea3,organic_search
430e8835fb1c4b72955ae82246ad3b10,2018-01-28 14:42:36,30603de19a0f45f98e07cc24bb54cd32,paid_search
ecf15e9ff67245a895c954efb507ff38,2018-05-28 03:10:15,57b30bb0fe284da5b57510a8823d88a2,email
5bb72796ef24483db9a06c06f0f22b3c,2018-01-20 06:26:32,280fc02b8ead46d897a70c9fa8a76c35,social
19406daf41d64bf2af5925c540d8c9be,2017-09-01 12:44:46,6eb360925f334493a6951325d8182624,email
1b1c8aec91f9428099416ae3c3c1a2cb,2018-01-24 11:40:54,b5aed19b7ce942ceb1082d725df90ba9,paid_search
fe92c8a175544473ab4d2ad90273521e,2017-12-03 20:27:47,d4a547d9c0264e5e821f2ce922348c3d,organic_search
7c6db20fe8ed4b0dad91ded5942b32e8,2017-10-15 17:36:57,2566ffa7a57141909a5618885cb43553,organic_search
a83ad521a61a45fca4342b74b9fd8b22,2017-12-12 05:38:04,54dadc715073494a9f52e4f263e34d4e,paid_search
71d10f91be4c443ba51c03e1d8d4de8a,2018-03-20 01:11:25,42aab95b911f48e28fc6e5aff6d61bab,direct_traffic
b3026bce8c1d41d8815e7ab217229c7c,2017-08-12 22:31:22,24f5fbd22d624e12b58faeb2f2742ebb,email
e96a8bd88d774612818df7b0fd8f90b3,2018-02-17 16:30:50,ff05ce68802a4f1796f1c6ff9508133e,paid_search
e71b33e16326491aba9577e797481299,2018-05-03 20:09:47,9949586af6134c339c1809ad3ec0df66,paid_search
1db91cef36da475cac8117bb91038b4f,2017-07-23 14:17:25,eabde2c6e9064911b23d789ff68f2bbb,paid_search
00aae06b6d444e888fb239a22dbe1581,2018-03-09 06:36:49,f7f91884fcc441c3a73051d4c1896af9,paid_search
4fd691e89d4e4d4aac1e5c9a223307b6,2018-01-12 04:24:10,d4a547d9c0264e5e821f2ce922348c3d,organic_search
3702308b800a4f329a9b3e9e39c19e92,2018-01-27 06:23:29,24f5fbd22d624e12b58faeb2f2742ebb,organic_search
cd6cc72160024fcda1f39fcdc2ea24d3,2018-01-21 07:49:49,54ac0583af594362879a48b3c36bac75,organic_search
4f690a3d82c54ff394c49c7547654d04,2018-01-13 07:54:38,c2366a33c94543b4a5c36a8911cb5ebe,organic_search
8fe1bb98bad34aa19371465abc0ff9f2,2018-03-17 23:51:44,702afe38d2d2425a9b41828bf926fbf5,organic_search
2e6a71c6d5224250ad19fce5a0d81d66,2017-09-04 01:03:56,42aab95b911f48e28fc6e5aff6d61bab,organic_search
e5a9b37862bd4b949387173a1d7605e0,2017-09-02 06:16:55,2566ffa7a57141909a5618885cb43553,social
677e9ffcf7af413cb7c063574a38be79,2018-03-23 20:38:21,c2366a33c94543b4a5c36a8911cb5ebe,paid_search
8cec5e0b1c3f440e8330c1e8aa024044,2018-04-11 07:47:42,22d5f074d6fd43b2b796684fe6998629,other
33b98b84dbd44e719175b5edb14821e8,2017-12-28 06:13:58,dc97f501f52d4c12817bfe088b55a525,organic_search
7e3a57cf8dca47f6840e54e644c5fdca,2018-01-05 11:54:14,57b30bb0fe284da5b57510a8823d88a2,paid_search
f0bcf962e3094c329c25f6ad8be92677,2018-03-27 02:44:37,d4a547d9c0264e5e821f2ce922348c3d,paid_search
66ac51b6745645f49fec3ccbc753d51e,2017-11-03 08:36:08,c005e1915b5a420dba2530a0e055f0e1,organic_search
68ef11b6c1834fb9b19b83d184114880,2018-03-09 05:14:17,9949586af6134c339c1809ad3ec0df66,email
50d27881bb904f7382ff5b40ad661bdd,2017-08-25 11:50:11,d4a547d9c0264e5e821f2ce922348c3d,organic_search
5010d334f04b4b159c8f2098a47e4124,2017-12-04 08:54:09,280fc02b8ead46d897a70c9fa8a76c35,display
be29259caa294774ac1399ecc1a8f1c0,2018-03-23 19:40:00,54ac0583af594362879a48b3c36bac75,referral
01bfb9f843214900a9e470e61d4a2fb3,2017-11-11 20:14:28,0c738336dbd04e959c993ff02dbf5e0f,social
113bf58cd7b548398c0a64b12b8dee64,2017-10-15 15:12:51,dc97f501f52d4c12817bfe088b55a525,social
75651b4ebc704065b9bf2705ec848915,2018-02-06 23:28:09,b3ebd0b9fc81475f87eaafca8d37f073,direct_traffic
1c0b714595f74c73941a349ddef16163,2018-02-08 07:58:07,32f776c66b854bc08925bb990a3b5ea3,paid_search
3879821271a74e5f97afd4971fc3a137,2017-12-19 10:33:10,9949586af6134c339c1809ad3ec0df66,social
26e21cf43c5a4dc897e9e75873725961,2017-06-11 20:47:27,42aab95b911f48e28fc6e5aff6d61bab,organic_search
9a4d949c03a74a05bb83e0cf6b8101a9,2017-10-12 09:14:38,702afe38d2d2425a9b41828bf926fbf5,organic_search
ce39ad830b87451eaabae821f9b94275,2018-02-11 22:15:12,f7f91884fcc441c3a73051d4c1896af9,paid_search
8fbd8eae2c7c4e8ebe08a9de55c64344,2017-07-30 06:34:13,5c9fede2c59f461bab56ff6d802fa6a1,social
1ff01368eb6140b58584341962030a28,2018-01-15 21:58:36,bd7014dfab0643b08af9d59f9064c67f,referral
44cc7950ca534d91a512410867a7e143,2018-03-26 15:58:33,e73bb83cf417427888827b7bd8835d0c,organic_search
fa90a7e45e024c59a4522d009b2c34e0,2017-09-04 20:47:27,32f776c66b854bc08925bb990a3b5ea3,email
98b72006d87e4c10929d8951e1910405,2018-01-12 02:32:39,32f776c66b854bc08925bb990a3b5ea3,organic_search
e47515d8a5cb4cfebe1b6092124f0d5f,2017-06-29 12:03:19,9949586af6134c339c1809ad3ec0df66,paid_search
a59fdbb4e1ed4902a7f6e6d02066cae7,2018-05-08 21:41:45,b3ebd0b9fc81475f87eaafca8d37f073,paid_search
a1b501ced0f342deade0af90155ecf1d,2018-02-25 18:07:14,22d5f074d6fd43b2b796684fe6998629,paid_search
817d5821a24a4e539e021b02ff009985,2017-07-28 07:48:00,6eb360925f334493a6951325d8182624,organic_search
99e2f0257269439db64dce8ee477496d,2018-05-29 11:54:04,2566ffa7a57141909a5618885cb43553,social
6a63ae2cf2ab43d998b922dcb4b5f176,2018-03-24 20:19:39,c2366a33c94543b4a5c36a8911cb5ebe,email
a9d94e141c7047d08869582a09b9de9b,2018-02-21 08:50:54,2566ffa7a57141909a5618885cb43553,paid_search
b230884f24db4e6caeccbe3d515770cf,2017-08-16 01:01:20,280fc02b8ead46d897a70c9fa8a76c35,paid_search
d5d2876f02b04291be385ede762c1134,2018-05-12 03:35:17,2566ffa7a57141909a5618885cb43553,email
afb01f3394cd47229b125cc4ffc58d2c,2017-12-04 14:27:32,22d5f074d6fd43b2b796684fe6998629,direct_traffic
8f6f2fbf6be4481c94e896f6c9924351,2017-06-28 19:57:04,54ac0583af594362879a48b3c36bac75,paid_search
0963031c6abd497ea68d873d62003ff1,2017-08-28 01:22:15,5c9fede2c59f461bab56ff6d802fa6a1,organic_search
a7ad79b14b4f469d8f09d83280c89f75,2017-06-23 09:39:34,d650cf637d2e4393939ab7a1b5bd56fb,referral
cb58bcccbde84771aec53b8bcef79a75,2018-03-11 17:48:07,fd67c44c56284345a9d416ecc4e70697,social
4fffbe23d22d49a49524e7ec557bc018,2018-05-18 16:57:07,30603de19a0f45f98e07cc24bb54cd32,organic_search
a3df117f2818415898c750a8dc131edc,2018-02-13 18:25:11,54dadc715073494a9f52e4f263e34d4e,organic_search
48f082e5a8314878ac568393eb02a596,2018-03-19 15:57:38,7e92b46dac574b1b9786c529162a68c6,email
4d59bdefd4c1410e80eac3f7fd638ff5,2018-05-17 07:40:01,f7f91884fcc441c3a73051d4c1896af9,organic_search
a1065c16d378435e93c1ad2fd20a4580,2018-05-27 13:33:04,57b30bb0fe284da5b57510a8823d88a2,
9c5e0098fa704ce28115c08be6b9368b,2018-02-19 13:00:40,32f776c66b854bc08925bb990a3b5ea3,organic_search
2ad31605f1c6406096e6aa4e1c1bb19b,2017-09-30 23:12:28,c005e1915b5a420dba2530a0e055f0e1,email
b72f1d5093ef4caeb6178d325f187a16,2017-12-19 02:12:59,280fc02b8ead46d897a70c9fa8a76c35,paid_search
68ed2e05a1c6498dbda9a954b4736153,2017-06-21 07:21:15,e73bb83cf417427888827b7bd8835d0c,paid_search
1076856f6d7942568ba32b9c21e2e5e2,2017-10-21 10:59:57,9949586af6134c339c1809ad3ec0df66,referral
312e968df48c47ab8b3f1ac466abc218,2017-12-16 23:29:54,24f5fbd22d624e12b58faeb2f2742ebb,paid_search
f7817a6ca60f4db3970021bff2134ad5,2018-03-21 20:53:35,42aab95b911f48e28fc6e5aff6d61bab,social
ddd5b2f24c014196b0014bbf9f345793,2017-07-27 16:45:21,24f5fbd22d624e12b58faeb2f2742ebb,organic_search
1a8fce0a801945d0adf6e3fbe33ebdc9,2017-11-25 05:56:05,54ac0583af594362879a48b3c36bac75,organic_search
63eb461416d54b09a5ba9ed4dfe77a2f,2018-03-20 03:24:24,e73bb83cf417427888827b7bd8835d0c,organic_search
41f922b64e084e7d84919b64a79ee199,2017-08-16 23:24:27,702afe38d2d2425a9b41828bf926fbf5,direct_traffic
485cb83a55274cf2ba38ac8de5107e97,2017-08-25 21:22:03,22d5f074d6fd43b2b796684fe6998629,organic_search
bccbddc62eef42c48e44c9cb0ef0435e,2017-11-26 00:52:29,24f5fbd22d624e12b58faeb2f2742ebb,organic_search
447eed96d8984c75bef16abac5f36946,2017-11-03 07:14:22,6eb360925f334493a6951325d8182624,paid_search
fe866a331c774879954395c4868fca25,2017-10-20 23:48:08,54dadc715073494a9f52e4f263e34d4e,social
a01b23e242d448d7959543d62a964815,2018-02-17 07:01:17,eabde2c6e9064911b23d789ff68f2bbb,direct_traffic
ef9b11bb51314a7099218fab48b1b6ec,2018-04-10 07:08:53,c2366a33c94543b4a5c36a8911cb5ebe,organic_search
db9c95d7227e457da7ffe37748c15789,2017-06-03 20:59:29,7b5e3159006745bdbee47199b5293638,organic_search
e819cfe8bce34188b1a07f30a7e64044,2018-01-27 03:00:32,54ac0583af594362879a48b3c36bac75,display
25ca78b994514b7bb41e0ef175b4ac3a,2018-05-18 21:36:29,6eb360925f334493a6951325d8182624,organic_search
706990d375084936b114e17ac34f0daa,2017-07-18 22:09:43,dc97f501f52d4c12817bfe088b55a525,referral
b902ffb89a994e5fa2b13c9efc47f6cf,2017-08-14 14:29:02,eabde2c6e9064911b23d789ff68f2bbb,referral
0a73c9aa7cc841c98de947b757d15bba,2018-04-21 05:29:42,22d5f074d6fd43b2b796684fe6998629,email
8ebc3c45eebf4fb89792195b911d2912,2017-08-17 04:12:26,54ac0583af594362879a48b3c36bac75,organic_search
af7632858baf4e83a67a62f30936170c,2017-08-20 04:17:56,54dadc715073494a9f52e4f263e34d4e,email
1ebb474be8ae48278e934ccb1e421bc1,2018-05-18 16:45:38,7b5e3159006745bdbee47199b5293638,direct_traffic
3b9a76e7e9be49d6a4b8bcf743300aa3,2018-01-25 05:05:02,eabde2c6e9064911b23d789ff68f2bbb,social
a783ba1696e0466dacedde803cf2ed22,2017-07-29 22:03:28,d650cf637d2e4393939ab7a1b5bd56fb,paid_search
26e018755ee1446dbff75c553eb02f48,2018-05-11 03:14:56,dc97f501f52d4c12817bfe088b55a525,organic_search
054599e5fc9149be8ba7e9e01626d7ff,2017-07-28 13:55:45,ff05ce68802a4f1796f1c6ff9508133e,organic_search
12b6bd9653104c6db62b2ab0e017001a,2017-07-24 04:42:54,c2366a33c94543b4a5c36a8911cb5ebe,social
5a773241060541139fd830fd27c393bc,2017-09-01 01:31:25,dc97f501f52d4c12817bfe088b55a525,social
92b331a3f2554bbe956546dc1801d91f,2018-04-13 01:09:43,b3ebd0b9fc81475f87eaafca8d37f073,paid_search
4e2f97f5a71a4b35972565578593925b,2017-08-09 12:29:09,57b30bb0fe284da5b57510a8823d88a2,paid_search
4403f7cf08e843faac2a0a1c0c3a8095,2018-02-26 15:56:01,c2366a33c94543b4a5c36a8911cb5ebe,paid_search
f0a16d6745194eaaad0a96716b8b0c9f,2017-10-06 07:12:25,c2366a33c94543b4a5c36a8911cb5ebe,social
ae8fdadcf6044563a1496b1e1df173d3,2018-04-15 07:47:41,eabde2c6e9064911b23d789ff68f2bbb,organic_social
f573c13d18c64b2d9c6364d00cd80ae8,2017-10-29 20:49:17,54ac0583af594362879a48b3c36bac75,organic_search
4009d63310df41049a275e14d0ca42cb,2018-01-07 13:50:44,42aab95b911f48e28fc6e5aff6d61bab,paid_search
c1bdf2ae5800434fa12c6509c91b964d,2017-09-15 19:31:14,e73bb83cf417427888827b7bd8835d0c,organic_search
628e2614c3ea41b5b0bbe001b4938ebf,2018-05-05 06:30:40,b3ebd0b9fc81475f87eaafca8d37f073,social
426d7fd839034dab81b8b55706ac0d1c,2018-04-30 10:58:33,d650cf637d2e4393939ab7a1b5bd56fb,direct_traffic
5cda5dabfc894a8cbf23acb664f1aff5,2018-02-22 03:46:22,2566ffa7a57141909a5618885cb43553,organic_social
23e887f2da044767b36c4f214841db32,2017-10-23 06:24:46,dc97f501f52d4c12817bfe088b55a525,organic_search
8132342f872e48a3a1d5b66b23d0f88c,2017-07-17 10:21:23,e73bb83cf417427888827b7bd8835d0c,display
e533a5027c1d40538087ee80222f8003,2018-03-13 14:22:25,d4a547d9c0264e5e821f2ce922348c3d,organic_search
e18f7024eb9b41bf8ff4f73bc0c4fbaf,2018-02-24 05:07:10,c2366a33c94543b4a5c36a8911cb5ebe,social
33a9ba27bef6491985e2da6eada74f9d,2017-11-20 00:19:05,702afe38d2d2425a9b41828bf926fbf5,organic_search
5486f71332554a409664292c5c3beca4,2018-05-07 11:53:33,2566ffa7a57141909a5618885cb43553,referral
e019eb12ee934894aa7f3e7899468c97,2017-08-16 21:42:41,0c738336dbd04e959c993ff02dbf5e0f,social
c383870e022f43b082921d4c56858928,2017-12-10 04:41:23,e73bb83cf417427888827b7bd8835d0c,direct_traffic
df5d45a16dbc4a2da77a1a1454652890,2018-03-30 07:03:02,f7f91884fcc441c3a73051d4c1896af9,email
be2e1580afc247f8a5f74d0156977e54,2017-12-05 12:44:31,22d5f074d6fd43b2b796684fe6998629,organic_search
c4258457181a4c6db3e63b2fa639fa41,2017-12-12 02:24:13,280fc02b8ead46d897a70c9fa8a76c35,organic_search
baf9255f8e1d452b9c0078c7008b52d8,2018-05-02 00:02:42,280fc02b8ead46d897a70c9fa8a76c35,referral
76b2b3ae76a94198b19d87ea6c8054b1,2017-09-18 20:42:42,fd67c44c56284345a9d416ecc4e70697,paid_search
b75ef62210334c04b95872bc2e77bac8,2017-11-24 04:40:03,d650cf637d2e4393939ab7a1b5bd56fb,organic_search
64534a16d7724623b37d673cc3e4b015,2018-05-22 21:14:35,6eb360925f334493a6951325d8182624,paid_search
5a8ced585c5647bdacd471dd95919011,2017-06-09 03:32:16,9949586af6134c339c1809ad3ec0df66,social
acacf112635246c1bba9a019454400e7,2018-01-19 04:19:11,2566ffa7a57141909a5618885cb43553,organic_search
6ad7c1612bf940d1945ce9dcd98aa7d5,2017-10-20 06:56:42,7b5e3159006745bdbee47199b5293638,organic_search
1ae6eb46128d49bfb05abe9d7f9e2c81,2017-12-01 20:00:49,42aab95b911f48e28fc6e5aff6d61bab,organic_search
a053e37587314d46b74833cfbf3bbd23,2018-03-04 13:21:02,ff05ce68802a4f1796f1c6ff9508133e,paid_search
fd110b91392f41b884bd0f952b87d82a,2017-11-05 04:44:43,54ac0583af594362879a48b3c36bac75,referral
91b130e9734640ccbac0501aaf02eab6,2017-06-14 09:26:34,24f5fbd22d624e12b58faeb2f2742ebb,
6a5e697adecd407aa559b98daade1eb1,2017-08-19 00:56:01,2566ffa7a57141909a5618885cb43553,social
6e35fc25cbd549e89fd61a8bad8d6c3b,2018-02-02 01:57:33,7b5e3159006745bdbee47199b5293638,organic_search
392ba493bc854e3b8c06951cfd5be9bc,2017-08-03 13:10:24,fd67c44c56284345a9d416ecc4e70697,organic_social
9ee15b86f9904d638f7dabf74ebc9b26,2017-08-22 17:27:04,9949586af6134c339c1809ad3ec0df66,social
6d8c845175d04d71915995d1693ace63,2018-03-13 18:01:01,b5aed19b7ce942ceb1082d725df90ba9,organic_search
5c833273eb2e41d4af72eeaa0b9d877a,2017-07-01 06:03:24,fd67c44c56284345a9d416ecc4e70697,organic_social
5ccbde3a4a864ed7884c536b54a845d9,2018-04-14 02:14:23,b3ebd0b9fc81475f87eaafca8d37f073,direct_traffic
099101fc97524d4aa617a0ebb7ac1aef,2017-07-14 15:42:01,7b5e3159006745bdbee47199b5293638,direct_traffic
444d675732354c629fb15628d12d57fc,2018-03-30 00:48:53,7b5e3159006745bdbee47199b5293638,direct_traffic
c0e799cd726542d6bbf9f100abb60524,2017-09-25 04:43:57,2566ffa7a57141909a5618885cb43553,organic_search
ad4defd5d5f241dcabcb9298cb4b9f8e,2017-10-23 19:20:05,d4a547d9c0264e5e821f2ce922348c3d,organic_search
d75823d4266342adaecc9a4e9421c1b8,2017-07-25 12:27:57,42aab95b911f48e28fc6e5aff6d61bab,direct_traffic
b52d347a48254a0eb1ffb8ef96088382,2017-10-12 05:46:27,bd7014dfab0643b08af9d59f9064c67f,organic_search
4c98f73c94444123ae957554024dc48d,2018-05-17 23:00:02,d4a547d9c0264e5e821f2ce922348c3d,paid_search
bfbdc82ef7c84baa8ce00ac64cdb3746,2017-06-04 08:04:36,f7f91884fcc441c3a73051d4c1896af9,email
115b4970f7374d9a853da137e66987d9,2018-05-30 10:23:35,eabde2c6e9064911b23d789ff68f2bbb,email
8986baeb35c3437bb653ab1e1e042f6e,2017-10-06 02:08:07,dc97f501f52d4c12817bfe088b55a525,paid_search
58b2b677a22f41809f82a2520b66ee6d,2017-06-09 22:25:58,7e92b46dac574b1b9786c529162a68c6,email
6413d0e6665f4431a026070cf97624d1,2017-12-25 18:04:22,702afe38d2d2425a9b41828bf926fbf5,email
7fe786d1c7ef46f58218ab8eb4e6c51a,2018-04-24 16:26:15,7e92b46dac574b1b9786c529162a68c6,direct_traffic
4613c7d34bed423bbc2f0302cd88a044,2018-01-03 11:13:24,fd67c44c56284345a9d416ecc4e70697,organic_search
617aade11d08403abb4af7c3f00b8a24,2017-07-04 13:30:13,b3ebd0b9fc81475f87eaafca8d37f073,organic_search
919d88c19d4b4b2282a3723c361451d9,2018-03-30 12:40:17,7e92b46dac574b1b9786c529162a68c6,paid_search
6bfc7d9a5152438b862676737d2beaa1,2017-10-24 15:28:47,bd7014dfab0643b08af9d59f9064c67f,organic_search
53c5d7cb4eb043cea0ae3f1872bee493,2017-08-28 08:57:36,b5aed19b7ce942ceb1082d725df90ba9,organic_search
5f36452e1b6f45128b82791b21ce600a,2018-02-01 03:52:29,2566ffa7a57141909a5618885cb43553,organic_search
2183603b084f4729bb5112fb6f13a6a2,2017-10-07 16:48:41,7b5e3159006745bdbee47199b5293638,paid_search
aa0dc4cf3f2d4a2483e8c2ba9bdc7efe,2017-06-02 04:01:31,eabde2c6e9064911b23d789ff68f2bbb,organic_social
20789a06a15244f49d1a8d097e8112c0,2018-03-12 02:09:45,d650cf637d2e4393939ab7a1b5bd56fb,organic_search
