mql_id,seller_id,sdr_id,sr_id,won_date,business_segment,lead_type,lead_behaviour_profile,has_company,has_gtin,average_stock,business_type,declared_product_catalog_size,declared_monthly_revenue
6bb4cfb9e247456097ca648523a0ab04,55ab8902ebc34bc1a613c59f8a70d721,97f1252659a04d0caa5ffa7243e35241,cc27b8fb702046d29d76750728202170,2017-10-06 18:21:18,pet,online_store,wolf,1,1,50-100,reseller,117,57214.07
6dc31fc5ba7d4bd9b971840d726359b7,1aeaa0cf032f4627aed22014c4ddd8bc,09e5eddb7ee842d4b6b3dae3646c6afd,07cf8789d7b443c0a7594a1fcf5bb9f9,2017-11-05 03:54:18,housewares,reseller,cat,1,1,5-20,reseller,66,14778.27
1465f13ed9de4400bf83203a51db1f04,a65adeebcd9345d1b7b8382fc67c0a3e,69221f1e41934bf2b9ab7808020034ff,a4edd3568d2647b698c1e5acdb70daff,2017-11-07 04:30:29,small_appliances,industry,wolf,1,0,5-20,reseller,45,10958.86
0ef68c15b5cd47f99bc30b8221572fe2,942dd8c2ef41441d83b392608d287396,4f812f3ad9cd426cbaf9e690273bb089,c4cfe800e4424903adf78f5d0571372c,2018-01-28 17:48:55,audio_video_electronics,offline,eagle,1,1,50-100,manufacturer,19,10073.58
0ce45d4789a4453d836cc908cc2c6454,9127f0ea7bfb4a1ebdd9070ab450d832,4573ec52658544e8b0f28b0c6cf5339e,5820beab246140938f1a5b48d03b5345,2018-05-14 23:42:22,small_appliances,industry,cat,1,1,20-50,reseller,191,61655.28
c8dcb6c8dd514b488458dd8a586bc0f1,4b6539e2362f47bba3adbd0475a4ffa8,81cf4930132741e1a5ef4e05deaca631,4d9268c3ac95483498a19803d35254b1,2018-04-11 17:35:55,pet,manufacturer,shark,1,0,100-500,manufacturer,16,2685.2
40a45716eb7b4868a09429d386880145,abace2300990447cb8bd17d59c27f6c6,97f1252659a04d0caa5ffa7243e35241,07cf8789d7b443c0a7594a1fcf5bb9f9,2017-09-09 01:29:02,health_beauty,online_store,shark,1,0,50-100,manufacturer,181,40441.67
9814eecde5d646f691a884f381c7c14c,5137bd8b256a483aafcd8bf593b958c0,8c86913a5ba14fabbce7cbedb5b68cde,a4edd3568d2647b698c1e5acdb70daff,2017-10-02 14:33:52,car_accessories,online_store,cat,1,1,20-50,other,6,11873.07
a2819790e03d4c2fbcf6a562b3bdfb4c,b23630933c8a454681ac85913bcb53d0,97592a3fa8e44fcba4a18f16ce8ce43c,569596ca2e674244a94abd6ad9b2b8ea,2017-08-07 19:41:39,audio_video_electronics,offline,wolf,1,0,20-50,reseller,28,4756.73
5575fb436a26493aa8cdeb19d0a29784,e4bf964c1f1e418ba9a5fad43451b66d,81cf4930132741e1a5ef4e05deaca631,cc27b8fb702046d29d76750728202170,2017-08-16 10:40:28,housewares,manufacturer,wolf,1,0,50-100,reseller,18,119993.83
a02645c6501947dc91b93face9001308,6b96728a0f3d4f7596669118e035f660,f51d7158f5324fc5802d7e93b87e83be,07cf8789d7b443c0a7594a1fcf5bb9f9,2017-10-27 22:12:43,fashion_accessories,offline,eagle,1,0,20-50,reseller,28,6538.69
6037b42d5fca4e91ae344c572f1bf6f2,62e1b37f30cc463aa0d231ceba9ca3d6,4f812f3ad9cd426cbaf9e690273bb089,751e472f5a70462ab0173a50c63fd09b,2018-03-07 04:26:17,fashion_accessories,online_store,wolf,0,0,1-5,reseller,13,2912.13
d6502ef1fd0b4557a41f065653c21888,d60f3d0b072e424c93ef442cb05ae177,8c86913a5ba14fabbce7cbedb5b68cde,c4cfe800e4424903adf78f5d0571372c,2018-03-14 20:22:41,car_accessories,offline,cat,0,1,100-500,reseller,10,44002.49
52c196ea44a84b88968d066c7f5a78a4,0685087504b5453f8c1e4c6d955c7c38,09e5eddb7ee842d4b6b3dae3646c6afd,a4edd3568d2647b698c1e5acdb70daff,2018-03-05 10:39:55,housewares,offline,wolf,1,0,20-50,manufacturer,83,267832.37
74a944a37350416cbf61e787a58d6215,e9467de9cf4f4d1c8d7cc522d277ddf2,69221f1e41934bf2b9ab7808020034ff,c4cfe800e4424903adf78f5d0571372c,2018-01-01 07:55:57,sports_leisure,online_store,eagle,1,1,100-500,other,5,4420.54
ec78641598f44677a7199dff45e8f0af,3421b9f906924470846ac5921187d8aa,09e5eddb7ee842d4b6b3dae3646c6afd,07cf8789d7b443c0a7594a1fcf5bb9f9,2018-02-09 07:06:13,health_beauty,manufacturer,cat,1,0,50-100,manufacturer,25,5795.15
50cc8ee3e3da491c968c69bc7ca89603,9a84bd14dca841f188195d282504f459,97592a3fa8e44fcba4a18f16ce8ce43c,1d72da384eb24590a8e3c1e8b8a58b41,2017-09-20 18:08:29,car_accessories,industry,eagle,1,0,1-5,reseller,191,5741.91
005dfb013c6b445d9aadc60c26c3f758,58e0bbc68f844308827255396dad7666,4f812f3ad9cd426cbaf9e690273bb089,07cf8789d7b443c0a7594a1fcf5bb9f9,2018-02-21 23:31:32,small_appliances,industry,cat,0,1,100-500,manufacturer,56,5100.45
62530a971bbd43e7a8fe4ac398481226,7eff7b20c113422ba2013e6bcb21cb98,daebb625f0fb4adeb84313cec795ecba,a4edd3568d2647b698c1e5acdb70daff,2018-01-05 07:08:05,housewares,industry,cat,0,0,5-20,reseller,32,25889.71
4c25d2d3d89a434687c4e7ae4f4c5703,b82489b2c8b84abd8d4990feaf41c6d4,81cf4930132741e1a5ef4e05deaca631,0e260670826c4acc8f9476ca589809fd,2018-02-09 10:38:09,housewares,reseller,wolf,1,1,5-20,manufacturer,16,87536.48
b7e73922b995418d9dff6d4d85ad51e2,504e5ac0909241baac336709c232a8f1,69221f1e41934bf2b9ab7808020034ff,4d9268c3ac95483498a19803d35254b1,2018-04-08 15:00:51,food_drink,online_store,shark,1,0,20-50,reseller,42,7602.88
763b6ba2b2e84439927f13317d3769a0,bd5d9f579cea4f668f4a18eb423bf14b,97592a3fa8e44fcba4a18f16ce8ce43c,1d72da384eb24590a8e3c1e8b8a58b41,2018-06-06 21:15:29,health_beauty,online_store,eagle,1,1,20-50,manufacturer,53,8178.55
1f8c03589f384a6283fae520f942ee93,bb0bf5dda6a44a70906ae3ef80da55eb,8c86913a5ba14fabbce7cbedb5b68cde,25b49e2c2ce144c1b9092f79039b92e4,2017-10-31 04:44:33,pet,offline,shark,1,1,100-500,reseller,43,42404.23
27708d9f68694020a91382ac3e0378c4,18c4510ca9c94686b0c91a4b36511bda,02eb23b3ffaa48adbb7d260d6a5d95c0,751e472f5a70462ab0173a50c63fd09b,2017-09-21 13:26:46,audio_video_electronics,offline,shark,1,1,5-20,reseller,79,1906.53
be496fd771df4cd5bc285f8f2fba9fdd,83852366b5734e0fae94495962cbecfa,97f1252659a04d0caa5ffa7243e35241,569596ca2e674244a94abd6ad9b2b8ea,2017-11-25 17:17:11,health_beauty,other,cat,0,0,20-50,reseller,104,5351.32
a9c83a7b3470438092daac57ce8b5ca2,5ff4d68866634549848463fc86a25fae,81cf4930132741e1a5ef4e05deaca631,1473f2c33b544d8aa786d7a89df9e9e7,2018-05-05 00:32:48,housewares,online_store,wolf,1,0,50-100,reseller,102,115381.38
27adbf121316487e971e95a5aa779a30,26d93bcadf8d4ec0873ab4c6aa22ed50,69221f1e41934bf2b9ab7808020034ff,25b49e2c2ce144c1b9092f79039b92e4,2017-10-21 13:23:34,small_appliances,online_store,wolf,1,1,20-50,other,120,118196.85
9c755f8a3c7545949335e4b9dad684c9,d37f3409a900430bad96e34d01129a89,81cf4930132741e1a5ef4e05deaca631,07cf8789d7b443c0a7594a1fcf5bb9f9,2018-01-18 07:32:51,audio_video_electronics,online_store,shark,1,0,50-100,manufacturer,161,4407.77
8d2dfa55cdfb4979acb333533493ac2f,37b13c1ca3a248649e1663fd6be63b89,4f812f3ad9cd426cbaf9e690273bb089,a4edd3568d2647b698c1e5acdb70daff,2017-12-06 02:41:18,fashion_accessories,industry,wolf,0,1,5-20,reseller,88,12068.42
14052220c0d346c0b09456d3e3f418e8,d480eb2939774bd39254e1b899a8b63a,daebb625f0fb4adeb84313cec795ecba,1d72da384eb24590a8e3c1e8b8a58b41,2018-06-03 00:02:40,housewares,online_store,wolf,1,1,20-50,reseller,161,16563.17
d83aed83fdf24707b5f35f9bbaec8d21,aff2fdeac8b645fc9cc95d89be268912,09e5eddb7ee842d4b6b3dae3646c6afd,25b49e2c2ce144c1b9092f79039b92e4,2018-06-11 11:12:06,sports_leisure,industry,shark,0,1,50-100,reseller,24,9428.15
fb47ab3d42714f47b128b47f0afaefe8,4a9a1b4644b54917a3daf801a43f9c73,02eb23b3ffaa48adbb7d260d6a5d95c0,85261b2dd72d4c4d8fae2264a3d2e93f,2017-10-10 16:59:52,audio_video_electronics,industry,cat,1,1,100-500,reseller,118,113630.49
a3bdf4900070413f9c70c2d0920609d0,8500ee207cd443559bc5c6853e80d904,4573ec52658544e8b0f28b0c6cf5339e,85261b2dd72d4c4d8fae2264a3d2e93f,2018-03-18 05:57:49,audio_video_electronics,online_store,cat,1,1,5-20,reseller,36,24881.07
d791cf5de3df443d977246d092b2aa1a,d2bde5eb4ff345459736a28f59bc078a,69221f1e41934bf2b9ab7808020034ff,1473f2c33b544d8aa786d7a89df9e9e7,2017-09-02 05:39:20,construction_tools_housewares,offline,eagle,1,1,50-100,reseller,67,10566.38
fe69e43801f441f9b71a1e9b58ae53c9,969db8a5ce864e128647b40daa2743ff,4f812f3ad9cd426cbaf9e690273bb089,751e472f5a70462ab0173a50c63fd09b,2017-10-07 19:55:52,food_drink,online_store,wolf,0,1,5-20,manufacturer,61,2688.66
68c324622bcb4bd09141db45af5b8c5c,a83552af785a4d9eb11230c71152ee2e,4f812f3ad9cd426cbaf9e690273bb089,a4edd3568d2647b698c1e5acdb70daff,2018-04-12 08:06:33,food_drink,manufacturer,eagle,1,1,100-500,reseller,21,5782.58
22dbff69f8494141862cb116d02c44df,3d9ffa402dea4ad79ed8985bd7d445ba,02eb23b3ffaa48adbb7d260d6a5d95c0,c231d194ee7f4dbf924d6ead7a9553e5,2017-09-16 06:46:01,housewares,offline,cat,1,0,20-50,reseller,16,30767.01
9d9d4f7730a5430fa05cc3700f282f3f,c242b291c1ea466fac9a4b1a5ccd6f4a,8c86913a5ba14fabbce7cbedb5b68cde,07cf8789d7b443c0a7594a1fcf5bb9f9,2018-01-27 20:38:28,pet,industry,cat,0,1,100-500,reseller,39,11689.53
cdb7a10675e844648f9a8db6a46de187,7e75b1dac77040a9aed00d649c5dc0c3,4573ec52658544e8b0f28b0c6cf5339e,1473f2c33b544d8aa786d7a89df9e9e7,2018-02-26 00:34:34,sports_leisure,offline,cat,0,1,5-20,manufacturer,25,8041.15
e8e2b796c7574ee48872f05f5ae5c8f0,c1ddaf61878d494d975a9a109f65e98e,69221f1e41934bf2b9ab7808020034ff,cc27b8fb702046d29d76750728202170,2017-12-16 06:08:27,audio_video_electronics,industry,cat,0,1,50-100,other,49,6781.32
9229aeff865b40d09e1b6d5e72a239fb,29c2417a0f554a5a9b3087e601198ac6,daebb625f0fb4adeb84313cec795ecba,569596ca2e674244a94abd6ad9b2b8ea,2017-07-13 22:59:49,housewares,industry,eagle,1,1,20-50,manufacturer,112,28155.71
eeee05260aec4440bcdcfb8cedf8d2b1,a102541cae4c4a508183b29d0923a1be,8c86913a5ba14fabbce7cbedb5b68cde,5820beab246140938f1a5b48d03b5345,2017-08-21 05:30:36,pet,offline,eagle,0,1,20-50,reseller,10,5024.89
b45cf10b799048d684562601d640829b,39f93b43809d41039039f24a14dbda3f,4f812f3ad9cd426cbaf9e690273bb089,07cf8789d7b443c0a7594a1fcf5bb9f9,2018-05-31 08:44:27,housewares,online_store,cat,1,1,5-20,reseller,16,4881.65
e59e56193dbd4634978e737b2ba319cd,b1bdf33f702445dbb1f06be81b625427,f51d7158f5324fc5802d7e93b87e83be,c4cfe800e4424903adf78f5d0571372c,2018-04-19 03:06:05,home_decor,online_store,wolf,1,0,20-50,reseller,19,154927.01
d97f79fff5f1407e953219651efd9477,99773dac32124d45a2d42259d3653958,81cf4930132741e1a5ef4e05deaca631,cc27b8fb702046d29d76750728202170,2018-03-28 02:09:08,health_beauty,online_store,wolf,1,1,5-20,reseller,11,19231.89
8c38dc7db801405eb5a58b0e089304c2,015ee70c432e45d9873aaabac1caa1df,8c86913a5ba14fabbce7cbedb5b68cde,07cf8789d7b443c0a7594a1fcf5bb9f9,2017-07-17 10:41:57,audio_video_electronics,manufacturer,cat,1,1,20-50,reseller,48,9123.89
ea8ef5f67aef416db150560ed8aec610,d614802f4a2a4b0fad3b59e1c7a2cd7e,427e35d594a645f58452692c4eca2549,0e260670826c4acc8f9476ca589809fd,2018-05-03 05:06:32,housewares,online_store,cat,1,1,50-100,reseller,148,2702.84
a59e8e15397c4628bb08c0a9660dc4cb,5683604e9b624c46b0f17713273bf952,09e5eddb7ee842d4b6b3dae3646c6afd,a4edd3568d2647b698c1e5acdb70daff,2017-08-01 18:25:40,fashion_accessories,online_store,eagle,1,0,100-500,reseller,70,15011.73
2e3fb1df8be94a399b12223cb14694ed,363616b97ba145d89d4839a0d85c16e9,4f812f3ad9cd426cbaf9e690273bb089,85261b2dd72d4c4d8fae2264a3d2e93f,2018-05-04 06:28:24,health_beauty,industry,eagle,0,0,1-5,reseller,53,36014.75
ff395522c7a04996a7e257f8a94e4351,8dcbc6c95b8c46f799bd9ec9518ea03e,f51d7158f5324fc5802d7e93b87e83be,5820beab246140938f1a5b48d03b5345,2017-09-04 23:11:59,pet,industry,eagle,1,0,50-100,reseller,134,103885.91
a7d02a9947e94be5a7161537dce68181,7e4475c79ba3429e8833e61fff11d43f,97592a3fa8e44fcba4a18f16ce8ce43c,569596ca2e674244a94abd6ad9b2b8ea,2018-04-02 22:30:28,audio_video_electronics,online_store,eagle,1,0,20-50,manufacturer,63,5966.62
047559c552484494b137336a65a4f317,20f40cbef45145aba4950256b3546c75,4573ec52658544e8b0f28b0c6cf5339e,25b49e2c2ce144c1b9092f79039b92e4,2017-06-19 21:48:45,pet,online_store,shark,1,1,50-100,manufacturer,51,4877.41
1b63eca454cb4035a0b5a82bb148722f,98ea8d6dde244c56a3edbcc5592d54c6,daebb625f0fb4adeb84313cec795ecba,1d72da384eb24590a8e3c1e8b8a58b41,2018-07-09 15:34:48,food_drink,offline,eagle,1,0,50-100,manufacturer,13,507.17
846edf85236a4ad59af9f58569d044ce,d4796a147d2d4dbea9a50d5daddee5a0,97592a3fa8e44fcba4a18f16ce8ce43c,cc27b8fb702046d29d76750728202170,2017-11-11 02:57:04,housewares,offline,eagle,1,1,20-50,manufacturer,81,37671.01
a0bf67080236496cba7cac835759f363,d51c2d277a3243d783fc7b8ae7ca7d8a,02eb23b3ffaa48adbb7d260d6a5d95c0,07cf8789d7b443c0a7594a1fcf5bb9f9,2017-08-04 22:48:02,housewares,industry,shark,1,1,5-20,reseller,34,33640.24
2a32d46ce1ef4d5889b3f30c91c1254a,19725b138d5f46a8903f95c4f19c0126,f51d7158f5324fc5802d7e93b87e83be,25b49e2c2ce144c1b9092f79039b92e4,2018-05-28 10:36:21,pet,industry,eagle,0,0,20-50,reseller,9,30465.43
66d419f82a904635a14099af6e931d3d,9308188a66ff4c7587a4562156331bd1,8c86913a5ba14fabbce7cbedb5b68cde,5820beab246140938f1a5b48d03b5345,2017-11-16 06:22:11,small_appliances,manufacturer,eagle,0,0,20-50,reseller,22,78988.97
ef8974d91b1b44f6b215dcba09190b92,53f65b60dc324ba5b512084b6a6ed48e,4573ec52658544e8b0f28b0c6cf5339e,569596ca2e674244a94abd6ad9b2b8ea,2018-04-07 05:47:08,audio_video_electronics,industry,cat,1,1,20-50,reseller,21,16973.5
8f0f82f9408f41e2a49c4f8f456fb9f5,0fd08c0be9c946c780c80587ff597eba,81cf4930132741e1a5ef4e05deaca631,4b53e0ac0a5b4be895208421c4a6c71a,2017-12-29 18:30:13,health_beauty,manufacturer,cat,1,0,100-500,reseller,23,11465.66
2fa945b02b6346acb865ee7bc3a75822,4c5b7eee5d9e4cf28ffe27d64052770a,f51d7158f5324fc5802d7e93b87e83be,a4edd3568d2647b698c1e5acdb70daff,2018-06-04 02:25:42,housewares,online_store,cat,1,0,20-50,reseller,30,30800.26
e1eea110f6ca4e0da7dd7cf95b6aa64c,bf1f1b5991574cf59d723d95ef160a39,427e35d594a645f58452692c4eca2549,1d72da384eb24590a8e3c1e8b8a58b41,2018-05-05 11:39:33,small_appliances,reseller,cat,0,0,100-500,manufacturer,79,1591.05
9ce4a66d27604c2e842a4208f76043c5,14f3c5bd1edb40f88f69161568fea626,4f812f3ad9cd426cbaf9e690273bb089,1d72da384eb24590a8e3c1e8b8a58b41,2018-03-30 17:33:20,car_accessories,online_store,wolf,1,1,50-100,reseller,25,83949.52
e0e476d603d6442a8476e119407488cf,a54369ac96844995a4d84a46f7151989,f51d7158f5324fc5802d7e93b87e83be,c4cfe800e4424903adf78f5d0571372c,2018-01-23 10:40:32,housewares,online_store,wolf,1,0,20-50,reseller,11,8749.73
dd2a374e222543febcf56afa41ecff4d,4023838c82c7439380379a9d6ac51b7e,4f812f3ad9cd426cbaf9e690273bb089,85261b2dd72d4c4d8fae2264a3d2e93f,2017-12-11 00:52:05,small_appliances,offline,eagle,1,1,1-5,reseller,63,118625.43
8622a007e6ad420ba70e63013423935a,ff3327cd1b96400dbc066e2d2be4992a,69221f1e41934bf2b9ab7808020034ff,25b49e2c2ce144c1b9092f79039b92e4,2018-03-24 14:49:43,housewares,offline,shark,1,0,1-5,reseller,42,12334.14
c93262809c5c4db788e5ecc061f0e063,8c44943b7eb54410be07c19470425439,97592a3fa8e44fcba4a18f16ce8ce43c,0e260670826c4acc8f9476ca589809fd,2017-12-17 13:44:14,construction_tools_housewares,online_store,cat,0,1,50-100,reseller,64,33656.53
3628525cd70446f48f8bdd48956b77f4,368a1962309e4cd5aa4044e232dd1cc2,69221f1e41934bf2b9ab7808020034ff,4b53e0ac0a5b4be895208421c4a6c71a,2017-09-28 05:56:24,housewares,manufacturer,cat,0,0,50-100,reseller,35,31090.49
2436f0e332a846a39b639ed71fbe1cc2,c5400439b65d49869a457315bf8a42dc,4f812f3ad9cd426cbaf9e690273bb089,4d9268c3ac95483498a19803d35254b1,2018-05-10 03:16:12,health_beauty,online_store,cat,1,1,20-50,manufacturer,25,4159.88
e636ae3d444346758c23cf31f6bc51bc,795b360798bf4a46ab6b61688d4326f6,81cf4930132741e1a5ef4e05deaca631,0e260670826c4acc8f9476ca589809fd,2017-09-17 13:56:58,small_appliances,industry,cat,1,1,50-100,manufacturer,30,5282.58
5502b97198b744ce8f1ccc59a98d9ff1,e0757fa4577f4c1e8c003e8567c5351b,81cf4930132741e1a5ef4e05deaca631,c4cfe800e4424903adf78f5d0571372c,2018-06-09 09:22:41,sports_leisure,industry,cat,1,1,20-50,reseller,147,54975.29
fd788f280cca4c4eb530244f0f7093d7,063f709d641b45ffb13f792c0c94d7de,4573ec52658544e8b0f28b0c6cf5339e,1d72da384eb24590a8e3c1e8b8a58b41,2018-06-02 15:22:38,home_decor,online_store,cat,1,0,1-5,manufacturer,95,39397.13
d8b41c06e5654365818c603d34f1ff1b,bbe3e7ec1d4a48768f135db890bc59db,02eb23b3ffaa48adbb7d260d6a5d95c0,5820beab246140938f1a5b48d03b5345,2017-12-13 06:47:37,audio_video_electronics,reseller,cat,0,0,20-50,reseller,43,3750.78
f7dd84c44d2a463889e8b7e3ebfc4a2e,4b62ad208b2a49348f5ef1d5dad8e8e5,69221f1e41934bf2b9ab7808020034ff,4d9268c3ac95483498a19803d35254b1,2017-10-14 21:56:17,car_accessories,online_store,wolf,0,1,20-50,reseller,31,9922.34
5dfbf1965a6642a586bd69c89b01b453,162692e4861441cca2971955633efc0a,97592a3fa8e44fcba4a18f16ce8ce43c,c231d194ee7f4dbf924d6ead7a9553e5,2017-10-15 03:54:17,pet,online_store,eagle,1,1,20-50,reseller,30,12462.05
a6bd20f125fb4e23a19ca4ead63b067f,4250ed857ded4224b23d94824ddfac69,427e35d594a645f58452692c4eca2549,25b49e2c2ce144c1b9092f79039b92e4,2017-08-08 03:29:03,health_beauty,online_store,eagle,1,0,500+,manufacturer,24,25463.99
7f1e8bd7cc7d4af9b73744c84147989e,6564e5b8f92e488b9efbf1a474734a62,4573ec52658544e8b0f28b0c6cf5339e,25b49e2c2ce144c1b9092f79039b92e4,2018-02-01 20:15:32,food_drink,other,shark,1,1,20-50,reseller,63,106551.76
da8eda16b538405b9c0f6f769d0b6608,8913904c883545258d67c5563bb4f188,4f812f3ad9cd426cbaf9e690273bb089,25b49e2c2ce144c1b9092f79039b92e4,2017-08-30 19:55:55,pet,manufacturer,shark,1,0,5-20,reseller,27,6292.38
020e784496ff416a99882deced0b317b,9c5b180b92b2481eb38239e06b113726,8c86913a5ba14fabbce7cbedb5b68cde,cc27b8fb702046d29d76750728202170,2018-01-19 11:20:21,sports_leisure,offline,eagle,1,1,5-20,reseller,71,7329.68
6ae0c600219b4012bea250371b19fd97,25b55d4c41ee4811bf24a34f1101e699,4573ec52658544e8b0f28b0c6cf5339e,4d9268c3ac95483498a19803d35254b1,2017-07-02 10:23:04,health_beauty,other,shark,0,1,20-50,manufacturer,32,11872.69
5d79b090835c46c5bd5399aef3cb7af8,6df91d7b8e964b338107aa91d0a9307e,427e35d594a645f58452692c4eca2549,4d9268c3ac95483498a19803d35254b1,2018-03-15 01:28:16,audio_video_electronics,online_store,eagle,1,0,5-20,reseller,36,20869.9
767c9edb1a914935ba1618c7c8aa96c1,2dd1c34e071f4a46b6c561d57c8144f0,09e5eddb7ee842d4b6b3dae3646c6afd,c4cfe800e4424903adf78f5d0571372c,2017-08-15 13:49:36,pet,manufacturer,cat,1,1,20-50,reseller,53,14126.87
e91d306a2a604d2aba30946ef65a59e2,0fdcf8d61af143559eab79eadb4ced59,97f1252659a04d0caa5ffa7243e35241,c4cfe800e4424903adf78f5d0571372c,2018-01-28 02:20:47,sports_leisure,industry,cat,0,0,20-50,reseller,12,3448.49
a09a4669bb2145cea94fa7f1e0a664f6,8dbf62f9a3fd401d9d06e3adbd86dcbd,02eb23b3ffaa48adbb7d260d6a5d95c0,cc27b8fb702046d29d76750728202170,2017-11-19 12:44:07,health_beauty,industry,wolf,1,1,5-20,manufacturer,65,24515.18
f32a0bc5d8c1405f8d9d2d96ef6d626e,20835fa7495348259b18eb214b43d74a,69221f1e41934bf2b9ab7808020034ff,07cf8789d7b443c0a7594a1fcf5bb9f9,2018-01-17 08:04:02,construction_tools_housewares,online_store,eagle,0,0,50-100,reseller,25,16378.05
f277a6ebaa484789a1f2e413b48d9897,6cb73bcdeb1444fa81ac1508b777507e,427e35d594a645f58452692c4eca2549,569596ca2e674244a94abd6ad9b2b8ea,2018-01-18 12:59:46,sports_leisure,online_store,wolf,0,0,100-500,reseller,33,8636.27
b900a6ee7eda445d86120e0614913e45,0feab21d55884faf985beb84f0811cac,8c86913a5ba14fabbce7cbedb5b68cde,569596ca2e674244a94abd6ad9b2b8ea,2017-07-11 13:43:55,housewares,online_store,eagle,1,1,20-50,reseller,16,159.81
ba1c96a4fc7a46aab19b1f09192b04f4,fd1262347d9d45e9925a463080e694ea,427e35d594a645f58452692c4eca2549,0e260670826c4acc8f9476ca589809fd,2017-07-16 17:46:25,health_beauty,online_store,wolf,1,1,50-100,reseller,13,4797.84
02045439e8404cb29d2979eb1eb3b412,ff0c326f599a4f8a8c077b013ce72a6b,97f1252659a04d0caa5ffa7243e35241,5820beab246140938f1a5b48d03b5345,2018-04-15 12:23:51,car_accessories,online_store,cat,1,1,20-50,reseller,22,14872.58
832ac51dc32d42f496cdac7c281f4727,77d371826d8441c1a563736f2a557949,09e5eddb7ee842d4b6b3dae3646c6afd,751e472f5a70462ab0173a50c63fd09b,2017-08-09 13:32:33,pet,online_store,shark,0,0,20-50,reseller,17,5891.27
b8016b87d2d648729bc32bda1f4d675b,aa0006188bd741cea124941524cec417,97592a3fa8e44fcba4a18f16ce8ce43c,5820beab246140938f1a5b48d03b5345,2017-08-17 09:45:22,car_accessories,manufacturer,wolf,1,1,1-5,reseller,55,6526.38
9345eb52f6a34fbeb80f9cc6103b1f73,78cc36587fe347c98d2980b9baa32729,f51d7158f5324fc5802d7e93b87e83be,a4edd3568d2647b698c1e5acdb70daff,2018-04-21 05:25:24,sports_leisure,manufacturer,cat,0,1,20-50,reseller,38,38748.95
3379af56ce1f421d8a1e23fcc5cce29a,c74904db78b84bcd9490396743705d68,97f1252659a04d0caa5ffa7243e35241,4b53e0ac0a5b4be895208421c4a6c71a,2018-04-12 22:50:54,health_beauty,online_store,eagle,0,0,20-50,reseller,135,2258.07
23dde8a6fbcc4b1791048bc609fe84a2,de91a5067b2141bd9b99e9791fbf80b1,81cf4930132741e1a5ef4e05deaca631,4b53e0ac0a5b4be895208421c4a6c71a,2017-12-21 22:20:44,construction_tools_housewares,other,wolf,1,1,20-50,reseller,55,31099.77
b481c8229ebc4866a9ff00e4fb117c86,4a9e8943bd02447f960db0fd55bad4a3,4f812f3ad9cd426cbaf9e690273bb089,cc27b8fb702046d29d76750728202170,2018-04-09 14:12:07,construction_tools_housewares,manufacturer,shark,1,0,50-100,reseller,31,22764.88
a6d70a587a2c46afbafa72638b867d08,c68c113ffb984163a0453e2f617b02f2,8c86913a5ba14fabbce7cbedb5b68cde,c231d194ee7f4dbf924d6ead7a9553e5,2018-01-13 13:22:49,car_accessories,online_store,eagle,1,0,100-500,reseller,140,17367.12
3b49b26a76034cf09e802ddbc8f6aeef,d8819bae86664bbdaee867ab5e2a6d4b,97f1252659a04d0caa5ffa7243e35241,569596ca2e674244a94abd6ad9b2b8ea,2017-06-22 01:03:27,fashion_accessories,online_store,cat,1,0,5-20,reseller,9,9101.63
0bb9f67f782142a3a03a3d8ba89849f9,4f15c4b9bd9b4486aa91450786e290e2,4573ec52658544e8b0f28b0c6cf5339e,4b53e0ac0a5b4be895208421c4a6c71a,2018-01-23 15:30:48,pet,offline,eagle,1,1,1-5,manufacturer,115,4980.06
cef5eab5681744eaa6464e77886be4b0,f51c45e7cd8843058b3c20541dc4956f,97f1252659a04d0caa5ffa7243e35241,07cf8789d7b443c0a7594a1fcf5bb9f9,2018-04-08 22:50:04,construction_tools_housewares,online_store,wolf,1,1,1-5,reseller,28,37198.32
de00a5eae58541939256c4e605ede604,b6487108268f42ba8afa47f7f6f8ed8f,97f1252659a04d0caa5ffa7243e35241,4b53e0ac0a5b4be895208421c4a6c71a,2018-02-28 09:00:00,health_beauty,industry,eagle,1,0,5-20,reseller,33,9659.32
a4096e7d21754e5a9b2a9f6a02d8fa21,6ededa4c37d04b1a8330023bcae22790,4573ec52658544e8b0f28b0c6cf5339e,0e260670826c4acc8f9476ca589809fd,2017-10-31 17:28:41,car_accessories,industry,shark,1,1,1-5,reseller,59,9027.43
348c535aeb664198899230380748598e,0c48c3b8168843f4804eb5aa8c9bcbaa,02eb23b3ffaa48adbb7d260d6a5d95c0,4d9268c3ac95483498a19803d35254b1,2018-01-03 03:02:10,health_beauty,other,shark,0,1,5-20,reseller,93,21565.56
ff17f8ce9d184abdb3a13b98e5c184f0,1a752be174644bd199a5fa45409cdaa6,81cf4930132741e1a5ef4e05deaca631,4b53e0ac0a5b4be895208421c4a6c71a,2017-11-28 12:44:29,housewares,offline,wolf,0,1,100-500,other,30,65223.78
25cbdd113bcf4c3c8cf7d00497b3814a,1d0b627a1ae346f08e4898158e768ab4,97f1252659a04d0caa5ffa7243e35241,a4edd3568d2647b698c1e5acdb70daff,2018-01-18 14:34:30,construction_tools_housewares,reseller,wolf,1,0,20-50,reseller,5,30456.39
6d83d9c450ac4fe9a96a3b91cda44ec4,6c6b740727124bb08b237aa949d8f7d5,09e5eddb7ee842d4b6b3dae3646c6afd,25b49e2c2ce144c1b9092f79039b92e4,2018-05-19 16:18:15,fashion_accessories,reseller,wolf,1,0,500+,manufacturer,117,23417.25
71a3f61158ef44729f35631298e1fb53,0f4a10e2e0c24e2fbb688300d4bf3907,97f1252659a04d0caa5ffa7243e35241,751e472f5a70462ab0173a50c63fd09b,2018-03-22 21:10:19,fashion_accessories,offline,eagle,1,1,50-100,reseller,24,68336.67
b28f68fbb883405091f55142ee7b64cc,17c9ef086898459bb4c84e85ae8848b8,8c86913a5ba14fabbce7cbedb5b68cde,a4edd3568d2647b698c1e5acdb70daff,2018-03-16 02:24:15,health_beauty,industry,wolf,1,1,100-500,other,87,22784.24
c83f2ea71ddd4eedb3dd9aef26121032,517e65bc54224d32b89ea5646419dbca,8c86913a5ba14fabbce7cbedb5b68cde,5820beab246140938f1a5b48d03b5345,2017-07-17 19:30:32,pet,industry,eagle,0,1,50-100,reseller,75,19712.59
4c5194d5022644659a550245b076d0c2,901ef24ccd9a42f1866d33ddb1f3629b,4573ec52658544e8b0f28b0c6cf5339e,a4edd3568d2647b698c1e5acdb70daff,2017-10-12 10:00:41,health_beauty,online_store,cat,1,0,50-100,reseller,19,128944.14
54b59f31c4ba4ef5bcbff7823d8cad40,0ea96371ab234f12988773d18456508b,69221f1e41934bf2b9ab7808020034ff,c4cfe800e4424903adf78f5d0571372c,2018-05-22 16:15:50,food_drink,industry,wolf,1,0,50-100,reseller,7,65919.61
c938921800de4ad4971bab6c42d5285a,d77473874b3e43c58e8d3787f36464ab,81cf4930132741e1a5ef4e05deaca631,569596ca2e674244a94abd6ad9b2b8ea,2017-06-20 14:45:44,pet,offline,cat,1,1,20-50,manufacturer,80,4904.22
7666c74676ac447eac9eb8e5a0f96037,f0131a6faa6c4977ac734ccf984a21c6,02eb23b3ffaa48adbb7d260d6a5d95c0,85261b2dd72d4c4d8fae2264a3d2e93f,2018-04-12 13:36:39,housewares,online_store,shark,1,1,50-100,reseller,29,67092.32
3e15985ed0fd4a6a978209ed05c671d6,5f9c80bbc16a4c8ba3fbe7214e019960,69221f1e41934bf2b9ab7808020034ff,25b49e2c2ce144c1b9092f79039b92e4,2017-11-14 17:42:23,pet,industry,wolf,1,0,20-50,manufacturer,39,81011.27
57bb2f85e57d460ea06a469fa6f39704,a99a2ed3f54d4acba7d601a8a770e245,4573ec52658544e8b0f28b0c6cf5339e,25b49e2c2ce144c1b9092f79039b92e4,2018-01-28 04:05:52,health_beauty,reseller,cat,1,1,50-100,reseller,18,41569.23
d5e1678d1c6349d99949aa79f2be6cff,6c50ff96be924507b7674da9dca9e812,4f812f3ad9cd426cbaf9e690273bb089,5820beab246140938f1a5b48d03b5345,2017-07-27 13:51:02,audio_video_electronics,online_store,eagle,1,1,50-100,reseller,44,14377.15
5f224c710c0644d2a858f155295b189b,bfba69e39008470c8a97c6f245eb46d1,427e35d594a645f58452692c4eca2549,cc27b8fb702046d29d76750728202170,2018-05-02 07:20:49,small_appliances,online_store,cat,1,1,50-100,reseller,20,40571.13
f81e7fa2079045c699f5a7c15f96eacb,8e300b5b3d0f401784a0d0303fac56b4,97f1252659a04d0caa5ffa7243e35241,4b53e0ac0a5b4be895208421c4a6c71a,2017-12-17 23:44:43,health_beauty,offline,shark,0,1,20-50,manufacturer,9,36876.96
0c02a38d0050487ea06bb1d5bca8ec8b,40c40d62610042dab8e62c3983020481,427e35d594a645f58452692c4eca2549,85261b2dd72d4c4d8fae2264a3d2e93f,2018-03-14 01:46:44,housewares,offline,eagle,1,1,1-5,other,37,5914.86
7d8b4f8c59ea44d8af7b96017a62cfaa,198226d0aa6749daabf3bb5b66866aa1,4573ec52658544e8b0f28b0c6cf5339e,5820beab246140938f1a5b48d03b5345,2018-02-10 03:45:44,pet,online_store,eagle,0,0,50-100,reseller,196,11029.2
6293d2db00df46808928d0703711531c,029d6027b42e45d9ae9aa8e375be8f62,f51d7158f5324fc5802d7e93b87e83be,569596ca2e674244a94abd6ad9b2b8ea,2018-03-07 13:00:10,baby,online_store,wolf,1,0,100-500,reseller,192,16472.34
ab25eeb9185d4f8d9ecb735ec67bc727,e829dc0652a940dc839f44093c5208a9,97f1252659a04d0caa5ffa7243e35241,4b53e0ac0a5b4be895208421c4a6c71a,2018-01-06 20:48:30,audio_video_electronics,online_store,eagle,1,1,20-50,reseller,64,5535.88
0bda45824f21475788c439731a7deca6,6341be1149794877b4325529c65b2e43,02eb23b3ffaa48adbb7d260d6a5d95c0,c4cfe800e4424903adf78f5d0571372c,2017-12-13 10:04:43,home_decor,other,shark,0,0,100-500,reseller,51,19342.06
93754b05ab68488cb43e45e363f09b70,6971488176f64f3f923b58ed53ed510a,69221f1e41934bf2b9ab7808020034ff,25b49e2c2ce144c1b9092f79039b92e4,2017-10-27 05:57:14,sports_leisure,offline,eagle,0,0,5-20,reseller,185,101044.04
fffc968a44294c09b32844f6911ab991,82a93351ad704a14838fc7e36d01826e,81cf4930132741e1a5ef4e05deaca631,569596ca2e674244a94abd6ad9b2b8ea,2018-05-16 18:18:46,housewares,offline,wolf,1,1,100-500,reseller,96,1144.9
45418a768edd4186bfbbf48cd06a45ea,1c891a699078494fb4a32bc11d4c8e48,8c86913a5ba14fabbce7cbedb5b68cde,0e260670826c4acc8f9476ca589809fd,2017-11-16 17:28:03,health_beauty,industry,eagle,1,0,5-20,reseller,35,17996.13
4c7e37fb2e97454792841737c1b77e6b,644ca81db2c244b495cf1edc2b20331d,f51d7158f5324fc5802d7e93b87e83be,751e472f5a70462ab0173a50c63fd09b,2017-08-09 04:58:55,car_accessories,other,shark,0,0,20-50,reseller,85,788393.64
ab575ec9f91e41e79d5f9ff1c080beea,05ba560e12c348439f00772cf588567a,97592a3fa8e44fcba4a18f16ce8ce43c,cc27b8fb702046d29d76750728202170,2018-05-25 00:56:37,housewares,industry,wolf,0,0,100-500,reseller,143,10566.86
07ddfc520a66465c856a293371b52522,c59f85cb5753420fac9abd47ac55f568,4f812f3ad9cd426cbaf9e690273bb089,5820beab246140938f1a5b48d03b5345,2017-06-20 22:34:37,pet,online_store,eagle,1,0,1-5,reseller,6,8380.96
637205f6ffe2464dbdefb0cb1e36b054,43ab8133fb6747b7a5d39956f5201585,69221f1e41934bf2b9ab7808020034ff,cc27b8fb702046d29d76750728202170,2018-05-26 03:49:17,small_appliances,online_store,eagle,1,0,1-5,reseller,37,34811.72
056073307881495a85453ff0c9e6740d,a21629a5ded84ae6a4998ffccd333800,69221f1e41934bf2b9ab7808020034ff,07cf8789d7b443c0a7594a1fcf5bb9f9,2017-08-24 12:48:43,baby,online_store,shark,0,0,1-5,manufacturer,99,35216.53
d6122f3abdf44c8db2fcf5943c8d7b9d,ecceb417787c4a9c8ecd5fb6384f3f39,97f1252659a04d0caa5ffa7243e35241,569596ca2e674244a94abd6ad9b2b8ea,2018-01-30 04:35:40,baby,offline,eagle,1,0,1-5,manufacturer,86,57377.62
50d8d816620e4fca93edb78ba543a07b,7f9b42a893794dad8249083f07977fcb,02eb23b3ffaa48adbb7d260d6a5d95c0,c4cfe800e4424903adf78f5d0571372c,2018-06-03 20:12:15,audio_video_electronics,reseller,eagle,1,1,20-50,reseller,7,54067.53
ab63c86abfa84948b95665dd80f725be,84572c8b4cdb4e6bb8b34443d5bcefc5,427e35d594a645f58452692c4eca2549,4b53e0ac0a5b4be895208421c4a6c71a,2017-08-19 08:45:26,health_beauty,reseller,cat,0,0,1-5,manufacturer,108,3941.61
9e78fd1b22ff42489519aa9f16f17469,b16a3738817a4d4bbc6b3474b0163267,97f1252659a04d0caa5ffa7243e35241,a4edd3568d2647b698c1e5acdb70daff,2017-08-03 17:05:51,construction_tools_housewares,online_store,shark,0,1,100-500,other,37,32507.31
49508feef61149c7b80e5cbea664f991,3a25fa7b82b24e0998c72b378b59de6f,daebb625f0fb4adeb84313cec795ecba,c231d194ee7f4dbf924d6ead7a9553e5,2018-03-22 10:17:25,health_beauty,online_store,wolf,0,1,100-500,manufacturer,30,6311.94
c57dd8b0c7134d2997fd212744cf83a2,f96f323b2b4743e9a870ba4371e49538,daebb625f0fb4adeb84313cec795ecba,cc27b8fb702046d29d76750728202170,2017-12-02 13:04:44,pet,industry,cat,1,0,50-100,reseller,66,2724.89
3c46467d5a684c6395d5e5c7bbcdd61a,e25d9a7717184528a4628e4fd8d43c71,f51d7158f5324fc5802d7e93b87e83be,5820beab246140938f1a5b48d03b5345,2017-09-17 17:47:07,housewares,manufacturer,wolf,1,0,20-50,reseller,36,5543.58
101ec27dd4b845e08d95c89e45d8c3b9,ae8556e9f84443fe974f6ae76d41ca2c,427e35d594a645f58452692c4eca2549,569596ca2e674244a94abd6ad9b2b8ea,2018-02-28 03:34:23,food_drink,online_store,shark,1,1,50-100,manufacturer,9,4886.29
7cd9365c8675475a8494899a24fb357d,209c6d048c5141bfbd16f488cf9883d1,02eb23b3ffaa48adbb7d260d6a5d95c0,0e260670826c4acc8f9476ca589809fd,2018-03-24 13:04:33,construction_tools_housewares,online_store,wolf,0,0,20-50,reseller,26,62700.23
851e9ec45ad244309929fa2247762485,5c8cf440e60a430fb8c14438c9e64480,8c86913a5ba14fabbce7cbedb5b68cde,4b53e0ac0a5b4be895208421c4a6c71a,2017-08-24 07:53:43,health_beauty,reseller,shark,0,0,20-50,manufacturer,50,7825.09
d8344b6ac963476d9510f40ff06b82b0,8bbd3a0836b2490b8500c2ab8e64ee0a,69221f1e41934bf2b9ab7808020034ff,c231d194ee7f4dbf924d6ead7a9553e5,2017-06-20 18:54:13,pet,reseller,wolf,0,1,20-50,reseller,159,36677.86
e1cbe6b9764d41ce9a54f7447cafb767,6525a31b7b514fb8a54996e71eda79a4,4573ec52658544e8b0f28b0c6cf5339e,85261b2dd72d4c4d8fae2264a3d2e93f,2018-06-09 10:52:24,health_beauty,online_store,cat,1,1,20-50,manufacturer,57,15785.54
4d7bf9126fb742bba43d34d4304975c1,27eb2af5e8ff4711a472e14dba633a8f,69221f1e41934bf2b9ab7808020034ff,1473f2c33b544d8aa786d7a89df9e9e7,2017-06-14 09:55:54,small_appliances,online_store,cat,1,0,500+,reseller,75,57388.55
d075d6a73e4744cd8fd86bad51209c24,572de480324745df8594158c48b23115,09e5eddb7ee842d4b6b3dae3646c6afd,c231d194ee7f4dbf924d6ead7a9553e5,2018-02-27 11:10:50,housewares,reseller,cat,1,1,5-20,other,28,116553.68
842d71efa8b64a4995deb2ecf6408826,0cf3fbae3c334c2a8cee27e200bd9d40,f51d7158f5324fc5802d7e93b87e83be,1473f2c33b544d8aa786d7a89df9e9e7,2018-03-14 09:51:39,health_beauty,reseller,cat,1,0,50-100,reseller,8,6728.17
9d16c500f7564a429401bba0ca467b7f,ed6c10c415bd42718b1bebb473a9467d,4573ec52658544e8b0f28b0c6cf5339e,c4cfe800e4424903adf78f5d0571372c,2018-02-06 10:38:55,home_decor,reseller,cat,0,1,50-100,reseller,68,26677.07
a490bc510eff4c1cbbcd5baec58cfa21,26b185b1fc054fbdb69813c05a6eec26,4573ec52658544e8b0f28b0c6cf5339e,4d9268c3ac95483498a19803d35254b1,2018-06-08 06:57:56,food_drink,offline,eagle,1,1,20-50,reseller,79,30680.37
5b1b7c727f7249b49ff8cce52cd9e453,8b0414ff387641fe8a333811a8b1e99a,81cf4930132741e1a5ef4e05deaca631,07cf8789d7b443c0a7594a1fcf5bb9f9,2017-09-15 03:07:53,sports_leisure,online_store,cat,1,1,1-5,other,17,10598.37
e57f95a8299a4b0f9dc2dfdb799c6ad3,3dc4f499af304c2c9b95d51dd2ca2a3d,97f1252659a04d0caa5ffa7243e35241,751e472f5a70462ab0173a50c63fd09b,2017-08-15 11:05:35,pet,reseller,cat,1,1,20-50,manufacturer,14,5300.15
d3bf84a1c88b49f9b9b967c770ebb18f,7ffe71ab1e3f48beb0855ebbd7467bd2,69221f1e41934bf2b9ab7808020034ff,4d9268c3ac95483498a19803d35254b1,2017-08-28 17:15:49,pet,manufacturer,eagle,1,0,100-500,manufacturer,19,61601.8
391ec6cc3fc14581a8881653eb7ac146,8aa96739653f4ffb9c7ea2a950b03c69,daebb625f0fb4adeb84313cec795ecba,25b49e2c2ce144c1b9092f79039b92e4,2018-04-04 21:17:29,home_decor,industry,eagle,1,1,500+,reseller,108,23506.95
f07f5ab3cb7b4409b5916c987826b203,8b52a30214124b079ef812990fc450d1,427e35d594a645f58452692c4eca2549,1473f2c33b544d8aa786d7a89df9e9e7,2017-08-08 13:01:27,car_accessories,offline,cat,1,1,1-5,reseller,5,39610.96
ea5068bf62b448ef846c74a6fb643aa8,7aa5b4771016439396d8065e9d38dddd,97f1252659a04d0caa5ffa7243e35241,a4edd3568d2647b698c1e5acdb70daff,2017-06-05 17:04:41,health_beauty,online_store,cat,1,1,500+,reseller,50,1724.55
2265af8a623f475fbdd09d8b2498e128,c8238a30aff14d319d24843cff84d8ed,8c86913a5ba14fabbce7cbedb5b68cde,a4edd3568d2647b698c1e5acdb70daff,2018-06-16 08:09:26,health_beauty,online_store,cat,1,1,20-50,reseller,126,19618.44
b46b1316dc77459fbbf511fbdd11e884,cd9775f4a29844a0965ef1956e414ba7,09e5eddb7ee842d4b6b3dae3646c6afd,0e260670826c4acc8f9476ca589809fd,2017-12-15 12:38:26,audio_video_electronics,online_store,cat,1,1,20-50,reseller,53,1398.95
3f7f1ebb82e542a7a8ada5e299cba9e5,4e62e6f2baba401aab0797442e8aa7fc,69221f1e41934bf2b9ab7808020034ff,a4edd3568d2647b698c1e5acdb70daff,2017-09-12 22:46:35,housewares,industry,wolf,1,1,5-20,manufacturer,77,1148.87
61d74f8a3e6a44d693b6ba4760619a01,463b79c34b074fe8bc1ff864c9551030,97f1252659a04d0caa5ffa7243e35241,1d72da384eb24590a8e3c1e8b8a58b41,2018-04-01 02:15:27,housewares,industry,wolf,0,0,20-50,reseller,109,77192.72
2d8e1c71210743329fc756e0d7b2737d,57314030fa374a348f29592a320ced36,8c86913a5ba14fabbce7cbedb5b68cde,4b53e0ac0a5b4be895208421c4a6c71a,2017-12-05 02:15:40,audio_video_electronics,offline,shark,1,0,20-50,manufacturer,46,24769.57
a4a246a20f8e4df4a176e18d5dd447ab,24e7d45d169c412095d783972fabe4df,02eb23b3ffaa48adbb7d260d6a5d95c0,0e260670826c4acc8f9476ca589809fd,2018-05-26 15:12:47,audio_video_electronics,reseller,shark,0,1,20-50,reseller,94,151768.15
296c235af4f244548495ba105c2ac017,29da6f642b5b4b0da4ab2babad83fca5,81cf4930132741e1a5ef4e05deaca631,4d9268c3ac95483498a19803d35254b1,2017-08-07 19:03:17,health_beauty,manufacturer,wolf,1,1,100-500,reseller,50,2297.81
4082e98dc3144c98b4f1656a0cffd3f4,eb5a858b49c044a7ac4101a20b392e1b,81cf4930132741e1a5ef4e05deaca631,25b49e2c2ce144c1b9092f79039b92e4,2018-05-27 19:14:59,food_drink,offline,wolf,1,0,50-100,reseller,56,18415.91
b57b1dfc12464916bbf0cdc55e8e93fc,1b078f18ff76484fb0789ae60471ef39,4f812f3ad9cd426cbaf9e690273bb089,1473f2c33b544d8aa786d7a89df9e9e7,2017-07-11 15:30:08,sports_leisure,industry,cat,1,0,20-50,manufacturer,33,9012.09
5d5847ce068042878e3e0913309fbe3d,79c4b09c504e49be88868234d2377a98,f51d7158f5324fc5802d7e93b87e83be,85261b2dd72d4c4d8fae2264a3d2e93f,2018-05-31 13:31:01,fashion_accessories,offline,eagle,1,1,5-20,reseller,84,7099.11
a959ab881946481880bc4864abe7fcd2,0f0f01cf6c5b476c859919cb8c07275e,4f812f3ad9cd426cbaf9e690273bb089,0e260670826c4acc8f9476ca589809fd,2018-04-07 10:17:00,car_accessories,offline,shark,1,0,5-20,manufacturer,14,23539.0
445163fef32e4328b214cc1d086f5172,4a72a0f373c64d8e8e9757bf3ccde6bd,09e5eddb7ee842d4b6b3dae3646c6afd,85261b2dd72d4c4d8fae2264a3d2e93f,2018-06-06 07:23:02,housewares,online_store,cat,1,1,50-100,manufacturer,61,9810.68
d5d70c2d43ae4cd3b8f0479e11d2ce84,e96dce335e75481d8d9f41a7a729dde1,f51d7158f5324fc5802d7e93b87e83be,4b53e0ac0a5b4be895208421c4a6c71a,2018-01-31 02:27:00,health_beauty,online_store,cat,1,1,50-100,reseller,19,16192.81
c35542487a884e62951f7e52b257da05,6dbb327e806c4864a096a11075152e57,09e5eddb7ee842d4b6b3dae3646c6afd,751e472f5a70462ab0173a50c63fd09b,2018-03-04 03:16:37,small_appliances,online_store,eagle,1,1,20-50,reseller,70,18740.52
71c227f5ad904f93964a994c56af771f,5c573025f7c64e31ac835f6e9b213e32,f51d7158f5324fc5802d7e93b87e83be,569596ca2e674244a94abd6ad9b2b8ea,2018-01-16 16:26:53,health_beauty,industry,cat,1,0,20-50,reseller,6,9609.49
5f0a9db5a761425ba1291edb863d6012,a3429eb804fc4f9e9ef149a68861b6d8,09e5eddb7ee842d4b6b3dae3646c6afd,c231d194ee7f4dbf924d6ead7a9553e5,2018-01-14 12:37:00,car_accessories,other,shark,1,1,20-50,reseller,151,4088.81
3de4a8dff6554f78b57ffed2c16a82d3,beb60cef466d4523946b87e39897176f,4f812f3ad9cd426cbaf9e690273bb089,1d72da384eb24590a8e3c1e8b8a58b41,2017-08-30 05:30:34,audio_video_electronics,online_store,wolf,0,1,5-20,manufacturer,70,20269.59
dd4cb0360a95422d90d1a666b74b50c8,0ac4fa77738449279d3ebd0840019ccf,81cf4930132741e1a5ef4e05deaca631,c231d194ee7f4dbf924d6ead7a9553e5,2018-04-13 05:03:14,food_drink,online_store,cat,1,1,20-50,manufacturer,33,2092.12
a62afd626c6c4b338aef3d29857c5693,7518ff46127a476db4330cf878471444,8c86913a5ba14fabbce7cbedb5b68cde,751e472f5a70462ab0173a50c63fd09b,2017-09-29 23:59:31,health_beauty,industry,wolf,1,0,50-100,manufacturer,24,12969.39
eeccf8b1ad5c45a580d86949083887e9,bf3bc23d13734809a156de7272a51a8f,09e5eddb7ee842d4b6b3dae3646c6afd,07cf8789d7b443c0a7594a1fcf5bb9f9,2017-11-26 08:05:40,housewares,reseller,eagle,1,1,50-100,reseller,147,4690.25
b9e9c843a9a049a5ae968a2da32f747d,3843866e86494587895a1135e0943045,daebb625f0fb4adeb84313cec795ecba,a4edd3568d2647b698c1e5acdb70daff,2017-06-28 02:13:38,pet,other,eagle,1,1,20-50,other,115,11686.15
daeb9d4b7e7f4b9abf9c91497a2e9eb1,84bcdc6267ef48a198dbd3a647348b5a,4f812f3ad9cd426cbaf9e690273bb089,1473f2c33b544d8aa786d7a89df9e9e7,2017-12-05 08:49:38,pet,online_store,eagle,1,0,20-50,reseller,122,17885.33
a6d8b8544edf419cb13e66ab3cc3f073,827c656b076e490d9b302952f1b328cc,97592a3fa8e44fcba4a18f16ce8ce43c,07cf8789d7b443c0a7594a1fcf5bb9f9,2017-11-24 19:31:57,sports_leisure,online_store,cat,1,0,100-500,reseller,17,53209.84
1fca5cfd752348708b3157a9f88fa78e,f2a85df4edfb43a3ba2480d84376b646,daebb625f0fb4adeb84313cec795ecba,4b53e0ac0a5b4be895208421c4a6c71a,2017-10-13 11:14:17,baby,online_store,shark,1,0,20-50,manufacturer,112,5963.36
dfc871e014f945f4afd5cdd0c77957ec,b4868aee9dce4a8ba58117ecf4b015f5,4573ec52658544e8b0f28b0c6cf5339e,c4cfe800e4424903adf78f5d0571372c,2017-07-22 06:39:52,audio_video_electronics,industry,wolf,1,0,50-100,manufacturer,62,19039.76
3cf2a74e0d9c4fbe87ba71f328ed780b,d5c92037f56346f394933c35cee88e74,4573ec52658544e8b0f28b0c6cf5339e,cc27b8fb702046d29d76750728202170,2017-11-19 19:35:59,health_beauty,manufacturer,eagle,1,1,1-5,other,11,22129.0
33ca5c3a30334f748ead767e1f915123,73cc5650ff084e3e9eca844b2f3307a7,4f812f3ad9cd426cbaf9e690273bb089,1473f2c33b544d8aa786d7a89df9e9e7,2018-02-16 17:33:42,construction_tools_housewares,online_store,eagle,0,0,50-100,reseller,57,13188.61
724e6be9eb224004be6c84808039eb70,db212991c6e442ff8f16dbd1897f08df,427e35d594a645f58452692c4eca2549,07cf8789d7b443c0a7594a1fcf5bb9f9,2017-07-18 15:31:30,housewares,online_store,shark,0,1,20-50,reseller,129,10156.63
bf6da78dd01d4182ac91d1289eec9da0,0954866ef2974dddaf74b4dd718c7016,97592a3fa8e44fcba4a18f16ce8ce43c,0e260670826c4acc8f9476ca589809fd,2018-05-14 16:19:01,audio_video_electronics,reseller,shark,1,1,20-50,reseller,52,10553.2
70086b83887b4a688bda1e9b496dc69c,3db7d4510d17487697df2e98febda8ef,8c86913a5ba14fabbce7cbedb5b68cde,5820beab246140938f1a5b48d03b5345,2018-02-16 16:40:26,health_beauty,manufacturer,eagle,1,0,5-20,manufacturer,51,1727.22
2a37b41350124b1fb5b9fe5e6128d514,5b6a200bb16d498083919848c907c9d7,69221f1e41934bf2b9ab7808020034ff,1473f2c33b544d8aa786d7a89df9e9e7,2018-05-09 02:36:36,housewares,reseller,cat,0,0,50-100,reseller,17,8134.43
acb13a7c462d4ab8a0ba2af267e57988,e29872c252464423874d101a0ce7990e,81cf4930132741e1a5ef4e05deaca631,5820beab246140938f1a5b48d03b5345,2017-11-28 14:55:48,sports_leisure,online_store,eagle,1,1,5-20,reseller,36,56214.48
79c497fdf7924f28b2deb16802456875,ebab299ff2ac45349d6c0f52e02f2835,81cf4930132741e1a5ef4e05deaca631,4b53e0ac0a5b4be895208421c4a6c71a,2017-07-02 08:08:32,housewares,offline,cat,1,0,20-50,reseller,104,99971.52
8797cc843b734531b9259f1d6a2524c3,61391974ba92431a890a7d2803d9a673,4f812f3ad9cd426cbaf9e690273bb089,5820beab246140938f1a5b48d03b5345,2018-01-21 12:27:53,home_decor,industry,cat,1,1,100-500,manufacturer,125,3986.46
1cbd6402feae49b1bd69b1af0e2992bb,f651469f7c6b4d22875b724749bb7e86,02eb23b3ffaa48adbb7d260d6a5d95c0,c231d194ee7f4dbf924d6ead7a9553e5,2017-07-06 16:16:41,audio_video_electronics,industry,cat,0,0,1-5,reseller,10,21774.8
c5f5ccb675bd4fa3bf2fd76550574b7f,f4de1b7a5b7940c282a2d0701eb212e4,f51d7158f5324fc5802d7e93b87e83be,a4edd3568d2647b698c1e5acdb70daff,2017-10-01 07:42:40,housewares,offline,cat,1,0,20-50,reseller,254,12046.62
19867f09972546f494dd509ae3fe2ace,30df5cab33bc4ff3a8c7d60a87472521,97f1252659a04d0caa5ffa7243e35241,569596ca2e674244a94abd6ad9b2b8ea,2017-08-13 15:51:33,housewares,offline,eagle,0,1,20-50,other,58,8206.38
448a7ebe827d4bec88ed636968b124b5,dc71ab0bfe3042d3b6f4c8a062781b46,97f1252659a04d0caa5ffa7243e35241,a4edd3568d2647b698c1e5acdb70daff,2017-10-29 07:41:40,construction_tools_housewares,reseller,eagle,0,1,50-100,reseller,14,10355.85
b6bc49c2aadb46059833c5468627892e,b1233f0299854bceb585854a2f3a08e5,8c86913a5ba14fabbce7cbedb5b68cde,85261b2dd72d4c4d8fae2264a3d2e93f,2017-08-04 06:23:29,sports_leisure,other,cat,1,1,20-50,other,21,17499.73
cca32a2cd6b3478394713a69083b4c0e,a8448a65b35a486f9200ae2e7bb0d855,81cf4930132741e1a5ef4e05deaca631,85261b2dd72d4c4d8fae2264a3d2e93f,2018-05-24 18:41:05,health_beauty,online_store,wolf,1,1,20-50,reseller,53,19357.91
623148d55fe14392aff40415a8e1b541,dbc42ba31aaa415793171484c7904625,02eb23b3ffaa48adbb7d260d6a5d95c0,cc27b8fb702046d29d76750728202170,2017-09-29 07:55:11,housewares,online_store,eagle,1,1,1-5,reseller,39,19875.57
11d8b0c8e11b4c318c54ae31e3686435,ebe297b77834465fa44584565c678fbb,4f812f3ad9cd426cbaf9e690273bb089,c4cfe800e4424903adf78f5d0571372c,2018-06-15 20:50:47,health_beauty,online_store,shark,1,1,50-100,manufacturer,80,28964.02
e867317e0a964577a98b4eedf014902f,1fcdcc1ca891464b81866712e69a831b,69221f1e41934bf2b9ab7808020034ff,a4edd3568d2647b698c1e5acdb70daff,2017-08-03 07:40:00,housewares,reseller,shark,1,1,500+,reseller,97,31013.8
3e614e786544450094c214e67faa5b36,8171a8a2cfd84abba45ac3428d72d945,09e5eddb7ee842d4b6b3dae3646c6afd,85261b2dd72d4c4d8fae2264a3d2e93f,2017-08-17 21:28:21,housewares,industry,eagle,0,0,20-50,reseller,83,8255.74
394f76476f494f25abadc31734532ea0,a4861a7e0d804c209a93762bedff6ac3,f51d7158f5324fc5802d7e93b87e83be,4d9268c3ac95483498a19803d35254b1,2018-02-27 09:51:51,home_decor,reseller,wolf,1,0,20-50,manufacturer,255,7222.12
c6af476346ba4fbca076bc99d26bbca2,d55e768f7ba041f38c09e13c29c1acee,427e35d594a645f58452692c4eca2549,1473f2c33b544d8aa786d7a89df9e9e7,2018-05-28 17:58:18,food_drink,manufacturer,wolf,1,1,100-500,other,98,9898.39
35d4e2c89bcc47f6bd0e83e11a248944,0de7f853acfa491bb9d8d7526b87cf2a,97f1252659a04d0caa5ffa7243e35241,1473f2c33b544d8aa786d7a89df9e9e7,2018-03-23 15:44:23,health_beauty,online_store,eagle,1,0,100-500,reseller,129,4934.05
1685ac89f183496887150ccc0e08cdfa,63af2b51f75b4bf5be3b335f30b83e82,427e35d594a645f58452692c4eca2549,a4edd3568d2647b698c1e5acdb70daff,2017-08-13 11:31:15,audio_video_electronics,offline,cat,0,1,100-500,reseller,13,14698.42
d22c225bfe234fbbb3917d0b4127708b,07827a6b825c4893841a134f1fd5b5b5,09e5eddb7ee842d4b6b3dae3646c6afd,c231d194ee7f4dbf924d6ead7a9553e5,2018-03-18 05:56:05,fashion_accessories,online_store,wolf,0,0,50-100,reseller,136,32472.56
a93458b041af4ccaa2b24e6978175b1e,95fff634c89344ada68387a5e67b385d,69221f1e41934bf2b9ab7808020034ff,c231d194ee7f4dbf924d6ead7a9553e5,2017-07-29 17:11:15,health_beauty,offline,eagle,1,1,20-50,reseller,74,20779.52
cad7d8e05bff4db18ecbc21eb5567eb6,8361a8fd3e5c49fd8bc16ebd7d6c8fa0,97f1252659a04d0caa5ffa7243e35241,c4cfe800e4424903adf78f5d0571372c,2017-11-02 15:05:50,food_drink,online_store,cat,1,1,50-100,manufacturer,40,12656.76
a23ea474af3e451b9679a7d78ab22175,2e0ddac19c57481f90ce2a79b27c4812,97f1252659a04d0caa5ffa7243e35241,1473f2c33b544d8aa786d7a89df9e9e7,2017-07-14 12:31:42,pet,online_store,cat,0,0,50-100,reseller,52,78210.27
a094ddc370424b278c782363977253fe,4996c2c9f6d144b9a0520e83f04390ea,4573ec52658544e8b0f28b0c6cf5339e,c231d194ee7f4dbf924d6ead7a9553e5,2017-09-27 07:30:36,food_drink,other,cat,1,1,50-100,manufacturer,26,40196.36
fa5b1e8e8a194f56ab4f5eab6dd568ad,22bceef080724f17a8ea5ca40a70ba96,daebb625f0fb4adeb84313cec795ecba,751e472f5a70462ab0173a50c63fd09b,2017-08-27 23:12:48,construction_tools_housewares,industry,cat,1,1,500+,manufacturer,14,5094.31
951de1a2027b4e30980ddad7fba90ca6,275fd220e0f24aedb2f87fd713323abd,4573ec52658544e8b0f28b0c6cf5339e,751e472f5a70462ab0173a50c63fd09b,2018-05-25 22:28:34,car_accessories,online_store,wolf,1,0,1-5,reseller,29,2043.98
4d13742489594a17abebb7805b4c62ef,0f9d1caa5be0446c9fb8047e371b2c24,8c86913a5ba14fabbce7cbedb5b68cde,cc27b8fb702046d29d76750728202170,2018-03-11 02:18:59,pet,offline,cat,0,1,20-50,reseller,8,14415.86
5ba7860f0be74a17a7d4c48b4e2b83d3,7fa1b66aebe14404b459244ce5ac1b65,f51d7158f5324fc5802d7e93b87e83be,4d9268c3ac95483498a19803d35254b1,2018-04-01 19:33:58,audio_video_electronics,online_store,wolf,1,1,500+,manufacturer,34,38958.54
a221cdffca7940c6be949d971bc962e9,438102a5749d4451bc8a63020c7a2fe5,f51d7158f5324fc5802d7e93b87e83be,569596ca2e674244a94abd6ad9b2b8ea,2017-09-20 16:20:08,car_accessories,online_store,cat,1,0,50-100,other,10,12173.18
29c027bdf1bf4d53b43cd5b6c01e4c3a,1ec16922dcb644fea476cd7d44fd88a1,8c86913a5ba14fabbce7cbedb5b68cde,85261b2dd72d4c4d8fae2264a3d2e93f,2018-04-19 18:51:05,baby,industry,wolf,1,1,50-100,reseller,23,10259.26
149c76aa9f424daa92f37abc2407ef28,7337f516a62045a58e8f851d7f989202,81cf4930132741e1a5ef4e05deaca631,751e472f5a70462ab0173a50c63fd09b,2017-09-11 10:18:44,health_beauty,online_store,wolf,0,1,1-5,other,66,61643.72
de045e17d6094f3d8e730e9039ced9fa,79d1517289c7456dace69edc04d89e0a,97592a3fa8e44fcba4a18f16ce8ce43c,4b53e0ac0a5b4be895208421c4a6c71a,2017-12-12 14:04:02,audio_video_electronics,other,eagle,0,1,20-50,reseller,10,10275.47
8146eab0b971485ba2de1ae85e9bd71f,192341bfb8c34d3eacdb9591b3346b6f,97592a3fa8e44fcba4a18f16ce8ce43c,07cf8789d7b443c0a7594a1fcf5bb9f9,2017-11-11 10:23:10,small_appliances,online_store,eagle,0,1,50-100,reseller,126,22879.14
57b79c4aa4e042ffb0352deda67fd2b9,2c1cde54c09b495ba107d9884734f17f,4f812f3ad9cd426cbaf9e690273bb089,cc27b8fb702046d29d76750728202170,2017-10-12 15:39:47,food_drink,online_store,wolf,1,0,50-100,reseller,88,2565.47
22b7a18de3e64980b8c8c2ff6946250d,08916a747b5d4eab87bf94be0ba636fa,4f812f3ad9cd426cbaf9e690273bb089,1473f2c33b544d8aa786d7a89df9e9e7,2017-09-11 11:53:03,home_decor,online_store,cat,1,0,100-500,manufacturer,12,3605.32
d8e6359068624402a4a1db2e75ddacfc,5128aaee764847978c7ce79b84bb8605,97592a3fa8e44fcba4a18f16ce8ce43c,07cf8789d7b443c0a7594a1fcf5bb9f9,2018-04-04 21:00:09,food_drink,online_store,cat,1,0,20-50,reseller,21,20008.24
60b958bf7a9547c7812d2b13ff43a302,7ad2cc4ff43c49399f4ff4b39250744c,f51d7158f5324fc5802d7e93b87e83be,a4edd3568d2647b698c1e5acdb70daff,2017-08-17 09:56:49,housewares,other,cat,0,0,20-50,manufacturer,27,19977.88
a9a7962e27ee4de09ff4f0a51ba7f980,e7e1d51b6b9f486a80b2ac8f592e2035,69221f1e41934bf2b9ab7808020034ff,1d72da384eb24590a8e3c1e8b8a58b41,2017-12-19 18:27:28,food_drink,offline,eagle,0,1,500+,reseller,113,8516.3
a7a3dae966324e1a9ba416b30437d416,9e8f759aca894f3d96f4bf1003af3914,daebb625f0fb4adeb84313cec795ecba,1d72da384eb24590a8e3c1e8b8a58b41,2017-12-20 22:21:28,sports_leisure,online_store,shark,1,0,100-500,reseller,13,13388.67
bbb7c3600b114aa7a88ca7529ac3f01e,d469f5ac65994f05a9b13eccdb52248a,97592a3fa8e44fcba4a18f16ce8ce43c,569596ca2e674244a94abd6ad9b2b8ea,2018-03-10 13:26:44,audio_video_electronics,online_store,cat,1,1,5-20,reseller,12,30417.93
b915155207f34a7c92a37294099ed546,8793f440974342d884e45649a0f7d865,4f812f3ad9cd426cbaf9e690273bb089,a4edd3568d2647b698c1e5acdb70daff,2018-05-14 19:37:20,food_drink,manufacturer,cat,0,1,20-50,other,59,17963.13
16d7a9f108b64cc690026b202b7df338,03712703fd8848b384fb891b9564d7a3,4573ec52658544e8b0f28b0c6cf5339e,751e472f5a70462ab0173a50c63fd09b,2017-10-19 10:15:46,audio_video_electronics,online_store,eagle,0,0,50-100,reseller,15,44033.82
4a7b266381fc47bda1bb8b4c745d3ed1,2870d2920e8146ff954793367b90ded1,f51d7158f5324fc5802d7e93b87e83be,07cf8789d7b443c0a7594a1fcf5bb9f9,2018-03-21 21:54:52,pet,industry,wolf,0,0,1-5,reseller,150,7776.08
a9c910e761a247a5b3d3b86f63ec6eae,4d5ccb610b52401e96be33dd659b78d5,81cf4930132741e1a5ef4e05deaca631,07cf8789d7b443c0a7594a1fcf5bb9f9,2017-07-23 13:38:28,pet,offline,wolf,1,1,20-50,manufacturer,19,2951.54
584445325b1b40d4a2448f41e04a1fbf,4c3f71e096484562b44dad7cd52a189c,8c86913a5ba14fabbce7cbedb5b68cde,25b49e2c2ce144c1b9092f79039b92e4,2017-06-21 07:46:11,small_appliances,manufacturer,cat,0,1,20-50,reseller,44,17541.39
a5cf070eab9b431d95f802487ae8b197,d6702f7c34e542d1b92b56241fd11070,427e35d594a645f58452692c4eca2549,25b49e2c2ce144c1b9092f79039b92e4,2018-02-05 11:17:55,housewares,online_store,cat,1,1,50-100,manufacturer,55,25778.26
61aa1ffeb74f4a369991d70422b56f30,a3628956bd7a4f6bb84124c26e82f97e,02eb23b3ffaa48adbb7d260d6a5d95c0,0e260670826c4acc8f9476ca589809fd,2018-01-28 16:20:38,pet,online_store,eagle,1,0,100-500,reseller,51,1128.07
185380913c564756a5a8a25ca4885ad4,42578fc77e3b40e0b3b155b891a058dd,f51d7158f5324fc5802d7e93b87e83be,0e260670826c4acc8f9476ca589809fd,2018-03-17 02:07:03,fashion_accessories,industry,cat,0,0,50-100,manufacturer,103,4217.78
9519717798b546b88615153013eb071c,c06f6ef4130e4ee985be86f4ee14abc9,8c86913a5ba14fabbce7cbedb5b68cde,0e260670826c4acc8f9476ca589809fd,2017-07-21 23:00:34,sports_leisure,online_store,wolf,1,1,50-100,reseller,61,5574.35
c8f04f40db484762828fed7eed4382c7,e6de3006d81e47d0a8c572139705dd83,69221f1e41934bf2b9ab7808020034ff,569596ca2e674244a94abd6ad9b2b8ea,2018-01-09 06:28:05,housewares,industry,wolf,1,1,20-50,manufacturer,76,16810.2
468b01b3f6f247fa8cdadb1b5caca39a,10d253005fd34d22be0adf7d133669ba,97592a3fa8e44fcba4a18f16ce8ce43c,85261b2dd72d4c4d8fae2264a3d2e93f,2017-08-06 09:34:52,audio_video_electronics,manufacturer,cat,1,1,5-20,manufacturer,73,15252.55
fd74ba80369949758ba68f82a9e9872d,14559d695d1e4140a6174e5c6b266aa7,f51d7158f5324fc5802d7e93b87e83be,1473f2c33b544d8aa786d7a89df9e9e7,2017-10-23 04:43:09,housewares,manufacturer,wolf,0,1,5-20,manufacturer,35,3442.48
0b115cd0e84c406aa379b18dadb21920,e11aba726d364f2086adb125fbef99ff,81cf4930132741e1a5ef4e05deaca631,1473f2c33b544d8aa786d7a89df9e9e7,2018-03-26 12:36:42,health_beauty,offline,cat,1,1,50-100,other,88,44243.04
aea434a8b986408a8a1925b8e5fa65e0,46b1199098fa40c4838ea26ae8fde754,daebb625f0fb4adeb84313cec795ecba,5820beab246140938f1a5b48d03b5345,2017-06-27 03:33:45,audio_video_electronics,online_store,cat,0,0,50-100,manufacturer,28,25705.68
ed076e014214408fb17577028e07e8a8,b739eef895e94d20ad64e4b7124fcc6b,4573ec52658544e8b0f28b0c6cf5339e,4d9268c3ac95483498a19803d35254b1,2018-03-21 01:36:53,audio_video_electronics,online_store,cat,1,1,20-50,other,91,19951.08
6252e87dd24940a5b0bbadd288fdd06c,af1bd22caff8435eb1c60cf04e4cdade,4573ec52658544e8b0f28b0c6cf5339e,751e472f5a70462ab0173a50c63fd09b,2018-04-03 10:05:49,food_drink,manufacturer,cat,1,1,20-50,reseller,49,15492.37
e7fa3909ee034e40808bef09b41a2f62,a7921ac5b88e4d05a719f0281cee51c0,daebb625f0fb4adeb84313cec795ecba,c4cfe800e4424903adf78f5d0571372c,2018-04-01 21:33:22,health_beauty,offline,cat,1,1,5-20,manufacturer,6,509.31
521f55f9f1834c62bea690ac3984279a,52dce1c275334fa1a473807d9c85d30c,daebb625f0fb4adeb84313cec795ecba,a4edd3568d2647b698c1e5acdb70daff,2017-08-14 20:14:22,audio_video_electronics,reseller,eagle,1,0,100-500,manufacturer,36,14943.66
fb5347cf9e4f4c6c89781fdf4309b65b,2a216485c636406092e07a75233bbe86,f51d7158f5324fc5802d7e93b87e83be,c4cfe800e4424903adf78f5d0571372c,2017-12-21 13:40:53,pet,industry,eagle,0,1,100-500,reseller,38,25835.1
4fc9076a384447199ec923e087b53792,8e4da29c912e421a9710e95b0083500b,daebb625f0fb4adeb84313cec795ecba,1d72da384eb24590a8e3c1e8b8a58b41,2018-05-10 05:52:52,small_appliances,manufacturer,wolf,1,0,500+,reseller,10,3641.58
690daac5e05140a2ab712b7820a93ba6,58c7c9d0073147be9b17205e60312492,97f1252659a04d0caa5ffa7243e35241,5820beab246140938f1a5b48d03b5345,2017-10-06 11:16:13,health_beauty,manufacturer,shark,1,1,100-500,manufacturer,115,26337.77
03d00b5ac2294d26a3daeaf779cb0d46,47656f1f26dc41b1817a41e0bd4af2e6,8c86913a5ba14fabbce7cbedb5b68cde,1473f2c33b544d8aa786d7a89df9e9e7,2017-09-01 20:28:27,audio_video_electronics,industry,cat,1,1,5-20,reseller,145,56159.58
55259d437518441ba27b95a4811e0f00,94db957567954c94b6c57c067bce5658,09e5eddb7ee842d4b6b3dae3646c6afd,85261b2dd72d4c4d8fae2264a3d2e93f,2017-06-17 05:25:29,housewares,industry,cat,1,0,20-50,reseller,17,4998.44
63b7548b8dc54196b2249496b1c18b76,e48ad297dbd5406ab36c4690b7676aa8,4573ec52658544e8b0f28b0c6cf5339e,5820beab246140938f1a5b48d03b5345,2018-05-23 19:06:54,pet,online_store,eagle,1,1,100-500,reseller,320,10701.59
f1e6d57af2e44c6abf43f7942c1e317c,36c1fb4390e94d47ab12a92cc1c6de5b,69221f1e41934bf2b9ab7808020034ff,5820beab246140938f1a5b48d03b5345,2017-08-08 07:41:40,construction_tools_housewares,industry,cat,1,1,100-500,reseller,206,2214.85
f94ef4d1710e48de946917f5c48e9e7d,353b3096fb0b43b5b0b3672841e9a970,427e35d594a645f58452692c4eca2549,4d9268c3ac95483498a19803d35254b1,2017-12-18 21:30:55,car_accessories,online_store,shark,1,1,100-500,reseller,36,26904.44
6b819667bb5a4679a3bae961d755d081,24b4cb39991d49158a5061b420daa4d5,daebb625f0fb4adeb84313cec795ecba,c231d194ee7f4dbf924d6ead7a9553e5,2017-08-18 18:29:07,health_beauty,online_store,eagle,1,1,100-500,reseller,7,39101.5
1a43b4a564d041f894e8e98fe409cdf4,6f530800869f467faea8d5c4d9c3d2c9,8c86913a5ba14fabbce7cbedb5b68cde,cc27b8fb702046d29d76750728202170,2017-09-29 12:14:26,health_beauty,industry,shark,1,0,5-20,reseller,55,24497.19
1c87e826aaf44d1b805ba8be8107d144,8d818f4666604ee49ca3e6912541c209,427e35d594a645f58452692c4eca2549,751e472f5a70462ab0173a50c63fd09b,2017-12-26 01:57:31,housewares,online_store,eagle,0,0,50-100,reseller,34,5424.06
f53f743c9cf64b92960dd1102121b1b8,2bd0ea1a02014da59fe90c60852ca163,f51d7158f5324fc5802d7e93b87e83be,751e472f5a70462ab0173a50c63fd09b,2017-11-11 02:07:45,health_beauty,manufacturer,cat,1,0,5-20,other,27,27868.65
07147dcb079146f4832b6cb04838b193,0ee6c9ec1a334c96854130359c76389b,8c86913a5ba14fabbce7cbedb5b68cde,07cf8789d7b443c0a7594a1fcf5bb9f9,2018-01-13 05:31:22,sports_leisure,offline,cat,1,0,5-20,other,307,12327.5
7db930044b034faa8e008531a84c5d4b,5da71b239fa643458766b3005775b176,427e35d594a645f58452692c4eca2549,1473f2c33b544d8aa786d7a89df9e9e7,2018-05-01 08:49:24,housewares,online_store,cat,1,1,50-100,reseller,124,1209.49
03d0f59c584d4d9f9ac3c7799c3649c9,ad1e76c2c8ae4a4ca66e3fb733ee5bee,02eb23b3ffaa48adbb7d260d6a5d95c0,cc27b8fb702046d29d76750728202170,2018-04-26 17:24:13,car_accessories,online_store,eagle,1,0,50-100,reseller,8,2105.71
5762a2588a124171be1667b7601df355,6289adc00aea4512a41143c17536e559,02eb23b3ffaa48adbb7d260d6a5d95c0,0e260670826c4acc8f9476ca589809fd,2018-04-10 01:57:40,housewares,industry,cat,1,1,50-100,other,143,26181.72
57ec3568de8d4e5699e0a10ade672e31,4aa09c67f6624bd08e091ca3f28f1870,81cf4930132741e1a5ef4e05deaca631,1473f2c33b544d8aa786d7a89df9e9e7,2017-09-12 13:36:05,health_beauty,industry,shark,1,1,50-100,reseller,7,10214.87
caec6bc3f97b4294bd6036a6027c0e9c,906bf17a3353442d94237e3db90d103b,97592a3fa8e44fcba4a18f16ce8ce43c,569596ca2e674244a94abd6ad9b2b8ea,2017-12-29 19:05:18,health_beauty,online_store,cat,1,0,20-50,reseller,44,5641.9
24f5a35e00e94b139c4833f0047311c8,7a43acebfb564d29889b97bb1c42cf00,4573ec52658544e8b0f28b0c6cf5339e,1473f2c33b544d8aa786d7a89df9e9e7,2017-07-04 02:49:20,pet,industry,eagle,1,0,100-500,reseller,71,8149.34
c5bfd340963a4192aed28f485dd49e5e,47af97abbfea46eda844b6a139ef8598,daebb625f0fb4adeb84313cec795ecba,25b49e2c2ce144c1b9092f79039b92e4,2017-12-29 18:03:26,food_drink,online_store,shark,1,1,100-500,reseller,8,2583.57
c457b7cf56ce4ba28bbc8666f7f6f0d5,4b18cf5d33a84a6c82d0116d9fd46bb3,69221f1e41934bf2b9ab7808020034ff,07cf8789d7b443c0a7594a1fcf5bb9f9,2018-07-19 18:21:43,food_drink,offline,shark,1,1,5-20,manufacturer,61,23732.87
0274563a48c843e09a95a37715c814f0,8501c27753a84628b33ae7638cb69f21,4f812f3ad9cd426cbaf9e690273bb089,4d9268c3ac95483498a19803d35254b1,2017-12-17 22:02:14,sports_leisure,manufacturer,eagle,1,1,50-100,manufacturer,33,8395.23
699bfcfeb93b470dacfdaf3b6503c78a,473948121d524a2e90fc5839b1eb9320,97592a3fa8e44fcba4a18f16ce8ce43c,cc27b8fb702046d29d76750728202170,2017-12-10 16:16:09,health_beauty,industry,shark,0,1,500+,other,18,9817.93
462f725d935642f196564e617e8a3750,fe0d45027fe44ce99d01b1947e4d1e37,daebb625f0fb4adeb84313cec795ecba,4b53e0ac0a5b4be895208421c4a6c71a,2018-02-06 12:30:51,construction_tools_housewares,industry,cat,0,1,20-50,manufacturer,34,5157.13
b7751695d46a4288896c41eebe0b5d51,0e63390c10254727aea11bed0b416934,4573ec52658544e8b0f28b0c6cf5339e,a4edd3568d2647b698c1e5acdb70daff,2018-02-21 17:39:39,housewares,industry,wolf,1,1,1-5,manufacturer,164,5454.94
f0f73c1903e04a4bae3a4dcdd046c443,3db1c42aefd548ed8aa3e921dcc78c26,427e35d594a645f58452692c4eca2549,1473f2c33b544d8aa786d7a89df9e9e7,2018-05-16 19:21:14,pet,other,shark,1,0,5-20,reseller,11,27850.49
85ae005d89504e8cad92ce8eb1c2bc9b,a99b200c1d974525b4a29f234016012b,8c86913a5ba14fabbce7cbedb5b68cde,5820beab246140938f1a5b48d03b5345,2018-03-20 07:27:34,baby,industry,cat,0,1,5-20,reseller,95,5877.63
2d5b7ab54171406ea1885e14f2afc691,7448522b82854912876c6d43a31b4cd1,8c86913a5ba14fabbce7cbedb5b68cde,cc27b8fb702046d29d76750728202170,2018-02-13 07:01:09,home_decor,offline,wolf,1,1,20-50,manufacturer,7,2454.09
7755e380a35c40bda1c63f33a0a0d7c5,814e6b5a991b4593a8e618a7db4fb0fc,f51d7158f5324fc5802d7e93b87e83be,a4edd3568d2647b698c1e5acdb70daff,2018-03-03 18:53:55,audio_video_electronics,online_store,eagle,1,1,5-20,manufacturer,88,4712.92
4b660a1caf944858b35fb16dfecbd1f3,44339c8fe4474f128d70df2744a969d6,81cf4930132741e1a5ef4e05deaca631,c231d194ee7f4dbf924d6ead7a9553e5,2017-12-10 09:24:38,pet,reseller,shark,1,1,1-5,reseller,71,189792.05
d35733c64beb45e49c064075d18f2812,9e83ef5ebbdf4c099095f65072bb47c8,97f1252659a04d0caa5ffa7243e35241,4d9268c3ac95483498a19803d35254b1,2017-10-09 21:31:44,home_decor,online_store,cat,1,1,1-5,reseller,226,5642.95
bb0fdb11cc7b4fd69c914451038de55e,e55aeb07b32143849b8ddda1cdfe8ea4,4f812f3ad9cd426cbaf9e690273bb089,4d9268c3ac95483498a19803d35254b1,2017-06-25 20:43:30,small_appliances,reseller,wolf,1,0,100-500,manufacturer,106,12173.55
77d3ec9dd3c74372bdfc999132230390,b79a2c7d953a430481ca524b4212263d,f51d7158f5324fc5802d7e93b87e83be,4b53e0ac0a5b4be895208421c4a6c71a,2018-05-13 21:22:37,car_accessories,online_store,shark,1,1,100-500,reseller,28,20056.32
0aeff6a6f945408085ffeaf1578c2991,4718c7174b6b422da78ce7133bc2798f,81cf4930132741e1a5ef4e05deaca631,4b53e0ac0a5b4be895208421c4a6c71a,2018-02-10 07:50:13,construction_tools_housewares,industry,eagle,1,1,5-20,reseller,13,3528.5
bf96403b11d648fc8983236aa885e054,409e713ae5754eb495ed95b09d7d0528,4573ec52658544e8b0f28b0c6cf5339e,c4cfe800e4424903adf78f5d0571372c,2018-06-09 17:13:56,audio_video_electronics,reseller,wolf,0,1,1-5,manufacturer,243,6498.92
8b937e25537a4da5a97c20e6415b1bbc,387c908b0951414b952046b005367b2e,97592a3fa8e44fcba4a18f16ce8ce43c,1473f2c33b544d8aa786d7a89df9e9e7,2017-07-08 05:22:47,housewares,industry,cat,0,0,100-500,reseller,84,4610.23
7010b60fd0f04d94b4ec267da6716a00,8c4e42b5b9664443b360cd92714a8702,02eb23b3ffaa48adbb7d260d6a5d95c0,569596ca2e674244a94abd6ad9b2b8ea,2017-11-10 00:23:48,fashion_accessories,online_store,cat,1,0,5-20,manufacturer,45,246402.51
eec517918d8a461683b9549ff7d76a3a,10ff4d140cd24d7ea191bc67ef60b5b5,4f812f3ad9cd426cbaf9e690273bb089,4d9268c3ac95483498a19803d35254b1,2017-10-01 04:30:59,audio_video_electronics,online_store,eagle,0,0,50-100,manufacturer,23,34028.6
cc5272476bcb4e21befea9a1e08af2b1,4ebd6e2586dc449b9c86aa0994b643f8,4f812f3ad9cd426cbaf9e690273bb089,4b53e0ac0a5b4be895208421c4a6c71a,2017-10-14 18:18:06,sports_leisure,offline,eagle,1,0,20-50,reseller,88,19818.11
407278c64a6d412699e65ea53473688d,5df88f98b943417e9dcde1256d1f534a,8c86913a5ba14fabbce7cbedb5b68cde,1d72da384eb24590a8e3c1e8b8a58b41,2018-01-20 09:24:51,audio_video_electronics,industry,eagle,1,1,5-20,reseller,158,13766.09
4fa844371e8c48839ebe8a273466507d,6d387ba8d40447daacc15f3f0d3d515c,4573ec52658544e8b0f28b0c6cf5339e,1d72da384eb24590a8e3c1e8b8a58b41,2017-12-29 20:55:14,car_accessories,manufacturer,cat,1,1,50-100,reseller,12,32817.7
35e9acc23389459faba299538d801893,b64de9ad36374aa99d61167cb565be85,81cf4930132741e1a5ef4e05deaca631,751e472f5a70462ab0173a50c63fd09b,2017-06-14 17:20:31,fashion_accessories,reseller,eagle,1,1,5-20,reseller,145,2267.42
01bb81485af14d4a906d85571e33e11d,45c0e6cb9e944ea1b27f4a6f72c28cb8,69221f1e41934bf2b9ab7808020034ff,751e472f5a70462ab0173a50c63fd09b,2018-04-10 15:05:17,sports_leisure,online_store,eagle,1,1,20-50,reseller,38,3903.66
26d94dfef31f4b80982365a6d7815751,81a6280838794b6594615bf0f5461f76,f51d7158f5324fc5802d7e93b87e83be,c231d194ee7f4dbf924d6ead7a9553e5,2017-08-14 22:42:39,housewares,manufacturer,wolf,1,1,20-50,reseller,116,7121.42
cb8ef887dc2d49129095ae4161f5aacb,3fc0d3dd333f41de9c69876ce134126f,97f1252659a04d0caa5ffa7243e35241,07cf8789d7b443c0a7594a1fcf5bb9f9,2018-04-30 05:00:42,baby,online_store,eagle,0,0,50-100,reseller,51,68573.26
178bfb536dea4f1da2065775925ad485,181f913b98b1496684adb078cf86c59c,97f1252659a04d0caa5ffa7243e35241,751e472f5a70462ab0173a50c63fd09b,2018-03-07 10:50:54,baby,offline,eagle,1,1,20-50,other,99,7357.95
abf9aac390784bda9275664ee6c59f00,0b8cd23daa8b4113979e7f0ebabb8083,02eb23b3ffaa48adbb7d260d6a5d95c0,751e472f5a70462ab0173a50c63fd09b,2017-11-05 21:31:47,pet,online_store,shark,0,0,5-20,other,67,24578.19
ca64363548304d6a87f8c473b82cb283,74c70b9d19994c379e45f9baf03be8e7,97f1252659a04d0caa5ffa7243e35241,4d9268c3ac95483498a19803d35254b1,2018-03-28 11:09:21,baby,manufacturer,eagle,0,1,5-20,reseller,16,20878.97
7a7839baecf24331b52dea1a86c4284c,71f1590a5a2742fb93b411e88dc3f52f,02eb23b3ffaa48adbb7d260d6a5d95c0,cc27b8fb702046d29d76750728202170,2018-06-05 19:12:07,health_beauty,online_store,shark,1,1,5-20,reseller,21,63196.78
dd09a8b2abb6443a8a90812b1e9fedcd,a132c32b112b4691bd1c4e613be815a9,97f1252659a04d0caa5ffa7243e35241,c231d194ee7f4dbf924d6ead7a9553e5,2017-10-28 20:43:27,baby,manufacturer,eagle,0,1,50-100,reseller,46,12914.3
44056d40d0944de1bae1eab2bdc1a0f8,23083d13a2754f7291878f48dafa8f68,97f1252659a04d0caa5ffa7243e35241,751e472f5a70462ab0173a50c63fd09b,2017-10-02 14:18:52,housewares,online_store,wolf,0,1,50-100,reseller,19,4615.6
4ba6d74edc6448b8a74045dfc5a53798,5fef20af24874d07aee0fd78c6db3401,daebb625f0fb4adeb84313cec795ecba,5820beab246140938f1a5b48d03b5345,2018-02-12 07:45:24,food_drink,online_store,eagle,0,0,5-20,manufacturer,5,25071.87
4628fa49c1b444e9b6911e55518f0533,2a74f4a0feb440d9bb401df800048490,8c86913a5ba14fabbce7cbedb5b68cde,07cf8789d7b443c0a7594a1fcf5bb9f9,2018-02-01 05:40:59,audio_video_electronics,online_store,wolf,1,0,50-100,other,94,7097.66
41465de990bb4a12a62385bb97d3457b,20a897eb2b2e4e6189f5001626eaf7ff,69221f1e41934bf2b9ab7808020034ff,0e260670826c4acc8f9476ca589809fd,2018-02-05 21:33:25,health_beauty,reseller,eagle,1,0,5-20,reseller,113,8283.39
cc7ea678eaf242639985f3b0a6ac3a73,84a0821bae864ec0b4478ef4206d87ab,427e35d594a645f58452692c4eca2549,751e472f5a70462ab0173a50c63fd09b,2018-02-17 00:26:24,sports_leisure,other,eagle,1,1,5-20,reseller,130,17488.59
e132b7d0f6dc48278dc4c4241d042b2b,942b95490e3c423488a48a042bd346af,427e35d594a645f58452692c4eca2549,c4cfe800e4424903adf78f5d0571372c,2017-12-16 07:02:27,construction_tools_housewares,manufacturer,cat,1,1,50-100,reseller,11,3899.13
3b0e2d0ec1bb4af486fe4258d666a52a,3865b1783cbc476eb72c74c7145e108e,97592a3fa8e44fcba4a18f16ce8ce43c,4d9268c3ac95483498a19803d35254b1,2018-06-09 05:37:17,food_drink,online_store,eagle,1,1,50-100,manufacturer,71,25453.68
8267618366ee4bbe9d92908c023f9130,7b392ef4d01f4d6f9ece192f4b240ff0,4f812f3ad9cd426cbaf9e690273bb089,cc27b8fb702046d29d76750728202170,2017-08-06 00:58:13,home_decor,online_store,shark,1,0,50-100,manufacturer,33,51771.72
60e38e7ce98d4d8384109b5d68f79efd,4277e12c31684f3a9d7acf4089d21846,09e5eddb7ee842d4b6b3dae3646c6afd,4d9268c3ac95483498a19803d35254b1,2018-04-12 04:28:54,home_decor,other,wolf,1,1,500+,manufacturer,9,684.02
8cf0dff637cd4dc2b11eecd5f8f22819,0ce1403374194be48556260fd991bbe8,81cf4930132741e1a5ef4e05deaca631,0e260670826c4acc8f9476ca589809fd,2018-02-25 16:37:12,small_appliances,reseller,wolf,1,0,20-50,manufacturer,118,40415.85
dea780f94ca645cc89254fae9093dfd3,7bec6d447a9d42d794c6740908ded437,f51d7158f5324fc5802d7e93b87e83be,5820beab246140938f1a5b48d03b5345,2017-09-10 03:12:01,food_drink,online_store,cat,1,0,1-5,reseller,11,10767.55
cdc8572c8ab64229a3a71541d63e0c18,f4a6e0f9e0f0400a9d52c008259612f9,97592a3fa8e44fcba4a18f16ce8ce43c,c4cfe800e4424903adf78f5d0571372c,2017-08-05 10:50:07,housewares,online_store,shark,1,1,20-50,reseller,74,5479.72
a05b4a97141a44448b80a670e37545b8,290080bd7f3e40c3bc80db3c2f4023d6,f51d7158f5324fc5802d7e93b87e83be,c231d194ee7f4dbf924d6ead7a9553e5,2017-11-13 23:39:53,car_accessories,manufacturer,shark,1,1,20-50,other,93,5879.89
2a8034169102436e9e4de12c9f81083c,049b538ee1e94c2aadc272e2eb49369a,81cf4930132741e1a5ef4e05deaca631,c4cfe800e4424903adf78f5d0571372c,2017-09-20 06:06:09,audio_video_electronics,online_store,eagle,1,1,1-5,reseller,10,35539.11
ac8b941d92ab4899b1445dc072a2d503,e04a524a67f24c57b6109fd2277368fd,09e5eddb7ee842d4b6b3dae3646c6afd,1d72da384eb24590a8e3c1e8b8a58b41,2017-11-04 23:11:43,health_beauty,online_store,cat,0,0,100-500,reseller,57,3870.12
54098002f6324e6f839f596f0c12cf39,0b93fc5f2a4747fba069a62be7452afd,4573ec52658544e8b0f28b0c6cf5339e,569596ca2e674244a94abd6ad9b2b8ea,2018-02-11 21:09:51,health_beauty,online_store,eagle,0,1,500+,reseller,15,107641.12
5ddbf91691fc410898d1da4c30cdfa2d,97af2a731d4b4239ad66f98c198db465,427e35d594a645f58452692c4eca2549,c231d194ee7f4dbf924d6ead7a9553e5,2018-04-03 11:11:05,audio_video_electronics,offline,shark,1,1,20-50,other,63,14236.34
6b29ca0d01ad4cae939ce0a2d69689b6,4ead67342eca40a5839323952b15b977,81cf4930132741e1a5ef4e05deaca631,4d9268c3ac95483498a19803d35254b1,2018-06-08 19:43:19,housewares,offline,cat,1,0,1-5,other,6,53915.74
a4043f4ad5b64a5aa04da11034e517eb,bc13945091f14d298fd796f404845e00,09e5eddb7ee842d4b6b3dae3646c6afd,85261b2dd72d4c4d8fae2264a3d2e93f,2017-06-22 11:47:54,health_beauty,offline,eagle,1,1,20-50,reseller,8,39858.4
49e1c46801e1446cbc4cc0a68c912cbc,698df05394974a87a38bcdc219536903,97f1252659a04d0caa5ffa7243e35241,1473f2c33b544d8aa786d7a89df9e9e7,2018-03-14 19:38:27,car_accessories,offline,cat,1,0,20-50,manufacturer,6,16554.34
9d751dad515645aeae97843745d44d54,fb7bd389ea8f4a8cbc68ff4da6f1c35a,02eb23b3ffaa48adbb7d260d6a5d95c0,85261b2dd72d4c4d8fae2264a3d2e93f,2017-08-24 05:04:14,housewares,reseller,cat,1,1,20-50,other,22,9973.14
d1198f91ccc94e4cb745b1d07cb8ff0d,ffcfcc114cbc496c9c5da224e1f42ade,81cf4930132741e1a5ef4e05deaca631,751e472f5a70462ab0173a50c63fd09b,2017-09-27 04:17:30,construction_tools_housewares,offline,eagle,1,1,100-500,manufacturer,56,6584.71
2470bb6ebd3a4b41bcad516dafce2ac9,5c1504a154114c56a0655a45a738d6b9,8c86913a5ba14fabbce7cbedb5b68cde,569596ca2e674244a94abd6ad9b2b8ea,2017-12-11 05:42:00,audio_video_electronics,online_store,cat,0,0,20-50,manufacturer,219,8436.19
21bdb6c938824ea182b63dd3cd2b2e66,2f4924dde1ca4823b131142113515206,8c86913a5ba14fabbce7cbedb5b68cde,5820beab246140938f1a5b48d03b5345,2018-01-11 19:29:27,housewares,reseller,shark,1,1,5-20,reseller,14,6588.02
29f316cef8014b6880fa32022d95da9f,9b259c2648ac45dd8f2e835de96d179a,f51d7158f5324fc5802d7e93b87e83be,5820beab246140938f1a5b48d03b5345,2017-11-17 22:55:04,baby,online_store,shark,1,1,100-500,other,22,84093.33
aef30b8a4d2544b4be7421b9eb500674,338bdc943f6d43d0aa5be876d61f138d,09e5eddb7ee842d4b6b3dae3646c6afd,85261b2dd72d4c4d8fae2264a3d2e93f,2018-07-03 08:15:46,car_accessories,manufacturer,wolf,0,1,1-5,manufacturer,23,9805.81
58e04f07a460472bade92ba55ebb7551,918aae5a8ff44219a2352ab801475f04,4573ec52658544e8b0f28b0c6cf5339e,751e472f5a70462ab0173a50c63fd09b,2018-02-10 04:10:52,food_drink,online_store,eagle,1,0,50-100,reseller,15,33887.8
a4767c7926b64c35bae972d3ba366d7e,b8009aaf89f24e80a44d2f396c59e267,427e35d594a645f58452692c4eca2549,1d72da384eb24590a8e3c1e8b8a58b41,2017-10-14 19:33:54,baby,reseller,eagle,1,0,5-20,reseller,12,120687.7
75b77152d118405c807eceb5ddedd6b9,e437c127305c4558b77f454e30745ac8,69221f1e41934bf2b9ab7808020034ff,25b49e2c2ce144c1b9092f79039b92e4,2017-11-17 00:19:18,housewares,online_store,cat,1,0,20-50,reseller,32,3444.04
6d1b24f965ec4fef88b501ea313cecde,60dbc1c8652044938ac7df135e5a70c9,daebb625f0fb4adeb84313cec795ecba,c231d194ee7f4dbf924d6ead7a9553e5,2018-05-27 17:11:56,housewares,online_store,wolf,1,1,50-100,reseller,23,30055.39
ea2f1a430ecb405b84f04a5bec1e9952,e2f4b4b18317420baea0d073e43f4ca7,97f1252659a04d0caa5ffa7243e35241,85261b2dd72d4c4d8fae2264a3d2e93f,2018-03-31 06:07:07,car_accessories,reseller,cat,1,0,1-5,reseller,8,214846.43
f9b672296d9b41989fb9789734134d65,42d40ee0912147aa885be649ab1cc837,4573ec52658544e8b0f28b0c6cf5339e,25b49e2c2ce144c1b9092f79039b92e4,2018-03-06 18:00:00,food_drink,offline,eagle,1,1,5-20,manufacturer,54,7723.02
e12d830909754eb89f6c977439f21173,d5f4b73d53ee4a4c88901baf860323b8,daebb625f0fb4adeb84313cec795ecba,85261b2dd72d4c4d8fae2264a3d2e93f,2017-12-03 10:16:11,baby,reseller,cat,1,1,20-50,manufacturer,34,15017.73
c7990b738aba492e8868204cc8699ec1,468f01a853ff4a068bda23445cc2ab06,4573ec52658544e8b0f28b0c6cf5339e,07cf8789d7b443c0a7594a1fcf5bb9f9,2018-03-13 02:19:01,small_appliances,manufacturer,cat,0,1,20-50,reseller,123,33148.91
de14ff6b034148248b8ad5abb8802025,c98910ddcea443b4b436e20fd8cb80b1,97592a3fa8e44fcba4a18f16ce8ce43c,5820beab246140938f1a5b48d03b5345,2018-03-17 01:09:27,car_accessories,reseller,shark,0,0,1-5,reseller,5,44915.14
ee746f15818e4661b4f9a18097bf08a7,5dc05f88ac6a4365afa8b3ebfc443b61,97592a3fa8e44fcba4a18f16ce8ce43c,cc27b8fb702046d29d76750728202170,2018-02-28 04:17:01,food_drink,online_store,cat,1,1,5-20,reseller,67,11837.01
f95037046d6e4613910ce64e9177dcab,02b5e5dde4e842a39937b1fea4d65a6d,4f812f3ad9cd426cbaf9e690273bb089,c231d194ee7f4dbf924d6ead7a9553e5,2017-07-22 11:59:40,audio_video_electronics,reseller,wolf,1,1,5-20,reseller,30,12094.67
2a16004fbc3a44219db5f91c251b0cfb,f03c838c49834effa568938f59c249ba,81cf4930132741e1a5ef4e05deaca631,c4cfe800e4424903adf78f5d0571372c,2017-12-07 02:40:48,housewares,offline,eagle,1,1,1-5,manufacturer,8,22584.24
9f74a5e4fc484969a2a4cd988a282116,25e4246953cc44078872fc4ebc091385,4573ec52658544e8b0f28b0c6cf5339e,a4edd3568d2647b698c1e5acdb70daff,2018-04-01 09:58:45,construction_tools_housewares,online_store,shark,0,1,1-5,manufacturer,267,3563.18
1e8980c6d57042449b04dc669422427e,7e5b5cc1affc41cd892fdcc648df09f0,69221f1e41934bf2b9ab7808020034ff,751e472f5a70462ab0173a50c63fd09b,2018-05-19 17:22:54,home_decor,manufacturer,wolf,1,1,20-50,manufacturer,61,5312.87
ccb56041e55245a08a6e247c75505c99,eec9d8a0f7c0425bacc8f19256b5401a,4573ec52658544e8b0f28b0c6cf5339e,0e260670826c4acc8f9476ca589809fd,2018-03-27 21:12:48,health_beauty,online_store,wolf,1,1,20-50,reseller,68,23613.75
4c1a68cc77fb4845b7a027ef697e59f0,f52acad66eaa40339ba4049dc4d154cf,427e35d594a645f58452692c4eca2549,751e472f5a70462ab0173a50c63fd09b,2018-06-12 06:59:26,fashion_accessories,offline,eagle,1,0,1-5,reseller,7,63266.64
bac1d52d15d14db3bfdd2f24fefe4e73,b4057b31d24444b7aa0230727e8b3ee3,4573ec52658544e8b0f28b0c6cf5339e,1473f2c33b544d8aa786d7a89df9e9e7,2017-11-19 04:27:46,fashion_accessories,reseller,eagle,1,1,100-500,other,11,5439.41
64d70fddfe5a4f8892b25669a0de0300,6d5d95ea828d452f82cd3767267c406e,97f1252659a04d0caa5ffa7243e35241,1d72da384eb24590a8e3c1e8b8a58b41,2018-01-25 04:39:19,home_decor,offline,wolf,1,0,20-50,reseller,45,39484.75
62df7bbbaf704e3c9a4a42c45795e1d3,64e53016fcc442cfbf6850aa90b1ecd3,daebb625f0fb4adeb84313cec795ecba,c231d194ee7f4dbf924d6ead7a9553e5,2017-09-01 18:30:05,car_accessories,offline,wolf,1,1,50-100,reseller,47,2455.56
ca42bbf867404d8a93252c61823b690c,0cd153af48af4d6c94635d261344aecb,81cf4930132741e1a5ef4e05deaca631,25b49e2c2ce144c1b9092f79039b92e4,2018-05-20 21:56:31,audio_video_electronics,offline,shark,0,0,100-500,manufacturer,36,11027.76
ed0d3ded3ff5426c96ad950190ce6f94,d0999524dbfb40a29e46133daf53daa2,09e5eddb7ee842d4b6b3dae3646c6afd,c4cfe800e4424903adf78f5d0571372c,2017-06-21 00:35:15,home_decor,other,shark,1,1,50-100,manufacturer,43,12359.18
6a7397c1224a4b2a97fd744e9fdc352c,5c106274817f4be0a17ed41537ca7418,97f1252659a04d0caa5ffa7243e35241,cc27b8fb702046d29d76750728202170,2018-04-27 23:07:28,audio_video_electronics,industry,wolf,0,1,5-20,reseller,31,34149.85
896e3d98084f42188b3528faaf77394f,c535f7b0338e482ea75d9148f80b2a82,427e35d594a645f58452692c4eca2549,569596ca2e674244a94abd6ad9b2b8ea,2018-02-04 05:51:39,food_drink,industry,shark,0,1,20-50,reseller,49,23883.75
980725a7c4384bfcbd6aacc8f79961af,8622ea951b2343dea66a16ef1aa55b74,97592a3fa8e44fcba4a18f16ce8ce43c,569596ca2e674244a94abd6ad9b2b8ea,2017-09-06 01:19:36,health_beauty,online_store,cat,1,0,20-50,manufacturer,54,18671.88
d319427daad941c38b5dcbd285c4fe10,1824ffad51ea4d5fb2204b4b1755349c,09e5eddb7ee842d4b6b3dae3646c6afd,569596ca2e674244a94abd6ad9b2b8ea,2017-10-27 00:22:11,health_beauty,industry,eagle,0,1,5-20,reseller,29,39644.58
f59b5a25fcc44d108ff34c9769803b0d,4a168a7f8bcc493198ca25fa6c0b054a,4f812f3ad9cd426cbaf9e690273bb089,4d9268c3ac95483498a19803d35254b1,2017-10-02 19:28:36,health_beauty,manufacturer,cat,1,1,20-50,manufacturer,33,23211.29
0379a4ade5514fe093fc6db5d004090d,2f3ce9735f6a421cb3fe9a52ccd672d4,81cf4930132741e1a5ef4e05deaca631,a4edd3568d2647b698c1e5acdb70daff,2018-02-28 02:56:37,health_beauty,manufacturer,cat,0,1,5-20,reseller,32,139181.41
31a26883139d4385be1bc51120327293,4203a3cf2bec4852bf4b498e847d4c06,427e35d594a645f58452692c4eca2549,0e260670826c4acc8f9476ca589809fd,2017-12-06 02:02:32,food_drink,offline,eagle,0,0,5-20,reseller,72,4510.03
4def4aaae2ca4b99ba83c68315990318,e256a7722da544a5a25cbebd1b0b42d2,97592a3fa8e44fcba4a18f16ce8ce43c,1473f2c33b544d8aa786d7a89df9e9e7,2018-01-22 05:25:12,audio_video_electronics,online_store,shark,1,1,20-50,manufacturer,38,15421.49
5ab9198179584380a4d5806aeb52fc72,98b3af1002114182b4c76c812781339d,f51d7158f5324fc5802d7e93b87e83be,25b49e2c2ce144c1b9092f79039b92e4,2017-10-25 06:30:25,housewares,offline,cat,1,0,20-50,manufacturer,114,1037.15
42bdc6c68c064ee1a928ef35475d689c,dea3b537266544a4a3a1609dbb85a0ca,f51d7158f5324fc5802d7e93b87e83be,a4edd3568d2647b698c1e5acdb70daff,2017-12-08 09:01:19,housewares,industry,wolf,0,0,500+,reseller,76,188305.49
1a4d7d8e0c4a4550b608065171eeb852,f07c34063f724da8987b4b610f7a8ca9,02eb23b3ffaa48adbb7d260d6a5d95c0,4b53e0ac0a5b4be895208421c4a6c71a,2018-02-20 01:13:05,car_accessories,industry,eagle,0,0,5-20,reseller,46,35821.58
95aa767c6a784b7281ad72f2c6d774f1,e5d35e147ffb465b9499cf3aca5b35dc,f51d7158f5324fc5802d7e93b87e83be,07cf8789d7b443c0a7594a1fcf5bb9f9,2017-08-19 03:23:02,food_drink,offline,wolf,0,1,5-20,manufacturer,9,11932.13
92355931a41649299825b89565912347,6609a1983607470c9c45bc730dd8bf55,daebb625f0fb4adeb84313cec795ecba,c4cfe800e4424903adf78f5d0571372c,2018-01-24 03:57:45,sports_leisure,offline,eagle,1,1,1-5,other,51,30897.3
6137e02aff9f4337aeba100d70282e72,645ea54437f841ef8fd2471fe8b7c980,97592a3fa8e44fcba4a18f16ce8ce43c,4d9268c3ac95483498a19803d35254b1,2017-12-04 03:02:50,sports_leisure,offline,cat,1,0,20-50,manufacturer,79,3950.7
eb14e96adc9b4d3f911e8a3b3f516e3c,9af43a82ec7f4132af5d936d135f05e6,4f812f3ad9cd426cbaf9e690273bb089,0e260670826c4acc8f9476ca589809fd,2017-07-21 01:23:21,construction_tools_housewares,online_store,wolf,0,1,1-5,reseller,9,43694.94
97b9aee2012d4416a5a536fa1d4676fa,39dae0cd28064b3985fd90f307d24389,427e35d594a645f58452692c4eca2549,4d9268c3ac95483498a19803d35254b1,2017-11-10 17:03:11,small_appliances,reseller,cat,1,0,100-500,reseller,7,19832.95
52b7efb703e24488a54a011a7547eeba,3dd77db5934a41349600c8f68c6a025a,69221f1e41934bf2b9ab7808020034ff,1d72da384eb24590a8e3c1e8b8a58b41,2017-08-09 01:03:39,car_accessories,online_store,cat,0,0,100-500,reseller,50,3937.12
e7fbc0123cda47ed85569a7339e632aa,46069778f82641eeb349c6b7b40dfa9e,4f812f3ad9cd426cbaf9e690273bb089,85261b2dd72d4c4d8fae2264a3d2e93f,2018-04-03 17:33:57,housewares,offline,shark,1,0,20-50,reseller,12,12533.31
13e7430493e64064988415dd4d863db9,4a3449e591ff4a4996f58795befd5f2d,f51d7158f5324fc5802d7e93b87e83be,a4edd3568d2647b698c1e5acdb70daff,2017-07-25 09:59:34,sports_leisure,reseller,cat,1,1,1-5,reseller,52,7355.15
a588e8b1cb534ca58d52d3e5aec1e8d3,ee088fdf69154f8a9a8c99f0ad5d6e38,69221f1e41934bf2b9ab7808020034ff,c231d194ee7f4dbf924d6ead7a9553e5,2017-11-16 15:11:26,health_beauty,online_store,cat,1,1,500+,manufacturer,32,18277.42
fba09eda9de6465a802e8c302077af0d,b1ba5c2b9f7e43f788333c08f9582bac,02eb23b3ffaa48adbb7d260d6a5d95c0,0e260670826c4acc8f9476ca589809fd,2018-05-15 00:36:33,small_appliances,online_store,eagle,1,0,50-100,reseller,25,23190.33
8526c5f6b237433994d998f526c8d727,ab6d971364174c9fb8d076ca34e10391,09e5eddb7ee842d4b6b3dae3646c6afd,85261b2dd72d4c4d8fae2264a3d2e93f,2018-02-08 00:18:26,construction_tools_housewares,online_store,cat,1,0,500+,manufacturer,24,2763.23
2a5c403a61eb477b89df345c3e301544,12719478312b428b81c2d8562cf241a4,427e35d594a645f58452692c4eca2549,1d72da384eb24590a8e3c1e8b8a58b41,2017-06-23 12:44:16,health_beauty,industry,eagle,1,0,20-50,other,8,85213.16
36b11cf17bb6443a8805757fbbfffe82,5bfc05c30f60401ab08d14da4162d645,81cf4930132741e1a5ef4e05deaca631,4d9268c3ac95483498a19803d35254b1,2017-10-10 07:23:45,health_beauty,offline,eagle,1,0,5-20,reseller,105,15307.5
6cee9be3c93741a9ae271063dc96a78d,7d12210cb3d44e9f900e5de3f7d6a71a,09e5eddb7ee842d4b6b3dae3646c6afd,1d72da384eb24590a8e3c1e8b8a58b41,2018-07-01 23:12:46,home_decor,online_store,wolf,1,1,5-20,reseller,28,7586.38
a97d4e03deed4d6ba71be4a34b3f5712,3a39acd9372c4732a65df3249c6b8333,4f812f3ad9cd426cbaf9e690273bb089,4d9268c3ac95483498a19803d35254b1,2017-09-02 08:38:26,car_accessories,other,cat,0,1,5-20,manufacturer,20,16590.66
cf85ad05b3cf409d8c4c1e317df1ba61,4bb59b95c6474506ab521c9cce2525bb,427e35d594a645f58452692c4eca2549,569596ca2e674244a94abd6ad9b2b8ea,2017-10-31 05:08:17,construction_tools_housewares,industry,shark,1,0,100-500,manufacturer,60,14689.44
c440d315b92443d5b5636264e5aa1028,1ba15c33a1844940a2e2cb8f2d3540e5,81cf4930132741e1a5ef4e05deaca631,07cf8789d7b443c0a7594a1fcf5bb9f9,2017-07-10 21:17:47,construction_tools_housewares,online_store,eagle,1,1,20-50,other,142,60962.68
e7978f493b894540a2ed122a4b087711,588fcc0407a24ab7ad8a4dc290edab10,02eb23b3ffaa48adbb7d260d6a5d95c0,4b53e0ac0a5b4be895208421c4a6c71a,2018-01-24 20:07:50,home_decor,online_store,shark,1,0,1-5,reseller,96,16222.43
4d6853ea28c5420c8442589c05b626a4,edca59a31a884382ab2ed4dd2abdd6f7,09e5eddb7ee842d4b6b3dae3646c6afd,4d9268c3ac95483498a19803d35254b1,2018-06-23 18:56:11,pet,manufacturer,wolf,0,1,5-20,reseller,56,5192.33
d02e4ace4b264fca891850603406074e,85023e5e056944c1ae2d7649ee016ed3,97f1252659a04d0caa5ffa7243e35241,4b53e0ac0a5b4be895208421c4a6c71a,2017-07-17 23:19:06,health_beauty,industry,eagle,0,0,50-100,manufacturer,30,1675.91
494cddcb46c74558b1a28a7f3d75a889,e286e4f3209c4b24b2569abd992cc505,97592a3fa8e44fcba4a18f16ce8ce43c,25b49e2c2ce144c1b9092f79039b92e4,2018-02-05 15:38:11,fashion_accessories,online_store,wolf,1,1,20-50,reseller,114,10830.98
eaba07d6c7a64f83bef93acc14976d88,89445444e35d48189da6244df73294b5,09e5eddb7ee842d4b6b3dae3646c6afd,4d9268c3ac95483498a19803d35254b1,2018-06-01 05:09:22,health_beauty,offline,cat,1,1,20-50,reseller,58,50754.27
c053c117471c4807b27792ccbc45aa69,40efeb989c23432e879e6af9c02d8964,4f812f3ad9cd426cbaf9e690273bb089,07cf8789d7b443c0a7594a1fcf5bb9f9,2018-04-23 02:44:23,housewares,offline,shark,0,1,5-20,manufacturer,131,30659.01
7c1c6195527b490a99f760c45977139f,6752145f27024006b9a095176d98add7,8c86913a5ba14fabbce7cbedb5b68cde,4d9268c3ac95483498a19803d35254b1,2018-05-26 21:09:37,pet,other,eagle,1,1,1-5,manufacturer,6,31137.82
d5a3e2b4db9348e9a32a45a65459ebad,0449ac426a9c478f8d6c3f4c239f2f16,02eb23b3ffaa48adbb7d260d6a5d95c0,4b53e0ac0a5b4be895208421c4a6c71a,2017-12-29 13:36:02,car_accessories,offline,eagle,1,1,20-50,reseller,27,14711.48
090471dbbf224a8593add769e98de339,4245a51a3eec43b682896ee7aec26b7c,8c86913a5ba14fabbce7cbedb5b68cde,cc27b8fb702046d29d76750728202170,2017-09-30 17:34:54,health_beauty,manufacturer,eagle,0,1,50-100,manufacturer,54,134144.05
6cd7bb8939c34b67becbc75881abc6c4,aaa02836b8a144a8b422f9827da8b33f,97f1252659a04d0caa5ffa7243e35241,1473f2c33b544d8aa786d7a89df9e9e7,2018-01-19 16:01:01,health_beauty,offline,cat,1,1,500+,reseller,51,65745.82
53aab7990dbd45b0822dbd38b2527975,204fa33de754401182e4f5d98703b3f5,69221f1e41934bf2b9ab7808020034ff,1473f2c33b544d8aa786d7a89df9e9e7,2018-04-18 23:21:20,car_accessories,online_store,eagle,1,0,100-500,reseller,6,3622.89
38f71073f0244be3b450270fc8d6162d,c66917e6e27e45be8dab4881b7b37f5f,8c86913a5ba14fabbce7cbedb5b68cde,4b53e0ac0a5b4be895208421c4a6c71a,2017-11-09 12:19:16,fashion_accessories,industry,wolf,1,0,20-50,reseller,22,73577.59
f23cd9dc42ca445aa0a2eb4f8188ae2b,4bf2ecc253584437bc1bb76d380a4d46,97f1252659a04d0caa5ffa7243e35241,85261b2dd72d4c4d8fae2264a3d2e93f,2017-12-02 14:44:14,pet,online_store,shark,1,1,20-50,reseller,84,924.38
3f95dda1af1a4e57a47562276836b14a,be7050f785584534a4cc0676844a44e7,f51d7158f5324fc5802d7e93b87e83be,569596ca2e674244a94abd6ad9b2b8ea,2018-02-10 16:25:27,health_beauty,online_store,shark,0,1,20-50,reseller,31,18118.06
cf066a3e7af143358fec2f2ab3cacbf3,642d027cd7164bf69d8659829112a77a,427e35d594a645f58452692c4eca2549,c4cfe800e4424903adf78f5d0571372c,2018-05-03 07:42:15,sports_leisure,industry,cat,0,1,20-50,reseller,10,37156.35
4d81af8e39f141c7a54f08e3d83d8970,13d1d091430c4df7b3a2eeef0125dfb0,69221f1e41934bf2b9ab7808020034ff,cc27b8fb702046d29d76750728202170,2018-01-18 20:28:36,fashion_accessories,reseller,shark,1,1,5-20,manufacturer,17,6892.44
a80df73d29884673b7a3be43d32d9d07,9b2dc676648e4d1c9e8b8ab546becfcb,97f1252659a04d0caa5ffa7243e35241,cc27b8fb702046d29d76750728202170,2017-10-16 04:18:50,audio_video_electronics,online_store,cat,1,1,50-100,manufacturer,11,5976.86
859519e913104c76b374a25cdab0b528,deced16151ed4b67bf4a4c27efbc3e4e,09e5eddb7ee842d4b6b3dae3646c6afd,751e472f5a70462ab0173a50c63fd09b,2017-11-07 10:14:38,housewares,online_store,shark,1,1,5-20,reseller,81,29696.37
5695c49eac8345e98f3a2c00ab0369b2,cca08dbe39bf4ca2b15de9127da77b19,4f812f3ad9cd426cbaf9e690273bb089,0e260670826c4acc8f9476ca589809fd,2017-08-17 20:35:29,baby,industry,eagle,0,1,1-5,manufacturer,74,723.32
f7eaa9c89b3346f99939db6503982ca7,4137f6326e4f4a26bf248c049373a1c1,97592a3fa8e44fcba4a18f16ce8ce43c,1d72da384eb24590a8e3c1e8b8a58b41,2017-09-17 20:26:44,housewares,industry,cat,1,1,5-20,reseller,22,5593.44
d3386050ec644b50b9c0d5f0e3607500,8672024435ed45178446d3156cc61581,4573ec52658544e8b0f28b0c6cf5339e,4b53e0ac0a5b4be895208421c4a6c71a,2017-07-10 19:56:45,sports_leisure,manufacturer,eagle,0,1,1-5,manufacturer,62,10542.54
49a210414a024c9683b1b912a2edbc18,6522400938b94e4f83ba5674b6653401,427e35d594a645f58452692c4eca2549,1d72da384eb24590a8e3c1e8b8a58b41,2018-07-06 10:52:07,fashion_accessories,online_store,cat,1,0,50-100,reseller,9,29847.65
762e084445954b3a85b80f821cef02e0,6336a9a377df489186262534b1500c1f,4f812f3ad9cd426cbaf9e690273bb089,25b49e2c2ce144c1b9092f79039b92e4,2018-05-24 03:12:30,housewares,offline,eagle,0,1,20-50,reseller,148,12192.48
40a59b9ec4404bf8a48329aa003ef81b,62555478ffbd4a038adf1c0389c7bca9,8c86913a5ba14fabbce7cbedb5b68cde,5820beab246140938f1a5b48d03b5345,2017-08-09 21:51:07,construction_tools_housewares,offline,cat,1,0,100-500,reseller,37,62831.81
d20cbbb00ac549eb80b5cdaac677841b,98aaca71f2e74d35bdca5ecb4dc09c5c,4573ec52658544e8b0f28b0c6cf5339e,1473f2c33b544d8aa786d7a89df9e9e7,2017-12-25 14:59:06,housewares,online_store,shark,1,1,5-20,reseller,5,10892.1
1fe77f206df4462585cf6c9da9b5b25d,5707a072b8c146bba4e0d7b4338c4fac,427e35d594a645f58452692c4eca2549,4d9268c3ac95483498a19803d35254b1,2018-06-05 09:50:30,health_beauty,online_store,cat,1,1,20-50,reseller,28,1561.82
6b2dd0b7397f4b63b80a77cd4440e41c,f0533ac9ad0447228bf6f1676e5f8a40,daebb625f0fb4adeb84313cec795ecba,0e260670826c4acc8f9476ca589809fd,2018-06-03 23:24:13,baby,industry,shark,1,0,500+,reseller,62,10349.94
04b8f6c59fda46989b3c96727a7b0101,1431416fe9754e3f974d382d5c252a1e,f51d7158f5324fc5802d7e93b87e83be,751e472f5a70462ab0173a50c63fd09b,2017-10-11 09:39:16,home_decor,online_store,cat,0,1,50-100,reseller,61,9448.49
a3b960ce2e614dc8a659480d9d3797bd,604b66971ebf4d9690752e185c6f2b80,4f812f3ad9cd426cbaf9e690273bb089,07cf8789d7b443c0a7594a1fcf5bb9f9,2018-04-13 15:32:41,pet,online_store,cat,0,1,5-20,reseller,70,21294.57
962c6dde9dbd4313bb0ef854a1c24db9,dceb7b6257304b37a9f9728f6a907cee,09e5eddb7ee842d4b6b3dae3646c6afd,c231d194ee7f4dbf924d6ead7a9553e5,2017-12-07 12:19:48,baby,offline,cat,1,0,50-100,other,108,13181.17
8afaff9ad9f2400097d39fe0412e4ace,89aae99a556a489a9a76775674a9c431,81cf4930132741e1a5ef4e05deaca631,85261b2dd72d4c4d8fae2264a3d2e93f,2017-12-16 11:35:50,car_accessories,reseller,cat,0,0,5-20,reseller,39,167431.27
6638a0efc66a411a9cfaef76efa79363,0c74eeb321da4b2a907965baf59147c7,02eb23b3ffaa48adbb7d260d6a5d95c0,07cf8789d7b443c0a7594a1fcf5bb9f9,2018-06-25 00:01:03,pet,online_store,eagle,1,1,1-5,reseller,24,13373.77
0a3dd439564a491096cce0c953ba5a3c,2fa8557ae5f44622a2ab81adab0c16dd,4573ec52658544e8b0f28b0c6cf5339e,751e472f5a70462ab0173a50c63fd09b,2018-01-26 07:32:10,fashion_accessories,manufacturer,wolf,0,1,20-50,reseller,47,5378.71
f3d1e921979d4a798fd589104b6963c2,6c0bea896f6b4bd18fb94ed5180aa790,f51d7158f5324fc5802d7e93b87e83be,1473f2c33b544d8aa786d7a89df9e9e7,2017-06-19 14:41:04,audio_video_electronics,online_store,cat,1,0,20-50,reseller,28,37304.99
603b43e151e54c05a19ad2c542fe2694,2162fdefe36a426cbbcd662b12b7aa02,4f812f3ad9cd426cbaf9e690273bb089,751e472f5a70462ab0173a50c63fd09b,2017-10-24 14:20:43,housewares,industry,eagle,1,1,5-20,reseller,24,1825.25
169db55f878a46ee9454a394d7969f9d,0651e4a56ba04b67a2cedb4e9c572f51,97592a3fa8e44fcba4a18f16ce8ce43c,07cf8789d7b443c0a7594a1fcf5bb9f9,2018-03-24 09:57:19,car_accessories,offline,cat,1,1,20-50,reseller,60,31127.34
a869bc96d69947eea8d29eae08ffe66c,41970702ef154853bca27ed017529778,69221f1e41934bf2b9ab7808020034ff,4b53e0ac0a5b4be895208421c4a6c71a,2017-12-18 13:14:20,sports_leisure,reseller,eagle,1,0,5-20,manufacturer,107,33003.64
6663bad388a14537ae2e572aa5fc8bf2,b47513f968da4be0b97c33a516e35829,69221f1e41934bf2b9ab7808020034ff,1473f2c33b544d8aa786d7a89df9e9e7,2018-03-23 18:37:05,construction_tools_housewares,reseller,cat,0,1,1-5,other,17,26184.25
cb8d85d666a34ec296fa0e6d632b0c0a,d2909b79f54b431dbe5ae99b8f9e9183,4f812f3ad9cd426cbaf9e690273bb089,cc27b8fb702046d29d76750728202170,2018-05-12 03:23:14,health_beauty,online_store,eagle,1,0,20-50,other,83,22355.94
29872a6291674968b13c1a3e3f1d0aa2,77155da54d324c38ad37173033d45deb,427e35d594a645f58452692c4eca2549,1473f2c33b544d8aa786d7a89df9e9e7,2018-05-11 03:45:46,pet,reseller,cat,1,1,50-100,reseller,54,40966.69
6b00ec9a48cb4492b14b7678aa3d70a9,2af7f54b146e4cb19ee6d875c4b3e278,4573ec52658544e8b0f28b0c6cf5339e,85261b2dd72d4c4d8fae2264a3d2e93f,2017-12-03 13:09:34,health_beauty,online_store,cat,1,0,5-20,reseller,8,8958.45
b8cfa016f0a64901b1bf59c34e7af6bd,bdd1fec4ea1f4959856fd5ae5a90193b,97592a3fa8e44fcba4a18f16ce8ce43c,cc27b8fb702046d29d76750728202170,2018-01-01 04:19:10,construction_tools_housewares,online_store,eagle,1,0,5-20,reseller,18,13863.56
9abbc07e329144d995729c7030045435,7f2f6ebd2a0049a69b81d794c094b00a,09e5eddb7ee842d4b6b3dae3646c6afd,0e260670826c4acc8f9476ca589809fd,2018-06-03 04:42:36,audio_video_electronics,industry,shark,0,1,5-20,manufacturer,172,2352.28
32131a5e8ef64712850cfe8651e84891,595d9e7d8bbc490b82397be54ebadd50,81cf4930132741e1a5ef4e05deaca631,a4edd3568d2647b698c1e5acdb70daff,2018-06-04 21:42:09,car_accessories,industry,wolf,1,1,100-500,reseller,225,6273.16
286f5b75ef7e436797167067de0f011c,3a61dfdb5faf4289939ebbc84c6742ac,4f812f3ad9cd426cbaf9e690273bb089,1473f2c33b544d8aa786d7a89df9e9e7,2018-05-18 01:34:42,small_appliances,other,cat,1,1,20-50,reseller,101,21906.33
b4ec2a14e35b4450aeb5ccafe6cd308c,5b4231ca94224fafaf0a5168b6d8e733,f51d7158f5324fc5802d7e93b87e83be,0e260670826c4acc8f9476ca589809fd,2017-10-10 00:26:32,baby,offline,wolf,0,1,50-100,manufacturer,78,28091.41
40ccee20af6046c18fa1aa44c6e961c2,08b90b01e0eb4f5aa4b89573fb9ebe2a,81cf4930132741e1a5ef4e05deaca631,07cf8789d7b443c0a7594a1fcf5bb9f9,2017-09-03 20:42:34,housewares,industry,cat,1,1,100-500,manufacturer,27,12033.17
8ff01980741e40028f2d94c4961ac387,db55c491e3a0471280d746f1c8e058b1,f51d7158f5324fc5802d7e93b87e83be,07cf8789d7b443c0a7594a1fcf5bb9f9,2017-10-26 14:35:19,health_beauty,industry,cat,1,1,5-20,other,35,19394.93
a0778ab50d30414d9395a1f5dd106e5a,c289e92911ac4bdca2b4c4c2e37fa4ca,97f1252659a04d0caa5ffa7243e35241,5820beab246140938f1a5b48d03b5345,2017-10-11 13:16:52,health_beauty,online_store,cat,1,1,1-5,reseller,68,1626.0
0635bc106ac54481b3d499505fefba7b,570166dd5b864d3dad17b27fd924a9f6,69221f1e41934bf2b9ab7808020034ff,1473f2c33b544d8aa786d7a89df9e9e7,2018-04-19 20:20:39,food_drink,online_store,cat,0,1,20-50,manufacturer,31,7213.31
0e67b2b95968483cb17f0d9061303632,e3fe94f46a514514883fddb5646c831b,09e5eddb7ee842d4b6b3dae3646c6afd,0e260670826c4acc8f9476ca589809fd,2017-11-27 13:53:18,car_accessories,offline,wolf,0,1,100-500,other,164,6437.67
abb68218b69b41c28ac3d19bc69568b6,dd4518baba81484ab00685ac4aef85af,02eb23b3ffaa48adbb7d260d6a5d95c0,1473f2c33b544d8aa786d7a89df9e9e7,2017-11-28 21:28:42,housewares,industry,wolf,1,1,500+,reseller,26,16083.97
258cd99b33ad407eb7fb445915103da8,a5af88ed5cd94eb1a2a75f43155a81a5,97592a3fa8e44fcba4a18f16ce8ce43c,25b49e2c2ce144c1b9092f79039b92e4,2018-07-09 17:05:56,construction_tools_housewares,online_store,eagle,1,0,20-50,reseller,9,36359.41
d1092c58396a49859008717b643d285d,4ee12640043840aeab18b06152d32e61,f51d7158f5324fc5802d7e93b87e83be,1473f2c33b544d8aa786d7a89df9e9e7,2017-09-20 02:06:21,baby,online_store,eagle,1,1,20-50,reseller,102,26883.73
d903ebd9a61b483a8f4bb2166385797a,d37587c4f6fb4e779469ccc77583e57e,69221f1e41934bf2b9ab7808020034ff,25b49e2c2ce144c1b9092f79039b92e4,2018-03-23 05:32:53,housewares,offline,cat,1,1,20-50,reseller,9,3399.78
a43960d06ceb4a6f9bc605b94d2dac64,3845ea8e731344d899ac8685f33aeb22,8c86913a5ba14fabbce7cbedb5b68cde,a4edd3568d2647b698c1e5acdb70daff,2017-12-07 22:29:58,health_beauty,online_store,cat,1,0,20-50,reseller,35,63941.84
785bf5069c3340fcbda3866e1c4b340a,e3e580d1b0d144ab9626387a1ccac355,97f1252659a04d0caa5ffa7243e35241,1473f2c33b544d8aa786d7a89df9e9e7,2018-01-21 22:23:49,food_drink,offline,eagle,1,1,5-20,reseller,39,26806.05
1a82ad3c9d844e7d83b741233b282821,fde4043e7a1843c781c2c4ec3fb08c6e,97f1252659a04d0caa5ffa7243e35241,a4edd3568d2647b698c1e5acdb70daff,2017-08-24 18:47:41,sports_leisure,online_store,wolf,0,1,5-20,reseller,37,35436.86
2cc8fd98c9a34d11a216566def871c2d,1a8f662cf3ff47dd98992a40a41738e9,f51d7158f5324fc5802d7e93b87e83be,cc27b8fb702046d29d76750728202170,2018-01-29 07:38:49,car_accessories,online_store,wolf,0,1,20-50,manufacturer,174,1518.15
b0195eb2139745f18f26470f3a233ab8,2fbc974fd5674e7b857de9053286e483,97f1252659a04d0caa5ffa7243e35241,569596ca2e674244a94abd6ad9b2b8ea,2018-01-11 00:02:47,housewares,online_store,eagle,1,0,5-20,manufacturer,22,3410.32
a33174454bb240788416610a44af6018,3828ab7fcb5446a6b72df54569f000a0,427e35d594a645f58452692c4eca2549,c4cfe800e4424903adf78f5d0571372c,2017-06-14 08:12:22,pet,offline,shark,1,1,100-500,manufacturer,10,45050.14
5ed27ac28be242638fd1712bcb3637fc,0b368b46c7d34d0e9e735d31332494e0,4f812f3ad9cd426cbaf9e690273bb089,751e472f5a70462ab0173a50c63fd09b,2017-12-29 23:46:42,health_beauty,offline,wolf,1,0,50-100,manufacturer,6,46347.73
0c0378cdff6f4438aea89e71daf577cf,5c65247bc1314326b02fd3ceb9be4116,daebb625f0fb4adeb84313cec795ecba,5820beab246140938f1a5b48d03b5345,2018-01-28 23:30:48,health_beauty,online_store,cat,1,1,20-50,manufacturer,43,13047.91
33a58662b0c84c6888f2e1d06b4f834e,50fade9a50fd476b9daabce201af8933,69221f1e41934bf2b9ab7808020034ff,4d9268c3ac95483498a19803d35254b1,2018-05-08 21:43:49,car_accessories,reseller,shark,1,1,500+,reseller,24,36307.97
348e2162ebec42268fbd1848572d4742,f62be070cd1647e088dae6c9f1339ce7,81cf4930132741e1a5ef4e05deaca631,85261b2dd72d4c4d8fae2264a3d2e93f,2018-03-30 16:41:57,car_accessories,industry,wolf,1,1,5-20,reseller,7,14151.55
2348bc75d31d414eb60c8f9b2e13c3a7,e068cd57fc28450f8223e62e0d157f97,f51d7158f5324fc5802d7e93b87e83be,c4cfe800e4424903adf78f5d0571372c,2018-02-06 06:12:42,sports_leisure,manufacturer,eagle,1,1,500+,reseller,45,3415.12
62dc32806c9d4d6c9a3bd165f177cf06,a2953e11077d43e3be5ab32ee235d350,8c86913a5ba14fabbce7cbedb5b68cde,c231d194ee7f4dbf924d6ead7a9553e5,2018-05-18 11:28:54,housewares,online_store,cat,1,1,100-500,reseller,121,35676.89
d8f201cfa02e4bce870f44c7b61b94a7,38d0fdba3212424c9140ab32aa2ea32b,09e5eddb7ee842d4b6b3dae3646c6afd,4d9268c3ac95483498a19803d35254b1,2017-08-20 20:35:38,food_drink,online_store,cat,1,1,5-20,manufacturer,38,688.97
76fe6a01ca8941dda2e8bcdaf0bb018c,0919be1882d94d6d82c4a311ff6ca15f,4f812f3ad9cd426cbaf9e690273bb089,4d9268c3ac95483498a19803d35254b1,2017-09-15 15:07:55,small_appliances,reseller,eagle,1,0,5-20,reseller,75,9653.02
ef176572314c4a49bcb62071eb979c32,558a68709a2c4e049c986e99f5607746,97592a3fa8e44fcba4a18f16ce8ce43c,5820beab246140938f1a5b48d03b5345,2017-07-22 13:31:04,pet,online_store,shark,0,0,5-20,reseller,44,10964.8
4ffc03059cb948cc855eb6b4f42c87af,c72cf014ada84c8fb08c4ecabc18b5d3,81cf4930132741e1a5ef4e05deaca631,85261b2dd72d4c4d8fae2264a3d2e93f,2017-08-30 22:05:18,construction_tools_housewares,online_store,shark,1,1,20-50,manufacturer,24,3476.0
89af48cde6cf4d82bef33ec38f1a9d16,bd79f6d9f9434d669b57d62ebe05c0f4,97f1252659a04d0caa5ffa7243e35241,25b49e2c2ce144c1b9092f79039b92e4,2018-06-13 17:16:48,health_beauty,online_store,wolf,1,1,20-50,reseller,94,46445.1
fb01d4d575da4317a11fbaed7f315560,2a0ecf3451dc45749b4f7154f18fa8ae,02eb23b3ffaa48adbb7d260d6a5d95c0,1473f2c33b544d8aa786d7a89df9e9e7,2017-08-21 15:34:40,housewares,offline,cat,1,1,100-500,manufacturer,57,15629.68
57c9e838895c487185a038453e75f798,86b241623f5b4cdfaf36b66534c8ca1e,4573ec52658544e8b0f28b0c6cf5339e,cc27b8fb702046d29d76750728202170,2018-05-05 01:00:11,pet,online_store,wolf,1,1,20-50,reseller,179,3509.86
8ebeca06f7934bc995010bec94ab01a3,a330b4de217d4c62b342b72243fe440f,8c86913a5ba14fabbce7cbedb5b68cde,5820beab246140938f1a5b48d03b5345,2018-03-07 16:38:24,sports_leisure,manufacturer,wolf,1,1,20-50,other,69,40179.78
672683064c934c55bd93b56d6215e149,bf7a49af813245bb81b1200e366fab2a,daebb625f0fb4adeb84313cec795ecba,4b53e0ac0a5b4be895208421c4a6c71a,2017-08-23 11:37:43,fashion_accessories,online_store,eagle,0,0,1-5,reseller,90,51610.78
14b6952da803429d81b9cdf5332fbd58,354721c067dd4cfaaed855d5b851298d,4f812f3ad9cd426cbaf9e690273bb089,5820beab246140938f1a5b48d03b5345,2017-07-22 23:01:09,health_beauty,offline,eagle,0,1,100-500,manufacturer,12,14705.77
d00766fd2c58401f95a9c2002290a2e7,fca7aa16a89e4f1c9b82fb759ccec7ce,daebb625f0fb4adeb84313cec795ecba,751e472f5a70462ab0173a50c63fd09b,2017-07-24 17:15:15,construction_tools_housewares,industry,wolf,1,1,20-50,reseller,118,19458.43
5b34daac23a843ad802ca014f4004985,b23a284642724c54828735e2ef6d0c44,daebb625f0fb4adeb84313cec795ecba,cc27b8fb702046d29d76750728202170,2018-02-04 14:12:55,sports_leisure,other,wolf,0,1,5-20,reseller,23,14507.44
80eab6ce8fec4f29835f59322d8b84a0,b40a81e7f02a421abdbd2cc7a3b6ff05,81cf4930132741e1a5ef4e05deaca631,c4cfe800e4424903adf78f5d0571372c,2017-08-15 03:57:55,pet,online_store,eagle,0,0,20-50,manufacturer,73,54707.56
4c2e3cb49fd54115b49bc9d953b7e1e7,e50a218e64394536b813dd5f6f8d12c7,97592a3fa8e44fcba4a18f16ce8ce43c,cc27b8fb702046d29d76750728202170,2017-12-10 01:49:53,sports_leisure,online_store,eagle,1,1,5-20,reseller,34,37327.65
35b427b521644a9fa86fd054bfbbe5b0,02f175c6e86a41f5815934a74c9bfb0e,97592a3fa8e44fcba4a18f16ce8ce43c,4d9268c3ac95483498a19803d35254b1,2018-06-02 06:21:28,small_appliances,online_store,cat,1,1,20-50,other,91,20639.07
ec8d7940a57c4750a442c7cbf48e4ce9,13169d2aa9284b24a484e82dcc63d56e,4573ec52658544e8b0f28b0c6cf5339e,1473f2c33b544d8aa786d7a89df9e9e7,2018-06-21 00:40:03,housewares,online_store,cat,0,1,5-20,reseller,109,58963.03
79edd7d3c29c44049e1e28c1144991e6,493594e252134caaabcba6145d6c0b7b,02eb23b3ffaa48adbb7d260d6a5d95c0,5820beab246140938f1a5b48d03b5345,2017-11-04 01:34:28,housewares,online_store,shark,1,0,20-50,other,9,895.12
61b322915d344192af1030f572ed6a5d,b14067c63e1f46a7a70ae488f47ff823,4f812f3ad9cd426cbaf9e690273bb089,a4edd3568d2647b698c1e5acdb70daff,2017-12-13 02:12:52,home_decor,other,cat,1,1,1-5,reseller,24,4132.74
03c929e9b77f4a978a628183a5ef118e,a3055952387a4f32afa0821e3df9e484,427e35d594a645f58452692c4eca2549,a4edd3568d2647b698c1e5acdb70daff,2017-09-06 23:31:44,home_decor,manufacturer,wolf,1,1,20-50,reseller,99,46572.75
91ff8f4c33e84ebeaa94d572fb3ebde5,de997863194549178a8748ff670ed340,4573ec52658544e8b0f28b0c6cf5339e,cc27b8fb702046d29d76750728202170,2018-03-18 06:45:08,fashion_accessories,offline,cat,1,0,5-20,reseller,41,117935.92
1c43d85f58764d5d9533baa568e53d3e,3b531f5f0d1546f4baeec3ff95fbc3ee,97592a3fa8e44fcba4a18f16ce8ce43c,25b49e2c2ce144c1b9092f79039b92e4,2017-07-15 19:58:15,home_decor,online_store,wolf,1,1,500+,manufacturer,99,3538.22
6259c9160b384c3f969ae02ca393d028,c8a06abb6270428aa97bc317c97e1899,02eb23b3ffaa48adbb7d260d6a5d95c0,1473f2c33b544d8aa786d7a89df9e9e7,2017-06-19 08:53:52,construction_tools_housewares,manufacturer,cat,1,1,1-5,manufacturer,168,38274.23
b0980580479a4cf8bc1ac334173b109e,18f9f381df56412cbd778a2c75f1da76,02eb23b3ffaa48adbb7d260d6a5d95c0,4d9268c3ac95483498a19803d35254b1,2017-06-28 01:05:21,pet,online_store,cat,1,1,100-500,manufacturer,93,18367.65
398a22b41b4d40389b29d923037666ad,6732af0469164bacb22a13ef5a6d6e3c,f51d7158f5324fc5802d7e93b87e83be,c4cfe800e4424903adf78f5d0571372c,2018-04-26 07:22:55,housewares,online_store,eagle,0,1,20-50,reseller,12,1532.58
70dc51a5f54849cc97b5ac642ef2aa2a,acbd36c8bcd24e2e82a9fa5bf41647f0,97f1252659a04d0caa5ffa7243e35241,25b49e2c2ce144c1b9092f79039b92e4,2017-11-03 12:26:05,housewares,manufacturer,wolf,1,1,20-50,reseller,17,97861.0
33a2483dc32d48e793db0f09af5cc693,8d937620c178440a9088c462c3e10887,81cf4930132741e1a5ef4e05deaca631,07cf8789d7b443c0a7594a1fcf5bb9f9,2017-10-30 00:48:01,sports_leisure,online_store,eagle,0,1,5-20,reseller,10,7138.3
27431e726b184969bfecae7a8cfd74f1,41e9987f0b1147c38aa557fd8563a864,4573ec52658544e8b0f28b0c6cf5339e,c231d194ee7f4dbf924d6ead7a9553e5,2018-02-27 01:25:18,car_accessories,industry,wolf,1,0,50-100,reseller,64,435186.5
6f5b3f8eab744cd8be01569961fd4914,e5f1e24dcf8c4d72b2d3795c2b176433,daebb625f0fb4adeb84313cec795ecba,0e260670826c4acc8f9476ca589809fd,2017-09-19 18:28:15,pet,other,cat,1,1,20-50,reseller,48,14545.64
8bf8d9859ce94e919619a657626b7c40,1c81294fcd47454ab4d12ebbfdf04568,4f812f3ad9cd426cbaf9e690273bb089,85261b2dd72d4c4d8fae2264a3d2e93f,2017-10-09 06:02:37,housewares,offline,wolf,0,1,100-500,other,14,20716.5
33bf4c840f474bb284830a77d2ef528b,01c7f311d936423c80afe205f6b1889b,daebb625f0fb4adeb84313cec795ecba,569596ca2e674244a94abd6ad9b2b8ea,2018-04-13 01:10:38,audio_video_electronics,manufacturer,eagle,1,0,5-20,reseller,24,34468.16
2e64e87608c446809d357f79c8ea4230,184002fa5ac14dde837093dee0ffc4fd,daebb625f0fb4adeb84313cec795ecba,c4cfe800e4424903adf78f5d0571372c,2017-12-29 17:50:17,pet,manufacturer,eagle,1,1,20-50,manufacturer,119,1891.43
a81348c29bdb421cab784ecb3f57091d,2e58b80e839247569a79d5afbc95f54e,daebb625f0fb4adeb84313cec795ecba,1473f2c33b544d8aa786d7a89df9e9e7,2018-05-06 13:08:27,car_accessories,manufacturer,eagle,0,1,5-20,manufacturer,52,14800.37
ba7ff83088a54d72a16ac6a44558ae45,a794e37914694f30a27c0fa266231abd,02eb23b3ffaa48adbb7d260d6a5d95c0,07cf8789d7b443c0a7594a1fcf5bb9f9,2017-10-07 23:00:13,health_beauty,industry,wolf,1,0,20-50,manufacturer,33,6184.4
9459c4e0a1754ded8e020967e42123d1,cfe00450862d40618464fdb3669c3e99,02eb23b3ffaa48adbb7d260d6a5d95c0,4d9268c3ac95483498a19803d35254b1,2017-07-29 18:33:47,sports_leisure,online_store,cat,1,0,5-20,manufacturer,55,39898.75
9a86ce5e4827408caa27f7da2667dcfa,5a57a2e3fe5c4b2783204a0d72529f86,81cf4930132741e1a5ef4e05deaca631,85261b2dd72d4c4d8fae2264a3d2e93f,2017-07-11 09:51:34,food_drink,online_store,eagle,1,0,50-100,manufacturer,17,39330.05
5e6ce5110fa34a7a82e834a6dec13f84,bdbb9a3c8e0e4bd3914c183510f9eab7,97592a3fa8e44fcba4a18f16ce8ce43c,25b49e2c2ce144c1b9092f79039b92e4,2017-09-15 10:53:48,sports_leisure,online_store,eagle,0,1,5-20,reseller,13,31812.91
0349489c783c4a81be3cf1802e42f766,9ddc11b4219149139bd62e4e0d8e7abf,97592a3fa8e44fcba4a18f16ce8ce43c,07cf8789d7b443c0a7594a1fcf5bb9f9,2017-10-31 06:55:33,health_beauty,offline,eagle,1,1,100-500,reseller,64,14884.12
ff04ccd6cfe84b3b8ac6f2e6b85a91e3,803a2e49e80a446593ef6c412c3d1f02,427e35d594a645f58452692c4eca2549,1473f2c33b544d8aa786d7a89df9e9e7,2017-09-23 01:14:34,housewares,offline,shark,0,1,1-5,reseller,42,3390.22
0bdff92c4c64492699cf3d6ea39782d4,0e15eae9cc03431aa8d8c3d2fb8a73a1,97592a3fa8e44fcba4a18f16ce8ce43c,4b53e0ac0a5b4be895208421c4a6c71a,2017-07-03 00:31:30,housewares,industry,cat,1,1,20-50,reseller,216,9010.9
697f0da6aab844a38c9ed10431bfd94c,e0d38c7fc07544a3bde930b97fa939be,69221f1e41934bf2b9ab7808020034ff,0e260670826c4acc8f9476ca589809fd,2018-06-10 09:32:43,sports_leisure,online_store,eagle,1,1,5-20,manufacturer,22,9387.05
9d06c2dabf67412285b935842864a780,f7ef167b3c3c4377b7122f70b49a0e9d,81cf4930132741e1a5ef4e05deaca631,4d9268c3ac95483498a19803d35254b1,2018-02-11 03:52:02,car_accessories,industry,eagle,1,0,5-20,other,8,1664.23
08c16c10e3174e32b2a8226bc6423aa5,3d75dd5c773b42859430e998c866a52c,02eb23b3ffaa48adbb7d260d6a5d95c0,0e260670826c4acc8f9476ca589809fd,2018-03-02 05:27:24,small_appliances,industry,eagle,1,1,20-50,reseller,31,25128.41
8fb76531e553404f978452743f129cac,9838b70a47b445ea9034ddf6a4a7305e,02eb23b3ffaa48adbb7d260d6a5d95c0,a4edd3568d2647b698c1e5acdb70daff,2018-01-25 07:40:35,construction_tools_housewares,offline,shark,1,1,50-100,reseller,102,912.59
c909972ff86044eaaeb24db3bcffe387,83a5a4ade3fc41a79d4bfdf3f1e08f63,97f1252659a04d0caa5ffa7243e35241,25b49e2c2ce144c1b9092f79039b92e4,2017-12-30 19:49:51,sports_leisure,reseller,wolf,1,1,500+,reseller,10,82422.77
d2b3c93ab4cf45f3af8f94c3c903ffda,1fb0636dbbae43059a06ae993ae33052,97592a3fa8e44fcba4a18f16ce8ce43c,4b53e0ac0a5b4be895208421c4a6c71a,2018-02-11 09:58:22,audio_video_electronics,online_store,wolf,1,0,50-100,reseller,27,110054.29
2ef4036d49784ed8a9b99c8d19ab080f,a75e8a62b3384d829e04fc4f93553134,8c86913a5ba14fabbce7cbedb5b68cde,07cf8789d7b443c0a7594a1fcf5bb9f9,2018-05-06 12:46:19,housewares,industry,cat,1,0,20-50,reseller,37,26412.52
72d3e3bc94ee40dc80f36b2de4892600,140a0e46f71d480cb3ed5c97258201a0,81cf4930132741e1a5ef4e05deaca631,a4edd3568d2647b698c1e5acdb70daff,2018-01-08 17:39:35,audio_video_electronics,industry,eagle,1,1,500+,reseller,6,5783.26
9e61cf70aad04a3c9b159b3954120a75,037aa6b881384bc6881a57db9eb00a1b,97f1252659a04d0caa5ffa7243e35241,4d9268c3ac95483498a19803d35254b1,2017-06-23 07:25:19,food_drink,online_store,eagle,1,0,500+,manufacturer,9,2785.44
725ec438d0bc4adab723f650b1deb538,baf6e7db05384867a3b0fa10decaf70e,97592a3fa8e44fcba4a18f16ce8ce43c,0e260670826c4acc8f9476ca589809fd,2018-05-04 00:03:29,audio_video_electronics,other,shark,1,0,20-50,reseller,41,37804.57
d14051c0e7a84c668c21213bf454e083,9973512ba4e6465eb596d14283208718,81cf4930132741e1a5ef4e05deaca631,1d72da384eb24590a8e3c1e8b8a58b41,2017-09-23 03:17:53,health_beauty,offline,eagle,1,0,50-100,reseller,40,44862.77
ce291a50854343a7931ccc0c435a13a0,d1511100b4bb43fb8b2a475f69216cb6,02eb23b3ffaa48adbb7d260d6a5d95c0,1473f2c33b544d8aa786d7a89df9e9e7,2017-09-28 08:57:35,health_beauty,reseller,wolf,1,0,5-20,other,27,14726.04
176c26c4953241a09bdcc6a2988f8876,2d3136d5179641d6a93247427f1859ec,69221f1e41934bf2b9ab7808020034ff,4b53e0ac0a5b4be895208421c4a6c71a,2018-04-02 02:31:23,food_drink,industry,shark,1,0,20-50,manufacturer,32,18257.21
74fc2c61c99c4c0a861ee07967b6943d,c5f1c2d7adb343c8aa8fdc48336e83ae,daebb625f0fb4adeb84313cec795ecba,07cf8789d7b443c0a7594a1fcf5bb9f9,2017-08-16 03:10:22,home_decor,offline,cat,1,0,20-50,reseller,51,6090.72
7f0d3818935b44439dc769681c0f05d5,45249f5353684512b6746833c5c341c4,4f812f3ad9cd426cbaf9e690273bb089,07cf8789d7b443c0a7594a1fcf5bb9f9,2018-02-09 23:02:04,audio_video_electronics,online_store,shark,0,0,20-50,manufacturer,22,22946.59
7621949e72814691a6dd0ec84fc62901,d7afa7e82e6c403a9fa4ea80504a2f8a,97f1252659a04d0caa5ffa7243e35241,569596ca2e674244a94abd6ad9b2b8ea,2017-06-26 11:35:03,food_drink,online_store,eagle,0,0,1-5,manufacturer,30,3855.6
4e7708629b1d4ee298590f6425d8875b,dbb698d575054a4999ebc8f4fabf2a6d,8c86913a5ba14fabbce7cbedb5b68cde,cc27b8fb702046d29d76750728202170,2017-11-05 02:40:37,health_beauty,offline,eagle,0,0,5-20,reseller,54,5268.08
a80448ad1e054ecaa68fbc63bac38d00,22d04e664b104d309e62fb070ce6a607,f51d7158f5324fc5802d7e93b87e83be,751e472f5a70462ab0173a50c63fd09b,2017-09-16 02:56:00,housewares,manufacturer,shark,1,0,5-20,other,35,4001.22
a8d8fb65d431474baf1bebf5633f4784,9b00142de0804bc29c0e10f5d97448bb,f51d7158f5324fc5802d7e93b87e83be,4d9268c3ac95483498a19803d35254b1,2017-12-26 07:47:32,health_beauty,offline,wolf,1,0,100-500,reseller,61,2230.35
0a512f2b15f040d0888bd319af592c77,4bf5cf77836143528dca75b0368a286b,4f812f3ad9cd426cbaf9e690273bb089,85261b2dd72d4c4d8fae2264a3d2e93f,2017-09-15 03:29:38,health_beauty,online_store,wolf,0,0,1-5,reseller,32,31304.77
e17f42c395ef417a84f4364a7e6340de,8bbe79a00cdb4dd4ac435b18ef7b5bb0,4f812f3ad9cd426cbaf9e690273bb089,751e472f5a70462ab0173a50c63fd09b,2017-11-20 12:53:02,sports_leisure,reseller,cat,1,0,500+,reseller,36,8837.54
9cf2be74696b429eaf638ad3d230e7fe,e7c44114869f4c43819167a88c8c012a,69221f1e41934bf2b9ab7808020034ff,cc27b8fb702046d29d76750728202170,2017-10-02 17:13:42,sports_leisure,offline,eagle,1,0,5-20,reseller,83,14674.02
362685ab40564a5683d98f0705ac9bdf,0d60e4bfba3b407a9ec9d6d1df79469b,8c86913a5ba14fabbce7cbedb5b68cde,c231d194ee7f4dbf924d6ead7a9553e5,2018-02-15 12:47:57,car_accessories,offline,cat,1,1,5-20,manufacturer,48,7420.99
8dd328ebf9024eef957d94065d7b28e9,4fc0ae5939a548be8c40105f8b823edb,09e5eddb7ee842d4b6b3dae3646c6afd,85261b2dd72d4c4d8fae2264a3d2e93f,2017-08-04 18:41:25,audio_video_electronics,online_store,eagle,1,0,20-50,other,30,49066.9
fe2e1ca10fa54729ad5dbb950b446068,44c0ee00cfcc47219fe4b9307535224d,8c86913a5ba14fabbce7cbedb5b68cde,85261b2dd72d4c4d8fae2264a3d2e93f,2017-09-24 18:14:02,health_beauty,online_store,eagle,1,0,100-500,reseller,146,16753.04
702fccb11b5740c28cf6dab69fb9f6fa,7884b249cab540e1bacf2e6eb372d699,02eb23b3ffaa48adbb7d260d6a5d95c0,1d72da384eb24590a8e3c1e8b8a58b41,2017-11-11 07:59:12,sports_leisure,offline,shark,1,1,20-50,manufacturer,47,24934.44
c577618d228549eba0a597c329973f1c,83bc078081fa48948d00261955104a97,8c86913a5ba14fabbce7cbedb5b68cde,c4cfe800e4424903adf78f5d0571372c,2017-12-14 08:46:59,construction_tools_housewares,online_store,shark,0,1,5-20,reseller,33,9388.03
7c3e855fdaa54d9b82ae627c56846f2e,9404305b6d644cff86217f640524efd0,69221f1e41934bf2b9ab7808020034ff,25b49e2c2ce144c1b9092f79039b92e4,2018-01-21 13:34:12,construction_tools_housewares,offline,cat,1,0,20-50,manufacturer,35,16640.06
4a9e0a8eec934e64a4d61d640c50fb06,5794340a887642798262ecb725a6cd52,427e35d594a645f58452692c4eca2549,07cf8789d7b443c0a7594a1fcf5bb9f9,2018-04-17 06:10:09,health_beauty,offline,wolf,1,1,50-100,manufacturer,91,8334.15
ff048515621e48998c4685d690a1e3d1,1332a51a182e4d8d82a0b20ac5abe32e,81cf4930132741e1a5ef4e05deaca631,0e260670826c4acc8f9476ca589809fd,2017-06-27 05:02:03,sports_leisure,other,wolf,1,1,50-100,manufacturer,67,10735.48
32cf82bdc9fc4e549aece77f39d415bb,3eef1c1c16ac4f55987b37104b503f9d,427e35d594a645f58452692c4eca2549,cc27b8fb702046d29d76750728202170,2018-03-25 20:49:28,food_drink,online_store,cat,1,0,100-500,manufacturer,66,39730.21
4f8823e62df14138a32d92ae84feeefb,d0f13b5c048f493d83946d92ba300762,f51d7158f5324fc5802d7e93b87e83be,5820beab246140938f1a5b48d03b5345,2018-05-13 16:29:46,audio_video_electronics,offline,eagle,0,1,100-500,other,48,19659.65
ac933c5ce15341daa602e25982dfab43,76974cd7435149f79b4ec079d38f9be6,97f1252659a04d0caa5ffa7243e35241,c231d194ee7f4dbf924d6ead7a9553e5,2017-08-18 12:57:56,audio_video_electronics,online_store,wolf,1,1,50-100,other,92,49069.51
528058b3b93a4573b22f00430c6eb2bb,9ac811b423fa4587b4f553f9f2e67e57,97592a3fa8e44fcba4a18f16ce8ce43c,0e260670826c4acc8f9476ca589809fd,2017-12-07 15:40:09,health_beauty,online_store,wolf,0,0,20-50,reseller,40,17737.23
b610e5f62d8d4564a7dac9a16227e7e7,aa46e13b9139465db89b4ab28b9bab0f,427e35d594a645f58452692c4eca2549,4d9268c3ac95483498a19803d35254b1,2018-01-14 11:43:15,health_beauty,offline,shark,1,1,100-500,other,77,15606.25
87cd8c18c5544be48d3133388109e51b,a2cad234429847e582969701f9606e59,97f1252659a04d0caa5ffa7243e35241,c4cfe800e4424903adf78f5d0571372c,2017-07-11 13:25:52,housewares,industry,wolf,1,1,20-50,reseller,24,5033.49
b127cd1875a74463a64bd8b52383481f,104d9a3f102748919c1fb2f5f2bf569a,f51d7158f5324fc5802d7e93b87e83be,a4edd3568d2647b698c1e5acdb70daff,2017-12-11 09:31:43,sports_leisure,industry,wolf,1,1,20-50,other,47,5796.47
4bd8bcb920f547e1bcdaae3a5698baee,3f2ab91e3bbe4da4a0c380d7e2cd2acc,09e5eddb7ee842d4b6b3dae3646c6afd,85261b2dd72d4c4d8fae2264a3d2e93f,2018-05-25 10:21:15,sports_leisure,online_store,shark,0,0,5-20,reseller,10,2377.7
3c8362a4c6fa4d55be68fb0f84ead1c0,a5c780cb46334b8dab8670470a6f732a,daebb625f0fb4adeb84313cec795ecba,4d9268c3ac95483498a19803d35254b1,2017-10-17 12:09:24,construction_tools_housewares,offline,wolf,0,0,1-5,reseller,63,1522.26
bf3f1ef487014adc99cdaedb043481d7,e8251502ba2249ad8027b0e2bc93f15e,4573ec52658544e8b0f28b0c6cf5339e,0e260670826c4acc8f9476ca589809fd,2017-10-04 13:15:01,audio_video_electronics,industry,wolf,1,0,20-50,manufacturer,79,6595.98
a35f909d91534b828d23964d69446b8a,3256cb1248ad4b4f84817748a3fefa10,4f812f3ad9cd426cbaf9e690273bb089,1473f2c33b544d8aa786d7a89df9e9e7,2018-06-07 13:28:10,sports_leisure,online_store,eagle,0,0,5-20,reseller,60,6908.82
c8c595ba6bea48f3a149412cb96f9142,a903d001bee44525b5e6391f42278fea,4f812f3ad9cd426cbaf9e690273bb089,25b49e2c2ce144c1b9092f79039b92e4,2018-02-18 22:29:42,construction_tools_housewares,online_store,eagle,1,0,100-500,reseller,82,5064.87
636ee5bb532144228dacc382379fe533,bedcc54cce7a4e629fbcbad77d2ab169,97f1252659a04d0caa5ffa7243e35241,4b53e0ac0a5b4be895208421c4a6c71a,2018-04-10 16:29:38,audio_video_electronics,industry,wolf,1,1,5-20,reseller,7,21962.27
a6792ed94db94b66882b53711695085f,ba14e082dbb44691929346a735b72672,81cf4930132741e1a5ef4e05deaca631,1d72da384eb24590a8e3c1e8b8a58b41,2017-08-29 15:45:03,pet,online_store,shark,1,0,100-500,reseller,28,12149.35
a3d9c43c763544c8ae15655c7e975af3,7a79cd4f15b34c42b5f04ee7a03eddfa,97f1252659a04d0caa5ffa7243e35241,cc27b8fb702046d29d76750728202170,2017-09-24 20:43:49,housewares,online_store,shark,1,1,20-50,manufacturer,37,65807.54
aba096e5f8e44a06b7415b4f6af59c8a,d75c7298229d44d5915da8b7ef4fd282,97592a3fa8e44fcba4a18f16ce8ce43c,5820beab246140938f1a5b48d03b5345,2017-09-11 00:31:52,sports_leisure,manufacturer,cat,0,0,20-50,reseller,10,6375.1
82705053ff4944f597b45a37c2e759e2,117a74e607e54a0f9a39804756beff23,8c86913a5ba14fabbce7cbedb5b68cde,0e260670826c4acc8f9476ca589809fd,2017-10-28 01:39:41,car_accessories,online_store,cat,0,1,20-50,reseller,24,20540.39
ccb29e0c8f4c4488b76b10eb3d86a484,a254ae82f2d84e798de7efbb1f23eac4,8c86913a5ba14fabbce7cbedb5b68cde,4d9268c3ac95483498a19803d35254b1,2017-10-08 13:26:17,construction_tools_housewares,offline,cat,1,1,5-20,other,17,28712.74
73fbce9f9711488dbf8a5e6b8b79b95f,9aebf7d5493740ecac7e42a3baaa1ac7,97f1252659a04d0caa5ffa7243e35241,569596ca2e674244a94abd6ad9b2b8ea,2018-05-25 04:28:12,baby,offline,cat,0,1,100-500,reseller,53,68407.98
c9c263160c124654b4ee14bbf019e55b,39a6221c2c004820b71a5c6c5c5952a8,69221f1e41934bf2b9ab7808020034ff,1d72da384eb24590a8e3c1e8b8a58b41,2017-09-16 06:32:32,housewares,online_store,eagle,1,0,5-20,other,74,37537.37
11adf7e563ab46e1b4b1268b6d6f6dca,de027af6985d4010873e102da8cbe450,02eb23b3ffaa48adbb7d260d6a5d95c0,cc27b8fb702046d29d76750728202170,2017-07-24 08:08:12,health_beauty,online_store,wolf,1,1,20-50,reseller,192,37433.58
b5918dc20d884f3b857194d5a14808df,c4a0b9c2e0e140fa95977a6bd5b10a41,4573ec52658544e8b0f28b0c6cf5339e,1d72da384eb24590a8e3c1e8b8a58b41,2018-01-30 13:05:55,housewares,industry,eagle,1,0,100-500,manufacturer,12,18043.06
d42a4b361ec0466aaa5b304f194e5108,6bee797da6364097b0c4f6d9a9b2cfd7,daebb625f0fb4adeb84313cec795ecba,c4cfe800e4424903adf78f5d0571372c,2018-02-03 10:03:28,car_accessories,manufacturer,eagle,1,1,20-50,reseller,20,6048.36
d2412d3fa4e6410f9b026df693a95f7e,9da90ce5450f497e90dfb622ec75665b,97f1252659a04d0caa5ffa7243e35241,5820beab246140938f1a5b48d03b5345,2017-10-13 22:52:49,construction_tools_housewares,offline,wolf,1,1,20-50,reseller,31,78597.28
8f20cf63db9d4160aa6aca4eb9118a25,51098324865e4a5da7ec4216659f48b8,daebb625f0fb4adeb84313cec795ecba,85261b2dd72d4c4d8fae2264a3d2e93f,2018-02-23 10:55:21,small_appliances,online_store,shark,0,0,20-50,manufacturer,7,1200.53
9898b329aeb9434f8936530347510b7e,e9837a43e4c74900b8b104d4c54a859a,69221f1e41934bf2b9ab7808020034ff,a4edd3568d2647b698c1e5acdb70daff,2017-07-03 22:52:37,audio_video_electronics,other,cat,1,1,100-500,manufacturer,56,168469.03
50f2582ef440434fbd97921f40065faf,ae2f02f1c5de403597497949f4c28ecb,69221f1e41934bf2b9ab7808020034ff,85261b2dd72d4c4d8fae2264a3d2e93f,2017-08-06 22:13:05,home_decor,industry,wolf,1,1,5-20,reseller,12,8868.31
928463cc54f34240b6fa308e0e5f570e,324efe96a4e74fe6a9324dcae94984d3,97f1252659a04d0caa5ffa7243e35241,1473f2c33b544d8aa786d7a89df9e9e7,2017-08-20 09:12:29,car_accessories,online_store,wolf,1,1,100-500,reseller,138,3046.56
7fd6e2a948a6440b8f88c17c07fe7210,4261798cc49e4574a5cea3b09e95e06f,97592a3fa8e44fcba4a18f16ce8ce43c,1473f2c33b544d8aa786d7a89df9e9e7,2018-01-18 18:00:54,baby,other,shark,1,1,20-50,manufacturer,17,35517.84
db77abea3fd04d508ff0087186ff0203,b873f753c7244446b009b7063d442736,09e5eddb7ee842d4b6b3dae3646c6afd,25b49e2c2ce144c1b9092f79039b92e4,2017-11-17 04:41:46,health_beauty,offline,eagle,1,1,50-100,reseller,36,6858.45
867f82f42d3b4564a5e78ba081d6555b,3cbbb79138c84a069a99ff79e470aac1,09e5eddb7ee842d4b6b3dae3646c6afd,c231d194ee7f4dbf924d6ead7a9553e5,2017-09-11 18:23:37,food_drink,other,eagle,1,1,500+,manufacturer,9,3372.86
30c2f195e4ed4973b64cb2cd79c568cc,4bc294ee5a5846e09dc2c28ba509c81e,4573ec52658544e8b0f28b0c6cf5339e,4b53e0ac0a5b4be895208421c4a6c71a,2018-04-30 11:21:11,fashion_accessories,manufacturer,shark,1,0,5-20,reseller,9,11196.92
a7097e1866264ceba26b495c770e2dea,6d88f839ff214ca392d966ae4d1bb8de,97f1252659a04d0caa5ffa7243e35241,1d72da384eb24590a8e3c1e8b8a58b41,2017-11-29 07:05:56,construction_tools_housewares,online_store,eagle,0,0,50-100,reseller,17,7898.1
add1f4fc0c6d41d39e6c25ed34d8e57b,cf65b413f2a44c8cadda14e3c1c092d1,4573ec52658544e8b0f28b0c6cf5339e,4d9268c3ac95483498a19803d35254b1,2017-08-30 22:24:34,audio_video_electronics,reseller,wolf,1,0,50-100,manufacturer,50,2131.72
fb5b0ace9d474ef6bef3abb4f8e281b4,b6794cb941af4c2aa9913f1255c97040,09e5eddb7ee842d4b6b3dae3646c6afd,1473f2c33b544d8aa786d7a89df9e9e7,2018-01-15 01:37:23,sports_leisure,online_store,shark,1,1,20-50,manufacturer,71,19649.74
79e6f630a4664bd3bbe368a0ee6f742b,f7a38bef2c7e443498febaa0f5a02c8f,4573ec52658544e8b0f28b0c6cf5339e,1473f2c33b544d8aa786d7a89df9e9e7,2017-08-14 09:06:14,home_decor,reseller,shark,1,1,20-50,reseller,19,31916.81
5f499a5a52ff41aab9410c2184c4ec90,9f71682a370b4a958be1d1c38fd7f3fb,97f1252659a04d0caa5ffa7243e35241,07cf8789d7b443c0a7594a1fcf5bb9f9,2017-10-25 14:58:01,small_appliances,online_store,cat,1,0,5-20,reseller,17,54454.29
0eaf7f2387b74a928e0bc7088b296950,5a764931fcd04f4da3d25151ad4ae9ed,daebb625f0fb4adeb84313cec795ecba,07cf8789d7b443c0a7594a1fcf5bb9f9,2018-02-12 06:33:53,housewares,reseller,shark,1,1,50-100,manufacturer,79,11431.78
e8257616c1054e30b69d1679afadf3ad,ec2f4ac7052a4f73bd6117b82fb57093,81cf4930132741e1a5ef4e05deaca631,4b53e0ac0a5b4be895208421c4a6c71a,2018-06-05 14:04:40,audio_video_electronics,manufacturer,cat,1,0,20-50,reseller,48,3503.42
5c3f9270901b41e5a946e2b02745455f,732076d452004f0fbf2aca31f426360a,97592a3fa8e44fcba4a18f16ce8ce43c,07cf8789d7b443c0a7594a1fcf5bb9f9,2017-08-29 23:44:48,housewares,online_store,wolf,0,1,1-5,reseller,65,6155.03
6549089e7f2d4765a8c09ac23d6f9114,73916028ed374ba9a121e6e6ed55db99,daebb625f0fb4adeb84313cec795ecba,c4cfe800e4424903adf78f5d0571372c,2017-06-28 09:41:06,food_drink,industry,eagle,1,1,1-5,reseller,36,52028.52
41520ad8053c43bf98e34131b9b6fdfe,22043ea562a648c9a89734c5dabcbc0f,daebb625f0fb4adeb84313cec795ecba,751e472f5a70462ab0173a50c63fd09b,2018-02-28 22:25:10,construction_tools_housewares,offline,cat,1,1,500+,manufacturer,64,9960.26
88c83abebb444f368dd8fd15f0891f3b,c22b963684e0437ba8e5297bbb552420,daebb625f0fb4adeb84313cec795ecba,1473f2c33b544d8aa786d7a89df9e9e7,2017-11-04 22:56:24,housewares,online_store,wolf,1,0,50-100,reseller,132,15295.27
1f7872ce45434ee48abf90cff160e542,08d8fd7dd51f457f888d8540a51a5713,09e5eddb7ee842d4b6b3dae3646c6afd,25b49e2c2ce144c1b9092f79039b92e4,2017-11-05 11:26:06,health_beauty,offline,shark,1,1,1-5,manufacturer,48,6837.08
2b3f69c160e04ca9be8eb3b6c88c2102,a11e4a6331bc4bee8ccaaf453139f537,97592a3fa8e44fcba4a18f16ce8ce43c,85261b2dd72d4c4d8fae2264a3d2e93f,2018-02-08 01:57:37,car_accessories,offline,cat,1,1,20-50,manufacturer,56,2309.62
2a5cff6f06d3453b851f5b66287eea51,ac619c490aa445c6936627750b37c974,f51d7158f5324fc5802d7e93b87e83be,07cf8789d7b443c0a7594a1fcf5bb9f9,2017-07-01 16:46:43,health_beauty,online_store,wolf,1,1,5-20,reseller,10,17831.06
e77e6d34d04a49de89b717fdb27e2aca,99a72d49b49a4c469cb2a052e1525d0e,daebb625f0fb4adeb84313cec795ecba,4b53e0ac0a5b4be895208421c4a6c71a,2017-09-17 05:19:20,food_drink,online_store,cat,0,0,100-500,reseller,16,41615.74
59c87fe613d5429e8efbc63c845d173b,92f744b2621e470682f5f0c905e07184,4f812f3ad9cd426cbaf9e690273bb089,07cf8789d7b443c0a7594a1fcf5bb9f9,2018-04-27 07:17:50,audio_video_electronics,industry,wolf,0,0,50-100,manufacturer,28,10761.93
1197c1b9dbff4c8ea61359c2463f85f4,7c0136b69aa24cc284060ab98e6844fc,427e35d594a645f58452692c4eca2549,c231d194ee7f4dbf924d6ead7a9553e5,2017-08-24 05:20:53,health_beauty,online_store,shark,1,1,20-50,manufacturer,16,2339.64
bba8ae28ce84478689f9514d79c97408,fe89cd88a24348a7bc04aef4b67143b2,97592a3fa8e44fcba4a18f16ce8ce43c,07cf8789d7b443c0a7594a1fcf5bb9f9,2018-02-11 10:30:48,audio_video_electronics,online_store,eagle,1,1,100-500,reseller,66,15039.64
cac14048829042b19a470885d6829a89,c138ad9c50fd4558a064b5f5c4ddf6b8,f51d7158f5324fc5802d7e93b87e83be,cc27b8fb702046d29d76750728202170,2017-07-14 04:51:55,audio_video_electronics,online_store,cat,0,1,100-500,reseller,270,2764.19
c59ce2610ed74d5f99363b712a3475f5,dce93797356d40b39d7d01001fe8898f,4f812f3ad9cd426cbaf9e690273bb089,cc27b8fb702046d29d76750728202170,2017-10-01 05:24:47,home_decor,offline,cat,0,0,5-20,reseller,11,21438.67
80859e7d91f94dca9af26913c0de94e6,16ce07f55c74446c8add71357f1099f5,81cf4930132741e1a5ef4e05deaca631,5820beab246140938f1a5b48d03b5345,2018-05-13 16:16:47,housewares,manufacturer,shark,1,0,100-500,manufacturer,74,13984.45
235146448e1340d8aa2aeb46f2e95f25,576c37a7005d43799ec5caeaa2ac7477,69221f1e41934bf2b9ab7808020034ff,cc27b8fb702046d29d76750728202170,2017-12-15 04:47:06,housewares,offline,cat,1,1,5-20,manufacturer,133,19598.07
524bd9169fd345bba8f7ba508d31d648,9e3191c5957a4a02b72c836cd98a4f69,427e35d594a645f58452692c4eca2549,07cf8789d7b443c0a7594a1fcf5bb9f9,2018-06-03 00:29:38,car_accessories,online_store,eagle,1,0,20-50,reseller,14,15768.62
a4d0e80740354367b812b6c6640458b9,ac0f6eb43898466cb5724c90fba36682,daebb625f0fb4adeb84313cec795ecba,5820beab246140938f1a5b48d03b5345,2017-11-08 12:45:17,fashion_accessories,offline,shark,0,0,50-100,reseller,54,55130.92
412189b356004aaaba53bcd01edbb8de,c70e3c650a144dc6b14b90c34d9302e6,97592a3fa8e44fcba4a18f16ce8ce43c,c4cfe800e4424903adf78f5d0571372c,2018-01-11 21:05:27,health_beauty,online_store,cat,1,0,100-500,reseller,67,124778.8
2ddc5c30d4dd4cb59fe3e43af17c8c6f,e7d35c882e134032801f8600c4fe196c,69221f1e41934bf2b9ab7808020034ff,07cf8789d7b443c0a7594a1fcf5bb9f9,2017-09-22 16:42:57,food_drink,industry,shark,0,1,5-20,reseller,41,10827.47
ae8629ce998f44dfa0e5365aeb3b19cc,4c66859a8f954a8295b91ec90e92c5ae,97592a3fa8e44fcba4a18f16ce8ce43c,4d9268c3ac95483498a19803d35254b1,2018-03-24 01:24:02,food_drink,online_store,shark,1,1,50-100,manufacturer,47,113158.33
e5b5b3b13b0b4d59be290b5197f9130d,6c8092578e1140f08ff4e939b2602331,427e35d594a645f58452692c4eca2549,07cf8789d7b443c0a7594a1fcf5bb9f9,2017-09-26 12:49:49,health_beauty,offline,wolf,1,1,20-50,other,6,8419.39
99ceaf947b7749abb58f4d5924ecf296,646a1545fe02466388c0985b980a18cc,97592a3fa8e44fcba4a18f16ce8ce43c,25b49e2c2ce144c1b9092f79039b92e4,2018-03-14 19:18:05,baby,other,shark,0,1,50-100,manufacturer,31,28526.31
fba37ce704914b9c908c3c97a04f205e,6ae2aa67ca2947f580e1bdf5c176c477,09e5eddb7ee842d4b6b3dae3646c6afd,751e472f5a70462ab0173a50c63fd09b,2018-02-25 17:23:47,fashion_accessories,reseller,cat,1,1,50-100,reseller,242,9789.83
21cff1630e624c7585ea98adedf48a64,95e8a5e9e8914d66a3866966938d389b,97592a3fa8e44fcba4a18f16ce8ce43c,cc27b8fb702046d29d76750728202170,2017-10-06 16:43:03,audio_video_electronics,reseller,eagle,0,1,20-50,other,50,2498.94
95fc923a7f9944c9b755a4ac7e090dc4,77ad6930b13647c9ba29b019c46308e9,02eb23b3ffaa48adbb7d260d6a5d95c0,07cf8789d7b443c0a7594a1fcf5bb9f9,2017-11-03 02:30:58,small_appliances,online_store,cat,0,1,1-5,reseller,8,16236.19
5b9328e3f775492795b0d5f99978ffc9,668256d68a5f412cbce635be9dd05d95,427e35d594a645f58452692c4eca2549,4d9268c3ac95483498a19803d35254b1,2018-01-03 19:16:30,food_drink,industry,shark,1,0,1-5,manufacturer,70,8485.95
57bd41c10ec44807915fa97d71cae74e,7eb7d251c3864379a719ec1ee659dfe0,81cf4930132741e1a5ef4e05deaca631,4b53e0ac0a5b4be895208421c4a6c71a,2017-08-24 18:55:10,health_beauty,industry,cat,1,1,20-50,manufacturer,48,46828.59
2709edea84fa40dea456adcb52973f4e,69b99f24696a46209bd893cc15bca08c,f51d7158f5324fc5802d7e93b87e83be,751e472f5a70462ab0173a50c63fd09b,2017-09-10 06:55:15,home_decor,reseller,eagle,1,1,20-50,manufacturer,82,40118.58
b1e4babf490b4205847ae5feee2e6afe,1303014d07114304b65e619881e9096e,8c86913a5ba14fabbce7cbedb5b68cde,4d9268c3ac95483498a19803d35254b1,2017-12-26 17:58:09,construction_tools_housewares,online_store,eagle,1,1,20-50,manufacturer,80,22954.11
eb198420651345dab2c130fee0b401b1,3b939fba12c34ac3a6c2474d633aa701,97592a3fa8e44fcba4a18f16ce8ce43c,4b53e0ac0a5b4be895208421c4a6c71a,2017-06-10 04:20:32,car_accessories,offline,cat,1,0,50-100,other,43,16379.6
b0bd469e5f7c452789c38857c0de22fd,c72238816e4945cabaa70ef4b005fc39,4f812f3ad9cd426cbaf9e690273bb089,751e472f5a70462ab0173a50c63fd09b,2018-05-02 18:25:48,sports_leisure,reseller,cat,1,1,20-50,manufacturer,34,4590.47
7294f167bf644c06bee58641fe2f7b42,794cf48e7346460e9207320de9b70d53,daebb625f0fb4adeb84313cec795ecba,1d72da384eb24590a8e3c1e8b8a58b41,2017-07-18 11:12:46,car_accessories,offline,cat,0,0,20-50,other,41,20268.76
5aff89f4783d4df7a01c1cfd57486646,75535cadda814d3fbcb6571cbe0ae883,02eb23b3ffaa48adbb7d260d6a5d95c0,4b53e0ac0a5b4be895208421c4a6c71a,2017-09-07 16:47:35,construction_tools_housewares,industry,wolf,1,0,100-500,reseller,30,6022.95
b1763faed0114da3a9eb99d81c15b8e9,212d6a2d3af446948b7974c1ef62cdf4,427e35d594a645f58452692c4eca2549,569596ca2e674244a94abd6ad9b2b8ea,2018-01-23 05:12:35,health_beauty,online_store,cat,0,1,20-50,reseller,56,3443.19
8001736a48614bb58ef420852c3fe9f0,0f7ee7cb3dcc4c87949ccb1f1678c566,f51d7158f5324fc5802d7e93b87e83be,0e260670826c4acc8f9476ca589809fd,2017-09-26 11:22:48,small_appliances,industry,eagle,0,1,20-50,manufacturer,62,15684.29
dc7d1699ab0945e3802330d7b1d83cd6,9204fbeb14a841bfbfa3f37d05de59fd,427e35d594a645f58452692c4eca2549,4b53e0ac0a5b4be895208421c4a6c71a,2017-07-26 16:58:59,home_decor,industry,eagle,1,1,50-100,manufacturer,22,3444.79
2280d1561a654b95a9de633ea704bbcd,bb787adaa2b1485a8065c9388b9b8d52,daebb625f0fb4adeb84313cec795ecba,07cf8789d7b443c0a7594a1fcf5bb9f9,2017-09-08 19:55:56,construction_tools_housewares,online_store,cat,1,1,5-20,reseller,342,142592.99
05ac9c5e754b417ea9784e73d8cca5c6,989d1b2b07e145108e5c4bdf7f71ea15,4573ec52658544e8b0f28b0c6cf5339e,07cf8789d7b443c0a7594a1fcf5bb9f9,2018-04-05 22:02:31,fashion_accessories,offline,wolf,0,1,20-50,reseller,11,45313.27
c9c71cff485f4607b79b9ff898503918,2ebb1379261243a8b4ffabb61cccb3a1,4f812f3ad9cd426cbaf9e690273bb089,5820beab246140938f1a5b48d03b5345,2018-02-04 20:11:11,sports_leisure,offline,wolf,1,0,50-100,manufacturer,121,6032.88
198b65079db54ce1a0b9070fabc889fc,34e66688f03c471dab7d8483fd4e6bcb,97592a3fa8e44fcba4a18f16ce8ce43c,1d72da384eb24590a8e3c1e8b8a58b41,2018-03-30 23:50:12,baby,offline,wolf,1,0,1-5,reseller,65,1228.02
939f4b18b31f4d8faa95bc35dd4b2bea,ac372dc0bb3e470f92a8eff49a5e8589,81cf4930132741e1a5ef4e05deaca631,25b49e2c2ce144c1b9092f79039b92e4,2018-02-12 12:48:25,health_beauty,industry,cat,1,1,50-100,reseller,21,5674.84
163bca24e4474734a2e0baec61a7fae4,e939d78178b349a79f9dc4a039a2ee88,8c86913a5ba14fabbce7cbedb5b68cde,4b53e0ac0a5b4be895208421c4a6c71a,2017-12-05 19:18:38,health_beauty,online_store,eagle,1,0,20-50,manufacturer,34,55462.31
abc960cd80e24343b50a88bf18f858d0,ae1b6e44cf014834b27bdab5ade7dae5,97592a3fa8e44fcba4a18f16ce8ce43c,c231d194ee7f4dbf924d6ead7a9553e5,2018-05-03 12:29:11,car_accessories,online_store,cat,1,1,50-100,manufacturer,50,63660.28
614dec7cfa8347bfb07ba48958d49665,5939717c049e482eb71f284d30973171,427e35d594a645f58452692c4eca2549,751e472f5a70462ab0173a50c63fd09b,2017-11-10 15:01:38,fashion_accessories,online_store,eagle,1,1,100-500,reseller,8,2408.6
36c9b143a1cc4580b540261a377379a0,a48171689eac4adca8cddae7e3847a30,8c86913a5ba14fabbce7cbedb5b68cde,4b53e0ac0a5b4be895208421c4a6c71a,2017-09-21 12:36:39,sports_leisure,online_store,wolf,1,0,50-100,manufacturer,36,7166.47
69ef3cf661024789804b9aa366e6c57b,c877e3bbe361499fa26b44b23b1b421c,427e35d594a645f58452692c4eca2549,5820beab246140938f1a5b48d03b5345,2017-11-21 08:41:14,health_beauty,manufacturer,shark,0,1,5-20,reseller,33,10257.34
37f6684b34bc4a27bed7a9986dc988fe,401ce80df07c42fc8743fc9be468df33,8c86913a5ba14fabbce7cbedb5b68cde,07cf8789d7b443c0a7594a1fcf5bb9f9,2018-05-10 16:37:32,car_accessories,offline,eagle,1,1,20-50,manufacturer,67,166121.5
7140a43b5d844715a86ccd9027d71b43,aeb57b656a8d464cb175bee740634497,4573ec52658544e8b0f28b0c6cf5339e,569596ca2e674244a94abd6ad9b2b8ea,2017-07-25 11:25:31,audio_video_electronics,online_store,eagle,1,0,50-100,other,118,14119.36
aa0e3d7307e448f480ff6d892b3fdeba,dfe08f4e2eea4a8690a75e19f205658c,09e5eddb7ee842d4b6b3dae3646c6afd,0e260670826c4acc8f9476ca589809fd,2017-06-21 05:45:39,home_decor,reseller,cat,1,1,20-50,reseller,41,63115.41
a66fc039a9574e8cab5cfdddd12c5dbf,1e525737b3d24768a055bc2aa4bee220,8c86913a5ba14fabbce7cbedb5b68cde,1d72da384eb24590a8e3c1e8b8a58b41,2017-11-21 22:50:17,health_beauty,offline,eagle,1,0,100-500,manufacturer,11,33995.74
4a4a44209252481b8c9a84cd1850bc76,e18175bc9f51404895cb7d7699e66cca,f51d7158f5324fc5802d7e93b87e83be,cc27b8fb702046d29d76750728202170,2018-01-24 21:03:08,construction_tools_housewares,online_store,shark,1,1,1-5,reseller,50,22323.73
6353eb1167e648038e9cd4d4cc324405,c44443cf50c44ca58adfd6c7f296f8d8,4573ec52658544e8b0f28b0c6cf5339e,751e472f5a70462ab0173a50c63fd09b,2017-11-12 13:34:30,housewares,other,shark,0,1,20-50,manufacturer,138,256687.95
f5e362b2b62e43f68630773d8bb49ec5,6639bcfa3d3d4f0e8d06189634dcee01,8c86913a5ba14fabbce7cbedb5b68cde,4b53e0ac0a5b4be895208421c4a6c71a,2017-07-12 01:15:35,health_beauty,offline,cat,1,0,100-500,other,67,6631.16
46bc99a6dff54d51a6efb08b6e745f5c,b12d33c2b39844a384a02138a2ba5b30,69221f1e41934bf2b9ab7808020034ff,07cf8789d7b443c0a7594a1fcf5bb9f9,2018-04-30 21:42:51,housewares,online_store,cat,1,1,1-5,other,77,1289.42
ab5de647f4ec4cafb3364e5fcd36f343,f4e6344d96ee4b95931543386b1fbeb8,f51d7158f5324fc5802d7e93b87e83be,c231d194ee7f4dbf924d6ead7a9553e5,2018-03-15 13:47:41,health_beauty,industry,cat,1,1,20-50,reseller,10,19005.75
3a547988243043828c4fcca0a5a9f955,c4ca3f65ad01405784225a05caee533e,4f812f3ad9cd426cbaf9e690273bb089,cc27b8fb702046d29d76750728202170,2018-01-05 12:56:53,housewares,industry,shark,1,1,5-20,manufacturer,27,4901.41
aec6084b71ea458f8c0a30edd030aeb4,f401fec9a2764aaf8ae4839fd5e47355,4573ec52658544e8b0f28b0c6cf5339e,569596ca2e674244a94abd6ad9b2b8ea,2017-08-04 05:46:48,housewares,reseller,shark,1,0,20-50,manufacturer,8,41922.49
ce7bd0323c094ad9bfe4dd38d139622e,a232fe1e21f146bfbeb4624833768b5b,4f812f3ad9cd426cbaf9e690273bb089,1d72da384eb24590a8e3c1e8b8a58b41,2017-06-28 00:47:40,pet,industry,cat,1,1,100-500,manufacturer,106,41146.23
412f0557641d4ab18422c34867521db6,73141a93510d4f3c96cd2616079ae1c8,daebb625f0fb4adeb84313cec795ecba,4b53e0ac0a5b4be895208421c4a6c71a,2018-03-09 04:07:11,audio_video_electronics,reseller,eagle,1,0,20-50,manufacturer,32,10589.81
3d6ff50d3665440c837bfdeb69cfa75b,7134c4c132354e0ba08e99939fbb996d,f51d7158f5324fc5802d7e93b87e83be,4b53e0ac0a5b4be895208421c4a6c71a,2018-03-03 12:10:36,home_decor,online_store,cat,1,0,50-100,reseller,26,13087.26
9f0e408d343e4863b17f7c19a70139f6,c7b39061f1b54e2bbe1c94850bb7b15c,97f1252659a04d0caa5ffa7243e35241,751e472f5a70462ab0173a50c63fd09b,2017-10-20 00:06:37,audio_video_electronics,online_store,cat,1,0,100-500,manufacturer,184,33166.84
f9649392a39b4d2f954ea3f5b23642b8,e751a5a56457431b86cbc2fa878fb665,09e5eddb7ee842d4b6b3dae3646c6afd,4b53e0ac0a5b4be895208421c4a6c71a,2018-01-31 15:23:26,construction_tools_housewares,online_store,wolf,1,0,100-500,reseller,18,10288.83
bed98494c5e64007b051075fa7556aeb,84e9861a92e142ca9e4b9f4a36de99b2,427e35d594a645f58452692c4eca2549,25b49e2c2ce144c1b9092f79039b92e4,2017-09-05 11:23:21,sports_leisure,online_store,cat,1,0,5-20,reseller,125,5369.11
e7a886b3b49a49898f1b35a4c2ac4cad,653844202057429abdcee3ccc0a474d9,02eb23b3ffaa48adbb7d260d6a5d95c0,07cf8789d7b443c0a7594a1fcf5bb9f9,2017-11-16 06:56:40,audio_video_electronics,industry,shark,0,0,100-500,manufacturer,33,79822.63
62ea9ef10ffb434284eca0b1393af756,57610c2c1fff4a20a05ef5a92c7a2fbc,69221f1e41934bf2b9ab7808020034ff,cc27b8fb702046d29d76750728202170,2017-09-30 11:27:52,health_beauty,offline,eagle,1,1,50-100,reseller,54,15519.69
c16aaa04aafe460689e52567d08c7e22,10fe118ed6ac4d93bebed8dee1c1849e,8c86913a5ba14fabbce7cbedb5b68cde,1473f2c33b544d8aa786d7a89df9e9e7,2017-06-22 15:30:31,pet,online_store,shark,1,1,20-50,other,93,4005.62
d793d09ae91844ee8d74a6e23d7542fa,0bd68cf5aceb4a7f8702fce733d8867b,f51d7158f5324fc5802d7e93b87e83be,25b49e2c2ce144c1b9092f79039b92e4,2017-10-11 07:41:42,small_appliances,other,eagle,1,0,50-100,reseller,21,4012.53
66b519c7c72043519a5ca43817d9e21b,2904632d88f44ee0a4a3db37a5180847,427e35d594a645f58452692c4eca2549,07cf8789d7b443c0a7594a1fcf5bb9f9,2018-04-21 10:40:34,health_beauty,online_store,cat,0,1,20-50,manufacturer,14,39332.07
15e2e5821186482ea6deb1f57b201823,a7228135d379447baedee5b19e5b4f47,f51d7158f5324fc5802d7e93b87e83be,1473f2c33b544d8aa786d7a89df9e9e7,2018-04-26 09:39:35,housewares,offline,wolf,0,0,50-100,other,61,32879.19
2860cf9df3db42c0b9be13292fd346bc,0f9e5e1e0fbf498b9e134568ce86757c,8c86913a5ba14fabbce7cbedb5b68cde,cc27b8fb702046d29d76750728202170,2018-05-03 07:22:12,home_decor,online_store,cat,0,1,50-100,other,184,9284.36
d42df0037cfb41138bbf370a0f1b9707,e2e80bb4e34d4cd98dba697b038b2cbf,69221f1e41934bf2b9ab7808020034ff,c231d194ee7f4dbf924d6ead7a9553e5,2017-11-19 18:37:09,sports_leisure,industry,eagle,1,1,5-20,manufacturer,157,6901.25
0f0f9871e0d24322891c6701f1c08dc7,356a01a137d747d8b436b6ebf8ac794a,81cf4930132741e1a5ef4e05deaca631,0e260670826c4acc8f9476ca589809fd,2018-03-14 17:03:59,health_beauty,reseller,cat,1,1,20-50,reseller,17,706.62
cd5f6cd19ac348299fa3319cfc7f9254,d70e1b5fe1dd43f59ef5a9ba1acc81eb,97592a3fa8e44fcba4a18f16ce8ce43c,4b53e0ac0a5b4be895208421c4a6c71a,2017-10-25 21:26:06,food_drink,online_store,wolf,1,1,500+,reseller,104,3088.69
91ed0c43a7b1459393ab019d402bea1a,4ff32601dd474562b254f7402cda7e20,81cf4930132741e1a5ef4e05deaca631,a4edd3568d2647b698c1e5acdb70daff,2018-01-19 15:05:29,construction_tools_housewares,online_store,wolf,1,0,1-5,reseller,109,13664.49
4ea3be44ae9a44d18edbd34eedcba286,90bac4989376461abd949711e58b914e,97592a3fa8e44fcba4a18f16ce8ce43c,569596ca2e674244a94abd6ad9b2b8ea,2017-12-09 16:28:53,car_accessories,manufacturer,shark,1,1,1-5,reseller,50,27832.59
96e687ba754d4ed5862ae1995171e190,bd00bee025fe4b889d47bf55b1cd30fe,97592a3fa8e44fcba4a18f16ce8ce43c,4b53e0ac0a5b4be895208421c4a6c71a,2018-02-24 19:01:25,pet,online_store,cat,1,1,5-20,reseller,94,10726.71
709301dc37ba4e3a9e870ea8b67eabc9,c14b879b708a4ee3b4e39c993694e648,427e35d594a645f58452692c4eca2549,1d72da384eb24590a8e3c1e8b8a58b41,2018-01-24 14:20:55,sports_leisure,online_store,wolf,1,0,5-20,reseller,94,35092.58
f6b8dc0ebfc54d6ab23a4168a352f558,c255035061a14898a977cc1eb94868d8,4573ec52658544e8b0f28b0c6cf5339e,0e260670826c4acc8f9476ca589809fd,2017-08-31 01:57:23,health_beauty,other,wolf,1,0,100-500,reseller,21,44059.33
b9e6e2b4263c4223ab1dcfb0f5a6b71f,7f20b22732914ba39cba6d245e6c73a2,97592a3fa8e44fcba4a18f16ce8ce43c,751e472f5a70462ab0173a50c63fd09b,2017-08-24 09:22:59,baby,online_store,eagle,0,1,20-50,reseller,10,14215.12
c7e99555e90e4e98ab134c806055635b,5c8a1fc0d37f43098c95c7f87e4b3106,8c86913a5ba14fabbce7cbedb5b68cde,07cf8789d7b443c0a7594a1fcf5bb9f9,2017-06-21 18:37:00,audio_video_electronics,manufacturer,eagle,1,1,20-50,manufacturer,23,9591.89
34d81e29e7a64c199eb5ca50dd1c723b,a6aa32068cb7413ba6111de84459783d,81cf4930132741e1a5ef4e05deaca631,c4cfe800e4424903adf78f5d0571372c,2017-09-26 10:40:24,health_beauty,offline,cat,1,1,50-100,manufacturer,26,8061.7
9e8673ff44034c27b3d52f64345bfe5b,331b3c0b1b6e45ffa2622c1755d3ce79,02eb23b3ffaa48adbb7d260d6a5d95c0,751e472f5a70462ab0173a50c63fd09b,2017-08-15 19:54:48,car_accessories,manufacturer,wolf,1,0,100-500,reseller,7,34763.49
d0bf10301c1a4e6f955700a620e55944,6c9f09ece2dc416885c445f7bdf5487e,8c86913a5ba14fabbce7cbedb5b68cde,1d72da384eb24590a8e3c1e8b8a58b41,2017-08-22 15:03:56,fashion_accessories,reseller,shark,1,1,50-100,manufacturer,12,3241.63
333bdff60e2543728bb0d850206aecda,b40fedfee30545eb92e61ea6c6e1d2cb,427e35d594a645f58452692c4eca2549,751e472f5a70462ab0173a50c63fd09b,2017-09-02 18:15:50,car_accessories,online_store,eagle,0,0,1-5,reseller,87,9275.41
41f5eec81f2a4f6fb75b863183272ce5,6be3170b25ca486ebcdc63c7645c2e16,4f812f3ad9cd426cbaf9e690273bb089,c4cfe800e4424903adf78f5d0571372c,2018-03-12 17:02:06,construction_tools_housewares,other,eagle,0,1,5-20,reseller,38,5864.81
ddcdda080008425c899f95586665048a,87db37e41c2d4bb1a045cee65b7a2691,69221f1e41934bf2b9ab7808020034ff,751e472f5a70462ab0173a50c63fd09b,2018-04-10 03:11:13,sports_leisure,industry,cat,0,0,5-20,manufacturer,264,7202.34
e07a382aab694ec1a17fab1616bdd695,5c128351170942eda0d177e96ce1b9ee,02eb23b3ffaa48adbb7d260d6a5d95c0,4b53e0ac0a5b4be895208421c4a6c71a,2018-04-25 08:49:52,health_beauty,other,shark,1,1,5-20,reseller,32,25918.55
d355fb699221455595b2240dd09198eb,ea20187cc8b0497d850d93e5414915b2,02eb23b3ffaa48adbb7d260d6a5d95c0,0e260670826c4acc8f9476ca589809fd,2017-08-22 18:56:24,health_beauty,other,cat,1,1,50-100,reseller,123,63600.17
700e8004c91843a99c5213ef913c11b5,74a74fc6d53148e1b728b1826ad39cd3,81cf4930132741e1a5ef4e05deaca631,a4edd3568d2647b698c1e5acdb70daff,2017-06-13 07:12:17,construction_tools_housewares,offline,wolf,0,0,5-20,reseller,43,70816.11
2d5fe36940f14108802bd2ec34663958,15df1cfb75154e469a6373d075fcd89b,02eb23b3ffaa48adbb7d260d6a5d95c0,25b49e2c2ce144c1b9092f79039b92e4,2017-09-18 14:17:40,pet,manufacturer,wolf,1,1,100-500,reseller,25,15689.21
95f7b54f53234df596a4ddf99754f27d,6223437ce31545b4bc1567ae74056af7,427e35d594a645f58452692c4eca2549,4d9268c3ac95483498a19803d35254b1,2018-03-03 08:05:43,car_accessories,other,shark,1,0,500+,manufacturer,29,3120.87
68ce731115c546f39d4c8f236d3b4f86,2a9ab177974d458e9aaf3145780417bb,f51d7158f5324fc5802d7e93b87e83be,c231d194ee7f4dbf924d6ead7a9553e5,2017-06-20 18:14:01,sports_leisure,online_store,eagle,1,1,20-50,reseller,22,9697.67
94f20b26901c43c791529b4e1f24b3fa,3a80179efffa4c53ad35c7b87ab28009,09e5eddb7ee842d4b6b3dae3646c6afd,5820beab246140938f1a5b48d03b5345,2017-09-10 22:41:26,food_drink,industry,cat,1,1,20-50,manufacturer,9,42627.72
dc4c0bf894be424ebd61bba16815c0ef,7f5413cb391b403584cb293fe16d68ce,4573ec52658544e8b0f28b0c6cf5339e,751e472f5a70462ab0173a50c63fd09b,2018-01-10 22:59:46,food_drink,online_store,cat,0,1,50-100,manufacturer,28,10124.93
6a77d10159144ea29cc5e6a12954ebe9,ae942b5dd975463794ad57693c50f148,4f812f3ad9cd426cbaf9e690273bb089,07cf8789d7b443c0a7594a1fcf5bb9f9,2017-12-20 21:05:13,housewares,manufacturer,cat,1,0,20-50,reseller,20,1839.25
86ee33969cfe4d67a6df83052556b561,0e655b37b9094fbcbc0d57ba01742bdf,8c86913a5ba14fabbce7cbedb5b68cde,25b49e2c2ce144c1b9092f79039b92e4,2018-01-01 13:27:05,audio_video_electronics,manufacturer,eagle,1,0,500+,reseller,6,19238.43
6d52a47e85764193a986bc82794213c0,245ee190780b4fcb9af042b967abcad1,427e35d594a645f58452692c4eca2549,4b53e0ac0a5b4be895208421c4a6c71a,2018-06-10 00:06:45,home_decor,offline,wolf,1,1,500+,reseller,15,5826.24
dbbe367581234894b2dffa519547d528,619d403b049a497090fff89e3328975c,427e35d594a645f58452692c4eca2549,07cf8789d7b443c0a7594a1fcf5bb9f9,2018-01-03 22:56:19,audio_video_electronics,online_store,shark,1,1,5-20,reseller,10,10549.43
cc3bca465d3040c7bbee3af4bfc25815,05dcb12438a34e799b531e9290ea2efa,09e5eddb7ee842d4b6b3dae3646c6afd,07cf8789d7b443c0a7594a1fcf5bb9f9,2017-11-19 06:34:47,sports_leisure,reseller,shark,0,0,50-100,manufacturer,12,1045.18
cfc8b6a701474a6faa8b3490d0d37309,eae237c0e95149308b4c7c08192478d1,97f1252659a04d0caa5ffa7243e35241,a4edd3568d2647b698c1e5acdb70daff,2018-06-15 13:45:52,housewares,industry,wolf,1,0,50-100,manufacturer,42,63627.18
23204e3058a24eb1a1e111afc142cc8d,cab26d2d44f74959ae8eda8f0452b387,97f1252659a04d0caa5ffa7243e35241,0e260670826c4acc8f9476ca589809fd,2018-04-14 21:43:56,health_beauty,reseller,wolf,1,1,20-50,reseller,5,1580.45
c5bb8a241ce547df9002f9cdbf07012f,280d4a5a1f5749c49cfeed870fb310b4,8c86913a5ba14fabbce7cbedb5b68cde,4d9268c3ac95483498a19803d35254b1,2017-11-30 23:23:58,housewares,offline,cat,1,0,100-500,reseller,53,138842.71
5b0ae2de0d7f44a58636b99213b87160,adb3890dcf3243c1b1f8a77ba601ae5d,4f812f3ad9cd426cbaf9e690273bb089,1473f2c33b544d8aa786d7a89df9e9e7,2018-03-01 23:08:59,baby,other,shark,1,0,20-50,reseller,20,30609.47
2bdf2f4550ac4d17aa5fbb14598f9bbd,80d9152a24a14887b0e725c678e3f52b,81cf4930132741e1a5ef4e05deaca631,1d72da384eb24590a8e3c1e8b8a58b41,2018-01-05 16:31:14,car_accessories,reseller,wolf,0,1,20-50,other,14,779.36
b7f1a647b6d44a0a9525529a27135603,2680dc7e3cc740da9d1dd3a98accd1f3,f51d7158f5324fc5802d7e93b87e83be,4b53e0ac0a5b4be895208421c4a6c71a,2017-12-21 12:35:44,sports_leisure,offline,cat,1,0,20-50,other,23,49272.84
53deaa6b2eea475da454edd32e9c1568,e214e5f6931e413f8082ddfb23040a1a,4573ec52658544e8b0f28b0c6cf5339e,4b53e0ac0a5b4be895208421c4a6c71a,2018-02-14 20:29:30,food_drink,industry,cat,1,0,5-20,manufacturer,10,40831.71
b8f5a9937a6344d289930d5d96c93252,29197fe443414a7c80a700e4895d8a6a,daebb625f0fb4adeb84313cec795ecba,4b53e0ac0a5b4be895208421c4a6c71a,2018-05-13 22:05:32,sports_leisure,industry,eagle,0,1,50-100,reseller,24,12149.62
6b2bf69d84794191bfd6494b2d73dd7b,0c7b423046534fa382f5ddd55048f1bc,daebb625f0fb4adeb84313cec795ecba,5820beab246140938f1a5b48d03b5345,2017-07-09 06:11:40,pet,industry,cat,0,0,5-20,reseller,56,118275.62
9d51fc14710e41b9a255bd9cc9d29f9e,e3a6fff7e6e84799bdb9b9411915e819,97f1252659a04d0caa5ffa7243e35241,5820beab246140938f1a5b48d03b5345,2018-03-17 14:22:45,housewares,reseller,wolf,0,1,100-500,reseller,92,25867.38
24515f6b62c54b6e85ce0d3ca1e6d26b,8fb56b4f0cd54dca82b004af0e412d8a,81cf4930132741e1a5ef4e05deaca631,751e472f5a70462ab0173a50c63fd09b,2018-04-10 14:39:09,food_drink,online_store,eagle,1,1,20-50,manufacturer,8,11151.17
57d5aaec82fc40c4ad1be78bde7caec9,ca281dce86d645349bdca3344537466f,02eb23b3ffaa48adbb7d260d6a5d95c0,cc27b8fb702046d29d76750728202170,2018-05-19 06:11:14,food_drink,online_store,cat,1,1,50-100,reseller,148,99467.64
1011355f500444e7a669776ac348c87e,00a57efbc4da4343a9fbf87def557634,f51d7158f5324fc5802d7e93b87e83be,c231d194ee7f4dbf924d6ead7a9553e5,2017-09-21 13:39:58,car_accessories,online_store,wolf,0,1,20-50,other,466,6426.06
65a21ffdd7cd4fc9bdbbc6d7e8e2635b,2195b6e521954fb292875aef91512543,69221f1e41934bf2b9ab7808020034ff,0e260670826c4acc8f9476ca589809fd,2018-02-17 20:27:23,pet,offline,eagle,1,1,20-50,manufacturer,24,16985.46
15e66d7edf6845c8b8f4e6cd29f5b4fa,32ec5b6242114e97aaa97b23298824aa,69221f1e41934bf2b9ab7808020034ff,07cf8789d7b443c0a7594a1fcf5bb9f9,2017-10-04 06:35:30,health_beauty,online_store,wolf,0,1,100-500,manufacturer,23,11939.97
e6308df43bea49039867316805212a65,f6b9c4f670dd4246a57a8e32a4aaace2,09e5eddb7ee842d4b6b3dae3646c6afd,1473f2c33b544d8aa786d7a89df9e9e7,2018-06-17 13:24:00,sports_leisure,online_store,eagle,1,0,5-20,manufacturer,41,8751.89
620fbdb46f284de087fcf8d722e190cc,415bf6c11c96418387ad526321941ad0,02eb23b3ffaa48adbb7d260d6a5d95c0,5820beab246140938f1a5b48d03b5345,2018-06-01 11:22:20,health_beauty,online_store,eagle,1,0,50-100,reseller,18,17124.39
73060cd0ad114c55a6cb8c7c97ccd9b1,56339afc80444fbbb534158010fc4587,97592a3fa8e44fcba4a18f16ce8ce43c,4d9268c3ac95483498a19803d35254b1,2017-09-24 10:20:19,sports_leisure,online_store,shark,1,0,1-5,manufacturer,9,5112.94
d8ab6aa2b2344230abfd4ef0dbf14f86,49d555a6a6d64131943f53cfdfc9efda,daebb625f0fb4adeb84313cec795ecba,751e472f5a70462ab0173a50c63fd09b,2017-12-04 17:07:53,pet,online_store,eagle,0,1,20-50,other,47,21760.48
cf2260724cc54bc0a3b0cc53f5677297,5327fe80c9774ea79b6a79d22a92ca18,02eb23b3ffaa48adbb7d260d6a5d95c0,cc27b8fb702046d29d76750728202170,2017-09-30 15:41:52,housewares,online_store,wolf,0,0,20-50,reseller,40,97393.98
91d7ad27cf174bd4ba991bbf2fc93535,7d8cf575030d43649649e0f5f701c3f8,81cf4930132741e1a5ef4e05deaca631,c4cfe800e4424903adf78f5d0571372c,2017-09-29 17:13:45,housewares,online_store,eagle,1,1,5-20,manufacturer,75,10757.3
49063698fc514b18b6fa813abe3f294e,aba87099dc1d4ef49de423607cf1b43b,97592a3fa8e44fcba4a18f16ce8ce43c,25b49e2c2ce144c1b9092f79039b92e4,2017-11-30 22:54:20,pet,online_store,cat,1,1,5-20,reseller,31,18443.51
9796f650298a429581fff14035e0407e,67e28fdb110d44728fc67d26f5a6de80,8c86913a5ba14fabbce7cbedb5b68cde,4b53e0ac0a5b4be895208421c4a6c71a,2018-03-18 03:38:08,home_decor,industry,cat,1,1,5-20,reseller,57,4939.45
5975516b0923414a9c37804430703d1d,6822c117b62b461ab66a7d7ed90e4c48,4f812f3ad9cd426cbaf9e690273bb089,cc27b8fb702046d29d76750728202170,2018-04-02 03:51:50,food_drink,online_store,cat,1,1,100-500,other,14,1934.87
dbce8978af57433db94cbf8ce38e83c3,006880b76f1e4b28a287f74ea1200335,02eb23b3ffaa48adbb7d260d6a5d95c0,1d72da384eb24590a8e3c1e8b8a58b41,2018-05-12 20:04:54,housewares,online_store,eagle,0,1,500+,reseller,28,3706.62
5a6f9e464e6c4e10a23ee27db39b2700,57f2d4ac7421436abb9c47fc2de8cec6,97f1252659a04d0caa5ffa7243e35241,07cf8789d7b443c0a7594a1fcf5bb9f9,2017-12-18 20:08:59,housewares,industry,eagle,1,0,20-50,reseller,16,633576.92
62bc765af90e419da9665dffa25ae39b,0a72132402c243a9819eb1e4c589d5ce,09e5eddb7ee842d4b6b3dae3646c6afd,1473f2c33b544d8aa786d7a89df9e9e7,2018-02-28 18:43:14,health_beauty,reseller,wolf,1,1,500+,manufacturer,52,17504.81
42aa96a1bc924f479fd2999c4adf0eca,ae3290ea4b1f406d8749accff66c12b8,02eb23b3ffaa48adbb7d260d6a5d95c0,cc27b8fb702046d29d76750728202170,2018-03-27 19:12:07,small_appliances,industry,eagle,1,1,20-50,other,30,2522.14
e965ae62c3e04278b8cea498dc4e248f,558c389e0e8f423b98b0ee7f86ad72c2,f51d7158f5324fc5802d7e93b87e83be,c231d194ee7f4dbf924d6ead7a9553e5,2017-07-10 11:18:56,housewares,industry,eagle,1,0,50-100,manufacturer,317,6003.07
2b6ed3c78d834ae481322e950d1353f8,93072422960943a799a44bfd60d8bff8,02eb23b3ffaa48adbb7d260d6a5d95c0,cc27b8fb702046d29d76750728202170,2017-08-27 16:56:38,audio_video_electronics,online_store,cat,1,0,20-50,manufacturer,61,46466.26
98411312f7984c249ab3f2c84c83d1c5,34bc8b39ec4546ca86111689c8810a7a,97f1252659a04d0caa5ffa7243e35241,5820beab246140938f1a5b48d03b5345,2018-05-02 18:31:06,audio_video_electronics,manufacturer,cat,1,0,50-100,reseller,94,165106.54
09fab24776b34e33b62185e736be1df6,39cbad23d2da44cfb755cc0784fbf7a7,97f1252659a04d0caa5ffa7243e35241,25b49e2c2ce144c1b9092f79039b92e4,2017-09-07 06:02:25,car_accessories,industry,cat,1,0,500+,manufacturer,71,32272.08
012d0ad75b7d49f2b35153a8b10488e0,73d02aac12984dd4aada21d4b957d42a,97592a3fa8e44fcba4a18f16ce8ce43c,07cf8789d7b443c0a7594a1fcf5bb9f9,2018-03-30 18:12:12,housewares,offline,wolf,0,1,5-20,reseller,45,17243.42
6df582bb4a4a463ca8bba4053bc0585e,207a910554cd47f3bc1e5f18b1e4e884,daebb625f0fb4adeb84313cec795ecba,25b49e2c2ce144c1b9092f79039b92e4,2017-07-08 20:50:26,car_accessories,online_store,shark,0,1,20-50,manufacturer,70,129922.02
41ac59f4a57d4f0184221f9c75a14c29,786fd835f7154aa7b6e73d334a66854b,69221f1e41934bf2b9ab7808020034ff,cc27b8fb702046d29d76750728202170,2017-12-07 11:31:26,sports_leisure,industry,wolf,1,1,20-50,reseller,126,4366.04
75342c223625430e80a69bcad8ccee91,6067fd101a254d2f840165caf4c70e97,97f1252659a04d0caa5ffa7243e35241,1473f2c33b544d8aa786d7a89df9e9e7,2017-10-15 19:47:51,audio_video_electronics,online_store,cat,1,1,20-50,reseller,24,5098.07
b84f99e0db9643349b92c9e41f6fa025,ff5d984b3937423889952bfb0c695159,97f1252659a04d0caa5ffa7243e35241,751e472f5a70462ab0173a50c63fd09b,2018-01-31 07:05:14,housewares,online_store,wolf,1,1,50-100,reseller,72,1722.87
80e9d9ee87804424aeda25a4f82e20aa,2fe57d78fd9a4535bde6c4e658a54bfd,97f1252659a04d0caa5ffa7243e35241,a4edd3568d2647b698c1e5acdb70daff,2018-06-10 17:36:01,construction_tools_housewares,other,wolf,1,0,100-500,reseller,122,30104.7
093a910f379c43f3b601326a207396e5,814597db1d1e4b989e91ac18d6417a98,97592a3fa8e44fcba4a18f16ce8ce43c,25b49e2c2ce144c1b9092f79039b92e4,2017-07-11 07:36:25,home_decor,industry,wolf,1,0,100-500,reseller,28,32144.83
51ed46bbae4742e5962066e848947394,f3a4393ed00d40ccb3dfb99b22f4b691,f51d7158f5324fc5802d7e93b87e83be,c231d194ee7f4dbf924d6ead7a9553e5,2018-04-07 04:47:47,health_beauty,industry,shark,0,1,20-50,reseller,14,4317.57
c582248db7834246835dfd0885315df6,8ea1db3f4e2840cdbcf52112360a2f76,97592a3fa8e44fcba4a18f16ce8ce43c,c4cfe800e4424903adf78f5d0571372c,2017-09-19 14:45:23,construction_tools_housewares,offline,shark,0,1,100-500,manufacturer,90,11173.95
bc0f749858c240e299705cf89626fba4,348927ca8c764968a9f072685a1e4db3,97592a3fa8e44fcba4a18f16ce8ce43c,c231d194ee7f4dbf924d6ead7a9553e5,2017-07-18 19:06:41,audio_video_electronics,industry,cat,1,0,5-20,manufacturer,51,7882.6
f1f41d6b670f444395fb65ebffb9a145,6930fcdaf9cb4b61bf8b49948bb64982,69221f1e41934bf2b9ab7808020034ff,a4edd3568d2647b698c1e5acdb70daff,2017-07-16 08:51:07,baby,industry,eagle,1,1,1-5,other,54,16103.8
ce41d62912134bc78dc74100eb6ce923,a9985e020d884130ad19e37057d1ce18,8c86913a5ba14fabbce7cbedb5b68cde,c231d194ee7f4dbf924d6ead7a9553e5,2018-04-10 19:48:11,sports_leisure,offline,cat,1,0,50-100,reseller,58,12740.21
420d01f8691342bab797cce4d6f3da98,f071eb26df75409bb8bb891a62b01887,daebb625f0fb4adeb84313cec795ecba,4b53e0ac0a5b4be895208421c4a6c71a,2018-01-28 03:54:39,housewares,online_store,wolf,1,0,100-500,manufacturer,23,12661.86
0d340aa430114037946ab19a852c9fa6,10a9a54c8d65498383ebbb4c65e565f4,81cf4930132741e1a5ef4e05deaca631,a4edd3568d2647b698c1e5acdb70daff,2018-05-29 07:12:44,health_beauty,online_store,wolf,1,1,5-20,manufacturer,106,8767.94
36a7b08826a84b13bf5184e1f7bbc80f,28239375a5e34148815553cfcd472855,f51d7158f5324fc5802d7e93b87e83be,85261b2dd72d4c4d8fae2264a3d2e93f,2017-11-17 05:48:25,health_beauty,online_store,shark,0,1,20-50,reseller,39,11393.31
ec53f2df388d47da9b46ae0447ed3b02,4513d3e9335a440cad8f39c7bf7ae461,4f812f3ad9cd426cbaf9e690273bb089,a4edd3568d2647b698c1e5acdb70daff,2018-02-11 20:48:28,health_beauty,industry,wolf,0,1,1-5,reseller,5,14418.19
a301ccf03cff40e5bf3c476252f46fb8,2bbffae77fad462b9fe7186bacd746d2,f51d7158f5324fc5802d7e93b87e83be,4d9268c3ac95483498a19803d35254b1,2017-12-14 07:30:28,audio_video_electronics,offline,wolf,1,1,20-50,manufacturer,9,29435.5
68ed0afe0b5d4f7e8fc3c2557e90777f,0679aaca861243e08c111041d36ddd89,f51d7158f5324fc5802d7e93b87e83be,c4cfe800e4424903adf78f5d0571372c,2017-08-16 09:35:48,sports_leisure,online_store,cat,1,0,500+,manufacturer,22,26357.94
ee2bda2a3ed3433ebbfd0d67013e4b51,508b690c90844c4fabad9ba34ea75278,97f1252659a04d0caa5ffa7243e35241,0e260670826c4acc8f9476ca589809fd,2017-12-01 08:09:03,construction_tools_housewares,reseller,cat,1,1,50-100,reseller,98,6327.17
7f143d6775fa4b6598e9fc780e3644d4,8adf439da9f046c6a6c2e33470fba708,4573ec52658544e8b0f28b0c6cf5339e,85261b2dd72d4c4d8fae2264a3d2e93f,2018-03-11 23:59:39,housewares,offline,eagle,1,1,20-50,reseller,78,28434.88
c54c271316d847b7806ea6d1fe289035,0a4367256f9a487d8ab4903ca5dc7ed4,427e35d594a645f58452692c4eca2549,cc27b8fb702046d29d76750728202170,2017-08-29 20:17:00,car_accessories,offline,cat,1,0,5-20,reseller,22,12904.33
7da2312c22a948fe883b94cc9a11c0fa,88498152e03d4c83bdaf6a993ec5455f,02eb23b3ffaa48adbb7d260d6a5d95c0,4d9268c3ac95483498a19803d35254b1,2018-01-05 06:00:57,housewares,online_store,cat,1,1,1-5,reseller,160,20956.81
989dc92a836c4bfb9b811c6cde14d7a7,e0287be31a9e423a86cb91944776a43a,81cf4930132741e1a5ef4e05deaca631,4d9268c3ac95483498a19803d35254b1,2017-11-24 17:12:34,car_accessories,online_store,cat,1,1,500+,other,70,13603.64
0c016d0542b4411499a1bcec13ab8412,0ba8f82f5a2c48f3abf7e2699f2692a7,8c86913a5ba14fabbce7cbedb5b68cde,4d9268c3ac95483498a19803d35254b1,2018-03-17 08:17:02,fashion_accessories,offline,cat,1,1,20-50,reseller,33,7237.76
4f09aa008fd0483f829458fd21214553,f2ec074d6b8c4ec5a44357324d1bed4d,09e5eddb7ee842d4b6b3dae3646c6afd,25b49e2c2ce144c1b9092f79039b92e4,2018-03-02 19:17:02,housewares,online_store,cat,1,0,50-100,reseller,10,7840.04
13555bac4d3645b195e318dbe420940f,398125bd7f054494844554029c9042ff,97f1252659a04d0caa5ffa7243e35241,4d9268c3ac95483498a19803d35254b1,2017-07-02 06:02:57,health_beauty,online_store,cat,1,1,50-100,reseller,24,53521.23
55b339bca3d24dcfbcaf56d8f2777477,1f4f24e5ae6f4778a83039d9c1ef019f,09e5eddb7ee842d4b6b3dae3646c6afd,4d9268c3ac95483498a19803d35254b1,2017-07-01 10:26:00,health_beauty,industry,cat,1,1,5-20,manufacturer,41,14003.82
9a4e17aef4134539865553f31108ce98,b84162fb59fe497d882a2e76b5963637,02eb23b3ffaa48adbb7d260d6a5d95c0,07cf8789d7b443c0a7594a1fcf5bb9f9,2017-07-21 02:01:25,pet,industry,eagle,0,1,1-5,manufacturer,83,11511.56
930562f4540045968b23096073c1ce6f,80502425ff1c46ef9f3b2ce6762c2e34,4f812f3ad9cd426cbaf9e690273bb089,0e260670826c4acc8f9476ca589809fd,2017-12-18 19:06:33,health_beauty,online_store,cat,0,1,5-20,manufacturer,34,36887.27
5a06686f49f54910a5237aacb6080f1e,6623273ebd414c5995c2938c00b14396,81cf4930132741e1a5ef4e05deaca631,0e260670826c4acc8f9476ca589809fd,2017-09-05 19:27:39,construction_tools_housewares,reseller,wolf,1,0,100-500,reseller,8,114433.47
426a068de4084fc79c6fb6eee8db3b36,381c8fad3e1e4750addc89682043bdbe,09e5eddb7ee842d4b6b3dae3646c6afd,c231d194ee7f4dbf924d6ead7a9553e5,2017-11-02 07:15:10,housewares,industry,shark,0,1,50-100,reseller,38,40656.57
62e4183ec5714c2e83f4d1d30177130b,0a42f39090bf445cb255051c02f98327,97592a3fa8e44fcba4a18f16ce8ce43c,85261b2dd72d4c4d8fae2264a3d2e93f,2018-03-03 17:08:30,health_beauty,manufacturer,wolf,1,1,1-5,other,44,23283.39
ca6812f2010740a08de9cb8055bdc29f,c02c9336ef034dff9089d205918eab6a,97592a3fa8e44fcba4a18f16ce8ce43c,cc27b8fb702046d29d76750728202170,2018-01-31 10:58:46,pet,manufacturer,shark,1,1,100-500,manufacturer,18,8130.83
40c0021d358e4e9bba80d8fd2dd2bb96,3f14a7b47e9944b3abbf7e05bd160050,69221f1e41934bf2b9ab7808020034ff,751e472f5a70462ab0173a50c63fd09b,2018-06-12 07:34:52,pet,offline,wolf,1,1,50-100,other,66,11663.22
76110794c8624cd792e7c68fad561ea1,521fa5062cdf41d88ab5cc83eca4aa5c,f51d7158f5324fc5802d7e93b87e83be,c231d194ee7f4dbf924d6ead7a9553e5,2018-01-11 11:05:18,food_drink,offline,shark,0,1,20-50,reseller,86,1223.39
88810db159644b96b70d4c3e7e34da61,52b52633cd1d4ea080c0e10bce3bd930,97592a3fa8e44fcba4a18f16ce8ce43c,07cf8789d7b443c0a7594a1fcf5bb9f9,2018-04-17 19:00:57,food_drink,other,cat,1,1,500+,other,67,126666.05
feb14840355e46c7a22e517b4be0f03f,9751ca8402434b309b1013ed428bd263,02eb23b3ffaa48adbb7d260d6a5d95c0,c231d194ee7f4dbf924d6ead7a9553e5,2018-02-10 06:49:40,car_accessories,reseller,eagle,0,0,100-500,reseller,49,30893.18
95cba146f0a947238f555ea4a09cbfbe,ca9bbdcccb0947c1bfb5f966fa2eec4a,97592a3fa8e44fcba4a18f16ce8ce43c,07cf8789d7b443c0a7594a1fcf5bb9f9,2018-05-29 16:58:52,audio_video_electronics,offline,wolf,1,1,50-100,reseller,24,35303.42
1119a6cdc5df414f9bd809410c8a2294,115cf1d39aa440be8d4175c488f53f17,8c86913a5ba14fabbce7cbedb5b68cde,569596ca2e674244a94abd6ad9b2b8ea,2017-08-02 11:13:17,construction_tools_housewares,online_store,eagle,0,1,50-100,reseller,28,17650.01
787cce9f125349e7a697e303411ad93c,0a4f7b45f2f24cd29774fbf6a10b4f13,8c86913a5ba14fabbce7cbedb5b68cde,0e260670826c4acc8f9476ca589809fd,2018-05-31 06:35:50,housewares,other,eagle,1,1,1-5,reseller,28,14790.75
552027220b5a49a08cc39f73abc1b891,60b227d898574d8a93718837555156cf,97592a3fa8e44fcba4a18f16ce8ce43c,4d9268c3ac95483498a19803d35254b1,2018-01-10 11:48:24,audio_video_electronics,online_store,shark,0,1,20-50,reseller,72,57919.78
36d4ea3b599e437d8205670ae8b02c9c,f16d701df7f84b06af3f38b15e76a1b7,02eb23b3ffaa48adbb7d260d6a5d95c0,4d9268c3ac95483498a19803d35254b1,2018-05-29 17:01:16,health_beauty,online_store,cat,1,1,20-50,reseller,12,43738.66
7d8587910e9943d2aa0b9cbf69f5a480,39fd84741dd84b1a940b86577b2021ed,81cf4930132741e1a5ef4e05deaca631,c4cfe800e4424903adf78f5d0571372c,2018-04-05 18:48:03,small_appliances,online_store,wolf,0,1,20-50,manufacturer,104,41157.26
7c24e1a9c50a40e0a1fde8db37f44d1c,e306983651bc4d3981a6f362508ee18f,02eb23b3ffaa48adbb7d260d6a5d95c0,c231d194ee7f4dbf924d6ead7a9553e5,2017-10-17 23:23:56,housewares,reseller,cat,1,1,100-500,manufacturer,14,3620.91
ef6b78b1ab7e49d8b850ce264abb9c53,6065eb8b3fef47a28140bdb25e9fb1b5,09e5eddb7ee842d4b6b3dae3646c6afd,751e472f5a70462ab0173a50c63fd09b,2017-12-28 04:11:03,home_decor,online_store,shark,0,1,50-100,reseller,7,19609.86
3004bb1f2220405788058550a8fd6ff0,1132b310e9a94a968366c310166279dc,09e5eddb7ee842d4b6b3dae3646c6afd,07cf8789d7b443c0a7594a1fcf5bb9f9,2018-03-12 12:19:20,pet,online_store,cat,1,1,50-100,manufacturer,33,22692.41
c03ef5d250e74fa79b931205e8049e1f,7cda62b3fb3746bdae7e837cf4be0032,97f1252659a04d0caa5ffa7243e35241,cc27b8fb702046d29d76750728202170,2017-07-17 23:27:01,sports_leisure,online_store,wolf,0,1,20-50,manufacturer,29,6068.65
bf2296a914b74c7ca714103be53e5e26,3e245306c6314f2e8974f490773b9927,daebb625f0fb4adeb84313cec795ecba,4b53e0ac0a5b4be895208421c4a6c71a,2017-10-31 21:19:06,audio_video_electronics,industry,cat,1,1,5-20,manufacturer,33,15800.4
fcacc7bd9f2144fd85af373717a17beb,a66e5ede35714c76a1a840794bdb2f0d,69221f1e41934bf2b9ab7808020034ff,0e260670826c4acc8f9476ca589809fd,2018-03-14 19:49:23,construction_tools_housewares,other,shark,1,0,100-500,manufacturer,28,3115.73
23424352ef0c43149157ade026218adf,c1814fb770324805a3af87fc80825fec,09e5eddb7ee842d4b6b3dae3646c6afd,07cf8789d7b443c0a7594a1fcf5bb9f9,2017-11-22 15:43:00,housewares,manufacturer,cat,1,1,100-500,manufacturer,10,3514.61
a1fdf0858f774015942d3b9cf79a181f,042c9089fd6c424baab9fd40bfdf85fc,8c86913a5ba14fabbce7cbedb5b68cde,751e472f5a70462ab0173a50c63fd09b,2017-11-08 10:15:01,health_beauty,reseller,eagle,1,1,100-500,reseller,19,44824.72
3369f4e29cbd489691c7a84471f0dff5,b6a714b245c54a6ab43e023d52dc87cd,f51d7158f5324fc5802d7e93b87e83be,1d72da384eb24590a8e3c1e8b8a58b41,2018-03-20 09:14:51,car_accessories,online_store,eagle,1,1,1-5,other,53,10325.45
3d23f7b613e7456e855baf4167b689c9,6338d5b524a741f59e4b4eaa4098819f,81cf4930132741e1a5ef4e05deaca631,c4cfe800e4424903adf78f5d0571372c,2018-01-06 15:15:08,housewares,online_store,wolf,1,0,20-50,manufacturer,9,17496.92
042cb2e228244f27a9d7d741da6f08be,75f23e383bda4f47816fc07035d7c57d,69221f1e41934bf2b9ab7808020034ff,4b53e0ac0a5b4be895208421c4a6c71a,2017-08-24 09:29:28,health_beauty,online_store,cat,1,1,20-50,reseller,42,25229.57
958f5181fe2b434f84494bf763ec8978,e809585119814dd586b33a3810b5e433,4f812f3ad9cd426cbaf9e690273bb089,25b49e2c2ce144c1b9092f79039b92e4,2017-07-01 06:37:41,fashion_accessories,industry,shark,1,1,50-100,reseller,17,12306.39
ce297c7740b749f4b2238d2f4fb3ba9f,d8dcf2626ee5451b89d1348ff0965e0a,09e5eddb7ee842d4b6b3dae3646c6afd,4d9268c3ac95483498a19803d35254b1,2017-08-16 23:52:27,pet,manufacturer,shark,1,1,20-50,reseller,33,2681.16
43a0c2c0b5c44565846082f4d3cc2156,d643d22cb6c3477292a747b839246ecc,427e35d594a645f58452692c4eca2549,07cf8789d7b443c0a7594a1fcf5bb9f9,2018-04-28 14:27:44,small_appliances,industry,wolf,1,1,5-20,manufacturer,73,66179.56
0ec06f04497b4b54bf9594af6cfa5c2f,045466e263a64f478c8a7d2da8697ce5,02eb23b3ffaa48adbb7d260d6a5d95c0,25b49e2c2ce144c1b9092f79039b92e4,2017-12-01 23:51:43,audio_video_electronics,industry,wolf,1,0,20-50,reseller,27,9040.72
5dbec67ec10b40ee9f22cb5dc0a06be0,1660fbc7fa7645898bbc47c0d353715c,69221f1e41934bf2b9ab7808020034ff,569596ca2e674244a94abd6ad9b2b8ea,2018-01-11 05:15:25,construction_tools_housewares,online_store,wolf,1,1,50-100,reseller,49,2097.73
8f683f9bdce7462fbd5fea37129c43d7,730273b8ae2248f59b844bcdecb2ba0b,97592a3fa8e44fcba4a18f16ce8ce43c,cc27b8fb702046d29d76750728202170,2017-12-18 12:44:48,car_accessories,reseller,wolf,1,1,20-50,manufacturer,29,22364.29
9cad140fa32b4a4cb03b4b2ec503596b,f8ceae40038449f3950ccd8ef146e05e,4573ec52658544e8b0f28b0c6cf5339e,1473f2c33b544d8aa786d7a89df9e9e7,2018-01-24 18:08:25,car_accessories,manufacturer,eagle,1,1,20-50,manufacturer,6,147499.72
93c760c6a2604c83a2eb4eb3cd1d0dc6,3f02dcae919a4c968e2d6de4cd0c2ca7,8c86913a5ba14fabbce7cbedb5b68cde,85261b2dd72d4c4d8fae2264a3d2e93f,2017-09-20 18:20:27,housewares,other,eagle,1,0,20-50,reseller,64,5002.89
55b57198783f4c7e99370b267f520e8f,35b1996e515643cfaa8916fa51f9c4e8,f51d7158f5324fc5802d7e93b87e83be,c231d194ee7f4dbf924d6ead7a9553e5,2017-09-20 13:29:40,sports_leisure,online_store,eagle,0,1,20-50,other,38,77627.61
783f1285a9ef4d6a84042f5cfc707025,fb0079d767b64b6e932c19161a7145be,09e5eddb7ee842d4b6b3dae3646c6afd,cc27b8fb702046d29d76750728202170,2017-10-06 06:56:28,pet,other,cat,1,1,500+,manufacturer,330,80108.07
f6c5c46d99e648d2b0e612ece8d17df6,8132bbaed53f4db893229a5c180465f4,4573ec52658544e8b0f28b0c6cf5339e,1d72da384eb24590a8e3c1e8b8a58b41,2018-03-08 07:48:05,home_decor,online_store,wolf,0,0,100-500,reseller,9,13853.9
6ece88fd49614a48aa9bb2933a06f6ba,7bb92cf1eb6d456fbe9a811185f9f1e1,97f1252659a04d0caa5ffa7243e35241,85261b2dd72d4c4d8fae2264a3d2e93f,2017-08-08 23:51:01,housewares,industry,cat,1,1,500+,other,27,14584.27
22fe75ac079548d4a10bf9abfc2d548a,0091db4924e948e99dd187da687872cf,4f812f3ad9cd426cbaf9e690273bb089,25b49e2c2ce144c1b9092f79039b92e4,2017-08-02 14:02:14,health_beauty,offline,eagle,1,1,1-5,reseller,23,130082.6
3773ddfd64d34ba3ab18f46be7df7533,6003dbbd58fd4eb4ba250a2d8a344bf3,69221f1e41934bf2b9ab7808020034ff,4d9268c3ac95483498a19803d35254b1,2017-12-25 07:52:44,baby,manufacturer,eagle,1,0,5-20,reseller,17,39509.07
707724caa18a4da0be1d21b7e811fb80,12fd3810f3984550b3d36de8c6afc814,f51d7158f5324fc5802d7e93b87e83be,cc27b8fb702046d29d76750728202170,2017-12-22 04:51:13,housewares,online_store,eagle,1,1,20-50,reseller,66,10191.66
17b01aacee20475ea66f3e5eb339fdba,ff2133e4ec934033bda0ca6b940efead,4f812f3ad9cd426cbaf9e690273bb089,1473f2c33b544d8aa786d7a89df9e9e7,2018-03-02 05:18:59,car_accessories,online_store,eagle,0,1,1-5,reseller,14,8068.18
8d56e68899814d7dae0951dac38c1a75,d9d06b70c26c49c491450be97910034e,8c86913a5ba14fabbce7cbedb5b68cde,a4edd3568d2647b698c1e5acdb70daff,2018-03-30 04:37:12,health_beauty,industry,wolf,1,1,100-500,reseller,30,35839.32
3749f789caae44998962c61c3f853966,eabb3aa599344f71bb2946b5bc0cd8b9,daebb625f0fb4adeb84313cec795ecba,1473f2c33b544d8aa786d7a89df9e9e7,2018-05-28 08:03:03,fashion_accessories,reseller,wolf,1,1,1-5,reseller,44,33210.02
084688a83de94c45bedb4f1e59015959,4f17bb6972b34bd798727f67c273e7e9,daebb625f0fb4adeb84313cec795ecba,85261b2dd72d4c4d8fae2264a3d2e93f,2017-11-23 04:10:36,housewares,online_store,wolf,1,1,100-500,manufacturer,70,8339.77
bba56a225f024bcf9ef3852a0e8710e0,10b764f9a7054f36b192496a8544edb6,69221f1e41934bf2b9ab7808020034ff,c4cfe800e4424903adf78f5d0571372c,2017-11-09 01:09:48,health_beauty,manufacturer,eagle,1,1,20-50,reseller,22,39911.84
74cabe875a064c60b3822eef953a2cab,da4a91c67192434db61e17393ac35fcf,69221f1e41934bf2b9ab7808020034ff,1d72da384eb24590a8e3c1e8b8a58b41,2017-08-22 04:35:23,sports_leisure,offline,cat,1,1,5-20,manufacturer,50,1360.13
8e07aed0d8704df5bb430517cbf7ef3a,cf0ce65294d24c5c81d0feb6a63687b9,69221f1e41934bf2b9ab7808020034ff,4b53e0ac0a5b4be895208421c4a6c71a,2018-03-04 02:25:49,health_beauty,other,shark,1,1,100-500,reseller,99,3771.0
a062d025300d47ecb5e52b23ab23c318,5814d6be86474e25866ce3faec244d64,4f812f3ad9cd426cbaf9e690273bb089,25b49e2c2ce144c1b9092f79039b92e4,2018-04-27 16:43:14,audio_video_electronics,manufacturer,wolf,0,0,50-100,reseller,14,2107.24
f79266220954497eb5f9c1f29d7ce153,fbc3a88aa9d44463a75532ff9d072f9b,69221f1e41934bf2b9ab7808020034ff,751e472f5a70462ab0173a50c63fd09b,2018-04-16 00:36:09,pet,manufacturer,cat,1,1,50-100,manufacturer,70,18624.01
5ffada636f3445bab99a3698171eeeb5,228a1f7095f146f2aaf78c044ee1b712,8c86913a5ba14fabbce7cbedb5b68cde,0e260670826c4acc8f9476ca589809fd,2017-07-29 06:04:33,baby,industry,wolf,1,1,500+,manufacturer,52,41489.86
bd6459a9fe634ba6837e1550f1d82ba5,98ebe7b72bb64c8c942af9c104a880d4,4573ec52658544e8b0f28b0c6cf5339e,5820beab246140938f1a5b48d03b5345,2017-09-28 11:11:24,construction_tools_housewares,online_store,wolf,0,1,5-20,manufacturer,22,45671.15
7acc827d7fc7483c8e1708b5719f115d,7e8c287b841746cc8ecc0e1b2ffd6b9b,4573ec52658544e8b0f28b0c6cf5339e,569596ca2e674244a94abd6ad9b2b8ea,2017-11-03 18:21:12,sports_leisure,reseller,shark,0,1,20-50,other,82,18968.0
04d839d201f641608392d552e0329950,3cb1604cd52f42c4bfcbb339ec523f75,81cf4930132741e1a5ef4e05deaca631,1473f2c33b544d8aa786d7a89df9e9e7,2018-05-22 14:00:25,construction_tools_housewares,offline,wolf,1,1,100-500,reseller,69,4109.68
d8bf147b777f416f942f0297bd74ebac,adc8f24425a44a3abb706be62021d64f,09e5eddb7ee842d4b6b3dae3646c6afd,569596ca2e674244a94abd6ad9b2b8ea,2017-07-31 08:25:04,audio_video_electronics,online_store,eagle,1,1,50-100,reseller,109,3276.18
a12b5567cd5c45a782593e310a832ee1,621a72df22284911902e7d127a2a05f0,f51d7158f5324fc5802d7e93b87e83be,5820beab246140938f1a5b48d03b5345,2017-11-23 16:38:56,small_appliances,offline,wolf,0,0,100-500,manufacturer,15,3267.16
a67f3d29bd2e47a59ca47e9cf72c1bd5,e507dccf02d84fb3a3fb0bd4ef1353bc,97592a3fa8e44fcba4a18f16ce8ce43c,1d72da384eb24590a8e3c1e8b8a58b41,2017-11-20 00:37:41,housewares,online_store,eagle,1,0,50-100,reseller,10,10824.25
482ee6d0d0ff44208eb58fa75aed5651,998a301a2f494f9b8dd4c99a64c93949,69221f1e41934bf2b9ab7808020034ff,751e472f5a70462ab0173a50c63fd09b,2017-11-10 05:29:17,housewares,online_store,eagle,0,1,50-100,reseller,9,7325.98
9f6e380602cf4eb5922adc1715579b6e,0f85234770c04d5baab2cb290a7a1a5e,4573ec52658544e8b0f28b0c6cf5339e,569596ca2e674244a94abd6ad9b2b8ea,2018-03-19 17:56:27,health_beauty,reseller,cat,1,0,20-50,manufacturer,39,3373.43
4bcad4b2ec254adf953daefc143de7d5,54fe538785ee4f22a1b1fb343bd4bcb5,69221f1e41934bf2b9ab7808020034ff,4d9268c3ac95483498a19803d35254b1,2018-02-11 08:59:41,food_drink,offline,wolf,0,1,100-500,reseller,6,1576.47
27a2010dae1247bab99ee338e6fc1845,96db55d4505b49a7a0903eed8981f807,09e5eddb7ee842d4b6b3dae3646c6afd,4d9268c3ac95483498a19803d35254b1,2018-01-11 08:16:14,home_decor,other,cat,1,1,50-100,manufacturer,78,8824.78
fb90f5e43c8f480886fa96656899e014,5bc185a60253450daf0a2284c94ba4a8,69221f1e41934bf2b9ab7808020034ff,4d9268c3ac95483498a19803d35254b1,2017-08-26 20:14:13,housewares,industry,shark,1,0,5-20,reseller,181,9811.1
28226650f4004b438a5dc5fa213f9c88,b4e617a20cfd47028c8b087ac023e922,4f812f3ad9cd426cbaf9e690273bb089,cc27b8fb702046d29d76750728202170,2017-11-01 16:04:00,construction_tools_housewares,online_store,cat,0,0,5-20,reseller,70,5512.91
b46eeece30a74c8490890787afa4602a,876ebf060cbf4a4a9274a7379f4b3bba,02eb23b3ffaa48adbb7d260d6a5d95c0,0e260670826c4acc8f9476ca589809fd,2017-09-23 04:07:17,audio_video_electronics,online_store,cat,0,1,20-50,reseller,12,122890.09
792e7a4013134da2a6904550174da3dc,39c9dc5f66e14ce6be5ef11b07c5755f,69221f1e41934bf2b9ab7808020034ff,569596ca2e674244a94abd6ad9b2b8ea,2017-12-16 23:00:23,health_beauty,reseller,cat,0,0,50-100,other,10,39450.06
8774cf7831484d83bce59ab5d5ec5fd5,7856743674be48708bc099791f8a2de5,97592a3fa8e44fcba4a18f16ce8ce43c,751e472f5a70462ab0173a50c63fd09b,2018-03-03 22:14:08,health_beauty,online_store,cat,1,1,20-50,reseller,25,19006.65
3807c6aa3a414defbb4db80d8fd9ae22,9651932e28874bcc91ec9a8cbff24db9,97f1252659a04d0caa5ffa7243e35241,c231d194ee7f4dbf924d6ead7a9553e5,2018-03-25 11:35:53,health_beauty,online_store,cat,1,1,20-50,other,13,4248.61
40ef5434824f4cc195f46a0bfe1c5d00,509b343d176a4a4289a7d81d91ed9591,4573ec52658544e8b0f28b0c6cf5339e,569596ca2e674244a94abd6ad9b2b8ea,2017-07-05 13:27:44,health_beauty,online_store,shark,1,1,20-50,reseller,53,18969.78
1e49db79c9714cdf916af222849cc7f8,c6d312b36e134fe893084b68adbeded4,4f812f3ad9cd426cbaf9e690273bb089,569596ca2e674244a94abd6ad9b2b8ea,2017-08-22 11:02:11,sports_leisure,industry,eagle,1,1,50-100,reseller,179,7478.48
58f392c401ff4f23aac6aee85ac373a0,7d1c610164c84886a0df25dd53333784,97f1252659a04d0caa5ffa7243e35241,569596ca2e674244a94abd6ad9b2b8ea,2017-10-02 12:24:12,construction_tools_housewares,manufacturer,cat,1,0,20-50,reseller,27,16273.64
02e5db0acf3648da87dac4ad2b27fabe,b0762a823f0f444ab19a94858fcf3535,97f1252659a04d0caa5ffa7243e35241,c231d194ee7f4dbf924d6ead7a9553e5,2017-09-02 00:55:53,health_beauty,online_store,wolf,0,1,5-20,manufacturer,13,21194.14
1cb406520b714ac39877b15a1064b722,6508870901774b5b9ebf9708372808e1,f51d7158f5324fc5802d7e93b87e83be,569596ca2e674244a94abd6ad9b2b8ea,2018-02-28 15:52:38,health_beauty,manufacturer,eagle,1,1,100-500,reseller,11,76234.61
83d18c351dcb4e8f9f3aca7298c49dfc,daf024a27bf44238baab2115b0174201,4f812f3ad9cd426cbaf9e690273bb089,c231d194ee7f4dbf924d6ead7a9553e5,2017-07-28 07:10:05,housewares,reseller,eagle,1,0,20-50,manufacturer,12,14487.59
661fc8fac7b9439aaa2653527d0fae33,1530360332a24dbd9dacd5787ef8c2db,69221f1e41934bf2b9ab7808020034ff,4d9268c3ac95483498a19803d35254b1,2017-07-17 18:21:52,food_drink,other,wolf,1,1,20-50,reseller,90,14420.81
c8a2406032c74936b614215e428c63c4,151e1da3639849c0a04ed4c24bb38327,09e5eddb7ee842d4b6b3dae3646c6afd,c231d194ee7f4dbf924d6ead7a9553e5,2017-09-02 07:23:28,food_drink,online_store,wolf,1,0,1-5,reseller,16,3772.34
7055b20135d34c85bad37c837a819a05,35c29a74045e480a804e483942d9ce22,97592a3fa8e44fcba4a18f16ce8ce43c,cc27b8fb702046d29d76750728202170,2018-03-01 12:28:29,health_beauty,offline,eagle,1,0,5-20,reseller,27,9557.42
5e4c7fd3571a4a4cbaa2cd46c341dce1,f0b7a3bf0f164b8d8df3c3fe7851b210,f51d7158f5324fc5802d7e93b87e83be,25b49e2c2ce144c1b9092f79039b92e4,2018-04-30 11:56:27,audio_video_electronics,online_store,eagle,1,0,5-20,reseller,49,117365.45
45160ecb72284a4e895bc815d4096067,ce51b0d4638840b1a0d2945c58261dc3,69221f1e41934bf2b9ab7808020034ff,0e260670826c4acc8f9476ca589809fd,2018-04-02 06:39:40,pet,offline,cat,1,0,500+,reseller,129,4445.14
d6dae175062c43c1beec2e22f5358eec,d721dea4b9be4f9cbcce6f48fb8ed667,09e5eddb7ee842d4b6b3dae3646c6afd,a4edd3568d2647b698c1e5acdb70daff,2017-11-01 21:52:54,baby,online_store,wolf,1,1,20-50,other,116,5354.15
a01194ec1bd34353b72ae3a69d69fc67,b7d7a3aa81024f53b61c208322e80f00,09e5eddb7ee842d4b6b3dae3646c6afd,4b53e0ac0a5b4be895208421c4a6c71a,2017-11-12 07:32:26,audio_video_electronics,offline,cat,0,1,5-20,reseller,157,12382.58
1018292e8a2f47659eaaf610b65cf381,083e250b151147e0b524a500121a6bd9,97592a3fa8e44fcba4a18f16ce8ce43c,0e260670826c4acc8f9476ca589809fd,2017-09-27 03:50:49,health_beauty,offline,shark,0,1,20-50,manufacturer,92,74597.17
e2b11c35149b43f08319e2e06bb28cd7,d9c51ea323084600b74b02a217e70536,02eb23b3ffaa48adbb7d260d6a5d95c0,4b53e0ac0a5b4be895208421c4a6c71a,2017-11-12 18:34:49,sports_leisure,other,eagle,1,1,5-20,reseller,44,3495.96
f7b66ef570c249fcb3bb923cd0ad1bd6,682fe67768b147ddbea43d4d07c4c234,427e35d594a645f58452692c4eca2549,07cf8789d7b443c0a7594a1fcf5bb9f9,2017-11-17 05:16:05,sports_leisure,manufacturer,cat,1,0,100-500,reseller,35,12898.08
95ab7cf5c9a74c9db347e30fee9a4437,f3fa10dcd2114c2e9ec6fb17119c472e,97f1252659a04d0caa5ffa7243e35241,1d72da384eb24590a8e3c1e8b8a58b41,2018-04-21 22:58:58,car_accessories,online_store,cat,1,1,50-100,manufacturer,225,20111.46
9d2d9a68dc7845f3be8fabe937cba15d,35916d79097d48c69b82fc2784b22b5e,09e5eddb7ee842d4b6b3dae3646c6afd,0e260670826c4acc8f9476ca589809fd,2018-05-03 15:45:38,housewares,online_store,cat,1,0,50-100,reseller,16,43050.48
0cd3b9e4a51f45e4b0f8497ea286b846,fd0269b88eb6471fa1d5411256e5b19b,8c86913a5ba14fabbce7cbedb5b68cde,5820beab246140938f1a5b48d03b5345,2018-01-13 04:06:42,baby,offline,eagle,1,1,50-100,reseller,23,2311.29
98a3c41de3914c1d962bc230bb08997e,4c9a6e5bdb934fb286219b75d7c5a79f,09e5eddb7ee842d4b6b3dae3646c6afd,cc27b8fb702046d29d76750728202170,2017-10-03 02:27:15,home_decor,online_store,eagle,1,1,50-100,other,84,1638.51
9ab0e577514d4481a6029673091419b5,20c1541b7d9e4999b66a8ee2f5967649,97592a3fa8e44fcba4a18f16ce8ce43c,85261b2dd72d4c4d8fae2264a3d2e93f,2017-10-28 03:19:41,housewares,reseller,eagle,0,0,20-50,reseller,23,18996.53
018a37071f4c4c6896c250dff413808c,2e3fa2521c1042efb1e77083c1096297,427e35d594a645f58452692c4eca2549,a4edd3568d2647b698c1e5acdb70daff,2017-11-09 10:44:06,baby,online_store,cat,1,1,20-50,manufacturer,25,4632.64
074866012ca948e7b84cc36ca1e31ca2,e5c41bead9a74d48bac54c5ee50b4f80,69221f1e41934bf2b9ab7808020034ff,07cf8789d7b443c0a7594a1fcf5bb9f9,2017-10-01 14:22:33,sports_leisure,manufacturer,shark,1,0,20-50,reseller,22,27707.82
cb28f3e281484bf697b15145992b7399,f891fd3c392643f992378509c5447354,97592a3fa8e44fcba4a18f16ce8ce43c,0e260670826c4acc8f9476ca589809fd,2017-09-09 20:29:25,housewares,online_store,cat,1,1,20-50,reseller,12,20079.12
6657beda0f064c52a95751bec4fe27a4,9843c06e0f4f4eae89459aa493565c0b,81cf4930132741e1a5ef4e05deaca631,5820beab246140938f1a5b48d03b5345,2018-03-22 11:02:36,health_beauty,manufacturer,cat,0,1,1-5,reseller,28,66204.18
9dff41a55b514b2bb48a3d1d3613bd4d,f3bc6008b6b04fd7bf60f77ecd8e08b8,69221f1e41934bf2b9ab7808020034ff,4b53e0ac0a5b4be895208421c4a6c71a,2018-04-22 00:11:28,car_accessories,offline,eagle,1,1,100-500,reseller,25,8148.08
5f8e045070c64fb7864ff78357ae18df,238e9b286ff24456b377c385a42822ab,f51d7158f5324fc5802d7e93b87e83be,569596ca2e674244a94abd6ad9b2b8ea,2018-05-19 06:59:54,car_accessories,online_store,cat,0,0,100-500,reseller,22,10033.25
fcde22f53bff4492ad73d4b9f8ccbb35,9ce7fd819d9947ac857f500e2517fafd,81cf4930132741e1a5ef4e05deaca631,751e472f5a70462ab0173a50c63fd09b,2017-07-21 18:24:41,audio_video_electronics,online_store,cat,1,1,20-50,reseller,6,1611.02
b7f6bbd7781e46ab89f9db2691b84c75,1d258946e43f4977810a073d006bedf3,69221f1e41934bf2b9ab7808020034ff,25b49e2c2ce144c1b9092f79039b92e4,2017-06-15 15:27:38,baby,offline,cat,1,0,100-500,reseller,227,29615.69
49681458e7dd4b71b8f523e0eb00bb62,212b13e72bc242278d880dc2ecfe34fc,97592a3fa8e44fcba4a18f16ce8ce43c,5820beab246140938f1a5b48d03b5345,2018-01-01 16:06:01,sports_leisure,online_store,eagle,0,1,20-50,reseller,16,5022.49
2c65f7a8d32642c083171f5263a9bfbe,ffe0378377354a09b6af3ed0a531d827,97592a3fa8e44fcba4a18f16ce8ce43c,5820beab246140938f1a5b48d03b5345,2018-04-12 06:33:56,car_accessories,online_store,cat,1,1,1-5,reseller,111,3188.23
69785b86f1ab4c4b9a5e9d929e23b07c,10b253397fa342b190b4979ac765ed0f,daebb625f0fb4adeb84313cec795ecba,1d72da384eb24590a8e3c1e8b8a58b41,2018-01-16 17:14:54,health_beauty,industry,cat,0,1,500+,reseller,27,3559.91
182401988e784b9faa27a0d7a9442481,7f1ada2b481640d8a6e76f9c63242dc9,09e5eddb7ee842d4b6b3dae3646c6afd,1473f2c33b544d8aa786d7a89df9e9e7,2018-06-01 10:19:56,sports_leisure,online_store,wolf,1,1,50-100,reseller,69,14542.58
54d67a7a484c4be0b0ded0bb7dd77fba,16558bc2e4184eef8976e4ca44f9c956,f51d7158f5324fc5802d7e93b87e83be,c4cfe800e4424903adf78f5d0571372c,2018-02-12 08:13:27,car_accessories,other,cat,1,0,50-100,reseller,14,10936.35
4932571598234ba9a238f5ac00b486fc,dce190c34584488cb3683f92355bcab8,69221f1e41934bf2b9ab7808020034ff,1473f2c33b544d8aa786d7a89df9e9e7,2017-08-22 08:04:16,baby,online_store,cat,1,0,50-100,reseller,35,7989.58
861ad47bd5d741fd862a4a3752880497,dd4397856e8e42af9f83288543a4536f,f51d7158f5324fc5802d7e93b87e83be,5820beab246140938f1a5b48d03b5345,2017-12-29 04:37:43,construction_tools_housewares,manufacturer,eagle,0,1,50-100,reseller,36,69131.48
df9251d387814a4999d5fcfd48ea6ad0,2e4a5515033c44f797047f629f128cb6,69221f1e41934bf2b9ab7808020034ff,5820beab246140938f1a5b48d03b5345,2018-05-09 11:24:13,audio_video_electronics,other,cat,1,0,5-20,reseller,49,13716.82
77343f4f2bfc49a182881bc16de795b0,3552dd34a4444df898d2e0076ef1fbad,69221f1e41934bf2b9ab7808020034ff,1d72da384eb24590a8e3c1e8b8a58b41,2017-06-22 00:24:45,health_beauty,offline,wolf,1,1,1-5,other,25,24131.26
d8797534665a4afe8cfa3dc60da6d4f9,805f9bb5a88c401e9b035a031e06d7f8,02eb23b3ffaa48adbb7d260d6a5d95c0,cc27b8fb702046d29d76750728202170,2018-04-20 00:22:36,home_decor,manufacturer,shark,1,1,20-50,reseller,36,14884.86
5136ca75935e410db3158132a76ee945,ce5e1409c8e74e8894037fda91bd94c1,daebb625f0fb4adeb84313cec795ecba,0e260670826c4acc8f9476ca589809fd,2017-07-14 16:07:12,sports_leisure,offline,wolf,1,0,500+,reseller,59,23995.35
e6cabd00720d44edb11089f645bcff24,a91c5c29dc4e4254bb64dd935ba1167b,8c86913a5ba14fabbce7cbedb5b68cde,a4edd3568d2647b698c1e5acdb70daff,2017-08-22 18:51:11,car_accessories,offline,shark,1,0,100-500,reseller,51,15216.9
4bf700ea5b1b45e789c43335cf620bd7,29bb687ff77a42038373dfaba875736b,8c86913a5ba14fabbce7cbedb5b68cde,25b49e2c2ce144c1b9092f79039b92e4,2018-04-12 18:15:25,health_beauty,online_store,eagle,1,1,20-50,other,56,2864.93
40c2909ad10d49f3b97aededf76be080,cd4b0a804b274ea480616194672b26b9,f51d7158f5324fc5802d7e93b87e83be,4b53e0ac0a5b4be895208421c4a6c71a,2018-02-09 12:00:02,audio_video_electronics,industry,shark,1,1,20-50,reseller,15,31039.12
35632e15044b40fb8081d3108eb7eccb,0830ccfdbaaa4d629bf30ff2ea37704e,97f1252659a04d0caa5ffa7243e35241,cc27b8fb702046d29d76750728202170,2018-06-08 17:08:47,audio_video_electronics,industry,eagle,0,0,20-50,reseller,48,12342.13
763c8d18fc0e443cb2391159705c5f37,381184a21591432badd92c8e463b599b,02eb23b3ffaa48adbb7d260d6a5d95c0,5820beab246140938f1a5b48d03b5345,2017-06-24 09:07:53,audio_video_electronics,offline,cat,1,1,5-20,manufacturer,40,1652.62
15cd2a1753624d3395dfbbdfd884d33e,191f16c134c5477cb4f8fd621764548b,f51d7158f5324fc5802d7e93b87e83be,4d9268c3ac95483498a19803d35254b1,2017-11-17 08:40:02,health_beauty,offline,wolf,1,1,20-50,reseller,22,16130.17
78538cfd3eb94712a780312c1afc467e,71b820f65e324ea38c9f31ec34397ac6,daebb625f0fb4adeb84313cec795ecba,25b49e2c2ce144c1b9092f79039b92e4,2017-08-04 07:16:52,car_accessories,offline,cat,1,1,100-500,manufacturer,8,5912.66
e6a603e950e9443c9d64a62d77461ce9,6924d8d0d1a743fbbd83d0887687d95c,69221f1e41934bf2b9ab7808020034ff,0e260670826c4acc8f9476ca589809fd,2018-06-03 22:35:12,housewares,other,wolf,0,1,20-50,manufacturer,70,21721.02
b7feba366c3040cfba793df94e2c7b35,52d4ac1d94564c7eb303e9ca401e7d24,02eb23b3ffaa48adbb7d260d6a5d95c0,cc27b8fb702046d29d76750728202170,2018-05-13 16:21:30,health_beauty,offline,wolf,1,0,50-100,other,68,8753.72
b3e11a1ae683494a9e445d4575b2888c,1d9075bc21b24322a5ea2ab394cd8763,8c86913a5ba14fabbce7cbedb5b68cde,c4cfe800e4424903adf78f5d0571372c,2017-08-08 15:52:06,home_decor,offline,eagle,1,1,50-100,other,206,32870.45
d39cc835be014459a73c0f58813d8802,236416c3e4be463d847d2fc5abbcc6f8,02eb23b3ffaa48adbb7d260d6a5d95c0,1d72da384eb24590a8e3c1e8b8a58b41,2017-11-27 15:21:12,health_beauty,reseller,wolf,0,0,100-500,manufacturer,150,3595.64
7c6db20fe8ed4b0dad91ded5942b32e8,5f824c62971b4bad967756392a2abfc0,97592a3fa8e44fcba4a18f16ce8ce43c,25b49e2c2ce144c1b9092f79039b92e4,2017-12-24 23:36:57,health_beauty,offline,cat,0,0,5-20,reseller,86,4621.59
b3026bce8c1d41d8815e7ab217229c7c,a22ab5e355be415e833257d66154f5bc,4573ec52658544e8b0f28b0c6cf5339e,4d9268c3ac95483498a19803d35254b1,2017-09-12 00:31:22,audio_video_electronics,online_store,eagle,1,0,50-100,reseller,5,6174.83
8fe1bb98bad34aa19371465abc0ff9f2,1ed0ac4caea042dd9c22c816a4c29c5b,4f812f3ad9cd426cbaf9e690273bb089,4b53e0ac0a5b4be895208421c4a6c71a,2018-04-25 06:51:44,audio_video_electronics,reseller,wolf,0,1,20-50,manufacturer,89,47284.82
113bf58cd7b548398c0a64b12b8dee64,5fe0fdfab1d2482685c344096672365e,8c86913a5ba14fabbce7cbedb5b68cde,569596ca2e674244a94abd6ad9b2b8ea,2017-11-25 20:12:51,housewares,other,wolf,1,0,100-500,manufacturer,104,5972.39
1c0b714595f74c73941a349ddef16163,8665b01e07534d41b33290e2a3e94650,427e35d594a645f58452692c4eca2549,a4edd3568d2647b698c1e5acdb70daff,2018-02-19 12:58:07,audio_video_electronics,industry,cat,0,1,5-20,reseller,161,46697.15
e47515d8a5cb4cfebe1b6092124f0d5f,ab18fbbc07ca4c4dbf44aa8dcef3fd05,09e5eddb7ee842d4b6b3dae3646c6afd,1d72da384eb24590a8e3c1e8b8a58b41,2017-07-18 22:03:19,car_accessories,industry,cat,0,1,50-100,reseller,77,11523.11
817d5821a24a4e539e021b02ff009985,79c2da36e9ef47e09b1f7de7f07a52ae,69221f1e41934bf2b9ab7808020034ff,85261b2dd72d4c4d8fae2264a3d2e93f,2017-08-06 10:48:00,food_drink,offline,wolf,1,0,1-5,manufacturer,56,45336.35
a9d94e141c7047d08869582a09b9de9b,9097a66b15234c51a52e074dcd072c5e,4573ec52658544e8b0f28b0c6cf5339e,5820beab246140938f1a5b48d03b5345,2018-03-01 10:50:54,food_drink,offline,eagle,1,0,50-100,manufacturer,16,2765.21
0963031c6abd497ea68d873d62003ff1,3764a986752148f492e6273dad0d2088,4573ec52658544e8b0f28b0c6cf5339e,1d72da384eb24590a8e3c1e8b8a58b41,2017-09-08 07:22:15,audio_video_electronics,industry,shark,1,1,1-5,reseller,40,2164.64
a7ad79b14b4f469d8f09d83280c89f75,8b128d37c0fe459c88014ef44caf4cbf,8c86913a5ba14fabbce7cbedb5b68cde,c4cfe800e4424903adf78f5d0571372c,2017-07-09 21:39:34,housewares,industry,cat,0,1,100-500,reseller,53,10119.88
25ca78b994514b7bb41e0ef175b4ac3a,113151dc4cc04aa885fff9e80fa8d9c6,69221f1e41934bf2b9ab7808020034ff,1d72da384eb24590a8e3c1e8b8a58b41,2018-05-29 07:36:29,health_beauty,manufacturer,cat,1,0,1-5,reseller,15,1437.86
b902ffb89a994e5fa2b13c9efc47f6cf,532d4b5d6019454aa61af47b49829a51,81cf4930132741e1a5ef4e05deaca631,1d72da384eb24590a8e3c1e8b8a58b41,2017-08-29 01:29:02,audio_video_electronics,online_store,cat,1,0,20-50,manufacturer,108,11172.76
0a73c9aa7cc841c98de947b757d15bba,fc60ce1233d6498a893c894ddec490e1,427e35d594a645f58452692c4eca2549,4b53e0ac0a5b4be895208421c4a6c71a,2018-05-04 07:29:42,pet,online_store,wolf,1,0,50-100,reseller,19,5384.7
5cda5dabfc894a8cbf23acb664f1aff5,0ea2c61a3f5c403ea3b3b04d6f72d34a,8c86913a5ba14fabbce7cbedb5b68cde,a4edd3568d2647b698c1e5acdb70daff,2018-03-17 04:46:22,pet,online_store,eagle,1,1,50-100,manufacturer,25,436.42
76b2b3ae76a94198b19d87ea6c8054b1,28d0b15a99284811b3a041e9fc8b58c7,427e35d594a645f58452692c4eca2549,c231d194ee7f4dbf924d6ead7a9553e5,2017-09-25 07:42:42,sports_leisure,industry,wolf,0,1,500+,manufacturer,74,22355.07
fd110b91392f41b884bd0f952b87d82a,b930d65b82cc43cd8729432388534c55,81cf4930132741e1a5ef4e05deaca631,a4edd3568d2647b698c1e5acdb70daff,2017-11-09 06:44:43,audio_video_electronics,online_store,eagle,1,1,1-5,reseller,22,21984.37
392ba493bc854e3b8c06951cfd5be9bc,0d9b8c793d2344e8865d7bccd8076cb1,02eb23b3ffaa48adbb7d260d6a5d95c0,4d9268c3ac95483498a19803d35254b1,2017-08-31 19:10:24,small_appliances,online_store,eagle,0,1,5-20,manufacturer,11,22850.31
4c98f73c94444123ae957554024dc48d,17cd53cfdfed4480a2cf423fcb5db45e,4f812f3ad9cd426cbaf9e690273bb089,751e472f5a70462ab0173a50c63fd09b,2018-06-01 01:00:02,small_appliances,offline,cat,1,0,50-100,manufacturer,16,60834.58
115b4970f7374d9a853da137e66987d9,b6a1ea0b77db46cdafeb6d4c38d1aabd,97f1252659a04d0caa5ffa7243e35241,c4cfe800e4424903adf78f5d0571372c,2018-06-15 22:23:35,audio_video_electronics,online_store,eagle,1,1,5-20,manufacturer,26,17554.83
6413d0e6665f4431a026070cf97624d1,920f681a06bc4cabaa3cd7ecd3fbfb2e,97f1252659a04d0caa5ffa7243e35241,0e260670826c4acc8f9476ca589809fd,2018-01-03 20:04:22,health_beauty,industry,wolf,1,1,20-50,manufacturer,50,14245.8
