order_id,order_item_id,product_id,seller_id,shipping_limit_date,price,freight_value
86324c7f3572425997957125016e3cb5,1,8ed463874a48423bbe53fecd6b08f4d5,55ab8902ebc34bc1a613c59f8a70d721,2017-12-05 08:21:18,170.63,21.94
86324c7f3572425997957125016e3cb5,2,9b2e26d8c0014e7784e5e2875929f73d,55ab8902ebc34bc1a613c59f8a70d721,2017-12-05 08:21:18,47.23,8.5
86324c7f3572425997957125016e3cb5,3,20673b9a51c84802b8370318cafa70d9,55ab8902ebc34bc1a613c59f8a70d721,2017-12-05 08:21:18,51.71,8.5
eb39b79a3cc4497abd9b4e6e2fa8645e,1,69debee402154e28bf12862dae3e4efc,55ab8902ebc34bc1a613c59f8a70d721,2017-10-13 21:21:18,127.94,22.36
2a1cf9e606c043019009765886b5fd2f,1,58aa2de3269b41038b506f05b4878599,55ab8902ebc34bc1a613c59f8a70d721,2017-10-28 04:21:18,56.04,11.22
50bf8be85c774b8eb3949b9d71d2b429,1,8045435f964d4746ab6d86b9c708b83a,55ab8902ebc34bc1a613c59f8a70d721,2017-10-12 19:21:18,9.67,8.5
d552a6391f26499d985c073cc212cd82,1,885e236468954acf93aa9f8ef7207c78,1aeaa0cf032f4627aed22014c4ddd8bc,2017-11-14 12:54:18,160.15,19.54
676a74ced85842eaa168b1488803c43c,1,87340047b52f467b91e0f7d23cfb7995,1aeaa0cf032f4627aed22014c4ddd8bc,2017-11-13 11:54:18,38.97,8.5
7d02dc66f1b347b6ac49b5dbdae843d9,1,aa91603054d2433babdfc9b2fb3d03c8,1aeaa0cf032f4627aed22014c4ddd8bc,2017-11-26 17:54:18,126.87,17.87
745997975ab94453ae543daabf0eb483,1,ac05f7781b784483b4f09e7ae73cc7c0,1aeaa0cf032f4627aed22014c4ddd8bc,2018-01-10 13:54:18,75.65,12.0
7d5a4f5427fa4188aa368d570d9ad8ab,1,fff75832db264c33a33f6f6ce9c5e858,9127f0ea7bfb4a1ebdd9070ab450d832,2018-06-08 19:42:22,453.57,37.61
b7df3dbc4edd4407815c783432c552fa,1,29075fa5c36f47b09df491d731e1881c,9127f0ea7bfb4a1ebdd9070ab450d832,2018-05-21 06:42:22,74.71,14.99
b7df3dbc4edd4407815c783432c552fa,2,864bfbca22e543c2a9d1111e5d630d89,9127f0ea7bfb4a1ebdd9070ab450d832,2018-05-21 06:42:22,68.27,14.77
bea93f12e31b40aab4defa8bbd06c131,1,607909810d6f42dea67dcb1aa97b45bc,9127f0ea7bfb4a1ebdd9070ab450d832,2018-07-03 19:42:22,226.56,18.39
38dcac4b84b041d1af908d45e2faba22,1,468b803d8a394cb2946afd35664209d2,abace2300990447cb8bd17d59c27f6c6,2017-10-01 21:29:02,82.56,10.33
da08cb988a2a455fb526bf3da500ddb5,1,571d5ed2f68246f2b85ab4b024a43cfb,abace2300990447cb8bd17d59c27f6c6,2017-12-10 17:29:02,57.81,8.5
bc4f8211adb34304b5f9a9c907af9076,1,e97d865790464805a0edec0b2a18beb2,abace2300990447cb8bd17d59c27f6c6,2017-10-10 02:29:02,318.11,51.67
bc4f8211adb34304b5f9a9c907af9076,2,d7d12d13db63458eab5884460263819e,abace2300990447cb8bd17d59c27f6c6,2017-10-10 02:29:02,55.41,8.5
bc4f8211adb34304b5f9a9c907af9076,3,17cf70e8054942669347695718ede4c3,abace2300990447cb8bd17d59c27f6c6,2017-10-10 02:29:02,49.05,10.44
23cfdf646fe847e9b2b003b7e2d64708,1,cfc2acdea8024b2590f6caae280d5b4b,abace2300990447cb8bd17d59c27f6c6,2017-09-15 10:29:02,195.97,33.38
5a611020614640058fa588b021ea07fe,1,0827c8523bc0409abb90a3a44a6c39ef,abace2300990447cb8bd17d59c27f6c6,2017-09-21 18:29:02,151.73,23.59
5a611020614640058fa588b021ea07fe,2,cf244287bde4492ca54a26c128a52f42,abace2300990447cb8bd17d59c27f6c6,2017-09-21 18:29:02,26.65,8.5
de03fa5daf2b4038b2949b48ca2eb7b3,1,2a6e031560a943528a4e27f86eea0e9f,b23630933c8a454681ac85913bcb53d0,2017-08-20 09:41:39,183.39,36.63
210d300d02c4433f95c7211be0e1ff8c,1,7682cebd7d68400290ee742d6aab9dbd,e4bf964c1f1e418ba9a5fad43451b66d,2017-09-10 00:40:28,17.13,8.5
210d300d02c4433f95c7211be0e1ff8c,2,2d402d763ad64299b09745ad6214d9f3,e4bf964c1f1e418ba9a5fad43451b66d,2017-09-10 00:40:28,124.94,25.88
341facf08ccf4e15805972ab7f30f725,1,624e23f9f4ad4ec686d41a843a381c1b,6b96728a0f3d4f7596669118e035f660,2017-11-06 23:12:43,128.82,24.66
2ed394912cd845c196f2c380b7f61bb4,1,44522e39746f48879e471599bc532a6a,6b96728a0f3d4f7596669118e035f660,2017-11-08 02:12:43,187.37,24.39
6bdfa5685d0a4cea956d79d1153ccb60,1,99328ac30b3140fbb891947a9bd449e8,6b96728a0f3d4f7596669118e035f660,2017-11-07 09:12:43,152.52,23.79
6ac43388280845aea5dc3f6e14e857d5,1,ed07b0e500ab4723b2e3cba25304d447,6b96728a0f3d4f7596669118e035f660,2017-11-03 23:12:43,49.66,8.5
e3e8748a83bd404390dc7118fbb61c33,1,1f9599d82ebe4e65a33e000ac6ea3a0e,6b96728a0f3d4f7596669118e035f660,2017-11-06 05:12:43,33.59,8.5
e3e8748a83bd404390dc7118fbb61c33,2,cfc2acdea8024b2590f6caae280d5b4b,6b96728a0f3d4f7596669118e035f660,2017-11-06 05:12:43,136.7,27.92
5fde347bed5f48cd91f72086f9974b51,1,d44ca1890c7e40069f18fd55ee86a8b4,6b96728a0f3d4f7596669118e035f660,2017-12-21 17:12:43,126.69,27.45
9e3d0b0c18ea4f1c80dfb1bc2555e233,1,fc2067442c5e4c0bb0ac6ca6d42e6f44,6b96728a0f3d4f7596669118e035f660,2017-12-03 09:12:43,99.77,13.69
8a423b63e88749abbf9327ad9025c861,1,113327d5313e45e68a32ba963a4ff2cd,6b96728a0f3d4f7596669118e035f660,2017-11-04 14:12:43,60.98,11.92
542d6e35552c4ad886f058ccd2c069a2,1,6e31d6e961d747f28ec599ea5ddcf24e,62e1b37f30cc463aa0d231ceba9ca3d6,2018-03-17 10:26:17,209.82,41.21
c68674033f244f4fa98d09257aec4e5b,1,13f38e67b3b640089df87938c53074f5,62e1b37f30cc463aa0d231ceba9ca3d6,2018-04-22 15:26:17,23.4,8.5
c68674033f244f4fa98d09257aec4e5b,2,f6a52733c953480bbc68d4a00e8ed1da,62e1b37f30cc463aa0d231ceba9ca3d6,2018-04-22 15:26:17,88.65,11.19
f852624338724c0dbe82ac8ee75a1d84,1,bf2574cf393e4f8e9a6834baac328035,62e1b37f30cc463aa0d231ceba9ca3d6,2018-03-22 22:26:17,83.81,15.44
e84a0d7f221443d6b145ce3376a1fb3b,1,b4c530d9a0ac4f42806f601db3383bd1,d60f3d0b072e424c93ef442cb05ae177,2018-04-08 06:22:41,77.13,10.61
1de21e439152409cb0f0fbd4c7407b14,1,738ac275700f4d4b91949a1b4344aaa9,d60f3d0b072e424c93ef442cb05ae177,2018-03-24 13:22:41,84.21,15.56
10253c2ccc57428589653f22e09f327f,1,696353502a1b4650a1bd72f7e9753a8b,d60f3d0b072e424c93ef442cb05ae177,2018-03-28 09:22:41,172.86,19.17
0621eec93c44424bb4371655b800d5db,1,db913f0310b9428da1f36c3d75f9ac67,d60f3d0b072e424c93ef442cb05ae177,2018-03-28 21:22:41,28.93,8.5
5fed305635aa45d3be8b7b8bfaedd2aa,1,07cc96ee293f40658456b7e42c6838e7,d60f3d0b072e424c93ef442cb05ae177,2018-06-10 16:22:41,220.63,24.09
5fed305635aa45d3be8b7b8bfaedd2aa,2,738ac275700f4d4b91949a1b4344aaa9,d60f3d0b072e424c93ef442cb05ae177,2018-06-10 16:22:41,18.86,8.5
2cf8d700ad1b40efa7cebe26c67bac10,1,38950e89b8bd4ffc922f10cc034cc897,d60f3d0b072e424c93ef442cb05ae177,2018-03-24 01:22:41,85.25,11.31
9cb9b48ed88f4e39946cbecf0dfe7698,1,cf2a23e593f547b289fb5264a64d8dcf,d60f3d0b072e424c93ef442cb05ae177,2018-03-31 22:22:41,24.94,8.5
aed51ddee1c94d89b643d9b629250137,1,e71b9fe33bdb4de1956221a923311cba,d60f3d0b072e424c93ef442cb05ae177,2018-03-24 10:22:41,35.3,8.5
aed51ddee1c94d89b643d9b629250137,2,06c82ae9b9384ca3b9590eb82e3e351e,d60f3d0b072e424c93ef442cb05ae177,2018-03-24 10:22:41,15.27,8.5
aed51ddee1c94d89b643d9b629250137,3,9dd492fd3f05453c90f6964d149629b8,d60f3d0b072e424c93ef442cb05ae177,2018-03-24 10:22:41,19.5,8.5
d87106bfb77a4b2895cfb4392d725cdc,1,61e5e7feca5a45b3a8cce027c724bdfb,0685087504b5453f8c1e4c6d955c7c38,2018-03-14 18:39:55,56.66,9.88
b61139487bdc47c1a396edb974640f39,1,43812beab7b64cce97b094cdb2579ec2,0685087504b5453f8c1e4c6d955c7c38,2018-03-18 17:39:55,104.8,14.57
e6eecc1af0a046fb909fffee28bee7bc,1,f829d0bf1c4447918844f2698a5d0b0c,0685087504b5453f8c1e4c6d955c7c38,2018-03-21 12:39:55,184.45,26.29
e6eecc1af0a046fb909fffee28bee7bc,2,f437bd876f5d40379fe3f92787e8c23e,0685087504b5453f8c1e4c6d955c7c38,2018-03-21 12:39:55,135.09,27.19
0db47a90e23f4699bb7e6534faa09c68,1,cd1254f416eb40dda405182ed9ddc941,0685087504b5453f8c1e4c6d955c7c38,2018-03-13 01:39:55,68.6,14.04
c860e16206f3487b98d0dca1e1c211ea,1,5814648e45574af58fa6074c49920349,0685087504b5453f8c1e4c6d955c7c38,2018-03-16 18:39:55,238.69,42.37
8fafa2d4288246a989792e5248d6f2c4,1,535eb6e517404b89a642254ed4e3be96,0685087504b5453f8c1e4c6d955c7c38,2018-03-18 02:39:55,329.04,61.95
833960b4ea4445e6bebd409ddb32b8be,1,07cc96ee293f40658456b7e42c6838e7,0685087504b5453f8c1e4c6d955c7c38,2018-06-27 06:39:55,176.15,20.0
dd8480c0a2e840879aaf036914babcff,1,c0e77397c88b4e998535d316d83486f4,0685087504b5453f8c1e4c6d955c7c38,2018-03-13 03:39:55,78.17,15.54
dd8480c0a2e840879aaf036914babcff,2,9aab70096b5449ef860fb6d51b6134f6,0685087504b5453f8c1e4c6d955c7c38,2018-03-13 03:39:55,144.35,26.7
7575fcb00db74a0ca27553b6011b4ee8,1,6bc33349c5b742a491b88b94e0c7efa9,0685087504b5453f8c1e4c6d955c7c38,2018-05-23 11:39:55,50.17,8.5
f00db1e27d0b46bbb953dfd335ac40d5,1,a01fb9b5f8c849f0837ebe2182325f7d,e9467de9cf4f4d1c8d7cc522d277ddf2,2018-01-18 17:55:57,75.28,16.12
5b800b71ca224d4cb19f370e9becdc4c,1,84b28376b4ba4472a150eb295c7eea16,e9467de9cf4f4d1c8d7cc522d277ddf2,2018-01-25 21:55:57,67.62,11.06
87c978d275ad4acbbcfa3c4ce211b7ba,1,3f130cb3ab2c47c1b539426199050b73,3421b9f906924470846ac5921187d8aa,2018-02-27 14:06:13,39.41,8.5
b90961bf91984a0886a04ba087d18cd1,1,99ebce5de3184589986a16e8e7961102,3421b9f906924470846ac5921187d8aa,2018-02-27 14:06:13,60.49,11.52
b9bff7f7b7cc408b9af496cd4b7819dd,1,705f23c17ef446b3b03c9e9bd22b10ec,3421b9f906924470846ac5921187d8aa,2018-02-16 02:06:13,183.87,25.24
7ba56e56144d41ba8a2d0187f2b6b8ec,1,fa0f9f7aab4a495ca25cc380ae74e14f,9a84bd14dca841f188195d282504f459,2017-09-27 06:08:29,56.05,8.5
7ba56e56144d41ba8a2d0187f2b6b8ec,2,6ba91efe9dff4c09ad995ed7b5258f23,9a84bd14dca841f188195d282504f459,2017-09-27 06:08:29,198.92,25.48
1a373478e5cf44c2a79f1aea759a3051,1,b9209700328c486b84c17de27d6b1caf,9a84bd14dca841f188195d282504f459,2017-10-02 08:08:29,115.7,12.18
5acb2f4fd46f42d3aa2704564d2eab10,1,58aa2de3269b41038b506f05b4878599,9a84bd14dca841f188195d282504f459,2017-11-18 23:08:29,47.53,8.5
5acb2f4fd46f42d3aa2704564d2eab10,2,56c13b87824041b1a18e22a6853a0f04,9a84bd14dca841f188195d282504f459,2017-11-18 23:08:29,21.2,8.5
ced514f01d444978a7f2a7d500f0c483,1,b17341fa527e46ed81de6238a3da4c3f,58e0bbc68f844308827255396dad7666,2018-03-20 01:31:32,24.68,8.5
9d5179a4e4b145a1b7a0cc4813fb8d06,1,3ec05895148e45c6b046d100d4009f81,58e0bbc68f844308827255396dad7666,2018-03-07 02:31:32,18.24,8.5
fef249ed68e147228a752a851e2b4f28,1,8d46d80d53a94081984e1d83be0e87f5,7eff7b20c113422ba2013e6bcb21cb98,2018-01-18 21:08:05,380.55,71.22
fef249ed68e147228a752a851e2b4f28,2,a74b6c251ba04a068ef7335cdb72d094,7eff7b20c113422ba2013e6bcb21cb98,2018-01-18 21:08:05,53.88,8.59
9b8bcdd84fca499d989be37213e59b25,1,26bf8630b46d4222af372ea26c1a9202,504e5ac0909241baac336709c232a8f1,2018-04-21 02:00:51,27.1,8.5
ae2d0e1bb6c3431bb8d4486b8072a2cf,1,0afacd0f2cdc4d81a88114ff9e183231,bb0bf5dda6a44a70906ae3ef80da55eb,2017-11-28 21:44:33,192.12,40.36
df723a374b0f4563a667ad88861cf4e9,1,0f30784df72e4d53aa4949c24ce9f8b9,bb0bf5dda6a44a70906ae3ef80da55eb,2017-11-09 18:44:33,44.97,8.5
763389374c034d2dac50bb19cfada6a7,1,3996b5d268bb4dbd957ed7053e057f2f,bb0bf5dda6a44a70906ae3ef80da55eb,2017-11-14 07:44:33,76.8,11.64
8aced0b2591f478ab1c2761f95285700,1,5fcb4bf2925d468ca98c2b8d370025fc,bb0bf5dda6a44a70906ae3ef80da55eb,2017-11-26 13:44:33,6.74,8.5
8aced0b2591f478ab1c2761f95285700,2,e45f4834a5354c71a28a2d4998add40b,bb0bf5dda6a44a70906ae3ef80da55eb,2017-11-26 13:44:33,103.49,20.72
8aced0b2591f478ab1c2761f95285700,3,9114028ab504439189ac0d89fc7f4b4f,bb0bf5dda6a44a70906ae3ef80da55eb,2017-11-26 13:44:33,53.89,8.5
2da1f7a6f6b04009b510064f2e6d27b4,1,013d783eb6e24b3aa8f66bbdcb9354d1,bb0bf5dda6a44a70906ae3ef80da55eb,2017-11-20 00:44:33,60.52,8.5
2da1f7a6f6b04009b510064f2e6d27b4,2,9dd492fd3f05453c90f6964d149629b8,bb0bf5dda6a44a70906ae3ef80da55eb,2017-11-20 00:44:33,39.26,8.5
a14618fc9b334866a1c708d2ca4cabd3,1,750f4a1dc60b4d3a9cc5c9f8df4d751f,83852366b5734e0fae94495962cbecfa,2017-12-10 18:17:11,133.58,15.85
af8d857f04924e3e93d966e5d4b2f97b,1,fc0238c296234b3390fb70edcae4db67,83852366b5734e0fae94495962cbecfa,2017-12-26 01:17:11,21.28,8.5
edd17ea1d37c49b5b19113bc296bbb7c,1,637518c4a8b0450db5949f81b0badb5d,83852366b5734e0fae94495962cbecfa,2017-12-19 09:17:11,29.97,8.5
7f7b711dda7d428799b2b61bdb853181,1,56c13b87824041b1a18e22a6853a0f04,83852366b5734e0fae94495962cbecfa,2017-12-12 01:17:11,20.54,8.5
20d96c09a0d447b7801627929e95cf4b,1,57f99facbfba4b16b7bf2ab7a5e3815a,83852366b5734e0fae94495962cbecfa,2017-12-19 19:17:11,63.51,8.5
ed8c997ae68749c9914608a1d94d5457,1,84b28376b4ba4472a150eb295c7eea16,83852366b5734e0fae94495962cbecfa,2017-12-04 06:17:11,89.55,12.82
126fb81a5d6048c7972f6c2dc70806d3,1,70c8e3feac1f42c381bb07ff4fede19b,83852366b5734e0fae94495962cbecfa,2017-12-18 00:17:11,178.41,25.61
b44f0703a17044cf888d8ecc08391f8c,1,a2e390036377413eb7ece7c0913928f3,83852366b5734e0fae94495962cbecfa,2017-12-03 23:17:11,64.78,8.5
ca8c59ed4dfe458d90c5ec5246f9b041,1,6ba91efe9dff4c09ad995ed7b5258f23,83852366b5734e0fae94495962cbecfa,2018-01-12 18:17:11,21.85,8.5
7474453b10fe45deae38e8b35a33b0fe,1,a41e0749e5714667a8451c86c771eb72,5ff4d68866634549848463fc86a25fae,2018-05-18 06:32:48,81.27,13.84
5ea6f69e7f8749d58a865f25969a4b40,1,913a44b208b84a8cba5b9756b6781cb7,26d93bcadf8d4ec0873ab4c6aa22ed50,2017-11-02 16:23:34,96.22,17.87
a8d88206e0684f56a8e489fa0d3cdb23,1,953c34dff9884496a6ced1eb2aec8a4d,26d93bcadf8d4ec0873ab4c6aa22ed50,2017-11-10 03:23:34,94.52,11.56
1a63405cac9d4d1eaa71d9252e20378f,1,27df63dbf6f8439289cbf40e034cb4b4,26d93bcadf8d4ec0873ab4c6aa22ed50,2017-10-29 16:23:34,91.17,15.9
48749c762d384283a8541dbd19063023,1,91cc4de8e5234af598538dfa0265fdde,26d93bcadf8d4ec0873ab4c6aa22ed50,2017-10-28 18:23:34,158.11,18.57
177d7d30b8024a40a54db731c0001073,1,19f20f1b54014467b47fbfd5797649e8,26d93bcadf8d4ec0873ab4c6aa22ed50,2017-11-24 00:23:34,41.23,8.5
260bc1a6062943d9b4961b4cc2b68937,1,d03ce3ba416841918fee35eeb1719a74,26d93bcadf8d4ec0873ab4c6aa22ed50,2017-11-12 19:23:34,38.09,8.5
260bc1a6062943d9b4961b4cc2b68937,2,57f99facbfba4b16b7bf2ab7a5e3815a,26d93bcadf8d4ec0873ab4c6aa22ed50,2017-11-12 19:23:34,81.56,13.63
260bc1a6062943d9b4961b4cc2b68937,3,7d5e4f3573b04ed894398fb67afdbc05,26d93bcadf8d4ec0873ab4c6aa22ed50,2017-11-12 19:23:34,113.88,10.03
1d692ac6fa7a469b805e229721f44614,1,26e5eab1121d46f98c4a56560f17674a,26d93bcadf8d4ec0873ab4c6aa22ed50,2017-11-05 16:23:34,99.58,13.0
f48b89af5ef64ee3a9964a7bb47c1f4f,1,fa519b1ab43b49a5bfae358b341a44f0,26d93bcadf8d4ec0873ab4c6aa22ed50,2017-10-28 02:23:34,106.17,11.69
6bcb1d8b5af8412cb01b8ee4b7bd9bb5,1,66746c1c3d9d475e96cdfe48b82d6818,26d93bcadf8d4ec0873ab4c6aa22ed50,2018-02-11 17:23:34,246.55,46.03
6bcb1d8b5af8412cb01b8ee4b7bd9bb5,2,71654a466464453e8f801a7f0ef971ae,26d93bcadf8d4ec0873ab4c6aa22ed50,2018-02-11 17:23:34,58.94,8.5
01ec30e90a91468da31fa5b6ba85b6d7,1,4fc4ec06879f4e279bad578e3942c0cf,26d93bcadf8d4ec0873ab4c6aa22ed50,2017-11-08 15:23:34,30.26,8.5
01ec30e90a91468da31fa5b6ba85b6d7,2,749224c75d024b3b852c0a924eb129cb,26d93bcadf8d4ec0873ab4c6aa22ed50,2017-11-08 15:23:34,215.25,22.92
e98ca3c072fe460d90839edf5fda20ab,1,26bf8630b46d4222af372ea26c1a9202,37b13c1ca3a248649e1663fd6be63b89,2017-12-17 22:41:18,97.61,17.23
657beef9566042a2ac31b6dfbac443df,1,6c7af5e24af6424c960282f49ac9b498,37b13c1ca3a248649e1663fd6be63b89,2017-12-24 21:41:18,77.99,15.49
ed847bfd12f24d358900a73ca0fd79aa,1,b319a48045484e1d89b008aa30c5d13f,37b13c1ca3a248649e1663fd6be63b89,2017-12-27 08:41:18,20.54,8.5
0ef4101c423445a18027de33675311f7,1,5476066d71d04a85939ffdc9ea206e59,37b13c1ca3a248649e1663fd6be63b89,2017-12-24 12:41:18,37.19,8.5
7f7e52e75144466ba0d3fb8f6f7af909,1,247a877f459840c682eaa718a49e97bd,37b13c1ca3a248649e1663fd6be63b89,2017-12-25 10:41:18,40.21,8.5
7044b207cca94c43ba9401747a2b9bb6,1,aa5df92d78934c4c89f1f8898816e236,37b13c1ca3a248649e1663fd6be63b89,2018-01-22 05:41:18,156.67,13.83
7044b207cca94c43ba9401747a2b9bb6,2,84b28376b4ba4472a150eb295c7eea16,37b13c1ca3a248649e1663fd6be63b89,2018-01-22 05:41:18,98.47,11.97
fd7bb94d61a14ea88021667ccafb9d0a,1,013d783eb6e24b3aa8f66bbdcb9354d1,37b13c1ca3a248649e1663fd6be63b89,2017-12-18 17:41:18,265.99,25.0
a11c6748c9f9452895fb0f4889d08929,1,c15c2bb086434ad7a9eaa40b2ed5d986,37b13c1ca3a248649e1663fd6be63b89,2018-01-01 22:41:18,91.63,11.22
08d2901e3f4848678409e577c5242cb9,1,2951c695e4004ad995f57dd1ea27215c,37b13c1ca3a248649e1663fd6be63b89,2018-02-03 13:41:18,39.27,8.5
9d76623f59fe4e49ac1a2ef0ce975926,1,fc2067442c5e4c0bb0ac6ca6d42e6f44,37b13c1ca3a248649e1663fd6be63b89,2018-04-10 12:41:18,114.67,18.14
c9b762eb73df473cbc76491a87100242,1,8d12cffb9e8b405c9653942e394e753e,37b13c1ca3a248649e1663fd6be63b89,2017-12-12 22:41:18,36.06,8.5
c9b762eb73df473cbc76491a87100242,2,78de62cdabe848cb964badce446a16fc,37b13c1ca3a248649e1663fd6be63b89,2017-12-12 22:41:18,88.23,18.24
7c1544ab69dc482f956bb23a480d17e9,1,84b28376b4ba4472a150eb295c7eea16,37b13c1ca3a248649e1663fd6be63b89,2017-12-16 13:41:18,54.4,9.56
0b56ea131c96439e996c544d2e3a8a9f,1,770cf6eab8b64fdb94ec53d69bd7c02e,37b13c1ca3a248649e1663fd6be63b89,2017-12-19 03:41:18,173.41,23.16
8ceed3645fdf4dd9b8d8ba4e5e802830,1,3a422dbdaebc426d974617f87830a28f,d480eb2939774bd39254e1b899a8b63a,2018-07-09 20:02:40,284.11,52.71
394013d0782046b7a25627554c6b1eca,1,dda1e9d24d764532814ddd7c0c1dc682,aff2fdeac8b645fc9cc95d89be268912,2018-07-18 17:12:06,124.54,17.02
ac8c9882387a44a1a55be21d4f0652d6,1,6eb4e94770034034af0e2ab526721538,aff2fdeac8b645fc9cc95d89be268912,2018-06-25 01:12:06,77.58,8.5
a700fc233bc3475187fffcf8170d9ab8,1,fc2067442c5e4c0bb0ac6ca6d42e6f44,aff2fdeac8b645fc9cc95d89be268912,2018-06-30 23:12:06,50.06,8.5
ba78682015a54c5c9bb3339112f533df,1,58aa2de3269b41038b506f05b4878599,aff2fdeac8b645fc9cc95d89be268912,2018-06-25 16:12:06,28.82,8.5
898ea2e0826a414d87e167ca41650919,1,bbcbc06913f1417f96ef1a242969be9a,aff2fdeac8b645fc9cc95d89be268912,2018-06-17 12:12:06,259.49,25.81
5583b03791834108be0a802e14367e74,1,0fe83b96d62b415cb33e8bcdc052f6c3,4a9a1b4644b54917a3daf801a43f9c73,2017-11-29 08:59:52,100.83,16.92
d5a29b459ec5468a9e951dc6f4297494,1,9e6b7e3c8516498b986a23f98abd5daa,4a9a1b4644b54917a3daf801a43f9c73,2017-10-28 23:59:52,81.86,17.55
8e38cb4326cd46e8b24070ccffe0cf42,1,88475bb80f7e4b4ba09b1c3750248e94,4a9a1b4644b54917a3daf801a43f9c73,2017-12-11 01:59:52,121.57,22.24
8bc954985f44413da1643338a096c2a1,1,60a96eba840c45939580869adb55cfbd,4a9a1b4644b54917a3daf801a43f9c73,2017-11-13 23:59:52,146.23,24.19
627ba442d24146de8c731fd40d18996d,1,bdda117a6a0c4096b503c65d5e952f62,4a9a1b4644b54917a3daf801a43f9c73,2017-11-05 02:59:52,144.07,12.43
627ba442d24146de8c731fd40d18996d,2,0eeaaf0ec94a4541ad472945a44b349e,4a9a1b4644b54917a3daf801a43f9c73,2017-11-05 02:59:52,159.98,35.1
61e2fb563d214d999aab0928fd9d6c4e,1,885e236468954acf93aa9f8ef7207c78,4a9a1b4644b54917a3daf801a43f9c73,2017-11-15 21:59:52,302.03,40.23
5b11969229de4775b37ea37d90024d64,1,6ba91efe9dff4c09ad995ed7b5258f23,4a9a1b4644b54917a3daf801a43f9c73,2017-10-23 10:59:52,107.99,8.83
5b11969229de4775b37ea37d90024d64,2,fc2067442c5e4c0bb0ac6ca6d42e6f44,4a9a1b4644b54917a3daf801a43f9c73,2017-10-23 10:59:52,61.9,8.5
d137151a4215484b94e18dd83856e0b8,1,c05a6bea63c144028fd21cc6e3f72d89,4a9a1b4644b54917a3daf801a43f9c73,2017-10-25 08:59:52,133.6,29.01
ce6b30816bad4d1fb0eee13f387d2471,1,716847bd0fd54313aeeb1673a80d2d9a,8500ee207cd443559bc5c6853e80d904,2018-04-04 07:57:49,130.45,11.96
e66c3edd083041ae97d13bdc6beb4e6b,1,229761920631421a91d4a2ba381917f6,a83552af785a4d9eb11230c71152ee2e,2018-04-23 22:06:33,21.68,8.5
bd405084ec0241dabe4efe334f64c640,1,55a82669ce7848ebbe6405852cd51253,3d9ffa402dea4ad79ed8985bd7d445ba,2017-11-14 17:46:01,130.53,19.85
bd405084ec0241dabe4efe334f64c640,2,a74f78331b5c46949db2fb4d8de3dac4,3d9ffa402dea4ad79ed8985bd7d445ba,2017-11-14 17:46:01,50.29,8.5
a6cd70aff43f4a3ab76acf29beb541d2,1,b28e99d9f585404796c241d4ea67d6c1,3d9ffa402dea4ad79ed8985bd7d445ba,2017-09-28 19:46:01,362.01,78.46
a6cd70aff43f4a3ab76acf29beb541d2,2,d4a3eb3c66a24845887d4512b70e2b9f,3d9ffa402dea4ad79ed8985bd7d445ba,2017-09-28 19:46:01,54.1,10.61
c98c21096901442dbd8f6e51687b870a,1,2384d9dddd8540b89d07e8405d7a07db,3d9ffa402dea4ad79ed8985bd7d445ba,2017-10-30 13:46:01,178.61,30.47
6091a9c881a2468ba3ad3761c0d97e39,1,9ed1e9afad3a4e93890eb654e82f672e,3d9ffa402dea4ad79ed8985bd7d445ba,2017-09-24 01:46:01,275.84,50.14
491cd99394574acc9f5967ba18de8676,1,a41e0749e5714667a8451c86c771eb72,3d9ffa402dea4ad79ed8985bd7d445ba,2017-09-26 00:46:01,112.58,22.1
491cd99394574acc9f5967ba18de8676,2,04bfdebca74e4f89808b43985b8f4c09,3d9ffa402dea4ad79ed8985bd7d445ba,2017-09-26 00:46:01,13.07,8.5
237eb5cf447740e7a46ec78938e91dd7,1,f7a344b17f294348903e5fdf4d0860df,3d9ffa402dea4ad79ed8985bd7d445ba,2017-12-26 09:46:01,65.25,9.87
237eb5cf447740e7a46ec78938e91dd7,2,dd76308e3fd24f1a96e7f100a39def8d,3d9ffa402dea4ad79ed8985bd7d445ba,2017-12-26 09:46:01,91.94,11.59
8e871d88ae434e0e8d45651a9af6f7cd,1,668145e657a9418cb9993cc13aeb9e8e,3d9ffa402dea4ad79ed8985bd7d445ba,2017-09-30 23:46:01,41.3,8.5
3e59c32425684937ba2dc6f3948041e8,1,0827c8523bc0409abb90a3a44a6c39ef,3d9ffa402dea4ad79ed8985bd7d445ba,2017-10-01 01:46:01,147.25,26.44
c6a992a723704ee6a8592f9131c4bc8b,1,70d1d567263a4ffca71c57a40b569ac0,3d9ffa402dea4ad79ed8985bd7d445ba,2017-09-25 15:46:01,26.37,8.5
324084b2959a42e78253bd985be2e612,1,a1b7386ab8874fdfa5801040fa4d6fb1,3d9ffa402dea4ad79ed8985bd7d445ba,2017-10-03 14:46:01,47.49,8.5
324084b2959a42e78253bd985be2e612,2,b83171b482b6445bba44533309768e90,3d9ffa402dea4ad79ed8985bd7d445ba,2017-10-03 14:46:01,82.73,16.84
18f1219735094d54bcc8f34ec00caeaa,1,4fc4ec06879f4e279bad578e3942c0cf,3d9ffa402dea4ad79ed8985bd7d445ba,2017-09-22 22:46:01,84.99,13.51
15ba5db19eed47249594901a328dc304,1,31c4802eca6a489ba35e4a48b53c6b84,7e75b1dac77040a9aed00d649c5dc0c3,2018-03-09 05:34:34,57.95,9.15
1d280aaada934d9998e6d0a6e2f15654,1,c3e270e47ec74ded97785e00f4fcd9f2,7e75b1dac77040a9aed00d649c5dc0c3,2018-04-04 17:34:34,73.73,13.01
31214e176c094ed89027ffcf43dc081e,1,e648e0824baf40ec9f193e307b16c81f,7e75b1dac77040a9aed00d649c5dc0c3,2018-03-14 19:34:34,113.75,19.65
31214e176c094ed89027ffcf43dc081e,2,ed07b0e500ab4723b2e3cba25304d447,7e75b1dac77040a9aed00d649c5dc0c3,2018-03-14 19:34:34,33.61,8.5
31214e176c094ed89027ffcf43dc081e,3,f829d0bf1c4447918844f2698a5d0b0c,7e75b1dac77040a9aed00d649c5dc0c3,2018-03-14 19:34:34,19.28,8.5
1a7ca5ddc9bf4ae196bf643f4764580c,1,a4f4f5cb7b674dccab197bccbe55ee3e,7e75b1dac77040a9aed00d649c5dc0c3,2018-04-04 18:34:34,215.97,23.88
f49c869a9f6344d8a6f24beab669acbd,1,c4646a0286da4f6e8d424a8a0440f073,7e75b1dac77040a9aed00d649c5dc0c3,2018-03-12 12:34:34,74.6,11.29
ffb7000dc3354036949879b9749c32c0,1,e71b9fe33bdb4de1956221a923311cba,7e75b1dac77040a9aed00d649c5dc0c3,2018-05-05 14:34:34,226.53,48.0
b9da33987a9d4456ac34f333a9a4bab9,1,b4905ddb15ea403c93551b2318b1b59e,7e75b1dac77040a9aed00d649c5dc0c3,2018-03-04 16:34:34,23.65,8.5
e6df5fcab43f433aa7448a94f64e9888,1,55a82669ce7848ebbe6405852cd51253,29c2417a0f554a5a9b3087e601198ac6,2017-08-13 07:59:49,34.6,8.5
6919b3de681c441bae34cdc332fa37db,1,de62d1f284754351aeadac61b5e6a412,29c2417a0f554a5a9b3087e601198ac6,2017-08-12 07:59:49,29.9,8.5
cfe42ea9b0af4661b91896475669dc93,1,beb6a77ba3e74d40ba332dfeae24db5c,29c2417a0f554a5a9b3087e601198ac6,2017-07-21 06:59:49,105.67,22.32
046f39b31e0e40c8a64ffddaa0abc40b,1,f62befaca12149e284e2c60d13145f30,29c2417a0f554a5a9b3087e601198ac6,2017-07-25 10:59:49,116.82,24.45
73891265c0d849558a9354699d905f23,1,535eb6e517404b89a642254ed4e3be96,29c2417a0f554a5a9b3087e601198ac6,2017-10-08 07:59:49,77.01,9.14
2aac893e770b4f8ca702222a126a4c00,1,9e04754c2cb146078e898370a52a31db,29c2417a0f554a5a9b3087e601198ac6,2017-07-23 08:59:49,68.03,14.8
2aac893e770b4f8ca702222a126a4c00,2,3e425b5e24f34266af766f5117f8cf65,29c2417a0f554a5a9b3087e601198ac6,2017-07-23 08:59:49,173.52,24.29
0b478f8d5c61426cb06d3690a34a2beb,1,cd8bbcae3e8f4197affe5248f219d4d1,29c2417a0f554a5a9b3087e601198ac6,2017-08-01 02:59:49,103.95,15.49
5dd3b5e4460b4612b72565359e04c09a,1,8d12cffb9e8b405c9653942e394e753e,29c2417a0f554a5a9b3087e601198ac6,2017-08-29 09:59:49,12.36,8.5
b277c439c2a9469ea53b2d9a01445a02,1,dff9b448e44d43c3be6feedcba9fa453,29c2417a0f554a5a9b3087e601198ac6,2017-07-21 01:59:49,106.21,13.12
b277c439c2a9469ea53b2d9a01445a02,2,319a8a9a5da24575b64c77d1564407c5,29c2417a0f554a5a9b3087e601198ac6,2017-07-21 01:59:49,29.35,8.5
d96377b3fde54d038e34e12028d1d8ad,1,a46fead64df34795be6d16b5deef27d2,29c2417a0f554a5a9b3087e601198ac6,2017-07-23 15:59:49,211.02,38.23
d96377b3fde54d038e34e12028d1d8ad,2,458352e852b64d8c8e9c4ec362c74bfc,29c2417a0f554a5a9b3087e601198ac6,2017-07-23 15:59:49,36.67,8.5
e1bf8a346ec7461db42d2b0023c45814,1,90544dc6746941f58f07d486698a4975,29c2417a0f554a5a9b3087e601198ac6,2017-08-16 10:59:49,35.59,8.5
145cd2bb41a24c2ba587d8d28be2f2ad,1,c04a694415134dd5b7a9929fa078397e,a102541cae4c4a508183b29d0923a1be,2017-09-24 12:30:36,110.96,17.82
145cd2bb41a24c2ba587d8d28be2f2ad,2,e45f4834a5354c71a28a2d4998add40b,a102541cae4c4a508183b29d0923a1be,2017-09-24 12:30:36,36.36,8.5
30671027a1a4448396ff01b56d30e2a5,1,f437bd876f5d40379fe3f92787e8c23e,a102541cae4c4a508183b29d0923a1be,2017-10-06 14:30:36,181.15,33.75
861b04d05861409d8cd7ea80d8431a7c,1,70a2941f0a8c48bdb8ccc5c7612ec7fa,a102541cae4c4a508183b29d0923a1be,2017-09-16 15:30:36,129.11,17.74
870a0d1fb2d348f59146cae2db8e6f17,1,dff9b448e44d43c3be6feedcba9fa453,a102541cae4c4a508183b29d0923a1be,2017-09-06 00:30:36,38.93,8.5
2f50ede0aab14ac59f5d592a63935f15,1,49609ce23cd54df1a907d7d6ea87b9cf,39f93b43809d41039039f24a14dbda3f,2018-06-13 11:44:27,11.78,8.5
b24a548b127f4dffb6c9f3b902e6b197,1,2951c695e4004ad995f57dd1ea27215c,39f93b43809d41039039f24a14dbda3f,2018-06-17 18:44:27,14.18,8.5
b24a548b127f4dffb6c9f3b902e6b197,2,716847bd0fd54313aeeb1673a80d2d9a,39f93b43809d41039039f24a14dbda3f,2018-06-17 18:44:27,105.92,11.72
0703f8e7553a4832b2bd0208e7402585,1,1f1b9029351d411ba63ab9314c1c7494,39f93b43809d41039039f24a14dbda3f,2018-06-06 20:44:27,114.8,16.99
5d29590508934c3fb6db29132bba1271,1,2061966b66424545a7644928b0686526,99773dac32124d45a2d42259d3653958,2018-04-10 13:09:08,115.54,9.5
bd4a04d9efab4c3d82f1f8544f6d9eeb,1,929b2eaf900e41a5a8383573ac38534e,d614802f4a2a4b0fad3b59e1c7a2cd7e,2018-05-12 00:06:32,28.01,8.5
bd4a04d9efab4c3d82f1f8544f6d9eeb,2,85d0f4a744904c8a872e1eb354feab1f,d614802f4a2a4b0fad3b59e1c7a2cd7e,2018-05-12 00:06:32,35.07,8.5
deef47a890a14385bf964db176fc4e5f,1,b4c530d9a0ac4f42806f601db3383bd1,d614802f4a2a4b0fad3b59e1c7a2cd7e,2018-05-16 10:06:32,118.65,15.02
deef47a890a14385bf964db176fc4e5f,2,e3e66dd509b94f68b92dad2356588683,d614802f4a2a4b0fad3b59e1c7a2cd7e,2018-05-16 10:06:32,11.14,8.5
6b04470ccf864842b7150f6132eff93a,1,9e97620fff8d42d5ab62dac205c782a6,d614802f4a2a4b0fad3b59e1c7a2cd7e,2018-06-12 01:06:32,30.44,8.5
f3eb324098a240858a358993c82765dc,1,f1e3d75dfe9947de82f18ae10aa3791d,d614802f4a2a4b0fad3b59e1c7a2cd7e,2018-05-11 19:06:32,29.61,8.5
5ea680db16c14300bebcddd7d8b2450c,1,1f9599d82ebe4e65a33e000ac6ea3a0e,d614802f4a2a4b0fad3b59e1c7a2cd7e,2018-05-23 07:06:32,56.45,8.5
5ea680db16c14300bebcddd7d8b2450c,2,f829d0bf1c4447918844f2698a5d0b0c,d614802f4a2a4b0fad3b59e1c7a2cd7e,2018-05-23 07:06:32,45.61,9.08
5ea680db16c14300bebcddd7d8b2450c,3,07cc96ee293f40658456b7e42c6838e7,d614802f4a2a4b0fad3b59e1c7a2cd7e,2018-05-23 07:06:32,93.49,18.45
10ffe0851d0c40b0aa22694a42909e97,1,42487d80f04e4168b1d3d9386f47fac7,5683604e9b624c46b0f17713273bf952,2017-10-14 12:25:40,119.91,17.94
10ffe0851d0c40b0aa22694a42909e97,2,c08e1d5ffa8a4bf3a16c0d1371c80440,5683604e9b624c46b0f17713273bf952,2017-10-14 12:25:40,204.09,41.32
a84937381b014611be23e5dfa2f5eadb,1,2384d9dddd8540b89d07e8405d7a07db,5683604e9b624c46b0f17713273bf952,2017-12-01 21:25:40,57.21,8.5
178bafb323a44194bf6d082f3ea25535,1,ad0bc024ee50446e8b8fc9909678e7d0,5683604e9b624c46b0f17713273bf952,2017-08-23 07:25:40,70.49,8.5
ac7ca8d5941f491b9697109e71954d3c,1,21d39e0c1bcd42b0aa6d0a5a37ec7e45,8dcbc6c95b8c46f799bd9ec9518ea03e,2017-09-23 00:11:59,111.21,21.85
0407d7465062410a9f93cc2869257933,1,7c88cbb90cac43acbe50ca2290985c7b,8dcbc6c95b8c46f799bd9ec9518ea03e,2017-09-22 10:11:59,126.3,20.17
0407d7465062410a9f93cc2869257933,2,01a2e162e71d4baebcb561917f105188,8dcbc6c95b8c46f799bd9ec9518ea03e,2017-09-22 10:11:59,67.31,11.11
09c0a10d80c2454ab4eedbf4c45a609b,1,4e15671b8a0f4a9eba6cd5b8e3e7a969,8dcbc6c95b8c46f799bd9ec9518ea03e,2017-09-12 14:11:59,160.64,16.3
ae80b1c5e5ef4829a3ed81cd84da9187,1,b09ced06368543639efee02905ea3f6d,7e4475c79ba3429e8833e61fff11d43f,2018-05-13 08:30:28,114.24,21.63
cb2cc4e4c382403486777ef988724021,1,7d5e4f3573b04ed894398fb67afdbc05,7e4475c79ba3429e8833e61fff11d43f,2018-04-22 05:30:28,166.37,25.92
b2ca148337b8495baf0bddb9ae628e32,1,de62d1f284754351aeadac61b5e6a412,7e4475c79ba3429e8833e61fff11d43f,2018-04-16 15:30:28,108.08,12.76
0210d342192b4fa5897afc3a8ef8f021,1,af64ff2205c4402fa819de9842d6ddd7,7e4475c79ba3429e8833e61fff11d43f,2018-04-09 12:30:28,120.8,24.85
1df0d5ae60924f4fa7f2198a7a2e6963,1,42f99711a8f346f6a3415542e8c6b1e0,7e4475c79ba3429e8833e61fff11d43f,2018-04-16 23:30:28,82.01,13.6
a9b260b00ae44d889e1e128276da9f3c,1,3390031116204573ae379aa053b2a2e9,98ea8d6dde244c56a3edbcc5592d54c6,2018-07-16 01:34:48,48.76,8.5
df78a1cd50a444d1a73fa50075250fb1,1,9ed1e9afad3a4e93890eb654e82f672e,98ea8d6dde244c56a3edbcc5592d54c6,2018-07-15 19:34:48,125.92,20.01
2f1edae2c4c14a83a93200971cc28185,1,78de62cdabe848cb964badce446a16fc,98ea8d6dde244c56a3edbcc5592d54c6,2018-09-16 16:34:48,49.99,10.28
73fcd56412864b42a3e8fa90656cb512,1,37611c71a7b447ccabdd4475542a133b,98ea8d6dde244c56a3edbcc5592d54c6,2018-07-21 04:34:48,124.39,13.62
19dfd6c675cb4d309809b8ecaa1b95f2,1,cd883bfbcac54639bb545492da061a2d,98ea8d6dde244c56a3edbcc5592d54c6,2018-07-25 06:34:48,173.54,16.55
19dfd6c675cb4d309809b8ecaa1b95f2,2,40f004bb3d604a5c9358a041ecf52c56,98ea8d6dde244c56a3edbcc5592d54c6,2018-07-25 06:34:48,76.12,9.64
0336055dc6c94e4bae1306efe2dce5d3,1,4f7c7d8403374c27a46bb88bac5c85c8,98ea8d6dde244c56a3edbcc5592d54c6,2018-08-03 06:34:48,198.28,23.85
e73b1e65a2ac4603a443eb971356ff15,1,6ba91efe9dff4c09ad995ed7b5258f23,98ea8d6dde244c56a3edbcc5592d54c6,2018-07-30 23:34:48,63.73,11.29
3da7f43e615f48ce8851c75cc7f55f9f,1,c4fdbdb0c93140f68b2212647a35993b,98ea8d6dde244c56a3edbcc5592d54c6,2018-07-16 20:34:48,24.3,8.5
3da7f43e615f48ce8851c75cc7f55f9f,2,6ac464a17d004e169877753600cab6cf,98ea8d6dde244c56a3edbcc5592d54c6,2018-07-16 20:34:48,68.37,9.31
63a603473cf344e19f5c1561e5018e3c,1,535eb6e517404b89a642254ed4e3be96,98ea8d6dde244c56a3edbcc5592d54c6,2018-07-19 23:34:48,58.47,10.66
63a603473cf344e19f5c1561e5018e3c,2,a64eb1d52054427f9e16a2a8f3b32f68,98ea8d6dde244c56a3edbcc5592d54c6,2018-07-19 23:34:48,67.59,8.5
63a603473cf344e19f5c1561e5018e3c,3,2b723a1da0224c1293233a46781c95fe,98ea8d6dde244c56a3edbcc5592d54c6,2018-07-19 23:34:48,16.85,8.5
7d3390490dcb45d0ba93f5fb9f4118c1,1,5814648e45574af58fa6074c49920349,98ea8d6dde244c56a3edbcc5592d54c6,2018-07-17 06:34:48,25.99,8.5
7d3390490dcb45d0ba93f5fb9f4118c1,2,4029dd9bf6664ff688fa31bb83020f5b,98ea8d6dde244c56a3edbcc5592d54c6,2018-07-17 06:34:48,17.83,8.5
c96b11e541b04830beebb154ab5ddfee,1,2e9bf80b6cc141de84e7918f02efc2fb,98ea8d6dde244c56a3edbcc5592d54c6,2018-08-09 03:34:48,105.37,19.87
6c3ec30e427145a4b2a69c7b67f362f7,1,a120b23dc4f24d30bb85feaec855e929,98ea8d6dde244c56a3edbcc5592d54c6,2018-08-03 07:34:48,88.78,18.64
6b4d58f252d44b6388c6213aa19d73a6,1,0afacd0f2cdc4d81a88114ff9e183231,98ea8d6dde244c56a3edbcc5592d54c6,2018-07-19 05:34:48,47.71,9.81
5fa72a7c38414180ab1dc839c26c0863,1,22cc83a22731444c8b7ef15b2fa994c1,98ea8d6dde244c56a3edbcc5592d54c6,2018-07-18 19:34:48,75.49,8.5
5f03175d6d934b4dae871bdeec172b28,1,6bc33349c5b742a491b88b94e0c7efa9,98ea8d6dde244c56a3edbcc5592d54c6,2018-08-03 06:34:48,69.01,8.5
e57a5b2ae30d456897747186172f5418,1,1e192f6fc4d94cf7b4d44dca05a19600,98ea8d6dde244c56a3edbcc5592d54c6,2018-08-15 10:34:48,21.03,8.5
53bb21cc8b9e41dba9f43928bb1a31a9,1,a236c251881a4629b0a236ead07b77ab,98ea8d6dde244c56a3edbcc5592d54c6,2018-08-20 10:34:48,29.66,8.5
46aeda7f4d314bb99e50af5bde019806,1,71654a466464453e8f801a7f0ef971ae,98ea8d6dde244c56a3edbcc5592d54c6,2018-07-20 09:34:48,102.39,13.07
9312fa7a32a040248ce2e3a596968905,1,a0faa660b1364a3cbc58ce89aef0f384,98ea8d6dde244c56a3edbcc5592d54c6,2018-07-16 08:34:48,156.72,28.2
a74fbc80a8144fffbbec3cc43c2058f9,1,aa5df92d78934c4c89f1f8898816e236,98ea8d6dde244c56a3edbcc5592d54c6,2018-08-16 17:34:48,118.44,19.56
a74fbc80a8144fffbbec3cc43c2058f9,2,5fba940f265743d3a225c79fe8f02ddb,98ea8d6dde244c56a3edbcc5592d54c6,2018-08-16 17:34:48,44.24,8.5
a74fbc80a8144fffbbec3cc43c2058f9,3,99328ac30b3140fbb891947a9bd449e8,98ea8d6dde244c56a3edbcc5592d54c6,2018-08-16 17:34:48,117.6,16.98
413b88fe547d4421af1dcce428324a37,1,616a0de2321c48d7b22b83c6df5f2dd6,98ea8d6dde244c56a3edbcc5592d54c6,2018-09-10 17:34:48,24.35,8.5
413b88fe547d4421af1dcce428324a37,2,ff976c8d8c294c0fbc46489d8d29abbd,98ea8d6dde244c56a3edbcc5592d54c6,2018-09-10 17:34:48,52.08,8.5
413b88fe547d4421af1dcce428324a37,3,66b96ecbba12492c8d5751e09f07fdd3,98ea8d6dde244c56a3edbcc5592d54c6,2018-09-10 17:34:48,422.34,49.73
2cfc78ff76f843fc95f80da5a439a601,1,66a937423c234e9cac34324e56988b99,98ea8d6dde244c56a3edbcc5592d54c6,2018-07-25 07:34:48,86.68,9.1
2cfc78ff76f843fc95f80da5a439a601,2,0bb08354427a45ec94274964a7d98b96,98ea8d6dde244c56a3edbcc5592d54c6,2018-07-25 07:34:48,19.21,8.5
2cfc78ff76f843fc95f80da5a439a601,3,e71b9fe33bdb4de1956221a923311cba,98ea8d6dde244c56a3edbcc5592d54c6,2018-07-25 07:34:48,73.63,8.5
7b4d96db0fb2443daeb181f1500a0ade,1,4d5f747d841145c583309c90cc159d97,98ea8d6dde244c56a3edbcc5592d54c6,2018-08-14 19:34:48,29.69,8.5
2dfc2975bec54e528a9f083f2b68e127,1,fd4a13ad0dde4974941b9e08bc8e5253,98ea8d6dde244c56a3edbcc5592d54c6,2018-07-22 06:34:48,258.73,56.86
5bf4c926a9a845d08e560b440998898f,1,705f23c17ef446b3b03c9e9bd22b10ec,98ea8d6dde244c56a3edbcc5592d54c6,2018-07-19 07:34:48,141.32,18.35
4f6a9dd3936542a99df87f9cb24f7348,1,30c48493f9544740b55fd8b6080b2b4c,98ea8d6dde244c56a3edbcc5592d54c6,2018-07-23 17:34:48,69.62,8.5
becee4f813bc4a5890cc9e969d87b0c6,1,9861f4e896514572ab99af82fbcc8f1b,98ea8d6dde244c56a3edbcc5592d54c6,2018-07-24 00:34:48,152.17,19.53
ad518100ea4a4d1cb2d2fb909f115b25,1,aa5df92d78934c4c89f1f8898816e236,98ea8d6dde244c56a3edbcc5592d54c6,2018-08-23 22:34:48,45.82,8.5
26823793fc714e24bb76fa75fa080932,1,5125a8846a194728b1ef141ff25f51d9,98ea8d6dde244c56a3edbcc5592d54c6,2018-07-20 01:34:48,147.61,31.97
d983f8acf1b54d4ba27a180d67e2557a,1,59f4d8b4a4fb46cca1e9ddb0a575674c,d4796a147d2d4dbea9a50d5daddee5a0,2017-11-18 16:57:04,39.1,8.5
d983f8acf1b54d4ba27a180d67e2557a,2,953c34dff9884496a6ced1eb2aec8a4d,d4796a147d2d4dbea9a50d5daddee5a0,2017-11-18 16:57:04,112.66,20.25
8f51c04a23894ca6838095e685ec1a5c,1,1588900dd56748588b24ee5e5c7beea4,d4796a147d2d4dbea9a50d5daddee5a0,2017-11-21 17:57:04,51.41,11.05
19c9c88c4e164049a221e71419550a45,1,2a22fed13bad4ce091c5bad7f4c4e8c9,d4796a147d2d4dbea9a50d5daddee5a0,2017-12-07 03:57:04,236.28,26.46
18c9b118923446edac156f08f493303b,1,c29e0cc8685e4a30a3a685f2845e388d,d4796a147d2d4dbea9a50d5daddee5a0,2017-11-21 16:57:04,30.33,8.5
b933d77c0b85436a808ba97f9696d268,1,153c8ef2900c4b70b0fdf5256634d1e8,d4796a147d2d4dbea9a50d5daddee5a0,2017-12-06 13:57:04,121.66,25.01
e47858960edf4a8da27692f0f4297e9b,1,49d95608eb3f4f51942e41835008fde7,d4796a147d2d4dbea9a50d5daddee5a0,2017-11-23 21:57:04,90.42,18.45
2e1aff510377453ebd9dfcc56ad2d45b,1,ea0afb1831814b968212e6e4770c89bf,d4796a147d2d4dbea9a50d5daddee5a0,2017-11-17 16:57:04,53.98,8.5
969b3ec8c9124fdfbd0ead6090392e8b,1,c75e3a1d0f5e41e4a2fc7eb45cd4eec4,d4796a147d2d4dbea9a50d5daddee5a0,2017-11-19 09:57:04,35.38,8.5
31c19a987ea84a9694fc19d63aebe670,1,8485d83aad3e40829beada2b00c09a14,d4796a147d2d4dbea9a50d5daddee5a0,2017-12-18 08:57:04,622.44,92.43
79a80ff89c4e4c1ca6619c175af28566,1,dcefdd62b9a844beaded92040e431692,d4796a147d2d4dbea9a50d5daddee5a0,2017-11-21 13:57:04,38.91,8.5
2498c83d6ca74044bec0dd809c0863b0,1,fc0238c296234b3390fb70edcae4db67,d51c2d277a3243d783fc7b8ae7ca7d8a,2017-08-14 11:48:02,59.98,8.5
2498c83d6ca74044bec0dd809c0863b0,2,4fc4ec06879f4e279bad578e3942c0cf,d51c2d277a3243d783fc7b8ae7ca7d8a,2017-08-14 11:48:02,313.28,38.97
2498c83d6ca74044bec0dd809c0863b0,3,8af77ce1e6ff4869975e196721d470be,d51c2d277a3243d783fc7b8ae7ca7d8a,2017-08-14 11:48:02,226.35,47.41
34928da238d34748b29a1ab1499a68b1,1,66746c1c3d9d475e96cdfe48b82d6818,d51c2d277a3243d783fc7b8ae7ca7d8a,2017-08-24 15:48:02,78.73,13.64
66a97b5a47b841b2961a050218ac2740,1,28f634b62d4043e0aac44f369ded1390,d51c2d277a3243d783fc7b8ae7ca7d8a,2017-08-16 01:48:02,182.73,27.7
66a97b5a47b841b2961a050218ac2740,2,d9382339b69d4b4cbc17e601844a6990,d51c2d277a3243d783fc7b8ae7ca7d8a,2017-08-16 01:48:02,179.68,31.66
60bae93f8f1f4113bfa9cfe5ca867b2e,1,b22f7e6866c0428187a6c02307b27e8a,9308188a66ff4c7587a4562156331bd1,2017-11-30 08:22:11,40.73,8.5
60bae93f8f1f4113bfa9cfe5ca867b2e,2,6008cf7f38304a07a5db5fd167d9a582,9308188a66ff4c7587a4562156331bd1,2017-11-30 08:22:11,53.15,8.67
1e5932b2fce24e3785fb36416d71d374,1,3390031116204573ae379aa053b2a2e9,9308188a66ff4c7587a4562156331bd1,2017-11-27 20:22:11,58.86,11.12
9cfe4ff40810405da58d1da779a9f078,1,8850552a3bdd4b7c98681c38867f549d,9308188a66ff4c7587a4562156331bd1,2017-12-08 22:22:11,94.34,9.32
9cfe4ff40810405da58d1da779a9f078,2,3f1f42b8148c4616995f65dc85f5e585,9308188a66ff4c7587a4562156331bd1,2017-12-08 22:22:11,164.01,34.85
142417aa527e437db871f7643aedaa42,1,aafe2eadad47445184cf6af00fe91a99,9308188a66ff4c7587a4562156331bd1,2018-01-04 23:22:11,91.11,10.69
142417aa527e437db871f7643aedaa42,2,e8020a5073764efca24d5410fd8a0ac7,9308188a66ff4c7587a4562156331bd1,2018-01-04 23:22:11,93.95,19.35
142417aa527e437db871f7643aedaa42,3,5bcf6abb234f4fcaac9a71a21ca4e56b,9308188a66ff4c7587a4562156331bd1,2018-01-04 23:22:11,96.05,10.17
9b175be058584f2a90bb73d79abaae15,1,91cc4de8e5234af598538dfa0265fdde,9308188a66ff4c7587a4562156331bd1,2018-01-05 00:22:11,206.04,16.53
1ea25cca263c4295bed07e0156b98ae0,1,9e6b7e3c8516498b986a23f98abd5daa,9308188a66ff4c7587a4562156331bd1,2017-11-24 19:22:11,30.62,8.5
fd6396e5b12f444a804b6aedfa96417e,1,7e98aaa2f21d42bba7ac7008046e5cd2,53f65b60dc324ba5b512084b6a6ed48e,2018-04-14 19:47:08,68.52,10.69
b479cb60682a401e8f79c7fc3c111099,1,bce8cabe25544f9a975c5ed7925357a2,0fd08c0be9c946c780c80587ff597eba,2018-01-10 07:30:13,32.74,8.5
5c147342ce474e4e9352d53391ae067c,1,315ded28a3de45d59ca22c05b283f1c1,4c5b7eee5d9e4cf28ffe27d64052770a,2018-06-27 18:25:42,122.69,26.28
5c147342ce474e4e9352d53391ae067c,2,377d0c1cb8c74bf89a73766c10c8353e,4c5b7eee5d9e4cf28ffe27d64052770a,2018-06-27 18:25:42,85.82,8.64
5c147342ce474e4e9352d53391ae067c,3,f2d3ebe3b4454114826171b2c99dec41,4c5b7eee5d9e4cf28ffe27d64052770a,2018-06-27 18:25:42,33.86,8.5
6b7e89c5f9794682a30982e179b9d8ad,1,26bf8630b46d4222af372ea26c1a9202,4c5b7eee5d9e4cf28ffe27d64052770a,2018-06-14 20:25:42,38.88,8.5
76fe712012f64ebaaab0e853703b1d29,1,0017f2e7769f48eaa467afeda7f4ac9c,4c5b7eee5d9e4cf28ffe27d64052770a,2018-07-01 04:25:42,85.52,11.48
76fe712012f64ebaaab0e853703b1d29,2,a262cb1e95674ef1b89fe3431e81bacd,4c5b7eee5d9e4cf28ffe27d64052770a,2018-07-01 04:25:42,51.82,8.89
76fe712012f64ebaaab0e853703b1d29,3,705f23c17ef446b3b03c9e9bd22b10ec,4c5b7eee5d9e4cf28ffe27d64052770a,2018-07-01 04:25:42,208.16,28.33
93140b242eae4ee9a28a4e973089b9be,1,ebdd6aa026c147ef8e9de4e5859b2e04,4c5b7eee5d9e4cf28ffe27d64052770a,2018-06-11 17:25:42,63.59,8.5
a90375c37e064a8fb85644b3b0be5b87,1,6b68d013d3e24fb9873f565995cb22f0,4c5b7eee5d9e4cf28ffe27d64052770a,2018-06-21 13:25:42,94.25,12.65
b3357bd3efcd425789a4b175dc2de580,1,6f1796cd339044e0a1662087c3c7ff46,4c5b7eee5d9e4cf28ffe27d64052770a,2018-07-01 21:25:42,38.4,8.5
6aabfba2636448af81e558a6353aaee7,1,5bc2ec3494f34f0091a8b2f95cb4aba4,4c5b7eee5d9e4cf28ffe27d64052770a,2018-06-19 10:25:42,87.68,15.14
6aabfba2636448af81e558a6353aaee7,2,a8a6d1acd087426e966316b1ee004365,4c5b7eee5d9e4cf28ffe27d64052770a,2018-06-19 10:25:42,32.32,8.5
6aabfba2636448af81e558a6353aaee7,3,66a937423c234e9cac34324e56988b99,4c5b7eee5d9e4cf28ffe27d64052770a,2018-06-19 10:25:42,84.09,12.03
b34dfd330e314b398eb3a8bf929f05b3,1,a2e390036377413eb7ece7c0913928f3,4c5b7eee5d9e4cf28ffe27d64052770a,2018-06-15 06:25:42,234.42,31.02
b34dfd330e314b398eb3a8bf929f05b3,2,229cfb6742c0499b84f4fe14a27642f7,4c5b7eee5d9e4cf28ffe27d64052770a,2018-06-15 06:25:42,151.6,14.25
b34dfd330e314b398eb3a8bf929f05b3,3,3ebe7980495e4f38b4798b1aa2876881,4c5b7eee5d9e4cf28ffe27d64052770a,2018-06-15 06:25:42,95.96,21.02
4df3d563199a4e02812b7d69f0aba041,1,c740848b8fef49fc9947f10a3e2f2760,4c5b7eee5d9e4cf28ffe27d64052770a,2018-07-13 21:25:42,299.53,35.59
d5af8aa4f5374995a30366689d68e5f8,1,2883a714a7ed4ef48f67aa0c895660dc,4c5b7eee5d9e4cf28ffe27d64052770a,2018-06-16 13:25:42,208.05,35.22
d5af8aa4f5374995a30366689d68e5f8,2,3ebe7980495e4f38b4798b1aa2876881,4c5b7eee5d9e4cf28ffe27d64052770a,2018-06-16 13:25:42,184.2,33.53
d5af8aa4f5374995a30366689d68e5f8,3,2be4cbda60654334b93171e3a2a9b989,4c5b7eee5d9e4cf28ffe27d64052770a,2018-06-16 13:25:42,55.87,11.31
7761c6576ca14be28a220a73226d5513,1,319a8a9a5da24575b64c77d1564407c5,bf1f1b5991574cf59d723d95ef160a39,2018-05-19 00:39:33,127.02,17.69
099feaac5c704585af0625fcfcbc2977,1,1463a4cc9bc04f4092decb610fa825af,bf1f1b5991574cf59d723d95ef160a39,2018-05-12 05:39:33,278.49,33.05
099feaac5c704585af0625fcfcbc2977,2,a8076441277c410da530cdf4fbeb0511,bf1f1b5991574cf59d723d95ef160a39,2018-05-12 05:39:33,82.24,8.5
22bc5c19f3354fee92b8851a0942c36c,1,3e3b7d826ad44deea34f842895cbedc8,14f3c5bd1edb40f88f69161568fea626,2018-04-10 00:33:20,34.74,8.5
b07aa8338854402c9c21909f3a3af17e,1,a120b23dc4f24d30bb85feaec855e929,a54369ac96844995a4d84a46f7151989,2018-02-09 17:40:32,103.77,14.82
44596ef294054a6c99126b36b019cbe0,1,e43f17059c6c45b686ef911deb55a897,a54369ac96844995a4d84a46f7151989,2018-01-30 13:40:32,406.64,46.98
85f583a662714e79a6b99463d3fd525e,1,541b2c2168e348518c982cccca8f1fe7,a54369ac96844995a4d84a46f7151989,2018-02-10 22:40:32,120.16,10.98
64ac81d05a7147e59398f1a2d2f37ff8,1,28f634b62d4043e0aac44f369ded1390,a54369ac96844995a4d84a46f7151989,2018-01-30 13:40:32,111.23,10.25
d48b53e170d34bd1a01c0e670149fce9,1,ac03f608b441433c90c01453d112f08f,a54369ac96844995a4d84a46f7151989,2018-02-09 22:40:32,68.47,10.1
3a4efbfdb7b24134a7edfe8cbe3dc1f7,1,25a634ed47bb4877a9f38985821d410b,a54369ac96844995a4d84a46f7151989,2018-01-30 18:40:32,105.49,9.92
5a4ed9aac94649959042de02ce5d96fc,1,ddad49438570447d9e1064bdae33e265,a54369ac96844995a4d84a46f7151989,2018-01-29 13:40:32,182.83,15.46
1078a84f445c4b62b536c1ecde60ed32,1,9cd1490631c1488ca9c7d9c7257b8cba,a54369ac96844995a4d84a46f7151989,2018-02-16 03:40:32,289.37,26.14
8c095e1f421045c1a44863bc0e42153f,1,8e394601b3ad4220a588dc0880239e0d,a54369ac96844995a4d84a46f7151989,2018-02-23 23:40:32,56.69,8.5
8c095e1f421045c1a44863bc0e42153f,2,73f1bd47f53f471788b5454b006e01b5,a54369ac96844995a4d84a46f7151989,2018-02-23 23:40:32,699.78,135.25
d9643893c2de4acba29c552af7bff48d,1,5d18c287f65b4b2ea07ea09e9263d6ab,ff3327cd1b96400dbc066e2d2be4992a,2018-06-28 21:49:43,57.23,8.5
14214531cdb4406b8b1a63286e5f7bc3,1,dff9b448e44d43c3be6feedcba9fa453,ff3327cd1b96400dbc066e2d2be4992a,2018-04-20 03:49:43,95.36,19.08
92d957baa9034f2b83d1e881fab49fd7,1,9bf22b4119af42719d5d3cbad44efa43,ff3327cd1b96400dbc066e2d2be4992a,2018-04-04 03:49:43,134.12,28.41
74a869c2cb1b4077bb3f63af60595f7f,1,ef333f44f4e549629d234085e47a3125,8c44943b7eb54410be07c19470425439,2018-01-09 21:44:14,64.29,8.5
2e0d5fbb04254f0f99a2fad5bbb137e3,1,1463a4cc9bc04f4092decb610fa825af,8c44943b7eb54410be07c19470425439,2018-03-13 21:44:14,42.75,8.5
7467571d4edd45c9973056230661ea92,1,392057b0eaee419c8e94fa5fd571fa04,8c44943b7eb54410be07c19470425439,2017-12-25 00:44:14,46.44,8.78
86416b4b38ec461d9798a2a9c4fb756a,1,9d570150c01f49ba9bae173c65ed539c,8c44943b7eb54410be07c19470425439,2017-12-24 07:44:14,584.94,71.65
ff82a997790c4eeb9d9caf652dad847f,1,9575a543b57e4a6eb3f5e1040bcf2306,8c44943b7eb54410be07c19470425439,2017-12-26 20:44:14,37.0,8.5
07ba0d935a0b4465b1853e9cf3e14c13,1,25a634ed47bb4877a9f38985821d410b,8c44943b7eb54410be07c19470425439,2018-02-09 23:44:14,44.61,8.5
2f452f6eb9ca427b93e9b0172838ae9a,1,cd1254f416eb40dda405182ed9ddc941,8c44943b7eb54410be07c19470425439,2017-12-27 08:44:14,92.64,18.2
2f452f6eb9ca427b93e9b0172838ae9a,2,a33fc612756941f2bae3c5900c4c9ce6,8c44943b7eb54410be07c19470425439,2017-12-27 08:44:14,52.53,8.5
2f452f6eb9ca427b93e9b0172838ae9a,3,1410bf6121ce4596b3b816b73707b1d2,8c44943b7eb54410be07c19470425439,2017-12-27 08:44:14,123.48,26.36
7085cc2b5e8c408797928bc50ad2d5b5,1,00f84dba5aa1491781ecaf85fb02ce0a,8c44943b7eb54410be07c19470425439,2018-01-08 02:44:14,98.45,17.16
7e61169cf0ed424bb779522cc10b90e4,1,3663a2a3c4944761b5b1cd0d489782bf,8c44943b7eb54410be07c19470425439,2018-01-06 03:44:14,225.36,35.86
f0843e0a51f04f7bb80d410b28e7901a,1,29075fa5c36f47b09df491d731e1881c,8c44943b7eb54410be07c19470425439,2017-12-25 18:44:14,43.59,8.5
f0843e0a51f04f7bb80d410b28e7901a,2,aa91603054d2433babdfc9b2fb3d03c8,8c44943b7eb54410be07c19470425439,2017-12-25 18:44:14,133.17,16.95
cc2e77adaa5e4cfb8b76e8a58aa92936,1,aa91603054d2433babdfc9b2fb3d03c8,8c44943b7eb54410be07c19470425439,2017-12-29 20:44:14,62.65,8.5
88c4324142f947aba5e13bb0fc13e2a3,1,a8076441277c410da530cdf4fbeb0511,8c44943b7eb54410be07c19470425439,2017-12-31 06:44:14,58.88,11.66
2e201b9d23404b28ba7b3bd663e2e72b,1,3f20e603d93d4f21a89cca8a4622fa17,8c44943b7eb54410be07c19470425439,2018-01-06 08:44:14,85.31,17.13
dcad4c7e76514d019f92374bccbf3ef5,1,fc2067442c5e4c0bb0ac6ca6d42e6f44,8c44943b7eb54410be07c19470425439,2018-01-12 20:44:14,195.77,30.68
78df285603da417584c527e120572443,1,db913f0310b9428da1f36c3d75f9ac67,8c44943b7eb54410be07c19470425439,2018-01-12 09:44:14,6.76,8.5
d185c2bea9414ce68082c92657480ad1,1,d587586329d648f98ccd97955d3f2d7a,8c44943b7eb54410be07c19470425439,2018-03-15 15:44:14,35.29,8.5
532428d17312441fa1cf95609f741f11,1,0827c8523bc0409abb90a3a44a6c39ef,8c44943b7eb54410be07c19470425439,2018-01-13 02:44:14,268.38,28.37
73889f90177142cf9fca18d550961ffc,1,738ac275700f4d4b91949a1b4344aaa9,8c44943b7eb54410be07c19470425439,2018-01-27 16:44:14,23.14,8.5
e7b0bf1e1c994aad8ed47ad3c63c24a1,1,cc8fab6f2489469790d44d1983d5846e,8c44943b7eb54410be07c19470425439,2018-01-07 17:44:14,72.84,8.5
d4e68bd035a149f5a2f2c31a77aa7c24,1,b09f581b54cc4e199cd649de28e9ff82,8c44943b7eb54410be07c19470425439,2018-01-05 03:44:14,114.64,12.41
d4e68bd035a149f5a2f2c31a77aa7c24,2,9b2e26d8c0014e7784e5e2875929f73d,8c44943b7eb54410be07c19470425439,2018-01-05 03:44:14,56.17,8.5
b0db934d888549538efae6de081af92a,1,0827c8523bc0409abb90a3a44a6c39ef,368a1962309e4cd5aa4044e232dd1cc2,2017-10-13 07:56:24,43.81,9.2
53a5187afdef484c810ca55ef4fc9aa2,1,5bc2ec3494f34f0091a8b2f95cb4aba4,368a1962309e4cd5aa4044e232dd1cc2,2017-10-31 14:56:24,81.13,14.54
32d5226268504d749ce25993ad50b2f2,1,e1090e0f355d45a5be16d137b63ec88f,795b360798bf4a46ab6b61688d4326f6,2017-10-03 02:56:58,41.74,8.5
07fca0aad69441cea1a17e07f300cd7b,1,aa5df92d78934c4c89f1f8898816e236,795b360798bf4a46ab6b61688d4326f6,2017-09-28 02:56:58,55.4,8.5
07fca0aad69441cea1a17e07f300cd7b,2,4ff9d07885a44814a66af1b6e6c47b14,795b360798bf4a46ab6b61688d4326f6,2017-09-28 02:56:58,47.63,9.68
9fcc55017da94a05b61f71611f3c736f,1,113327d5313e45e68a32ba963a4ff2cd,795b360798bf4a46ab6b61688d4326f6,2017-10-02 18:56:58,88.01,13.27
648041ae88e446bd902587234156b481,1,b02aaab93efb4261991bb05bfc62003d,795b360798bf4a46ab6b61688d4326f6,2017-09-25 05:56:58,37.77,8.5
7e3ef4e0795b48478631bbb2c9cfa06b,1,66746c1c3d9d475e96cdfe48b82d6818,795b360798bf4a46ab6b61688d4326f6,2017-10-10 06:56:58,134.64,19.8
fd00a303d82149759d3f309848afd01a,1,58aa2de3269b41038b506f05b4878599,795b360798bf4a46ab6b61688d4326f6,2017-10-17 21:56:58,30.2,8.5
f1e84e605f3f4ba0866f242235228fa4,1,8e394601b3ad4220a588dc0880239e0d,795b360798bf4a46ab6b61688d4326f6,2017-09-27 22:56:58,63.99,8.5
775d2d5ea2e24f9a9b2e4195b7d93ac7,1,94c5832c7a4f4d4ab591f284476ff8bd,e0757fa4577f4c1e8c003e8567c5351b,2018-06-24 02:22:41,138.96,19.76
93ade066d1914c5dba2f2d3864ea16b4,1,953c34dff9884496a6ced1eb2aec8a4d,e0757fa4577f4c1e8c003e8567c5351b,2018-07-12 14:22:41,86.33,13.64
cc868a95a69448018f16327ee7f14852,1,5cf17b8d47a64ca59b64117de91e7187,e0757fa4577f4c1e8c003e8567c5351b,2018-06-20 03:22:41,126.42,17.14
00ae439b0f174dfba65fb3bf662b546c,1,40f004bb3d604a5c9358a041ecf52c56,e0757fa4577f4c1e8c003e8567c5351b,2018-06-17 11:22:41,85.34,8.5
00ae439b0f174dfba65fb3bf662b546c,2,76281501b3b14e48be28d7cfafc91713,e0757fa4577f4c1e8c003e8567c5351b,2018-06-17 11:22:41,89.99,10.34
f8dd546c55aa421aaffa22d1bd11587e,1,1f9599d82ebe4e65a33e000ac6ea3a0e,e0757fa4577f4c1e8c003e8567c5351b,2018-06-18 01:22:41,85.81,15.48
f8dd546c55aa421aaffa22d1bd11587e,2,9bf22b4119af42719d5d3cbad44efa43,e0757fa4577f4c1e8c003e8567c5351b,2018-06-18 01:22:41,80.5,12.75
d85852c53d3646ac969e3fad415855df,1,abfa441e3f7c43dca9da88ce6c6e2834,e0757fa4577f4c1e8c003e8567c5351b,2018-08-15 16:22:41,235.94,23.23
bf74b8075e4b41ceb18667a9eb6f43fa,1,f62befaca12149e284e2c60d13145f30,e0757fa4577f4c1e8c003e8567c5351b,2018-06-29 04:22:41,24.94,8.5
4e76818eb12e4bf798e4e73c9fc3b57b,1,885e236468954acf93aa9f8ef7207c78,e0757fa4577f4c1e8c003e8567c5351b,2018-06-17 16:22:41,99.74,12.3
4e76818eb12e4bf798e4e73c9fc3b57b,2,a120b23dc4f24d30bb85feaec855e929,e0757fa4577f4c1e8c003e8567c5351b,2018-06-17 16:22:41,82.19,15.75
33257db948844bc0ba9c60ee4563d01e,1,29075fa5c36f47b09df491d731e1881c,e0757fa4577f4c1e8c003e8567c5351b,2018-07-14 04:22:41,16.56,8.5
42d7a3fa7ea84efab1e83e67c2d99f7c,1,d3a7294fd2584f12a3819db667854db6,e0757fa4577f4c1e8c003e8567c5351b,2018-06-18 13:22:41,57.41,10.7
f00afdabeb2748c9bae8ba5c7f6bccc6,1,c1a0e608a06648f7a69c96b5544a1fe9,e0757fa4577f4c1e8c003e8567c5351b,2018-06-17 01:22:41,88.44,15.76
6ad69ec4324d444a841e48d0a5a55291,1,f6696f8a5b964308a0e8a6739baeb6a8,e0757fa4577f4c1e8c003e8567c5351b,2018-06-19 02:22:41,90.81,8.5
d72b2940243648ff8324acb3cf2e9805,1,37c3fc17d27f40d5aaba7fbf8e3ff943,e0757fa4577f4c1e8c003e8567c5351b,2018-06-26 14:22:41,343.05,63.57
d72b2940243648ff8324acb3cf2e9805,2,aa54fe2f79d34d968dc82aa26a126887,e0757fa4577f4c1e8c003e8567c5351b,2018-06-26 14:22:41,200.28,36.3
3e3722324aa040cc91c2ea60dc6d2efa,1,750f4a1dc60b4d3a9cc5c9f8df4d751f,4b62ad208b2a49348f5ef1d5dad8e8e5,2017-11-22 09:56:17,265.15,36.0
378bd8f2b331499c80c5fbc0e63def8d,1,750f4a1dc60b4d3a9cc5c9f8df4d751f,4b62ad208b2a49348f5ef1d5dad8e8e5,2017-10-22 17:56:17,41.8,8.5
d65569191039427a97f3f9edaf0b5f9e,1,8907742ffd0e4c13a65bc14747664c18,4b62ad208b2a49348f5ef1d5dad8e8e5,2017-11-03 10:56:17,80.07,13.69
34b988f736694922adbb38335ddaf119,1,e71b9fe33bdb4de1956221a923311cba,4b62ad208b2a49348f5ef1d5dad8e8e5,2017-10-28 01:56:17,87.33,15.31
34b988f736694922adbb38335ddaf119,2,c6719e320d20448e85e2de75099dc454,4b62ad208b2a49348f5ef1d5dad8e8e5,2017-10-28 01:56:17,28.28,8.5
b05873a4f1654747bff7f70affa764fe,1,a6c7607b39664b649fa5cfd5aea5dbc8,162692e4861441cca2971955633efc0a,2017-10-23 05:54:17,69.17,10.19
7b556d027dba4869b6ab75b2ce194d7b,1,03f9cad179014610ba5c095762f291e1,162692e4861441cca2971955633efc0a,2017-10-22 13:54:17,97.5,8.5
b86991fbde93482eaf8eb5fcddb4c5fe,1,8d46d80d53a94081984e1d83be0e87f5,162692e4861441cca2971955633efc0a,2017-11-09 20:54:17,155.92,24.6
409c25692d48483aa45779d64370e0f8,1,705f23c17ef446b3b03c9e9bd22b10ec,162692e4861441cca2971955633efc0a,2017-10-24 21:54:17,154.54,14.27
e71c234be4ee41d9aab38e1f37d26322,1,bbcbc06913f1417f96ef1a242969be9a,4250ed857ded4224b23d94824ddfac69,2017-08-23 14:29:03,30.37,8.5
4fc0f68a710b4acab660c75c50ee043c,1,66746c1c3d9d475e96cdfe48b82d6818,4250ed857ded4224b23d94824ddfac69,2017-08-16 06:29:03,30.41,8.5
77204dfb55b24932a2eeb3a35ccb2b7a,1,d3b5d812d4ef440a840f95a30f83f83a,4250ed857ded4224b23d94824ddfac69,2017-08-18 23:29:03,25.02,8.5
8be3dea6c8e642dd8173e51a2584ecb1,1,7682cebd7d68400290ee742d6aab9dbd,4250ed857ded4224b23d94824ddfac69,2017-09-04 22:29:03,55.68,12.06
403f01a53f284dc99d865cf29e447f8d,1,71654a466464453e8f801a7f0ef971ae,6564e5b8f92e488b9efbf1a474734a62,2018-03-01 21:15:32,320.6,31.51
203dfba816d1417b8a1e03ac363da420,1,2a22fed13bad4ce091c5bad7f4c4e8c9,8913904c883545258d67c5563bb4f188,2017-09-08 13:55:55,92.83,12.01
203dfba816d1417b8a1e03ac363da420,2,153c8ef2900c4b70b0fdf5256634d1e8,8913904c883545258d67c5563bb4f188,2017-09-08 13:55:55,25.86,8.5
3b532a03cf6f4541bf08798cccb4704f,1,a4204d89be1846fe8e8c91e34f5ec62c,8913904c883545258d67c5563bb4f188,2017-09-16 14:55:55,164.66,19.37
3b532a03cf6f4541bf08798cccb4704f,2,136793b0c41f46639afe935695692e30,8913904c883545258d67c5563bb4f188,2017-09-16 14:55:55,89.63,17.85
4f1220a8710a4200ad4ee015a76931e7,1,3d6f3005222f45438b7f6d6a8d53d2e7,25b55d4c41ee4811bf24a34f1101e699,2017-07-25 05:23:04,128.62,26.67
4f1220a8710a4200ad4ee015a76931e7,2,fff75832db264c33a33f6f6ce9c5e858,25b55d4c41ee4811bf24a34f1101e699,2017-07-25 05:23:04,162.15,25.13
3291ab1a87f14d5d9c8385ee0689c246,1,ef035a03586a4d339014e0b9616ee8f9,25b55d4c41ee4811bf24a34f1101e699,2017-07-18 21:23:04,103.58,11.35
3291ab1a87f14d5d9c8385ee0689c246,2,b09ced06368543639efee02905ea3f6d,25b55d4c41ee4811bf24a34f1101e699,2017-07-18 21:23:04,23.05,8.5
c6f1755c9eb5413c88cb7653cc84248a,1,1dbf26c3a0b04e0c86b401c6eea46bbc,25b55d4c41ee4811bf24a34f1101e699,2017-07-25 20:23:04,133.97,25.49
3b9f36d8158c4dd5877a503dc01a6290,1,1463a4cc9bc04f4092decb610fa825af,25b55d4c41ee4811bf24a34f1101e699,2017-10-08 01:23:04,153.36,32.95
0d80286362f14a72be93a8d43278d606,1,d7dedae680d14c6fac8d9d888cb07778,25b55d4c41ee4811bf24a34f1101e699,2017-08-07 20:23:04,28.93,8.5
08fcf1693ef6412491842de932812d48,1,54fd0302d42b4681ab8c174fc5593ad4,6df91d7b8e964b338107aa91d0a9307e,2018-04-04 07:28:16,38.75,8.5
31d915de7a4745879f6b9537987f6715,1,f1c12b5617c5442d86c2934c517de3bc,6df91d7b8e964b338107aa91d0a9307e,2018-03-27 04:28:16,136.1,29.04
39b393ef1d1742b19399c799dfa3c9d8,1,6c858ec275bf4ba188d88edeb3b3b768,6df91d7b8e964b338107aa91d0a9307e,2018-04-03 16:28:16,553.06,99.09
6921f4ce31b2402ea7d07b3a2c1a8fea,1,a262cb1e95674ef1b89fe3431e81bacd,6df91d7b8e964b338107aa91d0a9307e,2018-04-09 17:28:16,31.45,8.5
01f927966e9c4ca2b4d60336b396bf2e,1,ea4d851ed80c418991a829520c4b6866,6df91d7b8e964b338107aa91d0a9307e,2018-05-08 08:28:16,122.5,25.18
ff583caefcaf4fef943969a85643a520,1,a120b23dc4f24d30bb85feaec855e929,6df91d7b8e964b338107aa91d0a9307e,2018-04-08 07:28:16,130.34,19.12
96307ede3fd04a50ba959fff3c532d85,1,607909810d6f42dea67dcb1aa97b45bc,6df91d7b8e964b338107aa91d0a9307e,2018-04-06 14:28:16,87.78,15.33
78935fb7395f4c8cb8e80d821c6e72a2,1,6ba72f89f95e4036a8dea94f7bbc892f,6df91d7b8e964b338107aa91d0a9307e,2018-03-31 07:28:16,27.73,8.5
f6e09d6fdffa4348b0a09d978986aaea,1,05688c66890a44f3a8853d92388e848b,6df91d7b8e964b338107aa91d0a9307e,2018-04-15 11:28:16,116.85,23.48
d8426266e7b7473b8e5afafe0aa1f40e,1,49609ce23cd54df1a907d7d6ea87b9cf,6df91d7b8e964b338107aa91d0a9307e,2018-04-12 02:28:16,81.18,13.33
1a7d7a8ecc54403a93d9ce14a44f743b,1,cf2a23e593f547b289fb5264a64d8dcf,6df91d7b8e964b338107aa91d0a9307e,2018-03-29 13:28:16,88.64,8.67
1a7d7a8ecc54403a93d9ce14a44f743b,2,2061966b66424545a7644928b0686526,6df91d7b8e964b338107aa91d0a9307e,2018-03-29 13:28:16,87.02,9.01
b3c560302f734462aa7e6975cf186169,1,dc6b2dfa2adc4005bccf4cbbfc02465c,6df91d7b8e964b338107aa91d0a9307e,2018-04-04 06:28:16,51.7,8.5
190e5c5efe3949fea5c4cf2bc66f0e7d,1,9b2e26d8c0014e7784e5e2875929f73d,0fdcf8d61af143559eab79eadb4ced59,2018-02-15 10:20:47,51.15,8.5
84bd6d72ceef4338a69eba921794cb78,1,73e3c3884fe649cdab8fd4d6cda22bef,0fdcf8d61af143559eab79eadb4ced59,2018-02-16 11:20:47,54.76,8.5
259b090f0bef4cc5a97c17413028add4,1,315ded28a3de45d59ca22c05b283f1c1,8dbf62f9a3fd401d9d06e3adbd86dcbd,2017-12-12 16:44:07,38.61,8.5
189f941b88714544919edbb43c0555db,1,afe1bc35a35d401f9ec4aaedc2f7271e,8dbf62f9a3fd401d9d06e3adbd86dcbd,2017-11-28 22:44:07,64.46,12.97
c02b18a8fac840cb82250b20bc6474aa,1,4cdc171f1cec4c25ad225be00ee5f139,8dbf62f9a3fd401d9d06e3adbd86dcbd,2017-12-14 07:44:07,95.65,14.64
c02b18a8fac840cb82250b20bc6474aa,2,b29ae416afdd40ff90a6e3a26127434c,8dbf62f9a3fd401d9d06e3adbd86dcbd,2017-12-14 07:44:07,54.68,11.4
80cac4ecbef04c2cab5ab3a4f0219504,1,61a2499f10b44667bd97007735a44def,8dbf62f9a3fd401d9d06e3adbd86dcbd,2017-12-23 19:44:07,79.32,9.38
80cac4ecbef04c2cab5ab3a4f0219504,2,9861f4e896514572ab99af82fbcc8f1b,8dbf62f9a3fd401d9d06e3adbd86dcbd,2017-12-23 19:44:07,128.18,15.75
80cac4ecbef04c2cab5ab3a4f0219504,3,3e425b5e24f34266af766f5117f8cf65,8dbf62f9a3fd401d9d06e3adbd86dcbd,2017-12-23 19:44:07,20.25,8.5
c9e51b8718034b739dd45fa6efed0fcc,1,b28e99d9f585404796c241d4ea67d6c1,8dbf62f9a3fd401d9d06e3adbd86dcbd,2017-12-01 23:44:07,142.56,25.25
c9e51b8718034b739dd45fa6efed0fcc,2,0afacd0f2cdc4d81a88114ff9e183231,8dbf62f9a3fd401d9d06e3adbd86dcbd,2017-12-01 23:44:07,280.74,41.19
c9e51b8718034b739dd45fa6efed0fcc,3,a46fead64df34795be6d16b5deef27d2,8dbf62f9a3fd401d9d06e3adbd86dcbd,2017-12-01 23:44:07,666.57,61.02
54f18c480cc643ed84bc3c0375ddf982,1,f771208d9d684e0d96128315bda9be15,20835fa7495348259b18eb214b43d74a,2018-02-05 16:04:02,58.02,8.5
195587e71a4e48ba86631a1cf22525ef,1,9dd492fd3f05453c90f6964d149629b8,20835fa7495348259b18eb214b43d74a,2018-02-18 18:04:02,69.69,8.74
195587e71a4e48ba86631a1cf22525ef,2,ec30306b6268459a8ee60035387407e7,20835fa7495348259b18eb214b43d74a,2018-02-18 18:04:02,103.18,18.65
ee1340ae5c7b427aa76c735593d093d4,1,38d84a0506ba4fdabb24af532d5d293d,20835fa7495348259b18eb214b43d74a,2018-02-23 04:04:02,42.97,8.5
ee1340ae5c7b427aa76c735593d093d4,2,599693169a8c46398daad3b4cd656065,20835fa7495348259b18eb214b43d74a,2018-02-23 04:04:02,55.33,8.5
80a84a7287a44083875708a0f9fdaa0d,1,44bdb96b31034213a9d9cf695fbf5d48,20835fa7495348259b18eb214b43d74a,2018-02-01 23:04:02,183.35,22.4
80a84a7287a44083875708a0f9fdaa0d,2,dcefdd62b9a844beaded92040e431692,20835fa7495348259b18eb214b43d74a,2018-02-01 23:04:02,364.41,54.83
a78c055c52a441979c59f6f413c0044b,1,e648e0824baf40ec9f193e307b16c81f,20835fa7495348259b18eb214b43d74a,2018-02-15 19:04:02,39.59,8.5
49080631058d4e9dbc852c7377cd8c9c,1,7d5e4f3573b04ed894398fb67afdbc05,20835fa7495348259b18eb214b43d74a,2018-01-23 14:04:02,61.03,9.09
49080631058d4e9dbc852c7377cd8c9c,2,ac14520beded4bd6a61146acb40ba7c9,20835fa7495348259b18eb214b43d74a,2018-01-23 14:04:02,22.84,8.5
4a73e3a564c64ca9af79b71c2ba7ebde,1,96c5a6d6d9af4a429e0169be133f4584,20835fa7495348259b18eb214b43d74a,2018-01-27 22:04:02,35.43,8.5
4a73e3a564c64ca9af79b71c2ba7ebde,2,ea4d851ed80c418991a829520c4b6866,20835fa7495348259b18eb214b43d74a,2018-01-27 22:04:02,35.97,8.5
0dfd76aa6bbd49a0a523b110c667d017,1,04bfdebca74e4f89808b43985b8f4c09,20835fa7495348259b18eb214b43d74a,2018-03-08 03:04:02,304.3,37.95
1b5acb09d1244826bdec5e2842f496c8,1,37611c71a7b447ccabdd4475542a133b,20835fa7495348259b18eb214b43d74a,2018-01-26 03:04:02,106.12,11.08
1b5acb09d1244826bdec5e2842f496c8,2,ebb3db69c4cb4c45a6c75ef4c9055d60,20835fa7495348259b18eb214b43d74a,2018-01-26 03:04:02,140.81,22.26
99c6eba34e19436093c6181f3ca6667c,1,d7dedae680d14c6fac8d9d888cb07778,20835fa7495348259b18eb214b43d74a,2018-01-26 19:04:02,704.48,135.08
de39053bbf7c4641be542bd468c9d48a,1,68abbb31633c4080920275afe293abdd,20835fa7495348259b18eb214b43d74a,2018-01-27 16:04:02,21.49,8.5
97adb20fec3f4729adcc01456893e9a3,1,52c696da9573428e917bfdded6025a8e,6cb73bcdeb1444fa81ac1508b777507e,2018-02-02 19:59:46,64.88,8.5
641c75cc4c704ab3a5eafcb4942d9b7d,1,a1ba1bba98c947458fc919a1a339edc9,6cb73bcdeb1444fa81ac1508b777507e,2018-02-01 17:59:46,82.19,9.49
d9df652da01b45b48e3bd5c73414b708,1,2f1e0509216a4022907ca3d868d77bf9,fd1262347d9d45e9925a463080e694ea,2017-08-22 00:46:25,128.9,14.47
33e170ba0d5f4228a79cb92efb8a86b3,1,b29ae416afdd40ff90a6e3a26127434c,ff0c326f599a4f8a8c077b013ce72a6b,2018-05-12 23:23:51,53.07,8.5
33e170ba0d5f4228a79cb92efb8a86b3,2,0838f7638bb1431e91600541da648217,ff0c326f599a4f8a8c077b013ce72a6b,2018-05-12 23:23:51,66.72,8.5
720af744937e416fa5095a59e12befff,1,9bf22b4119af42719d5d3cbad44efa43,ff0c326f599a4f8a8c077b013ce72a6b,2018-04-26 04:23:51,73.98,11.45
967fa541129f4db98cdf8fd20e57410f,1,515c774d67d84e0c82b85e2fb43838d4,ff0c326f599a4f8a8c077b013ce72a6b,2018-05-15 14:23:51,58.71,8.5
30df61c1bb5a480e8c0a2fe0bc34cf36,1,0f30784df72e4d53aa4949c24ce9f8b9,ff0c326f599a4f8a8c077b013ce72a6b,2018-04-29 17:23:51,26.04,8.5
572feebaee86437f8ccabc913fe27e92,1,0838f7638bb1431e91600541da648217,ff0c326f599a4f8a8c077b013ce72a6b,2018-05-07 00:23:51,25.94,8.5
5641132317434e66a2399e2419e6b51e,1,05a3a1ae2a824b2cae9aa10348b52218,ff0c326f599a4f8a8c077b013ce72a6b,2018-04-28 04:23:51,187.67,37.2
5641132317434e66a2399e2419e6b51e,2,42860097a90c411eaba670606f3dad27,ff0c326f599a4f8a8c077b013ce72a6b,2018-04-28 04:23:51,122.21,26.5
5641132317434e66a2399e2419e6b51e,3,94c5832c7a4f4d4ab591f284476ff8bd,ff0c326f599a4f8a8c077b013ce72a6b,2018-04-28 04:23:51,36.83,8.5
a68c47ce8e1e4d56bd5de6f39904da0b,1,5125a8846a194728b1ef141ff25f51d9,77d371826d8441c1a563736f2a557949,2017-09-20 01:32:33,52.43,8.68
1e36643d0c2f4f548f5511191f72e461,1,c05a6bea63c144028fd21cc6e3f72d89,77d371826d8441c1a563736f2a557949,2017-08-18 16:32:33,38.26,8.5
b2a8c910a17c4f3993173ecfbe8a337b,1,e950deedc1f14e5d94b51d8bf6101a9e,78cc36587fe347c98d2980b9baa32729,2018-05-06 17:25:24,204.23,39.14
c7066385422543da999353b2845b8f0e,1,a236c251881a4629b0a236ead07b77ab,c74904db78b84bcd9490396743705d68,2018-05-13 15:50:54,87.95,8.5
2c50e95fd6ec40269bbe2834cc25f281,1,8850552a3bdd4b7c98681c38867f549d,c74904db78b84bcd9490396743705d68,2018-04-19 02:50:54,73.7,12.81
d4ec01c92e334737973c27794ffbff70,1,49609ce23cd54df1a907d7d6ea87b9cf,c74904db78b84bcd9490396743705d68,2018-04-24 12:50:54,67.8,13.72
6ba44927171242f69c1f4294874da7dd,1,ec30306b6268459a8ee60035387407e7,c74904db78b84bcd9490396743705d68,2018-04-23 13:50:54,141.09,17.0
6ba44927171242f69c1f4294874da7dd,2,a6c7607b39664b649fa5cfd5aea5dbc8,c74904db78b84bcd9490396743705d68,2018-04-23 13:50:54,34.5,8.5
6ba44927171242f69c1f4294874da7dd,3,a1b7386ab8874fdfa5801040fa4d6fb1,c74904db78b84bcd9490396743705d68,2018-04-23 13:50:54,50.86,8.76
caeb4c90c61d4b9aa9aa37e251ff500c,1,7744a4f1e8d7478e9ab0f72f1f6f0a42,c74904db78b84bcd9490396743705d68,2018-05-28 12:50:54,75.18,8.5
e05c72fe6f7d44eb953a8d448a21278b,1,ec30306b6268459a8ee60035387407e7,c74904db78b84bcd9490396743705d68,2018-06-25 05:50:54,142.01,26.18
d2ab9d4e64324c909fd7876ef289a755,1,48c265722b804facb3f7898ac926a76d,c74904db78b84bcd9490396743705d68,2018-04-27 02:50:54,279.71,51.92
1c1bb09d128646599b19a2a448feba77,1,85d0f4a744904c8a872e1eb354feab1f,c74904db78b84bcd9490396743705d68,2018-05-01 00:50:54,426.67,83.78
1c1bb09d128646599b19a2a448feba77,2,38950e89b8bd4ffc922f10cc034cc897,c74904db78b84bcd9490396743705d68,2018-05-01 00:50:54,114.12,17.13
3e32d441edc640f6843478bb2e23da26,1,f437bd876f5d40379fe3f92787e8c23e,c74904db78b84bcd9490396743705d68,2018-05-09 16:50:54,14.52,8.5
0c128a866d0841ee8639f3e0c2780c2f,1,86c2b81872a44bc5a27ec9882bf646d8,c74904db78b84bcd9490396743705d68,2018-04-30 02:50:54,38.16,8.5
2f60a7f82eb64af8be82a0465bfe5208,1,2f55a58a8e2b4ab8a9db45c62c4fc31c,c74904db78b84bcd9490396743705d68,2018-05-19 16:50:54,83.56,14.7
268444b5189c441fa42fa85db2021ba5,1,616a0de2321c48d7b22b83c6df5f2dd6,c74904db78b84bcd9490396743705d68,2018-04-23 18:50:54,248.93,42.94
a29e823d0ec44451b1080168d6eaafb4,1,3390031116204573ae379aa053b2a2e9,4a9e8943bd02447f960db0fd55bad4a3,2018-05-06 01:12:07,280.33,52.2
9319c40cc7e243e09a3defa6fdcb3054,1,5c871f3f35ef42808fecbcb3e6f549d8,4a9e8943bd02447f960db0fd55bad4a3,2018-04-18 06:12:07,38.32,8.5
9319c40cc7e243e09a3defa6fdcb3054,2,b319a48045484e1d89b008aa30c5d13f,4a9e8943bd02447f960db0fd55bad4a3,2018-04-18 06:12:07,141.43,25.46
5adb5e24d884411d8aea1547b4221048,1,ea6c1f7b647541c59d6c03d84f2e049d,4a9e8943bd02447f960db0fd55bad4a3,2018-05-24 15:12:07,52.94,11.23
5adb5e24d884411d8aea1547b4221048,2,00f84dba5aa1491781ecaf85fb02ce0a,4a9e8943bd02447f960db0fd55bad4a3,2018-05-24 15:12:07,50.95,8.5
1cde77de4725493bb451c422703fdac0,1,f2d3ebe3b4454114826171b2c99dec41,4a9e8943bd02447f960db0fd55bad4a3,2018-05-20 05:12:07,99.1,8.5
2afc6f69895140e9a4089fbefd1931db,1,fecd56f2986d4d1a859278cc0e9ec2af,4a9e8943bd02447f960db0fd55bad4a3,2018-05-08 15:12:07,103.66,14.1
6cf5842357db46b196df1ee4683a8481,1,8ed463874a48423bbe53fecd6b08f4d5,4a9e8943bd02447f960db0fd55bad4a3,2018-05-19 07:12:07,22.02,8.5
224795a8a4844f55b1883edfc3abf3d8,1,229761920631421a91d4a2ba381917f6,4a9e8943bd02447f960db0fd55bad4a3,2018-04-24 02:12:07,30.85,8.5
58b799b4252746ac9ceef198fa142345,1,7f01511a193c418c98eea890e389600a,4a9e8943bd02447f960db0fd55bad4a3,2018-06-03 23:12:07,58.27,8.5
fd23a94d76484e6b9b516d9db1720ff2,1,2384d9dddd8540b89d07e8405d7a07db,4a9e8943bd02447f960db0fd55bad4a3,2018-04-26 03:12:07,43.18,8.5
d654cf918442475686b2118113a539ce,1,d587586329d648f98ccd97955d3f2d7a,4a9e8943bd02447f960db0fd55bad4a3,2018-04-29 08:12:07,57.87,8.5
d654cf918442475686b2118113a539ce,2,8440fa30c0374c76971a72181df7ae5b,4a9e8943bd02447f960db0fd55bad4a3,2018-04-29 08:12:07,473.45,58.05
1d5b42639b5d4e69ba85e273e9dceb7d,1,705f23c17ef446b3b03c9e9bd22b10ec,4a9e8943bd02447f960db0fd55bad4a3,2018-04-18 16:12:07,317.49,41.64
1d5b42639b5d4e69ba85e273e9dceb7d,2,a079193ea0924f6dbba68e122f5aaeb5,4a9e8943bd02447f960db0fd55bad4a3,2018-04-18 16:12:07,126.07,13.74
1d5b42639b5d4e69ba85e273e9dceb7d,3,9cd1490631c1488ca9c7d9c7257b8cba,4a9e8943bd02447f960db0fd55bad4a3,2018-04-18 16:12:07,56.03,8.5
61095a82f397487a84dae07b64c1d0fd,1,db913f0310b9428da1f36c3d75f9ac67,4a9e8943bd02447f960db0fd55bad4a3,2018-04-25 07:12:07,162.05,17.72
c0093f804eb9487db8cf44928523f90b,1,0bb08354427a45ec94274964a7d98b96,4a9e8943bd02447f960db0fd55bad4a3,2018-04-29 15:12:07,256.09,50.42
55724b616989454a9791dfdc611a7ddc,1,22cc83a22731444c8b7ef15b2fa994c1,d8819bae86664bbdaee867ab5e2a6d4b,2017-07-01 15:03:27,88.16,16.56
481427d26e4d413eac406098483af1e9,1,a400d2923c364fc09552795d7c296747,d8819bae86664bbdaee867ab5e2a6d4b,2017-06-30 17:03:27,62.26,8.5
f55724a539a441259486e9577ca57e3e,1,fc2067442c5e4c0bb0ac6ca6d42e6f44,d8819bae86664bbdaee867ab5e2a6d4b,2017-07-03 19:03:27,161.45,16.55
640c8f93389d4191a8de8911676d3599,1,a41e0749e5714667a8451c86c771eb72,d8819bae86664bbdaee867ab5e2a6d4b,2017-07-31 05:03:27,48.32,8.5
477049770fb8416abc4586fdc455a22a,1,99ebce5de3184589986a16e8e7961102,d8819bae86664bbdaee867ab5e2a6d4b,2017-07-17 05:03:27,30.29,8.5
c5544d9f51894cd0a2003e11566c70cd,1,cf81570bac254a92b191693ad0a5cd12,d8819bae86664bbdaee867ab5e2a6d4b,2017-07-09 11:03:27,22.08,8.5
73ebde6dab004382947b102bcc11c78e,1,fa0f9f7aab4a495ca25cc380ae74e14f,d8819bae86664bbdaee867ab5e2a6d4b,2017-06-30 11:03:27,30.82,8.5
9e5f520c2e6d4ab8b8665b66a4438a74,1,3288edd2dd964011bec543a51b83d404,d8819bae86664bbdaee867ab5e2a6d4b,2017-06-29 20:03:27,123.86,14.02
f7d1880d6f75415385af3a19ba664578,1,f29ff21f2aa949be8ba0e1b2f6be0736,d8819bae86664bbdaee867ab5e2a6d4b,2017-08-09 06:03:27,199.5,21.95
60592ded959a433abe0278452aadfd70,1,9c67395cb0184bb9ad2ad2c3d3663b74,4f15c4b9bd9b4486aa91450786e290e2,2018-01-31 01:30:48,117.16,20.38
df799820105f43fdb7c5e21c3c9060f2,1,b2274f055c9a4feabc1b99c701f76de6,4f15c4b9bd9b4486aa91450786e290e2,2018-02-02 16:30:48,45.65,8.5
9ea659b593ee4c6f9bbf513357df574c,1,c05a6bea63c144028fd21cc6e3f72d89,f51c45e7cd8843058b3c20541dc4956f,2018-05-02 18:50:04,188.09,40.69
a0ba8957020f4c8a9a875bfe0ce84636,1,978046aa910c477b910db862d8bd2e40,f51c45e7cd8843058b3c20541dc4956f,2018-05-13 02:50:04,32.88,8.5
883c6ad19587410a99e5149abdb38f41,1,c7a09223fe16400390fa4f8dbfd7f695,f51c45e7cd8843058b3c20541dc4956f,2018-04-19 07:50:04,28.81,8.5
3e8baddb93c146a5906c6585875f9aff,1,36782f79dcce4664a60a295f096af21f,f51c45e7cd8843058b3c20541dc4956f,2018-04-28 05:50:04,109.38,20.98
96b88a3efdb9413483a0794522a68b4e,1,039fc89d205a4e0980b92bda277ec290,6ededa4c37d04b1a8330023bcae22790,2017-11-30 22:28:41,78.77,9.91
aafb4198da0246e3b9d32cf3f29c865c,1,2883a714a7ed4ef48f67aa0c895660dc,0c48c3b8168843f4804eb5aa8c9bcbaa,2018-02-17 05:02:10,14.19,8.5
4bf3c21fe6904525bc1bcae2d562cfb6,1,d7f7a77835444c9a82bf993b0ff07367,0c48c3b8168843f4804eb5aa8c9bcbaa,2018-02-07 13:02:10,179.92,26.18
4bf3c21fe6904525bc1bcae2d562cfb6,2,2a6e031560a943528a4e27f86eea0e9f,0c48c3b8168843f4804eb5aa8c9bcbaa,2018-02-07 13:02:10,91.91,18.26
9cd58935a7d144b4bb428385ac0a6dc0,1,f4fe6b0c9b624cd698daf0a70480ddb2,0c48c3b8168843f4804eb5aa8c9bcbaa,2018-01-11 09:02:10,169.59,25.88
cd573813c56846f59d7f56f9b18b002d,1,771afaf297bf4f23946122984e7cf274,0c48c3b8168843f4804eb5aa8c9bcbaa,2018-01-14 12:02:10,239.17,44.99
67fa676b3c4248ca83aa0e4d3d97dd04,1,0bc861e3cbaf427b80560c72fea9523e,0c48c3b8168843f4804eb5aa8c9bcbaa,2018-01-26 14:02:10,25.19,8.5
67fa676b3c4248ca83aa0e4d3d97dd04,2,ecd9ef0722434060ae2ecbef12603d42,0c48c3b8168843f4804eb5aa8c9bcbaa,2018-01-26 14:02:10,78.94,15.17
67fa676b3c4248ca83aa0e4d3d97dd04,3,79aa77dc99844a25aa8f37ccdf80fd15,0c48c3b8168843f4804eb5aa8c9bcbaa,2018-01-26 14:02:10,80.02,8.5
f7231268d36748f78f7e290739748e30,1,cef3071999f04a26bd129d07757c4967,1a752be174644bd199a5fa45409cdaa6,2017-12-21 04:44:29,33.96,8.5
797b34abaa1a4916b7d0031024e7f177,1,2384d9dddd8540b89d07e8405d7a07db,1a752be174644bd199a5fa45409cdaa6,2018-01-13 07:44:29,63.28,8.5
0e3bd0b705ad43de9fb6523d9d3200c9,1,44522e39746f48879e471599bc532a6a,1a752be174644bd199a5fa45409cdaa6,2017-12-09 04:44:29,28.47,8.5
4554b0bec72b4987bd624d7a21afd10d,1,60a96eba840c45939580869adb55cfbd,1a752be174644bd199a5fa45409cdaa6,2017-12-08 22:44:29,22.25,8.5
accdc36152bf408b9ecee38f1b7eefe2,1,5cf17b8d47a64ca59b64117de91e7187,1d0b627a1ae346f08e4898158e768ab4,2018-01-25 08:34:30,84.72,16.7
c1b04cbf0fd94f5a9342d422c2931077,1,c740848b8fef49fc9947f10a3e2f2760,1d0b627a1ae346f08e4898158e768ab4,2018-01-24 17:34:30,107.66,9.77
40c03d4276df464a8476ada6c72435c3,1,458352e852b64d8c8e9c4ec362c74bfc,6c6b740727124bb08b237aa949d8f7d5,2018-05-26 18:18:15,110.55,17.09
54af72dedf5c4ce38ae725a813d59e30,1,bdda117a6a0c4096b503c65d5e952f62,6c6b740727124bb08b237aa949d8f7d5,2018-06-16 05:18:15,161.42,15.67
f56861cfca424964a10547ceb312ade7,1,ea6c1f7b647541c59d6c03d84f2e049d,6c6b740727124bb08b237aa949d8f7d5,2018-06-04 20:18:15,224.34,35.97
5979f69b7dd14f18ada03c5e76f581ce,1,25a634ed47bb4877a9f38985821d410b,6c6b740727124bb08b237aa949d8f7d5,2018-06-17 05:18:15,112.19,23.59
d945e3fa74bf41999c211369806c3b97,1,dda1e9d24d764532814ddd7c0c1dc682,6c6b740727124bb08b237aa949d8f7d5,2018-06-19 09:18:15,65.02,12.76
d59c419466724d7f807899bc4d115a53,1,9e97620fff8d42d5ab62dac205c782a6,6c6b740727124bb08b237aa949d8f7d5,2018-06-02 03:18:15,84.4,8.5
d59c419466724d7f807899bc4d115a53,2,9cd1490631c1488ca9c7d9c7257b8cba,6c6b740727124bb08b237aa949d8f7d5,2018-06-02 03:18:15,32.08,8.5
b10253a988614beb871e458a7281c686,1,00f84dba5aa1491781ecaf85fb02ce0a,6c6b740727124bb08b237aa949d8f7d5,2018-06-07 10:18:15,51.41,8.5
b10253a988614beb871e458a7281c686,2,9e6b7e3c8516498b986a23f98abd5daa,6c6b740727124bb08b237aa949d8f7d5,2018-06-07 10:18:15,74.51,8.5
08bf45e51a6c42fdaa1dbbdcaeab86fd,1,db41ceb2c29e41ae99b7e65ddd753e22,6c6b740727124bb08b237aa949d8f7d5,2018-05-28 01:18:15,124.2,11.74
2c34661b8d5f4c6cb9283452209f081c,1,515c774d67d84e0c82b85e2fb43838d4,6c6b740727124bb08b237aa949d8f7d5,2018-06-27 02:18:15,107.95,19.27
2c34661b8d5f4c6cb9283452209f081c,2,3e425b5e24f34266af766f5117f8cf65,6c6b740727124bb08b237aa949d8f7d5,2018-06-27 02:18:15,15.44,8.5
f1b34ed7d5a7473f8df026f766b50c06,1,5125a8846a194728b1ef141ff25f51d9,6c6b740727124bb08b237aa949d8f7d5,2018-06-02 07:18:15,87.27,10.79
145c5fb83c3b4a818dd0100700f8d53f,1,229cfb6742c0499b84f4fe14a27642f7,6c6b740727124bb08b237aa949d8f7d5,2018-06-07 09:18:15,27.43,8.5
ec9551dc721148059822515d92ed0c5c,1,abfa441e3f7c43dca9da88ce6c6e2834,517e65bc54224d32b89ea5646419dbca,2017-07-30 08:30:32,77.59,15.09
a7a821ed1cb5472480608d98f6f45464,1,af69c9ef5eb04c02832f6dd88c552805,901ef24ccd9a42f1866d33ddb1f3629b,2017-10-22 03:00:41,85.82,8.5
0c45a6add9324c5596efcf083b27e901,1,b29ae416afdd40ff90a6e3a26127434c,901ef24ccd9a42f1866d33ddb1f3629b,2017-10-25 23:00:41,95.81,20.36
ee10c73e8bd949478a8d96c64aeeefe8,1,54fd0302d42b4681ab8c174fc5593ad4,901ef24ccd9a42f1866d33ddb1f3629b,2017-11-03 01:00:41,24.57,8.5
14ed52dc5c314b218657f3aa91963ad5,1,f7a344b17f294348903e5fdf4d0860df,d77473874b3e43c58e8d3787f36464ab,2017-06-30 05:45:44,224.1,44.84
14ed52dc5c314b218657f3aa91963ad5,2,0f577f4856044081a067680fd1c38590,d77473874b3e43c58e8d3787f36464ab,2017-06-30 05:45:44,270.41,38.66
63afba1b80694962a3decc7280c1a59b,1,ca03971415be42f6843ba67d06ce0fbe,d77473874b3e43c58e8d3787f36464ab,2017-07-01 10:45:44,48.94,8.5
ee16d261b57c442f98c2a88ab18a6929,1,bbcbc06913f1417f96ef1a242969be9a,d77473874b3e43c58e8d3787f36464ab,2017-07-03 22:45:44,29.61,8.5
ee16d261b57c442f98c2a88ab18a6929,2,1f9599d82ebe4e65a33e000ac6ea3a0e,d77473874b3e43c58e8d3787f36464ab,2017-07-03 22:45:44,30.41,8.5
ee16d261b57c442f98c2a88ab18a6929,3,b09f581b54cc4e199cd649de28e9ff82,d77473874b3e43c58e8d3787f36464ab,2017-07-03 22:45:44,60.44,8.5
feb53ee675c446ffa1d0acc0af196610,1,07759cda858a4a7daead2ca1731c814b,d77473874b3e43c58e8d3787f36464ab,2017-07-18 00:45:44,192.02,21.39
4f249b4bf6ee4e79b57fd62968ea3853,1,b9c77bde49ff4ef89b1be5fb74df32a1,d77473874b3e43c58e8d3787f36464ab,2017-07-16 05:45:44,27.54,8.5
bf879c01583a4d509f49d3cadf0c26d7,1,7ff01c0664364abaa5751a05d258e340,d77473874b3e43c58e8d3787f36464ab,2017-06-28 02:45:44,93.85,16.51
1a2d5b3995714356addf7edb36a66ce0,1,5146c66ba7444a9a82180d48e3471452,d77473874b3e43c58e8d3787f36464ab,2017-09-06 17:45:44,41.05,8.5
6f52d94ba7714e63b6e1e4bed76decb3,1,686c24682d344473ad82eb9f8a96e1be,d77473874b3e43c58e8d3787f36464ab,2017-07-10 04:45:44,69.92,9.47
c0511d5abc0d449b93c9d3e23e536056,1,2d402d763ad64299b09745ad6214d9f3,d77473874b3e43c58e8d3787f36464ab,2017-06-30 00:45:44,47.92,8.5
d48ab283494040a89fbec7a383af409f,1,0b20ad599efc43358c6ef1ed32f7a290,d77473874b3e43c58e8d3787f36464ab,2017-07-16 05:45:44,153.6,28.95
1a9eaeaa446b46a0aab547563616fe14,1,c4fdbdb0c93140f68b2212647a35993b,d77473874b3e43c58e8d3787f36464ab,2017-07-28 07:45:44,50.23,8.5
2945cabc03174774b54f7e4fa7bbd807,1,c60302fe26ce4d91aeedd8f0752b9565,d77473874b3e43c58e8d3787f36464ab,2017-07-10 03:45:44,96.34,19.74
809c594429d44b4783b0b7954cd15c10,1,40f004bb3d604a5c9358a041ecf52c56,d77473874b3e43c58e8d3787f36464ab,2017-06-28 15:45:44,292.62,62.56
1f5b6d79f99a45928e8ac40324f5216d,1,dc6b2dfa2adc4005bccf4cbbfc02465c,d77473874b3e43c58e8d3787f36464ab,2017-07-11 06:45:44,61.52,8.5
195fde1317124ad796857df32938a963,1,5bcf6abb234f4fcaac9a71a21ca4e56b,d77473874b3e43c58e8d3787f36464ab,2017-06-26 16:45:44,66.44,13.98
b212c33b857343ad8eb6341e2aac17e1,1,738ac275700f4d4b91949a1b4344aaa9,d77473874b3e43c58e8d3787f36464ab,2017-07-31 05:45:44,151.26,21.06
46a632e054444e988805f48148e45ff4,1,95de75afaf174ac19e27442887369880,d77473874b3e43c58e8d3787f36464ab,2017-07-14 16:45:44,89.25,18.66
1f4aed6bbed34252b0466e4c6d01d453,1,32faeea62ac447f5a16c048e7890eb1d,d77473874b3e43c58e8d3787f36464ab,2017-06-29 00:45:44,116.41,23.15
da3c7c62beb0491ba8942f1aa39023dc,1,68abbb31633c4080920275afe293abdd,d77473874b3e43c58e8d3787f36464ab,2017-07-04 05:45:44,53.28,9.23
ffcc141e95aa44268d20a80506bc85e4,1,bce8cabe25544f9a975c5ed7925357a2,d77473874b3e43c58e8d3787f36464ab,2017-07-25 09:45:44,210.91,44.63
4a304bfc74b746d2ab8f442fb25f6d85,1,cb4cc6a559fc4437aa9b5be6a60a39c1,d77473874b3e43c58e8d3787f36464ab,2017-07-12 09:45:44,157.36,30.62
801fb57d73174f6b9116d46054892125,1,44bdb96b31034213a9d9cf695fbf5d48,d77473874b3e43c58e8d3787f36464ab,2017-07-13 02:45:44,120.33,20.02
3292341a6c1e4c0884d0f3fa2f1e4c2f,1,8a396819e6344340ac61e8939c84580c,d77473874b3e43c58e8d3787f36464ab,2017-07-12 03:45:44,34.48,8.5
d4b5d01a29df45d28c44ece93194b84c,1,93b06205876c4864b4c0b77e99c0904e,d77473874b3e43c58e8d3787f36464ab,2017-07-11 10:45:44,35.12,8.5
d4b5d01a29df45d28c44ece93194b84c,2,25a634ed47bb4877a9f38985821d410b,d77473874b3e43c58e8d3787f36464ab,2017-07-11 10:45:44,34.12,8.5
096d2fa5884340c2ac1e31c14450485f,1,8143676461c74c82afe66c0f4655dea5,d77473874b3e43c58e8d3787f36464ab,2017-07-18 04:45:44,210.28,37.95
ab2d55be6b874d5685a27da1fe5687a2,1,7682cebd7d68400290ee742d6aab9dbd,d77473874b3e43c58e8d3787f36464ab,2017-07-22 21:45:44,217.7,33.45
b84d2048081d488789d2b1f2149881d6,1,4ce2f134095f493c95c47cbbf7f26618,d77473874b3e43c58e8d3787f36464ab,2017-08-17 22:45:44,35.79,8.5
828af6df776b491285a6f94dfb125bd2,1,f1e3d75dfe9947de82f18ae10aa3791d,d77473874b3e43c58e8d3787f36464ab,2017-07-17 17:45:44,61.96,13.28
fe8fc62b50924118b2839aacd8423130,1,3a422dbdaebc426d974617f87830a28f,d77473874b3e43c58e8d3787f36464ab,2017-07-16 09:45:44,201.05,37.62
9c1cc1c8d610408a9f8863c0b382cd31,1,39c19114ad1049e086879ea89adfe462,d77473874b3e43c58e8d3787f36464ab,2017-07-20 05:45:44,23.43,8.5
8a183f1b59b74eeca9d7baa5166e674a,1,c740848b8fef49fc9947f10a3e2f2760,d77473874b3e43c58e8d3787f36464ab,2017-07-04 06:45:44,108.53,17.91
fbae1dd89b844ff0ae052e0d063febb8,1,a07775d85f03481bbc9cfc7877070426,d77473874b3e43c58e8d3787f36464ab,2017-08-09 18:45:44,19.28,8.5
fbae1dd89b844ff0ae052e0d063febb8,2,bdda117a6a0c4096b503c65d5e952f62,d77473874b3e43c58e8d3787f36464ab,2017-08-09 18:45:44,110.33,17.9
01344aa221974003a2d034baec0c75b0,1,a079193ea0924f6dbba68e122f5aaeb5,d77473874b3e43c58e8d3787f36464ab,2017-07-02 02:45:44,229.09,25.02
305c1c15e99b4bf1ada3e379bd3293d8,1,06c82ae9b9384ca3b9590eb82e3e351e,d77473874b3e43c58e8d3787f36464ab,2017-09-12 15:45:44,27.72,8.5
c7bd35092d4f4240a85d9a153dbc220c,1,9e97620fff8d42d5ab62dac205c782a6,d77473874b3e43c58e8d3787f36464ab,2017-07-20 06:45:44,231.17,41.71
4edd9c218d094884a70e17d000f8aee0,1,5476066d71d04a85939ffdc9ea206e59,d77473874b3e43c58e8d3787f36464ab,2017-08-07 19:45:44,64.47,10.04
1256db606a0a467083d30f3f22b324d5,1,86a137bacde64f33a230e776df0fa93f,d77473874b3e43c58e8d3787f36464ab,2017-07-10 03:45:44,45.44,8.5
021b21688b9a4d02a41d649af5eea8f8,1,c29e0cc8685e4a30a3a685f2845e388d,d77473874b3e43c58e8d3787f36464ab,2017-07-17 01:45:44,39.1,8.52
021b21688b9a4d02a41d649af5eea8f8,2,9b0e4ac9dbc84fe68d05e232c0ce2a21,d77473874b3e43c58e8d3787f36464ab,2017-07-17 01:45:44,95.6,8.5
021b21688b9a4d02a41d649af5eea8f8,3,beb6a77ba3e74d40ba332dfeae24db5c,d77473874b3e43c58e8d3787f36464ab,2017-07-17 01:45:44,87.66,16.63
26ad1da670654893b26989ec0af58e96,1,8440fa30c0374c76971a72181df7ae5b,d77473874b3e43c58e8d3787f36464ab,2017-07-18 16:45:44,165.05,14.91
720230885a374c00b68e7790bcc6b13b,1,571d5ed2f68246f2b85ab4b024a43cfb,5f9c80bbc16a4c8ba3fbe7214e019960,2017-12-16 12:42:23,139.97,26.63
574f76d3ecc04e659d5c1b00cdb6dfa0,1,2d3d7ed96b8049ff9b4af5d88c11c79e,5f9c80bbc16a4c8ba3fbe7214e019960,2017-11-24 22:42:23,83.55,8.5
d54d6af326bb48aa83dad3efdbe5867e,1,4d5f747d841145c583309c90cc159d97,5f9c80bbc16a4c8ba3fbe7214e019960,2017-12-22 00:42:23,37.15,8.5
d54d6af326bb48aa83dad3efdbe5867e,2,9114028ab504439189ac0d89fc7f4b4f,5f9c80bbc16a4c8ba3fbe7214e019960,2017-12-22 00:42:23,117.53,18.83
2710d6f4941a4acb8306c05bde8c0f0c,1,91cc4de8e5234af598538dfa0265fdde,5f9c80bbc16a4c8ba3fbe7214e019960,2017-11-25 11:42:23,106.26,18.53
110675b8eb614cfea041d6572f57dba1,1,6ba91efe9dff4c09ad995ed7b5258f23,a99a2ed3f54d4acba7d601a8a770e245,2018-02-05 07:05:52,49.67,8.5
a2260e3940234461931d6d0c9a590bb8,1,1a918f08e1784107916f2bd51c08cf18,a99a2ed3f54d4acba7d601a8a770e245,2018-02-03 19:05:52,76.76,15.82
19bd4352734b407a805f4cc0ea56cc1f,1,7740e21617cb4d0c9d341ae7196c2bab,a99a2ed3f54d4acba7d601a8a770e245,2018-04-06 15:05:52,141.0,13.78
78d7a8d03469488bb5f5d74b46d4e368,1,6b68d013d3e24fb9873f565995cb22f0,a99a2ed3f54d4acba7d601a8a770e245,2018-05-02 21:05:52,367.15,50.48
78d7a8d03469488bb5f5d74b46d4e368,2,d0331c8b8de14c9eaf3a9785cb36a63a,a99a2ed3f54d4acba7d601a8a770e245,2018-05-02 21:05:52,45.15,8.5
78d7a8d03469488bb5f5d74b46d4e368,3,ac05f7781b784483b4f09e7ae73cc7c0,a99a2ed3f54d4acba7d601a8a770e245,2018-05-02 21:05:52,64.89,14.13
27c3ea9cd7e94bb0bd054c574b165732,1,9b1521a8cc294fbf91bf2db0f30f05f1,a99a2ed3f54d4acba7d601a8a770e245,2018-02-07 08:05:52,92.46,15.55
398d73f5119a4709a6e0e59cc66fc684,1,6ba91efe9dff4c09ad995ed7b5258f23,a99a2ed3f54d4acba7d601a8a770e245,2018-03-02 05:05:52,41.58,8.5
6ea61042b9684a3386d7c752f8815803,1,28f634b62d4043e0aac44f369ded1390,a99a2ed3f54d4acba7d601a8a770e245,2018-02-11 00:05:52,69.16,8.6
6ea61042b9684a3386d7c752f8815803,2,c75e3a1d0f5e41e4a2fc7eb45cd4eec4,a99a2ed3f54d4acba7d601a8a770e245,2018-02-11 00:05:52,35.2,8.5
0fca608d8cca460382f4272e84f21e31,1,4f6bcc525e594b52902551ceed99e429,a99a2ed3f54d4acba7d601a8a770e245,2018-02-16 18:05:52,201.28,39.68
64545e387a4b450281917e861806bac2,1,21b0ef4da02b4587bddc16e39134f380,a99a2ed3f54d4acba7d601a8a770e245,2018-02-28 12:05:52,105.53,16.89
2af835226c26437d92abd8bdb692bf12,1,5c11cbe5c9fd42ea9e0bb0e61b8fd904,a99a2ed3f54d4acba7d601a8a770e245,2018-02-08 10:05:52,70.8,14.44
4515cc653dde47079ac2d0ca40308de2,1,9e04754c2cb146078e898370a52a31db,bfba69e39008470c8a97c6f245eb46d1,2018-05-24 22:20:49,100.28,16.48
4515cc653dde47079ac2d0ca40308de2,2,c740848b8fef49fc9947f10a3e2f2760,bfba69e39008470c8a97c6f245eb46d1,2018-05-24 22:20:49,82.35,13.31
e00257bd483a4cc7bdc0e7374841fde6,1,0ab9e8a5d9fd415b958c5479d0476934,bfba69e39008470c8a97c6f245eb46d1,2018-05-22 13:20:49,124.29,20.64
e00257bd483a4cc7bdc0e7374841fde6,2,ef333f44f4e549629d234085e47a3125,bfba69e39008470c8a97c6f245eb46d1,2018-05-22 13:20:49,86.44,10.03
7f69cf873b4b4eeaadd631ecb72c650b,1,9861f4e896514572ab99af82fbcc8f1b,bfba69e39008470c8a97c6f245eb46d1,2018-05-15 00:20:49,39.81,8.5
7f69cf873b4b4eeaadd631ecb72c650b,2,b4c530d9a0ac4f42806f601db3383bd1,bfba69e39008470c8a97c6f245eb46d1,2018-05-15 00:20:49,105.52,14.78
e08f014fd8e54d8599fc4183a45afa6d,1,5125a8846a194728b1ef141ff25f51d9,8e300b5b3d0f401784a0d0303fac56b4,2018-02-28 16:44:43,46.86,8.89
9c1dfa82cb3447068bb77d7b3762b3b3,1,a07775d85f03481bbc9cfc7877070426,8e300b5b3d0f401784a0d0303fac56b4,2018-01-02 07:44:43,21.97,8.5
9c1dfa82cb3447068bb77d7b3762b3b3,2,1588900dd56748588b24ee5e5c7beea4,8e300b5b3d0f401784a0d0303fac56b4,2018-01-02 07:44:43,42.88,8.5
ebef1399077a463c90e8231d6b9e135a,1,3f130cb3ab2c47c1b539426199050b73,8e300b5b3d0f401784a0d0303fac56b4,2017-12-25 15:44:43,69.59,12.41
b8c74f6e4ad94394bae58556794501ef,1,d0ab61a2f8ae49e98ab5b664e157b11c,40c40d62610042dab8e62c3983020481,2018-04-20 14:46:44,25.55,8.5
67f451c7c45d43bda16a8b33a313edec,1,8d46d80d53a94081984e1d83be0e87f5,40c40d62610042dab8e62c3983020481,2018-04-19 07:46:44,573.9,58.12
72eaf7d73c1947a8bc9121bc57fb2328,1,392057b0eaee419c8e94fa5fd571fa04,40c40d62610042dab8e62c3983020481,2018-03-29 14:46:44,60.4,8.5
72eaf7d73c1947a8bc9121bc57fb2328,2,f829d0bf1c4447918844f2698a5d0b0c,40c40d62610042dab8e62c3983020481,2018-03-29 14:46:44,245.87,44.61
8d04430ce4df4c66b3be506b77be6afe,1,aa5df92d78934c4c89f1f8898816e236,40c40d62610042dab8e62c3983020481,2018-03-25 14:46:44,334.39,41.92
5031093da3e7470a9d6c8f68eb76198e,1,2e923e3c50f549658b642e693cfab9f5,40c40d62610042dab8e62c3983020481,2018-03-30 04:46:44,69.88,11.68
9d2c886f72d2405187ec1614e0e8bb2a,1,c4fdbdb0c93140f68b2212647a35993b,40c40d62610042dab8e62c3983020481,2018-03-21 21:46:44,26.71,8.5
37385cd9304a4c96a73ee56979c480c7,1,2d5009ce8834498a907ad317b4031b44,40c40d62610042dab8e62c3983020481,2018-03-27 20:46:44,82.72,16.49
37385cd9304a4c96a73ee56979c480c7,2,637518c4a8b0450db5949f81b0badb5d,40c40d62610042dab8e62c3983020481,2018-03-27 20:46:44,73.21,13.68
e516961eede642b4bdf287fabdafebf5,1,dcefdd62b9a844beaded92040e431692,40c40d62610042dab8e62c3983020481,2018-04-08 20:46:44,42.97,8.5
a037536085f34c79a4238a463152deef,1,4fe901af6e6c4e40bf2cb198c0b0fc00,40c40d62610042dab8e62c3983020481,2018-05-02 04:46:44,53.39,11.65
830ee577ace940c4826f7ece0189b752,1,8440fa30c0374c76971a72181df7ae5b,40c40d62610042dab8e62c3983020481,2018-04-22 02:46:44,140.23,14.13
830ee577ace940c4826f7ece0189b752,2,c0e77397c88b4e998535d316d83486f4,40c40d62610042dab8e62c3983020481,2018-04-22 02:46:44,31.5,8.5
a6197b1b6c8040e98c79d013dd5a68d5,1,d3b5d812d4ef440a840f95a30f83f83a,40c40d62610042dab8e62c3983020481,2018-03-20 15:46:44,151.99,32.33
06788188afd04161a886e0064ec2be5f,1,705f23c17ef446b3b03c9e9bd22b10ec,40c40d62610042dab8e62c3983020481,2018-04-18 07:46:44,156.27,12.82
202ba852cf64410c8af47fea4af2f784,1,d7f7a77835444c9a82bf993b0ff07367,198226d0aa6749daabf3bb5b66866aa1,2018-02-26 15:45:44,58.36,12.41
227dad7ba753446f9e2aeb9ac93215f5,1,9b1521a8cc294fbf91bf2db0f30f05f1,198226d0aa6749daabf3bb5b66866aa1,2018-02-25 22:45:44,62.21,9.84
acb124c7fed04f36b0200178ecb21d25,1,345809a2126b4343bfec56aa2a8d9f16,198226d0aa6749daabf3bb5b66866aa1,2018-02-22 11:45:44,67.99,13.89
d4bd2ec65a0e43a1801598cde8d077f0,1,bbcbc06913f1417f96ef1a242969be9a,198226d0aa6749daabf3bb5b66866aa1,2018-06-12 06:45:44,36.28,8.5
0130f3ffb58143b78c50d14239710b86,1,315ded28a3de45d59ca22c05b283f1c1,198226d0aa6749daabf3bb5b66866aa1,2018-04-01 13:45:44,57.18,8.5
0130f3ffb58143b78c50d14239710b86,2,0fa0e03c16624b089470a691c452a201,198226d0aa6749daabf3bb5b66866aa1,2018-04-01 13:45:44,66.14,8.5
f00afefc5ee8493e9cf57b03a7d94af6,1,5cf17b8d47a64ca59b64117de91e7187,198226d0aa6749daabf3bb5b66866aa1,2018-02-25 04:45:44,41.58,8.5
9c58a94e30ab45d0ba21284bc0039330,1,515c774d67d84e0c82b85e2fb43838d4,198226d0aa6749daabf3bb5b66866aa1,2018-02-26 17:45:44,177.67,24.91
8ae20fabbde6475f83ca8de2f5485588,1,d4a3eb3c66a24845887d4512b70e2b9f,198226d0aa6749daabf3bb5b66866aa1,2018-03-25 16:45:44,116.82,21.31
04054beeea9149d4ad9900d33f79e0fc,1,6f1796cd339044e0a1662087c3c7ff46,029d6027b42e45d9ae9aa8e375be8f62,2018-03-18 01:00:10,89.8,8.5
dd881cd0500948aab577415f82eff89d,1,cd8bbcae3e8f4197affe5248f219d4d1,029d6027b42e45d9ae9aa8e375be8f62,2018-04-07 16:00:10,175.52,21.5
dd881cd0500948aab577415f82eff89d,2,4ff9d07885a44814a66af1b6e6c47b14,029d6027b42e45d9ae9aa8e375be8f62,2018-04-07 16:00:10,33.46,8.5
1300dd7c1afd47218d4eda6fef507551,1,6008cf7f38304a07a5db5fd167d9a582,029d6027b42e45d9ae9aa8e375be8f62,2018-04-01 18:00:10,150.82,13.07
957494443d0a4d84837550596195e11c,1,f6a52733c953480bbc68d4a00e8ed1da,e829dc0652a940dc839f44093c5208a9,2018-01-25 10:48:30,168.81,19.19
957494443d0a4d84837550596195e11c,2,38d84a0506ba4fdabb24af532d5d293d,e829dc0652a940dc839f44093c5208a9,2018-01-25 10:48:30,74.92,8.5
8bf3b43f899a4c6cad90bc7c0c68c453,1,7324771a13da41799015ba377792a490,e829dc0652a940dc839f44093c5208a9,2018-02-01 21:48:30,75.13,8.5
b172ec348e2c42e7ab330f27853d0493,1,f1c12b5617c5442d86c2934c517de3bc,e829dc0652a940dc839f44093c5208a9,2018-01-13 03:48:30,25.83,8.5
3f8a25524f734c49986ef632e155e1be,1,6e9670c39e694a0289db579ac1bc4d00,e829dc0652a940dc839f44093c5208a9,2018-01-24 15:48:30,70.71,14.21
b5599d147b814b41bc2d173a73959475,1,52c696da9573428e917bfdded6025a8e,e829dc0652a940dc839f44093c5208a9,2018-01-23 10:48:30,135.43,26.77
b5599d147b814b41bc2d173a73959475,2,168aba01f177424b988028941413d692,e829dc0652a940dc839f44093c5208a9,2018-01-23 10:48:30,60.85,8.5
eb6e48ed88d1461aa38174210449fe16,1,0f30784df72e4d53aa4949c24ce9f8b9,6341be1149794877b4325529c65b2e43,2018-01-06 04:04:43,151.07,12.28
eb6e48ed88d1461aa38174210449fe16,2,e3e66dd509b94f68b92dad2356588683,6341be1149794877b4325529c65b2e43,2018-01-06 04:04:43,80.8,16.17
13c9c59d62ee40c9a815ea1d3ebdf773,1,ce10673faed44fa38110d8daff0d0d5f,6341be1149794877b4325529c65b2e43,2017-12-28 22:04:43,42.56,8.5
a1fe8dcd0d1b498dbb6bd57df55327a9,1,71090502dbf74289baa0b1113a649b7a,6341be1149794877b4325529c65b2e43,2017-12-24 00:04:43,44.36,8.5
913e3be370a945a98a58148043d83884,1,01a2e162e71d4baebcb561917f105188,6971488176f64f3f923b58ed53ed510a,2017-11-26 15:57:14,40.94,8.5
c3cb6645ea1d414b82b1b8d3b3bdcf34,1,05688c66890a44f3a8853d92388e848b,6971488176f64f3f923b58ed53ed510a,2017-12-01 21:57:14,58.4,12.4
5676c1db432b4ec7816d049f37bb92d6,1,6d53c81c099f4e71b7dd2f5938f3beb1,6971488176f64f3f923b58ed53ed510a,2017-12-06 22:57:14,24.04,8.5
0e391e2cba1b4bd9aa07412b0c4002b1,1,01bb08862f774c17b03d0e94b05898a8,6971488176f64f3f923b58ed53ed510a,2017-11-17 06:57:14,129.69,21.45
479d7e6876b4420898bbb9e98f6d332e,1,e73d46bde6c346b4a0b5223a288c8af2,6971488176f64f3f923b58ed53ed510a,2017-11-22 01:57:14,33.72,8.5
479d7e6876b4420898bbb9e98f6d332e,2,9c67395cb0184bb9ad2ad2c3d3663b74,6971488176f64f3f923b58ed53ed510a,2017-11-22 01:57:14,27.66,8.5
92d98820926249e0b02e949b142764b1,1,515c774d67d84e0c82b85e2fb43838d4,82a93351ad704a14838fc7e36d01826e,2018-06-27 00:18:46,67.66,8.5
92d98820926249e0b02e949b142764b1,2,864bfbca22e543c2a9d1111e5d630d89,82a93351ad704a14838fc7e36d01826e,2018-06-27 00:18:46,34.43,8.5
b5d0326dbbf6468b921b50618e9b223e,1,ddad49438570447d9e1064bdae33e265,82a93351ad704a14838fc7e36d01826e,2018-07-25 05:18:46,34.47,8.5
57515a9166254dc3b617f737d24dd838,1,d7b91173a4414251bf6472db36964ef2,1c891a699078494fb4a32bc11d4c8e48,2017-11-26 03:28:03,30.93,8.5
1f9a70ac74ad4768bcec23a32ea18b6f,1,1f1b9029351d411ba63ab9314c1c7494,644ca81db2c244b495cf1edc2b20331d,2017-08-24 20:58:55,23.18,8.5
b8593dd2d43740be81a1969aa20e39d8,1,7ff01c0664364abaa5751a05d258e340,644ca81db2c244b495cf1edc2b20331d,2017-09-06 00:58:55,43.15,8.5
4e031e652f7c4136acde9f2458ebf259,1,6eb4e94770034034af0e2ab526721538,644ca81db2c244b495cf1edc2b20331d,2017-09-08 10:58:55,6.93,8.5
76c6a73273904f57ad2c155a3d5f91c3,1,0fe83b96d62b415cb33e8bcdc052f6c3,05ba560e12c348439f00772cf588567a,2018-06-24 15:56:37,803.92,124.9
9f73de24ea254ea0b50ce9579e9c886d,1,04bfdebca74e4f89808b43985b8f4c09,05ba560e12c348439f00772cf588567a,2018-06-20 02:56:37,39.94,8.5
9f73de24ea254ea0b50ce9579e9c886d,2,d9382339b69d4b4cbc17e601844a6990,05ba560e12c348439f00772cf588567a,2018-06-20 02:56:37,74.55,16.08
9d52b0bf899e4b599b965fd0dcbd461f,1,14264f74e0194082bb4d36c761037b2f,05ba560e12c348439f00772cf588567a,2018-06-01 09:56:37,190.4,36.49
3ceb6fa8203541f8bca4209add6e0213,1,e950deedc1f14e5d94b51d8bf6101a9e,c59f85cb5753420fac9abd47ac55f568,2017-07-09 17:34:37,341.96,30.58
fe62e1a06ae4488ea766efb07dc02b2c,1,f4fe6b0c9b624cd698daf0a70480ddb2,c59f85cb5753420fac9abd47ac55f568,2017-07-25 03:34:37,118.29,25.32
5435d14e8c024c3dae9283c91eee7b92,1,9e6b7e3c8516498b986a23f98abd5daa,c59f85cb5753420fac9abd47ac55f568,2017-07-17 08:34:37,203.48,25.56
5ebc9993b21848a894b3d98249d3c81d,1,d35f192bee104404ad77f6922acf6a65,c59f85cb5753420fac9abd47ac55f568,2017-07-17 17:34:37,122.42,18.29
ddf3e373403244a786a6c8e27b2cc35e,1,3d6f3005222f45438b7f6d6a8d53d2e7,c59f85cb5753420fac9abd47ac55f568,2017-07-04 02:34:37,170.96,32.76
1bf756d362ae409697a120983e8d111b,1,c4fdbdb0c93140f68b2212647a35993b,c59f85cb5753420fac9abd47ac55f568,2017-07-07 23:34:37,280.71,38.64
a6d91550d0714f7491c3e8c6e4ec7dee,1,a33fc612756941f2bae3c5900c4c9ce6,c59f85cb5753420fac9abd47ac55f568,2017-07-03 13:34:37,69.3,8.5
f35b376d753442c59b459b3340cc1abb,1,9bd68970c30e41e5a18bf0558ef98252,c59f85cb5753420fac9abd47ac55f568,2017-07-24 23:34:37,57.37,8.85
f35b376d753442c59b459b3340cc1abb,2,71090502dbf74289baa0b1113a649b7a,c59f85cb5753420fac9abd47ac55f568,2017-07-24 23:34:37,216.38,44.92
bb74453e0d434f2b99f249b199b3df3a,1,fc0238c296234b3390fb70edcae4db67,c59f85cb5753420fac9abd47ac55f568,2017-07-18 02:34:37,98.16,9.45
bb74453e0d434f2b99f249b199b3df3a,2,e3e66dd509b94f68b92dad2356588683,c59f85cb5753420fac9abd47ac55f568,2017-07-18 02:34:37,140.4,15.19
0dfa220bf0704d4682d62df371369a39,1,d20158c558f24b3eb2ccb92c69a63827,43ab8133fb6747b7a5d39956f5201585,2018-07-04 05:49:17,57.72,8.5
abd15c3544da4cfbaf6f569c90acea21,1,9e04754c2cb146078e898370a52a31db,a21629a5ded84ae6a4998ffccd333800,2017-10-13 17:48:43,139.76,21.28
c1a2bb8dce24488eb157e10afcd2d22b,1,1dbf26c3a0b04e0c86b401c6eea46bbc,a21629a5ded84ae6a4998ffccd333800,2017-10-09 13:48:43,175.24,16.62
e4650c8a5160429db53af4fca906ae0e,1,953c34dff9884496a6ced1eb2aec8a4d,7f9b42a893794dad8249083f07977fcb,2018-08-31 04:12:15,46.71,8.5
dad401dbd3024a1a99cb82a5812efa27,1,7c88cbb90cac43acbe50ca2290985c7b,7f9b42a893794dad8249083f07977fcb,2018-06-10 11:12:15,27.26,8.5
dad401dbd3024a1a99cb82a5812efa27,2,cd883bfbcac54639bb545492da061a2d,7f9b42a893794dad8249083f07977fcb,2018-06-10 11:12:15,33.53,8.5
dad401dbd3024a1a99cb82a5812efa27,3,1a918f08e1784107916f2bd51c08cf18,7f9b42a893794dad8249083f07977fcb,2018-06-10 11:12:15,52.4,10.42
69c33e505e5545fbac3873edf9d59b1c,1,a4e328b20f3f407c89cdd89de13c1744,7f9b42a893794dad8249083f07977fcb,2018-07-16 13:12:15,36.35,8.5
0f407f39bee04b99ba608bb8da899591,1,b22f7e6866c0428187a6c02307b27e8a,7f9b42a893794dad8249083f07977fcb,2018-06-21 01:12:15,87.88,18.88
e31ffcc4f7394e529d88ab003b14acbf,1,21d39e0c1bcd42b0aa6d0a5a37ec7e45,84572c8b4cdb4e6bb8b34443d5bcefc5,2017-09-29 01:45:26,78.94,8.91
e31ffcc4f7394e529d88ab003b14acbf,2,f1c12b5617c5442d86c2934c517de3bc,84572c8b4cdb4e6bb8b34443d5bcefc5,2017-09-29 01:45:26,22.87,8.5
490c94ee128047269805f369a8dd9cb5,1,48ed0f2b65f540069d15b27aece1c29e,84572c8b4cdb4e6bb8b34443d5bcefc5,2017-10-06 10:45:26,110.56,16.12
195ea0468ee448db9cb85ded708ee4ab,1,ebdd6aa026c147ef8e9de4e5859b2e04,84572c8b4cdb4e6bb8b34443d5bcefc5,2017-08-28 03:45:26,46.93,9.34
f08add0fac87497786f43ee27f9ac833,1,09966f014e8946a1b49faef3ae946938,84572c8b4cdb4e6bb8b34443d5bcefc5,2017-09-14 17:45:26,46.91,8.5
82df6944733441d98389bcdc0941a774,1,dcefdd62b9a844beaded92040e431692,84572c8b4cdb4e6bb8b34443d5bcefc5,2017-10-20 18:45:26,41.28,8.5
82df6944733441d98389bcdc0941a774,2,6b505ee1f3064794969aa74ce3ec5614,84572c8b4cdb4e6bb8b34443d5bcefc5,2017-10-20 18:45:26,190.96,37.42
2a1f114282d24f62bd7215c7b44e885d,1,a05ffd4e8e394819a1fa8bbcf565e91f,84572c8b4cdb4e6bb8b34443d5bcefc5,2017-08-27 13:45:26,111.15,19.07
5c84dcc49d6042ea98accd1fb69298ee,1,8d46d80d53a94081984e1d83be0e87f5,84572c8b4cdb4e6bb8b34443d5bcefc5,2017-08-31 23:45:26,87.65,11.81
1ddacad8f2fd454e870c42b5d70f1282,1,e43f17059c6c45b686ef911deb55a897,84572c8b4cdb4e6bb8b34443d5bcefc5,2017-09-05 16:45:26,66.83,10.17
1ddacad8f2fd454e870c42b5d70f1282,2,c60302fe26ce4d91aeedd8f0752b9565,84572c8b4cdb4e6bb8b34443d5bcefc5,2017-09-05 16:45:26,95.28,15.78
4adcaa010d6a4a608609cc6f66fb678d,1,a77532f141d343edacc64d6e9e8bb45c,3a25fa7b82b24e0998c72b378b59de6f,2018-04-06 05:17:25,89.21,16.91
b2997326397c4384a6623edd80dd209f,1,ca03971415be42f6843ba67d06ce0fbe,f96f323b2b4743e9a870ba4371e49538,2017-12-31 01:04:44,114.07,17.23
b2997326397c4384a6623edd80dd209f,2,b2274f055c9a4feabc1b99c701f76de6,f96f323b2b4743e9a870ba4371e49538,2017-12-31 01:04:44,237.38,49.63
4705dc1859f5468a9b3f86109172ad16,1,61e5e7feca5a45b3a8cce027c724bdfb,ae8556e9f84443fe974f6ae76d41ca2c,2018-03-07 14:34:23,105.92,14.09
6916e737ce4441a593046f382d6d2f34,1,2d5009ce8834498a907ad317b4031b44,ae8556e9f84443fe974f6ae76d41ca2c,2018-03-20 10:34:23,125.77,24.87
4d24e53a41e446e78b011d35766ce407,1,e73d46bde6c346b4a0b5223a288c8af2,ae8556e9f84443fe974f6ae76d41ca2c,2018-03-06 05:34:23,130.06,25.09
159e11361099467c82b70d53227c9b45,1,9b1521a8cc294fbf91bf2db0f30f05f1,ae8556e9f84443fe974f6ae76d41ca2c,2018-03-13 18:34:23,96.29,19.29
c75a6f50ae4341a1b2e5b27f0c1b4972,1,15a1ec56faf44c9dba8768ebeaa37027,ae8556e9f84443fe974f6ae76d41ca2c,2018-03-18 04:34:23,52.51,8.5
7525d8d8d891491d974a09a8dd84ecf3,1,013d783eb6e24b3aa8f66bbdcb9354d1,ae8556e9f84443fe974f6ae76d41ca2c,2018-03-06 08:34:23,128.47,19.29
efc6736c5fba407390b792ddc22ea31a,1,05688c66890a44f3a8853d92388e848b,ae8556e9f84443fe974f6ae76d41ca2c,2018-03-10 04:34:23,60.69,9.85
a363298bc73f488e9c39ed8087f849b2,1,4f7c7d8403374c27a46bb88bac5c85c8,ae8556e9f84443fe974f6ae76d41ca2c,2018-03-12 08:34:23,74.3,8.5
a363298bc73f488e9c39ed8087f849b2,2,f7242f323cea46bd885a8f6ed384c347,ae8556e9f84443fe974f6ae76d41ca2c,2018-03-12 08:34:23,77.31,8.61
bdaaee02b1cf4abaade9618eca87fa88,1,3288edd2dd964011bec543a51b83d404,ae8556e9f84443fe974f6ae76d41ca2c,2018-05-04 16:34:23,168.53,19.1
fd20477ffac94737886c149b5ddc0386,1,b319a48045484e1d89b008aa30c5d13f,ae8556e9f84443fe974f6ae76d41ca2c,2018-03-12 07:34:23,141.64,16.54
c2da6951ad644cbe9c1dd7b410c18e78,1,3fe52a703a254731a0b1e9c38fe0bc15,209c6d048c5141bfbd16f488cf9883d1,2018-04-07 20:04:33,423.21,62.42
fff20bd1c9c94f5c88ed369ad7fa9231,1,8b722edf7dac409b99a57262eefe0510,209c6d048c5141bfbd16f488cf9883d1,2018-04-12 23:04:33,71.53,14.6
57e7867c3d294d4cbca0d44087da770b,1,d1a9a35929fe4fe4a09176b60ac21528,209c6d048c5141bfbd16f488cf9883d1,2018-04-21 01:04:33,60.83,8.71
c812631a1e1b4a2aa87db5b64a236878,1,a8a6d1acd087426e966316b1ee004365,209c6d048c5141bfbd16f488cf9883d1,2018-04-11 18:04:33,112.92,16.47
92da9626bf8746a28c144582184f82bb,1,0f577f4856044081a067680fd1c38590,209c6d048c5141bfbd16f488cf9883d1,2018-04-01 20:04:33,155.27,32.71
73199980036f4813a183e86573274602,1,9ed1e9afad3a4e93890eb654e82f672e,209c6d048c5141bfbd16f488cf9883d1,2018-04-15 08:04:33,77.88,10.5
d52c751f375d491dab9653a1ac7dbf92,1,5f4a368227e049f3ad5e312ce1c8acf5,209c6d048c5141bfbd16f488cf9883d1,2018-04-09 17:04:33,511.11,88.31
4b3987dc69a344e88eb470abf2383c20,1,49f3cfa7ec9f4664a9f68b384c88dd4a,209c6d048c5141bfbd16f488cf9883d1,2018-04-07 18:04:33,105.58,20.06
2a8903445a374419b2e45a21619fc7ca,1,5146c66ba7444a9a82180d48e3471452,209c6d048c5141bfbd16f488cf9883d1,2018-03-31 00:04:33,98.84,9.34
b98a6d2c78304989b713e1fda022b6ac,1,153c8ef2900c4b70b0fdf5256634d1e8,5c8cf440e60a430fb8c14438c9e64480,2017-09-08 13:53:43,57.23,9.84
a9fd755088904009bc8b3d4a0d32ddf2,1,cc8fab6f2489469790d44d1983d5846e,5c8cf440e60a430fb8c14438c9e64480,2017-09-21 19:53:43,142.51,22.52
a9fd755088904009bc8b3d4a0d32ddf2,2,fd4a13ad0dde4974941b9e08bc8e5253,5c8cf440e60a430fb8c14438c9e64480,2017-09-21 19:53:43,61.28,8.5
fdc215b9e9734641a6d3ff6bfbe0f078,1,bdda117a6a0c4096b503c65d5e952f62,8bbd3a0836b2490b8500c2ab8e64ee0a,2017-06-29 03:54:13,91.21,19.29
c8cae025442040c980d2bb5e7befa087,1,ac03f608b441433c90c01453d112f08f,8bbd3a0836b2490b8500c2ab8e64ee0a,2017-06-26 20:54:13,59.26,8.5
915c10fbf51e4406bfd71cbdf3116fbd,1,36782f79dcce4664a60a295f096af21f,8bbd3a0836b2490b8500c2ab8e64ee0a,2017-08-09 10:54:13,38.03,8.5
36c133d62cfd4fda9c2e9bd6773acdc7,1,a64eb1d52054427f9e16a2a8f3b32f68,8bbd3a0836b2490b8500c2ab8e64ee0a,2017-09-12 01:54:13,304.85,41.88
4fcb73df54e8440f8c24cad8eca7b804,1,43812beab7b64cce97b094cdb2579ec2,6525a31b7b514fb8a54996e71eda79a4,2018-06-22 05:52:24,183.99,35.93
ebc26f7e1840400eb770df2c9648b48d,1,ac46a1f7bf9346d9b2e7f3938b31e2f3,6525a31b7b514fb8a54996e71eda79a4,2018-06-20 11:52:24,54.09,10.57
dbf4bc937a2543708f4d6815b56ba059,1,4fc4ec06879f4e279bad578e3942c0cf,6525a31b7b514fb8a54996e71eda79a4,2018-06-18 05:52:24,142.09,27.98
dbf4bc937a2543708f4d6815b56ba059,2,7049ca289c83429ba2939f86937aac08,6525a31b7b514fb8a54996e71eda79a4,2018-06-18 05:52:24,92.42,19.81
25be991fb7b2408f873c80778825db0e,1,7f01511a193c418c98eea890e389600a,27eb2af5e8ff4711a472e14dba633a8f,2017-07-05 15:55:54,130.86,18.61
df1d910a839a4f219c801c97f931aa27,1,9c67395cb0184bb9ad2ad2c3d3663b74,27eb2af5e8ff4711a472e14dba633a8f,2017-07-15 10:55:54,68.63,11.31
64de8b5b70c141eaa01ef951f83b60d2,1,e5a9ab53deef4434a9e5c480159813c3,27eb2af5e8ff4711a472e14dba633a8f,2017-07-20 00:55:54,145.7,18.61
64de8b5b70c141eaa01ef951f83b60d2,2,6ad0da2659784588b9be7758d2fc2c5d,27eb2af5e8ff4711a472e14dba633a8f,2017-07-20 00:55:54,37.74,8.5
79194de046e14aa0bfe6997b757587d9,1,70c8e3feac1f42c381bb07ff4fede19b,27eb2af5e8ff4711a472e14dba633a8f,2017-06-30 16:55:54,226.75,27.96
bb8a297a2a3842ddbe7a30a9e841ffb2,1,d587586329d648f98ccd97955d3f2d7a,27eb2af5e8ff4711a472e14dba633a8f,2017-07-03 00:55:54,28.95,8.5
bb8a297a2a3842ddbe7a30a9e841ffb2,2,a8a6d1acd087426e966316b1ee004365,27eb2af5e8ff4711a472e14dba633a8f,2017-07-03 00:55:54,24.47,8.5
78de88b385ae401292d645cd906c4205,1,49f3cfa7ec9f4664a9f68b384c88dd4a,27eb2af5e8ff4711a472e14dba633a8f,2017-06-27 03:55:54,26.02,8.5
56a90d4550f34ab58612f9a86e5357a9,1,3e425b5e24f34266af766f5117f8cf65,27eb2af5e8ff4711a472e14dba633a8f,2017-06-24 04:55:54,57.77,9.3
56a90d4550f34ab58612f9a86e5357a9,2,0b20ad599efc43358c6ef1ed32f7a290,27eb2af5e8ff4711a472e14dba633a8f,2017-06-24 04:55:54,165.34,31.36
76b36ad1531d420380de1b4d52c9994b,1,b2274f055c9a4feabc1b99c701f76de6,27eb2af5e8ff4711a472e14dba633a8f,2017-06-25 13:55:54,119.62,9.99
76b36ad1531d420380de1b4d52c9994b,2,1cd7ea7106664ab3b82841a986286df3,27eb2af5e8ff4711a472e14dba633a8f,2017-06-25 13:55:54,258.8,26.49
bd161dae5ad14504915ccc9f2a04199c,1,d44ca1890c7e40069f18fd55ee86a8b4,27eb2af5e8ff4711a472e14dba633a8f,2017-07-06 11:55:54,17.83,8.5
fd9fdabd28434d0d851fd07c4a99db37,1,3c59bc636fba490087e6bcedb3ff1187,27eb2af5e8ff4711a472e14dba633a8f,2017-07-11 00:55:54,150.62,21.62
c3811051c59e42ad92f4d0af6b5df0d6,1,aafe2eadad47445184cf6af00fe91a99,572de480324745df8594158c48b23115,2018-03-24 22:10:50,65.21,9.7
c3811051c59e42ad92f4d0af6b5df0d6,2,ecd9ef0722434060ae2ecbef12603d42,572de480324745df8594158c48b23115,2018-03-24 22:10:50,126.58,19.62
d91947a2211b421b9b98b8c72bf4abdb,1,a7d18cd824094eddac44b5aafdecba18,572de480324745df8594158c48b23115,2018-03-22 17:10:50,209.3,22.41
de0c3af599e54532bd7c7b5905bd775d,1,1d74ad9f319f41019f2c7d17bd2ad97f,572de480324745df8594158c48b23115,2018-03-20 04:10:50,312.91,67.79
de0c3af599e54532bd7c7b5905bd775d,2,221d9833037e4c3da69fd85abd30c68b,572de480324745df8594158c48b23115,2018-03-20 04:10:50,111.07,9.71
de0c3af599e54532bd7c7b5905bd775d,3,dbdcc4dbe1de4a179dfc352a54835cc7,572de480324745df8594158c48b23115,2018-03-20 04:10:50,21.73,8.5
52a2bf62f1eb4d63baf7a01eb14eb5e3,1,7740e21617cb4d0c9d341ae7196c2bab,572de480324745df8594158c48b23115,2018-03-12 23:10:50,586.09,107.66
20a47f2ea4724952bbe01d625d1cb151,1,2384d9dddd8540b89d07e8405d7a07db,572de480324745df8594158c48b23115,2018-04-11 03:10:50,83.77,16.3
74aa84e05e2c40038869d75a8af889e8,1,d1a9a35929fe4fe4a09176b60ac21528,572de480324745df8594158c48b23115,2018-05-07 01:10:50,238.5,40.04
12d1a2fbe5804551a2c108073e1de780,1,dcefdd62b9a844beaded92040e431692,572de480324745df8594158c48b23115,2018-03-26 17:10:50,197.9,31.07
52d4335ccf4e42a8ab272d50e89f1370,1,624e23f9f4ad4ec686d41a843a381c1b,572de480324745df8594158c48b23115,2018-03-29 03:10:50,74.23,8.5
0c7f5a29abad482a990c058ce95b5994,1,953c34dff9884496a6ced1eb2aec8a4d,572de480324745df8594158c48b23115,2018-03-18 07:10:50,19.73,8.5
7d0f476e62f54c29bf61887aa5bb6ee9,1,fe6b6f57dd92406fb14f08e03acdce4e,572de480324745df8594158c48b23115,2018-03-09 01:10:50,180.24,27.04
442cb7ca5aef46d4babe851c8a672224,1,a7d18cd824094eddac44b5aafdecba18,572de480324745df8594158c48b23115,2018-03-15 16:10:50,174.38,26.71
29f3b486d3d74d1784e6c6dcf8368345,1,8a396819e6344340ac61e8939c84580c,572de480324745df8594158c48b23115,2018-04-11 04:10:50,164.76,14.82
d007d9da4c5143c18227c811b8e17bdc,1,2d3d7ed96b8049ff9b4af5d88c11c79e,572de480324745df8594158c48b23115,2018-03-11 20:10:50,43.51,8.5
b0699458abea4a1eb4e8f3f6c5b2f82c,1,32faeea62ac447f5a16c048e7890eb1d,572de480324745df8594158c48b23115,2018-03-08 14:10:50,34.37,8.5
c454a292e00944abb528501cbcac6ec6,1,1c456e659155442a83a9605fa921949a,572de480324745df8594158c48b23115,2018-03-19 05:10:50,49.28,8.7
c454a292e00944abb528501cbcac6ec6,2,8e394601b3ad4220a588dc0880239e0d,572de480324745df8594158c48b23115,2018-03-19 05:10:50,64.24,10.91
29f18263c6ac4c39b4a7a1393060421f,1,599693169a8c46398daad3b4cd656065,572de480324745df8594158c48b23115,2018-03-27 21:10:50,100.35,8.93
29f18263c6ac4c39b4a7a1393060421f,2,6bc33349c5b742a491b88b94e0c7efa9,572de480324745df8594158c48b23115,2018-03-27 21:10:50,83.74,13.53
3d4f841ead3b4067b69d0a153c9b2ddf,1,0fa0e03c16624b089470a691c452a201,572de480324745df8594158c48b23115,2018-03-08 15:10:50,153.3,24.21
110552f5790f4c2f828bf1ce0f128f42,1,6ba72f89f95e4036a8dea94f7bbc892f,0cf3fbae3c334c2a8cee27e200bd9d40,2018-04-03 17:51:39,38.89,8.5
c6723bbb1c7142968066e6aeffdaf10b,1,1cd7ea7106664ab3b82841a986286df3,26b185b1fc054fbdb69813c05a6eec26,2018-08-04 07:57:56,95.6,20.73
c6723bbb1c7142968066e6aeffdaf10b,2,2c1fbff24c4e49f3b51dff1f719d55e8,26b185b1fc054fbdb69813c05a6eec26,2018-08-04 07:57:56,80.65,14.14
f434999ef0254c45a5f4a659abf013ee,1,6ee213734d9f451fa501a36f457ba0c6,26b185b1fc054fbdb69813c05a6eec26,2018-06-15 23:57:56,39.55,8.5
7e42324d32bc4cff8b059ca163251638,1,345809a2126b4343bfec56aa2a8d9f16,3dc4f499af304c2c9b95d51dd2ca2a3d,2017-09-28 03:05:35,41.35,8.5
908a85145fbf4efa91b894df4dcdc85c,1,99ebce5de3184589986a16e8e7961102,3dc4f499af304c2c9b95d51dd2ca2a3d,2017-10-11 13:05:35,72.69,8.72
12e2ffa668e540428045f4fa11981ae2,1,70d1d567263a4ffca71c57a40b569ac0,3dc4f499af304c2c9b95d51dd2ca2a3d,2017-08-30 01:05:35,143.23,20.33
3b4b3b0e0142412399938df9ec10f39c,1,cd1254f416eb40dda405182ed9ddc941,7ffe71ab1e3f48beb0855ebbd7467bd2,2017-09-05 08:15:49,380.25,34.85
59c924417b9049e2ada1b783317d70ba,1,5f4a368227e049f3ad5e312ce1c8acf5,7ffe71ab1e3f48beb0855ebbd7467bd2,2017-09-13 04:15:49,367.09,71.96
149396f05188418cb059e590b44f638a,1,9914a5ae92574e3da512b327dbfa95be,7ffe71ab1e3f48beb0855ebbd7467bd2,2017-09-04 19:15:49,84.61,13.35
bc470f0e81194769a47ace0fdbc11a2e,1,cd883bfbcac54639bb545492da061a2d,7ffe71ab1e3f48beb0855ebbd7467bd2,2017-09-06 18:15:49,121.15,12.21
87765af3ba74429b83a1a53ad11b63e6,1,6c7af5e24af6424c960282f49ac9b498,8b52a30214124b079ef812990fc450d1,2017-08-15 08:01:27,37.25,8.5
484826174bee4147a378b8c3227c7f4d,1,5c871f3f35ef42808fecbcb3e6f549d8,8b52a30214124b079ef812990fc450d1,2017-08-28 09:01:27,74.94,16.38
0d342f7c621247a393ed420fc3fed34f,1,cc80be784d794b17a4babc0c5c0a1e33,8b52a30214124b079ef812990fc450d1,2017-08-22 09:01:27,72.57,11.93
de0265f882614456ad385289fe35b250,1,40964d8120a84310b63c950dc3d57324,8b52a30214124b079ef812990fc450d1,2017-09-18 04:01:27,67.45,11.05
eb35e6cf6ff8407c88a8111da69c3e26,1,1c8fcfb9f392471abc2ac13537f7ea2a,8b52a30214124b079ef812990fc450d1,2017-08-17 09:01:27,30.33,8.5
ced9e2f3d2654da2ab41a0d0bcde5f8f,1,43812beab7b64cce97b094cdb2579ec2,7aa5b4771016439396d8065e9d38dddd,2017-06-30 05:04:41,153.44,26.89
4b855b183bf84c47971f3384bf806c42,1,5146c66ba7444a9a82180d48e3471452,7aa5b4771016439396d8065e9d38dddd,2017-06-12 23:04:41,186.16,22.3
25b6b4d41c8e4b7181da277406024957,1,71ad43201b4f4e76a93f689056b93878,7aa5b4771016439396d8065e9d38dddd,2017-06-15 00:04:41,34.92,8.5
25b6b4d41c8e4b7181da277406024957,2,e71b9fe33bdb4de1956221a923311cba,7aa5b4771016439396d8065e9d38dddd,2017-06-15 00:04:41,307.92,61.31
25b6b4d41c8e4b7181da277406024957,3,20673b9a51c84802b8370318cafa70d9,7aa5b4771016439396d8065e9d38dddd,2017-06-15 00:04:41,102.42,21.11
7bf24c2caaa24617af4e14fb12a4f720,1,4f7c7d8403374c27a46bb88bac5c85c8,7aa5b4771016439396d8065e9d38dddd,2017-06-18 01:04:41,85.14,9.55
7bf24c2caaa24617af4e14fb12a4f720,2,d35f192bee104404ad77f6922acf6a65,7aa5b4771016439396d8065e9d38dddd,2017-06-18 01:04:41,187.32,35.69
2a68b8e2fa6b45899add8cc834da27a6,1,15a1ec56faf44c9dba8768ebeaa37027,c8238a30aff14d319d24843cff84d8ed,2018-07-05 03:09:26,220.14,21.16
2a68b8e2fa6b45899add8cc834da27a6,2,0eeaaf0ec94a4541ad472945a44b349e,c8238a30aff14d319d24843cff84d8ed,2018-07-05 03:09:26,122.8,25.31
d37a642adfac4615ba4de3a3b139e4ba,1,4f7c7d8403374c27a46bb88bac5c85c8,c8238a30aff14d319d24843cff84d8ed,2018-07-27 01:09:26,104.29,9.63
3bf1922635de470080a5e1831fa5b8b2,1,9ed1e9afad3a4e93890eb654e82f672e,c8238a30aff14d319d24843cff84d8ed,2018-06-22 18:09:26,28.29,8.5
be00d35f18ec4d219484a1fe261a06c5,1,c1a0e608a06648f7a69c96b5544a1fe9,c8238a30aff14d319d24843cff84d8ed,2018-07-11 04:09:26,34.43,8.5
be00d35f18ec4d219484a1fe261a06c5,2,0827c8523bc0409abb90a3a44a6c39ef,c8238a30aff14d319d24843cff84d8ed,2018-07-11 04:09:26,27.13,8.5
fc109046af6b40eda13b74acc9300c87,1,95de75afaf174ac19e27442887369880,cd9775f4a29844a0965ef1956e414ba7,2017-12-23 19:38:26,147.34,17.63
7c924177f8234e84b09d044716b88be4,1,26e5eab1121d46f98c4a56560f17674a,cd9775f4a29844a0965ef1956e414ba7,2017-12-27 00:38:26,55.79,8.5
3edd7d9fc3ef4507a986e486f8cfb89f,1,48c265722b804facb3f7898ac926a76d,cd9775f4a29844a0965ef1956e414ba7,2018-01-05 19:38:26,63.11,8.5
3edd7d9fc3ef4507a986e486f8cfb89f,2,60a96eba840c45939580869adb55cfbd,cd9775f4a29844a0965ef1956e414ba7,2018-01-05 19:38:26,83.48,18.06
3b3825ee84c343668b31e4536c61b6fd,1,978046aa910c477b910db862d8bd2e40,cd9775f4a29844a0965ef1956e414ba7,2017-12-23 16:38:26,107.15,9.42
f5b0f46b8e4548948edcda31120ae996,1,0eeaaf0ec94a4541ad472945a44b349e,4e62e6f2baba401aab0797442e8aa7fc,2017-09-20 01:46:35,323.82,45.14
dc6efe9299dd471ba816c3f5b4bc1aba,1,99328ac30b3140fbb891947a9bd449e8,4e62e6f2baba401aab0797442e8aa7fc,2017-09-30 18:46:35,92.86,10.58
a1225b459fa34185b166e960d93be52d,1,a3e945bd0c314476bd5efc2930b82c77,4e62e6f2baba401aab0797442e8aa7fc,2017-11-05 02:46:35,123.47,24.03
2326e71f95f8406999e35c31e2d1fa0b,1,49609ce23cd54df1a907d7d6ea87b9cf,4e62e6f2baba401aab0797442e8aa7fc,2017-10-03 05:46:35,318.71,64.65
734995c5465b47ed8486341f7187e99b,1,2e15d2afde274350a1414c3c8ee47c1f,4e62e6f2baba401aab0797442e8aa7fc,2017-09-20 03:46:35,133.9,13.62
3b16f5cea5d443bb87500aa5e0279d0b,1,6d53c81c099f4e71b7dd2f5938f3beb1,4e62e6f2baba401aab0797442e8aa7fc,2017-09-27 03:46:35,62.07,9.72
3b16f5cea5d443bb87500aa5e0279d0b,2,864bfbca22e543c2a9d1111e5d630d89,4e62e6f2baba401aab0797442e8aa7fc,2017-09-27 03:46:35,939.42,183.35
eba6e3b929d14960817ec659a50f211b,1,49d95608eb3f4f51942e41835008fde7,4e62e6f2baba401aab0797442e8aa7fc,2017-09-20 16:46:35,132.95,28.66
098e16cb08a8441785c9745fa6a0cc04,1,73f1bd47f53f471788b5454b006e01b5,4e62e6f2baba401aab0797442e8aa7fc,2017-09-23 14:46:35,99.35,11.84
e37695ea71904b82b27eb34734f4fe6c,1,af64ff2205c4402fa819de9842d6ddd7,4e62e6f2baba401aab0797442e8aa7fc,2017-09-29 11:46:35,109.96,12.61
e37695ea71904b82b27eb34734f4fe6c,2,c59fe56ddb8e40359dd9d8c9310a94b5,4e62e6f2baba401aab0797442e8aa7fc,2017-09-29 11:46:35,154.91,33.18
e37695ea71904b82b27eb34734f4fe6c,3,a41e0749e5714667a8451c86c771eb72,4e62e6f2baba401aab0797442e8aa7fc,2017-09-29 11:46:35,274.41,49.65
3ffca5b3ec1e4b4a95318d15d0ab2b6e,1,0bc861e3cbaf427b80560c72fea9523e,4e62e6f2baba401aab0797442e8aa7fc,2017-09-24 14:46:35,175.08,15.93
c1d1095e6b9a4f25ab2d51522e8e974c,1,ea0afb1831814b968212e6e4770c89bf,463b79c34b074fe8bc1ff864c9551030,2018-05-10 18:15:27,101.1,11.93
c1d1095e6b9a4f25ab2d51522e8e974c,2,9ed1e9afad3a4e93890eb654e82f672e,463b79c34b074fe8bc1ff864c9551030,2018-05-10 18:15:27,40.26,8.5
34291b53146b4e849f2b45fa2e985166,1,7d5e4f3573b04ed894398fb67afdbc05,463b79c34b074fe8bc1ff864c9551030,2018-04-24 16:15:27,150.52,31.42
952b966fe3e64b7fa539e730d71fd88d,1,71ad43201b4f4e76a93f689056b93878,463b79c34b074fe8bc1ff864c9551030,2018-05-19 21:15:27,42.24,8.5
952b966fe3e64b7fa539e730d71fd88d,2,67385bc1efce47d0a52483e5afcb2056,463b79c34b074fe8bc1ff864c9551030,2018-05-19 21:15:27,71.4,8.5
70d7c48657c94050a2c7a4c322f157e0,1,5c9185172c2140c1826a701785de5804,463b79c34b074fe8bc1ff864c9551030,2018-05-24 17:15:27,103.32,8.5
5dda57c8ae2d4771af4a9688fa9b4800,1,6008cf7f38304a07a5db5fd167d9a582,57314030fa374a348f29592a320ced36,2018-01-07 21:15:40,52.65,8.5
21b0baf8af744a0ba5bec3067f781bb3,1,e10480b761024d3e945c00312d9fd615,57314030fa374a348f29592a320ced36,2017-12-11 08:15:40,102.34,22.34
5c5a7cc25cd441fab9b4f923cbe7d661,1,d03ce3ba416841918fee35eeb1719a74,24e7d45d169c412095d783972fabe4df,2018-06-23 00:12:47,94.3,8.5
df7cb964e97d41e8a19aa6d1473253ba,1,953c34dff9884496a6ced1eb2aec8a4d,24e7d45d169c412095d783972fabe4df,2018-07-07 00:12:47,927.4,152.62
35b8f4dcefb04fb3b4f6d4b05bd192e3,1,82da95fbfed54b53b256b3f9f828cf45,24e7d45d169c412095d783972fabe4df,2018-06-02 03:12:47,213.61,29.34
c6575222dbfa48bdada339b68acfd7e2,1,40964d8120a84310b63c950dc3d57324,24e7d45d169c412095d783972fabe4df,2018-07-03 20:12:47,34.12,8.5
de1753e896f14dcab5f55c67382ce6ea,1,70c8e3feac1f42c381bb07ff4fede19b,24e7d45d169c412095d783972fabe4df,2018-07-05 16:12:47,130.84,19.96
1cb2ce250b0942578a334c3d21fe2ecc,1,0838f7638bb1431e91600541da648217,24e7d45d169c412095d783972fabe4df,2018-06-03 23:12:47,242.58,43.4
1cb2ce250b0942578a334c3d21fe2ecc,2,ca03971415be42f6843ba67d06ce0fbe,24e7d45d169c412095d783972fabe4df,2018-06-03 23:12:47,77.56,13.11
0b91d453bdb647a294d262e4f9a95383,1,ed2ebbf84ad84cfe965935ffd2dc1262,24e7d45d169c412095d783972fabe4df,2018-06-03 23:12:47,116.65,16.52
6e2e0e2b07c64866b135a00d7fd3c5ff,1,599693169a8c46398daad3b4cd656065,24e7d45d169c412095d783972fabe4df,2018-06-10 07:12:47,171.02,29.21
6e2e0e2b07c64866b135a00d7fd3c5ff,2,a05ffd4e8e394819a1fa8bbcf565e91f,24e7d45d169c412095d783972fabe4df,2018-06-10 07:12:47,10.28,8.5
446fef7af2fd4ddfa7fc68b9aec6c124,1,9ed1e9afad3a4e93890eb654e82f672e,24e7d45d169c412095d783972fabe4df,2018-07-06 05:12:47,514.9,99.33
8df970a62f234ad791cd2b4264ae7c74,1,4f6bcc525e594b52902551ceed99e429,24e7d45d169c412095d783972fabe4df,2018-06-10 18:12:47,262.51,39.07
1bb32dd1754a449a90fbd06274cb2de9,1,6b505ee1f3064794969aa74ce3ec5614,24e7d45d169c412095d783972fabe4df,2018-07-22 09:12:47,144.84,19.6
31d79f5e1d9441e389ce66f8ab16497c,1,b02aaab93efb4261991bb05bfc62003d,eb5a858b49c044a7ac4101a20b392e1b,2018-06-03 06:14:59,68.47,10.37
3b322698bf6a4fb487b65e441a84ee63,1,9bf22b4119af42719d5d3cbad44efa43,eb5a858b49c044a7ac4101a20b392e1b,2018-07-23 08:14:59,25.78,8.5
5274e523e4d44d909a335bda6c9e0bfa,1,06c82ae9b9384ca3b9590eb82e3e351e,eb5a858b49c044a7ac4101a20b392e1b,2018-06-12 22:14:59,57.32,11.44
558340dd37b34dda8a19ae03bf6da2f7,1,56c13b87824041b1a18e22a6853a0f04,eb5a858b49c044a7ac4101a20b392e1b,2018-06-07 06:14:59,87.14,15.06
eae48312e7e1497e84dda36fd9812201,1,2e9bf80b6cc141de84e7918f02efc2fb,eb5a858b49c044a7ac4101a20b392e1b,2018-07-16 09:14:59,147.88,31.55
2113a702531a436fba95430be20e2f67,1,a4f4f5cb7b674dccab197bccbe55ee3e,eb5a858b49c044a7ac4101a20b392e1b,2018-07-31 08:14:59,62.62,11.68
522d7f2531424e27b9918cf765d2e1de,1,6a3c687674a0484bb01d6cfc862691dd,eb5a858b49c044a7ac4101a20b392e1b,2018-07-06 13:14:59,131.31,20.3
ee3efa5554e84d808f0501242f9c627d,1,62e49ef028f94a0daf1d9548a051bb57,eb5a858b49c044a7ac4101a20b392e1b,2018-06-08 10:14:59,36.6,8.5
73ccb92e575d4fcea7373da8fcf43e45,1,05a3a1ae2a824b2cae9aa10348b52218,eb5a858b49c044a7ac4101a20b392e1b,2018-06-18 01:14:59,99.59,19.02
3df58b42a7414cb79dd9c5fccfdc2e54,1,40964d8120a84310b63c950dc3d57324,eb5a858b49c044a7ac4101a20b392e1b,2018-06-09 02:14:59,31.79,8.5
f11585ffd61d4e4883575c77ac5c21b5,1,0afacd0f2cdc4d81a88114ff9e183231,eb5a858b49c044a7ac4101a20b392e1b,2018-07-07 12:14:59,124.92,17.73
17eaa5bba6a8447d8847150a82b18638,1,7f8acccd1c4d46b3bc92716ce746dc1d,eb5a858b49c044a7ac4101a20b392e1b,2018-06-12 13:14:59,36.39,8.5
14ed53d2a2374126a3c327c37221d276,1,c740848b8fef49fc9947f10a3e2f2760,1b078f18ff76484fb0789ae60471ef39,2017-08-05 21:30:08,123.21,22.6
275e937974e14583a51d054433fb96e3,1,458352e852b64d8c8e9c4ec362c74bfc,1b078f18ff76484fb0789ae60471ef39,2017-08-22 23:30:08,21.23,8.5
bec35616e38841ea985d08eda24f7c39,1,9b0e4ac9dbc84fe68d05e232c0ce2a21,1b078f18ff76484fb0789ae60471ef39,2017-08-26 00:30:08,602.48,82.5
9da90c7d2b18463cb19b73abda205f0c,1,37611c71a7b447ccabdd4475542a133b,1b078f18ff76484fb0789ae60471ef39,2017-07-27 23:30:08,12.14,8.5
8c9da273892a4307a4718698587d63ed,1,0aea9db47c7e4fafbe6cc45f27ba19da,1b078f18ff76484fb0789ae60471ef39,2017-10-30 07:30:08,151.02,16.16
d9de3ed64914487892ff206daa3cdd9c,1,4f7c7d8403374c27a46bb88bac5c85c8,1b078f18ff76484fb0789ae60471ef39,2017-07-19 06:30:08,114.99,9.79
0a6c09da34b94337a56a590b17e41879,1,247a877f459840c682eaa718a49e97bd,1b078f18ff76484fb0789ae60471ef39,2017-07-30 02:30:08,72.02,12.88
90843662d3884182955be92e427c6f15,1,55a82669ce7848ebbe6405852cd51253,1b078f18ff76484fb0789ae60471ef39,2017-07-27 22:30:08,144.36,26.61
8038fca2caef4754a77c9598cc210c13,1,59f4d8b4a4fb46cca1e9ddb0a575674c,1b078f18ff76484fb0789ae60471ef39,2017-08-10 21:30:08,101.3,21.03
fb123c56d89849168c70f1900795b47c,1,7e98aaa2f21d42bba7ac7008046e5cd2,1b078f18ff76484fb0789ae60471ef39,2017-07-17 21:30:08,61.2,8.5
4d5d2ab6fbcf4a7087ceef5f1b6a6b02,1,b09ced06368543639efee02905ea3f6d,1b078f18ff76484fb0789ae60471ef39,2017-07-18 02:30:08,49.92,9.07
80bd5133996e4be19d5e040ee3453474,1,38d84a0506ba4fdabb24af532d5d293d,1b078f18ff76484fb0789ae60471ef39,2017-07-27 10:30:08,48.14,8.5
2f959088dbbc451484614618f3576022,1,b17341fa527e46ed81de6238a3da4c3f,79c4b09c504e49be88868234d2377a98,2018-06-21 03:31:01,90.86,19.41
aef60dcdad89473998878723cbebc7ee,1,a7d18cd824094eddac44b5aafdecba18,79c4b09c504e49be88868234d2377a98,2018-07-05 08:31:01,296.04,59.72
d151b886f69f42e0bd261d07c7abd4d7,1,c3e270e47ec74ded97785e00f4fcd9f2,79c4b09c504e49be88868234d2377a98,2018-06-07 21:31:01,105.54,17.44
dcc29d464f914acba94b891f0c064388,1,1f1b9029351d411ba63ab9314c1c7494,0f0f01cf6c5b476c859919cb8c07275e,2018-04-26 19:17:00,110.3,19.19
3a2e4a7913bd4a598fc2026f09fc3273,1,fa519b1ab43b49a5bfae358b341a44f0,e96dce335e75481d8d9f41a7a729dde1,2018-02-09 10:27:00,114.34,19.13
3a2e4a7913bd4a598fc2026f09fc3273,2,61e5e7feca5a45b3a8cce027c724bdfb,e96dce335e75481d8d9f41a7a729dde1,2018-02-09 10:27:00,118.26,25.44
684a655d259848a7b9c3c3e722959749,1,fd4a13ad0dde4974941b9e08bc8e5253,e96dce335e75481d8d9f41a7a729dde1,2018-03-01 12:27:00,30.44,8.5
d85f8740911544e3939b09badf2ba4f8,1,14264f74e0194082bb4d36c761037b2f,e96dce335e75481d8d9f41a7a729dde1,2018-02-22 03:27:00,55.91,8.5
1b703a540a074d19830503f08979e0ca,1,0eeaaf0ec94a4541ad472945a44b349e,e96dce335e75481d8d9f41a7a729dde1,2018-02-07 13:27:00,65.91,13.04
f8e17841d30149e3908070a845d2b8f8,1,cd1254f416eb40dda405182ed9ddc941,e96dce335e75481d8d9f41a7a729dde1,2018-02-11 16:27:00,109.07,9.09
f8e17841d30149e3908070a845d2b8f8,2,2c1fbff24c4e49f3b51dff1f719d55e8,e96dce335e75481d8d9f41a7a729dde1,2018-02-11 16:27:00,39.53,8.5
9ddbe541293f4bbfa75f86e5f27604ba,1,cd883bfbcac54639bb545492da061a2d,a3429eb804fc4f9e9ef149a68861b6d8,2018-03-03 14:37:00,49.77,8.5
c3aab65948b04a4e9fbf7ebe7c1254ac,1,6ee213734d9f451fa501a36f457ba0c6,a3429eb804fc4f9e9ef149a68861b6d8,2018-01-21 07:37:00,71.06,8.5
c3aab65948b04a4e9fbf7ebe7c1254ac,2,96c5a6d6d9af4a429e0169be133f4584,a3429eb804fc4f9e9ef149a68861b6d8,2018-01-21 07:37:00,62.35,9.39
e4c556ed72fe4a85861ba05da0954d13,1,2b34daf6daf544b0ba8151173ccecbd3,beb60cef466d4523946b87e39897176f,2017-09-21 18:30:34,52.85,8.5
35dc7e212e76433aadb2d98adc8e16b3,1,38d84a0506ba4fdabb24af532d5d293d,beb60cef466d4523946b87e39897176f,2017-09-17 16:30:34,99.07,15.43
b9a6733f5df746668f9967900cd215fd,1,e3e66dd509b94f68b92dad2356588683,0ac4fa77738449279d3ebd0840019ccf,2018-04-27 09:03:14,40.67,8.5
9783104296ae46a98920d9508a05f2d8,1,f6a52733c953480bbc68d4a00e8ed1da,0ac4fa77738449279d3ebd0840019ccf,2018-05-11 16:03:14,20.08,8.5
9783104296ae46a98920d9508a05f2d8,2,ca03971415be42f6843ba67d06ce0fbe,0ac4fa77738449279d3ebd0840019ccf,2018-05-11 16:03:14,109.26,16.25
2bca602ef0ed4fdc9fbe0231ae13c7fd,1,69debee402154e28bf12862dae3e4efc,bf3bc23d13734809a156de7272a51a8f,2017-12-16 11:05:40,11.51,8.5
313473a9c1a5471fbce9fd55d6804be7,1,fd4a13ad0dde4974941b9e08bc8e5253,bf3bc23d13734809a156de7272a51a8f,2017-12-30 23:05:40,239.27,51.32
a23a8133f3db45ee90bcd3db90a2fd35,1,87340047b52f467b91e0f7d23cfb7995,3843866e86494587895a1135e0943045,2017-07-07 21:13:38,103.76,22.48
9ea1b06fa8c34a15a922417a8ce9882d,1,8d46d80d53a94081984e1d83be0e87f5,3843866e86494587895a1135e0943045,2017-07-11 13:13:38,49.45,8.5
3d1a70d347a043a0a476944196b93529,1,01c9f138dde247a0a23aceed2050e42b,84bcdc6267ef48a198dbd3a647348b5a,2017-12-21 03:49:38,13.3,8.5
6647bdd42a65429e99da599f36bbaeef,1,9575a543b57e4a6eb3f5e1040bcf2306,84bcdc6267ef48a198dbd3a647348b5a,2017-12-28 11:49:38,87.41,18.52
aec72808e1e84ad4b8b1d32eb02f4255,1,ce10673faed44fa38110d8daff0d0d5f,84bcdc6267ef48a198dbd3a647348b5a,2017-12-20 13:49:38,22.08,8.5
03c2b72942d942be874a961671ae650e,1,1e192f6fc4d94cf7b4d44dca05a19600,827c656b076e490d9b302952f1b328cc,2017-12-29 22:31:57,163.07,32.99
7c770f7361884a23a032b422803ab1f4,1,a74f78331b5c46949db2fb4d8de3dac4,f2a85df4edfb43a3ba2480d84376b646,2017-11-23 14:14:17,38.59,8.5
139257b213764c44af6f3d0a9b3a70ea,1,345809a2126b4343bfec56aa2a8d9f16,b4868aee9dce4a8ba58117ecf4b015f5,2017-07-28 17:39:52,135.58,25.83
d924df1e053a48bcbd16878114125b31,1,a4e328b20f3f407c89cdd89de13c1744,b4868aee9dce4a8ba58117ecf4b015f5,2017-08-04 22:39:52,27.25,8.5
649722f4379041048d295be9b5492b99,1,49d95608eb3f4f51942e41835008fde7,b4868aee9dce4a8ba58117ecf4b015f5,2017-08-11 07:39:52,83.19,10.15
649722f4379041048d295be9b5492b99,2,99ebce5de3184589986a16e8e7961102,b4868aee9dce4a8ba58117ecf4b015f5,2017-08-11 07:39:52,93.26,9.92
7a783588e19a4586a934c4ec44b1ef9f,1,4a0ccdbece7140f5bc8581b7eee89795,d5c92037f56346f394933c35cee88e74,2017-12-02 03:35:59,180.86,18.74
3a7a0c5937294ce4865ce75cf0a8d49b,1,0aea9db47c7e4fafbe6cc45f27ba19da,d5c92037f56346f394933c35cee88e74,2017-12-23 05:35:59,104.87,16.95
2b866f903583451b9bfeff57434f3f84,1,f1c12b5617c5442d86c2934c517de3bc,73cc5650ff084e3e9eca844b2f3307a7,2018-03-16 01:33:42,51.96,8.5
2b866f903583451b9bfeff57434f3f84,2,8045435f964d4746ab6d86b9c708b83a,73cc5650ff084e3e9eca844b2f3307a7,2018-03-16 01:33:42,203.33,38.96
2b866f903583451b9bfeff57434f3f84,3,32276ee420ae4f9baf6268c23cc66369,73cc5650ff084e3e9eca844b2f3307a7,2018-03-16 01:33:42,72.16,14.08
fb28cd78f8264c70b09f22c14b387300,1,71654a466464453e8f801a7f0ef971ae,73cc5650ff084e3e9eca844b2f3307a7,2018-03-18 05:33:42,79.76,9.92
a98e3d2d4f454f1db9abcf66a0dec2f6,1,69debee402154e28bf12862dae3e4efc,db212991c6e442ff8f16dbd1897f08df,2017-07-24 16:31:30,111.52,23.18
b2f86686dacc4c51b3e7c1ce55a273b4,1,331f609c93a04ea294523a4e6dc36ba2,db212991c6e442ff8f16dbd1897f08df,2017-08-05 20:31:30,199.28,27.29
b855b9dd50134408af8aaee0bfd82792,1,229761920631421a91d4a2ba381917f6,db212991c6e442ff8f16dbd1897f08df,2017-08-12 09:31:30,46.32,8.89
b855b9dd50134408af8aaee0bfd82792,2,ac46a1f7bf9346d9b2e7f3938b31e2f3,db212991c6e442ff8f16dbd1897f08df,2017-08-12 09:31:30,200.4,43.06
7f0f45ec05fd47c2a42def597c589a5e,1,191eeed8159e411ea7b7d0143555ae45,db212991c6e442ff8f16dbd1897f08df,2017-07-27 00:31:30,29.09,8.5
7f0f45ec05fd47c2a42def597c589a5e,2,f7a344b17f294348903e5fdf4d0860df,db212991c6e442ff8f16dbd1897f08df,2017-07-27 00:31:30,120.48,19.77
702b3e889ac14384959231c0521d3d5c,1,cf2a23e593f547b289fb5264a64d8dcf,db212991c6e442ff8f16dbd1897f08df,2017-07-26 21:31:30,197.78,18.24
702b3e889ac14384959231c0521d3d5c,2,88475bb80f7e4b4ba09b1c3750248e94,db212991c6e442ff8f16dbd1897f08df,2017-07-26 21:31:30,143.58,16.29
7bc055dfb9334ac3929d2035bb67ff2f,1,9c67395cb0184bb9ad2ad2c3d3663b74,db212991c6e442ff8f16dbd1897f08df,2017-08-01 19:31:30,44.36,8.5
64be5cd0bfb24669b1b7552f0796076c,1,345809a2126b4343bfec56aa2a8d9f16,db212991c6e442ff8f16dbd1897f08df,2017-09-09 22:31:30,45.4,8.5
e6c581db71cf4e4abe46e5818dc4baab,1,a4f4f5cb7b674dccab197bccbe55ee3e,db212991c6e442ff8f16dbd1897f08df,2017-08-15 09:31:30,151.72,32.33
e6c581db71cf4e4abe46e5818dc4baab,2,41c99161861b415a9159d9a0fe328812,db212991c6e442ff8f16dbd1897f08df,2017-08-15 09:31:30,75.11,11.86
2d1092b275d54b20bb748cea840f0f4a,1,331f609c93a04ea294523a4e6dc36ba2,db212991c6e442ff8f16dbd1897f08df,2017-08-09 10:31:30,70.14,13.56
05e88e6e38064e17889ccb44cdca39ee,1,6ad0da2659784588b9be7758d2fc2c5d,db212991c6e442ff8f16dbd1897f08df,2017-08-16 22:31:30,97.85,17.09
c2d13f3ce0c24ba68ce19e9a0751face,1,bcddc046e9b2482ab7dffcabae8836de,db212991c6e442ff8f16dbd1897f08df,2017-08-17 08:31:30,156.65,16.75
c2d13f3ce0c24ba68ce19e9a0751face,2,f29ff21f2aa949be8ba0e1b2f6be0736,db212991c6e442ff8f16dbd1897f08df,2017-08-17 08:31:30,53.48,11.5
c2d13f3ce0c24ba68ce19e9a0751face,3,ac05f7781b784483b4f09e7ae73cc7c0,db212991c6e442ff8f16dbd1897f08df,2017-08-17 08:31:30,33.44,8.5
e961170c168f4d6aa9c2760dfff6702f,1,ef333f44f4e549629d234085e47a3125,db212991c6e442ff8f16dbd1897f08df,2017-08-24 19:31:30,149.5,20.98
e961170c168f4d6aa9c2760dfff6702f,2,b02aaab93efb4261991bb05bfc62003d,db212991c6e442ff8f16dbd1897f08df,2017-08-24 19:31:30,43.26,8.5
e961170c168f4d6aa9c2760dfff6702f,3,2d5009ce8834498a907ad317b4031b44,db212991c6e442ff8f16dbd1897f08df,2017-08-24 19:31:30,22.02,8.5
53dd4fd626e54db5a20c7570e9c4c48e,1,78de62cdabe848cb964badce446a16fc,db212991c6e442ff8f16dbd1897f08df,2017-10-26 18:31:30,56.55,9.71
53dd4fd626e54db5a20c7570e9c4c48e,2,6008cf7f38304a07a5db5fd167d9a582,db212991c6e442ff8f16dbd1897f08df,2017-10-26 18:31:30,28.4,8.5
7a7f58b761e54a999e3c4dffaafcbb32,1,00f84dba5aa1491781ecaf85fb02ce0a,db212991c6e442ff8f16dbd1897f08df,2017-09-30 11:31:30,77.76,8.5
cf9f0383e91140f2ba7d6e5c47dc2f63,1,fc2067442c5e4c0bb0ac6ca6d42e6f44,db212991c6e442ff8f16dbd1897f08df,2017-08-10 19:31:30,340.78,34.84
c30a765131064bfe8781efa6dc8dbebd,1,0bc861e3cbaf427b80560c72fea9523e,0954866ef2974dddaf74b4dd718c7016,2018-05-25 01:19:01,89.7,8.5
a3123493bea74ae09563ecab82763d2e,1,cef3071999f04a26bd129d07757c4967,0954866ef2974dddaf74b4dd718c7016,2018-05-20 19:19:01,27.44,8.5
446bb4c2164a4f028fabc1ceb7d015ab,1,c7a09223fe16400390fa4f8dbfd7f695,0954866ef2974dddaf74b4dd718c7016,2018-05-26 08:19:01,63.36,8.5
d2a070ae9f38456a8d53101902b1fc75,1,3e3b7d826ad44deea34f842895cbedc8,0954866ef2974dddaf74b4dd718c7016,2018-05-22 21:19:01,221.12,40.8
4dc28c27dab947118274180c47769a49,1,ed07b0e500ab4723b2e3cba25304d447,0954866ef2974dddaf74b4dd718c7016,2018-05-31 05:19:01,216.11,32.34
eea28069e50a4fd39cd3bd64172d301d,1,49f3cfa7ec9f4664a9f68b384c88dd4a,3db7d4510d17487697df2e98febda8ef,2018-03-08 19:40:26,102.77,14.54
eea28069e50a4fd39cd3bd64172d301d,2,7682cebd7d68400290ee742d6aab9dbd,3db7d4510d17487697df2e98febda8ef,2018-03-08 19:40:26,35.74,8.5
03061fcafe874017b1a35678ce63cea7,1,e8020a5073764efca24d5410fd8a0ac7,3db7d4510d17487697df2e98febda8ef,2018-03-15 11:40:26,157.96,22.02
2b245a2154bc4609ad57735b1a15ff09,1,69debee402154e28bf12862dae3e4efc,3db7d4510d17487697df2e98febda8ef,2018-02-25 17:40:26,53.7,8.5
1a3cfcb969b64d1c8271ecf474e67f8e,1,7740e21617cb4d0c9d341ae7196c2bab,3db7d4510d17487697df2e98febda8ef,2018-05-05 05:40:26,52.7,11.5
1a3cfcb969b64d1c8271ecf474e67f8e,2,2b34daf6daf544b0ba8151173ccecbd3,3db7d4510d17487697df2e98febda8ef,2018-05-05 05:40:26,100.32,11.09
6e278cfd83ac41c889513d71a4f947a0,1,d7f7a77835444c9a82bf993b0ff07367,3db7d4510d17487697df2e98febda8ef,2018-02-24 18:40:26,76.56,13.43
fc4c7980ffbb4718bd11c842fb2ae15c,1,d7d12d13db63458eab5884460263819e,f651469f7c6b4d22875b724749bb7e86,2017-07-20 17:16:41,46.29,8.5
799f121e173e4d53aca88be6ce83b75c,1,a262cb1e95674ef1b89fe3431e81bacd,f651469f7c6b4d22875b724749bb7e86,2017-08-10 23:16:41,69.79,8.5
b1bff3c1561644589ecb921ca76f2939,1,67385bc1efce47d0a52483e5afcb2056,f651469f7c6b4d22875b724749bb7e86,2017-08-07 05:16:41,71.79,8.61
20897fdc6db9402f9e61d86fde39326f,1,32faeea62ac447f5a16c048e7890eb1d,f651469f7c6b4d22875b724749bb7e86,2017-08-23 12:16:41,112.8,18.5
208f8f88a8ee4c48930d47715d501156,1,38950e89b8bd4ffc922f10cc034cc897,f651469f7c6b4d22875b724749bb7e86,2017-07-13 11:16:41,134.54,26.79
856df89d3fa94e88ada1b6be69df9f16,1,c15c2bb086434ad7a9eaa40b2ed5d986,f651469f7c6b4d22875b724749bb7e86,2017-07-19 10:16:41,85.98,18.26
dfe047c434c54c288967965ce9124f45,1,7d5e4f3573b04ed894398fb67afdbc05,f651469f7c6b4d22875b724749bb7e86,2017-07-23 04:16:41,27.16,8.5
ee04cda78a974eb1842f6ce90568a466,1,b02aaab93efb4261991bb05bfc62003d,f651469f7c6b4d22875b724749bb7e86,2017-07-17 17:16:41,232.31,23.95
91c36d067f8e49bf90d97b41b81df4cb,1,6cb2c63fefdd48539a52bde3d3e68722,f651469f7c6b4d22875b724749bb7e86,2017-07-18 06:16:41,84.76,9.23
be6f80cf6c184cfe8fe09fb118fd31bf,1,ddad49438570447d9e1064bdae33e265,f651469f7c6b4d22875b724749bb7e86,2017-07-27 23:16:41,65.07,8.5
d9ae6fe551e240f7998fd0480e292677,1,d1a9a35929fe4fe4a09176b60ac21528,f651469f7c6b4d22875b724749bb7e86,2017-07-13 10:16:41,83.58,9.44
3064ff04e91c461fa2d77954a46cc40e,1,cd1254f416eb40dda405182ed9ddc941,f651469f7c6b4d22875b724749bb7e86,2017-08-29 07:16:41,355.15,49.35
dea9bf26a1454f148ec89242b78e8f53,1,7f8acccd1c4d46b3bc92716ce746dc1d,f651469f7c6b4d22875b724749bb7e86,2017-07-16 09:16:41,70.46,12.66
f35cfe57bd8d458ab9f3ca86bf48d7ad,1,f6a52733c953480bbc68d4a00e8ed1da,f651469f7c6b4d22875b724749bb7e86,2017-07-28 05:16:41,46.57,8.5
fa3da08ee2464875890a86d9ce57a323,1,fd60b9a690b44f3c9588c38e8290a214,f651469f7c6b4d22875b724749bb7e86,2017-08-04 20:16:41,86.84,9.0
9313233c135e4c9bba5fd98d8ded1549,1,624e23f9f4ad4ec686d41a843a381c1b,f651469f7c6b4d22875b724749bb7e86,2017-07-15 08:16:41,124.82,16.25
9313233c135e4c9bba5fd98d8ded1549,2,331f609c93a04ea294523a4e6dc36ba2,f651469f7c6b4d22875b724749bb7e86,2017-07-15 08:16:41,24.22,8.5
9313233c135e4c9bba5fd98d8ded1549,3,26bf8630b46d4222af372ea26c1a9202,f651469f7c6b4d22875b724749bb7e86,2017-07-15 08:16:41,34.79,8.5
4cda655a41014688b6c3daf028b5dfd3,1,fa519b1ab43b49a5bfae358b341a44f0,f651469f7c6b4d22875b724749bb7e86,2017-07-27 01:16:41,23.23,8.5
26a0d30e661c4579a9d9b2e4006cb229,1,cf2a23e593f547b289fb5264a64d8dcf,f651469f7c6b4d22875b724749bb7e86,2017-07-19 23:16:41,313.68,48.77
85749c6635264429843c8e02ef517d81,1,4029dd9bf6664ff688fa31bb83020f5b,f4de1b7a5b7940c282a2d0701eb212e4,2017-10-07 11:42:40,75.1,8.5
01ac899d44a34025b4b512e04a196684,1,f771208d9d684e0d96128315bda9be15,30df5cab33bc4ff3a8c7d60a87472521,2017-10-14 18:51:33,96.45,13.11
c50b3223d1844b6f82e659b467a0a8ef,1,b4c530d9a0ac4f42806f601db3383bd1,dc71ab0bfe3042d3b6f4c8a062781b46,2018-02-09 18:41:40,228.51,26.91
00bcf9fbd5b2489e8cbef90dbb444fab,1,a74b6c251ba04a068ef7335cdb72d094,dc71ab0bfe3042d3b6f4c8a062781b46,2017-11-29 16:41:40,74.4,16.05
00bcf9fbd5b2489e8cbef90dbb444fab,2,c3e270e47ec74ded97785e00f4fcd9f2,dc71ab0bfe3042d3b6f4c8a062781b46,2017-11-29 16:41:40,148.44,22.4
8b2f39dd93d24effba1d49040dae8afb,1,ad0bc024ee50446e8b8fc9909678e7d0,dc71ab0bfe3042d3b6f4c8a062781b46,2017-11-24 15:41:40,353.81,68.28
cf75bb90d7b549b6958367900c630a44,1,637518c4a8b0450db5949f81b0badb5d,dc71ab0bfe3042d3b6f4c8a062781b46,2017-11-06 17:41:40,126.51,15.09
047b6d475a73437399310b0a734341b8,1,0afacd0f2cdc4d81a88114ff9e183231,b1233f0299854bceb585854a2f3a08e5,2017-09-24 01:23:29,66.31,9.24
d26474bddadc49d48383823df9742a36,1,20673b9a51c84802b8370318cafa70d9,a8448a65b35a486f9200ae2e7bb0d855,2018-07-04 02:41:05,97.74,16.04
99217d2fc4e4443da9802bceca6707d5,1,e5a9ab53deef4434a9e5c480159813c3,a8448a65b35a486f9200ae2e7bb0d855,2018-06-08 23:41:05,28.31,8.5
f0e7718757e14857b0771761ad470aa0,1,b29ae416afdd40ff90a6e3a26127434c,a8448a65b35a486f9200ae2e7bb0d855,2018-06-05 13:41:05,70.3,12.42
1adeae12ae914ef991ea8f623f745315,1,9b2e26d8c0014e7784e5e2875929f73d,a8448a65b35a486f9200ae2e7bb0d855,2018-06-04 01:41:05,10.53,8.5
355bdd68959b48eba3930d00a48a95d3,1,58aa2de3269b41038b506f05b4878599,a8448a65b35a486f9200ae2e7bb0d855,2018-07-06 13:41:05,111.4,15.95
4191aa17a47d43ddb6fcf9108ee28629,1,b09ced06368543639efee02905ea3f6d,a8448a65b35a486f9200ae2e7bb0d855,2018-06-12 03:41:05,35.67,8.5
dc3f2aa4b8aa443aa56efaa4ebc382fe,1,4e15671b8a0f4a9eba6cd5b8e3e7a969,a8448a65b35a486f9200ae2e7bb0d855,2018-06-23 06:41:05,150.92,16.07
654a83466b664a389efabffce65d4d91,1,06c82ae9b9384ca3b9590eb82e3e351e,a8448a65b35a486f9200ae2e7bb0d855,2018-06-22 19:41:05,29.82,8.5
e408b1b9fc9641388aa873877ee400e0,1,c133b30e95e740219d61b66446d0ff97,a8448a65b35a486f9200ae2e7bb0d855,2018-06-19 01:41:05,142.41,11.7
e408b1b9fc9641388aa873877ee400e0,2,1d74ad9f319f41019f2c7d17bd2ad97f,a8448a65b35a486f9200ae2e7bb0d855,2018-06-19 01:41:05,130.7,13.62
c6a8c09fda5e477cadbfbeb7abb2a47c,1,29075fa5c36f47b09df491d731e1881c,a8448a65b35a486f9200ae2e7bb0d855,2018-06-14 13:41:05,54.35,8.5
c6a8c09fda5e477cadbfbeb7abb2a47c,2,6f1796cd339044e0a1662087c3c7ff46,a8448a65b35a486f9200ae2e7bb0d855,2018-06-14 13:41:05,34.98,8.5
c950cecb94ab442f94d536c14dd1992c,1,ebdd6aa026c147ef8e9de4e5859b2e04,a8448a65b35a486f9200ae2e7bb0d855,2018-07-25 14:41:05,42.58,8.5
c950cecb94ab442f94d536c14dd1992c,2,bf2574cf393e4f8e9a6834baac328035,a8448a65b35a486f9200ae2e7bb0d855,2018-07-25 14:41:05,47.7,8.5
7cc05852ee854b17bc4a61cb74ddd0fc,1,de62d1f284754351aeadac61b5e6a412,a8448a65b35a486f9200ae2e7bb0d855,2018-06-07 23:41:05,71.41,14.14
735fe66e5c1642f89eb84c9c9750c5c9,1,ba9f574784c74426aab098f3c5e5b024,a8448a65b35a486f9200ae2e7bb0d855,2018-06-03 08:41:05,206.11,30.93
c871b00ad8cf43499fd3898fcad3e796,1,a2e390036377413eb7ece7c0913928f3,dbc42ba31aaa415793171484c7904625,2017-10-16 11:55:11,100.0,8.94
afe4e7fc2ae14caa8f38aaae018e98e2,1,cf244287bde4492ca54a26c128a52f42,1fcdcc1ca891464b81866712e69a831b,2017-08-22 14:40:00,176.26,30.44
6999acfe9c134abebd30e68623900b49,1,5814648e45574af58fa6074c49920349,8171a8a2cfd84abba45ac3428d72d945,2017-09-11 08:28:21,176.43,30.77
422447751eaf443eb35691b73674c05b,1,52c696da9573428e917bfdded6025a8e,8171a8a2cfd84abba45ac3428d72d945,2017-09-01 04:28:21,205.17,24.41
422447751eaf443eb35691b73674c05b,2,70d1d567263a4ffca71c57a40b569ac0,8171a8a2cfd84abba45ac3428d72d945,2017-09-01 04:28:21,93.51,14.21
271b4438d7804a5c902ce797a44ccd50,1,d35f192bee104404ad77f6922acf6a65,d55e768f7ba041f38c09e13c29c1acee,2018-06-19 20:58:18,245.42,20.07
16e7f3080f6e4213bfe6d72b27e9b5fa,1,6ac464a17d004e169877753600cab6cf,d55e768f7ba041f38c09e13c29c1acee,2018-07-05 22:58:18,146.89,20.97
2a9fc132f6074249a50ee9907d1db906,1,256ccf9a70164819bbd6edeb27646a39,d55e768f7ba041f38c09e13c29c1acee,2018-06-29 01:58:18,46.79,10.29
c34b50cb724349bcabb9460d9e505a37,1,c60302fe26ce4d91aeedd8f0752b9565,d55e768f7ba041f38c09e13c29c1acee,2018-07-11 11:58:18,13.71,8.5
478a6d3b4acf402fb9e3f7f5d90004c3,1,16a0be45d45744228ac74b60550b5038,d55e768f7ba041f38c09e13c29c1acee,2018-06-23 01:58:18,38.3,8.5
13b952529e514380b17ae94b2bc0efc9,1,15a1ec56faf44c9dba8768ebeaa37027,d55e768f7ba041f38c09e13c29c1acee,2018-07-04 00:58:18,158.24,30.6
13b952529e514380b17ae94b2bc0efc9,2,21b0ef4da02b4587bddc16e39134f380,d55e768f7ba041f38c09e13c29c1acee,2018-07-04 00:58:18,89.67,11.68
e728f060024647f6a8e9a04e31accd94,1,4ce2f134095f493c95c47cbbf7f26618,0de7f853acfa491bb9d8d7526b87cf2a,2018-04-04 07:44:23,75.39,8.5
08b661a1d0964afa8787e3ff64da2569,1,9b1521a8cc294fbf91bf2db0f30f05f1,63af2b51f75b4bf5be3b335f30b83e82,2017-09-13 01:31:15,34.59,8.5
08b661a1d0964afa8787e3ff64da2569,2,013d783eb6e24b3aa8f66bbdcb9354d1,63af2b51f75b4bf5be3b335f30b83e82,2017-09-13 01:31:15,52.07,8.5
8034a8df844045ca823c20db6393cf88,1,d44ca1890c7e40069f18fd55ee86a8b4,63af2b51f75b4bf5be3b335f30b83e82,2017-08-21 22:31:15,37.22,8.5
8034a8df844045ca823c20db6393cf88,2,4cdc171f1cec4c25ad225be00ee5f139,63af2b51f75b4bf5be3b335f30b83e82,2017-08-21 22:31:15,103.11,20.31
74487ccc29bd49b8a47f403797569805,1,5c9185172c2140c1826a701785de5804,63af2b51f75b4bf5be3b335f30b83e82,2017-11-09 13:31:15,102.96,9.29
74487ccc29bd49b8a47f403797569805,2,2a22fed13bad4ce091c5bad7f4c4e8c9,63af2b51f75b4bf5be3b335f30b83e82,2017-11-09 13:31:15,10.29,8.5
74487ccc29bd49b8a47f403797569805,3,a64eb1d52054427f9e16a2a8f3b32f68,63af2b51f75b4bf5be3b335f30b83e82,2017-11-09 13:31:15,54.22,9.86
f05db41abbd6485c8dfe55a479c71e8d,1,01c9f138dde247a0a23aceed2050e42b,63af2b51f75b4bf5be3b335f30b83e82,2017-08-24 15:31:15,24.0,8.5
30bf77dde43d42cfb116303547c7a190,1,beb6a77ba3e74d40ba332dfeae24db5c,63af2b51f75b4bf5be3b335f30b83e82,2017-08-28 20:31:15,41.35,8.91
72fe031a1c9e4bd79adc9cceb94e4cf7,1,9ed1e9afad3a4e93890eb654e82f672e,07827a6b825c4893841a134f1fd5b5b5,2018-03-27 07:56:05,135.26,16.57
55c30976d5494216b925cd86ddf9093b,1,db41ceb2c29e41ae99b7e65ddd753e22,07827a6b825c4893841a134f1fd5b5b5,2018-04-04 21:56:05,23.43,8.5
4d5d4b5c74a8482297187f04c74f73fc,1,ea6c1f7b647541c59d6c03d84f2e049d,95fff634c89344ada68387a5e67b385d,2017-08-26 23:11:15,79.86,11.79
d2a208cbb1b94ff5a956d13efe4ce7bb,1,a6c7607b39664b649fa5cfd5aea5dbc8,95fff634c89344ada68387a5e67b385d,2017-08-08 11:11:15,189.9,27.65
9ce6a930cca34da3ae96cc6f42af5309,1,32faeea62ac447f5a16c048e7890eb1d,95fff634c89344ada68387a5e67b385d,2017-08-22 22:11:15,38.21,8.5
86cf976a33fc4da1ac81d3ea2af9d06d,1,c15c2bb086434ad7a9eaa40b2ed5d986,8361a8fd3e5c49fd8bc16ebd7d6c8fa0,2017-11-10 18:05:50,64.67,13.95
b4386e90253b4b38bd83868ccc91afa1,1,e8020a5073764efca24d5410fd8a0ac7,8361a8fd3e5c49fd8bc16ebd7d6c8fa0,2017-11-21 04:05:50,357.35,59.33
61d163d6f0c9419594298f8fb6cddcea,1,0bc861e3cbaf427b80560c72fea9523e,8361a8fd3e5c49fd8bc16ebd7d6c8fa0,2017-11-13 05:05:50,88.47,11.54
1fee45d21ec04f9bb0ddcb9bd771105d,1,136793b0c41f46639afe935695692e30,8361a8fd3e5c49fd8bc16ebd7d6c8fa0,2017-11-09 09:05:50,317.51,69.74
7634ef1574c34ef39e657f42e77630ff,1,738ac275700f4d4b91949a1b4344aaa9,8361a8fd3e5c49fd8bc16ebd7d6c8fa0,2017-11-11 18:05:50,49.72,9.72
437badba304b4eaaa0658a8ba53009f2,1,28f634b62d4043e0aac44f369ded1390,8361a8fd3e5c49fd8bc16ebd7d6c8fa0,2017-11-10 19:05:50,122.61,21.53
8956ced7c21c4a7a9679d1acff2688eb,1,9aab70096b5449ef860fb6d51b6134f6,8361a8fd3e5c49fd8bc16ebd7d6c8fa0,2017-11-10 16:05:50,88.89,8.5
9619667c168c4c8ea654d8f13ab0a205,1,0bb08354427a45ec94274964a7d98b96,8361a8fd3e5c49fd8bc16ebd7d6c8fa0,2017-11-09 07:05:50,38.15,8.5
9619667c168c4c8ea654d8f13ab0a205,2,d0331c8b8de14c9eaf3a9785cb36a63a,8361a8fd3e5c49fd8bc16ebd7d6c8fa0,2017-11-09 07:05:50,389.97,71.23
9619667c168c4c8ea654d8f13ab0a205,3,e43f17059c6c45b686ef911deb55a897,8361a8fd3e5c49fd8bc16ebd7d6c8fa0,2017-11-09 07:05:50,103.98,18.71
5451ecfa103a46bfbcac0deb5202a117,1,377d0c1cb8c74bf89a73766c10c8353e,2e0ddac19c57481f90ce2a79b27c4812,2017-07-22 07:31:42,170.08,32.67
9802583344984642bf7413fa37d1f729,1,27df63dbf6f8439289cbf40e034cb4b4,2e0ddac19c57481f90ce2a79b27c4812,2017-08-24 07:31:42,19.06,8.5
a8a69973d3ee43629e911d5051159279,1,73f1bd47f53f471788b5454b006e01b5,22bceef080724f17a8ea5ca40a70ba96,2017-09-27 13:12:48,69.35,9.82
71aa7ba64c504db7a0849999e00ea25f,1,2a6e031560a943528a4e27f86eea0e9f,22bceef080724f17a8ea5ca40a70ba96,2017-09-14 05:12:48,38.58,8.5
a78a1356d6844065a2feb4510ace28e1,1,a295467789d64f1b8776e91481ecaafb,22bceef080724f17a8ea5ca40a70ba96,2017-09-26 08:12:48,36.43,8.5
68d5d6f2859449febf0b787dd220dee7,1,32276ee420ae4f9baf6268c23cc66369,22bceef080724f17a8ea5ca40a70ba96,2017-09-20 12:12:48,162.63,30.62
c23e4cb752b845cbac88fae9f9800487,1,6ba72f89f95e4036a8dea94f7bbc892f,22bceef080724f17a8ea5ca40a70ba96,2017-10-21 16:12:48,17.8,8.5
b62667180f094938bd9aca30b74b0a3e,1,73e3c3884fe649cdab8fd4d6cda22bef,22bceef080724f17a8ea5ca40a70ba96,2017-09-04 00:12:48,34.06,8.5
792e0f45b4ec42a9a7937284cc2c0b43,1,3ebe7980495e4f38b4798b1aa2876881,0f9d1caa5be0446c9fb8047e371b2c24,2018-03-21 04:18:59,69.79,11.56
81540a51071e4967b75c2a62125527a5,1,c29e0cc8685e4a30a3a685f2845e388d,0f9d1caa5be0446c9fb8047e371b2c24,2018-04-16 04:18:59,49.43,8.54
9c111b0002914aa193dcaf0b768dbeeb,1,b2274f055c9a4feabc1b99c701f76de6,0f9d1caa5be0446c9fb8047e371b2c24,2018-05-04 14:18:59,33.24,8.5
c9c2a2862b38446c86f8735f7461a2ce,1,bb9d03f6364a4774b1366571761a1abd,0f9d1caa5be0446c9fb8047e371b2c24,2018-06-14 17:18:59,26.63,8.5
c9c2a2862b38446c86f8735f7461a2ce,2,32faeea62ac447f5a16c048e7890eb1d,0f9d1caa5be0446c9fb8047e371b2c24,2018-06-14 17:18:59,50.56,8.5
ff0930b35089445baff5affa2febe981,1,a7d18cd824094eddac44b5aafdecba18,7fa1b66aebe14404b459244ce5ac1b65,2018-04-17 00:33:58,58.81,10.84
6984eb7dfa634c988823c4638a252887,1,8188da2e69e94bb8bf1749600cc2d269,7fa1b66aebe14404b459244ce5ac1b65,2018-04-08 23:33:58,196.75,21.25
c016b02d9ae24500820b8fdb1566d3ae,1,a7d18cd824094eddac44b5aafdecba18,7fa1b66aebe14404b459244ce5ac1b65,2018-05-04 21:33:58,106.51,19.31
08d300c5a5284852a8e64a8c3157f86e,1,88475bb80f7e4b4ba09b1c3750248e94,7fa1b66aebe14404b459244ce5ac1b65,2018-04-08 15:33:58,46.44,8.5
08d300c5a5284852a8e64a8c3157f86e,2,bcddc046e9b2482ab7dffcabae8836de,7fa1b66aebe14404b459244ce5ac1b65,2018-04-08 15:33:58,40.33,8.83
fd187157ec40492cb9506658922a444e,1,a7d18cd824094eddac44b5aafdecba18,7fa1b66aebe14404b459244ce5ac1b65,2018-04-13 00:33:58,123.41,12.63
b08f8c9d1d22475bbee5c26bc4821c9f,1,9914a5ae92574e3da512b327dbfa95be,7fa1b66aebe14404b459244ce5ac1b65,2018-05-21 10:33:58,35.06,8.5
74f2311431e5457499931f1c91241208,1,616a0de2321c48d7b22b83c6df5f2dd6,7fa1b66aebe14404b459244ce5ac1b65,2018-04-21 06:33:58,147.38,16.6
e662741a57734567bc5fb636877b86b3,1,c05a6bea63c144028fd21cc6e3f72d89,7fa1b66aebe14404b459244ce5ac1b65,2018-05-23 11:33:58,146.24,23.66
c375b3088ea0480f90d319898a26f675,1,d7f7a77835444c9a82bf993b0ff07367,7fa1b66aebe14404b459244ce5ac1b65,2018-04-19 02:33:58,37.04,8.5
a44080add98243b0800464a0f29afe8d,1,7324771a13da41799015ba377792a490,7fa1b66aebe14404b459244ce5ac1b65,2018-04-13 02:33:58,180.92,17.61
a44080add98243b0800464a0f29afe8d,2,c75e3a1d0f5e41e4a2fc7eb45cd4eec4,7fa1b66aebe14404b459244ce5ac1b65,2018-04-13 02:33:58,69.47,10.78
a44080add98243b0800464a0f29afe8d,3,bdda117a6a0c4096b503c65d5e952f62,7fa1b66aebe14404b459244ce5ac1b65,2018-04-13 02:33:58,61.88,9.41
07302ed07d3f4f358646b3c9def3d01f,1,30c48493f9544740b55fd8b6080b2b4c,7fa1b66aebe14404b459244ce5ac1b65,2018-04-13 07:33:58,26.59,8.5
a22590413e84496db17ee248478a25c0,1,55a82669ce7848ebbe6405852cd51253,7fa1b66aebe14404b459244ce5ac1b65,2018-05-09 13:33:58,25.58,8.5
a22590413e84496db17ee248478a25c0,2,3d6f3005222f45438b7f6d6a8d53d2e7,7fa1b66aebe14404b459244ce5ac1b65,2018-05-09 13:33:58,56.48,8.66
a22590413e84496db17ee248478a25c0,3,6f1796cd339044e0a1662087c3c7ff46,7fa1b66aebe14404b459244ce5ac1b65,2018-05-09 13:33:58,203.04,34.48
6754e08652774efdb1c682043c2c024c,1,4ce2f134095f493c95c47cbbf7f26618,7fa1b66aebe14404b459244ce5ac1b65,2018-04-08 23:33:58,38.15,8.5
6754e08652774efdb1c682043c2c024c,2,07759cda858a4a7daead2ca1731c814b,7fa1b66aebe14404b459244ce5ac1b65,2018-04-08 23:33:58,33.81,8.5
8d2ba54b687d40a2a0dfe6fb4a1e3f44,1,247a877f459840c682eaa718a49e97bd,7fa1b66aebe14404b459244ce5ac1b65,2018-06-23 05:33:58,183.7,22.6
146df949fa884c56bddbd18a3cedb836,1,7c88cbb90cac43acbe50ca2290985c7b,7fa1b66aebe14404b459244ce5ac1b65,2018-05-15 23:33:58,34.83,8.5
13a2441fb8724054961198907db227fb,1,6e9670c39e694a0289db579ac1bc4d00,7fa1b66aebe14404b459244ce5ac1b65,2018-05-05 10:33:58,67.04,8.5
5dfbc292f1634a48bd76f9c89f0b347b,1,bf2574cf393e4f8e9a6834baac328035,438102a5749d4451bc8a63020c7a2fe5,2017-10-03 07:20:08,100.34,15.37
70b11a332a5f4c839b949205cdc918e2,1,978046aa910c477b910db862d8bd2e40,438102a5749d4451bc8a63020c7a2fe5,2017-10-21 12:20:08,108.58,10.7
13fcc40109e340e2872466445f66d06a,1,c59fe56ddb8e40359dd9d8c9310a94b5,438102a5749d4451bc8a63020c7a2fe5,2017-09-28 11:20:08,156.8,26.01
b9ddcea1f4394daabf3adb9459bc9a00,1,beb6a77ba3e74d40ba332dfeae24db5c,438102a5749d4451bc8a63020c7a2fe5,2017-10-01 09:20:08,69.97,12.39
ddc9522cebfa42a6a867a94b2ddc9f59,1,b8dd8735e30f419eb9a8254b69866021,1ec16922dcb644fea476cd7d44fd88a1,2018-05-17 02:51:05,44.14,8.5
3415a83381054a3899f3fb88d738c44a,1,e71b9fe33bdb4de1956221a923311cba,1ec16922dcb644fea476cd7d44fd88a1,2018-06-01 06:51:05,21.38,8.5
a4e0fda5741a484f823489fb092ee114,1,dff9b448e44d43c3be6feedcba9fa453,192341bfb8c34d3eacdb9591b3346b6f,2017-12-15 15:23:10,40.86,8.5
773d9c02c36445fabdddc9f0eaaf7436,1,b2274f055c9a4feabc1b99c701f76de6,2c1cde54c09b495ba107d9884734f17f,2017-11-02 17:39:47,64.8,14.17
46ff321aad3946fca534e4e87f9ecc0c,1,44522e39746f48879e471599bc532a6a,08916a747b5d4eab87bf94be0ba636fa,2017-10-07 01:53:03,71.29,11.37
12f979d830af4aa39d48c8cd94c5cd46,1,b83171b482b6445bba44533309768e90,08916a747b5d4eab87bf94be0ba636fa,2017-10-01 19:53:03,26.72,8.5
42ac6bc7109c4defb258a680dc57d652,1,315ded28a3de45d59ca22c05b283f1c1,08916a747b5d4eab87bf94be0ba636fa,2017-09-25 12:53:03,42.42,8.5
5f7b9744be2442d193e39250f1caf957,1,9bf22b4119af42719d5d3cbad44efa43,08916a747b5d4eab87bf94be0ba636fa,2017-10-24 00:53:03,77.49,10.02
b3ddf1876cd64df29df57b38ad3ec107,1,229cfb6742c0499b84f4fe14a27642f7,08916a747b5d4eab87bf94be0ba636fa,2017-09-24 19:53:03,71.82,12.55
735ca68d74794d0cb4e64cad696f540a,1,929b2eaf900e41a5a8383573ac38534e,08916a747b5d4eab87bf94be0ba636fa,2017-10-14 19:53:03,80.36,10.22
735ca68d74794d0cb4e64cad696f540a,2,66a937423c234e9cac34324e56988b99,08916a747b5d4eab87bf94be0ba636fa,2017-10-14 19:53:03,91.05,10.97
735ca68d74794d0cb4e64cad696f540a,3,a400d2923c364fc09552795d7c296747,08916a747b5d4eab87bf94be0ba636fa,2017-10-14 19:53:03,45.63,8.5
8795f142eca642ce9ad861dcd80cb29b,1,6c858ec275bf4ba188d88edeb3b3b768,08916a747b5d4eab87bf94be0ba636fa,2017-09-22 22:53:03,198.18,37.46
a4795eae28e34ac6914f253de869ad57,1,3663a2a3c4944761b5b1cd0d489782bf,7ad2cc4ff43c49399f4ff4b39250744c,2017-09-27 16:56:49,59.55,8.85
a4795eae28e34ac6914f253de869ad57,2,078c371130c840a5b2de58d3a0519dc1,7ad2cc4ff43c49399f4ff4b39250744c,2017-09-27 16:56:49,55.24,8.5
a4795eae28e34ac6914f253de869ad57,3,d7b91173a4414251bf6472db36964ef2,7ad2cc4ff43c49399f4ff4b39250744c,2017-09-27 16:56:49,35.45,8.5
a62013dcf17b4f11a357941ad18c8946,1,8850552a3bdd4b7c98681c38867f549d,e7e1d51b6b9f486a80b2ac8f592e2035,2017-12-27 23:27:28,67.52,8.96
73dc1881223f493eb7133fdcfb64b046,1,229761920631421a91d4a2ba381917f6,e7e1d51b6b9f486a80b2ac8f592e2035,2017-12-28 06:27:28,41.14,8.5
e796d24654294c9ba69f09e35c123758,1,dcefdd62b9a844beaded92040e431692,d469f5ac65994f05a9b13eccdb52248a,2018-04-25 19:26:44,237.5,27.91
ba1af5a1c37848de848a6c5cebb0e09b,1,f29ff21f2aa949be8ba0e1b2f6be0736,d469f5ac65994f05a9b13eccdb52248a,2018-03-22 09:26:44,211.06,17.04
7efefdbacc024282a84beabb22dcb9ae,1,a8076441277c410da530cdf4fbeb0511,d469f5ac65994f05a9b13eccdb52248a,2018-03-20 08:26:44,196.48,24.04
dc9e122d4e824bd5bba353efbc6dca28,1,dd76308e3fd24f1a96e7f100a39def8d,d469f5ac65994f05a9b13eccdb52248a,2018-03-20 02:26:44,78.89,17.09
84b256aa07f04e01a19d2a2cea1d948b,1,16a0be45d45744228ac74b60550b5038,d469f5ac65994f05a9b13eccdb52248a,2018-04-24 03:26:44,112.04,21.02
e75cda9c509245aba8eaa0146391632e,1,a120b23dc4f24d30bb85feaec855e929,d469f5ac65994f05a9b13eccdb52248a,2018-04-02 05:26:44,61.17,10.29
730077536d534dde9669efdc5960ae1a,1,4a0ccdbece7140f5bc8581b7eee89795,d469f5ac65994f05a9b13eccdb52248a,2018-03-22 16:26:44,116.52,22.63
6a25c058bea341c5948286b68f48245b,1,e43f17059c6c45b686ef911deb55a897,d469f5ac65994f05a9b13eccdb52248a,2018-03-26 09:26:44,106.66,14.73
ae1f7ba1ac56495c988cbdddd4e0488a,1,696353502a1b4650a1bd72f7e9753a8b,8793f440974342d884e45649a0f7d865,2018-06-09 13:37:20,262.56,48.62
7f0531b81a324a72910c3190f791cd06,1,2e9bf80b6cc141de84e7918f02efc2fb,8793f440974342d884e45649a0f7d865,2018-05-24 04:37:20,46.21,8.5
7f0531b81a324a72910c3190f791cd06,2,56c13b87824041b1a18e22a6853a0f04,8793f440974342d884e45649a0f7d865,2018-05-24 04:37:20,127.35,18.99
7f0531b81a324a72910c3190f791cd06,3,f7a344b17f294348903e5fdf4d0860df,8793f440974342d884e45649a0f7d865,2018-05-24 04:37:20,84.25,14.86
18d99546174b42a7a08b27e48497f08f,1,a4e328b20f3f407c89cdd89de13c1744,8793f440974342d884e45649a0f7d865,2018-05-24 13:37:20,74.74,8.5
5da004f6f2e447068a2efa098a4f74ff,1,4ce2f134095f493c95c47cbbf7f26618,8793f440974342d884e45649a0f7d865,2018-07-30 00:37:20,50.53,8.5
5da004f6f2e447068a2efa098a4f74ff,2,dff9b448e44d43c3be6feedcba9fa453,8793f440974342d884e45649a0f7d865,2018-07-30 00:37:20,40.58,8.5
30aea488bbae4f779506b642d94bf268,1,9ed1e9afad3a4e93890eb654e82f672e,8793f440974342d884e45649a0f7d865,2018-06-01 13:37:20,46.38,9.51
a34aecb415d046199d2e62f17af18b11,1,59f4d8b4a4fb46cca1e9ddb0a575674c,8793f440974342d884e45649a0f7d865,2018-06-26 10:37:20,86.2,15.99
4bbe5afed7ae44d09690ebc84dbde15d,1,c0e77397c88b4e998535d316d83486f4,03712703fd8848b384fb891b9564d7a3,2017-12-08 01:15:46,58.68,8.5
b66304936008495988a162298cfe1964,1,b4905ddb15ea403c93551b2318b1b59e,03712703fd8848b384fb891b9564d7a3,2017-11-07 03:15:46,56.03,8.5
a6a6454df3d54732996b2d6e7d6637c8,1,9e6b7e3c8516498b986a23f98abd5daa,03712703fd8848b384fb891b9564d7a3,2017-12-04 21:15:46,21.96,8.5
3ede02bd0d3a4e7db51d81ee6cc34462,1,8f44427a731d406dbed23cf0721f1ab3,03712703fd8848b384fb891b9564d7a3,2017-12-24 19:15:46,63.78,10.82
b8762a6835e7460a8a33d5e66cb031cf,1,b83171b482b6445bba44533309768e90,03712703fd8848b384fb891b9564d7a3,2017-11-21 18:15:46,38.72,8.5
f44f05c49a994429a89220aa4f60766b,1,f7242f323cea46bd885a8f6ed384c347,03712703fd8848b384fb891b9564d7a3,2017-10-29 06:15:46,24.47,8.5
f44f05c49a994429a89220aa4f60766b,2,6eb4e94770034034af0e2ab526721538,03712703fd8848b384fb891b9564d7a3,2017-10-29 06:15:46,147.43,19.14
f44f05c49a994429a89220aa4f60766b,3,078c371130c840a5b2de58d3a0519dc1,03712703fd8848b384fb891b9564d7a3,2017-10-29 06:15:46,20.03,8.5
a87250ac72b64e76aff6ae8fd33a0bd5,1,9e6b7e3c8516498b986a23f98abd5daa,03712703fd8848b384fb891b9564d7a3,2017-12-11 13:15:46,178.02,19.46
251ad6ba4d55445e9dd9facbb39f7f59,1,2d3d7ed96b8049ff9b4af5d88c11c79e,03712703fd8848b384fb891b9564d7a3,2017-10-31 00:15:46,75.74,15.65
20027f8e3d974a698bfe7bf461c5e040,1,2d402d763ad64299b09745ad6214d9f3,03712703fd8848b384fb891b9564d7a3,2017-11-18 17:15:46,109.43,12.99
23f4d810523f4fc4bbb48b4227695fe1,1,a4e328b20f3f407c89cdd89de13c1744,03712703fd8848b384fb891b9564d7a3,2017-11-14 05:15:46,92.91,8.5
3a496f3c45c84c92a004dc6a7bbb26ee,1,62e49ef028f94a0daf1d9548a051bb57,03712703fd8848b384fb891b9564d7a3,2017-11-05 16:15:46,104.34,22.74
b0b3486fc2a842dd97f37a8aa34d85f2,1,696353502a1b4650a1bd72f7e9753a8b,03712703fd8848b384fb891b9564d7a3,2017-11-03 05:15:46,35.16,8.5
6da1ad53f8cd4df09cd703aff4ec269a,1,1dbf26c3a0b04e0c86b401c6eea46bbc,2870d2920e8146ff954793367b90ded1,2018-06-03 14:54:52,19.91,8.5
c23fcef045eb49f9b917f7883c50c89a,1,d03ce3ba416841918fee35eeb1719a74,2870d2920e8146ff954793367b90ded1,2018-04-15 07:54:52,102.7,11.4
ff2441fe24614ed6ae015aa02e974cc8,1,cf2a23e593f547b289fb5264a64d8dcf,2870d2920e8146ff954793367b90ded1,2018-04-14 09:54:52,258.57,46.56
ff2441fe24614ed6ae015aa02e974cc8,2,abfa441e3f7c43dca9da88ce6c6e2834,2870d2920e8146ff954793367b90ded1,2018-04-14 09:54:52,111.11,15.13
baaf106847944a10b92d545754d56c68,1,770cf6eab8b64fdb94ec53d69bd7c02e,2870d2920e8146ff954793367b90ded1,2018-04-01 05:54:52,263.06,21.06
ab046f7c16004445b0a593a611972c2d,1,ddad49438570447d9e1064bdae33e265,2870d2920e8146ff954793367b90ded1,2018-06-11 03:54:52,122.51,23.35
912a9c529ea64de08e56db46dc7580ad,1,1a918f08e1784107916f2bd51c08cf18,2870d2920e8146ff954793367b90ded1,2018-03-29 01:54:52,65.32,8.5
7e5705ea5e0b4bda9101e882b2e2cbe0,1,b28e99d9f585404796c241d4ea67d6c1,2870d2920e8146ff954793367b90ded1,2018-04-14 12:54:52,34.05,8.5
17e1531efb4c4a428265ab8131699da1,1,69debee402154e28bf12862dae3e4efc,4d5ccb610b52401e96be33dd659b78d5,2017-07-31 02:38:28,214.36,34.2
17e1531efb4c4a428265ab8131699da1,2,cf244287bde4492ca54a26c128a52f42,4d5ccb610b52401e96be33dd659b78d5,2017-07-31 02:38:28,85.68,8.5
17e1531efb4c4a428265ab8131699da1,3,458352e852b64d8c8e9c4ec362c74bfc,4d5ccb610b52401e96be33dd659b78d5,2017-07-31 02:38:28,83.14,11.32
1490b2832a8146c38e6935c78fa99439,1,f1c12b5617c5442d86c2934c517de3bc,4c3f71e096484562b44dad7cd52a189c,2017-06-27 09:46:11,11.25,8.5
c93de4faa7aa4ecca46a6796352a58bd,1,beb6a77ba3e74d40ba332dfeae24db5c,4c3f71e096484562b44dad7cd52a189c,2017-07-02 02:46:11,97.01,14.57
1bac0e8e062841c288a38bec5a128c01,1,a8076441277c410da530cdf4fbeb0511,4c3f71e096484562b44dad7cd52a189c,2017-08-04 10:46:11,123.92,21.05
33eff7a318fd480f8e22849b7608f89d,1,d0331c8b8de14c9eaf3a9785cb36a63a,4c3f71e096484562b44dad7cd52a189c,2017-07-21 03:46:11,137.27,27.04
c85a7a1054b941f9985caaf3bbd39fa1,1,54fd0302d42b4681ab8c174fc5593ad4,4c3f71e096484562b44dad7cd52a189c,2017-06-28 08:46:11,55.22,8.5
fc9c32f04fb042dcabaaf27f4e2f4949,1,1c456e659155442a83a9605fa921949a,4c3f71e096484562b44dad7cd52a189c,2017-07-16 02:46:11,153.18,28.6
b3e9fcedaa9f4f8ab84aed9532a6036c,1,ec30306b6268459a8ee60035387407e7,4c3f71e096484562b44dad7cd52a189c,2017-08-17 02:46:11,44.63,8.5
b3e9fcedaa9f4f8ab84aed9532a6036c,2,ce10673faed44fa38110d8daff0d0d5f,4c3f71e096484562b44dad7cd52a189c,2017-08-17 02:46:11,32.33,8.5
3a97a25223a8424e9a0cf4be0a240149,1,67cb04732359425baec1a3235e704580,d6702f7c34e542d1b92b56241fd11070,2018-02-11 13:17:55,124.21,25.11
3a97a25223a8424e9a0cf4be0a240149,2,26a68f39539e4612b55df3f28c2940a8,d6702f7c34e542d1b92b56241fd11070,2018-02-11 13:17:55,112.59,23.76
09a3c7ea74d34330a9f87c6d320be548,1,19f20f1b54014467b47fbfd5797649e8,a3628956bd7a4f6bb84124c26e82f97e,2018-02-05 08:20:38,335.24,44.91
ce488fad8ab345079d1e5c640fcce1ec,1,a7d18cd824094eddac44b5aafdecba18,a3628956bd7a4f6bb84124c26e82f97e,2018-02-07 01:20:38,146.13,13.86
58fdd7a56112409589707b00764e540a,1,07cc96ee293f40658456b7e42c6838e7,a3628956bd7a4f6bb84124c26e82f97e,2018-02-26 06:20:38,909.42,101.98
ea02980e619c4e74b0a6fffcc862ec64,1,ce10673faed44fa38110d8daff0d0d5f,a3628956bd7a4f6bb84124c26e82f97e,2018-03-01 05:20:38,52.91,8.5
b597b3025e0949fbbd018abc8a6b3f7e,1,6ee213734d9f451fa501a36f457ba0c6,a3628956bd7a4f6bb84124c26e82f97e,2018-02-28 08:20:38,102.13,16.1
1eeedb3a35de4ae7a8b2d61853e65ab2,1,df94395e3bc64b5592139fe3b58d3ffd,a3628956bd7a4f6bb84124c26e82f97e,2018-02-19 19:20:38,44.21,8.5
06dab9deb35e4266bad387ab23c1db15,1,e8020a5073764efca24d5410fd8a0ac7,a3628956bd7a4f6bb84124c26e82f97e,2018-03-20 12:20:38,58.2,8.5
83cadc4989e648b5be4e3cffea0f4cd2,1,05688c66890a44f3a8853d92388e848b,a3628956bd7a4f6bb84124c26e82f97e,2018-03-11 11:20:38,191.52,34.64
45a52c282a2d4ee095a95a5338cd0a06,1,fe737cdabf764534ab3c0642045cf9f7,a3628956bd7a4f6bb84124c26e82f97e,2018-02-05 18:20:38,73.15,8.5
e4308fc9b99f46f8b8124dcba62db2a6,1,cf81570bac254a92b191693ad0a5cd12,a3628956bd7a4f6bb84124c26e82f97e,2018-03-14 03:20:38,54.45,9.6
81e3b16ffcc741a88f3bc7fcdb140a7e,1,340613b5186944ef82aaa28d22ae79ec,a3628956bd7a4f6bb84124c26e82f97e,2018-02-26 17:20:38,115.2,10.95
81e3b16ffcc741a88f3bc7fcdb140a7e,2,6c7af5e24af6424c960282f49ac9b498,a3628956bd7a4f6bb84124c26e82f97e,2018-02-26 17:20:38,20.43,8.5
81e3b16ffcc741a88f3bc7fcdb140a7e,3,a8538a77cda949a5be503fc6ff4516f9,a3628956bd7a4f6bb84124c26e82f97e,2018-02-26 17:20:38,39.38,8.5
4407f9f9e8e941719065d1947d045e6a,1,32276ee420ae4f9baf6268c23cc66369,a3628956bd7a4f6bb84124c26e82f97e,2018-02-17 04:20:38,128.56,11.46
28a4b4d01a8e400b8fe722478ea7961b,1,76281501b3b14e48be28d7cfafc91713,a3628956bd7a4f6bb84124c26e82f97e,2018-02-20 23:20:38,160.35,21.92
28a4b4d01a8e400b8fe722478ea7961b,2,d7d12d13db63458eab5884460263819e,a3628956bd7a4f6bb84124c26e82f97e,2018-02-20 23:20:38,94.41,17.81
4d71bbf33ccd4068bd0f4b92623ed3ce,1,2951c695e4004ad995f57dd1ea27215c,a3628956bd7a4f6bb84124c26e82f97e,2018-03-13 01:20:38,261.19,22.45
26345521a82e4657a6118d85709cda37,1,38d84a0506ba4fdabb24af532d5d293d,a3628956bd7a4f6bb84124c26e82f97e,2018-02-22 12:20:38,57.34,11.04
041795d0e3a9421dbdfedcdbd80df77f,1,6ba91efe9dff4c09ad995ed7b5258f23,a3628956bd7a4f6bb84124c26e82f97e,2018-02-08 01:20:38,104.49,12.46
041795d0e3a9421dbdfedcdbd80df77f,2,57f99facbfba4b16b7bf2ab7a5e3815a,a3628956bd7a4f6bb84124c26e82f97e,2018-02-08 01:20:38,91.74,11.87
2f1ed9623278411b9c21de2f7f13becd,1,73e3c3884fe649cdab8fd4d6cda22bef,a3628956bd7a4f6bb84124c26e82f97e,2018-02-04 17:20:38,329.48,64.58
1328365dfe6b4561a8e1524d3c5f14c3,1,6ba91efe9dff4c09ad995ed7b5258f23,a3628956bd7a4f6bb84124c26e82f97e,2018-02-24 06:20:38,92.66,11.83
1328365dfe6b4561a8e1524d3c5f14c3,2,e950deedc1f14e5d94b51d8bf6101a9e,a3628956bd7a4f6bb84124c26e82f97e,2018-02-24 06:20:38,56.23,9.18
e053fc0b91224dfcb701bdea601361f3,1,71654a466464453e8f801a7f0ef971ae,a3628956bd7a4f6bb84124c26e82f97e,2018-02-04 12:20:38,85.3,14.63
2556860e89c34b0da17c4d9b1c1af46f,1,c1a0e608a06648f7a69c96b5544a1fe9,a3628956bd7a4f6bb84124c26e82f97e,2018-02-08 01:20:38,70.67,8.67
6330006c87054cc5a99b74979e81ca74,1,a295467789d64f1b8776e91481ecaafb,a3628956bd7a4f6bb84124c26e82f97e,2018-02-06 02:20:38,35.64,8.5
22b349ef6e554d89a38202bb93cab4c7,1,15a1ec56faf44c9dba8768ebeaa37027,42578fc77e3b40e0b3b155b891a058dd,2018-04-30 13:07:03,123.99,14.91
6541a19b582c41c3940131357c81e2dd,1,885e236468954acf93aa9f8ef7207c78,c06f6ef4130e4ee985be86f4ee14abc9,2017-09-09 12:00:34,126.46,16.23
6541a19b582c41c3940131357c81e2dd,2,62e49ef028f94a0daf1d9548a051bb57,c06f6ef4130e4ee985be86f4ee14abc9,2017-09-09 12:00:34,285.85,26.7
7102b7e0f9984740bba7854843916d08,1,a079193ea0924f6dbba68e122f5aaeb5,c06f6ef4130e4ee985be86f4ee14abc9,2017-07-30 15:00:34,37.78,8.5
dcdea4db00cd49e18ea654b27a326694,1,0ab9e8a5d9fd415b958c5479d0476934,c06f6ef4130e4ee985be86f4ee14abc9,2017-09-03 12:00:34,175.9,14.42
dcdea4db00cd49e18ea654b27a326694,2,535eb6e517404b89a642254ed4e3be96,c06f6ef4130e4ee985be86f4ee14abc9,2017-09-03 12:00:34,55.8,10.58
ca45031e7d294698a04caf2abde36ab2,1,13f38e67b3b640089df87938c53074f5,c06f6ef4130e4ee985be86f4ee14abc9,2017-08-16 04:00:34,30.38,8.5
d68bf2147a784c76bf14d3f71574a1d6,1,73f1bd47f53f471788b5454b006e01b5,c06f6ef4130e4ee985be86f4ee14abc9,2017-08-02 12:00:34,53.73,8.5
5ce8667a59ed4326b4f012f233faa6c2,1,30c48493f9544740b55fd8b6080b2b4c,c06f6ef4130e4ee985be86f4ee14abc9,2017-08-04 06:00:34,135.64,15.98
7047e5aa503941168c71ac94b50d6679,1,cd1254f416eb40dda405182ed9ddc941,c06f6ef4130e4ee985be86f4ee14abc9,2017-09-13 17:00:34,84.45,12.47
7047e5aa503941168c71ac94b50d6679,2,9e6b7e3c8516498b986a23f98abd5daa,c06f6ef4130e4ee985be86f4ee14abc9,2017-09-13 17:00:34,82.14,8.5
36524504547947f086cce25365d6e72b,1,fa0f9f7aab4a495ca25cc380ae74e14f,c06f6ef4130e4ee985be86f4ee14abc9,2017-08-08 12:00:34,42.12,8.5
5f2adc851b3142ee96ea4b930215dbf8,1,ece5b6f83445415398b9ace9d683d0cf,c06f6ef4130e4ee985be86f4ee14abc9,2017-08-02 01:00:34,81.27,17.14
0427e7616c10462a8e18a71297bb748b,1,aafe2eadad47445184cf6af00fe91a99,c06f6ef4130e4ee985be86f4ee14abc9,2017-09-01 06:00:34,24.8,8.5
b460ff1da0f04ca9802fc32ecc3c2335,1,d7dedae680d14c6fac8d9d888cb07778,c06f6ef4130e4ee985be86f4ee14abc9,2017-07-28 06:00:34,37.27,8.5
e6bf3010ecd9487690acebbe8c45e0c4,1,ed2ebbf84ad84cfe965935ffd2dc1262,c06f6ef4130e4ee985be86f4ee14abc9,2017-09-05 00:00:34,15.16,8.5
e6bf3010ecd9487690acebbe8c45e0c4,2,7d5e4f3573b04ed894398fb67afdbc05,c06f6ef4130e4ee985be86f4ee14abc9,2017-09-05 00:00:34,62.0,8.5
9b8e623739d445ea81918ebb37e3c729,1,a120b23dc4f24d30bb85feaec855e929,c06f6ef4130e4ee985be86f4ee14abc9,2017-08-14 02:00:34,41.11,8.79
758d7d51294b4707b11c5fd1351e981e,1,82da95fbfed54b53b256b3f9f828cf45,c06f6ef4130e4ee985be86f4ee14abc9,2017-08-16 10:00:34,143.23,29.67
a297ae380bac4b78a60c285079e5443a,1,28f634b62d4043e0aac44f369ded1390,c06f6ef4130e4ee985be86f4ee14abc9,2017-07-30 10:00:34,17.86,8.5
4b0ce8e959014ac288d5fde073e578d7,1,ebdd6aa026c147ef8e9de4e5859b2e04,10d253005fd34d22be0adf7d133669ba,2017-09-08 21:34:52,46.44,9.96
1ceccb140b774380a78d5ec5b870863f,1,b29ae416afdd40ff90a6e3a26127434c,10d253005fd34d22be0adf7d133669ba,2017-09-07 19:34:52,100.57,18.26
f3cf32c6aa70462c817df3258275b64e,1,c60302fe26ce4d91aeedd8f0752b9565,14559d695d1e4140a6174e5c6b266aa7,2017-11-13 05:43:09,30.31,8.5
4d46a2a2959d4cfe8a593457748eb350,1,1463a4cc9bc04f4092decb610fa825af,14559d695d1e4140a6174e5c6b266aa7,2017-11-12 13:43:09,181.7,35.25
d06f8388586c4f919ac56f24dd554524,1,5f4a368227e049f3ad5e312ce1c8acf5,14559d695d1e4140a6174e5c6b266aa7,2017-11-03 13:43:09,120.4,22.95
d06f8388586c4f919ac56f24dd554524,2,3663a2a3c4944761b5b1cd0d489782bf,14559d695d1e4140a6174e5c6b266aa7,2017-11-03 13:43:09,29.55,8.5
d06f8388586c4f919ac56f24dd554524,3,d1a9a35929fe4fe4a09176b60ac21528,14559d695d1e4140a6174e5c6b266aa7,2017-11-03 13:43:09,84.09,17.4
5c39bad4c0e24629aca60dc4002143b0,1,3ff9840714f54530b8c9545b623b2085,14559d695d1e4140a6174e5c6b266aa7,2017-12-03 19:43:09,129.66,22.88
37a016824ade4aa1a6bb0a7c7d173976,1,e26e46c5858e4d8887c0593bd87afa7b,14559d695d1e4140a6174e5c6b266aa7,2017-12-02 06:43:09,15.46,8.5
75e0383d42fa40cdb91f2999309f1b65,1,ea4d851ed80c418991a829520c4b6866,14559d695d1e4140a6174e5c6b266aa7,2017-11-03 12:43:09,60.9,12.89
75e0383d42fa40cdb91f2999309f1b65,2,607909810d6f42dea67dcb1aa97b45bc,14559d695d1e4140a6174e5c6b266aa7,2017-11-03 12:43:09,34.84,8.5
23ac350719b048cf923b01f7f93c2590,1,afe1bc35a35d401f9ec4aaedc2f7271e,e11aba726d364f2086adb125fbef99ff,2018-06-10 05:36:42,67.68,8.5
23ac350719b048cf923b01f7f93c2590,2,e71b9fe33bdb4de1956221a923311cba,e11aba726d364f2086adb125fbef99ff,2018-06-10 05:36:42,44.97,8.5
c93ae57da7964205ae9a2add5fce572b,1,71090502dbf74289baa0b1113a649b7a,e11aba726d364f2086adb125fbef99ff,2018-04-01 22:36:42,18.67,8.5
2347523715654d08b43e4804ee395b58,1,191eeed8159e411ea7b7d0143555ae45,e11aba726d364f2086adb125fbef99ff,2018-04-16 19:36:42,25.59,8.5
2347523715654d08b43e4804ee395b58,2,f2d3ebe3b4454114826171b2c99dec41,e11aba726d364f2086adb125fbef99ff,2018-04-16 19:36:42,49.22,9.29
28ea0ee8f499426b858bfba44d7fbccc,1,01c9f138dde247a0a23aceed2050e42b,e11aba726d364f2086adb125fbef99ff,2018-04-01 17:36:42,9.23,8.5
28ea0ee8f499426b858bfba44d7fbccc,2,40f004bb3d604a5c9358a041ecf52c56,e11aba726d364f2086adb125fbef99ff,2018-04-01 17:36:42,86.43,13.37
c983fe7cdef9470ca649e602dcbe683a,1,6d53c81c099f4e71b7dd2f5938f3beb1,e11aba726d364f2086adb125fbef99ff,2018-04-19 04:36:42,115.12,21.26
6068f5852c934c10b4a3767b8f29a77d,1,750f4a1dc60b4d3a9cc5c9f8df4d751f,e11aba726d364f2086adb125fbef99ff,2018-05-27 23:36:42,27.17,8.5
edb0c38605394a008315813f30fc1ee4,1,2883a714a7ed4ef48f67aa0c895660dc,46b1199098fa40c4838ea26ae8fde754,2017-09-23 21:33:45,14.87,8.5
d33b22175e3b418ba81f1ff4f31e5b5b,1,f7242f323cea46bd885a8f6ed384c347,46b1199098fa40c4838ea26ae8fde754,2017-07-06 11:33:45,107.32,16.26
9f0881eb8eef4588a28099c5fe1b672d,1,3ebe7980495e4f38b4798b1aa2876881,46b1199098fa40c4838ea26ae8fde754,2017-07-07 09:33:45,158.77,23.21
142d68e7fd494e6d8096721ced5eb4d7,1,73f1bd47f53f471788b5454b006e01b5,46b1199098fa40c4838ea26ae8fde754,2017-07-15 16:33:45,31.93,8.5
f47f9d2d1750431da15e8a446c251869,1,d7dedae680d14c6fac8d9d888cb07778,46b1199098fa40c4838ea26ae8fde754,2017-07-16 13:33:45,130.03,19.51
483ee2023373494dab4e2714b305b917,1,5814648e45574af58fa6074c49920349,46b1199098fa40c4838ea26ae8fde754,2017-07-31 08:33:45,48.64,8.5
0c4522c4a8f54816a9e53459f10aba3d,1,aa5df92d78934c4c89f1f8898816e236,46b1199098fa40c4838ea26ae8fde754,2017-07-24 16:33:45,151.25,14.28
0c4522c4a8f54816a9e53459f10aba3d,2,21d39e0c1bcd42b0aa6d0a5a37ec7e45,46b1199098fa40c4838ea26ae8fde754,2017-07-24 16:33:45,133.55,24.71
01494134fe584d409f319cb3e824eab5,1,37c3fc17d27f40d5aaba7fbf8e3ff943,46b1199098fa40c4838ea26ae8fde754,2017-08-23 16:33:45,195.21,16.56
d75f0f9805d445a7a30f3d9ced45f08b,1,55a82669ce7848ebbe6405852cd51253,46b1199098fa40c4838ea26ae8fde754,2017-07-21 06:33:45,70.06,8.5
b51472bcc3804cdc90f5e92555358ffc,1,59f4d8b4a4fb46cca1e9ddb0a575674c,46b1199098fa40c4838ea26ae8fde754,2017-08-20 04:33:45,93.54,11.23
b51472bcc3804cdc90f5e92555358ffc,2,49d95608eb3f4f51942e41835008fde7,46b1199098fa40c4838ea26ae8fde754,2017-08-20 04:33:45,117.39,19.1
7f60ebb3761c4e00a2e0c4b82eada512,1,44bdb96b31034213a9d9cf695fbf5d48,46b1199098fa40c4838ea26ae8fde754,2017-07-15 13:33:45,245.43,28.95
0ef2fa68ca1b45b58526413b4d7c2d3d,1,79aa77dc99844a25aa8f37ccdf80fd15,46b1199098fa40c4838ea26ae8fde754,2017-07-23 10:33:45,170.53,25.07
61084e89447a4ea4b4e5bfcc5c4c5ad8,1,9e04754c2cb146078e898370a52a31db,46b1199098fa40c4838ea26ae8fde754,2017-09-29 15:33:45,99.38,11.8
099d1cb2e76f4268ab213d2b62a3c1d0,1,c4fdbdb0c93140f68b2212647a35993b,46b1199098fa40c4838ea26ae8fde754,2017-07-08 09:33:45,126.17,10.6
ad051f21c92446f9b082e5c274aae34c,1,331f609c93a04ea294523a4e6dc36ba2,46b1199098fa40c4838ea26ae8fde754,2017-07-14 05:33:45,47.33,8.5
f0ed3dcb04be4b80a1e1ee5fbca63545,1,d7b91173a4414251bf6472db36964ef2,46b1199098fa40c4838ea26ae8fde754,2017-07-03 23:33:45,45.7,8.5
9ae6ed73ee4b415dbdd311af68d21802,1,bb9d03f6364a4774b1366571761a1abd,46b1199098fa40c4838ea26ae8fde754,2017-07-27 21:33:45,119.19,18.39
76da7ed3ef1348928f463561ac72bc4b,1,7049ca289c83429ba2939f86937aac08,b739eef895e94d20ad64e4b7124fcc6b,2018-04-02 17:36:53,43.64,8.5
e2d2fb6739854dbf98a0f8c06e2d50ec,1,c7a09223fe16400390fa4f8dbfd7f695,b739eef895e94d20ad64e4b7124fcc6b,2018-04-10 05:36:53,71.58,10.73
51c6ba11f1b84a7aa9ae7ac991a22ed5,1,fe6b6f57dd92406fb14f08e03acdce4e,af1bd22caff8435eb1c60cf04e4cdade,2018-04-25 17:05:49,48.72,8.5
b5709eb41d9c4c91acf3f73b55c9f600,1,6ee213734d9f451fa501a36f457ba0c6,a7921ac5b88e4d05a719f0281cee51c0,2018-04-10 16:33:22,39.29,8.5
b5709eb41d9c4c91acf3f73b55c9f600,2,f7242f323cea46bd885a8f6ed384c347,a7921ac5b88e4d05a719f0281cee51c0,2018-04-10 16:33:22,42.57,8.5
b5709eb41d9c4c91acf3f73b55c9f600,3,d03ce3ba416841918fee35eeb1719a74,a7921ac5b88e4d05a719f0281cee51c0,2018-04-10 16:33:22,353.46,44.19
91c5b267266048a2bfd323a70a0ee377,1,e3e66dd509b94f68b92dad2356588683,a7921ac5b88e4d05a719f0281cee51c0,2018-04-09 12:33:22,163.79,28.83
d50e5c0bc1d04f98b1ed44582c8a4426,1,2c1fbff24c4e49f3b51dff1f719d55e8,a7921ac5b88e4d05a719f0281cee51c0,2018-04-25 14:33:22,214.53,31.08
d6e096ec05164ba58b923516a3ba8d01,1,ff976c8d8c294c0fbc46489d8d29abbd,a7921ac5b88e4d05a719f0281cee51c0,2018-06-07 13:33:22,405.93,33.5
b4962ad96b0c455791a7da8d92e84ff2,1,a079193ea0924f6dbba68e122f5aaeb5,2a216485c636406092e07a75233bbe86,2018-02-03 02:40:53,52.55,8.5
b4962ad96b0c455791a7da8d92e84ff2,2,42487d80f04e4168b1d3d9386f47fac7,2a216485c636406092e07a75233bbe86,2018-02-03 02:40:53,38.24,8.5
9081aa0901db4ddba59167998e9dba1b,1,2a6e031560a943528a4e27f86eea0e9f,2a216485c636406092e07a75233bbe86,2018-02-05 18:40:53,64.82,8.5
3316eb425dfb4488a05b4f663cdeea75,1,44522e39746f48879e471599bc532a6a,58c7c9d0073147be9b17205e60312492,2017-10-31 05:16:13,50.59,10.62
3316eb425dfb4488a05b4f663cdeea75,2,78de62cdabe848cb964badce446a16fc,58c7c9d0073147be9b17205e60312492,2017-10-31 05:16:13,68.12,13.62
3316eb425dfb4488a05b4f663cdeea75,3,cf2a23e593f547b289fb5264a64d8dcf,58c7c9d0073147be9b17205e60312492,2017-10-31 05:16:13,160.84,32.35
d1593ee756484f839ff72bdc29f4cf19,1,6c7af5e24af6424c960282f49ac9b498,58c7c9d0073147be9b17205e60312492,2017-10-26 03:16:13,112.97,16.0
f0b0404eb595424896ee528c781c6973,1,af69c9ef5eb04c02832f6dd88c552805,58c7c9d0073147be9b17205e60312492,2017-11-13 20:16:13,206.15,41.04
f9b0e08cca78422d981f72aabee273b5,1,8ed463874a48423bbe53fecd6b08f4d5,58c7c9d0073147be9b17205e60312492,2017-10-25 23:16:13,87.83,9.07
f9b0e08cca78422d981f72aabee273b5,2,ef333f44f4e549629d234085e47a3125,58c7c9d0073147be9b17205e60312492,2017-10-25 23:16:13,44.76,8.5
e0a3aefae5f54fb3b176d6eb72156e0e,1,5cf17b8d47a64ca59b64117de91e7187,47656f1f26dc41b1817a41e0bd4af2e6,2017-09-30 09:28:27,129.73,16.78
ad5c8999b72149afa5fef850c4e3fe89,1,01bb08862f774c17b03d0e94b05898a8,47656f1f26dc41b1817a41e0bd4af2e6,2017-09-08 00:28:27,48.7,10.13
389737af155c4a6aad78b8fd12f6d647,1,04bfdebca74e4f89808b43985b8f4c09,47656f1f26dc41b1817a41e0bd4af2e6,2017-10-02 07:28:27,35.1,8.5
18e85e0df2704a10a1d9d1ab992e13bd,1,4029dd9bf6664ff688fa31bb83020f5b,47656f1f26dc41b1817a41e0bd4af2e6,2017-09-12 00:28:27,15.28,8.5
b26f2ea5f19a4ccd8f616fad3f5c3194,1,6ee213734d9f451fa501a36f457ba0c6,94db957567954c94b6c57c067bce5658,2017-08-11 09:25:29,67.01,8.5
601e01b50ba547c282b0fd645c5a0b10,1,32276ee420ae4f9baf6268c23cc66369,94db957567954c94b6c57c067bce5658,2017-06-30 13:25:29,77.46,11.34
a07abc37095a433e922942f114a65618,1,e648e0824baf40ec9f193e307b16c81f,e48ad297dbd5406ab36c4690b7676aa8,2018-06-28 05:06:54,194.55,21.71
1953569e902745b19b675ea68ee26bc3,1,8d46d80d53a94081984e1d83be0e87f5,e48ad297dbd5406ab36c4690b7676aa8,2018-07-21 04:06:54,205.65,28.28
cffe597621f44e73af0b62edf718b8f4,1,4fc4ec06879f4e279bad578e3942c0cf,e48ad297dbd5406ab36c4690b7676aa8,2018-06-13 14:06:54,81.39,12.81
cffe597621f44e73af0b62edf718b8f4,2,c75e3a1d0f5e41e4a2fc7eb45cd4eec4,e48ad297dbd5406ab36c4690b7676aa8,2018-06-13 14:06:54,88.3,15.84
0b47905c8cdd4253a4bdf12b7a6dd15e,1,377d0c1cb8c74bf89a73766c10c8353e,e48ad297dbd5406ab36c4690b7676aa8,2018-06-08 01:06:54,111.83,17.93
eb40887d5bb04ddc8bb890ed6897e61e,1,d3a7294fd2584f12a3819db667854db6,e48ad297dbd5406ab36c4690b7676aa8,2018-07-13 23:06:54,51.47,10.67
00373611341b43f99dc6b397188fd0a4,1,2d5009ce8834498a907ad317b4031b44,e48ad297dbd5406ab36c4690b7676aa8,2018-06-01 06:06:54,253.12,34.42
977a72e9300d4c4abc9bd4ee8e40cbcb,1,39c19114ad1049e086879ea89adfe462,e48ad297dbd5406ab36c4690b7676aa8,2018-06-12 12:06:54,81.44,12.99
3c3dd3ca6f134835842547c8981ee3ac,1,9114028ab504439189ac0d89fc7f4b4f,e48ad297dbd5406ab36c4690b7676aa8,2018-07-02 13:06:54,68.72,12.96
976dff66caa74feaa36ed1eb8dedb0a7,1,8485d83aad3e40829beada2b00c09a14,e48ad297dbd5406ab36c4690b7676aa8,2018-06-10 11:06:54,24.0,8.5
1e335a7cc286442190aa306def148661,1,fa519b1ab43b49a5bfae358b341a44f0,e48ad297dbd5406ab36c4690b7676aa8,2018-05-30 13:06:54,67.53,9.49
4cfe9b01d48f40f58c046c6e05b23088,1,36782f79dcce4664a60a295f096af21f,e48ad297dbd5406ab36c4690b7676aa8,2018-06-01 00:06:54,26.28,8.5
e317fd449035497bb97e48c34a2bb364,1,078c371130c840a5b2de58d3a0519dc1,e48ad297dbd5406ab36c4690b7676aa8,2018-05-31 08:06:54,74.11,8.5
faf0adfe4ca64cde91bf995ec0e8689f,1,84b28376b4ba4472a150eb295c7eea16,e48ad297dbd5406ab36c4690b7676aa8,2018-06-22 03:06:54,77.21,11.86
faf0adfe4ca64cde91bf995ec0e8689f,2,2d3d7ed96b8049ff9b4af5d88c11c79e,e48ad297dbd5406ab36c4690b7676aa8,2018-06-22 03:06:54,222.6,27.4
c37ce054e2c5446fa5067592abba3493,1,cd8bbcae3e8f4197affe5248f219d4d1,e48ad297dbd5406ab36c4690b7676aa8,2018-06-08 02:06:54,62.6,8.5
882a899a310f4c648862c7315ee1c05d,1,7ff01c0664364abaa5751a05d258e340,e48ad297dbd5406ab36c4690b7676aa8,2018-06-02 04:06:54,21.49,8.5
69111858b89a423ebf6c2b77e4c69f42,1,655d7c5e5af84e83ac444c0c7a81e6fe,e48ad297dbd5406ab36c4690b7676aa8,2018-07-01 23:06:54,11.42,8.5
cc20fd7fff254e36a71845df13d50c70,1,fff75832db264c33a33f6f6ce9c5e858,36c1fb4390e94d47ab12a92cc1c6de5b,2017-08-26 17:41:40,19.22,8.5
7bf8ec9686bf48149c8c54911708bfb8,1,70a2941f0a8c48bdb8ccc5c7612ec7fa,36c1fb4390e94d47ab12a92cc1c6de5b,2017-08-22 15:41:40,37.8,8.5
c85d00598a1a4a9e806e2f75749462f8,1,fc0238c296234b3390fb70edcae4db67,36c1fb4390e94d47ab12a92cc1c6de5b,2017-09-04 22:41:40,25.73,8.5
88780aed32344d6f8c57d62c50b5305d,1,ef333f44f4e549629d234085e47a3125,36c1fb4390e94d47ab12a92cc1c6de5b,2017-09-06 11:41:40,40.4,8.5
b84bf44623934d68a0006e13eb05306c,1,0aea9db47c7e4fafbe6cc45f27ba19da,36c1fb4390e94d47ab12a92cc1c6de5b,2017-09-18 21:41:40,12.2,8.5
c20af4f9ba8b40f7a4d5c8722ad24601,1,3a422dbdaebc426d974617f87830a28f,36c1fb4390e94d47ab12a92cc1c6de5b,2017-10-20 02:41:40,75.91,8.91
b84f3b858c704f3da616807076a9125b,1,3ddb170c40c64e95abcc7c4182834807,36c1fb4390e94d47ab12a92cc1c6de5b,2017-08-24 03:41:40,132.22,24.51
b84f3b858c704f3da616807076a9125b,2,d3b5d812d4ef440a840f95a30f83f83a,36c1fb4390e94d47ab12a92cc1c6de5b,2017-08-24 03:41:40,150.96,19.73
b84f3b858c704f3da616807076a9125b,3,7324771a13da41799015ba377792a490,36c1fb4390e94d47ab12a92cc1c6de5b,2017-08-24 03:41:40,67.85,9.64
1a357e7c492647b69a884e377a0f4104,1,6ee213734d9f451fa501a36f457ba0c6,36c1fb4390e94d47ab12a92cc1c6de5b,2017-09-04 13:41:40,110.94,10.67
05601b92a04c46d985fe52ab1f07e42d,1,0eeaaf0ec94a4541ad472945a44b349e,353b3096fb0b43b5b0b3672841e9a970,2018-01-11 07:30:55,326.01,48.86
94f9ea6713d840329a78bbc70e36c1b1,1,8440fa30c0374c76971a72181df7ae5b,353b3096fb0b43b5b0b3672841e9a970,2018-01-21 11:30:55,227.73,34.41
5a960787575049b984edfd87c4ac2b46,1,40964d8120a84310b63c950dc3d57324,353b3096fb0b43b5b0b3672841e9a970,2017-12-28 14:30:55,124.44,21.12
5a960787575049b984edfd87c4ac2b46,2,c15c2bb086434ad7a9eaa40b2ed5d986,353b3096fb0b43b5b0b3672841e9a970,2017-12-28 14:30:55,18.15,8.5
92ba16c6bf9540e7b737632038feeae6,1,b09ced06368543639efee02905ea3f6d,353b3096fb0b43b5b0b3672841e9a970,2018-01-24 23:30:55,98.47,14.42
e5d365d2cdab40ed8bb021119cd81df1,1,67385bc1efce47d0a52483e5afcb2056,8d818f4666604ee49ca3e6912541c209,2018-01-28 18:57:31,39.26,8.5
e5d365d2cdab40ed8bb021119cd81df1,2,7049ca289c83429ba2939f86937aac08,8d818f4666604ee49ca3e6912541c209,2018-01-28 18:57:31,101.03,17.94
acfc37a99ea64e5a8c0a8761ce0f83b6,1,a3e945bd0c314476bd5efc2930b82c77,8d818f4666604ee49ca3e6912541c209,2018-01-09 15:57:31,44.82,8.5
1d73f0a515dd4574a06c693a01254f27,1,cf81570bac254a92b191693ad0a5cd12,8d818f4666604ee49ca3e6912541c209,2018-01-26 06:57:31,14.3,8.5
1d73f0a515dd4574a06c693a01254f27,2,9861f4e896514572ab99af82fbcc8f1b,8d818f4666604ee49ca3e6912541c209,2018-01-26 06:57:31,358.26,67.04
5bf50dc39a464e3bb63655ac2f3a5bee,1,541b2c2168e348518c982cccca8f1fe7,8d818f4666604ee49ca3e6912541c209,2018-01-20 21:57:31,42.1,8.5
75c1e566bda24792a2a1c24bdc2bc46e,1,4fc4ec06879f4e279bad578e3942c0cf,2bd0ea1a02014da59fe90c60852ca163,2017-11-21 15:07:45,8.69,8.5
b33af89fd89a447497db73ea5e3d2023,1,ef035a03586a4d339014e0b9616ee8f9,2bd0ea1a02014da59fe90c60852ca163,2017-11-21 17:07:45,46.34,8.5
4ccd600c1cf443c080dd18d580ef5b38,1,136793b0c41f46639afe935695692e30,2bd0ea1a02014da59fe90c60852ca163,2017-11-30 11:07:45,83.86,8.5
32231ae06b95431bb7fba3e1be9a2d84,1,2f1e0509216a4022907ca3d868d77bf9,0ee6c9ec1a334c96854130359c76389b,2018-01-21 14:31:22,52.77,8.5
32231ae06b95431bb7fba3e1be9a2d84,2,ba9f574784c74426aab098f3c5e5b024,0ee6c9ec1a334c96854130359c76389b,2018-01-21 14:31:22,25.28,8.5
0e68d9a356d946c280f61c5cffd05106,1,38950e89b8bd4ffc922f10cc034cc897,0ee6c9ec1a334c96854130359c76389b,2018-01-30 23:31:22,243.26,40.27
e9647e5eb8c844bf8f716a55950a68b6,1,153c8ef2900c4b70b0fdf5256634d1e8,5da71b239fa643458766b3005775b176,2018-06-04 16:49:24,44.19,8.5
e9647e5eb8c844bf8f716a55950a68b6,2,3ec05895148e45c6b046d100d4009f81,5da71b239fa643458766b3005775b176,2018-06-04 16:49:24,62.57,8.5
d72bce5c29ed48248dff37fecaf63257,1,bbcbc06913f1417f96ef1a242969be9a,5da71b239fa643458766b3005775b176,2018-06-15 00:49:24,155.67,24.05
d72bce5c29ed48248dff37fecaf63257,2,af69c9ef5eb04c02832f6dd88c552805,5da71b239fa643458766b3005775b176,2018-06-15 00:49:24,70.26,12.8
60ac8f3ee5d24bac9a230ef9eb7d2f1d,1,2a22fed13bad4ce091c5bad7f4c4e8c9,5da71b239fa643458766b3005775b176,2018-05-21 21:49:24,146.73,24.21
854f2cf82e634fba8e07cbf0b8d7a655,1,b10e4441c4044a309e051444b2a853c1,ad1e76c2c8ae4a4ca66e3fb733ee5bee,2018-05-07 07:24:13,121.83,22.37
ce3f414449b146fe99f28a406948cf52,1,3288edd2dd964011bec543a51b83d404,ad1e76c2c8ae4a4ca66e3fb733ee5bee,2018-05-07 02:24:13,51.1,8.5
f56b0cede7f9494d9ea9c7a488f9b0a1,1,2061966b66424545a7644928b0686526,ad1e76c2c8ae4a4ca66e3fb733ee5bee,2018-05-17 20:24:13,231.36,31.02
f4483c8606b34b9096db5bf6c6cf47c1,1,9e6b7e3c8516498b986a23f98abd5daa,ad1e76c2c8ae4a4ca66e3fb733ee5bee,2018-06-11 02:24:13,69.73,13.41
7c7bb4d2c1b04f28bbff7e5801f0407d,1,716847bd0fd54313aeeb1673a80d2d9a,ad1e76c2c8ae4a4ca66e3fb733ee5bee,2018-06-23 07:24:13,46.64,8.5
7c7bb4d2c1b04f28bbff7e5801f0407d,2,58aa2de3269b41038b506f05b4878599,ad1e76c2c8ae4a4ca66e3fb733ee5bee,2018-06-23 07:24:13,30.25,8.5
7c7bb4d2c1b04f28bbff7e5801f0407d,3,e3e66dd509b94f68b92dad2356588683,ad1e76c2c8ae4a4ca66e3fb733ee5bee,2018-06-23 07:24:13,126.23,13.67
f857c2440f9a45878ad8fba75503df9f,1,e26e46c5858e4d8887c0593bd87afa7b,ad1e76c2c8ae4a4ca66e3fb733ee5bee,2018-05-24 06:24:13,125.69,14.74
11bf0b9a9b1b493d8b9efd3f42fcbeb3,1,79aa77dc99844a25aa8f37ccdf80fd15,ad1e76c2c8ae4a4ca66e3fb733ee5bee,2018-05-20 07:24:13,19.63,8.5
1a22e6dacf15481c8c43f2802a81ce6b,1,7d5e4f3573b04ed894398fb67afdbc05,ad1e76c2c8ae4a4ca66e3fb733ee5bee,2018-05-05 09:24:13,54.31,8.5
b2420192bb414760b355abc31d2998df,1,a28f4b54b2434175a4871b0463cea289,ad1e76c2c8ae4a4ca66e3fb733ee5bee,2018-05-19 04:24:13,148.62,31.76
7ad44a9834004659b176f1256296722d,1,fa519b1ab43b49a5bfae358b341a44f0,ad1e76c2c8ae4a4ca66e3fb733ee5bee,2018-05-11 20:24:13,27.51,8.5
bae7e0bc89864f808c4242aff3ac9e0e,1,5bcf6abb234f4fcaac9a71a21ca4e56b,4aa09c67f6624bd08e091ca3f28f1870,2017-10-05 15:36:05,62.37,10.95
219030668721459a90a4420541abc3c3,1,6ba91efe9dff4c09ad995ed7b5258f23,4aa09c67f6624bd08e091ca3f28f1870,2017-10-06 17:36:05,269.55,43.9
30805536e2484d038e52ce0bb316251f,1,03f9cad179014610ba5c095762f291e1,4aa09c67f6624bd08e091ca3f28f1870,2017-10-01 05:36:05,48.67,8.5
a30830d4954e4f9b97d7f4054db56b4c,1,ea6f7b3c291b45d8b389f701a923901f,906bf17a3353442d94237e3db90d103b,2018-01-08 20:05:18,42.32,8.5
a30830d4954e4f9b97d7f4054db56b4c,2,86a137bacde64f33a230e776df0fa93f,906bf17a3353442d94237e3db90d103b,2018-01-08 20:05:18,169.99,24.24
372b84c89fe8467ab475163db41edc14,1,468b803d8a394cb2946afd35664209d2,8501c27753a84628b33ae7638cb69f21,2018-01-12 07:02:14,10.9,8.5
b6245988a7954978ba9c2054dd5b0e61,1,f7242f323cea46bd885a8f6ed384c347,8501c27753a84628b33ae7638cb69f21,2017-12-24 10:02:14,56.19,10.48
b6245988a7954978ba9c2054dd5b0e61,2,3f1f42b8148c4616995f65dc85f5e585,8501c27753a84628b33ae7638cb69f21,2017-12-24 10:02:14,20.27,8.5
4272e81e00694b11bea6050442b03bb4,1,e8020a5073764efca24d5410fd8a0ac7,8501c27753a84628b33ae7638cb69f21,2017-12-25 09:02:14,163.62,24.11
efa71eef634347d89488b8f19ea98102,1,d44ca1890c7e40069f18fd55ee86a8b4,473948121d524a2e90fc5839b1eb9320,2017-12-23 22:16:09,28.79,8.5
efa640ca479744acac52cade0eaaf3c7,1,28f634b62d4043e0aac44f369ded1390,fe0d45027fe44ce99d01b1947e4d1e37,2018-02-22 19:30:51,103.95,15.48
3db3a8a51f894d9cab95a191a7491147,1,1588900dd56748588b24ee5e5c7beea4,fe0d45027fe44ce99d01b1947e4d1e37,2018-02-27 00:30:51,151.28,32.55
355eab53c0db492da951a988df09ed1a,1,a46fead64df34795be6d16b5deef27d2,fe0d45027fe44ce99d01b1947e4d1e37,2018-02-14 19:30:51,159.6,23.95
355eab53c0db492da951a988df09ed1a,2,49609ce23cd54df1a907d7d6ea87b9cf,fe0d45027fe44ce99d01b1947e4d1e37,2018-02-14 19:30:51,174.3,22.11
355eab53c0db492da951a988df09ed1a,3,d1a9a35929fe4fe4a09176b60ac21528,fe0d45027fe44ce99d01b1947e4d1e37,2018-02-14 19:30:51,31.05,8.5
765aac8a2eed4fbca084a633f2f2bfd3,1,06c82ae9b9384ca3b9590eb82e3e351e,fe0d45027fe44ce99d01b1947e4d1e37,2018-02-13 04:30:51,256.73,49.39
765aac8a2eed4fbca084a633f2f2bfd3,2,5146c66ba7444a9a82180d48e3471452,fe0d45027fe44ce99d01b1947e4d1e37,2018-02-13 04:30:51,64.78,12.85
6c269f056ff846d4baef64d8ea59b30c,1,ad0bc024ee50446e8b8fc9909678e7d0,fe0d45027fe44ce99d01b1947e4d1e37,2018-02-22 16:30:51,75.48,8.5
b7f9965cca64452898f8db8d16af8be9,1,e71b9fe33bdb4de1956221a923311cba,fe0d45027fe44ce99d01b1947e4d1e37,2018-03-12 03:30:51,123.58,21.05
3ea5e30cf6e64261b057de43162127de,1,885e236468954acf93aa9f8ef7207c78,0e63390c10254727aea11bed0b416934,2018-03-09 10:39:39,245.94,20.04
c39378e0f8dc4857b84beb094a0ca6c7,1,e950deedc1f14e5d94b51d8bf6101a9e,0e63390c10254727aea11bed0b416934,2018-03-14 10:39:39,245.72,51.64
c39378e0f8dc4857b84beb094a0ca6c7,2,8b722edf7dac409b99a57262eefe0510,0e63390c10254727aea11bed0b416934,2018-03-14 10:39:39,138.81,23.93
908d40a783f94d8cb4313fb5129515c6,1,953c34dff9884496a6ced1eb2aec8a4d,0e63390c10254727aea11bed0b416934,2018-04-05 03:39:39,43.23,8.5
25e096065aef43f78b6aa721bc78bb60,1,607909810d6f42dea67dcb1aa97b45bc,3db1c42aefd548ed8aa3e921dcc78c26,2018-07-19 15:21:14,103.86,14.88
49c0a447446c4996ac48ec6c519f6a45,1,7049ca289c83429ba2939f86937aac08,3db1c42aefd548ed8aa3e921dcc78c26,2018-05-23 08:21:14,18.92,8.5
0cce58432a2947a9b2503c0ff636e39c,1,b4905ddb15ea403c93551b2318b1b59e,3db1c42aefd548ed8aa3e921dcc78c26,2018-07-09 12:21:14,69.54,13.63
78515908186c4b159cfaf3902d125d27,1,4ce2f134095f493c95c47cbbf7f26618,3db1c42aefd548ed8aa3e921dcc78c26,2018-06-19 04:21:14,44.52,8.5
edb333e506404e6a8d6d4e159c25a175,1,f7242f323cea46bd885a8f6ed384c347,3db1c42aefd548ed8aa3e921dcc78c26,2018-06-09 14:21:14,58.87,12.72
1ff4a7c3cd764382a9caec07ec301a86,1,3ddb170c40c64e95abcc7c4182834807,3db1c42aefd548ed8aa3e921dcc78c26,2018-06-09 10:21:14,41.15,8.5
0f6fc590cd754847841a05c8935eae2c,1,2be4cbda60654334b93171e3a2a9b989,3db1c42aefd548ed8aa3e921dcc78c26,2018-05-26 00:21:14,237.76,20.82
0f6fc590cd754847841a05c8935eae2c,2,d7f7a77835444c9a82bf993b0ff07367,3db1c42aefd548ed8aa3e921dcc78c26,2018-05-26 00:21:14,103.56,13.53
8aa24051b6044720afb9df3145654d84,1,4ce2f134095f493c95c47cbbf7f26618,3db1c42aefd548ed8aa3e921dcc78c26,2018-06-01 21:21:14,43.85,8.5
93fefa2911054cb4b171e4a3809bfcf4,1,42860097a90c411eaba670606f3dad27,3db1c42aefd548ed8aa3e921dcc78c26,2018-07-24 02:21:14,141.8,29.04
01f4ba4829c141d2b62ed69048b925ca,1,1f9599d82ebe4e65a33e000ac6ea3a0e,3db1c42aefd548ed8aa3e921dcc78c26,2018-06-03 07:21:14,68.07,8.5
f9d77b96e315413da8e13d6ccadd2ae9,1,3d6f3005222f45438b7f6d6a8d53d2e7,3db1c42aefd548ed8aa3e921dcc78c26,2018-06-10 20:21:14,137.03,13.21
bfcccb822ffb429db4e92fba70463af1,1,7324771a13da41799015ba377792a490,3db1c42aefd548ed8aa3e921dcc78c26,2018-06-08 04:21:14,50.72,8.5
c2b0862c6002401e9c51a1926f5e3292,1,69debee402154e28bf12862dae3e4efc,3db1c42aefd548ed8aa3e921dcc78c26,2018-07-12 20:21:14,17.26,8.5
c2b0862c6002401e9c51a1926f5e3292,2,20673b9a51c84802b8370318cafa70d9,3db1c42aefd548ed8aa3e921dcc78c26,2018-07-12 20:21:14,135.27,21.4
1216f610440c4bac98886c194796a85d,1,a400d2923c364fc09552795d7c296747,3db1c42aefd548ed8aa3e921dcc78c26,2018-05-22 20:21:14,85.81,8.5
2378c25f1a28486bb23c02cfefb4205d,1,31c4802eca6a489ba35e4a48b53c6b84,3db1c42aefd548ed8aa3e921dcc78c26,2018-05-26 21:21:14,642.38,133.1
314d44b34ec342ed8e905ef787c51696,1,078c371130c840a5b2de58d3a0519dc1,3db1c42aefd548ed8aa3e921dcc78c26,2018-07-24 12:21:14,139.04,22.15
b83e469a15214a5cb64cf3aeeb4cbf19,1,a28f4b54b2434175a4871b0463cea289,3db1c42aefd548ed8aa3e921dcc78c26,2018-06-06 07:21:14,64.72,9.24
b83e469a15214a5cb64cf3aeeb4cbf19,2,56c13b87824041b1a18e22a6853a0f04,3db1c42aefd548ed8aa3e921dcc78c26,2018-06-06 07:21:14,79.56,12.11
5ae608ae4471493d8066eb4260f581b3,1,9d570150c01f49ba9bae173c65ed539c,3db1c42aefd548ed8aa3e921dcc78c26,2018-07-06 11:21:14,59.89,11.59
186744c51c1743ec95722987427e231a,1,c04a694415134dd5b7a9929fa078397e,3db1c42aefd548ed8aa3e921dcc78c26,2018-05-24 04:21:14,189.39,21.43
dc49c3db27ce4fe8a91d084faea48e67,1,85d0f4a744904c8a872e1eb354feab1f,3db1c42aefd548ed8aa3e921dcc78c26,2018-05-23 07:21:14,41.06,8.5
dc49c3db27ce4fe8a91d084faea48e67,2,43812beab7b64cce97b094cdb2579ec2,3db1c42aefd548ed8aa3e921dcc78c26,2018-05-23 07:21:14,104.53,11.11
3a599bded8754fcba5a8cee67fcde17d,1,9d570150c01f49ba9bae173c65ed539c,3db1c42aefd548ed8aa3e921dcc78c26,2018-06-30 09:21:14,169.07,21.93
6066a8987acf463a8731b2471866ee60,1,d3b5d812d4ef440a840f95a30f83f83a,3db1c42aefd548ed8aa3e921dcc78c26,2018-06-24 12:21:14,405.69,69.18
921f9dc3e04f45bcb3c8665ed2d12e88,1,c1a0e608a06648f7a69c96b5544a1fe9,7448522b82854912876c6d43a31b4cd1,2018-03-02 00:01:09,373.69,47.5
b7b2c16e25654a869d0196518a0b3a46,1,0f577f4856044081a067680fd1c38590,44339c8fe4474f128d70df2744a969d6,2017-12-19 04:24:38,171.27,26.01
9fb870931c0f479c9628e2f10bfd5ecd,1,6ba91efe9dff4c09ad995ed7b5258f23,44339c8fe4474f128d70df2744a969d6,2017-12-26 05:24:38,10.26,8.5
9fb870931c0f479c9628e2f10bfd5ecd,2,25a634ed47bb4877a9f38985821d410b,44339c8fe4474f128d70df2744a969d6,2017-12-26 05:24:38,58.84,8.5
61ebcd56bb70445bbabe1288df86a400,1,f2d3ebe3b4454114826171b2c99dec41,9e83ef5ebbdf4c099095f65072bb47c8,2017-11-28 22:31:44,443.39,71.8
61ebcd56bb70445bbabe1288df86a400,2,a8a6d1acd087426e966316b1ee004365,9e83ef5ebbdf4c099095f65072bb47c8,2017-11-28 22:31:44,39.85,8.5
34caaffcce614101a69d695fee8ced47,1,37c3fc17d27f40d5aaba7fbf8e3ff943,9e83ef5ebbdf4c099095f65072bb47c8,2017-10-19 22:31:44,211.38,24.47
f7a20058823144688ae7051d65303867,1,cb4cc6a559fc4437aa9b5be6a60a39c1,e55aeb07b32143849b8ddda1cdfe8ea4,2017-09-11 06:43:30,43.53,8.5
ce6a97ae85ae4fe58ccf9c3c67fe496d,1,54fd0302d42b4681ab8c174fc5593ad4,e55aeb07b32143849b8ddda1cdfe8ea4,2017-07-14 16:43:30,92.1,16.37
ba7879c2bd424466afc3a689396e9dbf,1,99328ac30b3140fbb891947a9bd449e8,b79a2c7d953a430481ca524b4212263d,2018-05-23 09:22:37,321.38,64.35
2d6d7ab8d7c04c3fb68e30aae48b868e,1,01c9f138dde247a0a23aceed2050e42b,409e713ae5754eb495ed95b09d7d0528,2018-06-18 22:13:56,59.51,8.5
6119d6a6f668463c92f4698e60673367,1,f1c12b5617c5442d86c2934c517de3bc,409e713ae5754eb495ed95b09d7d0528,2018-06-16 09:13:56,101.18,20.47
0dfed6fc8b89422f9b91cbebd246eaaa,1,fe6b6f57dd92406fb14f08e03acdce4e,409e713ae5754eb495ed95b09d7d0528,2018-07-17 03:13:56,77.34,11.03
6ece55b9aea742fe868b542077c74d5d,1,ebb3db69c4cb4c45a6c75ef4c9055d60,409e713ae5754eb495ed95b09d7d0528,2018-06-16 12:13:56,57.36,9.53
3bd79fe3df554e89ab36aedc3f410721,1,256ccf9a70164819bbd6edeb27646a39,409e713ae5754eb495ed95b09d7d0528,2018-07-28 09:13:56,80.41,10.16
3bd79fe3df554e89ab36aedc3f410721,2,d3b5d812d4ef440a840f95a30f83f83a,409e713ae5754eb495ed95b09d7d0528,2018-07-28 09:13:56,113.17,18.56
fb62e784fa7e49b68d6313f2cfc3ba6b,1,61a2499f10b44667bd97007735a44def,409e713ae5754eb495ed95b09d7d0528,2018-06-21 11:13:56,121.29,16.77
df966ac052864cc196f22e7edca443b4,1,af69c9ef5eb04c02832f6dd88c552805,409e713ae5754eb495ed95b09d7d0528,2018-07-03 21:13:56,41.98,8.5
0072f5a196ce4286bac55ec703aad2b7,1,8b722edf7dac409b99a57262eefe0510,409e713ae5754eb495ed95b09d7d0528,2018-07-24 07:13:56,130.82,17.13
57faf43fc8814cd486a77b30b549a4d1,1,0bc861e3cbaf427b80560c72fea9523e,387c908b0951414b952046b005367b2e,2017-09-09 16:22:47,115.76,16.5
26f709ef072940208a8af5f0bffbfa62,1,b28e99d9f585404796c241d4ea67d6c1,387c908b0951414b952046b005367b2e,2017-08-04 18:22:47,39.3,8.5
530dea22e3a24004be473fd880e22fd9,1,3ebe7980495e4f38b4798b1aa2876881,387c908b0951414b952046b005367b2e,2017-07-14 21:22:47,64.62,8.5
a2d6197546194bc8947a81d1ea07723d,1,06c82ae9b9384ca3b9590eb82e3e351e,387c908b0951414b952046b005367b2e,2017-07-23 15:22:47,75.49,8.5
3513afcaa23847bfa862be400e39fdf2,1,f2d3ebe3b4454114826171b2c99dec41,387c908b0951414b952046b005367b2e,2017-07-21 21:22:47,73.19,15.7
478fbbb87ff24c4dbae43d553888597d,1,fd4a13ad0dde4974941b9e08bc8e5253,387c908b0951414b952046b005367b2e,2017-08-04 23:22:47,262.62,34.09
839a6a39f6394f3f8d2cc085e6a4875d,1,13f38e67b3b640089df87938c53074f5,387c908b0951414b952046b005367b2e,2017-09-03 17:22:47,318.55,30.97
13ff7d3d2d624c8786820fc38bb0b169,1,1410bf6121ce4596b3b816b73707b1d2,387c908b0951414b952046b005367b2e,2017-08-14 12:22:47,742.42,132.08
73b433f7227c40cea3a0ae41c7161110,1,ece5b6f83445415398b9ace9d683d0cf,387c908b0951414b952046b005367b2e,2017-08-16 19:22:47,795.52,150.77
fbc8a568eab14a55a700c3043f93a326,1,05688c66890a44f3a8853d92388e848b,387c908b0951414b952046b005367b2e,2017-08-08 06:22:47,153.15,14.22
fbc8a568eab14a55a700c3043f93a326,2,b4905ddb15ea403c93551b2318b1b59e,387c908b0951414b952046b005367b2e,2017-08-08 06:22:47,79.2,10.96
176fb542912b49be9f68bea2ded93dd8,1,32276ee420ae4f9baf6268c23cc66369,387c908b0951414b952046b005367b2e,2017-09-08 15:22:47,129.62,17.09
694717f8d51943349c58abe2d580fd9f,1,20673b9a51c84802b8370318cafa70d9,387c908b0951414b952046b005367b2e,2017-08-14 21:22:47,186.69,31.29
fad172f38b4a4c6d81277060404b6225,1,2c1fbff24c4e49f3b51dff1f719d55e8,387c908b0951414b952046b005367b2e,2017-07-15 00:22:47,153.54,20.53
3fe0cf3ac8cc4d758b58f17224c8153e,1,e71b9fe33bdb4de1956221a923311cba,8c4e42b5b9664443b360cd92714a8702,2017-11-17 20:23:48,38.36,8.5
16a325aa5bbe410692a4bc0113253b7f,1,a0faa660b1364a3cbc58ce89aef0f384,8c4e42b5b9664443b360cd92714a8702,2017-11-17 01:23:48,32.17,8.5
aca1fbb4b8044ab89affae1f97cfda3c,1,87340047b52f467b91e0f7d23cfb7995,8c4e42b5b9664443b360cd92714a8702,2017-12-21 20:23:48,187.39,37.06
bda9ac089c634dc2ac620224e16bdb4a,1,cd883bfbcac54639bb545492da061a2d,8c4e42b5b9664443b360cd92714a8702,2017-12-29 02:23:48,27.33,8.5
ceb5fc40b9d64c6cab1ca3993dc10811,1,75475305a17744c687e89c2021d846f4,8c4e42b5b9664443b360cd92714a8702,2017-11-17 08:23:48,38.14,8.5
ceb5fc40b9d64c6cab1ca3993dc10811,2,ec30306b6268459a8ee60035387407e7,8c4e42b5b9664443b360cd92714a8702,2017-11-17 08:23:48,104.93,11.11
5411b1f2f51e41eabe92a449bbd0b717,1,c6719e320d20448e85e2de75099dc454,8c4e42b5b9664443b360cd92714a8702,2017-11-16 08:23:48,169.96,25.94
ce282da3bd8641a4b2bf77520662153c,1,0bb08354427a45ec94274964a7d98b96,8c4e42b5b9664443b360cd92714a8702,2017-11-18 18:23:48,220.88,26.86
47fd6d9c803b4acf9cc7bc7353624cdf,1,9c67395cb0184bb9ad2ad2c3d3663b74,8c4e42b5b9664443b360cd92714a8702,2017-11-16 17:23:48,294.26,42.19
a38243eeaef54cab85156ff1b86a8c17,1,d7b91173a4414251bf6472db36964ef2,8c4e42b5b9664443b360cd92714a8702,2018-02-08 08:23:48,38.44,8.5
5ec5cd4c08cb466c8b39d2d53d1e5562,1,f7242f323cea46bd885a8f6ed384c347,8c4e42b5b9664443b360cd92714a8702,2017-11-16 10:23:48,60.91,8.5
1a902667468d4f0eab9b7a3ef5e650f5,1,5c11cbe5c9fd42ea9e0bb0e61b8fd904,8c4e42b5b9664443b360cd92714a8702,2017-12-30 14:23:48,81.21,14.77
36c5786cf5dd46b4a52b0f1d5be44591,1,bb2961d1f778430693c73d969793e621,8c4e42b5b9664443b360cd92714a8702,2017-12-01 10:23:48,53.15,8.5
7740e09bb3c84b0a8e303e72dfab04d3,1,8d12cffb9e8b405c9653942e394e753e,8c4e42b5b9664443b360cd92714a8702,2017-11-19 06:23:48,159.27,18.08
28252b645f78447ab6372560dcc071dd,1,c15c2bb086434ad7a9eaa40b2ed5d986,8c4e42b5b9664443b360cd92714a8702,2017-11-16 17:23:48,66.96,9.8
501fb63deb2845eabcafe7dad430797b,1,44bdb96b31034213a9d9cf695fbf5d48,8c4e42b5b9664443b360cd92714a8702,2017-12-10 09:23:48,267.18,35.89
501fb63deb2845eabcafe7dad430797b,2,9aab70096b5449ef860fb6d51b6134f6,8c4e42b5b9664443b360cd92714a8702,2017-12-10 09:23:48,223.11,38.58
aad0cdc395d0447eacd2f8bbd87f9814,1,bcddc046e9b2482ab7dffcabae8836de,8c4e42b5b9664443b360cd92714a8702,2017-11-17 09:23:48,179.66,39.09
79e9e265c2e14d7faec89a5602eb8937,1,26e5eab1121d46f98c4a56560f17674a,8c4e42b5b9664443b360cd92714a8702,2017-12-30 08:23:48,363.3,70.16
3f8c923f868d4870b413c147e40cee0c,1,5c9185172c2140c1826a701785de5804,8c4e42b5b9664443b360cd92714a8702,2017-11-23 10:23:48,81.53,8.5
f580ca9924f4462c95b0ab384a9f949a,1,7682cebd7d68400290ee742d6aab9dbd,8c4e42b5b9664443b360cd92714a8702,2017-12-15 13:23:48,128.06,20.2
6cd09db94eb442158c82b20bd1e478e7,1,cc8fab6f2489469790d44d1983d5846e,8c4e42b5b9664443b360cd92714a8702,2017-11-16 09:23:48,129.96,22.54
814d1c9504354550a7d4da27afda7cdd,1,29075fa5c36f47b09df491d731e1881c,8c4e42b5b9664443b360cd92714a8702,2017-11-28 04:23:48,173.59,32.88
559eb20706bb4581a455d15f568136c4,1,5d18c287f65b4b2ea07ea09e9263d6ab,8c4e42b5b9664443b360cd92714a8702,2017-12-01 08:23:48,213.07,31.68
559eb20706bb4581a455d15f568136c4,2,f7242f323cea46bd885a8f6ed384c347,8c4e42b5b9664443b360cd92714a8702,2017-12-01 08:23:48,142.52,29.43
559eb20706bb4581a455d15f568136c4,3,686c24682d344473ad82eb9f8a96e1be,8c4e42b5b9664443b360cd92714a8702,2017-12-01 08:23:48,87.05,12.66
7bab6285f3694ac8a26b4bf0aeca8074,1,aac0cdcff44547ec928f26aeab7cdfda,8c4e42b5b9664443b360cd92714a8702,2017-11-28 16:23:48,143.36,31.16
143bf711f8e64132b2ee0a5727718251,1,e43f17059c6c45b686ef911deb55a897,8c4e42b5b9664443b360cd92714a8702,2017-11-26 07:23:48,73.52,8.98
65b5b1e68afb44628a71bd7fbd83cc4d,1,03b42f610af04cd7a50a430bf26a43ad,4ebd6e2586dc449b9c86aa0994b643f8,2017-11-11 10:18:06,51.28,8.5
e4d8fbd964f344fabd4f2bc51f26444f,1,9ed1e9afad3a4e93890eb654e82f672e,4ebd6e2586dc449b9c86aa0994b643f8,2017-11-17 05:18:06,50.37,10.47
e4d8fbd964f344fabd4f2bc51f26444f,2,9bf22b4119af42719d5d3cbad44efa43,4ebd6e2586dc449b9c86aa0994b643f8,2017-11-17 05:18:06,52.1,9.1
b3b0cce9ecd248a7a5751434670f61d4,1,b4905ddb15ea403c93551b2318b1b59e,4ebd6e2586dc449b9c86aa0994b643f8,2017-11-05 07:18:06,12.37,8.5
cb728307dc8b44f1992ab3467a254133,1,79aa77dc99844a25aa8f37ccdf80fd15,4ebd6e2586dc449b9c86aa0994b643f8,2017-12-01 20:18:06,249.11,45.55
afdbff94c44a4117858272e256868c21,1,1c8fcfb9f392471abc2ac13537f7ea2a,4ebd6e2586dc449b9c86aa0994b643f8,2017-11-24 10:18:06,280.39,59.36
573e83566de44a20820eb3192830d309,1,c4fdbdb0c93140f68b2212647a35993b,5df88f98b943417e9dcde1256d1f534a,2018-03-11 16:24:51,38.99,8.5
6bcb31a54c194297b50990024c272b0f,1,ddad49438570447d9e1064bdae33e265,5df88f98b943417e9dcde1256d1f534a,2018-01-28 13:24:51,16.07,8.5
ba0e4b3dd82949a1ad8492b75b37e5bb,1,3ff9840714f54530b8c9545b623b2085,5df88f98b943417e9dcde1256d1f534a,2018-01-28 15:24:51,101.55,9.37
d6fe073dcb604a7786d21128f967cc26,1,01a2e162e71d4baebcb561917f105188,5df88f98b943417e9dcde1256d1f534a,2018-02-10 00:24:51,67.52,13.58
0d5ba54c857149a888d36654c94b0332,1,58aa2de3269b41038b506f05b4878599,5df88f98b943417e9dcde1256d1f534a,2018-01-30 11:24:51,178.87,28.69
89682ac1384045e5a9890143775ffbd1,1,06c82ae9b9384ca3b9590eb82e3e351e,5df88f98b943417e9dcde1256d1f534a,2018-03-11 10:24:51,92.79,8.74
181d9bdc2e8b4b5a8b1de09109b3b262,1,5cf17b8d47a64ca59b64117de91e7187,5df88f98b943417e9dcde1256d1f534a,2018-02-08 20:24:51,131.35,12.12
4a1841d7c9bc412ba72ebb656d51989d,1,6f1796cd339044e0a1662087c3c7ff46,5df88f98b943417e9dcde1256d1f534a,2018-02-14 16:24:51,62.55,9.93
446063dec1f842909cac3a5ad5dd801b,1,f7242f323cea46bd885a8f6ed384c347,5df88f98b943417e9dcde1256d1f534a,2018-01-31 23:24:51,60.59,12.09
446063dec1f842909cac3a5ad5dd801b,2,8850552a3bdd4b7c98681c38867f549d,5df88f98b943417e9dcde1256d1f534a,2018-01-31 23:24:51,426.37,69.39
91aa32b419a14f02a305998aa63c727f,1,a8538a77cda949a5be503fc6ff4516f9,5df88f98b943417e9dcde1256d1f534a,2018-03-11 18:24:51,43.32,8.5
1bef75df9e87458fb4063037ce7875b2,1,61a2499f10b44667bd97007735a44def,5df88f98b943417e9dcde1256d1f534a,2018-02-23 11:24:51,157.04,30.67
0aa2ccfb55804b4eb28ebe81db06ef8d,1,d03ce3ba416841918fee35eeb1719a74,5df88f98b943417e9dcde1256d1f534a,2018-03-13 11:24:51,77.67,8.5
eae0f7fa5eb74692ba496697c651f0b7,1,039fc89d205a4e0980b92bda277ec290,6d387ba8d40447daacc15f3f0d3d515c,2018-01-11 08:55:14,29.62,8.5
39e2a7851268448fab2d0124435aa409,1,9e97620fff8d42d5ab62dac205c782a6,45c0e6cb9e944ea1b27f4a6f72c28cb8,2018-05-20 10:05:17,106.38,8.82
39e2a7851268448fab2d0124435aa409,2,7682cebd7d68400290ee742d6aab9dbd,45c0e6cb9e944ea1b27f4a6f72c28cb8,2018-05-20 10:05:17,218.89,21.58
d79ab4fdc6424a9c8505ce0df80370f9,1,bf2574cf393e4f8e9a6834baac328035,45c0e6cb9e944ea1b27f4a6f72c28cb8,2018-04-29 21:05:17,69.46,8.5
d79ab4fdc6424a9c8505ce0df80370f9,2,319a8a9a5da24575b64c77d1564407c5,45c0e6cb9e944ea1b27f4a6f72c28cb8,2018-04-29 21:05:17,31.71,8.5
e4de397f0432498ab0293bc105e7df65,1,62e49ef028f94a0daf1d9548a051bb57,45c0e6cb9e944ea1b27f4a6f72c28cb8,2018-05-05 02:05:17,101.67,12.58
fadfbd4f49ba4abdb0080815f1ab226c,1,8a396819e6344340ac61e8939c84580c,45c0e6cb9e944ea1b27f4a6f72c28cb8,2018-05-05 07:05:17,152.79,20.06
26971330688548f9914a333cd8f13dfe,1,dc6b2dfa2adc4005bccf4cbbfc02465c,45c0e6cb9e944ea1b27f4a6f72c28cb8,2018-05-02 17:05:17,31.06,8.5
6a83e6cee6cf417199c998abcbf2751d,1,c59fe56ddb8e40359dd9d8c9310a94b5,45c0e6cb9e944ea1b27f4a6f72c28cb8,2018-04-26 19:05:17,103.3,12.42
4a7dd29723fa46b2a3916452acf78249,1,22cc83a22731444c8b7ef15b2fa994c1,45c0e6cb9e944ea1b27f4a6f72c28cb8,2018-04-28 06:05:17,31.31,8.5
43e11a839be145589ffa10486dfc9324,1,cfc2acdea8024b2590f6caae280d5b4b,81a6280838794b6594615bf0f5461f76,2017-08-23 00:42:39,264.45,25.83
d5e23df794584119afa61a3bcaaead52,1,8440fa30c0374c76971a72181df7ae5b,81a6280838794b6594615bf0f5461f76,2017-08-29 06:42:39,125.03,17.2
b15c7730aab24b6c9c1aeb97e3e5c986,1,a079193ea0924f6dbba68e122f5aaeb5,3fc0d3dd333f41de9c69876ce134126f,2018-05-07 07:00:42,164.46,15.15
abedc87a8b8249568b12dbccd9e11c6a,1,cc8fab6f2489469790d44d1983d5846e,71f1590a5a2742fb93b411e88dc3f52f,2018-07-11 07:12:07,94.32,17.62
1e024034cca7410d9fd0456abc41907a,1,5c11cbe5c9fd42ea9e0bb0e61b8fd904,71f1590a5a2742fb93b411e88dc3f52f,2018-06-18 10:12:07,66.4,9.23
13ccf54adda944389ab4a2229b717e4b,1,14264f74e0194082bb4d36c761037b2f,71f1590a5a2742fb93b411e88dc3f52f,2018-06-13 21:12:07,70.85,10.36
8aa20677d2d246dc9c2fbba2118e8719,1,319a8a9a5da24575b64c77d1564407c5,71f1590a5a2742fb93b411e88dc3f52f,2018-06-30 00:12:07,757.37,61.41
604e394a5e4546c4b43a9116c8bb454b,1,e26e46c5858e4d8887c0593bd87afa7b,71f1590a5a2742fb93b411e88dc3f52f,2018-06-25 09:12:07,53.63,8.64
ebdd14cad7364af48163f57d7c0f529a,1,7e98aaa2f21d42bba7ac7008046e5cd2,71f1590a5a2742fb93b411e88dc3f52f,2018-06-12 10:12:07,374.26,39.26
3a703700542e459cb9761429cf1cea47,1,03f9cad179014610ba5c095762f291e1,71f1590a5a2742fb93b411e88dc3f52f,2018-06-15 08:12:07,415.59,80.39
e36ef16ccf854dd38d5bf84b87e08305,1,ef333f44f4e549629d234085e47a3125,71f1590a5a2742fb93b411e88dc3f52f,2018-06-30 07:12:07,53.31,9.46
d3f7ffc9669c43beb8c42517ab882668,1,f2d3ebe3b4454114826171b2c99dec41,71f1590a5a2742fb93b411e88dc3f52f,2018-07-20 20:12:07,25.18,8.5
5aaf6c90b7524cf6b2e281b3cca6e8fa,1,2f55a58a8e2b4ab8a9db45c62c4fc31c,5fef20af24874d07aee0fd78c6db3401,2018-03-23 10:45:24,70.74,8.5
f54d1f287425404883e5c98301de834f,1,4029dd9bf6664ff688fa31bb83020f5b,5fef20af24874d07aee0fd78c6db3401,2018-02-24 02:45:24,98.94,9.41
f54d1f287425404883e5c98301de834f,2,0bb08354427a45ec94274964a7d98b96,5fef20af24874d07aee0fd78c6db3401,2018-02-24 02:45:24,135.14,15.11
f54d1f287425404883e5c98301de834f,3,5d063ed10917464b9ca857dd92497d29,5fef20af24874d07aee0fd78c6db3401,2018-02-24 02:45:24,140.34,16.56
f999e0ebdf2c4d658d6e7d91c82b72bf,1,168aba01f177424b988028941413d692,5fef20af24874d07aee0fd78c6db3401,2018-03-01 16:45:24,54.44,8.5
8abf19ee1fa540d38840b9754299729d,1,2a22fed13bad4ce091c5bad7f4c4e8c9,5fef20af24874d07aee0fd78c6db3401,2018-04-11 11:45:24,23.6,8.5
77b9c07b46cc4f998fb93f7f01418e59,1,5cf17b8d47a64ca59b64117de91e7187,5fef20af24874d07aee0fd78c6db3401,2018-03-14 10:45:24,31.98,8.5
2ab3421c60ff4aa0a7e08406f19ac9b6,1,aa5df92d78934c4c89f1f8898816e236,5fef20af24874d07aee0fd78c6db3401,2018-06-16 11:45:24,89.02,10.67
2ab3421c60ff4aa0a7e08406f19ac9b6,2,16a0be45d45744228ac74b60550b5038,5fef20af24874d07aee0fd78c6db3401,2018-06-16 11:45:24,70.03,9.18
55346e45a6c8457aa6b2470ca0c8f1e7,1,9b0e4ac9dbc84fe68d05e232c0ce2a21,5fef20af24874d07aee0fd78c6db3401,2018-04-06 15:45:24,153.67,19.09
fe84a79bfabd4ef5b45a8f15f04896e0,1,716847bd0fd54313aeeb1673a80d2d9a,5fef20af24874d07aee0fd78c6db3401,2018-02-22 17:45:24,146.81,12.83
2ea4425ec480406bbed6078fa0c711a6,1,68abbb31633c4080920275afe293abdd,5fef20af24874d07aee0fd78c6db3401,2018-02-20 11:45:24,37.32,8.5
2ea4425ec480406bbed6078fa0c711a6,2,c6719e320d20448e85e2de75099dc454,5fef20af24874d07aee0fd78c6db3401,2018-02-20 11:45:24,60.91,8.5
60ee57527d644a64bfbc262c9b46a637,1,6ba72f89f95e4036a8dea94f7bbc892f,5fef20af24874d07aee0fd78c6db3401,2018-03-01 11:45:24,40.88,8.5
14e15b00ff744ea0bf061b7495c1aef8,1,256ccf9a70164819bbd6edeb27646a39,5fef20af24874d07aee0fd78c6db3401,2018-03-07 13:45:24,33.16,8.5
492531bb005c44e484916d5af73ea409,1,20673b9a51c84802b8370318cafa70d9,5fef20af24874d07aee0fd78c6db3401,2018-03-29 14:45:24,80.11,11.45
492531bb005c44e484916d5af73ea409,2,6a3c687674a0484bb01d6cfc862691dd,5fef20af24874d07aee0fd78c6db3401,2018-03-29 14:45:24,50.97,10.12
f01a4d0c7d184417a9f8c93293893302,1,0b20ad599efc43358c6ef1ed32f7a290,5fef20af24874d07aee0fd78c6db3401,2018-05-16 20:45:24,14.56,8.5
b6d5215842ba44018f5f9097c189fb6f,1,88475bb80f7e4b4ba09b1c3750248e94,2a74f4a0feb440d9bb401df800048490,2018-02-08 07:40:59,63.73,13.59
8eecabe7c755486db3a941a9d3a75bad,1,4e15671b8a0f4a9eba6cd5b8e3e7a969,2a74f4a0feb440d9bb401df800048490,2018-02-23 00:40:59,39.9,8.67
8eecabe7c755486db3a941a9d3a75bad,2,6eb4e94770034034af0e2ab526721538,2a74f4a0feb440d9bb401df800048490,2018-02-23 00:40:59,329.43,42.37
4b5d1aab71a444298f2f1515605619cd,1,36782f79dcce4664a60a295f096af21f,2a74f4a0feb440d9bb401df800048490,2018-04-09 00:40:59,301.24,56.53
f2b3a0e71efd46c69913d5af8cc848e0,1,3fa881852d8547278dfaa9d9e87a7d8c,2a74f4a0feb440d9bb401df800048490,2018-03-18 13:40:59,82.99,18.2
9841b8c1fcc441309493ec147d1a06ba,1,d03ce3ba416841918fee35eeb1719a74,2a74f4a0feb440d9bb401df800048490,2018-02-19 15:40:59,154.88,27.86
bd18de940cf54e54aa54a17c81520663,1,a77532f141d343edacc64d6e9e8bb45c,20a897eb2b2e4e6189f5001626eaf7ff,2018-02-22 07:33:25,61.25,11.05
2cab41d1211942e19892853f577bb92b,1,71654a466464453e8f801a7f0ef971ae,84a0821bae864ec0b4478ef4206d87ab,2018-03-08 12:26:24,49.62,8.5
2cab41d1211942e19892853f577bb92b,2,6a3c687674a0484bb01d6cfc862691dd,84a0821bae864ec0b4478ef4206d87ab,2018-03-08 12:26:24,42.74,8.5
815293555d7c4563a644fc387de203cd,1,9b0e4ac9dbc84fe68d05e232c0ce2a21,84a0821bae864ec0b4478ef4206d87ab,2018-04-02 16:26:24,342.09,54.98
e8b207dcc9c24323aea478b19fa516b1,1,2061966b66424545a7644928b0686526,84a0821bae864ec0b4478ef4206d87ab,2018-02-24 06:26:24,32.67,8.5
c3d0f91b4a8e4a2db147f1751ac5b19a,1,05688c66890a44f3a8853d92388e848b,3865b1783cbc476eb72c74c7145e108e,2018-06-19 10:37:17,40.69,8.5
c3d0f91b4a8e4a2db147f1751ac5b19a,2,f62befaca12149e284e2c60d13145f30,3865b1783cbc476eb72c74c7145e108e,2018-06-19 10:37:17,78.48,10.79
31e0abff7fa34b0e8ad3e464c6991f1c,1,dff9b448e44d43c3be6feedcba9fa453,3865b1783cbc476eb72c74c7145e108e,2018-06-28 18:37:17,87.87,13.33
093331ed6f4f4fe3908e0d5ba30129d1,1,dff9b448e44d43c3be6feedcba9fa453,3865b1783cbc476eb72c74c7145e108e,2018-06-16 09:37:17,118.12,23.31
c1da2bce9cb8410abff58eca947a3ea9,1,b6f172788ba84bd3a46112ee0649db5c,3865b1783cbc476eb72c74c7145e108e,2018-07-13 00:37:17,256.89,49.85
c1566bc9b26245d1b5cf8c3eeb8586d4,1,113327d5313e45e68a32ba963a4ff2cd,3865b1783cbc476eb72c74c7145e108e,2018-07-07 20:37:17,61.7,9.25
6bf7d2227be84317a52f98911524188a,1,03b42f610af04cd7a50a430bf26a43ad,3865b1783cbc476eb72c74c7145e108e,2018-06-26 11:37:17,122.43,24.26
d497fabe0b83429084fbf9c692f5a2e5,1,168aba01f177424b988028941413d692,3865b1783cbc476eb72c74c7145e108e,2018-07-01 20:37:17,42.62,8.5
b1d277118a2840aea7686ef415e532e0,1,749224c75d024b3b852c0a924eb129cb,7b392ef4d01f4d6f9ece192f4b240ff0,2017-08-25 19:58:13,17.37,8.5
b98a230c762745259ca10913fb901044,1,136793b0c41f46639afe935695692e30,7b392ef4d01f4d6f9ece192f4b240ff0,2017-09-03 04:58:13,209.58,36.02
1ffab6d56498414ead732ddb11ea1670,1,ca03971415be42f6843ba67d06ce0fbe,7b392ef4d01f4d6f9ece192f4b240ff0,2017-08-12 10:58:13,28.22,8.5
1ffab6d56498414ead732ddb11ea1670,2,3f130cb3ab2c47c1b539426199050b73,7b392ef4d01f4d6f9ece192f4b240ff0,2017-08-12 10:58:13,144.51,31.02
1ffab6d56498414ead732ddb11ea1670,3,a120b23dc4f24d30bb85feaec855e929,7b392ef4d01f4d6f9ece192f4b240ff0,2017-08-12 10:58:13,238.16,32.07
35e7cc924ade483aa69c597a1e009abe,1,c0e77397c88b4e998535d316d83486f4,7b392ef4d01f4d6f9ece192f4b240ff0,2017-08-24 19:58:13,71.18,14.32
35e7cc924ade483aa69c597a1e009abe,2,09966f014e8946a1b49faef3ae946938,7b392ef4d01f4d6f9ece192f4b240ff0,2017-08-24 19:58:13,745.01,147.66
35e7cc924ade483aa69c597a1e009abe,3,7e98aaa2f21d42bba7ac7008046e5cd2,7b392ef4d01f4d6f9ece192f4b240ff0,2017-08-24 19:58:13,63.55,8.5
2296accec6344412ac9e0e0fbd49869e,1,ff976c8d8c294c0fbc46489d8d29abbd,7b392ef4d01f4d6f9ece192f4b240ff0,2017-08-16 08:58:13,36.37,8.5
d4d4c8003fb24bbd917bdfdeb7326840,1,247a877f459840c682eaa718a49e97bd,7b392ef4d01f4d6f9ece192f4b240ff0,2017-09-28 12:58:13,121.83,11.55
6d9540cc2ef64c0e84c61fd3722135dc,1,191eeed8159e411ea7b7d0143555ae45,7b392ef4d01f4d6f9ece192f4b240ff0,2017-08-31 09:58:13,71.5,8.5
eb34bc372a1a448389bf690e3f27de44,1,2d5009ce8834498a907ad317b4031b44,7b392ef4d01f4d6f9ece192f4b240ff0,2017-10-18 18:58:13,81.78,14.87
eb34bc372a1a448389bf690e3f27de44,2,6ba91efe9dff4c09ad995ed7b5258f23,7b392ef4d01f4d6f9ece192f4b240ff0,2017-10-18 18:58:13,70.69,10.7
14f15361bf2d45c3b9ac3098221c126c,1,bce8cabe25544f9a975c5ed7925357a2,7b392ef4d01f4d6f9ece192f4b240ff0,2017-08-12 16:58:13,27.39,8.5
f50681a9389f404fb063a3150f1494ae,1,93b06205876c4864b4c0b77e99c0904e,7b392ef4d01f4d6f9ece192f4b240ff0,2017-08-19 18:58:13,45.24,8.5
6a820b4dc2694c1ea2cdd09c454be9f3,1,9c67395cb0184bb9ad2ad2c3d3663b74,7b392ef4d01f4d6f9ece192f4b240ff0,2017-08-26 04:58:13,37.52,8.5
0337292b88294c2d81c904ba53846173,1,c3e270e47ec74ded97785e00f4fcd9f2,7b392ef4d01f4d6f9ece192f4b240ff0,2017-08-25 20:58:13,71.73,14.7
7529c357a4ec47adbd7d98dcdbf7eadb,1,ea0afb1831814b968212e6e4770c89bf,4277e12c31684f3a9d7acf4089d21846,2018-05-04 23:28:54,63.01,9.37
cf43120775074a5ab0830e008cf1be09,1,28f634b62d4043e0aac44f369ded1390,0ce1403374194be48556260fd991bbe8,2018-03-23 11:37:12,45.39,8.5
ab533aefc1f84770b04534edeab054c2,1,a236c251881a4629b0a236ead07b77ab,7bec6d447a9d42d794c6740908ded437,2017-09-30 05:12:01,49.56,9.27
84ccb82d34b14e819e1a751342c23962,1,f4cd089973224c358bcf638f9df76987,7bec6d447a9d42d794c6740908ded437,2017-09-16 21:12:01,19.12,8.5
d3b04adb165c4dadbf44a676bd815a21,1,93b06205876c4864b4c0b77e99c0904e,7bec6d447a9d42d794c6740908ded437,2017-10-17 20:12:01,62.41,8.5
d3b04adb165c4dadbf44a676bd815a21,2,26e5eab1121d46f98c4a56560f17674a,7bec6d447a9d42d794c6740908ded437,2017-10-17 20:12:01,129.98,13.64
e61fd5e984dd44bd8cf0815d57bee86a,1,04bfdebca74e4f89808b43985b8f4c09,7bec6d447a9d42d794c6740908ded437,2017-09-17 05:12:01,24.53,8.5
73909a7f46ef4d13b56ff00f9037067a,1,a8a6d1acd087426e966316b1ee004365,7bec6d447a9d42d794c6740908ded437,2017-09-19 12:12:01,130.03,13.79
3b201f52e43b4abfb09a99d44fe7a564,1,0827c8523bc0409abb90a3a44a6c39ef,7bec6d447a9d42d794c6740908ded437,2017-09-16 16:12:01,77.37,8.5
3b201f52e43b4abfb09a99d44fe7a564,2,fa0f9f7aab4a495ca25cc380ae74e14f,7bec6d447a9d42d794c6740908ded437,2017-09-16 16:12:01,57.12,8.5
3b201f52e43b4abfb09a99d44fe7a564,3,dcefdd62b9a844beaded92040e431692,7bec6d447a9d42d794c6740908ded437,2017-09-16 16:12:01,84.82,9.53
935749c5498f440899c6aa6abece645f,1,aa54fe2f79d34d968dc82aa26a126887,7bec6d447a9d42d794c6740908ded437,2017-11-04 08:12:01,203.72,28.86
73567abd45624899ac5b3e69c62027ac,1,50eb640295614831878c72b2d636b3ef,f4a6e0f9e0f0400a9d52c008259612f9,2017-09-06 03:50:07,31.51,8.5
62264d6d99eb44c68a9d7e195b72a9ba,1,136793b0c41f46639afe935695692e30,f4a6e0f9e0f0400a9d52c008259612f9,2017-08-19 01:50:07,89.53,8.5
933149acbcce4b96b4f1de1c127e097d,1,2be4cbda60654334b93171e3a2a9b989,f4a6e0f9e0f0400a9d52c008259612f9,2017-08-20 02:50:07,125.94,24.97
4b298000fa8f4e3fa95c8d883d13c182,1,56c13b87824041b1a18e22a6853a0f04,f4a6e0f9e0f0400a9d52c008259612f9,2017-08-14 01:50:07,19.47,8.5
bfac2d71d0b044ebb3611b60bee410d2,1,e3e66dd509b94f68b92dad2356588683,290080bd7f3e40c3bc80db3c2f4023d6,2017-12-07 06:39:53,48.14,8.5
bfac2d71d0b044ebb3611b60bee410d2,2,b4905ddb15ea403c93551b2318b1b59e,290080bd7f3e40c3bc80db3c2f4023d6,2017-12-07 06:39:53,71.25,14.93
297c5a1d1f31450a9d70cfd9da7c7230,1,078c371130c840a5b2de58d3a0519dc1,290080bd7f3e40c3bc80db3c2f4023d6,2017-12-12 02:39:53,106.48,21.29
5f8f8fb9f0ac48e4b2f7f18ad1c8d1a8,1,d20158c558f24b3eb2ccb92c69a63827,290080bd7f3e40c3bc80db3c2f4023d6,2017-12-09 14:39:53,270.3,41.13
7234f4e508cf48018c196999c67c7b4c,1,ca03971415be42f6843ba67d06ce0fbe,290080bd7f3e40c3bc80db3c2f4023d6,2017-12-16 12:39:53,46.39,8.5
c2a31d0e137449c8854475160627e720,1,29075fa5c36f47b09df491d731e1881c,049b538ee1e94c2aadc272e2eb49369a,2017-10-26 12:06:09,191.81,18.04
e09a669c00754f1a9fe31b0a00e8428e,1,3390031116204573ae379aa053b2a2e9,049b538ee1e94c2aadc272e2eb49369a,2017-10-06 21:06:09,68.97,8.56
ab0e390908784d249b7714028a1d685d,1,e1090e0f355d45a5be16d137b63ec88f,049b538ee1e94c2aadc272e2eb49369a,2017-12-26 19:06:09,176.35,33.22
f00b285812ab416a8987d9bce4d920d5,1,750f4a1dc60b4d3a9cc5c9f8df4d751f,049b538ee1e94c2aadc272e2eb49369a,2017-10-29 15:06:09,18.1,8.5
f00b285812ab416a8987d9bce4d920d5,2,60a96eba840c45939580869adb55cfbd,049b538ee1e94c2aadc272e2eb49369a,2017-10-29 15:06:09,60.58,12.12
e3270dd14607482b90d45af75ea1eb2e,1,6a3c687674a0484bb01d6cfc862691dd,049b538ee1e94c2aadc272e2eb49369a,2017-10-15 15:06:09,21.17,8.5
a7c8c4367c2741f0924d56886b759e05,1,9ed1e9afad3a4e93890eb654e82f672e,049b538ee1e94c2aadc272e2eb49369a,2017-10-03 07:06:09,20.1,8.5
f7c95e4115ce4b2d800d701ab48dd460,1,6c7af5e24af6424c960282f49ac9b498,e04a524a67f24c57b6109fd2277368fd,2017-11-25 19:11:43,68.6,13.63
f7c95e4115ce4b2d800d701ab48dd460,2,06c82ae9b9384ca3b9590eb82e3e351e,e04a524a67f24c57b6109fd2277368fd,2017-11-25 19:11:43,23.34,8.5
c900d0d749904b789759bf152108b24b,1,84b28376b4ba4472a150eb295c7eea16,e04a524a67f24c57b6109fd2277368fd,2017-12-03 14:11:43,150.22,28.77
67dc0925d3324f4985d3aacd3a2481aa,1,377d0c1cb8c74bf89a73766c10c8353e,97af2a731d4b4239ad66f98c198db465,2018-04-16 15:11:05,73.36,8.5
48122b7217a24d13bc711ee5f9db654a,1,aac0cdcff44547ec928f26aeab7cdfda,4ead67342eca40a5839323952b15b977,2018-06-26 05:43:19,97.01,16.49
12ba7c5ecc714c58aabdc17e719e843c,1,331f609c93a04ea294523a4e6dc36ba2,4ead67342eca40a5839323952b15b977,2018-06-17 05:43:19,93.96,18.46
12ba7c5ecc714c58aabdc17e719e843c,2,32faeea62ac447f5a16c048e7890eb1d,4ead67342eca40a5839323952b15b977,2018-06-17 05:43:19,22.13,8.5
5e722ac7d7ae469d94d884d496a8daf0,1,978046aa910c477b910db862d8bd2e40,bc13945091f14d298fd796f404845e00,2017-06-29 01:47:54,18.44,8.5
008022a6f08b46c7a6445feac7b559db,1,ea4d851ed80c418991a829520c4b6866,fb7bd389ea8f4a8cbc68ff4da6f1c35a,2017-09-18 16:04:14,60.64,10.87
43832d6038084b3c938faff1e50de83e,1,48ed0f2b65f540069d15b27aece1c29e,fb7bd389ea8f4a8cbc68ff4da6f1c35a,2017-09-07 10:04:14,102.34,15.21
43832d6038084b3c938faff1e50de83e,2,4029dd9bf6664ff688fa31bb83020f5b,fb7bd389ea8f4a8cbc68ff4da6f1c35a,2017-09-07 10:04:14,37.73,8.5
b863df25586244c8a79349f61b8cd857,1,749224c75d024b3b852c0a924eb129cb,fb7bd389ea8f4a8cbc68ff4da6f1c35a,2017-10-16 13:04:14,58.77,8.5
ba66626cea0449cdbbfbc30a155f003f,1,6e31d6e961d747f28ec599ea5ddcf24e,fb7bd389ea8f4a8cbc68ff4da6f1c35a,2017-09-12 01:04:14,49.85,8.77
d61f06532de24d868176ba1ff2527a7e,1,5f4a368227e049f3ad5e312ce1c8acf5,ffcfcc114cbc496c9c5da224e1f42ade,2017-12-16 18:17:30,98.68,15.78
d61f06532de24d868176ba1ff2527a7e,2,2a6e031560a943528a4e27f86eea0e9f,ffcfcc114cbc496c9c5da224e1f42ade,2017-12-16 18:17:30,26.07,8.5
16b5350265844207b6aef9972ec60963,1,6ad0da2659784588b9be7758d2fc2c5d,ffcfcc114cbc496c9c5da224e1f42ade,2017-10-05 19:17:30,80.61,10.86
6e6c8e48fc02437c8c3f6204a49e0367,1,6c7af5e24af6424c960282f49ac9b498,ffcfcc114cbc496c9c5da224e1f42ade,2017-10-14 09:17:30,56.77,10.41
34ed7d4f57ef4b98b6131b8f3cce0002,1,340613b5186944ef82aaa28d22ae79ec,5c1504a154114c56a0655a45a738d6b9,2018-01-07 06:42:00,60.03,8.5
34ed7d4f57ef4b98b6131b8f3cce0002,2,19ab791503784ed9a8e1233b056cc558,5c1504a154114c56a0655a45a738d6b9,2018-01-07 06:42:00,21.62,8.5
9f4024ed7bc244cda4de2acc4a6ce735,1,dff9b448e44d43c3be6feedcba9fa453,5c1504a154114c56a0655a45a738d6b9,2017-12-22 22:42:00,75.04,8.66
3fcc9541fb77412da5004a4cb6c106a4,1,ddad49438570447d9e1064bdae33e265,5c1504a154114c56a0655a45a738d6b9,2017-12-28 22:42:00,68.97,8.5
d3e82aa8c231482493d33321357fa6da,1,6031067340d545f7a106ee4acb6e04bc,5c1504a154114c56a0655a45a738d6b9,2017-12-17 19:42:00,69.41,8.5
7ab923d6e6c14a9182ee11cd95e0c75c,1,7c88cbb90cac43acbe50ca2290985c7b,5c1504a154114c56a0655a45a738d6b9,2017-12-26 01:42:00,393.04,73.21
7ab923d6e6c14a9182ee11cd95e0c75c,2,8907742ffd0e4c13a65bc14747664c18,5c1504a154114c56a0655a45a738d6b9,2017-12-26 01:42:00,115.57,18.18
a382ddb47d3d46caad5d0f801f7f4006,1,ac05f7781b784483b4f09e7ae73cc7c0,5c1504a154114c56a0655a45a738d6b9,2017-12-18 01:42:00,90.44,13.23
f368f7f621a84580ad4dae521d9c8619,1,8045435f964d4746ab6d86b9c708b83a,5c1504a154114c56a0655a45a738d6b9,2018-01-21 00:42:00,61.82,11.33
f368f7f621a84580ad4dae521d9c8619,2,9cd1490631c1488ca9c7d9c7257b8cba,5c1504a154114c56a0655a45a738d6b9,2018-01-21 00:42:00,34.19,8.5
f368f7f621a84580ad4dae521d9c8619,3,95de75afaf174ac19e27442887369880,5c1504a154114c56a0655a45a738d6b9,2018-01-21 00:42:00,86.42,8.5
f7901f7ce26c433e84b65597082492f3,1,af64ff2205c4402fa819de9842d6ddd7,5c1504a154114c56a0655a45a738d6b9,2017-12-17 09:42:00,14.02,8.5
1a7bd0ee24404a8e8953ccf4d79e94ca,1,a05ffd4e8e394819a1fa8bbcf565e91f,5c1504a154114c56a0655a45a738d6b9,2017-12-25 22:42:00,77.31,8.5
1a7bd0ee24404a8e8953ccf4d79e94ca,2,1cd7ea7106664ab3b82841a986286df3,5c1504a154114c56a0655a45a738d6b9,2017-12-25 22:42:00,75.12,8.5
07e6150f18064dac986790979ffc9de2,1,05688c66890a44f3a8853d92388e848b,2f4924dde1ca4823b131142113515206,2018-01-31 08:29:27,31.34,8.5
10c10983c6544ec9afd8ff29eaacf7c4,1,6b505ee1f3064794969aa74ce3ec5614,2f4924dde1ca4823b131142113515206,2018-01-22 09:29:27,133.94,12.98
348b27c2292e48e28ffb548054091456,1,fd60b9a690b44f3c9588c38e8290a214,2f4924dde1ca4823b131142113515206,2018-01-20 20:29:27,32.29,8.5
452fd033a31e46b3adddf55554c1554f,1,b9c77bde49ff4ef89b1be5fb74df32a1,2f4924dde1ca4823b131142113515206,2018-01-18 15:29:27,183.73,22.6
f9523bf9c8e14f99ac0cbf54184d6873,1,5cf17b8d47a64ca59b64117de91e7187,2f4924dde1ca4823b131142113515206,2018-01-19 08:29:27,316.82,28.63
f9523bf9c8e14f99ac0cbf54184d6873,2,ecd9ef0722434060ae2ecbef12603d42,2f4924dde1ca4823b131142113515206,2018-01-19 08:29:27,85.01,8.55
9e53ac9469bc45bbb62ea3d62a112315,1,749224c75d024b3b852c0a924eb129cb,2f4924dde1ca4823b131142113515206,2018-02-20 15:29:27,82.92,11.94
4ded2e33e5dd47f9bd9a1671079478bd,1,e5a9ab53deef4434a9e5c480159813c3,2f4924dde1ca4823b131142113515206,2018-02-20 15:29:27,76.19,9.01
4ded2e33e5dd47f9bd9a1671079478bd,2,578333f3687241f58d0b3caab8021edd,2f4924dde1ca4823b131142113515206,2018-02-20 15:29:27,23.11,8.5
947f59859eae46d29c5d661f17e012db,1,5d18c287f65b4b2ea07ea09e9263d6ab,2f4924dde1ca4823b131142113515206,2018-01-24 02:29:27,22.7,8.5
d19f399d59dd4727ad0fa151dba04415,1,637518c4a8b0450db5949f81b0badb5d,2f4924dde1ca4823b131142113515206,2018-01-29 23:29:27,24.89,8.5
68d534116a674cb295a445d2c5eb8e3e,1,4f7c7d8403374c27a46bb88bac5c85c8,2f4924dde1ca4823b131142113515206,2018-01-22 23:29:27,63.45,8.5
82e11013676f4213aba8f34627d33edf,1,a46fead64df34795be6d16b5deef27d2,2f4924dde1ca4823b131142113515206,2018-01-22 05:29:27,67.36,12.13
82e11013676f4213aba8f34627d33edf,2,5c871f3f35ef42808fecbcb3e6f549d8,2f4924dde1ca4823b131142113515206,2018-01-22 05:29:27,86.4,15.71
b59103ff3b144f1aa84b54ee78f9252e,1,67cb04732359425baec1a3235e704580,2f4924dde1ca4823b131142113515206,2018-01-20 04:29:27,126.37,24.86
469166ccec264a8ba86b3e7bf1274daa,1,2b34daf6daf544b0ba8151173ccecbd3,2f4924dde1ca4823b131142113515206,2018-02-10 01:29:27,63.77,13.47
27e127d2212e47078291cd8fbc6a1da8,1,2d402d763ad64299b09745ad6214d9f3,2f4924dde1ca4823b131142113515206,2018-02-10 01:29:27,45.15,8.67
05c3fd86944248e29c3bf23cdae2554e,1,9c67395cb0184bb9ad2ad2c3d3663b74,2f4924dde1ca4823b131142113515206,2018-02-03 11:29:27,13.64,8.5
36ccb42450cc4bfcbdfece992d4bb302,1,ac03f608b441433c90c01453d112f08f,2f4924dde1ca4823b131142113515206,2018-02-02 14:29:27,69.58,14.43
34e2ac2940c24ae7932b00970a7a3570,1,7e98aaa2f21d42bba7ac7008046e5cd2,2f4924dde1ca4823b131142113515206,2018-01-19 08:29:27,24.97,8.5
3a5adcf6a2ed4f23a190bb04a324b155,1,c6719e320d20448e85e2de75099dc454,9b259c2648ac45dd8f2e835de96d179a,2017-12-02 14:55:04,131.8,22.54
3a5adcf6a2ed4f23a190bb04a324b155,2,fa519b1ab43b49a5bfae358b341a44f0,9b259c2648ac45dd8f2e835de96d179a,2017-12-02 14:55:04,65.74,12.56
3a5adcf6a2ed4f23a190bb04a324b155,3,ef035a03586a4d339014e0b9616ee8f9,9b259c2648ac45dd8f2e835de96d179a,2017-12-02 14:55:04,57.47,10.13
c7da1e8685ec4f77ba04c59bb82b7649,1,a4e328b20f3f407c89cdd89de13c1744,9b259c2648ac45dd8f2e835de96d179a,2017-12-12 06:55:04,54.28,10.36
7ab20d06704d4a4ba06d8c4d3f38b84b,1,535eb6e517404b89a642254ed4e3be96,9b259c2648ac45dd8f2e835de96d179a,2017-11-23 23:55:04,107.6,22.43
c690752c1e8b4888997b52123c5db11f,1,3c59bc636fba490087e6bcedb3ff1187,9b259c2648ac45dd8f2e835de96d179a,2017-11-24 13:55:04,112.94,15.87
d28bded40ec247528630c4295b737a50,1,66746c1c3d9d475e96cdfe48b82d6818,9b259c2648ac45dd8f2e835de96d179a,2017-12-17 01:55:04,37.99,8.5
882b8b5bc27249688477b85e6dad9f5a,1,d7b6ca3aeb4e45c39dccfc9ef9fda4d1,9b259c2648ac45dd8f2e835de96d179a,2017-12-15 17:55:04,114.24,20.72
fce2d1a0d8224834ba32d99fbd6bee77,1,315ded28a3de45d59ca22c05b283f1c1,9b259c2648ac45dd8f2e835de96d179a,2017-12-30 17:55:04,46.42,8.5
e1d8581714de4dc2bc595fd290bf3683,1,29075fa5c36f47b09df491d731e1881c,9b259c2648ac45dd8f2e835de96d179a,2017-12-01 16:55:04,58.23,8.5
e1d8581714de4dc2bc595fd290bf3683,2,70a2941f0a8c48bdb8ccc5c7612ec7fa,9b259c2648ac45dd8f2e835de96d179a,2017-12-01 16:55:04,29.28,8.5
11a8f7c0e2514b3aa65fd216a7e83f02,1,db41ceb2c29e41ae99b7e65ddd753e22,9b259c2648ac45dd8f2e835de96d179a,2017-12-07 13:55:04,271.77,22.55
15e60d12a0e44fde8366a7656eaab383,1,fd4a13ad0dde4974941b9e08bc8e5253,9b259c2648ac45dd8f2e835de96d179a,2017-11-27 07:55:04,78.28,16.17
15e60d12a0e44fde8366a7656eaab383,2,c59fe56ddb8e40359dd9d8c9310a94b5,9b259c2648ac45dd8f2e835de96d179a,2017-11-27 07:55:04,115.13,21.67
15e60d12a0e44fde8366a7656eaab383,3,9b2e26d8c0014e7784e5e2875929f73d,9b259c2648ac45dd8f2e835de96d179a,2017-11-27 07:55:04,72.21,8.5
618d57c6edcc43f79a03023128289ebf,1,42f99711a8f346f6a3415542e8c6b1e0,9b259c2648ac45dd8f2e835de96d179a,2018-01-23 17:55:04,46.36,8.5
93ce7ad0fea7420e83934be25ae98025,1,44bdb96b31034213a9d9cf695fbf5d48,9b259c2648ac45dd8f2e835de96d179a,2017-12-10 01:55:04,77.47,13.87
93ce7ad0fea7420e83934be25ae98025,2,8a396819e6344340ac61e8939c84580c,9b259c2648ac45dd8f2e835de96d179a,2017-12-10 01:55:04,86.17,8.5
c3a37ac17baf4bc6b1ce108f98e0c0fc,1,bce8cabe25544f9a975c5ed7925357a2,9b259c2648ac45dd8f2e835de96d179a,2017-12-22 14:55:04,15.6,8.5
c3a37ac17baf4bc6b1ce108f98e0c0fc,2,8188da2e69e94bb8bf1749600cc2d269,9b259c2648ac45dd8f2e835de96d179a,2017-12-22 14:55:04,63.52,9.99
21560356362a4396a898f02f7b9bcf60,1,cfc2acdea8024b2590f6caae280d5b4b,338bdc943f6d43d0aa5be876d61f138d,2018-07-25 03:15:46,106.19,17.59
1ad73dcfa054477da4b79d6986ba326e,1,27df63dbf6f8439289cbf40e034cb4b4,338bdc943f6d43d0aa5be876d61f138d,2018-07-09 15:15:46,158.05,21.85
c39898bbf45c490991863b56fbb2afa4,1,a46fead64df34795be6d16b5deef27d2,338bdc943f6d43d0aa5be876d61f138d,2018-07-15 13:15:46,96.5,8.5
6df0eb4cc85e4ce982b43a22c9a22bbc,1,2be4cbda60654334b93171e3a2a9b989,338bdc943f6d43d0aa5be876d61f138d,2018-07-12 03:15:46,36.65,8.5
533f76b8ca794995b23c2711f93a11c2,1,864bfbca22e543c2a9d1111e5d630d89,338bdc943f6d43d0aa5be876d61f138d,2018-07-15 20:15:46,48.31,9.95
533f76b8ca794995b23c2711f93a11c2,2,af64ff2205c4402fa819de9842d6ddd7,338bdc943f6d43d0aa5be876d61f138d,2018-07-15 20:15:46,31.0,8.5
05ee953d012f47d98e44db3828715bab,1,d7f7a77835444c9a82bf993b0ff07367,918aae5a8ff44219a2352ab801475f04,2018-03-14 11:10:52,172.95,21.76
0993096cd79e434b8d10e7825406409e,1,cd1254f416eb40dda405182ed9ddc941,918aae5a8ff44219a2352ab801475f04,2018-02-20 16:10:52,352.29,38.45
0c8111bb9dbf4564b07b86fa45720ebf,1,5fcb4bf2925d468ca98c2b8d370025fc,e437c127305c4558b77f454e30745ac8,2017-12-09 04:19:18,56.91,8.52
b23ca9dd18d64f6abe1bcc328ff98650,1,bbcbc06913f1417f96ef1a242969be9a,e437c127305c4558b77f454e30745ac8,2017-11-28 04:19:18,68.16,9.29
b23ca9dd18d64f6abe1bcc328ff98650,2,247a877f459840c682eaa718a49e97bd,e437c127305c4558b77f454e30745ac8,2017-11-28 04:19:18,204.21,37.33
b23ca9dd18d64f6abe1bcc328ff98650,3,a8076441277c410da530cdf4fbeb0511,e437c127305c4558b77f454e30745ac8,2017-11-28 04:19:18,72.37,15.34
b4b1071a6ffd4dabb1e9ec2af9f90460,1,153c8ef2900c4b70b0fdf5256634d1e8,e437c127305c4558b77f454e30745ac8,2017-12-11 01:19:18,83.66,12.51
03eebb8ab4f34cf180f706adb079394b,1,cc8fab6f2489469790d44d1983d5846e,e437c127305c4558b77f454e30745ac8,2017-11-29 05:19:18,20.36,8.5
03eebb8ab4f34cf180f706adb079394b,2,a64eb1d52054427f9e16a2a8f3b32f68,e437c127305c4558b77f454e30745ac8,2017-11-29 05:19:18,166.52,32.98
03eebb8ab4f34cf180f706adb079394b,3,4a0ccdbece7140f5bc8581b7eee89795,e437c127305c4558b77f454e30745ac8,2017-11-29 05:19:18,68.5,13.25
ca91b48051194134a0e30d3940a94e2e,1,655d7c5e5af84e83ac444c0c7a81e6fe,e437c127305c4558b77f454e30745ac8,2017-11-27 07:19:18,142.42,22.26
fa9aeefc8b97424189d8d025397269f6,1,9e04754c2cb146078e898370a52a31db,e437c127305c4558b77f454e30745ac8,2017-12-11 17:19:18,71.77,13.7
506c1f56c39d42df9a9652a0a26e4430,1,ac46a1f7bf9346d9b2e7f3938b31e2f3,60dbc1c8652044938ac7df135e5a70c9,2018-06-07 05:11:56,64.73,11.36
c8e54b2c43f145eca3195e4f19856b3c,1,2d402d763ad64299b09745ad6214d9f3,60dbc1c8652044938ac7df135e5a70c9,2018-06-09 22:11:56,162.64,30.07
ae89f616caa44014a69362b4b18851ef,1,61e5e7feca5a45b3a8cce027c724bdfb,60dbc1c8652044938ac7df135e5a70c9,2018-06-08 01:11:56,70.83,8.5
ae533ff8fddd4c42a91970e366866186,1,b4905ddb15ea403c93551b2318b1b59e,60dbc1c8652044938ac7df135e5a70c9,2018-06-07 01:11:56,265.48,36.21
83aa737926f441b48055b4627e0ec7fa,1,fc2067442c5e4c0bb0ac6ca6d42e6f44,60dbc1c8652044938ac7df135e5a70c9,2018-08-05 19:11:56,131.0,28.29
30ac8f77009c4612a399fb597e18f8b2,1,55a59dd923c64c3abae95621cc8a187f,60dbc1c8652044938ac7df135e5a70c9,2018-06-25 18:11:56,48.95,8.5
3acd5f4763ad474c90b42bc447f41b38,1,8f44427a731d406dbed23cf0721f1ab3,e2f4b4b18317420baea0d073e43f4ca7,2018-04-06 14:07:07,273.96,36.19
c08e8d2558aa4091afa3e7a2386fed2b,1,a74b6c251ba04a068ef7335cdb72d094,e2f4b4b18317420baea0d073e43f4ca7,2018-04-14 08:07:07,108.44,11.0
c08e8d2558aa4091afa3e7a2386fed2b,2,1c456e659155442a83a9605fa921949a,e2f4b4b18317420baea0d073e43f4ca7,2018-04-14 08:07:07,30.14,8.5
c08e8d2558aa4091afa3e7a2386fed2b,3,a07775d85f03481bbc9cfc7877070426,e2f4b4b18317420baea0d073e43f4ca7,2018-04-14 08:07:07,115.23,17.99
4b9a6dced85146018c37147799372aec,1,7e98aaa2f21d42bba7ac7008046e5cd2,e2f4b4b18317420baea0d073e43f4ca7,2018-05-01 08:07:07,42.66,8.5
1c6750b6857d40808b31c618ca06c2b3,1,f4cd089973224c358bcf638f9df76987,e2f4b4b18317420baea0d073e43f4ca7,2018-04-09 00:07:07,124.51,23.78
1c6750b6857d40808b31c618ca06c2b3,2,ddad49438570447d9e1064bdae33e265,e2f4b4b18317420baea0d073e43f4ca7,2018-04-09 00:07:07,19.82,8.5
6d38a40918c6432cb1178c40ee0e0168,1,67cb04732359425baec1a3235e704580,e2f4b4b18317420baea0d073e43f4ca7,2018-04-23 16:07:07,199.3,39.99
84dc16dfa1b247529b6c085cd3d7ea14,1,28f634b62d4043e0aac44f369ded1390,e2f4b4b18317420baea0d073e43f4ca7,2018-04-25 13:07:07,34.68,8.5
75d5911174024e52b0858c47fe709c2a,1,84b28376b4ba4472a150eb295c7eea16,e2f4b4b18317420baea0d073e43f4ca7,2018-04-07 15:07:07,54.07,8.5
cd76fc680afe427e986e6aedd0f1a46a,1,716847bd0fd54313aeeb1673a80d2d9a,e2f4b4b18317420baea0d073e43f4ca7,2018-04-08 08:07:07,175.47,15.14
cd76fc680afe427e986e6aedd0f1a46a,2,6b68d013d3e24fb9873f565995cb22f0,e2f4b4b18317420baea0d073e43f4ca7,2018-04-08 08:07:07,68.04,8.5
6f9f9c96f9174f90b32140374dc656d6,1,dbdcc4dbe1de4a179dfc352a54835cc7,e2f4b4b18317420baea0d073e43f4ca7,2018-04-13 07:07:07,75.51,8.5
f7acbdf96de845a7a4f5a8fe6bf39906,1,afe1bc35a35d401f9ec4aaedc2f7271e,e2f4b4b18317420baea0d073e43f4ca7,2018-04-10 14:07:07,94.99,17.51
f04c16a99ad44f4b96893a56a86452ac,1,ef333f44f4e549629d234085e47a3125,42d40ee0912147aa885be649ab1cc837,2018-04-06 23:00:00,81.56,17.67
ddea021c24004ed195378fe33d7da51e,1,52c696da9573428e917bfdded6025a8e,42d40ee0912147aa885be649ab1cc837,2018-04-15 23:00:00,29.37,8.5
b7b6aaf592c6493f8ffcfd0e2ae0e4e1,1,50eb640295614831878c72b2d636b3ef,42d40ee0912147aa885be649ab1cc837,2018-03-13 23:00:00,45.54,8.62
7eb0adbc21324fd9b6b04e9aeb4b737e,1,de62d1f284754351aeadac61b5e6a412,468f01a853ff4a068bda23445cc2ab06,2018-03-21 20:19:01,62.82,11.49
94f94e0950b340589aeef2a5ed48b88f,1,71090502dbf74289baa0b1113a649b7a,468f01a853ff4a068bda23445cc2ab06,2018-03-20 05:19:01,325.18,55.89
94f94e0950b340589aeef2a5ed48b88f,2,30c48493f9544740b55fd8b6080b2b4c,468f01a853ff4a068bda23445cc2ab06,2018-03-20 05:19:01,339.8,64.76
94f94e0950b340589aeef2a5ed48b88f,3,36782f79dcce4664a60a295f096af21f,468f01a853ff4a068bda23445cc2ab06,2018-03-20 05:19:01,138.38,21.47
6043f8635882402d814afcc98edcf024,1,9ed1e9afad3a4e93890eb654e82f672e,468f01a853ff4a068bda23445cc2ab06,2018-03-24 22:19:01,68.67,8.5
8597d5c34688418d94a1bdb3c43618e9,1,d7d12d13db63458eab5884460263819e,468f01a853ff4a068bda23445cc2ab06,2018-03-21 19:19:01,38.72,8.5
bbffc7614b2345babbf2a409ee5edf84,1,3996b5d268bb4dbd957ed7053e057f2f,c98910ddcea443b4b436e20fd8cb80b1,2018-04-06 12:09:27,37.39,8.5
bbffc7614b2345babbf2a409ee5edf84,2,31c4802eca6a489ba35e4a48b53c6b84,c98910ddcea443b4b436e20fd8cb80b1,2018-04-06 12:09:27,60.07,11.78
5a1ae10c2fb64e788b5a4bea96ac23e8,1,2c1fbff24c4e49f3b51dff1f719d55e8,c98910ddcea443b4b436e20fd8cb80b1,2018-03-23 09:09:27,28.36,8.5
b5e8b5d5a08146d79ecb3167f1ee78ec,1,039fc89d205a4e0980b92bda277ec290,c98910ddcea443b4b436e20fd8cb80b1,2018-04-07 17:09:27,36.45,8.5
6ad65afcfe294d45b0920a0486088b01,1,885e236468954acf93aa9f8ef7207c78,c98910ddcea443b4b436e20fd8cb80b1,2018-04-02 09:09:27,37.38,8.5
0b151d9925a7444792e606b80ad8ea4d,1,4f7c7d8403374c27a46bb88bac5c85c8,c98910ddcea443b4b436e20fd8cb80b1,2018-04-01 21:09:27,11.5,8.5
0b151d9925a7444792e606b80ad8ea4d,2,9b1521a8cc294fbf91bf2db0f30f05f1,c98910ddcea443b4b436e20fd8cb80b1,2018-04-01 21:09:27,16.97,8.5
6f20390218304c20875de01c9ad8673b,1,d7dedae680d14c6fac8d9d888cb07778,c98910ddcea443b4b436e20fd8cb80b1,2018-04-11 06:09:27,173.72,21.33
732de0e491f34fe995151e4327d6def8,1,beb6a77ba3e74d40ba332dfeae24db5c,c98910ddcea443b4b436e20fd8cb80b1,2018-03-25 09:09:27,105.83,18.46
753f992f5bd142618f3f685b5590122b,1,db41ceb2c29e41ae99b7e65ddd753e22,c98910ddcea443b4b436e20fd8cb80b1,2018-04-20 10:09:27,31.58,8.5
fc1b7bd64af3477ba0ed7e2207454bbc,1,d7b91173a4414251bf6472db36964ef2,c98910ddcea443b4b436e20fd8cb80b1,2018-04-16 16:09:27,29.88,8.5
fc1b7bd64af3477ba0ed7e2207454bbc,2,599693169a8c46398daad3b4cd656065,c98910ddcea443b4b436e20fd8cb80b1,2018-04-16 16:09:27,22.48,8.5
2826516c700b431bb53c05872eafcef1,1,5c9185172c2140c1826a701785de5804,c98910ddcea443b4b436e20fd8cb80b1,2018-04-30 08:09:27,182.12,19.31
2826516c700b431bb53c05872eafcef1,2,6eb4e94770034034af0e2ab526721538,c98910ddcea443b4b436e20fd8cb80b1,2018-04-30 08:09:27,143.49,29.47
d8d792a2176f4904ba65497380fc78b3,1,42487d80f04e4168b1d3d9386f47fac7,c98910ddcea443b4b436e20fd8cb80b1,2018-05-22 13:09:27,103.63,12.93
c66b8a82fd3e45948f39fc74a5b7cc5c,1,a28f4b54b2434175a4871b0463cea289,02b5e5dde4e842a39937b1fea4d65a6d,2017-07-28 13:59:40,55.68,9.08
ecf6c962e62b414a8be23b2491dc1715,1,256ccf9a70164819bbd6edeb27646a39,02b5e5dde4e842a39937b1fea4d65a6d,2017-07-30 02:59:40,16.51,8.5
64910e989d6d429bb2a92f8656ac0507,1,ac46a1f7bf9346d9b2e7f3938b31e2f3,02b5e5dde4e842a39937b1fea4d65a6d,2017-08-09 16:59:40,203.82,17.41
6b9cc1e8eb5642009c97492a8934b547,1,5125a8846a194728b1ef141ff25f51d9,f03c838c49834effa568938f59c249ba,2018-01-23 03:40:48,145.96,21.78
ae3de232dcfa4b629a1d65d4923950fc,1,b3eaafcc9e214a49b59eb1ccb00147e2,f03c838c49834effa568938f59c249ba,2018-01-01 06:40:48,55.83,9.84
717683192865461e879dd04c1e72df76,1,14264f74e0194082bb4d36c761037b2f,7e5b5cc1affc41cd892fdcc648df09f0,2018-06-06 09:22:54,86.52,18.35
717683192865461e879dd04c1e72df76,2,55a59dd923c64c3abae95621cc8a187f,7e5b5cc1affc41cd892fdcc648df09f0,2018-06-06 09:22:54,41.37,8.77
717683192865461e879dd04c1e72df76,3,a01fb9b5f8c849f0837ebe2182325f7d,7e5b5cc1affc41cd892fdcc648df09f0,2018-06-06 09:22:54,30.88,8.5
422feaa27cca41bc8024dc46bba2e86c,1,beb6a77ba3e74d40ba332dfeae24db5c,b4057b31d24444b7aa0230727e8b3ee3,2017-11-25 22:27:46,170.4,26.08
8b18767a1531459c856fa255a0adc5c2,1,cef3071999f04a26bd129d07757c4967,b4057b31d24444b7aa0230727e8b3ee3,2017-12-12 13:27:46,71.17,8.61
5778572cf65d48658a9ace9557e135bc,1,cf2a23e593f547b289fb5264a64d8dcf,b4057b31d24444b7aa0230727e8b3ee3,2018-01-10 06:27:46,20.57,8.5
5778572cf65d48658a9ace9557e135bc,2,a8a6d1acd087426e966316b1ee004365,b4057b31d24444b7aa0230727e8b3ee3,2018-01-10 06:27:46,36.62,8.5
66e7689b8ede4c62836459880cabcb01,1,9b2e26d8c0014e7784e5e2875929f73d,b4057b31d24444b7aa0230727e8b3ee3,2018-01-08 21:27:46,26.72,8.5
7392697cf2604af79b45b5ab648c1cc2,1,4ce2f134095f493c95c47cbbf7f26618,b4057b31d24444b7aa0230727e8b3ee3,2017-11-26 19:27:46,134.63,16.31
a6e8d78d9227485ea1bd251dd88ceeb4,1,6a3c687674a0484bb01d6cfc862691dd,b4057b31d24444b7aa0230727e8b3ee3,2017-12-29 19:27:46,37.56,8.5
8a9e3979aa084b2baca282939f21ad34,1,cf81570bac254a92b191693ad0a5cd12,b4057b31d24444b7aa0230727e8b3ee3,2017-11-25 21:27:46,37.12,8.5
2c2bdb3590dc41babf7d08de18b59cbf,1,3663a2a3c4944761b5b1cd0d489782bf,64e53016fcc442cfbf6850aa90b1ecd3,2017-09-17 01:30:05,61.98,13.48
c8f14d81d01b442e82ecf5f82b408e28,1,a1ba1bba98c947458fc919a1a339edc9,64e53016fcc442cfbf6850aa90b1ecd3,2017-09-10 09:30:05,126.09,20.5
4045932f7a8e4ca694aa5b1783ef1080,1,0017f2e7769f48eaa467afeda7f4ac9c,64e53016fcc442cfbf6850aa90b1ecd3,2017-09-21 03:30:05,256.93,30.76
8ebd3f2e950246b582b63c239dfa213d,1,03b42f610af04cd7a50a430bf26a43ad,64e53016fcc442cfbf6850aa90b1ecd3,2017-09-12 04:30:05,69.59,14.68
1d2530ecf8134a36aefa46537f2087b2,1,fecd56f2986d4d1a859278cc0e9ec2af,64e53016fcc442cfbf6850aa90b1ecd3,2017-09-19 20:30:05,184.57,40.03
86f87ee56dbb4a0f861e3f572f1d9c9e,1,59f4d8b4a4fb46cca1e9ddb0a575674c,64e53016fcc442cfbf6850aa90b1ecd3,2017-09-08 23:30:05,208.67,27.13
a74f4b83e3fe497fbf8f754e8ca9b2ab,1,f771208d9d684e0d96128315bda9be15,64e53016fcc442cfbf6850aa90b1ecd3,2017-09-16 06:30:05,26.66,8.5
841335553066422ab6c8dd29ff226062,1,6ba72f89f95e4036a8dea94f7bbc892f,64e53016fcc442cfbf6850aa90b1ecd3,2017-10-12 10:30:05,119.92,13.66
5511a23808854073aaa122a913a13d19,1,c0e77397c88b4e998535d316d83486f4,d0999524dbfb40a29e46133daf53daa2,2017-07-15 09:35:15,31.39,8.5
ab3eee7dafa0410dbb47e8b674944d83,1,26e5eab1121d46f98c4a56560f17674a,d0999524dbfb40a29e46133daf53daa2,2017-07-26 10:35:15,146.46,16.02
4ed14c12de51429e8ff30d9b35d01f50,1,b319a48045484e1d89b008aa30c5d13f,5c106274817f4be0a17ed41537ca7418,2018-05-30 10:07:28,31.87,8.5
e035494aab5549bc83305672bc62b61a,1,750f4a1dc60b4d3a9cc5c9f8df4d751f,5c106274817f4be0a17ed41537ca7418,2018-05-10 10:07:28,80.8,8.5
4ae8f47643e3487c8bd014d73c638717,1,2d5009ce8834498a907ad317b4031b44,5c106274817f4be0a17ed41537ca7418,2018-05-24 04:07:28,58.09,8.5
e3f6454aae3f42dabc419dd14e8aacc2,1,82da95fbfed54b53b256b3f9f828cf45,5c106274817f4be0a17ed41537ca7418,2018-05-06 18:07:28,153.89,31.08
e5454556f8214796bf9404fd31f271d8,1,136793b0c41f46639afe935695692e30,5c106274817f4be0a17ed41537ca7418,2018-05-10 02:07:28,119.88,24.1
83f84f6434db460e87f478a8ac3e81a1,1,5d18c287f65b4b2ea07ea09e9263d6ab,c535f7b0338e482ea75d9148f80b2a82,2018-02-14 13:51:39,101.4,11.88
2af2ec42f69144eba2929dcbfd323a66,1,9114028ab504439189ac0d89fc7f4b4f,c535f7b0338e482ea75d9148f80b2a82,2018-02-12 16:51:39,318.34,43.71
a1f66471d8f74ba0bdd6c22582d38661,1,44bdb96b31034213a9d9cf695fbf5d48,c535f7b0338e482ea75d9148f80b2a82,2018-02-21 01:51:39,195.09,22.99
a1f66471d8f74ba0bdd6c22582d38661,2,49d95608eb3f4f51942e41835008fde7,c535f7b0338e482ea75d9148f80b2a82,2018-02-21 01:51:39,96.84,13.35
5806c9d01d574bcdbf387a556c8c2728,1,637518c4a8b0450db5949f81b0badb5d,c535f7b0338e482ea75d9148f80b2a82,2018-02-24 23:51:39,157.24,17.19
48840f373a4a4508a57a738ad6b9675a,1,30c48493f9544740b55fd8b6080b2b4c,c535f7b0338e482ea75d9148f80b2a82,2018-02-15 23:51:39,127.89,23.12
48840f373a4a4508a57a738ad6b9675a,2,d4a3eb3c66a24845887d4512b70e2b9f,c535f7b0338e482ea75d9148f80b2a82,2018-02-15 23:51:39,231.32,30.45
48840f373a4a4508a57a738ad6b9675a,3,15a1ec56faf44c9dba8768ebeaa37027,c535f7b0338e482ea75d9148f80b2a82,2018-02-15 23:51:39,129.78,12.32
13f8c48100c049ef8ddadddea328c133,1,0fa0e03c16624b089470a691c452a201,8622ea951b2343dea66a16ef1aa55b74,2017-11-11 03:19:36,132.71,14.24
c0fd7dab6198452aa33a95f8c3a42906,1,b8dd8735e30f419eb9a8254b69866021,1824ffad51ea4d5fb2204b4b1755349c,2017-11-15 19:22:11,166.59,14.63
c0fd7dab6198452aa33a95f8c3a42906,2,e3e66dd509b94f68b92dad2356588683,1824ffad51ea4d5fb2204b4b1755349c,2017-11-15 19:22:11,82.92,17.65
c0fd7dab6198452aa33a95f8c3a42906,3,61a2499f10b44667bd97007735a44def,1824ffad51ea4d5fb2204b4b1755349c,2017-11-15 19:22:11,42.95,9.05
a6df78b090664183ac688d387891382b,1,6ac464a17d004e169877753600cab6cf,1824ffad51ea4d5fb2204b4b1755349c,2017-11-28 06:22:11,208.09,17.46
00963c1803754f54b14191440d134c71,1,4d5f747d841145c583309c90cc159d97,4a168a7f8bcc493198ca25fa6c0b054a,2017-10-29 06:28:36,128.29,19.4
00963c1803754f54b14191440d134c71,2,8485d83aad3e40829beada2b00c09a14,4a168a7f8bcc493198ca25fa6c0b054a,2017-10-29 06:28:36,94.93,16.71
cafc4e1c4e024d4398494796ad09d39a,1,b28e99d9f585404796c241d4ea67d6c1,4a168a7f8bcc493198ca25fa6c0b054a,2017-10-10 02:28:36,246.92,24.3
cafc4e1c4e024d4398494796ad09d39a,2,fc0238c296234b3390fb70edcae4db67,4a168a7f8bcc493198ca25fa6c0b054a,2017-10-10 02:28:36,80.69,9.62
cafc4e1c4e024d4398494796ad09d39a,3,b9c77bde49ff4ef89b1be5fb74df32a1,4a168a7f8bcc493198ca25fa6c0b054a,2017-10-10 02:28:36,69.63,10.18
6e8aab4cb7864baa8504a4b063417a20,1,adda9673971b41ee84e60264b6aa33b2,4a168a7f8bcc493198ca25fa6c0b054a,2017-10-14 11:28:36,74.15,9.99
c68c3610e70b4fd0ab62031205f6471d,1,31c4802eca6a489ba35e4a48b53c6b84,4a168a7f8bcc493198ca25fa6c0b054a,2017-10-30 21:28:36,75.34,8.5
1183d077ed3e45dd825626793c45db1d,1,256ccf9a70164819bbd6edeb27646a39,4a168a7f8bcc493198ca25fa6c0b054a,2017-10-16 20:28:36,225.01,34.1
8d9a75618cd84d5ab6f63ac7e88f56dd,1,b29ae416afdd40ff90a6e3a26127434c,4a168a7f8bcc493198ca25fa6c0b054a,2017-10-15 08:28:36,140.43,30.11
f31554011c2b4677a7a53980d9359693,1,9914a5ae92574e3da512b327dbfa95be,2f3ce9735f6a421cb3fe9a52ccd672d4,2018-03-10 14:56:37,36.45,8.5
f31554011c2b4677a7a53980d9359693,2,e1090e0f355d45a5be16d137b63ec88f,2f3ce9735f6a421cb3fe9a52ccd672d4,2018-03-10 14:56:37,112.23,21.31
fc0c2d33fc59435cb6d02be892d051c1,1,01a2e162e71d4baebcb561917f105188,2f3ce9735f6a421cb3fe9a52ccd672d4,2018-06-07 12:56:37,124.67,12.41
2eedcc776f904c639db75ad7a4854142,1,4029dd9bf6664ff688fa31bb83020f5b,2f3ce9735f6a421cb3fe9a52ccd672d4,2018-05-08 11:56:37,81.71,10.66
89dfcd9efeaa47c6a956d561b56e23db,1,20673b9a51c84802b8370318cafa70d9,2f3ce9735f6a421cb3fe9a52ccd672d4,2018-03-17 09:56:37,79.11,14.7
eea69e3d5b3a41e3a4a02fd6c8df9989,1,d7f7a77835444c9a82bf993b0ff07367,2f3ce9735f6a421cb3fe9a52ccd672d4,2018-03-08 21:56:37,75.84,8.75
c538dc9a470f40e1a1ee123c3bfe3aa8,1,8f44427a731d406dbed23cf0721f1ab3,4203a3cf2bec4852bf4b498e847d4c06,2017-12-14 17:02:32,61.37,8.5
6f8a2db461c9422b9865e62ff8a466a8,1,6eb4e94770034034af0e2ab526721538,4203a3cf2bec4852bf4b498e847d4c06,2018-03-20 18:02:32,209.8,28.36
46a322b0b57a40f5b2a0e786774029b6,1,07cc96ee293f40658456b7e42c6838e7,4203a3cf2bec4852bf4b498e847d4c06,2017-12-24 09:02:32,125.42,24.52
16d405f6c76441cbbdf356451ad93486,1,571d5ed2f68246f2b85ab4b024a43cfb,4203a3cf2bec4852bf4b498e847d4c06,2017-12-20 10:02:32,96.85,20.6
f9f57503f68645008defc5acf31b43b3,1,b319a48045484e1d89b008aa30c5d13f,4203a3cf2bec4852bf4b498e847d4c06,2017-12-13 17:02:32,81.34,14.32
6355519cb57c4c44a8770960bd08d85e,1,4e3c24754747463792bf91693fd02492,e256a7722da544a5a25cbebd1b0b42d2,2018-03-13 19:25:12,381.39,79.12
16976da097544fe295d758530c5c3577,1,b09ced06368543639efee02905ea3f6d,e256a7722da544a5a25cbebd1b0b42d2,2018-03-17 14:25:12,157.95,28.09
e2104b6307b04dd595892595d44198e0,1,bb9d03f6364a4774b1366571761a1abd,e256a7722da544a5a25cbebd1b0b42d2,2018-03-07 01:25:12,43.31,8.5
fed16c7dd2a645ef8d03863f3686bb18,1,42f99711a8f346f6a3415542e8c6b1e0,e256a7722da544a5a25cbebd1b0b42d2,2018-02-25 11:25:12,715.36,68.16
c0df3684ed00429d9a748cf66517ec6e,1,0bb08354427a45ec94274964a7d98b96,e256a7722da544a5a25cbebd1b0b42d2,2018-02-01 10:25:12,100.4,11.24
0fed1cdb24bc4b4ea9974def4ea87b96,1,54fd0302d42b4681ab8c174fc5593ad4,e256a7722da544a5a25cbebd1b0b42d2,2018-04-04 14:25:12,57.06,12.27
93c148d6cfa54b9faeb878108b8e16d5,1,c740848b8fef49fc9947f10a3e2f2760,e256a7722da544a5a25cbebd1b0b42d2,2018-02-04 10:25:12,76.76,10.53
93c148d6cfa54b9faeb878108b8e16d5,2,3ec05895148e45c6b046d100d4009f81,e256a7722da544a5a25cbebd1b0b42d2,2018-02-04 10:25:12,157.35,18.55
76d12f3326b54eb28761f9ec8e26b477,1,59f4d8b4a4fb46cca1e9ddb0a575674c,e256a7722da544a5a25cbebd1b0b42d2,2018-01-28 14:25:12,44.65,8.5
42d58c95fe7d43fe92e9267bd635e76b,1,0b20ad599efc43358c6ef1ed32f7a290,dea3b537266544a4a3a1609dbb85a0ca,2018-01-06 13:01:19,13.67,8.5
ffd2365b968c44a0ba2203c6eb65b177,1,e648e0824baf40ec9f193e307b16c81f,dea3b537266544a4a3a1609dbb85a0ca,2017-12-23 13:01:19,28.41,8.5
271b1b02ae1e453386d860f195a13c3e,1,67cb04732359425baec1a3235e704580,dea3b537266544a4a3a1609dbb85a0ca,2017-12-18 03:01:19,39.17,8.5
0b99a0654a5a4df6aa95c01a1a5637ff,1,50eb640295614831878c72b2d636b3ef,dea3b537266544a4a3a1609dbb85a0ca,2017-12-14 20:01:19,84.6,17.98
7f9ef2426fe841faaf934035079c7b0d,1,50eb640295614831878c72b2d636b3ef,dea3b537266544a4a3a1609dbb85a0ca,2018-01-16 00:01:19,24.81,8.5
54d3e920a9e64ff488ed0be3f8ab7c21,1,2e15d2afde274350a1414c3c8ee47c1f,dea3b537266544a4a3a1609dbb85a0ca,2018-02-20 05:01:19,4.4,8.5
f34f890cb4084e6ba385180a13902b7f,1,301486d899d4427e9f6439d12b29e7b6,dea3b537266544a4a3a1609dbb85a0ca,2017-12-19 00:01:19,38.27,8.5
d03b6215150345eba70c49f7e7d2cdb1,1,cf244287bde4492ca54a26c128a52f42,dea3b537266544a4a3a1609dbb85a0ca,2018-01-05 05:01:19,65.75,8.5
76933c1912554d0c89933af9038cbbb1,1,c3e270e47ec74ded97785e00f4fcd9f2,dea3b537266544a4a3a1609dbb85a0ca,2017-12-15 13:01:19,186.11,14.93
eded8885dc5745869e3d19e29e053b2c,1,d587586329d648f98ccd97955d3f2d7a,f07c34063f724da8987b4b610f7a8ca9,2018-03-25 07:13:05,275.17,46.21
b4a50556c85a4cc2b6b1e1c54ab7e3f4,1,0afacd0f2cdc4d81a88114ff9e183231,f07c34063f724da8987b4b610f7a8ca9,2018-03-07 18:13:05,17.35,8.5
7ca319c9e4954103bf8b21a3d2c01635,1,1dbf26c3a0b04e0c86b401c6eea46bbc,6609a1983607470c9c45bc730dd8bf55,2018-02-03 10:57:45,53.63,8.5
c64b91f110be4e2c951b4d82a1c8ca69,1,48ed0f2b65f540069d15b27aece1c29e,645ea54437f841ef8fd2471fe8b7c980,2017-12-23 07:02:50,24.67,8.5
0fd2d03d50034c10952dbf5a6221e3a1,1,6e9670c39e694a0289db579ac1bc4d00,645ea54437f841ef8fd2471fe8b7c980,2017-12-20 06:02:50,22.87,8.5
b6c8dc4910e44417a1347dd636c4d185,1,6a3c687674a0484bb01d6cfc862691dd,9af43a82ec7f4132af5d936d135f05e6,2017-08-07 03:23:21,68.85,8.5
a516f34173ad443ba4120d1911e022a1,1,de62d1f284754351aeadac61b5e6a412,9af43a82ec7f4132af5d936d135f05e6,2017-07-27 09:23:21,109.85,24.0
a516f34173ad443ba4120d1911e022a1,2,fd60b9a690b44f3c9588c38e8290a214,9af43a82ec7f4132af5d936d135f05e6,2017-07-27 09:23:21,111.31,23.65
18047da17c054ba5bd660c587f2f4eef,1,d587586329d648f98ccd97955d3f2d7a,9af43a82ec7f4132af5d936d135f05e6,2017-07-29 11:23:21,198.92,43.17
48509934069e4d4aa6936c51b0db4570,1,44522e39746f48879e471599bc532a6a,9af43a82ec7f4132af5d936d135f05e6,2017-08-16 16:23:21,61.65,12.66
43cbc31aee9e43ae88d0a9be0f2db102,1,301486d899d4427e9f6439d12b29e7b6,9af43a82ec7f4132af5d936d135f05e6,2017-08-09 18:23:21,77.97,8.5
a7a219fd1a6042b7a88690b54f075a99,1,a1b7386ab8874fdfa5801040fa4d6fb1,9af43a82ec7f4132af5d936d135f05e6,2017-08-08 17:23:21,137.83,23.67
5eb1891ff2f248e19f1f9698e1c2c048,1,86c2b81872a44bc5a27ec9882bf646d8,39dae0cd28064b3985fd90f307d24389,2017-12-05 20:03:11,53.06,8.59
07705bd1c2154f8f90609271069d0352,1,b22f7e6866c0428187a6c02307b27e8a,39dae0cd28064b3985fd90f307d24389,2017-12-31 05:03:11,49.09,8.74
ff082b60cce048e6be11a1e76049c4d9,1,1c456e659155442a83a9605fa921949a,39dae0cd28064b3985fd90f307d24389,2017-11-30 19:03:11,94.55,18.32
ff082b60cce048e6be11a1e76049c4d9,2,bdda117a6a0c4096b503c65d5e952f62,39dae0cd28064b3985fd90f307d24389,2017-11-30 19:03:11,135.67,22.64
307d757dc71242a39d22b26f08c12f71,1,9aab70096b5449ef860fb6d51b6134f6,39dae0cd28064b3985fd90f307d24389,2017-12-18 05:03:11,42.83,8.5
6c83c1b07d5f4283898786aae34549cb,1,4fc4ec06879f4e279bad578e3942c0cf,39dae0cd28064b3985fd90f307d24389,2017-12-03 00:03:11,49.39,10.42
3b244ea5ab934e4bbb6562dcd640103b,1,e648e0824baf40ec9f193e307b16c81f,39dae0cd28064b3985fd90f307d24389,2017-11-17 07:03:11,49.28,8.5
3b244ea5ab934e4bbb6562dcd640103b,2,6ac464a17d004e169877753600cab6cf,39dae0cd28064b3985fd90f307d24389,2017-11-17 07:03:11,32.38,8.5
e9bcd55c22024b64a815610dd72d6afa,1,d35f192bee104404ad77f6922acf6a65,39dae0cd28064b3985fd90f307d24389,2017-11-21 21:03:11,132.61,20.14
e9bcd55c22024b64a815610dd72d6afa,2,9daa49d9e2d54f06ba263e9eff92e6b2,39dae0cd28064b3985fd90f307d24389,2017-11-21 21:03:11,79.18,11.03
7f5fd2b5f7a7472bba1f79ad1d4277a5,1,7324771a13da41799015ba377792a490,39dae0cd28064b3985fd90f307d24389,2017-12-02 10:03:11,151.87,23.66
7f5fd2b5f7a7472bba1f79ad1d4277a5,2,40f004bb3d604a5c9358a041ecf52c56,39dae0cd28064b3985fd90f307d24389,2017-12-02 10:03:11,41.86,9.16
7f5fd2b5f7a7472bba1f79ad1d4277a5,3,9d570150c01f49ba9bae173c65ed539c,39dae0cd28064b3985fd90f307d24389,2017-12-02 10:03:11,29.88,8.5
9a7f05972ec448319a232e0b87634793,1,cd8bbcae3e8f4197affe5248f219d4d1,39dae0cd28064b3985fd90f307d24389,2017-11-22 03:03:11,29.87,8.5
382a63434ff74e8e84696a87fd06e2e3,1,ea4d851ed80c418991a829520c4b6866,39dae0cd28064b3985fd90f307d24389,2017-11-24 23:03:11,98.33,11.88
e1e9a50cffc8426bb8e869b948273f11,1,bf2574cf393e4f8e9a6834baac328035,39dae0cd28064b3985fd90f307d24389,2017-12-16 22:03:11,225.32,48.16
d9d577ecb98f43f99fb3d8208c7a72a5,1,0fa0e03c16624b089470a691c452a201,39dae0cd28064b3985fd90f307d24389,2017-11-24 11:03:11,262.26,22.43
45ae14fe0a864b00af66fba0feb6c596,1,aafe2eadad47445184cf6af00fe91a99,3dd77db5934a41349600c8f68c6a025a,2017-08-16 19:03:39,121.73,25.3
446933eb217145f2a62170a6fb44007b,1,57f99facbfba4b16b7bf2ab7a5e3815a,ee088fdf69154f8a9a8c99f0ad5d6e38,2017-12-05 04:11:26,19.68,8.5
8d8fdd4883fc46d4b0bc502ad3cbcbd0,1,1dbf26c3a0b04e0c86b401c6eea46bbc,ee088fdf69154f8a9a8c99f0ad5d6e38,2018-02-10 01:11:26,34.55,8.5
8d8fdd4883fc46d4b0bc502ad3cbcbd0,2,8440fa30c0374c76971a72181df7ae5b,ee088fdf69154f8a9a8c99f0ad5d6e38,2018-02-10 01:11:26,483.74,91.8
83d5fc3593e145caa1bc901ac84334a4,1,2c1fbff24c4e49f3b51dff1f719d55e8,b1ba5c2b9f7e43f788333c08f9582bac,2018-06-02 15:36:33,160.55,32.95
83d5fc3593e145caa1bc901ac84334a4,2,5d18c287f65b4b2ea07ea09e9263d6ab,b1ba5c2b9f7e43f788333c08f9582bac,2018-06-02 15:36:33,27.85,8.5
ad74cdfc60c34d21bbecfd4a549af718,1,c4646a0286da4f6e8d424a8a0440f073,b1ba5c2b9f7e43f788333c08f9582bac,2018-07-06 19:36:33,230.96,45.51
217622bb5bfb4810830eb86a7218d0d9,1,7d5e4f3573b04ed894398fb67afdbc05,5bfc05c30f60401ab08d14da4162d645,2017-11-07 01:23:45,30.56,8.5
1e0fc255f40347c18b63a9345745ba30,1,3288edd2dd964011bec543a51b83d404,5bfc05c30f60401ab08d14da4162d645,2017-10-18 09:23:45,93.54,15.88
5c445a6438094caf8a683762b09004ca,1,d4a3eb3c66a24845887d4512b70e2b9f,5bfc05c30f60401ab08d14da4162d645,2017-10-24 17:23:45,105.03,11.87
8cc66219099f4e45a38782a0f1160dec,1,191eeed8159e411ea7b7d0143555ae45,7d12210cb3d44e9f900e5de3f7d6a71a,2018-07-15 17:12:46,45.56,8.5
d73fb7192dbc4678ae41c2db113e8a1c,1,0bc861e3cbaf427b80560c72fea9523e,3a39acd9372c4732a65df3249c6b8333,2017-09-18 17:38:26,36.8,8.5
a5269924bc734578817ea5576f45523d,1,2b34daf6daf544b0ba8151173ccecbd3,3a39acd9372c4732a65df3249c6b8333,2017-09-10 04:38:26,47.66,10.4
5b41bf8558fa43b78b6413b94adb9d87,1,b6f172788ba84bd3a46112ee0649db5c,3a39acd9372c4732a65df3249c6b8333,2017-10-09 02:38:26,217.53,26.32
d370c7b3778a463db2cbd31e8548bc1c,1,750f4a1dc60b4d3a9cc5c9f8df4d751f,3a39acd9372c4732a65df3249c6b8333,2017-09-15 03:38:26,20.3,8.5
d370c7b3778a463db2cbd31e8548bc1c,2,2951c695e4004ad995f57dd1ea27215c,3a39acd9372c4732a65df3249c6b8333,2017-09-15 03:38:26,39.43,8.5
d370c7b3778a463db2cbd31e8548bc1c,3,2b723a1da0224c1293233a46781c95fe,3a39acd9372c4732a65df3249c6b8333,2017-09-15 03:38:26,55.86,10.62
c397ca1172b54643812459832e2b9bd2,1,9114028ab504439189ac0d89fc7f4b4f,3a39acd9372c4732a65df3249c6b8333,2017-09-18 22:38:26,64.19,13.86
533ee74d88f14eb7b96a23f1b8dc4133,1,21d39e0c1bcd42b0aa6d0a5a37ec7e45,3a39acd9372c4732a65df3249c6b8333,2017-09-14 14:38:26,98.83,14.77
258c6cbd7124448da62fe9cdcc06ee94,1,26a68f39539e4612b55df3f28c2940a8,3a39acd9372c4732a65df3249c6b8333,2017-09-27 20:38:26,19.54,8.5
f1959e4f3d7a45ee9095c48239772f2d,1,3288edd2dd964011bec543a51b83d404,3a39acd9372c4732a65df3249c6b8333,2017-10-02 09:38:26,97.6,16.82
476da16c411a4cf697f34f9acd3b1f50,1,49d95608eb3f4f51942e41835008fde7,3a39acd9372c4732a65df3249c6b8333,2017-09-17 03:38:26,241.21,43.13
9394be79baa849298dec3f4a42c0064f,1,9b0e4ac9dbc84fe68d05e232c0ce2a21,3a39acd9372c4732a65df3249c6b8333,2017-10-17 19:38:26,88.7,14.3
9394be79baa849298dec3f4a42c0064f,2,168aba01f177424b988028941413d692,3a39acd9372c4732a65df3249c6b8333,2017-10-17 19:38:26,37.08,8.5
d6d3218d8c2b4989a75fb391a94c7f0f,1,3fa881852d8547278dfaa9d9e87a7d8c,4bb59b95c6474506ab521c9cce2525bb,2017-11-27 16:08:17,58.95,8.5
31e38a4b82734a56b0253486a6fff537,1,26a68f39539e4612b55df3f28c2940a8,4bb59b95c6474506ab521c9cce2525bb,2017-11-18 12:08:17,33.08,8.5
220ab3a0ba084d498936d136b01f5219,1,b29ae416afdd40ff90a6e3a26127434c,4bb59b95c6474506ab521c9cce2525bb,2017-11-11 18:08:17,64.41,10.46
87094883d32949ba8c0c0902f6bf0b62,1,fd60b9a690b44f3c9588c38e8290a214,4bb59b95c6474506ab521c9cce2525bb,2017-12-20 19:08:17,58.96,10.33
8d17fd7469e04695b1170b71efaf3dac,1,9861f4e896514572ab99af82fbcc8f1b,4bb59b95c6474506ab521c9cce2525bb,2017-11-09 20:08:17,76.63,8.5
41e2129a7ea34af48f4e44df4606aea1,1,e73d46bde6c346b4a0b5223a288c8af2,4bb59b95c6474506ab521c9cce2525bb,2017-11-26 06:08:17,45.31,8.9
c0eacf767eaa40b0b4b87434a3442673,1,168aba01f177424b988028941413d692,4bb59b95c6474506ab521c9cce2525bb,2017-11-09 13:08:17,54.94,8.5
f4b20ff45c264d459a8da972ec29a85f,1,5fba940f265743d3a225c79fe8f02ddb,4bb59b95c6474506ab521c9cce2525bb,2017-11-19 21:08:17,92.34,14.62
3430449bff01451b9cd4474c65cf96ed,1,3288edd2dd964011bec543a51b83d404,4bb59b95c6474506ab521c9cce2525bb,2017-11-10 18:08:17,234.78,33.14
ab7fd2bcd230415f87f098553bb3fd91,1,9ed1e9afad3a4e93890eb654e82f672e,4bb59b95c6474506ab521c9cce2525bb,2017-11-26 17:08:17,108.9,13.3
dfa2f876fbbb4efdb1a71b54b94d2253,1,dff9b448e44d43c3be6feedcba9fa453,4bb59b95c6474506ab521c9cce2525bb,2017-11-13 16:08:17,47.31,8.5
1b76f09a6764473e825bc330962a0f21,1,84b28376b4ba4472a150eb295c7eea16,4bb59b95c6474506ab521c9cce2525bb,2017-12-14 15:08:17,266.76,23.85
607bb7cbac4c42c3a3bd6ce7831a2aab,1,06c82ae9b9384ca3b9590eb82e3e351e,4bb59b95c6474506ab521c9cce2525bb,2017-11-23 21:08:17,161.11,14.32
198c10d717d04b3b9835828fa39fd9b2,1,0aea9db47c7e4fafbe6cc45f27ba19da,4bb59b95c6474506ab521c9cce2525bb,2017-11-14 01:08:17,136.04,18.85
1b8c4e302d4544a8b439e15e3ef75367,1,0017f2e7769f48eaa467afeda7f4ac9c,4bb59b95c6474506ab521c9cce2525bb,2017-11-13 00:08:17,97.59,9.67
240e12aabaf64fec92a77adfe13e1d27,1,c4646a0286da4f6e8d424a8a0440f073,4bb59b95c6474506ab521c9cce2525bb,2017-11-18 00:08:17,197.89,39.13
5b62cc93e6fa41b09a7d32c2ecef4e6f,1,4f6bcc525e594b52902551ceed99e429,4bb59b95c6474506ab521c9cce2525bb,2017-12-10 09:08:17,53.39,8.5
8d180edd3ff347e29f8e4d874cc694a1,1,9b0e4ac9dbc84fe68d05e232c0ce2a21,4bb59b95c6474506ab521c9cce2525bb,2017-11-07 12:08:17,18.42,8.5
8aab8224d89b40a6984142798f1731ce,1,cc8fab6f2489469790d44d1983d5846e,4bb59b95c6474506ab521c9cce2525bb,2017-12-18 22:08:17,69.45,9.96
ebefdf1ee9974fbfb9cdd8d82c16bb17,1,ad0bc024ee50446e8b8fc9909678e7d0,4bb59b95c6474506ab521c9cce2525bb,2017-11-06 08:08:17,63.22,8.5
389eee9d981446ad8bbc123ebee85e2f,1,637518c4a8b0450db5949f81b0badb5d,588fcc0407a24ab7ad8a4dc290edab10,2018-02-25 09:07:50,103.11,14.28
84ee3815b2824bc783c3b9e4cc959450,1,6eb4e94770034034af0e2ab526721538,588fcc0407a24ab7ad8a4dc290edab10,2018-05-10 15:07:50,51.32,9.99
e55d5058163c4e7f9433d04afab2bd99,1,a74f78331b5c46949db2fb4d8de3dac4,588fcc0407a24ab7ad8a4dc290edab10,2018-02-17 08:07:50,158.37,33.08
d990c80b29704d6e9c8b1da8df32da2c,1,8a396819e6344340ac61e8939c84580c,588fcc0407a24ab7ad8a4dc290edab10,2018-02-06 09:07:50,41.95,8.5
d5beddcf51924ed3a20d94af16756340,1,a1b7386ab8874fdfa5801040fa4d6fb1,588fcc0407a24ab7ad8a4dc290edab10,2018-02-16 05:07:50,282.6,36.57
9eb370e92264478e9ef74adffa079bcf,1,d9280330a1db4619a5c4335d07453f58,588fcc0407a24ab7ad8a4dc290edab10,2018-02-10 13:07:50,79.34,12.86
9eb370e92264478e9ef74adffa079bcf,2,44bdb96b31034213a9d9cf695fbf5d48,588fcc0407a24ab7ad8a4dc290edab10,2018-02-10 13:07:50,235.74,29.73
9eb370e92264478e9ef74adffa079bcf,3,86a137bacde64f33a230e776df0fa93f,588fcc0407a24ab7ad8a4dc290edab10,2018-02-10 13:07:50,226.05,47.41
94963e7eed8e4ca3bbd647a370d6b170,1,229cfb6742c0499b84f4fe14a27642f7,89445444e35d48189da6244df73294b5,2018-06-23 21:09:22,123.93,20.73
2ab0b836c6d04405ab3ce25bbb972344,1,a74b6c251ba04a068ef7335cdb72d094,89445444e35d48189da6244df73294b5,2018-07-21 22:09:22,22.61,8.5
716a9b33137948c19f3194db0aeff42e,1,04bfdebca74e4f89808b43985b8f4c09,89445444e35d48189da6244df73294b5,2018-08-02 20:09:22,27.33,8.5
275e3e5c09c14b568b29cb7a6a36cc56,1,221d9833037e4c3da69fd85abd30c68b,89445444e35d48189da6244df73294b5,2018-06-22 19:09:22,58.61,8.5
617e68fa22e2441a85d4c42a4033a755,1,d7dedae680d14c6fac8d9d888cb07778,89445444e35d48189da6244df73294b5,2018-06-08 19:09:22,112.0,17.37
f5e0d0ea606a44eeba192e5ecf64fcd1,1,04bfdebca74e4f89808b43985b8f4c09,89445444e35d48189da6244df73294b5,2018-06-18 22:09:22,36.04,8.5
edd396fb7ea54ef0b6b733416e8c03ee,1,4029dd9bf6664ff688fa31bb83020f5b,89445444e35d48189da6244df73294b5,2018-07-23 21:09:22,161.34,34.59
3e92d59984a64798bb81ef16ce5a92f5,1,9ed1e9afad3a4e93890eb654e82f672e,89445444e35d48189da6244df73294b5,2018-07-14 00:09:22,53.94,10.86
96b45f54b24846d59d628a02b5160a77,1,5cf17b8d47a64ca59b64117de91e7187,89445444e35d48189da6244df73294b5,2018-06-12 13:09:22,30.89,8.5
96b45f54b24846d59d628a02b5160a77,2,26b37b94486041df85df9521f84121ec,89445444e35d48189da6244df73294b5,2018-06-12 13:09:22,62.16,12.12
89f49df2ff1c49d0b882b422daf33eb8,1,c60302fe26ce4d91aeedd8f0752b9565,89445444e35d48189da6244df73294b5,2018-06-14 13:09:22,54.94,8.5
7cdc10cfaf634019b066709c2ab7bbe4,1,a74b6c251ba04a068ef7335cdb72d094,89445444e35d48189da6244df73294b5,2018-07-11 06:09:22,33.69,8.5
9d77d1014e294e449cd5f56b3d2bb580,1,0fa0e03c16624b089470a691c452a201,89445444e35d48189da6244df73294b5,2018-06-12 22:09:22,89.26,15.84
d2419fe5df9b4c41962a386c52ae6b2a,1,fff75832db264c33a33f6f6ce9c5e858,89445444e35d48189da6244df73294b5,2018-06-15 10:09:22,206.87,18.72
b6a3060c824946269aeec808fb3760f3,1,37611c71a7b447ccabdd4475542a133b,89445444e35d48189da6244df73294b5,2018-06-11 19:09:22,208.4,29.94
ad99a04872ac4f4ca9866f1f11e4a91f,1,2061966b66424545a7644928b0686526,89445444e35d48189da6244df73294b5,2018-06-12 16:09:22,203.87,31.9
ad99a04872ac4f4ca9866f1f11e4a91f,2,07cc96ee293f40658456b7e42c6838e7,89445444e35d48189da6244df73294b5,2018-06-12 16:09:22,111.76,16.79
48b044b749cc4ebc98ab25d89896b4d0,1,e5a9ab53deef4434a9e5c480159813c3,89445444e35d48189da6244df73294b5,2018-06-17 13:09:22,204.81,28.55
92b23a7c847f4998a6b65975b833dfb4,1,013d783eb6e24b3aa8f66bbdcb9354d1,89445444e35d48189da6244df73294b5,2018-06-08 13:09:22,613.81,118.33
32df4fe60d62478892fe834e03629d9b,1,750f4a1dc60b4d3a9cc5c9f8df4d751f,89445444e35d48189da6244df73294b5,2018-06-22 23:09:22,97.69,14.16
d8b5e5e508bb4af48fc5dbec5c565aac,1,76281501b3b14e48be28d7cfafc91713,89445444e35d48189da6244df73294b5,2018-06-09 16:09:22,20.01,8.5
56c222b32f7843f1b40f88955e955ef8,1,a46fead64df34795be6d16b5deef27d2,89445444e35d48189da6244df73294b5,2018-06-16 19:09:22,34.91,8.5
29d5735876f646d5844f749ce2d628aa,1,2b723a1da0224c1293233a46781c95fe,89445444e35d48189da6244df73294b5,2018-07-15 19:09:22,105.88,20.35
88c9e1bd8904469b93b5d1b7bd294a22,1,ed2ebbf84ad84cfe965935ffd2dc1262,89445444e35d48189da6244df73294b5,2018-06-24 10:09:22,67.31,8.5
3deaa544df994cf39781863b6a8dfe8c,1,ac05f7781b784483b4f09e7ae73cc7c0,89445444e35d48189da6244df73294b5,2018-06-17 12:09:22,26.86,8.5
04e8533b920741059469d4614900ec73,1,65cce69bb1584ce0aeebcb0c8726641b,89445444e35d48189da6244df73294b5,2018-06-28 08:09:22,136.62,26.55
64b51de3a2a740fdb576584f3ce3af19,1,43812beab7b64cce97b094cdb2579ec2,40efeb989c23432e879e6af9c02d8964,2018-05-04 05:44:23,29.1,8.5
9686cb3d408c46e695073268ed209597,1,e5a9ab53deef4434a9e5c480159813c3,40efeb989c23432e879e6af9c02d8964,2018-04-29 07:44:23,33.5,8.5
8b4b7f2546944198b72ae15dbdb61749,1,9b1521a8cc294fbf91bf2db0f30f05f1,40efeb989c23432e879e6af9c02d8964,2018-05-18 06:44:23,276.54,25.04
4a1e170ba11244e3bf38724e0486d949,1,95de75afaf174ac19e27442887369880,40efeb989c23432e879e6af9c02d8964,2018-04-29 11:44:23,40.93,8.5
e9b05209e5ec42a6bc503168b2056f3d,1,55a59dd923c64c3abae95621cc8a187f,40efeb989c23432e879e6af9c02d8964,2018-05-16 16:44:23,124.24,16.73
c8acf9a14ca14d189aac679d7716f9e7,1,d03ce3ba416841918fee35eeb1719a74,40efeb989c23432e879e6af9c02d8964,2018-05-25 16:44:23,83.95,9.21
6904c844d3fc40a2984081f33fd90633,1,28f634b62d4043e0aac44f369ded1390,40efeb989c23432e879e6af9c02d8964,2018-06-19 04:44:23,72.69,13.26
3400f71fa0a34b4483a83b4587ef84a2,1,4ff9d07885a44814a66af1b6e6c47b14,40efeb989c23432e879e6af9c02d8964,2018-05-29 07:44:23,285.29,26.47
a26655afcde74fa29a3ed3719173818f,1,8143676461c74c82afe66c0f4655dea5,40efeb989c23432e879e6af9c02d8964,2018-05-05 03:44:23,33.85,8.5
a02094baac04414bb4eb3e89c181f057,1,49d95608eb3f4f51942e41835008fde7,40efeb989c23432e879e6af9c02d8964,2018-05-01 05:44:23,19.39,8.5
cad3ed79c6ab4b489af17e2f1a86a445,1,f437bd876f5d40379fe3f92787e8c23e,40efeb989c23432e879e6af9c02d8964,2018-06-01 09:44:23,118.99,15.67
3db7949047d34486a8b9adbbdddfecbe,1,b17341fa527e46ed81de6238a3da4c3f,40efeb989c23432e879e6af9c02d8964,2018-06-23 10:44:23,25.32,8.5
780859d296aa4beab51a313284a87675,1,48ed0f2b65f540069d15b27aece1c29e,40efeb989c23432e879e6af9c02d8964,2018-06-15 03:44:23,339.13,41.48
b4b6f36ca9104f13a9ef45093c002243,1,c4fdbdb0c93140f68b2212647a35993b,40efeb989c23432e879e6af9c02d8964,2018-06-06 05:44:23,88.38,13.06
4fd5966ea0bb49cca1532159dc7889a2,1,2f1e0509216a4022907ca3d868d77bf9,40efeb989c23432e879e6af9c02d8964,2018-05-20 10:44:23,32.31,8.5
6f898d3f54bd49c99dc5249f5a9c774a,1,55a82669ce7848ebbe6405852cd51253,40efeb989c23432e879e6af9c02d8964,2018-05-18 18:44:23,65.1,9.67
94cc0241adac4b9b89b9a8adffdba39f,1,4cdc171f1cec4c25ad225be00ee5f139,40efeb989c23432e879e6af9c02d8964,2018-05-17 13:44:23,47.14,8.5
94cc0241adac4b9b89b9a8adffdba39f,2,d35f192bee104404ad77f6922acf6a65,40efeb989c23432e879e6af9c02d8964,2018-05-17 13:44:23,75.68,9.84
02d990787f894087b486f41f67f1e8fb,1,5f4a368227e049f3ad5e312ce1c8acf5,40efeb989c23432e879e6af9c02d8964,2018-10-10 13:44:23,2.07,8.5
02d990787f894087b486f41f67f1e8fb,2,c4fdbdb0c93140f68b2212647a35993b,40efeb989c23432e879e6af9c02d8964,2018-10-10 13:44:23,78.5,16.58
48dbf287522d42bdb0a98d05b34e5129,1,19ab791503784ed9a8e1233b056cc558,6752145f27024006b9a095176d98add7,2018-06-02 10:09:37,105.75,21.66
48dbf287522d42bdb0a98d05b34e5129,2,2b34daf6daf544b0ba8151173ccecbd3,6752145f27024006b9a095176d98add7,2018-06-02 10:09:37,49.61,8.5
c49ed9d78d814942a098e9a5647e50f2,1,a28f4b54b2434175a4871b0463cea289,6752145f27024006b9a095176d98add7,2018-06-11 17:09:37,135.13,11.78
fff8f864a72a4a3f998e40e3a5be40cb,1,e73d46bde6c346b4a0b5223a288c8af2,6752145f27024006b9a095176d98add7,2018-06-27 00:09:37,121.78,13.28
f4d0de80b0414db9ac1db14c901e2e9f,1,dff9b448e44d43c3be6feedcba9fa453,6752145f27024006b9a095176d98add7,2018-06-10 05:09:37,44.74,8.5
2a4d614a00c64f3b9be1000ebaf93420,1,191eeed8159e411ea7b7d0143555ae45,6752145f27024006b9a095176d98add7,2018-07-27 14:09:37,16.83,8.5
055117ef4e11453e8f6d6ff2212951c8,1,a2e390036377413eb7ece7c0913928f3,6752145f27024006b9a095176d98add7,2018-06-08 02:09:37,29.44,8.5
49393ffaf7314fa99b07d0415ef22a85,1,a295467789d64f1b8776e91481ecaafb,6752145f27024006b9a095176d98add7,2018-06-16 01:09:37,53.71,8.5
5ab4e302bdc849a0b12151e563d4e14a,1,df94395e3bc64b5592139fe3b58d3ffd,6752145f27024006b9a095176d98add7,2018-06-13 16:09:37,53.16,11.1
d41ba9d242ad4573a471e3876bf17f7e,1,32276ee420ae4f9baf6268c23cc66369,0449ac426a9c478f8d6c3f4c239f2f16,2018-01-21 19:36:02,95.3,13.25
d41ba9d242ad4573a471e3876bf17f7e,2,42487d80f04e4168b1d3d9386f47fac7,0449ac426a9c478f8d6c3f4c239f2f16,2018-01-21 19:36:02,50.46,8.5
8ceb04200d144686ac2a54a304284d7b,1,2a22fed13bad4ce091c5bad7f4c4e8c9,4245a51a3eec43b682896ee7aec26b7c,2017-11-09 19:34:54,203.64,35.48
0be8f74318794a23920708a33f32dee3,1,2e9bf80b6cc141de84e7918f02efc2fb,204fa33de754401182e4f5d98703b3f5,2018-04-26 01:21:20,209.53,24.14
0be8f74318794a23920708a33f32dee3,2,2b723a1da0224c1293233a46781c95fe,204fa33de754401182e4f5d98703b3f5,2018-04-26 01:21:20,58.81,8.5
f55318c52847460ca7b2f247b641f894,1,468b803d8a394cb2946afd35664209d2,204fa33de754401182e4f5d98703b3f5,2018-04-25 12:21:20,192.42,37.58
83141281e2f44cceaab80bb14396eea2,1,3e425b5e24f34266af766f5117f8cf65,204fa33de754401182e4f5d98703b3f5,2018-04-27 18:21:20,162.04,28.62
e162da9e32bd4babb10286bb2902d542,1,771afaf297bf4f23946122984e7cf274,204fa33de754401182e4f5d98703b3f5,2018-05-10 01:21:20,118.2,24.68
aaa5f5e8f35540368144614b65d18022,1,3e425b5e24f34266af766f5117f8cf65,204fa33de754401182e4f5d98703b3f5,2018-04-25 12:21:20,50.8,8.5
8f387bf9c9b444f09361beadc9651cad,1,ea6c1f7b647541c59d6c03d84f2e049d,204fa33de754401182e4f5d98703b3f5,2018-04-26 16:21:20,76.71,11.32
292afa839e6d4a3494a91f3b529d506f,1,d0331c8b8de14c9eaf3a9785cb36a63a,204fa33de754401182e4f5d98703b3f5,2018-05-22 19:21:20,23.19,8.5
fc419448253e413294030a604a4d5de5,1,b3a0a9c93b714a8ba4bc704322301894,204fa33de754401182e4f5d98703b3f5,2018-06-27 00:21:20,96.08,8.5
fc419448253e413294030a604a4d5de5,2,52c696da9573428e917bfdded6025a8e,204fa33de754401182e4f5d98703b3f5,2018-06-27 00:21:20,31.5,8.5
e7e0ed592d5b4dfdaedeb95cf10e3615,1,66b96ecbba12492c8d5751e09f07fdd3,204fa33de754401182e4f5d98703b3f5,2018-05-16 10:21:20,29.54,8.5
e7e0ed592d5b4dfdaedeb95cf10e3615,2,a1ba1bba98c947458fc919a1a339edc9,204fa33de754401182e4f5d98703b3f5,2018-05-16 10:21:20,29.33,8.5
cd8fcb3c44a9414995f1097eaf06107b,1,cd1254f416eb40dda405182ed9ddc941,204fa33de754401182e4f5d98703b3f5,2018-05-14 09:21:20,509.73,49.38
c7bbee0174174e9f8cd677bea5507223,1,3f1f42b8148c4616995f65dc85f5e585,204fa33de754401182e4f5d98703b3f5,2018-05-09 17:21:20,162.27,18.46
c7bbee0174174e9f8cd677bea5507223,2,d7d12d13db63458eab5884460263819e,204fa33de754401182e4f5d98703b3f5,2018-05-09 17:21:20,69.74,13.42
988ef1fde6004f84b35bce813849a5a0,1,4fc4ec06879f4e279bad578e3942c0cf,c66917e6e27e45be8dab4881b7b37f5f,2017-12-10 20:19:16,836.58,111.26
988ef1fde6004f84b35bce813849a5a0,2,07cc96ee293f40658456b7e42c6838e7,c66917e6e27e45be8dab4881b7b37f5f,2017-12-10 20:19:16,158.84,30.25
988ef1fde6004f84b35bce813849a5a0,3,ef333f44f4e549629d234085e47a3125,c66917e6e27e45be8dab4881b7b37f5f,2017-12-10 20:19:16,76.89,13.37
62423c3a6c19485e9595ee4d34a84361,1,5fcb4bf2925d468ca98c2b8d370025fc,c66917e6e27e45be8dab4881b7b37f5f,2017-11-29 15:19:16,52.74,9.65
62423c3a6c19485e9595ee4d34a84361,2,73e3c3884fe649cdab8fd4d6cda22bef,c66917e6e27e45be8dab4881b7b37f5f,2017-11-29 15:19:16,26.33,8.5
53ddcdc1d33140af9b20ab55cb3649dc,1,2f55a58a8e2b4ab8a9db45c62c4fc31c,4bf2ecc253584437bc1bb76d380a4d46,2017-12-09 06:44:14,63.47,13.87
db3acb4e23004809b7534456cbb8f011,1,864de692dbb54818b37b206c42c206e7,4bf2ecc253584437bc1bb76d380a4d46,2017-12-27 18:44:14,101.63,13.63
e099dc9adeac41898f0520c93f4fe5b7,1,5c871f3f35ef42808fecbcb3e6f549d8,4bf2ecc253584437bc1bb76d380a4d46,2017-12-26 09:44:14,346.46,29.74
47682b4ceed548439e50851332bc86dc,1,c7a09223fe16400390fa4f8dbfd7f695,4bf2ecc253584437bc1bb76d380a4d46,2017-12-22 22:44:14,36.83,8.5
47682b4ceed548439e50851332bc86dc,2,ef035a03586a4d339014e0b9616ee8f9,4bf2ecc253584437bc1bb76d380a4d46,2017-12-22 22:44:14,172.1,23.29
38bfa63f63154f72bd442251b84606a7,1,32276ee420ae4f9baf6268c23cc66369,4bf2ecc253584437bc1bb76d380a4d46,2018-01-11 07:44:14,165.44,13.44
a7de00fe43634f5cb5e23ae28a880ba7,1,70d1d567263a4ffca71c57a40b569ac0,be7050f785584534a4cc0676844a44e7,2018-02-23 22:25:27,159.12,18.65
a7de00fe43634f5cb5e23ae28a880ba7,2,fd4a13ad0dde4974941b9e08bc8e5253,be7050f785584534a4cc0676844a44e7,2018-02-23 22:25:27,16.07,8.5
91c220d6371b4009b3a139ae402056a4,1,bbcbc06913f1417f96ef1a242969be9a,be7050f785584534a4cc0676844a44e7,2018-03-16 23:25:27,72.95,10.79
18e08ad96f0644f2b04f7485bcdbcf85,1,ac14520beded4bd6a61146acb40ba7c9,642d027cd7164bf69d8659829112a77a,2018-06-17 09:42:15,275.83,58.2
cac72f848f724178a3cd2c571cb76032,1,7682cebd7d68400290ee742d6aab9dbd,13d1d091430c4df7b3a2eeef0125dfb0,2018-03-01 03:28:36,244.02,35.64
b4af00420545488a88b4536627ee2c8e,1,4e3c24754747463792bf91693fd02492,13d1d091430c4df7b3a2eeef0125dfb0,2018-02-01 04:28:36,137.89,21.83
b4af00420545488a88b4536627ee2c8e,2,76281501b3b14e48be28d7cfafc91713,13d1d091430c4df7b3a2eeef0125dfb0,2018-02-01 04:28:36,228.73,18.82
37c5403f714b465a9297437722ca28d1,1,aa5df92d78934c4c89f1f8898816e236,13d1d091430c4df7b3a2eeef0125dfb0,2018-02-24 08:28:36,85.11,14.03
e9cb49288436464e9f540c0ff031bf5a,1,301486d899d4427e9f6439d12b29e7b6,13d1d091430c4df7b3a2eeef0125dfb0,2018-02-13 16:28:36,36.1,8.5
8f3080ab15dc4123b109f4213dcc41de,1,624e23f9f4ad4ec686d41a843a381c1b,13d1d091430c4df7b3a2eeef0125dfb0,2018-02-03 15:28:36,41.67,8.5
9022aa6b052d43138a60828baea0eb1c,1,aac0cdcff44547ec928f26aeab7cdfda,9b2dc676648e4d1c9e8b8ab546becfcb,2017-10-22 23:18:50,60.12,12.56
926eb66635e64c0ba3ec8622f70e5cee,1,67385bc1efce47d0a52483e5afcb2056,9b2dc676648e4d1c9e8b8ab546becfcb,2017-10-31 22:18:50,202.92,37.58
926eb66635e64c0ba3ec8622f70e5cee,2,9dd492fd3f05453c90f6964d149629b8,9b2dc676648e4d1c9e8b8ab546becfcb,2017-10-31 22:18:50,194.69,28.06
926eb66635e64c0ba3ec8622f70e5cee,3,d4a3eb3c66a24845887d4512b70e2b9f,9b2dc676648e4d1c9e8b8ab546becfcb,2017-10-31 22:18:50,74.71,8.5
3c0122de6563474a80feafea47bd32e6,1,a7d18cd824094eddac44b5aafdecba18,deced16151ed4b67bf4a4c27efbc3e4e,2017-12-14 03:14:38,156.56,21.97
3262fa3548f249568435299637e0229d,1,a1b7386ab8874fdfa5801040fa4d6fb1,deced16151ed4b67bf4a4c27efbc3e4e,2017-11-15 23:14:38,39.01,8.5
c46f05d33f4c46a8892bb136561582de,1,3996b5d268bb4dbd957ed7053e057f2f,deced16151ed4b67bf4a4c27efbc3e4e,2017-11-29 05:14:38,60.45,9.11
c46f05d33f4c46a8892bb136561582de,2,7744a4f1e8d7478e9ab0f72f1f6f0a42,deced16151ed4b67bf4a4c27efbc3e4e,2017-11-29 05:14:38,45.9,8.5
c46f05d33f4c46a8892bb136561582de,3,247a877f459840c682eaa718a49e97bd,deced16151ed4b67bf4a4c27efbc3e4e,2017-11-29 05:14:38,31.52,8.5
cd0f9b103c8f42a187cd5c8e8507ce9e,1,fc0238c296234b3390fb70edcae4db67,deced16151ed4b67bf4a4c27efbc3e4e,2017-11-19 03:14:38,110.92,14.06
f75a3f3e5ba745cb907f236e5617b229,1,0b20ad599efc43358c6ef1ed32f7a290,deced16151ed4b67bf4a4c27efbc3e4e,2017-11-24 16:14:38,554.83,73.93
1453df9f0fb04e9a82e0057c5a1a60cf,1,541b2c2168e348518c982cccca8f1fe7,deced16151ed4b67bf4a4c27efbc3e4e,2017-11-25 17:14:38,185.29,35.95
e23bd481da8245379a098a322d6e69a1,1,c60302fe26ce4d91aeedd8f0752b9565,deced16151ed4b67bf4a4c27efbc3e4e,2017-11-13 18:14:38,118.46,18.44
eb1a20e5ec2b4d85a9863f629b96c7a6,1,6ba72f89f95e4036a8dea94f7bbc892f,cca08dbe39bf4ca2b15de9127da77b19,2017-09-12 12:35:29,117.85,17.14
5ace26ccddbf4b38ab2f81dde01e3204,1,57f99facbfba4b16b7bf2ab7a5e3815a,cca08dbe39bf4ca2b15de9127da77b19,2017-09-17 04:35:29,153.31,31.11
60e60d2597264571b0517db0e1d433f2,1,fd4a13ad0dde4974941b9e08bc8e5253,4137f6326e4f4a26bf248c049373a1c1,2017-10-24 10:26:44,1644.31,154.6
9fd158b32cd843b68d2b185594b8f57b,1,cd883bfbcac54639bb545492da061a2d,8672024435ed45178446d3156cc61581,2017-08-19 15:56:45,64.1,13.93
f6a16ca49c554c04930c0697f82b60ae,1,749224c75d024b3b852c0a924eb129cb,6336a9a377df489186262534b1500c1f,2018-06-02 09:12:30,32.87,8.5
f6a16ca49c554c04930c0697f82b60ae,2,1f1b9029351d411ba63ab9314c1c7494,6336a9a377df489186262534b1500c1f,2018-06-02 09:12:30,58.17,8.89
c7e919c4966a4252b27fad29c50631e8,1,b09ced06368543639efee02905ea3f6d,62555478ffbd4a038adf1c0389c7bca9,2017-09-21 17:51:07,203.28,41.71
20dd4518c67c4407af045fe3a77c358d,1,0eeaaf0ec94a4541ad472945a44b349e,62555478ffbd4a038adf1c0389c7bca9,2017-08-20 22:51:07,50.34,10.43
bbb2d59b1a504f9c994aaf53753d6e14,1,a28f4b54b2434175a4871b0463cea289,62555478ffbd4a038adf1c0389c7bca9,2017-09-18 00:51:07,85.64,10.74
fa5f20a273004c148901bcca179aaae4,1,79aa77dc99844a25aa8f37ccdf80fd15,62555478ffbd4a038adf1c0389c7bca9,2017-08-19 05:51:07,29.93,8.5
d840cc213ceb47d9963283f476f480d1,1,5cf17b8d47a64ca59b64117de91e7187,62555478ffbd4a038adf1c0389c7bca9,2017-09-17 05:51:07,209.52,17.57
7d864192d08340dc9341762ebb3ab6d9,1,1d74ad9f319f41019f2c7d17bd2ad97f,62555478ffbd4a038adf1c0389c7bca9,2017-08-17 16:51:07,74.91,12.13
b9d5f0a5c9394ff097396c1a8de0c752,1,1f9599d82ebe4e65a33e000ac6ea3a0e,62555478ffbd4a038adf1c0389c7bca9,2017-08-18 04:51:07,69.35,13.17
1a7489d4873248868932c0eb2ae68e95,1,99328ac30b3140fbb891947a9bd449e8,62555478ffbd4a038adf1c0389c7bca9,2017-09-08 00:51:07,51.86,8.5
0e3b0beda4d04a149276b178439a9342,1,9b0e4ac9dbc84fe68d05e232c0ce2a21,62555478ffbd4a038adf1c0389c7bca9,2017-09-02 14:51:07,45.18,8.5
aca93d8176a746f7aefc6c4f0f533fc9,1,4fe901af6e6c4e40bf2cb198c0b0fc00,62555478ffbd4a038adf1c0389c7bca9,2017-08-16 16:51:07,35.89,8.5
b72734c6272b486cb983792cd03a812a,1,bcddc046e9b2482ab7dffcabae8836de,98aaca71f2e74d35bdca5ecb4dc09c5c,2018-01-02 22:59:06,252.17,44.14
1d98781d98d14bd992246ea76b483e7d,1,c1a0e608a06648f7a69c96b5544a1fe9,f0533ac9ad0447228bf6f1676e5f8a40,2018-08-02 00:24:13,44.38,8.5
ae78d81096584e1b9435dc5ac3429860,1,dc6b2dfa2adc4005bccf4cbbfc02465c,f0533ac9ad0447228bf6f1676e5f8a40,2018-06-29 05:24:13,12.35,8.5
192be1f219de4ad6a1a2579715bcf4cc,1,3c59bc636fba490087e6bcedb3ff1187,f0533ac9ad0447228bf6f1676e5f8a40,2018-06-11 05:24:13,185.47,31.0
39aa2e961c6f481690e0c17ee542cfbb,1,85d0f4a744904c8a872e1eb354feab1f,1431416fe9754e3f974d382d5c252a1e,2017-11-01 17:39:16,196.33,33.18
27f72447e0e34e59850ad5107fe640b8,1,48ed0f2b65f540069d15b27aece1c29e,604b66971ebf4d9690752e185c6f2b80,2018-06-11 10:32:41,118.93,21.01
984b96b142804b7eb371e467fbd7fc2a,1,ece5b6f83445415398b9ace9d683d0cf,dceb7b6257304b37a9f9728f6a907cee,2017-12-20 03:19:48,26.32,8.5
ef88b9876b4a4224bb4309c528cbda78,1,bcddc046e9b2482ab7dffcabae8836de,89aae99a556a489a9a76775674a9c431,2017-12-29 21:35:50,93.66,17.77
55d399a0045e48e1991901be2cd050d9,1,a05ffd4e8e394819a1fa8bbcf565e91f,89aae99a556a489a9a76775674a9c431,2017-12-23 15:35:50,27.31,8.5
55d399a0045e48e1991901be2cd050d9,2,9cd1490631c1488ca9c7d9c7257b8cba,89aae99a556a489a9a76775674a9c431,2017-12-23 15:35:50,83.48,11.77
55d399a0045e48e1991901be2cd050d9,3,392057b0eaee419c8e94fa5fd571fa04,89aae99a556a489a9a76775674a9c431,2017-12-23 15:35:50,58.16,8.5
c13650c0d3d54f6596c0a1c00eaa0bbd,1,1410bf6121ce4596b3b816b73707b1d2,89aae99a556a489a9a76775674a9c431,2018-01-31 05:35:50,451.91,45.05
c13650c0d3d54f6596c0a1c00eaa0bbd,2,9bd68970c30e41e5a18bf0558ef98252,89aae99a556a489a9a76775674a9c431,2018-01-31 05:35:50,324.03,34.38
e8df3867eac1460ebf2c715a0f490507,1,153c8ef2900c4b70b0fdf5256634d1e8,89aae99a556a489a9a76775674a9c431,2018-01-24 20:35:50,68.33,11.75
e8df3867eac1460ebf2c715a0f490507,2,bb9d03f6364a4774b1366571761a1abd,89aae99a556a489a9a76775674a9c431,2018-01-24 20:35:50,165.14,29.83
fc1450a3298d410ea3297537c5f3c386,1,21b0ef4da02b4587bddc16e39134f380,89aae99a556a489a9a76775674a9c431,2018-01-04 05:35:50,176.7,28.18
1baa479e6d52490d8ac8557d68ac1044,1,c3e270e47ec74ded97785e00f4fcd9f2,2fa8557ae5f44622a2ab81adab0c16dd,2018-02-21 13:32:10,97.54,16.9
e6904f63cdc24cd39750da30edb35830,1,716847bd0fd54313aeeb1673a80d2d9a,2fa8557ae5f44622a2ab81adab0c16dd,2018-02-01 08:32:10,86.23,15.47
7c7278cdce10431a857f1f64e7a70d85,1,d9280330a1db4619a5c4335d07453f58,2fa8557ae5f44622a2ab81adab0c16dd,2018-02-05 16:32:10,53.15,9.34
40fe7ef6217a4b3798002750f5234535,1,82da95fbfed54b53b256b3f9f828cf45,2fa8557ae5f44622a2ab81adab0c16dd,2018-02-07 13:32:10,257.54,25.92
40fe7ef6217a4b3798002750f5234535,2,40964d8120a84310b63c950dc3d57324,2fa8557ae5f44622a2ab81adab0c16dd,2018-02-07 13:32:10,58.02,8.5
d2003c1527f34342a61d5a327ed55afd,1,dff9b448e44d43c3be6feedcba9fa453,2fa8557ae5f44622a2ab81adab0c16dd,2018-03-22 10:32:10,98.27,14.29
705cd73a41eb4dd3b8cb0e2b6ad8592c,1,4fe901af6e6c4e40bf2cb198c0b0fc00,2fa8557ae5f44622a2ab81adab0c16dd,2018-02-13 17:32:10,109.69,11.35
9293c951677c4ebd9e65434d2ac684d0,1,3e3b7d826ad44deea34f842895cbedc8,2fa8557ae5f44622a2ab81adab0c16dd,2018-02-22 23:32:10,114.63,10.51
9293c951677c4ebd9e65434d2ac684d0,2,9aab70096b5449ef860fb6d51b6134f6,2fa8557ae5f44622a2ab81adab0c16dd,2018-02-22 23:32:10,194.42,29.31
44fc6e8939f94fb4bd3be9d7159d5417,1,3390031116204573ae379aa053b2a2e9,2fa8557ae5f44622a2ab81adab0c16dd,2018-03-11 21:32:10,32.97,8.5
5f1cacb0a2c043bbb18f67250bb04fab,1,1e192f6fc4d94cf7b4d44dca05a19600,2fa8557ae5f44622a2ab81adab0c16dd,2018-02-11 03:32:10,19.83,8.5
968ccab384df4daca42782cb88d809e3,1,68abbb31633c4080920275afe293abdd,2fa8557ae5f44622a2ab81adab0c16dd,2018-02-04 16:32:10,8.38,8.5
5ff42924c0d94ad095cd9e62a1d67a1e,1,01c9f138dde247a0a23aceed2050e42b,2fa8557ae5f44622a2ab81adab0c16dd,2018-02-01 13:32:10,189.28,17.36
0f7bb67da4e349429c6f629e585f33a5,1,5c871f3f35ef42808fecbcb3e6f549d8,2fa8557ae5f44622a2ab81adab0c16dd,2018-02-04 14:32:10,42.94,8.5
b03d51bfcca94294994be19b5277c28c,1,2be4cbda60654334b93171e3a2a9b989,2fa8557ae5f44622a2ab81adab0c16dd,2018-02-27 10:32:10,110.48,9.99
b03d51bfcca94294994be19b5277c28c,2,4d5f747d841145c583309c90cc159d97,2fa8557ae5f44622a2ab81adab0c16dd,2018-02-27 10:32:10,56.27,8.5
4052436cc971415f8c1186c4c5451bc8,1,571d5ed2f68246f2b85ab4b024a43cfb,2162fdefe36a426cbbcd662b12b7aa02,2017-11-09 01:20:43,158.02,23.74
10093d7e137e477d8dd0ff58f10c58a9,1,9aab70096b5449ef860fb6d51b6134f6,2162fdefe36a426cbbcd662b12b7aa02,2017-11-21 08:20:43,14.1,8.5
d9020a1920004c4dbf55606b3bf4e1b0,1,cfc2acdea8024b2590f6caae280d5b4b,2162fdefe36a426cbbcd662b12b7aa02,2017-11-16 07:20:43,166.18,24.74
db05264aa1ae4c4da4937a94ae96d684,1,ca03971415be42f6843ba67d06ce0fbe,2162fdefe36a426cbbcd662b12b7aa02,2017-12-08 08:20:43,309.96,41.84
2ed6f7c54f1842d3849e256e24605d00,1,86a137bacde64f33a230e776df0fa93f,2162fdefe36a426cbbcd662b12b7aa02,2017-11-10 16:20:43,161.66,20.35
2ed6f7c54f1842d3849e256e24605d00,2,3a422dbdaebc426d974617f87830a28f,2162fdefe36a426cbbcd662b12b7aa02,2017-11-10 16:20:43,39.84,8.5
8ff3f221d7ed489490e0912e596f5ad2,1,f4cd089973224c358bcf638f9df76987,0651e4a56ba04b67a2cedb4e9c572f51,2018-04-15 15:57:19,62.37,10.18
68b22458fbc84b6ebf9a59745c861a47,1,adda9673971b41ee84e60264b6aa33b2,0651e4a56ba04b67a2cedb4e9c572f51,2018-04-22 17:57:19,60.71,8.5
68b22458fbc84b6ebf9a59745c861a47,2,7682cebd7d68400290ee742d6aab9dbd,0651e4a56ba04b67a2cedb4e9c572f51,2018-04-22 17:57:19,28.79,8.5
68b22458fbc84b6ebf9a59745c861a47,3,0ab9e8a5d9fd415b958c5479d0476934,0651e4a56ba04b67a2cedb4e9c572f51,2018-04-22 17:57:19,17.68,8.5
0c367db5ca5242ab9571f9cbf940ec77,1,e10480b761024d3e945c00312d9fd615,0651e4a56ba04b67a2cedb4e9c572f51,2018-04-03 21:57:19,42.07,8.5
0e908e8c032440ac9b63c6e933560272,1,15a1ec56faf44c9dba8768ebeaa37027,0651e4a56ba04b67a2cedb4e9c572f51,2018-04-16 10:57:19,127.55,10.76
8d47622ebd364df692e434b46cb09cc8,1,ec30306b6268459a8ee60035387407e7,41970702ef154853bca27ed017529778,2018-01-10 01:14:20,75.83,10.33
8d47622ebd364df692e434b46cb09cc8,2,e10480b761024d3e945c00312d9fd615,41970702ef154853bca27ed017529778,2018-01-10 01:14:20,123.32,11.01
e1a85f70679d42398c903564e958ed3a,1,8a396819e6344340ac61e8939c84580c,41970702ef154853bca27ed017529778,2017-12-28 22:14:20,82.21,8.5
8d52e2cb734142d7b6ebd46f6b3b124e,1,e648e0824baf40ec9f193e307b16c81f,41970702ef154853bca27ed017529778,2018-01-01 02:14:20,67.45,13.06
8d52e2cb734142d7b6ebd46f6b3b124e,2,2d402d763ad64299b09745ad6214d9f3,41970702ef154853bca27ed017529778,2018-01-01 02:14:20,99.68,15.88
f82cd9d38ff64cb3bf1ca0d0a55d71c8,1,44522e39746f48879e471599bc532a6a,41970702ef154853bca27ed017529778,2017-12-25 20:14:20,48.36,8.5
1b9b5aa2b21149ab9ab0bdfad290cd3e,1,beb6a77ba3e74d40ba332dfeae24db5c,d2909b79f54b431dbe5ae99b8f9e9183,2018-05-20 13:23:14,258.65,54.73
7cf8bb9baadc4393acfea65c2194aa34,1,d7b6ca3aeb4e45c39dccfc9ef9fda4d1,d2909b79f54b431dbe5ae99b8f9e9183,2018-05-21 22:23:14,46.14,9.82
0738ec4b10d24150b70e1cdfb08af1ff,1,a079193ea0924f6dbba68e122f5aaeb5,d2909b79f54b431dbe5ae99b8f9e9183,2018-06-28 14:23:14,141.19,20.48
72d8216e23584baa95c256020fa55e2b,1,f6a52733c953480bbc68d4a00e8ed1da,2af7f54b146e4cb19ee6d875c4b3e278,2017-12-20 16:09:34,72.31,8.5
d76a2f6824284bad87c47a20159929a7,1,26b37b94486041df85df9521f84121ec,2af7f54b146e4cb19ee6d875c4b3e278,2017-12-12 14:09:34,17.17,8.5
d76a2f6824284bad87c47a20159929a7,2,55a59dd923c64c3abae95621cc8a187f,2af7f54b146e4cb19ee6d875c4b3e278,2017-12-12 14:09:34,253.9,36.3
d76a2f6824284bad87c47a20159929a7,3,0f30784df72e4d53aa4949c24ce9f8b9,2af7f54b146e4cb19ee6d875c4b3e278,2017-12-12 14:09:34,41.17,8.5
16283b9d52464375925604f9258ea9ed,1,4d5f747d841145c583309c90cc159d97,2af7f54b146e4cb19ee6d875c4b3e278,2017-12-19 04:09:34,45.03,8.5
38eb8b105d5a41fd90b0ec4efcc8c95c,1,dcefdd62b9a844beaded92040e431692,2af7f54b146e4cb19ee6d875c4b3e278,2018-01-01 22:09:34,135.52,20.42
6b49e631ede94c1d9b2e3dbdf47926fe,1,aafe2eadad47445184cf6af00fe91a99,2af7f54b146e4cb19ee6d875c4b3e278,2017-12-10 04:09:34,30.34,8.5
0b36325a865d47b2af0b3f23bdbf1af3,1,b22f7e6866c0428187a6c02307b27e8a,2af7f54b146e4cb19ee6d875c4b3e278,2018-01-16 15:09:34,57.86,10.22
0b36325a865d47b2af0b3f23bdbf1af3,2,66746c1c3d9d475e96cdfe48b82d6818,2af7f54b146e4cb19ee6d875c4b3e278,2018-01-16 15:09:34,173.25,20.35
f4a7279266cf4f2a95c9070c65a4edf0,1,377d0c1cb8c74bf89a73766c10c8353e,2af7f54b146e4cb19ee6d875c4b3e278,2018-02-12 21:09:34,67.27,8.5
25e0e006e345435a8de641da71ee4cb6,1,06c82ae9b9384ca3b9590eb82e3e351e,bdd1fec4ea1f4959856fd5ae5a90193b,2018-01-29 10:19:10,122.18,22.17
22100c23664547c981bb1b73055bb380,1,6e9670c39e694a0289db579ac1bc4d00,bdd1fec4ea1f4959856fd5ae5a90193b,2018-01-09 05:19:10,44.81,9.19
a19531bbf41145ea85edc59414fe8347,1,52c696da9573428e917bfdded6025a8e,bdd1fec4ea1f4959856fd5ae5a90193b,2018-01-23 23:19:10,40.98,8.5
cc20899537704c3bbd3aa9a3b185641e,1,ad0bc024ee50446e8b8fc9909678e7d0,bdd1fec4ea1f4959856fd5ae5a90193b,2018-01-09 17:19:10,92.53,9.16
4d1cf89cd8a742eaa5ad3955c7670dd0,1,8907742ffd0e4c13a65bc14747664c18,bdd1fec4ea1f4959856fd5ae5a90193b,2018-01-15 12:19:10,278.97,50.55
b439e85c64ef4e6d8ca426c40d1e590f,1,d03ce3ba416841918fee35eeb1719a74,bdd1fec4ea1f4959856fd5ae5a90193b,2018-01-12 16:19:10,43.7,8.5
b439e85c64ef4e6d8ca426c40d1e590f,2,bb9d03f6364a4774b1366571761a1abd,bdd1fec4ea1f4959856fd5ae5a90193b,2018-01-12 16:19:10,56.34,8.87
cc8d242a223945c285f21e0cde65dfe6,1,191eeed8159e411ea7b7d0143555ae45,bdd1fec4ea1f4959856fd5ae5a90193b,2018-01-18 17:19:10,20.96,8.5
cc8d242a223945c285f21e0cde65dfe6,2,94c5832c7a4f4d4ab591f284476ff8bd,bdd1fec4ea1f4959856fd5ae5a90193b,2018-01-18 17:19:10,28.66,8.5
cc8d242a223945c285f21e0cde65dfe6,3,686c24682d344473ad82eb9f8a96e1be,bdd1fec4ea1f4959856fd5ae5a90193b,2018-01-18 17:19:10,60.27,11.83
eba5f7986fa54d29aff7fda9570d0e47,1,a6c7607b39664b649fa5cfd5aea5dbc8,595d9e7d8bbc490b82397be54ebadd50,2018-06-23 22:42:09,150.22,29.94
ddf9037ae2774893b5b6c3b0cc32b906,1,2be4cbda60654334b93171e3a2a9b989,595d9e7d8bbc490b82397be54ebadd50,2018-07-01 11:42:09,198.73,17.54
201760b44d3e40dba1eb7f34dfa9ba0f,1,6008cf7f38304a07a5db5fd167d9a582,595d9e7d8bbc490b82397be54ebadd50,2018-08-28 02:42:09,330.29,35.5
76ac9dda106e4f2d8dfe1dcc2e8c93c4,1,95de75afaf174ac19e27442887369880,595d9e7d8bbc490b82397be54ebadd50,2018-06-18 03:42:09,63.56,12.2
9037a777851c46bba3b808001d76c85e,1,ff976c8d8c294c0fbc46489d8d29abbd,595d9e7d8bbc490b82397be54ebadd50,2018-06-11 03:42:09,71.9,8.5
5379589fb6b241ffb32b0b37229ae98f,1,6ee213734d9f451fa501a36f457ba0c6,595d9e7d8bbc490b82397be54ebadd50,2018-07-10 06:42:09,41.72,8.5
053500583c7a4b97aadcac5fd6700296,1,1cd7ea7106664ab3b82841a986286df3,595d9e7d8bbc490b82397be54ebadd50,2018-06-27 04:42:09,127.65,11.6
56068f22f7ae46e79db007138e154739,1,67385bc1efce47d0a52483e5afcb2056,3a61dfdb5faf4289939ebbc84c6742ac,2018-06-28 12:34:42,25.18,8.5
352819128cbb472fbf1cedb993b946b6,1,58aa2de3269b41038b506f05b4878599,3a61dfdb5faf4289939ebbc84c6742ac,2018-05-28 17:34:42,53.39,8.5
119b1025f6d14a15885f4fd511e1d30c,1,27df63dbf6f8439289cbf40e034cb4b4,3a61dfdb5faf4289939ebbc84c6742ac,2018-05-31 07:34:42,54.66,8.5
119b1025f6d14a15885f4fd511e1d30c,2,39c19114ad1049e086879ea89adfe462,3a61dfdb5faf4289939ebbc84c6742ac,2018-05-31 07:34:42,83.77,8.5
119b1025f6d14a15885f4fd511e1d30c,3,d4a3eb3c66a24845887d4512b70e2b9f,3a61dfdb5faf4289939ebbc84c6742ac,2018-05-31 07:34:42,256.33,24.5
c36b95287b33439d9f899cb790c2a549,1,0aea9db47c7e4fafbe6cc45f27ba19da,3a61dfdb5faf4289939ebbc84c6742ac,2018-05-25 10:34:42,66.36,13.69
4cb6868aafa04467b3f32801b1bb051a,1,7744a4f1e8d7478e9ab0f72f1f6f0a42,3a61dfdb5faf4289939ebbc84c6742ac,2018-05-26 11:34:42,73.08,10.97
e19126bdd18649d9ac6c8a03ba11ec53,1,229761920631421a91d4a2ba381917f6,3a61dfdb5faf4289939ebbc84c6742ac,2018-06-04 07:34:42,27.62,8.5
e19126bdd18649d9ac6c8a03ba11ec53,2,e45f4834a5354c71a28a2d4998add40b,3a61dfdb5faf4289939ebbc84c6742ac,2018-06-04 07:34:42,112.34,23.26
11ec745b14ff4bff8ac96d6e2358c02c,1,82da95fbfed54b53b256b3f9f828cf45,3a61dfdb5faf4289939ebbc84c6742ac,2018-05-26 13:34:42,49.75,8.5
c8ae60a939b04beb955188ad163e4266,1,624e23f9f4ad4ec686d41a843a381c1b,3a61dfdb5faf4289939ebbc84c6742ac,2018-06-08 03:34:42,128.09,16.86
a7ab77f18329494fb528b7e4f33ec575,1,953c34dff9884496a6ced1eb2aec8a4d,3a61dfdb5faf4289939ebbc84c6742ac,2018-06-10 18:34:42,96.65,19.69
32b013399f94453680580fb46ffe0846,1,5bc2ec3494f34f0091a8b2f95cb4aba4,3a61dfdb5faf4289939ebbc84c6742ac,2018-06-19 09:34:42,61.98,12.67
f80312983b76436db68fc0352a929390,1,99328ac30b3140fbb891947a9bd449e8,3a61dfdb5faf4289939ebbc84c6742ac,2018-05-26 10:34:42,127.35,10.65
cac444207bb34319af156b9ed34ae03d,1,1dbf26c3a0b04e0c86b401c6eea46bbc,3a61dfdb5faf4289939ebbc84c6742ac,2018-07-01 06:34:42,90.3,19.24
99ada44d730d42338c37d04be9d4083f,1,e3e66dd509b94f68b92dad2356588683,3a61dfdb5faf4289939ebbc84c6742ac,2018-06-11 19:34:42,122.17,22.51
06dd34906e14425ab4d6ce52a36a0209,1,1d74ad9f319f41019f2c7d17bd2ad97f,3a61dfdb5faf4289939ebbc84c6742ac,2018-05-26 10:34:42,91.38,16.73
1b7558b1dadf4fe3b2cb5d153b041618,1,c75e3a1d0f5e41e4a2fc7eb45cd4eec4,08b90b01e0eb4f5aa4b89573fb9ebe2a,2017-10-03 00:42:34,289.16,39.86
c23f82163ead4de0ad758543df2a002c,1,9ed1e9afad3a4e93890eb654e82f672e,db55c491e3a0471280d746f1c8e058b1,2017-11-13 00:35:19,50.16,10.04
2d8175769a204959851357ffe3e3c5bc,1,06c82ae9b9384ca3b9590eb82e3e351e,db55c491e3a0471280d746f1c8e058b1,2017-11-27 07:35:19,222.4,18.94
c3c84cb4a0984309b94234255f4e477e,1,db913f0310b9428da1f36c3d75f9ac67,db55c491e3a0471280d746f1c8e058b1,2017-11-03 15:35:19,542.45,49.74
464141aa184a40e19f7ea3f381b90855,1,b6f172788ba84bd3a46112ee0649db5c,db55c491e3a0471280d746f1c8e058b1,2017-11-04 18:35:19,92.37,9.18
33fee3c33b50472e8ea2da916548c878,1,6cb2c63fefdd48539a52bde3d3e68722,db55c491e3a0471280d746f1c8e058b1,2017-11-13 17:35:19,49.54,8.5
b715c2d4902347dc93461a20af9b92fb,1,03b42f610af04cd7a50a430bf26a43ad,c289e92911ac4bdca2b4c4c2e37fa4ca,2017-10-23 19:16:52,44.14,8.55
fcae65987d4b4878ae4fe7df409c9172,1,319a8a9a5da24575b64c77d1564407c5,c289e92911ac4bdca2b4c4c2e37fa4ca,2017-10-19 06:16:52,80.27,16.82
a128f84be3424733a0ac58d45286044e,1,1f1b9029351d411ba63ab9314c1c7494,c289e92911ac4bdca2b4c4c2e37fa4ca,2017-10-30 07:16:52,126.29,22.52
b88ae41a723e43bc854694b65ec77b97,1,cd8bbcae3e8f4197affe5248f219d4d1,c289e92911ac4bdca2b4c4c2e37fa4ca,2017-10-27 18:16:52,27.4,8.5
6161b8f7d0d445fdae9ef9e4e5e31c17,1,d7b6ca3aeb4e45c39dccfc9ef9fda4d1,c289e92911ac4bdca2b4c4c2e37fa4ca,2017-11-08 09:16:52,29.58,8.5
3a1436fe0eb349198f69e335abd92f8b,1,750f4a1dc60b4d3a9cc5c9f8df4d751f,e3fe94f46a514514883fddb5646c831b,2017-12-23 19:53:18,29.55,8.5
3a1436fe0eb349198f69e335abd92f8b,2,5c9185172c2140c1826a701785de5804,e3fe94f46a514514883fddb5646c831b,2017-12-23 19:53:18,235.47,46.47
a9106c3050ab4b8dacd9d8bc46162d44,1,de62d1f284754351aeadac61b5e6a412,dd4518baba81484ab00685ac4aef85af,2017-12-05 06:28:42,440.83,49.02
611b19000b95468fa1b5f660f81d51a0,1,2eda80d07720485094c030af6efe4698,dd4518baba81484ab00685ac4aef85af,2017-12-11 03:28:42,40.42,8.5
8a400d85394349079c8480bd1602cd7a,1,a77532f141d343edacc64d6e9e8bb45c,dd4518baba81484ab00685ac4aef85af,2017-12-06 16:28:42,107.3,22.5
8a400d85394349079c8480bd1602cd7a,2,86a137bacde64f33a230e776df0fa93f,dd4518baba81484ab00685ac4aef85af,2017-12-06 16:28:42,227.29,41.73
a1b00652e99a4a00b7cf501eb4c0a22f,1,515c774d67d84e0c82b85e2fb43838d4,dd4518baba81484ab00685ac4aef85af,2017-12-10 12:28:42,147.43,20.81
debe27eb5a6a4881ab759b1edc4508e5,1,bbcbc06913f1417f96ef1a242969be9a,dd4518baba81484ab00685ac4aef85af,2017-12-08 17:28:42,32.38,8.5
55b8a9542e1f4f75ab32e335a8ca3e0a,1,4ce2f134095f493c95c47cbbf7f26618,dd4518baba81484ab00685ac4aef85af,2017-12-10 13:28:42,122.29,23.84
028be07272f54babae7bca084d0356b5,1,ebb3db69c4cb4c45a6c75ef4c9055d60,dd4518baba81484ab00685ac4aef85af,2017-12-25 10:28:42,108.02,13.36
4ef198e6e5394c8ea39c8a449cf60583,1,b09ced06368543639efee02905ea3f6d,dd4518baba81484ab00685ac4aef85af,2017-12-05 23:28:42,499.34,59.0
765c98031f7f4902a5b8512997708e3b,1,2f55a58a8e2b4ab8a9db45c62c4fc31c,dd4518baba81484ab00685ac4aef85af,2018-02-21 08:28:42,75.8,15.05
75455d39270f40878f94fe27257dc3cf,1,ac46a1f7bf9346d9b2e7f3938b31e2f3,dd4518baba81484ab00685ac4aef85af,2017-12-08 05:28:42,17.44,8.5
f5418b1b38f24034aa3f896fd3c76ef8,1,58aa2de3269b41038b506f05b4878599,4ee12640043840aeab18b06152d32e61,2017-10-01 19:06:21,61.24,8.5
d4dd9ba6313d4ea8b74b3a7f51bf77aa,1,cc8fab6f2489469790d44d1983d5846e,4ee12640043840aeab18b06152d32e61,2017-09-30 16:06:21,68.32,8.5
5579792f3a414abaa5ab27360606649f,1,c04a694415134dd5b7a9929fa078397e,4ee12640043840aeab18b06152d32e61,2017-10-11 17:06:21,118.5,23.5
a56489087de2444e9d346b961daaf1b4,1,00f84dba5aa1491781ecaf85fb02ce0a,4ee12640043840aeab18b06152d32e61,2017-10-07 05:06:21,24.3,8.5
a56489087de2444e9d346b961daaf1b4,2,771afaf297bf4f23946122984e7cf274,4ee12640043840aeab18b06152d32e61,2017-10-07 05:06:21,38.27,8.5
64c85a687abf4a769f91965c31b793ec,1,a01fb9b5f8c849f0837ebe2182325f7d,4ee12640043840aeab18b06152d32e61,2017-09-27 12:06:21,174.5,35.37
64c85a687abf4a769f91965c31b793ec,2,f6a52733c953480bbc68d4a00e8ed1da,4ee12640043840aeab18b06152d32e61,2017-09-27 12:06:21,168.33,33.61
64c85a687abf4a769f91965c31b793ec,3,9575a543b57e4a6eb3f5e1040bcf2306,4ee12640043840aeab18b06152d32e61,2017-09-27 12:06:21,216.2,34.92
083d5deaf0ca4e2b826b34b6b2764007,1,340613b5186944ef82aaa28d22ae79ec,d37587c4f6fb4e779469ccc77583e57e,2018-04-02 22:32:53,62.69,8.5
64ba6c7b47034701b6a1096fa4386104,1,9861f4e896514572ab99af82fbcc8f1b,d37587c4f6fb4e779469ccc77583e57e,2018-03-31 17:32:53,39.88,8.5
d8144fd58c8c4f72bb37871e8cf8312c,1,7f8acccd1c4d46b3bc92716ce746dc1d,d37587c4f6fb4e779469ccc77583e57e,2018-05-04 21:32:53,75.43,12.27
ba0978aa027a4252a7eeb849a88a607d,1,16a0be45d45744228ac74b60550b5038,d37587c4f6fb4e779469ccc77583e57e,2018-04-09 20:32:53,71.86,13.54
0b05bc6ebf83400987a522f9a8b788ea,1,5d18c287f65b4b2ea07ea09e9263d6ab,d37587c4f6fb4e779469ccc77583e57e,2018-05-19 13:32:53,31.21,8.5
3bf111beb4144d8d9f82dbb4dc3710f8,1,95de75afaf174ac19e27442887369880,d37587c4f6fb4e779469ccc77583e57e,2018-05-04 10:32:53,18.62,8.5
64a30a75fd0e42e2a26234b5cee92682,1,3ddb170c40c64e95abcc7c4182834807,d37587c4f6fb4e779469ccc77583e57e,2018-05-07 19:32:53,63.02,10.69
825753da8f9c42c88bca0aa14a0b1c0b,1,2a6e031560a943528a4e27f86eea0e9f,d37587c4f6fb4e779469ccc77583e57e,2018-05-10 21:32:53,39.52,8.5
401119e331494ecfbb90e353295ff682,1,7f01511a193c418c98eea890e389600a,d37587c4f6fb4e779469ccc77583e57e,2018-03-31 00:32:53,124.18,21.85
30daccd02bfb42cda6a293cdc825fc50,1,3ebe7980495e4f38b4798b1aa2876881,d37587c4f6fb4e779469ccc77583e57e,2018-05-06 16:32:53,19.17,8.5
3c64cc4a3c18416ca5a6bd6e91f72b0c,1,4d5f747d841145c583309c90cc159d97,fde4043e7a1843c781c2c4ec3fb08c6e,2017-09-20 23:47:41,78.78,12.0
007755e191414cc5af3607710b8585fb,1,5d18c287f65b4b2ea07ea09e9263d6ab,fde4043e7a1843c781c2c4ec3fb08c6e,2017-08-31 20:47:41,32.18,8.5
cabe743aae9444a8a11ae675c12983e3,1,71ad43201b4f4e76a93f689056b93878,fde4043e7a1843c781c2c4ec3fb08c6e,2017-11-02 05:47:41,36.56,8.5
cabe743aae9444a8a11ae675c12983e3,2,ac14520beded4bd6a61146acb40ba7c9,fde4043e7a1843c781c2c4ec3fb08c6e,2017-11-02 05:47:41,67.96,9.38
c71fb76af8654256a19263baf087d1f2,1,5cf17b8d47a64ca59b64117de91e7187,fde4043e7a1843c781c2c4ec3fb08c6e,2017-09-03 10:47:41,517.93,66.14
6f34948a0e294788b774c3a335d3509e,1,2b34daf6daf544b0ba8151173ccecbd3,fde4043e7a1843c781c2c4ec3fb08c6e,2017-09-20 14:47:41,53.63,8.5
6f34948a0e294788b774c3a335d3509e,2,929b2eaf900e41a5a8383573ac38534e,fde4043e7a1843c781c2c4ec3fb08c6e,2017-09-20 14:47:41,91.72,10.99
9616dcee1f2d4dadb78e7b7a94863fd8,1,1f1b9029351d411ba63ab9314c1c7494,fde4043e7a1843c781c2c4ec3fb08c6e,2017-09-14 04:47:41,142.0,14.69
67c5e576464149c28efdaf2aa6f9f19a,1,a01fb9b5f8c849f0837ebe2182325f7d,fde4043e7a1843c781c2c4ec3fb08c6e,2017-09-18 20:47:41,51.93,8.5
d79153f754c44e9abbba2d6fca12eef7,1,4e15671b8a0f4a9eba6cd5b8e3e7a969,fde4043e7a1843c781c2c4ec3fb08c6e,2017-10-19 01:47:41,43.61,8.5
d79153f754c44e9abbba2d6fca12eef7,2,377d0c1cb8c74bf89a73766c10c8353e,fde4043e7a1843c781c2c4ec3fb08c6e,2017-10-19 01:47:41,56.71,8.71
d79153f754c44e9abbba2d6fca12eef7,3,28f634b62d4043e0aac44f369ded1390,fde4043e7a1843c781c2c4ec3fb08c6e,2017-10-19 01:47:41,57.35,8.5
8be706f3855e4d71b805879b80b8c9ef,1,4ce2f134095f493c95c47cbbf7f26618,1a8f662cf3ff47dd98992a40a41738e9,2018-03-08 20:38:49,25.81,8.5
b554498aecc542fe920bcf136bcd4906,1,4cdc171f1cec4c25ad225be00ee5f139,1a8f662cf3ff47dd98992a40a41738e9,2018-02-04 17:38:49,151.13,22.27
31b6994d87a9418f9db4e6ab686e1d9b,1,6031067340d545f7a106ee4acb6e04bc,1a8f662cf3ff47dd98992a40a41738e9,2018-02-17 09:38:49,80.15,14.01
31b6994d87a9418f9db4e6ab686e1d9b,2,90544dc6746941f58f07d486698a4975,1a8f662cf3ff47dd98992a40a41738e9,2018-02-17 09:38:49,71.48,10.77
31b6994d87a9418f9db4e6ab686e1d9b,3,bce8cabe25544f9a975c5ed7925357a2,1a8f662cf3ff47dd98992a40a41738e9,2018-02-17 09:38:49,49.59,8.5
c2905b1aa4264bfc932f4c25c4eec09c,1,01bb08862f774c17b03d0e94b05898a8,1a8f662cf3ff47dd98992a40a41738e9,2018-02-12 00:38:49,53.85,10.37
702bb2a592734526a503c0ad026cfb62,1,b4c530d9a0ac4f42806f601db3383bd1,3828ab7fcb5446a6b72df54569f000a0,2017-06-27 10:12:22,177.41,29.22
702bb2a592734526a503c0ad026cfb62,2,af69c9ef5eb04c02832f6dd88c552805,3828ab7fcb5446a6b72df54569f000a0,2017-06-27 10:12:22,113.5,10.47
4a8c16261613404ab57e19c43f06370c,1,f62befaca12149e284e2c60d13145f30,3828ab7fcb5446a6b72df54569f000a0,2017-08-09 02:12:22,48.89,8.59
996967d486244402b8c7909cd860cdb1,1,85d0f4a744904c8a872e1eb354feab1f,0b368b46c7d34d0e9e735d31332494e0,2018-01-05 01:46:42,65.64,11.91
513a2d9beb9f45f3b2f922663c11ab85,1,25a634ed47bb4877a9f38985821d410b,0b368b46c7d34d0e9e735d31332494e0,2018-01-06 15:46:42,53.89,8.5
513a2d9beb9f45f3b2f922663c11ab85,2,2384d9dddd8540b89d07e8405d7a07db,0b368b46c7d34d0e9e735d31332494e0,2018-01-06 15:46:42,184.4,23.58
f6bc83f510934a18af5b5f6174d89753,1,a262cb1e95674ef1b89fe3431e81bacd,0b368b46c7d34d0e9e735d31332494e0,2018-01-10 12:46:42,45.49,8.5
ae8209f067d545dbb785b4b5cc1e0970,1,929b2eaf900e41a5a8383573ac38534e,0b368b46c7d34d0e9e735d31332494e0,2018-01-15 06:46:42,79.91,10.09
38ca104810ff4c89938110769ef21086,1,2a22fed13bad4ce091c5bad7f4c4e8c9,0b368b46c7d34d0e9e735d31332494e0,2018-02-02 06:46:42,30.13,8.5
793dcf5055834aea96511052da23f45b,1,229cfb6742c0499b84f4fe14a27642f7,0b368b46c7d34d0e9e735d31332494e0,2018-01-10 04:46:42,50.43,8.5
5dc0ae255e4c4c208483f71a7db9d4ef,1,70d1d567263a4ffca71c57a40b569ac0,0b368b46c7d34d0e9e735d31332494e0,2018-01-25 07:46:42,40.83,8.5
355dbbd4b4ca42538ff36a3c804dac88,1,e3e66dd509b94f68b92dad2356588683,0b368b46c7d34d0e9e735d31332494e0,2018-02-07 07:46:42,216.32,28.37
892ba5e5b0d449f0b4c202e413c35087,1,1f1b9029351d411ba63ab9314c1c7494,0b368b46c7d34d0e9e735d31332494e0,2018-01-06 09:46:42,370.07,70.3
c0e87937cc2c4ed797c0653a9272e23b,1,07759cda858a4a7daead2ca1731c814b,0b368b46c7d34d0e9e735d31332494e0,2018-01-08 00:46:42,703.99,98.91
19aecb0c63a94fc0860f0ca0d3320284,1,3f20e603d93d4f21a89cca8a4622fa17,0b368b46c7d34d0e9e735d31332494e0,2018-02-08 00:46:42,27.03,8.5
d96336bee3c045599fd456306dc07be0,1,67cb04732359425baec1a3235e704580,5c65247bc1314326b02fd3ceb9be4116,2018-02-04 09:30:48,69.64,9.83
c14dbfaeedca457eb002ee9f12cdc14a,1,541b2c2168e348518c982cccca8f1fe7,50fade9a50fd476b9daabce201af8933,2018-05-30 11:43:49,37.12,8.5
ec2b224b76c043198a34946d294de87c,1,aac0cdcff44547ec928f26aeab7cdfda,50fade9a50fd476b9daabce201af8933,2018-05-21 12:43:49,29.41,8.5
4a13e8d96e8a457f84b56d3c1e9c08fd,1,655d7c5e5af84e83ac444c0c7a81e6fe,50fade9a50fd476b9daabce201af8933,2018-05-27 23:43:49,40.43,8.5
4a13e8d96e8a457f84b56d3c1e9c08fd,2,ba9f574784c74426aab098f3c5e5b024,50fade9a50fd476b9daabce201af8933,2018-05-27 23:43:49,160.16,20.55
4a13e8d96e8a457f84b56d3c1e9c08fd,3,df94395e3bc64b5592139fe3b58d3ffd,50fade9a50fd476b9daabce201af8933,2018-05-27 23:43:49,82.57,8.5
0f0984b6432a4799ab711ae34ccc029d,1,25a634ed47bb4877a9f38985821d410b,50fade9a50fd476b9daabce201af8933,2018-07-20 09:43:49,39.62,8.5
85f2fc5f58414ae3bbf8ecd0f4b48a32,1,3390031116204573ae379aa053b2a2e9,e068cd57fc28450f8223e62e0d157f97,2018-03-05 12:12:42,41.47,8.5
bd7703a723a54ca4b81a6f30340d89af,1,b83171b482b6445bba44533309768e90,a2953e11077d43e3be5ab32ee235d350,2018-06-03 06:28:54,14.19,8.5
bd7703a723a54ca4b81a6f30340d89af,2,216b5a662f174cc38aa091fc9a805eb4,a2953e11077d43e3be5ab32ee235d350,2018-06-03 06:28:54,101.25,17.72
bd7703a723a54ca4b81a6f30340d89af,3,73e3c3884fe649cdab8fd4d6cda22bef,a2953e11077d43e3be5ab32ee235d350,2018-06-03 06:28:54,143.14,23.97
9fdcbb82ae794690adb790e842d4c760,1,cf81570bac254a92b191693ad0a5cd12,a2953e11077d43e3be5ab32ee235d350,2018-05-26 06:28:54,238.55,52.47
aebe4f7f4deb4a019904794cfdead8eb,1,ac14520beded4bd6a61146acb40ba7c9,a2953e11077d43e3be5ab32ee235d350,2018-06-13 01:28:54,64.43,8.5
8ccc38663c5e4ae384396277b7b78abf,1,ba9f574784c74426aab098f3c5e5b024,a2953e11077d43e3be5ab32ee235d350,2018-05-25 12:28:54,108.08,13.23
8ccc38663c5e4ae384396277b7b78abf,2,b319a48045484e1d89b008aa30c5d13f,a2953e11077d43e3be5ab32ee235d350,2018-05-25 12:28:54,211.38,45.86
8ccc38663c5e4ae384396277b7b78abf,3,7744a4f1e8d7478e9ab0f72f1f6f0a42,a2953e11077d43e3be5ab32ee235d350,2018-05-25 12:28:54,4.72,8.5
d941e0191a6044e3a61c1d11f2c08a35,1,1c8fcfb9f392471abc2ac13537f7ea2a,a2953e11077d43e3be5ab32ee235d350,2018-06-04 03:28:54,388.84,57.98
ea73dd6888d744f2acd9752da8fbf7f7,1,6c7af5e24af6424c960282f49ac9b498,38d0fdba3212424c9140ab32aa2ea32b,2017-09-10 23:35:38,60.18,8.93
48826ffb4cab4cb0b01b2baea6da6206,1,e2415014d9b447d8b7a8f9fdc534d4f7,38d0fdba3212424c9140ab32aa2ea32b,2017-10-07 22:35:38,263.26,37.7
d709fe59671846a0b65fef0c074b5952,1,ac14520beded4bd6a61146acb40ba7c9,38d0fdba3212424c9140ab32aa2ea32b,2017-09-20 16:35:38,69.38,12.92
fcc8fbefb0504bd8aafccc0ec1b0450f,1,3f1f42b8148c4616995f65dc85f5e585,0919be1882d94d6d82c4a311ff6ca15f,2017-10-06 17:07:55,131.17,11.55
0aac5d90804342c69470d3564cf4e9d2,1,078c371130c840a5b2de58d3a0519dc1,0919be1882d94d6d82c4a311ff6ca15f,2017-09-26 18:07:55,52.4,10.27
b2141908ca55466ebe178c2a8c96cda3,1,ec30306b6268459a8ee60035387407e7,0919be1882d94d6d82c4a311ff6ca15f,2017-10-17 23:07:55,493.47,85.97
c2db42853fab44aeb182a7a44a511941,1,a262cb1e95674ef1b89fe3431e81bacd,0919be1882d94d6d82c4a311ff6ca15f,2017-09-27 05:07:55,135.18,11.05
6235ad6a88f24d0e9bc9e01e0736dc8a,1,fa0f9f7aab4a495ca25cc380ae74e14f,0919be1882d94d6d82c4a311ff6ca15f,2017-10-05 10:07:55,18.6,8.5
3fe966e943f0426e8748be84043ae19b,1,a64eb1d52054427f9e16a2a8f3b32f68,0919be1882d94d6d82c4a311ff6ca15f,2017-10-09 03:07:55,103.43,13.27
4eb20c0828534387b93366912f94b537,1,49f3cfa7ec9f4664a9f68b384c88dd4a,0919be1882d94d6d82c4a311ff6ca15f,2017-12-26 08:07:55,159.59,21.7
b655ccc7edf14a8f8929641582765869,1,52c696da9573428e917bfdded6025a8e,0919be1882d94d6d82c4a311ff6ca15f,2017-09-30 18:07:55,403.24,83.48
7b9bcffe7bff4417a405f1f1f9d350a4,1,b83171b482b6445bba44533309768e90,c72cf014ada84c8fb08c4ecabc18b5d3,2017-09-13 15:05:18,34.09,8.5
7b9bcffe7bff4417a405f1f1f9d350a4,2,5bcf6abb234f4fcaac9a71a21ca4e56b,c72cf014ada84c8fb08c4ecabc18b5d3,2017-09-13 15:05:18,200.48,35.48
ccb7fd672ae04cc2b1385385f0023c07,1,cf2a23e593f547b289fb5264a64d8dcf,c72cf014ada84c8fb08c4ecabc18b5d3,2017-09-09 12:05:18,166.42,26.35
c7893f73bc4b45a1b6fa6738a3c22733,1,a46fead64df34795be6d16b5deef27d2,c72cf014ada84c8fb08c4ecabc18b5d3,2017-09-28 00:05:18,73.41,13.54
ccd6e8ec7a3b4ccabdf4f32dc0fdcfc0,1,c08e1d5ffa8a4bf3a16c0d1371c80440,bd79f6d9f9434d669b57d62ebe05c0f4,2018-06-28 02:16:48,26.01,8.5
6077be39e4524231a9250f258e62dc89,1,392057b0eaee419c8e94fa5fd571fa04,bd79f6d9f9434d669b57d62ebe05c0f4,2018-06-27 04:16:48,80.36,16.14
5619329c2c67458d887def4c8ced1e8c,1,cf2a23e593f547b289fb5264a64d8dcf,bd79f6d9f9434d669b57d62ebe05c0f4,2018-07-10 01:16:48,185.88,40.48
826e0acf8beb43beb91c07afc256b0e7,1,b8dd8735e30f419eb9a8254b69866021,bd79f6d9f9434d669b57d62ebe05c0f4,2018-06-25 22:16:48,22.89,8.5
450921249b1a43559150a7e84ddd1e3c,1,30c48493f9544740b55fd8b6080b2b4c,bd79f6d9f9434d669b57d62ebe05c0f4,2018-07-15 13:16:48,46.63,8.5
21f4abf705b848e59e3af438b8041b67,1,14264f74e0194082bb4d36c761037b2f,2a0ecf3451dc45749b4f7154f18fa8ae,2017-09-04 05:34:40,59.89,8.5
2b6aacafc45f4a70a05f1468d87a8666,1,a4f4f5cb7b674dccab197bccbe55ee3e,2a0ecf3451dc45749b4f7154f18fa8ae,2017-09-25 10:34:40,48.31,8.5
4c78fc739cd74efb80c967499ea8790d,1,65cce69bb1584ce0aeebcb0c8726641b,2a0ecf3451dc45749b4f7154f18fa8ae,2017-09-02 22:34:40,228.47,25.46
49bb5f6dcb434e0e9750169ed39929f4,1,624e23f9f4ad4ec686d41a843a381c1b,2a0ecf3451dc45749b4f7154f18fa8ae,2017-09-02 21:34:40,160.87,28.83
959b6c97413a45d6933c7d8d7376a893,1,5bc2ec3494f34f0091a8b2f95cb4aba4,2a0ecf3451dc45749b4f7154f18fa8ae,2017-09-04 10:34:40,133.49,21.21
0af91e78553c4c999b5e595b1fa43c1c,1,48ed0f2b65f540069d15b27aece1c29e,86b241623f5b4cdfaf36b66534c8ca1e,2018-05-11 15:00:11,129.69,27.47
02e1112d869844b0a9417b9739d92e04,1,2eda80d07720485094c030af6efe4698,bf7a49af813245bb81b1200e366fab2a,2017-09-02 03:37:43,42.18,8.5
38e43fa4857149e88e34716295324c23,1,94c5832c7a4f4d4ab591f284476ff8bd,bf7a49af813245bb81b1200e366fab2a,2017-09-05 15:37:43,95.9,9.12
d9360ef2c8fc4232af94c2f89fa3aee1,1,75475305a17744c687e89c2021d846f4,bf7a49af813245bb81b1200e366fab2a,2017-09-07 06:37:43,147.83,21.49
60d938a1f0f14c8f8790af698dda8d1d,1,686c24682d344473ad82eb9f8a96e1be,bf7a49af813245bb81b1200e366fab2a,2017-08-31 04:37:43,107.29,20.78
b8e2ed6b31fb4b0985a7c321bd61cac0,1,5c871f3f35ef42808fecbcb3e6f549d8,354721c067dd4cfaaed855d5b851298d,2017-08-20 13:01:09,58.04,8.5
d182d47533534353bbf88720b01c8522,1,61a2499f10b44667bd97007735a44def,354721c067dd4cfaaed855d5b851298d,2017-08-24 13:01:09,67.72,8.76
d182d47533534353bbf88720b01c8522,2,25a634ed47bb4877a9f38985821d410b,354721c067dd4cfaaed855d5b851298d,2017-08-24 13:01:09,119.78,15.85
d182d47533534353bbf88720b01c8522,3,7d5e4f3573b04ed894398fb67afdbc05,354721c067dd4cfaaed855d5b851298d,2017-08-24 13:01:09,48.6,8.86
d4e7290833354adc99f5bcd4939719dc,1,2d3d7ed96b8049ff9b4af5d88c11c79e,354721c067dd4cfaaed855d5b851298d,2017-08-10 19:01:09,65.5,12.57
d4e7290833354adc99f5bcd4939719dc,2,2061966b66424545a7644928b0686526,354721c067dd4cfaaed855d5b851298d,2017-08-10 19:01:09,48.1,8.5
2056abd535e84dae99365b54809b5c4f,1,d9382339b69d4b4cbc17e601844a6990,fca7aa16a89e4f1c9b82fb759ccec7ce,2017-08-07 00:15:15,263.92,29.17
e2f954d557dd4729ac491acf559b7c97,1,d35f192bee104404ad77f6922acf6a65,fca7aa16a89e4f1c9b82fb759ccec7ce,2017-08-04 03:15:15,16.76,8.5
5f9a70280b554ab2893d1c7edf2dc103,1,42f99711a8f346f6a3415542e8c6b1e0,fca7aa16a89e4f1c9b82fb759ccec7ce,2017-08-07 00:15:15,54.83,8.5
f82b6aa386c24f498121486a7dd96603,1,fe6b6f57dd92406fb14f08e03acdce4e,fca7aa16a89e4f1c9b82fb759ccec7ce,2017-08-19 07:15:15,67.17,11.87
9c175e88590a47cdbca2583f7aacc291,1,b6f172788ba84bd3a46112ee0649db5c,b23a284642724c54828735e2ef6d0c44,2018-02-11 15:12:55,124.29,21.89
a87d6c3e7f1a4162a877ddfee8ddafbb,1,cd1254f416eb40dda405182ed9ddc941,b40a81e7f02a421abdbd2cc7a3b6ff05,2017-08-25 22:57:55,17.8,8.5
8c92afad32d84e899382f5423dc4f891,1,9bd68970c30e41e5a18bf0558ef98252,b40a81e7f02a421abdbd2cc7a3b6ff05,2017-08-21 21:57:55,85.28,14.76
489d293f1c274c3bba2216cb35a6f301,1,b4905ddb15ea403c93551b2318b1b59e,b40a81e7f02a421abdbd2cc7a3b6ff05,2017-08-25 07:57:55,55.78,10.41
489d293f1c274c3bba2216cb35a6f301,2,6bc33349c5b742a491b88b94e0c7efa9,b40a81e7f02a421abdbd2cc7a3b6ff05,2017-08-25 07:57:55,188.37,27.84
1863520ff84143afb7445e716d0df728,1,2b723a1da0224c1293233a46781c95fe,b40a81e7f02a421abdbd2cc7a3b6ff05,2017-08-28 10:57:55,104.38,11.69
2ba47556e7dd4bfea393fed3f55d726c,1,07cc96ee293f40658456b7e42c6838e7,e50a218e64394536b813dd5f6f8d12c7,2017-12-24 17:49:53,34.25,8.5
e8e94ce51c944ddca34e0563f34f86f6,1,6ac464a17d004e169877753600cab6cf,02f175c6e86a41f5815934a74c9bfb0e,2018-07-10 17:21:28,405.44,33.01
e8e94ce51c944ddca34e0563f34f86f6,2,a400d2923c364fc09552795d7c296747,02f175c6e86a41f5815934a74c9bfb0e,2018-07-10 17:21:28,171.86,37.26
fcb69982619c4252a67bbd2abeb0f22f,1,df94395e3bc64b5592139fe3b58d3ffd,02f175c6e86a41f5815934a74c9bfb0e,2018-08-02 02:21:28,46.16,8.5
fcb69982619c4252a67bbd2abeb0f22f,2,5c9185172c2140c1826a701785de5804,02f175c6e86a41f5815934a74c9bfb0e,2018-08-02 02:21:28,105.21,22.97
fcb69982619c4252a67bbd2abeb0f22f,3,6e9670c39e694a0289db579ac1bc4d00,02f175c6e86a41f5815934a74c9bfb0e,2018-08-02 02:21:28,51.47,10.12
15cf6a6d11384b6db672722f8ca47c2d,1,8d46d80d53a94081984e1d83be0e87f5,02f175c6e86a41f5815934a74c9bfb0e,2018-06-24 18:21:28,32.42,8.5
221f730b83fb49e5a3b9036545d0bac0,1,d7b91173a4414251bf6472db36964ef2,02f175c6e86a41f5815934a74c9bfb0e,2018-07-12 13:21:28,111.91,14.33
221f730b83fb49e5a3b9036545d0bac0,2,3ddb170c40c64e95abcc7c4182834807,02f175c6e86a41f5815934a74c9bfb0e,2018-07-12 13:21:28,34.45,8.5
742d0152b1744488b966091a2087c6cf,1,af64ff2205c4402fa819de9842d6ddd7,13169d2aa9284b24a484e82dcc63d56e,2018-08-01 14:40:03,28.82,8.5
d8cfad25d32a4592875326002436e027,1,a74b6c251ba04a068ef7335cdb72d094,493594e252134caaabcba6145d6c0b7b,2017-11-18 09:34:28,71.05,10.21
d8cfad25d32a4592875326002436e027,2,90544dc6746941f58f07d486698a4975,493594e252134caaabcba6145d6c0b7b,2017-11-18 09:34:28,86.22,12.4
b61f0d826e0948538ca1e4c318922c74,1,a05ffd4e8e394819a1fa8bbcf565e91f,493594e252134caaabcba6145d6c0b7b,2017-12-11 06:34:28,105.95,21.07
c65992931ba54188bb125740426b0661,1,247a877f459840c682eaa718a49e97bd,493594e252134caaabcba6145d6c0b7b,2017-11-13 19:34:28,91.08,9.33
67897a8d83344597951a19a10196630e,1,0ab9e8a5d9fd415b958c5479d0476934,b14067c63e1f46a7a70ae488f47ff823,2018-01-22 19:12:52,316.72,56.95
67897a8d83344597951a19a10196630e,2,c04a694415134dd5b7a9929fa078397e,b14067c63e1f46a7a70ae488f47ff823,2018-01-22 19:12:52,33.05,8.5
67897a8d83344597951a19a10196630e,3,9d570150c01f49ba9bae173c65ed539c,b14067c63e1f46a7a70ae488f47ff823,2018-01-22 19:12:52,59.16,8.6
78f8daabba2b474faa987837aef76830,1,a236c251881a4629b0a236ead07b77ab,b14067c63e1f46a7a70ae488f47ff823,2017-12-22 16:12:52,88.73,12.07
abe5235fad204d1e8bbc04c83265c811,1,2951c695e4004ad995f57dd1ea27215c,b14067c63e1f46a7a70ae488f47ff823,2018-01-08 16:12:52,39.5,8.5
db260632a9304555b2dfe569d696de65,1,37c3fc17d27f40d5aaba7fbf8e3ff943,b14067c63e1f46a7a70ae488f47ff823,2018-01-08 07:12:52,123.86,15.59
7ba2e66ee9aa4aafa366b4bb3e87253a,1,7f01511a193c418c98eea890e389600a,b14067c63e1f46a7a70ae488f47ff823,2017-12-28 21:12:52,68.75,8.5
7ba2e66ee9aa4aafa366b4bb3e87253a,2,1a918f08e1784107916f2bd51c08cf18,b14067c63e1f46a7a70ae488f47ff823,2017-12-28 21:12:52,76.79,8.98
7ba2e66ee9aa4aafa366b4bb3e87253a,3,039fc89d205a4e0980b92bda277ec290,b14067c63e1f46a7a70ae488f47ff823,2017-12-28 21:12:52,28.92,8.5
5bf43e203be845d7980b6f25433e5475,1,a2e390036377413eb7ece7c0913928f3,b14067c63e1f46a7a70ae488f47ff823,2017-12-25 13:12:52,41.92,8.5
5bf43e203be845d7980b6f25433e5475,2,2a22fed13bad4ce091c5bad7f4c4e8c9,b14067c63e1f46a7a70ae488f47ff823,2017-12-25 13:12:52,65.49,13.32
5bf43e203be845d7980b6f25433e5475,3,e43f17059c6c45b686ef911deb55a897,b14067c63e1f46a7a70ae488f47ff823,2017-12-25 13:12:52,29.63,8.5
4b5a7069b4b94c5e9d7187d473f472d6,1,e5a9ab53deef4434a9e5c480159813c3,b14067c63e1f46a7a70ae488f47ff823,2017-12-21 13:12:52,246.3,50.1
ec561fab10f948b58cdffa5620286ef0,1,dc6b2dfa2adc4005bccf4cbbfc02465c,b14067c63e1f46a7a70ae488f47ff823,2017-12-25 21:12:52,243.73,31.33
4aa30e3d0ffa4bc4bb29291ba49100ee,1,96c5a6d6d9af4a429e0169be133f4584,b14067c63e1f46a7a70ae488f47ff823,2018-01-10 17:12:52,47.09,8.5
4aa30e3d0ffa4bc4bb29291ba49100ee,2,7c88cbb90cac43acbe50ca2290985c7b,b14067c63e1f46a7a70ae488f47ff823,2018-01-10 17:12:52,418.3,71.6
dc5ef0476de24c68ae3b139b56b921f3,1,59f4d8b4a4fb46cca1e9ddb0a575674c,b14067c63e1f46a7a70ae488f47ff823,2017-12-28 21:12:52,63.77,8.5
0436fff8c2c643748635c4d3fa20e3fb,1,6e9670c39e694a0289db579ac1bc4d00,a3055952387a4f32afa0821e3df9e484,2017-10-14 02:31:44,48.1,8.5
e275ecb780134184b245dabc9f3f80de,1,3996b5d268bb4dbd957ed7053e057f2f,de997863194549178a8748ff670ed340,2018-03-31 00:45:08,31.0,8.5
3a794481ae5a4b6fb5e9a9d7d1f58130,1,2d3d7ed96b8049ff9b4af5d88c11c79e,de997863194549178a8748ff670ed340,2018-03-28 00:45:08,20.19,8.5
937183c740484e7fb9db7133938116b3,1,01a2e162e71d4baebcb561917f105188,de997863194549178a8748ff670ed340,2018-04-02 14:45:08,308.15,65.36
bda52114a492465d8b5ff1c23d9084c0,1,3d2395310b39420d93bc59faa3af7755,de997863194549178a8748ff670ed340,2018-04-12 07:45:08,18.96,8.5
5b03e7952ff142749bda3c2f48ce71b1,1,a400d2923c364fc09552795d7c296747,de997863194549178a8748ff670ed340,2018-04-28 14:45:08,64.79,11.05
ff97d1fe34564eecb26ed96f2f448e82,1,3a422dbdaebc426d974617f87830a28f,de997863194549178a8748ff670ed340,2018-04-22 16:45:08,154.36,20.46
ed6149ef6e93447d88e532e4dcbf41c1,1,01a2e162e71d4baebcb561917f105188,de997863194549178a8748ff670ed340,2018-04-20 22:45:08,160.27,25.82
ed6149ef6e93447d88e532e4dcbf41c1,2,7c88cbb90cac43acbe50ca2290985c7b,de997863194549178a8748ff670ed340,2018-04-20 22:45:08,64.24,8.5
2940da8812054b31bfcac0163a1cf4c8,1,2951c695e4004ad995f57dd1ea27215c,de997863194549178a8748ff670ed340,2018-04-15 17:45:08,27.69,8.5
e36061e7deb14abe966b24c5d02d7cd4,1,c133b30e95e740219d61b66446d0ff97,de997863194549178a8748ff670ed340,2018-04-07 01:45:08,12.6,8.5
49d05bfb32454c3fae668243d7d2e3f1,1,1c456e659155442a83a9605fa921949a,de997863194549178a8748ff670ed340,2018-03-26 21:45:08,41.8,8.5
0df8b24d4d364e4783682776f0ced326,1,d587586329d648f98ccd97955d3f2d7a,de997863194549178a8748ff670ed340,2018-04-18 01:45:08,77.9,12.23
1661b2a5fe9a4afb88df1366b5d78a3b,1,db41ceb2c29e41ae99b7e65ddd753e22,de997863194549178a8748ff670ed340,2018-04-16 14:45:08,35.55,8.5
78696da68e0941c09e70a9bc9c78f68c,1,26e5eab1121d46f98c4a56560f17674a,de997863194549178a8748ff670ed340,2018-04-05 00:45:08,49.54,8.5
199cd42750ed4119aba6bbd207e1db9f,1,52c696da9573428e917bfdded6025a8e,de997863194549178a8748ff670ed340,2018-03-24 11:45:08,89.35,17.64
8539415f8b2a44c8b63e57ea29eac18b,1,039fc89d205a4e0980b92bda277ec290,de997863194549178a8748ff670ed340,2018-04-06 11:45:08,121.32,18.34
23ce3c35b23840199733be3ac7a9ce2e,1,a3e945bd0c314476bd5efc2930b82c77,6732af0469164bacb22a13ef5a6d6e3c,2018-05-18 09:22:55,56.42,8.5
23ce3c35b23840199733be3ac7a9ce2e,2,a2a678b833b049368cb5c35a8536b4ca,6732af0469164bacb22a13ef5a6d6e3c,2018-05-18 09:22:55,39.85,8.5
ee60599d66c84aaf9e9fed4177fb47cb,1,69debee402154e28bf12862dae3e4efc,acbd36c8bcd24e2e82a9fa5bf41647f0,2017-11-23 01:26:05,18.01,8.5
ea1b255bfd1b454b81cb34fc4217e6de,1,8850552a3bdd4b7c98681c38867f549d,acbd36c8bcd24e2e82a9fa5bf41647f0,2017-12-07 14:26:05,94.84,8.5
82466c2b9f1c48ce8342f5e1e62445ef,1,e648e0824baf40ec9f193e307b16c81f,acbd36c8bcd24e2e82a9fa5bf41647f0,2017-11-12 03:26:05,49.13,8.5
878af984a8e440f0aa850da34a98c82b,1,ac05f7781b784483b4f09e7ae73cc7c0,acbd36c8bcd24e2e82a9fa5bf41647f0,2017-11-16 03:26:05,68.7,10.27
ff64a18df1764c9898fc1f73880ee6b5,1,599693169a8c46398daad3b4cd656065,acbd36c8bcd24e2e82a9fa5bf41647f0,2017-11-10 01:26:05,11.7,8.5
0ca614b5fed643caaa58083328515899,1,d0ab61a2f8ae49e98ab5b664e157b11c,acbd36c8bcd24e2e82a9fa5bf41647f0,2017-11-15 16:26:05,20.22,8.5
139abd42be4245bdb0e58aee549185f8,1,ac14520beded4bd6a61146acb40ba7c9,acbd36c8bcd24e2e82a9fa5bf41647f0,2017-12-13 04:26:05,10.64,8.5
0d04ec79eb964676b3054cbdf8b24b9b,1,ecd9ef0722434060ae2ecbef12603d42,acbd36c8bcd24e2e82a9fa5bf41647f0,2017-11-23 00:26:05,43.63,8.5
9f6332d5a52044af85e9caae7a2ef821,1,535eb6e517404b89a642254ed4e3be96,acbd36c8bcd24e2e82a9fa5bf41647f0,2017-12-13 00:26:05,162.11,33.46
0d01701bc02c4003b636f7afa9c26c40,1,4029dd9bf6664ff688fa31bb83020f5b,acbd36c8bcd24e2e82a9fa5bf41647f0,2017-11-13 19:26:05,135.3,24.99
1ab743859ab54dde89e8acffa7119be3,1,655d7c5e5af84e83ac444c0c7a81e6fe,acbd36c8bcd24e2e82a9fa5bf41647f0,2017-11-16 18:26:05,102.74,10.83
1ab743859ab54dde89e8acffa7119be3,2,adda9673971b41ee84e60264b6aa33b2,acbd36c8bcd24e2e82a9fa5bf41647f0,2017-11-16 18:26:05,27.37,8.5
4599f204ee4b471d89e7e1141a84a0a8,1,ecd9ef0722434060ae2ecbef12603d42,acbd36c8bcd24e2e82a9fa5bf41647f0,2017-12-17 20:26:05,308.4,55.31
63ff16b15f384dff97297c68233215ee,1,616a0de2321c48d7b22b83c6df5f2dd6,acbd36c8bcd24e2e82a9fa5bf41647f0,2017-11-10 03:26:05,54.14,11.86
fbca710c3e734f16950bc6c9c528b784,1,3a422dbdaebc426d974617f87830a28f,8d937620c178440a9088c462c3e10887,2017-11-29 06:48:01,31.37,8.5
e6d3aedc845e4903ae4606e7a4d8dc7d,1,3fa881852d8547278dfaa9d9e87a7d8c,8d937620c178440a9088c462c3e10887,2017-11-10 07:48:01,72.31,11.5
960bde2f8b2440dbad7a79121b23f150,1,8af77ce1e6ff4869975e196721d470be,8d937620c178440a9088c462c3e10887,2017-12-24 18:48:01,136.76,16.5
e29ed1a12914456381bcb37ea7853435,1,91cc4de8e5234af598538dfa0265fdde,8d937620c178440a9088c462c3e10887,2017-11-11 01:48:01,35.06,8.5
ba481936781a43cbb248cf9061fe4334,1,8f25d229aa104f8cbce897e43685d9c6,8d937620c178440a9088c462c3e10887,2017-11-13 19:48:01,19.04,8.5
2910352273a746deba58fc250aabc9cc,1,75475305a17744c687e89c2021d846f4,8d937620c178440a9088c462c3e10887,2017-11-18 01:48:01,50.48,8.5
935c834638614ea19b6c86d4806172c2,1,5d18c287f65b4b2ea07ea09e9263d6ab,8d937620c178440a9088c462c3e10887,2017-11-13 16:48:01,44.26,8.5
935c834638614ea19b6c86d4806172c2,2,9bf22b4119af42719d5d3cbad44efa43,8d937620c178440a9088c462c3e10887,2017-11-13 16:48:01,122.1,11.77
9b04e980622647e289b236b1e2ed4594,1,17cf70e8054942669347695718ede4c3,8d937620c178440a9088c462c3e10887,2017-11-15 04:48:01,34.19,8.5
bf3f1cde66e84012b20d9b3ca1e87be3,1,88475bb80f7e4b4ba09b1c3750248e94,8d937620c178440a9088c462c3e10887,2017-11-18 15:48:01,78.67,8.5
f6648080289e4b2bbae87172396c12cc,1,6c7af5e24af6424c960282f49ac9b498,8d937620c178440a9088c462c3e10887,2017-11-08 18:48:01,70.03,8.5
f6648080289e4b2bbae87172396c12cc,2,e1090e0f355d45a5be16d137b63ec88f,8d937620c178440a9088c462c3e10887,2017-11-08 18:48:01,63.14,8.5
7c0d9d12ab934ae6a3ce9c496dab42e6,1,6ba72f89f95e4036a8dea94f7bbc892f,8d937620c178440a9088c462c3e10887,2017-11-05 17:48:01,168.87,14.3
fce07c4803cd4a1cbb0d72830b7b304c,1,5c871f3f35ef42808fecbcb3e6f549d8,8d937620c178440a9088c462c3e10887,2017-12-02 08:48:01,93.18,12.39
f9383780d3804af8a0b9c2110d147fd9,1,8f25d229aa104f8cbce897e43685d9c6,8d937620c178440a9088c462c3e10887,2017-11-11 17:48:01,232.21,39.49
8bc77a092775432c92b8ea8f34e974db,1,0b20ad599efc43358c6ef1ed32f7a290,8d937620c178440a9088c462c3e10887,2017-12-30 20:48:01,56.09,8.5
bde6f9f3f6b44e5b94c0f82a6b43f969,1,29075fa5c36f47b09df491d731e1881c,8d937620c178440a9088c462c3e10887,2017-11-06 03:48:01,92.34,18.27
44967bb367134bbb93401de1d09e9b56,1,fa0f9f7aab4a495ca25cc380ae74e14f,8d937620c178440a9088c462c3e10887,2017-11-14 09:48:01,35.42,8.5
9d5aacf46733472ba170962ec6267ed1,1,c0e77397c88b4e998535d316d83486f4,8d937620c178440a9088c462c3e10887,2017-11-10 15:48:01,307.42,43.68
09f1db01a4254a42af8acf7d71cd4966,1,1a918f08e1784107916f2bd51c08cf18,8d937620c178440a9088c462c3e10887,2017-12-06 10:48:01,73.89,9.25
fa2116bc87474d379c89cce17a70b186,1,319a8a9a5da24575b64c77d1564407c5,8d937620c178440a9088c462c3e10887,2017-11-22 20:48:01,140.54,27.31
5353090a8c8445238b878ff5bd07ac35,1,637518c4a8b0450db5949f81b0badb5d,8d937620c178440a9088c462c3e10887,2017-11-14 04:48:01,58.8,10.76
19913ddd984c48e5b6d4a30974485bce,1,1c456e659155442a83a9605fa921949a,41e9987f0b1147c38aa557fd8563a864,2018-03-20 09:25:18,68.4,8.53
6703401857ba4012911846fe80319e43,1,07cc96ee293f40658456b7e42c6838e7,e5f1e24dcf8c4d72b2d3795c2b176433,2017-10-01 04:28:15,81.81,10.76
6703401857ba4012911846fe80319e43,2,abfa441e3f7c43dca9da88ce6c6e2834,e5f1e24dcf8c4d72b2d3795c2b176433,2017-10-01 04:28:15,67.47,9.31
4a8b54f9e9044de0ac304048cd16b878,1,541b2c2168e348518c982cccca8f1fe7,e5f1e24dcf8c4d72b2d3795c2b176433,2017-09-26 14:28:15,61.69,8.5
87cdaa2a1dad40e6822b25a023c650b8,1,aafe2eadad47445184cf6af00fe91a99,e5f1e24dcf8c4d72b2d3795c2b176433,2017-09-30 13:28:15,152.03,27.12
d5db4af4eed44ce78713994a9da100ee,1,a3e945bd0c314476bd5efc2930b82c77,e5f1e24dcf8c4d72b2d3795c2b176433,2017-10-06 10:28:15,64.48,8.5
2602e2dee5504a0fbe3429c5eb6c7c32,1,2f1e0509216a4022907ca3d868d77bf9,e5f1e24dcf8c4d72b2d3795c2b176433,2017-10-01 06:28:15,70.55,14.08
846bc84b9c344ec0bc8e2964d40dfdd8,1,7740e21617cb4d0c9d341ae7196c2bab,e5f1e24dcf8c4d72b2d3795c2b176433,2017-11-01 02:28:15,111.33,13.25
15163835008d48d7b119a969c8715fe7,1,3f130cb3ab2c47c1b539426199050b73,e5f1e24dcf8c4d72b2d3795c2b176433,2017-10-12 09:28:15,117.93,23.69
c17e3530aac54bfd81eb864a26212337,1,9dd492fd3f05453c90f6964d149629b8,e5f1e24dcf8c4d72b2d3795c2b176433,2017-10-16 10:28:15,59.43,8.5
94f4d9f5beb841dfb7fc7c0139d38d42,1,d7b91173a4414251bf6472db36964ef2,e5f1e24dcf8c4d72b2d3795c2b176433,2017-10-07 01:28:15,68.25,13.81
c69a3fac4dae408dadb3f3850703e226,1,4d5f747d841145c583309c90cc159d97,e5f1e24dcf8c4d72b2d3795c2b176433,2017-09-30 09:28:15,72.62,11.15
bb54547072ea434baf5964de1f82d747,1,cf244287bde4492ca54a26c128a52f42,1c81294fcd47454ab4d12ebbfdf04568,2017-10-22 12:02:37,124.13,26.19
7f82d116dd994ae1b267632bb01ac5c3,1,8f44427a731d406dbed23cf0721f1ab3,01c7f311d936423c80afe205f6b1889b,2018-04-21 17:10:38,52.64,10.79
6b21fad5c2aa4b30a85790fd3feff539,1,2c1fbff24c4e49f3b51dff1f719d55e8,01c7f311d936423c80afe205f6b1889b,2018-05-19 17:10:38,456.13,58.49
6b21fad5c2aa4b30a85790fd3feff539,2,5c9185172c2140c1826a701785de5804,01c7f311d936423c80afe205f6b1889b,2018-05-19 17:10:38,37.44,8.5
6b21fad5c2aa4b30a85790fd3feff539,3,3e3b7d826ad44deea34f842895cbedc8,01c7f311d936423c80afe205f6b1889b,2018-05-19 17:10:38,40.09,8.5
6eafc1be44e34c8bb180d58e9f5767e6,1,40964d8120a84310b63c950dc3d57324,184002fa5ac14dde837093dee0ffc4fd,2018-03-03 07:50:17,54.24,8.5
5a93183b92394304b6916c108d648f41,1,71654a466464453e8f801a7f0ef971ae,184002fa5ac14dde837093dee0ffc4fd,2018-02-16 13:50:17,53.93,11.5
4a3838f7900944df995fa4452cfa2abd,1,d7b6ca3aeb4e45c39dccfc9ef9fda4d1,184002fa5ac14dde837093dee0ffc4fd,2018-01-06 23:50:17,78.56,13.95
4a3838f7900944df995fa4452cfa2abd,2,607909810d6f42dea67dcb1aa97b45bc,184002fa5ac14dde837093dee0ffc4fd,2018-01-06 23:50:17,119.73,25.32
4a3838f7900944df995fa4452cfa2abd,3,b17341fa527e46ed81de6238a3da4c3f,184002fa5ac14dde837093dee0ffc4fd,2018-01-06 23:50:17,27.18,8.5
5463b1dad8134afbb63b13d49db83d9e,1,55a59dd923c64c3abae95621cc8a187f,184002fa5ac14dde837093dee0ffc4fd,2018-01-09 01:50:17,119.71,24.85
0ab3b9525d004965a13e3c77ae010ddc,1,e10480b761024d3e945c00312d9fd615,184002fa5ac14dde837093dee0ffc4fd,2018-01-24 02:50:17,291.67,57.77
50168ce7aca348ed93c9e3c559155306,1,1cd7ea7106664ab3b82841a986286df3,184002fa5ac14dde837093dee0ffc4fd,2018-01-29 04:50:17,82.95,9.67
d323eb641463413186dca99031bd9a08,1,686c24682d344473ad82eb9f8a96e1be,2e58b80e839247569a79d5afbc95f54e,2018-05-17 15:08:27,93.59,8.5
d323eb641463413186dca99031bd9a08,2,6b505ee1f3064794969aa74ce3ec5614,2e58b80e839247569a79d5afbc95f54e,2018-05-17 15:08:27,50.64,10.54
daad6cd2f508412cb7f93a83ca2b15a1,1,df94395e3bc64b5592139fe3b58d3ffd,2e58b80e839247569a79d5afbc95f54e,2018-06-11 03:08:27,53.28,8.5
cc02660f13be492d880406883158a421,1,8f44427a731d406dbed23cf0721f1ab3,2e58b80e839247569a79d5afbc95f54e,2018-05-14 23:08:27,143.5,19.12
f51a32c2c3524e73937bca6e96746516,1,8485d83aad3e40829beada2b00c09a14,2e58b80e839247569a79d5afbc95f54e,2018-05-30 17:08:27,142.47,25.63
f51a32c2c3524e73937bca6e96746516,2,01bb08862f774c17b03d0e94b05898a8,2e58b80e839247569a79d5afbc95f54e,2018-05-30 17:08:27,40.31,8.5
b4a5e9fb58dd48aa831a3b9e82833d8c,1,2384d9dddd8540b89d07e8405d7a07db,2e58b80e839247569a79d5afbc95f54e,2018-06-19 18:08:27,72.24,8.5
c9913ffab05545939a472ae16f3ba461,1,afe1bc35a35d401f9ec4aaedc2f7271e,a794e37914694f30a27c0fa266231abd,2017-11-09 17:00:13,37.22,8.5
81720f038a9e4bf5b2b58db479ab91c3,1,e71b9fe33bdb4de1956221a923311cba,a794e37914694f30a27c0fa266231abd,2017-11-14 14:00:13,134.77,20.67
60a8e69c3f564068b2ec1336c1e72c7a,1,79aa77dc99844a25aa8f37ccdf80fd15,a794e37914694f30a27c0fa266231abd,2017-10-24 06:00:13,46.97,8.5
3800db1817cc4e5c840a84f27c675d97,1,578333f3687241f58d0b3caab8021edd,a794e37914694f30a27c0fa266231abd,2017-11-04 05:00:13,251.25,30.28
9f138c027a2b4277b52ab4504dcdaf9e,1,3ebe7980495e4f38b4798b1aa2876881,a794e37914694f30a27c0fa266231abd,2017-11-04 06:00:13,49.19,8.5
9f138c027a2b4277b52ab4504dcdaf9e,2,07759cda858a4a7daead2ca1731c814b,a794e37914694f30a27c0fa266231abd,2017-11-04 06:00:13,96.33,19.2
475aaa281eae461a837aa69de7df3637,1,3e425b5e24f34266af766f5117f8cf65,a794e37914694f30a27c0fa266231abd,2017-10-23 12:00:13,65.03,11.98
2a71be7bb628419fa998be6a34e5a4ac,1,913a44b208b84a8cba5b9756b6781cb7,a794e37914694f30a27c0fa266231abd,2017-10-25 16:00:13,30.55,8.5
192d4685c362410f8a0a85bcf5562a4f,1,fc2067442c5e4c0bb0ac6ca6d42e6f44,a794e37914694f30a27c0fa266231abd,2017-10-27 19:00:13,89.64,18.29
8df76e4fc6c64b6781ab7acd83519da3,1,05a3a1ae2a824b2cae9aa10348b52218,a794e37914694f30a27c0fa266231abd,2017-10-24 09:00:13,554.03,77.92
8df76e4fc6c64b6781ab7acd83519da3,2,22cc83a22731444c8b7ef15b2fa994c1,a794e37914694f30a27c0fa266231abd,2017-10-24 09:00:13,159.74,18.46
3da1d5e8705e4db292f3864e0a396ae4,1,21b0ef4da02b4587bddc16e39134f380,a794e37914694f30a27c0fa266231abd,2017-10-28 01:00:13,44.64,9.51
9408337e2dca41aa929ea5376cb647f0,1,0bc861e3cbaf427b80560c72fea9523e,a794e37914694f30a27c0fa266231abd,2017-10-14 12:00:13,132.21,13.89
2d01c45d04f84dd393a1a12941d30e91,1,0f30784df72e4d53aa4949c24ce9f8b9,a794e37914694f30a27c0fa266231abd,2017-11-27 16:00:13,117.13,10.56
8746fcf736854f8e9d46e34d513831dd,1,458352e852b64d8c8e9c4ec362c74bfc,a794e37914694f30a27c0fa266231abd,2017-10-28 17:00:13,63.05,13.22
8cf4aef15f79478cb21b9b03398aa7a6,1,1c456e659155442a83a9605fa921949a,a794e37914694f30a27c0fa266231abd,2017-12-16 04:00:13,76.25,14.25
8dfa6e16e30a4b039695b21e61229edd,1,e26e46c5858e4d8887c0593bd87afa7b,a794e37914694f30a27c0fa266231abd,2017-12-29 00:00:13,53.41,8.5
508eead901304e3997525bf024fe5dcf,1,cc80be784d794b17a4babc0c5c0a1e33,cfe00450862d40618464fdb3669c3e99,2017-08-16 08:33:47,64.61,8.5
4babaa7620af433388cec341c453f2b7,1,d9382339b69d4b4cbc17e601844a6990,cfe00450862d40618464fdb3669c3e99,2017-08-05 19:33:47,100.06,16.93
1dfe223699a5409ea8de63687991c051,1,44522e39746f48879e471599bc532a6a,5a57a2e3fe5c4b2783204a0d72529f86,2017-07-17 18:51:34,65.1,10.99
ce3def0d8ef14a50b358535818ed48f7,1,26a68f39539e4612b55df3f28c2940a8,bdbb9a3c8e0e4bd3914c183510f9eab7,2017-11-15 23:53:48,83.79,18.02
ce3def0d8ef14a50b358535818ed48f7,2,2384d9dddd8540b89d07e8405d7a07db,bdbb9a3c8e0e4bd3914c183510f9eab7,2017-11-15 23:53:48,121.94,16.39
ce3def0d8ef14a50b358535818ed48f7,3,a74f78331b5c46949db2fb4d8de3dac4,bdbb9a3c8e0e4bd3914c183510f9eab7,2017-11-15 23:53:48,20.53,8.5
65ac29733b154687844a6f3a34172a2f,1,6cb2c63fefdd48539a52bde3d3e68722,9ddc11b4219149139bd62e4e0d8e7abf,2017-12-23 17:55:33,166.61,15.11
8e774ebef6ba4e7c98c890c6a8c9c3bf,1,c7a09223fe16400390fa4f8dbfd7f695,9ddc11b4219149139bd62e4e0d8e7abf,2017-11-06 08:55:33,68.93,14.17
d2d774ec85cc436fbf5e1bdcf5a7025e,1,7682cebd7d68400290ee742d6aab9dbd,9ddc11b4219149139bd62e4e0d8e7abf,2017-11-30 18:55:33,63.31,12.47
0f34b27eaf254d76b910a06a2137ada2,1,6eb4e94770034034af0e2ab526721538,9ddc11b4219149139bd62e4e0d8e7abf,2017-11-13 09:55:33,45.54,8.5
9960355057724b5db56f06ea03ed2e2c,1,ba9f574784c74426aab098f3c5e5b024,9ddc11b4219149139bd62e4e0d8e7abf,2017-11-09 02:55:33,23.67,8.5
422cb55b090c442bb4d8ca18ecea9b55,1,6c858ec275bf4ba188d88edeb3b3b768,9ddc11b4219149139bd62e4e0d8e7abf,2017-11-21 18:55:33,78.44,11.16
522eff14114c49bc934ad59e54dac356,1,cf81570bac254a92b191693ad0a5cd12,9ddc11b4219149139bd62e4e0d8e7abf,2017-11-19 00:55:33,114.07,12.31
1e8e689c5ab347cb8524f051696f3c5d,1,f1c12b5617c5442d86c2934c517de3bc,9ddc11b4219149139bd62e4e0d8e7abf,2017-11-10 22:55:33,39.15,8.5
31efe99185f944d3ad715f02e91876bf,1,e43f17059c6c45b686ef911deb55a897,9ddc11b4219149139bd62e4e0d8e7abf,2017-11-12 15:55:33,127.81,24.53
f43e11af96a247da9bee98cd73f08b80,1,48ed0f2b65f540069d15b27aece1c29e,9ddc11b4219149139bd62e4e0d8e7abf,2017-11-27 16:55:33,157.51,30.7
98b16adc0fcc4b54b38f9484690d0859,1,4a0ccdbece7140f5bc8581b7eee89795,9ddc11b4219149139bd62e4e0d8e7abf,2017-11-07 23:55:33,158.04,27.1
daf02d21a82349b29563a6005e20d7ff,1,c0e77397c88b4e998535d316d83486f4,9ddc11b4219149139bd62e4e0d8e7abf,2017-11-30 23:55:33,106.91,10.63
61dde3bddac94b27ab9d8adfdf771d4e,1,7e98aaa2f21d42bba7ac7008046e5cd2,9ddc11b4219149139bd62e4e0d8e7abf,2017-11-27 19:55:33,24.82,8.5
f916b36ed5ae452483201952b344e230,1,535eb6e517404b89a642254ed4e3be96,9ddc11b4219149139bd62e4e0d8e7abf,2017-11-19 02:55:33,108.74,9.39
9a980a89033540c797ef47a9adb0f9c2,1,013d783eb6e24b3aa8f66bbdcb9354d1,9ddc11b4219149139bd62e4e0d8e7abf,2017-11-19 08:55:33,63.35,8.5
da2f2fd78ff8430fa4792245dc75dca0,1,aac0cdcff44547ec928f26aeab7cdfda,9ddc11b4219149139bd62e4e0d8e7abf,2017-11-18 14:55:33,301.0,34.49
2c2e9fbf33b143d1a988d4bb27fedc2e,1,a64eb1d52054427f9e16a2a8f3b32f68,9ddc11b4219149139bd62e4e0d8e7abf,2017-11-17 18:55:33,157.24,18.1
cf65bf33d05549c3a7d6bc5ad420ba46,1,27df63dbf6f8439289cbf40e034cb4b4,9ddc11b4219149139bd62e4e0d8e7abf,2017-11-06 11:55:33,77.33,16.58
cd2041074aa34f4f93754e1e43cad31b,1,2b723a1da0224c1293233a46781c95fe,9ddc11b4219149139bd62e4e0d8e7abf,2017-12-01 08:55:33,36.64,8.5
e9cc9464ff8249339401513fd4d021c6,1,b319a48045484e1d89b008aa30c5d13f,9ddc11b4219149139bd62e4e0d8e7abf,2017-12-04 02:55:33,36.53,8.5
a96b7fca4676487386c0dfa64de510f6,1,cb4cc6a559fc4437aa9b5be6a60a39c1,9ddc11b4219149139bd62e4e0d8e7abf,2017-11-09 23:55:33,51.56,8.5
46b857cc6ae1453fb2111be790dbec70,1,37c3fc17d27f40d5aaba7fbf8e3ff943,9ddc11b4219149139bd62e4e0d8e7abf,2017-12-18 10:55:33,321.3,36.76
46b857cc6ae1453fb2111be790dbec70,2,30c48493f9544740b55fd8b6080b2b4c,9ddc11b4219149139bd62e4e0d8e7abf,2017-12-18 10:55:33,141.97,23.1
46b857cc6ae1453fb2111be790dbec70,3,9e6b7e3c8516498b986a23f98abd5daa,9ddc11b4219149139bd62e4e0d8e7abf,2017-12-18 10:55:33,95.63,14.55
8f87245e16ea409a92f7cbb9a3f5d7ec,1,0f577f4856044081a067680fd1c38590,9ddc11b4219149139bd62e4e0d8e7abf,2017-11-27 17:55:33,47.13,8.5
8f87245e16ea409a92f7cbb9a3f5d7ec,2,b17341fa527e46ed81de6238a3da4c3f,9ddc11b4219149139bd62e4e0d8e7abf,2017-11-27 17:55:33,100.47,15.01
051022adc35f4c55a606b0c9f468935d,1,6ee213734d9f451fa501a36f457ba0c6,9ddc11b4219149139bd62e4e0d8e7abf,2017-11-12 17:55:33,75.76,11.97
59ecb08c3f6a42e99364b1a601d41376,1,e8020a5073764efca24d5410fd8a0ac7,9ddc11b4219149139bd62e4e0d8e7abf,2017-11-12 21:55:33,111.25,18.47
3f505fe707974e8aa4c284c269507751,1,229cfb6742c0499b84f4fe14a27642f7,9ddc11b4219149139bd62e4e0d8e7abf,2017-11-08 15:55:33,52.48,9.27
7ccbf7bd230c43f8ab81a241e6ec6d1f,1,71ad43201b4f4e76a93f689056b93878,9ddc11b4219149139bd62e4e0d8e7abf,2017-12-04 09:55:33,43.81,8.5
6e945ad9c5464d0c83c23b117786a636,1,247a877f459840c682eaa718a49e97bd,9ddc11b4219149139bd62e4e0d8e7abf,2017-11-15 07:55:33,251.32,33.99
eb95c7870e7a43a1bb299455b6e62906,1,a1ba1bba98c947458fc919a1a339edc9,9ddc11b4219149139bd62e4e0d8e7abf,2017-11-06 23:55:33,174.55,25.86
eb95c7870e7a43a1bb299455b6e62906,2,dd76308e3fd24f1a96e7f100a39def8d,9ddc11b4219149139bd62e4e0d8e7abf,2017-11-06 23:55:33,151.18,22.23
776f68c5453942c2b9ae9a6ade1fd98a,1,96c5a6d6d9af4a429e0169be133f4584,803a2e49e80a446593ef6c412c3d1f02,2017-10-30 21:14:34,136.35,11.0
2f9e12728d824ca9b32360e58c9fe388,1,99ebce5de3184589986a16e8e7961102,803a2e49e80a446593ef6c412c3d1f02,2017-11-03 09:14:34,235.4,44.13
c87a79397ccf47c5b5d5f117cc12402e,1,8188da2e69e94bb8bf1749600cc2d269,803a2e49e80a446593ef6c412c3d1f02,2017-12-15 10:14:34,273.53,25.93
b8d85d0a46264b78ac4b75c7b46a1474,1,468b803d8a394cb2946afd35664209d2,803a2e49e80a446593ef6c412c3d1f02,2017-11-20 08:14:34,49.57,8.5
7d8b78b5222045fdb29dc0a38b7e4a1b,1,43812beab7b64cce97b094cdb2579ec2,803a2e49e80a446593ef6c412c3d1f02,2017-11-13 13:14:34,155.17,32.92
3d3723c2ba46435e9fd711a54ebb1efe,1,2b34daf6daf544b0ba8151173ccecbd3,803a2e49e80a446593ef6c412c3d1f02,2017-10-28 02:14:34,132.8,25.01
3d3723c2ba46435e9fd711a54ebb1efe,2,392057b0eaee419c8e94fa5fd571fa04,803a2e49e80a446593ef6c412c3d1f02,2017-10-28 02:14:34,69.72,9.5
a043330e365e4705b902717ccfa91482,1,8b722edf7dac409b99a57262eefe0510,803a2e49e80a446593ef6c412c3d1f02,2017-10-07 14:14:34,50.35,8.5
e1bed0fe40504788a833661aa5be3d62,1,cc8fab6f2489469790d44d1983d5846e,803a2e49e80a446593ef6c412c3d1f02,2017-10-08 13:14:34,11.17,8.5
ce11b3b83c8d49a2ab3cc6d4feb3b51f,1,a7d18cd824094eddac44b5aafdecba18,803a2e49e80a446593ef6c412c3d1f02,2017-12-20 08:14:34,29.79,8.5
ce11b3b83c8d49a2ab3cc6d4feb3b51f,2,4e15671b8a0f4a9eba6cd5b8e3e7a969,803a2e49e80a446593ef6c412c3d1f02,2017-12-20 08:14:34,177.8,25.67
10416e18963c452da74e84b7b3e28482,1,19ab791503784ed9a8e1233b056cc558,0e15eae9cc03431aa8d8c3d2fb8a73a1,2017-07-18 09:31:30,153.78,17.56
0bd12f23b5e8479b9dbc550734d41be2,1,bbcbc06913f1417f96ef1a242969be9a,0e15eae9cc03431aa8d8c3d2fb8a73a1,2017-07-20 09:31:30,81.66,15.17
522c521d2c4d40e5ba9be67945d4e5db,1,2f1e0509216a4022907ca3d868d77bf9,f7ef167b3c3c4377b7122f70b49a0e9d,2018-03-05 04:52:02,316.76,51.92
55c42eb13faf4ac099e11c617ca40a10,1,4ff9d07885a44814a66af1b6e6c47b14,f7ef167b3c3c4377b7122f70b49a0e9d,2018-03-07 16:52:02,205.77,44.74
5acded29eebe4c8382c031cf345e61ed,1,ed2ebbf84ad84cfe965935ffd2dc1262,f7ef167b3c3c4377b7122f70b49a0e9d,2018-02-21 09:52:02,59.15,8.61
699e80f99ef74d58b4e3364a39b80133,1,1c8fcfb9f392471abc2ac13537f7ea2a,f7ef167b3c3c4377b7122f70b49a0e9d,2018-03-20 13:52:02,30.34,8.5
96715b0a4e104176bba95a424612c0a6,1,ac05f7781b784483b4f09e7ae73cc7c0,f7ef167b3c3c4377b7122f70b49a0e9d,2018-02-17 13:52:02,82.13,12.2
eeb7cb0573874b7dbc0ffb4c2f59961d,1,8f44427a731d406dbed23cf0721f1ab3,f7ef167b3c3c4377b7122f70b49a0e9d,2018-03-06 18:52:02,157.69,26.21
eeb7cb0573874b7dbc0ffb4c2f59961d,2,f1c12b5617c5442d86c2934c517de3bc,f7ef167b3c3c4377b7122f70b49a0e9d,2018-03-06 18:52:02,34.72,8.5
b469ea146c14438eb3d29ca0d1717a33,1,d3b5d812d4ef440a840f95a30f83f83a,f7ef167b3c3c4377b7122f70b49a0e9d,2018-02-24 21:52:02,67.79,13.23
b469ea146c14438eb3d29ca0d1717a33,2,c29e0cc8685e4a30a3a685f2845e388d,f7ef167b3c3c4377b7122f70b49a0e9d,2018-02-24 21:52:02,140.76,30.51
5ce2c2c382584f35bce95473488a8700,1,cfc2acdea8024b2590f6caae280d5b4b,f7ef167b3c3c4377b7122f70b49a0e9d,2018-03-04 22:52:02,155.34,20.8
74d9358a936f4f6bad3194f8e2e7b14e,1,ebb3db69c4cb4c45a6c75ef4c9055d60,f7ef167b3c3c4377b7122f70b49a0e9d,2018-03-06 10:52:02,44.88,8.5
121c44be39fa4c749750ac611a0f5be5,1,b442e6c747084f10a75305f1bec297ba,f7ef167b3c3c4377b7122f70b49a0e9d,2018-04-24 21:52:02,41.54,8.5
6fa2fd96ec41428c95a1ee283869e4ef,1,9914a5ae92574e3da512b327dbfa95be,3d75dd5c773b42859430e998c866a52c,2018-03-20 15:27:24,66.33,14.28
260386444b9a4a5b9b9b060f6a3f2d9f,1,191eeed8159e411ea7b7d0143555ae45,3d75dd5c773b42859430e998c866a52c,2018-03-14 19:27:24,374.17,74.75
121f1f00315144a0867865927bed6679,1,c59fe56ddb8e40359dd9d8c9310a94b5,3d75dd5c773b42859430e998c866a52c,2018-04-23 09:27:24,114.93,19.84
730e9e12bd80412ea2a9b735965b249c,1,5fba940f265743d3a225c79fe8f02ddb,3d75dd5c773b42859430e998c866a52c,2018-04-21 19:27:24,114.56,14.3
3bf6676adc444bb9a92ae09287d76f96,1,84b28376b4ba4472a150eb295c7eea16,9838b70a47b445ea9034ddf6a4a7305e,2018-02-23 13:40:35,38.92,8.5
665b6e2a33944fada103da7b9e914580,1,2d402d763ad64299b09745ad6214d9f3,9838b70a47b445ea9034ddf6a4a7305e,2018-02-05 09:40:35,68.28,14.99
0d3d7102e5f24589b30d0d0a0be0bf39,1,c04a694415134dd5b7a9929fa078397e,9838b70a47b445ea9034ddf6a4a7305e,2018-02-24 22:40:35,313.53,60.6
0d3d7102e5f24589b30d0d0a0be0bf39,2,d1a9a35929fe4fe4a09176b60ac21528,9838b70a47b445ea9034ddf6a4a7305e,2018-02-24 22:40:35,48.24,8.5
f642d75bc18b4723a4f11b2fb4c54418,1,6a3c687674a0484bb01d6cfc862691dd,9838b70a47b445ea9034ddf6a4a7305e,2018-03-08 01:40:35,277.41,26.76
423652451657401e942156685aff6954,1,b28e99d9f585404796c241d4ea67d6c1,9838b70a47b445ea9034ddf6a4a7305e,2018-02-12 01:40:35,225.28,38.48
423652451657401e942156685aff6954,2,571d5ed2f68246f2b85ab4b024a43cfb,9838b70a47b445ea9034ddf6a4a7305e,2018-02-12 01:40:35,141.28,22.72
423652451657401e942156685aff6954,3,42487d80f04e4168b1d3d9386f47fac7,9838b70a47b445ea9034ddf6a4a7305e,2018-02-12 01:40:35,156.53,25.29
46970fa8af21424ab8a31a75a71a2226,1,8a396819e6344340ac61e8939c84580c,9838b70a47b445ea9034ddf6a4a7305e,2018-02-08 08:40:35,22.92,8.5
88d0564b127c4634a82a2430bb2dd84f,1,e1090e0f355d45a5be16d137b63ec88f,9838b70a47b445ea9034ddf6a4a7305e,2018-02-06 19:40:35,228.92,20.29
6fa3ed2cb23245dea8383d583787da64,1,dda1e9d24d764532814ddd7c0c1dc682,9838b70a47b445ea9034ddf6a4a7305e,2018-03-06 14:40:35,159.61,24.6
b181f8e169f84edb90f2fb94c430cb3a,1,88475bb80f7e4b4ba09b1c3750248e94,83a5a4ade3fc41a79d4bfdf3f1e08f63,2018-01-16 14:49:51,78.32,15.27
33d63a33c9a84be5bf0d6bbb6152ab2f,1,6f1796cd339044e0a1662087c3c7ff46,83a5a4ade3fc41a79d4bfdf3f1e08f63,2018-01-06 15:49:51,300.81,62.89
700465ea009d4b8090b426acb72809e5,1,e8020a5073764efca24d5410fd8a0ac7,83a5a4ade3fc41a79d4bfdf3f1e08f63,2018-02-10 04:49:51,106.4,19.63
4535cb0ebdc4449bb6e61c270952bb47,1,9e6b7e3c8516498b986a23f98abd5daa,83a5a4ade3fc41a79d4bfdf3f1e08f63,2018-01-07 21:49:51,43.06,8.5
ef741e74589340a2ba5af5cfe9a1bc8b,1,d35f192bee104404ad77f6922acf6a65,1fb0636dbbae43059a06ae993ae33052,2018-02-17 11:58:22,148.39,27.84
ef741e74589340a2ba5af5cfe9a1bc8b,2,36782f79dcce4664a60a295f096af21f,1fb0636dbbae43059a06ae993ae33052,2018-02-17 11:58:22,79.56,11.78
3e61d8d8fe23476492524154ede55fac,1,a1b7386ab8874fdfa5801040fa4d6fb1,1fb0636dbbae43059a06ae993ae33052,2018-03-12 02:58:22,45.07,8.5
403fe937f9a04c84abca7f4bbee0c023,1,d7f7a77835444c9a82bf993b0ff07367,1fb0636dbbae43059a06ae993ae33052,2018-02-22 19:58:22,62.04,8.5
403fe937f9a04c84abca7f4bbee0c023,2,0827c8523bc0409abb90a3a44a6c39ef,1fb0636dbbae43059a06ae993ae33052,2018-02-22 19:58:22,65.42,11.75
f440ff06210a4964bec93beae1cac428,1,e43f17059c6c45b686ef911deb55a897,1fb0636dbbae43059a06ae993ae33052,2018-02-20 21:58:22,147.67,24.15
f440ff06210a4964bec93beae1cac428,2,6008cf7f38304a07a5db5fd167d9a582,1fb0636dbbae43059a06ae993ae33052,2018-02-20 21:58:22,26.22,8.5
491c1fe07adb4ae88ea168f4c97ceba7,1,bb9d03f6364a4774b1366571761a1abd,1fb0636dbbae43059a06ae993ae33052,2018-03-13 23:58:22,73.33,15.51
3576feb457b642d6ba8a1b989b66b656,1,6cb2c63fefdd48539a52bde3d3e68722,1fb0636dbbae43059a06ae993ae33052,2018-03-25 03:58:22,94.25,8.5
8c77e85946044bf98520ab60f6aabab7,1,7c88cbb90cac43acbe50ca2290985c7b,140a0e46f71d480cb3ed5c97258201a0,2018-02-09 04:39:35,140.0,14.0
f821c22df017408d9a27d785a5b915fd,1,8188da2e69e94bb8bf1749600cc2d269,140a0e46f71d480cb3ed5c97258201a0,2018-01-22 07:39:35,42.85,8.5
b1eb35c619a64f48960a071a7b23b038,1,03b42f610af04cd7a50a430bf26a43ad,140a0e46f71d480cb3ed5c97258201a0,2018-01-31 18:39:35,15.39,8.5
1394ba9fb9f347e381dd4196868f1688,1,0b20ad599efc43358c6ef1ed32f7a290,140a0e46f71d480cb3ed5c97258201a0,2018-02-02 02:39:35,69.57,14.86
d29eb8ec43cc4009824f45ac5601608a,1,b3a0a9c93b714a8ba4bc704322301894,140a0e46f71d480cb3ed5c97258201a0,2018-01-18 19:39:35,97.09,9.12
0fbdcd5bd96f4e3dbfd66842950b06f6,1,953c34dff9884496a6ced1eb2aec8a4d,140a0e46f71d480cb3ed5c97258201a0,2018-03-02 09:39:35,81.26,15.33
fe5f98a355644486a6b906953a81b9f8,1,f1c12b5617c5442d86c2934c517de3bc,140a0e46f71d480cb3ed5c97258201a0,2018-02-03 08:39:35,110.81,24.27
3332467f92f640978393dc48c119c99b,1,ac46a1f7bf9346d9b2e7f3938b31e2f3,037aa6b881384bc6881a57db9eb00a1b,2017-09-05 11:25:19,122.58,26.24
3fad9f80065c40f995b11ab4efb1f977,1,3288edd2dd964011bec543a51b83d404,037aa6b881384bc6881a57db9eb00a1b,2017-06-30 21:25:19,41.68,8.5
dfe3b36f2d6541d19b53d5bab353b69b,1,b4c530d9a0ac4f42806f601db3383bd1,037aa6b881384bc6881a57db9eb00a1b,2017-06-29 17:25:19,52.55,8.5
dfe3b36f2d6541d19b53d5bab353b69b,2,6cb2c63fefdd48539a52bde3d3e68722,037aa6b881384bc6881a57db9eb00a1b,2017-06-29 17:25:19,101.14,18.28
b7c82e14f65149f9b796152c5503e64d,1,a2a678b833b049368cb5c35a8536b4ca,037aa6b881384bc6881a57db9eb00a1b,2017-07-10 20:25:19,256.92,52.34
17d4eebde99e482e9ee5ef1ece965cc9,1,40f004bb3d604a5c9358a041ecf52c56,037aa6b881384bc6881a57db9eb00a1b,2017-07-11 12:25:19,63.51,8.5
c99b6d8fb21747bdbe0b8f1736d21c20,1,5125a8846a194728b1ef141ff25f51d9,037aa6b881384bc6881a57db9eb00a1b,2017-07-13 02:25:19,112.96,24.78
c99b6d8fb21747bdbe0b8f1736d21c20,2,d20158c558f24b3eb2ccb92c69a63827,037aa6b881384bc6881a57db9eb00a1b,2017-07-13 02:25:19,87.29,17.81
da4efee6735a43e4ba357e44495005b4,1,216b5a662f174cc38aa091fc9a805eb4,baf6e7db05384867a3b0fa10decaf70e,2018-05-15 11:03:29,191.27,36.91
b34b3a1f0e5a48928e423f4fc12ced80,1,6b68d013d3e24fb9873f565995cb22f0,baf6e7db05384867a3b0fa10decaf70e,2018-06-17 02:03:29,286.65,38.61
366b95a424ce4c659de224e1fe664971,1,5bc2ec3494f34f0091a8b2f95cb4aba4,baf6e7db05384867a3b0fa10decaf70e,2018-05-12 11:03:29,46.68,8.5
366b95a424ce4c659de224e1fe664971,2,b28e99d9f585404796c241d4ea67d6c1,baf6e7db05384867a3b0fa10decaf70e,2018-05-12 11:03:29,75.5,8.5
fcbe8d64484749c8a1b41585aa6602ad,1,a2e390036377413eb7ece7c0913928f3,9973512ba4e6465eb596d14283208718,2017-09-29 04:17:53,55.18,8.5
71db889cab48460a8284592d43a9604c,1,5146c66ba7444a9a82180d48e3471452,9973512ba4e6465eb596d14283208718,2017-11-03 17:17:53,48.1,10.38
6da1fc6e2570423782b805d5c2f4c64b,1,599693169a8c46398daad3b4cd656065,9973512ba4e6465eb596d14283208718,2017-09-30 04:17:53,95.95,10.08
0337fb98bef04f23a1bebc634e06eeba,1,fe737cdabf764534ab3c0642045cf9f7,9973512ba4e6465eb596d14283208718,2017-10-02 07:17:53,60.21,8.5
8f6a49faf4654047bfba4d84389d50af,1,c15c2bb086434ad7a9eaa40b2ed5d986,9973512ba4e6465eb596d14283208718,2017-10-31 20:17:53,69.9,12.1
8944bc0a37c74e969a93a73e6770ea14,1,078c371130c840a5b2de58d3a0519dc1,9973512ba4e6465eb596d14283208718,2017-10-14 21:17:53,42.64,9.1
a5b79665696a4483b56e006f4fd574f7,1,0b20ad599efc43358c6ef1ed32f7a290,9973512ba4e6465eb596d14283208718,2017-10-10 11:17:53,137.44,25.92
98f4f0d4d852421d9bf570d75a4b8b3a,1,247a877f459840c682eaa718a49e97bd,9973512ba4e6465eb596d14283208718,2017-10-07 21:17:53,18.67,8.5
f43001c1797f47a08351f393aabef348,1,2a420196eebd43e89723cd54a03f2449,9973512ba4e6465eb596d14283208718,2017-10-17 08:17:53,60.25,8.5
6878560cc3a447e3ba0190b4802976b5,1,d3b5d812d4ef440a840f95a30f83f83a,9973512ba4e6465eb596d14283208718,2017-10-03 15:17:53,121.46,26.11
31677d7cdc2a419f9e99fdea5d35969a,1,a7d18cd824094eddac44b5aafdecba18,d1511100b4bb43fb8b2a475f69216cb6,2017-10-12 04:57:35,75.12,11.6
9016165a60fe41eda6bd885be00173ca,1,fff75832db264c33a33f6f6ce9c5e858,d1511100b4bb43fb8b2a475f69216cb6,2017-10-23 18:57:35,82.93,17.41
888ac8761cfd4d17becdf7492efae135,1,66a937423c234e9cac34324e56988b99,d1511100b4bb43fb8b2a475f69216cb6,2017-10-22 14:57:35,38.06,8.5
e0bf99ca0ea34205af961f36461fc3c8,1,c133b30e95e740219d61b66446d0ff97,d1511100b4bb43fb8b2a475f69216cb6,2017-10-10 16:57:35,248.39,33.19
8378be53d3464cbf8848b1b35a6dd347,1,7ff01c0664364abaa5751a05d258e340,2d3136d5179641d6a93247427f1859ec,2018-06-17 13:31:23,66.25,9.78
8378be53d3464cbf8848b1b35a6dd347,2,ef333f44f4e549629d234085e47a3125,2d3136d5179641d6a93247427f1859ec,2018-06-17 13:31:23,41.56,8.86
b3b338e9ea7b4fb7bdab12581215c7d0,1,a400d2923c364fc09552795d7c296747,2d3136d5179641d6a93247427f1859ec,2018-04-14 14:31:23,199.1,29.16
f07e9c5a160a4b16911cd9349a238729,1,2e9bf80b6cc141de84e7918f02efc2fb,2d3136d5179641d6a93247427f1859ec,2018-04-18 21:31:23,80.72,17.52
f07e9c5a160a4b16911cd9349a238729,2,25a634ed47bb4877a9f38985821d410b,2d3136d5179641d6a93247427f1859ec,2018-04-18 21:31:23,88.06,16.94
8ba697445daf428dbb27b9c2f6c77a4b,1,6b68d013d3e24fb9873f565995cb22f0,c5f1c2d7adb343c8aa8fdc48336e83ae,2017-09-12 12:10:22,389.33,67.61
c5c49d2fd38d4232a2786b81ffee36e4,1,e648e0824baf40ec9f193e307b16c81f,c5f1c2d7adb343c8aa8fdc48336e83ae,2017-09-27 17:10:22,90.84,10.69
8ba9e9df6a154748ac652599d33ccd11,1,99328ac30b3140fbb891947a9bd449e8,c5f1c2d7adb343c8aa8fdc48336e83ae,2017-08-26 16:10:22,69.57,8.68
06bb67376d15490f8bec0255713caa68,1,30c48493f9544740b55fd8b6080b2b4c,c5f1c2d7adb343c8aa8fdc48336e83ae,2017-09-09 14:10:22,80.3,15.94
56e5e39afbcb4667ae52d77695e8948b,1,b8dd8735e30f419eb9a8254b69866021,c5f1c2d7adb343c8aa8fdc48336e83ae,2017-08-22 18:10:22,35.03,8.5
a9fb3dfd189d49ffa43e82a7b80efd71,1,6ad0da2659784588b9be7758d2fc2c5d,c5f1c2d7adb343c8aa8fdc48336e83ae,2017-09-28 07:10:22,18.66,8.5
57a87ec09fcb4b2d91868ead22507602,1,62e49ef028f94a0daf1d9548a051bb57,c5f1c2d7adb343c8aa8fdc48336e83ae,2017-09-05 06:10:22,21.84,8.5
57a87ec09fcb4b2d91868ead22507602,2,2c1fbff24c4e49f3b51dff1f719d55e8,c5f1c2d7adb343c8aa8fdc48336e83ae,2017-09-05 06:10:22,64.91,10.66
57a87ec09fcb4b2d91868ead22507602,3,9bd68970c30e41e5a18bf0558ef98252,c5f1c2d7adb343c8aa8fdc48336e83ae,2017-09-05 06:10:22,92.68,15.96
bf9d12209c3548eab59533d7e77d29bc,1,48c265722b804facb3f7898ac926a76d,c5f1c2d7adb343c8aa8fdc48336e83ae,2017-09-12 18:10:22,74.29,15.48
2d45f2127a934c8f8bd26562a089de27,1,a64eb1d52054427f9e16a2a8f3b32f68,c5f1c2d7adb343c8aa8fdc48336e83ae,2017-09-13 08:10:22,28.85,8.5
259556660c6a4b12ab3d6c1c12ca58bb,1,aafe2eadad47445184cf6af00fe91a99,c5f1c2d7adb343c8aa8fdc48336e83ae,2017-08-24 04:10:22,52.9,8.5
4f51e24862ea44f587e7a029d64c0d56,1,2a420196eebd43e89723cd54a03f2449,c5f1c2d7adb343c8aa8fdc48336e83ae,2017-08-25 14:10:22,20.2,8.5
d879fba213d748e29ebb3bb9304b426f,1,c08e1d5ffa8a4bf3a16c0d1371c80440,c5f1c2d7adb343c8aa8fdc48336e83ae,2017-09-11 10:10:22,37.85,8.5
42f075bb7ca04e869901d9eeaed6acd9,1,fe737cdabf764534ab3c0642045cf9f7,c5f1c2d7adb343c8aa8fdc48336e83ae,2017-10-01 05:10:22,8.04,8.5
b3d3411266354371a9b5f393662440e6,1,315ded28a3de45d59ca22c05b283f1c1,c5f1c2d7adb343c8aa8fdc48336e83ae,2017-09-14 22:10:22,24.72,8.5
9f689ac991cd4ec99d00256c3e132b93,1,cf2a23e593f547b289fb5264a64d8dcf,45249f5353684512b6746833c5c341c4,2018-04-07 02:02:04,173.81,27.74
9f689ac991cd4ec99d00256c3e132b93,2,cc8fab6f2489469790d44d1983d5846e,45249f5353684512b6746833c5c341c4,2018-04-07 02:02:04,243.48,20.23
9f689ac991cd4ec99d00256c3e132b93,3,7740e21617cb4d0c9d341ae7196c2bab,45249f5353684512b6746833c5c341c4,2018-04-07 02:02:04,151.11,32.41
77f43613d1ff49f2baf68a673252c3f8,1,44522e39746f48879e471599bc532a6a,45249f5353684512b6746833c5c341c4,2018-02-20 05:02:04,117.01,16.27
dc3b6db5f0db4a7c9792428259a91e93,1,ac03f608b441433c90c01453d112f08f,45249f5353684512b6746833c5c341c4,2018-02-23 04:02:04,209.45,36.85
48c35837fcc045868a0f9e47988fa45f,1,3ebe7980495e4f38b4798b1aa2876881,45249f5353684512b6746833c5c341c4,2018-03-17 18:02:04,113.4,21.41
aad4cb2119a341aa9ddc9a239663ca1a,1,42860097a90c411eaba670606f3dad27,45249f5353684512b6746833c5c341c4,2018-02-20 14:02:04,21.09,8.5
19e820c2c39c4ee68f6c5442384fde47,1,7682cebd7d68400290ee742d6aab9dbd,45249f5353684512b6746833c5c341c4,2018-02-22 18:02:04,95.51,9.94
b2028a4de6d349759adfed9940d3a4f4,1,b2274f055c9a4feabc1b99c701f76de6,45249f5353684512b6746833c5c341c4,2018-03-14 18:02:04,34.8,8.5
cadceb58657e45fb97a506586211072a,1,c0e77397c88b4e998535d316d83486f4,45249f5353684512b6746833c5c341c4,2018-02-23 13:02:04,126.5,18.89
ed36b7733e9b422c8a87d311d5a41b1a,1,79aa77dc99844a25aa8f37ccdf80fd15,45249f5353684512b6746833c5c341c4,2018-03-13 13:02:04,54.28,10.88
90093e5ec4de424bb5b43202df733c78,1,d4a3eb3c66a24845887d4512b70e2b9f,d7afa7e82e6c403a9fa4ea80504a2f8a,2017-07-05 18:35:03,13.13,8.5
31e81e95ac924689b29d77cf0d08ca3b,1,864de692dbb54818b37b206c42c206e7,d7afa7e82e6c403a9fa4ea80504a2f8a,2017-07-06 21:35:03,50.13,9.3
202b06575f2642129a6bd4ee54047204,1,345809a2126b4343bfec56aa2a8d9f16,d7afa7e82e6c403a9fa4ea80504a2f8a,2017-08-16 15:35:03,45.8,8.5
a6c41ce4fd1846d48ec117508fd3f847,1,fecd56f2986d4d1a859278cc0e9ec2af,d7afa7e82e6c403a9fa4ea80504a2f8a,2017-07-18 06:35:03,135.86,13.29
e02cb75715204fadbfd5a1e60015e979,1,d587586329d648f98ccd97955d3f2d7a,d7afa7e82e6c403a9fa4ea80504a2f8a,2017-07-19 12:35:03,121.32,22.06
a284ec46000446c987010c3f800f9c2f,1,cd1254f416eb40dda405182ed9ddc941,d7afa7e82e6c403a9fa4ea80504a2f8a,2017-07-21 00:35:03,11.53,8.5
2a62a8e81d634255ae09340539772a0f,1,2d5009ce8834498a907ad317b4031b44,d7afa7e82e6c403a9fa4ea80504a2f8a,2017-08-26 06:35:03,75.65,8.71
2452629040f84133a9b23f251d4de9d2,1,8d46d80d53a94081984e1d83be0e87f5,d7afa7e82e6c403a9fa4ea80504a2f8a,2017-07-06 15:35:03,31.74,8.5
2452629040f84133a9b23f251d4de9d2,2,27df63dbf6f8439289cbf40e034cb4b4,d7afa7e82e6c403a9fa4ea80504a2f8a,2017-07-06 15:35:03,168.89,18.24
c91485626174426890a2274aa8163eaa,1,f4fe6b0c9b624cd698daf0a70480ddb2,dbb698d575054a4999ebc8f4fabf2a6d,2017-11-13 12:40:37,128.81,15.2
35d11cdcf09b46b7b8ad75a080314dcc,1,fd4a13ad0dde4974941b9e08bc8e5253,dbb698d575054a4999ebc8f4fabf2a6d,2017-12-07 07:40:37,23.84,8.5
35d11cdcf09b46b7b8ad75a080314dcc,2,03b42f610af04cd7a50a430bf26a43ad,dbb698d575054a4999ebc8f4fabf2a6d,2017-12-07 07:40:37,114.54,17.34
95d7f2441c334151b0dfd45080ecd5ad,1,a0faa660b1364a3cbc58ce89aef0f384,dbb698d575054a4999ebc8f4fabf2a6d,2017-11-20 03:40:37,200.07,26.67
770e8a5944224157bedef966995bee28,1,cf2a23e593f547b289fb5264a64d8dcf,dbb698d575054a4999ebc8f4fabf2a6d,2017-11-12 08:40:37,118.08,22.84
46cec0b7b99045b481259e8d33f94245,1,cf2a23e593f547b289fb5264a64d8dcf,dbb698d575054a4999ebc8f4fabf2a6d,2017-11-11 16:40:37,41.84,8.5
1187f4305c664a4da9d58ecc4c5d4e20,1,6b505ee1f3064794969aa74ce3ec5614,4bf5cf77836143528dca75b0368a286b,2017-10-02 09:29:38,134.77,15.58
b88d166bbadc4f61b7ad6b4bc24db8bb,1,535eb6e517404b89a642254ed4e3be96,4bf5cf77836143528dca75b0368a286b,2017-09-30 23:29:38,71.36,9.1
ab3dc89e2eda4b86b9d063075b672448,1,d587586329d648f98ccd97955d3f2d7a,4bf5cf77836143528dca75b0368a286b,2017-11-28 21:29:38,24.72,8.5
df6c8cebcfe44f15a2a7289d0defbda5,1,94c5832c7a4f4d4ab591f284476ff8bd,4bf5cf77836143528dca75b0368a286b,2017-10-12 18:29:38,75.18,8.5
009f6e53a9bd41c0995abb93803a8822,1,0fa0e03c16624b089470a691c452a201,4bf5cf77836143528dca75b0368a286b,2017-10-01 22:29:38,53.35,9.86
e03e8b8fcd224d22a88ad527d2b7aef8,1,df94395e3bc64b5592139fe3b58d3ffd,4bf5cf77836143528dca75b0368a286b,2017-10-01 12:29:38,225.43,24.77
71db084a2e2744d1bfeb6ee799149c40,1,6e9670c39e694a0289db579ac1bc4d00,4bf5cf77836143528dca75b0368a286b,2017-09-22 13:29:38,18.59,8.5
dc9e03d52dbc4a2f899fb77f09def786,1,0bc861e3cbaf427b80560c72fea9523e,4bf5cf77836143528dca75b0368a286b,2017-11-30 11:29:38,49.76,9.82
ffbbff43fe724ee182e8234353a116ad,1,9e04754c2cb146078e898370a52a31db,4bf5cf77836143528dca75b0368a286b,2017-09-29 18:29:38,24.54,8.5
d472eb2fad724dd29d5314bdd25185e7,1,340613b5186944ef82aaa28d22ae79ec,4bf5cf77836143528dca75b0368a286b,2017-10-15 12:29:38,33.68,8.5
ff32cd382d2e4635b52bf1871ea54649,1,6d53c81c099f4e71b7dd2f5938f3beb1,4bf5cf77836143528dca75b0368a286b,2017-09-24 07:29:38,70.86,8.5
804e5618fe61456596bab20091c9b7d1,1,c4fdbdb0c93140f68b2212647a35993b,4bf5cf77836143528dca75b0368a286b,2017-09-28 20:29:38,61.61,12.23
0fb997173c8944748908fd2e3a6ae903,1,f4cd089973224c358bcf638f9df76987,8bbe79a00cdb4dd4ac435b18ef7b5bb0,2018-02-27 01:53:02,18.53,8.5
e7345a1569a248a6bce6f94dd07be243,1,28f634b62d4043e0aac44f369ded1390,8bbe79a00cdb4dd4ac435b18ef7b5bb0,2017-12-31 04:53:02,57.42,11.56
119da75fd098406e9a0cd979408cdf18,1,4e3c24754747463792bf91693fd02492,8bbe79a00cdb4dd4ac435b18ef7b5bb0,2017-12-04 17:53:02,164.03,18.31
d795a0abec314f0c9ab86f64c3773bb1,1,f829d0bf1c4447918844f2698a5d0b0c,8bbe79a00cdb4dd4ac435b18ef7b5bb0,2017-12-04 17:53:02,297.4,55.61
6ddea173615f42d1b9d44a4840c9489e,1,70c8e3feac1f42c381bb07ff4fede19b,e7c44114869f4c43819167a88c8c012a,2017-11-14 08:13:42,59.83,8.5
82d634c3ac6f47b99397a8642b818b57,1,6031067340d545f7a106ee4acb6e04bc,e7c44114869f4c43819167a88c8c012a,2017-10-19 19:13:42,62.16,9.51
044383a872a949f68d7d5589857ae1ad,1,a4f4f5cb7b674dccab197bccbe55ee3e,e7c44114869f4c43819167a88c8c012a,2017-12-01 23:13:42,68.35,8.5
b704eb2454bf48a498f52d98c04a44cf,1,bbcbc06913f1417f96ef1a242969be9a,e7c44114869f4c43819167a88c8c012a,2017-10-22 01:13:42,75.78,12.24
a2cb9ed69c9a4ad8b55fcd5257a289b9,1,256ccf9a70164819bbd6edeb27646a39,e7c44114869f4c43819167a88c8c012a,2017-10-29 11:13:42,97.79,11.9
5fbd252b307946b3a1af5d9598f6f6ef,1,c75e3a1d0f5e41e4a2fc7eb45cd4eec4,e7c44114869f4c43819167a88c8c012a,2017-12-08 03:13:42,34.25,8.5
5fbd252b307946b3a1af5d9598f6f6ef,2,9d570150c01f49ba9bae173c65ed539c,e7c44114869f4c43819167a88c8c012a,2017-12-08 03:13:42,57.37,10.79
3f3ab97abfe4432882e96a7e9cfec8c7,1,44bdb96b31034213a9d9cf695fbf5d48,e7c44114869f4c43819167a88c8c012a,2017-11-12 05:13:42,41.22,8.5
3f3ab97abfe4432882e96a7e9cfec8c7,2,de62d1f284754351aeadac61b5e6a412,e7c44114869f4c43819167a88c8c012a,2017-11-12 05:13:42,261.1,22.93
566cd28bccfe444ca3250dd9ea64dbf2,1,8045435f964d4746ab6d86b9c708b83a,e7c44114869f4c43819167a88c8c012a,2017-10-11 12:13:42,43.14,8.5
a9701ae5213848d5affc89a3317ebc7a,1,5125a8846a194728b1ef141ff25f51d9,e7c44114869f4c43819167a88c8c012a,2017-10-09 22:13:42,37.81,8.5
56eb48354e184de483bcd681d072f3cc,1,1f1b9029351d411ba63ab9314c1c7494,4fc0ae5939a548be8c40105f8b823edb,2017-08-15 10:41:25,37.8,8.5
549fca1ffd1a4c07b564b8b7372089b1,1,db41ceb2c29e41ae99b7e65ddd753e22,44c0ee00cfcc47219fe4b9307535224d,2017-11-11 11:14:02,33.49,8.5
678d6a9419454ab69196886dd7205a6a,1,9bf22b4119af42719d5d3cbad44efa43,44c0ee00cfcc47219fe4b9307535224d,2017-10-27 08:14:02,88.85,14.8
6ae44993cd2a4f06af170a60e3d6bf39,1,7e98aaa2f21d42bba7ac7008046e5cd2,44c0ee00cfcc47219fe4b9307535224d,2017-10-06 05:14:02,348.4,31.03
6ae44993cd2a4f06af170a60e3d6bf39,2,013d783eb6e24b3aa8f66bbdcb9354d1,44c0ee00cfcc47219fe4b9307535224d,2017-10-06 05:14:02,260.16,41.22
6ae44993cd2a4f06af170a60e3d6bf39,3,770cf6eab8b64fdb94ec53d69bd7c02e,44c0ee00cfcc47219fe4b9307535224d,2017-10-06 05:14:02,94.08,13.3
8040318f222c49c4a98fd7b87bdf3525,1,f437bd876f5d40379fe3f92787e8c23e,44c0ee00cfcc47219fe4b9307535224d,2017-10-14 05:14:02,167.3,24.17
4ea8d46c9f3043cabe4ebc522ba6c4ff,1,a079193ea0924f6dbba68e122f5aaeb5,44c0ee00cfcc47219fe4b9307535224d,2017-10-05 10:14:02,58.3,10.17
820e26df67884348a8d5c8a9c900e220,1,7f8acccd1c4d46b3bc92716ce746dc1d,44c0ee00cfcc47219fe4b9307535224d,2017-10-02 06:14:02,152.9,25.55
820e26df67884348a8d5c8a9c900e220,2,88475bb80f7e4b4ba09b1c3750248e94,44c0ee00cfcc47219fe4b9307535224d,2017-10-02 06:14:02,72.59,12.71
e5df867f4e154f71a5e1dd20b3f25bdd,1,c7a09223fe16400390fa4f8dbfd7f695,44c0ee00cfcc47219fe4b9307535224d,2017-10-17 10:14:02,230.34,44.55
e5df867f4e154f71a5e1dd20b3f25bdd,2,50eb640295614831878c72b2d636b3ef,44c0ee00cfcc47219fe4b9307535224d,2017-10-17 10:14:02,41.6,8.5
916ae2fa1af34fc79e0a22a17f849e27,1,1e192f6fc4d94cf7b4d44dca05a19600,44c0ee00cfcc47219fe4b9307535224d,2017-10-06 12:14:02,36.04,8.5
916ae2fa1af34fc79e0a22a17f849e27,2,fa519b1ab43b49a5bfae358b341a44f0,44c0ee00cfcc47219fe4b9307535224d,2017-10-06 12:14:02,368.02,55.44
de1d764cc24a41f4bebc02d11dc38c1c,1,3c59bc636fba490087e6bcedb3ff1187,44c0ee00cfcc47219fe4b9307535224d,2017-10-27 08:14:02,128.14,15.99
2db5ebf5781c472aa3b9ad160e70d9c9,1,6ad0da2659784588b9be7758d2fc2c5d,44c0ee00cfcc47219fe4b9307535224d,2017-11-17 10:14:02,147.67,17.05
a4ca628774cf4fe5a2370d2775a36cb1,1,58aa2de3269b41038b506f05b4878599,44c0ee00cfcc47219fe4b9307535224d,2017-10-15 13:14:02,53.99,9.59
18e6036e7951421d90803a6ca37b158c,1,2e15d2afde274350a1414c3c8ee47c1f,44c0ee00cfcc47219fe4b9307535224d,2017-10-11 11:14:02,43.37,8.5
a7f8a9043d9449b7ae2f452a10429eb1,1,3e425b5e24f34266af766f5117f8cf65,44c0ee00cfcc47219fe4b9307535224d,2017-10-03 11:14:02,60.23,10.37
a7f8a9043d9449b7ae2f452a10429eb1,2,1410bf6121ce4596b3b816b73707b1d2,44c0ee00cfcc47219fe4b9307535224d,2017-10-03 11:14:02,95.5,19.11
07e0ac20b93c4a72ace7effd339e1b26,1,a77532f141d343edacc64d6e9e8bb45c,44c0ee00cfcc47219fe4b9307535224d,2017-10-20 13:14:02,101.07,17.41
ad4b20d653f1402dbfdf0bf83c7846a6,1,40f004bb3d604a5c9358a041ecf52c56,44c0ee00cfcc47219fe4b9307535224d,2017-10-22 11:14:02,190.96,41.85
a852ebc04cdd4c42af75943363e781e0,1,b319a48045484e1d89b008aa30c5d13f,44c0ee00cfcc47219fe4b9307535224d,2017-10-07 09:14:02,43.76,8.5
a852ebc04cdd4c42af75943363e781e0,2,e10480b761024d3e945c00312d9fd615,44c0ee00cfcc47219fe4b9307535224d,2017-10-07 09:14:02,17.79,8.5
a852ebc04cdd4c42af75943363e781e0,3,bcddc046e9b2482ab7dffcabae8836de,44c0ee00cfcc47219fe4b9307535224d,2017-10-07 09:14:02,76.67,15.41
df56e9ead85a424782db793048c1590a,1,7f8acccd1c4d46b3bc92716ce746dc1d,44c0ee00cfcc47219fe4b9307535224d,2017-10-05 01:14:02,147.52,20.72
35148d7c8a744a5a9931c4989ddeded2,1,3fa881852d8547278dfaa9d9e87a7d8c,83bc078081fa48948d00261955104a97,2018-02-01 23:46:59,34.11,8.5
37c6f2f18aef4ea5ab0c5a4ad2c00b3b,1,aafe2eadad47445184cf6af00fe91a99,83bc078081fa48948d00261955104a97,2017-12-26 21:46:59,49.65,8.5
43910c047c5349cd8ce4a5e461932e5a,1,4e3c24754747463792bf91693fd02492,83bc078081fa48948d00261955104a97,2018-01-13 09:46:59,48.97,8.5
43910c047c5349cd8ce4a5e461932e5a,2,20673b9a51c84802b8370318cafa70d9,83bc078081fa48948d00261955104a97,2018-01-13 09:46:59,12.33,8.5
b35a234311284eaab00680134406fd19,1,06c82ae9b9384ca3b9590eb82e3e351e,5794340a887642798262ecb725a6cd52,2018-04-27 22:10:09,331.68,35.0
9e2be1d3743b47c3bcad17c2f5b4c0c6,1,66a937423c234e9cac34324e56988b99,5794340a887642798262ecb725a6cd52,2018-06-18 20:10:09,52.09,8.5
65cdf3a5e58a4733bb36b796be6c8e74,1,b09ced06368543639efee02905ea3f6d,5794340a887642798262ecb725a6cd52,2018-04-25 19:10:09,194.26,36.29
57b82750cf7d4b36a422c899dcd4dd0f,1,05a3a1ae2a824b2cae9aa10348b52218,5794340a887642798262ecb725a6cd52,2018-05-20 22:10:09,29.85,8.5
804cfded75f741abb996e773eb312b3b,1,52c696da9573428e917bfdded6025a8e,5794340a887642798262ecb725a6cd52,2018-04-27 16:10:09,56.32,8.5
804cfded75f741abb996e773eb312b3b,2,ea0afb1831814b968212e6e4770c89bf,5794340a887642798262ecb725a6cd52,2018-04-27 16:10:09,54.93,8.5
8107dad5e7584443988defa99a91ca80,1,5fba940f265743d3a225c79fe8f02ddb,5794340a887642798262ecb725a6cd52,2018-05-06 13:10:09,32.18,8.5
4ee0fd1ba005461b83e4d46ff54ab4a3,1,9aab70096b5449ef860fb6d51b6134f6,5794340a887642798262ecb725a6cd52,2018-04-28 11:10:09,48.5,8.82
366bcdbd706a4d6cbb19d1ab283f1357,1,a8076441277c410da530cdf4fbeb0511,5794340a887642798262ecb725a6cd52,2018-05-09 22:10:09,56.94,8.5
c495d3b5c43c46949e6437acd21ea59a,1,8d46d80d53a94081984e1d83be0e87f5,5794340a887642798262ecb725a6cd52,2018-05-17 08:10:09,41.98,8.5
c495d3b5c43c46949e6437acd21ea59a,2,dc6b2dfa2adc4005bccf4cbbfc02465c,5794340a887642798262ecb725a6cd52,2018-05-17 08:10:09,320.56,39.0
7a2c25ccd3684627b92b3c35a9ea792a,1,770cf6eab8b64fdb94ec53d69bd7c02e,5794340a887642798262ecb725a6cd52,2018-06-04 19:10:09,37.92,8.5
a8a4f467f3cc46f19040d207b80f8c8a,1,cfc2acdea8024b2590f6caae280d5b4b,5794340a887642798262ecb725a6cd52,2018-05-09 12:10:09,114.51,20.35
4d3bee1dd99149d8896dfd512bb2b553,1,3d2395310b39420d93bc59faa3af7755,1332a51a182e4d8d82a0b20ac5abe32e,2017-08-09 18:02:03,129.77,13.58
f1aeceac91cf4f1fb32222fee3531dbd,1,1c8fcfb9f392471abc2ac13537f7ea2a,1332a51a182e4d8d82a0b20ac5abe32e,2017-07-03 16:02:03,290.41,32.3
dd25a764d7a04ed2a9978b28a6d4617c,1,b09ced06368543639efee02905ea3f6d,1332a51a182e4d8d82a0b20ac5abe32e,2017-07-11 00:02:03,100.85,19.88
dd25a764d7a04ed2a9978b28a6d4617c,2,2b723a1da0224c1293233a46781c95fe,1332a51a182e4d8d82a0b20ac5abe32e,2017-07-11 00:02:03,123.59,25.26
0c7a3b3f3105490c9cea56456059d75d,1,2b723a1da0224c1293233a46781c95fe,1332a51a182e4d8d82a0b20ac5abe32e,2017-07-23 12:02:03,101.13,10.93
d6076f353f94444c957b4590efdd0d92,1,99328ac30b3140fbb891947a9bd449e8,1332a51a182e4d8d82a0b20ac5abe32e,2017-07-16 09:02:03,31.1,8.5
d6076f353f94444c957b4590efdd0d92,2,a6c7607b39664b649fa5cfd5aea5dbc8,1332a51a182e4d8d82a0b20ac5abe32e,2017-07-16 09:02:03,50.74,8.5
3a8302e254d94101989a8c223ced630c,1,6ad0da2659784588b9be7758d2fc2c5d,1332a51a182e4d8d82a0b20ac5abe32e,2017-07-09 07:02:03,187.71,17.39
3a8302e254d94101989a8c223ced630c,2,ac46a1f7bf9346d9b2e7f3938b31e2f3,1332a51a182e4d8d82a0b20ac5abe32e,2017-07-09 07:02:03,84.44,14.49
4724e68c4e264503b5bb35413f23fc16,1,d3b5d812d4ef440a840f95a30f83f83a,1332a51a182e4d8d82a0b20ac5abe32e,2017-08-12 21:02:03,193.96,40.8
a4e69cf063864d35b1981e1f50ff616c,1,770cf6eab8b64fdb94ec53d69bd7c02e,3eef1c1c16ac4f55987b37104b503f9d,2018-04-20 02:49:28,81.17,12.68
d3aa6fa8dfd440febd1526d9ccdeb67e,1,32faeea62ac447f5a16c048e7890eb1d,3eef1c1c16ac4f55987b37104b503f9d,2018-04-17 11:49:28,38.79,8.5
d3aa6fa8dfd440febd1526d9ccdeb67e,2,db41ceb2c29e41ae99b7e65ddd753e22,3eef1c1c16ac4f55987b37104b503f9d,2018-04-17 11:49:28,166.84,27.19
e766b44688a34862940b496e17af2179,1,9d570150c01f49ba9bae173c65ed539c,d0f13b5c048f493d83946d92ba300762,2018-05-21 08:29:46,188.86,39.43
e766b44688a34862940b496e17af2179,2,216b5a662f174cc38aa091fc9a805eb4,d0f13b5c048f493d83946d92ba300762,2018-05-21 08:29:46,33.52,8.5
3a7535e0298d4687b47b5f45934842fd,1,3c59bc636fba490087e6bcedb3ff1187,d0f13b5c048f493d83946d92ba300762,2018-07-07 03:29:46,120.23,26.01
077d78602e904da188fe1f6b0472914f,1,229cfb6742c0499b84f4fe14a27642f7,d0f13b5c048f493d83946d92ba300762,2018-06-02 17:29:46,70.05,8.5
bd9e9b56950747b091972da3040ebdfe,1,71654a466464453e8f801a7f0ef971ae,76974cd7435149f79b4ec079d38f9be6,2017-09-08 19:57:56,47.12,8.5
a909ea0ceb0c468782e152eb6b605260,1,2883a714a7ed4ef48f67aa0c895660dc,76974cd7435149f79b4ec079d38f9be6,2017-08-30 02:57:56,16.64,8.5
08656fd80e694cc4b9b7c93d71d7c1fc,1,aa54fe2f79d34d968dc82aa26a126887,76974cd7435149f79b4ec079d38f9be6,2017-08-27 15:57:56,98.12,17.37
ca8bd4a42110480eb9579968ff6f9e34,1,c75e3a1d0f5e41e4a2fc7eb45cd4eec4,76974cd7435149f79b4ec079d38f9be6,2017-09-24 05:57:56,190.56,32.48
633dfb57df154a8db4f486c6bccf73ed,1,d7b6ca3aeb4e45c39dccfc9ef9fda4d1,76974cd7435149f79b4ec079d38f9be6,2017-09-13 07:57:56,85.04,8.5
e955fe2881b148e4a737166d3f297238,1,3e425b5e24f34266af766f5117f8cf65,aa46e13b9139465db89b4ab28b9bab0f,2018-01-23 23:43:15,27.35,8.5
cd62ef5b58674706a0f7e135af274497,1,aafe2eadad47445184cf6af00fe91a99,aa46e13b9139465db89b4ab28b9bab0f,2018-01-27 23:43:15,182.79,28.86
98925eb04fad40db92d4076dd8524ec6,1,3ff9840714f54530b8c9545b623b2085,aa46e13b9139465db89b4ab28b9bab0f,2018-01-23 01:43:15,108.23,20.29
7494285f08ff48a2bd87ed59039f9647,1,247a877f459840c682eaa718a49e97bd,a2cad234429847e582969701f9606e59,2017-11-22 09:25:52,413.36,88.08
cd8066f8f8e4476d81def3ea85c5382d,1,42f99711a8f346f6a3415542e8c6b1e0,a2cad234429847e582969701f9606e59,2017-08-06 06:25:52,150.98,30.97
0d24dc65eb7f42e2b857d40eddb6c27d,1,ce10673faed44fa38110d8daff0d0d5f,104d9a3f102748919c1fb2f5f2bf569a,2018-01-28 05:31:43,48.37,8.5
0d24dc65eb7f42e2b857d40eddb6c27d,2,a4f4f5cb7b674dccab197bccbe55ee3e,104d9a3f102748919c1fb2f5f2bf569a,2018-01-28 05:31:43,101.54,17.57
30e11df92130499baa8966bd141c657e,1,82da95fbfed54b53b256b3f9f828cf45,3f2ab91e3bbe4da4a0c380d7e2cd2acc,2018-06-12 19:21:15,99.59,12.44
30e11df92130499baa8966bd141c657e,2,25a634ed47bb4877a9f38985821d410b,3f2ab91e3bbe4da4a0c380d7e2cd2acc,2018-06-12 19:21:15,36.01,8.5
30e11df92130499baa8966bd141c657e,3,c4646a0286da4f6e8d424a8a0440f073,3f2ab91e3bbe4da4a0c380d7e2cd2acc,2018-06-12 19:21:15,106.75,16.31
d47cb238b2d445e6bf8c9fcd988bf61a,1,42f99711a8f346f6a3415542e8c6b1e0,3f2ab91e3bbe4da4a0c380d7e2cd2acc,2018-06-01 11:21:15,7.26,8.5
44007e7903f1412aa0cdd91657f653cb,1,d7b91173a4414251bf6472db36964ef2,3f2ab91e3bbe4da4a0c380d7e2cd2acc,2018-06-05 04:21:15,69.96,8.64
44007e7903f1412aa0cdd91657f653cb,2,0f577f4856044081a067680fd1c38590,3f2ab91e3bbe4da4a0c380d7e2cd2acc,2018-06-05 04:21:15,47.18,10.0
90f799367cc144b39381a4d2c8f37397,1,5c871f3f35ef42808fecbcb3e6f549d8,a5c780cb46334b8dab8670470a6f732a,2017-10-31 23:09:24,84.43,10.54
60714679939c4eb38085ce38b00fa2b6,1,2c1fbff24c4e49f3b51dff1f719d55e8,a5c780cb46334b8dab8670470a6f732a,2017-10-23 16:09:24,167.09,34.18
838a1854f811494dbee7534c734e6c49,1,70c8e3feac1f42c381bb07ff4fede19b,a5c780cb46334b8dab8670470a6f732a,2017-10-30 04:09:24,62.66,9.4
0e1548e3ee3e45e8b5b53ebae570afc5,1,bdda117a6a0c4096b503c65d5e952f62,a5c780cb46334b8dab8670470a6f732a,2017-10-25 07:09:24,43.61,8.5
12af1e1541dd44d1993f0d504aa2a170,1,4a0ccdbece7140f5bc8581b7eee89795,a5c780cb46334b8dab8670470a6f732a,2017-12-08 01:09:24,34.15,8.5
8bd60c28cfb642299d24705d88d47599,1,01c9f138dde247a0a23aceed2050e42b,a5c780cb46334b8dab8670470a6f732a,2017-12-08 23:09:24,123.98,24.1
9d0e3a3070914d33a8f9ca90a5a78189,1,af69c9ef5eb04c02832f6dd88c552805,a5c780cb46334b8dab8670470a6f732a,2017-10-25 21:09:24,98.74,21.07
6003f5ff0b5b47099d25e47397b361ad,1,a8a6d1acd087426e966316b1ee004365,a5c780cb46334b8dab8670470a6f732a,2017-10-31 17:09:24,73.28,12.18
4f9154e992b64d9c9b5b1529b7b36d5c,1,85d0f4a744904c8a872e1eb354feab1f,a5c780cb46334b8dab8670470a6f732a,2017-11-23 00:09:24,74.49,8.99
ca51c1296fa04bfe99ab5a24f654d566,1,aafe2eadad47445184cf6af00fe91a99,a5c780cb46334b8dab8670470a6f732a,2017-11-16 20:09:24,124.89,26.84
57b979b4621a45c7a80749e341aca03f,1,6cb2c63fefdd48539a52bde3d3e68722,a5c780cb46334b8dab8670470a6f732a,2017-11-18 08:09:24,157.09,26.5
5ae7e94d874c40abba232568a60b2883,1,cb4cc6a559fc4437aa9b5be6a60a39c1,a5c780cb46334b8dab8670470a6f732a,2017-11-08 04:09:24,132.21,22.13
dc6df0cef46c40959e3d6f282a7e38af,1,c0e77397c88b4e998535d316d83486f4,a5c780cb46334b8dab8670470a6f732a,2017-10-23 18:09:24,25.62,8.5
dc6df0cef46c40959e3d6f282a7e38af,2,a64eb1d52054427f9e16a2a8f3b32f68,a5c780cb46334b8dab8670470a6f732a,2017-10-23 18:09:24,68.46,9.8
343dc5126c984b3cbc0b17354803537e,1,d0331c8b8de14c9eaf3a9785cb36a63a,a5c780cb46334b8dab8670470a6f732a,2017-11-02 01:09:24,71.02,13.05
2894b2f3128748ea831359f95da51af6,1,20673b9a51c84802b8370318cafa70d9,a5c780cb46334b8dab8670470a6f732a,2017-10-26 07:09:24,158.07,22.36
5271f7d69eb54f6bb205e8bb131f0e9b,1,d3b5d812d4ef440a840f95a30f83f83a,a5c780cb46334b8dab8670470a6f732a,2017-11-11 04:09:24,116.57,12.67
a1798bb2523d40fc9522c78dceaed2cb,1,ca03971415be42f6843ba67d06ce0fbe,e8251502ba2249ad8027b0e2bc93f15e,2017-10-12 06:15:01,53.28,10.28
235389512dfd4c179e4fdef086cb5624,1,319a8a9a5da24575b64c77d1564407c5,e8251502ba2249ad8027b0e2bc93f15e,2017-10-19 01:15:01,73.13,14.04
235389512dfd4c179e4fdef086cb5624,2,ebdd6aa026c147ef8e9de4e5859b2e04,e8251502ba2249ad8027b0e2bc93f15e,2017-10-19 01:15:01,131.78,20.42
235389512dfd4c179e4fdef086cb5624,3,afe1bc35a35d401f9ec4aaedc2f7271e,e8251502ba2249ad8027b0e2bc93f15e,2017-10-19 01:15:01,131.24,15.32
27865c2990c84b649c30664b45db2fc9,1,8907742ffd0e4c13a65bc14747664c18,e8251502ba2249ad8027b0e2bc93f15e,2017-10-26 16:15:01,90.99,9.59
8c8d7f5e4e474d69bf60564469c2b36e,1,5c9185172c2140c1826a701785de5804,e8251502ba2249ad8027b0e2bc93f15e,2017-10-11 22:15:01,41.68,8.5
8af636a756704b5582ef9e91ec1892d8,1,d7d12d13db63458eab5884460263819e,e8251502ba2249ad8027b0e2bc93f15e,2017-11-04 16:15:01,202.63,30.83
fcd79e93a812449db9368d5df3d02995,1,4a0ccdbece7140f5bc8581b7eee89795,e8251502ba2249ad8027b0e2bc93f15e,2017-10-20 01:15:01,126.81,25.36
fcd79e93a812449db9368d5df3d02995,2,7d5e4f3573b04ed894398fb67afdbc05,e8251502ba2249ad8027b0e2bc93f15e,2017-10-20 01:15:01,45.03,8.5
90920cd0db804f7ea664bcbc482998d9,1,716847bd0fd54313aeeb1673a80d2d9a,e8251502ba2249ad8027b0e2bc93f15e,2017-11-20 00:15:01,98.61,17.12
90920cd0db804f7ea664bcbc482998d9,2,a2a678b833b049368cb5c35a8536b4ca,e8251502ba2249ad8027b0e2bc93f15e,2017-11-20 00:15:01,231.48,50.06
a20c358e66754ba8a3bd27428ad10f3f,1,039fc89d205a4e0980b92bda277ec290,e8251502ba2249ad8027b0e2bc93f15e,2017-10-15 19:15:01,180.05,15.12
c881e96ff6a5495c82e2843ac29483cd,1,8af77ce1e6ff4869975e196721d470be,e8251502ba2249ad8027b0e2bc93f15e,2017-10-30 00:15:01,73.75,9.52
cb5db762f89145578613c8cdf34dd63b,1,c15c2bb086434ad7a9eaa40b2ed5d986,e8251502ba2249ad8027b0e2bc93f15e,2017-10-12 04:15:01,48.53,8.5
05a318970935452ab61893bab4e3926f,1,b2274f055c9a4feabc1b99c701f76de6,e8251502ba2249ad8027b0e2bc93f15e,2017-10-11 00:15:01,302.57,35.95
05a318970935452ab61893bab4e3926f,2,f1e3d75dfe9947de82f18ae10aa3791d,e8251502ba2249ad8027b0e2bc93f15e,2017-10-11 00:15:01,177.86,18.83
b8ef740a1d71445e813bbecccee9c997,1,28f634b62d4043e0aac44f369ded1390,e8251502ba2249ad8027b0e2bc93f15e,2017-10-25 18:15:01,122.74,20.3
2de76443b2c94bc7979bfad2c1ec6b49,1,03f9cad179014610ba5c095762f291e1,e8251502ba2249ad8027b0e2bc93f15e,2017-10-20 15:15:01,32.8,8.5
eda2276b141d40c8b1eac6b6e5cc3e40,1,8850552a3bdd4b7c98681c38867f549d,3256cb1248ad4b4f84817748a3fefa10,2018-06-24 01:28:10,63.22,9.85
8aa655613e6d4fc5ab5780ee069c678f,1,a77532f141d343edacc64d6e9e8bb45c,3256cb1248ad4b4f84817748a3fefa10,2018-07-03 19:28:10,92.39,8.94
5676e9e8478c4a2ca8ecc551a25a1816,1,2d5009ce8834498a907ad317b4031b44,3256cb1248ad4b4f84817748a3fefa10,2018-06-25 14:28:10,222.63,41.62
1619915f19f043f78db78f991c2a3352,1,60a96eba840c45939580869adb55cfbd,3256cb1248ad4b4f84817748a3fefa10,2018-07-02 05:28:10,52.25,9.87
1619915f19f043f78db78f991c2a3352,2,4a0ccdbece7140f5bc8581b7eee89795,3256cb1248ad4b4f84817748a3fefa10,2018-07-02 05:28:10,176.14,25.83
75c6cc0cb3f541559c9f88c27f6375f7,1,0827c8523bc0409abb90a3a44a6c39ef,a903d001bee44525b5e6391f42278fea,2018-03-28 13:29:42,178.61,37.59
26a63ec6103f46a189210af957eec006,1,42f99711a8f346f6a3415542e8c6b1e0,ba14e082dbb44691929346a735b72672,2017-09-19 23:45:03,39.32,8.5
4c43474642bf468cb0288ff54bf0c7df,1,377d0c1cb8c74bf89a73766c10c8353e,ba14e082dbb44691929346a735b72672,2017-09-20 04:45:03,23.12,8.5
f7464c300d674f55b6eb75d12dd418d2,1,cc80be784d794b17a4babc0c5c0a1e33,ba14e082dbb44691929346a735b72672,2017-09-13 08:45:03,142.5,28.94
50e3a6e5764c41a99d78d95f90afa8eb,1,9e6b7e3c8516498b986a23f98abd5daa,ba14e082dbb44691929346a735b72672,2017-09-23 01:45:03,119.25,16.95
236efc1124db461b98a092c4bd9ebfb1,1,3a422dbdaebc426d974617f87830a28f,ba14e082dbb44691929346a735b72672,2017-10-21 11:45:03,63.49,13.73
c60ded1c5368493c88d24cf9c2bdb837,1,9b2e26d8c0014e7784e5e2875929f73d,7a79cd4f15b34c42b5f04ee7a03eddfa,2017-10-18 23:43:49,67.69,12.15
c60ded1c5368493c88d24cf9c2bdb837,2,6008cf7f38304a07a5db5fd167d9a582,7a79cd4f15b34c42b5f04ee7a03eddfa,2017-10-18 23:43:49,176.6,37.61
d2e03d159c7e4b3b88301f67a0590434,1,f62befaca12149e284e2c60d13145f30,7a79cd4f15b34c42b5f04ee7a03eddfa,2017-10-04 08:43:49,31.12,8.5
d2e03d159c7e4b3b88301f67a0590434,2,749224c75d024b3b852c0a924eb129cb,7a79cd4f15b34c42b5f04ee7a03eddfa,2017-10-04 08:43:49,105.47,11.95
d2e03d159c7e4b3b88301f67a0590434,3,73e3c3884fe649cdab8fd4d6cda22bef,7a79cd4f15b34c42b5f04ee7a03eddfa,2017-10-04 08:43:49,100.31,16.75
8a359f62d61741a2922e74825f012501,1,750f4a1dc60b4d3a9cc5c9f8df4d751f,7a79cd4f15b34c42b5f04ee7a03eddfa,2017-10-03 08:43:49,281.64,40.62
d5f37eaf95274596886a7a3217f5e831,1,96c5a6d6d9af4a429e0169be133f4584,d75c7298229d44d5915da8b7ef4fd282,2017-09-19 07:31:52,16.67,8.5
45655a3943f144958788de7f3f3f2cd1,1,301486d899d4427e9f6439d12b29e7b6,a254ae82f2d84e798de7efbb1f23eac4,2017-10-21 22:26:17,88.76,18.03
e93eb15c66a1429999268944b8a7642f,1,9cd1490631c1488ca9c7d9c7257b8cba,9aebf7d5493740ecac7e42a3baaa1ac7,2018-06-18 06:28:12,160.35,12.99
f82c35ed3cb64173bfb4a9c4ec96b3f6,1,885e236468954acf93aa9f8ef7207c78,9aebf7d5493740ecac7e42a3baaa1ac7,2018-06-01 15:28:12,197.44,15.86
e649b96d509b471ab1484bcc3fe19620,1,67cb04732359425baec1a3235e704580,9aebf7d5493740ecac7e42a3baaa1ac7,2018-07-09 17:28:12,27.58,8.5
aeba4f4ca2534e40a38edec36c03f798,1,ac46a1f7bf9346d9b2e7f3938b31e2f3,9aebf7d5493740ecac7e42a3baaa1ac7,2018-06-10 00:28:12,194.85,34.63
1bdf2f870b084357a7901628ffa37b29,1,2a6e031560a943528a4e27f86eea0e9f,39a6221c2c004820b71a5c6c5c5952a8,2017-10-15 18:32:32,119.77,10.34
fd021cd8c22c4d3a83a4da2cf690e151,1,15a1ec56faf44c9dba8768ebeaa37027,de027af6985d4010873e102da8cbe450,2017-08-24 23:08:12,80.25,8.5
21deec4aabaf437facc4be3b423b4dcd,1,fc2067442c5e4c0bb0ac6ca6d42e6f44,de027af6985d4010873e102da8cbe450,2017-08-09 02:08:12,53.42,8.5
1411d798d3d945d5b83d7bbe82a12947,1,ca03971415be42f6843ba67d06ce0fbe,c4a0b9c2e0e140fa95977a6bd5b10a41,2018-02-22 05:05:55,56.23,8.98
1411d798d3d945d5b83d7bbe82a12947,2,5bc2ec3494f34f0091a8b2f95cb4aba4,c4a0b9c2e0e140fa95977a6bd5b10a41,2018-02-22 05:05:55,204.56,32.31
47ffc1a36f18446fad6e73550dc0b45a,1,95de75afaf174ac19e27442887369880,c4a0b9c2e0e140fa95977a6bd5b10a41,2018-02-06 17:05:55,214.12,26.43
47ffc1a36f18446fad6e73550dc0b45a,2,b2274f055c9a4feabc1b99c701f76de6,c4a0b9c2e0e140fa95977a6bd5b10a41,2018-02-06 17:05:55,189.7,27.74
ebe3bab45e2749b18697958caa7a31c9,1,ddad49438570447d9e1064bdae33e265,c4a0b9c2e0e140fa95977a6bd5b10a41,2018-02-14 21:05:55,147.74,23.53
917326333ddb49b9af2e1aec4a5f6112,1,5d18c287f65b4b2ea07ea09e9263d6ab,c4a0b9c2e0e140fa95977a6bd5b10a41,2018-02-14 06:05:55,78.75,9.18
917326333ddb49b9af2e1aec4a5f6112,2,c60302fe26ce4d91aeedd8f0752b9565,c4a0b9c2e0e140fa95977a6bd5b10a41,2018-02-14 06:05:55,100.3,15.07
8c057ab0db474bedaf10b7fb4b07c9bf,1,0017f2e7769f48eaa467afeda7f4ac9c,c4a0b9c2e0e140fa95977a6bd5b10a41,2018-02-26 06:05:55,40.41,8.5
2cd53a3a539842f19e917fc2aa72c6da,1,9e6b7e3c8516498b986a23f98abd5daa,6bee797da6364097b0c4f6d9a9b2cfd7,2018-03-01 00:03:28,270.74,57.07
c46eb93f96b54cbe875253714150a858,1,247a877f459840c682eaa718a49e97bd,6bee797da6364097b0c4f6d9a9b2cfd7,2018-03-15 02:03:28,96.05,13.72
37bc54caf0ca4b03a2f6ab21c1483374,1,8907742ffd0e4c13a65bc14747664c18,6bee797da6364097b0c4f6d9a9b2cfd7,2018-02-10 21:03:28,259.14,54.96
37bc54caf0ca4b03a2f6ab21c1483374,2,3e3b7d826ad44deea34f842895cbedc8,6bee797da6364097b0c4f6d9a9b2cfd7,2018-02-10 21:03:28,155.2,26.3
74f1581126604890b082f501e0759300,1,67385bc1efce47d0a52483e5afcb2056,6bee797da6364097b0c4f6d9a9b2cfd7,2018-02-27 02:03:28,86.83,8.5
74f1581126604890b082f501e0759300,2,8b722edf7dac409b99a57262eefe0510,6bee797da6364097b0c4f6d9a9b2cfd7,2018-02-27 02:03:28,47.49,8.5
83892ff2a9884cad8557e0631ebccd61,1,0bb08354427a45ec94274964a7d98b96,6bee797da6364097b0c4f6d9a9b2cfd7,2018-02-21 11:03:28,24.02,8.5
32e22f8f0f884b26bc0a3f9c59c432cb,1,3e3b7d826ad44deea34f842895cbedc8,6bee797da6364097b0c4f6d9a9b2cfd7,2018-02-09 21:03:28,79.62,10.38
0c92a8d670764ff1b926340c6fc3195b,1,c7a09223fe16400390fa4f8dbfd7f695,6bee797da6364097b0c4f6d9a9b2cfd7,2018-02-19 15:03:28,883.76,106.35
0025bc7f4263494e8149452371d41769,1,e8020a5073764efca24d5410fd8a0ac7,6bee797da6364097b0c4f6d9a9b2cfd7,2018-02-10 11:03:28,70.26,13.38
6d50458b18cc40c9ae6aa80af5495224,1,c3e270e47ec74ded97785e00f4fcd9f2,6bee797da6364097b0c4f6d9a9b2cfd7,2018-02-10 05:03:28,43.05,8.5
e08ee83f82ba47d1abef7b70603ef2da,1,599693169a8c46398daad3b4cd656065,6bee797da6364097b0c4f6d9a9b2cfd7,2018-02-19 00:03:28,80.14,10.53
71d0a58768a34e9ab230011fa90ae17d,1,a05ffd4e8e394819a1fa8bbcf565e91f,6bee797da6364097b0c4f6d9a9b2cfd7,2018-02-11 00:03:28,19.47,8.5
71d0a58768a34e9ab230011fa90ae17d,2,04bfdebca74e4f89808b43985b8f4c09,6bee797da6364097b0c4f6d9a9b2cfd7,2018-02-11 00:03:28,60.36,8.55
feb99af3ea9744a4ac9060a7deaffaf0,1,32faeea62ac447f5a16c048e7890eb1d,6bee797da6364097b0c4f6d9a9b2cfd7,2018-02-22 12:03:28,44.09,8.5
feb99af3ea9744a4ac9060a7deaffaf0,2,c133b30e95e740219d61b66446d0ff97,6bee797da6364097b0c4f6d9a9b2cfd7,2018-02-22 12:03:28,314.34,66.91
beba89cb82ff4d27a65c3020f119e19d,1,256ccf9a70164819bbd6edeb27646a39,6bee797da6364097b0c4f6d9a9b2cfd7,2018-02-20 15:03:28,43.37,8.88
beba89cb82ff4d27a65c3020f119e19d,2,ea4d851ed80c418991a829520c4b6866,6bee797da6364097b0c4f6d9a9b2cfd7,2018-02-20 15:03:28,27.55,8.5
97bf333d75bb41e4876c61a757257f6d,1,d4a3eb3c66a24845887d4512b70e2b9f,6bee797da6364097b0c4f6d9a9b2cfd7,2018-02-09 20:03:28,67.17,8.5
c7f28a3567be4e74baf54d3227c5804a,1,686c24682d344473ad82eb9f8a96e1be,9da90ce5450f497e90dfb622ec75665b,2017-11-16 10:52:49,196.65,37.44
22dddfa34b2b46ab9dd17328df7a833b,1,dbdcc4dbe1de4a179dfc352a54835cc7,51098324865e4a5da7ec4216659f48b8,2018-03-04 17:55:21,51.99,8.5
6927f25cffc64ab08db73668134a07ea,1,2eda80d07720485094c030af6efe4698,51098324865e4a5da7ec4216659f48b8,2018-04-22 20:55:21,86.46,15.92
6927f25cffc64ab08db73668134a07ea,2,85d0f4a744904c8a872e1eb354feab1f,51098324865e4a5da7ec4216659f48b8,2018-04-22 20:55:21,33.22,8.5
4b54d5a5476c4b54a6d1f244c5f2c1bb,1,8f25d229aa104f8cbce897e43685d9c6,e9837a43e4c74900b8b104d4c54a859a,2017-07-14 06:52:37,48.16,8.5
8bb15b4668a74171ad5ec7033037efed,1,8f25d229aa104f8cbce897e43685d9c6,e9837a43e4c74900b8b104d4c54a859a,2017-08-08 07:52:37,219.15,41.57
482026ac90cf42b7a54e7717625b9468,1,616a0de2321c48d7b22b83c6df5f2dd6,e9837a43e4c74900b8b104d4c54a859a,2017-08-23 11:52:37,45.78,8.6
834a92643d9d4ba29a13b4dab2f3b04b,1,0ab9e8a5d9fd415b958c5479d0476934,e9837a43e4c74900b8b104d4c54a859a,2017-07-18 07:52:37,14.74,8.5
834a92643d9d4ba29a13b4dab2f3b04b,2,a8538a77cda949a5be503fc6ff4516f9,e9837a43e4c74900b8b104d4c54a859a,2017-07-18 07:52:37,122.29,10.09
9724db9cfff74661a3c00040abff0271,1,a33fc612756941f2bae3c5900c4c9ce6,e9837a43e4c74900b8b104d4c54a859a,2017-07-28 14:52:37,37.82,8.5
a9587b14520546f9bb2e3add9acb3dd4,1,cf244287bde4492ca54a26c128a52f42,e9837a43e4c74900b8b104d4c54a859a,2017-09-21 02:52:37,48.89,8.5
370d9605ea23461097fc0ea55b3e49b2,1,8f44427a731d406dbed23cf0721f1ab3,e9837a43e4c74900b8b104d4c54a859a,2017-07-24 05:52:37,242.1,39.36
370d9605ea23461097fc0ea55b3e49b2,2,9bd68970c30e41e5a18bf0558ef98252,e9837a43e4c74900b8b104d4c54a859a,2017-07-24 05:52:37,141.4,13.6
9d91e2d3fc3a482e9fa86ddfb05f2a18,1,b2274f055c9a4feabc1b99c701f76de6,e9837a43e4c74900b8b104d4c54a859a,2017-07-15 12:52:37,38.69,8.5
9d91e2d3fc3a482e9fa86ddfb05f2a18,2,bbcbc06913f1417f96ef1a242969be9a,e9837a43e4c74900b8b104d4c54a859a,2017-07-15 12:52:37,279.49,55.93
6a6ec172df3847e281fb1a8e63f54f92,1,fc0238c296234b3390fb70edcae4db67,e9837a43e4c74900b8b104d4c54a859a,2017-07-10 11:52:37,191.86,30.11
87999ddd4bf04dbdb3f73eff48497fdd,1,9bf22b4119af42719d5d3cbad44efa43,324efe96a4e74fe6a9324dcae94984d3,2017-08-27 11:12:29,58.89,8.5
f08acc5cc3cf4a51b32aa944363f8e03,1,9b2e26d8c0014e7784e5e2875929f73d,b873f753c7244446b009b7063d442736,2017-11-30 17:41:46,559.28,53.49
d8af5985bf084371b58b44aee006855b,1,2d402d763ad64299b09745ad6214d9f3,f7a38bef2c7e443498febaa0f5a02c8f,2017-08-25 17:06:14,102.6,13.99
37ee6bbaee3d4c45b52c4e488a57d8d0,1,4a0ccdbece7140f5bc8581b7eee89795,f7a38bef2c7e443498febaa0f5a02c8f,2017-08-24 22:06:14,96.92,18.01
37ee6bbaee3d4c45b52c4e488a57d8d0,2,f829d0bf1c4447918844f2698a5d0b0c,f7a38bef2c7e443498febaa0f5a02c8f,2017-08-24 22:06:14,37.24,8.5
2ead73716c0e4e649ebcdd7f8a6e9d3c,1,d3b5d812d4ef440a840f95a30f83f83a,f7a38bef2c7e443498febaa0f5a02c8f,2017-12-13 04:06:14,250.76,21.36
781e497370f04175be6b2a1209f9d9dc,1,2a420196eebd43e89723cd54a03f2449,f7a38bef2c7e443498febaa0f5a02c8f,2017-09-04 04:06:14,116.09,16.86
08611f6e24fa4db293899acc16afaacc,1,16a0be45d45744228ac74b60550b5038,9f71682a370b4a958be1d1c38fd7f3fb,2017-11-12 22:58:01,44.63,8.5
2fec383a499f4480b66f8d33ea8b8cf8,1,e648e0824baf40ec9f193e307b16c81f,9f71682a370b4a958be1d1c38fd7f3fb,2017-11-03 16:58:01,84.03,17.82
131313be00c246e59031564d88e45874,1,c4646a0286da4f6e8d424a8a0440f073,5a764931fcd04f4da3d25151ad4ae9ed,2018-02-18 15:33:53,96.43,13.35
131313be00c246e59031564d88e45874,2,616a0de2321c48d7b22b83c6df5f2dd6,5a764931fcd04f4da3d25151ad4ae9ed,2018-02-18 15:33:53,37.6,8.5
131313be00c246e59031564d88e45874,3,6ba91efe9dff4c09ad995ed7b5258f23,5a764931fcd04f4da3d25151ad4ae9ed,2018-02-18 15:33:53,136.2,25.5
af539647007a402f9166b83861822305,1,9bd68970c30e41e5a18bf0558ef98252,5a764931fcd04f4da3d25151ad4ae9ed,2018-02-28 12:33:53,50.34,8.5
64e929d75f344e3eaac89e130a1a324b,1,8af77ce1e6ff4869975e196721d470be,5a764931fcd04f4da3d25151ad4ae9ed,2018-03-02 02:33:53,41.83,8.5
64e929d75f344e3eaac89e130a1a324b,2,f4fe6b0c9b624cd698daf0a70480ddb2,5a764931fcd04f4da3d25151ad4ae9ed,2018-03-02 02:33:53,105.28,12.21
46d68ec6d22a43de8a73774250c3ef96,1,1c8fcfb9f392471abc2ac13537f7ea2a,5a764931fcd04f4da3d25151ad4ae9ed,2018-05-06 14:33:53,18.66,8.5
cb6bdc5861a044b892d24c179ff0ed8c,1,28f634b62d4043e0aac44f369ded1390,5a764931fcd04f4da3d25151ad4ae9ed,2018-02-18 20:33:53,37.24,8.5
d9affadf0dc2445981cab776c642608e,1,65cce69bb1584ce0aeebcb0c8726641b,5a764931fcd04f4da3d25151ad4ae9ed,2018-02-23 21:33:53,72.36,9.08
d824c646e5cc46fc9ef5d810a79dd5a9,1,8850552a3bdd4b7c98681c38867f549d,ec2f4ac7052a4f73bd6117b82fb57093,2018-07-18 00:04:40,177.99,24.63
b8b5cb3aa37f49d9a80b0983b052153d,1,624e23f9f4ad4ec686d41a843a381c1b,ec2f4ac7052a4f73bd6117b82fb57093,2018-07-07 00:04:40,50.09,9.93
934f152e0547428a8c1e50dc1e336c36,1,dda1e9d24d764532814ddd7c0c1dc682,ec2f4ac7052a4f73bd6117b82fb57093,2018-07-24 15:04:40,89.31,9.52
690094015a334408b7c73dc0b0480c8a,1,c08e1d5ffa8a4bf3a16c0d1371c80440,ec2f4ac7052a4f73bd6117b82fb57093,2018-07-02 00:04:40,320.79,42.97
e6ad2de72a784687982dcc8e8a60210f,1,a4204d89be1846fe8e8c91e34f5ec62c,ec2f4ac7052a4f73bd6117b82fb57093,2018-06-12 19:04:40,26.96,8.5
e6ad2de72a784687982dcc8e8a60210f,2,15a1ec56faf44c9dba8768ebeaa37027,ec2f4ac7052a4f73bd6117b82fb57093,2018-06-12 19:04:40,89.19,10.33
e298eaf703a04bf4b3b6f454afe55487,1,f1c12b5617c5442d86c2934c517de3bc,ec2f4ac7052a4f73bd6117b82fb57093,2018-06-23 02:04:40,168.28,29.18
d5a74f7c671f4412a36bfa2d72982d39,1,607909810d6f42dea67dcb1aa97b45bc,ec2f4ac7052a4f73bd6117b82fb57093,2018-06-18 19:04:40,19.18,8.5
859557e93d1548dfb5dfc6e3cecc5b57,1,9b1521a8cc294fbf91bf2db0f30f05f1,ec2f4ac7052a4f73bd6117b82fb57093,2018-06-13 02:04:40,323.2,28.65
702840bffd8b4c22b35265deacb29029,1,db913f0310b9428da1f36c3d75f9ac67,ec2f4ac7052a4f73bd6117b82fb57093,2018-06-27 07:04:40,110.83,11.29
702840bffd8b4c22b35265deacb29029,2,61e5e7feca5a45b3a8cce027c724bdfb,ec2f4ac7052a4f73bd6117b82fb57093,2018-06-27 07:04:40,16.93,8.5
702840bffd8b4c22b35265deacb29029,3,28f634b62d4043e0aac44f369ded1390,ec2f4ac7052a4f73bd6117b82fb57093,2018-06-27 07:04:40,52.92,8.5
78ca6fcee0cc4f0db19ac4a23ce7e682,1,0f577f4856044081a067680fd1c38590,ec2f4ac7052a4f73bd6117b82fb57093,2018-07-06 20:04:40,199.17,18.87
78ca6fcee0cc4f0db19ac4a23ce7e682,2,fc2067442c5e4c0bb0ac6ca6d42e6f44,ec2f4ac7052a4f73bd6117b82fb57093,2018-07-06 20:04:40,329.27,37.78
78ca6fcee0cc4f0db19ac4a23ce7e682,3,8d12cffb9e8b405c9653942e394e753e,ec2f4ac7052a4f73bd6117b82fb57093,2018-07-06 20:04:40,131.28,19.14
e8929cc40d1a4a9f9548921a9c914824,1,b29ae416afdd40ff90a6e3a26127434c,ec2f4ac7052a4f73bd6117b82fb57093,2018-06-18 22:04:40,85.76,12.25
74aa2bca87cb4b1fba3972ff6052ca21,1,32faeea62ac447f5a16c048e7890eb1d,ec2f4ac7052a4f73bd6117b82fb57093,2018-06-20 05:04:40,120.75,25.07
74aa2bca87cb4b1fba3972ff6052ca21,2,50eb640295614831878c72b2d636b3ef,ec2f4ac7052a4f73bd6117b82fb57093,2018-06-20 05:04:40,68.47,10.35
0bb061b16b1c4eabaf7ba48850ba60e5,1,4ff9d07885a44814a66af1b6e6c47b14,73916028ed374ba9a121e6e6ed55db99,2017-09-16 04:41:06,160.45,34.61
128c87e978d147d291f8bc4258c0c121,1,b10e4441c4044a309e051444b2a853c1,22043ea562a648c9a89734c5dabcbc0f,2018-03-12 08:25:10,42.98,8.5
b82721ec441044538f993e65b9c67214,1,03f9cad179014610ba5c095762f291e1,22043ea562a648c9a89734c5dabcbc0f,2018-03-29 18:25:10,37.34,8.5
0d4fc94e195943bd9d3975dc54ae1fa9,1,d0331c8b8de14c9eaf3a9785cb36a63a,c22b963684e0437ba8e5297bbb552420,2017-12-17 14:56:24,315.01,64.21
33ea34235a3240f38fb10135b3f09d46,1,8e394601b3ad4220a588dc0880239e0d,c22b963684e0437ba8e5297bbb552420,2017-11-16 15:56:24,28.62,8.5
9fae6ddd6f944c7fa31d41292538e09c,1,c4646a0286da4f6e8d424a8a0440f073,c22b963684e0437ba8e5297bbb552420,2017-11-27 06:56:24,439.92,62.24
b140a0bc3f2241dfad1f735d40d98afe,1,3ebe7980495e4f38b4798b1aa2876881,c22b963684e0437ba8e5297bbb552420,2017-11-28 04:56:24,96.67,9.4
ba26af23810c4d7697ba865da5809b50,1,4f6bcc525e594b52902551ceed99e429,c22b963684e0437ba8e5297bbb552420,2017-11-15 02:56:24,15.84,8.5
ba26af23810c4d7697ba865da5809b50,2,331f609c93a04ea294523a4e6dc36ba2,c22b963684e0437ba8e5297bbb552420,2017-11-15 02:56:24,123.59,10.6
4b19ea4672824a6d94bd1590275fb26e,1,a400d2923c364fc09552795d7c296747,c22b963684e0437ba8e5297bbb552420,2017-11-19 16:56:24,25.95,8.5
da7a787a18554d59942be0446533ce68,1,3ebe7980495e4f38b4798b1aa2876881,c22b963684e0437ba8e5297bbb552420,2018-01-15 02:56:24,108.76,14.83
598a97931e474af4970a5bdbc34ad338,1,4ff9d07885a44814a66af1b6e6c47b14,c22b963684e0437ba8e5297bbb552420,2017-12-09 04:56:24,229.88,20.27
598a97931e474af4970a5bdbc34ad338,2,2a420196eebd43e89723cd54a03f2449,c22b963684e0437ba8e5297bbb552420,2017-12-09 04:56:24,229.51,46.36
c532af0323f246dba340411730622bf4,1,61a2499f10b44667bd97007735a44def,c22b963684e0437ba8e5297bbb552420,2018-01-18 15:56:24,40.58,8.5
41367faf290f4c6dac10856d27e1164c,1,04bfdebca74e4f89808b43985b8f4c09,c22b963684e0437ba8e5297bbb552420,2017-11-25 05:56:24,64.83,12.22
ee8714613e124636b31a90c5afc94e9a,1,82da95fbfed54b53b256b3f9f828cf45,ac619c490aa445c6936627750b37c974,2017-07-17 11:46:43,93.44,13.82
ee8714613e124636b31a90c5afc94e9a,2,624e23f9f4ad4ec686d41a843a381c1b,ac619c490aa445c6936627750b37c974,2017-07-17 11:46:43,21.05,8.5
cafaf28d474d4d82aa5afef68892633d,1,0b20ad599efc43358c6ef1ed32f7a290,99a72d49b49a4c469cb2a052e1525d0e,2017-11-18 00:19:20,504.36,95.06
076d601d95b14788bcfcca9337ccd922,1,93b06205876c4864b4c0b77e99c0904e,99a72d49b49a4c469cb2a052e1525d0e,2017-09-26 22:19:20,44.09,8.5
207af1d6b05f49ae8056e740cf96c9da,1,40f004bb3d604a5c9358a041ecf52c56,99a72d49b49a4c469cb2a052e1525d0e,2017-09-26 07:19:20,32.42,8.5
5b91f1eaf5b9411fb82be92dfaa0c070,1,0fe83b96d62b415cb33e8bcdc052f6c3,99a72d49b49a4c469cb2a052e1525d0e,2017-09-28 10:19:20,114.9,19.47
0b1ce158184149269d99c2364f7106f3,1,fc2067442c5e4c0bb0ac6ca6d42e6f44,99a72d49b49a4c469cb2a052e1525d0e,2017-11-12 10:19:20,85.74,13.46
0b1ce158184149269d99c2364f7106f3,2,7c88cbb90cac43acbe50ca2290985c7b,99a72d49b49a4c469cb2a052e1525d0e,2017-11-12 10:19:20,32.61,8.5
60811b44ac464ff6aed5e461a931b7d6,1,e5a9ab53deef4434a9e5c480159813c3,99a72d49b49a4c469cb2a052e1525d0e,2017-09-29 09:19:20,111.64,15.43
d6418bd1dd234533b01d0eff1d1f342b,1,99328ac30b3140fbb891947a9bd449e8,99a72d49b49a4c469cb2a052e1525d0e,2017-09-26 07:19:20,63.05,8.5
c35927af17344580be05a570d2fdd9be,1,d9382339b69d4b4cbc17e601844a6990,92f744b2621e470682f5f0c905e07184,2018-05-26 03:17:50,118.25,15.99
c35927af17344580be05a570d2fdd9be,2,6f1796cd339044e0a1662087c3c7ff46,92f744b2621e470682f5f0c905e07184,2018-05-26 03:17:50,637.83,105.96
b42f8e3f97504d509d84be5d26df73dd,1,f4cd089973224c358bcf638f9df76987,7c0136b69aa24cc284060ab98e6844fc,2017-09-17 07:20:53,297.83,38.58
1eb370fb2f0143e88f2c1947dc7484e8,1,41c99161861b415a9159d9a0fe328812,7c0136b69aa24cc284060ab98e6844fc,2017-09-22 22:20:53,74.9,16.27
1eb370fb2f0143e88f2c1947dc7484e8,2,f7a344b17f294348903e5fdf4d0860df,7c0136b69aa24cc284060ab98e6844fc,2017-09-22 22:20:53,70.79,9.81
39d52ebc69d644f99f7b0e626f1a8792,1,a1ba1bba98c947458fc919a1a339edc9,fe89cd88a24348a7bc04aef4b67143b2,2018-02-19 23:30:48,106.76,10.99
39d52ebc69d644f99f7b0e626f1a8792,2,00f84dba5aa1491781ecaf85fb02ce0a,fe89cd88a24348a7bc04aef4b67143b2,2018-02-19 23:30:48,14.05,8.5
05d532ab6a9d460db8e8cfe1d3bb4742,1,6eb4e94770034034af0e2ab526721538,c138ad9c50fd4558a064b5f5c4ddf6b8,2017-08-16 20:51:55,103.27,22.34
7811f7799a5646e28d167dc15e6f6edd,1,d3a7294fd2584f12a3819db667854db6,c138ad9c50fd4558a064b5f5c4ddf6b8,2017-07-24 13:51:55,74.13,12.36
90021dae87fe4aa68b54edf3ca9d20f1,1,4d5f747d841145c583309c90cc159d97,dce93797356d40b39d7d01001fe8898f,2017-10-13 06:24:47,36.54,8.5
bb89415061684fedbf5aa66c25a4a46a,1,8045435f964d4746ab6d86b9c708b83a,16ce07f55c74446c8add71357f1099f5,2018-06-09 18:16:47,157.55,34.33
bb89415061684fedbf5aa66c25a4a46a,2,0f577f4856044081a067680fd1c38590,16ce07f55c74446c8add71357f1099f5,2018-06-09 18:16:47,285.85,34.26
bb89415061684fedbf5aa66c25a4a46a,3,8af77ce1e6ff4869975e196721d470be,16ce07f55c74446c8add71357f1099f5,2018-06-09 18:16:47,32.06,8.5
7c5c3fef68fc4f6792d3375121e67fe2,1,ef035a03586a4d339014e0b9616ee8f9,16ce07f55c74446c8add71357f1099f5,2018-06-10 07:16:47,85.63,13.2
7c5c3fef68fc4f6792d3375121e67fe2,2,95de75afaf174ac19e27442887369880,16ce07f55c74446c8add71357f1099f5,2018-06-10 07:16:47,123.67,10.99
8b68266dd95b4f3cb129c7847655a745,1,fd60b9a690b44f3c9588c38e8290a214,16ce07f55c74446c8add71357f1099f5,2018-05-21 07:16:47,14.0,8.5
be2b9e97953146af8e3a57056861830f,1,0aea9db47c7e4fafbe6cc45f27ba19da,16ce07f55c74446c8add71357f1099f5,2018-06-16 21:16:47,159.72,15.8
21a3cabdc27e46bb9d4c9f6ee6418cb7,1,319a8a9a5da24575b64c77d1564407c5,16ce07f55c74446c8add71357f1099f5,2018-05-24 22:16:47,66.03,8.5
b894dda0ba3d48c3857a90a1cea3fa6c,1,dbdcc4dbe1de4a179dfc352a54835cc7,16ce07f55c74446c8add71357f1099f5,2018-06-03 10:16:47,147.3,16.62
87407100fd7e4e20adcc86baada44d4e,1,82da95fbfed54b53b256b3f9f828cf45,16ce07f55c74446c8add71357f1099f5,2018-06-01 09:16:47,132.49,21.73
5fdc2ea0616440669c77f07a94a0616c,1,5bc2ec3494f34f0091a8b2f95cb4aba4,576c37a7005d43799ec5caeaa2ac7477,2017-12-23 22:47:06,86.35,14.51
7c4c35c5fb664715a79353892135aff1,1,5fcb4bf2925d468ca98c2b8d370025fc,576c37a7005d43799ec5caeaa2ac7477,2018-01-15 13:47:06,68.05,14.85
c89039a08cfd468881c64e9b7fcc3c0a,1,07cc96ee293f40658456b7e42c6838e7,576c37a7005d43799ec5caeaa2ac7477,2018-01-06 20:47:06,64.56,8.5
c89039a08cfd468881c64e9b7fcc3c0a,2,07759cda858a4a7daead2ca1731c814b,576c37a7005d43799ec5caeaa2ac7477,2018-01-06 20:47:06,635.62,75.78
787463f298e24470a44746fe3e872810,1,82da95fbfed54b53b256b3f9f828cf45,576c37a7005d43799ec5caeaa2ac7477,2018-02-13 22:47:06,25.26,8.5
75177e07620f4e3fafc6a5af3140fe91,1,aac0cdcff44547ec928f26aeab7cdfda,576c37a7005d43799ec5caeaa2ac7477,2018-02-04 19:47:06,38.54,8.5
0cc0f3aa1e914cba9e003824d1d34efd,1,7744a4f1e8d7478e9ab0f72f1f6f0a42,576c37a7005d43799ec5caeaa2ac7477,2018-01-04 19:47:06,41.15,8.5
1c516b489388420e846c3989bc33b168,1,b6f172788ba84bd3a46112ee0649db5c,576c37a7005d43799ec5caeaa2ac7477,2018-01-12 16:47:06,29.5,8.5
5f7c0e00a5f04f09bdea717f91a4b96f,1,42487d80f04e4168b1d3d9386f47fac7,576c37a7005d43799ec5caeaa2ac7477,2017-12-27 12:47:06,71.86,9.98
c126215d038f4d7c8f4bf48082e56dca,1,aa54fe2f79d34d968dc82aa26a126887,576c37a7005d43799ec5caeaa2ac7477,2017-12-22 13:47:06,55.84,8.5
0f5828f520e74004ba26e6128342e1b8,1,f7242f323cea46bd885a8f6ed384c347,576c37a7005d43799ec5caeaa2ac7477,2017-12-31 07:47:06,131.07,10.62
0f5828f520e74004ba26e6128342e1b8,2,0f577f4856044081a067680fd1c38590,576c37a7005d43799ec5caeaa2ac7477,2017-12-31 07:47:06,38.59,8.5
01ac67bd15764048839d8ebbcd67f96b,1,dd76308e3fd24f1a96e7f100a39def8d,576c37a7005d43799ec5caeaa2ac7477,2018-02-08 17:47:06,43.46,8.5
290c2444eea34876a4713e0c55e18ed0,1,a7d18cd824094eddac44b5aafdecba18,9e3191c5957a4a02b72c836cd98a4f69,2018-06-12 09:29:38,199.05,39.27
290c2444eea34876a4713e0c55e18ed0,2,e1090e0f355d45a5be16d137b63ec88f,9e3191c5957a4a02b72c836cd98a4f69,2018-06-12 09:29:38,34.9,8.5
f2a758056a4b4aa58a4c04b2e833e0d9,1,b9209700328c486b84c17de27d6b1caf,9e3191c5957a4a02b72c836cd98a4f69,2018-06-09 04:29:38,27.12,8.5
f2a758056a4b4aa58a4c04b2e833e0d9,2,a33fc612756941f2bae3c5900c4c9ce6,9e3191c5957a4a02b72c836cd98a4f69,2018-06-09 04:29:38,203.64,16.51
f09811766b4249d8a15d579651a23d89,1,50eb640295614831878c72b2d636b3ef,9e3191c5957a4a02b72c836cd98a4f69,2018-06-29 03:29:38,122.67,19.81
93eb74d8f333483dae453409ad73a67a,1,6c7af5e24af6424c960282f49ac9b498,9e3191c5957a4a02b72c836cd98a4f69,2018-06-10 15:29:38,28.59,8.5
1f88b4081b0a41bd9b4542832a8cf4db,1,3a422dbdaebc426d974617f87830a28f,9e3191c5957a4a02b72c836cd98a4f69,2018-07-01 01:29:38,125.86,22.57
e8a3db10c924439ab7936b2608ad23f7,1,e97d865790464805a0edec0b2a18beb2,ac0f6eb43898466cb5724c90fba36682,2017-11-24 23:45:17,293.63,56.73
2218205aa53b4bbabd80e7ddd6e76455,1,9e97620fff8d42d5ab62dac205c782a6,ac0f6eb43898466cb5724c90fba36682,2017-11-22 18:45:17,75.56,9.95
2218205aa53b4bbabd80e7ddd6e76455,2,6e31d6e961d747f28ec599ea5ddcf24e,ac0f6eb43898466cb5724c90fba36682,2017-11-22 18:45:17,270.36,51.9
cda1e99be7104a2d8ba9321206e99249,1,22cc83a22731444c8b7ef15b2fa994c1,ac0f6eb43898466cb5724c90fba36682,2017-11-26 00:45:17,58.48,10.02
fe656ed54f6545b8ae4bc769f14342bf,1,168aba01f177424b988028941413d692,ac0f6eb43898466cb5724c90fba36682,2017-11-17 17:45:17,137.56,25.59
8247e5dd7e8b4cd792b70452e071eafb,1,c04a694415134dd5b7a9929fa078397e,ac0f6eb43898466cb5724c90fba36682,2017-11-22 16:45:17,121.98,22.44
8247e5dd7e8b4cd792b70452e071eafb,2,a01fb9b5f8c849f0837ebe2182325f7d,ac0f6eb43898466cb5724c90fba36682,2017-11-22 16:45:17,150.28,15.57
622d2099534d479d9d1dabc391d687b2,1,d35f192bee104404ad77f6922acf6a65,ac0f6eb43898466cb5724c90fba36682,2017-12-05 19:45:17,28.26,8.5
1669ab1a3e07453eb3098e8a94df2692,1,1cd7ea7106664ab3b82841a986286df3,ac0f6eb43898466cb5724c90fba36682,2017-11-25 07:45:17,95.37,14.28
1f3925834ad64fffbd8f9d20d9e04f76,1,a2e390036377413eb7ece7c0913928f3,ac0f6eb43898466cb5724c90fba36682,2017-11-26 17:45:17,95.5,16.76
733406c1f11d48f882c0a459a46ac15f,1,637518c4a8b0450db5949f81b0badb5d,ac0f6eb43898466cb5724c90fba36682,2017-11-15 00:45:17,117.2,18.02
06ac24600f5645e9a2853d0256b936de,1,e73d46bde6c346b4a0b5223a288c8af2,ac0f6eb43898466cb5724c90fba36682,2017-12-15 01:45:17,170.0,24.96
ba039e96225a4e298bd80276db0d49ec,1,571d5ed2f68246f2b85ab4b024a43cfb,ac0f6eb43898466cb5724c90fba36682,2017-11-14 23:45:17,53.22,8.5
f7968e7a14b84cffb953d5a8daa53b58,1,885e236468954acf93aa9f8ef7207c78,ac0f6eb43898466cb5724c90fba36682,2017-11-15 16:45:17,37.14,8.5
c87a533fe06b445f983edc50f0ea6768,1,1c456e659155442a83a9605fa921949a,ac0f6eb43898466cb5724c90fba36682,2017-12-04 22:45:17,258.24,53.75
4915c051d497426fb26a4191a60b541f,1,3a422dbdaebc426d974617f87830a28f,ac0f6eb43898466cb5724c90fba36682,2017-12-09 03:45:17,124.9,24.71
fef55a9684bd4af699b027d932ae2c17,1,3996b5d268bb4dbd957ed7053e057f2f,c70e3c650a144dc6b14b90c34d9302e6,2018-03-11 00:05:27,28.78,8.5
e530cbe8944f4339829276d9c410d6db,1,ecd9ef0722434060ae2ecbef12603d42,c70e3c650a144dc6b14b90c34d9302e6,2018-01-19 07:05:27,40.37,8.5
3a23eae9dd7948b9bd204fcb27b4ef01,1,07cc96ee293f40658456b7e42c6838e7,c70e3c650a144dc6b14b90c34d9302e6,2018-01-19 04:05:27,83.69,18.18
902cfcb4bf1241ad87277e90ce494ec9,1,3f1f42b8148c4616995f65dc85f5e585,c70e3c650a144dc6b14b90c34d9302e6,2018-01-22 13:05:27,97.69,13.11
739f3dce426e46afbf88980a40894fe0,1,b29ae416afdd40ff90a6e3a26127434c,c70e3c650a144dc6b14b90c34d9302e6,2018-02-04 23:05:27,44.86,8.5
739f3dce426e46afbf88980a40894fe0,2,66746c1c3d9d475e96cdfe48b82d6818,c70e3c650a144dc6b14b90c34d9302e6,2018-02-04 23:05:27,41.42,8.5
a3256a2b83674f64b7b93a6f46e9f381,1,6e9670c39e694a0289db579ac1bc4d00,c70e3c650a144dc6b14b90c34d9302e6,2018-01-25 14:05:27,117.36,24.79
3d175d6d732448a9802c99956eb6128b,1,b9209700328c486b84c17de27d6b1caf,c70e3c650a144dc6b14b90c34d9302e6,2018-01-20 13:05:27,106.83,21.09
829d3d00ac7d4728bc6616f296e90acf,1,e10480b761024d3e945c00312d9fd615,c70e3c650a144dc6b14b90c34d9302e6,2018-02-25 22:05:27,16.61,8.5
08f97f677922453cbe6e54f4914bd158,1,5476066d71d04a85939ffdc9ea206e59,c70e3c650a144dc6b14b90c34d9302e6,2018-02-02 07:05:27,149.94,13.2
3a40391c8cd2442da9a7d8c366bbaf8a,1,1c456e659155442a83a9605fa921949a,c70e3c650a144dc6b14b90c34d9302e6,2018-03-22 15:05:27,27.01,8.5
44976af0cf6b4d69bd61e4abe34dd740,1,0aea9db47c7e4fafbe6cc45f27ba19da,c70e3c650a144dc6b14b90c34d9302e6,2018-01-25 04:05:27,70.97,8.69
ee5d499262b64cd7beb7b8695b2c88f0,1,7744a4f1e8d7478e9ab0f72f1f6f0a42,c70e3c650a144dc6b14b90c34d9302e6,2018-01-20 01:05:27,135.86,16.42
54e032e583b24baeb3ca3d133d2b7023,1,60a96eba840c45939580869adb55cfbd,c70e3c650a144dc6b14b90c34d9302e6,2018-02-05 11:05:27,97.04,9.49
17e258175c064a74920dd2b4558c96cb,1,26a68f39539e4612b55df3f28c2940a8,e7d35c882e134032801f8600c4fe196c,2017-10-26 06:42:57,50.21,9.62
17e258175c064a74920dd2b4558c96cb,2,52c696da9573428e917bfdded6025a8e,e7d35c882e134032801f8600c4fe196c,2017-10-26 06:42:57,198.55,41.47
0a407bc0ba704cdda9dabc2a97728cab,1,31c4802eca6a489ba35e4a48b53c6b84,e7d35c882e134032801f8600c4fe196c,2017-10-02 05:42:57,124.35,26.47
7443ddf280a840f5a97c5cf8256baf32,1,153c8ef2900c4b70b0fdf5256634d1e8,e7d35c882e134032801f8600c4fe196c,2017-10-15 20:42:57,126.63,15.08
45c25b7e6b104ce5b5a6b5bc522bfb9e,1,3ddb170c40c64e95abcc7c4182834807,e7d35c882e134032801f8600c4fe196c,2017-10-05 05:42:57,109.15,20.25
b5668ed7034a4d5fafbbb7efdc7cda2b,1,ef333f44f4e549629d234085e47a3125,e7d35c882e134032801f8600c4fe196c,2017-10-05 06:42:57,121.17,25.39
ff122da0151b41fe87e08acb43fad6be,1,49609ce23cd54df1a907d7d6ea87b9cf,e7d35c882e134032801f8600c4fe196c,2017-10-26 06:42:57,254.07,35.63
4c2efb2a8bef4a14be32ee4aa3c197cb,1,a4e328b20f3f407c89cdd89de13c1744,e7d35c882e134032801f8600c4fe196c,2017-11-07 02:42:57,52.86,8.5
4c2efb2a8bef4a14be32ee4aa3c197cb,2,03b42f610af04cd7a50a430bf26a43ad,e7d35c882e134032801f8600c4fe196c,2017-11-07 02:42:57,103.5,17.75
171183b0931943698af09428ab43f053,1,58aa2de3269b41038b506f05b4878599,e7d35c882e134032801f8600c4fe196c,2017-10-03 02:42:57,67.36,8.5
055af2b7648649458f6140715400434b,1,9e6b7e3c8516498b986a23f98abd5daa,e7d35c882e134032801f8600c4fe196c,2017-10-10 08:42:57,152.22,25.79
81485021b7e24c4fa07debd599b12711,1,e2415014d9b447d8b7a8f9fdc534d4f7,e7d35c882e134032801f8600c4fe196c,2017-10-10 11:42:57,40.24,8.5
04b54761d49d496b94eaa7399bcffa71,1,42487d80f04e4168b1d3d9386f47fac7,e7d35c882e134032801f8600c4fe196c,2017-10-05 17:42:57,304.18,38.08
04b54761d49d496b94eaa7399bcffa71,2,78de62cdabe848cb964badce446a16fc,e7d35c882e134032801f8600c4fe196c,2017-10-05 17:42:57,88.65,19.09
04b54761d49d496b94eaa7399bcffa71,3,578333f3687241f58d0b3caab8021edd,e7d35c882e134032801f8600c4fe196c,2017-10-05 17:42:57,176.44,21.12
d83201601e3743d98c9280368ea33094,1,b9c77bde49ff4ef89b1be5fb74df32a1,e7d35c882e134032801f8600c4fe196c,2017-11-08 08:42:57,49.25,8.5
fd120e1d822346b59dbd21162b0afa1d,1,67cb04732359425baec1a3235e704580,e7d35c882e134032801f8600c4fe196c,2017-11-01 00:42:57,57.56,8.5
99fa535c6720448dae2d9ce85b38b704,1,ed2ebbf84ad84cfe965935ffd2dc1262,4c66859a8f954a8295b91ec90e92c5ae,2018-04-03 18:24:02,87.87,10.0
99fa535c6720448dae2d9ce85b38b704,2,4d5f747d841145c583309c90cc159d97,4c66859a8f954a8295b91ec90e92c5ae,2018-04-03 18:24:02,126.12,24.37
bb7e08eb77fd46a38b2d4eac1d11793f,1,705f23c17ef446b3b03c9e9bd22b10ec,4c66859a8f954a8295b91ec90e92c5ae,2018-04-25 12:24:02,86.3,13.71
527b1c89c63e49a4b469cbab6e0141e7,1,b442e6c747084f10a75305f1bec297ba,4c66859a8f954a8295b91ec90e92c5ae,2018-03-31 02:24:02,100.33,12.63
7da8f0d545ef4d09abca12d3d3ccf110,1,3fe52a703a254731a0b1e9c38fe0bc15,95e8a5e9e8914d66a3866966938d389b,2017-11-12 10:43:03,108.59,18.48
4fc7e34a7f0944048d23fdf77f86a784,1,5476066d71d04a85939ffdc9ea206e59,95e8a5e9e8914d66a3866966938d389b,2017-12-17 22:43:03,63.83,12.15
6eb6dd626fa54d7a8d677afca1b019c8,1,c60302fe26ce4d91aeedd8f0752b9565,95e8a5e9e8914d66a3866966938d389b,2017-10-21 18:43:03,245.77,39.29
eb9bf72418e54a58a468b63092fb7678,1,c7a09223fe16400390fa4f8dbfd7f695,95e8a5e9e8914d66a3866966938d389b,2017-11-01 09:43:03,18.96,8.5
eb9bf72418e54a58a468b63092fb7678,2,27df63dbf6f8439289cbf40e034cb4b4,95e8a5e9e8914d66a3866966938d389b,2017-11-01 09:43:03,170.49,14.82
07b90785ace84ecfa37c3df3bcfd508d,1,b09f581b54cc4e199cd649de28e9ff82,95e8a5e9e8914d66a3866966938d389b,2017-10-31 12:43:03,73.38,8.5
48ce98a8d47d4b39a04e3d78376dc6b0,1,616a0de2321c48d7b22b83c6df5f2dd6,95e8a5e9e8914d66a3866966938d389b,2017-10-23 19:43:03,128.51,24.9
428cb2cc71334ee9afa2ec8f12c8a1a4,1,14264f74e0194082bb4d36c761037b2f,95e8a5e9e8914d66a3866966938d389b,2017-10-18 22:43:03,153.79,31.52
4b438c81f36e408eb62ea0a6e9c701d4,1,37c3fc17d27f40d5aaba7fbf8e3ff943,95e8a5e9e8914d66a3866966938d389b,2017-10-21 09:43:03,54.9,8.5
f4ca4a610dff470e99d1ea7de04c5428,1,ece5b6f83445415398b9ace9d683d0cf,77ad6930b13647c9ba29b019c46308e9,2017-12-12 05:30:58,18.61,8.5
42cc9ae81b0f4526a3f8e58aa685e306,1,039fc89d205a4e0980b92bda277ec290,77ad6930b13647c9ba29b019c46308e9,2017-12-07 22:30:58,98.67,19.3
30423f99de364b8882ad3862af7e7725,1,8b722edf7dac409b99a57262eefe0510,77ad6930b13647c9ba29b019c46308e9,2017-11-14 09:30:58,103.74,13.97
8d5c84e4444b4acaaccc025c24a810db,1,a28f4b54b2434175a4871b0463cea289,77ad6930b13647c9ba29b019c46308e9,2017-12-04 07:30:58,446.33,87.77
e472a4e561ea459a83a611073198fd1b,1,8d46d80d53a94081984e1d83be0e87f5,77ad6930b13647c9ba29b019c46308e9,2017-11-17 16:30:58,47.52,8.5
b06198f66cf64625b8ced84f32aa5e4a,1,1463a4cc9bc04f4092decb610fa825af,77ad6930b13647c9ba29b019c46308e9,2017-11-16 11:30:58,86.49,9.03
3ad17ab3f82f43ea80dad0af0910eea0,1,e45f4834a5354c71a28a2d4998add40b,77ad6930b13647c9ba29b019c46308e9,2017-11-20 09:30:58,102.83,15.31
2a639d3bc6414dca9eebc5134dc2d92f,1,0eeaaf0ec94a4541ad472945a44b349e,77ad6930b13647c9ba29b019c46308e9,2017-12-03 11:30:58,50.68,10.41
bbe7d4b561524b45a3540054012ca127,1,c133b30e95e740219d61b66446d0ff97,668256d68a5f412cbce635be9dd05d95,2018-01-27 20:16:30,107.72,15.24
19a7352ce2ae4d70ae7293b18655e0e1,1,07cc96ee293f40658456b7e42c6838e7,668256d68a5f412cbce635be9dd05d95,2018-02-17 11:16:30,144.46,21.83
a3e9a9a4ab9048078258154fdaac7684,1,41c99161861b415a9159d9a0fe328812,668256d68a5f412cbce635be9dd05d95,2018-01-14 15:16:30,45.3,9.82
0aee1fea8ad1468c8cf95bde1d6714cb,1,686c24682d344473ad82eb9f8a96e1be,7eb7d251c3864379a719ec1ee659dfe0,2017-10-02 13:55:10,150.42,32.09
c518549c536b4e4a9e25426115f750f4,1,a2a678b833b049368cb5c35a8536b4ca,7eb7d251c3864379a719ec1ee659dfe0,2017-09-03 13:55:10,256.37,47.04
96df8843d06e430b86285f49221e56c4,1,36782f79dcce4664a60a295f096af21f,69b99f24696a46209bd893cc15bca08c,2017-09-17 22:55:15,69.87,8.5
beb7c7cc5eb34699a01ce52db48d914d,1,8485d83aad3e40829beada2b00c09a14,1303014d07114304b65e619881e9096e,2018-02-13 23:58:09,71.11,9.16
8688aa5db1c8498887f7fdd7b7fc1325,1,e73d46bde6c346b4a0b5223a288c8af2,1303014d07114304b65e619881e9096e,2018-01-07 01:58:09,45.96,8.5
3aa06f082bfa4333b370b596d8879b11,1,22cc83a22731444c8b7ef15b2fa994c1,1303014d07114304b65e619881e9096e,2018-01-17 22:58:09,108.12,13.5
9082d8cafd434fb49c47c2a3e5421b08,1,41c99161861b415a9159d9a0fe328812,1303014d07114304b65e619881e9096e,2018-02-14 20:58:09,117.48,11.16
c3122f238150454bb56c3979345490ea,1,62e49ef028f94a0daf1d9548a051bb57,1303014d07114304b65e619881e9096e,2018-02-04 04:58:09,170.33,17.87
7e913c38ad8045f4b0859611fb0e30be,1,9114028ab504439189ac0d89fc7f4b4f,1303014d07114304b65e619881e9096e,2018-01-16 06:58:09,19.18,8.5
63ae501a5cd04ce6a7364c0bc423382e,1,42860097a90c411eaba670606f3dad27,1303014d07114304b65e619881e9096e,2018-01-12 21:58:09,84.08,15.31
f53245a95dbf4a8890cbd7377a6de4e1,1,1410bf6121ce4596b3b816b73707b1d2,3b939fba12c34ac3a6c2474d633aa701,2017-06-30 12:20:32,43.64,8.5
6031ce645ed64ea7a6c662c38b493dcb,1,f1c12b5617c5442d86c2934c517de3bc,75535cadda814d3fbcb6571cbe0ae883,2017-11-08 08:47:35,134.47,16.49
394769a3e86f4c918ee31a6e123dbeb6,1,b10e4441c4044a309e051444b2a853c1,75535cadda814d3fbcb6571cbe0ae883,2017-10-14 00:47:35,49.35,8.5
4906e048e7a045ada7dbf50556e6081f,1,ba9f574784c74426aab098f3c5e5b024,75535cadda814d3fbcb6571cbe0ae883,2017-09-16 09:47:35,44.36,8.5
dc19cbf2f2504005a3bed12fc9a384ca,1,e2415014d9b447d8b7a8f9fdc534d4f7,212d6a2d3af446948b7974c1ef62cdf4,2018-02-03 19:12:35,150.05,25.65
635fefc16fb842e9b301508bf955885a,1,750f4a1dc60b4d3a9cc5c9f8df4d751f,212d6a2d3af446948b7974c1ef62cdf4,2018-02-02 01:12:35,171.58,22.67
e91bebcc86e74c5ba8b8ce0a296408c6,1,331f609c93a04ea294523a4e6dc36ba2,212d6a2d3af446948b7974c1ef62cdf4,2018-02-04 08:12:35,45.89,8.5
044569ed395b40ecb1dcfddc65daad13,1,9b1521a8cc294fbf91bf2db0f30f05f1,212d6a2d3af446948b7974c1ef62cdf4,2018-03-01 23:12:35,84.04,10.0
fa3cb93c51714e1aafb6269dea89d170,1,b2274f055c9a4feabc1b99c701f76de6,212d6a2d3af446948b7974c1ef62cdf4,2018-01-31 13:12:35,60.87,11.63
10eaa2be6d8c47c48120e6e91669327d,1,3d2395310b39420d93bc59faa3af7755,212d6a2d3af446948b7974c1ef62cdf4,2018-01-29 07:12:35,250.46,25.96
10eaa2be6d8c47c48120e6e91669327d,2,ef035a03586a4d339014e0b9616ee8f9,212d6a2d3af446948b7974c1ef62cdf4,2018-01-29 07:12:35,37.98,8.5
c368ea0bb76c449e9c2645e8156cdbb8,1,a4e328b20f3f407c89cdd89de13c1744,212d6a2d3af446948b7974c1ef62cdf4,2018-01-30 06:12:35,26.97,8.5
a770dbbd24d24130b125c47eedc49b83,1,07cc96ee293f40658456b7e42c6838e7,212d6a2d3af446948b7974c1ef62cdf4,2018-02-06 16:12:35,66.49,14.1
3be637f8c8ee461ea92a482e559aeb20,1,01a2e162e71d4baebcb561917f105188,212d6a2d3af446948b7974c1ef62cdf4,2018-02-13 12:12:35,42.42,8.5
fd22cc4ec48a40f5b1e1fc55bafd44a2,1,fa0f9f7aab4a495ca25cc380ae74e14f,9204fbeb14a841bfbfa3f37d05de59fd,2017-08-04 10:58:59,55.53,8.5
00782c19dd8842019cfbb603ec03d282,1,f437bd876f5d40379fe3f92787e8c23e,9204fbeb14a841bfbfa3f37d05de59fd,2017-08-10 18:58:59,32.71,8.5
ae41bd0311504fe8a42650672df769b1,1,c0e77397c88b4e998535d316d83486f4,9204fbeb14a841bfbfa3f37d05de59fd,2017-08-26 03:58:59,330.6,36.59
ae41bd0311504fe8a42650672df769b1,2,4e15671b8a0f4a9eba6cd5b8e3e7a969,9204fbeb14a841bfbfa3f37d05de59fd,2017-08-26 03:58:59,137.25,30.04
859c725f49ff4ee3913a1802e42db072,1,4fe901af6e6c4e40bf2cb198c0b0fc00,9204fbeb14a841bfbfa3f37d05de59fd,2017-08-27 02:58:59,138.66,25.53
859c725f49ff4ee3913a1802e42db072,2,9aab70096b5449ef860fb6d51b6134f6,9204fbeb14a841bfbfa3f37d05de59fd,2017-08-27 02:58:59,79.5,14.95
859c725f49ff4ee3913a1802e42db072,3,70a2941f0a8c48bdb8ccc5c7612ec7fa,9204fbeb14a841bfbfa3f37d05de59fd,2017-08-27 02:58:59,172.18,23.68
d322a0beccd64ff48285433ac7ab3a8e,1,05a3a1ae2a824b2cae9aa10348b52218,9204fbeb14a841bfbfa3f37d05de59fd,2017-08-24 18:58:59,112.68,10.59
7a07c4cc81f64d3bab6bb208ac3f0851,1,73e3c3884fe649cdab8fd4d6cda22bef,9204fbeb14a841bfbfa3f37d05de59fd,2017-08-14 06:58:59,183.95,23.39
6d007b381b244d7a96fe96d319344daa,1,e3e66dd509b94f68b92dad2356588683,9204fbeb14a841bfbfa3f37d05de59fd,2017-08-02 17:58:59,148.71,27.02
990252399f374071baf44ba72332568e,1,88475bb80f7e4b4ba09b1c3750248e94,9204fbeb14a841bfbfa3f37d05de59fd,2017-08-18 01:58:59,166.78,27.88
e75b6273ee744e2cbea1a7eda9db685f,1,58aa2de3269b41038b506f05b4878599,9204fbeb14a841bfbfa3f37d05de59fd,2017-08-02 17:58:59,529.52,90.71
a531e3d83b904a7db0e555b7eddc4555,1,05688c66890a44f3a8853d92388e848b,9204fbeb14a841bfbfa3f37d05de59fd,2017-08-12 06:58:59,149.22,14.8
cdbcdb7b9df54831a9147c11411bbc6e,1,f6a52733c953480bbc68d4a00e8ed1da,9204fbeb14a841bfbfa3f37d05de59fd,2017-09-06 17:58:59,73.57,8.5
1f303c51eac34095be6c3ae7258f5ab5,1,c6719e320d20448e85e2de75099dc454,9204fbeb14a841bfbfa3f37d05de59fd,2017-08-10 20:58:59,66.07,14.29
57875cda823548e799a0fb6ba586cf57,1,6ba72f89f95e4036a8dea94f7bbc892f,9204fbeb14a841bfbfa3f37d05de59fd,2017-08-01 21:58:59,17.8,8.5
4f3bc4f724284edd9998cbcb6422aa38,1,90544dc6746941f58f07d486698a4975,9204fbeb14a841bfbfa3f37d05de59fd,2017-09-04 21:58:59,90.44,16.96
4f3bc4f724284edd9998cbcb6422aa38,2,7f8acccd1c4d46b3bc92716ce746dc1d,9204fbeb14a841bfbfa3f37d05de59fd,2017-09-04 21:58:59,38.63,8.5
4f3bc4f724284edd9998cbcb6422aa38,3,0fa0e03c16624b089470a691c452a201,9204fbeb14a841bfbfa3f37d05de59fd,2017-09-04 21:58:59,210.9,33.87
3b7fb33214c045f48b4ea83a741e3bd0,1,d4a3eb3c66a24845887d4512b70e2b9f,9204fbeb14a841bfbfa3f37d05de59fd,2017-08-25 03:58:59,117.85,19.92
d74b9dc1b9f44157b50f939295d845d9,1,ac05f7781b784483b4f09e7ae73cc7c0,bb787adaa2b1485a8065c9388b9b8d52,2017-09-15 20:55:56,58.52,8.5
5215b34869ff428bb026468ef1298b96,1,1f9599d82ebe4e65a33e000ac6ea3a0e,bb787adaa2b1485a8065c9388b9b8d52,2017-10-09 11:55:56,64.7,10.66
7110e9cc7e8c426aad72002e014575a6,1,e73d46bde6c346b4a0b5223a288c8af2,bb787adaa2b1485a8065c9388b9b8d52,2017-10-31 06:55:56,90.88,14.5
f25348d8aac04d14acbc1bfe3bf41c73,1,6c858ec275bf4ba188d88edeb3b3b768,989d1b2b07e145108e5c4bdf7f71ea15,2018-05-22 16:02:31,65.96,8.5
1ce617dcbad24953ad5afe637b0e3324,1,9aab70096b5449ef860fb6d51b6134f6,989d1b2b07e145108e5c4bdf7f71ea15,2018-04-22 16:02:31,191.89,22.43
1ce617dcbad24953ad5afe637b0e3324,2,315ded28a3de45d59ca22c05b283f1c1,989d1b2b07e145108e5c4bdf7f71ea15,2018-04-22 16:02:31,84.26,8.5
1ce617dcbad24953ad5afe637b0e3324,3,637518c4a8b0450db5949f81b0badb5d,989d1b2b07e145108e5c4bdf7f71ea15,2018-04-22 16:02:31,167.13,19.46
3a2ba345e31e4a0f8193312ce7d13842,1,9bf22b4119af42719d5d3cbad44efa43,989d1b2b07e145108e5c4bdf7f71ea15,2018-04-21 01:02:31,118.75,16.48
3a2ba345e31e4a0f8193312ce7d13842,2,e97d865790464805a0edec0b2a18beb2,989d1b2b07e145108e5c4bdf7f71ea15,2018-04-21 01:02:31,91.0,19.85
abc93bda94e94fc8aa573248ed90153b,1,668145e657a9418cb9993cc13aeb9e8e,2ebb1379261243a8b4ffabb61cccb3a1,2018-02-11 15:11:11,100.96,13.64
ce0dade477154d41815af607ff33c46d,1,43812beab7b64cce97b094cdb2579ec2,2ebb1379261243a8b4ffabb61cccb3a1,2018-02-20 07:11:11,81.33,9.27
6f73e52a60664a97884b1eaf453a53f5,1,c1a0e608a06648f7a69c96b5544a1fe9,2ebb1379261243a8b4ffabb61cccb3a1,2018-03-01 23:11:11,74.97,9.18
6f73e52a60664a97884b1eaf453a53f5,2,c133b30e95e740219d61b66446d0ff97,2ebb1379261243a8b4ffabb61cccb3a1,2018-03-01 23:11:11,31.3,8.5
5b4ba837310e46edb841906c1024acb1,1,61e5e7feca5a45b3a8cce027c724bdfb,2ebb1379261243a8b4ffabb61cccb3a1,2018-02-19 09:11:11,74.2,14.69
306c37de10dc46b687dc1399204baa2e,1,bb2961d1f778430693c73d969793e621,2ebb1379261243a8b4ffabb61cccb3a1,2018-02-22 10:11:11,135.88,10.98
ab18d3516ea44a788280caff231b7563,1,a01fb9b5f8c849f0837ebe2182325f7d,2ebb1379261243a8b4ffabb61cccb3a1,2018-02-16 21:11:11,108.59,13.14
ab18d3516ea44a788280caff231b7563,2,cd1254f416eb40dda405182ed9ddc941,2ebb1379261243a8b4ffabb61cccb3a1,2018-02-16 21:11:11,23.69,8.5
aa53fbbb70ac4f4e9d45de40d0b5e897,1,1463a4cc9bc04f4092decb610fa825af,34e66688f03c471dab7d8483fd4e6bcb,2018-06-04 08:50:12,75.69,8.5
88d2abaa279c4fad997b3096d820cea5,1,d9382339b69d4b4cbc17e601844a6990,34e66688f03c471dab7d8483fd4e6bcb,2018-04-29 11:50:12,383.11,45.78
3214ae71c0b44a359e4261cbd5a4fc2c,1,637518c4a8b0450db5949f81b0badb5d,34e66688f03c471dab7d8483fd4e6bcb,2018-04-11 09:50:12,34.37,8.5
4ee258f72bdd435693df3a92fd595156,1,7c88cbb90cac43acbe50ca2290985c7b,34e66688f03c471dab7d8483fd4e6bcb,2018-04-06 02:50:12,151.77,22.14
972e1ba8e99b408d909a0ba0411960bc,1,95de75afaf174ac19e27442887369880,34e66688f03c471dab7d8483fd4e6bcb,2018-04-10 02:50:12,121.16,21.02
c4bf3f4cb8b94cad9ddfd2e32f315c60,1,cf81570bac254a92b191693ad0a5cd12,34e66688f03c471dab7d8483fd4e6bcb,2018-04-15 12:50:12,254.89,33.7
8a8804e11d1d48ce8e7128ece9d4dc3b,1,a01fb9b5f8c849f0837ebe2182325f7d,34e66688f03c471dab7d8483fd4e6bcb,2018-04-14 11:50:12,173.62,21.38
fb47f549638b432fbd0ba6681f34f1fd,1,21d39e0c1bcd42b0aa6d0a5a37ec7e45,34e66688f03c471dab7d8483fd4e6bcb,2018-04-08 10:50:12,99.06,14.82
9d90b23c4e9f4f63aa8c5afc6f228b5a,1,1a918f08e1784107916f2bd51c08cf18,34e66688f03c471dab7d8483fd4e6bcb,2018-04-17 13:50:12,30.25,8.5
d900f366cbf244d28f43303d44c2c890,1,6008cf7f38304a07a5db5fd167d9a582,34e66688f03c471dab7d8483fd4e6bcb,2018-04-15 06:50:12,38.7,8.5
d3a0b9d8ef314203be0adb54f3d63aa3,1,3288edd2dd964011bec543a51b83d404,34e66688f03c471dab7d8483fd4e6bcb,2018-04-19 05:50:12,111.77,15.23
5d2caa64e073467fab24b3d574130764,1,01a2e162e71d4baebcb561917f105188,34e66688f03c471dab7d8483fd4e6bcb,2018-04-23 05:50:12,71.91,9.91
062189f5400b48e48dc28557a11cacc3,1,cc8fab6f2489469790d44d1983d5846e,34e66688f03c471dab7d8483fd4e6bcb,2018-04-07 09:50:12,328.69,39.31
3e24e869c29047a29448921c95af7eda,1,ecd9ef0722434060ae2ecbef12603d42,34e66688f03c471dab7d8483fd4e6bcb,2018-04-25 08:50:12,30.21,8.5
a939bbc9f351401997485c0f0c5f7635,1,58aa2de3269b41038b506f05b4878599,ac372dc0bb3e470f92a8eff49a5e8589,2018-02-27 15:48:25,39.18,8.5
6515efc4e1e94770942ec5ce970485d1,1,3e425b5e24f34266af766f5117f8cf65,e939d78178b349a79f9dc4a039a2ee88,2018-01-21 11:18:38,64.82,12.27
ca14c65f6e244e99abfca71868acc301,1,78de62cdabe848cb964badce446a16fc,ae1b6e44cf014834b27bdab5ade7dae5,2018-05-15 23:29:11,45.54,8.5
4c7fe3d25086446f80cd880350dcc44a,1,fd60b9a690b44f3c9588c38e8290a214,ae1b6e44cf014834b27bdab5ade7dae5,2018-05-28 05:29:11,76.32,8.5
324f029e21ea48b1b5c5a72bce6a7b76,1,1c8fcfb9f392471abc2ac13537f7ea2a,a48171689eac4adca8cddae7e3847a30,2017-09-30 01:36:39,59.15,12.16
98e992ce62484988af657eb0a0db8a99,1,00f84dba5aa1491781ecaf85fb02ce0a,a48171689eac4adca8cddae7e3847a30,2017-09-29 07:36:39,49.06,8.5
98e992ce62484988af657eb0a0db8a99,2,ef035a03586a4d339014e0b9616ee8f9,a48171689eac4adca8cddae7e3847a30,2017-09-29 07:36:39,80.81,15.52
6a98c75580374afbacb4ea8bb61b834b,1,d0331c8b8de14c9eaf3a9785cb36a63a,a48171689eac4adca8cddae7e3847a30,2017-10-12 06:36:39,46.58,8.5
6a98c75580374afbacb4ea8bb61b834b,2,3ebe7980495e4f38b4798b1aa2876881,a48171689eac4adca8cddae7e3847a30,2017-10-12 06:36:39,23.29,8.5
85d1cc430c33466ca446639a8efe5ee6,1,ebb3db69c4cb4c45a6c75ef4c9055d60,a48171689eac4adca8cddae7e3847a30,2017-10-21 02:36:39,42.11,8.82
85d1cc430c33466ca446639a8efe5ee6,2,dcefdd62b9a844beaded92040e431692,a48171689eac4adca8cddae7e3847a30,2017-10-21 02:36:39,66.8,10.31
778a58e62af141c3bb571d15c0c84643,1,696353502a1b4650a1bd72f7e9753a8b,401ce80df07c42fc8743fc9be468df33,2018-05-24 00:37:32,176.35,16.86
6d4c69e4eb644cfc94b5916a4cce2b26,1,b29ae416afdd40ff90a6e3a26127434c,401ce80df07c42fc8743fc9be468df33,2018-06-05 10:37:32,329.2,65.36
6d4c69e4eb644cfc94b5916a4cce2b26,2,71654a466464453e8f801a7f0ef971ae,401ce80df07c42fc8743fc9be468df33,2018-06-05 10:37:32,91.3,13.01
c32e993dc1a745b98e317a6d19245b87,1,d1a9a35929fe4fe4a09176b60ac21528,401ce80df07c42fc8743fc9be468df33,2018-05-30 06:37:32,46.28,9.86
28a556fd392f471b9b61d5f6252953ea,1,54fd0302d42b4681ab8c174fc5593ad4,401ce80df07c42fc8743fc9be468df33,2018-05-24 12:37:32,136.19,14.51
e977a39806ce4ae8b5fdd2590a1bf57b,1,b29ae416afdd40ff90a6e3a26127434c,401ce80df07c42fc8743fc9be468df33,2018-08-23 22:37:32,189.86,24.29
6407187fdbf14a3b811da517849834b5,1,9914a5ae92574e3da512b327dbfa95be,401ce80df07c42fc8743fc9be468df33,2018-06-21 20:37:32,46.95,9.31
aaa1d8ce61a241c38093d881f8ffda88,1,8907742ffd0e4c13a65bc14747664c18,401ce80df07c42fc8743fc9be468df33,2018-06-13 09:37:32,49.13,8.5
aaa1d8ce61a241c38093d881f8ffda88,2,cb4cc6a559fc4437aa9b5be6a60a39c1,401ce80df07c42fc8743fc9be468df33,2018-06-13 09:37:32,37.05,8.5
47d2a028bc704fffa3d77a651dba5fef,1,655d7c5e5af84e83ac444c0c7a81e6fe,401ce80df07c42fc8743fc9be468df33,2018-07-10 23:37:32,183.92,39.95
1c26c409dc984e9da6fdaefc43fcff1d,1,168aba01f177424b988028941413d692,401ce80df07c42fc8743fc9be468df33,2018-05-26 18:37:32,20.82,8.5
589fd60408644c048aa2c5fec61f03a2,1,885e236468954acf93aa9f8ef7207c78,401ce80df07c42fc8743fc9be468df33,2018-06-08 20:37:32,78.38,11.21
7bfec4473a8849ba8f80f95485bd04a8,1,d9382339b69d4b4cbc17e601844a6990,401ce80df07c42fc8743fc9be468df33,2018-06-01 18:37:32,82.85,14.71
44e30b4bf7cf49cf929cde099852cd02,1,f2d3ebe3b4454114826171b2c99dec41,401ce80df07c42fc8743fc9be468df33,2018-07-06 04:37:32,227.42,19.33
44e30b4bf7cf49cf929cde099852cd02,2,a4204d89be1846fe8e8c91e34f5ec62c,401ce80df07c42fc8743fc9be468df33,2018-07-06 04:37:32,137.96,26.18
bb423ccf4b564f848440900b2fdd36ed,1,c29e0cc8685e4a30a3a685f2845e388d,401ce80df07c42fc8743fc9be468df33,2018-06-29 07:37:32,68.73,15.06
4036e238b9224c648279be19c3c3e794,1,c15c2bb086434ad7a9eaa40b2ed5d986,401ce80df07c42fc8743fc9be468df33,2018-06-01 08:37:32,187.63,22.08
558ea8c221e447ad82f0f80a41f5b098,1,3996b5d268bb4dbd957ed7053e057f2f,aeb57b656a8d464cb175bee740634497,2017-07-31 22:25:31,198.65,21.75
558ea8c221e447ad82f0f80a41f5b098,2,d7dedae680d14c6fac8d9d888cb07778,aeb57b656a8d464cb175bee740634497,2017-07-31 22:25:31,77.74,9.9
5da00e97bb5143bdbb9ea198370aba5a,1,cb4cc6a559fc4437aa9b5be6a60a39c1,aeb57b656a8d464cb175bee740634497,2017-08-08 17:25:31,27.64,8.5
b69350a7a197409fa81bb7182df8e4aa,1,0017f2e7769f48eaa467afeda7f4ac9c,dfe08f4e2eea4a8690a75e19f205658c,2017-08-05 12:45:39,110.59,16.13
ef7fa63b9f7e477dab23cd3c469ca21b,1,7c88cbb90cac43acbe50ca2290985c7b,dfe08f4e2eea4a8690a75e19f205658c,2017-07-05 10:45:39,140.97,26.57
f1b30638a5644326ae7d80e98e3f6965,1,aa91603054d2433babdfc9b2fb3d03c8,dfe08f4e2eea4a8690a75e19f205658c,2017-08-22 18:45:39,54.43,11.07
2f751146ef2348748e1cc790984611dc,1,6a3c687674a0484bb01d6cfc862691dd,dfe08f4e2eea4a8690a75e19f205658c,2017-07-15 07:45:39,125.65,26.56
d9d5044524584b20b837e00029868b7e,1,3996b5d268bb4dbd957ed7053e057f2f,dfe08f4e2eea4a8690a75e19f205658c,2017-07-22 19:45:39,163.18,34.19
209ce3a35dad44e895790f1d5bede792,1,57f99facbfba4b16b7bf2ab7a5e3815a,dfe08f4e2eea4a8690a75e19f205658c,2017-07-03 11:45:39,174.42,21.43
209ce3a35dad44e895790f1d5bede792,2,73f1bd47f53f471788b5454b006e01b5,dfe08f4e2eea4a8690a75e19f205658c,2017-07-03 11:45:39,162.95,16.97
209ce3a35dad44e895790f1d5bede792,3,6b505ee1f3064794969aa74ce3ec5614,dfe08f4e2eea4a8690a75e19f205658c,2017-07-03 11:45:39,98.32,18.47
431ae923bfe849af906715cdad4524ff,1,afe1bc35a35d401f9ec4aaedc2f7271e,dfe08f4e2eea4a8690a75e19f205658c,2017-06-27 12:45:39,53.56,8.5
9aab1ee057464945bbb4941833f8cc3e,1,67cb04732359425baec1a3235e704580,dfe08f4e2eea4a8690a75e19f205658c,2017-07-22 09:45:39,59.18,8.84
cf63707fbcf14a2b834e081a35426a38,1,a74f78331b5c46949db2fb4d8de3dac4,dfe08f4e2eea4a8690a75e19f205658c,2017-07-09 22:45:39,208.19,19.75
c925c589e8dc48f983d96d738d88b990,1,c29e0cc8685e4a30a3a685f2845e388d,dfe08f4e2eea4a8690a75e19f205658c,2017-06-29 00:45:39,50.42,8.5
c925c589e8dc48f983d96d738d88b990,2,e71b9fe33bdb4de1956221a923311cba,dfe08f4e2eea4a8690a75e19f205658c,2017-06-29 00:45:39,167.55,23.45
83796197012f4efda31cb3ea10e32159,1,fff75832db264c33a33f6f6ce9c5e858,dfe08f4e2eea4a8690a75e19f205658c,2017-06-30 06:45:39,61.19,10.1
4003fd68d5af4dd588b2164bfc44c031,1,26a68f39539e4612b55df3f28c2940a8,dfe08f4e2eea4a8690a75e19f205658c,2017-07-17 07:45:39,213.27,27.47
4003fd68d5af4dd588b2164bfc44c031,2,ebdd6aa026c147ef8e9de4e5859b2e04,dfe08f4e2eea4a8690a75e19f205658c,2017-07-17 07:45:39,186.62,27.38
4003fd68d5af4dd588b2164bfc44c031,3,90544dc6746941f58f07d486698a4975,dfe08f4e2eea4a8690a75e19f205658c,2017-07-17 07:45:39,100.23,14.76
5bb7cf621ab3480c9d75e99dd1260bda,1,9e6b7e3c8516498b986a23f98abd5daa,dfe08f4e2eea4a8690a75e19f205658c,2017-07-27 12:45:39,45.3,8.5
c09d5c8f6c874ad2b0853aadd1babe06,1,84b28376b4ba4472a150eb295c7eea16,dfe08f4e2eea4a8690a75e19f205658c,2017-08-20 12:45:39,81.52,15.94
64978eafa30847ad986da5a8122ec18d,1,01c9f138dde247a0a23aceed2050e42b,dfe08f4e2eea4a8690a75e19f205658c,2017-08-08 10:45:39,237.35,26.69
4a84bcd12e2e412785fa2fbf205480c5,1,d4a3eb3c66a24845887d4512b70e2b9f,dfe08f4e2eea4a8690a75e19f205658c,2017-07-14 00:45:39,35.13,8.5
5025e40afce04e39855e88e01889caa5,1,578333f3687241f58d0b3caab8021edd,dfe08f4e2eea4a8690a75e19f205658c,2017-06-29 08:45:39,225.64,29.19
d0a1372473784111b15028895e022f9c,1,1d74ad9f319f41019f2c7d17bd2ad97f,dfe08f4e2eea4a8690a75e19f205658c,2017-06-29 09:45:39,128.14,26.42
7b9928fd918e486c9a18f98a406052eb,1,b319a48045484e1d89b008aa30c5d13f,dfe08f4e2eea4a8690a75e19f205658c,2017-07-07 13:45:39,94.45,14.87
b8cb38be230a47dab9a9a7c3b90cb269,1,19f20f1b54014467b47fbfd5797649e8,dfe08f4e2eea4a8690a75e19f205658c,2017-07-11 14:45:39,168.07,15.7
5ade9d4645b048e7aff240d500c0200d,1,d7dedae680d14c6fac8d9d888cb07778,dfe08f4e2eea4a8690a75e19f205658c,2017-06-29 10:45:39,60.09,8.5
87712979672f4ec9a0abd5bdd626825e,1,e71b9fe33bdb4de1956221a923311cba,dfe08f4e2eea4a8690a75e19f205658c,2017-07-27 17:45:39,23.61,8.5
115963decc9b474196cbdd75d14067fc,1,d7dedae680d14c6fac8d9d888cb07778,dfe08f4e2eea4a8690a75e19f205658c,2017-07-02 10:45:39,110.25,11.74
0edc59f4835245a1a6edcdafe521d7eb,1,fa0f9f7aab4a495ca25cc380ae74e14f,dfe08f4e2eea4a8690a75e19f205658c,2017-07-07 21:45:39,116.94,23.85
0edc59f4835245a1a6edcdafe521d7eb,2,8af77ce1e6ff4869975e196721d470be,dfe08f4e2eea4a8690a75e19f205658c,2017-07-07 21:45:39,29.85,8.5
e8da88cad110447196d799fb20870a15,1,953c34dff9884496a6ced1eb2aec8a4d,e18175bc9f51404895cb7d7699e66cca,2018-02-12 10:03:08,72.53,8.5
3a4bd8b3155e47ebadd340bbc85a9641,1,fa519b1ab43b49a5bfae358b341a44f0,6639bcfa3d3d4f0e8d06189634dcee01,2017-08-11 03:15:35,119.86,24.26
fb6e032d4f3d44bc8b20639f9210a254,1,229761920631421a91d4a2ba381917f6,6639bcfa3d3d4f0e8d06189634dcee01,2017-08-02 06:15:35,121.31,23.53
7b449fd63062482ea52768d9abef62dc,1,fd4a13ad0dde4974941b9e08bc8e5253,6639bcfa3d3d4f0e8d06189634dcee01,2017-07-19 07:15:35,54.36,8.5
7b449fd63062482ea52768d9abef62dc,2,8440fa30c0374c76971a72181df7ae5b,6639bcfa3d3d4f0e8d06189634dcee01,2017-07-19 07:15:35,37.69,8.5
7b449fd63062482ea52768d9abef62dc,3,36782f79dcce4664a60a295f096af21f,6639bcfa3d3d4f0e8d06189634dcee01,2017-07-19 07:15:35,21.34,8.5
61c0b226b59946c79190fcbb95fdc2f5,1,ac14520beded4bd6a61146acb40ba7c9,6639bcfa3d3d4f0e8d06189634dcee01,2017-09-12 18:15:35,37.86,8.5
88368d9990024639b40a628b06f91892,1,b8dd8735e30f419eb9a8254b69866021,6639bcfa3d3d4f0e8d06189634dcee01,2017-08-07 17:15:35,99.99,20.31
4879a8e13ec3436cad7efb2a3bfefd43,1,b17341fa527e46ed81de6238a3da4c3f,6639bcfa3d3d4f0e8d06189634dcee01,2017-07-23 21:15:35,74.4,11.44
4879a8e13ec3436cad7efb2a3bfefd43,2,dff9b448e44d43c3be6feedcba9fa453,6639bcfa3d3d4f0e8d06189634dcee01,2017-07-23 21:15:35,68.32,9.7
4879a8e13ec3436cad7efb2a3bfefd43,3,aa91603054d2433babdfc9b2fb3d03c8,6639bcfa3d3d4f0e8d06189634dcee01,2017-07-23 21:15:35,76.64,11.36
3dee8bfe47db4d9783933aaa0fd09122,1,aa54fe2f79d34d968dc82aa26a126887,6639bcfa3d3d4f0e8d06189634dcee01,2017-12-09 17:15:35,162.95,14.22
3dee8bfe47db4d9783933aaa0fd09122,2,d9382339b69d4b4cbc17e601844a6990,6639bcfa3d3d4f0e8d06189634dcee01,2017-12-09 17:15:35,96.83,13.75
da7c7ad8f6ee48d9bbe632e02c818342,1,13f38e67b3b640089df87938c53074f5,6639bcfa3d3d4f0e8d06189634dcee01,2017-09-01 21:15:35,34.09,8.5
5dca441516fb43d2a5724b1cc6b51540,1,3f130cb3ab2c47c1b539426199050b73,6639bcfa3d3d4f0e8d06189634dcee01,2017-08-12 07:15:35,105.48,15.62
ae5ce2a5039740648d62b4089c023972,1,8af77ce1e6ff4869975e196721d470be,b12d33c2b39844a384a02138a2ba5b30,2018-05-13 14:42:51,333.54,27.63
ae5ce2a5039740648d62b4089c023972,2,99328ac30b3140fbb891947a9bd449e8,b12d33c2b39844a384a02138a2ba5b30,2018-05-13 14:42:51,39.86,8.5
ae5ce2a5039740648d62b4089c023972,3,49609ce23cd54df1a907d7d6ea87b9cf,b12d33c2b39844a384a02138a2ba5b30,2018-05-13 14:42:51,89.03,12.86
73bf545ab95543d59d3415273984ec14,1,21d39e0c1bcd42b0aa6d0a5a37ec7e45,b12d33c2b39844a384a02138a2ba5b30,2018-06-04 16:42:51,181.78,35.02
12c19d39b8b04fb5af84f15caaae7b01,1,52c696da9573428e917bfdded6025a8e,b12d33c2b39844a384a02138a2ba5b30,2018-06-03 05:42:51,26.29,8.5
ce48b4231bec4b1bac92f387ede28861,1,3f130cb3ab2c47c1b539426199050b73,f4e6344d96ee4b95931543386b1fbeb8,2018-03-21 23:47:41,45.61,8.5
cbaaab40ce13482794668b899e4773a1,1,c1a0e608a06648f7a69c96b5544a1fe9,f4e6344d96ee4b95931543386b1fbeb8,2018-04-03 01:47:41,27.34,8.5
7a6f2606600d4b1cb1be6361215fec55,1,3d2395310b39420d93bc59faa3af7755,f4e6344d96ee4b95931543386b1fbeb8,2018-04-01 00:47:41,28.87,8.5
7a6f2606600d4b1cb1be6361215fec55,2,686c24682d344473ad82eb9f8a96e1be,f4e6344d96ee4b95931543386b1fbeb8,2018-04-01 00:47:41,34.23,8.5
39b452b13cbb4d4db99d20809c898c60,1,9e6b7e3c8516498b986a23f98abd5daa,f4e6344d96ee4b95931543386b1fbeb8,2018-03-28 21:47:41,258.93,46.96
99a00cf5d15d4c0e92b35864c6a16977,1,20673b9a51c84802b8370318cafa70d9,f4e6344d96ee4b95931543386b1fbeb8,2018-04-02 04:47:41,65.77,13.6
95d7b522669f4e2a8f887e2be2f296dc,1,68abbb31633c4080920275afe293abdd,f4e6344d96ee4b95931543386b1fbeb8,2018-05-18 01:47:41,39.21,8.5
c8b476070ec045f3a6c3e26102475bba,1,93b06205876c4864b4c0b77e99c0904e,f4e6344d96ee4b95931543386b1fbeb8,2018-03-26 04:47:41,45.32,8.92
dad4f77f40ea4a9db58e7082a8353ef2,1,e73d46bde6c346b4a0b5223a288c8af2,f4e6344d96ee4b95931543386b1fbeb8,2018-03-23 15:47:41,83.76,14.45
5ddbc40e5db840fc8f0b6b2348f1698f,1,99328ac30b3140fbb891947a9bd449e8,f4e6344d96ee4b95931543386b1fbeb8,2018-03-24 08:47:41,69.69,13.64
542dd92f65634f95babbcc684859533f,1,cf2a23e593f547b289fb5264a64d8dcf,f4e6344d96ee4b95931543386b1fbeb8,2018-03-26 19:47:41,21.96,8.5
40de9b49e900438781c149d9a8c6e1ca,1,3d6f3005222f45438b7f6d6a8d53d2e7,f4e6344d96ee4b95931543386b1fbeb8,2018-04-02 00:47:41,22.9,8.5
bfe9bfb7f62647389decaa5004fcbe56,1,b17341fa527e46ed81de6238a3da4c3f,f4e6344d96ee4b95931543386b1fbeb8,2018-04-06 15:47:41,127.52,11.72
feeadbdff714468899c915c69b341270,1,ec30306b6268459a8ee60035387407e7,f4e6344d96ee4b95931543386b1fbeb8,2018-03-21 21:47:41,21.48,8.5
feeadbdff714468899c915c69b341270,2,44522e39746f48879e471599bc532a6a,f4e6344d96ee4b95931543386b1fbeb8,2018-03-21 21:47:41,121.46,17.73
77105d9bfa164b7d89bc92446a5b0b2c,1,e5a9ab53deef4434a9e5c480159813c3,f4e6344d96ee4b95931543386b1fbeb8,2018-03-23 07:47:41,151.48,18.54
7cb3ae758577472f8e6c2142ddbabb52,1,59f4d8b4a4fb46cca1e9ddb0a575674c,f4e6344d96ee4b95931543386b1fbeb8,2018-04-01 16:47:41,31.57,8.5
7cb3ae758577472f8e6c2142ddbabb52,2,319a8a9a5da24575b64c77d1564407c5,f4e6344d96ee4b95931543386b1fbeb8,2018-04-01 16:47:41,24.99,8.5
cf55b602e68e4802bd4cc3ce75a29ddd,1,a41e0749e5714667a8451c86c771eb72,f4e6344d96ee4b95931543386b1fbeb8,2018-04-02 09:47:41,30.39,8.5
20c51ceccc514ced88edf98d800613f5,1,dff9b448e44d43c3be6feedcba9fa453,c4ca3f65ad01405784225a05caee533e,2018-01-29 21:56:53,42.59,8.5
227bd800542b47c0a3af2b9513531eaa,1,e2415014d9b447d8b7a8f9fdc534d4f7,c4ca3f65ad01405784225a05caee533e,2018-01-24 21:56:53,47.6,8.5
bf73c8da26cb49a8a5e08921007d3a8e,1,ba9f574784c74426aab098f3c5e5b024,c4ca3f65ad01405784225a05caee533e,2018-01-17 00:56:53,46.5,8.5
d4122cdf90494dca8e4ab4254faf7c6b,1,57f99facbfba4b16b7bf2ab7a5e3815a,c4ca3f65ad01405784225a05caee533e,2018-01-15 21:56:53,39.92,8.5
d4122cdf90494dca8e4ab4254faf7c6b,2,1f1b9029351d411ba63ab9314c1c7494,c4ca3f65ad01405784225a05caee533e,2018-01-15 21:56:53,19.49,8.5
785ad63ba2264f828c52f8c20af9c908,1,2061966b66424545a7644928b0686526,c4ca3f65ad01405784225a05caee533e,2018-01-19 16:56:53,66.73,8.5
70ff385345d540e9b0221dd7a88a3778,1,01c9f138dde247a0a23aceed2050e42b,a232fe1e21f146bfbeb4624833768b5b,2017-07-26 16:47:40,131.19,20.81
8963265821f9466db6624921068f854a,1,6b68d013d3e24fb9873f565995cb22f0,73141a93510d4f3c96cd2616079ae1c8,2018-04-30 17:07:11,90.95,19.34
8963265821f9466db6624921068f854a,2,26b37b94486041df85df9521f84121ec,73141a93510d4f3c96cd2616079ae1c8,2018-04-30 17:07:11,132.19,19.81
4f03ed58358940b484e582957269b88d,1,95de75afaf174ac19e27442887369880,73141a93510d4f3c96cd2616079ae1c8,2018-03-19 16:07:11,36.39,8.5
4f03ed58358940b484e582957269b88d,2,61a2499f10b44667bd97007735a44def,73141a93510d4f3c96cd2616079ae1c8,2018-03-19 16:07:11,143.84,22.55
fadb83b1fb9d49ee95229c5c17287b92,1,00f84dba5aa1491781ecaf85fb02ce0a,73141a93510d4f3c96cd2616079ae1c8,2018-04-04 06:07:11,115.73,10.74
30de031f6fe9493c968912acb6b9b16d,1,4f7c7d8403374c27a46bb88bac5c85c8,73141a93510d4f3c96cd2616079ae1c8,2018-03-17 13:07:11,52.07,8.5
34c48ee8fd1d40f2a10258fcf6e59c11,1,90544dc6746941f58f07d486698a4975,7134c4c132354e0ba08e99939fbb996d,2018-03-13 04:10:36,47.66,8.5
ec825b80629f49948ffa8166bc69e260,1,e1090e0f355d45a5be16d137b63ec88f,7134c4c132354e0ba08e99939fbb996d,2018-04-21 15:10:36,76.49,10.81
e47aa28a9fe44300bbcebfac898def2b,1,7744a4f1e8d7478e9ab0f72f1f6f0a42,7134c4c132354e0ba08e99939fbb996d,2018-03-13 18:10:36,12.27,8.5
fc98e7ab4d6f40b29ba0fbd9620a571b,1,e10480b761024d3e945c00312d9fd615,7134c4c132354e0ba08e99939fbb996d,2018-03-22 14:10:36,27.49,8.5
fc98e7ab4d6f40b29ba0fbd9620a571b,2,7f01511a193c418c98eea890e389600a,7134c4c132354e0ba08e99939fbb996d,2018-03-22 14:10:36,70.87,12.27
9964af67cc284046b8a9085c4969eaae,1,b10e4441c4044a309e051444b2a853c1,7134c4c132354e0ba08e99939fbb996d,2018-03-11 22:10:36,65.7,8.77
452c269d3174490689cc5009ca1c4804,1,15a1ec56faf44c9dba8768ebeaa37027,7134c4c132354e0ba08e99939fbb996d,2018-03-19 03:10:36,107.04,9.73
7557eeda5079413d9b43e34ee39879cf,1,6e31d6e961d747f28ec599ea5ddcf24e,7134c4c132354e0ba08e99939fbb996d,2018-03-13 20:10:36,486.77,49.45
7557eeda5079413d9b43e34ee39879cf,2,a1ba1bba98c947458fc919a1a339edc9,7134c4c132354e0ba08e99939fbb996d,2018-03-13 20:10:36,257.05,28.68
2ed02c189dfa47c7a57f53bf6fde4d72,1,7324771a13da41799015ba377792a490,7134c4c132354e0ba08e99939fbb996d,2018-04-29 01:10:36,59.41,8.5
2ed02c189dfa47c7a57f53bf6fde4d72,2,ea6f7b3c291b45d8b389f701a923901f,7134c4c132354e0ba08e99939fbb996d,2018-04-29 01:10:36,179.78,17.44
bc590acbda5440a0838efa20175a3ede,1,705f23c17ef446b3b03c9e9bd22b10ec,7134c4c132354e0ba08e99939fbb996d,2018-03-09 15:10:36,66.72,9.95
294f996c80914f8e9cc547adca9bcd9b,1,6f1796cd339044e0a1662087c3c7ff46,7134c4c132354e0ba08e99939fbb996d,2018-03-22 15:10:36,91.64,16.86
b70e47a342dc4efcbfb8cde18b0589c8,1,ea6f7b3c291b45d8b389f701a923901f,c7b39061f1b54e2bbe1c94850bb7b15c,2017-11-16 01:06:37,46.56,8.5
416831e4bc1d42688d67cae0cd992102,1,26bf8630b46d4222af372ea26c1a9202,c7b39061f1b54e2bbe1c94850bb7b15c,2017-11-06 12:06:37,18.55,8.5
1191b916051c4e8eac7cbb87ff5affcd,1,e950deedc1f14e5d94b51d8bf6101a9e,84e9861a92e142ca9e4b9f4a36de99b2,2017-09-23 03:23:21,37.43,8.5
a9aac64958f348b3818dd8d5b33fe8d1,1,e97d865790464805a0edec0b2a18beb2,84e9861a92e142ca9e4b9f4a36de99b2,2017-09-11 14:23:21,17.98,8.5
2dc6578bba5a4b59bc495cddf47dd419,1,571d5ed2f68246f2b85ab4b024a43cfb,84e9861a92e142ca9e4b9f4a36de99b2,2017-09-11 21:23:21,56.75,8.5
5ac4218ea4224dd58cf26ad65fbed52e,1,8f44427a731d406dbed23cf0721f1ab3,84e9861a92e142ca9e4b9f4a36de99b2,2017-09-12 15:23:21,50.32,8.5
9850e93cd77d430888c197b2948dd86c,1,91cc4de8e5234af598538dfa0265fdde,84e9861a92e142ca9e4b9f4a36de99b2,2017-09-20 07:23:21,79.17,11.02
b744047d78ad4080a52c8401621b9879,1,29075fa5c36f47b09df491d731e1881c,84e9861a92e142ca9e4b9f4a36de99b2,2017-09-25 20:23:21,41.5,8.5
34cd8ad86a98488aa9c290005681fd22,1,31c4802eca6a489ba35e4a48b53c6b84,84e9861a92e142ca9e4b9f4a36de99b2,2017-10-14 23:23:21,240.81,28.93
34cd8ad86a98488aa9c290005681fd22,2,6bc33349c5b742a491b88b94e0c7efa9,84e9861a92e142ca9e4b9f4a36de99b2,2017-10-14 23:23:21,98.53,16.55
49c523b5581d4c54b1bcc6e7aee3afc6,1,3f1f42b8148c4616995f65dc85f5e585,653844202057429abdcee3ccc0a474d9,2017-12-06 01:56:40,47.64,8.5
663eb662d576498082a9b48160cb272c,1,90544dc6746941f58f07d486698a4975,653844202057429abdcee3ccc0a474d9,2017-12-21 17:56:40,83.56,12.91
663eb662d576498082a9b48160cb272c,2,cf2a23e593f547b289fb5264a64d8dcf,653844202057429abdcee3ccc0a474d9,2017-12-21 17:56:40,404.7,37.82
cdb93e36894445f0b7d9fd635c504927,1,b83171b482b6445bba44533309768e90,653844202057429abdcee3ccc0a474d9,2017-11-28 00:56:40,49.16,8.5
2c7d2dc59ae7432d9e62a08704a50873,1,3f20e603d93d4f21a89cca8a4622fa17,653844202057429abdcee3ccc0a474d9,2017-11-27 09:56:40,109.09,9.45
2c7d2dc59ae7432d9e62a08704a50873,2,01bb08862f774c17b03d0e94b05898a8,653844202057429abdcee3ccc0a474d9,2017-11-27 09:56:40,87.98,11.94
9857d2443002463988cb94fb60e4f91d,1,5f4a368227e049f3ad5e312ce1c8acf5,653844202057429abdcee3ccc0a474d9,2017-11-28 21:56:40,31.16,8.5
66db27cb933449f2ba5e080e844baa99,1,f29ff21f2aa949be8ba0e1b2f6be0736,57610c2c1fff4a20a05ef5a92c7a2fbc,2017-10-08 07:27:52,154.44,21.83
244e712fc9c84fcf89295fb859a90e52,1,3ff9840714f54530b8c9545b623b2085,57610c2c1fff4a20a05ef5a92c7a2fbc,2017-10-10 14:27:52,59.62,12.97
5705739ea902481fa82d01cfa9554271,1,59f4d8b4a4fb46cca1e9ddb0a575674c,57610c2c1fff4a20a05ef5a92c7a2fbc,2017-10-17 23:27:52,35.8,8.5
5705739ea902481fa82d01cfa9554271,2,ddad49438570447d9e1064bdae33e265,57610c2c1fff4a20a05ef5a92c7a2fbc,2017-10-17 23:27:52,241.73,32.39
f9a7dd0b91c14016a19834344467381e,1,3663a2a3c4944761b5b1cd0d489782bf,10fe118ed6ac4d93bebed8dee1c1849e,2017-08-23 20:30:31,37.69,8.5
b554d4475835486bba712e7c19f980ab,1,256ccf9a70164819bbd6edeb27646a39,0bd68cf5aceb4a7f8702fce733d8867b,2017-11-08 09:41:42,56.86,8.5
b554d4475835486bba712e7c19f980ab,2,9e6b7e3c8516498b986a23f98abd5daa,0bd68cf5aceb4a7f8702fce733d8867b,2017-11-08 09:41:42,135.01,26.02
22beebd420c048f9b352e2b684329663,1,db913f0310b9428da1f36c3d75f9ac67,0bd68cf5aceb4a7f8702fce733d8867b,2017-10-22 20:41:42,19.43,8.5
7610df4f32584ab4b34f27636cacf346,1,2f55a58a8e2b4ab8a9db45c62c4fc31c,0bd68cf5aceb4a7f8702fce733d8867b,2017-10-22 14:41:42,125.22,24.75
53c26bb8cebb4636a900bdc243092f0e,1,a3e945bd0c314476bd5efc2930b82c77,2904632d88f44ee0a4a3db37a5180847,2018-07-10 20:40:34,16.53,8.5
428365c3b9bb49cc97184be8d9bd7ef6,1,fe6b6f57dd92406fb14f08e03acdce4e,a7228135d379447baedee5b19e5b4f47,2018-05-10 22:39:35,86.84,10.44
4cb432a1ab474b2e9a3455f7ef69c953,1,04bfdebca74e4f89808b43985b8f4c09,a7228135d379447baedee5b19e5b4f47,2018-05-11 04:39:35,347.67,48.77
02b8355e2c344713b856e46bcd8ee33f,1,15a1ec56faf44c9dba8768ebeaa37027,a7228135d379447baedee5b19e5b4f47,2018-05-05 20:39:35,32.91,8.5
02b8355e2c344713b856e46bcd8ee33f,2,2a6e031560a943528a4e27f86eea0e9f,a7228135d379447baedee5b19e5b4f47,2018-05-05 20:39:35,58.11,12.39
02b8355e2c344713b856e46bcd8ee33f,3,9914a5ae92574e3da512b327dbfa95be,a7228135d379447baedee5b19e5b4f47,2018-05-05 20:39:35,26.51,8.5
610f7026209b437499f1a1eea5dd6d5c,1,a236c251881a4629b0a236ead07b77ab,a7228135d379447baedee5b19e5b4f47,2018-05-14 18:39:35,79.21,11.55
610f7026209b437499f1a1eea5dd6d5c,2,d4a3eb3c66a24845887d4512b70e2b9f,a7228135d379447baedee5b19e5b4f47,2018-05-14 18:39:35,84.12,16.11
610f7026209b437499f1a1eea5dd6d5c,3,a05ffd4e8e394819a1fa8bbcf565e91f,a7228135d379447baedee5b19e5b4f47,2018-05-14 18:39:35,47.99,8.5
e0a6319629fb436b9dd03004936419ba,1,99ebce5de3184589986a16e8e7961102,0f9e5e1e0fbf498b9e134568ce86757c,2018-05-22 18:22:12,177.1,20.68
251b54ce92724e93863d0502f601ee05,1,29075fa5c36f47b09df491d731e1881c,0f9e5e1e0fbf498b9e134568ce86757c,2018-05-13 12:22:12,57.02,8.5
213e8cd072dd41ee9d10a66670a3904c,1,28f634b62d4043e0aac44f369ded1390,0f9e5e1e0fbf498b9e134568ce86757c,2018-05-22 21:22:12,16.07,8.5
c113b06de5ea449abd45da0224d6288f,1,3a422dbdaebc426d974617f87830a28f,0f9e5e1e0fbf498b9e134568ce86757c,2018-05-15 18:22:12,18.77,8.5
7ff989ab4c6044bf82a6f27f10b143d9,1,468b803d8a394cb2946afd35664209d2,356a01a137d747d8b436b6ebf8ac794a,2018-03-24 09:03:59,27.86,8.5
3090ea6e0ca84dd88968df1822dd10d1,1,84b28376b4ba4472a150eb295c7eea16,356a01a137d747d8b436b6ebf8ac794a,2018-03-30 11:03:59,211.88,17.67
3090ea6e0ca84dd88968df1822dd10d1,2,f62befaca12149e284e2c60d13145f30,356a01a137d747d8b436b6ebf8ac794a,2018-03-30 11:03:59,50.76,8.5
3090ea6e0ca84dd88968df1822dd10d1,3,a74b6c251ba04a068ef7335cdb72d094,356a01a137d747d8b436b6ebf8ac794a,2018-03-30 11:03:59,42.96,8.5
2c2b15895d504ebd9f4c881cc1c7f4cf,1,b2274f055c9a4feabc1b99c701f76de6,356a01a137d747d8b436b6ebf8ac794a,2018-03-21 08:03:59,39.74,8.5
5732edd0db484bb7bc64c0990bdff1ce,1,8907742ffd0e4c13a65bc14747664c18,d70e1b5fe1dd43f59ef5a9ba1acc81eb,2017-12-02 02:26:06,43.7,8.65
63c0ef25fc0d406da74d5b537904994b,1,70c8e3feac1f42c381bb07ff4fede19b,d70e1b5fe1dd43f59ef5a9ba1acc81eb,2018-01-28 01:26:06,43.0,8.5
159c3cacba8c49d0baf519b05a381414,1,42487d80f04e4168b1d3d9386f47fac7,4ff32601dd474562b254f7402cda7e20,2018-03-04 06:05:29,138.67,25.86
b4ef226c8a2d4c4a8ed8cce9c5e1ba6e,1,607909810d6f42dea67dcb1aa97b45bc,4ff32601dd474562b254f7402cda7e20,2018-01-31 16:05:29,48.08,8.5
1baf0d9ad2c04628bfd434772ecc9602,1,a07775d85f03481bbc9cfc7877070426,4ff32601dd474562b254f7402cda7e20,2018-04-04 08:05:29,94.81,12.35
67cf9163ad0744fa8abc1416dc67734e,1,9bd68970c30e41e5a18bf0558ef98252,4ff32601dd474562b254f7402cda7e20,2018-02-17 01:05:29,22.96,8.5
83e0c2a847194f0285f8efe3ab03e803,1,d7d12d13db63458eab5884460263819e,4ff32601dd474562b254f7402cda7e20,2018-01-27 07:05:29,67.93,12.42
77c3848ea4104dc68ca76a99df3555ca,1,b09ced06368543639efee02905ea3f6d,4ff32601dd474562b254f7402cda7e20,2018-01-31 18:05:29,94.51,19.66
ee77b035b4b0480fabcccc36a9f7b3d3,1,913a44b208b84a8cba5b9756b6781cb7,4ff32601dd474562b254f7402cda7e20,2018-02-10 22:05:29,138.25,23.16
ee77b035b4b0480fabcccc36a9f7b3d3,2,168aba01f177424b988028941413d692,4ff32601dd474562b254f7402cda7e20,2018-02-10 22:05:29,149.98,28.26
25c3626a2d39460792f21f9cc26d4db1,1,ed2ebbf84ad84cfe965935ffd2dc1262,4ff32601dd474562b254f7402cda7e20,2018-02-03 06:05:29,44.33,8.5
957f54bdd63b432b9d34f5ccf62e77bc,1,fa519b1ab43b49a5bfae358b341a44f0,4ff32601dd474562b254f7402cda7e20,2018-02-26 10:05:29,17.9,8.5
957f54bdd63b432b9d34f5ccf62e77bc,2,d03ce3ba416841918fee35eeb1719a74,4ff32601dd474562b254f7402cda7e20,2018-02-26 10:05:29,47.84,8.5
e3748eb8f105429faac560dc6ce0e03e,1,bdda117a6a0c4096b503c65d5e952f62,4ff32601dd474562b254f7402cda7e20,2018-02-28 03:05:29,63.31,8.5
e3748eb8f105429faac560dc6ce0e03e,2,beb6a77ba3e74d40ba332dfeae24db5c,4ff32601dd474562b254f7402cda7e20,2018-02-28 03:05:29,84.54,8.52
d778a3a541d34605b313f2aff70cb26f,1,3ddb170c40c64e95abcc7c4182834807,4ff32601dd474562b254f7402cda7e20,2018-02-01 22:05:29,47.86,8.5
d778a3a541d34605b313f2aff70cb26f,2,7ff01c0664364abaa5751a05d258e340,4ff32601dd474562b254f7402cda7e20,2018-02-01 22:05:29,61.74,8.5
d778a3a541d34605b313f2aff70cb26f,3,5814648e45574af58fa6074c49920349,4ff32601dd474562b254f7402cda7e20,2018-02-01 22:05:29,42.51,8.5
c86a3a0884104b3093324cf27e6de3d7,1,cf244287bde4492ca54a26c128a52f42,4ff32601dd474562b254f7402cda7e20,2018-02-17 10:05:29,29.29,8.5
c86a3a0884104b3093324cf27e6de3d7,2,aa5df92d78934c4c89f1f8898816e236,4ff32601dd474562b254f7402cda7e20,2018-02-17 10:05:29,273.15,38.32
119692b586c74fabba27f5feb92c3764,1,d3a7294fd2584f12a3819db667854db6,4ff32601dd474562b254f7402cda7e20,2018-02-24 05:05:29,16.02,8.5
cb104b4cd708467e9689af50c131decb,1,a0faa660b1364a3cbc58ce89aef0f384,4ff32601dd474562b254f7402cda7e20,2018-01-26 02:05:29,43.53,9.29
e9d34733197f4274803093c204b71126,1,af64ff2205c4402fa819de9842d6ddd7,4ff32601dd474562b254f7402cda7e20,2018-02-20 03:05:29,205.27,25.61
9bb22d7a757042a096a15d2d00b9117e,1,cc80be784d794b17a4babc0c5c0a1e33,4ff32601dd474562b254f7402cda7e20,2018-02-02 01:05:29,62.25,10.67
e8d28ac5f9c741d3848a3eefb0a25dff,1,cf244287bde4492ca54a26c128a52f42,4ff32601dd474562b254f7402cda7e20,2018-02-07 09:05:29,79.77,11.73
cac0a344554d48218c12f4d27b63e2b8,1,30c48493f9544740b55fd8b6080b2b4c,4ff32601dd474562b254f7402cda7e20,2018-02-07 23:05:29,162.8,17.55
1632ff46456247f4bf254ea9d52961f3,1,c05a6bea63c144028fd21cc6e3f72d89,4ff32601dd474562b254f7402cda7e20,2018-02-13 20:05:29,138.67,21.15
1632ff46456247f4bf254ea9d52961f3,2,58aa2de3269b41038b506f05b4878599,4ff32601dd474562b254f7402cda7e20,2018-02-13 20:05:29,34.47,8.5
18b37403493140eab1a72bcfe3244082,1,9bf22b4119af42719d5d3cbad44efa43,4ff32601dd474562b254f7402cda7e20,2018-02-28 10:05:29,137.27,11.5
984a6d7171ba4709a197331434004363,1,a07775d85f03481bbc9cfc7877070426,90bac4989376461abd949711e58b914e,2018-03-01 08:28:53,52.71,9.96
6b8a565d64004ed1aa23033b80945e8d,1,fe6b6f57dd92406fb14f08e03acdce4e,90bac4989376461abd949711e58b914e,2017-12-18 10:28:53,95.65,11.71
d3bee96a15504b1da4121ab20eaea2f0,1,61a2499f10b44667bd97007735a44def,bd00bee025fe4b889d47bf55b1cd30fe,2018-03-03 11:01:25,116.17,11.9
a2abfd3443bc4f2bbee0307765403551,1,8f44427a731d406dbed23cf0721f1ab3,bd00bee025fe4b889d47bf55b1cd30fe,2018-03-03 11:01:25,98.53,13.77
ca460d1bb0614f5f960436fdb9ef1ff1,1,7e98aaa2f21d42bba7ac7008046e5cd2,bd00bee025fe4b889d47bf55b1cd30fe,2018-03-11 12:01:25,111.86,24.54
0bf7366ada0d4f9ea8e6a4c6ab6b6f67,1,16a0be45d45744228ac74b60550b5038,c14b879b708a4ee3b4e39c993694e648,2018-02-18 07:20:55,246.32,37.84
ed73e64f5b144a189d15a645ff47b1a1,1,7f01511a193c418c98eea890e389600a,c14b879b708a4ee3b4e39c993694e648,2018-02-05 21:20:55,124.01,17.91
8dc68d4167bc4e75aff638207111dafc,1,67385bc1efce47d0a52483e5afcb2056,c14b879b708a4ee3b4e39c993694e648,2018-02-03 10:20:55,162.0,23.49
623dc3f155504e859f3226d4f0d4869a,1,c05a6bea63c144028fd21cc6e3f72d89,7f20b22732914ba39cba6d245e6c73a2,2017-09-03 00:22:59,51.85,10.84
7407025595d74246b7d4deb058572494,1,abfa441e3f7c43dca9da88ce6c6e2834,7f20b22732914ba39cba6d245e6c73a2,2017-09-02 13:22:59,59.15,9.91
7407025595d74246b7d4deb058572494,2,705f23c17ef446b3b03c9e9bd22b10ec,7f20b22732914ba39cba6d245e6c73a2,2017-09-02 13:22:59,349.14,60.0
474e96d05ce345488552c35be3e2cec3,1,a46fead64df34795be6d16b5deef27d2,7f20b22732914ba39cba6d245e6c73a2,2017-09-01 16:22:59,139.08,30.31
f03df28fbf4e4b8cbb4c02eba827904c,1,7049ca289c83429ba2939f86937aac08,7f20b22732914ba39cba6d245e6c73a2,2017-09-14 02:22:59,63.17,10.13
f03df28fbf4e4b8cbb4c02eba827904c,2,a8076441277c410da530cdf4fbeb0511,7f20b22732914ba39cba6d245e6c73a2,2017-09-14 02:22:59,215.26,17.64
f03df28fbf4e4b8cbb4c02eba827904c,3,16a0be45d45744228ac74b60550b5038,7f20b22732914ba39cba6d245e6c73a2,2017-09-14 02:22:59,99.31,20.24
aaeed860a64b411f88584df36169e777,1,a64eb1d52054427f9e16a2a8f3b32f68,7f20b22732914ba39cba6d245e6c73a2,2017-09-25 02:22:59,63.78,10.35
aaeed860a64b411f88584df36169e777,2,44bdb96b31034213a9d9cf695fbf5d48,7f20b22732914ba39cba6d245e6c73a2,2017-09-25 02:22:59,22.67,8.5
bfa9aca9ec1d4b0ca072abd1e3d7922c,1,ad0bc024ee50446e8b8fc9909678e7d0,5c8a1fc0d37f43098c95c7f87e4b3106,2017-07-05 06:37:00,43.37,8.5
e561a662c8bc48f29ee6f2d77292dcd9,1,0eeaaf0ec94a4541ad472945a44b349e,a6aa32068cb7413ba6111de84459783d,2017-10-10 00:40:24,86.49,12.36
33c58a2937f4404fa9534e3bd25c39ae,1,cfc2acdea8024b2590f6caae280d5b4b,a6aa32068cb7413ba6111de84459783d,2017-10-08 16:40:24,245.33,40.57
7f109df9236846cdab2b081570ca6785,1,dda1e9d24d764532814ddd7c0c1dc682,a6aa32068cb7413ba6111de84459783d,2017-10-03 06:40:24,58.27,8.5
374759a65292456ebfcbb88378e68b27,1,42f99711a8f346f6a3415542e8c6b1e0,a6aa32068cb7413ba6111de84459783d,2017-11-10 03:40:24,38.28,8.5
97ce3e4989034594b3bcec9c5861b179,1,0fe83b96d62b415cb33e8bcdc052f6c3,a6aa32068cb7413ba6111de84459783d,2017-10-14 19:40:24,92.58,14.84
12b7b5c419704f1a8e2ba4e97ffa524b,1,2384d9dddd8540b89d07e8405d7a07db,a6aa32068cb7413ba6111de84459783d,2017-10-11 04:40:24,144.2,29.71
12b7b5c419704f1a8e2ba4e97ffa524b,2,3f130cb3ab2c47c1b539426199050b73,a6aa32068cb7413ba6111de84459783d,2017-10-11 04:40:24,117.27,18.23
c2baf37d689a48f384fea42659db8af8,1,01a2e162e71d4baebcb561917f105188,a6aa32068cb7413ba6111de84459783d,2017-10-07 15:40:24,120.64,13.31
9054fefacaa943318b7e8221a2a677fe,1,cf2a23e593f547b289fb5264a64d8dcf,a6aa32068cb7413ba6111de84459783d,2017-10-10 00:40:24,43.63,8.5
10aea23d5f04436f9d8818273f242707,1,f6696f8a5b964308a0e8a6739baeb6a8,a6aa32068cb7413ba6111de84459783d,2017-11-05 06:40:24,43.61,8.5
d9aa421664874e008b961c4b56a73222,1,49609ce23cd54df1a907d7d6ea87b9cf,a6aa32068cb7413ba6111de84459783d,2017-11-14 03:40:24,184.77,36.56
d9aa421664874e008b961c4b56a73222,2,3fa881852d8547278dfaa9d9e87a7d8c,a6aa32068cb7413ba6111de84459783d,2017-11-14 03:40:24,39.57,8.5
d9aa421664874e008b961c4b56a73222,3,0aea9db47c7e4fafbe6cc45f27ba19da,a6aa32068cb7413ba6111de84459783d,2017-11-14 03:40:24,96.32,20.14
136026c927ab4b05a5653e7a2183457b,1,cc8fab6f2489469790d44d1983d5846e,a6aa32068cb7413ba6111de84459783d,2017-10-15 18:40:24,22.33,8.5
4d7b0bd788234262965fdaa3cfe1256a,1,4a0ccdbece7140f5bc8581b7eee89795,a6aa32068cb7413ba6111de84459783d,2017-10-12 11:40:24,124.76,26.66
4d7b0bd788234262965fdaa3cfe1256a,2,a64eb1d52054427f9e16a2a8f3b32f68,a6aa32068cb7413ba6111de84459783d,2017-10-12 11:40:24,107.43,16.72
7df12a6a7a4d4968adf3430cf94716fd,1,99328ac30b3140fbb891947a9bd449e8,6c9f09ece2dc416885c445f7bdf5487e,2017-10-16 23:03:56,34.62,8.5
df925b2a81954c47a01e986bcb5beb26,1,5fba940f265743d3a225c79fe8f02ddb,6c9f09ece2dc416885c445f7bdf5487e,2017-10-23 19:03:56,191.75,41.71
effc6684070b4b3f93f6003f499e2187,1,535eb6e517404b89a642254ed4e3be96,6c9f09ece2dc416885c445f7bdf5487e,2017-09-28 07:03:56,132.06,23.92
2b3e110c8c074f04b49a2e211da2637f,1,f62befaca12149e284e2c60d13145f30,6c9f09ece2dc416885c445f7bdf5487e,2017-09-01 22:03:56,90.74,12.97
2b3e110c8c074f04b49a2e211da2637f,2,2a22fed13bad4ce091c5bad7f4c4e8c9,6c9f09ece2dc416885c445f7bdf5487e,2017-09-01 22:03:56,285.66,55.13
e9fd362dc2f2440799115f009e0004df,1,113327d5313e45e68a32ba963a4ff2cd,6c9f09ece2dc416885c445f7bdf5487e,2017-09-13 11:03:56,101.58,8.58
c5a277e3bad445f8baebb17ea0793683,1,301486d899d4427e9f6439d12b29e7b6,6c9f09ece2dc416885c445f7bdf5487e,2017-11-12 16:03:56,78.68,16.38
bed88f393bd64e4098b1ecdc2c3d3acd,1,c6719e320d20448e85e2de75099dc454,6c9f09ece2dc416885c445f7bdf5487e,2017-09-09 16:03:56,116.41,14.11
1d3bd88454a94228b88c7f748bd98d06,1,515c774d67d84e0c82b85e2fb43838d4,6c9f09ece2dc416885c445f7bdf5487e,2017-09-07 20:03:56,93.5,13.84
86a8673da8094309826ede86352ff6f8,1,637518c4a8b0450db5949f81b0badb5d,6c9f09ece2dc416885c445f7bdf5487e,2017-09-07 05:03:56,40.97,8.5
986e9e496f4d4dbebede1295cb3b569b,1,0afacd0f2cdc4d81a88114ff9e183231,6c9f09ece2dc416885c445f7bdf5487e,2017-10-01 20:03:56,63.17,8.78
f756ba35b5f7446388085dd7666a3899,1,36782f79dcce4664a60a295f096af21f,6c9f09ece2dc416885c445f7bdf5487e,2017-08-28 21:03:56,44.97,8.5
3efd3a85027b4db49ea774865c8076cd,1,6e31d6e961d747f28ec599ea5ddcf24e,6c9f09ece2dc416885c445f7bdf5487e,2017-09-11 21:03:56,108.96,18.11
1bfbdd4487624f7ba1375f5337166822,1,16a0be45d45744228ac74b60550b5038,6be3170b25ca486ebcdc63c7645c2e16,2018-03-27 07:02:06,198.5,23.1
2f2d49e227264bb3a5ec288b6d453f01,1,f1e3d75dfe9947de82f18ae10aa3791d,6be3170b25ca486ebcdc63c7645c2e16,2018-03-27 10:02:06,36.26,8.5
6ba9c78ee1a140de91b7682563333c65,1,650ece3ec0dc40c19a9e355a88bff258,6be3170b25ca486ebcdc63c7645c2e16,2018-03-19 11:02:06,314.06,31.06
6ba9c78ee1a140de91b7682563333c65,2,03f9cad179014610ba5c095762f291e1,6be3170b25ca486ebcdc63c7645c2e16,2018-03-19 11:02:06,33.84,8.5
96b5de477023480280b0928a16cdacbe,1,a4e328b20f3f407c89cdd89de13c1744,6be3170b25ca486ebcdc63c7645c2e16,2018-03-19 22:02:06,116.28,13.42
8f72a5b0cee34cc095b24b9ced0e3e9c,1,7ff01c0664364abaa5751a05d258e340,6be3170b25ca486ebcdc63c7645c2e16,2018-03-28 23:02:06,54.8,8.5
915c678e9bc2440e94f635cc0faa0e03,1,f4cd089973224c358bcf638f9df76987,6be3170b25ca486ebcdc63c7645c2e16,2018-03-24 06:02:06,76.33,12.03
03a8a46a186441088465b009deed96a9,1,ac03f608b441433c90c01453d112f08f,6be3170b25ca486ebcdc63c7645c2e16,2018-06-26 00:02:06,119.21,14.63
a65425870cc3421ea2d088e569f2d4bb,1,c75e3a1d0f5e41e4a2fc7eb45cd4eec4,6be3170b25ca486ebcdc63c7645c2e16,2018-03-22 07:02:06,39.03,8.5
485b6b5fc65e4938aa205b3b4a47e3a2,1,5c11cbe5c9fd42ea9e0bb0e61b8fd904,87db37e41c2d4bb1a045cee65b7a2691,2018-04-22 05:11:13,127.77,24.92
938a357e498c41dd86d7ed42fd574f32,1,8485d83aad3e40829beada2b00c09a14,5c128351170942eda0d177e96ce1b9ee,2018-05-02 18:49:52,331.97,63.71
439441efe9e94ca6a76e6f13d0125e73,1,26b37b94486041df85df9521f84121ec,5c128351170942eda0d177e96ce1b9ee,2018-05-05 18:49:52,108.93,22.55
a1cd25d1812b4795bb3b585ce2e88656,1,0bc861e3cbaf427b80560c72fea9523e,5c128351170942eda0d177e96ce1b9ee,2018-05-27 09:49:52,245.96,33.18
1906f382985e44308edcaf4a259d1160,1,2883a714a7ed4ef48f67aa0c895660dc,5c128351170942eda0d177e96ce1b9ee,2018-05-02 18:49:52,342.54,29.26
427eb09c5e9c49fe8dbd8c5e43800ae5,1,f6a52733c953480bbc68d4a00e8ed1da,ea20187cc8b0497d850d93e5414915b2,2017-09-03 10:56:24,94.36,16.2
427eb09c5e9c49fe8dbd8c5e43800ae5,2,716847bd0fd54313aeeb1673a80d2d9a,ea20187cc8b0497d850d93e5414915b2,2017-09-03 10:56:24,64.07,9.53
a382bae3b86843f2aac7ad270082bfb1,1,fc0238c296234b3390fb70edcae4db67,ea20187cc8b0497d850d93e5414915b2,2017-09-03 00:56:24,95.03,18.53
87764860814d4fe3b0ed5b5cefb50b3f,1,a46fead64df34795be6d16b5deef27d2,ea20187cc8b0497d850d93e5414915b2,2017-09-06 05:56:24,79.27,16.25
fd903b44b357464f915bdf102d25d613,1,3e425b5e24f34266af766f5117f8cf65,ea20187cc8b0497d850d93e5414915b2,2017-09-04 20:56:24,120.75,11.5
79047c351f7e47ed8c6e44e8d175cb18,1,9e6b7e3c8516498b986a23f98abd5daa,74a74fc6d53148e1b728b1826ad39cd3,2017-07-09 19:12:17,88.28,16.33
f56c22745bad481aa86658920d09c63b,1,a2e390036377413eb7ece7c0913928f3,15df1cfb75154e469a6373d075fcd89b,2017-09-28 08:17:40,201.69,19.47
1b1446395eda4dee8b814c046aa27bc6,1,2d3d7ed96b8049ff9b4af5d88c11c79e,15df1cfb75154e469a6373d075fcd89b,2017-09-29 17:17:40,178.1,30.19
9851502d3fff44229d22ae4557e8e564,1,8045435f964d4746ab6d86b9c708b83a,15df1cfb75154e469a6373d075fcd89b,2017-09-30 16:17:40,273.12,27.5
b2320d7ef570469c9303009af81fb3cc,1,9114028ab504439189ac0d89fc7f4b4f,15df1cfb75154e469a6373d075fcd89b,2017-12-10 04:17:40,140.81,22.61
e66bccc672224bf688d9c65f52ca43b8,1,42487d80f04e4168b1d3d9386f47fac7,15df1cfb75154e469a6373d075fcd89b,2017-10-13 04:17:40,101.82,17.92
e66bccc672224bf688d9c65f52ca43b8,2,247a877f459840c682eaa718a49e97bd,15df1cfb75154e469a6373d075fcd89b,2017-10-13 04:17:40,441.82,39.11
eec6046480c4403aa96f1b7c157a6897,1,42487d80f04e4168b1d3d9386f47fac7,15df1cfb75154e469a6373d075fcd89b,2017-10-01 21:17:40,38.2,8.5
64552d1919f04f32ba33df51a61b83ce,1,17cf70e8054942669347695718ede4c3,15df1cfb75154e469a6373d075fcd89b,2017-09-29 17:17:40,19.01,8.5
d16578ea74a04320b318c02dc58e805f,1,377d0c1cb8c74bf89a73766c10c8353e,6223437ce31545b4bc1567ae74056af7,2018-03-14 15:05:43,32.36,8.5
d16578ea74a04320b318c02dc58e805f,2,9e97620fff8d42d5ab62dac205c782a6,6223437ce31545b4bc1567ae74056af7,2018-03-14 15:05:43,101.44,17.19
8f94c084e8df47a6a64669546817c419,1,e8020a5073764efca24d5410fd8a0ac7,6223437ce31545b4bc1567ae74056af7,2018-03-28 19:05:43,100.8,11.74
ccbd8bd3023b43d282ec31eb98072f5d,1,61a2499f10b44667bd97007735a44def,6223437ce31545b4bc1567ae74056af7,2018-03-12 20:05:43,75.35,14.3
ccbd8bd3023b43d282ec31eb98072f5d,2,2eda80d07720485094c030af6efe4698,6223437ce31545b4bc1567ae74056af7,2018-03-12 20:05:43,43.57,8.5
ce8b930d8daa4400a5a4e2be492d6be0,1,668145e657a9418cb9993cc13aeb9e8e,6223437ce31545b4bc1567ae74056af7,2018-04-16 10:05:43,106.71,11.99
888fb56eb8d948da8094a64a00209a64,1,a77532f141d343edacc64d6e9e8bb45c,6223437ce31545b4bc1567ae74056af7,2018-03-12 13:05:43,150.1,17.88
f33641ec0824452fb9743a46171229b3,1,b10e4441c4044a309e051444b2a853c1,2a9ab177974d458e9aaf3145780417bb,2017-07-15 02:14:01,204.08,20.48
f33641ec0824452fb9743a46171229b3,2,b9c77bde49ff4ef89b1be5fb74df32a1,2a9ab177974d458e9aaf3145780417bb,2017-07-15 02:14:01,222.37,27.41
f33641ec0824452fb9743a46171229b3,3,43812beab7b64cce97b094cdb2579ec2,2a9ab177974d458e9aaf3145780417bb,2017-07-15 02:14:01,63.49,9.14
8b4e10a55a13471da1b610bc0cacc021,1,6d53c81c099f4e71b7dd2f5938f3beb1,3a80179efffa4c53ad35c7b87ab28009,2017-09-27 14:41:26,211.56,46.46
3ac2942860a9459ca83476625a83ea0f,1,599693169a8c46398daad3b4cd656065,7f5413cb391b403584cb293fe16d68ce,2018-02-25 13:59:46,93.72,17.53
3ac2942860a9459ca83476625a83ea0f,2,8a396819e6344340ac61e8939c84580c,7f5413cb391b403584cb293fe16d68ce,2018-02-25 13:59:46,106.92,12.65
3ac2942860a9459ca83476625a83ea0f,3,7d5e4f3573b04ed894398fb67afdbc05,7f5413cb391b403584cb293fe16d68ce,2018-02-25 13:59:46,279.34,41.15
d65648d711f44c309a4171fc32e60799,1,3996b5d268bb4dbd957ed7053e057f2f,7f5413cb391b403584cb293fe16d68ce,2018-01-18 08:59:46,122.02,17.46
0f92a69245f34581b468585357c178b9,1,a295467789d64f1b8776e91481ecaafb,7f5413cb391b403584cb293fe16d68ce,2018-02-17 23:59:46,62.11,9.83
7abaaf53476348d985106b7969cbae81,1,8ed463874a48423bbe53fecd6b08f4d5,7f5413cb391b403584cb293fe16d68ce,2018-02-03 04:59:46,40.15,8.5
6aacf9d4e57a4875807f10425d7f7490,1,b4905ddb15ea403c93551b2318b1b59e,7f5413cb391b403584cb293fe16d68ce,2018-01-22 07:59:46,427.53,41.78
6aacf9d4e57a4875807f10425d7f7490,2,247a877f459840c682eaa718a49e97bd,7f5413cb391b403584cb293fe16d68ce,2018-01-22 07:59:46,661.54,99.78
cd7bffb37dbd4e098e7b030684e577b2,1,3d6f3005222f45438b7f6d6a8d53d2e7,7f5413cb391b403584cb293fe16d68ce,2018-01-30 00:59:46,177.75,16.0
8f5d4815dc2a4a37b6ae25ebad23f7f4,1,26b37b94486041df85df9521f84121ec,7f5413cb391b403584cb293fe16d68ce,2018-01-26 10:59:46,70.5,8.5
6b9a020c77a2440096e8aabc3ea60c6a,1,14264f74e0194082bb4d36c761037b2f,0e655b37b9094fbcbc0d57ba01742bdf,2018-01-17 21:27:05,176.48,23.48
d6a55449c3f4433984b46b09d9cf0c38,1,e43f17059c6c45b686ef911deb55a897,0e655b37b9094fbcbc0d57ba01742bdf,2018-01-13 18:27:05,153.41,17.97
f6c2c43d4f3f48fa9ce27914084bb403,1,cf2a23e593f547b289fb5264a64d8dcf,0e655b37b9094fbcbc0d57ba01742bdf,2018-01-19 04:27:05,142.24,28.37
41eb8db8f28a45acb30b0b7e06eac593,1,cfc2acdea8024b2590f6caae280d5b4b,0e655b37b9094fbcbc0d57ba01742bdf,2018-02-08 16:27:05,36.88,8.5
0c4ff9b794674f12b63122c950b2e920,1,168aba01f177424b988028941413d692,0e655b37b9094fbcbc0d57ba01742bdf,2018-01-30 00:27:05,73.49,12.63
6cc88e48b7e0493ab08805edeb26de37,1,468b803d8a394cb2946afd35664209d2,0e655b37b9094fbcbc0d57ba01742bdf,2018-01-08 00:27:05,128.81,28.28
6cc88e48b7e0493ab08805edeb26de37,2,ac05f7781b784483b4f09e7ae73cc7c0,0e655b37b9094fbcbc0d57ba01742bdf,2018-01-08 00:27:05,112.67,22.15
03c94e28457e493280067cb8dd24df3f,1,01a2e162e71d4baebcb561917f105188,619d403b049a497090fff89e3328975c,2018-02-10 15:56:19,239.53,45.79
3d49e4580000498b8036384f52b500d6,1,55a59dd923c64c3abae95621cc8a187f,619d403b049a497090fff89e3328975c,2018-01-29 11:56:19,71.99,15.56
8ac5410eaae64f68bd2bbc39e180a241,1,b10e4441c4044a309e051444b2a853c1,619d403b049a497090fff89e3328975c,2018-02-03 09:56:19,39.17,8.5
17fd0a2f319a4e67b3d7a0e96b531e14,1,99ebce5de3184589986a16e8e7961102,619d403b049a497090fff89e3328975c,2018-01-21 13:56:19,117.11,15.43
c79727cbd5284139bba4662132f1c276,1,96c5a6d6d9af4a429e0169be133f4584,619d403b049a497090fff89e3328975c,2018-01-15 13:56:19,72.65,12.38
ab255487c5d14f1f87089175de40a124,1,bcddc046e9b2482ab7dffcabae8836de,619d403b049a497090fff89e3328975c,2018-01-12 11:56:19,204.59,21.68
5feb2d8c90b4414eb1044cf1586fb0d6,1,256ccf9a70164819bbd6edeb27646a39,05dcb12438a34e799b531e9290ea2efa,2017-12-07 12:34:47,135.85,25.38
41f7a1ac5b5240af887e0a2835530007,1,c7a09223fe16400390fa4f8dbfd7f695,05dcb12438a34e799b531e9290ea2efa,2018-01-05 11:34:47,44.81,8.5
41f7a1ac5b5240af887e0a2835530007,2,fecd56f2986d4d1a859278cc0e9ec2af,05dcb12438a34e799b531e9290ea2efa,2018-01-05 11:34:47,68.61,10.25
674e0c23b38c4b3e8c9510e9a690d600,1,3663a2a3c4944761b5b1cd0d489782bf,05dcb12438a34e799b531e9290ea2efa,2017-12-19 15:34:47,137.28,22.93
cafa953ecf6d428a950e077cf5cdf520,1,8143676461c74c82afe66c0f4655dea5,05dcb12438a34e799b531e9290ea2efa,2017-12-01 21:34:47,128.22,22.17
f704d85b2f8d4dc4826dbe9c0bd4dfa8,1,2e9bf80b6cc141de84e7918f02efc2fb,05dcb12438a34e799b531e9290ea2efa,2017-12-26 13:34:47,103.72,20.41
1bfbdd12b19e4404b281f1a1844f9dfe,1,01c9f138dde247a0a23aceed2050e42b,eae237c0e95149308b4c7c08192478d1,2018-07-01 08:45:52,34.12,8.5
e891ad84d0c54a239a208861d0f2442f,1,b2274f055c9a4feabc1b99c701f76de6,eae237c0e95149308b4c7c08192478d1,2018-07-09 17:45:52,41.39,9.0
e891ad84d0c54a239a208861d0f2442f,2,56c13b87824041b1a18e22a6853a0f04,eae237c0e95149308b4c7c08192478d1,2018-07-09 17:45:52,150.51,19.68
1072f232f5a64654bb26e47dd723817e,1,d7f7a77835444c9a82bf993b0ff07367,eae237c0e95149308b4c7c08192478d1,2018-07-03 06:45:52,33.08,8.5
cd8faa85e2304ebb8f24127a1e623a22,1,d03ce3ba416841918fee35eeb1719a74,eae237c0e95149308b4c7c08192478d1,2018-07-18 03:45:52,54.13,9.81
5bc5d086b8b74671b47fb1b1d2d1993c,1,2a6e031560a943528a4e27f86eea0e9f,cab26d2d44f74959ae8eda8f0452b387,2018-05-06 03:43:56,52.71,10.13
5bc5d086b8b74671b47fb1b1d2d1993c,2,a4204d89be1846fe8e8c91e34f5ec62c,cab26d2d44f74959ae8eda8f0452b387,2018-05-06 03:43:56,53.83,9.89
185d3ee388cd4b5abc1c4ba1c98a3f5a,1,541b2c2168e348518c982cccca8f1fe7,cab26d2d44f74959ae8eda8f0452b387,2018-05-10 01:43:56,804.28,89.55
185d3ee388cd4b5abc1c4ba1c98a3f5a,2,978046aa910c477b910db862d8bd2e40,cab26d2d44f74959ae8eda8f0452b387,2018-05-10 01:43:56,93.46,10.16
32faa0d9fcf44071a8f1c2ef30d1a7cb,1,f7a344b17f294348903e5fdf4d0860df,cab26d2d44f74959ae8eda8f0452b387,2018-05-02 16:43:56,297.05,50.43
6fac9ba826864596906ed64c02f57aa1,1,a4204d89be1846fe8e8c91e34f5ec62c,cab26d2d44f74959ae8eda8f0452b387,2018-04-30 08:43:56,78.24,10.89
c1e0c2be7b374d41b020d890f83f3848,1,41c99161861b415a9159d9a0fe328812,cab26d2d44f74959ae8eda8f0452b387,2018-04-27 12:43:56,214.13,21.4
e939a6334d04475c9d718ef4e6adfcd9,1,0bb08354427a45ec94274964a7d98b96,cab26d2d44f74959ae8eda8f0452b387,2018-05-22 22:43:56,26.46,8.5
185f8c490a4b47289a8184d3825a26fe,1,696353502a1b4650a1bd72f7e9753a8b,cab26d2d44f74959ae8eda8f0452b387,2018-05-14 14:43:56,72.06,8.5
3a403b9522a743dbb7edb4876548eca5,1,aac0cdcff44547ec928f26aeab7cdfda,adb3890dcf3243c1b1f8a77ba601ae5d,2018-03-10 10:08:59,57.26,11.59
472bdd3cc8f64c219b97a0d287164b90,1,b6f172788ba84bd3a46112ee0649db5c,80d9152a24a14887b0e725c678e3f52b,2018-01-17 23:31:14,373.0,47.12
472bdd3cc8f64c219b97a0d287164b90,2,4fe901af6e6c4e40bf2cb198c0b0fc00,80d9152a24a14887b0e725c678e3f52b,2018-01-17 23:31:14,40.97,8.5
13014f47497c483e9c6d306927c6d95d,1,2c1fbff24c4e49f3b51dff1f719d55e8,80d9152a24a14887b0e725c678e3f52b,2018-01-21 12:31:14,141.61,20.6
31a7abe041d5431192371649f1f25c0e,1,16a0be45d45744228ac74b60550b5038,2680dc7e3cc740da9d1dd3a98accd1f3,2018-03-05 04:35:44,52.24,8.5
d767ffd4d90e45ee919aa4a014725450,1,32276ee420ae4f9baf6268c23cc66369,2680dc7e3cc740da9d1dd3a98accd1f3,2017-12-29 05:35:44,14.25,8.5
15a8565fdbdd4326acb1e65822088ce9,1,4ff9d07885a44814a66af1b6e6c47b14,2680dc7e3cc740da9d1dd3a98accd1f3,2018-01-09 18:35:44,42.35,8.5
f97129463bb547c09c6a7211f4506e6a,1,ddad49438570447d9e1064bdae33e265,2680dc7e3cc740da9d1dd3a98accd1f3,2018-01-01 03:35:44,127.49,23.28
ccf66b4d01f74fe89150d2f76acfeace,1,3fe52a703a254731a0b1e9c38fe0bc15,2680dc7e3cc740da9d1dd3a98accd1f3,2018-01-09 22:35:44,155.29,30.02
89b292a578284675bd5849cd479597ab,1,6ba72f89f95e4036a8dea94f7bbc892f,2680dc7e3cc740da9d1dd3a98accd1f3,2018-03-12 07:35:44,244.42,30.35
d55d1395672642cfb6f0d28a8dd3067a,1,221d9833037e4c3da69fd85abd30c68b,29197fe443414a7c80a700e4895d8a6a,2018-07-02 04:05:32,114.69,13.64
f84d0c9137d34c06bd216b7d030566fe,1,3ddb170c40c64e95abcc7c4182834807,29197fe443414a7c80a700e4895d8a6a,2018-06-07 14:05:32,88.64,11.49
296c3e6c73964c57bbe0477bffbef9d8,1,136793b0c41f46639afe935695692e30,29197fe443414a7c80a700e4895d8a6a,2018-07-07 12:05:32,17.83,8.5
5ee4ae744fbf423fa1a3fdfd9783c43b,1,32276ee420ae4f9baf6268c23cc66369,29197fe443414a7c80a700e4895d8a6a,2018-06-13 02:05:32,142.46,24.29
badb81b026f3420fa42ef23bfdf1b641,1,66746c1c3d9d475e96cdfe48b82d6818,29197fe443414a7c80a700e4895d8a6a,2018-06-06 23:05:32,51.38,8.5
87845def5e804a358726c5e927a41236,1,a33fc612756941f2bae3c5900c4c9ce6,29197fe443414a7c80a700e4895d8a6a,2018-06-03 23:05:32,81.97,9.7
488ae82a80ad4d1fa14fa788ee67dccb,1,8d12cffb9e8b405c9653942e394e753e,29197fe443414a7c80a700e4895d8a6a,2018-05-21 12:05:32,350.47,67.59
36c56f2a6cd74144ba80f8dac8e4fda0,1,73e3c3884fe649cdab8fd4d6cda22bef,29197fe443414a7c80a700e4895d8a6a,2018-05-23 11:05:32,77.38,8.5
edc3cb46df344f27a86c572a57cd3b23,1,2d3d7ed96b8049ff9b4af5d88c11c79e,29197fe443414a7c80a700e4895d8a6a,2018-07-22 06:05:32,88.32,19.27
edc3cb46df344f27a86c572a57cd3b23,2,f29ff21f2aa949be8ba0e1b2f6be0736,29197fe443414a7c80a700e4895d8a6a,2018-07-22 06:05:32,37.45,8.5
edc3cb46df344f27a86c572a57cd3b23,3,fff75832db264c33a33f6f6ce9c5e858,29197fe443414a7c80a700e4895d8a6a,2018-07-22 06:05:32,145.55,20.89
ca31ff0b05db4f3882e3b74e9c2607fd,1,7682cebd7d68400290ee742d6aab9dbd,29197fe443414a7c80a700e4895d8a6a,2018-06-11 13:05:32,10.74,8.5
c801923308e44274a747dae2e4809871,1,d9280330a1db4619a5c4335d07453f58,29197fe443414a7c80a700e4895d8a6a,2018-05-28 10:05:32,364.99,59.24
c801923308e44274a747dae2e4809871,2,67cb04732359425baec1a3235e704580,29197fe443414a7c80a700e4895d8a6a,2018-05-28 10:05:32,95.55,14.06
f1dbd32c6f8c48a29eea798a394f71e1,1,e950deedc1f14e5d94b51d8bf6101a9e,29197fe443414a7c80a700e4895d8a6a,2018-05-23 01:05:32,106.61,16.28
274103ce4b54445eb6d2e2a8fcbc3eb8,1,ebdd6aa026c147ef8e9de4e5859b2e04,29197fe443414a7c80a700e4895d8a6a,2018-05-29 03:05:32,303.11,57.49
e878353ac44346e79da54dd40fa4b78c,1,85d0f4a744904c8a872e1eb354feab1f,0c7b423046534fa382f5ddd55048f1bc,2017-07-15 12:11:40,26.71,8.5
7402b9d7e60a4f1aa6f44246a7c41253,1,55a82669ce7848ebbe6405852cd51253,0c7b423046534fa382f5ddd55048f1bc,2017-08-01 10:11:40,497.38,98.96
d782da7fff2748298dfb9f72440a1897,1,21d39e0c1bcd42b0aa6d0a5a37ec7e45,e3a6fff7e6e84799bdb9b9411915e819,2018-04-19 22:22:45,137.03,27.75
8f138585f4fe47fbadbf0449914c0e4d,1,40f004bb3d604a5c9358a041ecf52c56,e3a6fff7e6e84799bdb9b9411915e819,2018-04-11 20:22:45,143.39,21.32
a8e355a2614345a4834e13c0d75c6fbf,1,90544dc6746941f58f07d486698a4975,8fb56b4f0cd54dca82b004af0e412d8a,2018-05-19 04:39:09,104.98,22.13
e98622c1dd804ffbaa21264e58dc1b3f,1,319a8a9a5da24575b64c77d1564407c5,8fb56b4f0cd54dca82b004af0e412d8a,2018-05-19 18:39:09,62.52,12.52
a207deef940e44dfbf986f6cfcbbfb9c,1,b09ced06368543639efee02905ea3f6d,8fb56b4f0cd54dca82b004af0e412d8a,2018-05-05 04:39:09,82.34,8.5
331e821efc0642de977829dbc145cad6,1,e8020a5073764efca24d5410fd8a0ac7,8fb56b4f0cd54dca82b004af0e412d8a,2018-05-07 05:39:09,42.43,8.5
af85d35621fe480ca07634c35bf3c226,1,ebb3db69c4cb4c45a6c75ef4c9055d60,8fb56b4f0cd54dca82b004af0e412d8a,2018-07-14 05:39:09,101.9,14.47
e9636b42553347d4a4a989efaf49b9ff,1,a05ffd4e8e394819a1fa8bbcf565e91f,8fb56b4f0cd54dca82b004af0e412d8a,2018-04-24 21:39:09,19.32,8.5
861654adb80f40fe864502026418ab1b,1,c15c2bb086434ad7a9eaa40b2ed5d986,8fb56b4f0cd54dca82b004af0e412d8a,2018-04-20 09:39:09,357.79,51.72
352c327be372465bb87d9378e75287dc,1,b02aaab93efb4261991bb05bfc62003d,8fb56b4f0cd54dca82b004af0e412d8a,2018-04-19 17:39:09,89.19,18.75
372b4cbef3bb4d9fafe75994d0dbd3b1,1,ecd9ef0722434060ae2ecbef12603d42,8fb56b4f0cd54dca82b004af0e412d8a,2018-06-08 15:39:09,195.49,29.79
5f9ff1fe924845f5b8621415f586867b,1,0ab9e8a5d9fd415b958c5479d0476934,8fb56b4f0cd54dca82b004af0e412d8a,2018-05-09 05:39:09,218.83,32.97
99461201c6214f5983268d383639210a,1,9dd492fd3f05453c90f6964d149629b8,8fb56b4f0cd54dca82b004af0e412d8a,2018-04-23 21:39:09,35.33,8.5
69a5179664ae44459c65bf91b9150278,1,70c8e3feac1f42c381bb07ff4fede19b,8fb56b4f0cd54dca82b004af0e412d8a,2018-05-16 08:39:09,392.95,82.08
9f83250dd240491c8929a6ab8a1b8228,1,8ed463874a48423bbe53fecd6b08f4d5,8fb56b4f0cd54dca82b004af0e412d8a,2018-04-29 22:39:09,116.75,20.99
00f2f28276734032aff89d88702ed441,1,4e3c24754747463792bf91693fd02492,ca281dce86d645349bdca3344537466f,2018-05-26 17:11:14,66.25,14.46
6fc5256ac4074af09e63997f30a2c081,1,216b5a662f174cc38aa091fc9a805eb4,ca281dce86d645349bdca3344537466f,2018-07-12 10:11:14,210.87,30.22
9a69802f0e2042c18463db17e58225da,1,70a2941f0a8c48bdb8ccc5c7612ec7fa,ca281dce86d645349bdca3344537466f,2018-06-11 09:11:14,113.47,16.16
80fa42601f7946b3bd60c6dd825d583a,1,0ab9e8a5d9fd415b958c5479d0476934,00a57efbc4da4343a9fbf87def557634,2017-10-03 22:39:58,43.45,8.5
3ef7141ceab04c0c9ff4d6a0aa1be985,1,44522e39746f48879e471599bc532a6a,00a57efbc4da4343a9fbf87def557634,2017-10-02 02:39:58,34.13,8.5
1e87c3aae8a6487ba05c39182600e0b8,1,1463a4cc9bc04f4092decb610fa825af,00a57efbc4da4343a9fbf87def557634,2017-10-02 21:39:58,53.28,8.5
5dfeb1e0b57546c88f7e28dbc2a90537,1,bce8cabe25544f9a975c5ed7925357a2,00a57efbc4da4343a9fbf87def557634,2017-10-22 19:39:58,28.31,8.5
5dfeb1e0b57546c88f7e28dbc2a90537,2,3996b5d268bb4dbd957ed7053e057f2f,00a57efbc4da4343a9fbf87def557634,2017-10-22 19:39:58,96.31,16.32
d1e91478788f4759bd36ec8f0548d1a5,1,6ee213734d9f451fa501a36f457ba0c6,00a57efbc4da4343a9fbf87def557634,2017-10-09 07:39:58,119.13,24.24
d1e91478788f4759bd36ec8f0548d1a5,2,44522e39746f48879e471599bc532a6a,00a57efbc4da4343a9fbf87def557634,2017-10-09 07:39:58,99.21,16.43
45b05a78d61c4e3b8e4d6ca15cd8dc60,1,6f1796cd339044e0a1662087c3c7ff46,00a57efbc4da4343a9fbf87def557634,2017-10-11 17:39:58,44.76,8.5
45b05a78d61c4e3b8e4d6ca15cd8dc60,2,31c4802eca6a489ba35e4a48b53c6b84,00a57efbc4da4343a9fbf87def557634,2017-10-11 17:39:58,45.19,8.5
45b05a78d61c4e3b8e4d6ca15cd8dc60,3,a01fb9b5f8c849f0837ebe2182325f7d,00a57efbc4da4343a9fbf87def557634,2017-10-11 17:39:58,10.93,8.5
35a60cb0031c47fcb3b5e1940b0be0af,1,bb9d03f6364a4774b1366571761a1abd,00a57efbc4da4343a9fbf87def557634,2017-09-28 09:39:58,53.04,8.5
9251ce21303e432ea85bcddfff4c36d8,1,4cdc171f1cec4c25ad225be00ee5f139,2195b6e521954fb292875aef91512543,2018-02-24 22:27:23,165.96,20.91
9251ce21303e432ea85bcddfff4c36d8,2,b09ced06368543639efee02905ea3f6d,2195b6e521954fb292875aef91512543,2018-02-24 22:27:23,84.47,15.75
6733e8aa3cd344a4affbf5377ef4c995,1,f829d0bf1c4447918844f2698a5d0b0c,2195b6e521954fb292875aef91512543,2018-03-21 01:27:23,69.69,8.5
64f6eaf356a042669f2a9316969a4735,1,66a937423c234e9cac34324e56988b99,2195b6e521954fb292875aef91512543,2018-02-26 16:27:23,40.15,8.5
64f6eaf356a042669f2a9316969a4735,2,d4a3eb3c66a24845887d4512b70e2b9f,2195b6e521954fb292875aef91512543,2018-02-26 16:27:23,58.92,8.84
d52b716af289495db48cc6a48e54e52f,1,26a68f39539e4612b55df3f28c2940a8,32ec5b6242114e97aaa97b23298824aa,2017-11-24 08:35:30,92.48,18.95
d52b716af289495db48cc6a48e54e52f,2,9114028ab504439189ac0d89fc7f4b4f,32ec5b6242114e97aaa97b23298824aa,2017-11-24 08:35:30,142.62,17.23
07ffeb14e84f4d0f96016601a648311d,1,1e192f6fc4d94cf7b4d44dca05a19600,32ec5b6242114e97aaa97b23298824aa,2017-10-12 20:35:30,34.7,8.5
07ffeb14e84f4d0f96016601a648311d,2,738ac275700f4d4b91949a1b4344aaa9,32ec5b6242114e97aaa97b23298824aa,2017-10-12 20:35:30,115.02,16.72
8849561f94954e0a8601f09439777d82,1,3996b5d268bb4dbd957ed7053e057f2f,32ec5b6242114e97aaa97b23298824aa,2017-10-28 02:35:30,39.72,8.5
f87f83819bb940f6ac3e937c33ae3858,1,ac46a1f7bf9346d9b2e7f3938b31e2f3,32ec5b6242114e97aaa97b23298824aa,2017-11-29 08:35:30,116.57,17.79
e2c966bee3ab4b24997c738b6325f473,1,a8076441277c410da530cdf4fbeb0511,32ec5b6242114e97aaa97b23298824aa,2017-10-13 00:35:30,199.87,23.12
5ddeb0bf7cc4464e933f273924ff6395,1,b9c77bde49ff4ef89b1be5fb74df32a1,32ec5b6242114e97aaa97b23298824aa,2017-11-29 22:35:30,165.83,24.51
a8f9d5df83494c1dba0b53635ddcc496,1,af69c9ef5eb04c02832f6dd88c552805,32ec5b6242114e97aaa97b23298824aa,2017-11-04 07:35:30,138.51,12.7
a8f9d5df83494c1dba0b53635ddcc496,2,4cdc171f1cec4c25ad225be00ee5f139,32ec5b6242114e97aaa97b23298824aa,2017-11-04 07:35:30,44.7,8.5
0f884520206b4519a283df52e8e2ded2,1,8188da2e69e94bb8bf1749600cc2d269,32ec5b6242114e97aaa97b23298824aa,2017-10-13 09:35:30,71.66,11.84
c8c351d5642a47e581dc881797e5bae6,1,340613b5186944ef82aaa28d22ae79ec,32ec5b6242114e97aaa97b23298824aa,2017-10-10 11:35:30,75.96,15.97
af571766a4e04f69adb4aebefd39bc42,1,0827c8523bc0409abb90a3a44a6c39ef,32ec5b6242114e97aaa97b23298824aa,2017-11-09 15:35:30,37.66,8.5
40882786ba7e4028bf2caf632b5b5867,1,1c456e659155442a83a9605fa921949a,32ec5b6242114e97aaa97b23298824aa,2017-10-18 23:35:30,92.13,15.1
df75bfb2d70848159c77803e01bb62a9,1,9b2e26d8c0014e7784e5e2875929f73d,32ec5b6242114e97aaa97b23298824aa,2017-10-22 09:35:30,53.1,8.5
32d1b1dfb1da47dd9b207486cfbaf423,1,515c774d67d84e0c82b85e2fb43838d4,32ec5b6242114e97aaa97b23298824aa,2017-11-25 11:35:30,117.86,21.97
f95e5a4cc32f4353812f27737ac649a5,1,79aa77dc99844a25aa8f37ccdf80fd15,32ec5b6242114e97aaa97b23298824aa,2017-12-10 00:35:30,32.79,8.5
e01fe2fb66284d78b74ccfcbaad99c32,1,4ce2f134095f493c95c47cbbf7f26618,32ec5b6242114e97aaa97b23298824aa,2017-10-14 23:35:30,134.7,24.8
cee998bb5f7d47719d465c2c0b7e18b7,1,bb2961d1f778430693c73d969793e621,f6b9c4f670dd4246a57a8e32a4aaace2,2018-06-27 22:24:00,107.19,16.65
e3ffa97c3d024c98a4f7095198146a77,1,48ed0f2b65f540069d15b27aece1c29e,415bf6c11c96418387ad526321941ad0,2018-06-16 14:22:20,55.42,8.5
785be048da074fc1a7eba5c2c0b56a7d,1,04bfdebca74e4f89808b43985b8f4c09,56339afc80444fbbb534158010fc4587,2017-10-21 21:20:19,157.0,29.68
ffa204dc656548669bd1813c9222a7c9,1,6c7af5e24af6424c960282f49ac9b498,56339afc80444fbbb534158010fc4587,2017-11-18 14:20:19,106.71,21.88
ffa204dc656548669bd1813c9222a7c9,2,f4fe6b0c9b624cd698daf0a70480ddb2,56339afc80444fbbb534158010fc4587,2017-11-18 14:20:19,227.13,43.8
b204d1aaa8b34f85a4362986064318f3,1,4f6bcc525e594b52902551ceed99e429,56339afc80444fbbb534158010fc4587,2017-10-02 16:20:19,51.62,8.5
790709432ade45b1a00a42a2de0bf844,1,c740848b8fef49fc9947f10a3e2f2760,49d555a6a6d64131943f53cfdfc9efda,2017-12-13 13:07:53,230.35,28.74
ada8c12564374e5dbf78a30bad6fecc1,1,55a82669ce7848ebbe6405852cd51253,49d555a6a6d64131943f53cfdfc9efda,2017-12-28 04:07:53,65.18,8.5
ada8c12564374e5dbf78a30bad6fecc1,2,93b06205876c4864b4c0b77e99c0904e,49d555a6a6d64131943f53cfdfc9efda,2017-12-28 04:07:53,86.73,9.99
07437d48c281430ea8d7af01f44967e6,1,e97d865790464805a0edec0b2a18beb2,49d555a6a6d64131943f53cfdfc9efda,2017-12-22 21:07:53,195.42,35.94
ef820e1d2dd745ad85684102da2b85ce,1,9b0e4ac9dbc84fe68d05e232c0ce2a21,49d555a6a6d64131943f53cfdfc9efda,2017-12-23 04:07:53,61.45,9.14
ef820e1d2dd745ad85684102da2b85ce,2,f829d0bf1c4447918844f2698a5d0b0c,49d555a6a6d64131943f53cfdfc9efda,2017-12-23 04:07:53,256.9,28.56
6497964dfd41423e8a4a9b28f0ee4b4e,1,1a918f08e1784107916f2bd51c08cf18,49d555a6a6d64131943f53cfdfc9efda,2017-12-24 18:07:53,47.97,8.5
6497964dfd41423e8a4a9b28f0ee4b4e,2,cef3071999f04a26bd129d07757c4967,49d555a6a6d64131943f53cfdfc9efda,2017-12-24 18:07:53,362.79,45.58
2edba938ad0847a29b3b6183ac1ac925,1,14264f74e0194082bb4d36c761037b2f,49d555a6a6d64131943f53cfdfc9efda,2017-12-12 03:07:53,103.96,12.58
2edba938ad0847a29b3b6183ac1ac925,2,de62d1f284754351aeadac61b5e6a412,49d555a6a6d64131943f53cfdfc9efda,2017-12-12 03:07:53,98.45,19.7
6a5cf21f24ff4e34b2c73b35a6aef0ac,1,541b2c2168e348518c982cccca8f1fe7,5327fe80c9774ea79b6a79d22a92ca18,2017-10-23 08:41:52,164.2,21.12
2704761d8e804d70957945190b6afb6a,1,770cf6eab8b64fdb94ec53d69bd7c02e,5327fe80c9774ea79b6a79d22a92ca18,2017-10-12 21:41:52,12.83,8.5
5e051794ef374739b6c78f55e5a98f6a,1,5476066d71d04a85939ffdc9ea206e59,5327fe80c9774ea79b6a79d22a92ca18,2017-10-31 21:41:52,56.2,8.5
510f29f04ed04420975c2ed515b608a9,1,4ff9d07885a44814a66af1b6e6c47b14,5327fe80c9774ea79b6a79d22a92ca18,2017-10-24 08:41:52,102.96,10.15
b2037e6bfe4f481eb82173bb3ae358ae,1,0f577f4856044081a067680fd1c38590,5327fe80c9774ea79b6a79d22a92ca18,2017-10-12 05:41:52,222.27,39.77
69690d58c20044f98bb2a2725d131c11,1,e10480b761024d3e945c00312d9fd615,5327fe80c9774ea79b6a79d22a92ca18,2017-10-13 05:41:52,39.01,8.5
69690d58c20044f98bb2a2725d131c11,2,af69c9ef5eb04c02832f6dd88c552805,5327fe80c9774ea79b6a79d22a92ca18,2017-10-13 05:41:52,101.69,20.24
02f3741fc02844c992ee694d38112bb7,1,4f7c7d8403374c27a46bb88bac5c85c8,5327fe80c9774ea79b6a79d22a92ca18,2017-11-21 16:41:52,12.04,8.5
1f8acc5a58e04961919c8c93c56b8edc,1,79aa77dc99844a25aa8f37ccdf80fd15,5327fe80c9774ea79b6a79d22a92ca18,2017-10-16 06:41:52,48.04,8.54
d9a6bff1ca964e14bcda12ca947c8abd,1,2d402d763ad64299b09745ad6214d9f3,7d8cf575030d43649649e0f5f701c3f8,2017-11-18 00:13:45,120.92,26.39
42b7a77aa8e0453fb807fddba97e3060,1,7e98aaa2f21d42bba7ac7008046e5cd2,7d8cf575030d43649649e0f5f701c3f8,2017-10-25 18:13:45,46.16,9.18
42b7a77aa8e0453fb807fddba97e3060,2,2883a714a7ed4ef48f67aa0c895660dc,7d8cf575030d43649649e0f5f701c3f8,2017-10-25 18:13:45,35.14,8.5
c104ac41b4a944568db498449037f0b7,1,4ce2f134095f493c95c47cbbf7f26618,7d8cf575030d43649649e0f5f701c3f8,2017-10-14 23:13:45,62.46,12.59
13f0f2f108034d5c8f8f2032ec5e1154,1,d3b5d812d4ef440a840f95a30f83f83a,7d8cf575030d43649649e0f5f701c3f8,2017-10-21 04:13:45,207.9,41.23
5bc36dc3e8374aaf93c6241d0a758b83,1,73e3c3884fe649cdab8fd4d6cda22bef,7d8cf575030d43649649e0f5f701c3f8,2017-10-11 06:13:45,100.22,9.61
8251056b65844ed08206d41a2ed7902d,1,5c871f3f35ef42808fecbcb3e6f549d8,aba87099dc1d4ef49de423607cf1b43b,2017-12-08 11:54:20,62.5,9.74
3b55fdd0641d4ce2bb9fe3738f691a01,1,0eeaaf0ec94a4541ad472945a44b349e,67e28fdb110d44728fc67d26f5a6de80,2018-04-01 12:38:08,75.7,8.91
527e30c4270c4accb20f818eec969387,1,749224c75d024b3b852c0a924eb129cb,67e28fdb110d44728fc67d26f5a6de80,2018-04-07 22:38:08,147.42,14.31
527e30c4270c4accb20f818eec969387,2,b442e6c747084f10a75305f1bec297ba,67e28fdb110d44728fc67d26f5a6de80,2018-04-07 22:38:08,93.73,8.5
2f431bfedeae4be4bfddd0e19412362c,1,e950deedc1f14e5d94b51d8bf6101a9e,67e28fdb110d44728fc67d26f5a6de80,2018-03-24 21:38:08,144.53,23.1
bfe4be48fe3f4c07b654d811547adbea,1,1c456e659155442a83a9605fa921949a,6822c117b62b461ab66a7d7ed90e4c48,2018-04-15 23:51:50,67.18,8.5
e18a58633b104982bdb74d84fd37aaab,1,3ff9840714f54530b8c9545b623b2085,6822c117b62b461ab66a7d7ed90e4c48,2018-04-13 20:51:50,99.44,16.54
2203ae47864043b0b5f078bde4b7bf98,1,70d1d567263a4ffca71c57a40b569ac0,6822c117b62b461ab66a7d7ed90e4c48,2018-05-02 16:51:50,12.95,8.5
63094061d44648bd8130340dd4f0c2bf,1,913a44b208b84a8cba5b9756b6781cb7,6822c117b62b461ab66a7d7ed90e4c48,2018-04-10 09:51:50,71.4,10.66
834b3e4f07b44e509791dfa02f90744f,1,aa5df92d78934c4c89f1f8898816e236,57f2d4ac7421436abb9c47fc2de8cec6,2018-01-12 22:08:59,15.52,8.5
834b3e4f07b44e509791dfa02f90744f,2,82da95fbfed54b53b256b3f9f828cf45,57f2d4ac7421436abb9c47fc2de8cec6,2018-01-12 22:08:59,59.59,8.5
834b3e4f07b44e509791dfa02f90744f,3,73e3c3884fe649cdab8fd4d6cda22bef,57f2d4ac7421436abb9c47fc2de8cec6,2018-01-12 22:08:59,73.25,12.54
520abf6125334def88682321b365c402,1,6eb4e94770034034af0e2ab526721538,57f2d4ac7421436abb9c47fc2de8cec6,2017-12-30 02:08:59,118.28,19.09
520abf6125334def88682321b365c402,2,929b2eaf900e41a5a8383573ac38534e,57f2d4ac7421436abb9c47fc2de8cec6,2017-12-30 02:08:59,264.33,32.25
520abf6125334def88682321b365c402,3,d9280330a1db4619a5c4335d07453f58,57f2d4ac7421436abb9c47fc2de8cec6,2017-12-30 02:08:59,42.74,8.5
001a02ce02154444a275a2f7b9eb2523,1,af64ff2205c4402fa819de9842d6ddd7,57f2d4ac7421436abb9c47fc2de8cec6,2017-12-30 14:08:59,198.59,34.66
2486d17fa9cb4615bec2b5d695290cf6,1,0f577f4856044081a067680fd1c38590,57f2d4ac7421436abb9c47fc2de8cec6,2017-12-25 14:08:59,233.58,31.23
2486d17fa9cb4615bec2b5d695290cf6,2,6e9670c39e694a0289db579ac1bc4d00,57f2d4ac7421436abb9c47fc2de8cec6,2017-12-25 14:08:59,32.28,8.5
42acfe9374a64af58236147559ed5c61,1,66a937423c234e9cac34324e56988b99,57f2d4ac7421436abb9c47fc2de8cec6,2018-01-01 21:08:59,461.59,85.04
d5455cb605fd47e98793d8fd8bab6b5c,1,b8dd8735e30f419eb9a8254b69866021,0a72132402c243a9819eb1e4c589d5ce,2018-03-20 07:43:14,349.67,29.41
d5455cb605fd47e98793d8fd8bab6b5c,2,07cc96ee293f40658456b7e42c6838e7,0a72132402c243a9819eb1e4c589d5ce,2018-03-20 07:43:14,205.08,25.99
d5455cb605fd47e98793d8fd8bab6b5c,3,8188da2e69e94bb8bf1749600cc2d269,0a72132402c243a9819eb1e4c589d5ce,2018-03-20 07:43:14,74.27,12.83
4730b72ce55b4f07982a12b584a13214,1,0fa0e03c16624b089470a691c452a201,ae3290ea4b1f406d8749accff66c12b8,2018-04-18 04:12:07,78.75,14.89
ce0060aa6ab847ed943e0c3fa7a8f807,1,6f1796cd339044e0a1662087c3c7ff46,ae3290ea4b1f406d8749accff66c12b8,2018-04-12 01:12:07,432.7,64.56
4e0d65c8f21946d8a16b34b43a954152,1,fc2067442c5e4c0bb0ac6ca6d42e6f44,ae3290ea4b1f406d8749accff66c12b8,2018-04-16 09:12:07,37.08,8.5
4e0d65c8f21946d8a16b34b43a954152,2,21d39e0c1bcd42b0aa6d0a5a37ec7e45,ae3290ea4b1f406d8749accff66c12b8,2018-04-16 09:12:07,29.87,8.5
3a64f432f7e94d9f982e14ff3bc5403c,1,68abbb31633c4080920275afe293abdd,93072422960943a799a44bfd60d8bff8,2017-09-11 09:56:38,90.28,13.7
3a64f432f7e94d9f982e14ff3bc5403c,2,a262cb1e95674ef1b89fe3431e81bacd,93072422960943a799a44bfd60d8bff8,2017-09-11 09:56:38,400.56,71.21
3a64f432f7e94d9f982e14ff3bc5403c,3,9e6b7e3c8516498b986a23f98abd5daa,93072422960943a799a44bfd60d8bff8,2017-09-11 09:56:38,52.74,9.91
5999ef3f3e334bc2be89d866fc8724a5,1,3663a2a3c4944761b5b1cd0d489782bf,93072422960943a799a44bfd60d8bff8,2017-09-27 11:56:38,25.7,8.5
a5615421c3fd4cb3a9a833ee0f466ef3,1,2c1fbff24c4e49f3b51dff1f719d55e8,93072422960943a799a44bfd60d8bff8,2017-09-16 22:56:38,195.26,36.38
c3fdafc84ca74f4897d0daa64278a24b,1,6e31d6e961d747f28ec599ea5ddcf24e,93072422960943a799a44bfd60d8bff8,2017-09-19 19:56:38,32.33,8.5
45c17a6202914fa896961fbb791aa09a,1,14264f74e0194082bb4d36c761037b2f,93072422960943a799a44bfd60d8bff8,2017-10-09 12:56:38,183.74,20.57
1897cabade6141099ad4985ad8fe71db,1,c05a6bea63c144028fd21cc6e3f72d89,34bc8b39ec4546ca86111689c8810a7a,2018-05-30 00:31:06,766.55,108.63
bf25683b0dc5412b93f3102f52b80c5d,1,6eb4e94770034034af0e2ab526721538,34bc8b39ec4546ca86111689c8810a7a,2018-05-30 19:31:06,56.39,8.5
c818235cafdf4c6e8451b1895b503629,1,c6719e320d20448e85e2de75099dc454,34bc8b39ec4546ca86111689c8810a7a,2018-06-09 21:31:06,21.23,8.5
b47464d8a7ef42cea42288397facb583,1,40964d8120a84310b63c950dc3d57324,34bc8b39ec4546ca86111689c8810a7a,2018-05-16 04:31:06,66.36,8.5
9e3896419ad945119037e387f5b5acaa,1,8f25d229aa104f8cbce897e43685d9c6,34bc8b39ec4546ca86111689c8810a7a,2018-05-12 11:31:06,80.77,8.5
9e3896419ad945119037e387f5b5acaa,2,3f130cb3ab2c47c1b539426199050b73,34bc8b39ec4546ca86111689c8810a7a,2018-05-12 11:31:06,72.31,11.97
9e3896419ad945119037e387f5b5acaa,3,f771208d9d684e0d96128315bda9be15,34bc8b39ec4546ca86111689c8810a7a,2018-05-12 11:31:06,96.15,8.5
0e9932a420934be4a173b2f809579d5c,1,9575a543b57e4a6eb3f5e1040bcf2306,34bc8b39ec4546ca86111689c8810a7a,2018-07-02 19:31:06,27.12,8.5
0b0b00caae0644cdbdce44169b1a7d96,1,9e04754c2cb146078e898370a52a31db,39cbad23d2da44cfb755cc0784fbf7a7,2017-09-20 12:02:25,92.73,14.77
c67e9444a76c41df88385602df971a05,1,a46fead64df34795be6d16b5deef27d2,39cbad23d2da44cfb755cc0784fbf7a7,2017-09-17 01:02:25,144.94,12.46
3a265ac52c314b959cb994e43666aa18,1,3e3b7d826ad44deea34f842895cbedc8,39cbad23d2da44cfb755cc0784fbf7a7,2017-11-30 21:02:25,255.01,31.96
d61f2f9e5afe4b1988e76041144c5a56,1,5cf17b8d47a64ca59b64117de91e7187,39cbad23d2da44cfb755cc0784fbf7a7,2017-10-04 19:02:25,64.24,11.01
4ffdd8265dd74a1daa81070fadb98432,1,6e9670c39e694a0289db579ac1bc4d00,39cbad23d2da44cfb755cc0784fbf7a7,2017-09-22 13:02:25,163.3,32.51
517b186c6dcb4a8cbcbd1dd134435643,1,607909810d6f42dea67dcb1aa97b45bc,39cbad23d2da44cfb755cc0784fbf7a7,2017-10-04 02:02:25,83.59,17.41
02cea0ae612d4d27a44cb2497b7ee506,1,93b06205876c4864b4c0b77e99c0904e,39cbad23d2da44cfb755cc0784fbf7a7,2017-09-22 19:02:25,77.97,15.14
02cea0ae612d4d27a44cb2497b7ee506,2,616a0de2321c48d7b22b83c6df5f2dd6,39cbad23d2da44cfb755cc0784fbf7a7,2017-09-22 19:02:25,124.43,26.25
c68bd883398b4e64b51ad8de6a6d17f3,1,58aa2de3269b41038b506f05b4878599,39cbad23d2da44cfb755cc0784fbf7a7,2017-10-05 11:02:25,46.68,8.59
a85f7d3423f94011be75067e767c9de2,1,6c858ec275bf4ba188d88edeb3b3b768,39cbad23d2da44cfb755cc0784fbf7a7,2017-10-30 08:02:25,46.43,8.5
248e6294720c4bb0af6b7a1b324f9b8d,1,a120b23dc4f24d30bb85feaec855e929,39cbad23d2da44cfb755cc0784fbf7a7,2017-09-29 18:02:25,20.53,8.5
8227cf3d98e7497d9dd659e84961318b,1,94c5832c7a4f4d4ab591f284476ff8bd,39cbad23d2da44cfb755cc0784fbf7a7,2017-09-18 12:02:25,245.39,21.98
82307a6263db46bc9e4f134b78cc7aaf,1,85d0f4a744904c8a872e1eb354feab1f,39cbad23d2da44cfb755cc0784fbf7a7,2017-09-15 01:02:25,99.36,11.35
8c8cc8a4437e40b0a4f6e39da0e31acb,1,fe737cdabf764534ab3c0642045cf9f7,39cbad23d2da44cfb755cc0784fbf7a7,2017-11-15 09:02:25,22.25,8.5
21695920d75f4663ab037bb126a01ed8,1,a6c7607b39664b649fa5cfd5aea5dbc8,73d02aac12984dd4aada21d4b957d42a,2018-04-08 13:12:12,133.75,26.9
804de4ef3c6d4009aa88f550f72148a8,1,20673b9a51c84802b8370318cafa70d9,73d02aac12984dd4aada21d4b957d42a,2018-04-20 04:12:12,27.52,8.5
c0cffe47120640648a22b9ae175ab1d9,1,cc8fab6f2489469790d44d1983d5846e,207a910554cd47f3bc1e5f18b1e4e884,2017-08-10 07:50:26,35.01,8.5
f855efe1e5d147b993c5969903b6064b,1,705f23c17ef446b3b03c9e9bd22b10ec,207a910554cd47f3bc1e5f18b1e4e884,2017-08-02 04:50:26,39.56,8.5
38cfb9dd81c34fc9bf269e4daf284381,1,b09ced06368543639efee02905ea3f6d,207a910554cd47f3bc1e5f18b1e4e884,2017-08-05 12:50:26,49.26,8.5
bae5c7c48e9c4e52845082f60745b399,1,3f1f42b8148c4616995f65dc85f5e585,207a910554cd47f3bc1e5f18b1e4e884,2017-07-17 13:50:26,59.84,11.45
d7f175c3542642fe8e43f9c1b6e44ad3,1,0b20ad599efc43358c6ef1ed32f7a290,207a910554cd47f3bc1e5f18b1e4e884,2017-08-25 00:50:26,87.54,12.99
1c610d31c0d74e348f02cd2ed822adf5,1,2f1e0509216a4022907ca3d868d77bf9,207a910554cd47f3bc1e5f18b1e4e884,2017-08-17 23:50:26,89.58,15.3
1c610d31c0d74e348f02cd2ed822adf5,2,3fe52a703a254731a0b1e9c38fe0bc15,207a910554cd47f3bc1e5f18b1e4e884,2017-08-17 23:50:26,59.76,8.5
c233b9c84f474006a95d91b8d5c2fd66,1,fecd56f2986d4d1a859278cc0e9ec2af,786fd835f7154aa7b6e73d334a66854b,2017-12-15 12:31:26,235.12,39.65
54c4e0ea1fd1412cba3ddd6392aefbff,1,42f99711a8f346f6a3415542e8c6b1e0,786fd835f7154aa7b6e73d334a66854b,2018-01-17 23:31:26,83.37,15.06
54c4e0ea1fd1412cba3ddd6392aefbff,2,00f84dba5aa1491781ecaf85fb02ce0a,786fd835f7154aa7b6e73d334a66854b,2018-01-17 23:31:26,32.91,8.5
d5e706d730c44995a69d93f61ea0c144,1,b3eaafcc9e214a49b59eb1ccb00147e2,786fd835f7154aa7b6e73d334a66854b,2017-12-19 17:31:26,171.57,32.05
fb2b1d143e8a4c429526e9a19bc2ae28,1,55a59dd923c64c3abae95621cc8a187f,786fd835f7154aa7b6e73d334a66854b,2017-12-31 16:31:26,136.48,18.09
935bba79b4ec4ba8a6a747e4455161c0,1,65cce69bb1584ce0aeebcb0c8726641b,786fd835f7154aa7b6e73d334a66854b,2017-12-18 15:31:26,87.02,14.32
450b5f2541c940479b1d56966d3a012e,1,4f7c7d8403374c27a46bb88bac5c85c8,786fd835f7154aa7b6e73d334a66854b,2017-12-28 12:31:26,49.48,8.5
8b1c1339d6bc428982e34c8cf63f5344,1,f1e3d75dfe9947de82f18ae10aa3791d,2fe57d78fd9a4535bde6c4e658a54bfd,2018-06-28 04:36:01,139.04,14.27
8b1c1339d6bc428982e34c8cf63f5344,2,3ec05895148e45c6b046d100d4009f81,2fe57d78fd9a4535bde6c4e658a54bfd,2018-06-28 04:36:01,36.19,8.5
8b1c1339d6bc428982e34c8cf63f5344,3,191eeed8159e411ea7b7d0143555ae45,2fe57d78fd9a4535bde6c4e658a54bfd,2018-06-28 04:36:01,55.87,9.43
3ea6382184de4dab8b9b228850d32216,1,136793b0c41f46639afe935695692e30,2fe57d78fd9a4535bde6c4e658a54bfd,2018-06-20 02:36:01,229.41,23.48
3ea6382184de4dab8b9b228850d32216,2,60a96eba840c45939580869adb55cfbd,2fe57d78fd9a4535bde6c4e658a54bfd,2018-06-20 02:36:01,87.28,15.21
d14eb253dec54098b6c89db5bb86e421,1,37611c71a7b447ccabdd4475542a133b,2fe57d78fd9a4535bde6c4e658a54bfd,2018-07-07 00:36:01,73.41,10.24
d14eb253dec54098b6c89db5bb86e421,2,2061966b66424545a7644928b0686526,2fe57d78fd9a4535bde6c4e658a54bfd,2018-07-07 00:36:01,95.35,17.55
122de140a4954c978d7f2bb96c9ac1fb,1,bb2961d1f778430693c73d969793e621,2fe57d78fd9a4535bde6c4e658a54bfd,2018-07-06 23:36:01,90.77,18.0
122de140a4954c978d7f2bb96c9ac1fb,2,96c5a6d6d9af4a429e0169be133f4584,2fe57d78fd9a4535bde6c4e658a54bfd,2018-07-06 23:36:01,75.34,11.89
4f0d458dad30400e8224db60504fb40a,1,216b5a662f174cc38aa091fc9a805eb4,2fe57d78fd9a4535bde6c4e658a54bfd,2018-06-20 20:36:01,7.19,8.5
f21ccadaafc74ecd82e232f26c7cd689,1,d7b6ca3aeb4e45c39dccfc9ef9fda4d1,2fe57d78fd9a4535bde6c4e658a54bfd,2018-07-11 01:36:01,45.47,8.5
62818ba3524348339b61a9b819faeb1a,1,4029dd9bf6664ff688fa31bb83020f5b,2fe57d78fd9a4535bde6c4e658a54bfd,2018-06-19 03:36:01,42.78,8.5
f666ebcda65b4551aae156333661c421,1,bcddc046e9b2482ab7dffcabae8836de,2fe57d78fd9a4535bde6c4e658a54bfd,2018-06-18 12:36:01,65.35,8.5
f666ebcda65b4551aae156333661c421,2,6d53c81c099f4e71b7dd2f5938f3beb1,2fe57d78fd9a4535bde6c4e658a54bfd,2018-06-18 12:36:01,166.14,21.74
3d4aaded01514b05a74e87e3fade4122,1,41c99161861b415a9159d9a0fe328812,2fe57d78fd9a4535bde6c4e658a54bfd,2018-06-17 05:36:01,67.7,8.5
e5f492a903a64eaf914f19216c640434,1,ebb3db69c4cb4c45a6c75ef4c9055d60,2fe57d78fd9a4535bde6c4e658a54bfd,2018-06-27 07:36:01,92.17,9.9
ff6ddce5646d44faa4658a425a69565a,1,8d46d80d53a94081984e1d83be0e87f5,2fe57d78fd9a4535bde6c4e658a54bfd,2018-07-31 07:36:01,228.44,22.72
85fd425b82f44e6382057bcf3e3b084c,1,38d84a0506ba4fdabb24af532d5d293d,814597db1d1e4b989e91ac18d6417a98,2017-07-18 14:36:25,91.89,19.62
17b5b91cfd114eb9b7cc95b3fa48d4e6,1,aafe2eadad47445184cf6af00fe91a99,814597db1d1e4b989e91ac18d6417a98,2017-07-31 02:36:25,62.06,8.5
f59670a5a0f249b4967199e43ae2ee78,1,a295467789d64f1b8776e91481ecaafb,f3a4393ed00d40ccb3dfb99b22f4b691,2018-05-10 13:47:47,93.19,8.5
86f672755270485eaa8281d769d83ea6,1,319a8a9a5da24575b64c77d1564407c5,f3a4393ed00d40ccb3dfb99b22f4b691,2018-04-21 18:47:47,164.95,24.56
49dfd26c912d4157abf19c492f2bde4e,1,ba9f574784c74426aab098f3c5e5b024,f3a4393ed00d40ccb3dfb99b22f4b691,2018-05-15 05:47:47,48.79,8.5
d5cc825860284b15a879d757c0d1da64,1,20673b9a51c84802b8370318cafa70d9,8ea1db3f4e2840cdbcf52112360a2f76,2017-09-26 17:45:23,133.67,19.12
6530e0815cc94c8ab10a676b7f09832e,1,37611c71a7b447ccabdd4475542a133b,348927ca8c764968a9f072685a1e4db3,2017-08-01 01:06:41,105.75,12.89
54b340b085274a258301b1f6b4d90bfe,1,078c371130c840a5b2de58d3a0519dc1,348927ca8c764968a9f072685a1e4db3,2017-08-17 11:06:41,61.2,8.5
24823d0a95c54ad59ab0963c0a8d4505,1,3fe52a703a254731a0b1e9c38fe0bc15,348927ca8c764968a9f072685a1e4db3,2017-08-11 10:06:41,115.57,18.22
47a02b5ff5124324bd7a4ec6dedef6d8,1,3fa881852d8547278dfaa9d9e87a7d8c,348927ca8c764968a9f072685a1e4db3,2017-07-31 10:06:41,29.0,8.5
f5a48ddd0f5e46ff9de01cbbcc1b097d,1,864bfbca22e543c2a9d1111e5d630d89,348927ca8c764968a9f072685a1e4db3,2017-07-30 15:06:41,20.9,8.5
b32eee63170f4d808e26a746d1255c55,1,bdda117a6a0c4096b503c65d5e952f62,348927ca8c764968a9f072685a1e4db3,2017-08-20 07:06:41,21.3,8.5
517d062f0c714a3f9fca99e07b25a9f5,1,3996b5d268bb4dbd957ed7053e057f2f,348927ca8c764968a9f072685a1e4db3,2017-08-16 05:06:41,38.75,8.5
e636b29691154c29867085c390e8aca9,1,2f55a58a8e2b4ab8a9db45c62c4fc31c,348927ca8c764968a9f072685a1e4db3,2017-07-25 08:06:41,95.43,12.39
e636b29691154c29867085c390e8aca9,2,ba9f574784c74426aab098f3c5e5b024,348927ca8c764968a9f072685a1e4db3,2017-07-25 08:06:41,100.28,12.67
e636b29691154c29867085c390e8aca9,3,cd883bfbcac54639bb545492da061a2d,348927ca8c764968a9f072685a1e4db3,2017-07-25 08:06:41,57.61,9.09
dd8f9d23651e4d6b8f652823c44c146b,1,2b34daf6daf544b0ba8151173ccecbd3,348927ca8c764968a9f072685a1e4db3,2017-08-01 21:06:41,128.19,24.51
6f2c7ab0d86748809e143cc2a4e3984d,1,cf244287bde4492ca54a26c128a52f42,348927ca8c764968a9f072685a1e4db3,2017-08-10 07:06:41,97.18,19.8
b06e2bc2bfdc4390ba5eb25c532c8614,1,9575a543b57e4a6eb3f5e1040bcf2306,348927ca8c764968a9f072685a1e4db3,2017-08-12 23:06:41,82.55,13.87
d31b9f60aeed4c958bcd328c9d8d61ba,1,78de62cdabe848cb964badce446a16fc,6930fcdaf9cb4b61bf8b49948bb64982,2017-08-17 17:51:07,331.39,33.62
d31b9f60aeed4c958bcd328c9d8d61ba,2,7324771a13da41799015ba377792a490,6930fcdaf9cb4b61bf8b49948bb64982,2017-08-17 17:51:07,55.14,8.5
d31b9f60aeed4c958bcd328c9d8d61ba,3,a8076441277c410da530cdf4fbeb0511,6930fcdaf9cb4b61bf8b49948bb64982,2017-08-17 17:51:07,87.83,10.05
569b73c1f6eb40c9a22bf545b9d920ec,1,6c7af5e24af6424c960282f49ac9b498,6930fcdaf9cb4b61bf8b49948bb64982,2017-08-06 19:51:07,383.41,82.45
83183306aadb4ba1aa00a795377c820c,1,ea0afb1831814b968212e6e4770c89bf,6930fcdaf9cb4b61bf8b49948bb64982,2017-07-24 20:51:07,87.37,14.39
83183306aadb4ba1aa00a795377c820c,2,a4e328b20f3f407c89cdd89de13c1744,6930fcdaf9cb4b61bf8b49948bb64982,2017-07-24 20:51:07,77.6,8.5
197fb8f8a2b24cfdb38ced1703bfe9b7,1,55a82669ce7848ebbe6405852cd51253,6930fcdaf9cb4b61bf8b49948bb64982,2017-07-28 15:51:07,51.28,10.49
197fb8f8a2b24cfdb38ced1703bfe9b7,2,bb9d03f6364a4774b1366571761a1abd,6930fcdaf9cb4b61bf8b49948bb64982,2017-07-28 15:51:07,48.05,8.5
09e74a47974c47a1b6aa33d4fdd79e61,1,00f84dba5aa1491781ecaf85fb02ce0a,6930fcdaf9cb4b61bf8b49948bb64982,2017-08-08 10:51:07,73.99,8.5
ddb4195ab05b40089a67414cbceca70c,1,3d6f3005222f45438b7f6d6a8d53d2e7,6930fcdaf9cb4b61bf8b49948bb64982,2017-08-03 00:51:07,74.05,8.5
319b92c1146949dba7b2ad0d1b3dc5a5,1,8b722edf7dac409b99a57262eefe0510,6930fcdaf9cb4b61bf8b49948bb64982,2017-08-14 03:51:07,118.95,9.73
4f94b88f8a7b4b17b5b88b4519478305,1,d03ce3ba416841918fee35eeb1719a74,6930fcdaf9cb4b61bf8b49948bb64982,2017-08-25 12:51:07,56.64,8.5
468687e7f16b408dbb0236b2f63c63a7,1,5c9185172c2140c1826a701785de5804,6930fcdaf9cb4b61bf8b49948bb64982,2017-08-14 18:51:07,85.99,8.5
468687e7f16b408dbb0236b2f63c63a7,2,dff9b448e44d43c3be6feedcba9fa453,6930fcdaf9cb4b61bf8b49948bb64982,2017-08-14 18:51:07,100.66,16.38
eeef9156e6ef49b79c54e74386a6d855,1,e97d865790464805a0edec0b2a18beb2,a9985e020d884130ad19e37057d1ce18,2018-04-22 05:48:11,76.51,10.77
eeef9156e6ef49b79c54e74386a6d855,2,dd76308e3fd24f1a96e7f100a39def8d,a9985e020d884130ad19e37057d1ce18,2018-04-22 05:48:11,42.12,8.5
e7fdb443fee34140a3274f82ae49dd3c,1,f1e3d75dfe9947de82f18ae10aa3791d,a9985e020d884130ad19e37057d1ce18,2018-04-23 03:48:11,104.52,17.63
e7fdb443fee34140a3274f82ae49dd3c,2,fa0f9f7aab4a495ca25cc380ae74e14f,a9985e020d884130ad19e37057d1ce18,2018-04-23 03:48:11,145.29,27.92
e7fdb443fee34140a3274f82ae49dd3c,3,cd1254f416eb40dda405182ed9ddc941,a9985e020d884130ad19e37057d1ce18,2018-04-23 03:48:11,87.86,13.12
795c4042446a46f09e3c263b49ee9744,1,7f01511a193c418c98eea890e389600a,a9985e020d884130ad19e37057d1ce18,2018-05-28 15:48:11,115.81,15.38
ebb8389ce336456da6abaafd78739608,1,bcddc046e9b2482ab7dffcabae8836de,f071eb26df75409bb8bb891a62b01887,2018-03-01 11:54:39,68.94,8.5
3e9032d5393943f9b88aa91585f94553,1,aa5df92d78934c4c89f1f8898816e236,f071eb26df75409bb8bb891a62b01887,2018-03-14 11:54:39,87.2,15.23
3e9032d5393943f9b88aa91585f94553,2,340613b5186944ef82aaa28d22ae79ec,f071eb26df75409bb8bb891a62b01887,2018-03-14 11:54:39,258.68,43.0
94b45a6306cd44a69ea0aa56d485de51,1,7324771a13da41799015ba377792a490,f071eb26df75409bb8bb891a62b01887,2018-03-17 14:54:39,225.12,43.4
a57f121f75684597b750bb52afac25f2,1,84b28376b4ba4472a150eb295c7eea16,f071eb26df75409bb8bb891a62b01887,2018-02-17 12:54:39,129.89,13.87
d7366cf38c4c4b00bda93a56cd416ec4,1,5c11cbe5c9fd42ea9e0bb0e61b8fd904,f071eb26df75409bb8bb891a62b01887,2018-02-06 16:54:39,42.77,9.11
a52ad6d5f12f4133b0753b7e9d9aa798,1,340613b5186944ef82aaa28d22ae79ec,28239375a5e34148815553cfcd472855,2017-12-11 18:48:25,104.48,19.31
208ea0791d1c4b65875c588cb774baf7,1,6e31d6e961d747f28ec599ea5ddcf24e,28239375a5e34148815553cfcd472855,2018-01-05 17:48:25,25.13,8.5
208ea0791d1c4b65875c588cb774baf7,2,f62befaca12149e284e2c60d13145f30,28239375a5e34148815553cfcd472855,2018-01-05 17:48:25,54.21,9.5
68a38ec350d9452e93d2be3efac04d57,1,a295467789d64f1b8776e91481ecaafb,28239375a5e34148815553cfcd472855,2017-12-29 13:48:25,67.25,8.5
75a654ccf3524604b2801d5e1236db88,1,750f4a1dc60b4d3a9cc5c9f8df4d751f,28239375a5e34148815553cfcd472855,2017-12-23 20:48:25,76.22,8.5
75a654ccf3524604b2801d5e1236db88,2,1c456e659155442a83a9605fa921949a,28239375a5e34148815553cfcd472855,2017-12-23 20:48:25,50.86,8.5
117e91807aba4dd29d331f51b40515bd,1,9575a543b57e4a6eb3f5e1040bcf2306,28239375a5e34148815553cfcd472855,2017-12-07 12:48:25,51.73,10.36
ab4a0a242b1d4e04ab1b94a65328bc5d,1,ac14520beded4bd6a61146acb40ba7c9,28239375a5e34148815553cfcd472855,2017-11-27 09:48:25,146.04,20.15
5ea8c2413ac74129850a1c8fe9684bf7,1,f1e3d75dfe9947de82f18ae10aa3791d,2bbffae77fad462b9fe7186bacd746d2,2017-12-28 11:30:28,124.63,25.62
486f3b9825294daaa9ee167a2bba51ca,1,4ff9d07885a44814a66af1b6e6c47b14,2bbffae77fad462b9fe7186bacd746d2,2018-01-08 22:30:28,192.19,28.33
1b27a089902242e98e1a5ea03964c7b3,1,655d7c5e5af84e83ac444c0c7a81e6fe,0679aaca861243e08c111041d36ddd89,2017-08-30 21:35:48,43.24,9.3
d0d180841bf04e7da8afa9c4bff057a7,1,e10480b761024d3e945c00312d9fd615,0679aaca861243e08c111041d36ddd89,2017-09-04 23:35:48,114.29,19.57
379c30fd3919442a9ddfb7855b1a52c8,1,8045435f964d4746ab6d86b9c708b83a,0679aaca861243e08c111041d36ddd89,2017-09-26 02:35:48,120.87,16.51
4a36ce4861f348889734975043052852,1,40964d8120a84310b63c950dc3d57324,0679aaca861243e08c111041d36ddd89,2017-09-10 01:35:48,16.05,8.5
e295917ab1564e29aa100e97681620f8,1,dda1e9d24d764532814ddd7c0c1dc682,0679aaca861243e08c111041d36ddd89,2017-08-27 17:35:48,69.58,8.5
d00cf564b0f847d4ad2e9651b1c06e7f,1,5146c66ba7444a9a82180d48e3471452,0679aaca861243e08c111041d36ddd89,2017-08-27 01:35:48,109.53,14.49
ea98fc95ce384e77990723581547c2cb,1,fd60b9a690b44f3c9588c38e8290a214,0679aaca861243e08c111041d36ddd89,2017-09-04 10:35:48,79.09,13.83
178b820ea01b47108842070793a2be42,1,38d84a0506ba4fdabb24af532d5d293d,0679aaca861243e08c111041d36ddd89,2017-09-14 12:35:48,43.97,8.5
178b820ea01b47108842070793a2be42,2,8850552a3bdd4b7c98681c38867f549d,0679aaca861243e08c111041d36ddd89,2017-09-14 12:35:48,233.37,22.91
753d51d9f9ab4a1d819645e0b90aba7a,1,fc2067442c5e4c0bb0ac6ca6d42e6f44,508b690c90844c4fabad9ba34ea75278,2017-12-14 21:09:03,7.65,8.5
595f71b352734f0ba6921a6e6cae36c7,1,0b20ad599efc43358c6ef1ed32f7a290,0a4367256f9a487d8ab4903ca5dc7ed4,2017-09-20 11:17:00,277.02,23.48
595f71b352734f0ba6921a6e6cae36c7,2,e648e0824baf40ec9f193e307b16c81f,0a4367256f9a487d8ab4903ca5dc7ed4,2017-09-20 11:17:00,61.86,11.98
71d51b61070348d39132d33dcb7bd1c6,1,c1a0e608a06648f7a69c96b5544a1fe9,0a4367256f9a487d8ab4903ca5dc7ed4,2017-09-06 03:17:00,71.71,8.5
71f1d601d3174b9fbc9406dac694db98,1,dcefdd62b9a844beaded92040e431692,0ba8f82f5a2c48f3abf7e2699f2692a7,2018-04-08 11:17:02,239.06,49.61
71f1d601d3174b9fbc9406dac694db98,2,6c7af5e24af6424c960282f49ac9b498,0ba8f82f5a2c48f3abf7e2699f2692a7,2018-04-08 11:17:02,136.89,13.86
cd95ba418fe1454d9c5f2ac8cdcc6513,1,9b0e4ac9dbc84fe68d05e232c0ce2a21,0ba8f82f5a2c48f3abf7e2699f2692a7,2018-04-11 01:17:02,95.29,16.29
013cb952455c4e7fa22da24c5fb8b2dd,1,319a8a9a5da24575b64c77d1564407c5,0ba8f82f5a2c48f3abf7e2699f2692a7,2018-04-04 01:17:02,72.63,12.47
d162a5c2d63d42eb844ecb4ad81b1f57,1,05688c66890a44f3a8853d92388e848b,f2ec074d6b8c4ec5a44357324d1bed4d,2018-03-18 05:17:02,119.74,12.68
2cc8a6e7b3f144939ccc1ea7de77d475,1,2c1fbff24c4e49f3b51dff1f719d55e8,f2ec074d6b8c4ec5a44357324d1bed4d,2018-03-17 02:17:02,40.68,8.5
f477c24ed26c4e56bbb1a42a2aa942b5,1,9e04754c2cb146078e898370a52a31db,f2ec074d6b8c4ec5a44357324d1bed4d,2018-03-14 03:17:02,163.05,28.99
f477c24ed26c4e56bbb1a42a2aa942b5,2,599693169a8c46398daad3b4cd656065,f2ec074d6b8c4ec5a44357324d1bed4d,2018-03-14 03:17:02,42.53,8.5
f477c24ed26c4e56bbb1a42a2aa942b5,3,7c88cbb90cac43acbe50ca2290985c7b,f2ec074d6b8c4ec5a44357324d1bed4d,2018-03-14 03:17:02,40.08,8.5
0ed001c57d3443cf8e2a8420a23f2c16,1,c4646a0286da4f6e8d424a8a0440f073,f2ec074d6b8c4ec5a44357324d1bed4d,2018-03-21 13:17:02,37.96,8.5
0ed001c57d3443cf8e2a8420a23f2c16,2,cf244287bde4492ca54a26c128a52f42,f2ec074d6b8c4ec5a44357324d1bed4d,2018-03-21 13:17:02,21.19,8.5
4b5d12249da7459384a77ff0daa66a9a,1,3ebe7980495e4f38b4798b1aa2876881,f2ec074d6b8c4ec5a44357324d1bed4d,2018-03-10 21:17:02,47.56,8.5
d0afa47060e8459cac5f4f98137ba72f,1,44bdb96b31034213a9d9cf695fbf5d48,f2ec074d6b8c4ec5a44357324d1bed4d,2018-05-21 21:17:02,41.43,8.5
f48623f3e4ab4f06ac7bb50f06dbba9c,1,b319a48045484e1d89b008aa30c5d13f,f2ec074d6b8c4ec5a44357324d1bed4d,2018-03-30 12:17:02,50.54,8.5
2a6f8c92c0d64f5ab90b32c7ecb426cb,1,cd1254f416eb40dda405182ed9ddc941,f2ec074d6b8c4ec5a44357324d1bed4d,2018-04-20 15:17:02,59.8,12.43
e4fd10e7cf7f4d76989c3724ae7b6512,1,19ab791503784ed9a8e1233b056cc558,f2ec074d6b8c4ec5a44357324d1bed4d,2018-04-04 12:17:02,90.45,16.03
f235d5f1e0b14e64aadb4d12f5c1d879,1,3390031116204573ae379aa053b2a2e9,1f4f24e5ae6f4778a83039d9c1ef019f,2017-08-10 05:26:00,30.01,8.5
c80cf807bea44fbf87a7e82da30923b1,1,d03ce3ba416841918fee35eeb1719a74,b84162fb59fe497d882a2e76b5963637,2017-09-12 17:01:25,53.21,9.08
e1e52199074040e6af17a58ba2ae9e77,1,21d39e0c1bcd42b0aa6d0a5a37ec7e45,b84162fb59fe497d882a2e76b5963637,2017-08-09 21:01:25,67.45,10.65
0d9e407029964603a21a4ee2a2f2b6fe,1,1e192f6fc4d94cf7b4d44dca05a19600,b84162fb59fe497d882a2e76b5963637,2017-08-15 08:01:25,74.45,8.81
894e87ee59a84218a74639665b2f330b,1,d7dedae680d14c6fac8d9d888cb07778,80502425ff1c46ef9f3b2ce6762c2e34,2018-01-15 03:06:33,70.69,13.32
894e87ee59a84218a74639665b2f330b,2,4e3c24754747463792bf91693fd02492,80502425ff1c46ef9f3b2ce6762c2e34,2018-01-15 03:06:33,90.73,13.82
8eaaa507a3fd4b5e852b83a7f3af5498,1,f771208d9d684e0d96128315bda9be15,80502425ff1c46ef9f3b2ce6762c2e34,2017-12-28 03:06:33,35.41,8.5
063c46cb32e74cebb8de68e343b0f04f,1,9ed1e9afad3a4e93890eb654e82f672e,80502425ff1c46ef9f3b2ce6762c2e34,2017-12-29 23:06:33,22.69,8.5
a5621292f0e344c2a8aaade4fa8d93ca,1,c29e0cc8685e4a30a3a685f2845e388d,80502425ff1c46ef9f3b2ce6762c2e34,2017-12-25 03:06:33,34.46,8.5
7b749c7d779e4513bfe197a292e16c4c,1,a74f78331b5c46949db2fb4d8de3dac4,80502425ff1c46ef9f3b2ce6762c2e34,2018-04-07 22:06:33,81.55,8.5
971b129d420d4773813234cc9f41787f,1,a1b7386ab8874fdfa5801040fa4d6fb1,6623273ebd414c5995c2938c00b14396,2017-09-29 04:27:39,279.7,57.12
8af0184ced884eb696e72583fe1e7acd,1,9e04754c2cb146078e898370a52a31db,0a42f39090bf445cb255051c02f98327,2018-04-16 02:08:30,78.62,15.8
d1674369e63e486da4185a47d8d0033c,1,30c48493f9544740b55fd8b6080b2b4c,0a42f39090bf445cb255051c02f98327,2018-03-15 11:08:30,99.05,11.88
4dff026e068e4837bf10d13baa6f3a33,1,f7242f323cea46bd885a8f6ed384c347,0a42f39090bf445cb255051c02f98327,2018-03-25 03:08:30,110.92,12.2
863e7b71143540a6a5d8bfb0b1d8ce02,1,4e15671b8a0f4a9eba6cd5b8e3e7a969,0a42f39090bf445cb255051c02f98327,2018-03-13 11:08:30,92.39,13.6
863e7b71143540a6a5d8bfb0b1d8ce02,2,fe737cdabf764534ab3c0642045cf9f7,0a42f39090bf445cb255051c02f98327,2018-03-13 11:08:30,143.79,27.67
974290ae8b62414eaf9b43afacc2d453,1,a77532f141d343edacc64d6e9e8bb45c,0a42f39090bf445cb255051c02f98327,2018-03-10 08:08:30,85.49,11.82
2d3c4a14bb4a424db57343520a3d0671,1,ac03f608b441433c90c01453d112f08f,c02c9336ef034dff9089d205918eab6a,2018-02-22 06:58:46,51.35,8.5
6331317ccceb4e6e9905c0f9a208a37c,1,dbdcc4dbe1de4a179dfc352a54835cc7,c02c9336ef034dff9089d205918eab6a,2018-02-22 00:58:46,319.72,28.91
a02390e3e321491ebdc0090843383126,1,55a82669ce7848ebbe6405852cd51253,c02c9336ef034dff9089d205918eab6a,2018-02-12 05:58:46,32.0,8.5
a3719bc29fe44ea18719f532e43d9d9b,1,de62d1f284754351aeadac61b5e6a412,c02c9336ef034dff9089d205918eab6a,2018-02-16 23:58:46,62.11,11.42
7e5b2233bfc140a583a1b6bf56654cd3,1,d20158c558f24b3eb2ccb92c69a63827,c02c9336ef034dff9089d205918eab6a,2018-02-16 00:58:46,95.9,12.42
50a77e201a504957986788a017b30cc3,1,8143676461c74c82afe66c0f4655dea5,c02c9336ef034dff9089d205918eab6a,2018-02-18 02:58:46,38.12,8.5
56860c14dca2474d98021760c3c09506,1,04bfdebca74e4f89808b43985b8f4c09,c02c9336ef034dff9089d205918eab6a,2018-02-07 05:58:46,62.85,13.51
56860c14dca2474d98021760c3c09506,2,27df63dbf6f8439289cbf40e034cb4b4,c02c9336ef034dff9089d205918eab6a,2018-02-07 05:58:46,49.97,8.5
2a3adaa25c874bc288c542ddf26ff368,1,2d402d763ad64299b09745ad6214d9f3,c02c9336ef034dff9089d205918eab6a,2018-02-28 04:58:46,65.91,8.5
2a3adaa25c874bc288c542ddf26ff368,2,ecd9ef0722434060ae2ecbef12603d42,c02c9336ef034dff9089d205918eab6a,2018-02-28 04:58:46,92.09,18.66
2a3adaa25c874bc288c542ddf26ff368,3,1dbf26c3a0b04e0c86b401c6eea46bbc,c02c9336ef034dff9089d205918eab6a,2018-02-28 04:58:46,28.54,8.5
bc3be7cc46774ac3af7538c52c536e3d,1,ad0bc024ee50446e8b8fc9909678e7d0,c02c9336ef034dff9089d205918eab6a,2018-03-04 12:58:46,15.23,8.5
bc3be7cc46774ac3af7538c52c536e3d,2,3c59bc636fba490087e6bcedb3ff1187,c02c9336ef034dff9089d205918eab6a,2018-03-04 12:58:46,22.96,8.5
33fc31778944430083220f7d7b9450de,1,953c34dff9884496a6ced1eb2aec8a4d,c02c9336ef034dff9089d205918eab6a,2018-02-17 02:58:46,74.47,14.42
5f26dd2a6b0245adbb87573f4ce25ce9,1,2c1fbff24c4e49f3b51dff1f719d55e8,3f14a7b47e9944b3abbf7e05bd160050,2018-07-04 03:34:52,50.57,8.5
955799661a7d4c3195237540686c4175,1,978046aa910c477b910db862d8bd2e40,3f14a7b47e9944b3abbf7e05bd160050,2018-06-22 20:34:52,149.36,16.84
451a30b4178e43098dea607ff179f33e,1,b6f172788ba84bd3a46112ee0649db5c,3f14a7b47e9944b3abbf7e05bd160050,2018-08-04 14:34:52,26.6,8.5
c1e691321ce54ce5947f36c3b7ba14ff,1,05a3a1ae2a824b2cae9aa10348b52218,3f14a7b47e9944b3abbf7e05bd160050,2018-07-16 17:34:52,82.53,13.83
acb3e7bf8b8b43e39cce28b46e75094c,1,70d1d567263a4ffca71c57a40b569ac0,3f14a7b47e9944b3abbf7e05bd160050,2018-06-19 03:34:52,113.63,15.06
051855b1c8c24bf8b732b0359992353a,1,21d39e0c1bcd42b0aa6d0a5a37ec7e45,521fa5062cdf41d88ab5cc83eca4aa5c,2018-01-17 15:05:18,84.34,16.82
3286f43e984f451a9028f799adf1750f,1,1f1b9029351d411ba63ab9314c1c7494,521fa5062cdf41d88ab5cc83eca4aa5c,2018-01-17 12:05:18,245.5,36.91
90ce36325e5d4767af66aea7ac461850,1,9cd1490631c1488ca9c7d9c7257b8cba,521fa5062cdf41d88ab5cc83eca4aa5c,2018-02-10 14:05:18,92.13,8.5
430538e35de64968bc192a4b37b88ce1,1,b83171b482b6445bba44533309768e90,521fa5062cdf41d88ab5cc83eca4aa5c,2018-02-19 23:05:18,54.89,11.32
430538e35de64968bc192a4b37b88ce1,2,4cdc171f1cec4c25ad225be00ee5f139,521fa5062cdf41d88ab5cc83eca4aa5c,2018-02-19 23:05:18,20.98,8.5
430538e35de64968bc192a4b37b88ce1,3,9dd492fd3f05453c90f6964d149629b8,521fa5062cdf41d88ab5cc83eca4aa5c,2018-02-19 23:05:18,57.25,8.5
c8bf9453d6264966b3635a947bb4e5bf,1,1588900dd56748588b24ee5e5c7beea4,521fa5062cdf41d88ab5cc83eca4aa5c,2018-02-08 23:05:18,107.67,14.31
6f33532637b84ce780510489dbe156b6,1,0ab9e8a5d9fd415b958c5479d0476934,521fa5062cdf41d88ab5cc83eca4aa5c,2018-02-01 05:05:18,126.26,21.88
1270078248004df3b49aa91929fc41f2,1,637518c4a8b0450db5949f81b0badb5d,521fa5062cdf41d88ab5cc83eca4aa5c,2018-02-06 22:05:18,100.19,14.73
092980bdbc5d4020bdc745ab833d8160,1,9b0e4ac9dbc84fe68d05e232c0ce2a21,521fa5062cdf41d88ab5cc83eca4aa5c,2018-02-04 15:05:18,41.35,8.5
04a4aac6dc0a4277a76296b8361211e5,1,b02aaab93efb4261991bb05bfc62003d,521fa5062cdf41d88ab5cc83eca4aa5c,2018-01-27 00:05:18,34.91,8.5
04a4aac6dc0a4277a76296b8361211e5,2,fff75832db264c33a33f6f6ce9c5e858,521fa5062cdf41d88ab5cc83eca4aa5c,2018-01-27 00:05:18,67.9,8.5
fd0aa437a93542dbb14d79106acfa96a,1,6031067340d545f7a106ee4acb6e04bc,521fa5062cdf41d88ab5cc83eca4aa5c,2018-01-30 02:05:18,165.31,29.26
9b27282c6591454a8f78d2c0513a41e2,1,71090502dbf74289baa0b1113a649b7a,521fa5062cdf41d88ab5cc83eca4aa5c,2018-01-23 21:05:18,16.14,8.5
9b27282c6591454a8f78d2c0513a41e2,2,05a3a1ae2a824b2cae9aa10348b52218,521fa5062cdf41d88ab5cc83eca4aa5c,2018-01-23 21:05:18,47.48,8.5
5821f208e160499691c60fe5dc1b10a8,1,3a422dbdaebc426d974617f87830a28f,52b52633cd1d4ea080c0e10bce3bd930,2018-04-26 02:00:57,93.53,18.99
5821f208e160499691c60fe5dc1b10a8,2,5fba940f265743d3a225c79fe8f02ddb,52b52633cd1d4ea080c0e10bce3bd930,2018-04-26 02:00:57,43.07,8.67
0ad9fa3a97764d75811b237bdb28a99e,1,6ba91efe9dff4c09ad995ed7b5258f23,9751ca8402434b309b1013ed428bd263,2018-03-10 17:49:40,91.66,12.38
912bbec8f9bc4299877c0de71a1f771a,1,16a0be45d45744228ac74b60550b5038,9751ca8402434b309b1013ed428bd263,2018-03-26 19:49:40,20.59,8.5
4b0e5df65bbb40ec925796660f7f469d,1,716847bd0fd54313aeeb1673a80d2d9a,9751ca8402434b309b1013ed428bd263,2018-02-20 07:49:40,38.15,8.5
4b0e5df65bbb40ec925796660f7f469d,2,3e425b5e24f34266af766f5117f8cf65,9751ca8402434b309b1013ed428bd263,2018-02-20 07:49:40,77.83,15.08
4b0e5df65bbb40ec925796660f7f469d,3,5125a8846a194728b1ef141ff25f51d9,9751ca8402434b309b1013ed428bd263,2018-02-20 07:49:40,112.0,18.49
3c570a2e9c6d4fe5836010968daac2d0,1,41c99161861b415a9159d9a0fe328812,9751ca8402434b309b1013ed428bd263,2018-03-01 01:49:40,97.38,15.24
23af5529d2a74fd3b830c32b68e88840,1,db41ceb2c29e41ae99b7e65ddd753e22,9751ca8402434b309b1013ed428bd263,2018-03-11 23:49:40,37.51,8.5
97f9ead17fd04f05a5a535105261b692,1,ddad49438570447d9e1064bdae33e265,9751ca8402434b309b1013ed428bd263,2018-03-11 10:49:40,94.06,13.04
97f9ead17fd04f05a5a535105261b692,2,b2274f055c9a4feabc1b99c701f76de6,9751ca8402434b309b1013ed428bd263,2018-03-11 10:49:40,372.91,78.79
471cd2328b954c9c81c2d038412aeae0,1,9861f4e896514572ab99af82fbcc8f1b,ca9bbdcccb0947c1bfb5f966fa2eec4a,2018-07-29 01:58:52,75.47,13.89
f7bfcdbcc738411f9599023f10a65ae7,1,ebdd6aa026c147ef8e9de4e5859b2e04,115cf1d39aa440be8d4175c488f53f17,2017-08-22 06:13:17,69.98,8.5
a853344967a94df7981cd71206c6d40c,1,54fd0302d42b4681ab8c174fc5593ad4,60b227d898574d8a93718837555156cf,2018-01-21 17:48:24,205.45,35.03
a853344967a94df7981cd71206c6d40c,2,dbdcc4dbe1de4a179dfc352a54835cc7,60b227d898574d8a93718837555156cf,2018-01-21 17:48:24,378.92,45.93
a853344967a94df7981cd71206c6d40c,3,7f8acccd1c4d46b3bc92716ce746dc1d,60b227d898574d8a93718837555156cf,2018-01-21 17:48:24,151.48,32.04
0287725550a34748a3d49a934a254b83,1,aafe2eadad47445184cf6af00fe91a99,f16d701df7f84b06af3f38b15e76a1b7,2018-06-14 20:01:16,51.96,8.5
e1884791c8684d198cab5e02cdce3b7e,1,de62d1f284754351aeadac61b5e6a412,f16d701df7f84b06af3f38b15e76a1b7,2018-06-23 13:01:16,42.61,8.5
17541076f60246e2b3eea591ef70c1b0,1,e648e0824baf40ec9f193e307b16c81f,f16d701df7f84b06af3f38b15e76a1b7,2018-06-08 06:01:16,124.57,14.32
c246239ac8cc4eb3ab2c7beedad21355,1,a2e390036377413eb7ece7c0913928f3,f16d701df7f84b06af3f38b15e76a1b7,2018-07-24 00:01:16,19.96,8.5
ba0a67d3b17e4fd1ae0b25cf735c54e7,1,87340047b52f467b91e0f7d23cfb7995,f16d701df7f84b06af3f38b15e76a1b7,2018-06-13 08:01:16,122.3,11.65
46c1c3f90ee04141af84aa23b3d998fc,1,85d0f4a744904c8a872e1eb354feab1f,f16d701df7f84b06af3f38b15e76a1b7,2018-06-07 03:01:16,28.92,8.5
325ede4ba739479aa5d4e9dd6318baa8,1,cf81570bac254a92b191693ad0a5cd12,f16d701df7f84b06af3f38b15e76a1b7,2018-06-09 09:01:16,90.58,16.04
eab92417efd4449b8941427cbd787fef,1,216b5a662f174cc38aa091fc9a805eb4,f16d701df7f84b06af3f38b15e76a1b7,2018-06-07 22:01:16,112.82,16.6
0c2ab9a29d404e80b5ed6d3decb2fa77,1,5814648e45574af58fa6074c49920349,f16d701df7f84b06af3f38b15e76a1b7,2018-06-05 20:01:16,41.7,8.5
2e870bb29f2d4d528e0e5e0df605b8b1,1,6e9670c39e694a0289db579ac1bc4d00,f16d701df7f84b06af3f38b15e76a1b7,2018-06-09 12:01:16,184.39,36.37
2e870bb29f2d4d528e0e5e0df605b8b1,2,0f30784df72e4d53aa4949c24ce9f8b9,f16d701df7f84b06af3f38b15e76a1b7,2018-06-09 12:01:16,72.02,9.13
2677f8acb2a346db9fc0aa4d23a98bbd,1,d44ca1890c7e40069f18fd55ee86a8b4,f16d701df7f84b06af3f38b15e76a1b7,2018-06-05 23:01:16,90.14,15.89
42e35764ed5d4d82b360a1f4c042c7e6,1,7740e21617cb4d0c9d341ae7196c2bab,f16d701df7f84b06af3f38b15e76a1b7,2018-06-23 00:01:16,32.99,8.5
b6d6e07632664234ae922a06694538ea,1,93b06205876c4864b4c0b77e99c0904e,39fd84741dd84b1a940b86577b2021ed,2018-06-06 07:48:03,67.37,11.76
b6d6e07632664234ae922a06694538ea,2,5fba940f265743d3a225c79fe8f02ddb,39fd84741dd84b1a940b86577b2021ed,2018-06-06 07:48:03,75.58,11.2
bf66d37efd334a53a377fccbe2162971,1,d03ce3ba416841918fee35eeb1719a74,39fd84741dd84b1a940b86577b2021ed,2018-05-03 11:48:03,99.32,20.07
93279c44e5274cb49ae402b0cb759bde,1,458352e852b64d8c8e9c4ec362c74bfc,39fd84741dd84b1a940b86577b2021ed,2018-05-07 11:48:03,112.45,10.24
76bec2fb8d2c4fb49b45a9cf0bcd00ee,1,aafe2eadad47445184cf6af00fe91a99,e306983651bc4d3981a6f362508ee18f,2017-10-29 03:23:56,152.24,24.63
76bec2fb8d2c4fb49b45a9cf0bcd00ee,2,fa0f9f7aab4a495ca25cc380ae74e14f,e306983651bc4d3981a6f362508ee18f,2017-10-29 03:23:56,140.89,25.57
25739681b14d4f38b922237da1e3122a,1,cc80be784d794b17a4babc0c5c0a1e33,6065eb8b3fef47a28140bdb25e9fb1b5,2018-01-25 00:11:03,18.86,8.5
25739681b14d4f38b922237da1e3122a,2,6bc33349c5b742a491b88b94e0c7efa9,6065eb8b3fef47a28140bdb25e9fb1b5,2018-01-25 00:11:03,140.69,16.75
e3c419c3a4d54d0f938e92c112a2b9d3,1,01c9f138dde247a0a23aceed2050e42b,6065eb8b3fef47a28140bdb25e9fb1b5,2018-01-24 06:11:03,132.07,15.61
492eb19637224c62b4012797f4de99ed,1,90544dc6746941f58f07d486698a4975,6065eb8b3fef47a28140bdb25e9fb1b5,2018-01-11 20:11:03,23.11,8.5
7173b78aba6847c094df7003f32f00bf,1,04bfdebca74e4f89808b43985b8f4c09,6065eb8b3fef47a28140bdb25e9fb1b5,2018-01-24 19:11:03,49.63,10.26
7fc772b37f924fa790fbe403e6efc4a4,1,cfc2acdea8024b2590f6caae280d5b4b,6065eb8b3fef47a28140bdb25e9fb1b5,2018-01-08 15:11:03,61.13,8.5
ebfd39a135624b938399b8a95bb85bc4,1,9daa49d9e2d54f06ba263e9eff92e6b2,6065eb8b3fef47a28140bdb25e9fb1b5,2018-01-07 17:11:03,76.7,8.5
f57aad7ef66d42d89399291ed1fe4d81,1,40f004bb3d604a5c9358a041ecf52c56,6065eb8b3fef47a28140bdb25e9fb1b5,2018-03-03 12:11:03,106.68,17.47
f57aad7ef66d42d89399291ed1fe4d81,2,8d46d80d53a94081984e1d83be0e87f5,6065eb8b3fef47a28140bdb25e9fb1b5,2018-03-03 12:11:03,190.28,18.29
f57aad7ef66d42d89399291ed1fe4d81,3,1dbf26c3a0b04e0c86b401c6eea46bbc,6065eb8b3fef47a28140bdb25e9fb1b5,2018-03-03 12:11:03,107.82,8.91
e2ec86eaae044d43bfd93e2c0dddd89a,1,2d3d7ed96b8049ff9b4af5d88c11c79e,6065eb8b3fef47a28140bdb25e9fb1b5,2018-01-20 22:11:03,15.97,8.5
e2ec86eaae044d43bfd93e2c0dddd89a,2,ebb3db69c4cb4c45a6c75ef4c9055d60,6065eb8b3fef47a28140bdb25e9fb1b5,2018-01-20 22:11:03,30.46,8.5
2e8bfef28491494aae2a7a6bc7cb000a,1,d4a3eb3c66a24845887d4512b70e2b9f,6065eb8b3fef47a28140bdb25e9fb1b5,2018-01-11 11:11:03,79.82,8.79
2e8bfef28491494aae2a7a6bc7cb000a,2,9861f4e896514572ab99af82fbcc8f1b,6065eb8b3fef47a28140bdb25e9fb1b5,2018-01-11 11:11:03,266.11,43.67
e6c633217cf8476ab6b0690021835f7a,1,65cce69bb1584ce0aeebcb0c8726641b,6065eb8b3fef47a28140bdb25e9fb1b5,2018-01-12 15:11:03,230.22,50.54
988f545017b645bf898c2fffd4c0d863,1,20673b9a51c84802b8370318cafa70d9,6065eb8b3fef47a28140bdb25e9fb1b5,2018-01-11 14:11:03,109.9,20.53
988f545017b645bf898c2fffd4c0d863,2,953c34dff9884496a6ced1eb2aec8a4d,6065eb8b3fef47a28140bdb25e9fb1b5,2018-01-11 14:11:03,143.42,27.09
aa7cb08f3f0e430f9baac9209d6ae75a,1,8d12cffb9e8b405c9653942e394e753e,6065eb8b3fef47a28140bdb25e9fb1b5,2018-03-04 21:11:03,40.31,8.5
32739332353f4ac39c6c86ec0dffb254,1,48c265722b804facb3f7898ac926a76d,6065eb8b3fef47a28140bdb25e9fb1b5,2018-01-16 07:11:03,241.66,38.34
6fee3bdc0e6141e980ee75fa646f0a60,1,e648e0824baf40ec9f193e307b16c81f,6065eb8b3fef47a28140bdb25e9fb1b5,2018-01-28 22:11:03,115.62,12.45
e66e4f521fd84e94a6401856ae82424c,1,db41ceb2c29e41ae99b7e65ddd753e22,1132b310e9a94a968366c310166279dc,2018-03-24 17:19:20,53.29,8.5
e66e4f521fd84e94a6401856ae82424c,2,cb4cc6a559fc4437aa9b5be6a60a39c1,1132b310e9a94a968366c310166279dc,2018-03-24 17:19:20,435.32,72.0
a70541f174614e699cb4b32a65b0dccb,1,26b37b94486041df85df9521f84121ec,1132b310e9a94a968366c310166279dc,2018-03-24 01:19:20,136.82,20.26
a70541f174614e699cb4b32a65b0dccb,2,6e9670c39e694a0289db579ac1bc4d00,1132b310e9a94a968366c310166279dc,2018-03-24 01:19:20,182.04,34.38
007e4c183ced433091194082e9e79787,1,2f55a58a8e2b4ab8a9db45c62c4fc31c,1132b310e9a94a968366c310166279dc,2018-04-12 01:19:20,148.89,17.26
894e51ec994b4b58bf471a2e26af595d,1,01bb08862f774c17b03d0e94b05898a8,1132b310e9a94a968366c310166279dc,2018-04-22 22:19:20,426.68,61.92
23d5d2ddc056486d9a6d78923fc875cf,1,a2a678b833b049368cb5c35a8536b4ca,1132b310e9a94a968366c310166279dc,2018-04-08 14:19:20,34.08,8.5
050a857e37044e7cb1f56641e22b26b3,1,864bfbca22e543c2a9d1111e5d630d89,7cda62b3fb3746bdae7e837cf4be0032,2017-07-28 16:27:01,165.86,25.64
e4ae026fc51642c38a4813b335bb3cf9,1,c0e77397c88b4e998535d316d83486f4,7cda62b3fb3746bdae7e837cf4be0032,2017-07-24 18:27:01,117.02,13.39
e4ae026fc51642c38a4813b335bb3cf9,2,749224c75d024b3b852c0a924eb129cb,7cda62b3fb3746bdae7e837cf4be0032,2017-07-24 18:27:01,57.13,8.5
3bd9b8934b4c4a56be09871c47ae003f,1,cd8bbcae3e8f4197affe5248f219d4d1,7cda62b3fb3746bdae7e837cf4be0032,2017-07-26 11:27:01,118.65,16.45
2b3497bc5b264ef193dd55f21d3017af,1,57f99facbfba4b16b7bf2ab7a5e3815a,7cda62b3fb3746bdae7e837cf4be0032,2017-08-17 01:27:01,68.02,8.5
2b3497bc5b264ef193dd55f21d3017af,2,32276ee420ae4f9baf6268c23cc66369,7cda62b3fb3746bdae7e837cf4be0032,2017-08-17 01:27:01,137.6,26.14
0bbf7d4ba3f44e2aa864cfdfe98281bf,1,14264f74e0194082bb4d36c761037b2f,7cda62b3fb3746bdae7e837cf4be0032,2017-08-03 04:27:01,225.46,48.11
4b00c912673e414bab1f934b33342960,1,ad0bc024ee50446e8b8fc9909678e7d0,7cda62b3fb3746bdae7e837cf4be0032,2017-09-01 14:27:01,31.28,8.5
f0a22bf717744e1fa994297fff612a5b,1,b10e4441c4044a309e051444b2a853c1,7cda62b3fb3746bdae7e837cf4be0032,2017-08-31 14:27:01,74.41,14.76
c7231af4da4d4d61af08e1f54715dc03,1,b9209700328c486b84c17de27d6b1caf,7cda62b3fb3746bdae7e837cf4be0032,2017-08-20 15:27:01,27.39,8.5
bcda356335c846819959216346236553,1,dff9b448e44d43c3be6feedcba9fa453,7cda62b3fb3746bdae7e837cf4be0032,2017-09-17 07:27:01,28.23,8.5
43e870683bcd44a2b624cee92e973f18,1,3fe52a703a254731a0b1e9c38fe0bc15,7cda62b3fb3746bdae7e837cf4be0032,2017-08-29 04:27:01,217.39,25.2
ef20a595ede1404dac0417f532acb44e,1,cf2a23e593f547b289fb5264a64d8dcf,3e245306c6314f2e8974f490773b9927,2017-11-11 12:19:06,99.23,20.01
f0e8d477e82c49219e038349c4f12846,1,cf2a23e593f547b289fb5264a64d8dcf,3e245306c6314f2e8974f490773b9927,2017-11-16 16:19:06,44.8,8.5
f0e8d477e82c49219e038349c4f12846,2,4f6bcc525e594b52902551ceed99e429,3e245306c6314f2e8974f490773b9927,2017-11-16 16:19:06,51.61,8.5
31e6f210cf714d2abac6882d994b6750,1,fc0238c296234b3390fb70edcae4db67,3e245306c6314f2e8974f490773b9927,2017-11-09 00:19:06,209.41,35.47
63845275cf7f47b2a6d4e4a70129e4cc,1,bf2574cf393e4f8e9a6834baac328035,a66e5ede35714c76a1a840794bdb2f0d,2018-04-11 00:49:23,88.56,11.67
16ddfd4413e94fad96d1fa0a742c3ae0,1,30c48493f9544740b55fd8b6080b2b4c,a66e5ede35714c76a1a840794bdb2f0d,2018-03-21 05:49:23,77.26,15.03
d64163c562d84e2284e1da61e5839f2d,1,5fcb4bf2925d468ca98c2b8d370025fc,a66e5ede35714c76a1a840794bdb2f0d,2018-03-29 03:49:23,25.27,8.5
865f20eaa68e4840889f660121c335ac,1,a3e945bd0c314476bd5efc2930b82c77,a66e5ede35714c76a1a840794bdb2f0d,2018-03-25 09:49:23,86.06,8.5
b889ef45ca0344129d37319a57c5fb91,1,43812beab7b64cce97b094cdb2579ec2,c1814fb770324805a3af87fc80825fec,2017-12-29 08:43:00,150.35,16.45
3e47bc119d5d480b90a42a15e23cdc50,1,6ba91efe9dff4c09ad995ed7b5258f23,c1814fb770324805a3af87fc80825fec,2017-12-28 22:43:00,121.16,23.7
bd3935485f01413ebd9b0c48a0303b5e,1,ea6c1f7b647541c59d6c03d84f2e049d,c1814fb770324805a3af87fc80825fec,2017-12-26 05:43:00,170.83,34.32
bd3935485f01413ebd9b0c48a0303b5e,2,885e236468954acf93aa9f8ef7207c78,c1814fb770324805a3af87fc80825fec,2017-12-26 05:43:00,66.39,12.26
84674479a04b4e7fa9dd54cb78573904,1,fc2067442c5e4c0bb0ac6ca6d42e6f44,c1814fb770324805a3af87fc80825fec,2017-12-03 07:43:00,196.39,42.03
e2ad883cacc441babe5f411b16b42f6d,1,a236c251881a4629b0a236ead07b77ab,c1814fb770324805a3af87fc80825fec,2018-02-25 06:43:00,72.22,13.25
e2ad883cacc441babe5f411b16b42f6d,2,bb2961d1f778430693c73d969793e621,c1814fb770324805a3af87fc80825fec,2018-02-25 06:43:00,77.96,14.69
e2ad883cacc441babe5f411b16b42f6d,3,71090502dbf74289baa0b1113a649b7a,c1814fb770324805a3af87fc80825fec,2018-02-25 06:43:00,131.3,22.87
2fbac18f83374d04a870f7d45d7742c7,1,515c774d67d84e0c82b85e2fb43838d4,c1814fb770324805a3af87fc80825fec,2018-01-01 08:43:00,86.92,17.62
01ef262dc839407e9733774065be1047,1,8850552a3bdd4b7c98681c38867f549d,c1814fb770324805a3af87fc80825fec,2018-01-21 00:43:00,223.26,47.05
9410deaa376a4a9ab88fc01be4130348,1,e8020a5073764efca24d5410fd8a0ac7,c1814fb770324805a3af87fc80825fec,2017-11-30 05:43:00,203.9,27.77
9410deaa376a4a9ab88fc01be4130348,2,a01fb9b5f8c849f0837ebe2182325f7d,c1814fb770324805a3af87fc80825fec,2017-11-30 05:43:00,39.57,8.5
9410deaa376a4a9ab88fc01be4130348,3,66b96ecbba12492c8d5751e09f07fdd3,c1814fb770324805a3af87fc80825fec,2017-11-30 05:43:00,63.82,8.95
5f22aed7c5d5464d8d302a891338e0b5,1,25a634ed47bb4877a9f38985821d410b,c1814fb770324805a3af87fc80825fec,2017-12-14 11:43:00,45.62,8.5
81fe8c35d1b7438ab448f80f8d06f4cc,1,9b2e26d8c0014e7784e5e2875929f73d,c1814fb770324805a3af87fc80825fec,2017-12-21 20:43:00,72.6,8.5
f7d5f5a4bc4745f2b64b92e3505991cb,1,fc2067442c5e4c0bb0ac6ca6d42e6f44,c1814fb770324805a3af87fc80825fec,2017-12-28 04:43:00,72.71,8.5
8bc0d9167dbe481a846b940ee7e29797,1,1c8fcfb9f392471abc2ac13537f7ea2a,c1814fb770324805a3af87fc80825fec,2018-02-12 09:43:00,75.21,13.1
6d0e3a023d8e442fb1992cb4d34709ff,1,49f3cfa7ec9f4664a9f68b384c88dd4a,c1814fb770324805a3af87fc80825fec,2017-12-04 10:43:00,13.0,8.5
c2db151cdac64a98a7aec50b73517e51,1,75475305a17744c687e89c2021d846f4,c1814fb770324805a3af87fc80825fec,2017-12-12 17:43:00,49.88,8.5
bca81806b3564f1aaed08538d874fa61,1,22cc83a22731444c8b7ef15b2fa994c1,c1814fb770324805a3af87fc80825fec,2017-12-01 22:43:00,132.47,24.67
fb835209ce714dcab80999d44c9dcc41,1,a07775d85f03481bbc9cfc7877070426,c1814fb770324805a3af87fc80825fec,2017-12-07 21:43:00,128.02,26.26
5411b4ed702148e3bd20dc0074f02eb0,1,4fc4ec06879f4e279bad578e3942c0cf,c1814fb770324805a3af87fc80825fec,2018-01-18 03:43:00,187.9,18.92
077861550fdd433497177c22b8334f9a,1,705f23c17ef446b3b03c9e9bd22b10ec,c1814fb770324805a3af87fc80825fec,2017-12-02 11:43:00,76.38,9.8
cca4b7a1428b4233a09883a853220428,1,dc6b2dfa2adc4005bccf4cbbfc02465c,c1814fb770324805a3af87fc80825fec,2018-01-04 09:43:00,173.82,19.82
ac7b98b2cca9422dbbd4e9780f28fea4,1,7324771a13da41799015ba377792a490,c1814fb770324805a3af87fc80825fec,2017-12-21 22:43:00,73.33,9.47
65c6d82e99804660ad90caf90c31f58b,1,c60302fe26ce4d91aeedd8f0752b9565,c1814fb770324805a3af87fc80825fec,2018-01-09 06:43:00,43.81,8.5
270dadac3b13410d94639ab440c94045,1,42f99711a8f346f6a3415542e8c6b1e0,c1814fb770324805a3af87fc80825fec,2017-12-14 10:43:00,177.6,35.82
270dadac3b13410d94639ab440c94045,2,17cf70e8054942669347695718ede4c3,c1814fb770324805a3af87fc80825fec,2017-12-14 10:43:00,63.56,8.5
afb9e279e0864c4cbad1888279746cee,1,b17341fa527e46ed81de6238a3da4c3f,c1814fb770324805a3af87fc80825fec,2017-12-02 08:43:00,322.86,29.05
afb9e279e0864c4cbad1888279746cee,2,d03ce3ba416841918fee35eeb1719a74,c1814fb770324805a3af87fc80825fec,2017-12-02 08:43:00,33.66,8.5
afb9e279e0864c4cbad1888279746cee,3,5bc2ec3494f34f0091a8b2f95cb4aba4,c1814fb770324805a3af87fc80825fec,2017-12-02 08:43:00,49.3,8.5
9a5eede73bf244a7a8230b99d596fb90,1,d7b6ca3aeb4e45c39dccfc9ef9fda4d1,c1814fb770324805a3af87fc80825fec,2017-12-16 04:43:00,681.31,82.39
9a5eede73bf244a7a8230b99d596fb90,2,40964d8120a84310b63c950dc3d57324,c1814fb770324805a3af87fc80825fec,2017-12-16 04:43:00,108.57,15.06
f31975208435431d877ac13b4333d42e,1,458352e852b64d8c8e9c4ec362c74bfc,c1814fb770324805a3af87fc80825fec,2017-12-10 04:43:00,12.87,8.5
689e34b4433149e3a452942e90976829,1,1588900dd56748588b24ee5e5c7beea4,c1814fb770324805a3af87fc80825fec,2017-12-03 09:43:00,222.25,31.84
b46236f8dfcf45808c9b381925e1f93b,1,4d5f747d841145c583309c90cc159d97,c1814fb770324805a3af87fc80825fec,2017-12-02 17:43:00,216.77,21.35
8cf4fd43c0c549e28dcf454234739995,1,a7d18cd824094eddac44b5aafdecba18,c1814fb770324805a3af87fc80825fec,2017-11-29 02:43:00,32.91,8.5
c251dbfe77494f888b0610394681be1e,1,6b68d013d3e24fb9873f565995cb22f0,c1814fb770324805a3af87fc80825fec,2018-01-11 06:43:00,48.62,8.5
ad392cc2d3b9426a87f0ca65c8f2e197,1,aa5df92d78934c4c89f1f8898816e236,c1814fb770324805a3af87fc80825fec,2017-12-05 09:43:00,9.45,8.5
b6efbe9277cb43bd8e6e9f531ccd8ccd,1,655d7c5e5af84e83ac444c0c7a81e6fe,c1814fb770324805a3af87fc80825fec,2017-12-22 20:43:00,116.12,23.86
0dda28592fbf4acfb3a5af29ec1c6fa8,1,01a2e162e71d4baebcb561917f105188,c1814fb770324805a3af87fc80825fec,2017-12-19 16:43:00,156.57,25.11
e023f40afc974309b1914b37295ca509,1,fc0238c296234b3390fb70edcae4db67,c1814fb770324805a3af87fc80825fec,2017-12-18 09:43:00,91.66,8.5
7c9afaf901f74276a171ea2770b34848,1,e71b9fe33bdb4de1956221a923311cba,c1814fb770324805a3af87fc80825fec,2017-12-21 04:43:00,45.2,9.76
0a0767e0fe71476992510e61f50ad464,1,aa54fe2f79d34d968dc82aa26a126887,c1814fb770324805a3af87fc80825fec,2017-12-28 04:43:00,63.57,13.8
436cee6c34f947509ac78b1b182f49bc,1,4cdc171f1cec4c25ad225be00ee5f139,c1814fb770324805a3af87fc80825fec,2017-12-18 05:43:00,21.89,8.5
7114c3ae3c314bcb8e819ab5a5714033,1,a295467789d64f1b8776e91481ecaafb,c1814fb770324805a3af87fc80825fec,2017-12-03 10:43:00,90.64,11.59
865b8e26bbd9471b9b517932edaba3ef,1,b3eaafcc9e214a49b59eb1ccb00147e2,c1814fb770324805a3af87fc80825fec,2017-11-30 20:43:00,53.04,11.32
9d34492f36f542a8b4eeb1a1f85ab0ac,1,749224c75d024b3b852c0a924eb129cb,c1814fb770324805a3af87fc80825fec,2017-11-30 16:43:00,38.92,8.5
d03fb7559b6f4defbad8a7b9233addf4,1,8ed463874a48423bbe53fecd6b08f4d5,c1814fb770324805a3af87fc80825fec,2017-12-07 21:43:00,155.5,32.79
4961f665bfaa4f04b915cae04977d63d,1,216b5a662f174cc38aa091fc9a805eb4,75f23e383bda4f47816fc07035d7c57d,2017-09-01 01:29:28,42.3,8.57
aff6044250574b3ab2d73644d471c280,1,a07775d85f03481bbc9cfc7877070426,e809585119814dd586b33a3810b5e433,2017-07-12 13:37:41,117.4,22.59
806b068a67104b82a214bfb7babf6136,1,a74f78331b5c46949db2fb4d8de3dac4,e809585119814dd586b33a3810b5e433,2017-08-06 00:37:41,119.89,11.95
335094d219764f59885dccd04f91386d,1,70c8e3feac1f42c381bb07ff4fede19b,e809585119814dd586b33a3810b5e433,2017-09-01 16:37:41,141.55,30.85
a3f6b1e8dc0742f083de05ba7a86db0a,1,cc80be784d794b17a4babc0c5c0a1e33,e809585119814dd586b33a3810b5e433,2017-07-09 10:37:41,147.12,19.87
19e396277b524722a7becbe982a774b2,1,0bb08354427a45ec94274964a7d98b96,e809585119814dd586b33a3810b5e433,2017-07-10 21:37:41,39.87,8.5
cd7d6cae55094638b41913e0fad6ad7d,1,6ee213734d9f451fa501a36f457ba0c6,e809585119814dd586b33a3810b5e433,2017-07-11 09:37:41,211.25,18.06
86b8e65795904f84bc6fe271450b357e,1,abfa441e3f7c43dca9da88ce6c6e2834,e809585119814dd586b33a3810b5e433,2017-07-14 12:37:41,67.96,8.5
86b8e65795904f84bc6fe271450b357e,2,7d5e4f3573b04ed894398fb67afdbc05,e809585119814dd586b33a3810b5e433,2017-07-14 12:37:41,44.51,8.61
28fef6ff1fcf4422971156cd7bbdd1de,1,541b2c2168e348518c982cccca8f1fe7,d8dcf2626ee5451b89d1348ff0965e0a,2017-09-13 03:52:27,8.73,8.5
09acb844845a4a6e99a2f1144a4cdbff,1,bf2574cf393e4f8e9a6834baac328035,d8dcf2626ee5451b89d1348ff0965e0a,2017-08-25 08:52:27,46.11,8.5
96f5329b4e0a4989af298c364c249227,1,6b68d013d3e24fb9873f565995cb22f0,d8dcf2626ee5451b89d1348ff0965e0a,2017-08-25 14:52:27,37.76,8.5
b72fe29b97d34e2d910f0a5e8d7765f0,1,340613b5186944ef82aaa28d22ae79ec,045466e263a64f478c8a7d2da8697ce5,2017-12-21 12:51:43,256.14,41.62
b72fe29b97d34e2d910f0a5e8d7765f0,2,ac05f7781b784483b4f09e7ae73cc7c0,045466e263a64f478c8a7d2da8697ce5,2017-12-21 12:51:43,154.83,32.36
5d391009b9144fe98c9d110c6419f623,1,2f55a58a8e2b4ab8a9db45c62c4fc31c,045466e263a64f478c8a7d2da8697ce5,2017-12-16 19:51:43,73.06,11.81
aabd56f7094349408ff5d43d9b70c2d0,1,301486d899d4427e9f6439d12b29e7b6,045466e263a64f478c8a7d2da8697ce5,2017-12-23 15:51:43,29.94,8.5
91b6f737d88f4f6283d38f1a3a6d1e5d,1,4ff9d07885a44814a66af1b6e6c47b14,1660fbc7fa7645898bbc47c0d353715c,2018-02-25 11:15:25,88.39,8.5
69dc551e8ed540949b32046329015a7c,1,a07775d85f03481bbc9cfc7877070426,1660fbc7fa7645898bbc47c0d353715c,2018-02-18 12:15:25,99.87,11.68
32dd101ec2a4478dbe8e0c9e353ba68f,1,b6f172788ba84bd3a46112ee0649db5c,1660fbc7fa7645898bbc47c0d353715c,2018-01-19 06:15:25,102.15,8.51
a18b3a228e354a958ddebf14f531f7fd,1,9aab70096b5449ef860fb6d51b6134f6,1660fbc7fa7645898bbc47c0d353715c,2018-02-23 20:15:25,395.91,50.92
a18b3a228e354a958ddebf14f531f7fd,2,bdda117a6a0c4096b503c65d5e952f62,1660fbc7fa7645898bbc47c0d353715c,2018-02-23 20:15:25,113.88,20.41
4afbbfaa12284e8ba99fbba9cc3c3c1a,1,0bb08354427a45ec94274964a7d98b96,1660fbc7fa7645898bbc47c0d353715c,2018-02-11 15:15:25,306.57,30.51
436c01824db249d08cfa80857673949c,1,4fc4ec06879f4e279bad578e3942c0cf,1660fbc7fa7645898bbc47c0d353715c,2018-01-17 09:15:25,27.56,8.5
682bc36a8ccb4e149ae3f8cf01d84a16,1,aa91603054d2433babdfc9b2fb3d03c8,1660fbc7fa7645898bbc47c0d353715c,2018-01-31 07:15:25,63.27,8.5
41dc97df3f9e48f1a0485a843b2316e1,1,2883a714a7ed4ef48f67aa0c895660dc,1660fbc7fa7645898bbc47c0d353715c,2018-01-25 11:15:25,32.52,8.5
d92aedfa9c214ff7b0af17a5c9e62cd6,1,9b1521a8cc294fbf91bf2db0f30f05f1,1660fbc7fa7645898bbc47c0d353715c,2018-01-21 14:15:25,389.47,31.87
dbd7c4877b044fdeb29eb12b5b8cbe62,1,b4905ddb15ea403c93551b2318b1b59e,1660fbc7fa7645898bbc47c0d353715c,2018-01-22 08:15:25,81.38,8.5
6bda0b4e6e9148cbaf9bacf5e313707c,1,e71b9fe33bdb4de1956221a923311cba,1660fbc7fa7645898bbc47c0d353715c,2018-01-30 13:15:25,69.07,13.54
6bda0b4e6e9148cbaf9bacf5e313707c,2,71090502dbf74289baa0b1113a649b7a,1660fbc7fa7645898bbc47c0d353715c,2018-01-30 13:15:25,419.71,87.79
f51f5855a56c47ffbb0b48f5784f87e5,1,b3eaafcc9e214a49b59eb1ccb00147e2,730273b8ae2248f59b844bcdecb2ba0b,2018-01-23 15:44:48,65.6,11.7
e16b2a8e573648beb04af87094df319e,1,8e394601b3ad4220a588dc0880239e0d,730273b8ae2248f59b844bcdecb2ba0b,2018-01-02 13:44:48,94.51,20.58
e16b2a8e573648beb04af87094df319e,2,4ce2f134095f493c95c47cbbf7f26618,730273b8ae2248f59b844bcdecb2ba0b,2018-01-02 13:44:48,27.77,8.5
dac03f3d72084c0dbc5b2cbe29082d49,1,1cd7ea7106664ab3b82841a986286df3,730273b8ae2248f59b844bcdecb2ba0b,2017-12-29 02:44:48,137.01,17.36
ddc6acc77a6f47fda9a003777ba729ed,1,dcefdd62b9a844beaded92040e431692,730273b8ae2248f59b844bcdecb2ba0b,2017-12-28 04:44:48,80.98,8.5
5e632f7aeafe4534b81d83d874926a0a,1,5fcb4bf2925d468ca98c2b8d370025fc,730273b8ae2248f59b844bcdecb2ba0b,2017-12-25 03:44:48,126.92,19.5
21cbb1c4d84f4b9394ec39930b1eec91,1,01a2e162e71d4baebcb561917f105188,3f02dcae919a4c968e2d6de4cd0c2ca7,2017-10-31 03:20:27,77.08,9.3
0bce3546fd954e55b96de24f6e328ffb,1,e26e46c5858e4d8887c0593bd87afa7b,3f02dcae919a4c968e2d6de4cd0c2ca7,2017-09-29 06:20:27,118.62,18.61
6e71c973d9ad46a9ba4934983ab4d80b,1,fff75832db264c33a33f6f6ce9c5e858,3f02dcae919a4c968e2d6de4cd0c2ca7,2017-11-21 01:20:27,124.8,13.0
7ba02c3d98634e8aadf1d15cba2a14c8,1,2e9bf80b6cc141de84e7918f02efc2fb,3f02dcae919a4c968e2d6de4cd0c2ca7,2017-10-17 09:20:27,232.74,37.18
a11ba3633d824ab3aa3dad349e379f5c,1,bce8cabe25544f9a975c5ed7925357a2,3f02dcae919a4c968e2d6de4cd0c2ca7,2017-09-29 10:20:27,103.71,9.58
a1eacd4786874990b32b4a2f129f0fa6,1,94c5832c7a4f4d4ab591f284476ff8bd,3f02dcae919a4c968e2d6de4cd0c2ca7,2017-09-29 20:20:27,85.74,14.88
69b399d843c349fbbeb892b1095a8968,1,0eeaaf0ec94a4541ad472945a44b349e,3f02dcae919a4c968e2d6de4cd0c2ca7,2017-10-03 10:20:27,92.8,16.84
dece680b63764defbf95ecbab9f48a01,1,bdda117a6a0c4096b503c65d5e952f62,3f02dcae919a4c968e2d6de4cd0c2ca7,2017-10-21 20:20:27,13.25,8.5
dece680b63764defbf95ecbab9f48a01,2,b22f7e6866c0428187a6c02307b27e8a,3f02dcae919a4c968e2d6de4cd0c2ca7,2017-10-21 20:20:27,77.02,16.9
dece680b63764defbf95ecbab9f48a01,3,1e192f6fc4d94cf7b4d44dca05a19600,3f02dcae919a4c968e2d6de4cd0c2ca7,2017-10-21 20:20:27,286.05,47.75
26fe5848808e4b8589784934bbfa38c7,1,e45f4834a5354c71a28a2d4998add40b,3f02dcae919a4c968e2d6de4cd0c2ca7,2017-10-17 02:20:27,56.33,8.5
4d05c410b1c341e899c62d9eda5cd0c9,1,cc8fab6f2489469790d44d1983d5846e,3f02dcae919a4c968e2d6de4cd0c2ca7,2017-10-02 23:20:27,106.43,9.64
919e06ee1b874a9dab74729c9b9aace6,1,6eb4e94770034034af0e2ab526721538,3f02dcae919a4c968e2d6de4cd0c2ca7,2017-10-19 06:20:27,154.41,27.15
bb147ecfeb1b4e19bb7da43c186ea369,1,05a3a1ae2a824b2cae9aa10348b52218,3f02dcae919a4c968e2d6de4cd0c2ca7,2017-11-02 02:20:27,53.1,8.5
b0e0ee2712704f029633224d530604a7,1,48c265722b804facb3f7898ac926a76d,3f02dcae919a4c968e2d6de4cd0c2ca7,2017-10-03 08:20:27,10.88,8.5
21aa9e95a9944891ae29cf78b9f039d9,1,44522e39746f48879e471599bc532a6a,35b1996e515643cfaa8916fa51f9c4e8,2017-09-27 03:29:40,73.81,14.08
a3305fdceff74378b340b2406fe5fb22,1,696353502a1b4650a1bd72f7e9753a8b,35b1996e515643cfaa8916fa51f9c4e8,2017-10-10 14:29:40,85.81,18.18
877c816886de4e47af47bf7c37bfa4b3,1,229761920631421a91d4a2ba381917f6,35b1996e515643cfaa8916fa51f9c4e8,2017-10-12 22:29:40,76.31,10.46
877c816886de4e47af47bf7c37bfa4b3,2,86a137bacde64f33a230e776df0fa93f,35b1996e515643cfaa8916fa51f9c4e8,2017-10-12 22:29:40,76.49,10.78
add722514b3543d28333981a7aa83403,1,b4c530d9a0ac4f42806f601db3383bd1,35b1996e515643cfaa8916fa51f9c4e8,2017-09-30 06:29:40,32.22,8.5
add722514b3543d28333981a7aa83403,2,535eb6e517404b89a642254ed4e3be96,35b1996e515643cfaa8916fa51f9c4e8,2017-09-30 06:29:40,38.32,8.5
add722514b3543d28333981a7aa83403,3,a05ffd4e8e394819a1fa8bbcf565e91f,35b1996e515643cfaa8916fa51f9c4e8,2017-09-30 06:29:40,24.09,8.5
195a1bc4aabe4032bb2f22b0f9d42bfb,1,71090502dbf74289baa0b1113a649b7a,35b1996e515643cfaa8916fa51f9c4e8,2017-09-27 22:29:40,123.62,16.6
4bff3e946baa4962a75e0db4f43e17c2,1,2f1e0509216a4022907ca3d868d77bf9,35b1996e515643cfaa8916fa51f9c4e8,2017-10-02 07:29:40,53.29,8.5
55a6b0403b874a188ba696d30e53fd6f,1,d03ce3ba416841918fee35eeb1719a74,35b1996e515643cfaa8916fa51f9c4e8,2017-10-07 23:29:40,161.19,27.34
c7e25035d9ca4377903a9a7cd7c34afd,1,331f609c93a04ea294523a4e6dc36ba2,fb0079d767b64b6e932c19161a7145be,2017-10-16 19:56:28,90.59,13.87
e5d399cb311d4c15aa2b4887360a4448,1,a33fc612756941f2bae3c5900c4c9ce6,fb0079d767b64b6e932c19161a7145be,2017-10-24 02:56:28,110.6,15.36
9fbe08c58cd241859c45ff49808fabfd,1,44bdb96b31034213a9d9cf695fbf5d48,8132bbaed53f4db893229a5c180465f4,2018-04-05 01:48:05,118.19,15.22
9fbe08c58cd241859c45ff49808fabfd,2,a4f4f5cb7b674dccab197bccbe55ee3e,8132bbaed53f4db893229a5c180465f4,2018-04-05 01:48:05,52.38,9.98
baf825691b754f6f8710b14748b6f252,1,b2274f055c9a4feabc1b99c701f76de6,8132bbaed53f4db893229a5c180465f4,2018-03-16 12:48:05,52.67,8.5
baf825691b754f6f8710b14748b6f252,2,f1e3d75dfe9947de82f18ae10aa3791d,8132bbaed53f4db893229a5c180465f4,2018-03-16 12:48:05,49.06,8.5
aea86b7c45dd4b9385a2cbb08a1e1feb,1,9dd492fd3f05453c90f6964d149629b8,8132bbaed53f4db893229a5c180465f4,2018-04-05 12:48:05,32.55,8.5
f1700111b7f04c1a9f105d98205d10f6,1,b10e4441c4044a309e051444b2a853c1,8132bbaed53f4db893229a5c180465f4,2018-03-24 16:48:05,49.99,10.07
592477bf584b4362a8241c1e67c582f3,1,301486d899d4427e9f6439d12b29e7b6,8132bbaed53f4db893229a5c180465f4,2018-03-21 16:48:05,79.95,8.5
6dfdd2fa6f4a4e2ba35a6e61080a0cab,1,a079193ea0924f6dbba68e122f5aaeb5,8132bbaed53f4db893229a5c180465f4,2018-03-20 17:48:05,184.71,28.12
3d672626a36a4618b0c8a4528258b48c,1,750f4a1dc60b4d3a9cc5c9f8df4d751f,8132bbaed53f4db893229a5c180465f4,2018-03-23 11:48:05,55.14,8.5
6844755b854741a798ae4fc5ebed8348,1,8d46d80d53a94081984e1d83be0e87f5,7bb92cf1eb6d456fbe9a811185f9f1e1,2017-08-29 14:51:01,33.31,8.5
86438afb5e8342e18959aa67e9c4924d,1,3f1f42b8148c4616995f65dc85f5e585,7bb92cf1eb6d456fbe9a811185f9f1e1,2017-08-21 10:51:01,474.7,85.27
651a526d81d448edb93d100588d1dff6,1,624e23f9f4ad4ec686d41a843a381c1b,7bb92cf1eb6d456fbe9a811185f9f1e1,2017-08-15 00:51:01,74.27,13.04
651a526d81d448edb93d100588d1dff6,2,6f1796cd339044e0a1662087c3c7ff46,7bb92cf1eb6d456fbe9a811185f9f1e1,2017-08-15 00:51:01,45.37,8.5
43c6fcb6cb5348cdbd46c7ef7ea648c8,1,15a1ec56faf44c9dba8768ebeaa37027,7bb92cf1eb6d456fbe9a811185f9f1e1,2017-08-20 15:51:01,84.49,12.2
1bdb173c69724010a7b8447641baaeb6,1,2883a714a7ed4ef48f67aa0c895660dc,7bb92cf1eb6d456fbe9a811185f9f1e1,2017-08-27 03:51:01,534.04,51.62
15ff4b8351c0465ea6d7aa2ad4d15400,1,9c67395cb0184bb9ad2ad2c3d3663b74,7bb92cf1eb6d456fbe9a811185f9f1e1,2017-08-22 13:51:01,410.83,46.38
3d54bff98b5f4b928b177cdd3ed47f05,1,9b1521a8cc294fbf91bf2db0f30f05f1,7bb92cf1eb6d456fbe9a811185f9f1e1,2017-09-08 19:51:01,16.43,8.5
081af62297ac4dada5e88b15533c2f69,1,655d7c5e5af84e83ac444c0c7a81e6fe,0091db4924e948e99dd187da687872cf,2017-09-04 23:02:14,98.24,20.97
08b64921c902489da4c204cf220ee241,1,2061966b66424545a7644928b0686526,0091db4924e948e99dd187da687872cf,2017-08-20 03:02:14,74.78,9.8
0fda9d412df94ab796ccb10b11193c7c,1,913a44b208b84a8cba5b9756b6781cb7,6003dbbd58fd4eb4ba250a2d8a344bf3,2018-01-09 17:52:44,51.66,10.13
7f2fcdfdb7fc4c3093cc9f1491a57d10,1,e73d46bde6c346b4a0b5223a288c8af2,12fd3810f3984550b3d36de8c6afc814,2018-01-04 18:51:13,61.3,8.5
3b9b182b8baa47429e7b6865e4472e02,1,21d39e0c1bcd42b0aa6d0a5a37ec7e45,12fd3810f3984550b3d36de8c6afc814,2017-12-29 06:51:13,91.98,13.31
6bc31ed7192848f8956b64ae4fef65f4,1,44522e39746f48879e471599bc532a6a,d9d06b70c26c49c491450be97910034e,2018-04-11 23:37:12,104.06,16.73
8ef7b9a9d0d740c6aebf4c6c99c758a6,1,5d18c287f65b4b2ea07ea09e9263d6ab,d9d06b70c26c49c491450be97910034e,2018-05-08 15:37:12,84.89,18.48
41af24c945c44c5483884928d1221b50,1,26a68f39539e4612b55df3f28c2940a8,4f17bb6972b34bd798727f67c273e7e9,2017-12-30 08:10:36,44.04,8.5
52d2f71a99184b23bfa7629bc31ef82a,1,136793b0c41f46639afe935695692e30,4f17bb6972b34bd798727f67c273e7e9,2017-12-21 20:10:36,46.87,8.5
52d2f71a99184b23bfa7629bc31ef82a,2,19ab791503784ed9a8e1233b056cc558,4f17bb6972b34bd798727f67c273e7e9,2017-12-21 20:10:36,54.76,8.5
52d2f71a99184b23bfa7629bc31ef82a,3,9114028ab504439189ac0d89fc7f4b4f,4f17bb6972b34bd798727f67c273e7e9,2017-12-21 20:10:36,30.6,8.5
4c27f42374ea40b0974fc074d29f1f0e,1,8ed463874a48423bbe53fecd6b08f4d5,4f17bb6972b34bd798727f67c273e7e9,2017-12-28 19:10:36,115.01,23.85
777f9f94964f40ddb2ff2ad0f2a9bb16,1,ddad49438570447d9e1064bdae33e265,4f17bb6972b34bd798727f67c273e7e9,2017-12-03 05:10:36,151.4,12.72
ee77529cc83f49e784bf99a66b4336fc,1,b02aaab93efb4261991bb05bfc62003d,4f17bb6972b34bd798727f67c273e7e9,2017-12-03 10:10:36,157.44,21.46
edde1a39974d40179260cdc718a283a6,1,770cf6eab8b64fdb94ec53d69bd7c02e,4f17bb6972b34bd798727f67c273e7e9,2017-12-03 00:10:36,209.53,25.43
edde1a39974d40179260cdc718a283a6,2,b319a48045484e1d89b008aa30c5d13f,4f17bb6972b34bd798727f67c273e7e9,2017-12-03 00:10:36,105.37,18.68
97902efd538f4b628a4edaa4583172f2,1,b29ae416afdd40ff90a6e3a26127434c,4f17bb6972b34bd798727f67c273e7e9,2018-01-04 19:10:36,71.5,13.94
97902efd538f4b628a4edaa4583172f2,2,578333f3687241f58d0b3caab8021edd,4f17bb6972b34bd798727f67c273e7e9,2018-01-04 19:10:36,28.74,8.5
d2e6fc3ee7764f1fa89d29d8f4a7aaa7,1,153c8ef2900c4b70b0fdf5256634d1e8,4f17bb6972b34bd798727f67c273e7e9,2017-12-11 09:10:36,179.87,28.24
77f91f25089e4977a67e3071e7743dc2,1,62e49ef028f94a0daf1d9548a051bb57,4f17bb6972b34bd798727f67c273e7e9,2017-11-30 15:10:36,27.79,8.5
640a82d94b73417c8be2b9daae45b059,1,ea6c1f7b647541c59d6c03d84f2e049d,4f17bb6972b34bd798727f67c273e7e9,2018-01-27 16:10:36,44.6,8.99
bef283dbff38427091919426c1848955,1,73e3c3884fe649cdab8fd4d6cda22bef,4f17bb6972b34bd798727f67c273e7e9,2017-12-06 05:10:36,471.75,99.01
62ec30c62a894a0d9f5862adf9cf142d,1,607909810d6f42dea67dcb1aa97b45bc,4f17bb6972b34bd798727f67c273e7e9,2017-12-04 22:10:36,142.8,21.9
62ec30c62a894a0d9f5862adf9cf142d,2,953c34dff9884496a6ced1eb2aec8a4d,4f17bb6972b34bd798727f67c273e7e9,2017-12-04 22:10:36,216.39,36.39
165c94f09c074470a2030dc0930bbead,1,61e5e7feca5a45b3a8cce027c724bdfb,4f17bb6972b34bd798727f67c273e7e9,2017-12-09 06:10:36,185.46,16.43
0f0c696924cc451984379dabd98b38f9,1,71ad43201b4f4e76a93f689056b93878,4f17bb6972b34bd798727f67c273e7e9,2017-11-30 18:10:36,28.66,8.5
459dd2bde5284a158a84eb0b36c21638,1,39c19114ad1049e086879ea89adfe462,4f17bb6972b34bd798727f67c273e7e9,2017-12-06 17:10:36,205.88,24.23
91b2fcfe91674c329d79bb454af2e8ab,1,9aab70096b5449ef860fb6d51b6134f6,4f17bb6972b34bd798727f67c273e7e9,2017-11-30 07:10:36,45.52,8.5
91b2fcfe91674c329d79bb454af2e8ab,2,039fc89d205a4e0980b92bda277ec290,4f17bb6972b34bd798727f67c273e7e9,2017-11-30 07:10:36,112.19,19.64
91b2fcfe91674c329d79bb454af2e8ab,3,b29ae416afdd40ff90a6e3a26127434c,4f17bb6972b34bd798727f67c273e7e9,2017-11-30 07:10:36,42.79,8.5
df034ff35b1947fd947baf3aecb51486,1,dc6b2dfa2adc4005bccf4cbbfc02465c,4f17bb6972b34bd798727f67c273e7e9,2017-12-05 00:10:36,75.29,9.27
58458dae47994e01b7f25f53d15d5b42,1,4ff9d07885a44814a66af1b6e6c47b14,4f17bb6972b34bd798727f67c273e7e9,2017-12-15 22:10:36,68.38,12.83
58458dae47994e01b7f25f53d15d5b42,2,153c8ef2900c4b70b0fdf5256634d1e8,4f17bb6972b34bd798727f67c273e7e9,2017-12-15 22:10:36,104.93,12.89
41f12d604bf3406fb75c560a7ddfa85a,1,cef3071999f04a26bd129d07757c4967,4f17bb6972b34bd798727f67c273e7e9,2017-12-13 17:10:36,36.56,8.5
ec562f62c21a4891a18138771ae9a294,1,32276ee420ae4f9baf6268c23cc66369,4f17bb6972b34bd798727f67c273e7e9,2018-01-24 13:10:36,96.25,8.5
47aac5ba649248f19c18c446280516eb,1,a2a678b833b049368cb5c35a8536b4ca,10b764f9a7054f36b192496a8544edb6,2017-11-20 09:09:48,77.84,11.94
47aac5ba649248f19c18c446280516eb,2,19f20f1b54014467b47fbfd5797649e8,10b764f9a7054f36b192496a8544edb6,2017-11-20 09:09:48,85.38,12.28
138b964c06ae456b8b3f1bf317837b1a,1,37c3fc17d27f40d5aaba7fbf8e3ff943,10b764f9a7054f36b192496a8544edb6,2017-11-28 18:09:48,186.3,20.53
c34645dfaa254ebfb6dd82c485089426,1,cb4cc6a559fc4437aa9b5be6a60a39c1,10b764f9a7054f36b192496a8544edb6,2017-11-17 15:09:48,616.87,79.59
9fac6c7395a4420f9951a36b3063e082,1,599693169a8c46398daad3b4cd656065,10b764f9a7054f36b192496a8544edb6,2017-12-29 13:09:48,41.15,8.5
f476546a4b3f44c088cbb4401e02612c,1,54fd0302d42b4681ab8c174fc5593ad4,10b764f9a7054f36b192496a8544edb6,2017-11-25 04:09:48,436.73,75.86
ebbbf9bd057345b39ad5f20e83f37e34,1,c4fdbdb0c93140f68b2212647a35993b,10b764f9a7054f36b192496a8544edb6,2017-11-26 21:09:48,47.65,8.5
52e27c30e1e842e1a6c50fc72b0a5860,1,2be4cbda60654334b93171e3a2a9b989,10b764f9a7054f36b192496a8544edb6,2017-11-28 03:09:48,442.39,92.15
649a81df1b724f22a4d2847886d8cffc,1,59f4d8b4a4fb46cca1e9ddb0a575674c,10b764f9a7054f36b192496a8544edb6,2017-11-30 10:09:48,44.57,8.5
207ec3f6fd04431c97da7561cc5f31a8,1,0017f2e7769f48eaa467afeda7f4ac9c,10b764f9a7054f36b192496a8544edb6,2017-11-15 19:09:48,254.12,38.59
5537818a2fa6434cb2746ab6def13204,1,1410bf6121ce4596b3b816b73707b1d2,da4a91c67192434db61e17393ac35fcf,2017-09-06 21:35:23,111.86,13.18
a2145ad638b64a55b96dc370061a1f85,1,1d74ad9f319f41019f2c7d17bd2ad97f,da4a91c67192434db61e17393ac35fcf,2017-10-24 06:35:23,25.73,8.5
fb272daa76bb42b1b7750a5bcd205cb5,1,f829d0bf1c4447918844f2698a5d0b0c,da4a91c67192434db61e17393ac35fcf,2017-09-12 16:35:23,50.93,8.5
fb272daa76bb42b1b7750a5bcd205cb5,2,315ded28a3de45d59ca22c05b283f1c1,da4a91c67192434db61e17393ac35fcf,2017-09-12 16:35:23,37.41,8.5
df91956d8eb746d488ee16df87843017,1,9861f4e896514572ab99af82fbcc8f1b,da4a91c67192434db61e17393ac35fcf,2017-10-28 22:35:23,93.58,8.5
cc87f1f20d084896979577120be752c8,1,4d5f747d841145c583309c90cc159d97,da4a91c67192434db61e17393ac35fcf,2017-09-17 14:35:23,56.04,12.28
8571e8a268fe49e6a552a1d8b83ecd26,1,30c48493f9544740b55fd8b6080b2b4c,da4a91c67192434db61e17393ac35fcf,2017-08-28 15:35:23,95.59,12.07
f08dc3f9f3c9427093621a1b3bd43f03,1,8d46d80d53a94081984e1d83be0e87f5,da4a91c67192434db61e17393ac35fcf,2017-09-02 18:35:23,38.69,8.5
1cbe42051111420a81a7b24af4b61eac,1,19ab791503784ed9a8e1233b056cc558,da4a91c67192434db61e17393ac35fcf,2017-09-03 00:35:23,32.32,8.5
e4486721f5564a3f8d8f6a7f4c3a2fdd,1,d20158c558f24b3eb2ccb92c69a63827,da4a91c67192434db61e17393ac35fcf,2017-09-02 09:35:23,55.97,9.99
8c1329ffae934f539c225178013173b4,1,43812beab7b64cce97b094cdb2579ec2,da4a91c67192434db61e17393ac35fcf,2017-09-05 00:35:23,26.97,8.5
8c1329ffae934f539c225178013173b4,2,113327d5313e45e68a32ba963a4ff2cd,da4a91c67192434db61e17393ac35fcf,2017-09-05 00:35:23,76.08,16.45
0cf474fd1e754822aa86bc49389b8478,1,2b723a1da0224c1293233a46781c95fe,da4a91c67192434db61e17393ac35fcf,2017-08-30 08:35:23,129.64,26.64
6b317815984c492e9a39c4d87ad83628,1,2be4cbda60654334b93171e3a2a9b989,cf0ce65294d24c5c81d0feb6a63687b9,2018-04-10 07:25:49,110.41,15.4
bd21cc5028e0489c8cb1b9bf38a29743,1,66746c1c3d9d475e96cdfe48b82d6818,cf0ce65294d24c5c81d0feb6a63687b9,2018-03-12 18:25:49,267.54,39.35
820b235374794b1092885effc0c8e064,1,7f8acccd1c4d46b3bc92716ce746dc1d,cf0ce65294d24c5c81d0feb6a63687b9,2018-03-12 17:25:49,31.09,8.5
820b235374794b1092885effc0c8e064,2,3fa881852d8547278dfaa9d9e87a7d8c,cf0ce65294d24c5c81d0feb6a63687b9,2018-03-12 17:25:49,177.88,22.53
03e42f12d381495b82dfcccdd9c2bfb7,1,55a59dd923c64c3abae95621cc8a187f,cf0ce65294d24c5c81d0feb6a63687b9,2018-03-26 20:25:49,25.08,8.5
b8390de8e5a34e6a853078e94461d342,1,f4cd089973224c358bcf638f9df76987,cf0ce65294d24c5c81d0feb6a63687b9,2018-03-23 04:25:49,42.47,8.5
a5837b96cb0d45cfae6096de1241af69,1,fd60b9a690b44f3c9588c38e8290a214,cf0ce65294d24c5c81d0feb6a63687b9,2018-03-13 19:25:49,78.22,14.74
a5837b96cb0d45cfae6096de1241af69,2,9e6b7e3c8516498b986a23f98abd5daa,cf0ce65294d24c5c81d0feb6a63687b9,2018-03-13 19:25:49,109.98,19.24
6bb2fd8ca5d0407a87d3ed962f8bdc64,1,67cb04732359425baec1a3235e704580,cf0ce65294d24c5c81d0feb6a63687b9,2018-03-10 09:25:49,46.9,9.5
eec8ef29d0b8465384e4a34c4dcf31c9,1,2c1fbff24c4e49f3b51dff1f719d55e8,cf0ce65294d24c5c81d0feb6a63687b9,2018-03-20 10:25:49,80.34,15.14
b771d7d907df4983bc08f7a8ba26d543,1,13f38e67b3b640089df87938c53074f5,cf0ce65294d24c5c81d0feb6a63687b9,2018-03-23 19:25:49,188.69,26.96
6cd7fe95aef44da4886239244f4ca836,1,cd1254f416eb40dda405182ed9ddc941,cf0ce65294d24c5c81d0feb6a63687b9,2018-03-13 14:25:49,65.77,10.39
27933a40dee945e984d63a6ab51a881b,1,e5a9ab53deef4434a9e5c480159813c3,228a1f7095f146f2aaf78c044ee1b712,2017-09-04 00:04:33,118.62,16.57
0532e3957f5246209908dfb27909ea68,1,f771208d9d684e0d96128315bda9be15,228a1f7095f146f2aaf78c044ee1b712,2017-08-16 15:04:33,215.3,37.05
7d283f9312514e8a9566c18c8db8629c,1,9e6b7e3c8516498b986a23f98abd5daa,98ebe7b72bb64c8c942af9c104a880d4,2017-10-05 04:11:24,47.08,8.5
36e133d022ef4896b282bb4a01767c22,1,f4cd089973224c358bcf638f9df76987,7e8c287b841746cc8ecc0e1b2ffd6b9b,2017-12-04 05:21:12,14.87,8.5
7a41ea8119504a78959099ffa04eeda6,1,17cf70e8054942669347695718ede4c3,7e8c287b841746cc8ecc0e1b2ffd6b9b,2017-11-19 02:21:12,93.3,12.02
45209650812148c285050863a7a1bce4,1,9b0e4ac9dbc84fe68d05e232c0ce2a21,3cb1604cd52f42c4bfcbb339ec523f75,2018-05-31 07:00:25,179.33,21.54
296224f27321455fac1bf10e22591e09,1,df94395e3bc64b5592139fe3b58d3ffd,621a72df22284911902e7d127a2a05f0,2017-12-07 02:38:56,33.18,8.5
63d31db6cef0454dba9bae26bdbc3faa,1,d03ce3ba416841918fee35eeb1719a74,621a72df22284911902e7d127a2a05f0,2017-12-21 23:38:56,33.23,8.5
71dce493ddb748dd8423c919d87d2dbb,1,2b723a1da0224c1293233a46781c95fe,621a72df22284911902e7d127a2a05f0,2017-12-09 19:38:56,47.72,8.5
71dce493ddb748dd8423c919d87d2dbb,2,af69c9ef5eb04c02832f6dd88c552805,621a72df22284911902e7d127a2a05f0,2017-12-09 19:38:56,49.1,8.5
91d37c86ea4e4c5390d61e9a3a4b6a42,1,f437bd876f5d40379fe3f92787e8c23e,e507dccf02d84fb3a3fb0bd4ef1353bc,2017-12-03 12:37:41,107.89,11.1
76d67b23ab9f47e99a369e728da619c7,1,b09f581b54cc4e199cd649de28e9ff82,e507dccf02d84fb3a3fb0bd4ef1353bc,2017-12-19 07:37:41,66.98,8.5
1b590f96106448dfb7a8786165ae0e6b,1,48ed0f2b65f540069d15b27aece1c29e,e507dccf02d84fb3a3fb0bd4ef1353bc,2017-12-18 15:37:41,67.45,13.52
f7223819db55463a93ce5c958e14703e,1,c3e270e47ec74ded97785e00f4fcd9f2,e507dccf02d84fb3a3fb0bd4ef1353bc,2017-12-11 15:37:41,232.88,20.31
3703d416a18f44fbb759da24173b287e,1,1588900dd56748588b24ee5e5c7beea4,e507dccf02d84fb3a3fb0bd4ef1353bc,2018-01-06 18:37:41,166.71,21.08
f5c0568d62fc4d56b1258cf090caf234,1,f6696f8a5b964308a0e8a6739baeb6a8,e507dccf02d84fb3a3fb0bd4ef1353bc,2017-12-17 15:37:41,64.65,8.93
29dc743f65374562ba003179d971a1dd,1,1f9599d82ebe4e65a33e000ac6ea3a0e,e507dccf02d84fb3a3fb0bd4ef1353bc,2017-12-22 16:37:41,62.56,10.57
c1ba7e5f6d9748ce9100ee7f7a300726,1,3fa881852d8547278dfaa9d9e87a7d8c,0f85234770c04d5baab2cb290a7a1a5e,2018-03-30 06:56:27,78.08,14.07
73e18f7fe03d41a99933c3a41f6164c2,1,05a3a1ae2a824b2cae9aa10348b52218,0f85234770c04d5baab2cb290a7a1a5e,2018-03-29 20:56:27,38.01,8.5
f1156d1aab3a492d844bf1456641e92c,1,637518c4a8b0450db5949f81b0badb5d,0f85234770c04d5baab2cb290a7a1a5e,2018-03-29 08:56:27,61.81,9.47
97fc196ef0134dc4897c9aeed6dd3123,1,cc80be784d794b17a4babc0c5c0a1e33,0f85234770c04d5baab2cb290a7a1a5e,2018-04-14 11:56:27,87.45,14.57
c24b794bf1cf402991972bd0f8c0ddb8,1,ed2ebbf84ad84cfe965935ffd2dc1262,0f85234770c04d5baab2cb290a7a1a5e,2018-04-13 23:56:27,99.13,15.76
ec72ddefd4a0402ab41b3ec2a8aeea9d,1,4cdc171f1cec4c25ad225be00ee5f139,0f85234770c04d5baab2cb290a7a1a5e,2018-04-11 18:56:27,148.53,14.67
fb7bad735fb84e91a0ca1410beecc4bd,1,7682cebd7d68400290ee742d6aab9dbd,0f85234770c04d5baab2cb290a7a1a5e,2018-03-27 18:56:27,62.96,9.36
669094c171684c63a086c7718cf2aa4c,1,5f4a368227e049f3ad5e312ce1c8acf5,5bc185a60253450daf0a2284c94ba4a8,2017-10-15 01:14:13,262.97,33.41
2a734f1408e8437c99f1fc66710a9b12,1,86a137bacde64f33a230e776df0fa93f,b4e617a20cfd47028c8b087ac023e922,2017-11-12 10:04:00,13.66,8.5
2d47af12cfba4f909c696d6302240968,1,e1090e0f355d45a5be16d137b63ec88f,b4e617a20cfd47028c8b087ac023e922,2017-11-17 22:04:00,62.01,8.5
436054885d50459297c16d243c6329e8,1,d1a9a35929fe4fe4a09176b60ac21528,b4e617a20cfd47028c8b087ac023e922,2017-12-24 07:04:00,39.46,8.5
2f54032c09fb4c9bb75e44038e9a4618,1,61a2499f10b44667bd97007735a44def,b4e617a20cfd47028c8b087ac023e922,2017-11-12 11:04:00,43.52,8.5
ab9cc3ea8b614631802d15bb41fca2e3,1,03f9cad179014610ba5c095762f291e1,b4e617a20cfd47028c8b087ac023e922,2017-11-26 03:04:00,80.2,8.5
95cfc8edeaf84d3faea4b4b3022d6ed5,1,b09f581b54cc4e199cd649de28e9ff82,876ebf060cbf4a4a9274a7379f4b3bba,2017-10-01 21:07:17,72.36,9.31
8b0a1eeeb54a4c4b86ea5342a0a00585,1,fa519b1ab43b49a5bfae358b341a44f0,876ebf060cbf4a4a9274a7379f4b3bba,2017-10-04 07:07:17,24.4,8.5
d0694b8ef1924f6c83c29d9abec136f0,1,b28e99d9f585404796c241d4ea67d6c1,39c9dc5f66e14ce6be5ef11b07c5755f,2017-12-23 08:00:23,172.6,32.74
ae26c5590d814d33a55f074bdfd18489,1,8143676461c74c82afe66c0f4655dea5,39c9dc5f66e14ce6be5ef11b07c5755f,2017-12-30 16:00:23,132.48,23.6
2040ef278f2549bfb30a708b8f091d09,1,340613b5186944ef82aaa28d22ae79ec,39c9dc5f66e14ce6be5ef11b07c5755f,2018-01-20 06:00:23,150.82,31.13
2040ef278f2549bfb30a708b8f091d09,2,c133b30e95e740219d61b66446d0ff97,39c9dc5f66e14ce6be5ef11b07c5755f,2018-01-20 06:00:23,87.33,8.57
2776c41637ba4b16bffd6d561e29de65,1,2a6e031560a943528a4e27f86eea0e9f,39c9dc5f66e14ce6be5ef11b07c5755f,2018-01-05 01:00:23,172.88,25.56
fef8b900de9246f491cab7228c2a956e,1,f437bd876f5d40379fe3f92787e8c23e,7856743674be48708bc099791f8a2de5,2018-03-15 08:14:08,27.54,8.5
92f48b27878a48d2bfca0d2719c9e8ab,1,5476066d71d04a85939ffdc9ea206e59,9651932e28874bcc91ec9a8cbff24db9,2018-05-07 17:35:53,53.48,8.5
4a0811c848a140a2a438d516ae7f81b6,1,3d6f3005222f45438b7f6d6a8d53d2e7,9651932e28874bcc91ec9a8cbff24db9,2018-05-14 14:35:53,25.06,8.5
1da9c38217554a318b43315cbf3cf2bf,1,55a59dd923c64c3abae95621cc8a187f,9651932e28874bcc91ec9a8cbff24db9,2018-04-15 13:35:53,42.68,8.5
460bef9b69cb45689f78ed97c3b10cca,1,de62d1f284754351aeadac61b5e6a412,9651932e28874bcc91ec9a8cbff24db9,2018-03-31 20:35:53,95.14,9.35
4f14cae3ccef4396930f48bab1b2f043,1,6ba91efe9dff4c09ad995ed7b5258f23,9651932e28874bcc91ec9a8cbff24db9,2018-07-09 00:35:53,30.69,8.5
a626d4e673f24d058feb9287ed23476e,1,a3e945bd0c314476bd5efc2930b82c77,9651932e28874bcc91ec9a8cbff24db9,2018-05-09 05:35:53,59.69,10.07
85a6dcc454624c65b71550217b81f972,1,ebb3db69c4cb4c45a6c75ef4c9055d60,9651932e28874bcc91ec9a8cbff24db9,2018-04-08 19:35:53,75.3,8.5
3d85004845084795aebdb9640b637c45,1,a1ba1bba98c947458fc919a1a339edc9,9651932e28874bcc91ec9a8cbff24db9,2018-04-20 20:35:53,155.78,20.32
0560d19b12734109b5d397c570e9af99,1,686c24682d344473ad82eb9f8a96e1be,9651932e28874bcc91ec9a8cbff24db9,2018-04-03 13:35:53,228.38,37.86
9420dea165e34f1fbd01d08618fb07ca,1,458352e852b64d8c8e9c4ec362c74bfc,9651932e28874bcc91ec9a8cbff24db9,2018-04-15 20:35:53,185.77,30.58
1096a6b8b9324aa0b703d1773a9438f7,1,a3e945bd0c314476bd5efc2930b82c77,9651932e28874bcc91ec9a8cbff24db9,2018-04-29 23:35:53,51.95,8.5
6a8c7c14a4fc4876a6d03483ae54c09b,1,686c24682d344473ad82eb9f8a96e1be,9651932e28874bcc91ec9a8cbff24db9,2018-04-01 23:35:53,18.47,8.5
e3e91ffe00364783a33dec0dc8c4a034,1,87340047b52f467b91e0f7d23cfb7995,9651932e28874bcc91ec9a8cbff24db9,2018-04-18 23:35:53,121.61,19.77
7045c3de038f4b6ab9e152636755ee12,1,d44ca1890c7e40069f18fd55ee86a8b4,9651932e28874bcc91ec9a8cbff24db9,2018-04-03 04:35:53,56.17,8.5
7045c3de038f4b6ab9e152636755ee12,2,7f01511a193c418c98eea890e389600a,9651932e28874bcc91ec9a8cbff24db9,2018-04-03 04:35:53,260.96,49.3
66ca6f5c2b2e45c480950b981d2ff70f,1,ec30306b6268459a8ee60035387407e7,509b343d176a4a4289a7d81d91ed9591,2017-07-12 06:27:44,151.78,13.07
590db7f0d0b146d8b1f9eccddaf8422f,1,655d7c5e5af84e83ac444c0c7a81e6fe,c6d312b36e134fe893084b68adbeded4,2017-09-06 23:02:11,110.49,22.2
2c21a5238e1347879e140c9742794f59,1,94c5832c7a4f4d4ab591f284476ff8bd,c6d312b36e134fe893084b68adbeded4,2017-09-09 04:02:11,44.97,8.5
2c21a5238e1347879e140c9742794f59,2,b29ae416afdd40ff90a6e3a26127434c,c6d312b36e134fe893084b68adbeded4,2017-09-09 04:02:11,1559.89,213.47
5e2e07afb9284c4da55eb869f52ab25b,1,a8076441277c410da530cdf4fbeb0511,c6d312b36e134fe893084b68adbeded4,2017-09-05 12:02:11,958.39,117.46
d087983caf01413cb515f076cec890ee,1,31c4802eca6a489ba35e4a48b53c6b84,7d1c610164c84886a0df25dd53333784,2017-10-24 00:24:12,108.52,13.46
d45b40e97c444da0807373fdaab0bf1f,1,db41ceb2c29e41ae99b7e65ddd753e22,7d1c610164c84886a0df25dd53333784,2017-11-05 02:24:12,66.51,10.86
01bf940ede2d4c84836c657a51c972d5,1,40964d8120a84310b63c950dc3d57324,b0762a823f0f444ab19a94858fcf3535,2017-09-13 13:55:53,73.89,12.02
e743895d8bfc4251978ec9daccbfa4fb,1,3c59bc636fba490087e6bcedb3ff1187,6508870901774b5b9ebf9708372808e1,2018-03-12 21:52:38,60.23,8.5
02f9edec6b68425ab771280ffd5774df,1,6008cf7f38304a07a5db5fd167d9a582,6508870901774b5b9ebf9708372808e1,2018-04-06 16:52:38,56.88,8.5
31cab6bbb1714c95a51d9db47e430f29,1,ebb3db69c4cb4c45a6c75ef4c9055d60,6508870901774b5b9ebf9708372808e1,2018-03-20 17:52:38,102.93,20.31
6a9cea00e8a34336b4764beee547e6ed,1,c08e1d5ffa8a4bf3a16c0d1371c80440,6508870901774b5b9ebf9708372808e1,2018-03-08 23:52:38,26.2,8.5
ddc00198250f4eacb8a3a0e9aee2643a,1,b10e4441c4044a309e051444b2a853c1,daf024a27bf44238baab2115b0174201,2017-08-08 17:10:05,80.73,15.91
0c2bdba72866487a93178f6e02374c0d,1,4fe901af6e6c4e40bf2cb198c0b0fc00,daf024a27bf44238baab2115b0174201,2017-08-22 11:10:05,81.79,8.5
d8dc350c83c341a1a54ddcbf8232044e,1,cef3071999f04a26bd129d07757c4967,1530360332a24dbd9dacd5787ef8c2db,2017-07-31 22:21:52,209.31,20.6
a242af7a1fe04307adc452ed4b84af35,1,624e23f9f4ad4ec686d41a843a381c1b,1530360332a24dbd9dacd5787ef8c2db,2017-09-06 05:21:52,144.49,26.49
f0b59a91f25944d7ab20db6ae0ab7a05,1,5c11cbe5c9fd42ea9e0bb0e61b8fd904,151e1da3639849c0a04ed4c24bb38327,2017-11-13 13:23:28,56.06,8.5
854a63244f304e4788a32640fa5bab4c,1,aa5df92d78934c4c89f1f8898816e236,151e1da3639849c0a04ed4c24bb38327,2017-09-17 09:23:28,58.79,8.5
139257f3c35b4af7b28c7941d0c10ead,1,93b06205876c4864b4c0b77e99c0904e,151e1da3639849c0a04ed4c24bb38327,2017-09-19 01:23:28,85.44,10.82
139257f3c35b4af7b28c7941d0c10ead,2,f4cd089973224c358bcf638f9df76987,151e1da3639849c0a04ed4c24bb38327,2017-09-19 01:23:28,138.01,22.36
139257f3c35b4af7b28c7941d0c10ead,3,2d5009ce8834498a907ad317b4031b44,151e1da3639849c0a04ed4c24bb38327,2017-09-19 01:23:28,92.0,14.67
6a2a4d0c28874ac3b6de255a2c0921ae,1,b09ced06368543639efee02905ea3f6d,35c29a74045e480a804e483942d9ce22,2018-03-07 23:28:29,405.38,50.75
6a2a4d0c28874ac3b6de255a2c0921ae,2,c3e270e47ec74ded97785e00f4fcd9f2,35c29a74045e480a804e483942d9ce22,2018-03-07 23:28:29,22.18,8.5
49cf6b1d162443f0a25c41d960c5d65d,1,d587586329d648f98ccd97955d3f2d7a,35c29a74045e480a804e483942d9ce22,2018-04-15 02:28:29,135.75,24.86
f18829d2992e48a886af02b5a82a59f2,1,8af77ce1e6ff4869975e196721d470be,f0b7a3bf0f164b8d8df3c3fe7851b210,2018-05-23 01:56:27,197.85,17.38
f18829d2992e48a886af02b5a82a59f2,2,fecd56f2986d4d1a859278cc0e9ec2af,f0b7a3bf0f164b8d8df3c3fe7851b210,2018-05-23 01:56:27,173.53,26.94
7e57ca1af9a0443ead112860b5b5d347,1,e2415014d9b447d8b7a8f9fdc534d4f7,f0b7a3bf0f164b8d8df3c3fe7851b210,2018-05-31 02:56:27,152.15,13.64
7e57ca1af9a0443ead112860b5b5d347,2,d7d12d13db63458eab5884460263819e,f0b7a3bf0f164b8d8df3c3fe7851b210,2018-05-31 02:56:27,212.39,17.09
dc7e02af90be4207b60a1de8f8ebb0e3,1,aac0cdcff44547ec928f26aeab7cdfda,f0b7a3bf0f164b8d8df3c3fe7851b210,2018-05-19 12:56:27,4.07,8.5
bbda4bf21b564690a8c1a349b4a46646,1,7049ca289c83429ba2939f86937aac08,f0b7a3bf0f164b8d8df3c3fe7851b210,2018-06-22 00:56:27,280.43,29.8
99d223d7150742f2a20b77c53738394f,1,864bfbca22e543c2a9d1111e5d630d89,d721dea4b9be4f9cbcce6f48fb8ed667,2017-11-23 08:52:54,312.21,43.4
1ef3a4381d7b40079fc43f5252e34ee8,1,60a96eba840c45939580869adb55cfbd,b7d7a3aa81024f53b61c208322e80f00,2017-12-24 14:32:26,140.86,17.02
f8f8221ca7004787ad8e20a74f59ee5a,1,42f99711a8f346f6a3415542e8c6b1e0,b7d7a3aa81024f53b61c208322e80f00,2017-11-21 22:32:26,57.43,10.55
c697451e1f3444738987bb57542555b1,1,f437bd876f5d40379fe3f92787e8c23e,083e250b151147e0b524a500121a6bd9,2017-10-08 10:50:49,91.67,12.88
b4d3d4daaf854520b22d9918478c4c8d,1,b17341fa527e46ed81de6238a3da4c3f,083e250b151147e0b524a500121a6bd9,2017-10-15 09:50:49,25.42,8.5
2471974e9c78479cba09a4b9a747ede5,1,2a22fed13bad4ce091c5bad7f4c4e8c9,083e250b151147e0b524a500121a6bd9,2017-11-22 10:50:49,33.01,8.5
3ff1f7e73b854eda847a9118e9f353f1,1,85d0f4a744904c8a872e1eb354feab1f,083e250b151147e0b524a500121a6bd9,2017-10-16 23:50:49,193.21,33.89
bb9fb438a3054309aa3b8df77e9c13aa,1,1c456e659155442a83a9605fa921949a,083e250b151147e0b524a500121a6bd9,2017-10-04 05:50:49,26.85,8.5
e704a3bcfe344e39922947544e36f540,1,ea6f7b3c291b45d8b389f701a923901f,083e250b151147e0b524a500121a6bd9,2017-10-13 09:50:49,99.16,19.19
e704a3bcfe344e39922947544e36f540,2,5fba940f265743d3a225c79fe8f02ddb,083e250b151147e0b524a500121a6bd9,2017-10-13 09:50:49,27.82,8.5
ee395ff2557f45958864ce0453fdba37,1,ac03f608b441433c90c01453d112f08f,d9c51ea323084600b74b02a217e70536,2017-11-22 11:34:49,15.15,8.5
56c945b199f94fc78f03026b8f87d3c5,1,d1a9a35929fe4fe4a09176b60ac21528,d9c51ea323084600b74b02a217e70536,2018-01-22 20:34:49,68.06,14.64
56c945b199f94fc78f03026b8f87d3c5,2,c05a6bea63c144028fd21cc6e3f72d89,d9c51ea323084600b74b02a217e70536,2018-01-22 20:34:49,347.08,36.96
6950464c4a5748d69943d6a9d4aca3ab,1,78de62cdabe848cb964badce446a16fc,d9c51ea323084600b74b02a217e70536,2017-12-12 03:34:49,40.49,8.5
cb159238f9c54d1e830e763dd3fd791a,1,b22f7e6866c0428187a6c02307b27e8a,d9c51ea323084600b74b02a217e70536,2017-11-30 01:34:49,258.7,54.86
1f878ea46df9421899deb2cb4196bbc9,1,a01fb9b5f8c849f0837ebe2182325f7d,d9c51ea323084600b74b02a217e70536,2017-12-09 14:34:49,200.43,25.58
fdf6806803234cd2b4ad24343cfde972,1,a41e0749e5714667a8451c86c771eb72,d9c51ea323084600b74b02a217e70536,2017-11-20 13:34:49,72.57,9.48
b13799c94d7e442682a5fe6dc57dd0a4,1,9575a543b57e4a6eb3f5e1040bcf2306,d9c51ea323084600b74b02a217e70536,2017-11-26 20:34:49,48.09,9.29
4f78a6d93db64258ac8c598293ba9e3a,1,515c774d67d84e0c82b85e2fb43838d4,d9c51ea323084600b74b02a217e70536,2017-12-02 23:34:49,207.49,36.38
a08d6a6c74aa4b5e9387e2697773cb75,1,1d74ad9f319f41019f2c7d17bd2ad97f,d9c51ea323084600b74b02a217e70536,2018-02-02 19:34:49,137.55,27.83
32ae9fdfb942485884caf05648e5348c,1,b4905ddb15ea403c93551b2318b1b59e,d9c51ea323084600b74b02a217e70536,2017-11-29 12:34:49,51.64,10.1
a44ed8bc2b774206831b33502c5236d9,1,b4c530d9a0ac4f42806f601db3383bd1,d9c51ea323084600b74b02a217e70536,2017-12-30 09:34:49,79.15,14.68
edc8f01369c844049891fe9ac17e4343,1,2883a714a7ed4ef48f67aa0c895660dc,d9c51ea323084600b74b02a217e70536,2017-11-28 14:34:49,80.44,14.77
8d0e1ec7cac542e49a99a5864ec55bb6,1,cef3071999f04a26bd129d07757c4967,d9c51ea323084600b74b02a217e70536,2017-11-28 06:34:49,201.75,26.9
fc27ef269b8948408bfcb0f412a8edba,1,2d3d7ed96b8049ff9b4af5d88c11c79e,d9c51ea323084600b74b02a217e70536,2017-12-03 23:34:49,45.89,8.5
fe25a3e1f7e343c8b96a70aa90ad13f1,1,ea6c1f7b647541c59d6c03d84f2e049d,d9c51ea323084600b74b02a217e70536,2017-12-03 23:34:49,49.71,8.9
dd0424ceef59414981413d76aed21cbc,1,c0e77397c88b4e998535d316d83486f4,d9c51ea323084600b74b02a217e70536,2018-04-17 22:34:49,325.24,59.66
2500098abe1b42b0911d4450d17a6501,1,4ce2f134095f493c95c47cbbf7f26618,d9c51ea323084600b74b02a217e70536,2017-12-04 04:34:49,22.99,8.5
fd35f16878134be1bd9dd786b0a274ae,1,a46fead64df34795be6d16b5deef27d2,d9c51ea323084600b74b02a217e70536,2017-12-17 11:34:49,29.64,8.5
bb8b540e064240229b2d4bbf86ca8585,1,331f609c93a04ea294523a4e6dc36ba2,d9c51ea323084600b74b02a217e70536,2017-12-15 20:34:49,70.85,10.47
b5a990df063642cea11db5efa4c0f1b1,1,95de75afaf174ac19e27442887369880,d9c51ea323084600b74b02a217e70536,2017-11-24 01:34:49,99.32,19.64
0cf02d2659e0489ebb7c0fed2419b985,1,8907742ffd0e4c13a65bc14747664c18,d9c51ea323084600b74b02a217e70536,2017-12-07 01:34:49,67.82,8.5
96ba60590fc04349b3d9b85bc313b87e,1,6d53c81c099f4e71b7dd2f5938f3beb1,d9c51ea323084600b74b02a217e70536,2018-01-17 23:34:49,249.51,54.49
4f36c46036b3422f964e86d8c0df694c,1,9575a543b57e4a6eb3f5e1040bcf2306,d9c51ea323084600b74b02a217e70536,2017-12-07 20:34:49,142.8,14.41
a4cde7195c6b4276aa2453bd45bb8263,1,4cdc171f1cec4c25ad225be00ee5f139,d9c51ea323084600b74b02a217e70536,2017-12-16 01:34:49,80.75,10.25
0cf9122845ec4f459fb071b53899ec3a,1,cd8bbcae3e8f4197affe5248f219d4d1,682fe67768b147ddbea43d4d07c4c234,2017-12-12 23:16:05,80.28,16.69
ffe93f90bff5419e94bf0c2728e4bf3a,1,864bfbca22e543c2a9d1111e5d630d89,35916d79097d48c69b82fc2784b22b5e,2018-05-09 23:45:38,222.92,48.77
2979db3a62054804ba4ebd61db81861f,1,f2d3ebe3b4454114826171b2c99dec41,35916d79097d48c69b82fc2784b22b5e,2018-05-31 04:45:38,18.69,8.5
9aa9733a4a3d443d89acd9cf72624e83,1,c75e3a1d0f5e41e4a2fc7eb45cd4eec4,35916d79097d48c69b82fc2784b22b5e,2018-05-27 17:45:38,127.73,22.16
621e6afbdbb7413bbf5280aa3e94119d,1,06c82ae9b9384ca3b9590eb82e3e351e,4c9a6e5bdb934fb286219b75d7c5a79f,2017-10-09 12:27:15,86.52,18.26
d74b83ac634c4090b4a5c86d07c5f0be,1,6e9670c39e694a0289db579ac1bc4d00,4c9a6e5bdb934fb286219b75d7c5a79f,2017-10-13 04:27:15,45.12,8.5
d74b83ac634c4090b4a5c86d07c5f0be,2,c1a0e608a06648f7a69c96b5544a1fe9,4c9a6e5bdb934fb286219b75d7c5a79f,2017-10-13 04:27:15,21.51,8.5
05f61fd36ed1455eb1b578526e9d10b5,1,2951c695e4004ad995f57dd1ea27215c,4c9a6e5bdb934fb286219b75d7c5a79f,2017-12-22 04:27:15,50.32,10.86
95c50bd6b5344e1585bd963d7c4209c9,1,a262cb1e95674ef1b89fe3431e81bacd,4c9a6e5bdb934fb286219b75d7c5a79f,2017-10-19 14:27:15,48.86,10.36
2535eaac9bd943e4b82be0eaae212408,1,301486d899d4427e9f6439d12b29e7b6,20c1541b7d9e4999b66a8ee2f5967649,2017-11-12 07:19:41,344.04,55.77
2535eaac9bd943e4b82be0eaae212408,2,6b68d013d3e24fb9873f565995cb22f0,20c1541b7d9e4999b66a8ee2f5967649,2017-11-12 07:19:41,85.13,8.5
2535eaac9bd943e4b82be0eaae212408,3,bb2961d1f778430693c73d969793e621,20c1541b7d9e4999b66a8ee2f5967649,2017-11-12 07:19:41,61.54,9.96
1567247d77254ed783d43f8fd4aafdac,1,ddad49438570447d9e1064bdae33e265,20c1541b7d9e4999b66a8ee2f5967649,2017-11-06 05:19:41,148.32,26.15
acde2faa209a456bad035f765a461800,1,8ed463874a48423bbe53fecd6b08f4d5,20c1541b7d9e4999b66a8ee2f5967649,2017-11-29 22:19:41,262.89,43.15
ed5cfad84c5740168cfdde689bf03133,1,1cd7ea7106664ab3b82841a986286df3,20c1541b7d9e4999b66a8ee2f5967649,2017-11-05 17:19:41,122.82,12.06
bfd732453c6449a69978099d42245564,1,f6696f8a5b964308a0e8a6739baeb6a8,f891fd3c392643f992378509c5447354,2017-09-28 11:29:25,65.86,14.19
7b00e1c7d4894c5da7b39ac34149485b,1,bcddc046e9b2482ab7dffcabae8836de,9843c06e0f4f4eae89459aa493565c0b,2018-05-07 12:02:36,87.95,8.5
80b35c61566e4d73be3075d49ed6c5a6,1,cf2a23e593f547b289fb5264a64d8dcf,f3bc6008b6b04fd7bf60f77ecd8e08b8,2018-05-15 18:11:28,109.1,8.96
bb277f56a8f64808aea4e822a7cd3d7c,1,ad0bc024ee50446e8b8fc9909678e7d0,f3bc6008b6b04fd7bf60f77ecd8e08b8,2018-05-02 15:11:28,38.09,8.5
bb277f56a8f64808aea4e822a7cd3d7c,2,86c2b81872a44bc5a27ec9882bf646d8,f3bc6008b6b04fd7bf60f77ecd8e08b8,2018-05-02 15:11:28,64.36,8.5
d0c328f3cfe44bf7a7f6e42710292461,1,696353502a1b4650a1bd72f7e9753a8b,f3bc6008b6b04fd7bf60f77ecd8e08b8,2018-05-01 11:11:28,109.64,10.62
4fd76475bc1d470ea6fadb08afc10bed,1,b319a48045484e1d89b008aa30c5d13f,f3bc6008b6b04fd7bf60f77ecd8e08b8,2018-05-21 15:11:28,101.71,9.06
1c3e1d5bbe944814ad6bff84694ee020,1,8e394601b3ad4220a588dc0880239e0d,238e9b286ff24456b377c385a42822ab,2018-07-23 00:59:54,65.43,8.5
568cb4350c014530b6823cc68825f161,1,6e31d6e961d747f28ec599ea5ddcf24e,1d258946e43f4977810a073d006bedf3,2017-08-27 18:27:38,68.71,13.64
b050c4b180eb4bfd990024dacdde9ec6,1,6ba91efe9dff4c09ad995ed7b5258f23,1d258946e43f4977810a073d006bedf3,2017-07-23 22:27:38,177.14,16.95
87954238769b46f4b3e428317f264045,1,58aa2de3269b41038b506f05b4878599,1d258946e43f4977810a073d006bedf3,2017-08-02 19:27:38,51.92,8.5
1fc84780739d41aebd42c4042775f798,1,76281501b3b14e48be28d7cfafc91713,ffe0378377354a09b6af3ed0a531d827,2018-04-26 12:33:56,57.57,11.45
c6e9601a93bf420ea2b445df8af80a7b,1,f7242f323cea46bd885a8f6ed384c347,ffe0378377354a09b6af3ed0a531d827,2018-04-19 22:33:56,59.66,8.5
5caf41818dba4cd193069a41020a8fd3,1,9daa49d9e2d54f06ba263e9eff92e6b2,10b253397fa342b190b4979ac765ed0f,2018-01-24 22:14:54,147.27,25.14
04b24faef08d4e4f85ffe4fc5c39918d,1,a8538a77cda949a5be503fc6ff4516f9,10b253397fa342b190b4979ac765ed0f,2018-02-08 04:14:54,174.38,26.59
f38ff9605d44427787a282bb6836ae69,1,30c48493f9544740b55fd8b6080b2b4c,7f1ada2b481640d8a6e76f9c63242dc9,2018-06-10 06:19:56,90.67,11.29
a6371c1ad11a47029b53cdf1071d34b2,1,42487d80f04e4168b1d3d9386f47fac7,7f1ada2b481640d8a6e76f9c63242dc9,2018-07-04 18:19:56,413.38,33.93
6fae693a3c93460f9142b6776abc2531,1,ed2ebbf84ad84cfe965935ffd2dc1262,16558bc2e4184eef8976e4ca44f9c956,2018-02-18 11:13:27,202.99,23.88
6fae693a3c93460f9142b6776abc2531,2,e8020a5073764efca24d5410fd8a0ac7,16558bc2e4184eef8976e4ca44f9c956,2018-02-18 11:13:27,77.33,8.5
05456612877d4f63b201a2e235de62c6,1,1463a4cc9bc04f4092decb610fa825af,16558bc2e4184eef8976e4ca44f9c956,2018-03-08 14:13:27,25.36,8.5
05456612877d4f63b201a2e235de62c6,2,abfa441e3f7c43dca9da88ce6c6e2834,16558bc2e4184eef8976e4ca44f9c956,2018-03-08 14:13:27,65.64,11.69
4466f82dbb0e453487e9b12bea78582c,1,bb9d03f6364a4774b1366571761a1abd,16558bc2e4184eef8976e4ca44f9c956,2018-03-08 01:13:27,264.17,23.98
ac283e8e93e34c5ab935c324b2356693,1,2e15d2afde274350a1414c3c8ee47c1f,16558bc2e4184eef8976e4ca44f9c956,2018-02-21 04:13:27,65.17,11.02
28a3af817b4f4416a915f6c86417b9b5,1,e26e46c5858e4d8887c0593bd87afa7b,16558bc2e4184eef8976e4ca44f9c956,2018-03-07 19:13:27,96.21,11.21
e17a31ba33e3407c9231bf5447edac73,1,e950deedc1f14e5d94b51d8bf6101a9e,16558bc2e4184eef8976e4ca44f9c956,2018-03-08 00:13:27,107.76,18.06
2ef31159a8cd4d8a84449a30070e203d,1,7744a4f1e8d7478e9ab0f72f1f6f0a42,16558bc2e4184eef8976e4ca44f9c956,2018-03-04 22:13:27,87.4,8.5
cc532897259e44a8a192076c830aa864,1,668145e657a9418cb9993cc13aeb9e8e,16558bc2e4184eef8976e4ca44f9c956,2018-02-28 11:13:27,10.65,8.5
3f31854246fe4579b54b0eb9be7abd8f,1,541b2c2168e348518c982cccca8f1fe7,16558bc2e4184eef8976e4ca44f9c956,2018-03-01 13:13:27,126.87,17.72
9f2d4fa20f064004a2b29e7d8610e322,1,749224c75d024b3b852c0a924eb129cb,16558bc2e4184eef8976e4ca44f9c956,2018-03-01 00:13:27,283.25,40.72
9f2d4fa20f064004a2b29e7d8610e322,2,aa91603054d2433babdfc9b2fb3d03c8,16558bc2e4184eef8976e4ca44f9c956,2018-03-01 00:13:27,75.14,8.5
7786a1fc9000478a921cdb4fd99032e7,1,ea6f7b3c291b45d8b389f701a923901f,16558bc2e4184eef8976e4ca44f9c956,2018-02-28 09:13:27,37.12,8.5
f53ed99bd84944f79c38f643b847cbe9,1,4029dd9bf6664ff688fa31bb83020f5b,16558bc2e4184eef8976e4ca44f9c956,2018-02-19 20:13:27,151.8,30.98
9c29ee2397e3454f87a0ea62e300983a,1,fa519b1ab43b49a5bfae358b341a44f0,16558bc2e4184eef8976e4ca44f9c956,2018-02-28 12:13:27,114.52,10.04
943261bb7f1d42c1adb44b80143f6ede,1,44522e39746f48879e471599bc532a6a,16558bc2e4184eef8976e4ca44f9c956,2018-03-25 16:13:27,67.01,12.03
28779677fbfc4d6e9ed10d44cb4a794c,1,0827c8523bc0409abb90a3a44a6c39ef,16558bc2e4184eef8976e4ca44f9c956,2018-03-19 09:13:27,67.46,13.06
8ec790a73e2b4be4b4848bca860c79b2,1,ef035a03586a4d339014e0b9616ee8f9,16558bc2e4184eef8976e4ca44f9c956,2018-02-21 12:13:27,36.22,8.5
e0525f5056574b99ad563c556764aa03,1,21d39e0c1bcd42b0aa6d0a5a37ec7e45,16558bc2e4184eef8976e4ca44f9c956,2018-02-24 02:13:27,190.79,18.21
89d07b8fd9c24e6186b9f87f17149569,1,42487d80f04e4168b1d3d9386f47fac7,3552dd34a4444df898d2e0076ef1fbad,2017-07-09 01:24:45,349.24,39.64
3ecd832dbd3944e998d34963906c72bc,1,8850552a3bdd4b7c98681c38867f549d,3552dd34a4444df898d2e0076ef1fbad,2017-07-01 19:24:45,17.06,8.5
b4a00f2cbd444081b859fc63202aaafc,1,6b68d013d3e24fb9873f565995cb22f0,3552dd34a4444df898d2e0076ef1fbad,2017-07-18 13:24:45,215.21,40.55
46d16c7479084556b98a052d4fad81d8,1,dc6b2dfa2adc4005bccf4cbbfc02465c,3552dd34a4444df898d2e0076ef1fbad,2017-08-07 08:24:45,625.81,106.85
fbac93b1c9b94e1998cdd75302d838f0,1,5146c66ba7444a9a82180d48e3471452,29bb687ff77a42038373dfaba875736b,2018-05-10 20:15:25,247.96,42.15
0ac0a91e8dca47cbb8084e9c47e07eb4,1,c08e1d5ffa8a4bf3a16c0d1371c80440,29bb687ff77a42038373dfaba875736b,2018-04-24 08:15:25,169.33,21.94
0ac0a91e8dca47cbb8084e9c47e07eb4,2,a4f4f5cb7b674dccab197bccbe55ee3e,29bb687ff77a42038373dfaba875736b,2018-04-24 08:15:25,75.49,12.86
0ac0a91e8dca47cbb8084e9c47e07eb4,3,07cc96ee293f40658456b7e42c6838e7,29bb687ff77a42038373dfaba875736b,2018-04-24 08:15:25,127.01,10.82
fa45a85c861e4b10bf27cb87ca010175,1,62e49ef028f94a0daf1d9548a051bb57,29bb687ff77a42038373dfaba875736b,2018-05-24 14:15:25,23.19,8.5
cc13d624712244d7b031926a026c3d5f,1,4e3c24754747463792bf91693fd02492,29bb687ff77a42038373dfaba875736b,2018-04-28 06:15:25,112.48,20.99
b472818b46164a7cb4cad731d67cb67f,1,44bdb96b31034213a9d9cf695fbf5d48,29bb687ff77a42038373dfaba875736b,2018-04-24 06:15:25,87.0,16.7
8ecba7a25e9f4d31b559775b796369bf,1,2384d9dddd8540b89d07e8405d7a07db,29bb687ff77a42038373dfaba875736b,2018-04-20 21:15:25,61.75,8.5
8ecba7a25e9f4d31b559775b796369bf,2,cd883bfbcac54639bb545492da061a2d,29bb687ff77a42038373dfaba875736b,2018-04-20 21:15:25,114.96,15.18
8ecba7a25e9f4d31b559775b796369bf,3,515c774d67d84e0c82b85e2fb43838d4,29bb687ff77a42038373dfaba875736b,2018-04-20 21:15:25,72.46,8.5
04aa608c70c54dd09e8c21e5b08058f9,1,6ee213734d9f451fa501a36f457ba0c6,29bb687ff77a42038373dfaba875736b,2018-06-15 09:15:25,81.75,15.26
56873e47105b440a849e2cafc27368f2,1,88475bb80f7e4b4ba09b1c3750248e94,cd4b0a804b274ea480616194672b26b9,2018-02-26 22:00:02,11.93,8.5
c5fa344182ba4d65beba23cb808ca3b8,1,ca03971415be42f6843ba67d06ce0fbe,cd4b0a804b274ea480616194672b26b9,2018-02-26 20:00:02,60.2,8.54
b533585e6de440a4b0af8a3fa1d762de,1,73e3c3884fe649cdab8fd4d6cda22bef,cd4b0a804b274ea480616194672b26b9,2018-02-25 16:00:02,69.84,9.22
e5f4939bd20f4052b03e62098fea289f,1,19ab791503784ed9a8e1233b056cc558,cd4b0a804b274ea480616194672b26b9,2018-02-18 21:00:02,94.32,16.02
43635584166e4aaab034a32ebb3787e7,1,c0e77397c88b4e998535d316d83486f4,cd4b0a804b274ea480616194672b26b9,2018-02-18 16:00:02,61.98,10.55
00384a408e8f4929aa699c9bc46c3d79,1,4ff9d07885a44814a66af1b6e6c47b14,381184a21591432badd92c8e463b599b,2017-07-30 15:07:53,90.93,10.43
8376b2f34dd643c1bd630aa848c4d3e3,1,f7a344b17f294348903e5fdf4d0860df,381184a21591432badd92c8e463b599b,2017-08-07 11:07:53,166.08,23.16
d2599d953b4e4a46b93b9aec1fdda8c8,1,a4e328b20f3f407c89cdd89de13c1744,381184a21591432badd92c8e463b599b,2017-10-02 03:07:53,98.03,13.27
6dbdb2ebd2c94122a98dbc2ab1f32da5,1,2883a714a7ed4ef48f67aa0c895660dc,381184a21591432badd92c8e463b599b,2017-07-14 16:07:53,169.83,19.74
f95854cc42f64e9dbd3d61f1cb8b4542,1,9914a5ae92574e3da512b327dbfa95be,381184a21591432badd92c8e463b599b,2017-07-02 19:07:53,65.02,8.5
f95854cc42f64e9dbd3d61f1cb8b4542,2,a33fc612756941f2bae3c5900c4c9ce6,381184a21591432badd92c8e463b599b,2017-07-02 19:07:53,100.97,10.49
fd5713053fba41fb892caacbeba692f8,1,cb4cc6a559fc4437aa9b5be6a60a39c1,6924d8d0d1a743fbbd83d0887687d95c,2018-06-16 16:35:12,29.31,8.5
7f191080d78f4594b2b608d8a8f51309,1,340613b5186944ef82aaa28d22ae79ec,6924d8d0d1a743fbbd83d0887687d95c,2018-07-07 23:35:12,147.02,14.71
d814ea02bfcd46408f62664453db679f,1,bb2961d1f778430693c73d969793e621,6924d8d0d1a743fbbd83d0887687d95c,2018-06-10 15:35:12,195.01,40.35
1edf4d0ad1a04d2293dfb1604c943448,1,a07775d85f03481bbc9cfc7877070426,6924d8d0d1a743fbbd83d0887687d95c,2018-07-12 23:35:12,157.48,25.32
bca738d715084bdb9cd21c7b5a473e40,1,a8a6d1acd087426e966316b1ee004365,6924d8d0d1a743fbbd83d0887687d95c,2018-06-21 14:35:12,388.58,79.32
f5940e21e5ca4380baa04668b3951211,1,2061966b66424545a7644928b0686526,6924d8d0d1a743fbbd83d0887687d95c,2018-06-10 01:35:12,20.53,8.5
b1c644ff01064ec9bd63f90ed6cd6758,1,b2274f055c9a4feabc1b99c701f76de6,6924d8d0d1a743fbbd83d0887687d95c,2018-06-15 07:35:12,112.79,21.4
361346f069f24ec8b908fc9207fb27eb,1,49d95608eb3f4f51942e41835008fde7,52d4ac1d94564c7eb303e9ca401e7d24,2018-06-10 05:21:30,72.58,8.5
4a1d381c59bf46d395a2ac8f793016a9,1,a33fc612756941f2bae3c5900c4c9ce6,52d4ac1d94564c7eb303e9ca401e7d24,2018-06-01 07:21:30,110.48,9.13
4e6e6fdf7d154066bf1f35b100512cbb,1,d9382339b69d4b4cbc17e601844a6990,1d9075bc21b24322a5ea2ab394cd8763,2017-08-18 17:52:06,268.92,49.59
336058364097410ba4c87d1a1d7b3016,1,247a877f459840c682eaa718a49e97bd,5f824c62971b4bad967756392a2abfc0,2018-01-25 16:36:57,151.7,27.45
2033db9265cc4dda8700467486885b95,1,216b5a662f174cc38aa091fc9a805eb4,5f824c62971b4bad967756392a2abfc0,2018-01-05 02:36:57,196.76,30.64
2033db9265cc4dda8700467486885b95,2,31c4802eca6a489ba35e4a48b53c6b84,5f824c62971b4bad967756392a2abfc0,2018-01-05 02:36:57,90.57,12.33
5f52084991dc4a82a80f7af07ab35ce7,1,ea6c1f7b647541c59d6c03d84f2e049d,1ed0ac4caea042dd9c22c816a4c29c5b,2018-05-06 02:51:44,77.53,12.55
5f52084991dc4a82a80f7af07ab35ce7,2,d7d12d13db63458eab5884460263819e,1ed0ac4caea042dd9c22c816a4c29c5b,2018-05-06 02:51:44,75.9,9.82
359121e17909478087cefd6c32b68fa5,1,ecd9ef0722434060ae2ecbef12603d42,1ed0ac4caea042dd9c22c816a4c29c5b,2018-05-02 00:51:44,40.47,8.5
e0dc4154c670468bbebebb8202572448,1,9cd1490631c1488ca9c7d9c7257b8cba,1ed0ac4caea042dd9c22c816a4c29c5b,2018-05-08 20:51:44,122.7,15.03
7df912cf6c3048119984670453fb291e,1,cef3071999f04a26bd129d07757c4967,1ed0ac4caea042dd9c22c816a4c29c5b,2018-05-18 14:51:44,90.16,15.34
2fb2cc763ebc4a24915da621e3b23018,1,db913f0310b9428da1f36c3d75f9ac67,1ed0ac4caea042dd9c22c816a4c29c5b,2018-05-22 02:51:44,70.31,8.97
c96961b88a85412788ef618e52fd574f,1,d7b6ca3aeb4e45c39dccfc9ef9fda4d1,1ed0ac4caea042dd9c22c816a4c29c5b,2018-05-09 02:51:44,83.47,9.2
ae9655de1c7f473eb97878092437b9e6,1,07759cda858a4a7daead2ca1731c814b,1ed0ac4caea042dd9c22c816a4c29c5b,2018-05-08 15:51:44,262.55,21.48
4195c9982c4c4731a2174bce72f4427e,1,4ff9d07885a44814a66af1b6e6c47b14,1ed0ac4caea042dd9c22c816a4c29c5b,2018-05-07 01:51:44,62.54,13.21
1f06db1b03894a2cae4a7d61ef8a8dfd,1,5476066d71d04a85939ffdc9ea206e59,1ed0ac4caea042dd9c22c816a4c29c5b,2018-05-29 12:51:44,83.15,17.72
1f06db1b03894a2cae4a7d61ef8a8dfd,2,c1a0e608a06648f7a69c96b5544a1fe9,1ed0ac4caea042dd9c22c816a4c29c5b,2018-05-29 12:51:44,68.31,8.5
1f06db1b03894a2cae4a7d61ef8a8dfd,3,cc80be784d794b17a4babc0c5c0a1e33,1ed0ac4caea042dd9c22c816a4c29c5b,2018-05-29 12:51:44,86.81,18.81
e8cf99f88f294c7ba8b23137cc2a35a7,1,541b2c2168e348518c982cccca8f1fe7,1ed0ac4caea042dd9c22c816a4c29c5b,2018-06-29 10:51:44,19.98,8.5
959f37f5fbd0458888723bdb508989d3,1,96c5a6d6d9af4a429e0169be133f4584,1ed0ac4caea042dd9c22c816a4c29c5b,2018-07-05 08:51:44,194.8,39.91
959f37f5fbd0458888723bdb508989d3,2,256ccf9a70164819bbd6edeb27646a39,1ed0ac4caea042dd9c22c816a4c29c5b,2018-07-05 08:51:44,214.01,26.63
639bb2644e6d43ed9300b5a0728081d9,1,f6a52733c953480bbc68d4a00e8ed1da,1ed0ac4caea042dd9c22c816a4c29c5b,2018-05-01 23:51:44,45.58,8.5
6eb3176cc9be451cac4b039eb7962d36,1,bcddc046e9b2482ab7dffcabae8836de,1ed0ac4caea042dd9c22c816a4c29c5b,2018-05-20 18:51:44,58.56,9.25
51bc74160aa64643832ddd68520279d6,1,01c9f138dde247a0a23aceed2050e42b,1ed0ac4caea042dd9c22c816a4c29c5b,2018-07-08 15:51:44,14.56,8.5
ced06b1460c441dc99c0134f0bae6983,1,a7d18cd824094eddac44b5aafdecba18,1ed0ac4caea042dd9c22c816a4c29c5b,2018-05-02 07:51:44,190.95,20.45
999785be52b54f579ae91797f67c8acf,1,49f3cfa7ec9f4664a9f68b384c88dd4a,8665b01e07534d41b33290e2a3e94650,2018-03-01 21:58:07,326.74,27.18
64bdcf416aa04a33ab2fe5be7ff33b07,1,f29ff21f2aa949be8ba0e1b2f6be0736,8665b01e07534d41b33290e2a3e94650,2018-03-24 21:58:07,130.51,28.65
e6b79120f44e45298bda36833389c606,1,686c24682d344473ad82eb9f8a96e1be,8665b01e07534d41b33290e2a3e94650,2018-03-23 08:58:07,212.51,22.45
2fe8ae50bcd844b1a8be3199ecbc1bec,1,a01fb9b5f8c849f0837ebe2182325f7d,8665b01e07534d41b33290e2a3e94650,2018-03-28 15:58:07,271.33,39.92
c964014ca2cc48c0b40a03b567def9d8,1,705f23c17ef446b3b03c9e9bd22b10ec,ab18fbbc07ca4c4dbf44aa8dcef3fd05,2017-08-01 18:03:19,77.74,9.39
702a212dfcd74425847fd39c5df296bf,1,b83171b482b6445bba44533309768e90,ab18fbbc07ca4c4dbf44aa8dcef3fd05,2017-08-06 15:03:19,234.73,20.82
702a212dfcd74425847fd39c5df296bf,2,6f1796cd339044e0a1662087c3c7ff46,ab18fbbc07ca4c4dbf44aa8dcef3fd05,2017-08-06 15:03:19,311.14,58.22
702a212dfcd74425847fd39c5df296bf,3,9861f4e896514572ab99af82fbcc8f1b,ab18fbbc07ca4c4dbf44aa8dcef3fd05,2017-08-06 15:03:19,252.46,28.18
b80964ba45a34122abd50092c9163196,1,36782f79dcce4664a60a295f096af21f,ab18fbbc07ca4c4dbf44aa8dcef3fd05,2017-07-28 07:03:19,23.35,8.5
11547f2ca18a429c941d8667a756b833,1,17cf70e8054942669347695718ede4c3,ab18fbbc07ca4c4dbf44aa8dcef3fd05,2017-08-22 10:03:19,139.61,15.25
251dedc3cf05404aba01fc9c6fed3cb7,1,e45f4834a5354c71a28a2d4998add40b,ab18fbbc07ca4c4dbf44aa8dcef3fd05,2017-08-20 16:03:19,89.36,13.3
d6b347ff6f4941418e89e54c8ccd7eb5,1,6031067340d545f7a106ee4acb6e04bc,ab18fbbc07ca4c4dbf44aa8dcef3fd05,2017-09-04 03:03:19,50.84,10.58
8e12d957c6fd425fbab0ea86da4e6c20,1,dc6b2dfa2adc4005bccf4cbbfc02465c,ab18fbbc07ca4c4dbf44aa8dcef3fd05,2017-08-04 15:03:19,25.22,8.5
22d9c9d9894e4b8ab1f41a76b712d94f,1,9aab70096b5449ef860fb6d51b6134f6,ab18fbbc07ca4c4dbf44aa8dcef3fd05,2017-08-11 00:03:19,65.79,9.38
3f92e2541198446eb337823cd52dda52,1,aa5df92d78934c4c89f1f8898816e236,ab18fbbc07ca4c4dbf44aa8dcef3fd05,2017-07-31 09:03:19,50.88,10.99
c2e4caf4606e40b18a57d40f887b1c9f,1,e45f4834a5354c71a28a2d4998add40b,ab18fbbc07ca4c4dbf44aa8dcef3fd05,2017-07-27 14:03:19,56.4,8.5
f1ce32e15c594199b8424e1f73b42dcc,1,3fe52a703a254731a0b1e9c38fe0bc15,ab18fbbc07ca4c4dbf44aa8dcef3fd05,2017-07-30 05:03:19,92.05,9.69
682055c84d8647dd9d54aec5b0e3baa9,1,48c265722b804facb3f7898ac926a76d,ab18fbbc07ca4c4dbf44aa8dcef3fd05,2017-07-31 14:03:19,71.58,14.03
a9b5bec2d9b448ee9108b27f6509336f,1,dff9b448e44d43c3be6feedcba9fa453,ab18fbbc07ca4c4dbf44aa8dcef3fd05,2017-08-23 06:03:19,45.08,8.5
b0b20a037e874ea3bda7e01a0b9c058b,1,3e425b5e24f34266af766f5117f8cf65,ab18fbbc07ca4c4dbf44aa8dcef3fd05,2017-08-29 07:03:19,45.05,9.66
708dcac8552548bb89b76efbfe132e7c,1,fff75832db264c33a33f6f6ce9c5e858,ab18fbbc07ca4c4dbf44aa8dcef3fd05,2017-08-21 06:03:19,47.55,8.5
e9cf6b4c854c4de9a3d69ce1e60d6649,1,191eeed8159e411ea7b7d0143555ae45,79c2da36e9ef47e09b1f7de7f07a52ae,2017-09-03 01:48:00,276.4,29.97
84b2fa6f46304f7dbd0c17e24718c88c,1,c1a0e608a06648f7a69c96b5544a1fe9,79c2da36e9ef47e09b1f7de7f07a52ae,2017-09-25 13:48:00,64.73,9.64
1ec3410b05234b7ab4cfc0e1d4bd82de,1,cb4cc6a559fc4437aa9b5be6a60a39c1,79c2da36e9ef47e09b1f7de7f07a52ae,2017-08-29 13:48:00,41.71,8.58
df35502584584ef3a013dbda3ffc93b5,1,cd1254f416eb40dda405182ed9ddc941,79c2da36e9ef47e09b1f7de7f07a52ae,2017-08-12 12:48:00,127.4,22.26
df35502584584ef3a013dbda3ffc93b5,2,cc80be784d794b17a4babc0c5c0a1e33,79c2da36e9ef47e09b1f7de7f07a52ae,2017-08-12 12:48:00,119.44,12.94
46fa0b29bb334bfeb6824579b17412eb,1,9aab70096b5449ef860fb6d51b6134f6,79c2da36e9ef47e09b1f7de7f07a52ae,2017-09-02 06:48:00,239.39,36.59
eaa8fbb5c90f4648876cab7c40656d40,1,624e23f9f4ad4ec686d41a843a381c1b,3764a986752148f492e6273dad0d2088,2017-10-19 23:22:15,127.37,10.19
bc6dfff1cdaa47c09c618996c33ec185,1,f2d3ebe3b4454114826171b2c99dec41,3764a986752148f492e6273dad0d2088,2017-10-03 17:22:15,27.59,8.5
bc6dfff1cdaa47c09c618996c33ec185,2,f829d0bf1c4447918844f2698a5d0b0c,3764a986752148f492e6273dad0d2088,2017-10-03 17:22:15,210.06,22.49
c0af007a74224228a50ad86902e413ee,1,fc2067442c5e4c0bb0ac6ca6d42e6f44,3764a986752148f492e6273dad0d2088,2017-09-15 08:22:15,102.86,10.58
1852d45053304688ba82496ab87d5bbf,1,b2274f055c9a4feabc1b99c701f76de6,3764a986752148f492e6273dad0d2088,2017-10-03 21:22:15,176.2,36.62
1852d45053304688ba82496ab87d5bbf,2,e2415014d9b447d8b7a8f9fdc534d4f7,3764a986752148f492e6273dad0d2088,2017-10-03 21:22:15,217.96,32.04
d9af4b9e1bd44d5c8c71405646d72c76,1,c08e1d5ffa8a4bf3a16c0d1371c80440,3764a986752148f492e6273dad0d2088,2017-09-24 13:22:15,59.74,10.42
d9af4b9e1bd44d5c8c71405646d72c76,2,571d5ed2f68246f2b85ab4b024a43cfb,3764a986752148f492e6273dad0d2088,2017-09-24 13:22:15,46.51,8.5
d791ba6673fb4078810f540b30a72668,1,2b34daf6daf544b0ba8151173ccecbd3,3764a986752148f492e6273dad0d2088,2017-09-19 02:22:15,68.21,11.23
d791ba6673fb4078810f540b30a72668,2,82da95fbfed54b53b256b3f9f828cf45,3764a986752148f492e6273dad0d2088,2017-09-19 02:22:15,108.31,18.07
5c64da18788a468f80faafa34faf7cac,1,06c82ae9b9384ca3b9590eb82e3e351e,3764a986752148f492e6273dad0d2088,2017-09-23 15:22:15,22.19,8.5
5c64da18788a468f80faafa34faf7cac,2,fc0238c296234b3390fb70edcae4db67,3764a986752148f492e6273dad0d2088,2017-09-23 15:22:15,101.67,17.9
f20b701362f34c0793a34251fdaee760,1,f829d0bf1c4447918844f2698a5d0b0c,3764a986752148f492e6273dad0d2088,2017-09-17 22:22:15,177.99,20.72
6959b09a88ab4aee90abb3b19d2da7c1,1,a400d2923c364fc09552795d7c296747,3764a986752148f492e6273dad0d2088,2017-10-09 19:22:15,88.61,14.66
3f7872424eb84b61a5f1cf9107012d31,1,c4fdbdb0c93140f68b2212647a35993b,3764a986752148f492e6273dad0d2088,2017-09-23 10:22:15,53.1,8.5
d88e79f88d2c4711a50acaba39f2d9f5,1,b8dd8735e30f419eb9a8254b69866021,3764a986752148f492e6273dad0d2088,2017-09-24 22:22:15,36.09,8.5
f8ab90b197834e6c87aecbbe899de955,1,fecd56f2986d4d1a859278cc0e9ec2af,3764a986752148f492e6273dad0d2088,2017-09-17 00:22:15,69.4,12.25
688a7e9031e5441aa67f50497f01015c,1,0838f7638bb1431e91600541da648217,3764a986752148f492e6273dad0d2088,2017-10-24 16:22:15,119.38,23.3
293783ed0a784cf4820d14ae9ead3f32,1,6ba72f89f95e4036a8dea94f7bbc892f,3764a986752148f492e6273dad0d2088,2017-10-15 15:22:15,71.81,14.52
8dad2ad539c941f78fee84047325ea23,1,c4646a0286da4f6e8d424a8a0440f073,3764a986752148f492e6273dad0d2088,2017-09-29 16:22:15,143.63,31.51
692878f197d7493dad43e4506d384dd9,1,8440fa30c0374c76971a72181df7ae5b,3764a986752148f492e6273dad0d2088,2017-10-07 01:22:15,33.09,8.5
080e235f3eb44b2f9557ee72da64501f,1,9e6b7e3c8516498b986a23f98abd5daa,3764a986752148f492e6273dad0d2088,2017-10-16 03:22:15,23.19,8.5
dc5b4afab7e74c9d97a99de92d998afd,1,e648e0824baf40ec9f193e307b16c81f,3764a986752148f492e6273dad0d2088,2017-09-28 20:22:15,211.51,36.38
dc5b4afab7e74c9d97a99de92d998afd,2,a64eb1d52054427f9e16a2a8f3b32f68,3764a986752148f492e6273dad0d2088,2017-09-28 20:22:15,78.78,8.5
1cfc0eebfad64008846c1b441cdfbd50,1,9aab70096b5449ef860fb6d51b6134f6,3764a986752148f492e6273dad0d2088,2017-09-26 22:22:15,84.94,13.33
0bed48422e5e4a7b9df3b54c6f3cb09b,1,fd60b9a690b44f3c9588c38e8290a214,3764a986752148f492e6273dad0d2088,2017-09-20 23:22:15,71.17,9.75
b760f41fa87c4e76831c2151b46da867,1,3fa881852d8547278dfaa9d9e87a7d8c,532d4b5d6019454aa61af47b49829a51,2017-10-05 07:29:02,171.54,22.8
77e40172de974f4ab9ab59e19a6c895a,1,2a22fed13bad4ce091c5bad7f4c4e8c9,532d4b5d6019454aa61af47b49829a51,2017-09-07 04:29:02,150.56,22.48
0a09d403c54b4daaaf718cd198859764,1,4fe901af6e6c4e40bf2cb198c0b0fc00,532d4b5d6019454aa61af47b49829a51,2017-11-06 11:29:02,58.82,12.16
698df8f7f30f4adbab393f8492f5a473,1,2a420196eebd43e89723cd54a03f2449,532d4b5d6019454aa61af47b49829a51,2017-09-19 14:29:02,197.1,27.47
d696b3f868dc4d239c966fbd5a505eeb,1,29075fa5c36f47b09df491d731e1881c,532d4b5d6019454aa61af47b49829a51,2017-09-06 14:29:02,52.76,8.97
f87953f8fd184b3f9c98233d61b4330b,1,1c456e659155442a83a9605fa921949a,fc60ce1233d6498a893c894ddec490e1,2018-06-20 23:29:42,222.1,33.38
1da636468c9046979591c2508257f169,1,b4c530d9a0ac4f42806f601db3383bd1,fc60ce1233d6498a893c894ddec490e1,2018-06-22 17:29:42,89.72,9.46
9c0edc00456841e8b69d7e8316106b92,1,52c696da9573428e917bfdded6025a8e,fc60ce1233d6498a893c894ddec490e1,2018-05-25 23:29:42,46.19,8.5
9c0edc00456841e8b69d7e8316106b92,2,6eb4e94770034034af0e2ab526721538,fc60ce1233d6498a893c894ddec490e1,2018-05-25 23:29:42,17.08,8.5
508fe1997a044884a3ebae032b039b05,1,b442e6c747084f10a75305f1bec297ba,fc60ce1233d6498a893c894ddec490e1,2018-05-21 22:29:42,232.74,40.31
508fe1997a044884a3ebae032b039b05,2,b83171b482b6445bba44533309768e90,fc60ce1233d6498a893c894ddec490e1,2018-05-21 22:29:42,286.85,41.43
8648f72ed4514b70b4e4e78a585e32ce,1,c05a6bea63c144028fd21cc6e3f72d89,fc60ce1233d6498a893c894ddec490e1,2018-05-14 18:29:42,95.33,9.93
077bdb000d35424897a4416c07f6f48f,1,cb4cc6a559fc4437aa9b5be6a60a39c1,fc60ce1233d6498a893c894ddec490e1,2018-05-24 12:29:42,178.13,33.83
9202857ec95843fb9606656d4e23d6fd,1,22cc83a22731444c8b7ef15b2fa994c1,fc60ce1233d6498a893c894ddec490e1,2018-05-11 17:29:42,79.69,9.18
1d652259a6a740d692cec69131837653,1,8e394601b3ad4220a588dc0880239e0d,fc60ce1233d6498a893c894ddec490e1,2018-05-23 12:29:42,71.73,8.5
f4caa5a4445546cbbeeff3ad5bd77ffe,1,7049ca289c83429ba2939f86937aac08,fc60ce1233d6498a893c894ddec490e1,2018-05-18 00:29:42,83.52,8.5
7329f70141b34b87a7154e2cc7a4ff88,1,20673b9a51c84802b8370318cafa70d9,fc60ce1233d6498a893c894ddec490e1,2018-05-18 02:29:42,15.16,8.5
7329f70141b34b87a7154e2cc7a4ff88,2,9bd68970c30e41e5a18bf0558ef98252,fc60ce1233d6498a893c894ddec490e1,2018-05-18 02:29:42,99.87,8.5
2bd51ee1d94146dbb83a3122fdb50486,1,e26e46c5858e4d8887c0593bd87afa7b,fc60ce1233d6498a893c894ddec490e1,2018-05-31 21:29:42,64.57,13.98
2d52d8286718495cbaa1a484c2624a7b,1,09966f014e8946a1b49faef3ae946938,fc60ce1233d6498a893c894ddec490e1,2018-06-12 11:29:42,120.85,24.28
d27bf47dd2af4066ad767f2c4d8736e5,1,a7d18cd824094eddac44b5aafdecba18,fc60ce1233d6498a893c894ddec490e1,2018-05-27 15:29:42,71.97,14.72
a7a4d562eaab4ddba19c19c1909a0831,1,978046aa910c477b910db862d8bd2e40,fc60ce1233d6498a893c894ddec490e1,2018-05-21 19:29:42,120.16,15.68
a7a4d562eaab4ddba19c19c1909a0831,2,75475305a17744c687e89c2021d846f4,fc60ce1233d6498a893c894ddec490e1,2018-05-21 19:29:42,39.32,8.5
44f130c6676d4b2593a1a5bb521b365e,1,6ac464a17d004e169877753600cab6cf,fc60ce1233d6498a893c894ddec490e1,2018-05-14 10:29:42,143.04,30.43
2b5faef5fb2d485e904b80abc347736a,1,4e15671b8a0f4a9eba6cd5b8e3e7a969,fc60ce1233d6498a893c894ddec490e1,2018-05-10 22:29:42,70.73,8.55
2b5faef5fb2d485e904b80abc347736a,2,0827c8523bc0409abb90a3a44a6c39ef,fc60ce1233d6498a893c894ddec490e1,2018-05-10 22:29:42,188.52,32.73
bf648df6af5c4371a9629c437037f97a,1,68abbb31633c4080920275afe293abdd,fc60ce1233d6498a893c894ddec490e1,2018-05-12 02:29:42,162.24,15.14
da9db0f27e32420eb80371ca39f43d0e,1,cf81570bac254a92b191693ad0a5cd12,b930d65b82cc43cd8729432388534c55,2017-11-25 07:44:43,111.21,20.19
da288a4a982c42c4b560ebb59928485d,1,750f4a1dc60b4d3a9cc5c9f8df4d751f,17cd53cfdfed4480a2cf423fcb5db45e,2018-06-30 19:00:02,196.32,40.41
7733d4c48b524eb08ddfd26e7b1d971c,1,6031067340d545f7a106ee4acb6e04bc,17cd53cfdfed4480a2cf423fcb5db45e,2018-07-15 12:00:02,163.58,34.03
692fc4d5a13f4af9b80af86edd926567,1,fe6b6f57dd92406fb14f08e03acdce4e,17cd53cfdfed4480a2cf423fcb5db45e,2018-07-12 14:00:02,54.25,9.55
77c11bef745441289b9d15f3b33f7803,1,cc8fab6f2489469790d44d1983d5846e,17cd53cfdfed4480a2cf423fcb5db45e,2018-06-27 15:00:02,90.7,15.29
8dc98e6c9e5f499e9b68de6bcf3f92c6,1,57f99facbfba4b16b7bf2ab7a5e3815a,17cd53cfdfed4480a2cf423fcb5db45e,2018-06-21 11:00:02,15.62,8.5
242015b6394d4967ada67c0ce6b64c9d,1,4029dd9bf6664ff688fa31bb83020f5b,17cd53cfdfed4480a2cf423fcb5db45e,2018-06-14 08:00:02,99.49,14.21
aa4834aabc0249a483564338bed821ff,1,0b20ad599efc43358c6ef1ed32f7a290,17cd53cfdfed4480a2cf423fcb5db45e,2018-06-09 20:00:02,25.38,8.5
6cb3d1a9a35e469184cc589688cbec1b,1,5d063ed10917464b9ca857dd92497d29,b6a1ea0b77db46cdafeb6d4c38d1aabd,2018-08-17 07:23:35,52.67,8.76
691239b8be454cd5bbd0f65f8fbbe375,1,ad0bc024ee50446e8b8fc9909678e7d0,b6a1ea0b77db46cdafeb6d4c38d1aabd,2018-08-09 01:23:35,70.68,10.08
691239b8be454cd5bbd0f65f8fbbe375,2,e5a9ab53deef4434a9e5c480159813c3,b6a1ea0b77db46cdafeb6d4c38d1aabd,2018-08-09 01:23:35,154.78,16.99
d20beabe16024085819c099a4f52155e,1,1410bf6121ce4596b3b816b73707b1d2,b6a1ea0b77db46cdafeb6d4c38d1aabd,2018-08-02 00:23:35,41.87,8.5
16d39450c3db4ffb923a37cf3c8ae282,1,dd76308e3fd24f1a96e7f100a39def8d,b6a1ea0b77db46cdafeb6d4c38d1aabd,2018-06-26 00:23:35,568.72,85.52
23a93f49d5cc433bb759b04833ee70d8,1,4fe901af6e6c4e40bf2cb198c0b0fc00,b6a1ea0b77db46cdafeb6d4c38d1aabd,2018-06-28 02:23:35,108.33,16.43
3231e0c405104f10b8ad5ff3004cae3e,1,a33fc612756941f2bae3c5900c4c9ce6,b6a1ea0b77db46cdafeb6d4c38d1aabd,2018-08-09 17:23:35,105.83,13.93
1e3733c8e0894a109e9e965e94a2fab4,1,e26e46c5858e4d8887c0593bd87afa7b,b6a1ea0b77db46cdafeb6d4c38d1aabd,2018-07-15 10:23:35,52.98,8.5
90d4157314fc45c7becba8179097f7c1,1,38d84a0506ba4fdabb24af532d5d293d,b6a1ea0b77db46cdafeb6d4c38d1aabd,2018-07-07 11:23:35,173.92,21.47
5c23ee0b3be84c308e4548ec5e59a095,1,6ba72f89f95e4036a8dea94f7bbc892f,b6a1ea0b77db46cdafeb6d4c38d1aabd,2018-07-09 23:23:35,305.32,61.62
017b0d9b10de4123b1e25ede4210e05f,1,3fa881852d8547278dfaa9d9e87a7d8c,b6a1ea0b77db46cdafeb6d4c38d1aabd,2018-07-02 01:23:35,69.62,14.51
017b0d9b10de4123b1e25ede4210e05f,2,2384d9dddd8540b89d07e8405d7a07db,b6a1ea0b77db46cdafeb6d4c38d1aabd,2018-07-02 01:23:35,35.65,8.5
c454a7f41a3b4b64bac78146e3bb4c9a,1,26bf8630b46d4222af372ea26c1a9202,b6a1ea0b77db46cdafeb6d4c38d1aabd,2018-06-30 14:23:35,83.76,15.32
729b2f0e9354446a868412a830cec5a3,1,73e3c3884fe649cdab8fd4d6cda22bef,b6a1ea0b77db46cdafeb6d4c38d1aabd,2018-07-22 02:23:35,63.24,10.54
f3d830f3fa1b4b42982e07ceb50bbf8d,1,191eeed8159e411ea7b7d0143555ae45,b6a1ea0b77db46cdafeb6d4c38d1aabd,2018-07-09 17:23:35,134.68,22.0
f3d830f3fa1b4b42982e07ceb50bbf8d,2,9bd68970c30e41e5a18bf0558ef98252,b6a1ea0b77db46cdafeb6d4c38d1aabd,2018-07-09 17:23:35,254.08,24.16
6f1fd33ef66744a3969167f7a08df0d3,1,93b06205876c4864b4c0b77e99c0904e,b6a1ea0b77db46cdafeb6d4c38d1aabd,2018-07-30 18:23:35,171.02,22.76
dba1c98a529342a0bf234f5f5d8c2d3c,1,8ed463874a48423bbe53fecd6b08f4d5,b6a1ea0b77db46cdafeb6d4c38d1aabd,2018-07-14 14:23:35,84.02,8.5
29459e01d8774042a242f62d6842c857,1,229761920631421a91d4a2ba381917f6,b6a1ea0b77db46cdafeb6d4c38d1aabd,2018-06-22 17:23:35,32.81,8.5
29459e01d8774042a242f62d6842c857,2,a07775d85f03481bbc9cfc7877070426,b6a1ea0b77db46cdafeb6d4c38d1aabd,2018-06-22 17:23:35,101.58,20.94
dfc71bcdc4d1447588b6ba58d09787d7,1,5c871f3f35ef42808fecbcb3e6f549d8,b6a1ea0b77db46cdafeb6d4c38d1aabd,2018-06-25 01:23:35,71.97,8.5
ee92b2fe76c94452a620b3d80428c23f,1,d9382339b69d4b4cbc17e601844a6990,b6a1ea0b77db46cdafeb6d4c38d1aabd,2018-07-05 09:23:35,62.27,10.42
4878f69050104187bac573fb4a73ec40,1,58aa2de3269b41038b506f05b4878599,b6a1ea0b77db46cdafeb6d4c38d1aabd,2018-07-13 05:23:35,109.57,21.72
1e4286ef6aae4039aa00b6386aaeac1f,1,b29ae416afdd40ff90a6e3a26127434c,b6a1ea0b77db46cdafeb6d4c38d1aabd,2018-06-25 07:23:35,119.26,10.52
c0c4c990cdc74b1aa175444bba8aca2e,1,32faeea62ac447f5a16c048e7890eb1d,b6a1ea0b77db46cdafeb6d4c38d1aabd,2018-06-26 00:23:35,156.62,16.95
c4e6aab563534bce8de4ee0cb3e8fddd,1,535eb6e517404b89a642254ed4e3be96,b6a1ea0b77db46cdafeb6d4c38d1aabd,2018-06-29 10:23:35,73.76,10.36
0fb953f507654180a25f6ed775ef7c11,1,78de62cdabe848cb964badce446a16fc,b6a1ea0b77db46cdafeb6d4c38d1aabd,2018-06-24 08:23:35,70.01,11.11
de46124c1683400888319487d0a857b1,1,2e15d2afde274350a1414c3c8ee47c1f,920f681a06bc4cabaa3cd7ecd3fbfb2e,2018-01-11 06:04:22,62.03,8.54
eca90ba487ac45f4a23dd363037ad4b4,1,5146c66ba7444a9a82180d48e3471452,920f681a06bc4cabaa3cd7ecd3fbfb2e,2018-01-17 07:04:22,102.4,16.37
b08133b0467e4b3782c42d2031caf003,1,14264f74e0194082bb4d36c761037b2f,920f681a06bc4cabaa3cd7ecd3fbfb2e,2018-01-10 02:04:22,86.77,16.23
ad0580b727e444c99fd4b2e6cb378245,1,adda9673971b41ee84e60264b6aa33b2,920f681a06bc4cabaa3cd7ecd3fbfb2e,2018-01-22 06:04:22,44.75,8.5
9733fc5a4805448bad4a013bf8dcb498,1,93b06205876c4864b4c0b77e99c0904e,920f681a06bc4cabaa3cd7ecd3fbfb2e,2018-01-28 15:04:22,322.4,48.95
9733fc5a4805448bad4a013bf8dcb498,2,21d39e0c1bcd42b0aa6d0a5a37ec7e45,920f681a06bc4cabaa3cd7ecd3fbfb2e,2018-01-28 15:04:22,464.33,74.8
