review_id,order_id,review_score,review_comment_title,review_comment_message,review_creation_date,review_answer_timestamp
187b50009ae14d17a5409832358dabe3,86324c7f3572425997957125016e3cb5,4,Ótimo produto,Recomendo muito este vendedor!,2017-12-10 08:21:18,2017-12-11 08:21:18
1ddaace97a894451bd73d6dab11318d6,eb39b79a3cc4497abd9b4e6e2fa8645e,5,Ótimo produto,Recomendo muito este vendedor!,2017-10-18 21:21:18,2017-10-19 21:21:18
8a643d7404b740ceb22f789cd6a6ca72,2a1cf9e606c043019009765886b5fd2f,2,Atrasou a entrega,Demorou para responder.,2017-11-02 04:21:18,2017-11-03 04:21:18
e02d7b2f0be241b1ba1374ed2d5199f4,50bf8be85c774b8eb3949b9d71d2b429,5,Ótimo produto,Recomendo muito este vendedor!,2017-10-17 19:21:18,2017-10-18 19:21:18
5eee9019c3fb466b8fd12385838b66a3,d552a6391f26499d985c073cc212cd82,5,Ótimo produto,Recomendo muito este vendedor!,2017-11-19 12:54:18,2017-11-20 12:54:18
5d91b75eef5549c0b44733847a22e467,676a74ced85842eaa168b1488803c43c,4,Ótimo produto,Recomendo muito este vendedor!,2017-11-18 11:54:18,2017-11-19 11:54:18
c0b6b181a31547dd8f3b6e31976c88c0,7d02dc66f1b347b6ac49b5dbdae843d9,5,Ótimo produto,Recomendo muito este vendedor!,2017-12-01 17:54:18,2017-12-02 17:54:18
42416d3692914861b7f01e0592122a90,745997975ab94453ae543daabf0eb483,5,Ótimo produto,Recomendo muito este vendedor!,2018-01-15 13:54:18,2018-01-16 13:54:18
722e15b163bd48348776348d52d08d0d,7d5a4f5427fa4188aa368d570d9ad8ab,3,Atrasou a entrega,Demorou para responder.,2018-06-13 19:42:22,2018-06-14 19:42:22
8a6c33194b9a4a479f29a7b52f447bed,b7df3dbc4edd4407815c783432c552fa,2,Atrasou a entrega,Demorou para responder.,2018-05-26 06:42:22,2018-05-27 06:42:22
3512b45d067940d8931d6887d4ee1d43,bea93f12e31b40aab4defa8bbd06c131,5,Ótimo produto,Recomendo muito este vendedor!,2018-07-08 19:42:22,2018-07-09 19:42:22
b552d65557a64bcc9fe66ef693228b20,38dcac4b84b041d1af908d45e2faba22,5,Ótimo produto,Recomendo muito este vendedor!,2017-10-06 21:29:02,2017-10-07 21:29:02
d2dfd4a126db4b3b8da0c085fdbc417c,da08cb988a2a455fb526bf3da500ddb5,4,Ótimo produto,Recomendo muito este vendedor!,2017-12-15 17:29:02,2017-12-16 17:29:02
454f69c725ef4f4ea901a2472570e4f1,bc4f8211adb34304b5f9a9c907af9076,1,Atrasou a entrega,Demorou para responder.,2017-10-15 02:29:02,2017-10-16 02:29:02
bbecd9f8bb3e4d16b7dcec5c964fd7cf,23cfdf646fe847e9b2b003b7e2d64708,2,Atrasou a entrega,Demorou para responder.,2017-09-20 10:29:02,2017-09-21 10:29:02
bb40106bb3dd4dac9b2f7d243c008eaf,5a611020614640058fa588b021ea07fe,3,Atrasou a entrega,Demorou para responder.,2017-09-26 18:29:02,2017-09-27 18:29:02
bab99e2baf9f4ad2b90464278642c6e8,de03fa5daf2b4038b2949b48ca2eb7b3,5,Ótimo produto,Recomendo muito este vendedor!,2017-08-25 09:41:39,2017-08-26 09:41:39
459389e6cb7f40d19bd36fb8f06a200b,210d300d02c4433f95c7211be0e1ff8c,5,Ótimo produto,Recomendo muito este vendedor!,2017-09-15 00:40:28,2017-09-16 00:40:28
560fea4f327d4126950071c7db376f54,341facf08ccf4e15805972ab7f30f725,4,Ótimo produto,Recomendo muito este vendedor!,2017-11-11 23:12:43,2017-11-12 23:12:43
cdfa9a43a7784b8784422abfd9db85db,2ed394912cd845c196f2c380b7f61bb4,3,Atrasou a entrega,Demorou para responder.,2017-11-13 02:12:43,2017-11-14 02:12:43
c60ec5eade894d93b180b6cb761549dc,6bdfa5685d0a4cea956d79d1153ccb60,5,Ótimo produto,Recomendo muito este vendedor!,2017-11-12 09:12:43,2017-11-13 09:12:43
eb4b0edb3fca4e3d99bf8310302f7a9f,6ac43388280845aea5dc3f6e14e857d5,2,Atrasou a entrega,Demorou para responder.,2017-11-08 23:12:43,2017-11-09 23:12:43
807ab94cc9cb45b3abb387af7d93f87f,e3e8748a83bd404390dc7118fbb61c33,5,Ótimo produto,Recomendo muito este vendedor!,2017-11-11 05:12:43,2017-11-12 05:12:43
aa79d08cd494430695e252a01f7237f0,5fde347bed5f48cd91f72086f9974b51,5,Ótimo produto,Recomendo muito este vendedor!,2017-12-26 17:12:43,2017-12-27 17:12:43
838af334153746d3af1cb2ea4aa15c66,9e3d0b0c18ea4f1c80dfb1bc2555e233,3,Atrasou a entrega,Demorou para responder.,2017-12-08 09:12:43,2017-12-09 09:12:43
30d87445e674436ab47817c8b4c4090e,8a423b63e88749abbf9327ad9025c861,4,Ótimo produto,Recomendo muito este vendedor!,2017-11-09 14:12:43,2017-11-10 14:12:43
5462308d4acc401da410cc25c67ddb01,542d6e35552c4ad886f058ccd2c069a2,3,Atrasou a entrega,Demorou para responder.,2018-03-22 10:26:17,2018-03-23 10:26:17
532776eb047a4e54b3cf40e481158d3b,c68674033f244f4fa98d09257aec4e5b,2,Atrasou a entrega,Demorou para responder.,2018-04-27 15:26:17,2018-04-28 15:26:17
b7642395306d4912b4946d34aa520dbf,f852624338724c0dbe82ac8ee75a1d84,5,Ótimo produto,Recomendo muito este vendedor!,2018-03-27 22:26:17,2018-03-28 22:26:17
2b5845e058294547b9b37040f5f32b2e,e84a0d7f221443d6b145ce3376a1fb3b,4,Ótimo produto,Recomendo muito este vendedor!,2018-04-13 06:22:41,2018-04-14 06:22:41
bb200a0e189945508c1d4a7807665f87,1de21e439152409cb0f0fbd4c7407b14,5,Ótimo produto,Recomendo muito este vendedor!,2018-03-29 13:22:41,2018-03-30 13:22:41
e5ccfd2280194e1b88c738e033c5b4ce,10253c2ccc57428589653f22e09f327f,5,Ótimo produto,Recomendo muito este vendedor!,2018-04-02 09:22:41,2018-04-03 09:22:41
94d690a17efd4a60a2603cfdad87561c,0621eec93c44424bb4371655b800d5db,1,Atrasou a entrega,Demorou para responder.,2018-04-02 21:22:41,2018-04-03 21:22:41
91ee2ad63f8149ab9dade9da11e750fd,5fed305635aa45d3be8b7b8bfaedd2aa,5,Ótimo produto,Recomendo muito este vendedor!,2018-06-15 16:22:41,2018-06-16 16:22:41
2b863bd5ba5c469f95dce79eaace35f7,2cf8d700ad1b40efa7cebe26c67bac10,4,Ótimo produto,Recomendo muito este vendedor!,2018-03-29 01:22:41,2018-03-30 01:22:41
f0d24434fe4f481085fa914447e41104,9cb9b48ed88f4e39946cbecf0dfe7698,5,Ótimo produto,Recomendo muito este vendedor!,2018-04-05 22:22:41,2018-04-06 22:22:41
87bf40a2a81244e1bfa6bdfd38162d86,aed51ddee1c94d89b643d9b629250137,4,Ótimo produto,Recomendo muito este vendedor!,2018-03-29 10:22:41,2018-03-30 10:22:41
4b035876715f4b6681db9e9b99756347,d87106bfb77a4b2895cfb4392d725cdc,5,Ótimo produto,Recomendo muito este vendedor!,2018-03-19 18:39:55,2018-03-20 18:39:55
baa0543c6c1044398e8e14b0b7a0d056,b61139487bdc47c1a396edb974640f39,1,Atrasou a entrega,Demorou para responder.,2018-03-23 17:39:55,2018-03-24 17:39:55
aeed8db527824d7da017c6a7f5750a2f,e6eecc1af0a046fb909fffee28bee7bc,4,Ótimo produto,Recomendo muito este vendedor!,2018-03-26 12:39:55,2018-03-27 12:39:55
ad4aaccc4cf1423fb1436e8044a50783,0db47a90e23f4699bb7e6534faa09c68,5,Ótimo produto,Recomendo muito este vendedor!,2018-03-18 01:39:55,2018-03-19 01:39:55
38b860ee8b5e4dae9c3fd42c27a7de76,c860e16206f3487b98d0dca1e1c211ea,5,Ótimo produto,Recomendo muito este vendedor!,2018-03-21 18:39:55,2018-03-22 18:39:55
5b56e13b94a24192bdfdc9dc8fe652f3,8fafa2d4288246a989792e5248d6f2c4,5,Ótimo produto,Recomendo muito este vendedor!,2018-03-23 02:39:55,2018-03-24 02:39:55
48184480fb4f42c082108200372d36e3,833960b4ea4445e6bebd409ddb32b8be,4,Ótimo produto,Recomendo muito este vendedor!,2018-07-02 06:39:55,2018-07-03 06:39:55
51944372e88242018a638b2137bf8112,dd8480c0a2e840879aaf036914babcff,2,Atrasou a entrega,Demorou para responder.,2018-03-18 03:39:55,2018-03-19 03:39:55
007d9c437cbb407eb4f385d4de7b682a,7575fcb00db74a0ca27553b6011b4ee8,5,Ótimo produto,Recomendo muito este vendedor!,2018-05-28 11:39:55,2018-05-29 11:39:55
9971c39429e7422db2abd31ae09e903c,f00db1e27d0b46bbb953dfd335ac40d5,5,Ótimo produto,Recomendo muito este vendedor!,2018-01-23 17:55:57,2018-01-24 17:55:57
73612b90120e4bc780a9ed8ac4485ebf,5b800b71ca224d4cb19f370e9becdc4c,4,Ótimo produto,Recomendo muito este vendedor!,2018-01-30 21:55:57,2018-01-31 21:55:57
401c5533901940a9bb5db8ad7cee1d63,87c978d275ad4acbbcfa3c4ce211b7ba,5,Ótimo produto,Recomendo muito este vendedor!,2018-03-04 14:06:13,2018-03-05 14:06:13
ca19a77859ad49e58dba45f2c7caf960,b90961bf91984a0886a04ba087d18cd1,4,Ótimo produto,Recomendo muito este vendedor!,2018-03-04 14:06:13,2018-03-05 14:06:13
dba85521d64f459b92cdcadccb695383,b9bff7f7b7cc408b9af496cd4b7819dd,4,Ótimo produto,Recomendo muito este vendedor!,2018-02-21 02:06:13,2018-02-22 02:06:13
7fb1c26d1f414d2187ca082a6b1ed276,7ba56e56144d41ba8a2d0187f2b6b8ec,3,Atrasou a entrega,Demorou para responder.,2017-10-02 06:08:29,2017-10-03 06:08:29
730dbbae236f4787b48c270180aef124,1a373478e5cf44c2a79f1aea759a3051,1,Atrasou a entrega,Demorou para responder.,2017-10-07 08:08:29,2017-10-08 08:08:29
1397cf61ef574789ba947c3bcf3b5452,5acb2f4fd46f42d3aa2704564d2eab10,5,Ótimo produto,Recomendo muito este vendedor!,2017-11-23 23:08:29,2017-11-24 23:08:29
9836edc9d8ef457bab3b2a6af9e43b66,ced514f01d444978a7f2a7d500f0c483,5,Ótimo produto,Recomendo muito este vendedor!,2018-03-25 01:31:32,2018-03-26 01:31:32
e7ed09a010484de5b743dd594419ee51,9d5179a4e4b145a1b7a0cc4813fb8d06,5,Ótimo produto,Recomendo muito este vendedor!,2018-03-12 02:31:32,2018-03-13 02:31:32
befee9ccf6264cfda90e92f57ab6716e,fef249ed68e147228a752a851e2b4f28,5,Ótimo produto,Recomendo muito este vendedor!,2018-01-23 21:08:05,2018-01-24 21:08:05
cfd78309a33d47d089fec09bc4658c25,9b8bcdd84fca499d989be37213e59b25,5,Ótimo produto,Recomendo muito este vendedor!,2018-04-26 02:00:51,2018-04-27 02:00:51
83cebbf8b0b843aa9d6ce2f8ea2273a5,ae2d0e1bb6c3431bb8d4486b8072a2cf,5,Ótimo produto,Recomendo muito este vendedor!,2017-12-03 21:44:33,2017-12-04 21:44:33
9f9664fe5cfa4e1b8bdb1e196685ac6d,df723a374b0f4563a667ad88861cf4e9,5,Ótimo produto,Recomendo muito este vendedor!,2017-11-14 18:44:33,2017-11-15 18:44:33
a33f42f0c1764ca6bed00023d83172db,763389374c034d2dac50bb19cfada6a7,4,Ótimo produto,Recomendo muito este vendedor!,2017-11-19 07:44:33,2017-11-20 07:44:33
5b74c085c0a74f2aa29a663cf7852af9,8aced0b2591f478ab1c2761f95285700,5,Ótimo produto,Recomendo muito este vendedor!,2017-12-01 13:44:33,2017-12-02 13:44:33
e81e53a14f9a4769be93125755528595,2da1f7a6f6b04009b510064f2e6d27b4,4,Ótimo produto,Recomendo muito este vendedor!,2017-11-25 00:44:33,2017-11-26 00:44:33
89fde2f5d61845f4918e11b4fde6a956,a14618fc9b334866a1c708d2ca4cabd3,1,Atrasou a entrega,Demorou para responder.,2017-12-15 18:17:11,2017-12-16 18:17:11
db7b3ed4b7cf41cd9d6c720eeeb63168,af8d857f04924e3e93d966e5d4b2f97b,2,Atrasou a entrega,Demorou para responder.,2017-12-31 01:17:11,2018-01-01 01:17:11
1b621df4626e4ffd9e586fee85e4739a,edd17ea1d37c49b5b19113bc296bbb7c,5,Ótimo produto,Recomendo muito este vendedor!,2017-12-24 09:17:11,2017-12-25 09:17:11
3f8189c0ffeb4b3bacb5edec7036804f,7f7b711dda7d428799b2b61bdb853181,4,Ótimo produto,Recomendo muito este vendedor!,2017-12-17 01:17:11,2017-12-18 01:17:11
be4aa8d0f41a45f39a319e63de02cf85,20d96c09a0d447b7801627929e95cf4b,5,Ótimo produto,Recomendo muito este vendedor!,2017-12-24 19:17:11,2017-12-25 19:17:11
e7f9b4bc3ce844d18c327aa04e9cbea7,ed8c997ae68749c9914608a1d94d5457,5,Ótimo produto,Recomendo muito este vendedor!,2017-12-09 06:17:11,2017-12-10 06:17:11
8529cfa40f3543ca8cf3d2d154732159,126fb81a5d6048c7972f6c2dc70806d3,5,Ótimo produto,Recomendo muito este vendedor!,2017-12-23 00:17:11,2017-12-24 00:17:11
02b13026cbbf4679b1f8239fe93fe752,b44f0703a17044cf888d8ecc08391f8c,5,Ótimo produto,Recomendo muito este vendedor!,2017-12-08 23:17:11,2017-12-09 23:17:11
d4be63b52e30478a9eefdd0bb4f43b8c,ca8c59ed4dfe458d90c5ec5246f9b041,5,Ótimo produto,Recomendo muito este vendedor!,2018-01-17 18:17:11,2018-01-18 18:17:11
b9174dbb1094422b9e2b8bee25e0fa69,7474453b10fe45deae38e8b35a33b0fe,4,Ótimo produto,Recomendo muito este vendedor!,2018-05-23 06:32:48,2018-05-24 06:32:48
b0107304f8424247a7a35148c01c005a,5ea6f69e7f8749d58a865f25969a4b40,2,Atrasou a entrega,Demorou para responder.,2017-11-07 16:23:34,2017-11-08 16:23:34
f35660ba991a448cbd2bc00a3dc6c55f,a8d88206e0684f56a8e489fa0d3cdb23,4,Ótimo produto,Recomendo muito este vendedor!,2017-11-15 03:23:34,2017-11-16 03:23:34
07c3c7b19c0f4ac1bed5e26aca3be31e,1a63405cac9d4d1eaa71d9252e20378f,5,Ótimo produto,Recomendo muito este vendedor!,2017-11-03 16:23:34,2017-11-04 16:23:34
5ac1d0a7994f4beba1507354d256becd,48749c762d384283a8541dbd19063023,3,Atrasou a entrega,Demorou para responder.,2017-11-02 18:23:34,2017-11-03 18:23:34
2a78dce7bc1a4606b150f09b1b6d8fca,177d7d30b8024a40a54db731c0001073,1,Atrasou a entrega,Demorou para responder.,2017-11-29 00:23:34,2017-11-30 00:23:34
7634f28ea7784037acbc37e892ec9972,260bc1a6062943d9b4961b4cc2b68937,3,Atrasou a entrega,Demorou para responder.,2017-11-17 19:23:34,2017-11-18 19:23:34
c72bc31f92374dabb26780ca068dd1e8,1d692ac6fa7a469b805e229721f44614,5,Ótimo produto,Recomendo muito este vendedor!,2017-11-10 16:23:34,2017-11-11 16:23:34
3b428bad89054d25ba120e4eb0cf8f81,f48b89af5ef64ee3a9964a7bb47c1f4f,4,Ótimo produto,Recomendo muito este vendedor!,2017-11-02 02:23:34,2017-11-03 02:23:34
32388f9679414177adb05f2badab77fc,6bcb1d8b5af8412cb01b8ee4b7bd9bb5,2,Atrasou a entrega,Demorou para responder.,2018-02-16 17:23:34,2018-02-17 17:23:34
a6a59bd327ec403aa19418000de4885a,01ec30e90a91468da31fa5b6ba85b6d7,5,Ótimo produto,Recomendo muito este vendedor!,2017-11-13 15:23:34,2017-11-14 15:23:34
a38218f7da054393a9f869ea8c35b1e8,e98ca3c072fe460d90839edf5fda20ab,5,Ótimo produto,Recomendo muito este vendedor!,2017-12-22 22:41:18,2017-12-23 22:41:18
8c1d01a80b6a4d8d94c89766cb0970c8,657beef9566042a2ac31b6dfbac443df,5,Ótimo produto,Recomendo muito este vendedor!,2017-12-29 21:41:18,2017-12-30 21:41:18
0cfbe54b2c9641dbb9547c28a3a8e87d,ed847bfd12f24d358900a73ca0fd79aa,5,Ótimo produto,Recomendo muito este vendedor!,2018-01-01 08:41:18,2018-01-02 08:41:18
0c11ba42f3bd4878bf7c1c51a8b0e3c7,0ef4101c423445a18027de33675311f7,5,Ótimo produto,Recomendo muito este vendedor!,2017-12-29 12:41:18,2017-12-30 12:41:18
f8d8a37dfe874e578436640d260cff89,7f7e52e75144466ba0d3fb8f6f7af909,5,Ótimo produto,Recomendo muito este vendedor!,2017-12-30 10:41:18,2017-12-31 10:41:18
de066ac18ed447d8b14e6b577a858473,7044b207cca94c43ba9401747a2b9bb6,5,Ótimo produto,Recomendo muito este vendedor!,2018-01-27 05:41:18,2018-01-28 05:41:18
9e6175483220461dbf1d2eb2ee6a2385,fd7bb94d61a14ea88021667ccafb9d0a,5,Ótimo produto,Recomendo muito este vendedor!,2017-12-23 17:41:18,2017-12-24 17:41:18
82e4433d0609434b84e84085c3f6a70b,a11c6748c9f9452895fb0f4889d08929,4,Ótimo produto,Recomendo muito este vendedor!,2018-01-06 22:41:18,2018-01-07 22:41:18
d30863f9263048c88610bae5c59accf5,08d2901e3f4848678409e577c5242cb9,5,Ótimo produto,Recomendo muito este vendedor!,2018-02-08 13:41:18,2018-02-09 13:41:18
ed2734d4bbff4bfaaddfdd6647805db1,9d76623f59fe4e49ac1a2ef0ce975926,5,Ótimo produto,Recomendo muito este vendedor!,2018-04-15 12:41:18,2018-04-16 12:41:18
3732e3b580b1488dac58645bbc9c6fd1,c9b762eb73df473cbc76491a87100242,5,Ótimo produto,Recomendo muito este vendedor!,2017-12-17 22:41:18,2017-12-18 22:41:18
35bcb5773dc44cd48fffdc2caacb8813,7c1544ab69dc482f956bb23a480d17e9,3,Atrasou a entrega,Demorou para responder.,2017-12-21 13:41:18,2017-12-22 13:41:18
46b51e173f8846bfb882d298624fe3df,0b56ea131c96439e996c544d2e3a8a9f,4,Ótimo produto,Recomendo muito este vendedor!,2017-12-24 03:41:18,2017-12-25 03:41:18
fd98ce93bf6c4c87a032350d95eae28f,8ceed3645fdf4dd9b8d8ba4e5e802830,4,Ótimo produto,Recomendo muito este vendedor!,2018-07-14 20:02:40,2018-07-15 20:02:40
ed841c43062043a0b37857cda5e5c080,394013d0782046b7a25627554c6b1eca,5,Ótimo produto,Recomendo muito este vendedor!,2018-07-23 17:12:06,2018-07-24 17:12:06
674d24b79e61413cbff480b245a6a51a,ac8c9882387a44a1a55be21d4f0652d6,5,Ótimo produto,Recomendo muito este vendedor!,2018-06-30 01:12:06,2018-07-01 01:12:06
7ca1552698b34f88a35b24d9e5cabb98,a700fc233bc3475187fffcf8170d9ab8,1,Atrasou a entrega,Demorou para responder.,2018-07-05 23:12:06,2018-07-06 23:12:06
81cc8d4963c545c9a93ce6b6c5e3e570,ba78682015a54c5c9bb3339112f533df,4,Ótimo produto,Recomendo muito este vendedor!,2018-06-30 16:12:06,2018-07-01 16:12:06
f96727f6308444ad8a60ef39e51fb145,898ea2e0826a414d87e167ca41650919,5,Ótimo produto,Recomendo muito este vendedor!,2018-06-22 12:12:06,2018-06-23 12:12:06
25bdf8abe45b48e390f4adfbf7cbf315,5583b03791834108be0a802e14367e74,3,Atrasou a entrega,Demorou para responder.,2017-12-04 08:59:52,2017-12-05 08:59:52
f8d73e5b90934ec0b7c6f9a8cf863466,d5a29b459ec5468a9e951dc6f4297494,5,Ótimo produto,Recomendo muito este vendedor!,2017-11-02 23:59:52,2017-11-03 23:59:52
e3819cdc36fe4474b525d211eb4e6dc1,8e38cb4326cd46e8b24070ccffe0cf42,5,Ótimo produto,Recomendo muito este vendedor!,2017-12-16 01:59:52,2017-12-17 01:59:52
5e6331c35dc64f909a25044056a2637a,8bc954985f44413da1643338a096c2a1,3,Atrasou a entrega,Demorou para responder.,2017-11-18 23:59:52,2017-11-19 23:59:52
ac4977b6e4d242ae92c44acf311ee73a,627ba442d24146de8c731fd40d18996d,3,Atrasou a entrega,Demorou para responder.,2017-11-10 02:59:52,2017-11-11 02:59:52
affa188b9fb44b8b840b8effbdad48d7,61e2fb563d214d999aab0928fd9d6c4e,5,Ótimo produto,Recomendo muito este vendedor!,2017-11-20 21:59:52,2017-11-21 21:59:52
f97c035c83fe43edb9fd869337edbd70,5b11969229de4775b37ea37d90024d64,5,Ótimo produto,Recomendo muito este vendedor!,2017-10-28 10:59:52,2017-10-29 10:59:52
2511110fc11f4a90977a5970d9e2a335,d137151a4215484b94e18dd83856e0b8,5,Ótimo produto,Recomendo muito este vendedor!,2017-10-30 08:59:52,2017-10-31 08:59:52
2d2a552c132146238d6c249b0a665083,ce6b30816bad4d1fb0eee13f387d2471,5,Ótimo produto,Recomendo muito este vendedor!,2018-04-09 07:57:49,2018-04-10 07:57:49
7e9348b53d1049b1a0b205cd42a6a932,e66c3edd083041ae97d13bdc6beb4e6b,3,Atrasou a entrega,Demorou para responder.,2018-04-28 22:06:33,2018-04-29 22:06:33
f832c74e51ce4ed6ad071cb9c6d1deac,bd405084ec0241dabe4efe334f64c640,2,Atrasou a entrega,Demorou para responder.,2017-11-19 17:46:01,2017-11-20 17:46:01
91f661c4fd0b4a0a9582b28ae6663a09,a6cd70aff43f4a3ab76acf29beb541d2,4,Ótimo produto,Recomendo muito este vendedor!,2017-10-03 19:46:01,2017-10-04 19:46:01
daecd9a4c716462d8535546986877f26,c98c21096901442dbd8f6e51687b870a,5,Ótimo produto,Recomendo muito este vendedor!,2017-11-04 13:46:01,2017-11-05 13:46:01
7ce02031a6ad46abb00d10cf2034183f,6091a9c881a2468ba3ad3761c0d97e39,5,Ótimo produto,Recomendo muito este vendedor!,2017-09-29 01:46:01,2017-09-30 01:46:01
7681195c3567451da1e32ef35f6cc8cb,491cd99394574acc9f5967ba18de8676,5,Ótimo produto,Recomendo muito este vendedor!,2017-10-01 00:46:01,2017-10-02 00:46:01
05f95f604ab149bc85ec758a234551ef,237eb5cf447740e7a46ec78938e91dd7,1,Atrasou a entrega,Demorou para responder.,2017-12-31 09:46:01,2018-01-01 09:46:01
78daf0d743b54130a96f13f78e8fadd6,8e871d88ae434e0e8d45651a9af6f7cd,4,Ótimo produto,Recomendo muito este vendedor!,2017-10-05 23:46:01,2017-10-06 23:46:01
5f09535523b34d65bbf8f6fec7453bc5,3e59c32425684937ba2dc6f3948041e8,4,Ótimo produto,Recomendo muito este vendedor!,2017-10-06 01:46:01,2017-10-07 01:46:01
3706bfb7a7e9444b9d0303d682d57f94,c6a992a723704ee6a8592f9131c4bc8b,5,Ótimo produto,Recomendo muito este vendedor!,2017-09-30 15:46:01,2017-10-01 15:46:01
e852ffa399c24c0a9b5d07da4883cd2f,324084b2959a42e78253bd985be2e612,1,Atrasou a entrega,Demorou para responder.,2017-10-08 14:46:01,2017-10-09 14:46:01
7de6487218d1438fb1d19e452fa4ee72,18f1219735094d54bcc8f34ec00caeaa,5,Ótimo produto,Recomendo muito este vendedor!,2017-09-27 22:46:01,2017-09-28 22:46:01
3a23045cea8e4480a95680584c2b52e8,15ba5db19eed47249594901a328dc304,5,Ótimo produto,Recomendo muito este vendedor!,2018-03-14 05:34:34,2018-03-15 05:34:34
2f06272e16304723b88aa8a4ce859fed,1d280aaada934d9998e6d0a6e2f15654,2,Atrasou a entrega,Demorou para responder.,2018-04-09 17:34:34,2018-04-10 17:34:34
71009113c6e24ca38ac3a3ea37f2d9df,31214e176c094ed89027ffcf43dc081e,3,Atrasou a entrega,Demorou para responder.,2018-03-19 19:34:34,2018-03-20 19:34:34
91240a19a39d4a2cadd6577c0b255c85,1a7ca5ddc9bf4ae196bf643f4764580c,4,Ótimo produto,Recomendo muito este vendedor!,2018-04-09 18:34:34,2018-04-10 18:34:34
be511b12840d42d4b56e48ba1642e1f5,f49c869a9f6344d8a6f24beab669acbd,3,Atrasou a entrega,Demorou para responder.,2018-03-17 12:34:34,2018-03-18 12:34:34
8078e56a04564f7cb8b4906dc47fc224,ffb7000dc3354036949879b9749c32c0,3,Atrasou a entrega,Demorou para responder.,2018-05-10 14:34:34,2018-05-11 14:34:34
0ca7adbcc9524064931ffd23fbf0a3a0,b9da33987a9d4456ac34f333a9a4bab9,2,Atrasou a entrega,Demorou para responder.,2018-03-09 16:34:34,2018-03-10 16:34:34
c44ac4f9257c436789b7cc27e025810e,e6df5fcab43f433aa7448a94f64e9888,4,Ótimo produto,Recomendo muito este vendedor!,2017-08-18 07:59:49,2017-08-19 07:59:49
43069a53584e44a0995c2680b055dc4a,6919b3de681c441bae34cdc332fa37db,4,Ótimo produto,Recomendo muito este vendedor!,2017-08-17 07:59:49,2017-08-18 07:59:49
1c9d98d8dc87450691cac63f7ab66e38,cfe42ea9b0af4661b91896475669dc93,4,Ótimo produto,Recomendo muito este vendedor!,2017-07-26 06:59:49,2017-07-27 06:59:49
9e224a117ab34147acebe727331a7f17,046f39b31e0e40c8a64ffddaa0abc40b,5,Ótimo produto,Recomendo muito este vendedor!,2017-07-30 10:59:49,2017-07-31 10:59:49
e8396e51b9ff408dabb0be5cba6f63f5,73891265c0d849558a9354699d905f23,5,Ótimo produto,Recomendo muito este vendedor!,2017-10-13 07:59:49,2017-10-14 07:59:49
9ae6bc64d31c4b2ca9265d9c4312ccbd,2aac893e770b4f8ca702222a126a4c00,2,Atrasou a entrega,Demorou para responder.,2017-07-28 08:59:49,2017-07-29 08:59:49
19865a154b6b4bc08b506c8470e36499,0b478f8d5c61426cb06d3690a34a2beb,5,Ótimo produto,Recomendo muito este vendedor!,2017-08-06 02:59:49,2017-08-07 02:59:49
e536f086c16343a3a7df8ab593f49533,5dd3b5e4460b4612b72565359e04c09a,4,Ótimo produto,Recomendo muito este vendedor!,2017-09-03 09:59:49,2017-09-04 09:59:49
139c6006890e4828b20aa159feba46c0,b277c439c2a9469ea53b2d9a01445a02,5,Ótimo produto,Recomendo muito este vendedor!,2017-07-26 01:59:49,2017-07-27 01:59:49
f53e5a16b73945d98d64480e1cb61561,d96377b3fde54d038e34e12028d1d8ad,5,Ótimo produto,Recomendo muito este vendedor!,2017-07-28 15:59:49,2017-07-29 15:59:49
04dccc75e99a4106a8f1c97808d6f38e,e1bf8a346ec7461db42d2b0023c45814,4,Ótimo produto,Recomendo muito este vendedor!,2017-08-21 10:59:49,2017-08-22 10:59:49
8093b040f8b54397a75b45b54b318cf1,145cd2bb41a24c2ba587d8d28be2f2ad,4,Ótimo produto,Recomendo muito este vendedor!,2017-09-29 12:30:36,2017-09-30 12:30:36
05f3a4032f094ee8a538e0e30e6758e7,30671027a1a4448396ff01b56d30e2a5,5,Ótimo produto,Recomendo muito este vendedor!,2017-10-11 14:30:36,2017-10-12 14:30:36
180a323c77bc4074ba12a6794675e4bc,861b04d05861409d8cd7ea80d8431a7c,5,Ótimo produto,Recomendo muito este vendedor!,2017-09-21 15:30:36,2017-09-22 15:30:36
ef216c4c737b4b8c90d9441d039cb40f,870a0d1fb2d348f59146cae2db8e6f17,5,Ótimo produto,Recomendo muito este vendedor!,2017-09-11 00:30:36,2017-09-12 00:30:36
fda38146be64429e8cbe174133f50bb9,2f50ede0aab14ac59f5d592a63935f15,3,Atrasou a entrega,Demorou para responder.,2018-06-18 11:44:27,2018-06-19 11:44:27
745249f55e7b46e09393cc75a7fa77e5,b24a548b127f4dffb6c9f3b902e6b197,4,Ótimo produto,Recomendo muito este vendedor!,2018-06-22 18:44:27,2018-06-23 18:44:27
ecf7873029904a8db70b386d23fade83,0703f8e7553a4832b2bd0208e7402585,1,Atrasou a entrega,Demorou para responder.,2018-06-11 20:44:27,2018-06-12 20:44:27
f0660e58dc414e2a903fb8cd4a9804e4,5d29590508934c3fb6db29132bba1271,1,Atrasou a entrega,Demorou para responder.,2018-04-15 13:09:08,2018-04-16 13:09:08
f89989fa36e8499c9fb97d6039a329f7,bd4a04d9efab4c3d82f1f8544f6d9eeb,1,Atrasou a entrega,Demorou para responder.,2018-05-17 00:06:32,2018-05-18 00:06:32
7075c8408e724fc5a158d98de7f216cd,deef47a890a14385bf964db176fc4e5f,2,Atrasou a entrega,Demorou para responder.,2018-05-21 10:06:32,2018-05-22 10:06:32
facd1624f16b4c609c2f4450d7448360,6b04470ccf864842b7150f6132eff93a,5,Ótimo produto,Recomendo muito este vendedor!,2018-06-17 01:06:32,2018-06-18 01:06:32
bf44bd37fa8c40bd9a9afd3976e29dbc,f3eb324098a240858a358993c82765dc,5,Ótimo produto,Recomendo muito este vendedor!,2018-05-16 19:06:32,2018-05-17 19:06:32
1e3b8a6b978445d19f2ca673c884bd65,5ea680db16c14300bebcddd7d8b2450c,4,Ótimo produto,Recomendo muito este vendedor!,2018-05-28 07:06:32,2018-05-29 07:06:32
8742c897633e4067869562e366566702,10ffe0851d0c40b0aa22694a42909e97,5,Ótimo produto,Recomendo muito este vendedor!,2017-10-19 12:25:40,2017-10-20 12:25:40
a613be78bd0c4988b8d557fd741166d6,a84937381b014611be23e5dfa2f5eadb,5,Ótimo produto,Recomendo muito este vendedor!,2017-12-06 21:25:40,2017-12-07 21:25:40
e178901a51594d65a0585d5f4f85a085,178bafb323a44194bf6d082f3ea25535,5,Ótimo produto,Recomendo muito este vendedor!,2017-08-28 07:25:40,2017-08-29 07:25:40
524f333841514606bb1d720a693f0446,ac7ca8d5941f491b9697109e71954d3c,4,Ótimo produto,Recomendo muito este vendedor!,2017-09-28 00:11:59,2017-09-29 00:11:59
f3c31953524d4baaa516d36f72d23382,0407d7465062410a9f93cc2869257933,5,Ótimo produto,Recomendo muito este vendedor!,2017-09-27 10:11:59,2017-09-28 10:11:59
539eff22d61246a48342119b5514686c,09c0a10d80c2454ab4eedbf4c45a609b,5,Ótimo produto,Recomendo muito este vendedor!,2017-09-17 14:11:59,2017-09-18 14:11:59
7e80b2f19d2d4424b15af6f8e5b20c0a,ae80b1c5e5ef4829a3ed81cd84da9187,3,Atrasou a entrega,Demorou para responder.,2018-05-18 08:30:28,2018-05-19 08:30:28
02437b13465c489d88e9266e4d9e05e0,cb2cc4e4c382403486777ef988724021,4,Ótimo produto,Recomendo muito este vendedor!,2018-04-27 05:30:28,2018-04-28 05:30:28
66e735e340864cd6b28177224a0dea90,b2ca148337b8495baf0bddb9ae628e32,5,Ótimo produto,Recomendo muito este vendedor!,2018-04-21 15:30:28,2018-04-22 15:30:28
e50edfc1411d4e9daea3c45eeb6d5e7a,0210d342192b4fa5897afc3a8ef8f021,2,Atrasou a entrega,Demorou para responder.,2018-04-14 12:30:28,2018-04-15 12:30:28
d057869cb084491aa3bb6f07ff5e6467,1df0d5ae60924f4fa7f2198a7a2e6963,5,Ótimo produto,Recomendo muito este vendedor!,2018-04-21 23:30:28,2018-04-22 23:30:28
c1d8cc1740ae47a49b293e6e22baa7f3,a9b260b00ae44d889e1e128276da9f3c,3,Atrasou a entrega,Demorou para responder.,2018-07-21 01:34:48,2018-07-22 01:34:48
0c76b1fddd2b4706bee2489922d56fcc,df78a1cd50a444d1a73fa50075250fb1,5,Ótimo produto,Recomendo muito este vendedor!,2018-07-20 19:34:48,2018-07-21 19:34:48
fcc692349f514e02bff274b985b602e1,2f1edae2c4c14a83a93200971cc28185,5,Ótimo produto,Recomendo muito este vendedor!,2018-09-21 16:34:48,2018-09-22 16:34:48
138bcbf951ad4dd7b473974e02b70b77,73fcd56412864b42a3e8fa90656cb512,2,Atrasou a entrega,Demorou para responder.,2018-07-26 04:34:48,2018-07-27 04:34:48
ccd66683a8a5450ea9a70b8a36f94918,19dfd6c675cb4d309809b8ecaa1b95f2,5,Ótimo produto,Recomendo muito este vendedor!,2018-07-30 06:34:48,2018-07-31 06:34:48
47b2b8445a6742f8908aaf55e0957aed,0336055dc6c94e4bae1306efe2dce5d3,5,Ótimo produto,Recomendo muito este vendedor!,2018-08-08 06:34:48,2018-08-09 06:34:48
1845dd6c669e48528c86f4504bb38f67,e73b1e65a2ac4603a443eb971356ff15,5,Ótimo produto,Recomendo muito este vendedor!,2018-08-04 23:34:48,2018-08-05 23:34:48
5b6e769489a84e18b097df73df129b81,3da7f43e615f48ce8851c75cc7f55f9f,5,Ótimo produto,Recomendo muito este vendedor!,2018-07-21 20:34:48,2018-07-22 20:34:48
22807b190a6043deb917fc9aed7d6388,63a603473cf344e19f5c1561e5018e3c,2,Atrasou a entrega,Demorou para responder.,2018-07-24 23:34:48,2018-07-25 23:34:48
9c2a8461bfb94398b13164698aec61e1,7d3390490dcb45d0ba93f5fb9f4118c1,4,Ótimo produto,Recomendo muito este vendedor!,2018-07-22 06:34:48,2018-07-23 06:34:48
490bbd486344467b8e7135b9813af75f,c96b11e541b04830beebb154ab5ddfee,4,Ótimo produto,Recomendo muito este vendedor!,2018-08-14 03:34:48,2018-08-15 03:34:48
4125db7e2c9a4a61bc13d4b563185ebd,6c3ec30e427145a4b2a69c7b67f362f7,5,Ótimo produto,Recomendo muito este vendedor!,2018-08-08 07:34:48,2018-08-09 07:34:48
feb50c8fcce74eb7ba962b25b264d4a0,6b4d58f252d44b6388c6213aa19d73a6,5,Ótimo produto,Recomendo muito este vendedor!,2018-07-24 05:34:48,2018-07-25 05:34:48
12a9acbe59154c13a6e7ed3128991ae9,5fa72a7c38414180ab1dc839c26c0863,5,Ótimo produto,Recomendo muito este vendedor!,2018-07-23 19:34:48,2018-07-24 19:34:48
06d74d1b8fa84ff8ab51cb0c5ee92564,5f03175d6d934b4dae871bdeec172b28,5,Ótimo produto,Recomendo muito este vendedor!,2018-08-08 06:34:48,2018-08-09 06:34:48
3c87fd2a17ca455a997bf0cff8234626,e57a5b2ae30d456897747186172f5418,5,Ótimo produto,Recomendo muito este vendedor!,2018-08-20 10:34:48,2018-08-21 10:34:48
b3dafa1cc5d34593b6a655ea6b7ef7e1,53bb21cc8b9e41dba9f43928bb1a31a9,5,Ótimo produto,Recomendo muito este vendedor!,2018-08-25 10:34:48,2018-08-26 10:34:48
7f4009f1fd344b668ebf07963fdb816a,46aeda7f4d314bb99e50af5bde019806,5,Ótimo produto,Recomendo muito este vendedor!,2018-07-25 09:34:48,2018-07-26 09:34:48
d43d26b494bc40dda99c5894334a8b38,9312fa7a32a040248ce2e3a596968905,4,Ótimo produto,Recomendo muito este vendedor!,2018-07-21 08:34:48,2018-07-22 08:34:48
e4fdea9150e44591a5272511468cca92,a74fbc80a8144fffbbec3cc43c2058f9,3,Atrasou a entrega,Demorou para responder.,2018-08-21 17:34:48,2018-08-22 17:34:48
6693106dfa324613b72a4f1308f52f8c,413b88fe547d4421af1dcce428324a37,5,Ótimo produto,Recomendo muito este vendedor!,2018-09-15 17:34:48,2018-09-16 17:34:48
690c2fe9ac8c44b7871ea5922770495a,2cfc78ff76f843fc95f80da5a439a601,5,Ótimo produto,Recomendo muito este vendedor!,2018-07-30 07:34:48,2018-07-31 07:34:48
8fc94a7939c74c5f94afc2a9e2804e92,7b4d96db0fb2443daeb181f1500a0ade,5,Ótimo produto,Recomendo muito este vendedor!,2018-08-19 19:34:48,2018-08-20 19:34:48
1aaddfc668db48b79ecf22434e18c6d6,2dfc2975bec54e528a9f083f2b68e127,4,Ótimo produto,Recomendo muito este vendedor!,2018-07-27 06:34:48,2018-07-28 06:34:48
1f3e735fc9a94167b48ea48d9980eab4,5bf4c926a9a845d08e560b440998898f,4,Ótimo produto,Recomendo muito este vendedor!,2018-07-24 07:34:48,2018-07-25 07:34:48
9199474c526c4a58848950277a24122a,4f6a9dd3936542a99df87f9cb24f7348,5,Ótimo produto,Recomendo muito este vendedor!,2018-07-28 17:34:48,2018-07-29 17:34:48
2cf3b59ab28e412d9dd4e13f5f31d7eb,becee4f813bc4a5890cc9e969d87b0c6,5,Ótimo produto,Recomendo muito este vendedor!,2018-07-29 00:34:48,2018-07-30 00:34:48
6c065b52a09b44529ef3258fd1d71932,ad518100ea4a4d1cb2d2fb909f115b25,2,Atrasou a entrega,Demorou para responder.,2018-08-28 22:34:48,2018-08-29 22:34:48
2261790efd1e4a088d0607e591e3d8df,26823793fc714e24bb76fa75fa080932,5,Ótimo produto,Recomendo muito este vendedor!,2018-07-25 01:34:48,2018-07-26 01:34:48
2ef7815b025043978c8f32f5f9f016d5,d983f8acf1b54d4ba27a180d67e2557a,5,Ótimo produto,Recomendo muito este vendedor!,2017-11-23 16:57:04,2017-11-24 16:57:04
eb6d14c66e2c4865ba245409682dccdd,8f51c04a23894ca6838095e685ec1a5c,5,Ótimo produto,Recomendo muito este vendedor!,2017-11-26 17:57:04,2017-11-27 17:57:04
18730b4422f948879218d732febc655a,19c9c88c4e164049a221e71419550a45,5,Ótimo produto,Recomendo muito este vendedor!,2017-12-12 03:57:04,2017-12-13 03:57:04
828b8cd8b77f46a69dbbcf755a230259,18c9b118923446edac156f08f493303b,4,Ótimo produto,Recomendo muito este vendedor!,2017-11-26 16:57:04,2017-11-27 16:57:04
55047fb8adf94727a4b0e7e097c36e57,b933d77c0b85436a808ba97f9696d268,5,Ótimo produto,Recomendo muito este vendedor!,2017-12-11 13:57:04,2017-12-12 13:57:04
fdd396dc452d40ef9fc1cf7479af289c,e47858960edf4a8da27692f0f4297e9b,4,Ótimo produto,Recomendo muito este vendedor!,2017-11-28 21:57:04,2017-11-29 21:57:04
97fab2b90b524da792fe8084cfd9997e,2e1aff510377453ebd9dfcc56ad2d45b,5,Ótimo produto,Recomendo muito este vendedor!,2017-11-22 16:57:04,2017-11-23 16:57:04
599fe6236e394e3fb0c92acaacc6a77c,969b3ec8c9124fdfbd0ead6090392e8b,5,Ótimo produto,Recomendo muito este vendedor!,2017-11-24 09:57:04,2017-11-25 09:57:04
83766d810e0844d59fb1ead46eb4e9b1,31c19a987ea84a9694fc19d63aebe670,1,Atrasou a entrega,Demorou para responder.,2017-12-23 08:57:04,2017-12-24 08:57:04
4493a0dbe8304fd69d1c49d59bc7a9f1,79a80ff89c4e4c1ca6619c175af28566,5,Ótimo produto,Recomendo muito este vendedor!,2017-11-26 13:57:04,2017-11-27 13:57:04
b9f4cd69bbf24e63b689c1e4e3db4d8f,2498c83d6ca74044bec0dd809c0863b0,5,Ótimo produto,Recomendo muito este vendedor!,2017-08-19 11:48:02,2017-08-20 11:48:02
c192c0b0657648b3b74f25df58b1721e,34928da238d34748b29a1ab1499a68b1,5,Ótimo produto,Recomendo muito este vendedor!,2017-08-29 15:48:02,2017-08-30 15:48:02
00d2509b681040e9bd67b7c0bf13082e,66a97b5a47b841b2961a050218ac2740,4,Ótimo produto,Recomendo muito este vendedor!,2017-08-21 01:48:02,2017-08-22 01:48:02
923b8a900be1456280d709bfe662154f,60bae93f8f1f4113bfa9cfe5ca867b2e,5,Ótimo produto,Recomendo muito este vendedor!,2017-12-05 08:22:11,2017-12-06 08:22:11
99aed5b9be1d4e6380d0eaa6b2f37f33,1e5932b2fce24e3785fb36416d71d374,4,Ótimo produto,Recomendo muito este vendedor!,2017-12-02 20:22:11,2017-12-03 20:22:11
a1899ec304f644269589fe661c4efa83,9cfe4ff40810405da58d1da779a9f078,5,Ótimo produto,Recomendo muito este vendedor!,2017-12-13 22:22:11,2017-12-14 22:22:11
9ad4db189bf84ff99c318d46f4a880df,142417aa527e437db871f7643aedaa42,5,Ótimo produto,Recomendo muito este vendedor!,2018-01-09 23:22:11,2018-01-10 23:22:11
f0932aa03632478aa0762bc1bfd71b57,9b175be058584f2a90bb73d79abaae15,5,Ótimo produto,Recomendo muito este vendedor!,2018-01-10 00:22:11,2018-01-11 00:22:11
d9604ec198a541669a668b1ac2f1eb4e,1ea25cca263c4295bed07e0156b98ae0,4,Ótimo produto,Recomendo muito este vendedor!,2017-11-29 19:22:11,2017-11-30 19:22:11
e1de25a209944be9a3c7dd35e25ffcb4,fd6396e5b12f444a804b6aedfa96417e,1,Atrasou a entrega,Demorou para responder.,2018-04-19 19:47:08,2018-04-20 19:47:08
d892050d2d854848930b821b1286cdc4,b479cb60682a401e8f79c7fc3c111099,4,Ótimo produto,Recomendo muito este vendedor!,2018-01-15 07:30:13,2018-01-16 07:30:13
22bff6aa2d7e481bb90a993a10bc4671,5c147342ce474e4e9352d53391ae067c,5,Ótimo produto,Recomendo muito este vendedor!,2018-07-02 18:25:42,2018-07-03 18:25:42
4a7402b54a7a4cfb9dcb4633f9b00911,6b7e89c5f9794682a30982e179b9d8ad,5,Ótimo produto,Recomendo muito este vendedor!,2018-06-19 20:25:42,2018-06-20 20:25:42
fc054ca821d740d0b2bea40ee908c9fb,76fe712012f64ebaaab0e853703b1d29,3,Atrasou a entrega,Demorou para responder.,2018-07-06 04:25:42,2018-07-07 04:25:42
22a4fa17de21415984912db6f3e94f67,93140b242eae4ee9a28a4e973089b9be,5,Ótimo produto,Recomendo muito este vendedor!,2018-06-16 17:25:42,2018-06-17 17:25:42
17d481b9565d4b028f23a21e7d5d0782,a90375c37e064a8fb85644b3b0be5b87,4,Ótimo produto,Recomendo muito este vendedor!,2018-06-26 13:25:42,2018-06-27 13:25:42
e18350fb9ad6451b9c957b613a7d91ba,b3357bd3efcd425789a4b175dc2de580,5,Ótimo produto,Recomendo muito este vendedor!,2018-07-06 21:25:42,2018-07-07 21:25:42
4de37f35ed9041388ae4dc3cffc6caaa,6aabfba2636448af81e558a6353aaee7,4,Ótimo produto,Recomendo muito este vendedor!,2018-06-24 10:25:42,2018-06-25 10:25:42
9a320c8164534c31a29a86e658aba1c3,b34dfd330e314b398eb3a8bf929f05b3,4,Ótimo produto,Recomendo muito este vendedor!,2018-06-20 06:25:42,2018-06-21 06:25:42
c2d9f9b9c830414b8190770a7a21a166,4df3d563199a4e02812b7d69f0aba041,5,Ótimo produto,Recomendo muito este vendedor!,2018-07-18 21:25:42,2018-07-19 21:25:42
8155cb5e1ac34c20a6c10f061cd01ce8,d5af8aa4f5374995a30366689d68e5f8,5,Ótimo produto,Recomendo muito este vendedor!,2018-06-21 13:25:42,2018-06-22 13:25:42
0913184b4d36414da5c851ecd218b448,7761c6576ca14be28a220a73226d5513,5,Ótimo produto,Recomendo muito este vendedor!,2018-05-24 00:39:33,2018-05-25 00:39:33
86300d91892a444db20e76f3f093b4b6,099feaac5c704585af0625fcfcbc2977,3,Atrasou a entrega,Demorou para responder.,2018-05-17 05:39:33,2018-05-18 05:39:33
e99be1b3cb454626a14054d3198e151e,22bc5c19f3354fee92b8851a0942c36c,4,Ótimo produto,Recomendo muito este vendedor!,2018-04-15 00:33:20,2018-04-16 00:33:20
0ef94da3d027485788c3ed1f6f8b0c0e,b07aa8338854402c9c21909f3a3af17e,2,Atrasou a entrega,Demorou para responder.,2018-02-14 17:40:32,2018-02-15 17:40:32
296e7eb8fba543c892ad60c72fb4ce25,44596ef294054a6c99126b36b019cbe0,5,Ótimo produto,Recomendo muito este vendedor!,2018-02-04 13:40:32,2018-02-05 13:40:32
e8b182dd1e8a475899e9ff9325826273,85f583a662714e79a6b99463d3fd525e,5,Ótimo produto,Recomendo muito este vendedor!,2018-02-15 22:40:32,2018-02-16 22:40:32
4dd4e23ae2f9493dba39886a19e4f02d,64ac81d05a7147e59398f1a2d2f37ff8,4,Ótimo produto,Recomendo muito este vendedor!,2018-02-04 13:40:32,2018-02-05 13:40:32
31cbe944c8e14f9eb356d07fda4235f4,d48b53e170d34bd1a01c0e670149fce9,5,Ótimo produto,Recomendo muito este vendedor!,2018-02-14 22:40:32,2018-02-15 22:40:32
a8c9eaec9ca145a78ad780bcfd198743,3a4efbfdb7b24134a7edfe8cbe3dc1f7,5,Ótimo produto,Recomendo muito este vendedor!,2018-02-04 18:40:32,2018-02-05 18:40:32
7902d70cf10744d7a82b742936a77f6c,5a4ed9aac94649959042de02ce5d96fc,3,Atrasou a entrega,Demorou para responder.,2018-02-03 13:40:32,2018-02-04 13:40:32
fae2860a25e34f039b20a253d9eb8933,1078a84f445c4b62b536c1ecde60ed32,4,Ótimo produto,Recomendo muito este vendedor!,2018-02-21 03:40:32,2018-02-22 03:40:32
3a02ba59ca6c4555a45c2d3fb8aafc98,8c095e1f421045c1a44863bc0e42153f,5,Ótimo produto,Recomendo muito este vendedor!,2018-02-28 23:40:32,2018-03-01 23:40:32
531158dee5f64fd59fc54257cbbb7427,d9643893c2de4acba29c552af7bff48d,2,Atrasou a entrega,Demorou para responder.,2018-07-03 21:49:43,2018-07-04 21:49:43
722c7ecaa9c04d4e91301ebbe9834e73,14214531cdb4406b8b1a63286e5f7bc3,5,Ótimo produto,Recomendo muito este vendedor!,2018-04-25 03:49:43,2018-04-26 03:49:43
d7bfd4119e3f4ae8930ea95bbe9617f0,92d957baa9034f2b83d1e881fab49fd7,5,Ótimo produto,Recomendo muito este vendedor!,2018-04-09 03:49:43,2018-04-10 03:49:43
e2b34f0d941a4627b967d942d6ffab05,74a869c2cb1b4077bb3f63af60595f7f,5,Ótimo produto,Recomendo muito este vendedor!,2018-01-14 21:44:14,2018-01-15 21:44:14
c975b615524f40e385715b773ae17d39,2e0d5fbb04254f0f99a2fad5bbb137e3,1,Atrasou a entrega,Demorou para responder.,2018-03-18 21:44:14,2018-03-19 21:44:14
367d78581eec43ebb37ae04b753cba11,7467571d4edd45c9973056230661ea92,5,Ótimo produto,Recomendo muito este vendedor!,2017-12-30 00:44:14,2017-12-31 00:44:14
eaac4c9a468a4632a785551858339848,86416b4b38ec461d9798a2a9c4fb756a,5,Ótimo produto,Recomendo muito este vendedor!,2017-12-29 07:44:14,2017-12-30 07:44:14
09bca5e84f6e496c8ce4dc8d2c9695cc,ff82a997790c4eeb9d9caf652dad847f,4,Ótimo produto,Recomendo muito este vendedor!,2017-12-31 20:44:14,2018-01-01 20:44:14
f36d77c7c4414275a574c49c9ba019ac,07ba0d935a0b4465b1853e9cf3e14c13,5,Ótimo produto,Recomendo muito este vendedor!,2018-02-14 23:44:14,2018-02-15 23:44:14
f04c8d5dcf49414d9b29468bd078bd34,2f452f6eb9ca427b93e9b0172838ae9a,3,Atrasou a entrega,Demorou para responder.,2018-01-01 08:44:14,2018-01-02 08:44:14
2ff140806e4d4ec29495d5d9d84e6965,7085cc2b5e8c408797928bc50ad2d5b5,5,Ótimo produto,Recomendo muito este vendedor!,2018-01-13 02:44:14,2018-01-14 02:44:14
e80f5d819edb419aa837d835576ce458,7e61169cf0ed424bb779522cc10b90e4,5,Ótimo produto,Recomendo muito este vendedor!,2018-01-11 03:44:14,2018-01-12 03:44:14
7f04db594180483a8bebe7e9501a14be,f0843e0a51f04f7bb80d410b28e7901a,2,Atrasou a entrega,Demorou para responder.,2017-12-30 18:44:14,2017-12-31 18:44:14
066d1777f7554177b8766db396835e94,cc2e77adaa5e4cfb8b76e8a58aa92936,5,Ótimo produto,Recomendo muito este vendedor!,2018-01-03 20:44:14,2018-01-04 20:44:14
b3a3de24644d4effa77a2a0e316add17,88c4324142f947aba5e13bb0fc13e2a3,5,Ótimo produto,Recomendo muito este vendedor!,2018-01-05 06:44:14,2018-01-06 06:44:14
5b29a4790b7c4bd7839554bb0c0b9bf7,2e201b9d23404b28ba7b3bd663e2e72b,4,Ótimo produto,Recomendo muito este vendedor!,2018-01-11 08:44:14,2018-01-12 08:44:14
220288020d244ec1b16f690ac0bc095c,dcad4c7e76514d019f92374bccbf3ef5,5,Ótimo produto,Recomendo muito este vendedor!,2018-01-17 20:44:14,2018-01-18 20:44:14
af081b08fc3d4bedab14971519444254,78df285603da417584c527e120572443,5,Ótimo produto,Recomendo muito este vendedor!,2018-01-17 09:44:14,2018-01-18 09:44:14
6fd3907b719b4db0b7c3979407fb88ca,d185c2bea9414ce68082c92657480ad1,5,Ótimo produto,Recomendo muito este vendedor!,2018-03-20 15:44:14,2018-03-21 15:44:14
e77d59365c9749d0b973d2a67e75db84,532428d17312441fa1cf95609f741f11,4,Ótimo produto,Recomendo muito este vendedor!,2018-01-18 02:44:14,2018-01-19 02:44:14
a66650669bad4531a160939ba0089c7e,73889f90177142cf9fca18d550961ffc,5,Ótimo produto,Recomendo muito este vendedor!,2018-02-01 16:44:14,2018-02-02 16:44:14
67be8952519041a18352b25c7e0fbd79,e7b0bf1e1c994aad8ed47ad3c63c24a1,1,Atrasou a entrega,Demorou para responder.,2018-01-12 17:44:14,2018-01-13 17:44:14
ec9650aff23e470084e8caf95948b208,d4e68bd035a149f5a2f2c31a77aa7c24,4,Ótimo produto,Recomendo muito este vendedor!,2018-01-10 03:44:14,2018-01-11 03:44:14
6d1e0a4b7ad2492d9a58feace7326e90,b0db934d888549538efae6de081af92a,1,Atrasou a entrega,Demorou para responder.,2017-10-18 07:56:24,2017-10-19 07:56:24
c48628eab47d4ccdbdbb105c8bf63d47,53a5187afdef484c810ca55ef4fc9aa2,5,Ótimo produto,Recomendo muito este vendedor!,2017-11-05 14:56:24,2017-11-06 14:56:24
d495b6653bfd4ef1a03b52ac5b7629b4,32d5226268504d749ce25993ad50b2f2,3,Atrasou a entrega,Demorou para responder.,2017-10-08 02:56:58,2017-10-09 02:56:58
a4f13cedede448628b747238d16eab4f,07fca0aad69441cea1a17e07f300cd7b,5,Ótimo produto,Recomendo muito este vendedor!,2017-10-03 02:56:58,2017-10-04 02:56:58
c5fd66c9cd664e13b21ca504ef8314a8,9fcc55017da94a05b61f71611f3c736f,5,Ótimo produto,Recomendo muito este vendedor!,2017-10-07 18:56:58,2017-10-08 18:56:58
5490fd3ad89d4d1fb18d672f609339a8,648041ae88e446bd902587234156b481,4,Ótimo produto,Recomendo muito este vendedor!,2017-09-30 05:56:58,2017-10-01 05:56:58
dbdb5eb4ab3c413db87afa9e396f1e35,7e3ef4e0795b48478631bbb2c9cfa06b,4,Ótimo produto,Recomendo muito este vendedor!,2017-10-15 06:56:58,2017-10-16 06:56:58
5366304b34574249b2c8f509722f3fb7,fd00a303d82149759d3f309848afd01a,3,Atrasou a entrega,Demorou para responder.,2017-10-22 21:56:58,2017-10-23 21:56:58
cca474535b5a46819063137b9880b128,f1e84e605f3f4ba0866f242235228fa4,4,Ótimo produto,Recomendo muito este vendedor!,2017-10-02 22:56:58,2017-10-03 22:56:58
1f04a544feae4d1995fbef672bb5ca3e,775d2d5ea2e24f9a9b2e4195b7d93ac7,2,Atrasou a entrega,Demorou para responder.,2018-06-29 02:22:41,2018-06-30 02:22:41
e92b28162bdf4ba687d79d825a9203b8,93ade066d1914c5dba2f2d3864ea16b4,4,Ótimo produto,Recomendo muito este vendedor!,2018-07-17 14:22:41,2018-07-18 14:22:41
5461c55403d145f9aaec1dad76c2b04c,cc868a95a69448018f16327ee7f14852,5,Ótimo produto,Recomendo muito este vendedor!,2018-06-25 03:22:41,2018-06-26 03:22:41
5cff818001904c9aa8e219b6975901fd,00ae439b0f174dfba65fb3bf662b546c,4,Ótimo produto,Recomendo muito este vendedor!,2018-06-22 11:22:41,2018-06-23 11:22:41
d0d3ea8706294ccd932512469c111d89,f8dd546c55aa421aaffa22d1bd11587e,5,Ótimo produto,Recomendo muito este vendedor!,2018-06-23 01:22:41,2018-06-24 01:22:41
82e2dc5827e242eb8a5f0f15b6d44801,d85852c53d3646ac969e3fad415855df,4,Ótimo produto,Recomendo muito este vendedor!,2018-08-20 16:22:41,2018-08-21 16:22:41
d745c4a76de34d4c999299b7292eed6f,bf74b8075e4b41ceb18667a9eb6f43fa,5,Ótimo produto,Recomendo muito este vendedor!,2018-07-04 04:22:41,2018-07-05 04:22:41
71bc1eafaa5041009ad522a2a576452c,4e76818eb12e4bf798e4e73c9fc3b57b,5,Ótimo produto,Recomendo muito este vendedor!,2018-06-22 16:22:41,2018-06-23 16:22:41
573772cb7a3b4005aae281c8591969d5,33257db948844bc0ba9c60ee4563d01e,5,Ótimo produto,Recomendo muito este vendedor!,2018-07-19 04:22:41,2018-07-20 04:22:41
5646bb49a08f4baf883f8f46048a537f,42d7a3fa7ea84efab1e83e67c2d99f7c,5,Ótimo produto,Recomendo muito este vendedor!,2018-06-23 13:22:41,2018-06-24 13:22:41
e8f8afdd75034a00b588162d706ceb5b,f00afdabeb2748c9bae8ba5c7f6bccc6,5,Ótimo produto,Recomendo muito este vendedor!,2018-06-22 01:22:41,2018-06-23 01:22:41
22bf654a58d745fcaf0bf52a84a9bb2a,6ad69ec4324d444a841e48d0a5a55291,5,Ótimo produto,Recomendo muito este vendedor!,2018-06-24 02:22:41,2018-06-25 02:22:41
bdfdddbd039d4f0a81c606d8d3e09c32,d72b2940243648ff8324acb3cf2e9805,5,Ótimo produto,Recomendo muito este vendedor!,2018-07-01 14:22:41,2018-07-02 14:22:41
9420569c536d46cdb54c250ea32a27de,3e3722324aa040cc91c2ea60dc6d2efa,4,Ótimo produto,Recomendo muito este vendedor!,2017-11-27 09:56:17,2017-11-28 09:56:17
59c4318de17043d497b88f6726de0ffd,378bd8f2b331499c80c5fbc0e63def8d,2,Atrasou a entrega,Demorou para responder.,2017-10-27 17:56:17,2017-10-28 17:56:17
62c1198adfdb43b98e9bf6ad08b4fbd2,d65569191039427a97f3f9edaf0b5f9e,5,Ótimo produto,Recomendo muito este vendedor!,2017-11-08 10:56:17,2017-11-09 10:56:17
2e83b6980ccb42fb98eca52befbedf97,34b988f736694922adbb38335ddaf119,2,Atrasou a entrega,Demorou para responder.,2017-11-02 01:56:17,2017-11-03 01:56:17
fa7cc83ab46b4ea88d7403a1f69cb950,b05873a4f1654747bff7f70affa764fe,2,Atrasou a entrega,Demorou para responder.,2017-10-28 05:54:17,2017-10-29 05:54:17
95e1e9cda5ce4354b811d36f019f5a12,7b556d027dba4869b6ab75b2ce194d7b,5,Ótimo produto,Recomendo muito este vendedor!,2017-10-27 13:54:17,2017-10-28 13:54:17
402efb517933477fb5fcfcb8590e59f2,b86991fbde93482eaf8eb5fcddb4c5fe,5,Ótimo produto,Recomendo muito este vendedor!,2017-11-14 20:54:17,2017-11-15 20:54:17
8881bfb8e7c64365b449f718c4b9c8f6,409c25692d48483aa45779d64370e0f8,4,Ótimo produto,Recomendo muito este vendedor!,2017-10-29 21:54:17,2017-10-30 21:54:17
aaaaadd410f34cdeb61aeac393d5f2bf,e71c234be4ee41d9aab38e1f37d26322,4,Ótimo produto,Recomendo muito este vendedor!,2017-08-28 14:29:03,2017-08-29 14:29:03
cbaaf075e07845e182936ef9c214b36b,4fc0f68a710b4acab660c75c50ee043c,5,Ótimo produto,Recomendo muito este vendedor!,2017-08-21 06:29:03,2017-08-22 06:29:03
f6b7b280607f45a384a95a611e404c26,77204dfb55b24932a2eeb3a35ccb2b7a,5,Ótimo produto,Recomendo muito este vendedor!,2017-08-23 23:29:03,2017-08-24 23:29:03
71174fad4ba1459dbf5c5d2c63f9f962,8be3dea6c8e642dd8173e51a2584ecb1,5,Ótimo produto,Recomendo muito este vendedor!,2017-09-09 22:29:03,2017-09-10 22:29:03
587bd9d6820d483698e9e7e3233d8fb2,403f01a53f284dc99d865cf29e447f8d,4,Ótimo produto,Recomendo muito este vendedor!,2018-03-06 21:15:32,2018-03-07 21:15:32
b901b13cfbef4870868335f5454b5add,203dfba816d1417b8a1e03ac363da420,4,Ótimo produto,Recomendo muito este vendedor!,2017-09-13 13:55:55,2017-09-14 13:55:55
7d747f1e4bea4857b386db744ee6711f,3b532a03cf6f4541bf08798cccb4704f,3,Atrasou a entrega,Demorou para responder.,2017-09-21 14:55:55,2017-09-22 14:55:55
f711da88140146ca97c1e1c5785376ff,4f1220a8710a4200ad4ee015a76931e7,5,Ótimo produto,Recomendo muito este vendedor!,2017-07-30 05:23:04,2017-07-31 05:23:04
cc88ae54a0304b3d93f5e72d205dfd29,3291ab1a87f14d5d9c8385ee0689c246,4,Ótimo produto,Recomendo muito este vendedor!,2017-07-23 21:23:04,2017-07-24 21:23:04
c61cd319f34047cb8f16184766eb7d74,c6f1755c9eb5413c88cb7653cc84248a,5,Ótimo produto,Recomendo muito este vendedor!,2017-07-30 20:23:04,2017-07-31 20:23:04
5a964fa1a2094762ad2cdaf71359bd49,3b9f36d8158c4dd5877a503dc01a6290,2,Atrasou a entrega,Demorou para responder.,2017-10-13 01:23:04,2017-10-14 01:23:04
18e3772f5bba48738ea333ba1e78ed05,0d80286362f14a72be93a8d43278d606,5,Ótimo produto,Recomendo muito este vendedor!,2017-08-12 20:23:04,2017-08-13 20:23:04
7a1e6bae657746b3957fd7116a677e6c,08fcf1693ef6412491842de932812d48,2,Atrasou a entrega,Demorou para responder.,2018-04-09 07:28:16,2018-04-10 07:28:16
c9c57a4170eb4b6881cdb2af05156031,31d915de7a4745879f6b9537987f6715,5,Ótimo produto,Recomendo muito este vendedor!,2018-04-01 04:28:16,2018-04-02 04:28:16
4db9f516036445e28be138bd79d27fdc,39b393ef1d1742b19399c799dfa3c9d8,5,Ótimo produto,Recomendo muito este vendedor!,2018-04-08 16:28:16,2018-04-09 16:28:16
3ac6682da58e4629b0a4d9ca28d1863c,6921f4ce31b2402ea7d07b3a2c1a8fea,5,Ótimo produto,Recomendo muito este vendedor!,2018-04-14 17:28:16,2018-04-15 17:28:16
c2d03ddc30c44a8da34485e5c32cfc17,01f927966e9c4ca2b4d60336b396bf2e,5,Ótimo produto,Recomendo muito este vendedor!,2018-05-13 08:28:16,2018-05-14 08:28:16
8229ae309e42402e86f02f141fa19d31,ff583caefcaf4fef943969a85643a520,4,Ótimo produto,Recomendo muito este vendedor!,2018-04-13 07:28:16,2018-04-14 07:28:16
bd0ddf9d4b024fc388c130f39a5992ba,96307ede3fd04a50ba959fff3c532d85,5,Ótimo produto,Recomendo muito este vendedor!,2018-04-11 14:28:16,2018-04-12 14:28:16
9b7f0cd0c83a476b93093c3f3b16c256,78935fb7395f4c8cb8e80d821c6e72a2,4,Ótimo produto,Recomendo muito este vendedor!,2018-04-05 07:28:16,2018-04-06 07:28:16
211e1b03f65b4afeb9a01ee7980ebe6f,f6e09d6fdffa4348b0a09d978986aaea,5,Ótimo produto,Recomendo muito este vendedor!,2018-04-20 11:28:16,2018-04-21 11:28:16
62c83edc856e4f68974c60ddf99eedfd,d8426266e7b7473b8e5afafe0aa1f40e,5,Ótimo produto,Recomendo muito este vendedor!,2018-04-17 02:28:16,2018-04-18 02:28:16
3ad7046c9a26408cb97b8991372523c6,1a7d7a8ecc54403a93d9ce14a44f743b,3,Atrasou a entrega,Demorou para responder.,2018-04-03 13:28:16,2018-04-04 13:28:16
6a9e509307014ac7b008ba4451163829,b3c560302f734462aa7e6975cf186169,5,Ótimo produto,Recomendo muito este vendedor!,2018-04-09 06:28:16,2018-04-10 06:28:16
df557d393aa84079ad12093e0ae2346f,190e5c5efe3949fea5c4cf2bc66f0e7d,5,Ótimo produto,Recomendo muito este vendedor!,2018-02-20 10:20:47,2018-02-21 10:20:47
55e01df0a3284af3bae8bbed9b18666c,84bd6d72ceef4338a69eba921794cb78,1,Atrasou a entrega,Demorou para responder.,2018-02-21 11:20:47,2018-02-22 11:20:47
99d37744cca640bab19fc1c1dea0a189,259b090f0bef4cc5a97c17413028add4,5,Ótimo produto,Recomendo muito este vendedor!,2017-12-17 16:44:07,2017-12-18 16:44:07
19389f23cdfd47858423f494a135357a,189f941b88714544919edbb43c0555db,5,Ótimo produto,Recomendo muito este vendedor!,2017-12-03 22:44:07,2017-12-04 22:44:07
beeb13e216a3422fbf6d95fb30bd0689,c02b18a8fac840cb82250b20bc6474aa,5,Ótimo produto,Recomendo muito este vendedor!,2017-12-19 07:44:07,2017-12-20 07:44:07
5b797e093cb64226b9e40bd0d8e46e98,80cac4ecbef04c2cab5ab3a4f0219504,5,Ótimo produto,Recomendo muito este vendedor!,2017-12-28 19:44:07,2017-12-29 19:44:07
3044b5024c7f4fb3b726cbf23fe04e0a,c9e51b8718034b739dd45fa6efed0fcc,3,Atrasou a entrega,Demorou para responder.,2017-12-06 23:44:07,2017-12-07 23:44:07
4a56a9d3b2014db59ccdefb75d90250c,54f18c480cc643ed84bc3c0375ddf982,5,Ótimo produto,Recomendo muito este vendedor!,2018-02-10 16:04:02,2018-02-11 16:04:02
eb67550f45c144739866c42f41b2f239,195587e71a4e48ba86631a1cf22525ef,5,Ótimo produto,Recomendo muito este vendedor!,2018-02-23 18:04:02,2018-02-24 18:04:02
9da4067f215e41c4839e9b000f7c63dc,ee1340ae5c7b427aa76c735593d093d4,5,Ótimo produto,Recomendo muito este vendedor!,2018-02-28 04:04:02,2018-03-01 04:04:02
a71288b8d6bb4349942c2070377c399a,80a84a7287a44083875708a0f9fdaa0d,4,Ótimo produto,Recomendo muito este vendedor!,2018-02-06 23:04:02,2018-02-07 23:04:02
2a5457dccfec4fae9bac7adf1ce920b6,a78c055c52a441979c59f6f413c0044b,4,Ótimo produto,Recomendo muito este vendedor!,2018-02-20 19:04:02,2018-02-21 19:04:02
3a43e71f1ddc40ecaba52e072a803fbc,49080631058d4e9dbc852c7377cd8c9c,5,Ótimo produto,Recomendo muito este vendedor!,2018-01-28 14:04:02,2018-01-29 14:04:02
c4d347952b0149268fffdab0b161bc8d,4a73e3a564c64ca9af79b71c2ba7ebde,5,Ótimo produto,Recomendo muito este vendedor!,2018-02-01 22:04:02,2018-02-02 22:04:02
bcb0000658c04906bd3c64eea9e07f6e,0dfd76aa6bbd49a0a523b110c667d017,5,Ótimo produto,Recomendo muito este vendedor!,2018-03-13 03:04:02,2018-03-14 03:04:02
fd77dc33532f4acd9602f64a746e5afe,1b5acb09d1244826bdec5e2842f496c8,3,Atrasou a entrega,Demorou para responder.,2018-01-31 03:04:02,2018-02-01 03:04:02
c3171a70dd19469cb8b404db8418ceec,99c6eba34e19436093c6181f3ca6667c,5,Ótimo produto,Recomendo muito este vendedor!,2018-01-31 19:04:02,2018-02-01 19:04:02
6df9b9c6724644fea6ac450e20236ec7,de39053bbf7c4641be542bd468c9d48a,5,Ótimo produto,Recomendo muito este vendedor!,2018-02-01 16:04:02,2018-02-02 16:04:02
8bc77c66a2ed4d6e8b707b2872f0076b,97adb20fec3f4729adcc01456893e9a3,4,Ótimo produto,Recomendo muito este vendedor!,2018-02-07 19:59:46,2018-02-08 19:59:46
ad51d60867294fc3948f4badc807b13e,641c75cc4c704ab3a5eafcb4942d9b7d,5,Ótimo produto,Recomendo muito este vendedor!,2018-02-06 17:59:46,2018-02-07 17:59:46
959ae37f337448418980d36d5f0eb169,d9df652da01b45b48e3bd5c73414b708,5,Ótimo produto,Recomendo muito este vendedor!,2017-08-27 00:46:25,2017-08-28 00:46:25
f31578bcfaa04984819dbeb3ea6c5dc1,33e170ba0d5f4228a79cb92efb8a86b3,4,Ótimo produto,Recomendo muito este vendedor!,2018-05-17 23:23:51,2018-05-18 23:23:51
747fd2ebee2941818b51ffe3e32a7405,720af744937e416fa5095a59e12befff,5,Ótimo produto,Recomendo muito este vendedor!,2018-05-01 04:23:51,2018-05-02 04:23:51
70890e676b834338971c6ae1a7aee144,967fa541129f4db98cdf8fd20e57410f,4,Ótimo produto,Recomendo muito este vendedor!,2018-05-20 14:23:51,2018-05-21 14:23:51
d05d4fad6dfe4f86a436bdb4ecd05afb,30df61c1bb5a480e8c0a2fe0bc34cf36,4,Ótimo produto,Recomendo muito este vendedor!,2018-05-04 17:23:51,2018-05-05 17:23:51
9e087d352a0544e2a1d136f66209b5e4,572feebaee86437f8ccabc913fe27e92,5,Ótimo produto,Recomendo muito este vendedor!,2018-05-12 00:23:51,2018-05-13 00:23:51
7053a073c6b440928696c68093068e76,5641132317434e66a2399e2419e6b51e,5,Ótimo produto,Recomendo muito este vendedor!,2018-05-03 04:23:51,2018-05-04 04:23:51
582bb552ab8f455ca889319973b38d57,a68c47ce8e1e4d56bd5de6f39904da0b,4,Ótimo produto,Recomendo muito este vendedor!,2017-09-25 01:32:33,2017-09-26 01:32:33
ffb32a7793e94f1bab4513a3afbdd41f,1e36643d0c2f4f548f5511191f72e461,5,Ótimo produto,Recomendo muito este vendedor!,2017-08-23 16:32:33,2017-08-24 16:32:33
0f397b4580664fcea22e70510378e8b9,b2a8c910a17c4f3993173ecfbe8a337b,3,Atrasou a entrega,Demorou para responder.,2018-05-11 17:25:24,2018-05-12 17:25:24
121e2dc0f9224fe0803d881934eb6977,c7066385422543da999353b2845b8f0e,3,Atrasou a entrega,Demorou para responder.,2018-05-18 15:50:54,2018-05-19 15:50:54
073e1ad0eb5a4fc0850beadc484ab9a6,2c50e95fd6ec40269bbe2834cc25f281,5,Ótimo produto,Recomendo muito este vendedor!,2018-04-24 02:50:54,2018-04-25 02:50:54
cabacd0dd3ff4f1cbc7b0fdd1bf538be,d4ec01c92e334737973c27794ffbff70,5,Ótimo produto,Recomendo muito este vendedor!,2018-04-29 12:50:54,2018-04-30 12:50:54
8224337838a347d1949d77276ef6b4ae,6ba44927171242f69c1f4294874da7dd,5,Ótimo produto,Recomendo muito este vendedor!,2018-04-28 13:50:54,2018-04-29 13:50:54
7a9a44269c0b4b06a45a0b557918a449,caeb4c90c61d4b9aa9aa37e251ff500c,5,Ótimo produto,Recomendo muito este vendedor!,2018-06-02 12:50:54,2018-06-03 12:50:54
7faae8a88635450fab0088814d39c8c3,e05c72fe6f7d44eb953a8d448a21278b,5,Ótimo produto,Recomendo muito este vendedor!,2018-06-30 05:50:54,2018-07-01 05:50:54
254788585b234db1ada028759e49785f,d2ab9d4e64324c909fd7876ef289a755,5,Ótimo produto,Recomendo muito este vendedor!,2018-05-02 02:50:54,2018-05-03 02:50:54
d073bb3bc6ff44f88b2067aa38ca157a,1c1bb09d128646599b19a2a448feba77,4,Ótimo produto,Recomendo muito este vendedor!,2018-05-06 00:50:54,2018-05-07 00:50:54
7ded6125b8e3469a8248f5392c3a2edb,3e32d441edc640f6843478bb2e23da26,5,Ótimo produto,Recomendo muito este vendedor!,2018-05-14 16:50:54,2018-05-15 16:50:54
60aaa774c9e04b4c911ca12b72a1318f,0c128a866d0841ee8639f3e0c2780c2f,5,Ótimo produto,Recomendo muito este vendedor!,2018-05-05 02:50:54,2018-05-06 02:50:54
a31b9a1833e94b96aa38451c22c16280,2f60a7f82eb64af8be82a0465bfe5208,4,Ótimo produto,Recomendo muito este vendedor!,2018-05-24 16:50:54,2018-05-25 16:50:54
18048643e6b64ceb89c8409d8157065f,268444b5189c441fa42fa85db2021ba5,5,Ótimo produto,Recomendo muito este vendedor!,2018-04-28 18:50:54,2018-04-29 18:50:54
4d29fbcd5cbc4c93a27a0033d38a79bd,a29e823d0ec44451b1080168d6eaafb4,5,Ótimo produto,Recomendo muito este vendedor!,2018-05-11 01:12:07,2018-05-12 01:12:07
6022d28c1ade4707af7ef381a7a13637,9319c40cc7e243e09a3defa6fdcb3054,1,Atrasou a entrega,Demorou para responder.,2018-04-23 06:12:07,2018-04-24 06:12:07
c5f64578a1b248889a904392ed605e08,5adb5e24d884411d8aea1547b4221048,5,Ótimo produto,Recomendo muito este vendedor!,2018-05-29 15:12:07,2018-05-30 15:12:07
0ebce375bf1348a69996c9411f51f4b1,1cde77de4725493bb451c422703fdac0,4,Ótimo produto,Recomendo muito este vendedor!,2018-05-25 05:12:07,2018-05-26 05:12:07
86c1a1192b964f178402224fb9ce69d0,2afc6f69895140e9a4089fbefd1931db,5,Ótimo produto,Recomendo muito este vendedor!,2018-05-13 15:12:07,2018-05-14 15:12:07
0cefc2e20fe44cc383edfcd27d463681,6cf5842357db46b196df1ee4683a8481,5,Ótimo produto,Recomendo muito este vendedor!,2018-05-24 07:12:07,2018-05-25 07:12:07
aebf642565b44dfe81a6d42ee77e0a50,224795a8a4844f55b1883edfc3abf3d8,1,Atrasou a entrega,Demorou para responder.,2018-04-29 02:12:07,2018-04-30 02:12:07
000355dda9bf41d09edab8b37eac5c1e,58b799b4252746ac9ceef198fa142345,1,Atrasou a entrega,Demorou para responder.,2018-06-08 23:12:07,2018-06-09 23:12:07
ee34444d2e85433c9e64734a34900507,fd23a94d76484e6b9b516d9db1720ff2,1,Atrasou a entrega,Demorou para responder.,2018-05-01 03:12:07,2018-05-02 03:12:07
cd013b3e2e4f493f9fd1dae263f0d770,d654cf918442475686b2118113a539ce,4,Ótimo produto,Recomendo muito este vendedor!,2018-05-04 08:12:07,2018-05-05 08:12:07
d972463763b448488989affb69b08d04,1d5b42639b5d4e69ba85e273e9dceb7d,4,Ótimo produto,Recomendo muito este vendedor!,2018-04-23 16:12:07,2018-04-24 16:12:07
1ce9a7f624c54da28312d2b7dfcac32a,61095a82f397487a84dae07b64c1d0fd,3,Atrasou a entrega,Demorou para responder.,2018-04-30 07:12:07,2018-05-01 07:12:07
7d44218a06b3495096e87f718d19c1e3,c0093f804eb9487db8cf44928523f90b,2,Atrasou a entrega,Demorou para responder.,2018-05-04 15:12:07,2018-05-05 15:12:07
36c01d9a1bb847a5832b0d05f4104b3d,55724b616989454a9791dfdc611a7ddc,5,Ótimo produto,Recomendo muito este vendedor!,2017-07-06 15:03:27,2017-07-07 15:03:27
7a4c08dd8a0c436cba5de06da6a0bea8,481427d26e4d413eac406098483af1e9,5,Ótimo produto,Recomendo muito este vendedor!,2017-07-05 17:03:27,2017-07-06 17:03:27
aaed8eaeedf74fba82fd3fe0b3f43597,f55724a539a441259486e9577ca57e3e,5,Ótimo produto,Recomendo muito este vendedor!,2017-07-08 19:03:27,2017-07-09 19:03:27
3334b9e240c04f8e8d215e3dad272e5c,640c8f93389d4191a8de8911676d3599,2,Atrasou a entrega,Demorou para responder.,2017-08-05 05:03:27,2017-08-06 05:03:27
6f8d96b8663b4d21aedb91c68b76ab27,477049770fb8416abc4586fdc455a22a,5,Ótimo produto,Recomendo muito este vendedor!,2017-07-22 05:03:27,2017-07-23 05:03:27
12657378fb8049d9a6f5be035b6afc60,c5544d9f51894cd0a2003e11566c70cd,1,Atrasou a entrega,Demorou para responder.,2017-07-14 11:03:27,2017-07-15 11:03:27
4bb5fe386bb248afb32aa48349ea6b89,73ebde6dab004382947b102bcc11c78e,1,Atrasou a entrega,Demorou para responder.,2017-07-05 11:03:27,2017-07-06 11:03:27
39016fba6e054b84ba14a8b34048ed20,9e5f520c2e6d4ab8b8665b66a4438a74,5,Ótimo produto,Recomendo muito este vendedor!,2017-07-04 20:03:27,2017-07-05 20:03:27
ded6e2a5a6474f6e8d240a5c1316d931,f7d1880d6f75415385af3a19ba664578,5,Ótimo produto,Recomendo muito este vendedor!,2017-08-14 06:03:27,2017-08-15 06:03:27
ff9ed7833c1a4eb0af4f7c83074b201d,60592ded959a433abe0278452aadfd70,5,Ótimo produto,Recomendo muito este vendedor!,2018-02-05 01:30:48,2018-02-06 01:30:48
bdd134fe836040a19b488fe23a35a375,df799820105f43fdb7c5e21c3c9060f2,5,Ótimo produto,Recomendo muito este vendedor!,2018-02-07 16:30:48,2018-02-08 16:30:48
ab72993f01a4471caa8c646b7216647b,9ea659b593ee4c6f9bbf513357df574c,5,Ótimo produto,Recomendo muito este vendedor!,2018-05-07 18:50:04,2018-05-08 18:50:04
e091318fc8674f71b899a3dcd2da92b1,a0ba8957020f4c8a9a875bfe0ce84636,5,Ótimo produto,Recomendo muito este vendedor!,2018-05-18 02:50:04,2018-05-19 02:50:04
6937c0ac2dd8427d96ca8986dda6c639,883c6ad19587410a99e5149abdb38f41,5,Ótimo produto,Recomendo muito este vendedor!,2018-04-24 07:50:04,2018-04-25 07:50:04
058770d20dab41d596b71f40d2b08a6e,3e8baddb93c146a5906c6585875f9aff,5,Ótimo produto,Recomendo muito este vendedor!,2018-05-03 05:50:04,2018-05-04 05:50:04
439e178a108f47008f10f78c76ebb56d,96b88a3efdb9413483a0794522a68b4e,1,Atrasou a entrega,Demorou para responder.,2017-12-05 22:28:41,2017-12-06 22:28:41
353e4609018b4410bdfd0f0eb0fbd0a8,aafb4198da0246e3b9d32cf3f29c865c,5,Ótimo produto,Recomendo muito este vendedor!,2018-02-22 05:02:10,2018-02-23 05:02:10
494245ca6abe4dd082fda9326e996517,4bf3c21fe6904525bc1bcae2d562cfb6,3,Atrasou a entrega,Demorou para responder.,2018-02-12 13:02:10,2018-02-13 13:02:10
1718cab4f0074d9080dced88f10f8e33,9cd58935a7d144b4bb428385ac0a6dc0,5,Ótimo produto,Recomendo muito este vendedor!,2018-01-16 09:02:10,2018-01-17 09:02:10
afd281585eb74d81b9977daa96c93281,cd573813c56846f59d7f56f9b18b002d,5,Ótimo produto,Recomendo muito este vendedor!,2018-01-19 12:02:10,2018-01-20 12:02:10
f8b9dfc5cb1f4a448d6165c8631b8677,67fa676b3c4248ca83aa0e4d3d97dd04,5,Ótimo produto,Recomendo muito este vendedor!,2018-01-31 14:02:10,2018-02-01 14:02:10
069cd32a6456405a863b82c077ccde47,f7231268d36748f78f7e290739748e30,1,Atrasou a entrega,Demorou para responder.,2017-12-26 04:44:29,2017-12-27 04:44:29
891319b9db7748848a4a9f93bfe87426,797b34abaa1a4916b7d0031024e7f177,3,Atrasou a entrega,Demorou para responder.,2018-01-18 07:44:29,2018-01-19 07:44:29
52a43f6540244317abc114d01a5d50a9,0e3bd0b705ad43de9fb6523d9d3200c9,5,Ótimo produto,Recomendo muito este vendedor!,2017-12-14 04:44:29,2017-12-15 04:44:29
9702ddc60377457eafa189af704cbb9f,4554b0bec72b4987bd624d7a21afd10d,5,Ótimo produto,Recomendo muito este vendedor!,2017-12-13 22:44:29,2017-12-14 22:44:29
eb3477c2ff1e4e7a9d015bb73a3b62c7,accdc36152bf408b9ecee38f1b7eefe2,5,Ótimo produto,Recomendo muito este vendedor!,2018-01-30 08:34:30,2018-01-31 08:34:30
819ca60374e8479abeb1916eb90ccfb3,c1b04cbf0fd94f5a9342d422c2931077,4,Ótimo produto,Recomendo muito este vendedor!,2018-01-29 17:34:30,2018-01-30 17:34:30
0cf1b635ca7c46d889dedf2e21b9a663,40c03d4276df464a8476ada6c72435c3,5,Ótimo produto,Recomendo muito este vendedor!,2018-05-31 18:18:15,2018-06-01 18:18:15
a1031b699f7246e397ba00c2fc0b5219,54af72dedf5c4ce38ae725a813d59e30,5,Ótimo produto,Recomendo muito este vendedor!,2018-06-21 05:18:15,2018-06-22 05:18:15
651e588b353343b4ad42f3a39401352f,f56861cfca424964a10547ceb312ade7,4,Ótimo produto,Recomendo muito este vendedor!,2018-06-09 20:18:15,2018-06-10 20:18:15
c572bb730bcb4cca857f6d7ce6430ed6,5979f69b7dd14f18ada03c5e76f581ce,4,Ótimo produto,Recomendo muito este vendedor!,2018-06-22 05:18:15,2018-06-23 05:18:15
4d2e6656dac54e0cb4dfcd9949d27e8c,d945e3fa74bf41999c211369806c3b97,5,Ótimo produto,Recomendo muito este vendedor!,2018-06-24 09:18:15,2018-06-25 09:18:15
47ab88314c6c4dcb99b3106ae1622e97,d59c419466724d7f807899bc4d115a53,5,Ótimo produto,Recomendo muito este vendedor!,2018-06-07 03:18:15,2018-06-08 03:18:15
00cd0fb0fb054731a00136de1849405b,b10253a988614beb871e458a7281c686,4,Ótimo produto,Recomendo muito este vendedor!,2018-06-12 10:18:15,2018-06-13 10:18:15
73200c35e61f47e288967c83f63ebf73,08bf45e51a6c42fdaa1dbbdcaeab86fd,5,Ótimo produto,Recomendo muito este vendedor!,2018-06-02 01:18:15,2018-06-03 01:18:15
995325558a7c4dbe872219747f811c05,2c34661b8d5f4c6cb9283452209f081c,4,Ótimo produto,Recomendo muito este vendedor!,2018-07-02 02:18:15,2018-07-03 02:18:15
805d7e0dc928492691c219b53177c8ed,f1b34ed7d5a7473f8df026f766b50c06,5,Ótimo produto,Recomendo muito este vendedor!,2018-06-07 07:18:15,2018-06-08 07:18:15
c40b8df1d61449a192022c9e0251c5a6,145c5fb83c3b4a818dd0100700f8d53f,3,Atrasou a entrega,Demorou para responder.,2018-06-12 09:18:15,2018-06-13 09:18:15
6dd30aa5ae0345768b13fccdb7dc27f0,ec9551dc721148059822515d92ed0c5c,5,Ótimo produto,Recomendo muito este vendedor!,2017-08-04 08:30:32,2017-08-05 08:30:32
763472335f7645768ff654e864ad1fa1,a7a821ed1cb5472480608d98f6f45464,5,Ótimo produto,Recomendo muito este vendedor!,2017-10-27 03:00:41,2017-10-28 03:00:41
2b87fef2a2a247e4b8eebfe638cc9176,0c45a6add9324c5596efcf083b27e901,5,Ótimo produto,Recomendo muito este vendedor!,2017-10-30 23:00:41,2017-10-31 23:00:41
9496492b6a2841bd988d07d3c3df0652,ee10c73e8bd949478a8d96c64aeeefe8,5,Ótimo produto,Recomendo muito este vendedor!,2017-11-08 01:00:41,2017-11-09 01:00:41
1c59d3ea0e0545499039c8107c9875a3,14ed52dc5c314b218657f3aa91963ad5,5,Ótimo produto,Recomendo muito este vendedor!,2017-07-05 05:45:44,2017-07-06 05:45:44
b19e64efcd384a56a404ad70ff5b78a6,63afba1b80694962a3decc7280c1a59b,1,Atrasou a entrega,Demorou para responder.,2017-07-06 10:45:44,2017-07-07 10:45:44
48f95ab9ea3f46f5b99e0876ac4a9f34,ee16d261b57c442f98c2a88ab18a6929,5,Ótimo produto,Recomendo muito este vendedor!,2017-07-08 22:45:44,2017-07-09 22:45:44
62ada46cde6d40eea7d0c9410aabada8,feb53ee675c446ffa1d0acc0af196610,5,Ótimo produto,Recomendo muito este vendedor!,2017-07-23 00:45:44,2017-07-24 00:45:44
04cb307cf21544d39f2ecc715cd661c6,4f249b4bf6ee4e79b57fd62968ea3853,5,Ótimo produto,Recomendo muito este vendedor!,2017-07-21 05:45:44,2017-07-22 05:45:44
9374d34329e64aaa9dda2b02e6d0e12e,bf879c01583a4d509f49d3cadf0c26d7,4,Ótimo produto,Recomendo muito este vendedor!,2017-07-03 02:45:44,2017-07-04 02:45:44
abc703a1ee6d40ef9061e576510f64fe,1a2d5b3995714356addf7edb36a66ce0,5,Ótimo produto,Recomendo muito este vendedor!,2017-09-11 17:45:44,2017-09-12 17:45:44
43895b00be1d487c9986e9da8faa7993,6f52d94ba7714e63b6e1e4bed76decb3,5,Ótimo produto,Recomendo muito este vendedor!,2017-07-15 04:45:44,2017-07-16 04:45:44
973b885d66b242e28956ac8cab810f7c,c0511d5abc0d449b93c9d3e23e536056,5,Ótimo produto,Recomendo muito este vendedor!,2017-07-05 00:45:44,2017-07-06 00:45:44
a04e31b4b67142cd846faca37c2081e9,d48ab283494040a89fbec7a383af409f,5,Ótimo produto,Recomendo muito este vendedor!,2017-07-21 05:45:44,2017-07-22 05:45:44
af2d78ec59fb4aec9ae323adb683ef8b,1a9eaeaa446b46a0aab547563616fe14,5,Ótimo produto,Recomendo muito este vendedor!,2017-08-02 07:45:44,2017-08-03 07:45:44
db7750fec60a4e39b98566826f418809,2945cabc03174774b54f7e4fa7bbd807,4,Ótimo produto,Recomendo muito este vendedor!,2017-07-15 03:45:44,2017-07-16 03:45:44
9b2ca9ab1c864264a6f2af29afe90b16,809c594429d44b4783b0b7954cd15c10,5,Ótimo produto,Recomendo muito este vendedor!,2017-07-03 15:45:44,2017-07-04 15:45:44
b8b5a833ebc142299742c715e787c04a,1f5b6d79f99a45928e8ac40324f5216d,5,Ótimo produto,Recomendo muito este vendedor!,2017-07-16 06:45:44,2017-07-17 06:45:44
b05541ef6bc640f6b58e1e8ce6c498b6,195fde1317124ad796857df32938a963,4,Ótimo produto,Recomendo muito este vendedor!,2017-07-01 16:45:44,2017-07-02 16:45:44
c3e93f60e1c449f1999c0ebec33a2d97,b212c33b857343ad8eb6341e2aac17e1,5,Ótimo produto,Recomendo muito este vendedor!,2017-08-05 05:45:44,2017-08-06 05:45:44
e70e0dd26b91447197c28f5f0ddeaf6a,46a632e054444e988805f48148e45ff4,5,Ótimo produto,Recomendo muito este vendedor!,2017-07-19 16:45:44,2017-07-20 16:45:44
3f52e3e7066642448e2c997978029c4f,1f4aed6bbed34252b0466e4c6d01d453,4,Ótimo produto,Recomendo muito este vendedor!,2017-07-04 00:45:44,2017-07-05 00:45:44
30135366ed1149c2849fe97a5946c9bd,da3c7c62beb0491ba8942f1aa39023dc,5,Ótimo produto,Recomendo muito este vendedor!,2017-07-09 05:45:44,2017-07-10 05:45:44
5781f9d77e214ac08fc217c51b37619f,ffcc141e95aa44268d20a80506bc85e4,5,Ótimo produto,Recomendo muito este vendedor!,2017-07-30 09:45:44,2017-07-31 09:45:44
2b956ef869f1439e99e6a0117228e695,4a304bfc74b746d2ab8f442fb25f6d85,5,Ótimo produto,Recomendo muito este vendedor!,2017-07-17 09:45:44,2017-07-18 09:45:44
c19d0055d33345aca90bf4911316e280,801fb57d73174f6b9116d46054892125,5,Ótimo produto,Recomendo muito este vendedor!,2017-07-18 02:45:44,2017-07-19 02:45:44
5af90e32aa314ffa954a2c9f9768372e,3292341a6c1e4c0884d0f3fa2f1e4c2f,5,Ótimo produto,Recomendo muito este vendedor!,2017-07-17 03:45:44,2017-07-18 03:45:44
0cdb221d7f7748dc8cf91af79196cf3e,d4b5d01a29df45d28c44ece93194b84c,4,Ótimo produto,Recomendo muito este vendedor!,2017-07-16 10:45:44,2017-07-17 10:45:44
42e5c5bd5c4b4332ac4b70b861e9b726,096d2fa5884340c2ac1e31c14450485f,1,Atrasou a entrega,Demorou para responder.,2017-07-23 04:45:44,2017-07-24 04:45:44
23704e44934748b8bd985358caa82e40,ab2d55be6b874d5685a27da1fe5687a2,4,Ótimo produto,Recomendo muito este vendedor!,2017-07-27 21:45:44,2017-07-28 21:45:44
837555d3533a4c7c8337d091491a8eb0,b84d2048081d488789d2b1f2149881d6,5,Ótimo produto,Recomendo muito este vendedor!,2017-08-22 22:45:44,2017-08-23 22:45:44
365b7ebce2aa49eda0b6195d321d6606,828af6df776b491285a6f94dfb125bd2,5,Ótimo produto,Recomendo muito este vendedor!,2017-07-22 17:45:44,2017-07-23 17:45:44
ecd93443fa50417fb30f29e43a59dd87,fe8fc62b50924118b2839aacd8423130,2,Atrasou a entrega,Demorou para responder.,2017-07-21 09:45:44,2017-07-22 09:45:44
467403ce113d4871b5be0ecb56567201,9c1cc1c8d610408a9f8863c0b382cd31,5,Ótimo produto,Recomendo muito este vendedor!,2017-07-25 05:45:44,2017-07-26 05:45:44
6fa453c7f8f548a4b64da25d790dd7ce,8a183f1b59b74eeca9d7baa5166e674a,5,Ótimo produto,Recomendo muito este vendedor!,2017-07-09 06:45:44,2017-07-10 06:45:44
de063ee8778b4d50b4870b82ac93636f,fbae1dd89b844ff0ae052e0d063febb8,5,Ótimo produto,Recomendo muito este vendedor!,2017-08-14 18:45:44,2017-08-15 18:45:44
fdaf74cb47d340398626001e7b09b6e2,01344aa221974003a2d034baec0c75b0,4,Ótimo produto,Recomendo muito este vendedor!,2017-07-07 02:45:44,2017-07-08 02:45:44
1cf8c597d67d442abd411c6861c95cf6,305c1c15e99b4bf1ada3e379bd3293d8,5,Ótimo produto,Recomendo muito este vendedor!,2017-09-17 15:45:44,2017-09-18 15:45:44
bf597de4248f48cf95ce419c4c8f2d6b,c7bd35092d4f4240a85d9a153dbc220c,1,Atrasou a entrega,Demorou para responder.,2017-07-25 06:45:44,2017-07-26 06:45:44
b22436015f8b49e09c537b3a468ade36,4edd9c218d094884a70e17d000f8aee0,5,Ótimo produto,Recomendo muito este vendedor!,2017-08-12 19:45:44,2017-08-13 19:45:44
a8bd3285649a4b48920b742f562ab3a5,1256db606a0a467083d30f3f22b324d5,5,Ótimo produto,Recomendo muito este vendedor!,2017-07-15 03:45:44,2017-07-16 03:45:44
18f745f6dbbe4162a15d8438a1610021,021b21688b9a4d02a41d649af5eea8f8,5,Ótimo produto,Recomendo muito este vendedor!,2017-07-22 01:45:44,2017-07-23 01:45:44
ec40dff03b6049a890ad08bbb15a826f,26ad1da670654893b26989ec0af58e96,4,Ótimo produto,Recomendo muito este vendedor!,2017-07-23 16:45:44,2017-07-24 16:45:44
d9cc6e71e9054b9cb1e72ac4c9a6b1e1,720230885a374c00b68e7790bcc6b13b,3,Atrasou a entrega,Demorou para responder.,2017-12-21 12:42:23,2017-12-22 12:42:23
3b7316abb2024625942460c8a48f96f5,574f76d3ecc04e659d5c1b00cdb6dfa0,5,Ótimo produto,Recomendo muito este vendedor!,2017-11-29 22:42:23,2017-11-30 22:42:23
88c4d0481b7a4e26ad825eab7c5552d6,d54d6af326bb48aa83dad3efdbe5867e,5,Ótimo produto,Recomendo muito este vendedor!,2017-12-27 00:42:23,2017-12-28 00:42:23
8504012f49f340afacb57bd513ce5f28,2710d6f4941a4acb8306c05bde8c0f0c,3,Atrasou a entrega,Demorou para responder.,2017-11-30 11:42:23,2017-12-01 11:42:23
35dccf5c2c044f5ea752444c3fd3e753,110675b8eb614cfea041d6572f57dba1,5,Ótimo produto,Recomendo muito este vendedor!,2018-02-10 07:05:52,2018-02-11 07:05:52
a6d86c39f1f2419fb7c9d201839d8396,a2260e3940234461931d6d0c9a590bb8,5,Ótimo produto,Recomendo muito este vendedor!,2018-02-08 19:05:52,2018-02-09 19:05:52
6faeb59b48154a5ca125e4a8a6f824ba,19bd4352734b407a805f4cc0ea56cc1f,4,Ótimo produto,Recomendo muito este vendedor!,2018-04-11 15:05:52,2018-04-12 15:05:52
5ac66d2e9e334a9da2763e91ba22e09b,78d7a8d03469488bb5f5d74b46d4e368,3,Atrasou a entrega,Demorou para responder.,2018-05-07 21:05:52,2018-05-08 21:05:52
b2a2a8981f2c4f4991db3bbc2dabf591,27c3ea9cd7e94bb0bd054c574b165732,5,Ótimo produto,Recomendo muito este vendedor!,2018-02-12 08:05:52,2018-02-13 08:05:52
e5585246c3734f2cb1f5c4b976f52d4c,398d73f5119a4709a6e0e59cc66fc684,5,Ótimo produto,Recomendo muito este vendedor!,2018-03-07 05:05:52,2018-03-08 05:05:52
967b4a60b64c4608bde648759b5aaddc,6ea61042b9684a3386d7c752f8815803,5,Ótimo produto,Recomendo muito este vendedor!,2018-02-16 00:05:52,2018-02-17 00:05:52
371057b9b1f64dc28afc315908a267d3,0fca608d8cca460382f4272e84f21e31,4,Ótimo produto,Recomendo muito este vendedor!,2018-02-21 18:05:52,2018-02-22 18:05:52
dce6d9ea90a64d95bfcc11765741bbc6,64545e387a4b450281917e861806bac2,5,Ótimo produto,Recomendo muito este vendedor!,2018-03-05 12:05:52,2018-03-06 12:05:52
6025fd1341b44442947afe70e259c691,2af835226c26437d92abd8bdb692bf12,3,Atrasou a entrega,Demorou para responder.,2018-02-13 10:05:52,2018-02-14 10:05:52
5bddf709ddc744e0a962b5fbb0df55eb,4515cc653dde47079ac2d0ca40308de2,3,Atrasou a entrega,Demorou para responder.,2018-05-29 22:20:49,2018-05-30 22:20:49
1ea031bc6a1e49d3a02d5ae65f2631ab,e00257bd483a4cc7bdc0e7374841fde6,1,Atrasou a entrega,Demorou para responder.,2018-05-27 13:20:49,2018-05-28 13:20:49
6dbd61abf2de4abc896edb6484ae0a46,7f69cf873b4b4eeaadd631ecb72c650b,5,Ótimo produto,Recomendo muito este vendedor!,2018-05-20 00:20:49,2018-05-21 00:20:49
a2cd42d97bfa41cd85eb71bc16cd1391,e08f014fd8e54d8599fc4183a45afa6d,4,Ótimo produto,Recomendo muito este vendedor!,2018-03-05 16:44:43,2018-03-06 16:44:43
2b81015acf24496a879e694376bc2bb1,9c1dfa82cb3447068bb77d7b3762b3b3,5,Ótimo produto,Recomendo muito este vendedor!,2018-01-07 07:44:43,2018-01-08 07:44:43
cccbbfc98078437ebbb5712e6d8501a1,ebef1399077a463c90e8231d6b9e135a,4,Ótimo produto,Recomendo muito este vendedor!,2017-12-30 15:44:43,2017-12-31 15:44:43
18ebcf60448043048a6f7e38f660f762,b8c74f6e4ad94394bae58556794501ef,5,Ótimo produto,Recomendo muito este vendedor!,2018-04-25 14:46:44,2018-04-26 14:46:44
74df3c5622b4459380d2396b67e32d89,67f451c7c45d43bda16a8b33a313edec,5,Ótimo produto,Recomendo muito este vendedor!,2018-04-24 07:46:44,2018-04-25 07:46:44
0ae0549d2d5e4380b5eabfb61c9a41c1,72eaf7d73c1947a8bc9121bc57fb2328,5,Ótimo produto,Recomendo muito este vendedor!,2018-04-03 14:46:44,2018-04-04 14:46:44
8844db54031543d1a5ebdd6b529b56a5,8d04430ce4df4c66b3be506b77be6afe,5,Ótimo produto,Recomendo muito este vendedor!,2018-03-30 14:46:44,2018-03-31 14:46:44
66bf85c4e65d48d9b0b98ccba5669c80,5031093da3e7470a9d6c8f68eb76198e,5,Ótimo produto,Recomendo muito este vendedor!,2018-04-04 04:46:44,2018-04-05 04:46:44
97ca199135d24ecfb5d8fd0be556878c,9d2c886f72d2405187ec1614e0e8bb2a,4,Ótimo produto,Recomendo muito este vendedor!,2018-03-26 21:46:44,2018-03-27 21:46:44
2cb66e6c34f8439fb048fbf1f00cc1d7,37385cd9304a4c96a73ee56979c480c7,4,Ótimo produto,Recomendo muito este vendedor!,2018-04-01 20:46:44,2018-04-02 20:46:44
5e8dde42878a476c9fa4ca6b385bca39,e516961eede642b4bdf287fabdafebf5,5,Ótimo produto,Recomendo muito este vendedor!,2018-04-13 20:46:44,2018-04-14 20:46:44
3a78bddedf714ab796a26b4e25b7df33,a037536085f34c79a4238a463152deef,4,Ótimo produto,Recomendo muito este vendedor!,2018-05-07 04:46:44,2018-05-08 04:46:44
04ed96add0034591b3d5fb07c25ee282,830ee577ace940c4826f7ece0189b752,5,Ótimo produto,Recomendo muito este vendedor!,2018-04-27 02:46:44,2018-04-28 02:46:44
e196f6de80c84f709ae4c73c67cdfcfa,a6197b1b6c8040e98c79d013dd5a68d5,5,Ótimo produto,Recomendo muito este vendedor!,2018-03-25 15:46:44,2018-03-26 15:46:44
5e0831c8c496407a983b81cc21410784,06788188afd04161a886e0064ec2be5f,5,Ótimo produto,Recomendo muito este vendedor!,2018-04-23 07:46:44,2018-04-24 07:46:44
909f8cfd693540cfb418f1d9a3fdab41,202ba852cf64410c8af47fea4af2f784,5,Ótimo produto,Recomendo muito este vendedor!,2018-03-03 15:45:44,2018-03-04 15:45:44
004bacf9a39f40bb9d267b97e43c5784,227dad7ba753446f9e2aeb9ac93215f5,5,Ótimo produto,Recomendo muito este vendedor!,2018-03-02 22:45:44,2018-03-03 22:45:44
5244c46417a5482eb5678544d3d6011c,acb124c7fed04f36b0200178ecb21d25,5,Ótimo produto,Recomendo muito este vendedor!,2018-02-27 11:45:44,2018-02-28 11:45:44
5595abbacff1403f89e8a8624c59178c,d4bd2ec65a0e43a1801598cde8d077f0,3,Atrasou a entrega,Demorou para responder.,2018-06-17 06:45:44,2018-06-18 06:45:44
89598c7c397449cea94918bcd46547a1,0130f3ffb58143b78c50d14239710b86,5,Ótimo produto,Recomendo muito este vendedor!,2018-04-06 13:45:44,2018-04-07 13:45:44
1b9da09d75564c7b8aacb2a82fb19353,f00afefc5ee8493e9cf57b03a7d94af6,5,Ótimo produto,Recomendo muito este vendedor!,2018-03-02 04:45:44,2018-03-03 04:45:44
0de7d33b9638479794344bb547e8c604,9c58a94e30ab45d0ba21284bc0039330,5,Ótimo produto,Recomendo muito este vendedor!,2018-03-03 17:45:44,2018-03-04 17:45:44
2127827644cc49459ae2712939c9cf0b,8ae20fabbde6475f83ca8de2f5485588,5,Ótimo produto,Recomendo muito este vendedor!,2018-03-30 16:45:44,2018-03-31 16:45:44
0caf34e3c864482d9f1cabd8420ed2fc,04054beeea9149d4ad9900d33f79e0fc,5,Ótimo produto,Recomendo muito este vendedor!,2018-03-23 01:00:10,2018-03-24 01:00:10
681d026ceef34674a245f2a9332d851c,dd881cd0500948aab577415f82eff89d,5,Ótimo produto,Recomendo muito este vendedor!,2018-04-12 16:00:10,2018-04-13 16:00:10
2af27d5b6a2c487d98155f46f16d3e45,1300dd7c1afd47218d4eda6fef507551,3,Atrasou a entrega,Demorou para responder.,2018-04-06 18:00:10,2018-04-07 18:00:10
4a53394e3dce45d09d3416454b721370,957494443d0a4d84837550596195e11c,5,Ótimo produto,Recomendo muito este vendedor!,2018-01-30 10:48:30,2018-01-31 10:48:30
fd99535c2fbf45dca01c53bcbbe17c79,8bf3b43f899a4c6cad90bc7c0c68c453,4,Ótimo produto,Recomendo muito este vendedor!,2018-02-06 21:48:30,2018-02-07 21:48:30
a193fd739d444a1893ca86598d6c891e,b172ec348e2c42e7ab330f27853d0493,5,Ótimo produto,Recomendo muito este vendedor!,2018-01-18 03:48:30,2018-01-19 03:48:30
57ca03d18ff2433b9f4c480a29be5608,3f8a25524f734c49986ef632e155e1be,4,Ótimo produto,Recomendo muito este vendedor!,2018-01-29 15:48:30,2018-01-30 15:48:30
b1021012fede4caab57c574c34ca16c4,b5599d147b814b41bc2d173a73959475,5,Ótimo produto,Recomendo muito este vendedor!,2018-01-28 10:48:30,2018-01-29 10:48:30
ff6292416ea84d5db7f7d93f26615c99,eb6e48ed88d1461aa38174210449fe16,4,Ótimo produto,Recomendo muito este vendedor!,2018-01-11 04:04:43,2018-01-12 04:04:43
1119837731be4a6e800ef4a08167ee42,13c9c59d62ee40c9a815ea1d3ebdf773,5,Ótimo produto,Recomendo muito este vendedor!,2018-01-02 22:04:43,2018-01-03 22:04:43
b039875239b1471fae8cb2ac71d062b7,a1fe8dcd0d1b498dbb6bd57df55327a9,5,Ótimo produto,Recomendo muito este vendedor!,2017-12-29 00:04:43,2017-12-30 00:04:43
34bec0eff26843399a297475d9867c59,913e3be370a945a98a58148043d83884,5,Ótimo produto,Recomendo muito este vendedor!,2017-12-01 15:57:14,2017-12-02 15:57:14
04cb03380202490eaf9a4c19ab2c0d4f,c3cb6645ea1d414b82b1b8d3b3bdcf34,5,Ótimo produto,Recomendo muito este vendedor!,2017-12-06 21:57:14,2017-12-07 21:57:14
ee43dd91642e456b85b36a7aedf24474,5676c1db432b4ec7816d049f37bb92d6,5,Ótimo produto,Recomendo muito este vendedor!,2017-12-11 22:57:14,2017-12-12 22:57:14
58610389752d4842aecf49ef73b5d803,0e391e2cba1b4bd9aa07412b0c4002b1,5,Ótimo produto,Recomendo muito este vendedor!,2017-11-22 06:57:14,2017-11-23 06:57:14
d0072034a20c4810ba3200bd13fa774f,479d7e6876b4420898bbb9e98f6d332e,5,Ótimo produto,Recomendo muito este vendedor!,2017-11-27 01:57:14,2017-11-28 01:57:14
66a1b0c1a3694db0a4d2db63c616e6f9,92d98820926249e0b02e949b142764b1,4,Ótimo produto,Recomendo muito este vendedor!,2018-07-02 00:18:46,2018-07-03 00:18:46
bf8422a4c2924cd1b0f970447f5c07d3,b5d0326dbbf6468b921b50618e9b223e,5,Ótimo produto,Recomendo muito este vendedor!,2018-07-30 05:18:46,2018-07-31 05:18:46
9e1353f918064ee895c46574a0eeffcd,57515a9166254dc3b617f737d24dd838,3,Atrasou a entrega,Demorou para responder.,2017-12-01 03:28:03,2017-12-02 03:28:03
17cf1391e61d42e4be7354d7d7b97ceb,1f9a70ac74ad4768bcec23a32ea18b6f,5,Ótimo produto,Recomendo muito este vendedor!,2017-08-29 20:58:55,2017-08-30 20:58:55
6922fe7c9c04411eb145f1a05c0e906d,b8593dd2d43740be81a1969aa20e39d8,4,Ótimo produto,Recomendo muito este vendedor!,2017-09-11 00:58:55,2017-09-12 00:58:55
2cd866b1cae740f7a3d0a982b3a9972a,4e031e652f7c4136acde9f2458ebf259,5,Ótimo produto,Recomendo muito este vendedor!,2017-09-13 10:58:55,2017-09-14 10:58:55
26ecd598e427413895cf9460ee80e9d3,76c6a73273904f57ad2c155a3d5f91c3,3,Atrasou a entrega,Demorou para responder.,2018-06-29 15:56:37,2018-06-30 15:56:37
e344d97007644255afe35deebdcbaf95,9f73de24ea254ea0b50ce9579e9c886d,3,Atrasou a entrega,Demorou para responder.,2018-06-25 02:56:37,2018-06-26 02:56:37
1559ec66719243bd901c680c4297e672,9d52b0bf899e4b599b965fd0dcbd461f,5,Ótimo produto,Recomendo muito este vendedor!,2018-06-06 09:56:37,2018-06-07 09:56:37
bdd476b1412d476fbc0faac23b38953f,3ceb6fa8203541f8bca4209add6e0213,4,Ótimo produto,Recomendo muito este vendedor!,2017-07-14 17:34:37,2017-07-15 17:34:37
990169133e8d41d2bb4aa07f2db6ec31,fe62e1a06ae4488ea766efb07dc02b2c,5,Ótimo produto,Recomendo muito este vendedor!,2017-07-30 03:34:37,2017-07-31 03:34:37
6d4d2d54329543b9af89be24e50f8a4c,5435d14e8c024c3dae9283c91eee7b92,5,Ótimo produto,Recomendo muito este vendedor!,2017-07-22 08:34:37,2017-07-23 08:34:37
90dd0cd9de134d61be76a39a49c04e10,5ebc9993b21848a894b3d98249d3c81d,5,Ótimo produto,Recomendo muito este vendedor!,2017-07-22 17:34:37,2017-07-23 17:34:37
ff07048b833c410abfd8f3cdf3adca19,ddf3e373403244a786a6c8e27b2cc35e,5,Ótimo produto,Recomendo muito este vendedor!,2017-07-09 02:34:37,2017-07-10 02:34:37
427199fd28cf428a96ce1a8c36d8b560,1bf756d362ae409697a120983e8d111b,5,Ótimo produto,Recomendo muito este vendedor!,2017-07-12 23:34:37,2017-07-13 23:34:37
f00853afa90a4e9ba03bb32faa03cca4,a6d91550d0714f7491c3e8c6e4ec7dee,2,Atrasou a entrega,Demorou para responder.,2017-07-08 13:34:37,2017-07-09 13:34:37
d2c5ae5ff18b4687b84d71cb44365846,f35b376d753442c59b459b3340cc1abb,5,Ótimo produto,Recomendo muito este vendedor!,2017-07-29 23:34:37,2017-07-30 23:34:37
0d7a331302d44de0be7cdbf16dd6abcf,bb74453e0d434f2b99f249b199b3df3a,3,Atrasou a entrega,Demorou para responder.,2017-07-23 02:34:37,2017-07-24 02:34:37
c940eba809854a6f90561e9c7a3d47e8,0dfa220bf0704d4682d62df371369a39,4,Ótimo produto,Recomendo muito este vendedor!,2018-07-09 05:49:17,2018-07-10 05:49:17
1b7949ce3166423cbcd9f5c01b579d46,abd15c3544da4cfbaf6f569c90acea21,5,Ótimo produto,Recomendo muito este vendedor!,2017-10-18 17:48:43,2017-10-19 17:48:43
34c9dd6d22e441a09ce749922a90fbd9,c1a2bb8dce24488eb157e10afcd2d22b,5,Ótimo produto,Recomendo muito este vendedor!,2017-10-14 13:48:43,2017-10-15 13:48:43
58d8e66abdb84f31b830d0d9e81de970,e4650c8a5160429db53af4fca906ae0e,5,Ótimo produto,Recomendo muito este vendedor!,2018-09-05 04:12:15,2018-09-06 04:12:15
122751934eb841f98579d4264103f5cd,dad401dbd3024a1a99cb82a5812efa27,4,Ótimo produto,Recomendo muito este vendedor!,2018-06-15 11:12:15,2018-06-16 11:12:15
00e2e5f841074868a0c61c81c963850a,69c33e505e5545fbac3873edf9d59b1c,4,Ótimo produto,Recomendo muito este vendedor!,2018-07-21 13:12:15,2018-07-22 13:12:15
8ff2fbd6fa7b45fbb63b73a128e948ca,0f407f39bee04b99ba608bb8da899591,2,Atrasou a entrega,Demorou para responder.,2018-06-26 01:12:15,2018-06-27 01:12:15
ce752fdc923243c5b19443d4bf80d11f,e31ffcc4f7394e529d88ab003b14acbf,5,Ótimo produto,Recomendo muito este vendedor!,2017-10-04 01:45:26,2017-10-05 01:45:26
bbff3e0c6f7f4c248e35c9fe2aeeef22,490c94ee128047269805f369a8dd9cb5,5,Ótimo produto,Recomendo muito este vendedor!,2017-10-11 10:45:26,2017-10-12 10:45:26
b644704203c54dac9a6e2d425cbd519a,195ea0468ee448db9cb85ded708ee4ab,4,Ótimo produto,Recomendo muito este vendedor!,2017-09-02 03:45:26,2017-09-03 03:45:26
bff0233a9dad49869d5e56bdf0fa1e86,f08add0fac87497786f43ee27f9ac833,2,Atrasou a entrega,Demorou para responder.,2017-09-19 17:45:26,2017-09-20 17:45:26
eea8db75c4e04c59b22d91fd85ba614e,82df6944733441d98389bcdc0941a774,4,Ótimo produto,Recomendo muito este vendedor!,2017-10-25 18:45:26,2017-10-26 18:45:26
32b6e5cc07e745afbdb0ee6f4779bec1,2a1f114282d24f62bd7215c7b44e885d,4,Ótimo produto,Recomendo muito este vendedor!,2017-09-01 13:45:26,2017-09-02 13:45:26
eb9e50475b3f4a2684567188f1456a0c,5c84dcc49d6042ea98accd1fb69298ee,5,Ótimo produto,Recomendo muito este vendedor!,2017-09-05 23:45:26,2017-09-06 23:45:26
89521bb7ecb34490917139e5bb7ff26c,1ddacad8f2fd454e870c42b5d70f1282,4,Ótimo produto,Recomendo muito este vendedor!,2017-09-10 16:45:26,2017-09-11 16:45:26
6597eb4f0e904da6898a7f8d6dab9a52,4adcaa010d6a4a608609cc6f66fb678d,5,Ótimo produto,Recomendo muito este vendedor!,2018-04-11 05:17:25,2018-04-12 05:17:25
2dd16c57c64443bb8b845c4d02ef4ad1,b2997326397c4384a6623edd80dd209f,5,Ótimo produto,Recomendo muito este vendedor!,2018-01-05 01:04:44,2018-01-06 01:04:44
6af7a05542344cd3ad997de8aca59832,4705dc1859f5468a9b3f86109172ad16,5,Ótimo produto,Recomendo muito este vendedor!,2018-03-12 14:34:23,2018-03-13 14:34:23
9965fd7f19104e1d9a5de6c7218fa7d2,6916e737ce4441a593046f382d6d2f34,4,Ótimo produto,Recomendo muito este vendedor!,2018-03-25 10:34:23,2018-03-26 10:34:23
4dd4a7fa23044265ba046b790f847b5b,4d24e53a41e446e78b011d35766ce407,5,Ótimo produto,Recomendo muito este vendedor!,2018-03-11 05:34:23,2018-03-12 05:34:23
b988d2c077504a1d91f65800378921fa,159e11361099467c82b70d53227c9b45,3,Atrasou a entrega,Demorou para responder.,2018-03-18 18:34:23,2018-03-19 18:34:23
a9a2d207813140ecbfe36587d9b10e3f,c75a6f50ae4341a1b2e5b27f0c1b4972,5,Ótimo produto,Recomendo muito este vendedor!,2018-03-23 04:34:23,2018-03-24 04:34:23
745d1e5d788c4f3498d5441af91a9ad7,7525d8d8d891491d974a09a8dd84ecf3,5,Ótimo produto,Recomendo muito este vendedor!,2018-03-11 08:34:23,2018-03-12 08:34:23
a2fdcf89706341d685af8d8e9d6d5d48,efc6736c5fba407390b792ddc22ea31a,5,Ótimo produto,Recomendo muito este vendedor!,2018-03-15 04:34:23,2018-03-16 04:34:23
62aec9874750402f9fdac629a4fde60f,a363298bc73f488e9c39ed8087f849b2,3,Atrasou a entrega,Demorou para responder.,2018-03-17 08:34:23,2018-03-18 08:34:23
965e219b8ad64fee8a8234fc4c4f6edf,bdaaee02b1cf4abaade9618eca87fa88,4,Ótimo produto,Recomendo muito este vendedor!,2018-05-09 16:34:23,2018-05-10 16:34:23
d411bf7071c547198dfb1d284c295063,fd20477ffac94737886c149b5ddc0386,4,Ótimo produto,Recomendo muito este vendedor!,2018-03-17 07:34:23,2018-03-18 07:34:23
665016b073b04ad0b6819c39a072804d,c2da6951ad644cbe9c1dd7b410c18e78,5,Ótimo produto,Recomendo muito este vendedor!,2018-04-12 20:04:33,2018-04-13 20:04:33
386a39e6f53d450f9f083726007c4852,fff20bd1c9c94f5c88ed369ad7fa9231,3,Atrasou a entrega,Demorou para responder.,2018-04-17 23:04:33,2018-04-18 23:04:33
6b35003f326b43b595e31eec51019e69,57e7867c3d294d4cbca0d44087da770b,5,Ótimo produto,Recomendo muito este vendedor!,2018-04-26 01:04:33,2018-04-27 01:04:33
8ca9c56fed924c4a9fa681967d73a600,c812631a1e1b4a2aa87db5b64a236878,5,Ótimo produto,Recomendo muito este vendedor!,2018-04-16 18:04:33,2018-04-17 18:04:33
531ae10199ec4f769d989cc67ac63cea,92da9626bf8746a28c144582184f82bb,5,Ótimo produto,Recomendo muito este vendedor!,2018-04-06 20:04:33,2018-04-07 20:04:33
8a49057774f44885bfd71668acc071dc,73199980036f4813a183e86573274602,2,Atrasou a entrega,Demorou para responder.,2018-04-20 08:04:33,2018-04-21 08:04:33
c398deabb7104a248fc40e8d5983775a,d52c751f375d491dab9653a1ac7dbf92,3,Atrasou a entrega,Demorou para responder.,2018-04-14 17:04:33,2018-04-15 17:04:33
7e4a324dcf264bb8ae19f6677df7c2b9,4b3987dc69a344e88eb470abf2383c20,5,Ótimo produto,Recomendo muito este vendedor!,2018-04-12 18:04:33,2018-04-13 18:04:33
0ee78f7b344c48c99faf8e8a8fc3e07e,2a8903445a374419b2e45a21619fc7ca,4,Ótimo produto,Recomendo muito este vendedor!,2018-04-05 00:04:33,2018-04-06 00:04:33
41e1a9349732433e912fe649f222d940,b98a6d2c78304989b713e1fda022b6ac,5,Ótimo produto,Recomendo muito este vendedor!,2017-09-13 13:53:43,2017-09-14 13:53:43
3102e611c3d0427994aab2bca0e068f7,a9fd755088904009bc8b3d4a0d32ddf2,5,Ótimo produto,Recomendo muito este vendedor!,2017-09-26 19:53:43,2017-09-27 19:53:43
f4d457ae058241edbf905af45d5de3a0,fdc215b9e9734641a6d3ff6bfbe0f078,4,Ótimo produto,Recomendo muito este vendedor!,2017-07-04 03:54:13,2017-07-05 03:54:13
d99f534be1a94a1b846ed8eade446008,c8cae025442040c980d2bb5e7befa087,5,Ótimo produto,Recomendo muito este vendedor!,2017-07-01 20:54:13,2017-07-02 20:54:13
d6c7ac75e6f24604ad091ab25801c316,915c10fbf51e4406bfd71cbdf3116fbd,1,Atrasou a entrega,Demorou para responder.,2017-08-14 10:54:13,2017-08-15 10:54:13
9560a598cb644ac39b0273ded5c6f50c,36c133d62cfd4fda9c2e9bd6773acdc7,5,Ótimo produto,Recomendo muito este vendedor!,2017-09-17 01:54:13,2017-09-18 01:54:13
5dd110cbb1cb48879b123698e253ebc9,4fcb73df54e8440f8c24cad8eca7b804,3,Atrasou a entrega,Demorou para responder.,2018-06-27 05:52:24,2018-06-28 05:52:24
2b87d00ef81f4a52b5ba30dc5e355b67,ebc26f7e1840400eb770df2c9648b48d,5,Ótimo produto,Recomendo muito este vendedor!,2018-06-25 11:52:24,2018-06-26 11:52:24
f91fabec181e4e09b63f8ed3da304af7,dbf4bc937a2543708f4d6815b56ba059,4,Ótimo produto,Recomendo muito este vendedor!,2018-06-23 05:52:24,2018-06-24 05:52:24
254ff48590a543e48232eae2906ca703,25be991fb7b2408f873c80778825db0e,3,Atrasou a entrega,Demorou para responder.,2017-07-10 15:55:54,2017-07-11 15:55:54
bee654f6b66740e4a4b0539360226b90,df1d910a839a4f219c801c97f931aa27,5,Ótimo produto,Recomendo muito este vendedor!,2017-07-20 10:55:54,2017-07-21 10:55:54
1639a56eba9d473fa32832ccb7810587,64de8b5b70c141eaa01ef951f83b60d2,5,Ótimo produto,Recomendo muito este vendedor!,2017-07-25 00:55:54,2017-07-26 00:55:54
4b86f5bb48c6404cb908e9eb80ad17eb,79194de046e14aa0bfe6997b757587d9,5,Ótimo produto,Recomendo muito este vendedor!,2017-07-05 16:55:54,2017-07-06 16:55:54
3f274b14a61a447c9ac105a8302fbd1a,bb8a297a2a3842ddbe7a30a9e841ffb2,5,Ótimo produto,Recomendo muito este vendedor!,2017-07-08 00:55:54,2017-07-09 00:55:54
521f2861b7a84ee39a4cada8e2c22833,78de88b385ae401292d645cd906c4205,5,Ótimo produto,Recomendo muito este vendedor!,2017-07-02 03:55:54,2017-07-03 03:55:54
a143f1d6750c4411b2e16b3fc4fe2fa6,56a90d4550f34ab58612f9a86e5357a9,5,Ótimo produto,Recomendo muito este vendedor!,2017-06-29 04:55:54,2017-06-30 04:55:54
e093bf7fca074d7c8b75919120796152,76b36ad1531d420380de1b4d52c9994b,1,Atrasou a entrega,Demorou para responder.,2017-06-30 13:55:54,2017-07-01 13:55:54
319fad5fe7504299b1f8586ea7d4bba1,bd161dae5ad14504915ccc9f2a04199c,4,Ótimo produto,Recomendo muito este vendedor!,2017-07-11 11:55:54,2017-07-12 11:55:54
fd1c10d3aa3d483eb3274a91fa38196e,fd9fdabd28434d0d851fd07c4a99db37,4,Ótimo produto,Recomendo muito este vendedor!,2017-07-16 00:55:54,2017-07-17 00:55:54
37c821be19b947748dfdde9c3cbd1160,c3811051c59e42ad92f4d0af6b5df0d6,5,Ótimo produto,Recomendo muito este vendedor!,2018-03-29 22:10:50,2018-03-30 22:10:50
9517c0d3623c45719d69b0566f02cdfd,d91947a2211b421b9b98b8c72bf4abdb,3,Atrasou a entrega,Demorou para responder.,2018-03-27 17:10:50,2018-03-28 17:10:50
2dba889188ec4bca8d282e70ebc20c49,de0c3af599e54532bd7c7b5905bd775d,5,Ótimo produto,Recomendo muito este vendedor!,2018-03-25 04:10:50,2018-03-26 04:10:50
453ebb545f90483d9ce2b925a48840f4,52a2bf62f1eb4d63baf7a01eb14eb5e3,4,Ótimo produto,Recomendo muito este vendedor!,2018-03-17 23:10:50,2018-03-18 23:10:50
5c7d2652bf6f4cee8f7d34f1fa862328,20a47f2ea4724952bbe01d625d1cb151,5,Ótimo produto,Recomendo muito este vendedor!,2018-04-16 03:10:50,2018-04-17 03:10:50
6694d2ce19fd49ed83857f3c5ed522a2,74aa84e05e2c40038869d75a8af889e8,3,Atrasou a entrega,Demorou para responder.,2018-05-12 01:10:50,2018-05-13 01:10:50
06bb308358e2450a9844a40f69a7ee55,12d1a2fbe5804551a2c108073e1de780,5,Ótimo produto,Recomendo muito este vendedor!,2018-03-31 17:10:50,2018-04-01 17:10:50
df8968f55e7b4c0190811c28febaee78,52d4335ccf4e42a8ab272d50e89f1370,4,Ótimo produto,Recomendo muito este vendedor!,2018-04-03 03:10:50,2018-04-04 03:10:50
483bc2c444d048a78d35cd0985612466,0c7f5a29abad482a990c058ce95b5994,3,Atrasou a entrega,Demorou para responder.,2018-03-23 07:10:50,2018-03-24 07:10:50
3dcad7fe4eda4508ad0e57dc6285575a,7d0f476e62f54c29bf61887aa5bb6ee9,1,Atrasou a entrega,Demorou para responder.,2018-03-14 01:10:50,2018-03-15 01:10:50
07a7a771df6b4210abb945467b5419bc,442cb7ca5aef46d4babe851c8a672224,4,Ótimo produto,Recomendo muito este vendedor!,2018-03-20 16:10:50,2018-03-21 16:10:50
8bb94bf1561c4742a688aac8b1149626,29f3b486d3d74d1784e6c6dcf8368345,5,Ótimo produto,Recomendo muito este vendedor!,2018-04-16 04:10:50,2018-04-17 04:10:50
7ba306d61cfe4947ab541f0d9ab4e71c,d007d9da4c5143c18227c811b8e17bdc,5,Ótimo produto,Recomendo muito este vendedor!,2018-03-16 20:10:50,2018-03-17 20:10:50
20a7be1f04294118859c0aaca1947a3b,b0699458abea4a1eb4e8f3f6c5b2f82c,5,Ótimo produto,Recomendo muito este vendedor!,2018-03-13 14:10:50,2018-03-14 14:10:50
ae4279fb9e9c4db495ec0d78e9c2449d,c454a292e00944abb528501cbcac6ec6,5,Ótimo produto,Recomendo muito este vendedor!,2018-03-24 05:10:50,2018-03-25 05:10:50
bafee21377b342d6b77583dde15432c9,29f18263c6ac4c39b4a7a1393060421f,4,Ótimo produto,Recomendo muito este vendedor!,2018-04-01 21:10:50,2018-04-02 21:10:50
1c07e0d1de9545f0bce45112a66f61fd,3d4f841ead3b4067b69d0a153c9b2ddf,4,Ótimo produto,Recomendo muito este vendedor!,2018-03-13 15:10:50,2018-03-14 15:10:50
22099c14f6ae4666906a544a6278cfb4,110552f5790f4c2f828bf1ce0f128f42,5,Ótimo produto,Recomendo muito este vendedor!,2018-04-08 17:51:39,2018-04-09 17:51:39
dfec785c7e81469c85e921c4de668de4,c6723bbb1c7142968066e6aeffdaf10b,3,Atrasou a entrega,Demorou para responder.,2018-08-09 07:57:56,2018-08-10 07:57:56
cf1d90a98aec4a338ad2826f4e5f8b0b,f434999ef0254c45a5f4a659abf013ee,4,Ótimo produto,Recomendo muito este vendedor!,2018-06-20 23:57:56,2018-06-21 23:57:56
a120eb7d471547dd8c931c8440702771,7e42324d32bc4cff8b059ca163251638,5,Ótimo produto,Recomendo muito este vendedor!,2017-10-03 03:05:35,2017-10-04 03:05:35
9463b7b8986843ff9e87d73a3ff4c4fd,908a85145fbf4efa91b894df4dcdc85c,5,Ótimo produto,Recomendo muito este vendedor!,2017-10-16 13:05:35,2017-10-17 13:05:35
f591b7c38494439cb290c0273cd790b3,12e2ffa668e540428045f4fa11981ae2,4,Ótimo produto,Recomendo muito este vendedor!,2017-09-04 01:05:35,2017-09-05 01:05:35
788f5e5f548a43fe86ec048b99c61dcc,3b4b3b0e0142412399938df9ec10f39c,4,Ótimo produto,Recomendo muito este vendedor!,2017-09-10 08:15:49,2017-09-11 08:15:49
40aa346941db4f0e979e3f89be8f975b,59c924417b9049e2ada1b783317d70ba,5,Ótimo produto,Recomendo muito este vendedor!,2017-09-18 04:15:49,2017-09-19 04:15:49
9bbf3813581146e8a923fe47fa1291c1,149396f05188418cb059e590b44f638a,4,Ótimo produto,Recomendo muito este vendedor!,2017-09-09 19:15:49,2017-09-10 19:15:49
029a23246a0848e9a682caf7100abaf6,bc470f0e81194769a47ace0fdbc11a2e,5,Ótimo produto,Recomendo muito este vendedor!,2017-09-11 18:15:49,2017-09-12 18:15:49
d2585b92fdd043dab1cde0237fd847c9,87765af3ba74429b83a1a53ad11b63e6,3,Atrasou a entrega,Demorou para responder.,2017-08-20 08:01:27,2017-08-21 08:01:27
ab4a7e7146f0471996429d3cbda8b458,484826174bee4147a378b8c3227c7f4d,5,Ótimo produto,Recomendo muito este vendedor!,2017-09-02 09:01:27,2017-09-03 09:01:27
502cc567daa540dd967342c8f6305462,0d342f7c621247a393ed420fc3fed34f,4,Ótimo produto,Recomendo muito este vendedor!,2017-08-27 09:01:27,2017-08-28 09:01:27
e12d85e3fde44f108eca3690d4a36b4e,de0265f882614456ad385289fe35b250,5,Ótimo produto,Recomendo muito este vendedor!,2017-09-23 04:01:27,2017-09-24 04:01:27
473532e18a8e4ec6a4f6abf78a13ce8e,eb35e6cf6ff8407c88a8111da69c3e26,5,Ótimo produto,Recomendo muito este vendedor!,2017-08-22 09:01:27,2017-08-23 09:01:27
b23abd5938f14a82b57383b78ae858d7,ced9e2f3d2654da2ab41a0d0bcde5f8f,4,Ótimo produto,Recomendo muito este vendedor!,2017-07-05 05:04:41,2017-07-06 05:04:41
64ba9815bfe54790990240b40a52fd3e,4b855b183bf84c47971f3384bf806c42,2,Atrasou a entrega,Demorou para responder.,2017-06-17 23:04:41,2017-06-18 23:04:41
247dd9ecbbca426f8097a3d541ff945f,25b6b4d41c8e4b7181da277406024957,5,Ótimo produto,Recomendo muito este vendedor!,2017-06-20 00:04:41,2017-06-21 00:04:41
9b35559aa6d642d0868e6b84b5ed084d,7bf24c2caaa24617af4e14fb12a4f720,3,Atrasou a entrega,Demorou para responder.,2017-06-23 01:04:41,2017-06-24 01:04:41
91a9980270e94d5eb0cc376445b95894,2a68b8e2fa6b45899add8cc834da27a6,4,Ótimo produto,Recomendo muito este vendedor!,2018-07-10 03:09:26,2018-07-11 03:09:26
3d951cc826d2403da9cffba095b7bf5d,d37a642adfac4615ba4de3a3b139e4ba,2,Atrasou a entrega,Demorou para responder.,2018-08-01 01:09:26,2018-08-02 01:09:26
e7fbd47eb49447ac810a726da7c30a7c,3bf1922635de470080a5e1831fa5b8b2,2,Atrasou a entrega,Demorou para responder.,2018-06-27 18:09:26,2018-06-28 18:09:26
2b9621cca7b74d7ea45c5534f5d1ff75,be00d35f18ec4d219484a1fe261a06c5,3,Atrasou a entrega,Demorou para responder.,2018-07-16 04:09:26,2018-07-17 04:09:26
335d260efe8b4f3499bfbbb89e2ddbfb,fc109046af6b40eda13b74acc9300c87,4,Ótimo produto,Recomendo muito este vendedor!,2017-12-28 19:38:26,2017-12-29 19:38:26
7096c40ea0504d9eb3005d36ffaebd6d,7c924177f8234e84b09d044716b88be4,4,Ótimo produto,Recomendo muito este vendedor!,2018-01-01 00:38:26,2018-01-02 00:38:26
a869338c3baf4f9ba6bce4e54485dc4a,3edd7d9fc3ef4507a986e486f8cfb89f,5,Ótimo produto,Recomendo muito este vendedor!,2018-01-10 19:38:26,2018-01-11 19:38:26
a40935049e3f4723bb6dfa9c3952e3d9,3b3825ee84c343668b31e4536c61b6fd,5,Ótimo produto,Recomendo muito este vendedor!,2017-12-28 16:38:26,2017-12-29 16:38:26
111f3c1243a34e40ac270d3e8f0bea04,f5b0f46b8e4548948edcda31120ae996,3,Atrasou a entrega,Demorou para responder.,2017-09-25 01:46:35,2017-09-26 01:46:35
6f0cbfd041d2443db3524a1d620c5e38,dc6efe9299dd471ba816c3f5b4bc1aba,5,Ótimo produto,Recomendo muito este vendedor!,2017-10-05 18:46:35,2017-10-06 18:46:35
3eb0a133c3f54a63aee10e82d600f85e,a1225b459fa34185b166e960d93be52d,5,Ótimo produto,Recomendo muito este vendedor!,2017-11-10 02:46:35,2017-11-11 02:46:35
3f15c86008a5451d8600e3da90f23c3d,2326e71f95f8406999e35c31e2d1fa0b,5,Ótimo produto,Recomendo muito este vendedor!,2017-10-08 05:46:35,2017-10-09 05:46:35
0accb06901544687922b5cbe0fd6087c,734995c5465b47ed8486341f7187e99b,5,Ótimo produto,Recomendo muito este vendedor!,2017-09-25 03:46:35,2017-09-26 03:46:35
ea26a15016724be2ac386b4f0b4b523b,3b16f5cea5d443bb87500aa5e0279d0b,5,Ótimo produto,Recomendo muito este vendedor!,2017-10-02 03:46:35,2017-10-03 03:46:35
f3780d82077e45f28cfc69c8fab66a28,eba6e3b929d14960817ec659a50f211b,4,Ótimo produto,Recomendo muito este vendedor!,2017-09-25 16:46:35,2017-09-26 16:46:35
118c40c088c04b1597105589ada75f43,098e16cb08a8441785c9745fa6a0cc04,5,Ótimo produto,Recomendo muito este vendedor!,2017-09-28 14:46:35,2017-09-29 14:46:35
7ab47679a27b4851aed98ad94e4bc2ba,e37695ea71904b82b27eb34734f4fe6c,5,Ótimo produto,Recomendo muito este vendedor!,2017-10-04 11:46:35,2017-10-05 11:46:35
e8621d8509c84aa98f07ebde4be72d72,3ffca5b3ec1e4b4a95318d15d0ab2b6e,5,Ótimo produto,Recomendo muito este vendedor!,2017-09-29 14:46:35,2017-09-30 14:46:35
766fb10ad1e24ca89b9cf57930cf66d4,c1d1095e6b9a4f25ab2d51522e8e974c,5,Ótimo produto,Recomendo muito este vendedor!,2018-05-15 18:15:27,2018-05-16 18:15:27
bd082b5c17aa49a7a1d2da319f298496,34291b53146b4e849f2b45fa2e985166,5,Ótimo produto,Recomendo muito este vendedor!,2018-04-29 16:15:27,2018-04-30 16:15:27
db0844c505b64985a9495f0aebdbf72e,952b966fe3e64b7fa539e730d71fd88d,5,Ótimo produto,Recomendo muito este vendedor!,2018-05-24 21:15:27,2018-05-25 21:15:27
257bf89baeef4322a0d27e618a05c07f,70d7c48657c94050a2c7a4c322f157e0,5,Ótimo produto,Recomendo muito este vendedor!,2018-05-29 17:15:27,2018-05-30 17:15:27
a23b72479414437cab25cb55c090efc4,5dda57c8ae2d4771af4a9688fa9b4800,5,Ótimo produto,Recomendo muito este vendedor!,2018-01-12 21:15:40,2018-01-13 21:15:40
33cd7ca788b44e25bacce377e276e9c3,21b0baf8af744a0ba5bec3067f781bb3,5,Ótimo produto,Recomendo muito este vendedor!,2017-12-16 08:15:40,2017-12-17 08:15:40
8767928e73ef414cabf6df302743045e,5c5a7cc25cd441fab9b4f923cbe7d661,5,Ótimo produto,Recomendo muito este vendedor!,2018-06-28 00:12:47,2018-06-29 00:12:47
75c1fd9f8d5548bd85ef3787b54389ff,df7cb964e97d41e8a19aa6d1473253ba,4,Ótimo produto,Recomendo muito este vendedor!,2018-07-12 00:12:47,2018-07-13 00:12:47
bfbb169d61eb4a35806b46a7f7d832c7,35b8f4dcefb04fb3b4f6d4b05bd192e3,5,Ótimo produto,Recomendo muito este vendedor!,2018-06-07 03:12:47,2018-06-08 03:12:47
41802a7444bd4c2ba942f6deec602cfe,c6575222dbfa48bdada339b68acfd7e2,3,Atrasou a entrega,Demorou para responder.,2018-07-08 20:12:47,2018-07-09 20:12:47
603745c6559c41368760cb5bd94f838c,de1753e896f14dcab5f55c67382ce6ea,4,Ótimo produto,Recomendo muito este vendedor!,2018-07-10 16:12:47,2018-07-11 16:12:47
60af31501cb34266b300a79e2a63b345,1cb2ce250b0942578a334c3d21fe2ecc,5,Ótimo produto,Recomendo muito este vendedor!,2018-06-08 23:12:47,2018-06-09 23:12:47
47219b117a384c0d8281ce8f5c1d5c36,0b91d453bdb647a294d262e4f9a95383,4,Ótimo produto,Recomendo muito este vendedor!,2018-06-08 23:12:47,2018-06-09 23:12:47
eb6475ca35f74bed8bf633c01d6aa01c,6e2e0e2b07c64866b135a00d7fd3c5ff,5,Ótimo produto,Recomendo muito este vendedor!,2018-06-15 07:12:47,2018-06-16 07:12:47
d4d5c9b7bf964db2a633200398e05667,446fef7af2fd4ddfa7fc68b9aec6c124,1,Atrasou a entrega,Demorou para responder.,2018-07-11 05:12:47,2018-07-12 05:12:47
db4f7591266649bb9b94bf5d9d524f75,8df970a62f234ad791cd2b4264ae7c74,2,Atrasou a entrega,Demorou para responder.,2018-06-15 18:12:47,2018-06-16 18:12:47
d2456a5c89ee49e58dd20223c5c6cf77,1bb32dd1754a449a90fbd06274cb2de9,5,Ótimo produto,Recomendo muito este vendedor!,2018-07-27 09:12:47,2018-07-28 09:12:47
52159ec2d25346ae81d50352bd76fcba,31d79f5e1d9441e389ce66f8ab16497c,5,Ótimo produto,Recomendo muito este vendedor!,2018-06-08 06:14:59,2018-06-09 06:14:59
3fb7e2ef09514c77b8f868065919c302,3b322698bf6a4fb487b65e441a84ee63,5,Ótimo produto,Recomendo muito este vendedor!,2018-07-28 08:14:59,2018-07-29 08:14:59
171a7b5fe92646a7b6e30204238f1485,5274e523e4d44d909a335bda6c9e0bfa,4,Ótimo produto,Recomendo muito este vendedor!,2018-06-17 22:14:59,2018-06-18 22:14:59
17622212d13d4c3c8f132ffa63ba5572,558340dd37b34dda8a19ae03bf6da2f7,5,Ótimo produto,Recomendo muito este vendedor!,2018-06-12 06:14:59,2018-06-13 06:14:59
0a0c93ba74f241c1af3855da0b0ad8e3,eae48312e7e1497e84dda36fd9812201,5,Ótimo produto,Recomendo muito este vendedor!,2018-07-21 09:14:59,2018-07-22 09:14:59
6eb4be2669874c2ba91b2824253d68e9,2113a702531a436fba95430be20e2f67,1,Atrasou a entrega,Demorou para responder.,2018-08-05 08:14:59,2018-08-06 08:14:59
d77e69a26e4a4a17bfcdb3042a3aec6c,522d7f2531424e27b9918cf765d2e1de,5,Ótimo produto,Recomendo muito este vendedor!,2018-07-11 13:14:59,2018-07-12 13:14:59
1a750bb277474568bcf3d8856981fad0,ee3efa5554e84d808f0501242f9c627d,4,Ótimo produto,Recomendo muito este vendedor!,2018-06-13 10:14:59,2018-06-14 10:14:59
2a5b83ea4dac4d0e8fc808cbcef2e29d,73ccb92e575d4fcea7373da8fcf43e45,5,Ótimo produto,Recomendo muito este vendedor!,2018-06-23 01:14:59,2018-06-24 01:14:59
a2a0d020a87e4c6ab5c2dbb144790d32,3df58b42a7414cb79dd9c5fccfdc2e54,4,Ótimo produto,Recomendo muito este vendedor!,2018-06-14 02:14:59,2018-06-15 02:14:59
c2b72947014b47249d39db925809b35a,f11585ffd61d4e4883575c77ac5c21b5,4,Ótimo produto,Recomendo muito este vendedor!,2018-07-12 12:14:59,2018-07-13 12:14:59
eb0badc60b164cbe86c7a195d24695ab,17eaa5bba6a8447d8847150a82b18638,5,Ótimo produto,Recomendo muito este vendedor!,2018-06-17 13:14:59,2018-06-18 13:14:59
0aa0143ebd6b40cba2c1f8f7329f21e5,14ed53d2a2374126a3c327c37221d276,5,Ótimo produto,Recomendo muito este vendedor!,2017-08-10 21:30:08,2017-08-11 21:30:08
99effffbb4264fefac904d1f9310c60b,275e937974e14583a51d054433fb96e3,5,Ótimo produto,Recomendo muito este vendedor!,2017-08-27 23:30:08,2017-08-28 23:30:08
b9b1b2c016124c11b9bd143a1d8c338a,bec35616e38841ea985d08eda24f7c39,5,Ótimo produto,Recomendo muito este vendedor!,2017-08-31 00:30:08,2017-09-01 00:30:08
9deb41bed57a4a9ba0d25ba13679cf61,9da90c7d2b18463cb19b73abda205f0c,5,Ótimo produto,Recomendo muito este vendedor!,2017-08-01 23:30:08,2017-08-02 23:30:08
08cb022d15934f75b99cdde12c8a4849,8c9da273892a4307a4718698587d63ed,5,Ótimo produto,Recomendo muito este vendedor!,2017-11-04 07:30:08,2017-11-05 07:30:08
878b29b43a8545d2b0f02631989fe556,d9de3ed64914487892ff206daa3cdd9c,4,Ótimo produto,Recomendo muito este vendedor!,2017-07-24 06:30:08,2017-07-25 06:30:08
419033331260424b99481cb37cb3ca20,0a6c09da34b94337a56a590b17e41879,5,Ótimo produto,Recomendo muito este vendedor!,2017-08-04 02:30:08,2017-08-05 02:30:08
365206b692a1451dbd5adb155b55712a,90843662d3884182955be92e427c6f15,4,Ótimo produto,Recomendo muito este vendedor!,2017-08-01 22:30:08,2017-08-02 22:30:08
4401c478e13d41019d383358ae9e2c1a,8038fca2caef4754a77c9598cc210c13,3,Atrasou a entrega,Demorou para responder.,2017-08-15 21:30:08,2017-08-16 21:30:08
d0b5b7979eca4cb7894c5e9986de53c5,fb123c56d89849168c70f1900795b47c,5,Ótimo produto,Recomendo muito este vendedor!,2017-07-22 21:30:08,2017-07-23 21:30:08
a60f94778a8f4b198dc526b33cd2ecac,4d5d2ab6fbcf4a7087ceef5f1b6a6b02,5,Ótimo produto,Recomendo muito este vendedor!,2017-07-23 02:30:08,2017-07-24 02:30:08
b10e13b1c161413a98a38b58ba6a36ff,80bd5133996e4be19d5e040ee3453474,5,Ótimo produto,Recomendo muito este vendedor!,2017-08-01 10:30:08,2017-08-02 10:30:08
23914040fa9b4a5c9badf551ef7596a1,2f959088dbbc451484614618f3576022,4,Ótimo produto,Recomendo muito este vendedor!,2018-06-26 03:31:01,2018-06-27 03:31:01
756c04c2f10843e7b5ac81895b998730,aef60dcdad89473998878723cbebc7ee,1,Atrasou a entrega,Demorou para responder.,2018-07-10 08:31:01,2018-07-11 08:31:01
8882da81afd548c79def0a5bc8b71949,d151b886f69f42e0bd261d07c7abd4d7,3,Atrasou a entrega,Demorou para responder.,2018-06-12 21:31:01,2018-06-13 21:31:01
a5940a6aefb743b18dab989ee45212d3,dcc29d464f914acba94b891f0c064388,5,Ótimo produto,Recomendo muito este vendedor!,2018-05-01 19:17:00,2018-05-02 19:17:00
8b56f6d9549f4915879865d9eb73c055,3a2e4a7913bd4a598fc2026f09fc3273,5,Ótimo produto,Recomendo muito este vendedor!,2018-02-14 10:27:00,2018-02-15 10:27:00
9746fc0baef74d70bc2a010ba82c2a6a,684a655d259848a7b9c3c3e722959749,5,Ótimo produto,Recomendo muito este vendedor!,2018-03-06 12:27:00,2018-03-07 12:27:00
93d27d9be60f40c6b600e8df8c7ed7c7,d85f8740911544e3939b09badf2ba4f8,2,Atrasou a entrega,Demorou para responder.,2018-02-27 03:27:00,2018-02-28 03:27:00
f23786929b2b41dcaf2cce930d9c926c,1b703a540a074d19830503f08979e0ca,5,Ótimo produto,Recomendo muito este vendedor!,2018-02-12 13:27:00,2018-02-13 13:27:00
a31108109e264b58bedbe765f94f19ba,f8e17841d30149e3908070a845d2b8f8,5,Ótimo produto,Recomendo muito este vendedor!,2018-02-16 16:27:00,2018-02-17 16:27:00
5cfca5335bc34289873da1720826a4e1,9ddbe541293f4bbfa75f86e5f27604ba,5,Ótimo produto,Recomendo muito este vendedor!,2018-03-08 14:37:00,2018-03-09 14:37:00
cd312a815ab5411eb2525994acdc9895,c3aab65948b04a4e9fbf7ebe7c1254ac,3,Atrasou a entrega,Demorou para responder.,2018-01-26 07:37:00,2018-01-27 07:37:00
528169ba31b44f01a3571cdfab7436f8,e4c556ed72fe4a85861ba05da0954d13,5,Ótimo produto,Recomendo muito este vendedor!,2017-09-26 18:30:34,2017-09-27 18:30:34
532c6f109e784c43a93726e73747d3ac,35dc7e212e76433aadb2d98adc8e16b3,4,Ótimo produto,Recomendo muito este vendedor!,2017-09-22 16:30:34,2017-09-23 16:30:34
1b77e84ccdec46f6b79733f4a95109ea,b9a6733f5df746668f9967900cd215fd,5,Ótimo produto,Recomendo muito este vendedor!,2018-05-02 09:03:14,2018-05-03 09:03:14
cdb688c02fbc46c9a13037bbef6d34c8,9783104296ae46a98920d9508a05f2d8,5,Ótimo produto,Recomendo muito este vendedor!,2018-05-16 16:03:14,2018-05-17 16:03:14
fd8ba51ccedf4581bf10b2b4062e7b43,2bca602ef0ed4fdc9fbe0231ae13c7fd,5,Ótimo produto,Recomendo muito este vendedor!,2017-12-21 11:05:40,2017-12-22 11:05:40
2cb8dd9e098944a0a6ac9fe544076848,313473a9c1a5471fbce9fd55d6804be7,5,Ótimo produto,Recomendo muito este vendedor!,2018-01-04 23:05:40,2018-01-05 23:05:40
f0347f1ab2b648c28384a13ac1003473,a23a8133f3db45ee90bcd3db90a2fd35,5,Ótimo produto,Recomendo muito este vendedor!,2017-07-12 21:13:38,2017-07-13 21:13:38
8d35cfdc5d424fd7b6b38afe8f8534c7,9ea1b06fa8c34a15a922417a8ce9882d,4,Ótimo produto,Recomendo muito este vendedor!,2017-07-16 13:13:38,2017-07-17 13:13:38
8ed3320fc4a24ae899e9fad3659b383e,3d1a70d347a043a0a476944196b93529,5,Ótimo produto,Recomendo muito este vendedor!,2017-12-26 03:49:38,2017-12-27 03:49:38
80b84c10d675425e9d7e7f1a3b311370,6647bdd42a65429e99da599f36bbaeef,5,Ótimo produto,Recomendo muito este vendedor!,2018-01-02 11:49:38,2018-01-03 11:49:38
bd743dc4fe214a84bc04a2cd0c4d4eb8,aec72808e1e84ad4b8b1d32eb02f4255,5,Ótimo produto,Recomendo muito este vendedor!,2017-12-25 13:49:38,2017-12-26 13:49:38
0c5d213019a84162b7232264534f3d8b,03c2b72942d942be874a961671ae650e,1,Atrasou a entrega,Demorou para responder.,2018-01-03 22:31:57,2018-01-04 22:31:57
ebbbb40b40db4144a1ae70449cf67ba8,7c770f7361884a23a032b422803ab1f4,4,Ótimo produto,Recomendo muito este vendedor!,2017-11-28 14:14:17,2017-11-29 14:14:17
90ce3fcdbc7e4dcdbeb6f3532801c8d2,139257b213764c44af6f3d0a9b3a70ea,3,Atrasou a entrega,Demorou para responder.,2017-08-02 17:39:52,2017-08-03 17:39:52
022d236365f84598b2c00825f00b66a1,d924df1e053a48bcbd16878114125b31,3,Atrasou a entrega,Demorou para responder.,2017-08-09 22:39:52,2017-08-10 22:39:52
02a045d10df44ce99694b3895c64f2e1,649722f4379041048d295be9b5492b99,5,Ótimo produto,Recomendo muito este vendedor!,2017-08-16 07:39:52,2017-08-17 07:39:52
10a1604099e54b67aed2d91a700452a9,7a783588e19a4586a934c4ec44b1ef9f,5,Ótimo produto,Recomendo muito este vendedor!,2017-12-07 03:35:59,2017-12-08 03:35:59
e9083af3ca634fa79c8f52e1f918e230,3a7a0c5937294ce4865ce75cf0a8d49b,5,Ótimo produto,Recomendo muito este vendedor!,2017-12-28 05:35:59,2017-12-29 05:35:59
a1cfe67e0b754ed49d3dfaabe84f7128,2b866f903583451b9bfeff57434f3f84,5,Ótimo produto,Recomendo muito este vendedor!,2018-03-21 01:33:42,2018-03-22 01:33:42
bdb9bd819f554d95a7940f87617a7672,fb28cd78f8264c70b09f22c14b387300,4,Ótimo produto,Recomendo muito este vendedor!,2018-03-23 05:33:42,2018-03-24 05:33:42
0df466f9504c40a9b4b0e6149ddc3258,a98e3d2d4f454f1db9abcf66a0dec2f6,5,Ótimo produto,Recomendo muito este vendedor!,2017-07-29 16:31:30,2017-07-30 16:31:30
60d76f2edd9448f4a45b22ccfc6a9f38,b2f86686dacc4c51b3e7c1ce55a273b4,5,Ótimo produto,Recomendo muito este vendedor!,2017-08-10 20:31:30,2017-08-11 20:31:30
2817e98db0d841ef9360c6a03176f9c9,b855b9dd50134408af8aaee0bfd82792,5,Ótimo produto,Recomendo muito este vendedor!,2017-08-17 09:31:30,2017-08-18 09:31:30
8868d949e7f44e4fbef7dc1bf549ceda,7f0f45ec05fd47c2a42def597c589a5e,5,Ótimo produto,Recomendo muito este vendedor!,2017-08-01 00:31:30,2017-08-02 00:31:30
6c0922f0d5824522bbe9fbcd7595ec03,702b3e889ac14384959231c0521d3d5c,2,Atrasou a entrega,Demorou para responder.,2017-07-31 21:31:30,2017-08-01 21:31:30
22bc6f2d81a4437280279b5a948be55b,7bc055dfb9334ac3929d2035bb67ff2f,5,Ótimo produto,Recomendo muito este vendedor!,2017-08-06 19:31:30,2017-08-07 19:31:30
26f4129b221e4deca1d6282669d0465f,64be5cd0bfb24669b1b7552f0796076c,5,Ótimo produto,Recomendo muito este vendedor!,2017-09-14 22:31:30,2017-09-15 22:31:30
b4ae92508a57498fa4e982d67ef429d9,e6c581db71cf4e4abe46e5818dc4baab,4,Ótimo produto,Recomendo muito este vendedor!,2017-08-20 09:31:30,2017-08-21 09:31:30
7e22af9fa75940299f57c8f0a6f514d0,2d1092b275d54b20bb748cea840f0f4a,4,Ótimo produto,Recomendo muito este vendedor!,2017-08-14 10:31:30,2017-08-15 10:31:30
b479dac3c7fe40a89ae0ceab31beb13c,05e88e6e38064e17889ccb44cdca39ee,5,Ótimo produto,Recomendo muito este vendedor!,2017-08-21 22:31:30,2017-08-22 22:31:30
d15bef1df5024c7f9c5d5417d48ce40b,c2d13f3ce0c24ba68ce19e9a0751face,5,Ótimo produto,Recomendo muito este vendedor!,2017-08-22 08:31:30,2017-08-23 08:31:30
6b0d1791ed504a40be6f35aabde83ffc,e961170c168f4d6aa9c2760dfff6702f,4,Ótimo produto,Recomendo muito este vendedor!,2017-08-29 19:31:30,2017-08-30 19:31:30
9874e540a0b64ac1906fad4d212cecc5,53dd4fd626e54db5a20c7570e9c4c48e,5,Ótimo produto,Recomendo muito este vendedor!,2017-10-31 18:31:30,2017-11-01 18:31:30
553bef8854054bd480a36b982e86ab21,7a7f58b761e54a999e3c4dffaafcbb32,5,Ótimo produto,Recomendo muito este vendedor!,2017-10-05 11:31:30,2017-10-06 11:31:30
2f275432d04f46ffba34ead0ee0607f9,cf9f0383e91140f2ba7d6e5c47dc2f63,5,Ótimo produto,Recomendo muito este vendedor!,2017-08-15 19:31:30,2017-08-16 19:31:30
f2ff9fa40c924c488145c0ac2c8685c8,c30a765131064bfe8781efa6dc8dbebd,3,Atrasou a entrega,Demorou para responder.,2018-05-30 01:19:01,2018-05-31 01:19:01
1f0e2a18b922486cbd293fcef1ba2b9d,a3123493bea74ae09563ecab82763d2e,3,Atrasou a entrega,Demorou para responder.,2018-05-25 19:19:01,2018-05-26 19:19:01
8b280e8192a94194b2b5715f187e5a19,446bb4c2164a4f028fabc1ceb7d015ab,5,Ótimo produto,Recomendo muito este vendedor!,2018-05-31 08:19:01,2018-06-01 08:19:01
5d76096fb9554ba4a15aa27597e2d29c,d2a070ae9f38456a8d53101902b1fc75,5,Ótimo produto,Recomendo muito este vendedor!,2018-05-27 21:19:01,2018-05-28 21:19:01
62449705b634493d965cc17f846dedb7,4dc28c27dab947118274180c47769a49,5,Ótimo produto,Recomendo muito este vendedor!,2018-06-05 05:19:01,2018-06-06 05:19:01
8376a689b3284f5ab9d00e4c80da9035,eea28069e50a4fd39cd3bd64172d301d,5,Ótimo produto,Recomendo muito este vendedor!,2018-03-13 19:40:26,2018-03-14 19:40:26
c732251a2d674a3c8167baaf0b3ccefc,03061fcafe874017b1a35678ce63cea7,5,Ótimo produto,Recomendo muito este vendedor!,2018-03-20 11:40:26,2018-03-21 11:40:26
688482c9026d4a29bc6f89e3203d3441,2b245a2154bc4609ad57735b1a15ff09,4,Ótimo produto,Recomendo muito este vendedor!,2018-03-02 17:40:26,2018-03-03 17:40:26
e60b1fa097c744c8a46b5d3075e41c83,1a3cfcb969b64d1c8271ecf474e67f8e,5,Ótimo produto,Recomendo muito este vendedor!,2018-05-10 05:40:26,2018-05-11 05:40:26
24147ab9e9514ac593a7c3c61e9e70c7,6e278cfd83ac41c889513d71a4f947a0,5,Ótimo produto,Recomendo muito este vendedor!,2018-03-01 18:40:26,2018-03-02 18:40:26
eb19ec5816f144d68a88c339570c3810,fc4c7980ffbb4718bd11c842fb2ae15c,1,Atrasou a entrega,Demorou para responder.,2017-07-25 17:16:41,2017-07-26 17:16:41
6b98898e4bc144819bc8c46c722f1bd3,799f121e173e4d53aca88be6ce83b75c,5,Ótimo produto,Recomendo muito este vendedor!,2017-08-15 23:16:41,2017-08-16 23:16:41
c33cfa1ede084df6ad679d60762aa0f7,b1bff3c1561644589ecb921ca76f2939,2,Atrasou a entrega,Demorou para responder.,2017-08-12 05:16:41,2017-08-13 05:16:41
6c60f668721e4c4ba8843a5021c4f098,20897fdc6db9402f9e61d86fde39326f,5,Ótimo produto,Recomendo muito este vendedor!,2017-08-28 12:16:41,2017-08-29 12:16:41
acf44b4ab700435d8dc17f2a5cb7fc65,208f8f88a8ee4c48930d47715d501156,5,Ótimo produto,Recomendo muito este vendedor!,2017-07-18 11:16:41,2017-07-19 11:16:41
5202b88e1f5c444bbd3c550f1e517b05,856df89d3fa94e88ada1b6be69df9f16,3,Atrasou a entrega,Demorou para responder.,2017-07-24 10:16:41,2017-07-25 10:16:41
bbd4d8392500406f8477bc751043e722,dfe047c434c54c288967965ce9124f45,2,Atrasou a entrega,Demorou para responder.,2017-07-28 04:16:41,2017-07-29 04:16:41
4b01ec25550846bda9cffab938abbba8,ee04cda78a974eb1842f6ce90568a466,5,Ótimo produto,Recomendo muito este vendedor!,2017-07-22 17:16:41,2017-07-23 17:16:41
fd6d08abae36477492a5b86079c11a2f,91c36d067f8e49bf90d97b41b81df4cb,1,Atrasou a entrega,Demorou para responder.,2017-07-23 06:16:41,2017-07-24 06:16:41
7ffc28d5e0b1424e9dfa58292e60237d,be6f80cf6c184cfe8fe09fb118fd31bf,5,Ótimo produto,Recomendo muito este vendedor!,2017-08-01 23:16:41,2017-08-02 23:16:41
302c245fdca0437eb58f05f263d6f4c1,d9ae6fe551e240f7998fd0480e292677,5,Ótimo produto,Recomendo muito este vendedor!,2017-07-18 10:16:41,2017-07-19 10:16:41
9acfb6c2b6d14b37bb51242bf410016c,3064ff04e91c461fa2d77954a46cc40e,5,Ótimo produto,Recomendo muito este vendedor!,2017-09-03 07:16:41,2017-09-04 07:16:41
606d7a2f49b54fd9bff171a6b90578fb,dea9bf26a1454f148ec89242b78e8f53,2,Atrasou a entrega,Demorou para responder.,2017-07-21 09:16:41,2017-07-22 09:16:41
8de1e70e3d1546118815fec71867cb7f,f35cfe57bd8d458ab9f3ca86bf48d7ad,4,Ótimo produto,Recomendo muito este vendedor!,2017-08-02 05:16:41,2017-08-03 05:16:41
4b147a5a2baa435c96bedc4040df8f4b,fa3da08ee2464875890a86d9ce57a323,3,Atrasou a entrega,Demorou para responder.,2017-08-09 20:16:41,2017-08-10 20:16:41
9fea3b611ca740c587ca4405713bbd41,9313233c135e4c9bba5fd98d8ded1549,5,Ótimo produto,Recomendo muito este vendedor!,2017-07-20 08:16:41,2017-07-21 08:16:41
4baafc7537be4265b1d8df6b50228f14,4cda655a41014688b6c3daf028b5dfd3,5,Ótimo produto,Recomendo muito este vendedor!,2017-08-01 01:16:41,2017-08-02 01:16:41
17142bc91c7b4235b7002d639a26fbe0,26a0d30e661c4579a9d9b2e4006cb229,4,Ótimo produto,Recomendo muito este vendedor!,2017-07-24 23:16:41,2017-07-25 23:16:41
3c342e17ee154891be1d09cdd0f4e368,85749c6635264429843c8e02ef517d81,5,Ótimo produto,Recomendo muito este vendedor!,2017-10-12 11:42:40,2017-10-13 11:42:40
180c26a5d1b94c3ebe59ed7b8995439c,01ac899d44a34025b4b512e04a196684,4,Ótimo produto,Recomendo muito este vendedor!,2017-10-19 18:51:33,2017-10-20 18:51:33
96df58f5888a46b193c221598fb51d0a,c50b3223d1844b6f82e659b467a0a8ef,5,Ótimo produto,Recomendo muito este vendedor!,2018-02-14 18:41:40,2018-02-15 18:41:40
6df33d3fd9a1413c8a01f6379b5d8045,00bcf9fbd5b2489e8cbef90dbb444fab,4,Ótimo produto,Recomendo muito este vendedor!,2017-12-04 16:41:40,2017-12-05 16:41:40
bb8762f1632e400197d67cec6376f9c4,8b2f39dd93d24effba1d49040dae8afb,5,Ótimo produto,Recomendo muito este vendedor!,2017-11-29 15:41:40,2017-11-30 15:41:40
9adfab252fe9443e8725fdf3f63832ca,cf75bb90d7b549b6958367900c630a44,5,Ótimo produto,Recomendo muito este vendedor!,2017-11-11 17:41:40,2017-11-12 17:41:40
19e5faba0b4a4dee8b5c3bd44d770177,047b6d475a73437399310b0a734341b8,5,Ótimo produto,Recomendo muito este vendedor!,2017-09-29 01:23:29,2017-09-30 01:23:29
7fda3cb174aa41ab812f018b8b162660,d26474bddadc49d48383823df9742a36,5,Ótimo produto,Recomendo muito este vendedor!,2018-07-09 02:41:05,2018-07-10 02:41:05
4f59e0d260704ae38107bf80b1293481,99217d2fc4e4443da9802bceca6707d5,1,Atrasou a entrega,Demorou para responder.,2018-06-13 23:41:05,2018-06-14 23:41:05
c8a7ce4fffad4466b3026c2fdfc49c15,f0e7718757e14857b0771761ad470aa0,5,Ótimo produto,Recomendo muito este vendedor!,2018-06-10 13:41:05,2018-06-11 13:41:05
2e30cd07b1484667ba19664e7d8da197,1adeae12ae914ef991ea8f623f745315,1,Atrasou a entrega,Demorou para responder.,2018-06-09 01:41:05,2018-06-10 01:41:05
ecc81377868e40d18cab18b9484e66ce,355bdd68959b48eba3930d00a48a95d3,5,Ótimo produto,Recomendo muito este vendedor!,2018-07-11 13:41:05,2018-07-12 13:41:05
8e81b7e4eee34507a7d84e6bed37b117,4191aa17a47d43ddb6fcf9108ee28629,1,Atrasou a entrega,Demorou para responder.,2018-06-17 03:41:05,2018-06-18 03:41:05
971d33b7b8bc4d748c91c3eb6a3063bd,dc3f2aa4b8aa443aa56efaa4ebc382fe,5,Ótimo produto,Recomendo muito este vendedor!,2018-06-28 06:41:05,2018-06-29 06:41:05
f422c508b4864fb9bcec0ddc37b4d2ec,654a83466b664a389efabffce65d4d91,3,Atrasou a entrega,Demorou para responder.,2018-06-27 19:41:05,2018-06-28 19:41:05
f1ae2242d46043728db24fe0a34c4b89,e408b1b9fc9641388aa873877ee400e0,5,Ótimo produto,Recomendo muito este vendedor!,2018-06-24 01:41:05,2018-06-25 01:41:05
5b6c913992064c75ab2efea83c1b4037,c6a8c09fda5e477cadbfbeb7abb2a47c,5,Ótimo produto,Recomendo muito este vendedor!,2018-06-19 13:41:05,2018-06-20 13:41:05
b0c7388572d64acb8fee8b4589caff4d,c950cecb94ab442f94d536c14dd1992c,5,Ótimo produto,Recomendo muito este vendedor!,2018-07-30 14:41:05,2018-07-31 14:41:05
065b3858bac84f8d81f299b16aa26f87,7cc05852ee854b17bc4a61cb74ddd0fc,2,Atrasou a entrega,Demorou para responder.,2018-06-12 23:41:05,2018-06-13 23:41:05
a2982eeec52540c1b39da7c011bf8470,735fe66e5c1642f89eb84c9c9750c5c9,2,Atrasou a entrega,Demorou para responder.,2018-06-08 08:41:05,2018-06-09 08:41:05
f94f23bd56d4459baef8996b44d840a5,c871b00ad8cf43499fd3898fcad3e796,1,Atrasou a entrega,Demorou para responder.,2017-10-21 11:55:11,2017-10-22 11:55:11
ad6ff2dd91d0480aac5a39b2846a6c9e,afe4e7fc2ae14caa8f38aaae018e98e2,5,Ótimo produto,Recomendo muito este vendedor!,2017-08-27 14:40:00,2017-08-28 14:40:00
d7858b12404a454f84d8e95cefe6e53c,6999acfe9c134abebd30e68623900b49,5,Ótimo produto,Recomendo muito este vendedor!,2017-09-16 08:28:21,2017-09-17 08:28:21
917b9eac6cd54e89b8c622014734aa98,422447751eaf443eb35691b73674c05b,2,Atrasou a entrega,Demorou para responder.,2017-09-06 04:28:21,2017-09-07 04:28:21
28ff0457b82841fda8410702c0c81e0e,271b4438d7804a5c902ce797a44ccd50,5,Ótimo produto,Recomendo muito este vendedor!,2018-06-24 20:58:18,2018-06-25 20:58:18
2580856b5f4244528634165f5b492cde,16e7f3080f6e4213bfe6d72b27e9b5fa,5,Ótimo produto,Recomendo muito este vendedor!,2018-07-10 22:58:18,2018-07-11 22:58:18
0e54ee572d714c1397407b9746ad4678,2a9fc132f6074249a50ee9907d1db906,3,Atrasou a entrega,Demorou para responder.,2018-07-04 01:58:18,2018-07-05 01:58:18
f332a48442644ed4a4ccd9f5bbd6507e,c34b50cb724349bcabb9460d9e505a37,5,Ótimo produto,Recomendo muito este vendedor!,2018-07-16 11:58:18,2018-07-17 11:58:18
0600426a066d41b1986a6efc87c0ca64,478a6d3b4acf402fb9e3f7f5d90004c3,5,Ótimo produto,Recomendo muito este vendedor!,2018-06-28 01:58:18,2018-06-29 01:58:18
f13836eb875d47eda039ce1e38e20ad1,13b952529e514380b17ae94b2bc0efc9,4,Ótimo produto,Recomendo muito este vendedor!,2018-07-09 00:58:18,2018-07-10 00:58:18
f20568ec6da34bc6b812b69e035ec78a,e728f060024647f6a8e9a04e31accd94,5,Ótimo produto,Recomendo muito este vendedor!,2018-04-09 07:44:23,2018-04-10 07:44:23
7f8bf5a61f0740df94ca1db3af20c9cf,08b661a1d0964afa8787e3ff64da2569,5,Ótimo produto,Recomendo muito este vendedor!,2017-09-18 01:31:15,2017-09-19 01:31:15
a8b37be049634b93930bdef48849f1b4,8034a8df844045ca823c20db6393cf88,5,Ótimo produto,Recomendo muito este vendedor!,2017-08-26 22:31:15,2017-08-27 22:31:15
6812a5d53dd246e39145c9c4491a39f6,74487ccc29bd49b8a47f403797569805,1,Atrasou a entrega,Demorou para responder.,2017-11-14 13:31:15,2017-11-15 13:31:15
a8d34bf5f23e4984a8616d9dd20d7535,f05db41abbd6485c8dfe55a479c71e8d,5,Ótimo produto,Recomendo muito este vendedor!,2017-08-29 15:31:15,2017-08-30 15:31:15
fd4625f91ce74a28ba0ffe6634b07cd7,30bf77dde43d42cfb116303547c7a190,5,Ótimo produto,Recomendo muito este vendedor!,2017-09-02 20:31:15,2017-09-03 20:31:15
544a94406bdd48918f25758b736b4dc7,72fe031a1c9e4bd79adc9cceb94e4cf7,4,Ótimo produto,Recomendo muito este vendedor!,2018-04-01 07:56:05,2018-04-02 07:56:05
8ddd526b784849d29816474d778e9aa6,55c30976d5494216b925cd86ddf9093b,5,Ótimo produto,Recomendo muito este vendedor!,2018-04-09 21:56:05,2018-04-10 21:56:05
e0013d4d5401470c96852c9f8260576c,4d5d4b5c74a8482297187f04c74f73fc,5,Ótimo produto,Recomendo muito este vendedor!,2017-08-31 23:11:15,2017-09-01 23:11:15
47c6647f3c954133af68db61bffa5905,d2a208cbb1b94ff5a956d13efe4ce7bb,3,Atrasou a entrega,Demorou para responder.,2017-08-13 11:11:15,2017-08-14 11:11:15
64c9288f00e546acb501956926199b9a,9ce6a930cca34da3ae96cc6f42af5309,5,Ótimo produto,Recomendo muito este vendedor!,2017-08-27 22:11:15,2017-08-28 22:11:15
3752e05d4d024febae0d3d78ea28e559,86cf976a33fc4da1ac81d3ea2af9d06d,5,Ótimo produto,Recomendo muito este vendedor!,2017-11-15 18:05:50,2017-11-16 18:05:50
10fc82e1980c4b2facfdd40fb1a8051b,b4386e90253b4b38bd83868ccc91afa1,5,Ótimo produto,Recomendo muito este vendedor!,2017-11-26 04:05:50,2017-11-27 04:05:50
3b494913f4294710a087f8355c505e4a,61d163d6f0c9419594298f8fb6cddcea,5,Ótimo produto,Recomendo muito este vendedor!,2017-11-18 05:05:50,2017-11-19 05:05:50
bcec50eaa6f04261bcbd4bdbe23c20b1,1fee45d21ec04f9bb0ddcb9bd771105d,5,Ótimo produto,Recomendo muito este vendedor!,2017-11-14 09:05:50,2017-11-15 09:05:50
6c9864bb2cb04106841a5a4a44175bf1,7634ef1574c34ef39e657f42e77630ff,5,Ótimo produto,Recomendo muito este vendedor!,2017-11-16 18:05:50,2017-11-17 18:05:50
0246b95361f14c69940427d0b49fe4e0,437badba304b4eaaa0658a8ba53009f2,5,Ótimo produto,Recomendo muito este vendedor!,2017-11-15 19:05:50,2017-11-16 19:05:50
7ddda7a8410a4fcba4d1246b669f4266,8956ced7c21c4a7a9679d1acff2688eb,2,Atrasou a entrega,Demorou para responder.,2017-11-15 16:05:50,2017-11-16 16:05:50
0d6700d2a6034b5b8d9693efea2b2f0f,9619667c168c4c8ea654d8f13ab0a205,4,Ótimo produto,Recomendo muito este vendedor!,2017-11-14 07:05:50,2017-11-15 07:05:50
0bf655e9c2e346b8ac9b720fb82e9de1,5451ecfa103a46bfbcac0deb5202a117,5,Ótimo produto,Recomendo muito este vendedor!,2017-07-27 07:31:42,2017-07-28 07:31:42
cc444ee406534fe2ba0b6b23f369b6dc,9802583344984642bf7413fa37d1f729,4,Ótimo produto,Recomendo muito este vendedor!,2017-08-29 07:31:42,2017-08-30 07:31:42
71c10211b22f42ce9c4275e756453f80,a8a69973d3ee43629e911d5051159279,5,Ótimo produto,Recomendo muito este vendedor!,2017-10-02 13:12:48,2017-10-03 13:12:48
c3f2446edfcf4e30a4fd573034d741bf,71aa7ba64c504db7a0849999e00ea25f,5,Ótimo produto,Recomendo muito este vendedor!,2017-09-19 05:12:48,2017-09-20 05:12:48
dc0fc4398eee4793b7cd785d02c26b10,a78a1356d6844065a2feb4510ace28e1,3,Atrasou a entrega,Demorou para responder.,2017-10-01 08:12:48,2017-10-02 08:12:48
5438b8cfdb494cbe881d7ba3499f6f99,68d5d6f2859449febf0b787dd220dee7,5,Ótimo produto,Recomendo muito este vendedor!,2017-09-25 12:12:48,2017-09-26 12:12:48
f5bd9a2e329047c18e23578116f76c31,c23e4cb752b845cbac88fae9f9800487,3,Atrasou a entrega,Demorou para responder.,2017-10-26 16:12:48,2017-10-27 16:12:48
97385565241d4ed697c059e36add90f9,b62667180f094938bd9aca30b74b0a3e,4,Ótimo produto,Recomendo muito este vendedor!,2017-09-09 00:12:48,2017-09-10 00:12:48
8619f7b4d78e4233ae350525b3f6ab00,792e0f45b4ec42a9a7937284cc2c0b43,1,Atrasou a entrega,Demorou para responder.,2018-03-26 04:18:59,2018-03-27 04:18:59
e5eaa6ff69164871bfcc8f1d8fd4fbb3,81540a51071e4967b75c2a62125527a5,5,Ótimo produto,Recomendo muito este vendedor!,2018-04-21 04:18:59,2018-04-22 04:18:59
fd79789716e84521a48c006496b4fe08,9c111b0002914aa193dcaf0b768dbeeb,5,Ótimo produto,Recomendo muito este vendedor!,2018-05-09 14:18:59,2018-05-10 14:18:59
d35446b1e05b4eed80ce98c192ec5a77,c9c2a2862b38446c86f8735f7461a2ce,3,Atrasou a entrega,Demorou para responder.,2018-06-19 17:18:59,2018-06-20 17:18:59
cd1edd3177d247c1bc67de0985d4a466,ff0930b35089445baff5affa2febe981,5,Ótimo produto,Recomendo muito este vendedor!,2018-04-22 00:33:58,2018-04-23 00:33:58
8843960898614c3ca97e838c0925b96f,6984eb7dfa634c988823c4638a252887,5,Ótimo produto,Recomendo muito este vendedor!,2018-04-13 23:33:58,2018-04-14 23:33:58
bfd1be76a33746beaeb4c329ce3aae5d,c016b02d9ae24500820b8fdb1566d3ae,5,Ótimo produto,Recomendo muito este vendedor!,2018-05-09 21:33:58,2018-05-10 21:33:58
afbe7022c022452399d4a3ba4a2a9198,08d300c5a5284852a8e64a8c3157f86e,4,Ótimo produto,Recomendo muito este vendedor!,2018-04-13 15:33:58,2018-04-14 15:33:58
89f279f4014c427eb573ec70cd01fb12,fd187157ec40492cb9506658922a444e,1,Atrasou a entrega,Demorou para responder.,2018-04-18 00:33:58,2018-04-19 00:33:58
0a7f151d5ba048acbea44a04c14f5e05,b08f8c9d1d22475bbee5c26bc4821c9f,5,Ótimo produto,Recomendo muito este vendedor!,2018-05-26 10:33:58,2018-05-27 10:33:58
3aa1301ef7084c3bb5ba4a09660aaa19,74f2311431e5457499931f1c91241208,2,Atrasou a entrega,Demorou para responder.,2018-04-26 06:33:58,2018-04-27 06:33:58
20dfb43a2d48407086d46a0273e0cc3a,e662741a57734567bc5fb636877b86b3,5,Ótimo produto,Recomendo muito este vendedor!,2018-05-28 11:33:58,2018-05-29 11:33:58
98acdb6e898147a481d19791f3dbeb83,c375b3088ea0480f90d319898a26f675,1,Atrasou a entrega,Demorou para responder.,2018-04-24 02:33:58,2018-04-25 02:33:58
b2c9b4d1fea6466ba120ca62f96686cb,a44080add98243b0800464a0f29afe8d,5,Ótimo produto,Recomendo muito este vendedor!,2018-04-18 02:33:58,2018-04-19 02:33:58
3bb3364c69df453c82549c08c3b9c12f,07302ed07d3f4f358646b3c9def3d01f,5,Ótimo produto,Recomendo muito este vendedor!,2018-04-18 07:33:58,2018-04-19 07:33:58
a29c3ed3c0404123ae8fe8ef2ad36a11,a22590413e84496db17ee248478a25c0,4,Ótimo produto,Recomendo muito este vendedor!,2018-05-14 13:33:58,2018-05-15 13:33:58
75fce399b453492db4491debd6155cbe,6754e08652774efdb1c682043c2c024c,5,Ótimo produto,Recomendo muito este vendedor!,2018-04-13 23:33:58,2018-04-14 23:33:58
54d162853143495295305bb879249a30,8d2ba54b687d40a2a0dfe6fb4a1e3f44,5,Ótimo produto,Recomendo muito este vendedor!,2018-06-28 05:33:58,2018-06-29 05:33:58
dd3dd4d21a684a3abf97325c6d221747,146df949fa884c56bddbd18a3cedb836,5,Ótimo produto,Recomendo muito este vendedor!,2018-05-20 23:33:58,2018-05-21 23:33:58
1b55893390b1402fa11355bef4c05b43,13a2441fb8724054961198907db227fb,3,Atrasou a entrega,Demorou para responder.,2018-05-10 10:33:58,2018-05-11 10:33:58
959510c3dae34f06ac753600594ef58b,5dfbc292f1634a48bd76f9c89f0b347b,1,Atrasou a entrega,Demorou para responder.,2017-10-08 07:20:08,2017-10-09 07:20:08
dd4fde87303e41f8b1f7dcb150178d15,70b11a332a5f4c839b949205cdc918e2,5,Ótimo produto,Recomendo muito este vendedor!,2017-10-26 12:20:08,2017-10-27 12:20:08
d122b33d7c4b42f385a73755ce3c0695,13fcc40109e340e2872466445f66d06a,1,Atrasou a entrega,Demorou para responder.,2017-10-03 11:20:08,2017-10-04 11:20:08
ca03c7e8d48341d5afb3456f492b7150,b9ddcea1f4394daabf3adb9459bc9a00,5,Ótimo produto,Recomendo muito este vendedor!,2017-10-06 09:20:08,2017-10-07 09:20:08
cd08e3772ae245d08ed7f4f2ed3a7b52,ddc9522cebfa42a6a867a94b2ddc9f59,1,Atrasou a entrega,Demorou para responder.,2018-05-22 02:51:05,2018-05-23 02:51:05
f9be84895b2c49158e6d619017e6147b,3415a83381054a3899f3fb88d738c44a,5,Ótimo produto,Recomendo muito este vendedor!,2018-06-06 06:51:05,2018-06-07 06:51:05
afcc05f4040941cf8e0a59f81d63467f,a4e0fda5741a484f823489fb092ee114,5,Ótimo produto,Recomendo muito este vendedor!,2017-12-20 15:23:10,2017-12-21 15:23:10
209379a3e5c2411987ccd22a6d03f3ac,773d9c02c36445fabdddc9f0eaaf7436,5,Ótimo produto,Recomendo muito este vendedor!,2017-11-07 17:39:47,2017-11-08 17:39:47
c60fbb58f13e4b8baafb298afeca8bb1,46ff321aad3946fca534e4e87f9ecc0c,5,Ótimo produto,Recomendo muito este vendedor!,2017-10-12 01:53:03,2017-10-13 01:53:03
63451b339a12442ca7ed1eadeb2b83a8,12f979d830af4aa39d48c8cd94c5cd46,5,Ótimo produto,Recomendo muito este vendedor!,2017-10-06 19:53:03,2017-10-07 19:53:03
6a641162b1d642b2b887892e9af2348d,42ac6bc7109c4defb258a680dc57d652,5,Ótimo produto,Recomendo muito este vendedor!,2017-09-30 12:53:03,2017-10-01 12:53:03
bbb3f47850ca40439e1cb12360ae6be0,5f7b9744be2442d193e39250f1caf957,4,Ótimo produto,Recomendo muito este vendedor!,2017-10-29 00:53:03,2017-10-30 00:53:03
c63b733c8b8f4950ac6a08e7cb801c9e,b3ddf1876cd64df29df57b38ad3ec107,4,Ótimo produto,Recomendo muito este vendedor!,2017-09-29 19:53:03,2017-09-30 19:53:03
db37b0323e5146fc9b08204307bb2157,735ca68d74794d0cb4e64cad696f540a,3,Atrasou a entrega,Demorou para responder.,2017-10-19 19:53:03,2017-10-20 19:53:03
74c582832a954db6a9eb70775ad01f0a,8795f142eca642ce9ad861dcd80cb29b,5,Ótimo produto,Recomendo muito este vendedor!,2017-09-27 22:53:03,2017-09-28 22:53:03
b42326e2af2142449033af98657ec68a,a4795eae28e34ac6914f253de869ad57,2,Atrasou a entrega,Demorou para responder.,2017-10-02 16:56:49,2017-10-03 16:56:49
9bd9bddd681d42bd90f5cd73929dbcc9,a62013dcf17b4f11a357941ad18c8946,5,Ótimo produto,Recomendo muito este vendedor!,2018-01-01 23:27:28,2018-01-02 23:27:28
81626a81e91c4874be58e152debbb6a7,73dc1881223f493eb7133fdcfb64b046,5,Ótimo produto,Recomendo muito este vendedor!,2018-01-02 06:27:28,2018-01-03 06:27:28
3d50f1f82a3a48478fb3ce20a6bcf066,e796d24654294c9ba69f09e35c123758,3,Atrasou a entrega,Demorou para responder.,2018-04-30 19:26:44,2018-05-01 19:26:44
f72e15c05dab4c298e8e6c61d06a7db6,ba1af5a1c37848de848a6c5cebb0e09b,4,Ótimo produto,Recomendo muito este vendedor!,2018-03-27 09:26:44,2018-03-28 09:26:44
9ec0496a00dc4020875c8d7ee552a088,7efefdbacc024282a84beabb22dcb9ae,4,Ótimo produto,Recomendo muito este vendedor!,2018-03-25 08:26:44,2018-03-26 08:26:44
02ab1cd5d31e4550a9c9192cd48f6765,dc9e122d4e824bd5bba353efbc6dca28,5,Ótimo produto,Recomendo muito este vendedor!,2018-03-25 02:26:44,2018-03-26 02:26:44
a45638afb3f04a5bab763c10ae0646af,84b256aa07f04e01a19d2a2cea1d948b,5,Ótimo produto,Recomendo muito este vendedor!,2018-04-29 03:26:44,2018-04-30 03:26:44
9a568047c2b642fa8a53d7ec8d6eb7a8,e75cda9c509245aba8eaa0146391632e,4,Ótimo produto,Recomendo muito este vendedor!,2018-04-07 05:26:44,2018-04-08 05:26:44
bf06e8feece44d429bd4c350b501245d,730077536d534dde9669efdc5960ae1a,5,Ótimo produto,Recomendo muito este vendedor!,2018-03-27 16:26:44,2018-03-28 16:26:44
b3bc23c59659442c93be031d4b0145bc,6a25c058bea341c5948286b68f48245b,5,Ótimo produto,Recomendo muito este vendedor!,2018-03-31 09:26:44,2018-04-01 09:26:44
91ae8bbf46bb4001bf957bf77e815ef8,ae1f7ba1ac56495c988cbdddd4e0488a,5,Ótimo produto,Recomendo muito este vendedor!,2018-06-14 13:37:20,2018-06-15 13:37:20
2a5b2fd7f82c4a6ab6d14523f15ea4e3,7f0531b81a324a72910c3190f791cd06,2,Atrasou a entrega,Demorou para responder.,2018-05-29 04:37:20,2018-05-30 04:37:20
98b69dd9df844408b69a5a7f86618516,18d99546174b42a7a08b27e48497f08f,5,Ótimo produto,Recomendo muito este vendedor!,2018-05-29 13:37:20,2018-05-30 13:37:20
4c0a3ed559e4411cade15c3e6ce0f4a1,5da004f6f2e447068a2efa098a4f74ff,4,Ótimo produto,Recomendo muito este vendedor!,2018-08-04 00:37:20,2018-08-05 00:37:20
310f03939332467ab37074855c817c15,30aea488bbae4f779506b642d94bf268,5,Ótimo produto,Recomendo muito este vendedor!,2018-06-06 13:37:20,2018-06-07 13:37:20
c7523d4e86bc45ceaea2a9320716b8d4,a34aecb415d046199d2e62f17af18b11,5,Ótimo produto,Recomendo muito este vendedor!,2018-07-01 10:37:20,2018-07-02 10:37:20
2ca140e403604fe58d75531e11512869,4bbe5afed7ae44d09690ebc84dbde15d,5,Ótimo produto,Recomendo muito este vendedor!,2017-12-13 01:15:46,2017-12-14 01:15:46
6ff877fd7f76405e95d802761c920d17,b66304936008495988a162298cfe1964,2,Atrasou a entrega,Demorou para responder.,2017-11-12 03:15:46,2017-11-13 03:15:46
6bc40675d12b4ce4a18df904bf84f0eb,a6a6454df3d54732996b2d6e7d6637c8,5,Ótimo produto,Recomendo muito este vendedor!,2017-12-09 21:15:46,2017-12-10 21:15:46
2bafa5680136493094e54151e7930704,3ede02bd0d3a4e7db51d81ee6cc34462,4,Ótimo produto,Recomendo muito este vendedor!,2017-12-29 19:15:46,2017-12-30 19:15:46
57a125daaa6541ff8d9545956bddbab6,b8762a6835e7460a8a33d5e66cb031cf,3,Atrasou a entrega,Demorou para responder.,2017-11-26 18:15:46,2017-11-27 18:15:46
eda551c3efbd476e9366fcf51cec4b52,f44f05c49a994429a89220aa4f60766b,5,Ótimo produto,Recomendo muito este vendedor!,2017-11-03 06:15:46,2017-11-04 06:15:46
8cd136a8139548fc9b158af4f42eb5b7,a87250ac72b64e76aff6ae8fd33a0bd5,5,Ótimo produto,Recomendo muito este vendedor!,2017-12-16 13:15:46,2017-12-17 13:15:46
c83125eac42a4b66b1b43d3a52494322,251ad6ba4d55445e9dd9facbb39f7f59,5,Ótimo produto,Recomendo muito este vendedor!,2017-11-05 00:15:46,2017-11-06 00:15:46
306525b7c1224ec9a95ce11a76292b90,20027f8e3d974a698bfe7bf461c5e040,5,Ótimo produto,Recomendo muito este vendedor!,2017-11-23 17:15:46,2017-11-24 17:15:46
88bb92755919442299b2d86d72604e01,23f4d810523f4fc4bbb48b4227695fe1,2,Atrasou a entrega,Demorou para responder.,2017-11-19 05:15:46,2017-11-20 05:15:46
128c9d161dbd439ead12cb15b4b3f553,3a496f3c45c84c92a004dc6a7bbb26ee,5,Ótimo produto,Recomendo muito este vendedor!,2017-11-10 16:15:46,2017-11-11 16:15:46
c85928094781414f9fe1a0f4845b123e,b0b3486fc2a842dd97f37a8aa34d85f2,5,Ótimo produto,Recomendo muito este vendedor!,2017-11-08 05:15:46,2017-11-09 05:15:46
a1c4e12360904d56a73215e474e6722f,6da1ad53f8cd4df09cd703aff4ec269a,4,Ótimo produto,Recomendo muito este vendedor!,2018-06-08 14:54:52,2018-06-09 14:54:52
7673892b6de04234af5c0ab20978e3e2,c23fcef045eb49f9b917f7883c50c89a,5,Ótimo produto,Recomendo muito este vendedor!,2018-04-20 07:54:52,2018-04-21 07:54:52
54de379c43c34d9bb7a4e3d3c66fbc03,ff2441fe24614ed6ae015aa02e974cc8,5,Ótimo produto,Recomendo muito este vendedor!,2018-04-19 09:54:52,2018-04-20 09:54:52
97401745bb7647a4afa8350a031c6aaa,baaf106847944a10b92d545754d56c68,1,Atrasou a entrega,Demorou para responder.,2018-04-06 05:54:52,2018-04-07 05:54:52
1c05d158bf884a22abbcf156151c844a,ab046f7c16004445b0a593a611972c2d,1,Atrasou a entrega,Demorou para responder.,2018-06-16 03:54:52,2018-06-17 03:54:52
c7fefe8140324513920ba575559d11d7,912a9c529ea64de08e56db46dc7580ad,1,Atrasou a entrega,Demorou para responder.,2018-04-03 01:54:52,2018-04-04 01:54:52
e25609c1391d46c880b0af75fac9dcec,7e5705ea5e0b4bda9101e882b2e2cbe0,5,Ótimo produto,Recomendo muito este vendedor!,2018-04-19 12:54:52,2018-04-20 12:54:52
f3a1c71250eb4a40be404561ed6cb8ed,17e1531efb4c4a428265ab8131699da1,4,Ótimo produto,Recomendo muito este vendedor!,2017-08-05 02:38:28,2017-08-06 02:38:28
420ceee7da974d7fb1f4277c498d0ff6,1490b2832a8146c38e6935c78fa99439,5,Ótimo produto,Recomendo muito este vendedor!,2017-07-02 09:46:11,2017-07-03 09:46:11
3ee2e64470904eb6829dbf2c6f302b18,c93de4faa7aa4ecca46a6796352a58bd,4,Ótimo produto,Recomendo muito este vendedor!,2017-07-07 02:46:11,2017-07-08 02:46:11
1813f25473fa4f679d90e083e6f8af72,1bac0e8e062841c288a38bec5a128c01,4,Ótimo produto,Recomendo muito este vendedor!,2017-08-09 10:46:11,2017-08-10 10:46:11
2698700dee1344a59722610bdacf59b7,33eff7a318fd480f8e22849b7608f89d,1,Atrasou a entrega,Demorou para responder.,2017-07-26 03:46:11,2017-07-27 03:46:11
a932c440edce4b509905564691208aa7,c85a7a1054b941f9985caaf3bbd39fa1,4,Ótimo produto,Recomendo muito este vendedor!,2017-07-03 08:46:11,2017-07-04 08:46:11
1f3c9633cbf642c3b97fb2b7ecd28e2b,fc9c32f04fb042dcabaaf27f4e2f4949,3,Atrasou a entrega,Demorou para responder.,2017-07-21 02:46:11,2017-07-22 02:46:11
0b445ac5bb9340eeb59ee56cdc7ef433,b3e9fcedaa9f4f8ab84aed9532a6036c,5,Ótimo produto,Recomendo muito este vendedor!,2017-08-22 02:46:11,2017-08-23 02:46:11
5f8daad81b7a4a00aca9da97d88c4fc2,3a97a25223a8424e9a0cf4be0a240149,2,Atrasou a entrega,Demorou para responder.,2018-02-16 13:17:55,2018-02-17 13:17:55
4a000599dddf4f0fab37342fa6c461ad,09a3c7ea74d34330a9f87c6d320be548,3,Atrasou a entrega,Demorou para responder.,2018-02-10 08:20:38,2018-02-11 08:20:38
b00d0ce7e02647ca9a2d988d0e51189d,ce488fad8ab345079d1e5c640fcce1ec,5,Ótimo produto,Recomendo muito este vendedor!,2018-02-12 01:20:38,2018-02-13 01:20:38
3300328dd2db4da5bcc0f3e77d59d94d,58fdd7a56112409589707b00764e540a,4,Ótimo produto,Recomendo muito este vendedor!,2018-03-03 06:20:38,2018-03-04 06:20:38
2b928d7bc67b4ea493643d569d00065f,ea02980e619c4e74b0a6fffcc862ec64,3,Atrasou a entrega,Demorou para responder.,2018-03-06 05:20:38,2018-03-07 05:20:38
cd062eaf4318445ab936167159fa68a2,b597b3025e0949fbbd018abc8a6b3f7e,5,Ótimo produto,Recomendo muito este vendedor!,2018-03-05 08:20:38,2018-03-06 08:20:38
e59fbd432e7e4d1f80d3969eff12f941,1eeedb3a35de4ae7a8b2d61853e65ab2,3,Atrasou a entrega,Demorou para responder.,2018-02-24 19:20:38,2018-02-25 19:20:38
443c438d90bb4b33ae312ceda8ef2891,06dab9deb35e4266bad387ab23c1db15,5,Ótimo produto,Recomendo muito este vendedor!,2018-03-25 12:20:38,2018-03-26 12:20:38
0d2eedaa190c43ffb66854ea18c3a71d,83cadc4989e648b5be4e3cffea0f4cd2,5,Ótimo produto,Recomendo muito este vendedor!,2018-03-16 11:20:38,2018-03-17 11:20:38
4df7b936ba51446e8d94406e1fd38ffc,45a52c282a2d4ee095a95a5338cd0a06,4,Ótimo produto,Recomendo muito este vendedor!,2018-02-10 18:20:38,2018-02-11 18:20:38
00c309deba6e4b4fbadff9ae5df01e9d,e4308fc9b99f46f8b8124dcba62db2a6,3,Atrasou a entrega,Demorou para responder.,2018-03-19 03:20:38,2018-03-20 03:20:38
efcd702a368b4e348984a37b38ff0706,81e3b16ffcc741a88f3bc7fcdb140a7e,3,Atrasou a entrega,Demorou para responder.,2018-03-03 17:20:38,2018-03-04 17:20:38
0fd0cbbbdce24e43b96ad1e69c613b25,4407f9f9e8e941719065d1947d045e6a,5,Ótimo produto,Recomendo muito este vendedor!,2018-02-22 04:20:38,2018-02-23 04:20:38
17edb72edbec4733a6825390f6855866,28a4b4d01a8e400b8fe722478ea7961b,1,Atrasou a entrega,Demorou para responder.,2018-02-25 23:20:38,2018-02-26 23:20:38
c547f95bf84e4db1a56f4e1b0c6b0071,4d71bbf33ccd4068bd0f4b92623ed3ce,5,Ótimo produto,Recomendo muito este vendedor!,2018-03-18 01:20:38,2018-03-19 01:20:38
641f3f92b4c840e9986bc7050bec79c4,26345521a82e4657a6118d85709cda37,5,Ótimo produto,Recomendo muito este vendedor!,2018-02-27 12:20:38,2018-02-28 12:20:38
0d5f81df3edf44cf8916457eba607bc4,041795d0e3a9421dbdfedcdbd80df77f,1,Atrasou a entrega,Demorou para responder.,2018-02-13 01:20:38,2018-02-14 01:20:38
a45fc4a1cdd44052b0d4488573d63703,2f1ed9623278411b9c21de2f7f13becd,5,Ótimo produto,Recomendo muito este vendedor!,2018-02-09 17:20:38,2018-02-10 17:20:38
85e6645d550847d2bc88d57e357073d2,1328365dfe6b4561a8e1524d3c5f14c3,1,Atrasou a entrega,Demorou para responder.,2018-03-01 06:20:38,2018-03-02 06:20:38
9891d2a1e88946ae97c6c6f31eddfe5a,e053fc0b91224dfcb701bdea601361f3,5,Ótimo produto,Recomendo muito este vendedor!,2018-02-09 12:20:38,2018-02-10 12:20:38
a9218d05c7ab4822b2c78cb7a219e76e,2556860e89c34b0da17c4d9b1c1af46f,5,Ótimo produto,Recomendo muito este vendedor!,2018-02-13 01:20:38,2018-02-14 01:20:38
bac4b2c61a85409eb8a3feb683cc3812,6330006c87054cc5a99b74979e81ca74,4,Ótimo produto,Recomendo muito este vendedor!,2018-02-11 02:20:38,2018-02-12 02:20:38
841e7b5da7914b8dbe88f5a2094ab9c7,22b349ef6e554d89a38202bb93cab4c7,4,Ótimo produto,Recomendo muito este vendedor!,2018-05-05 13:07:03,2018-05-06 13:07:03
46e5793f2d814de791663f42b383e2d4,6541a19b582c41c3940131357c81e2dd,5,Ótimo produto,Recomendo muito este vendedor!,2017-09-14 12:00:34,2017-09-15 12:00:34
529fcadbf8f84cb6ba9f7b603aa0ca95,7102b7e0f9984740bba7854843916d08,4,Ótimo produto,Recomendo muito este vendedor!,2017-08-04 15:00:34,2017-08-05 15:00:34
ef4143c2d985420ab1020039d43445a0,dcdea4db00cd49e18ea654b27a326694,3,Atrasou a entrega,Demorou para responder.,2017-09-08 12:00:34,2017-09-09 12:00:34
96807fa617164d8cb8d00b96596ae34e,ca45031e7d294698a04caf2abde36ab2,1,Atrasou a entrega,Demorou para responder.,2017-08-21 04:00:34,2017-08-22 04:00:34
ee5930c02551491287875a38e79f72cf,d68bf2147a784c76bf14d3f71574a1d6,4,Ótimo produto,Recomendo muito este vendedor!,2017-08-07 12:00:34,2017-08-08 12:00:34
ab5a683a18354c6580a52674540c738f,5ce8667a59ed4326b4f012f233faa6c2,5,Ótimo produto,Recomendo muito este vendedor!,2017-08-09 06:00:34,2017-08-10 06:00:34
55219161b16a451ab92fb9009a12e03a,7047e5aa503941168c71ac94b50d6679,5,Ótimo produto,Recomendo muito este vendedor!,2017-09-18 17:00:34,2017-09-19 17:00:34
ee17d75a2d844017bdaace5e2708b7e5,36524504547947f086cce25365d6e72b,5,Ótimo produto,Recomendo muito este vendedor!,2017-08-13 12:00:34,2017-08-14 12:00:34
6d12b8ce782f451db222911885500859,5f2adc851b3142ee96ea4b930215dbf8,5,Ótimo produto,Recomendo muito este vendedor!,2017-08-07 01:00:34,2017-08-08 01:00:34
b9a1e203c0584bb7b0376c0f686dd79e,0427e7616c10462a8e18a71297bb748b,1,Atrasou a entrega,Demorou para responder.,2017-09-06 06:00:34,2017-09-07 06:00:34
cbe53c6e25a347f1b2b6704d8cca7930,b460ff1da0f04ca9802fc32ecc3c2335,1,Atrasou a entrega,Demorou para responder.,2017-08-02 06:00:34,2017-08-03 06:00:34
e7cbd3206a2843ad91af065f1792b35e,e6bf3010ecd9487690acebbe8c45e0c4,5,Ótimo produto,Recomendo muito este vendedor!,2017-09-10 00:00:34,2017-09-11 00:00:34
965167b4384347e49763c5818a875d8d,9b8e623739d445ea81918ebb37e3c729,5,Ótimo produto,Recomendo muito este vendedor!,2017-08-19 02:00:34,2017-08-20 02:00:34
bcd8106695214a5aab2b9034ac5766c5,758d7d51294b4707b11c5fd1351e981e,5,Ótimo produto,Recomendo muito este vendedor!,2017-08-21 10:00:34,2017-08-22 10:00:34
2292b79d807c4a58b7f6f113663d0ec8,a297ae380bac4b78a60c285079e5443a,4,Ótimo produto,Recomendo muito este vendedor!,2017-08-04 10:00:34,2017-08-05 10:00:34
0c4adcd9730248fb9e3ec3eb9d448755,4b0ce8e959014ac288d5fde073e578d7,4,Ótimo produto,Recomendo muito este vendedor!,2017-09-13 21:34:52,2017-09-14 21:34:52
64c6dfe7b8e049fd875b6d40c54152a7,1ceccb140b774380a78d5ec5b870863f,4,Ótimo produto,Recomendo muito este vendedor!,2017-09-12 19:34:52,2017-09-13 19:34:52
a83c9acc4be94828a7007344e3a890eb,f3cf32c6aa70462c817df3258275b64e,5,Ótimo produto,Recomendo muito este vendedor!,2017-11-18 05:43:09,2017-11-19 05:43:09
57713828e8004dd4a25260bb8c7e5825,4d46a2a2959d4cfe8a593457748eb350,4,Ótimo produto,Recomendo muito este vendedor!,2017-11-17 13:43:09,2017-11-18 13:43:09
bfb8838c66dd472e940a3bf39d705853,d06f8388586c4f919ac56f24dd554524,1,Atrasou a entrega,Demorou para responder.,2017-11-08 13:43:09,2017-11-09 13:43:09
a5ad4622b7cd4268b819eab546818d87,5c39bad4c0e24629aca60dc4002143b0,3,Atrasou a entrega,Demorou para responder.,2017-12-08 19:43:09,2017-12-09 19:43:09
4709bf568eb3463288cf9c2d661d9b4d,37a016824ade4aa1a6bb0a7c7d173976,4,Ótimo produto,Recomendo muito este vendedor!,2017-12-07 06:43:09,2017-12-08 06:43:09
1b670df1234d485ba14f24f6639ce5e3,75e0383d42fa40cdb91f2999309f1b65,2,Atrasou a entrega,Demorou para responder.,2017-11-08 12:43:09,2017-11-09 12:43:09
2dbeb001dc314d6db48639de5a4a6d5f,23ac350719b048cf923b01f7f93c2590,5,Ótimo produto,Recomendo muito este vendedor!,2018-06-15 05:36:42,2018-06-16 05:36:42
b7ffd8a62eb94fd9bd8e02133dbb9f37,c93ae57da7964205ae9a2add5fce572b,4,Ótimo produto,Recomendo muito este vendedor!,2018-04-06 22:36:42,2018-04-07 22:36:42
540f5bb557be411f9c2aeaa5ba9c48b9,2347523715654d08b43e4804ee395b58,4,Ótimo produto,Recomendo muito este vendedor!,2018-04-21 19:36:42,2018-04-22 19:36:42
67f70f025daa4c4ca1a62b800de4a4eb,28ea0ee8f499426b858bfba44d7fbccc,5,Ótimo produto,Recomendo muito este vendedor!,2018-04-06 17:36:42,2018-04-07 17:36:42
8ed30fe1cc0d45f89ebc5960f4486333,c983fe7cdef9470ca649e602dcbe683a,4,Ótimo produto,Recomendo muito este vendedor!,2018-04-24 04:36:42,2018-04-25 04:36:42
8d9e06989b8948cea6cbf910011e27ab,6068f5852c934c10b4a3767b8f29a77d,5,Ótimo produto,Recomendo muito este vendedor!,2018-06-01 23:36:42,2018-06-02 23:36:42
e8e0b0b94e2c4c1b82e6061555e38af6,edb0c38605394a008315813f30fc1ee4,2,Atrasou a entrega,Demorou para responder.,2017-09-28 21:33:45,2017-09-29 21:33:45
036f6212993b48ebbe4a85086883099b,d33b22175e3b418ba81f1ff4f31e5b5b,5,Ótimo produto,Recomendo muito este vendedor!,2017-07-11 11:33:45,2017-07-12 11:33:45
cfef8a56bf85409588eaeadf1a104923,9f0881eb8eef4588a28099c5fe1b672d,5,Ótimo produto,Recomendo muito este vendedor!,2017-07-12 09:33:45,2017-07-13 09:33:45
883290ae2ded4244a13b8dfa60e16820,142d68e7fd494e6d8096721ced5eb4d7,4,Ótimo produto,Recomendo muito este vendedor!,2017-07-20 16:33:45,2017-07-21 16:33:45
7f2b56945a024534b077e177d1d1c903,f47f9d2d1750431da15e8a446c251869,5,Ótimo produto,Recomendo muito este vendedor!,2017-07-21 13:33:45,2017-07-22 13:33:45
220085e4d38840848235595cc0e48fa0,483ee2023373494dab4e2714b305b917,4,Ótimo produto,Recomendo muito este vendedor!,2017-08-05 08:33:45,2017-08-06 08:33:45
6b16f4a81f4044f78a727b09b5a50cc7,0c4522c4a8f54816a9e53459f10aba3d,5,Ótimo produto,Recomendo muito este vendedor!,2017-07-29 16:33:45,2017-07-30 16:33:45
c4bb3ee452d74ce6bc6f8d3bf48158cc,01494134fe584d409f319cb3e824eab5,5,Ótimo produto,Recomendo muito este vendedor!,2017-08-28 16:33:45,2017-08-29 16:33:45
22a590f95d2341e7a4548297e733de28,d75f0f9805d445a7a30f3d9ced45f08b,5,Ótimo produto,Recomendo muito este vendedor!,2017-07-26 06:33:45,2017-07-27 06:33:45
7a48fe1f1bc84483bb0a241fb22bba83,b51472bcc3804cdc90f5e92555358ffc,3,Atrasou a entrega,Demorou para responder.,2017-08-25 04:33:45,2017-08-26 04:33:45
9cec73ccc20f47e284328593bd343544,7f60ebb3761c4e00a2e0c4b82eada512,4,Ótimo produto,Recomendo muito este vendedor!,2017-07-20 13:33:45,2017-07-21 13:33:45
d45bb2b2716c448db7e6b155f5cdd652,0ef2fa68ca1b45b58526413b4d7c2d3d,5,Ótimo produto,Recomendo muito este vendedor!,2017-07-28 10:33:45,2017-07-29 10:33:45
0203e789e2a44eaf81818923a8ec221b,61084e89447a4ea4b4e5bfcc5c4c5ad8,5,Ótimo produto,Recomendo muito este vendedor!,2017-10-04 15:33:45,2017-10-05 15:33:45
96a7c3b53dcc4e24b90446abf8ad573a,099d1cb2e76f4268ab213d2b62a3c1d0,5,Ótimo produto,Recomendo muito este vendedor!,2017-07-13 09:33:45,2017-07-14 09:33:45
d5bcc02d5638484d9ab0a51403116b3b,ad051f21c92446f9b082e5c274aae34c,5,Ótimo produto,Recomendo muito este vendedor!,2017-07-19 05:33:45,2017-07-20 05:33:45
2f67f70834b140e39d440a994b8dceda,f0ed3dcb04be4b80a1e1ee5fbca63545,1,Atrasou a entrega,Demorou para responder.,2017-07-08 23:33:45,2017-07-09 23:33:45
fcb947b0ddaa49669ae160922bcc7bec,9ae6ed73ee4b415dbdd311af68d21802,4,Ótimo produto,Recomendo muito este vendedor!,2017-08-01 21:33:45,2017-08-02 21:33:45
0676195e75734c6fa787d8a84c0a1ac5,76da7ed3ef1348928f463561ac72bc4b,5,Ótimo produto,Recomendo muito este vendedor!,2018-04-07 17:36:53,2018-04-08 17:36:53
87b6d7706dfc4439976cc20d02a7d8c0,e2d2fb6739854dbf98a0f8c06e2d50ec,3,Atrasou a entrega,Demorou para responder.,2018-04-15 05:36:53,2018-04-16 05:36:53
635606472a7442638e66fb3b948b69b6,51c6ba11f1b84a7aa9ae7ac991a22ed5,4,Ótimo produto,Recomendo muito este vendedor!,2018-04-30 17:05:49,2018-05-01 17:05:49
34b873e7197c4c219e30b4cf760b673e,b5709eb41d9c4c91acf3f73b55c9f600,4,Ótimo produto,Recomendo muito este vendedor!,2018-04-15 16:33:22,2018-04-16 16:33:22
6244473050c1408c8fda0b894b7fb471,91c5b267266048a2bfd323a70a0ee377,5,Ótimo produto,Recomendo muito este vendedor!,2018-04-14 12:33:22,2018-04-15 12:33:22
9e644f2dec314f368cab40ab0126e266,d50e5c0bc1d04f98b1ed44582c8a4426,3,Atrasou a entrega,Demorou para responder.,2018-04-30 14:33:22,2018-05-01 14:33:22
d21f8743333345dea91c3478a877198d,d6e096ec05164ba58b923516a3ba8d01,3,Atrasou a entrega,Demorou para responder.,2018-06-12 13:33:22,2018-06-13 13:33:22
26d44911eac546c1b9b4aea299306a21,b4962ad96b0c455791a7da8d92e84ff2,3,Atrasou a entrega,Demorou para responder.,2018-02-08 02:40:53,2018-02-09 02:40:53
d9bb9f9a996a473495099dbfbe000d6f,9081aa0901db4ddba59167998e9dba1b,4,Ótimo produto,Recomendo muito este vendedor!,2018-02-10 18:40:53,2018-02-11 18:40:53
cf3ba35ae5754eacb0533494dc957cbc,3316eb425dfb4488a05b4f663cdeea75,5,Ótimo produto,Recomendo muito este vendedor!,2017-11-05 05:16:13,2017-11-06 05:16:13
7e47d02f8b2848b3b7ce7663ba485f75,d1593ee756484f839ff72bdc29f4cf19,5,Ótimo produto,Recomendo muito este vendedor!,2017-10-31 03:16:13,2017-11-01 03:16:13
7a80eb7bae2346b7a88d1d0bab300834,f0b0404eb595424896ee528c781c6973,2,Atrasou a entrega,Demorou para responder.,2017-11-18 20:16:13,2017-11-19 20:16:13
457cfd10ae984eedb31014c6dda3864f,f9b0e08cca78422d981f72aabee273b5,4,Ótimo produto,Recomendo muito este vendedor!,2017-10-30 23:16:13,2017-10-31 23:16:13
820cff4490294b9cb82b142005eaf4a7,e0a3aefae5f54fb3b176d6eb72156e0e,1,Atrasou a entrega,Demorou para responder.,2017-10-05 09:28:27,2017-10-06 09:28:27
7b1a664ecdc240d0ac7ce604b78ed6e4,ad5c8999b72149afa5fef850c4e3fe89,5,Ótimo produto,Recomendo muito este vendedor!,2017-09-13 00:28:27,2017-09-14 00:28:27
e77d3fd82bbc42eb8caac4ce97271235,389737af155c4a6aad78b8fd12f6d647,5,Ótimo produto,Recomendo muito este vendedor!,2017-10-07 07:28:27,2017-10-08 07:28:27
4e93e8ac40684572a198f3dfd2a39649,18e85e0df2704a10a1d9d1ab992e13bd,5,Ótimo produto,Recomendo muito este vendedor!,2017-09-17 00:28:27,2017-09-18 00:28:27
bde6f7208dca4310845d9ed7f26fdcc5,b26f2ea5f19a4ccd8f616fad3f5c3194,5,Ótimo produto,Recomendo muito este vendedor!,2017-08-16 09:25:29,2017-08-17 09:25:29
1f378bcd97b54a169f3820b7b478cbc7,601e01b50ba547c282b0fd645c5a0b10,5,Ótimo produto,Recomendo muito este vendedor!,2017-07-05 13:25:29,2017-07-06 13:25:29
b6f7213f30c5477ba6d954631c8a9813,a07abc37095a433e922942f114a65618,5,Ótimo produto,Recomendo muito este vendedor!,2018-07-03 05:06:54,2018-07-04 05:06:54
e314a1a54e894253ad12aac5aeeefc7b,1953569e902745b19b675ea68ee26bc3,1,Atrasou a entrega,Demorou para responder.,2018-07-26 04:06:54,2018-07-27 04:06:54
54899c95545c454db89f987dc204c09e,cffe597621f44e73af0b62edf718b8f4,5,Ótimo produto,Recomendo muito este vendedor!,2018-06-18 14:06:54,2018-06-19 14:06:54
f431a109e8d549d4ba517c64ce175807,0b47905c8cdd4253a4bdf12b7a6dd15e,4,Ótimo produto,Recomendo muito este vendedor!,2018-06-13 01:06:54,2018-06-14 01:06:54
c157881eaefb4633ae4ba3c8a621e5ec,eb40887d5bb04ddc8bb890ed6897e61e,1,Atrasou a entrega,Demorou para responder.,2018-07-18 23:06:54,2018-07-19 23:06:54
d40e0f6c56ea49e9b1b95d056765b833,00373611341b43f99dc6b397188fd0a4,4,Ótimo produto,Recomendo muito este vendedor!,2018-06-06 06:06:54,2018-06-07 06:06:54
b65c792012a2441da2e65630670606ce,977a72e9300d4c4abc9bd4ee8e40cbcb,4,Ótimo produto,Recomendo muito este vendedor!,2018-06-17 12:06:54,2018-06-18 12:06:54
678bf61cd82c46358fd323468d4c80fd,3c3dd3ca6f134835842547c8981ee3ac,5,Ótimo produto,Recomendo muito este vendedor!,2018-07-07 13:06:54,2018-07-08 13:06:54
e97653a892ad4961b908447456dada59,976dff66caa74feaa36ed1eb8dedb0a7,1,Atrasou a entrega,Demorou para responder.,2018-06-15 11:06:54,2018-06-16 11:06:54
0332ff88875f4075a608a4ded3e2b4ea,1e335a7cc286442190aa306def148661,4,Ótimo produto,Recomendo muito este vendedor!,2018-06-04 13:06:54,2018-06-05 13:06:54
648cee5490504455a6d0cdbefe8ca9f9,4cfe9b01d48f40f58c046c6e05b23088,2,Atrasou a entrega,Demorou para responder.,2018-06-06 00:06:54,2018-06-07 00:06:54
997528dc018c41059d252489aebf0192,e317fd449035497bb97e48c34a2bb364,5,Ótimo produto,Recomendo muito este vendedor!,2018-06-05 08:06:54,2018-06-06 08:06:54
9edb5564ea30461c9c0e9931b11c188d,faf0adfe4ca64cde91bf995ec0e8689f,4,Ótimo produto,Recomendo muito este vendedor!,2018-06-27 03:06:54,2018-06-28 03:06:54
cc6dfad15b964dc58f26d5bd0aa0b941,c37ce054e2c5446fa5067592abba3493,5,Ótimo produto,Recomendo muito este vendedor!,2018-06-13 02:06:54,2018-06-14 02:06:54
5c2d03b343514fdbaa06b76de3d63133,882a899a310f4c648862c7315ee1c05d,5,Ótimo produto,Recomendo muito este vendedor!,2018-06-07 04:06:54,2018-06-08 04:06:54
84bf38c2ed364b39a38ad7d29fa1c7b1,69111858b89a423ebf6c2b77e4c69f42,1,Atrasou a entrega,Demorou para responder.,2018-07-06 23:06:54,2018-07-07 23:06:54
18ccf77b256640dd8e7e664c36d4955b,cc20fd7fff254e36a71845df13d50c70,2,Atrasou a entrega,Demorou para responder.,2017-08-31 17:41:40,2017-09-01 17:41:40
74ba1c84e9ba49aeb279ec104ca2b4ef,7bf8ec9686bf48149c8c54911708bfb8,5,Ótimo produto,Recomendo muito este vendedor!,2017-08-27 15:41:40,2017-08-28 15:41:40
e783490477d14678835229eb4817c4bf,c85d00598a1a4a9e806e2f75749462f8,4,Ótimo produto,Recomendo muito este vendedor!,2017-09-09 22:41:40,2017-09-10 22:41:40
bfe726342d4040e5a89e44bef94f43d8,88780aed32344d6f8c57d62c50b5305d,3,Atrasou a entrega,Demorou para responder.,2017-09-11 11:41:40,2017-09-12 11:41:40
2abd28b3130b4a1da768720b38bb7e15,b84bf44623934d68a0006e13eb05306c,5,Ótimo produto,Recomendo muito este vendedor!,2017-09-23 21:41:40,2017-09-24 21:41:40
5bbf5c7727ae44ab8c243b24f5713dc2,c20af4f9ba8b40f7a4d5c8722ad24601,4,Ótimo produto,Recomendo muito este vendedor!,2017-10-25 02:41:40,2017-10-26 02:41:40
eee91cfd45594343b78d49b43687c446,b84f3b858c704f3da616807076a9125b,5,Ótimo produto,Recomendo muito este vendedor!,2017-08-29 03:41:40,2017-08-30 03:41:40
4e5c5a9345bd48659324e61d8e89ed83,1a357e7c492647b69a884e377a0f4104,5,Ótimo produto,Recomendo muito este vendedor!,2017-09-09 13:41:40,2017-09-10 13:41:40
1544c35ee4c44d76a6a0bb4d16616a7d,05601b92a04c46d985fe52ab1f07e42d,5,Ótimo produto,Recomendo muito este vendedor!,2018-01-16 07:30:55,2018-01-17 07:30:55
a65009e535ac4bd4b960ac9b4db48e00,94f9ea6713d840329a78bbc70e36c1b1,2,Atrasou a entrega,Demorou para responder.,2018-01-26 11:30:55,2018-01-27 11:30:55
6333be5e0f824f5b9218c74b490806f5,5a960787575049b984edfd87c4ac2b46,1,Atrasou a entrega,Demorou para responder.,2018-01-02 14:30:55,2018-01-03 14:30:55
6d7f13dd10cc4e579d3bfbdea03e754f,92ba16c6bf9540e7b737632038feeae6,4,Ótimo produto,Recomendo muito este vendedor!,2018-01-29 23:30:55,2018-01-30 23:30:55
109ba865d5b444deac24f1bb8fe36bf4,e5d365d2cdab40ed8bb021119cd81df1,5,Ótimo produto,Recomendo muito este vendedor!,2018-02-02 18:57:31,2018-02-03 18:57:31
9eeeae316449403a9211f554d5bcc681,acfc37a99ea64e5a8c0a8761ce0f83b6,5,Ótimo produto,Recomendo muito este vendedor!,2018-01-14 15:57:31,2018-01-15 15:57:31
2ef95a36ae794bfabf3ed8e6041adab8,1d73f0a515dd4574a06c693a01254f27,5,Ótimo produto,Recomendo muito este vendedor!,2018-01-31 06:57:31,2018-02-01 06:57:31
7563350ad68642608937527f459fc71d,5bf50dc39a464e3bb63655ac2f3a5bee,5,Ótimo produto,Recomendo muito este vendedor!,2018-01-25 21:57:31,2018-01-26 21:57:31
f2dcf964c689404085b044e939c6ebd2,75c1e566bda24792a2a1c24bdc2bc46e,5,Ótimo produto,Recomendo muito este vendedor!,2017-11-26 15:07:45,2017-11-27 15:07:45
24e654c99045409399d69dbd5bb88195,b33af89fd89a447497db73ea5e3d2023,4,Ótimo produto,Recomendo muito este vendedor!,2017-11-26 17:07:45,2017-11-27 17:07:45
d5c59a38d95a44c0bb195c2fe5e2f333,4ccd600c1cf443c080dd18d580ef5b38,5,Ótimo produto,Recomendo muito este vendedor!,2017-12-05 11:07:45,2017-12-06 11:07:45
8bda9382d2fe44448252f68d21d2650a,32231ae06b95431bb7fba3e1be9a2d84,4,Ótimo produto,Recomendo muito este vendedor!,2018-01-26 14:31:22,2018-01-27 14:31:22
0dae2600c12445809e3858ad6d729496,0e68d9a356d946c280f61c5cffd05106,5,Ótimo produto,Recomendo muito este vendedor!,2018-02-04 23:31:22,2018-02-05 23:31:22
c5fa107bdbc5480aa21e6de28699b6ae,e9647e5eb8c844bf8f716a55950a68b6,3,Atrasou a entrega,Demorou para responder.,2018-06-09 16:49:24,2018-06-10 16:49:24
da704b16206542e9a24614d8812eb4af,d72bce5c29ed48248dff37fecaf63257,5,Ótimo produto,Recomendo muito este vendedor!,2018-06-20 00:49:24,2018-06-21 00:49:24
11aa5bfc04b5452199effcfb0bba810b,60ac8f3ee5d24bac9a230ef9eb7d2f1d,5,Ótimo produto,Recomendo muito este vendedor!,2018-05-26 21:49:24,2018-05-27 21:49:24
9987af79f4f443b1ba3d7952b4c532cf,854f2cf82e634fba8e07cbf0b8d7a655,4,Ótimo produto,Recomendo muito este vendedor!,2018-05-12 07:24:13,2018-05-13 07:24:13
7eeb3c8dfe13481ea0dc8f66c58055d2,ce3f414449b146fe99f28a406948cf52,5,Ótimo produto,Recomendo muito este vendedor!,2018-05-12 02:24:13,2018-05-13 02:24:13
fb9e52e9d159432b865106692b218093,f56b0cede7f9494d9ea9c7a488f9b0a1,5,Ótimo produto,Recomendo muito este vendedor!,2018-05-22 20:24:13,2018-05-23 20:24:13
092b5b0570354594b857f831324b9189,f4483c8606b34b9096db5bf6c6cf47c1,5,Ótimo produto,Recomendo muito este vendedor!,2018-06-16 02:24:13,2018-06-17 02:24:13
3c51bde05df1484a87fae82dd8a5f29c,7c7bb4d2c1b04f28bbff7e5801f0407d,3,Atrasou a entrega,Demorou para responder.,2018-06-28 07:24:13,2018-06-29 07:24:13
bb3ae717a308414d92c8307c541bdf13,f857c2440f9a45878ad8fba75503df9f,5,Ótimo produto,Recomendo muito este vendedor!,2018-05-29 06:24:13,2018-05-30 06:24:13
b34700d6ae064798b62fe761e244f7d2,11bf0b9a9b1b493d8b9efd3f42fcbeb3,5,Ótimo produto,Recomendo muito este vendedor!,2018-05-25 07:24:13,2018-05-26 07:24:13
e939abaf8dcc470bac37e341b792c520,1a22e6dacf15481c8c43f2802a81ce6b,4,Ótimo produto,Recomendo muito este vendedor!,2018-05-10 09:24:13,2018-05-11 09:24:13
c0b6dd0d255d4fa59f5bf695285aba2b,b2420192bb414760b355abc31d2998df,5,Ótimo produto,Recomendo muito este vendedor!,2018-05-24 04:24:13,2018-05-25 04:24:13
dbc2cdce5e974ae3a3a30ee08b5369ba,7ad44a9834004659b176f1256296722d,3,Atrasou a entrega,Demorou para responder.,2018-05-16 20:24:13,2018-05-17 20:24:13
71f33e1c49994a4498f6c784beb801c6,bae7e0bc89864f808c4242aff3ac9e0e,5,Ótimo produto,Recomendo muito este vendedor!,2017-10-10 15:36:05,2017-10-11 15:36:05
c9e033f413814db996fc6da483fbe6bd,219030668721459a90a4420541abc3c3,5,Ótimo produto,Recomendo muito este vendedor!,2017-10-11 17:36:05,2017-10-12 17:36:05
e58b4126186b42f5a550f6353088378f,30805536e2484d038e52ce0bb316251f,4,Ótimo produto,Recomendo muito este vendedor!,2017-10-06 05:36:05,2017-10-07 05:36:05
f83aca544bc341ea9c5b4e2934b2e03b,a30830d4954e4f9b97d7f4054db56b4c,5,Ótimo produto,Recomendo muito este vendedor!,2018-01-13 20:05:18,2018-01-14 20:05:18
41bc9728fce247c78a114e7da2a35682,372b84c89fe8467ab475163db41edc14,5,Ótimo produto,Recomendo muito este vendedor!,2018-01-17 07:02:14,2018-01-18 07:02:14
f19b4fc4ff1f457db8426121dbaa1a34,b6245988a7954978ba9c2054dd5b0e61,5,Ótimo produto,Recomendo muito este vendedor!,2017-12-29 10:02:14,2017-12-30 10:02:14
609131e65e2f406b80015041f6d53185,4272e81e00694b11bea6050442b03bb4,5,Ótimo produto,Recomendo muito este vendedor!,2017-12-30 09:02:14,2017-12-31 09:02:14
c04ff5db66234cd99b4bc60e5bbcce8e,efa71eef634347d89488b8f19ea98102,5,Ótimo produto,Recomendo muito este vendedor!,2017-12-28 22:16:09,2017-12-29 22:16:09
ffd3b566dbf648ccaff0485a10f3fd95,efa640ca479744acac52cade0eaaf3c7,2,Atrasou a entrega,Demorou para responder.,2018-02-27 19:30:51,2018-02-28 19:30:51
85226525e7724f239345a50e88bbd95d,3db3a8a51f894d9cab95a191a7491147,5,Ótimo produto,Recomendo muito este vendedor!,2018-03-04 00:30:51,2018-03-05 00:30:51
09034c49db8744bc8e0f693487937447,355eab53c0db492da951a988df09ed1a,5,Ótimo produto,Recomendo muito este vendedor!,2018-02-19 19:30:51,2018-02-20 19:30:51
057ddc69d5cb4d11b2404f9b9ba1b956,765aac8a2eed4fbca084a633f2f2bfd3,5,Ótimo produto,Recomendo muito este vendedor!,2018-02-18 04:30:51,2018-02-19 04:30:51
2110ae399753494bb2e05e340fff6c93,6c269f056ff846d4baef64d8ea59b30c,5,Ótimo produto,Recomendo muito este vendedor!,2018-02-27 16:30:51,2018-02-28 16:30:51
dd363906035f43f29b89798ac2824026,b7f9965cca64452898f8db8d16af8be9,5,Ótimo produto,Recomendo muito este vendedor!,2018-03-17 03:30:51,2018-03-18 03:30:51
7db58ae48da14dc0b8a5014ecb8acebb,3ea5e30cf6e64261b057de43162127de,3,Atrasou a entrega,Demorou para responder.,2018-03-14 10:39:39,2018-03-15 10:39:39
05a7365a842342fb952e639860943a00,c39378e0f8dc4857b84beb094a0ca6c7,5,Ótimo produto,Recomendo muito este vendedor!,2018-03-19 10:39:39,2018-03-20 10:39:39
e74e033bc2104437b84a472661d7f49c,908d40a783f94d8cb4313fb5129515c6,5,Ótimo produto,Recomendo muito este vendedor!,2018-04-10 03:39:39,2018-04-11 03:39:39
7548aa9617ae43feb19057dcb0a656ee,25e096065aef43f78b6aa721bc78bb60,4,Ótimo produto,Recomendo muito este vendedor!,2018-07-24 15:21:14,2018-07-25 15:21:14
07af1f0749f547218031ac66f8e0eb3c,49c0a447446c4996ac48ec6c519f6a45,3,Atrasou a entrega,Demorou para responder.,2018-05-28 08:21:14,2018-05-29 08:21:14
d981a7c043df49f3a9be3461cffdd7ad,0cce58432a2947a9b2503c0ff636e39c,4,Ótimo produto,Recomendo muito este vendedor!,2018-07-14 12:21:14,2018-07-15 12:21:14
04e409fa9b3e4dd882a4d5be97a0f5a9,78515908186c4b159cfaf3902d125d27,5,Ótimo produto,Recomendo muito este vendedor!,2018-06-24 04:21:14,2018-06-25 04:21:14
f044765a194e4d898da0898077d0f3c2,edb333e506404e6a8d6d4e159c25a175,2,Atrasou a entrega,Demorou para responder.,2018-06-14 14:21:14,2018-06-15 14:21:14
a92c61b598984307a505f6120b75fa6c,1ff4a7c3cd764382a9caec07ec301a86,5,Ótimo produto,Recomendo muito este vendedor!,2018-06-14 10:21:14,2018-06-15 10:21:14
60a2eed308b645f4972f21d482032ca7,0f6fc590cd754847841a05c8935eae2c,5,Ótimo produto,Recomendo muito este vendedor!,2018-05-31 00:21:14,2018-06-01 00:21:14
2f537dc20e11468589282a4d51cf3554,8aa24051b6044720afb9df3145654d84,4,Ótimo produto,Recomendo muito este vendedor!,2018-06-06 21:21:14,2018-06-07 21:21:14
9b0544dfcf3343c18b4cee7e3048a575,93fefa2911054cb4b171e4a3809bfcf4,1,Atrasou a entrega,Demorou para responder.,2018-07-29 02:21:14,2018-07-30 02:21:14
ccda9a89484b4c0e94a9484c9373fc82,01f4ba4829c141d2b62ed69048b925ca,5,Ótimo produto,Recomendo muito este vendedor!,2018-06-08 07:21:14,2018-06-09 07:21:14
16333634cfca4c6b9e984e2715fa78fb,f9d77b96e315413da8e13d6ccadd2ae9,5,Ótimo produto,Recomendo muito este vendedor!,2018-06-15 20:21:14,2018-06-16 20:21:14
1ab5dc915aaa4010abe6d06f0a4700d1,bfcccb822ffb429db4e92fba70463af1,5,Ótimo produto,Recomendo muito este vendedor!,2018-06-13 04:21:14,2018-06-14 04:21:14
7be9fc64cf6d4fb2b13f6f54e14493e8,c2b0862c6002401e9c51a1926f5e3292,5,Ótimo produto,Recomendo muito este vendedor!,2018-07-17 20:21:14,2018-07-18 20:21:14
bdc868da19c346dda4dd39a87ef2cd76,1216f610440c4bac98886c194796a85d,5,Ótimo produto,Recomendo muito este vendedor!,2018-05-27 20:21:14,2018-05-28 20:21:14
83c7a07a1f7240c5b5688ed7c37f8be3,2378c25f1a28486bb23c02cfefb4205d,4,Ótimo produto,Recomendo muito este vendedor!,2018-05-31 21:21:14,2018-06-01 21:21:14
ba9c75861d544fbfb4322346fee60a39,314d44b34ec342ed8e905ef787c51696,5,Ótimo produto,Recomendo muito este vendedor!,2018-07-29 12:21:14,2018-07-30 12:21:14
506d920f8745412b995b33b13e786722,b83e469a15214a5cb64cf3aeeb4cbf19,4,Ótimo produto,Recomendo muito este vendedor!,2018-06-11 07:21:14,2018-06-12 07:21:14
7285bda92cf8485ebaf75c2948ff3689,5ae608ae4471493d8066eb4260f581b3,1,Atrasou a entrega,Demorou para responder.,2018-07-11 11:21:14,2018-07-12 11:21:14
52fc7216ff684ac5afcab72c770ed924,186744c51c1743ec95722987427e231a,4,Ótimo produto,Recomendo muito este vendedor!,2018-05-29 04:21:14,2018-05-30 04:21:14
d5fa1cb5229046db81ef3997e3014e91,dc49c3db27ce4fe8a91d084faea48e67,5,Ótimo produto,Recomendo muito este vendedor!,2018-05-28 07:21:14,2018-05-29 07:21:14
7d28af6d57f74ceaac989bde051c85e1,3a599bded8754fcba5a8cee67fcde17d,5,Ótimo produto,Recomendo muito este vendedor!,2018-07-05 09:21:14,2018-07-06 09:21:14
afa5f689e7b34f8baaa2052db7d8d5f8,6066a8987acf463a8731b2471866ee60,5,Ótimo produto,Recomendo muito este vendedor!,2018-06-29 12:21:14,2018-06-30 12:21:14
ce9db35f2e9646318653400bdf9ed0c7,921f9dc3e04f45bcb3c8665ed2d12e88,5,Ótimo produto,Recomendo muito este vendedor!,2018-03-07 00:01:09,2018-03-08 00:01:09
c0cb5742db1c46e8951fd0e87ed2d78e,b7b2c16e25654a869d0196518a0b3a46,5,Ótimo produto,Recomendo muito este vendedor!,2017-12-24 04:24:38,2017-12-25 04:24:38
9c755d1a80164e21bb2d091b02598cfb,9fb870931c0f479c9628e2f10bfd5ecd,3,Atrasou a entrega,Demorou para responder.,2017-12-31 05:24:38,2018-01-01 05:24:38
1c6bb6c8b6cc41019c7488c1d78db799,61ebcd56bb70445bbabe1288df86a400,3,Atrasou a entrega,Demorou para responder.,2017-12-03 22:31:44,2017-12-04 22:31:44
1f65868cb2f7405cb1ccec14bc652df8,34caaffcce614101a69d695fee8ced47,5,Ótimo produto,Recomendo muito este vendedor!,2017-10-24 22:31:44,2017-10-25 22:31:44
1e1fa194e7944d7aa724a9182119db58,f7a20058823144688ae7051d65303867,4,Ótimo produto,Recomendo muito este vendedor!,2017-09-16 06:43:30,2017-09-17 06:43:30
1f225d1d55144dc7a1a5b9f6c0d64b87,ce6a97ae85ae4fe58ccf9c3c67fe496d,1,Atrasou a entrega,Demorou para responder.,2017-07-19 16:43:30,2017-07-20 16:43:30
419b93e970e14ba7a730ca37206a3117,ba7879c2bd424466afc3a689396e9dbf,5,Ótimo produto,Recomendo muito este vendedor!,2018-05-28 09:22:37,2018-05-29 09:22:37
d92633d8b1aa4504876b233f13bd966e,2d6d7ab8d7c04c3fb68e30aae48b868e,2,Atrasou a entrega,Demorou para responder.,2018-06-23 22:13:56,2018-06-24 22:13:56
c12e95a804df454ea5a51344050d3e05,6119d6a6f668463c92f4698e60673367,4,Ótimo produto,Recomendo muito este vendedor!,2018-06-21 09:13:56,2018-06-22 09:13:56
94cef01cdbe74b56bda7d85ecf8e65cc,0dfed6fc8b89422f9b91cbebd246eaaa,5,Ótimo produto,Recomendo muito este vendedor!,2018-07-22 03:13:56,2018-07-23 03:13:56
8108915fad1f46499601928cf47c49e8,6ece55b9aea742fe868b542077c74d5d,4,Ótimo produto,Recomendo muito este vendedor!,2018-06-21 12:13:56,2018-06-22 12:13:56
bf7c32bfaae14ba2873689fd961281b8,3bd79fe3df554e89ab36aedc3f410721,5,Ótimo produto,Recomendo muito este vendedor!,2018-08-02 09:13:56,2018-08-03 09:13:56
b2b31fd8aa5542b383a6e1accb98f724,fb62e784fa7e49b68d6313f2cfc3ba6b,5,Ótimo produto,Recomendo muito este vendedor!,2018-06-26 11:13:56,2018-06-27 11:13:56
1dd34dba031343f899ab1b9286c8392a,df966ac052864cc196f22e7edca443b4,1,Atrasou a entrega,Demorou para responder.,2018-07-08 21:13:56,2018-07-09 21:13:56
6d1c3ca2f88349d49c427ac44360f61c,0072f5a196ce4286bac55ec703aad2b7,5,Ótimo produto,Recomendo muito este vendedor!,2018-07-29 07:13:56,2018-07-30 07:13:56
a93a28f462e445f7aa6ac616d9ebfc8e,57faf43fc8814cd486a77b30b549a4d1,5,Ótimo produto,Recomendo muito este vendedor!,2017-09-14 16:22:47,2017-09-15 16:22:47
dd6cf914aaf44881b188d37051a83104,26f709ef072940208a8af5f0bffbfa62,3,Atrasou a entrega,Demorou para responder.,2017-08-09 18:22:47,2017-08-10 18:22:47
30ce134da5fd42d0b7923e2266090d49,530dea22e3a24004be473fd880e22fd9,1,Atrasou a entrega,Demorou para responder.,2017-07-19 21:22:47,2017-07-20 21:22:47
9314c308c2134480a58fe20e75ba9ad3,a2d6197546194bc8947a81d1ea07723d,5,Ótimo produto,Recomendo muito este vendedor!,2017-07-28 15:22:47,2017-07-29 15:22:47
bf37b1357c754004a7086cc942af248f,3513afcaa23847bfa862be400e39fdf2,5,Ótimo produto,Recomendo muito este vendedor!,2017-07-26 21:22:47,2017-07-27 21:22:47
5e9bde9b4106442cb052445d90f77b4d,478fbbb87ff24c4dbae43d553888597d,4,Ótimo produto,Recomendo muito este vendedor!,2017-08-09 23:22:47,2017-08-10 23:22:47
cdf4af42ef954481b052c2103e4aa4e1,839a6a39f6394f3f8d2cc085e6a4875d,4,Ótimo produto,Recomendo muito este vendedor!,2017-09-08 17:22:47,2017-09-09 17:22:47
88f14264b5da4d59b72157d147799985,13ff7d3d2d624c8786820fc38bb0b169,2,Atrasou a entrega,Demorou para responder.,2017-08-19 12:22:47,2017-08-20 12:22:47
79c8069b9b4948d5962d1fafbb059386,73b433f7227c40cea3a0ae41c7161110,5,Ótimo produto,Recomendo muito este vendedor!,2017-08-21 19:22:47,2017-08-22 19:22:47
009f54d48aad4d6db163c6fdf7bbb0e0,fbc8a568eab14a55a700c3043f93a326,4,Ótimo produto,Recomendo muito este vendedor!,2017-08-13 06:22:47,2017-08-14 06:22:47
de017f32aaff41b9be3421b403d8d242,176fb542912b49be9f68bea2ded93dd8,2,Atrasou a entrega,Demorou para responder.,2017-09-13 15:22:47,2017-09-14 15:22:47
55b630d55bc14f40a7bb73fbabe715bb,694717f8d51943349c58abe2d580fd9f,4,Ótimo produto,Recomendo muito este vendedor!,2017-08-19 21:22:47,2017-08-20 21:22:47
7a524e8f3abd4d4d8172c366599c2a93,fad172f38b4a4c6d81277060404b6225,4,Ótimo produto,Recomendo muito este vendedor!,2017-07-20 00:22:47,2017-07-21 00:22:47
be54531d598342bda0d084aac3a48eca,3fe0cf3ac8cc4d758b58f17224c8153e,5,Ótimo produto,Recomendo muito este vendedor!,2017-11-22 20:23:48,2017-11-23 20:23:48
8b2d6224b52f430fbe20a49ca819ef90,16a325aa5bbe410692a4bc0113253b7f,5,Ótimo produto,Recomendo muito este vendedor!,2017-11-22 01:23:48,2017-11-23 01:23:48
fe275d694251484bba573f1b773b8bec,aca1fbb4b8044ab89affae1f97cfda3c,5,Ótimo produto,Recomendo muito este vendedor!,2017-12-26 20:23:48,2017-12-27 20:23:48
251f92571c0244b1aa1a342f3af428bb,bda9ac089c634dc2ac620224e16bdb4a,5,Ótimo produto,Recomendo muito este vendedor!,2018-01-03 02:23:48,2018-01-04 02:23:48
b37f95d83f304292bcc7c31194042641,ceb5fc40b9d64c6cab1ca3993dc10811,5,Ótimo produto,Recomendo muito este vendedor!,2017-11-22 08:23:48,2017-11-23 08:23:48
98836c4772324c748f06cf2fc064b2e6,5411b1f2f51e41eabe92a449bbd0b717,5,Ótimo produto,Recomendo muito este vendedor!,2017-11-21 08:23:48,2017-11-22 08:23:48
77320e84d8f149ffb9e89f4095fff2f4,ce282da3bd8641a4b2bf77520662153c,5,Ótimo produto,Recomendo muito este vendedor!,2017-11-23 18:23:48,2017-11-24 18:23:48
27aed053eac941989ea51472326c0bc4,47fd6d9c803b4acf9cc7bc7353624cdf,5,Ótimo produto,Recomendo muito este vendedor!,2017-11-21 17:23:48,2017-11-22 17:23:48
15fa55f0719143fcb18c466051f5129a,a38243eeaef54cab85156ff1b86a8c17,4,Ótimo produto,Recomendo muito este vendedor!,2018-02-13 08:23:48,2018-02-14 08:23:48
3a8587330c564ac385d06bdada1eac3d,5ec5cd4c08cb466c8b39d2d53d1e5562,5,Ótimo produto,Recomendo muito este vendedor!,2017-11-21 10:23:48,2017-11-22 10:23:48
7769f73d946144eeb1a164d163bab78b,1a902667468d4f0eab9b7a3ef5e650f5,5,Ótimo produto,Recomendo muito este vendedor!,2018-01-04 14:23:48,2018-01-05 14:23:48
177a6a59afa8423eb6af0438ece0d5ef,36c5786cf5dd46b4a52b0f1d5be44591,1,Atrasou a entrega,Demorou para responder.,2017-12-06 10:23:48,2017-12-07 10:23:48
99654dd6319d44f4816b776ce5e8dc53,7740e09bb3c84b0a8e303e72dfab04d3,5,Ótimo produto,Recomendo muito este vendedor!,2017-11-24 06:23:48,2017-11-25 06:23:48
9ae10c5163834585bee7a4caa8e0827f,28252b645f78447ab6372560dcc071dd,4,Ótimo produto,Recomendo muito este vendedor!,2017-11-21 17:23:48,2017-11-22 17:23:48
c329161c8ed442fd8175cc5ce116c812,501fb63deb2845eabcafe7dad430797b,5,Ótimo produto,Recomendo muito este vendedor!,2017-12-15 09:23:48,2017-12-16 09:23:48
5189b91e170b44338846f42890657395,aad0cdc395d0447eacd2f8bbd87f9814,4,Ótimo produto,Recomendo muito este vendedor!,2017-11-22 09:23:48,2017-11-23 09:23:48
1c40307482b14aa390aae213a784dfab,79e9e265c2e14d7faec89a5602eb8937,5,Ótimo produto,Recomendo muito este vendedor!,2018-01-04 08:23:48,2018-01-05 08:23:48
a4881a3e6920442998203a3650a21bf0,3f8c923f868d4870b413c147e40cee0c,5,Ótimo produto,Recomendo muito este vendedor!,2017-11-28 10:23:48,2017-11-29 10:23:48
56262a6746f1415a93b6696b95b1c40a,f580ca9924f4462c95b0ab384a9f949a,5,Ótimo produto,Recomendo muito este vendedor!,2017-12-20 13:23:48,2017-12-21 13:23:48
c5e56536a6324075a73f5499d4466e7a,6cd09db94eb442158c82b20bd1e478e7,5,Ótimo produto,Recomendo muito este vendedor!,2017-11-21 09:23:48,2017-11-22 09:23:48
e6eac78dc6fe4f3b8b02ab09c52d2828,814d1c9504354550a7d4da27afda7cdd,5,Ótimo produto,Recomendo muito este vendedor!,2017-12-03 04:23:48,2017-12-04 04:23:48
74fc7275d6ab4d53aa2b13efeefd8ceb,559eb20706bb4581a455d15f568136c4,4,Ótimo produto,Recomendo muito este vendedor!,2017-12-06 08:23:48,2017-12-07 08:23:48
bcf60420b3734c70898cf6eeb98081ff,7bab6285f3694ac8a26b4bf0aeca8074,3,Atrasou a entrega,Demorou para responder.,2017-12-03 16:23:48,2017-12-04 16:23:48
e4a19f44d3ca40edbf2f0f83ac678566,143bf711f8e64132b2ee0a5727718251,3,Atrasou a entrega,Demorou para responder.,2017-12-01 07:23:48,2017-12-02 07:23:48
367fa99d660c4525937b73195fb507ed,65b5b1e68afb44628a71bd7fbd83cc4d,5,Ótimo produto,Recomendo muito este vendedor!,2017-11-16 10:18:06,2017-11-17 10:18:06
131c02dddb28457ca4321a94e43b5e19,e4d8fbd964f344fabd4f2bc51f26444f,5,Ótimo produto,Recomendo muito este vendedor!,2017-11-22 05:18:06,2017-11-23 05:18:06
843aeabac3b1419abbfb7435ba18f573,b3b0cce9ecd248a7a5751434670f61d4,5,Ótimo produto,Recomendo muito este vendedor!,2017-11-10 07:18:06,2017-11-11 07:18:06
a790bf0c6ffc420db961322b3029a2f4,cb728307dc8b44f1992ab3467a254133,5,Ótimo produto,Recomendo muito este vendedor!,2017-12-06 20:18:06,2017-12-07 20:18:06
6776a8b329a04bc5988e8222decd1f4a,afdbff94c44a4117858272e256868c21,5,Ótimo produto,Recomendo muito este vendedor!,2017-11-29 10:18:06,2017-11-30 10:18:06
9e9c32bda151456ca4d8b4a04aafdcaa,573e83566de44a20820eb3192830d309,5,Ótimo produto,Recomendo muito este vendedor!,2018-03-16 16:24:51,2018-03-17 16:24:51
8cf329a5c344420e905d4bbe6c0e7bed,6bcb31a54c194297b50990024c272b0f,4,Ótimo produto,Recomendo muito este vendedor!,2018-02-02 13:24:51,2018-02-03 13:24:51
d993782ff14d44248fd27934de22e3d2,ba0e4b3dd82949a1ad8492b75b37e5bb,5,Ótimo produto,Recomendo muito este vendedor!,2018-02-02 15:24:51,2018-02-03 15:24:51
dabf4a6ed8d243b492c1ef928d280551,d6fe073dcb604a7786d21128f967cc26,3,Atrasou a entrega,Demorou para responder.,2018-02-15 00:24:51,2018-02-16 00:24:51
7d2b748aa700444f9c6f17c804e11c11,0d5ba54c857149a888d36654c94b0332,5,Ótimo produto,Recomendo muito este vendedor!,2018-02-04 11:24:51,2018-02-05 11:24:51
caf599ff4e514bc088e3adfac1649763,89682ac1384045e5a9890143775ffbd1,1,Atrasou a entrega,Demorou para responder.,2018-03-16 10:24:51,2018-03-17 10:24:51
3110fdcdaa51471e94ee724e6552dc71,181d9bdc2e8b4b5a8b1de09109b3b262,4,Ótimo produto,Recomendo muito este vendedor!,2018-02-13 20:24:51,2018-02-14 20:24:51
bcc82a36f9204bd3ae56b1e2bb312f91,4a1841d7c9bc412ba72ebb656d51989d,5,Ótimo produto,Recomendo muito este vendedor!,2018-02-19 16:24:51,2018-02-20 16:24:51
8f33a3f7d9964fbab3283e3dd1db214d,446063dec1f842909cac3a5ad5dd801b,4,Ótimo produto,Recomendo muito este vendedor!,2018-02-05 23:24:51,2018-02-06 23:24:51
c0945b48d70b41ddaf9d61937bd26afa,91aa32b419a14f02a305998aa63c727f,5,Ótimo produto,Recomendo muito este vendedor!,2018-03-16 18:24:51,2018-03-17 18:24:51
28739aea265e4270bc91b933d67329ce,1bef75df9e87458fb4063037ce7875b2,5,Ótimo produto,Recomendo muito este vendedor!,2018-02-28 11:24:51,2018-03-01 11:24:51
24ab49e996674660842da0cec2e30aab,0aa2ccfb55804b4eb28ebe81db06ef8d,1,Atrasou a entrega,Demorou para responder.,2018-03-18 11:24:51,2018-03-19 11:24:51
73433d9f1760407e999c9d5429c87418,eae0f7fa5eb74692ba496697c651f0b7,4,Ótimo produto,Recomendo muito este vendedor!,2018-01-16 08:55:14,2018-01-17 08:55:14
1777d99139fd41139a51cfe35945ffee,39e2a7851268448fab2d0124435aa409,4,Ótimo produto,Recomendo muito este vendedor!,2018-05-25 10:05:17,2018-05-26 10:05:17
54c608f32c1643f780b035c3ec9dce04,d79ab4fdc6424a9c8505ce0df80370f9,5,Ótimo produto,Recomendo muito este vendedor!,2018-05-04 21:05:17,2018-05-05 21:05:17
e79ea10eb2544e2bbcf97f79a277090e,e4de397f0432498ab0293bc105e7df65,5,Ótimo produto,Recomendo muito este vendedor!,2018-05-10 02:05:17,2018-05-11 02:05:17
ae78756073d6488c9fe7427a15e4dff8,fadfbd4f49ba4abdb0080815f1ab226c,5,Ótimo produto,Recomendo muito este vendedor!,2018-05-10 07:05:17,2018-05-11 07:05:17
f25ac61ac5394f479d75ab49b1b37334,26971330688548f9914a333cd8f13dfe,5,Ótimo produto,Recomendo muito este vendedor!,2018-05-07 17:05:17,2018-05-08 17:05:17
d309a36bbcc2460ba7bac3bbcb042f9d,6a83e6cee6cf417199c998abcbf2751d,3,Atrasou a entrega,Demorou para responder.,2018-05-01 19:05:17,2018-05-02 19:05:17
f00a3eb0064945bf9710e9f3e2120537,4a7dd29723fa46b2a3916452acf78249,5,Ótimo produto,Recomendo muito este vendedor!,2018-05-03 06:05:17,2018-05-04 06:05:17
c7d612349c9a41c385fc85ea748d992f,43e11a839be145589ffa10486dfc9324,5,Ótimo produto,Recomendo muito este vendedor!,2017-08-28 00:42:39,2017-08-29 00:42:39
4a0de031fd0f4a818c9424147bde5217,d5e23df794584119afa61a3bcaaead52,4,Ótimo produto,Recomendo muito este vendedor!,2017-09-03 06:42:39,2017-09-04 06:42:39
0d03eac9998040a8900fb8e8bb10be79,b15c7730aab24b6c9c1aeb97e3e5c986,5,Ótimo produto,Recomendo muito este vendedor!,2018-05-12 07:00:42,2018-05-13 07:00:42
cfc734fbec324da49cca2f6a2e4aca2a,abedc87a8b8249568b12dbccd9e11c6a,3,Atrasou a entrega,Demorou para responder.,2018-07-16 07:12:07,2018-07-17 07:12:07
a4e3c18b7ba84bb28241204d13e5f1ee,1e024034cca7410d9fd0456abc41907a,5,Ótimo produto,Recomendo muito este vendedor!,2018-06-23 10:12:07,2018-06-24 10:12:07
972928aec24c45528621a91c99e1aff8,13ccf54adda944389ab4a2229b717e4b,5,Ótimo produto,Recomendo muito este vendedor!,2018-06-18 21:12:07,2018-06-19 21:12:07
4272e7953aa141e2b1f88b562dd2b739,8aa20677d2d246dc9c2fbba2118e8719,4,Ótimo produto,Recomendo muito este vendedor!,2018-07-05 00:12:07,2018-07-06 00:12:07
38a511229ad744f2b5dd4e9d818488bd,604e394a5e4546c4b43a9116c8bb454b,4,Ótimo produto,Recomendo muito este vendedor!,2018-06-30 09:12:07,2018-07-01 09:12:07
d470e88614d44434b547cd65d5294c07,ebdd14cad7364af48163f57d7c0f529a,5,Ótimo produto,Recomendo muito este vendedor!,2018-06-17 10:12:07,2018-06-18 10:12:07
a79abeca397c446f857549b0640ff198,3a703700542e459cb9761429cf1cea47,3,Atrasou a entrega,Demorou para responder.,2018-06-20 08:12:07,2018-06-21 08:12:07
c4db1ac8e7ba4aebbbb37fd13e168c6c,e36ef16ccf854dd38d5bf84b87e08305,1,Atrasou a entrega,Demorou para responder.,2018-07-05 07:12:07,2018-07-06 07:12:07
59d40fad5c144a35ad0078a5260b9138,d3f7ffc9669c43beb8c42517ab882668,4,Ótimo produto,Recomendo muito este vendedor!,2018-07-25 20:12:07,2018-07-26 20:12:07
f22894d1e90a4b68833dccc910a384c9,5aaf6c90b7524cf6b2e281b3cca6e8fa,5,Ótimo produto,Recomendo muito este vendedor!,2018-03-28 10:45:24,2018-03-29 10:45:24
51d3eb5c63a949cd87f7ee5a3f81c557,f54d1f287425404883e5c98301de834f,3,Atrasou a entrega,Demorou para responder.,2018-03-01 02:45:24,2018-03-02 02:45:24
01f83e5279e64130be55358739eca136,f999e0ebdf2c4d658d6e7d91c82b72bf,5,Ótimo produto,Recomendo muito este vendedor!,2018-03-06 16:45:24,2018-03-07 16:45:24
d7dfe50f1f7c4e008a3cd466031c4d06,8abf19ee1fa540d38840b9754299729d,1,Atrasou a entrega,Demorou para responder.,2018-04-16 11:45:24,2018-04-17 11:45:24
66d18a2189e8416fbcb0be2a4aa095a0,77b9c07b46cc4f998fb93f7f01418e59,2,Atrasou a entrega,Demorou para responder.,2018-03-19 10:45:24,2018-03-20 10:45:24
b1c8a27294414f2596ca028783039ef0,2ab3421c60ff4aa0a7e08406f19ac9b6,5,Ótimo produto,Recomendo muito este vendedor!,2018-06-21 11:45:24,2018-06-22 11:45:24
766c1aaab8844e2bb7eb4122eda63a85,55346e45a6c8457aa6b2470ca0c8f1e7,1,Atrasou a entrega,Demorou para responder.,2018-04-11 15:45:24,2018-04-12 15:45:24
93d40372b2c441cda19c647e4b32c4d2,fe84a79bfabd4ef5b45a8f15f04896e0,3,Atrasou a entrega,Demorou para responder.,2018-02-27 17:45:24,2018-02-28 17:45:24
601b94b88ff143a49d402e63bcd3ad5f,2ea4425ec480406bbed6078fa0c711a6,2,Atrasou a entrega,Demorou para responder.,2018-02-25 11:45:24,2018-02-26 11:45:24
319ac7253a1f4978af709de60d026b5f,60ee57527d644a64bfbc262c9b46a637,5,Ótimo produto,Recomendo muito este vendedor!,2018-03-06 11:45:24,2018-03-07 11:45:24
01951c5cb556459289173a85cb289311,14e15b00ff744ea0bf061b7495c1aef8,5,Ótimo produto,Recomendo muito este vendedor!,2018-03-12 13:45:24,2018-03-13 13:45:24
d6f9bf6519b24887a7b57d1d085d4032,492531bb005c44e484916d5af73ea409,5,Ótimo produto,Recomendo muito este vendedor!,2018-04-03 14:45:24,2018-04-04 14:45:24
694f7918923e4617af4fb9bc3f464c48,f01a4d0c7d184417a9f8c93293893302,5,Ótimo produto,Recomendo muito este vendedor!,2018-05-21 20:45:24,2018-05-22 20:45:24
2144bd3877f44191b43f5f536e21a56f,b6d5215842ba44018f5f9097c189fb6f,1,Atrasou a entrega,Demorou para responder.,2018-02-13 07:40:59,2018-02-14 07:40:59
81340bdbafc04532a5ac4f92797a185a,8eecabe7c755486db3a941a9d3a75bad,4,Ótimo produto,Recomendo muito este vendedor!,2018-02-28 00:40:59,2018-03-01 00:40:59
6db75a2178174e32a151ac47005c3afd,4b5d1aab71a444298f2f1515605619cd,2,Atrasou a entrega,Demorou para responder.,2018-04-14 00:40:59,2018-04-15 00:40:59
e576d9c0d1c64768a49a9a00fee60650,f2b3a0e71efd46c69913d5af8cc848e0,5,Ótimo produto,Recomendo muito este vendedor!,2018-03-23 13:40:59,2018-03-24 13:40:59
087ff2ede84f4a818c06c7c624feef00,9841b8c1fcc441309493ec147d1a06ba,1,Atrasou a entrega,Demorou para responder.,2018-02-24 15:40:59,2018-02-25 15:40:59
62fff632b65a4d0fa014ec6b1b37e327,bd18de940cf54e54aa54a17c81520663,4,Ótimo produto,Recomendo muito este vendedor!,2018-02-27 07:33:25,2018-02-28 07:33:25
1a9d352e129d48cc8f901597999c7c1b,2cab41d1211942e19892853f577bb92b,5,Ótimo produto,Recomendo muito este vendedor!,2018-03-13 12:26:24,2018-03-14 12:26:24
3ceedcba058e497ea19dbf3a82bc4259,815293555d7c4563a644fc387de203cd,3,Atrasou a entrega,Demorou para responder.,2018-04-07 16:26:24,2018-04-08 16:26:24
e3e06516664f42489fd1c5de6424ebe8,e8b207dcc9c24323aea478b19fa516b1,4,Ótimo produto,Recomendo muito este vendedor!,2018-03-01 06:26:24,2018-03-02 06:26:24
71bb5eb40eb540a7bb4634a1a9fcf6a8,c3d0f91b4a8e4a2db147f1751ac5b19a,3,Atrasou a entrega,Demorou para responder.,2018-06-24 10:37:17,2018-06-25 10:37:17
fac49d7ba4b84d2eaa99a944232af88a,31e0abff7fa34b0e8ad3e464c6991f1c,3,Atrasou a entrega,Demorou para responder.,2018-07-03 18:37:17,2018-07-04 18:37:17
46a752c8710f4065b16dfcd0f895abfa,093331ed6f4f4fe3908e0d5ba30129d1,5,Ótimo produto,Recomendo muito este vendedor!,2018-06-21 09:37:17,2018-06-22 09:37:17
bf62c5f06b114ebdae33967e056d19da,c1da2bce9cb8410abff58eca947a3ea9,5,Ótimo produto,Recomendo muito este vendedor!,2018-07-18 00:37:17,2018-07-19 00:37:17
019f1e923292443798947867d0ce7cc9,c1566bc9b26245d1b5cf8c3eeb8586d4,3,Atrasou a entrega,Demorou para responder.,2018-07-12 20:37:17,2018-07-13 20:37:17
700c9afc6b0f41eebba7e85935ebe4cc,6bf7d2227be84317a52f98911524188a,5,Ótimo produto,Recomendo muito este vendedor!,2018-07-01 11:37:17,2018-07-02 11:37:17
9d3f7189165a4c1091b95ed1946c4b3e,d497fabe0b83429084fbf9c692f5a2e5,5,Ótimo produto,Recomendo muito este vendedor!,2018-07-06 20:37:17,2018-07-07 20:37:17
b1415a59a1624e4cb537f5886cd865bc,b1d277118a2840aea7686ef415e532e0,5,Ótimo produto,Recomendo muito este vendedor!,2017-08-30 19:58:13,2017-08-31 19:58:13
5ee8635a47d34274b914e89e69b8bbb8,b98a230c762745259ca10913fb901044,5,Ótimo produto,Recomendo muito este vendedor!,2017-09-08 04:58:13,2017-09-09 04:58:13
df8d07be6c654a748e01f683e9f44f39,1ffab6d56498414ead732ddb11ea1670,4,Ótimo produto,Recomendo muito este vendedor!,2017-08-17 10:58:13,2017-08-18 10:58:13
7c035f05559c4e09a50ec139b8ab9335,35e7cc924ade483aa69c597a1e009abe,5,Ótimo produto,Recomendo muito este vendedor!,2017-08-29 19:58:13,2017-08-30 19:58:13
d4cb514028664161b625d0d5cb189963,2296accec6344412ac9e0e0fbd49869e,5,Ótimo produto,Recomendo muito este vendedor!,2017-08-21 08:58:13,2017-08-22 08:58:13
494ab22b7d6d4a4580c123abb5cee264,d4d4c8003fb24bbd917bdfdeb7326840,5,Ótimo produto,Recomendo muito este vendedor!,2017-10-03 12:58:13,2017-10-04 12:58:13
626322eada1f4a1787543051c77f397e,6d9540cc2ef64c0e84c61fd3722135dc,5,Ótimo produto,Recomendo muito este vendedor!,2017-09-05 09:58:13,2017-09-06 09:58:13
6749043488d6477ebfc6639580063205,eb34bc372a1a448389bf690e3f27de44,5,Ótimo produto,Recomendo muito este vendedor!,2017-10-23 18:58:13,2017-10-24 18:58:13
2d15123a4db14bce96e12b007fddbd47,14f15361bf2d45c3b9ac3098221c126c,4,Ótimo produto,Recomendo muito este vendedor!,2017-08-17 16:58:13,2017-08-18 16:58:13
150e5d1cea6245939140c0014b3036d9,f50681a9389f404fb063a3150f1494ae,5,Ótimo produto,Recomendo muito este vendedor!,2017-08-24 18:58:13,2017-08-25 18:58:13
ca41a60d169a4a1e80bf948978ade080,6a820b4dc2694c1ea2cdd09c454be9f3,4,Ótimo produto,Recomendo muito este vendedor!,2017-08-31 04:58:13,2017-09-01 04:58:13
ba073a5caa204d50aacda9eeae957041,0337292b88294c2d81c904ba53846173,4,Ótimo produto,Recomendo muito este vendedor!,2017-08-30 20:58:13,2017-08-31 20:58:13
9a91ee20f287401fbc90cef899121091,7529c357a4ec47adbd7d98dcdbf7eadb,4,Ótimo produto,Recomendo muito este vendedor!,2018-05-09 23:28:54,2018-05-10 23:28:54
f95f5d712f2e40c3846f0d6825e46f60,cf43120775074a5ab0830e008cf1be09,5,Ótimo produto,Recomendo muito este vendedor!,2018-03-28 11:37:12,2018-03-29 11:37:12
54a009654cef491981483dbb5cdd8ae2,ab533aefc1f84770b04534edeab054c2,5,Ótimo produto,Recomendo muito este vendedor!,2017-10-05 05:12:01,2017-10-06 05:12:01
4a5f1f61549d416da491c03260f8f140,84ccb82d34b14e819e1a751342c23962,3,Atrasou a entrega,Demorou para responder.,2017-09-21 21:12:01,2017-09-22 21:12:01
21143607740b40d8953cfbb7d895604a,d3b04adb165c4dadbf44a676bd815a21,5,Ótimo produto,Recomendo muito este vendedor!,2017-10-22 20:12:01,2017-10-23 20:12:01
a91044ac755f498481efcc798dc8115c,e61fd5e984dd44bd8cf0815d57bee86a,2,Atrasou a entrega,Demorou para responder.,2017-09-22 05:12:01,2017-09-23 05:12:01
e11ddf8e611b478c8ffa660352ca37de,73909a7f46ef4d13b56ff00f9037067a,5,Ótimo produto,Recomendo muito este vendedor!,2017-09-24 12:12:01,2017-09-25 12:12:01
1739d0f09afb40ef9aaaf97c9ca0b47d,3b201f52e43b4abfb09a99d44fe7a564,5,Ótimo produto,Recomendo muito este vendedor!,2017-09-21 16:12:01,2017-09-22 16:12:01
6f206f078118457e96947cea1103a38a,935749c5498f440899c6aa6abece645f,5,Ótimo produto,Recomendo muito este vendedor!,2017-11-09 08:12:01,2017-11-10 08:12:01
70a5eb738625453f9b61866f3d3baa51,73567abd45624899ac5b3e69c62027ac,5,Ótimo produto,Recomendo muito este vendedor!,2017-09-11 03:50:07,2017-09-12 03:50:07
4df4b5e40b8a4f9ebf397f163961b244,62264d6d99eb44c68a9d7e195b72a9ba,5,Ótimo produto,Recomendo muito este vendedor!,2017-08-24 01:50:07,2017-08-25 01:50:07
faf603eac32f4dbaa6ddd2af58eb62e6,933149acbcce4b96b4f1de1c127e097d,1,Atrasou a entrega,Demorou para responder.,2017-08-25 02:50:07,2017-08-26 02:50:07
05f043fc588d4b8783d8571b8a2db6bd,4b298000fa8f4e3fa95c8d883d13c182,5,Ótimo produto,Recomendo muito este vendedor!,2017-08-19 01:50:07,2017-08-20 01:50:07
8ccc64a611a146fa91874e38be031472,bfac2d71d0b044ebb3611b60bee410d2,1,Atrasou a entrega,Demorou para responder.,2017-12-12 06:39:53,2017-12-13 06:39:53
5346a3e3a3d040bbbd80331b1f38dab5,297c5a1d1f31450a9d70cfd9da7c7230,3,Atrasou a entrega,Demorou para responder.,2017-12-17 02:39:53,2017-12-18 02:39:53
fb58e37144c240b79801d102c0dcda1e,5f8f8fb9f0ac48e4b2f7f18ad1c8d1a8,4,Ótimo produto,Recomendo muito este vendedor!,2017-12-14 14:39:53,2017-12-15 14:39:53
07c8489f97424222ae2a6fd7cd6aab99,7234f4e508cf48018c196999c67c7b4c,5,Ótimo produto,Recomendo muito este vendedor!,2017-12-21 12:39:53,2017-12-22 12:39:53
17f1be60fc7342fbbb796c99981ce40b,c2a31d0e137449c8854475160627e720,5,Ótimo produto,Recomendo muito este vendedor!,2017-10-31 12:06:09,2017-11-01 12:06:09
15d53a599a894de689461f24850ea9c1,e09a669c00754f1a9fe31b0a00e8428e,5,Ótimo produto,Recomendo muito este vendedor!,2017-10-11 21:06:09,2017-10-12 21:06:09
e55deea68e0544ec8137f9568826b962,ab0e390908784d249b7714028a1d685d,3,Atrasou a entrega,Demorou para responder.,2017-12-31 19:06:09,2018-01-01 19:06:09
8e05d34671ba406a9e6c88010ea6224d,f00b285812ab416a8987d9bce4d920d5,5,Ótimo produto,Recomendo muito este vendedor!,2017-11-03 15:06:09,2017-11-04 15:06:09
0768e539d12c44658e7237badd23416f,e3270dd14607482b90d45af75ea1eb2e,5,Ótimo produto,Recomendo muito este vendedor!,2017-10-20 15:06:09,2017-10-21 15:06:09
4c5c54ade8af4ab7bd8fd113cf92b896,a7c8c4367c2741f0924d56886b759e05,4,Ótimo produto,Recomendo muito este vendedor!,2017-10-08 07:06:09,2017-10-09 07:06:09
ba55053e5928457288c20dbd6959ea58,f7c95e4115ce4b2d800d701ab48dd460,4,Ótimo produto,Recomendo muito este vendedor!,2017-11-30 19:11:43,2017-12-01 19:11:43
5e63289e6778404a816f0aed61597119,c900d0d749904b789759bf152108b24b,5,Ótimo produto,Recomendo muito este vendedor!,2017-12-08 14:11:43,2017-12-09 14:11:43
811b811af72d4bb1989e14a391271f39,67dc0925d3324f4985d3aacd3a2481aa,4,Ótimo produto,Recomendo muito este vendedor!,2018-04-21 15:11:05,2018-04-22 15:11:05
ab21d244f00343908416d8008e012b47,48122b7217a24d13bc711ee5f9db654a,5,Ótimo produto,Recomendo muito este vendedor!,2018-07-01 05:43:19,2018-07-02 05:43:19
ba05ee6e3f5840ff9691f0aa545c7f8e,12ba7c5ecc714c58aabdc17e719e843c,5,Ótimo produto,Recomendo muito este vendedor!,2018-06-22 05:43:19,2018-06-23 05:43:19
b30634af889247078132100a31abc34d,5e722ac7d7ae469d94d884d496a8daf0,5,Ótimo produto,Recomendo muito este vendedor!,2017-07-04 01:47:54,2017-07-05 01:47:54
e3b9861000d24686a358f766077a9f01,008022a6f08b46c7a6445feac7b559db,5,Ótimo produto,Recomendo muito este vendedor!,2017-09-23 16:04:14,2017-09-24 16:04:14
42c0b7db484748b380c9d1a1b800135c,43832d6038084b3c938faff1e50de83e,5,Ótimo produto,Recomendo muito este vendedor!,2017-09-12 10:04:14,2017-09-13 10:04:14
4e3330d57eb44b3da5cd71a6b9061fb2,b863df25586244c8a79349f61b8cd857,5,Ótimo produto,Recomendo muito este vendedor!,2017-10-21 13:04:14,2017-10-22 13:04:14
0d803c80671c411da737862763547006,ba66626cea0449cdbbfbc30a155f003f,5,Ótimo produto,Recomendo muito este vendedor!,2017-09-17 01:04:14,2017-09-18 01:04:14
a9c1ab532a5345649529334def263958,d61f06532de24d868176ba1ff2527a7e,5,Ótimo produto,Recomendo muito este vendedor!,2017-12-21 18:17:30,2017-12-22 18:17:30
40316a4f2d2e4cb7a1c014dff3340fbd,16b5350265844207b6aef9972ec60963,4,Ótimo produto,Recomendo muito este vendedor!,2017-10-10 19:17:30,2017-10-11 19:17:30
75b029c6d4c345febec33a0e0ba6a893,6e6c8e48fc02437c8c3f6204a49e0367,1,Atrasou a entrega,Demorou para responder.,2017-10-19 09:17:30,2017-10-20 09:17:30
1b5338bf955a4b7cbc06f81a8a4c94f2,34ed7d4f57ef4b98b6131b8f3cce0002,5,Ótimo produto,Recomendo muito este vendedor!,2018-01-12 06:42:00,2018-01-13 06:42:00
c28eaf400a884070820dc615e787c4dc,9f4024ed7bc244cda4de2acc4a6ce735,5,Ótimo produto,Recomendo muito este vendedor!,2017-12-27 22:42:00,2017-12-28 22:42:00
91bcbe08aad942408d58fa673ab8dc33,3fcc9541fb77412da5004a4cb6c106a4,5,Ótimo produto,Recomendo muito este vendedor!,2018-01-02 22:42:00,2018-01-03 22:42:00
e4cf7672339a47348adc6d0f796e0be8,d3e82aa8c231482493d33321357fa6da,5,Ótimo produto,Recomendo muito este vendedor!,2017-12-22 19:42:00,2017-12-23 19:42:00
ed5cc063ba134151856bb7c6b08d307d,7ab923d6e6c14a9182ee11cd95e0c75c,1,Atrasou a entrega,Demorou para responder.,2017-12-31 01:42:00,2018-01-01 01:42:00
57ae21e829cf43cb9f95e3b301a1de20,a382ddb47d3d46caad5d0f801f7f4006,5,Ótimo produto,Recomendo muito este vendedor!,2017-12-23 01:42:00,2017-12-24 01:42:00
f3a79fc9ccfa4d32ab90c1752bd75a0d,f368f7f621a84580ad4dae521d9c8619,4,Ótimo produto,Recomendo muito este vendedor!,2018-01-26 00:42:00,2018-01-27 00:42:00
8dca914312c344789a570413f13b3959,f7901f7ce26c433e84b65597082492f3,5,Ótimo produto,Recomendo muito este vendedor!,2017-12-22 09:42:00,2017-12-23 09:42:00
78659375f7a64d1b9ed7c1c59e953863,1a7bd0ee24404a8e8953ccf4d79e94ca,5,Ótimo produto,Recomendo muito este vendedor!,2017-12-30 22:42:00,2017-12-31 22:42:00
f98cce971956450483d2646a57576ce5,07e6150f18064dac986790979ffc9de2,5,Ótimo produto,Recomendo muito este vendedor!,2018-02-05 08:29:27,2018-02-06 08:29:27
8047edb385af4d17b52aa136ffb57d6c,10c10983c6544ec9afd8ff29eaacf7c4,1,Atrasou a entrega,Demorou para responder.,2018-01-27 09:29:27,2018-01-28 09:29:27
0ddcc1f1098c4f5a8bc7b35ec5fa1e40,348b27c2292e48e28ffb548054091456,1,Atrasou a entrega,Demorou para responder.,2018-01-25 20:29:27,2018-01-26 20:29:27
9a5fe23b2e084086aadd14f053a079bd,452fd033a31e46b3adddf55554c1554f,5,Ótimo produto,Recomendo muito este vendedor!,2018-01-23 15:29:27,2018-01-24 15:29:27
34b3a554c0ee40c6b8f7c804dceb9da6,f9523bf9c8e14f99ac0cbf54184d6873,3,Atrasou a entrega,Demorou para responder.,2018-01-24 08:29:27,2018-01-25 08:29:27
c61f8f26337244438838e0fe1efa06ad,9e53ac9469bc45bbb62ea3d62a112315,2,Atrasou a entrega,Demorou para responder.,2018-02-25 15:29:27,2018-02-26 15:29:27
9279d3baad7b4e72bc215ecb195eacc8,4ded2e33e5dd47f9bd9a1671079478bd,5,Ótimo produto,Recomendo muito este vendedor!,2018-02-25 15:29:27,2018-02-26 15:29:27
84c4649870ad414ebf1246ac59e0e6d0,947f59859eae46d29c5d661f17e012db,1,Atrasou a entrega,Demorou para responder.,2018-01-29 02:29:27,2018-01-30 02:29:27
feca769e742c4613b3189501c01355f9,d19f399d59dd4727ad0fa151dba04415,4,Ótimo produto,Recomendo muito este vendedor!,2018-02-03 23:29:27,2018-02-04 23:29:27
18b7365734b948a58552f11464096c36,68d534116a674cb295a445d2c5eb8e3e,4,Ótimo produto,Recomendo muito este vendedor!,2018-01-27 23:29:27,2018-01-28 23:29:27
d7787c0d74af4507984b394137200ea6,82e11013676f4213aba8f34627d33edf,5,Ótimo produto,Recomendo muito este vendedor!,2018-01-27 05:29:27,2018-01-28 05:29:27
ff93718246cf41a8bc47e86e264ad154,b59103ff3b144f1aa84b54ee78f9252e,5,Ótimo produto,Recomendo muito este vendedor!,2018-01-25 04:29:27,2018-01-26 04:29:27
2556ad1528ed4b518b4aea49f0970087,469166ccec264a8ba86b3e7bf1274daa,5,Ótimo produto,Recomendo muito este vendedor!,2018-02-15 01:29:27,2018-02-16 01:29:27
9f95e59f3c154ee0a76a22c86a161260,27e127d2212e47078291cd8fbc6a1da8,5,Ótimo produto,Recomendo muito este vendedor!,2018-02-15 01:29:27,2018-02-16 01:29:27
e7e681bcce634895bb8314b57c9bef55,05c3fd86944248e29c3bf23cdae2554e,1,Atrasou a entrega,Demorou para responder.,2018-02-08 11:29:27,2018-02-09 11:29:27
db33c42e557a44738a403ef884efa11f,36ccb42450cc4bfcbdfece992d4bb302,4,Ótimo produto,Recomendo muito este vendedor!,2018-02-07 14:29:27,2018-02-08 14:29:27
a1c3a0a32d2740e699eed5362cc9529f,34e2ac2940c24ae7932b00970a7a3570,2,Atrasou a entrega,Demorou para responder.,2018-01-24 08:29:27,2018-01-25 08:29:27
9a10876994ff4c848d31c0274254b112,3a5adcf6a2ed4f23a190bb04a324b155,5,Ótimo produto,Recomendo muito este vendedor!,2017-12-07 14:55:04,2017-12-08 14:55:04
4f8e81ebab7e451885f1702d57ac4726,c7da1e8685ec4f77ba04c59bb82b7649,1,Atrasou a entrega,Demorou para responder.,2017-12-17 06:55:04,2017-12-18 06:55:04
16eb8c5a16f149a89fdbc67f8dcc29f5,7ab20d06704d4a4ba06d8c4d3f38b84b,5,Ótimo produto,Recomendo muito este vendedor!,2017-11-28 23:55:04,2017-11-29 23:55:04
108396b4c7714736aa8aa93624bef775,c690752c1e8b4888997b52123c5db11f,5,Ótimo produto,Recomendo muito este vendedor!,2017-11-29 13:55:04,2017-11-30 13:55:04
e18aa487ba9f42358f080087def104ad,d28bded40ec247528630c4295b737a50,3,Atrasou a entrega,Demorou para responder.,2017-12-22 01:55:04,2017-12-23 01:55:04
a46c89aba2bd470b993dd4e235708bfd,882b8b5bc27249688477b85e6dad9f5a,5,Ótimo produto,Recomendo muito este vendedor!,2017-12-20 17:55:04,2017-12-21 17:55:04
0cde1de958ce4c6f8a08c7d4ffc2cd68,fce2d1a0d8224834ba32d99fbd6bee77,1,Atrasou a entrega,Demorou para responder.,2018-01-04 17:55:04,2018-01-05 17:55:04
2a53dae70a98455b9a509b188e8e318e,e1d8581714de4dc2bc595fd290bf3683,5,Ótimo produto,Recomendo muito este vendedor!,2017-12-06 16:55:04,2017-12-07 16:55:04
bda6ba3ec2c840a4bec16a4f5cafa4a5,11a8f7c0e2514b3aa65fd216a7e83f02,5,Ótimo produto,Recomendo muito este vendedor!,2017-12-12 13:55:04,2017-12-13 13:55:04
3a43e694edff4e41b961d1ef32e0efd3,15e60d12a0e44fde8366a7656eaab383,3,Atrasou a entrega,Demorou para responder.,2017-12-02 07:55:04,2017-12-03 07:55:04
f7a9d034a63b4d23914b0b5b8f0715ca,618d57c6edcc43f79a03023128289ebf,5,Ótimo produto,Recomendo muito este vendedor!,2018-01-28 17:55:04,2018-01-29 17:55:04
131139d82c7240d0a57eec7ea9c61e01,93ce7ad0fea7420e83934be25ae98025,1,Atrasou a entrega,Demorou para responder.,2017-12-15 01:55:04,2017-12-16 01:55:04
ca7acbd349cc491f8dbc68bc8aa10cac,c3a37ac17baf4bc6b1ce108f98e0c0fc,4,Ótimo produto,Recomendo muito este vendedor!,2017-12-27 14:55:04,2017-12-28 14:55:04
a777ea56803643e0a756bc444371d296,21560356362a4396a898f02f7b9bcf60,5,Ótimo produto,Recomendo muito este vendedor!,2018-07-30 03:15:46,2018-07-31 03:15:46
a13170078b7842479542abbc09af0551,1ad73dcfa054477da4b79d6986ba326e,3,Atrasou a entrega,Demorou para responder.,2018-07-14 15:15:46,2018-07-15 15:15:46
25092f950bea43e79df382aead2eab2e,c39898bbf45c490991863b56fbb2afa4,4,Ótimo produto,Recomendo muito este vendedor!,2018-07-20 13:15:46,2018-07-21 13:15:46
9418018abbef4f659753ef6efb8079fe,6df0eb4cc85e4ce982b43a22c9a22bbc,5,Ótimo produto,Recomendo muito este vendedor!,2018-07-17 03:15:46,2018-07-18 03:15:46
e6992731e0094fe29ce7d95f82560f85,533f76b8ca794995b23c2711f93a11c2,5,Ótimo produto,Recomendo muito este vendedor!,2018-07-20 20:15:46,2018-07-21 20:15:46
34d40fe72db74dbc8b7dd129803fb9a9,05ee953d012f47d98e44db3828715bab,5,Ótimo produto,Recomendo muito este vendedor!,2018-03-19 11:10:52,2018-03-20 11:10:52
d5ae43c14db141098f6c732c7be2cbdb,0993096cd79e434b8d10e7825406409e,4,Ótimo produto,Recomendo muito este vendedor!,2018-02-25 16:10:52,2018-02-26 16:10:52
ebf01398b64748a78ff77ac1ce9440da,0c8111bb9dbf4564b07b86fa45720ebf,5,Ótimo produto,Recomendo muito este vendedor!,2017-12-14 04:19:18,2017-12-15 04:19:18
502890601e2049d48126ac305407e1ef,b23ca9dd18d64f6abe1bcc328ff98650,2,Atrasou a entrega,Demorou para responder.,2017-12-03 04:19:18,2017-12-04 04:19:18
242e2f402f7c421aaae0bdc69fc07898,b4b1071a6ffd4dabb1e9ec2af9f90460,2,Atrasou a entrega,Demorou para responder.,2017-12-16 01:19:18,2017-12-17 01:19:18
7bd741ecd4aa417fb6c3d7066e49e47c,03eebb8ab4f34cf180f706adb079394b,4,Ótimo produto,Recomendo muito este vendedor!,2017-12-04 05:19:18,2017-12-05 05:19:18
c8b6fc7d74b940939ad96262a5daa4e7,ca91b48051194134a0e30d3940a94e2e,4,Ótimo produto,Recomendo muito este vendedor!,2017-12-02 07:19:18,2017-12-03 07:19:18
820404f27a4c4e2a8dc915129ee7ad46,fa9aeefc8b97424189d8d025397269f6,5,Ótimo produto,Recomendo muito este vendedor!,2017-12-16 17:19:18,2017-12-17 17:19:18
cd6a519000a3451aa1a537639e54fd70,506c1f56c39d42df9a9652a0a26e4430,3,Atrasou a entrega,Demorou para responder.,2018-06-12 05:11:56,2018-06-13 05:11:56
f53d59b6841f4ce7b45f2472ab679850,c8e54b2c43f145eca3195e4f19856b3c,5,Ótimo produto,Recomendo muito este vendedor!,2018-06-14 22:11:56,2018-06-15 22:11:56
959ef264a2974427bde64ae4e9dae51a,ae89f616caa44014a69362b4b18851ef,5,Ótimo produto,Recomendo muito este vendedor!,2018-06-13 01:11:56,2018-06-14 01:11:56
69f4436d4e334c58a5251705f54ec3fd,ae533ff8fddd4c42a91970e366866186,5,Ótimo produto,Recomendo muito este vendedor!,2018-06-12 01:11:56,2018-06-13 01:11:56
e5abb08eb05f42ae87c0618e27a6bbbb,83aa737926f441b48055b4627e0ec7fa,5,Ótimo produto,Recomendo muito este vendedor!,2018-08-10 19:11:56,2018-08-11 19:11:56
888f2a8be5144940bd09db781a925a53,30ac8f77009c4612a399fb597e18f8b2,5,Ótimo produto,Recomendo muito este vendedor!,2018-06-30 18:11:56,2018-07-01 18:11:56
4b7aa866d9154a1c9595dc78201e9976,3acd5f4763ad474c90b42bc447f41b38,5,Ótimo produto,Recomendo muito este vendedor!,2018-04-11 14:07:07,2018-04-12 14:07:07
9aa090a9cfec415a8c30594edce05d20,c08e8d2558aa4091afa3e7a2386fed2b,5,Ótimo produto,Recomendo muito este vendedor!,2018-04-19 08:07:07,2018-04-20 08:07:07
c3600e9dee1b47c9831413519733faa5,4b9a6dced85146018c37147799372aec,5,Ótimo produto,Recomendo muito este vendedor!,2018-05-06 08:07:07,2018-05-07 08:07:07
f50284a11e484a5f9bb2b5dd50b36b16,1c6750b6857d40808b31c618ca06c2b3,4,Ótimo produto,Recomendo muito este vendedor!,2018-04-14 00:07:07,2018-04-15 00:07:07
61d1ba1bccf948689b4900c8414017c1,6d38a40918c6432cb1178c40ee0e0168,5,Ótimo produto,Recomendo muito este vendedor!,2018-04-28 16:07:07,2018-04-29 16:07:07
5453bfee0a194aefa1c0e0d9dccc7b1f,84dc16dfa1b247529b6c085cd3d7ea14,1,Atrasou a entrega,Demorou para responder.,2018-04-30 13:07:07,2018-05-01 13:07:07
a4ed2d10319b41f48ce05d0fb596e024,75d5911174024e52b0858c47fe709c2a,5,Ótimo produto,Recomendo muito este vendedor!,2018-04-12 15:07:07,2018-04-13 15:07:07
f92fa8d9df1a4210892861b8dbb30b82,cd76fc680afe427e986e6aedd0f1a46a,5,Ótimo produto,Recomendo muito este vendedor!,2018-04-13 08:07:07,2018-04-14 08:07:07
73b3e3ab890641a4a57ba8c38ea4bf19,6f9f9c96f9174f90b32140374dc656d6,4,Ótimo produto,Recomendo muito este vendedor!,2018-04-18 07:07:07,2018-04-19 07:07:07
c334e36fd9f7416ba5f9fbf18d0cc89e,f7acbdf96de845a7a4f5a8fe6bf39906,3,Atrasou a entrega,Demorou para responder.,2018-04-15 14:07:07,2018-04-16 14:07:07
04067cb47a754dc8a34f4f0dbc75a82f,f04c16a99ad44f4b96893a56a86452ac,5,Ótimo produto,Recomendo muito este vendedor!,2018-04-11 23:00:00,2018-04-12 23:00:00
c0a5377819244633b5f8b298c362d514,ddea021c24004ed195378fe33d7da51e,3,Atrasou a entrega,Demorou para responder.,2018-04-20 23:00:00,2018-04-21 23:00:00
a6600b26f612408a8e0c31676a39865a,b7b6aaf592c6493f8ffcfd0e2ae0e4e1,3,Atrasou a entrega,Demorou para responder.,2018-03-18 23:00:00,2018-03-19 23:00:00
3d504c2ef6e7432e8ff202f639809c7f,7eb0adbc21324fd9b6b04e9aeb4b737e,4,Ótimo produto,Recomendo muito este vendedor!,2018-03-26 20:19:01,2018-03-27 20:19:01
fc3d1b0a56ff41d19b1992546bd2b4a0,94f94e0950b340589aeef2a5ed48b88f,4,Ótimo produto,Recomendo muito este vendedor!,2018-03-25 05:19:01,2018-03-26 05:19:01
11c588f9992446f3a5394fbd29f70abc,6043f8635882402d814afcc98edcf024,5,Ótimo produto,Recomendo muito este vendedor!,2018-03-29 22:19:01,2018-03-30 22:19:01
15930557fd604f09ba904785d27a31fe,8597d5c34688418d94a1bdb3c43618e9,5,Ótimo produto,Recomendo muito este vendedor!,2018-03-26 19:19:01,2018-03-27 19:19:01
e52cd56683d042dfb41a7703a8c54abd,bbffc7614b2345babbf2a409ee5edf84,5,Ótimo produto,Recomendo muito este vendedor!,2018-04-11 12:09:27,2018-04-12 12:09:27
23b65303892e45fa89c739196ffcf8e5,5a1ae10c2fb64e788b5a4bea96ac23e8,4,Ótimo produto,Recomendo muito este vendedor!,2018-03-28 09:09:27,2018-03-29 09:09:27
a59b35b8e8084956a26c5aa6e76fa51f,b5e8b5d5a08146d79ecb3167f1ee78ec,5,Ótimo produto,Recomendo muito este vendedor!,2018-04-12 17:09:27,2018-04-13 17:09:27
54a5bdabcead4d24b5621abbcda677ee,6ad65afcfe294d45b0920a0486088b01,5,Ótimo produto,Recomendo muito este vendedor!,2018-04-07 09:09:27,2018-04-08 09:09:27
ee77fc922c404a998134e2cee91adf68,0b151d9925a7444792e606b80ad8ea4d,4,Ótimo produto,Recomendo muito este vendedor!,2018-04-06 21:09:27,2018-04-07 21:09:27
c8fd21853dfc482cb6d171a6d38570fa,6f20390218304c20875de01c9ad8673b,4,Ótimo produto,Recomendo muito este vendedor!,2018-04-16 06:09:27,2018-04-17 06:09:27
e3edbcbd8db044a3b2e6e356e366a27a,732de0e491f34fe995151e4327d6def8,5,Ótimo produto,Recomendo muito este vendedor!,2018-03-30 09:09:27,2018-03-31 09:09:27
3d3a513ed0114e199118827e3b92ec4c,753f992f5bd142618f3f685b5590122b,5,Ótimo produto,Recomendo muito este vendedor!,2018-04-25 10:09:27,2018-04-26 10:09:27
7c72a31e41264574b47d66cbf5483cf8,fc1b7bd64af3477ba0ed7e2207454bbc,1,Atrasou a entrega,Demorou para responder.,2018-04-21 16:09:27,2018-04-22 16:09:27
991b0716562d45a6a3baedeb1d7c0990,2826516c700b431bb53c05872eafcef1,5,Ótimo produto,Recomendo muito este vendedor!,2018-05-05 08:09:27,2018-05-06 08:09:27
50d339a19b6a48b588c559517a5fe799,d8d792a2176f4904ba65497380fc78b3,4,Ótimo produto,Recomendo muito este vendedor!,2018-05-27 13:09:27,2018-05-28 13:09:27
cb742168f8c64dbb9f2dd74acda31c33,c66b8a82fd3e45948f39fc74a5b7cc5c,4,Ótimo produto,Recomendo muito este vendedor!,2017-08-02 13:59:40,2017-08-03 13:59:40
428720b6b6194a64ae8ca7cb4739250e,ecf6c962e62b414a8be23b2491dc1715,3,Atrasou a entrega,Demorou para responder.,2017-08-04 02:59:40,2017-08-05 02:59:40
1dcd02d7f7bd4f169c72ee3b590dff72,64910e989d6d429bb2a92f8656ac0507,4,Ótimo produto,Recomendo muito este vendedor!,2017-08-14 16:59:40,2017-08-15 16:59:40
dd12559c7bb04fbf9a617386f264ec0d,6b9cc1e8eb5642009c97492a8934b547,5,Ótimo produto,Recomendo muito este vendedor!,2018-01-28 03:40:48,2018-01-29 03:40:48
9a2065aa17844322a22ae86771c0df20,ae3de232dcfa4b629a1d65d4923950fc,4,Ótimo produto,Recomendo muito este vendedor!,2018-01-06 06:40:48,2018-01-07 06:40:48
383e62b697b749a39804042f20e522ff,717683192865461e879dd04c1e72df76,4,Ótimo produto,Recomendo muito este vendedor!,2018-06-11 09:22:54,2018-06-12 09:22:54
bfdb1cb602784711969239f209981043,422feaa27cca41bc8024dc46bba2e86c,1,Atrasou a entrega,Demorou para responder.,2017-11-30 22:27:46,2017-12-01 22:27:46
ac2388c251154293a18aba5a809bc46e,8b18767a1531459c856fa255a0adc5c2,4,Ótimo produto,Recomendo muito este vendedor!,2017-12-17 13:27:46,2017-12-18 13:27:46
3c413ca8c0c64e27a2ca65a2ad6c69bb,5778572cf65d48658a9ace9557e135bc,5,Ótimo produto,Recomendo muito este vendedor!,2018-01-15 06:27:46,2018-01-16 06:27:46
1b8545c2ce17438fa4a2e65043a08e9e,66e7689b8ede4c62836459880cabcb01,5,Ótimo produto,Recomendo muito este vendedor!,2018-01-13 21:27:46,2018-01-14 21:27:46
81bc0c7d53ea4ed8a034b0aa1b0061bd,7392697cf2604af79b45b5ab648c1cc2,4,Ótimo produto,Recomendo muito este vendedor!,2017-12-01 19:27:46,2017-12-02 19:27:46
0b0264a9373448fd990a438764d41a43,a6e8d78d9227485ea1bd251dd88ceeb4,4,Ótimo produto,Recomendo muito este vendedor!,2018-01-03 19:27:46,2018-01-04 19:27:46
fabc8a2690124c59875931a90034edcc,8a9e3979aa084b2baca282939f21ad34,4,Ótimo produto,Recomendo muito este vendedor!,2017-11-30 21:27:46,2017-12-01 21:27:46
b056a56c7dd2451eb8d30d183a436a0b,2c2bdb3590dc41babf7d08de18b59cbf,5,Ótimo produto,Recomendo muito este vendedor!,2017-09-22 01:30:05,2017-09-23 01:30:05
099b2c05cd964a4b88b4550453715697,c8f14d81d01b442e82ecf5f82b408e28,4,Ótimo produto,Recomendo muito este vendedor!,2017-09-15 09:30:05,2017-09-16 09:30:05
09c700b801a146b1954ebb286f22aaec,4045932f7a8e4ca694aa5b1783ef1080,1,Atrasou a entrega,Demorou para responder.,2017-09-26 03:30:05,2017-09-27 03:30:05
1464c86b0db846269ad33f10567abc3c,8ebd3f2e950246b582b63c239dfa213d,5,Ótimo produto,Recomendo muito este vendedor!,2017-09-17 04:30:05,2017-09-18 04:30:05
d8bc0e6229c14b59a8cf8a31e293e0c4,1d2530ecf8134a36aefa46537f2087b2,5,Ótimo produto,Recomendo muito este vendedor!,2017-09-24 20:30:05,2017-09-25 20:30:05
3fa4dbb0ac324dd59af9fd2b850d6d2c,86f87ee56dbb4a0f861e3f572f1d9c9e,5,Ótimo produto,Recomendo muito este vendedor!,2017-09-13 23:30:05,2017-09-14 23:30:05
8649dd2b7148458c874faa5452ad0394,a74f4b83e3fe497fbf8f754e8ca9b2ab,2,Atrasou a entrega,Demorou para responder.,2017-09-21 06:30:05,2017-09-22 06:30:05
5101f7bed74143e1b898b4ede8ac30a8,841335553066422ab6c8dd29ff226062,2,Atrasou a entrega,Demorou para responder.,2017-10-17 10:30:05,2017-10-18 10:30:05
2c8d3e95c4d64c79947600c78e930115,5511a23808854073aaa122a913a13d19,4,Ótimo produto,Recomendo muito este vendedor!,2017-07-20 09:35:15,2017-07-21 09:35:15
64c19de4736a4b518095ef5e9cdaa4f6,ab3eee7dafa0410dbb47e8b674944d83,5,Ótimo produto,Recomendo muito este vendedor!,2017-07-31 10:35:15,2017-08-01 10:35:15
888020efe1f0434ba79f0ea6e40af817,4ed14c12de51429e8ff30d9b35d01f50,3,Atrasou a entrega,Demorou para responder.,2018-06-04 10:07:28,2018-06-05 10:07:28
b389eb5a20be46d78eba341378f38187,e035494aab5549bc83305672bc62b61a,5,Ótimo produto,Recomendo muito este vendedor!,2018-05-15 10:07:28,2018-05-16 10:07:28
7761bca2cc344adb94ea79c500926ace,4ae8f47643e3487c8bd014d73c638717,5,Ótimo produto,Recomendo muito este vendedor!,2018-05-29 04:07:28,2018-05-30 04:07:28
a7839b3899ca4a1dbba4a16af6f58113,e3f6454aae3f42dabc419dd14e8aacc2,5,Ótimo produto,Recomendo muito este vendedor!,2018-05-11 18:07:28,2018-05-12 18:07:28
3bbf77a97dc94dbf9e9fb291286e2c48,e5454556f8214796bf9404fd31f271d8,5,Ótimo produto,Recomendo muito este vendedor!,2018-05-15 02:07:28,2018-05-16 02:07:28
7cc6eb2174f84b8c968c94b5de9cd1eb,83f84f6434db460e87f478a8ac3e81a1,5,Ótimo produto,Recomendo muito este vendedor!,2018-02-19 13:51:39,2018-02-20 13:51:39
d104ecbf587f4e07856db4df17d89a2f,2af2ec42f69144eba2929dcbfd323a66,2,Atrasou a entrega,Demorou para responder.,2018-02-17 16:51:39,2018-02-18 16:51:39
60a734be241b453abc1774b7e2568895,a1f66471d8f74ba0bdd6c22582d38661,5,Ótimo produto,Recomendo muito este vendedor!,2018-02-26 01:51:39,2018-02-27 01:51:39
6750c261678841ad918858783797d751,5806c9d01d574bcdbf387a556c8c2728,5,Ótimo produto,Recomendo muito este vendedor!,2018-03-01 23:51:39,2018-03-02 23:51:39
b0cb4d2c713642c7bef68e5f95d47231,48840f373a4a4508a57a738ad6b9675a,5,Ótimo produto,Recomendo muito este vendedor!,2018-02-20 23:51:39,2018-02-21 23:51:39
561fecd7953d4ecbad698596ed0b58a1,13f8c48100c049ef8ddadddea328c133,5,Ótimo produto,Recomendo muito este vendedor!,2017-11-16 03:19:36,2017-11-17 03:19:36
745c8788473b442eb955bd7c7d768b0f,c0fd7dab6198452aa33a95f8c3a42906,1,Atrasou a entrega,Demorou para responder.,2017-11-20 19:22:11,2017-11-21 19:22:11
d34e631e27124fde8b336f2b55c60d31,a6df78b090664183ac688d387891382b,5,Ótimo produto,Recomendo muito este vendedor!,2017-12-03 06:22:11,2017-12-04 06:22:11
0466734848784defbdde3d880f88330e,00963c1803754f54b14191440d134c71,5,Ótimo produto,Recomendo muito este vendedor!,2017-11-03 06:28:36,2017-11-04 06:28:36
3b15e3a58dec4bd282677c76b12f799d,cafc4e1c4e024d4398494796ad09d39a,4,Ótimo produto,Recomendo muito este vendedor!,2017-10-15 02:28:36,2017-10-16 02:28:36
a515fe59fed748e78582891fcdcdbda4,6e8aab4cb7864baa8504a4b063417a20,5,Ótimo produto,Recomendo muito este vendedor!,2017-10-19 11:28:36,2017-10-20 11:28:36
4123fbf015694c91bba0aac97901716c,c68c3610e70b4fd0ab62031205f6471d,3,Atrasou a entrega,Demorou para responder.,2017-11-04 21:28:36,2017-11-05 21:28:36
75db64a14f4447eea6eb364ce999a478,1183d077ed3e45dd825626793c45db1d,4,Ótimo produto,Recomendo muito este vendedor!,2017-10-21 20:28:36,2017-10-22 20:28:36
9d2c13a5e8dd4cbaab20a811246ddd65,8d9a75618cd84d5ab6f63ac7e88f56dd,3,Atrasou a entrega,Demorou para responder.,2017-10-20 08:28:36,2017-10-21 08:28:36
53c1fcc5cced4b74a37e59661cca517c,f31554011c2b4677a7a53980d9359693,4,Ótimo produto,Recomendo muito este vendedor!,2018-03-15 14:56:37,2018-03-16 14:56:37
ebe489c63a6a41cb92fe7584ac7e7d62,fc0c2d33fc59435cb6d02be892d051c1,5,Ótimo produto,Recomendo muito este vendedor!,2018-06-12 12:56:37,2018-06-13 12:56:37
66ab13b651c44ddea86eca9be82d6d61,2eedcc776f904c639db75ad7a4854142,5,Ótimo produto,Recomendo muito este vendedor!,2018-05-13 11:56:37,2018-05-14 11:56:37
c208f284e4c34c638bf8bddb24fc49e3,89dfcd9efeaa47c6a956d561b56e23db,5,Ótimo produto,Recomendo muito este vendedor!,2018-03-22 09:56:37,2018-03-23 09:56:37
e82a937b8c354701a424ce8b357fec30,eea69e3d5b3a41e3a4a02fd6c8df9989,5,Ótimo produto,Recomendo muito este vendedor!,2018-03-13 21:56:37,2018-03-14 21:56:37
e7373c94ac014a4e9918e2ac3593e943,c538dc9a470f40e1a1ee123c3bfe3aa8,5,Ótimo produto,Recomendo muito este vendedor!,2017-12-19 17:02:32,2017-12-20 17:02:32
7c07470b37f042ecae1a04984bb3f41f,6f8a2db461c9422b9865e62ff8a466a8,5,Ótimo produto,Recomendo muito este vendedor!,2018-03-25 18:02:32,2018-03-26 18:02:32
a9206324b4f544ffbd1f75f0d7e89895,46a322b0b57a40f5b2a0e786774029b6,5,Ótimo produto,Recomendo muito este vendedor!,2017-12-29 09:02:32,2017-12-30 09:02:32
64b20ac567c844f9abd59f34d9a5ec6f,16d405f6c76441cbbdf356451ad93486,4,Ótimo produto,Recomendo muito este vendedor!,2017-12-25 10:02:32,2017-12-26 10:02:32
d6da091b9dd9465aaf562fc8b1be4dd1,f9f57503f68645008defc5acf31b43b3,5,Ótimo produto,Recomendo muito este vendedor!,2017-12-18 17:02:32,2017-12-19 17:02:32
bf56bf24d2fd446bbe4fdabc37ed04da,6355519cb57c4c44a8770960bd08d85e,2,Atrasou a entrega,Demorou para responder.,2018-03-18 19:25:12,2018-03-19 19:25:12
be5f06aaffe04107b9e85c1791ce044f,16976da097544fe295d758530c5c3577,3,Atrasou a entrega,Demorou para responder.,2018-03-22 14:25:12,2018-03-23 14:25:12
cc097221517e412f8194fd86df7f5521,e2104b6307b04dd595892595d44198e0,2,Atrasou a entrega,Demorou para responder.,2018-03-12 01:25:12,2018-03-13 01:25:12
3272f29c4d1d47e2ae0a5057bf9dc1cf,fed16c7dd2a645ef8d03863f3686bb18,5,Ótimo produto,Recomendo muito este vendedor!,2018-03-02 11:25:12,2018-03-03 11:25:12
471d926b2df64fb289b40ad649ef3a75,c0df3684ed00429d9a748cf66517ec6e,3,Atrasou a entrega,Demorou para responder.,2018-02-06 10:25:12,2018-02-07 10:25:12
4bce06b260894e9c89a4ebf7a648e662,0fed1cdb24bc4b4ea9974def4ea87b96,5,Ótimo produto,Recomendo muito este vendedor!,2018-04-09 14:25:12,2018-04-10 14:25:12
56400ea3c4bc42509ffcb99610d056ea,93c148d6cfa54b9faeb878108b8e16d5,2,Atrasou a entrega,Demorou para responder.,2018-02-09 10:25:12,2018-02-10 10:25:12
29d9e77a7c62446faf8cdf08dd934922,76d12f3326b54eb28761f9ec8e26b477,4,Ótimo produto,Recomendo muito este vendedor!,2018-02-02 14:25:12,2018-02-03 14:25:12
86cb3685b39d48f1945c286da4934772,42d58c95fe7d43fe92e9267bd635e76b,5,Ótimo produto,Recomendo muito este vendedor!,2018-01-11 13:01:19,2018-01-12 13:01:19
32b221f8d97e4d399b5312edb479cde0,ffd2365b968c44a0ba2203c6eb65b177,5,Ótimo produto,Recomendo muito este vendedor!,2017-12-28 13:01:19,2017-12-29 13:01:19
f9a00ea3bcb34323a4d25208b63a96ce,271b1b02ae1e453386d860f195a13c3e,5,Ótimo produto,Recomendo muito este vendedor!,2017-12-23 03:01:19,2017-12-24 03:01:19
d7d614523e984fa5b1baa79a278b921c,0b99a0654a5a4df6aa95c01a1a5637ff,5,Ótimo produto,Recomendo muito este vendedor!,2017-12-19 20:01:19,2017-12-20 20:01:19
4602da502a964a2eb73e08ef5adb65e8,7f9ef2426fe841faaf934035079c7b0d,1,Atrasou a entrega,Demorou para responder.,2018-01-21 00:01:19,2018-01-22 00:01:19
dd059d25283448fdad5fa9b776057583,54d3e920a9e64ff488ed0be3f8ab7c21,5,Ótimo produto,Recomendo muito este vendedor!,2018-02-25 05:01:19,2018-02-26 05:01:19
d4110346f6284927a5e48e5984d9774c,f34f890cb4084e6ba385180a13902b7f,5,Ótimo produto,Recomendo muito este vendedor!,2017-12-24 00:01:19,2017-12-25 00:01:19
205ff7b38c234db1aa0b97cf1d522aaf,d03b6215150345eba70c49f7e7d2cdb1,5,Ótimo produto,Recomendo muito este vendedor!,2018-01-10 05:01:19,2018-01-11 05:01:19
31b35a2264644f8e9500a7c22f558624,76933c1912554d0c89933af9038cbbb1,4,Ótimo produto,Recomendo muito este vendedor!,2017-12-20 13:01:19,2017-12-21 13:01:19
340a2a593dd04655bef2612c4f60b3a1,eded8885dc5745869e3d19e29e053b2c,4,Ótimo produto,Recomendo muito este vendedor!,2018-03-30 07:13:05,2018-03-31 07:13:05
a4c9b75680b142ea95f60411d7f6bbb6,b4a50556c85a4cc2b6b1e1c54ab7e3f4,5,Ótimo produto,Recomendo muito este vendedor!,2018-03-12 18:13:05,2018-03-13 18:13:05
e24a78cb31544d388e0a9d1fbd00ddbc,7ca319c9e4954103bf8b21a3d2c01635,5,Ótimo produto,Recomendo muito este vendedor!,2018-02-08 10:57:45,2018-02-09 10:57:45
c884e8b84c7443998a4c787e2b0c0b95,c64b91f110be4e2c951b4d82a1c8ca69,5,Ótimo produto,Recomendo muito este vendedor!,2017-12-28 07:02:50,2017-12-29 07:02:50
a946aaefa76f4843b64ec721c24151df,0fd2d03d50034c10952dbf5a6221e3a1,5,Ótimo produto,Recomendo muito este vendedor!,2017-12-25 06:02:50,2017-12-26 06:02:50
6419de3b3f2f413c9cfe34053fab7bac,b6c8dc4910e44417a1347dd636c4d185,5,Ótimo produto,Recomendo muito este vendedor!,2017-08-12 03:23:21,2017-08-13 03:23:21
fd6e6103a300460c85852bd9320327b4,a516f34173ad443ba4120d1911e022a1,5,Ótimo produto,Recomendo muito este vendedor!,2017-08-01 09:23:21,2017-08-02 09:23:21
1c698226f9094672bbc817148134984d,18047da17c054ba5bd660c587f2f4eef,5,Ótimo produto,Recomendo muito este vendedor!,2017-08-03 11:23:21,2017-08-04 11:23:21
1ab4a4d3e3064a5184f009b35f8a116f,48509934069e4d4aa6936c51b0db4570,3,Atrasou a entrega,Demorou para responder.,2017-08-21 16:23:21,2017-08-22 16:23:21
f4fc366dd129416f99c087bd287268f5,43cbc31aee9e43ae88d0a9be0f2db102,1,Atrasou a entrega,Demorou para responder.,2017-08-14 18:23:21,2017-08-15 18:23:21
41a712e4685649ce8e4e19da3bada68c,a7a219fd1a6042b7a88690b54f075a99,3,Atrasou a entrega,Demorou para responder.,2017-08-13 17:23:21,2017-08-14 17:23:21
b78463907c43485c9677cf1a71f41b0f,5eb1891ff2f248e19f1f9698e1c2c048,5,Ótimo produto,Recomendo muito este vendedor!,2017-12-10 20:03:11,2017-12-11 20:03:11
7aa55e06ff5a4873aa5d7c0a74ad2eb4,07705bd1c2154f8f90609271069d0352,4,Ótimo produto,Recomendo muito este vendedor!,2018-01-05 05:03:11,2018-01-06 05:03:11
df9e1006927946c2b6dd5e65aaa72f7e,ff082b60cce048e6be11a1e76049c4d9,5,Ótimo produto,Recomendo muito este vendedor!,2017-12-05 19:03:11,2017-12-06 19:03:11
bca10a031f0b4822864172b4b53d4a5a,307d757dc71242a39d22b26f08c12f71,5,Ótimo produto,Recomendo muito este vendedor!,2017-12-23 05:03:11,2017-12-24 05:03:11
4b8ef38e87b4433584e46aacad1d3ce9,6c83c1b07d5f4283898786aae34549cb,5,Ótimo produto,Recomendo muito este vendedor!,2017-12-08 00:03:11,2017-12-09 00:03:11
3ecbdfc1051f411c83a7c06a3c2a2828,3b244ea5ab934e4bbb6562dcd640103b,2,Atrasou a entrega,Demorou para responder.,2017-11-22 07:03:11,2017-11-23 07:03:11
94d4b27151f34c33ae9b244456aff68d,e9bcd55c22024b64a815610dd72d6afa,5,Ótimo produto,Recomendo muito este vendedor!,2017-11-26 21:03:11,2017-11-27 21:03:11
77ce50639a914efbadf4182aa874a0ac,7f5fd2b5f7a7472bba1f79ad1d4277a5,5,Ótimo produto,Recomendo muito este vendedor!,2017-12-07 10:03:11,2017-12-08 10:03:11
3fa60f13ae134906b47b42beae4f187c,9a7f05972ec448319a232e0b87634793,5,Ótimo produto,Recomendo muito este vendedor!,2017-11-27 03:03:11,2017-11-28 03:03:11
e7c4826ed36f4fbbbeb43f4eb7b1b500,382a63434ff74e8e84696a87fd06e2e3,5,Ótimo produto,Recomendo muito este vendedor!,2017-11-29 23:03:11,2017-11-30 23:03:11
24a2345113054384a0fb259f260818f7,e1e9a50cffc8426bb8e869b948273f11,5,Ótimo produto,Recomendo muito este vendedor!,2017-12-21 22:03:11,2017-12-22 22:03:11
ae446229a5c648058bdf58528a2f3c9a,d9d577ecb98f43f99fb3d8208c7a72a5,5,Ótimo produto,Recomendo muito este vendedor!,2017-11-29 11:03:11,2017-11-30 11:03:11
fe4ba509b97643a0a24947fb475765eb,45ae14fe0a864b00af66fba0feb6c596,5,Ótimo produto,Recomendo muito este vendedor!,2017-08-21 19:03:39,2017-08-22 19:03:39
03d21ada6e524d8894212ec7f8514876,446933eb217145f2a62170a6fb44007b,3,Atrasou a entrega,Demorou para responder.,2017-12-10 04:11:26,2017-12-11 04:11:26
ac95c640b85442a782bd0370c727e5ef,8d8fdd4883fc46d4b0bc502ad3cbcbd0,1,Atrasou a entrega,Demorou para responder.,2018-02-15 01:11:26,2018-02-16 01:11:26
d9042a3d2d8c4cfd9da143faa5ad35b6,83d5fc3593e145caa1bc901ac84334a4,5,Ótimo produto,Recomendo muito este vendedor!,2018-06-07 15:36:33,2018-06-08 15:36:33
73c2cd76d40d435b8be765c319df358d,ad74cdfc60c34d21bbecfd4a549af718,5,Ótimo produto,Recomendo muito este vendedor!,2018-07-11 19:36:33,2018-07-12 19:36:33
ac1939def41b4e7b9c63363dec945552,217622bb5bfb4810830eb86a7218d0d9,5,Ótimo produto,Recomendo muito este vendedor!,2017-11-12 01:23:45,2017-11-13 01:23:45
5f3f0df3684e4b668ac6b299eb831990,1e0fc255f40347c18b63a9345745ba30,4,Ótimo produto,Recomendo muito este vendedor!,2017-10-23 09:23:45,2017-10-24 09:23:45
941896f32be344fba1ba55944c48ff76,5c445a6438094caf8a683762b09004ca,5,Ótimo produto,Recomendo muito este vendedor!,2017-10-29 17:23:45,2017-10-30 17:23:45
efd8543822064d598cdae5c6db603afb,8cc66219099f4e45a38782a0f1160dec,3,Atrasou a entrega,Demorou para responder.,2018-07-20 17:12:46,2018-07-21 17:12:46
1ca8d2210da045a1bb593960ee9cbed9,d73fb7192dbc4678ae41c2db113e8a1c,5,Ótimo produto,Recomendo muito este vendedor!,2017-09-23 17:38:26,2017-09-24 17:38:26
420b7fb3252a45d2bd834ee8479833ed,a5269924bc734578817ea5576f45523d,5,Ótimo produto,Recomendo muito este vendedor!,2017-09-15 04:38:26,2017-09-16 04:38:26
34a64e1595484f29b348cf4ef22a2957,5b41bf8558fa43b78b6413b94adb9d87,5,Ótimo produto,Recomendo muito este vendedor!,2017-10-14 02:38:26,2017-10-15 02:38:26
a78b33c3709c4cbea47f56a8ae3766f0,d370c7b3778a463db2cbd31e8548bc1c,5,Ótimo produto,Recomendo muito este vendedor!,2017-09-20 03:38:26,2017-09-21 03:38:26
8b3b0fd5e0a94b10a07c2871205cef4c,c397ca1172b54643812459832e2b9bd2,5,Ótimo produto,Recomendo muito este vendedor!,2017-09-23 22:38:26,2017-09-24 22:38:26
5f1f0fca3a5346198969b1ba47ebd7d3,533ee74d88f14eb7b96a23f1b8dc4133,4,Ótimo produto,Recomendo muito este vendedor!,2017-09-19 14:38:26,2017-09-20 14:38:26
75eef8046f1e4e22899c8e181c728056,258c6cbd7124448da62fe9cdcc06ee94,3,Atrasou a entrega,Demorou para responder.,2017-10-02 20:38:26,2017-10-03 20:38:26
48e03d9b32b0441f86a6a091008608eb,f1959e4f3d7a45ee9095c48239772f2d,5,Ótimo produto,Recomendo muito este vendedor!,2017-10-07 09:38:26,2017-10-08 09:38:26
7c02c4cbec4c4bf7879375cc78f35a57,476da16c411a4cf697f34f9acd3b1f50,5,Ótimo produto,Recomendo muito este vendedor!,2017-09-22 03:38:26,2017-09-23 03:38:26
dd93c419e8304996ab827c75b0852019,9394be79baa849298dec3f4a42c0064f,3,Atrasou a entrega,Demorou para responder.,2017-10-22 19:38:26,2017-10-23 19:38:26
79afae1638e5429185ffbec549b9d6ee,d6d3218d8c2b4989a75fb391a94c7f0f,5,Ótimo produto,Recomendo muito este vendedor!,2017-12-02 16:08:17,2017-12-03 16:08:17
2cf5d46a709b458a832715421c68b323,31e38a4b82734a56b0253486a6fff537,5,Ótimo produto,Recomendo muito este vendedor!,2017-11-23 12:08:17,2017-11-24 12:08:17
60dd54fd00b344d98ebef3ac160e763c,220ab3a0ba084d498936d136b01f5219,1,Atrasou a entrega,Demorou para responder.,2017-11-16 18:08:17,2017-11-17 18:08:17
8edb243831814dfba9fb2371b26372e2,87094883d32949ba8c0c0902f6bf0b62,5,Ótimo produto,Recomendo muito este vendedor!,2017-12-25 19:08:17,2017-12-26 19:08:17
3d7e9e13990b4cdda87b2273ac5d1957,8d17fd7469e04695b1170b71efaf3dac,3,Atrasou a entrega,Demorou para responder.,2017-11-14 20:08:17,2017-11-15 20:08:17
a8394d2794c54fb39661dec3c157d4d8,41e2129a7ea34af48f4e44df4606aea1,3,Atrasou a entrega,Demorou para responder.,2017-12-01 06:08:17,2017-12-02 06:08:17
7536dfc758834930b83fdaf24d22682c,c0eacf767eaa40b0b4b87434a3442673,4,Ótimo produto,Recomendo muito este vendedor!,2017-11-14 13:08:17,2017-11-15 13:08:17
fa8cacf3c3a24238914cb0893463178e,f4b20ff45c264d459a8da972ec29a85f,2,Atrasou a entrega,Demorou para responder.,2017-11-24 21:08:17,2017-11-25 21:08:17
389d173a588d4c64b68c4cfa2606775a,3430449bff01451b9cd4474c65cf96ed,5,Ótimo produto,Recomendo muito este vendedor!,2017-11-15 18:08:17,2017-11-16 18:08:17
405f086b49fe48faada1841051418d10,ab7fd2bcd230415f87f098553bb3fd91,5,Ótimo produto,Recomendo muito este vendedor!,2017-12-01 17:08:17,2017-12-02 17:08:17
afe68bb0f9604f6ea86ee13868556459,dfa2f876fbbb4efdb1a71b54b94d2253,4,Ótimo produto,Recomendo muito este vendedor!,2017-11-18 16:08:17,2017-11-19 16:08:17
a2542975bf3246c2bd61a77a0994f618,1b76f09a6764473e825bc330962a0f21,4,Ótimo produto,Recomendo muito este vendedor!,2017-12-19 15:08:17,2017-12-20 15:08:17
2fc6e66382c34a9cba660ec5b967762b,607bb7cbac4c42c3a3bd6ce7831a2aab,5,Ótimo produto,Recomendo muito este vendedor!,2017-11-28 21:08:17,2017-11-29 21:08:17
28ca814228e9490da60e56ac32212970,198c10d717d04b3b9835828fa39fd9b2,5,Ótimo produto,Recomendo muito este vendedor!,2017-11-19 01:08:17,2017-11-20 01:08:17
009a1466053243eeab0b093d07736550,1b8c4e302d4544a8b439e15e3ef75367,5,Ótimo produto,Recomendo muito este vendedor!,2017-11-18 00:08:17,2017-11-19 00:08:17
0444eb9712d1492fa21e2bceb8e736f5,240e12aabaf64fec92a77adfe13e1d27,5,Ótimo produto,Recomendo muito este vendedor!,2017-11-23 00:08:17,2017-11-24 00:08:17
8d7fb282260d4120ab6961dfa96c618f,5b62cc93e6fa41b09a7d32c2ecef4e6f,5,Ótimo produto,Recomendo muito este vendedor!,2017-12-15 09:08:17,2017-12-16 09:08:17
ee6c4afd9473482c88f76982ee08b008,8d180edd3ff347e29f8e4d874cc694a1,4,Ótimo produto,Recomendo muito este vendedor!,2017-11-12 12:08:17,2017-11-13 12:08:17
1e4c941d17324253aa48457e585dbc89,8aab8224d89b40a6984142798f1731ce,5,Ótimo produto,Recomendo muito este vendedor!,2017-12-23 22:08:17,2017-12-24 22:08:17
bf1553e5915f431aade9c139da45195f,ebefdf1ee9974fbfb9cdd8d82c16bb17,3,Atrasou a entrega,Demorou para responder.,2017-11-11 08:08:17,2017-11-12 08:08:17
1c9e4b3dcbcf4679a526057228c9b134,389eee9d981446ad8bbc123ebee85e2f,5,Ótimo produto,Recomendo muito este vendedor!,2018-03-02 09:07:50,2018-03-03 09:07:50
ad3a4663ea5d4ceca306711e8a167fad,84ee3815b2824bc783c3b9e4cc959450,5,Ótimo produto,Recomendo muito este vendedor!,2018-05-15 15:07:50,2018-05-16 15:07:50
d9375f1093294186a2282275e3699f8a,e55d5058163c4e7f9433d04afab2bd99,1,Atrasou a entrega,Demorou para responder.,2018-02-22 08:07:50,2018-02-23 08:07:50
950312d2108541508ca6eb1bdc601ba2,d990c80b29704d6e9c8b1da8df32da2c,1,Atrasou a entrega,Demorou para responder.,2018-02-11 09:07:50,2018-02-12 09:07:50
6cded55921904d66a107d96963e0fbbc,d5beddcf51924ed3a20d94af16756340,3,Atrasou a entrega,Demorou para responder.,2018-02-21 05:07:50,2018-02-22 05:07:50
76171f71ce304e45af9faa89e6a43126,9eb370e92264478e9ef74adffa079bcf,4,Ótimo produto,Recomendo muito este vendedor!,2018-02-15 13:07:50,2018-02-16 13:07:50
786b7cbe8fae432791be68028e1d9869,94963e7eed8e4ca3bbd647a370d6b170,5,Ótimo produto,Recomendo muito este vendedor!,2018-06-28 21:09:22,2018-06-29 21:09:22
7a6ec90d7dd745c1ad139e51c1322a53,2ab0b836c6d04405ab3ce25bbb972344,5,Ótimo produto,Recomendo muito este vendedor!,2018-07-26 22:09:22,2018-07-27 22:09:22
6f525a187e634373a3058300d6f11b1b,716a9b33137948c19f3194db0aeff42e,5,Ótimo produto,Recomendo muito este vendedor!,2018-08-07 20:09:22,2018-08-08 20:09:22
aa432d42c6c44612a354ae1e41e5ce40,275e3e5c09c14b568b29cb7a6a36cc56,4,Ótimo produto,Recomendo muito este vendedor!,2018-06-27 19:09:22,2018-06-28 19:09:22
8c187a6fd89c4e248d29536602af0131,617e68fa22e2441a85d4c42a4033a755,5,Ótimo produto,Recomendo muito este vendedor!,2018-06-13 19:09:22,2018-06-14 19:09:22
9373ddd7603d4847b282c4142586b563,f5e0d0ea606a44eeba192e5ecf64fcd1,3,Atrasou a entrega,Demorou para responder.,2018-06-23 22:09:22,2018-06-24 22:09:22
76642d951e894819a0d9cd41ac5a9ab1,edd396fb7ea54ef0b6b733416e8c03ee,5,Ótimo produto,Recomendo muito este vendedor!,2018-07-28 21:09:22,2018-07-29 21:09:22
19e5543cec594258b9aedf99ea32db7f,3e92d59984a64798bb81ef16ce5a92f5,1,Atrasou a entrega,Demorou para responder.,2018-07-19 00:09:22,2018-07-20 00:09:22
200566387ff84f918e760cba2e5ada84,96b45f54b24846d59d628a02b5160a77,4,Ótimo produto,Recomendo muito este vendedor!,2018-06-17 13:09:22,2018-06-18 13:09:22
71fda5cf21404c2fb9ffff6702f215e3,89f49df2ff1c49d0b882b422daf33eb8,5,Ótimo produto,Recomendo muito este vendedor!,2018-06-19 13:09:22,2018-06-20 13:09:22
79f22f53d6124ee195c225c1efa92236,7cdc10cfaf634019b066709c2ab7bbe4,3,Atrasou a entrega,Demorou para responder.,2018-07-16 06:09:22,2018-07-17 06:09:22
8169a2f7b43043aaa4664fd9828e0fba,9d77d1014e294e449cd5f56b3d2bb580,1,Atrasou a entrega,Demorou para responder.,2018-06-17 22:09:22,2018-06-18 22:09:22
b7a7d8c177414ba1be01a1f5d2d8c81e,d2419fe5df9b4c41962a386c52ae6b2a,5,Ótimo produto,Recomendo muito este vendedor!,2018-06-20 10:09:22,2018-06-21 10:09:22
7b882400218f45a0af6e95d09ab12bae,b6a3060c824946269aeec808fb3760f3,5,Ótimo produto,Recomendo muito este vendedor!,2018-06-16 19:09:22,2018-06-17 19:09:22
0f802bae165e46e3861dc58e1f9424ce,ad99a04872ac4f4ca9866f1f11e4a91f,4,Ótimo produto,Recomendo muito este vendedor!,2018-06-17 16:09:22,2018-06-18 16:09:22
997a8674fd694bfe987919ce885c3ccd,48b044b749cc4ebc98ab25d89896b4d0,5,Ótimo produto,Recomendo muito este vendedor!,2018-06-22 13:09:22,2018-06-23 13:09:22
4663e50f1f77472e814462b4b9142639,92b23a7c847f4998a6b65975b833dfb4,2,Atrasou a entrega,Demorou para responder.,2018-06-13 13:09:22,2018-06-14 13:09:22
d15f4633c87346abbfeb006234f992f0,32df4fe60d62478892fe834e03629d9b,5,Ótimo produto,Recomendo muito este vendedor!,2018-06-27 23:09:22,2018-06-28 23:09:22
1a41ab9bcc764b66bca6882d0f024507,d8b5e5e508bb4af48fc5dbec5c565aac,1,Atrasou a entrega,Demorou para responder.,2018-06-14 16:09:22,2018-06-15 16:09:22
e81540db9ec042e09be56998910e344d,56c222b32f7843f1b40f88955e955ef8,5,Ótimo produto,Recomendo muito este vendedor!,2018-06-21 19:09:22,2018-06-22 19:09:22
27e56a8a33ce4bd39378f4b413cfaeaf,29d5735876f646d5844f749ce2d628aa,5,Ótimo produto,Recomendo muito este vendedor!,2018-07-20 19:09:22,2018-07-21 19:09:22
6cb102379af9412a97f78b6b15708442,88c9e1bd8904469b93b5d1b7bd294a22,5,Ótimo produto,Recomendo muito este vendedor!,2018-06-29 10:09:22,2018-06-30 10:09:22
9224133eb1094f8abc2ba311f2e24e0b,3deaa544df994cf39781863b6a8dfe8c,5,Ótimo produto,Recomendo muito este vendedor!,2018-06-22 12:09:22,2018-06-23 12:09:22
6d2eccd4553a4d82a3d9c31520e9b403,04e8533b920741059469d4614900ec73,5,Ótimo produto,Recomendo muito este vendedor!,2018-07-03 08:09:22,2018-07-04 08:09:22
ad49bea7a4e9432aba8e401020697c6b,64b51de3a2a740fdb576584f3ce3af19,5,Ótimo produto,Recomendo muito este vendedor!,2018-05-09 05:44:23,2018-05-10 05:44:23
d90aeb2ae24842bc8d029198799bf306,9686cb3d408c46e695073268ed209597,5,Ótimo produto,Recomendo muito este vendedor!,2018-05-04 07:44:23,2018-05-05 07:44:23
b68b0e9c1548476eb8391c7ad59af446,8b4b7f2546944198b72ae15dbdb61749,5,Ótimo produto,Recomendo muito este vendedor!,2018-05-23 06:44:23,2018-05-24 06:44:23
1b3e314298ce4482b98ab41bbfec3aed,4a1e170ba11244e3bf38724e0486d949,5,Ótimo produto,Recomendo muito este vendedor!,2018-05-04 11:44:23,2018-05-05 11:44:23
9639693430ae477f9806a348812bd40b,e9b05209e5ec42a6bc503168b2056f3d,1,Atrasou a entrega,Demorou para responder.,2018-05-21 16:44:23,2018-05-22 16:44:23
048a6010849d462ea84b01aff2d66e37,c8acf9a14ca14d189aac679d7716f9e7,5,Ótimo produto,Recomendo muito este vendedor!,2018-05-30 16:44:23,2018-05-31 16:44:23
5902b558c1c94e3597655c24add81cba,6904c844d3fc40a2984081f33fd90633,3,Atrasou a entrega,Demorou para responder.,2018-06-24 04:44:23,2018-06-25 04:44:23
ab2ca0c7011341c382d8c44d3e8236ab,3400f71fa0a34b4483a83b4587ef84a2,5,Ótimo produto,Recomendo muito este vendedor!,2018-06-03 07:44:23,2018-06-04 07:44:23
3fb18061d3da4a419f8a00404a546617,a26655afcde74fa29a3ed3719173818f,4,Ótimo produto,Recomendo muito este vendedor!,2018-05-10 03:44:23,2018-05-11 03:44:23
433675a1b5e6476e8d15123c981e6135,a02094baac04414bb4eb3e89c181f057,1,Atrasou a entrega,Demorou para responder.,2018-05-06 05:44:23,2018-05-07 05:44:23
537cd8dbaca740e5ab0514b7564895fc,cad3ed79c6ab4b489af17e2f1a86a445,4,Ótimo produto,Recomendo muito este vendedor!,2018-06-06 09:44:23,2018-06-07 09:44:23
8ed04cf0cb8046eaa971fd2def8fc3bd,3db7949047d34486a8b9adbbdddfecbe,3,Atrasou a entrega,Demorou para responder.,2018-06-28 10:44:23,2018-06-29 10:44:23
a8c989f3261d4544b7e2be2d3ecba720,780859d296aa4beab51a313284a87675,5,Ótimo produto,Recomendo muito este vendedor!,2018-06-20 03:44:23,2018-06-21 03:44:23
92d699255c9c4072a1de9d970de10ee6,b4b6f36ca9104f13a9ef45093c002243,1,Atrasou a entrega,Demorou para responder.,2018-06-11 05:44:23,2018-06-12 05:44:23
ac76904a593744e386805605b0ed9542,4fd5966ea0bb49cca1532159dc7889a2,5,Ótimo produto,Recomendo muito este vendedor!,2018-05-25 10:44:23,2018-05-26 10:44:23
0ff5f5cb98294e498c734b4744a11791,6f898d3f54bd49c99dc5249f5a9c774a,4,Ótimo produto,Recomendo muito este vendedor!,2018-05-23 18:44:23,2018-05-24 18:44:23
2e08bea3662e4aa18e8ec50c1d2720ba,94cc0241adac4b9b89b9a8adffdba39f,5,Ótimo produto,Recomendo muito este vendedor!,2018-05-22 13:44:23,2018-05-23 13:44:23
42ddc82dabda4e1e806c18cc3b8b8a75,02d990787f894087b486f41f67f1e8fb,5,Ótimo produto,Recomendo muito este vendedor!,2018-10-15 13:44:23,2018-10-16 13:44:23
c69d9a775afa4437bed58f77259b4723,48dbf287522d42bdb0a98d05b34e5129,4,Ótimo produto,Recomendo muito este vendedor!,2018-06-07 10:09:37,2018-06-08 10:09:37
c5ee2b4bcbdf4fe6b688be8fca0daee4,c49ed9d78d814942a098e9a5647e50f2,2,Atrasou a entrega,Demorou para responder.,2018-06-16 17:09:37,2018-06-17 17:09:37
71d49bdf80d9483691b23bbd197497bb,fff8f864a72a4a3f998e40e3a5be40cb,1,Atrasou a entrega,Demorou para responder.,2018-07-02 00:09:37,2018-07-03 00:09:37
0e8f86f703a64fdaa9e8bfc1df0338a1,f4d0de80b0414db9ac1db14c901e2e9f,5,Ótimo produto,Recomendo muito este vendedor!,2018-06-15 05:09:37,2018-06-16 05:09:37
80c2a61f08c94d51be4ac22634dc781e,2a4d614a00c64f3b9be1000ebaf93420,5,Ótimo produto,Recomendo muito este vendedor!,2018-08-01 14:09:37,2018-08-02 14:09:37
95e7020fde2446d0b0a15a7b6e1dff41,055117ef4e11453e8f6d6ff2212951c8,5,Ótimo produto,Recomendo muito este vendedor!,2018-06-13 02:09:37,2018-06-14 02:09:37
c75db9986ebb4341bf022065a94656aa,49393ffaf7314fa99b07d0415ef22a85,5,Ótimo produto,Recomendo muito este vendedor!,2018-06-21 01:09:37,2018-06-22 01:09:37
1967aeb0db3a407298a0bbae5aac8d1f,5ab4e302bdc849a0b12151e563d4e14a,4,Ótimo produto,Recomendo muito este vendedor!,2018-06-18 16:09:37,2018-06-19 16:09:37
4f57ac44611240ddaa52501839aa7a88,d41ba9d242ad4573a471e3876bf17f7e,5,Ótimo produto,Recomendo muito este vendedor!,2018-01-26 19:36:02,2018-01-27 19:36:02
b458c479ef97482f82eff28f96016ec4,8ceb04200d144686ac2a54a304284d7b,5,Ótimo produto,Recomendo muito este vendedor!,2017-11-14 19:34:54,2017-11-15 19:34:54
9c586ced50074cd0b54105dfbb9d1d4f,0be8f74318794a23920708a33f32dee3,5,Ótimo produto,Recomendo muito este vendedor!,2018-05-01 01:21:20,2018-05-02 01:21:20
fb151aa1031e456cbbe312f6f5fc7e70,f55318c52847460ca7b2f247b641f894,5,Ótimo produto,Recomendo muito este vendedor!,2018-04-30 12:21:20,2018-05-01 12:21:20
33d97bb073334ab39910fe0b98a0b13f,83141281e2f44cceaab80bb14396eea2,5,Ótimo produto,Recomendo muito este vendedor!,2018-05-02 18:21:20,2018-05-03 18:21:20
6d64bd5d9e2046a8b30f6cb4feb9d591,e162da9e32bd4babb10286bb2902d542,1,Atrasou a entrega,Demorou para responder.,2018-05-15 01:21:20,2018-05-16 01:21:20
51b164afa4fa474eab6e2c453f100074,aaa5f5e8f35540368144614b65d18022,3,Atrasou a entrega,Demorou para responder.,2018-04-30 12:21:20,2018-05-01 12:21:20
787035a78f3f4e04967be2ff2aeef709,8f387bf9c9b444f09361beadc9651cad,4,Ótimo produto,Recomendo muito este vendedor!,2018-05-01 16:21:20,2018-05-02 16:21:20
6581bef21d39408cb031e3ae4cb7257f,292afa839e6d4a3494a91f3b529d506f,5,Ótimo produto,Recomendo muito este vendedor!,2018-05-27 19:21:20,2018-05-28 19:21:20
58f71ec4d8b74ccd8e1b65b5bdf52de6,fc419448253e413294030a604a4d5de5,4,Ótimo produto,Recomendo muito este vendedor!,2018-07-02 00:21:20,2018-07-03 00:21:20
99212938872f46cfa056b549532c9857,e7e0ed592d5b4dfdaedeb95cf10e3615,5,Ótimo produto,Recomendo muito este vendedor!,2018-05-21 10:21:20,2018-05-22 10:21:20
7444c48de0fa424dbd0901e37fea04ba,cd8fcb3c44a9414995f1097eaf06107b,5,Ótimo produto,Recomendo muito este vendedor!,2018-05-19 09:21:20,2018-05-20 09:21:20
bf2da7fb363841878079a06f9021fa19,c7bbee0174174e9f8cd677bea5507223,4,Ótimo produto,Recomendo muito este vendedor!,2018-05-14 17:21:20,2018-05-15 17:21:20
bd8cf2a906fc4476b4a67a604d5dc9d3,988ef1fde6004f84b35bce813849a5a0,5,Ótimo produto,Recomendo muito este vendedor!,2017-12-15 20:19:16,2017-12-16 20:19:16
f16cfc540f0e49e5b8525d67cf00a750,62423c3a6c19485e9595ee4d34a84361,3,Atrasou a entrega,Demorou para responder.,2017-12-04 15:19:16,2017-12-05 15:19:16
217a84ea29bb4ef2acb8f08d96d9d203,53ddcdc1d33140af9b20ab55cb3649dc,5,Ótimo produto,Recomendo muito este vendedor!,2017-12-14 06:44:14,2017-12-15 06:44:14
c12f0b4214814339bb5c00c347b8cde3,db3acb4e23004809b7534456cbb8f011,4,Ótimo produto,Recomendo muito este vendedor!,2018-01-01 18:44:14,2018-01-02 18:44:14
9e060e8b9f194e8ea10d067fb7ab65d7,e099dc9adeac41898f0520c93f4fe5b7,5,Ótimo produto,Recomendo muito este vendedor!,2017-12-31 09:44:14,2018-01-01 09:44:14
dd96e54b49824326bd045f83757ad116,47682b4ceed548439e50851332bc86dc,3,Atrasou a entrega,Demorou para responder.,2017-12-27 22:44:14,2017-12-28 22:44:14
7dc35c27dd5345a5958a0d7111a5e98e,38bfa63f63154f72bd442251b84606a7,4,Ótimo produto,Recomendo muito este vendedor!,2018-01-16 07:44:14,2018-01-17 07:44:14
ba5b40c27f8445e5b12c0e68daf1ff48,a7de00fe43634f5cb5e23ae28a880ba7,5,Ótimo produto,Recomendo muito este vendedor!,2018-02-28 22:25:27,2018-03-01 22:25:27
52d0a563df23488aa3c9b233d02c02d3,91c220d6371b4009b3a139ae402056a4,3,Atrasou a entrega,Demorou para responder.,2018-03-21 23:25:27,2018-03-22 23:25:27
9d96c341abb245c89e695423fec58e7c,18e08ad96f0644f2b04f7485bcdbcf85,5,Ótimo produto,Recomendo muito este vendedor!,2018-06-22 09:42:15,2018-06-23 09:42:15
d335b0d3a7b446a19f0e1491ea6a9b6a,cac72f848f724178a3cd2c571cb76032,2,Atrasou a entrega,Demorou para responder.,2018-03-06 03:28:36,2018-03-07 03:28:36
401300f94f244cfaad3f4652c6e8439a,b4af00420545488a88b4536627ee2c8e,2,Atrasou a entrega,Demorou para responder.,2018-02-06 04:28:36,2018-02-07 04:28:36
a482c5ea844c42e5aa3cc7d7686d674d,37c5403f714b465a9297437722ca28d1,5,Ótimo produto,Recomendo muito este vendedor!,2018-03-01 08:28:36,2018-03-02 08:28:36
4325722086224f21bbd7bc799b26f5bf,e9cb49288436464e9f540c0ff031bf5a,5,Ótimo produto,Recomendo muito este vendedor!,2018-02-18 16:28:36,2018-02-19 16:28:36
6c4ca12c07c54afd80310ded9d98ac81,8f3080ab15dc4123b109f4213dcc41de,4,Ótimo produto,Recomendo muito este vendedor!,2018-02-08 15:28:36,2018-02-09 15:28:36
418c4d93e3eb4f1ca168420efe6d7008,9022aa6b052d43138a60828baea0eb1c,3,Atrasou a entrega,Demorou para responder.,2017-10-27 23:18:50,2017-10-28 23:18:50
3c55693a1c074acf9bd676a3caf11642,926eb66635e64c0ba3ec8622f70e5cee,1,Atrasou a entrega,Demorou para responder.,2017-11-05 22:18:50,2017-11-06 22:18:50
20a499dc378248f59cdc6163dda4c685,3c0122de6563474a80feafea47bd32e6,5,Ótimo produto,Recomendo muito este vendedor!,2017-12-19 03:14:38,2017-12-20 03:14:38
9f44edbad9754fa78e9cd684a7b791d8,3262fa3548f249568435299637e0229d,3,Atrasou a entrega,Demorou para responder.,2017-11-20 23:14:38,2017-11-21 23:14:38
d3242ef45e77494d93130293db0e2c8e,c46f05d33f4c46a8892bb136561582de,5,Ótimo produto,Recomendo muito este vendedor!,2017-12-04 05:14:38,2017-12-05 05:14:38
b45a13efb8d7487cbed054ce9f79b95f,cd0f9b103c8f42a187cd5c8e8507ce9e,3,Atrasou a entrega,Demorou para responder.,2017-11-24 03:14:38,2017-11-25 03:14:38
f443aa6307fe46d8ad49f9c699fdbc8f,f75a3f3e5ba745cb907f236e5617b229,4,Ótimo produto,Recomendo muito este vendedor!,2017-11-29 16:14:38,2017-11-30 16:14:38
6030cf93d30b4766b6cf4ddc3f9c97c4,1453df9f0fb04e9a82e0057c5a1a60cf,5,Ótimo produto,Recomendo muito este vendedor!,2017-11-30 17:14:38,2017-12-01 17:14:38
751e0c894e534764ad214cf5653eed53,e23bd481da8245379a098a322d6e69a1,5,Ótimo produto,Recomendo muito este vendedor!,2017-11-18 18:14:38,2017-11-19 18:14:38
d22b4a4fb36842f497cb0ad5c707ce43,eb1a20e5ec2b4d85a9863f629b96c7a6,3,Atrasou a entrega,Demorou para responder.,2017-09-17 12:35:29,2017-09-18 12:35:29
9ae22cb9a89d464f8747ff61a67edaeb,5ace26ccddbf4b38ab2f81dde01e3204,5,Ótimo produto,Recomendo muito este vendedor!,2017-09-22 04:35:29,2017-09-23 04:35:29
f8f49d413a5c44bcaf396361d779be0d,60e60d2597264571b0517db0e1d433f2,4,Ótimo produto,Recomendo muito este vendedor!,2017-10-29 10:26:44,2017-10-30 10:26:44
0747ad04975a4e578b0561329c50c8be,9fd158b32cd843b68d2b185594b8f57b,5,Ótimo produto,Recomendo muito este vendedor!,2017-08-24 15:56:45,2017-08-25 15:56:45
bb092048e731419bb282591c9ad7d495,f6a16ca49c554c04930c0697f82b60ae,5,Ótimo produto,Recomendo muito este vendedor!,2018-06-07 09:12:30,2018-06-08 09:12:30
1a2feaae934c48f4b67353a835f312f7,c7e919c4966a4252b27fad29c50631e8,5,Ótimo produto,Recomendo muito este vendedor!,2017-09-26 17:51:07,2017-09-27 17:51:07
9882273ba653414aa8625a48694c776b,20dd4518c67c4407af045fe3a77c358d,5,Ótimo produto,Recomendo muito este vendedor!,2017-08-25 22:51:07,2017-08-26 22:51:07
a48053daf522490d8852854d96952759,bbb2d59b1a504f9c994aaf53753d6e14,1,Atrasou a entrega,Demorou para responder.,2017-09-23 00:51:07,2017-09-24 00:51:07
7d6e888b2e064a54b261f2fd001f0086,fa5f20a273004c148901bcca179aaae4,5,Ótimo produto,Recomendo muito este vendedor!,2017-08-24 05:51:07,2017-08-25 05:51:07
3e54a45704364465bdb1f1de2c2f1c71,d840cc213ceb47d9963283f476f480d1,5,Ótimo produto,Recomendo muito este vendedor!,2017-09-22 05:51:07,2017-09-23 05:51:07
384f237b9e434fee8431c25c12fc2f4c,7d864192d08340dc9341762ebb3ab6d9,3,Atrasou a entrega,Demorou para responder.,2017-08-22 16:51:07,2017-08-23 16:51:07
d4a80b8d52304aa1ae68a737181f4485,b9d5f0a5c9394ff097396c1a8de0c752,5,Ótimo produto,Recomendo muito este vendedor!,2017-08-23 04:51:07,2017-08-24 04:51:07
4111e04212f14898ada11d4050013f1d,1a7489d4873248868932c0eb2ae68e95,1,Atrasou a entrega,Demorou para responder.,2017-09-13 00:51:07,2017-09-14 00:51:07
73da86fcab6f4a69adeca6282a650463,0e3b0beda4d04a149276b178439a9342,5,Ótimo produto,Recomendo muito este vendedor!,2017-09-07 14:51:07,2017-09-08 14:51:07
e8ddfbec3dc24bc79febe3d2b1093fe0,aca93d8176a746f7aefc6c4f0f533fc9,5,Ótimo produto,Recomendo muito este vendedor!,2017-08-21 16:51:07,2017-08-22 16:51:07
5abd5371650749f6802e2fbfdd75d819,b72734c6272b486cb983792cd03a812a,5,Ótimo produto,Recomendo muito este vendedor!,2018-01-07 22:59:06,2018-01-08 22:59:06
1c19a7df3f4b41ddb00e6bc3153579ba,1d98781d98d14bd992246ea76b483e7d,5,Ótimo produto,Recomendo muito este vendedor!,2018-08-07 00:24:13,2018-08-08 00:24:13
1bf1c9ccffc44dca969ac42684bf4593,ae78d81096584e1b9435dc5ac3429860,1,Atrasou a entrega,Demorou para responder.,2018-07-04 05:24:13,2018-07-05 05:24:13
8fcf3682472346d098b893561edf69e0,192be1f219de4ad6a1a2579715bcf4cc,1,Atrasou a entrega,Demorou para responder.,2018-06-16 05:24:13,2018-06-17 05:24:13
ab9dbc6f600a43c7a2aed0ebd72c73a4,39aa2e961c6f481690e0c17ee542cfbb,5,Ótimo produto,Recomendo muito este vendedor!,2017-11-06 17:39:16,2017-11-07 17:39:16
1320f5a0d3434781bdb86fafff00a584,27f72447e0e34e59850ad5107fe640b8,3,Atrasou a entrega,Demorou para responder.,2018-06-16 10:32:41,2018-06-17 10:32:41
492a0b5b2d8749a6b4476681956e70c6,984b96b142804b7eb371e467fbd7fc2a,2,Atrasou a entrega,Demorou para responder.,2017-12-25 03:19:48,2017-12-26 03:19:48
876b0f8249624d44afbf06725ef1ce78,ef88b9876b4a4224bb4309c528cbda78,5,Ótimo produto,Recomendo muito este vendedor!,2018-01-03 21:35:50,2018-01-04 21:35:50
850df1a435cf470ebfdbba9ee7f1fea3,55d399a0045e48e1991901be2cd050d9,5,Ótimo produto,Recomendo muito este vendedor!,2017-12-28 15:35:50,2017-12-29 15:35:50
4994424135d541528b1a1ec3ed974337,c13650c0d3d54f6596c0a1c00eaa0bbd,5,Ótimo produto,Recomendo muito este vendedor!,2018-02-05 05:35:50,2018-02-06 05:35:50
1cd8e58e772f4e4da426ba02aed95ced,e8df3867eac1460ebf2c715a0f490507,3,Atrasou a entrega,Demorou para responder.,2018-01-29 20:35:50,2018-01-30 20:35:50
ed1aed210b824a35920c6e34a8b0bed1,fc1450a3298d410ea3297537c5f3c386,5,Ótimo produto,Recomendo muito este vendedor!,2018-01-09 05:35:50,2018-01-10 05:35:50
be610d4b0e5a46d28e1c4a7728203682,1baa479e6d52490d8ac8557d68ac1044,5,Ótimo produto,Recomendo muito este vendedor!,2018-02-26 13:32:10,2018-02-27 13:32:10
4c3d95f0030a48b485799482db5ad1e9,e6904f63cdc24cd39750da30edb35830,5,Ótimo produto,Recomendo muito este vendedor!,2018-02-06 08:32:10,2018-02-07 08:32:10
12996f9361d045168b8189367688f088,7c7278cdce10431a857f1f64e7a70d85,5,Ótimo produto,Recomendo muito este vendedor!,2018-02-10 16:32:10,2018-02-11 16:32:10
99eea0eae83a4ed7b4a8bb0c79933df4,40fe7ef6217a4b3798002750f5234535,5,Ótimo produto,Recomendo muito este vendedor!,2018-02-12 13:32:10,2018-02-13 13:32:10
6810d61722954552aa3268387d525942,d2003c1527f34342a61d5a327ed55afd,5,Ótimo produto,Recomendo muito este vendedor!,2018-03-27 10:32:10,2018-03-28 10:32:10
296b5eec95b14a7cbbe5a1b32d9b9be2,705cd73a41eb4dd3b8cb0e2b6ad8592c,5,Ótimo produto,Recomendo muito este vendedor!,2018-02-18 17:32:10,2018-02-19 17:32:10
9370e3feebee49a4a8a67ccdc804f25e,9293c951677c4ebd9e65434d2ac684d0,4,Ótimo produto,Recomendo muito este vendedor!,2018-02-27 23:32:10,2018-02-28 23:32:10
d1971fc7d3574b8890e5e33343be09d5,44fc6e8939f94fb4bd3be9d7159d5417,5,Ótimo produto,Recomendo muito este vendedor!,2018-03-16 21:32:10,2018-03-17 21:32:10
5266bccbb90c458d83e5dd0d4f55e98c,5f1cacb0a2c043bbb18f67250bb04fab,2,Atrasou a entrega,Demorou para responder.,2018-02-16 03:32:10,2018-02-17 03:32:10
6080e2d6d1cc4465b4fa527c0a3eb612,968ccab384df4daca42782cb88d809e3,2,Atrasou a entrega,Demorou para responder.,2018-02-09 16:32:10,2018-02-10 16:32:10
139a73b074ba4dc0ad71ae6b4dd3f29c,5ff42924c0d94ad095cd9e62a1d67a1e,5,Ótimo produto,Recomendo muito este vendedor!,2018-02-06 13:32:10,2018-02-07 13:32:10
12435941d0074823b7caf11e09c70d7d,0f7bb67da4e349429c6f629e585f33a5,3,Atrasou a entrega,Demorou para responder.,2018-02-09 14:32:10,2018-02-10 14:32:10
56bafd135c6b45c1a6272e248e29726a,b03d51bfcca94294994be19b5277c28c,5,Ótimo produto,Recomendo muito este vendedor!,2018-03-04 10:32:10,2018-03-05 10:32:10
1a45031f309449a7af1324051e7faada,4052436cc971415f8c1186c4c5451bc8,5,Ótimo produto,Recomendo muito este vendedor!,2017-11-14 01:20:43,2017-11-15 01:20:43
f85b3e9381624015835730d883078651,10093d7e137e477d8dd0ff58f10c58a9,4,Ótimo produto,Recomendo muito este vendedor!,2017-11-26 08:20:43,2017-11-27 08:20:43
8eeabeebbddc4c1f92a7d1f80ad32753,d9020a1920004c4dbf55606b3bf4e1b0,5,Ótimo produto,Recomendo muito este vendedor!,2017-11-21 07:20:43,2017-11-22 07:20:43
1636a4f22e2540439d2969a21b90c5f5,db05264aa1ae4c4da4937a94ae96d684,5,Ótimo produto,Recomendo muito este vendedor!,2017-12-13 08:20:43,2017-12-14 08:20:43
32565b34786846418edd70d1fc862df2,2ed6f7c54f1842d3849e256e24605d00,2,Atrasou a entrega,Demorou para responder.,2017-11-15 16:20:43,2017-11-16 16:20:43
9dffd5b7271f44209ee269884bfae603,8ff3f221d7ed489490e0912e596f5ad2,5,Ótimo produto,Recomendo muito este vendedor!,2018-04-20 15:57:19,2018-04-21 15:57:19
38949f56e07b4033808a4c268a1e68d8,68b22458fbc84b6ebf9a59745c861a47,3,Atrasou a entrega,Demorou para responder.,2018-04-27 17:57:19,2018-04-28 17:57:19
ed9554a7690c4b4ca61a99840c3858d5,0c367db5ca5242ab9571f9cbf940ec77,5,Ótimo produto,Recomendo muito este vendedor!,2018-04-08 21:57:19,2018-04-09 21:57:19
13c2003da4aa46c3952000d6cb5f6e33,0e908e8c032440ac9b63c6e933560272,3,Atrasou a entrega,Demorou para responder.,2018-04-21 10:57:19,2018-04-22 10:57:19
0a579a8d9fc1422d8446fbdd5d981854,8d47622ebd364df692e434b46cb09cc8,1,Atrasou a entrega,Demorou para responder.,2018-01-15 01:14:20,2018-01-16 01:14:20
c866616456b6489b8f51bdb4cc545a15,e1a85f70679d42398c903564e958ed3a,3,Atrasou a entrega,Demorou para responder.,2018-01-02 22:14:20,2018-01-03 22:14:20
0d7f266aedaa4ff9a53cec33f0baa207,8d52e2cb734142d7b6ebd46f6b3b124e,5,Ótimo produto,Recomendo muito este vendedor!,2018-01-06 02:14:20,2018-01-07 02:14:20
fd080ff5e4b64eefab77065baa352c3d,f82cd9d38ff64cb3bf1ca0d0a55d71c8,4,Ótimo produto,Recomendo muito este vendedor!,2017-12-30 20:14:20,2017-12-31 20:14:20
0ca75684ce6f4f8780014a3528b955f0,1b9b5aa2b21149ab9ab0bdfad290cd3e,1,Atrasou a entrega,Demorou para responder.,2018-05-25 13:23:14,2018-05-26 13:23:14
e64f85406946477cabec61538ce9af48,7cf8bb9baadc4393acfea65c2194aa34,5,Ótimo produto,Recomendo muito este vendedor!,2018-05-26 22:23:14,2018-05-27 22:23:14
f24b7b4df4e74c7babd592681aad67e6,0738ec4b10d24150b70e1cdfb08af1ff,1,Atrasou a entrega,Demorou para responder.,2018-07-03 14:23:14,2018-07-04 14:23:14
b6ed1e19a32a40358d096f65af62092c,72d8216e23584baa95c256020fa55e2b,5,Ótimo produto,Recomendo muito este vendedor!,2017-12-25 16:09:34,2017-12-26 16:09:34
59df317ddf30453e9757a9bffafdd4f6,d76a2f6824284bad87c47a20159929a7,3,Atrasou a entrega,Demorou para responder.,2017-12-17 14:09:34,2017-12-18 14:09:34
150ab60c763245b482f14e7098db89f4,16283b9d52464375925604f9258ea9ed,5,Ótimo produto,Recomendo muito este vendedor!,2017-12-24 04:09:34,2017-12-25 04:09:34
a13b5e30c4d84ac28efb496b229ac41a,38eb8b105d5a41fd90b0ec4efcc8c95c,3,Atrasou a entrega,Demorou para responder.,2018-01-06 22:09:34,2018-01-07 22:09:34
97c28ade600849c881abcad2a452ed3d,6b49e631ede94c1d9b2e3dbdf47926fe,3,Atrasou a entrega,Demorou para responder.,2017-12-15 04:09:34,2017-12-16 04:09:34
08a3cdb8889446e497a0bef1c5cd56f2,0b36325a865d47b2af0b3f23bdbf1af3,3,Atrasou a entrega,Demorou para responder.,2018-01-21 15:09:34,2018-01-22 15:09:34
44e373f40dd14987a4d4a61d24c71a10,f4a7279266cf4f2a95c9070c65a4edf0,5,Ótimo produto,Recomendo muito este vendedor!,2018-02-17 21:09:34,2018-02-18 21:09:34
29d19e8f291041519a3031bc136e2b7c,25e0e006e345435a8de641da71ee4cb6,5,Ótimo produto,Recomendo muito este vendedor!,2018-02-03 10:19:10,2018-02-04 10:19:10
88c6a565d35245b3a4959af4999048d3,22100c23664547c981bb1b73055bb380,4,Ótimo produto,Recomendo muito este vendedor!,2018-01-14 05:19:10,2018-01-15 05:19:10
a95c6877614648a7bcc6f273dcdae5d3,a19531bbf41145ea85edc59414fe8347,4,Ótimo produto,Recomendo muito este vendedor!,2018-01-28 23:19:10,2018-01-29 23:19:10
a9bf845bc9584450a1f015220493adcb,cc20899537704c3bbd3aa9a3b185641e,5,Ótimo produto,Recomendo muito este vendedor!,2018-01-14 17:19:10,2018-01-15 17:19:10
95593f4004364ad0b0a3d59904ed9b3b,4d1cf89cd8a742eaa5ad3955c7670dd0,4,Ótimo produto,Recomendo muito este vendedor!,2018-01-20 12:19:10,2018-01-21 12:19:10
63acb3de01e741c981c043929fa808f6,b439e85c64ef4e6d8ca426c40d1e590f,5,Ótimo produto,Recomendo muito este vendedor!,2018-01-17 16:19:10,2018-01-18 16:19:10
497e178af9844b10beb439a31b7bb830,cc8d242a223945c285f21e0cde65dfe6,5,Ótimo produto,Recomendo muito este vendedor!,2018-01-23 17:19:10,2018-01-24 17:19:10
a2109ef08cc04111a33e6a6997805834,eba5f7986fa54d29aff7fda9570d0e47,4,Ótimo produto,Recomendo muito este vendedor!,2018-06-28 22:42:09,2018-06-29 22:42:09
d9601cf0424c4bf89f5dce5a572350ce,ddf9037ae2774893b5b6c3b0cc32b906,5,Ótimo produto,Recomendo muito este vendedor!,2018-07-06 11:42:09,2018-07-07 11:42:09
af671842cd7041a593c91e11e4d486a9,201760b44d3e40dba1eb7f34dfa9ba0f,4,Ótimo produto,Recomendo muito este vendedor!,2018-09-02 02:42:09,2018-09-03 02:42:09
7541749509f440b5942a907ce8f0c0ac,76ac9dda106e4f2d8dfe1dcc2e8c93c4,5,Ótimo produto,Recomendo muito este vendedor!,2018-06-23 03:42:09,2018-06-24 03:42:09
502643fda6404b30b0b4cd090bb67730,9037a777851c46bba3b808001d76c85e,4,Ótimo produto,Recomendo muito este vendedor!,2018-06-16 03:42:09,2018-06-17 03:42:09
2cd414d1f4a643b8b4023a636ccd1a2d,5379589fb6b241ffb32b0b37229ae98f,3,Atrasou a entrega,Demorou para responder.,2018-07-15 06:42:09,2018-07-16 06:42:09
fe1548ac3a7b43d7ad3959147b0d99cf,053500583c7a4b97aadcac5fd6700296,4,Ótimo produto,Recomendo muito este vendedor!,2018-07-02 04:42:09,2018-07-03 04:42:09
02857f6d5db74db5a859f1910380be8d,56068f22f7ae46e79db007138e154739,5,Ótimo produto,Recomendo muito este vendedor!,2018-07-03 12:34:42,2018-07-04 12:34:42
367d2be919324653808713490592a61f,352819128cbb472fbf1cedb993b946b6,5,Ótimo produto,Recomendo muito este vendedor!,2018-06-02 17:34:42,2018-06-03 17:34:42
931191b04d29476cabc47e4077294dc9,119b1025f6d14a15885f4fd511e1d30c,1,Atrasou a entrega,Demorou para responder.,2018-06-05 07:34:42,2018-06-06 07:34:42
f478c17a3b9b47bf99ea853544bfaf64,c36b95287b33439d9f899cb790c2a549,5,Ótimo produto,Recomendo muito este vendedor!,2018-05-30 10:34:42,2018-05-31 10:34:42
db3d7b7104a944cca0a28330a22ae003,4cb6868aafa04467b3f32801b1bb051a,5,Ótimo produto,Recomendo muito este vendedor!,2018-05-31 11:34:42,2018-06-01 11:34:42
3300b6ee54894fd6bdeb97a87082f0ec,e19126bdd18649d9ac6c8a03ba11ec53,5,Ótimo produto,Recomendo muito este vendedor!,2018-06-09 07:34:42,2018-06-10 07:34:42
5e23fa3307ab421d802a4d5a8a31a0e2,11ec745b14ff4bff8ac96d6e2358c02c,5,Ótimo produto,Recomendo muito este vendedor!,2018-05-31 13:34:42,2018-06-01 13:34:42
9956d683e43c43988303ca7f75078d51,c8ae60a939b04beb955188ad163e4266,5,Ótimo produto,Recomendo muito este vendedor!,2018-06-13 03:34:42,2018-06-14 03:34:42
bcdfaea632074dcdabec5a6ba5e2817a,a7ab77f18329494fb528b7e4f33ec575,3,Atrasou a entrega,Demorou para responder.,2018-06-15 18:34:42,2018-06-16 18:34:42
3171332b22474c0c9742e13100074793,32b013399f94453680580fb46ffe0846,5,Ótimo produto,Recomendo muito este vendedor!,2018-06-24 09:34:42,2018-06-25 09:34:42
cdc765fbeef04545b12464644f1f516e,f80312983b76436db68fc0352a929390,5,Ótimo produto,Recomendo muito este vendedor!,2018-05-31 10:34:42,2018-06-01 10:34:42
01ed6f143d2b4705a652ebcb38b5cf6e,cac444207bb34319af156b9ed34ae03d,5,Ótimo produto,Recomendo muito este vendedor!,2018-07-06 06:34:42,2018-07-07 06:34:42
9baa7e9216c242a9b4853d3eccf7326c,99ada44d730d42338c37d04be9d4083f,3,Atrasou a entrega,Demorou para responder.,2018-06-16 19:34:42,2018-06-17 19:34:42
bef2d98da299413a82dc2268fd7e192c,06dd34906e14425ab4d6ce52a36a0209,4,Ótimo produto,Recomendo muito este vendedor!,2018-05-31 10:34:42,2018-06-01 10:34:42
64eff45b4efb43b290b819f17523206a,1b7558b1dadf4fe3b2cb5d153b041618,4,Ótimo produto,Recomendo muito este vendedor!,2017-10-08 00:42:34,2017-10-09 00:42:34
7f7ffa8df29145bdbda05a31e3cee4be,c23f82163ead4de0ad758543df2a002c,5,Ótimo produto,Recomendo muito este vendedor!,2017-11-18 00:35:19,2017-11-19 00:35:19
684f3cfffaf846d4b57202b8866dadf5,2d8175769a204959851357ffe3e3c5bc,5,Ótimo produto,Recomendo muito este vendedor!,2017-12-02 07:35:19,2017-12-03 07:35:19
23963a92c66b4442b61b2f81409a9ee9,c3c84cb4a0984309b94234255f4e477e,5,Ótimo produto,Recomendo muito este vendedor!,2017-11-08 15:35:19,2017-11-09 15:35:19
f6a8cafbfe5847148e744f489ff3407a,464141aa184a40e19f7ea3f381b90855,4,Ótimo produto,Recomendo muito este vendedor!,2017-11-09 18:35:19,2017-11-10 18:35:19
b2eb1254fc1e4cf7b1330bf2b1356c34,33fee3c33b50472e8ea2da916548c878,3,Atrasou a entrega,Demorou para responder.,2017-11-18 17:35:19,2017-11-19 17:35:19
bb79625d58974cffa2d6b59099d56cab,b715c2d4902347dc93461a20af9b92fb,2,Atrasou a entrega,Demorou para responder.,2017-10-28 19:16:52,2017-10-29 19:16:52
c623dc24253a48f6b7bb8393ac416dd8,fcae65987d4b4878ae4fe7df409c9172,5,Ótimo produto,Recomendo muito este vendedor!,2017-10-24 06:16:52,2017-10-25 06:16:52
5630fd08bdc743208b98c8affaaccd91,a128f84be3424733a0ac58d45286044e,5,Ótimo produto,Recomendo muito este vendedor!,2017-11-04 07:16:52,2017-11-05 07:16:52
22ef0d6842344e41abc65a97ac72910e,b88ae41a723e43bc854694b65ec77b97,2,Atrasou a entrega,Demorou para responder.,2017-11-01 18:16:52,2017-11-02 18:16:52
ce5832e6d4654d83a1dba65869e0f29d,6161b8f7d0d445fdae9ef9e4e5e31c17,3,Atrasou a entrega,Demorou para responder.,2017-11-13 09:16:52,2017-11-14 09:16:52
66fe46e8219349b9a0d45760f23e4fee,3a1436fe0eb349198f69e335abd92f8b,4,Ótimo produto,Recomendo muito este vendedor!,2017-12-28 19:53:18,2017-12-29 19:53:18
9b017570fbec458bb897e3647e991bf0,a9106c3050ab4b8dacd9d8bc46162d44,5,Ótimo produto,Recomendo muito este vendedor!,2017-12-10 06:28:42,2017-12-11 06:28:42
343bf7b52b9a4df199db98ae5dca589a,611b19000b95468fa1b5f660f81d51a0,5,Ótimo produto,Recomendo muito este vendedor!,2017-12-16 03:28:42,2017-12-17 03:28:42
1dd7f0795dce4930a72278f363638e01,8a400d85394349079c8480bd1602cd7a,3,Atrasou a entrega,Demorou para responder.,2017-12-11 16:28:42,2017-12-12 16:28:42
eccaf89cf43740d9b01db56f58e23884,a1b00652e99a4a00b7cf501eb4c0a22f,4,Ótimo produto,Recomendo muito este vendedor!,2017-12-15 12:28:42,2017-12-16 12:28:42
8a451a5f347942908c2ac91edc11a91d,debe27eb5a6a4881ab759b1edc4508e5,1,Atrasou a entrega,Demorou para responder.,2017-12-13 17:28:42,2017-12-14 17:28:42
7a370bff2f7a44de9a074066470226ce,55b8a9542e1f4f75ab32e335a8ca3e0a,5,Ótimo produto,Recomendo muito este vendedor!,2017-12-15 13:28:42,2017-12-16 13:28:42
d363c3a1880d4027b8300a77eb5fe3fc,028be07272f54babae7bca084d0356b5,4,Ótimo produto,Recomendo muito este vendedor!,2017-12-30 10:28:42,2017-12-31 10:28:42
1864739d5aba4d16ac7c6ff2168da79c,4ef198e6e5394c8ea39c8a449cf60583,5,Ótimo produto,Recomendo muito este vendedor!,2017-12-10 23:28:42,2017-12-11 23:28:42
784b207d61e14a35a8b1cc65b371e537,765c98031f7f4902a5b8512997708e3b,5,Ótimo produto,Recomendo muito este vendedor!,2018-02-26 08:28:42,2018-02-27 08:28:42
27076ffd903047cf9c396d8bfb443fa7,75455d39270f40878f94fe27257dc3cf,5,Ótimo produto,Recomendo muito este vendedor!,2017-12-13 05:28:42,2017-12-14 05:28:42
7bd6138bf2044b05a9c065bffa2e5ccc,f5418b1b38f24034aa3f896fd3c76ef8,5,Ótimo produto,Recomendo muito este vendedor!,2017-10-06 19:06:21,2017-10-07 19:06:21
ba45a68bbb2b4ade948ccbdd9fb0f3b8,d4dd9ba6313d4ea8b74b3a7f51bf77aa,4,Ótimo produto,Recomendo muito este vendedor!,2017-10-05 16:06:21,2017-10-06 16:06:21
db4b3b80ce33427bb0c53f7413f7cc64,5579792f3a414abaa5ab27360606649f,3,Atrasou a entrega,Demorou para responder.,2017-10-16 17:06:21,2017-10-17 17:06:21
06f266cc492b4ff1ad6edfe3b0ea5784,a56489087de2444e9d346b961daaf1b4,5,Ótimo produto,Recomendo muito este vendedor!,2017-10-12 05:06:21,2017-10-13 05:06:21
ef9abd3606a246cb9459080392b60e49,64c85a687abf4a769f91965c31b793ec,1,Atrasou a entrega,Demorou para responder.,2017-10-02 12:06:21,2017-10-03 12:06:21
46c0b7ca857c41d6b19fcbd1e75dfd2d,083d5deaf0ca4e2b826b34b6b2764007,4,Ótimo produto,Recomendo muito este vendedor!,2018-04-07 22:32:53,2018-04-08 22:32:53
9b60622ba5634c089dd8940613c2e102,64ba6c7b47034701b6a1096fa4386104,1,Atrasou a entrega,Demorou para responder.,2018-04-05 17:32:53,2018-04-06 17:32:53
0158bc6ea2fd477a9d6244dc874cb59d,d8144fd58c8c4f72bb37871e8cf8312c,5,Ótimo produto,Recomendo muito este vendedor!,2018-05-09 21:32:53,2018-05-10 21:32:53
fd15d8ef04a7451bae060bd3232145cd,ba0978aa027a4252a7eeb849a88a607d,1,Atrasou a entrega,Demorou para responder.,2018-04-14 20:32:53,2018-04-15 20:32:53
0cf1208f75574e9fae104a9b9d366f9a,0b05bc6ebf83400987a522f9a8b788ea,5,Ótimo produto,Recomendo muito este vendedor!,2018-05-24 13:32:53,2018-05-25 13:32:53
6a09f3f40490421f9e2ef06c4eaa9481,3bf111beb4144d8d9f82dbb4dc3710f8,1,Atrasou a entrega,Demorou para responder.,2018-05-09 10:32:53,2018-05-10 10:32:53
88a8fc86870a440ab5f09c4b95ea82b3,64a30a75fd0e42e2a26234b5cee92682,1,Atrasou a entrega,Demorou para responder.,2018-05-12 19:32:53,2018-05-13 19:32:53
5b4014e601bf43aea0685dbbaca7af3c,825753da8f9c42c88bca0aa14a0b1c0b,5,Ótimo produto,Recomendo muito este vendedor!,2018-05-15 21:32:53,2018-05-16 21:32:53
c52650cbf1654d83ac8f59218deb60ba,401119e331494ecfbb90e353295ff682,4,Ótimo produto,Recomendo muito este vendedor!,2018-04-05 00:32:53,2018-04-06 00:32:53
c830f93a5e324c688b57118b07245033,30daccd02bfb42cda6a293cdc825fc50,5,Ótimo produto,Recomendo muito este vendedor!,2018-05-11 16:32:53,2018-05-12 16:32:53
47d94403659a4ba58b2b2a4489e58393,3c64cc4a3c18416ca5a6bd6e91f72b0c,5,Ótimo produto,Recomendo muito este vendedor!,2017-09-25 23:47:41,2017-09-26 23:47:41
a4a83e9a196645d6910685dd4c0aaed2,007755e191414cc5af3607710b8585fb,4,Ótimo produto,Recomendo muito este vendedor!,2017-09-05 20:47:41,2017-09-06 20:47:41
d1694bbc462b4930833b0d4911829683,cabe743aae9444a8a11ae675c12983e3,4,Ótimo produto,Recomendo muito este vendedor!,2017-11-07 05:47:41,2017-11-08 05:47:41
b026bec4980144eeb008b4ba52ffb157,c71fb76af8654256a19263baf087d1f2,2,Atrasou a entrega,Demorou para responder.,2017-09-08 10:47:41,2017-09-09 10:47:41
6447dc845b6f4344bb7fd4083eb4c0e0,6f34948a0e294788b774c3a335d3509e,5,Ótimo produto,Recomendo muito este vendedor!,2017-09-25 14:47:41,2017-09-26 14:47:41
bb96a604d45c4f22a3485b855f860905,9616dcee1f2d4dadb78e7b7a94863fd8,5,Ótimo produto,Recomendo muito este vendedor!,2017-09-19 04:47:41,2017-09-20 04:47:41
04dc9593f1644f1bbaeec81b66976bc5,67c5e576464149c28efdaf2aa6f9f19a,5,Ótimo produto,Recomendo muito este vendedor!,2017-09-23 20:47:41,2017-09-24 20:47:41
3877a1d548b041c4b434bcc642424094,d79153f754c44e9abbba2d6fca12eef7,5,Ótimo produto,Recomendo muito este vendedor!,2017-10-24 01:47:41,2017-10-25 01:47:41
635ca6f331eb42568cc695aa51532cdc,8be706f3855e4d71b805879b80b8c9ef,4,Ótimo produto,Recomendo muito este vendedor!,2018-03-13 20:38:49,2018-03-14 20:38:49
977c4890236d40c99cbd5055f8e23fba,b554498aecc542fe920bcf136bcd4906,5,Ótimo produto,Recomendo muito este vendedor!,2018-02-09 17:38:49,2018-02-10 17:38:49
86cbf82d92324e65a41ea6fe236e8f19,31b6994d87a9418f9db4e6ab686e1d9b,1,Atrasou a entrega,Demorou para responder.,2018-02-22 09:38:49,2018-02-23 09:38:49
37dc30ed976947eba90626d26ddb2db7,c2905b1aa4264bfc932f4c25c4eec09c,5,Ótimo produto,Recomendo muito este vendedor!,2018-02-17 00:38:49,2018-02-18 00:38:49
c015ebe14ca840699474fd66fd8fa028,702bb2a592734526a503c0ad026cfb62,5,Ótimo produto,Recomendo muito este vendedor!,2017-07-02 10:12:22,2017-07-03 10:12:22
23f3f643664f4d93adcc4be327db45d8,4a8c16261613404ab57e19c43f06370c,4,Ótimo produto,Recomendo muito este vendedor!,2017-08-14 02:12:22,2017-08-15 02:12:22
48bc3f8f589a415ca488224972908a89,996967d486244402b8c7909cd860cdb1,3,Atrasou a entrega,Demorou para responder.,2018-01-10 01:46:42,2018-01-11 01:46:42
7919b699c75e4b888fe4b66ca4bafdfb,513a2d9beb9f45f3b2f922663c11ab85,5,Ótimo produto,Recomendo muito este vendedor!,2018-01-11 15:46:42,2018-01-12 15:46:42
6ce693cd7075473f82cec6e017a2f836,f6bc83f510934a18af5b5f6174d89753,5,Ótimo produto,Recomendo muito este vendedor!,2018-01-15 12:46:42,2018-01-16 12:46:42
3b9630df31a64356a900ef702245f472,ae8209f067d545dbb785b4b5cc1e0970,1,Atrasou a entrega,Demorou para responder.,2018-01-20 06:46:42,2018-01-21 06:46:42
1442201384e74b93b20d3f8124d617bc,38ca104810ff4c89938110769ef21086,5,Ótimo produto,Recomendo muito este vendedor!,2018-02-07 06:46:42,2018-02-08 06:46:42
c604254ce54f48d097aa909c8d67588a,793dcf5055834aea96511052da23f45b,5,Ótimo produto,Recomendo muito este vendedor!,2018-01-15 04:46:42,2018-01-16 04:46:42
e8787b26f6b949458c4ca0f2e0660bfb,5dc0ae255e4c4c208483f71a7db9d4ef,5,Ótimo produto,Recomendo muito este vendedor!,2018-01-30 07:46:42,2018-01-31 07:46:42
4f127569d9914d8096eae4018b363b55,355dbbd4b4ca42538ff36a3c804dac88,3,Atrasou a entrega,Demorou para responder.,2018-02-12 07:46:42,2018-02-13 07:46:42
6cd31a3e43db449f84f86ade9c33c9c9,892ba5e5b0d449f0b4c202e413c35087,3,Atrasou a entrega,Demorou para responder.,2018-01-11 09:46:42,2018-01-12 09:46:42
0c5fb4f171144dc5b4ad7313bef6ca19,c0e87937cc2c4ed797c0653a9272e23b,5,Ótimo produto,Recomendo muito este vendedor!,2018-01-13 00:46:42,2018-01-14 00:46:42
9a7b3840f3994841b2f55d6ef652cfe4,19aecb0c63a94fc0860f0ca0d3320284,4,Ótimo produto,Recomendo muito este vendedor!,2018-02-13 00:46:42,2018-02-14 00:46:42
3f1bf04e430142d39a6f5be69f8410e1,d96336bee3c045599fd456306dc07be0,5,Ótimo produto,Recomendo muito este vendedor!,2018-02-09 09:30:48,2018-02-10 09:30:48
d458e86a44ea4db198838bd64d3a7709,c14dbfaeedca457eb002ee9f12cdc14a,4,Ótimo produto,Recomendo muito este vendedor!,2018-06-04 11:43:49,2018-06-05 11:43:49
5927cf0f94df47d6827f338e029d1b56,ec2b224b76c043198a34946d294de87c,5,Ótimo produto,Recomendo muito este vendedor!,2018-05-26 12:43:49,2018-05-27 12:43:49
e0c15e9628ee46108f6a03dd50b990b3,4a13e8d96e8a457f84b56d3c1e9c08fd,5,Ótimo produto,Recomendo muito este vendedor!,2018-06-01 23:43:49,2018-06-02 23:43:49
0cd411f8862340f3be675202e0919a47,0f0984b6432a4799ab711ae34ccc029d,5,Ótimo produto,Recomendo muito este vendedor!,2018-07-25 09:43:49,2018-07-26 09:43:49
1c1c1ba81e6448629e5c2fee73b7602f,85f2fc5f58414ae3bbf8ecd0f4b48a32,3,Atrasou a entrega,Demorou para responder.,2018-03-10 12:12:42,2018-03-11 12:12:42
37508e750f9b45118697c5365ba1df21,bd7703a723a54ca4b81a6f30340d89af,3,Atrasou a entrega,Demorou para responder.,2018-06-08 06:28:54,2018-06-09 06:28:54
ff71d16814bd42dcaeda7799a09bd879,9fdcbb82ae794690adb790e842d4c760,3,Atrasou a entrega,Demorou para responder.,2018-05-31 06:28:54,2018-06-01 06:28:54
80d91417e8a7471fafc733dd80c2607e,aebe4f7f4deb4a019904794cfdead8eb,1,Atrasou a entrega,Demorou para responder.,2018-06-18 01:28:54,2018-06-19 01:28:54
2c22225f18894865977705c503e75ff1,8ccc38663c5e4ae384396277b7b78abf,5,Ótimo produto,Recomendo muito este vendedor!,2018-05-30 12:28:54,2018-05-31 12:28:54
cc391172f01c4a04859a9e220cb314b2,d941e0191a6044e3a61c1d11f2c08a35,3,Atrasou a entrega,Demorou para responder.,2018-06-09 03:28:54,2018-06-10 03:28:54
f46ebad2066546668c427294d143ba49,ea73dd6888d744f2acd9752da8fbf7f7,5,Ótimo produto,Recomendo muito este vendedor!,2017-09-15 23:35:38,2017-09-16 23:35:38
15904611bc8e431ca58eb632ba0ce7d7,48826ffb4cab4cb0b01b2baea6da6206,2,Atrasou a entrega,Demorou para responder.,2017-10-12 22:35:38,2017-10-13 22:35:38
78c20866f20440488f2a24cda8107fe5,d709fe59671846a0b65fef0c074b5952,5,Ótimo produto,Recomendo muito este vendedor!,2017-09-25 16:35:38,2017-09-26 16:35:38
1e844bd8b1d74b5b9d9d67552d93b5ad,fcc8fbefb0504bd8aafccc0ec1b0450f,5,Ótimo produto,Recomendo muito este vendedor!,2017-10-11 17:07:55,2017-10-12 17:07:55
189a0d066d0c4ba89d2b543059f1b5a5,0aac5d90804342c69470d3564cf4e9d2,2,Atrasou a entrega,Demorou para responder.,2017-10-01 18:07:55,2017-10-02 18:07:55
24254d19cbbd4eaca7a4dbf2e5759e55,b2141908ca55466ebe178c2a8c96cda3,5,Ótimo produto,Recomendo muito este vendedor!,2017-10-22 23:07:55,2017-10-23 23:07:55
8e668a13d66948aface5d2786cc607fc,c2db42853fab44aeb182a7a44a511941,4,Ótimo produto,Recomendo muito este vendedor!,2017-10-02 05:07:55,2017-10-03 05:07:55
b381e9e3e0134536ab7159aad3c27532,6235ad6a88f24d0e9bc9e01e0736dc8a,4,Ótimo produto,Recomendo muito este vendedor!,2017-10-10 10:07:55,2017-10-11 10:07:55
4749e9d5ed2d47569e3aec0c3bcae7a6,3fe966e943f0426e8748be84043ae19b,5,Ótimo produto,Recomendo muito este vendedor!,2017-10-14 03:07:55,2017-10-15 03:07:55
2ff612abb96749dab6aa3b9e4c3ffdcf,4eb20c0828534387b93366912f94b537,5,Ótimo produto,Recomendo muito este vendedor!,2017-12-31 08:07:55,2018-01-01 08:07:55
f43f0eb4626e44a7889061928c757f2e,b655ccc7edf14a8f8929641582765869,5,Ótimo produto,Recomendo muito este vendedor!,2017-10-05 18:07:55,2017-10-06 18:07:55
1e1b06d1347d4373910418896654b883,7b9bcffe7bff4417a405f1f1f9d350a4,5,Ótimo produto,Recomendo muito este vendedor!,2017-09-18 15:05:18,2017-09-19 15:05:18
30c2c765f94746abb9991af24b76c333,ccb7fd672ae04cc2b1385385f0023c07,5,Ótimo produto,Recomendo muito este vendedor!,2017-09-14 12:05:18,2017-09-15 12:05:18
43e0a5b5ac7c416fa2bb6d7f459fed81,c7893f73bc4b45a1b6fa6738a3c22733,5,Ótimo produto,Recomendo muito este vendedor!,2017-10-03 00:05:18,2017-10-04 00:05:18
b14f2478cebb4d07ae43e81f8d624c76,ccd6e8ec7a3b4ccabdf4f32dc0fdcfc0,3,Atrasou a entrega,Demorou para responder.,2018-07-03 02:16:48,2018-07-04 02:16:48
33b2ef847b23495b964cb4241d006f1c,6077be39e4524231a9250f258e62dc89,4,Ótimo produto,Recomendo muito este vendedor!,2018-07-02 04:16:48,2018-07-03 04:16:48
1776c019a2074fa3a63dcee590db0dc9,5619329c2c67458d887def4c8ced1e8c,5,Ótimo produto,Recomendo muito este vendedor!,2018-07-15 01:16:48,2018-07-16 01:16:48
9ca529b5242647c8959ed9d5730a446e,826e0acf8beb43beb91c07afc256b0e7,5,Ótimo produto,Recomendo muito este vendedor!,2018-06-30 22:16:48,2018-07-01 22:16:48
7f6ee7d86d1d4c54ac3e2c66d828b8f2,450921249b1a43559150a7e84ddd1e3c,5,Ótimo produto,Recomendo muito este vendedor!,2018-07-20 13:16:48,2018-07-21 13:16:48
1fa6f6e43cb4434294d47f4adfe62e55,21f4abf705b848e59e3af438b8041b67,1,Atrasou a entrega,Demorou para responder.,2017-09-09 05:34:40,2017-09-10 05:34:40
52105606982c473e8b8353a16be25b5a,2b6aacafc45f4a70a05f1468d87a8666,5,Ótimo produto,Recomendo muito este vendedor!,2017-09-30 10:34:40,2017-10-01 10:34:40
facfb44d356f4635b7d0ed19b8bdb590,4c78fc739cd74efb80c967499ea8790d,4,Ótimo produto,Recomendo muito este vendedor!,2017-09-07 22:34:40,2017-09-08 22:34:40
ab4d48af5055413ab28f872e9bd75017,49bb5f6dcb434e0e9750169ed39929f4,5,Ótimo produto,Recomendo muito este vendedor!,2017-09-07 21:34:40,2017-09-08 21:34:40
ccf35c9304514ee29da7c6cc71c65b31,959b6c97413a45d6933c7d8d7376a893,4,Ótimo produto,Recomendo muito este vendedor!,2017-09-09 10:34:40,2017-09-10 10:34:40
6c108b798ebc4198961406f0ce59ad6b,0af91e78553c4c999b5e595b1fa43c1c,5,Ótimo produto,Recomendo muito este vendedor!,2018-05-16 15:00:11,2018-05-17 15:00:11
bd9a9f680ba14227a10aa5fd301ea4c5,02e1112d869844b0a9417b9739d92e04,3,Atrasou a entrega,Demorou para responder.,2017-09-07 03:37:43,2017-09-08 03:37:43
8551dedca993479a92c5bd7751aa0329,38e43fa4857149e88e34716295324c23,4,Ótimo produto,Recomendo muito este vendedor!,2017-09-10 15:37:43,2017-09-11 15:37:43
20ea26d97fe242648430c0b30a5f7efa,d9360ef2c8fc4232af94c2f89fa3aee1,5,Ótimo produto,Recomendo muito este vendedor!,2017-09-12 06:37:43,2017-09-13 06:37:43
dd6626f45c9c40dd995be0cf45644c9c,60d938a1f0f14c8f8790af698dda8d1d,1,Atrasou a entrega,Demorou para responder.,2017-09-05 04:37:43,2017-09-06 04:37:43
bd078dad374b4323a1f4b60da6c20691,b8e2ed6b31fb4b0985a7c321bd61cac0,4,Ótimo produto,Recomendo muito este vendedor!,2017-08-25 13:01:09,2017-08-26 13:01:09
2b533334b77d4fc0ae82219e6b1480a1,d182d47533534353bbf88720b01c8522,5,Ótimo produto,Recomendo muito este vendedor!,2017-08-29 13:01:09,2017-08-30 13:01:09
ca4edae8a58c448aac9b481cf8a5d6da,d4e7290833354adc99f5bcd4939719dc,5,Ótimo produto,Recomendo muito este vendedor!,2017-08-15 19:01:09,2017-08-16 19:01:09
a021828e276142b4877ccd36e89afced,2056abd535e84dae99365b54809b5c4f,4,Ótimo produto,Recomendo muito este vendedor!,2017-08-12 00:15:15,2017-08-13 00:15:15
250ad7613cc7439f89edea3cf83d5a24,e2f954d557dd4729ac491acf559b7c97,5,Ótimo produto,Recomendo muito este vendedor!,2017-08-09 03:15:15,2017-08-10 03:15:15
dc2392b49e5047dc88a5e8d7b6954736,5f9a70280b554ab2893d1c7edf2dc103,5,Ótimo produto,Recomendo muito este vendedor!,2017-08-12 00:15:15,2017-08-13 00:15:15
c4bb02c545cf4765a8b5098cc68c52dc,f82b6aa386c24f498121486a7dd96603,4,Ótimo produto,Recomendo muito este vendedor!,2017-08-24 07:15:15,2017-08-25 07:15:15
52a8a34cd87348fb98c4a81070209438,9c175e88590a47cdbca2583f7aacc291,5,Ótimo produto,Recomendo muito este vendedor!,2018-02-16 15:12:55,2018-02-17 15:12:55
bd7e0807ab374f9a852f0ef63f154710,a87d6c3e7f1a4162a877ddfee8ddafbb,1,Atrasou a entrega,Demorou para responder.,2017-08-30 22:57:55,2017-08-31 22:57:55
21aa7296c36e4ba0b4ec81ed3d508fd3,8c92afad32d84e899382f5423dc4f891,4,Ótimo produto,Recomendo muito este vendedor!,2017-08-26 21:57:55,2017-08-27 21:57:55
a71aee537b424afebaf0605bbbb3b436,489d293f1c274c3bba2216cb35a6f301,4,Ótimo produto,Recomendo muito este vendedor!,2017-08-30 07:57:55,2017-08-31 07:57:55
3f0b2b2924d5497e8dcf708ea5c686d9,1863520ff84143afb7445e716d0df728,2,Atrasou a entrega,Demorou para responder.,2017-09-02 10:57:55,2017-09-03 10:57:55
ad3e0fb692644ad699ea2cef3d2362c4,2ba47556e7dd4bfea393fed3f55d726c,5,Ótimo produto,Recomendo muito este vendedor!,2017-12-29 17:49:53,2017-12-30 17:49:53
1a4b1dd07f0a4c84a37b79cf6d1b48cc,e8e94ce51c944ddca34e0563f34f86f6,5,Ótimo produto,Recomendo muito este vendedor!,2018-07-15 17:21:28,2018-07-16 17:21:28
018406cf146a47d9b8fcaee49ca9e541,fcb69982619c4252a67bbd2abeb0f22f,5,Ótimo produto,Recomendo muito este vendedor!,2018-08-07 02:21:28,2018-08-08 02:21:28
ee8c8bb695434950860968070d6d434a,15cf6a6d11384b6db672722f8ca47c2d,5,Ótimo produto,Recomendo muito este vendedor!,2018-06-29 18:21:28,2018-06-30 18:21:28
bc659c55b3744c8abeb8a468416db530,221f730b83fb49e5a3b9036545d0bac0,2,Atrasou a entrega,Demorou para responder.,2018-07-17 13:21:28,2018-07-18 13:21:28
defae023d4f84155b8a268e21c8a963d,742d0152b1744488b966091a2087c6cf,5,Ótimo produto,Recomendo muito este vendedor!,2018-08-06 14:40:03,2018-08-07 14:40:03
57ae4c7faf9446888bd99f91d71cd901,d8cfad25d32a4592875326002436e027,5,Ótimo produto,Recomendo muito este vendedor!,2017-11-23 09:34:28,2017-11-24 09:34:28
c1c71496af9a4100a0b261feb66a3ce3,b61f0d826e0948538ca1e4c318922c74,5,Ótimo produto,Recomendo muito este vendedor!,2017-12-16 06:34:28,2017-12-17 06:34:28
5ab66c57850e41f2a8b23a845547a7cd,c65992931ba54188bb125740426b0661,5,Ótimo produto,Recomendo muito este vendedor!,2017-11-18 19:34:28,2017-11-19 19:34:28
828ec55cd4a14d6e9aad9312d57448eb,67897a8d83344597951a19a10196630e,4,Ótimo produto,Recomendo muito este vendedor!,2018-01-27 19:12:52,2018-01-28 19:12:52
9726c325c1ad461ebf5ff971d4b59691,78f8daabba2b474faa987837aef76830,3,Atrasou a entrega,Demorou para responder.,2017-12-27 16:12:52,2017-12-28 16:12:52
6ff0c6c4c1c34b5e94c4861918d581ac,abe5235fad204d1e8bbc04c83265c811,5,Ótimo produto,Recomendo muito este vendedor!,2018-01-13 16:12:52,2018-01-14 16:12:52
00a8c682f7b643698858a8655f4a7003,db260632a9304555b2dfe569d696de65,3,Atrasou a entrega,Demorou para responder.,2018-01-13 07:12:52,2018-01-14 07:12:52
49c4e26ce19241f5a4003f28826c8056,7ba2e66ee9aa4aafa366b4bb3e87253a,5,Ótimo produto,Recomendo muito este vendedor!,2018-01-02 21:12:52,2018-01-03 21:12:52
4c934e7e86cd465093696d801720c482,5bf43e203be845d7980b6f25433e5475,5,Ótimo produto,Recomendo muito este vendedor!,2017-12-30 13:12:52,2017-12-31 13:12:52
d1bc70761f704c1d85a2c8d6d0b11027,4b5a7069b4b94c5e9d7187d473f472d6,5,Ótimo produto,Recomendo muito este vendedor!,2017-12-26 13:12:52,2017-12-27 13:12:52
f1b0bba9ab174c2db6c11ff978be2c9c,ec561fab10f948b58cdffa5620286ef0,3,Atrasou a entrega,Demorou para responder.,2017-12-30 21:12:52,2017-12-31 21:12:52
c1270b67933e41809d5c7bb85f323191,4aa30e3d0ffa4bc4bb29291ba49100ee,2,Atrasou a entrega,Demorou para responder.,2018-01-15 17:12:52,2018-01-16 17:12:52
975e346928864300acefb1815fe102b2,dc5ef0476de24c68ae3b139b56b921f3,2,Atrasou a entrega,Demorou para responder.,2018-01-02 21:12:52,2018-01-03 21:12:52
a85fa6728fef4aca98856c604b6195e8,0436fff8c2c643748635c4d3fa20e3fb,1,Atrasou a entrega,Demorou para responder.,2017-10-19 02:31:44,2017-10-20 02:31:44
dc4cad47d4f5410cad9e07a1e8a0f724,e275ecb780134184b245dabc9f3f80de,5,Ótimo produto,Recomendo muito este vendedor!,2018-04-05 00:45:08,2018-04-06 00:45:08
1fed8a359d24491f895baa338ee521fd,3a794481ae5a4b6fb5e9a9d7d1f58130,5,Ótimo produto,Recomendo muito este vendedor!,2018-04-02 00:45:08,2018-04-03 00:45:08
b4535b4229084cfd8f3973cf173df6ee,937183c740484e7fb9db7133938116b3,1,Atrasou a entrega,Demorou para responder.,2018-04-07 14:45:08,2018-04-08 14:45:08
8d9fd5f3a5f546b4a40b533d57116bc7,bda52114a492465d8b5ff1c23d9084c0,3,Atrasou a entrega,Demorou para responder.,2018-04-17 07:45:08,2018-04-18 07:45:08
c1e27d144a594cdc995e1854ea8c3926,5b03e7952ff142749bda3c2f48ce71b1,4,Ótimo produto,Recomendo muito este vendedor!,2018-05-03 14:45:08,2018-05-04 14:45:08
8514ef1db78d4141b1b4b20b443ed8c7,ff97d1fe34564eecb26ed96f2f448e82,5,Ótimo produto,Recomendo muito este vendedor!,2018-04-27 16:45:08,2018-04-28 16:45:08
06b552529003445a82c0b6f4c2c5ee92,ed6149ef6e93447d88e532e4dcbf41c1,3,Atrasou a entrega,Demorou para responder.,2018-04-25 22:45:08,2018-04-26 22:45:08
7cad043eaac9464abb52f6d008381ad6,2940da8812054b31bfcac0163a1cf4c8,5,Ótimo produto,Recomendo muito este vendedor!,2018-04-20 17:45:08,2018-04-21 17:45:08
73900ef4eb254198956dbad2d628f8db,e36061e7deb14abe966b24c5d02d7cd4,3,Atrasou a entrega,Demorou para responder.,2018-04-12 01:45:08,2018-04-13 01:45:08
5dc265a457d14635a027aefa054d47c9,49d05bfb32454c3fae668243d7d2e3f1,5,Ótimo produto,Recomendo muito este vendedor!,2018-03-31 21:45:08,2018-04-01 21:45:08
bc92516ee6384d679290ddc20a83afd5,0df8b24d4d364e4783682776f0ced326,2,Atrasou a entrega,Demorou para responder.,2018-04-23 01:45:08,2018-04-24 01:45:08
8861e101696c4d228ce78d2931286f4a,1661b2a5fe9a4afb88df1366b5d78a3b,5,Ótimo produto,Recomendo muito este vendedor!,2018-04-21 14:45:08,2018-04-22 14:45:08
0f8353265bab43168ae5ad410aef138b,78696da68e0941c09e70a9bc9c78f68c,5,Ótimo produto,Recomendo muito este vendedor!,2018-04-10 00:45:08,2018-04-11 00:45:08
b92d615aeccc4a41a262d854a168cce2,199cd42750ed4119aba6bbd207e1db9f,5,Ótimo produto,Recomendo muito este vendedor!,2018-03-29 11:45:08,2018-03-30 11:45:08
06773afa041041f4bd6893d635663e72,8539415f8b2a44c8b63e57ea29eac18b,5,Ótimo produto,Recomendo muito este vendedor!,2018-04-11 11:45:08,2018-04-12 11:45:08
7f21018bbea14e8ea2e01feff16f40dd,23ce3c35b23840199733be3ac7a9ce2e,3,Atrasou a entrega,Demorou para responder.,2018-05-23 09:22:55,2018-05-24 09:22:55
6a989358cf6b43669792627c6215cc38,ee60599d66c84aaf9e9fed4177fb47cb,5,Ótimo produto,Recomendo muito este vendedor!,2017-11-28 01:26:05,2017-11-29 01:26:05
27c0ec8f80454080a101490de1cbdd63,ea1b255bfd1b454b81cb34fc4217e6de,5,Ótimo produto,Recomendo muito este vendedor!,2017-12-12 14:26:05,2017-12-13 14:26:05
71b2f0c4c2f145ddb6ec6b2eb69b678f,82466c2b9f1c48ce8342f5e1e62445ef,5,Ótimo produto,Recomendo muito este vendedor!,2017-11-17 03:26:05,2017-11-18 03:26:05
5317ea94204e456fa91fa2b1acc0f553,878af984a8e440f0aa850da34a98c82b,3,Atrasou a entrega,Demorou para responder.,2017-11-21 03:26:05,2017-11-22 03:26:05
a6a85071316d49cf83e19f8e327d0821,ff64a18df1764c9898fc1f73880ee6b5,5,Ótimo produto,Recomendo muito este vendedor!,2017-11-15 01:26:05,2017-11-16 01:26:05
d7c920637ec745f9bad00235a882888e,0ca614b5fed643caaa58083328515899,2,Atrasou a entrega,Demorou para responder.,2017-11-20 16:26:05,2017-11-21 16:26:05
e59affc1761d4482ae52a599043502a4,139abd42be4245bdb0e58aee549185f8,4,Ótimo produto,Recomendo muito este vendedor!,2017-12-18 04:26:05,2017-12-19 04:26:05
2c9b9c4bf2d74e40aee872a88716c45b,0d04ec79eb964676b3054cbdf8b24b9b,5,Ótimo produto,Recomendo muito este vendedor!,2017-11-28 00:26:05,2017-11-29 00:26:05
5f55527097134a629326ff6a352eb99a,9f6332d5a52044af85e9caae7a2ef821,4,Ótimo produto,Recomendo muito este vendedor!,2017-12-18 00:26:05,2017-12-19 00:26:05
d6f601649fc54890b58c38236d8d1685,0d01701bc02c4003b636f7afa9c26c40,4,Ótimo produto,Recomendo muito este vendedor!,2017-11-18 19:26:05,2017-11-19 19:26:05
8750c12a159848d0a8818d6d8a3a87a1,1ab743859ab54dde89e8acffa7119be3,3,Atrasou a entrega,Demorou para responder.,2017-11-21 18:26:05,2017-11-22 18:26:05
0289a3c6048f4ada99de813875068271,4599f204ee4b471d89e7e1141a84a0a8,5,Ótimo produto,Recomendo muito este vendedor!,2017-12-22 20:26:05,2017-12-23 20:26:05
6a5b1f2cb81a4247bae35a7129e265f6,63ff16b15f384dff97297c68233215ee,4,Ótimo produto,Recomendo muito este vendedor!,2017-11-15 03:26:05,2017-11-16 03:26:05
60f46830ca4c4198a77ab9332a07a5e5,fbca710c3e734f16950bc6c9c528b784,1,Atrasou a entrega,Demorou para responder.,2017-12-04 06:48:01,2017-12-05 06:48:01
886fd0a2bf92421fbb6f4b505bb51912,e6d3aedc845e4903ae4606e7a4d8dc7d,4,Ótimo produto,Recomendo muito este vendedor!,2017-11-15 07:48:01,2017-11-16 07:48:01
dffbec750596429fbf63ec1b49fd014d,960bde2f8b2440dbad7a79121b23f150,5,Ótimo produto,Recomendo muito este vendedor!,2017-12-29 18:48:01,2017-12-30 18:48:01
279cd1278b76402084062b4cfe00b97b,e29ed1a12914456381bcb37ea7853435,5,Ótimo produto,Recomendo muito este vendedor!,2017-11-16 01:48:01,2017-11-17 01:48:01
7786342f2018407895fe1aa6c35c3727,ba481936781a43cbb248cf9061fe4334,3,Atrasou a entrega,Demorou para responder.,2017-11-18 19:48:01,2017-11-19 19:48:01
7d183ee15a27421ea390e214bd11318a,2910352273a746deba58fc250aabc9cc,1,Atrasou a entrega,Demorou para responder.,2017-11-23 01:48:01,2017-11-24 01:48:01
0f4595c7bc374375abfcb70b5fb6119f,935c834638614ea19b6c86d4806172c2,5,Ótimo produto,Recomendo muito este vendedor!,2017-11-18 16:48:01,2017-11-19 16:48:01
60298ab5897b4d7f8b0fbac75dc0c241,9b04e980622647e289b236b1e2ed4594,5,Ótimo produto,Recomendo muito este vendedor!,2017-11-20 04:48:01,2017-11-21 04:48:01
3d3b36c855ad432498465f026bcb0dae,bf3f1cde66e84012b20d9b3ca1e87be3,5,Ótimo produto,Recomendo muito este vendedor!,2017-11-23 15:48:01,2017-11-24 15:48:01
0cb58cf70a2345b1befff4286c077589,f6648080289e4b2bbae87172396c12cc,5,Ótimo produto,Recomendo muito este vendedor!,2017-11-13 18:48:01,2017-11-14 18:48:01
92230401642d46be9f6409063bb06195,7c0d9d12ab934ae6a3ce9c496dab42e6,5,Ótimo produto,Recomendo muito este vendedor!,2017-11-10 17:48:01,2017-11-11 17:48:01
c9d8ebd459da4dc19a86aee95a252bf4,fce07c4803cd4a1cbb0d72830b7b304c,5,Ótimo produto,Recomendo muito este vendedor!,2017-12-07 08:48:01,2017-12-08 08:48:01
1306384c66b3417480d44a06c376714b,f9383780d3804af8a0b9c2110d147fd9,5,Ótimo produto,Recomendo muito este vendedor!,2017-11-16 17:48:01,2017-11-17 17:48:01
6d8f2eda0997469996aa5a7b874807a3,8bc77a092775432c92b8ea8f34e974db,5,Ótimo produto,Recomendo muito este vendedor!,2018-01-04 20:48:01,2018-01-05 20:48:01
924632316969458d9de6f6fa2ff877e7,bde6f9f3f6b44e5b94c0f82a6b43f969,5,Ótimo produto,Recomendo muito este vendedor!,2017-11-11 03:48:01,2017-11-12 03:48:01
17ef0ec7e2fb49a58c637227fc4788ab,44967bb367134bbb93401de1d09e9b56,5,Ótimo produto,Recomendo muito este vendedor!,2017-11-19 09:48:01,2017-11-20 09:48:01
204a133702e74bccaf1feb89b6194172,9d5aacf46733472ba170962ec6267ed1,5,Ótimo produto,Recomendo muito este vendedor!,2017-11-15 15:48:01,2017-11-16 15:48:01
49cbf40dae9d4edf9336fe892b953bb7,09f1db01a4254a42af8acf7d71cd4966,5,Ótimo produto,Recomendo muito este vendedor!,2017-12-11 10:48:01,2017-12-12 10:48:01
5a36c0bbd7ca4c308f285d31dfec18ed,fa2116bc87474d379c89cce17a70b186,5,Ótimo produto,Recomendo muito este vendedor!,2017-11-27 20:48:01,2017-11-28 20:48:01
654e862fcc18458f90b5735f078ccc4e,5353090a8c8445238b878ff5bd07ac35,5,Ótimo produto,Recomendo muito este vendedor!,2017-11-19 04:48:01,2017-11-20 04:48:01
c7d6b06d3e5d4de5a25eb07455db5a92,19913ddd984c48e5b6d4a30974485bce,4,Ótimo produto,Recomendo muito este vendedor!,2018-03-25 09:25:18,2018-03-26 09:25:18
c4ad1a08f20343fab36552f03ce2400f,6703401857ba4012911846fe80319e43,5,Ótimo produto,Recomendo muito este vendedor!,2017-10-06 04:28:15,2017-10-07 04:28:15
445d0cc8d36641a398f86be4a0ee2d18,4a8b54f9e9044de0ac304048cd16b878,5,Ótimo produto,Recomendo muito este vendedor!,2017-10-01 14:28:15,2017-10-02 14:28:15
3e05148b212542eaadf59f98a6da1d25,87cdaa2a1dad40e6822b25a023c650b8,5,Ótimo produto,Recomendo muito este vendedor!,2017-10-05 13:28:15,2017-10-06 13:28:15
d719733a321f4c838f5abd9bcf8b52a9,d5db4af4eed44ce78713994a9da100ee,5,Ótimo produto,Recomendo muito este vendedor!,2017-10-11 10:28:15,2017-10-12 10:28:15
7dde9e4f3bb343d7906b6fc067d3903b,2602e2dee5504a0fbe3429c5eb6c7c32,5,Ótimo produto,Recomendo muito este vendedor!,2017-10-06 06:28:15,2017-10-07 06:28:15
c940cffbdbdf4fc2b85f4bfd3963f556,846bc84b9c344ec0bc8e2964d40dfdd8,5,Ótimo produto,Recomendo muito este vendedor!,2017-11-06 02:28:15,2017-11-07 02:28:15
a51df45f7e3a404d93f1fcba0f9572ea,15163835008d48d7b119a969c8715fe7,5,Ótimo produto,Recomendo muito este vendedor!,2017-10-17 09:28:15,2017-10-18 09:28:15
9436f0e31e4146e9a2cc15eca558cd63,c17e3530aac54bfd81eb864a26212337,5,Ótimo produto,Recomendo muito este vendedor!,2017-10-21 10:28:15,2017-10-22 10:28:15
ed57f0c9434a4f22af2639529b037e52,94f4d9f5beb841dfb7fc7c0139d38d42,5,Ótimo produto,Recomendo muito este vendedor!,2017-10-12 01:28:15,2017-10-13 01:28:15
26334d64ba704527bc4af55fcda3c367,c69a3fac4dae408dadb3f3850703e226,5,Ótimo produto,Recomendo muito este vendedor!,2017-10-05 09:28:15,2017-10-06 09:28:15
6ba67e9654d4410491ad34e114216527,bb54547072ea434baf5964de1f82d747,3,Atrasou a entrega,Demorou para responder.,2017-10-27 12:02:37,2017-10-28 12:02:37
6e3f9972ffd449bba232d3ff1458608a,7f82d116dd994ae1b267632bb01ac5c3,5,Ótimo produto,Recomendo muito este vendedor!,2018-04-26 17:10:38,2018-04-27 17:10:38
c8f3c6ac9e0f4a128c29739d9555f5d5,6b21fad5c2aa4b30a85790fd3feff539,1,Atrasou a entrega,Demorou para responder.,2018-05-24 17:10:38,2018-05-25 17:10:38
8a188e38ca6942d280910620c3a41364,6eafc1be44e34c8bb180d58e9f5767e6,1,Atrasou a entrega,Demorou para responder.,2018-03-08 07:50:17,2018-03-09 07:50:17
3eb12fa1d1924719b04155ce3715e6fc,5a93183b92394304b6916c108d648f41,5,Ótimo produto,Recomendo muito este vendedor!,2018-02-21 13:50:17,2018-02-22 13:50:17
a6e470d947294a48b7c7da3043d34ad9,4a3838f7900944df995fa4452cfa2abd,5,Ótimo produto,Recomendo muito este vendedor!,2018-01-11 23:50:17,2018-01-12 23:50:17
6fcc11e206dc400da3cb42d71d4c21df,5463b1dad8134afbb63b13d49db83d9e,1,Atrasou a entrega,Demorou para responder.,2018-01-14 01:50:17,2018-01-15 01:50:17
632873663bfc44589970952631eabea3,0ab3b9525d004965a13e3c77ae010ddc,5,Ótimo produto,Recomendo muito este vendedor!,2018-01-29 02:50:17,2018-01-30 02:50:17
e9bac6e0312140c8ae6d0dda0350f753,50168ce7aca348ed93c9e3c559155306,5,Ótimo produto,Recomendo muito este vendedor!,2018-02-03 04:50:17,2018-02-04 04:50:17
43f8021c3f2b4dcd8ed784f74aa450b4,d323eb641463413186dca99031bd9a08,4,Ótimo produto,Recomendo muito este vendedor!,2018-05-22 15:08:27,2018-05-23 15:08:27
0a68ba54b23c4ddabafc0446919b5c77,daad6cd2f508412cb7f93a83ca2b15a1,5,Ótimo produto,Recomendo muito este vendedor!,2018-06-16 03:08:27,2018-06-17 03:08:27
1a2f1083faab4f9cb522eb9c1550ebd3,cc02660f13be492d880406883158a421,5,Ótimo produto,Recomendo muito este vendedor!,2018-05-19 23:08:27,2018-05-20 23:08:27
acc460fb49054ea9a00dfe16acd87338,f51a32c2c3524e73937bca6e96746516,2,Atrasou a entrega,Demorou para responder.,2018-06-04 17:08:27,2018-06-05 17:08:27
ead36a4011cc49ffa30b36e22ece8df0,b4a5e9fb58dd48aa831a3b9e82833d8c,1,Atrasou a entrega,Demorou para responder.,2018-06-24 18:08:27,2018-06-25 18:08:27
385e201f4679494c874b4e1851bc6360,c9913ffab05545939a472ae16f3ba461,4,Ótimo produto,Recomendo muito este vendedor!,2017-11-14 17:00:13,2017-11-15 17:00:13
0b3281b758b44866960cb067191d30de,81720f038a9e4bf5b2b58db479ab91c3,5,Ótimo produto,Recomendo muito este vendedor!,2017-11-19 14:00:13,2017-11-20 14:00:13
405816285d4f42a5806a060b2c9107da,60a8e69c3f564068b2ec1336c1e72c7a,5,Ótimo produto,Recomendo muito este vendedor!,2017-10-29 06:00:13,2017-10-30 06:00:13
d32e51e248e84d1ebdd74a7eef792562,3800db1817cc4e5c840a84f27c675d97,5,Ótimo produto,Recomendo muito este vendedor!,2017-11-09 05:00:13,2017-11-10 05:00:13
fa92029d734d4e7a9e0459f19d50b228,9f138c027a2b4277b52ab4504dcdaf9e,5,Ótimo produto,Recomendo muito este vendedor!,2017-11-09 06:00:13,2017-11-10 06:00:13
81757a82b9024ebe83a8aa228b2b9bee,475aaa281eae461a837aa69de7df3637,5,Ótimo produto,Recomendo muito este vendedor!,2017-10-28 12:00:13,2017-10-29 12:00:13
17ad662e3e7a4a0b8633e7370be074ef,2a71be7bb628419fa998be6a34e5a4ac,5,Ótimo produto,Recomendo muito este vendedor!,2017-10-30 16:00:13,2017-10-31 16:00:13
4d9e99baae804c9587df9b14c4ff80b1,192d4685c362410f8a0a85bcf5562a4f,5,Ótimo produto,Recomendo muito este vendedor!,2017-11-01 19:00:13,2017-11-02 19:00:13
5e974b0fd5714e3baf7a1b3304eb8a1d,8df76e4fc6c64b6781ab7acd83519da3,5,Ótimo produto,Recomendo muito este vendedor!,2017-10-29 09:00:13,2017-10-30 09:00:13
5d54d5d4fa8d44b48d8e9515886023c7,3da1d5e8705e4db292f3864e0a396ae4,4,Ótimo produto,Recomendo muito este vendedor!,2017-11-02 01:00:13,2017-11-03 01:00:13
fb8d818ea197408ba4af6e7613c510d4,9408337e2dca41aa929ea5376cb647f0,5,Ótimo produto,Recomendo muito este vendedor!,2017-10-19 12:00:13,2017-10-20 12:00:13
1ccc95d3deae4dc88ebdfff53212188f,2d01c45d04f84dd393a1a12941d30e91,4,Ótimo produto,Recomendo muito este vendedor!,2017-12-02 16:00:13,2017-12-03 16:00:13
cb23f10276f34f809accb29eded5c9e5,8746fcf736854f8e9d46e34d513831dd,5,Ótimo produto,Recomendo muito este vendedor!,2017-11-02 17:00:13,2017-11-03 17:00:13
036f19fe74c946d89cebf558daa14359,8cf4aef15f79478cb21b9b03398aa7a6,5,Ótimo produto,Recomendo muito este vendedor!,2017-12-21 04:00:13,2017-12-22 04:00:13
d9c35c4da86541488263d59731c71c17,8dfa6e16e30a4b039695b21e61229edd,5,Ótimo produto,Recomendo muito este vendedor!,2018-01-03 00:00:13,2018-01-04 00:00:13
57b0c742d886451da107ab7d883773b9,508eead901304e3997525bf024fe5dcf,5,Ótimo produto,Recomendo muito este vendedor!,2017-08-21 08:33:47,2017-08-22 08:33:47
b94685c5d4ad40b5b1c9f6137a746482,4babaa7620af433388cec341c453f2b7,4,Ótimo produto,Recomendo muito este vendedor!,2017-08-10 19:33:47,2017-08-11 19:33:47
bb295feb1cc247fa8474ed58bd8829ac,1dfe223699a5409ea8de63687991c051,5,Ótimo produto,Recomendo muito este vendedor!,2017-07-22 18:51:34,2017-07-23 18:51:34
17a2b2bf042843b38b81d29b1a663bd8,ce3def0d8ef14a50b358535818ed48f7,4,Ótimo produto,Recomendo muito este vendedor!,2017-11-20 23:53:48,2017-11-21 23:53:48
3e1e341a4aba44dbb57d1452d8c7fc57,65ac29733b154687844a6f3a34172a2f,5,Ótimo produto,Recomendo muito este vendedor!,2017-12-28 17:55:33,2017-12-29 17:55:33
ee4a4d84d5014e4e8d675607eccec362,8e774ebef6ba4e7c98c890c6a8c9c3bf,4,Ótimo produto,Recomendo muito este vendedor!,2017-11-11 08:55:33,2017-11-12 08:55:33
8ec0901ee8c34cfa88deced0518710d2,d2d774ec85cc436fbf5e1bdcf5a7025e,5,Ótimo produto,Recomendo muito este vendedor!,2017-12-05 18:55:33,2017-12-06 18:55:33
61392795b09f4682af2688a761f557a3,0f34b27eaf254d76b910a06a2137ada2,5,Ótimo produto,Recomendo muito este vendedor!,2017-11-18 09:55:33,2017-11-19 09:55:33
0ed0d3e904b74ad0bfdc0df11242a5db,9960355057724b5db56f06ea03ed2e2c,4,Ótimo produto,Recomendo muito este vendedor!,2017-11-14 02:55:33,2017-11-15 02:55:33
afa48abca6444b76818113c86257bbf1,422cb55b090c442bb4d8ca18ecea9b55,4,Ótimo produto,Recomendo muito este vendedor!,2017-11-26 18:55:33,2017-11-27 18:55:33
907400974d9c41c1a33fb9d6569e6e8e,522eff14114c49bc934ad59e54dac356,5,Ótimo produto,Recomendo muito este vendedor!,2017-11-24 00:55:33,2017-11-25 00:55:33
54713fb85b2744ae8fd4b4ba2673161d,1e8e689c5ab347cb8524f051696f3c5d,5,Ótimo produto,Recomendo muito este vendedor!,2017-11-15 22:55:33,2017-11-16 22:55:33
1a727ed10ebb43ccb41c256983ec51d8,31efe99185f944d3ad715f02e91876bf,2,Atrasou a entrega,Demorou para responder.,2017-11-17 15:55:33,2017-11-18 15:55:33
c9afd764b9ae4d8a8b2405ce2ef1a4f9,f43e11af96a247da9bee98cd73f08b80,5,Ótimo produto,Recomendo muito este vendedor!,2017-12-02 16:55:33,2017-12-03 16:55:33
3884982cd4fc41cfbc295ae13dcf3838,98b16adc0fcc4b54b38f9484690d0859,5,Ótimo produto,Recomendo muito este vendedor!,2017-11-12 23:55:33,2017-11-13 23:55:33
721290b6a6a04ed1831eca88f1fda8d2,daf02d21a82349b29563a6005e20d7ff,3,Atrasou a entrega,Demorou para responder.,2017-12-05 23:55:33,2017-12-06 23:55:33
e632f692668b47cc86db875de522b4da,61dde3bddac94b27ab9d8adfdf771d4e,5,Ótimo produto,Recomendo muito este vendedor!,2017-12-02 19:55:33,2017-12-03 19:55:33
221b0a4a34834236b46a9b9af116c692,f916b36ed5ae452483201952b344e230,5,Ótimo produto,Recomendo muito este vendedor!,2017-11-24 02:55:33,2017-11-25 02:55:33
1fd9bc5eb78e459da3613ab53052d734,9a980a89033540c797ef47a9adb0f9c2,4,Ótimo produto,Recomendo muito este vendedor!,2017-11-24 08:55:33,2017-11-25 08:55:33
2e4f47eaea6346c5b6b58b891f30444e,da2f2fd78ff8430fa4792245dc75dca0,5,Ótimo produto,Recomendo muito este vendedor!,2017-11-23 14:55:33,2017-11-24 14:55:33
1231c9e738d44b179913e0e548d07e59,2c2e9fbf33b143d1a988d4bb27fedc2e,5,Ótimo produto,Recomendo muito este vendedor!,2017-11-22 18:55:33,2017-11-23 18:55:33
c2ce4e553b434b6c935cb48481660aeb,cf65bf33d05549c3a7d6bc5ad420ba46,2,Atrasou a entrega,Demorou para responder.,2017-11-11 11:55:33,2017-11-12 11:55:33
70cbf8daaeb84432afed34a72c12a17a,cd2041074aa34f4f93754e1e43cad31b,5,Ótimo produto,Recomendo muito este vendedor!,2017-12-06 08:55:33,2017-12-07 08:55:33
4160f2b908e7475398c4ef85ec5dcf4b,e9cc9464ff8249339401513fd4d021c6,5,Ótimo produto,Recomendo muito este vendedor!,2017-12-09 02:55:33,2017-12-10 02:55:33
be3ba620febf4ef2becdac060f085825,a96b7fca4676487386c0dfa64de510f6,5,Ótimo produto,Recomendo muito este vendedor!,2017-11-14 23:55:33,2017-11-15 23:55:33
281ba6b7fcd642aca48b4538e6c0fadd,46b857cc6ae1453fb2111be790dbec70,5,Ótimo produto,Recomendo muito este vendedor!,2017-12-23 10:55:33,2017-12-24 10:55:33
a9d286f83d91468dbff4972e74af9959,8f87245e16ea409a92f7cbb9a3f5d7ec,5,Ótimo produto,Recomendo muito este vendedor!,2017-12-02 17:55:33,2017-12-03 17:55:33
a5998806ca0c49338580e0dd6c61d3e5,051022adc35f4c55a606b0c9f468935d,5,Ótimo produto,Recomendo muito este vendedor!,2017-11-17 17:55:33,2017-11-18 17:55:33
03da53f3b3e748658bd8886258a287c3,59ecb08c3f6a42e99364b1a601d41376,5,Ótimo produto,Recomendo muito este vendedor!,2017-11-17 21:55:33,2017-11-18 21:55:33
f775daa782ef4eb383612b4b90d2a687,3f505fe707974e8aa4c284c269507751,4,Ótimo produto,Recomendo muito este vendedor!,2017-11-13 15:55:33,2017-11-14 15:55:33
c615d43f98664872b9f4c540202d7f87,7ccbf7bd230c43f8ab81a241e6ec6d1f,5,Ótimo produto,Recomendo muito este vendedor!,2017-12-09 09:55:33,2017-12-10 09:55:33
cbe8f85962234c4993d70e825f9ddbf8,6e945ad9c5464d0c83c23b117786a636,5,Ótimo produto,Recomendo muito este vendedor!,2017-11-20 07:55:33,2017-11-21 07:55:33
355c1991bbc3421683933eb7b1e17360,eb95c7870e7a43a1bb299455b6e62906,5,Ótimo produto,Recomendo muito este vendedor!,2017-11-11 23:55:33,2017-11-12 23:55:33
bd4e1dd90ba14e4287dd9d6f06c91269,776f68c5453942c2b9ae9a6ade1fd98a,5,Ótimo produto,Recomendo muito este vendedor!,2017-11-04 21:14:34,2017-11-05 21:14:34
bc12db420a1e42319dff791d3097b139,2f9e12728d824ca9b32360e58c9fe388,1,Atrasou a entrega,Demorou para responder.,2017-11-08 09:14:34,2017-11-09 09:14:34
ffa17f8a08ad42f785a5134ceb637058,c87a79397ccf47c5b5d5f117cc12402e,5,Ótimo produto,Recomendo muito este vendedor!,2017-12-20 10:14:34,2017-12-21 10:14:34
ea3a969b118a413aa04e74ea738a631b,b8d85d0a46264b78ac4b75c7b46a1474,3,Atrasou a entrega,Demorou para responder.,2017-11-25 08:14:34,2017-11-26 08:14:34
781586d410c04570bb4e726b1960b26f,7d8b78b5222045fdb29dc0a38b7e4a1b,4,Ótimo produto,Recomendo muito este vendedor!,2017-11-18 13:14:34,2017-11-19 13:14:34
e139bb990af84f9490c190a9adb810db,3d3723c2ba46435e9fd711a54ebb1efe,5,Ótimo produto,Recomendo muito este vendedor!,2017-11-02 02:14:34,2017-11-03 02:14:34
9979d4505e8a4b2cb2b214df4fc684ae,a043330e365e4705b902717ccfa91482,5,Ótimo produto,Recomendo muito este vendedor!,2017-10-12 14:14:34,2017-10-13 14:14:34
bbe7f74bfdd2423c94c087d8dfe2f8e0,e1bed0fe40504788a833661aa5be3d62,3,Atrasou a entrega,Demorou para responder.,2017-10-13 13:14:34,2017-10-14 13:14:34
dc7cf8b5975d4eafa5fa5aa542680d39,ce11b3b83c8d49a2ab3cc6d4feb3b51f,4,Ótimo produto,Recomendo muito este vendedor!,2017-12-25 08:14:34,2017-12-26 08:14:34
411cc170709546a8963756f4cef177b7,10416e18963c452da74e84b7b3e28482,1,Atrasou a entrega,Demorou para responder.,2017-07-23 09:31:30,2017-07-24 09:31:30
f60d21da15544fe1ba939105e66b942a,0bd12f23b5e8479b9dbc550734d41be2,5,Ótimo produto,Recomendo muito este vendedor!,2017-07-25 09:31:30,2017-07-26 09:31:30
27ea64da26364e4899c7f748a482f053,522c521d2c4d40e5ba9be67945d4e5db,1,Atrasou a entrega,Demorou para responder.,2018-03-10 04:52:02,2018-03-11 04:52:02
ced6674d61e04aa5846023bb62d8992b,55c42eb13faf4ac099e11c617ca40a10,4,Ótimo produto,Recomendo muito este vendedor!,2018-03-12 16:52:02,2018-03-13 16:52:02
ad60d741b4da4e53adcb75300177d5d4,5acded29eebe4c8382c031cf345e61ed,5,Ótimo produto,Recomendo muito este vendedor!,2018-02-26 09:52:02,2018-02-27 09:52:02
e95231e1578b48cd9143238631e8039f,699e80f99ef74d58b4e3364a39b80133,4,Ótimo produto,Recomendo muito este vendedor!,2018-03-25 13:52:02,2018-03-26 13:52:02
449a9403f8af49c89260ebc74081eb19,96715b0a4e104176bba95a424612c0a6,5,Ótimo produto,Recomendo muito este vendedor!,2018-02-22 13:52:02,2018-02-23 13:52:02
9775227590a44e8e8db2c8a0ebe9866d,eeb7cb0573874b7dbc0ffb4c2f59961d,5,Ótimo produto,Recomendo muito este vendedor!,2018-03-11 18:52:02,2018-03-12 18:52:02
e4af9d9a2dc94c91ae0c05bc0156fd3a,b469ea146c14438eb3d29ca0d1717a33,5,Ótimo produto,Recomendo muito este vendedor!,2018-03-01 21:52:02,2018-03-02 21:52:02
23e5a1af9148431e816b4699aa2fabe9,5ce2c2c382584f35bce95473488a8700,5,Ótimo produto,Recomendo muito este vendedor!,2018-03-09 22:52:02,2018-03-10 22:52:02
a755298ba5f14fdfa2f65299f136828b,74d9358a936f4f6bad3194f8e2e7b14e,1,Atrasou a entrega,Demorou para responder.,2018-03-11 10:52:02,2018-03-12 10:52:02
f56852221c994f56a18350deab0cc97a,121c44be39fa4c749750ac611a0f5be5,5,Ótimo produto,Recomendo muito este vendedor!,2018-04-29 21:52:02,2018-04-30 21:52:02
342621bd2e2e40a980707e60280309cd,6fa2fd96ec41428c95a1ee283869e4ef,5,Ótimo produto,Recomendo muito este vendedor!,2018-03-25 15:27:24,2018-03-26 15:27:24
fcd7e84673aa45f2b9074526874d298c,260386444b9a4a5b9b9b060f6a3f2d9f,4,Ótimo produto,Recomendo muito este vendedor!,2018-03-19 19:27:24,2018-03-20 19:27:24
d8ee86a545044520a44206fd27312edf,121f1f00315144a0867865927bed6679,5,Ótimo produto,Recomendo muito este vendedor!,2018-04-28 09:27:24,2018-04-29 09:27:24
bcbb1cc1da5347acae33b0f82972f6f8,730e9e12bd80412ea2a9b735965b249c,5,Ótimo produto,Recomendo muito este vendedor!,2018-04-26 19:27:24,2018-04-27 19:27:24
2025cce5e4f9467cb40ea73d563e544a,3bf6676adc444bb9a92ae09287d76f96,5,Ótimo produto,Recomendo muito este vendedor!,2018-02-28 13:40:35,2018-03-01 13:40:35
a00f76e788294c878524a6f73e184437,665b6e2a33944fada103da7b9e914580,2,Atrasou a entrega,Demorou para responder.,2018-02-10 09:40:35,2018-02-11 09:40:35
2097ce75c0c444c18f408c70f4610248,0d3d7102e5f24589b30d0d0a0be0bf39,5,Ótimo produto,Recomendo muito este vendedor!,2018-03-01 22:40:35,2018-03-02 22:40:35
b35694b3ec1c46c396217c72eef58df6,f642d75bc18b4723a4f11b2fb4c54418,5,Ótimo produto,Recomendo muito este vendedor!,2018-03-13 01:40:35,2018-03-14 01:40:35
6925f05d19904fbf9cd65fdef6e24b64,423652451657401e942156685aff6954,5,Ótimo produto,Recomendo muito este vendedor!,2018-02-17 01:40:35,2018-02-18 01:40:35
2673b9e594314074a2a2a12c98016803,46970fa8af21424ab8a31a75a71a2226,5,Ótimo produto,Recomendo muito este vendedor!,2018-02-13 08:40:35,2018-02-14 08:40:35
88112785d86e420c86c7bb29f4001fad,88d0564b127c4634a82a2430bb2dd84f,4,Ótimo produto,Recomendo muito este vendedor!,2018-02-11 19:40:35,2018-02-12 19:40:35
33a9726418834f7198269bc3d07aac17,6fa3ed2cb23245dea8383d583787da64,5,Ótimo produto,Recomendo muito este vendedor!,2018-03-11 14:40:35,2018-03-12 14:40:35
3fded2903ffe40cfadc319d569eab66c,b181f8e169f84edb90f2fb94c430cb3a,5,Ótimo produto,Recomendo muito este vendedor!,2018-01-21 14:49:51,2018-01-22 14:49:51
73e0335a74964a59bac8a1233e42fa9b,33d63a33c9a84be5bf0d6bbb6152ab2f,5,Ótimo produto,Recomendo muito este vendedor!,2018-01-11 15:49:51,2018-01-12 15:49:51
639dde25c3104c659348f6887e819b66,700465ea009d4b8090b426acb72809e5,5,Ótimo produto,Recomendo muito este vendedor!,2018-02-15 04:49:51,2018-02-16 04:49:51
12bc797a2a9c400d91968964a645f2a9,4535cb0ebdc4449bb6e61c270952bb47,3,Atrasou a entrega,Demorou para responder.,2018-01-12 21:49:51,2018-01-13 21:49:51
84a1dc472c6a452bb285012c5fcc6f07,ef741e74589340a2ba5af5cfe9a1bc8b,5,Ótimo produto,Recomendo muito este vendedor!,2018-02-22 11:58:22,2018-02-23 11:58:22
378da6977c124c69b2755a1a276797ac,3e61d8d8fe23476492524154ede55fac,5,Ótimo produto,Recomendo muito este vendedor!,2018-03-17 02:58:22,2018-03-18 02:58:22
fa481c34adc64a3aac1bfa6ddc68048d,403fe937f9a04c84abca7f4bbee0c023,4,Ótimo produto,Recomendo muito este vendedor!,2018-02-27 19:58:22,2018-02-28 19:58:22
901a068e21554b5ba0e2aa6f4a89d633,f440ff06210a4964bec93beae1cac428,3,Atrasou a entrega,Demorou para responder.,2018-02-25 21:58:22,2018-02-26 21:58:22
a5709df1fb2c46deba163ff247b0ce80,491c1fe07adb4ae88ea168f4c97ceba7,1,Atrasou a entrega,Demorou para responder.,2018-03-18 23:58:22,2018-03-19 23:58:22
a318bd8856134636a87f22644485b57e,3576feb457b642d6ba8a1b989b66b656,2,Atrasou a entrega,Demorou para responder.,2018-03-30 03:58:22,2018-03-31 03:58:22
143d133f5efe470b8105a581761f51cc,8c77e85946044bf98520ab60f6aabab7,4,Ótimo produto,Recomendo muito este vendedor!,2018-02-14 04:39:35,2018-02-15 04:39:35
9da84ea1e73e4226b339ae75ebd042ba,f821c22df017408d9a27d785a5b915fd,5,Ótimo produto,Recomendo muito este vendedor!,2018-01-27 07:39:35,2018-01-28 07:39:35
dfc4938981cd43dc8a552e9f07dc4648,b1eb35c619a64f48960a071a7b23b038,5,Ótimo produto,Recomendo muito este vendedor!,2018-02-05 18:39:35,2018-02-06 18:39:35
67c118872a5d46c5995893520ab7d1df,1394ba9fb9f347e381dd4196868f1688,5,Ótimo produto,Recomendo muito este vendedor!,2018-02-07 02:39:35,2018-02-08 02:39:35
a26bd866c16c4551bd35f155c0264230,d29eb8ec43cc4009824f45ac5601608a,5,Ótimo produto,Recomendo muito este vendedor!,2018-01-23 19:39:35,2018-01-24 19:39:35
e3391f18860b4d5db47167bbe376bf1d,0fbdcd5bd96f4e3dbfd66842950b06f6,4,Ótimo produto,Recomendo muito este vendedor!,2018-03-07 09:39:35,2018-03-08 09:39:35
21b7ee5960314feaa2dfc6b000acd61a,fe5f98a355644486a6b906953a81b9f8,3,Atrasou a entrega,Demorou para responder.,2018-02-08 08:39:35,2018-02-09 08:39:35
8d3e4bf179654ecd962a3226bfed2bb0,3332467f92f640978393dc48c119c99b,5,Ótimo produto,Recomendo muito este vendedor!,2017-09-10 11:25:19,2017-09-11 11:25:19
8eb2b3d36fa84237b9cc4e6aebb6ed40,3fad9f80065c40f995b11ab4efb1f977,5,Ótimo produto,Recomendo muito este vendedor!,2017-07-05 21:25:19,2017-07-06 21:25:19
dc38f1fd71ed4a7dae99409f15cf4dfd,dfe3b36f2d6541d19b53d5bab353b69b,3,Atrasou a entrega,Demorou para responder.,2017-07-04 17:25:19,2017-07-05 17:25:19
e3a8d18e7d8a4af5a36cb7ed5a76c2d0,b7c82e14f65149f9b796152c5503e64d,5,Ótimo produto,Recomendo muito este vendedor!,2017-07-15 20:25:19,2017-07-16 20:25:19
e762fceae21d41a9ad4b02a017f7ab8e,17d4eebde99e482e9ee5ef1ece965cc9,4,Ótimo produto,Recomendo muito este vendedor!,2017-07-16 12:25:19,2017-07-17 12:25:19
a61f189aee3e436d90b7b028f8fbeedc,c99b6d8fb21747bdbe0b8f1736d21c20,5,Ótimo produto,Recomendo muito este vendedor!,2017-07-18 02:25:19,2017-07-19 02:25:19
b5b1f77d524f4a17a1998f82e447fdaa,da4efee6735a43e4ba357e44495005b4,2,Atrasou a entrega,Demorou para responder.,2018-05-20 11:03:29,2018-05-21 11:03:29
dd6a5b2d7ceb40d69d499eee68a9fcd4,b34b3a1f0e5a48928e423f4fc12ced80,4,Ótimo produto,Recomendo muito este vendedor!,2018-06-22 02:03:29,2018-06-23 02:03:29
405ece673089422ba55667fd434a8d26,366b95a424ce4c659de224e1fe664971,4,Ótimo produto,Recomendo muito este vendedor!,2018-05-17 11:03:29,2018-05-18 11:03:29
470a9e3b6d10493a89addb41a91052b7,fcbe8d64484749c8a1b41585aa6602ad,3,Atrasou a entrega,Demorou para responder.,2017-10-04 04:17:53,2017-10-05 04:17:53
42067d39dcff40518448f618c4f4ee1c,71db889cab48460a8284592d43a9604c,5,Ótimo produto,Recomendo muito este vendedor!,2017-11-08 17:17:53,2017-11-09 17:17:53
a47fa91802e940a59de16c1ca2a4514c,6da1fc6e2570423782b805d5c2f4c64b,4,Ótimo produto,Recomendo muito este vendedor!,2017-10-05 04:17:53,2017-10-06 04:17:53
75ec98fd313a4deb809fd09438838150,0337fb98bef04f23a1bebc634e06eeba,5,Ótimo produto,Recomendo muito este vendedor!,2017-10-07 07:17:53,2017-10-08 07:17:53
f7d5e41e33284dc7b13074d999c59ef1,8f6a49faf4654047bfba4d84389d50af,5,Ótimo produto,Recomendo muito este vendedor!,2017-11-05 20:17:53,2017-11-06 20:17:53
b0e0e89f0de04dbc86e192dbe93312a8,8944bc0a37c74e969a93a73e6770ea14,4,Ótimo produto,Recomendo muito este vendedor!,2017-10-19 21:17:53,2017-10-20 21:17:53
1e0f6dee916247848c349fbadadad85d,a5b79665696a4483b56e006f4fd574f7,2,Atrasou a entrega,Demorou para responder.,2017-10-15 11:17:53,2017-10-16 11:17:53
a24a07d2f1134052ba87adf45d5b37ef,98f4f0d4d852421d9bf570d75a4b8b3a,5,Ótimo produto,Recomendo muito este vendedor!,2017-10-12 21:17:53,2017-10-13 21:17:53
ae9d24f6c6014d768f864ab0186ea80b,f43001c1797f47a08351f393aabef348,5,Ótimo produto,Recomendo muito este vendedor!,2017-10-22 08:17:53,2017-10-23 08:17:53
5834fe78d16c4332871310fc0badd2b6,6878560cc3a447e3ba0190b4802976b5,5,Ótimo produto,Recomendo muito este vendedor!,2017-10-08 15:17:53,2017-10-09 15:17:53
6cd60ae858484bf3aa7ea88a4cfd717c,31677d7cdc2a419f9e99fdea5d35969a,5,Ótimo produto,Recomendo muito este vendedor!,2017-10-17 04:57:35,2017-10-18 04:57:35
791d206d8f7041e0928771c81e349aa0,9016165a60fe41eda6bd885be00173ca,4,Ótimo produto,Recomendo muito este vendedor!,2017-10-28 18:57:35,2017-10-29 18:57:35
1855891135544b0b844e5e8048dfedc0,888ac8761cfd4d17becdf7492efae135,5,Ótimo produto,Recomendo muito este vendedor!,2017-10-27 14:57:35,2017-10-28 14:57:35
c92061c20320413ea7e8d3a6ad68dd9a,e0bf99ca0ea34205af961f36461fc3c8,5,Ótimo produto,Recomendo muito este vendedor!,2017-10-15 16:57:35,2017-10-16 16:57:35
d162fc5204b74d66aa7ab6140d5b2b2c,8378be53d3464cbf8848b1b35a6dd347,3,Atrasou a entrega,Demorou para responder.,2018-06-22 13:31:23,2018-06-23 13:31:23
3f3e848c2fda48b4b23e57fa3416da66,b3b338e9ea7b4fb7bdab12581215c7d0,5,Ótimo produto,Recomendo muito este vendedor!,2018-04-19 14:31:23,2018-04-20 14:31:23
c916ca745d4744418a05db5ef1dc40ef,f07e9c5a160a4b16911cd9349a238729,4,Ótimo produto,Recomendo muito este vendedor!,2018-04-23 21:31:23,2018-04-24 21:31:23
014c3261f65f45b0989021f29f734c82,8ba697445daf428dbb27b9c2f6c77a4b,4,Ótimo produto,Recomendo muito este vendedor!,2017-09-17 12:10:22,2017-09-18 12:10:22
2564adb16fc3491eb5800cd656a87986,c5c49d2fd38d4232a2786b81ffee36e4,5,Ótimo produto,Recomendo muito este vendedor!,2017-10-02 17:10:22,2017-10-03 17:10:22
1e9ef08a9f9a465e964b227f23baa832,8ba9e9df6a154748ac652599d33ccd11,4,Ótimo produto,Recomendo muito este vendedor!,2017-08-31 16:10:22,2017-09-01 16:10:22
6e440fb9812c49e5b09e27bec0f272c3,06bb67376d15490f8bec0255713caa68,2,Atrasou a entrega,Demorou para responder.,2017-09-14 14:10:22,2017-09-15 14:10:22
adfb32fabb0c44108d907c1d1ecd8a58,56e5e39afbcb4667ae52d77695e8948b,4,Ótimo produto,Recomendo muito este vendedor!,2017-08-27 18:10:22,2017-08-28 18:10:22
bb7f90159adc45f8bc6b21c03a04b47e,a9fb3dfd189d49ffa43e82a7b80efd71,3,Atrasou a entrega,Demorou para responder.,2017-10-03 07:10:22,2017-10-04 07:10:22
30bdf94f91af4365b7f94b5c0c441ea8,57a87ec09fcb4b2d91868ead22507602,4,Ótimo produto,Recomendo muito este vendedor!,2017-09-10 06:10:22,2017-09-11 06:10:22
86d72967e30f48c89ff59f92fcd8a042,bf9d12209c3548eab59533d7e77d29bc,3,Atrasou a entrega,Demorou para responder.,2017-09-17 18:10:22,2017-09-18 18:10:22
c79925a283f9491cb83de4b52857ef3b,2d45f2127a934c8f8bd26562a089de27,5,Ótimo produto,Recomendo muito este vendedor!,2017-09-18 08:10:22,2017-09-19 08:10:22
5c8ecfab1aaa4d4f8a67ab109707512b,259556660c6a4b12ab3d6c1c12ca58bb,2,Atrasou a entrega,Demorou para responder.,2017-08-29 04:10:22,2017-08-30 04:10:22
f3c14f0e8b584489bfaec7ec8bd96902,4f51e24862ea44f587e7a029d64c0d56,3,Atrasou a entrega,Demorou para responder.,2017-08-30 14:10:22,2017-08-31 14:10:22
76fd2c11b0c44dd399874d0dc8c128f2,d879fba213d748e29ebb3bb9304b426f,4,Ótimo produto,Recomendo muito este vendedor!,2017-09-16 10:10:22,2017-09-17 10:10:22
2563f8baaeb6447badb3f65d0ec51b0f,42f075bb7ca04e869901d9eeaed6acd9,5,Ótimo produto,Recomendo muito este vendedor!,2017-10-06 05:10:22,2017-10-07 05:10:22
6b56f1c26a524994a74ead6e6815c99e,b3d3411266354371a9b5f393662440e6,1,Atrasou a entrega,Demorou para responder.,2017-09-19 22:10:22,2017-09-20 22:10:22
cb1b605383be4a91ad203990aab9ab9b,9f689ac991cd4ec99d00256c3e132b93,4,Ótimo produto,Recomendo muito este vendedor!,2018-04-12 02:02:04,2018-04-13 02:02:04
136926867fc14404b9537087f57c971d,77f43613d1ff49f2baf68a673252c3f8,3,Atrasou a entrega,Demorou para responder.,2018-02-25 05:02:04,2018-02-26 05:02:04
554c33af2905469484af51353328b28c,dc3b6db5f0db4a7c9792428259a91e93,4,Ótimo produto,Recomendo muito este vendedor!,2018-02-28 04:02:04,2018-03-01 04:02:04
89461b98d18f4a35af9edb72852c1147,48c35837fcc045868a0f9e47988fa45f,4,Ótimo produto,Recomendo muito este vendedor!,2018-03-22 18:02:04,2018-03-23 18:02:04
018159bb45864fb3b7cd7fcca663e413,aad4cb2119a341aa9ddc9a239663ca1a,5,Ótimo produto,Recomendo muito este vendedor!,2018-02-25 14:02:04,2018-02-26 14:02:04
8e9d10fb2f3c45f6adb34037e8b9789c,19e820c2c39c4ee68f6c5442384fde47,5,Ótimo produto,Recomendo muito este vendedor!,2018-02-27 18:02:04,2018-02-28 18:02:04
34e7d36a0f254f8c8b7b20cf6cac9165,b2028a4de6d349759adfed9940d3a4f4,3,Atrasou a entrega,Demorou para responder.,2018-03-19 18:02:04,2018-03-20 18:02:04
fb0adff9ec24448f816de86d9dc13d06,cadceb58657e45fb97a506586211072a,5,Ótimo produto,Recomendo muito este vendedor!,2018-02-28 13:02:04,2018-03-01 13:02:04
dec56e9f735d46d6be17109e63701209,ed36b7733e9b422c8a87d311d5a41b1a,4,Ótimo produto,Recomendo muito este vendedor!,2018-03-18 13:02:04,2018-03-19 13:02:04
db1f6f648d014170b395b0657e324431,90093e5ec4de424bb5b43202df733c78,3,Atrasou a entrega,Demorou para responder.,2017-07-10 18:35:03,2017-07-11 18:35:03
7b45e200ee4c4fca9dd542a4f8916bc9,31e81e95ac924689b29d77cf0d08ca3b,5,Ótimo produto,Recomendo muito este vendedor!,2017-07-11 21:35:03,2017-07-12 21:35:03
1a64352e2a8f4bd1abfec8bac3add5ca,202b06575f2642129a6bd4ee54047204,5,Ótimo produto,Recomendo muito este vendedor!,2017-08-21 15:35:03,2017-08-22 15:35:03
1c590a7289ca49a097ebfedc3d149d14,a6c41ce4fd1846d48ec117508fd3f847,5,Ótimo produto,Recomendo muito este vendedor!,2017-07-23 06:35:03,2017-07-24 06:35:03
c6be6643c71c4bd698c57d8616f2c293,e02cb75715204fadbfd5a1e60015e979,1,Atrasou a entrega,Demorou para responder.,2017-07-24 12:35:03,2017-07-25 12:35:03
2ce54911757e4d2db172fc63bcea9144,a284ec46000446c987010c3f800f9c2f,1,Atrasou a entrega,Demorou para responder.,2017-07-26 00:35:03,2017-07-27 00:35:03
d1355ff7629142a7b25713f22905580a,2a62a8e81d634255ae09340539772a0f,5,Ótimo produto,Recomendo muito este vendedor!,2017-08-31 06:35:03,2017-09-01 06:35:03
c5fa8ecca847431382e6b841d707e3dd,2452629040f84133a9b23f251d4de9d2,4,Ótimo produto,Recomendo muito este vendedor!,2017-07-11 15:35:03,2017-07-12 15:35:03
56f4e989018d4ec389a321e99d84c371,c91485626174426890a2274aa8163eaa,4,Ótimo produto,Recomendo muito este vendedor!,2017-11-18 12:40:37,2017-11-19 12:40:37
2a7389f5b6f347dbbfbf73ba8a9f69e3,35d11cdcf09b46b7b8ad75a080314dcc,5,Ótimo produto,Recomendo muito este vendedor!,2017-12-12 07:40:37,2017-12-13 07:40:37
a8e14d9debe847b891896007aa5e570f,95d7f2441c334151b0dfd45080ecd5ad,4,Ótimo produto,Recomendo muito este vendedor!,2017-11-25 03:40:37,2017-11-26 03:40:37
fc84f05329ba4ea5abd0fc11feedeafb,770e8a5944224157bedef966995bee28,5,Ótimo produto,Recomendo muito este vendedor!,2017-11-17 08:40:37,2017-11-18 08:40:37
816600791e3f429c9fa155c2981a6750,46cec0b7b99045b481259e8d33f94245,5,Ótimo produto,Recomendo muito este vendedor!,2017-11-16 16:40:37,2017-11-17 16:40:37
11eaff05be0e4bddb50315059a13eced,1187f4305c664a4da9d58ecc4c5d4e20,4,Ótimo produto,Recomendo muito este vendedor!,2017-10-07 09:29:38,2017-10-08 09:29:38
4b446f9bcc8943eb8bf4e4868fbfb4c5,b88d166bbadc4f61b7ad6b4bc24db8bb,4,Ótimo produto,Recomendo muito este vendedor!,2017-10-05 23:29:38,2017-10-06 23:29:38
ac27e01c1e2349fca899695ce130a27e,ab3dc89e2eda4b86b9d063075b672448,5,Ótimo produto,Recomendo muito este vendedor!,2017-12-03 21:29:38,2017-12-04 21:29:38
4d29d9ecb3934348b808c69b6871c968,df6c8cebcfe44f15a2a7289d0defbda5,3,Atrasou a entrega,Demorou para responder.,2017-10-17 18:29:38,2017-10-18 18:29:38
50f8d12ce77543f3a270ad6f0689d412,009f6e53a9bd41c0995abb93803a8822,4,Ótimo produto,Recomendo muito este vendedor!,2017-10-06 22:29:38,2017-10-07 22:29:38
2ee79cc697464492b12e401fea64fbd9,e03e8b8fcd224d22a88ad527d2b7aef8,5,Ótimo produto,Recomendo muito este vendedor!,2017-10-06 12:29:38,2017-10-07 12:29:38
6b3f73a01ae84b6a980354937c50ba4f,71db084a2e2744d1bfeb6ee799149c40,2,Atrasou a entrega,Demorou para responder.,2017-09-27 13:29:38,2017-09-28 13:29:38
2ac50a2b2dea41d49c83fc0512d0d6dc,dc9e03d52dbc4a2f899fb77f09def786,5,Ótimo produto,Recomendo muito este vendedor!,2017-12-05 11:29:38,2017-12-06 11:29:38
70291ef8323d48318c85441744a0d6a3,ffbbff43fe724ee182e8234353a116ad,5,Ótimo produto,Recomendo muito este vendedor!,2017-10-04 18:29:38,2017-10-05 18:29:38
58c8a1733fd54cd591a78bb3a4ee5a71,d472eb2fad724dd29d5314bdd25185e7,3,Atrasou a entrega,Demorou para responder.,2017-10-20 12:29:38,2017-10-21 12:29:38
25537ab9d38d4211a1497aeb02ed21b0,ff32cd382d2e4635b52bf1871ea54649,3,Atrasou a entrega,Demorou para responder.,2017-09-29 07:29:38,2017-09-30 07:29:38
585c80d004454a0ca02c41ee52ce52b0,804e5618fe61456596bab20091c9b7d1,4,Ótimo produto,Recomendo muito este vendedor!,2017-10-03 20:29:38,2017-10-04 20:29:38
4c2ada2c022a45aaabcdccb22f2de238,0fb997173c8944748908fd2e3a6ae903,4,Ótimo produto,Recomendo muito este vendedor!,2018-03-04 01:53:02,2018-03-05 01:53:02
d1132e2a2b3c4f96a1907213c8bfef6f,e7345a1569a248a6bce6f94dd07be243,5,Ótimo produto,Recomendo muito este vendedor!,2018-01-05 04:53:02,2018-01-06 04:53:02
7a704fd2a74c440693df428c36eda8ee,119da75fd098406e9a0cd979408cdf18,5,Ótimo produto,Recomendo muito este vendedor!,2017-12-09 17:53:02,2017-12-10 17:53:02
191a757d791f4bf3a578448e7ced8ede,d795a0abec314f0c9ab86f64c3773bb1,5,Ótimo produto,Recomendo muito este vendedor!,2017-12-09 17:53:02,2017-12-10 17:53:02
6da2e31f902642dda6e601070d0cf8f1,6ddea173615f42d1b9d44a4840c9489e,5,Ótimo produto,Recomendo muito este vendedor!,2017-11-19 08:13:42,2017-11-20 08:13:42
d43581093fa2483495c3afcfdc950f83,82d634c3ac6f47b99397a8642b818b57,3,Atrasou a entrega,Demorou para responder.,2017-10-24 19:13:42,2017-10-25 19:13:42
70ef0dbda8b8455089baa91c47945602,044383a872a949f68d7d5589857ae1ad,4,Ótimo produto,Recomendo muito este vendedor!,2017-12-06 23:13:42,2017-12-07 23:13:42
6d7f98ea39654626bb8ac098753ded7b,b704eb2454bf48a498f52d98c04a44cf,5,Ótimo produto,Recomendo muito este vendedor!,2017-10-27 01:13:42,2017-10-28 01:13:42
cb1895185baa46518c521722563b2995,a2cb9ed69c9a4ad8b55fcd5257a289b9,1,Atrasou a entrega,Demorou para responder.,2017-11-03 11:13:42,2017-11-04 11:13:42
f950f98d60d4457b8db100a9f17d31b5,5fbd252b307946b3a1af5d9598f6f6ef,5,Ótimo produto,Recomendo muito este vendedor!,2017-12-13 03:13:42,2017-12-14 03:13:42
a01239cd5f6d46cb8d5e50c5fc899ba1,3f3ab97abfe4432882e96a7e9cfec8c7,3,Atrasou a entrega,Demorou para responder.,2017-11-17 05:13:42,2017-11-18 05:13:42
46ef277c89374f33bc365e3d883a1a18,566cd28bccfe444ca3250dd9ea64dbf2,1,Atrasou a entrega,Demorou para responder.,2017-10-16 12:13:42,2017-10-17 12:13:42
3aa98baa04d14cf4a55ef2cbffe6ee9d,a9701ae5213848d5affc89a3317ebc7a,3,Atrasou a entrega,Demorou para responder.,2017-10-14 22:13:42,2017-10-15 22:13:42
390b3a8344614c5e809fbe6d980790b0,56eb48354e184de483bcd681d072f3cc,4,Ótimo produto,Recomendo muito este vendedor!,2017-08-20 10:41:25,2017-08-21 10:41:25
20bf34587d2e456f9387f46d9a952b5e,549fca1ffd1a4c07b564b8b7372089b1,5,Ótimo produto,Recomendo muito este vendedor!,2017-11-16 11:14:02,2017-11-17 11:14:02
76f93ce4feba42d8827efe6a49e5c3b0,678d6a9419454ab69196886dd7205a6a,5,Ótimo produto,Recomendo muito este vendedor!,2017-11-01 08:14:02,2017-11-02 08:14:02
398bb20d4c6a457cb0194c1cbc804ccf,6ae44993cd2a4f06af170a60e3d6bf39,5,Ótimo produto,Recomendo muito este vendedor!,2017-10-11 05:14:02,2017-10-12 05:14:02
3b201969d4df43e59940a9f145a87dff,8040318f222c49c4a98fd7b87bdf3525,5,Ótimo produto,Recomendo muito este vendedor!,2017-10-19 05:14:02,2017-10-20 05:14:02
507d4b22ee834a43b08ab018a1b891b1,4ea8d46c9f3043cabe4ebc522ba6c4ff,5,Ótimo produto,Recomendo muito este vendedor!,2017-10-10 10:14:02,2017-10-11 10:14:02
5900471a078a4c99abac4ef6e83dc5af,820e26df67884348a8d5c8a9c900e220,5,Ótimo produto,Recomendo muito este vendedor!,2017-10-07 06:14:02,2017-10-08 06:14:02
2ef13472784b4d21bbd10755a9f7e83e,e5df867f4e154f71a5e1dd20b3f25bdd,4,Ótimo produto,Recomendo muito este vendedor!,2017-10-22 10:14:02,2017-10-23 10:14:02
bcfde49c48fb412aa2a81ba61604ceca,916ae2fa1af34fc79e0a22a17f849e27,3,Atrasou a entrega,Demorou para responder.,2017-10-11 12:14:02,2017-10-12 12:14:02
f84dacadae4f4f6887d6dd4bdf82e731,de1d764cc24a41f4bebc02d11dc38c1c,5,Ótimo produto,Recomendo muito este vendedor!,2017-11-01 08:14:02,2017-11-02 08:14:02
07070114d7e94664a29482f253006f61,2db5ebf5781c472aa3b9ad160e70d9c9,3,Atrasou a entrega,Demorou para responder.,2017-11-22 10:14:02,2017-11-23 10:14:02
b600e5befaa9486793d5eff750e71cf6,a4ca628774cf4fe5a2370d2775a36cb1,5,Ótimo produto,Recomendo muito este vendedor!,2017-10-20 13:14:02,2017-10-21 13:14:02
88de3e355dab41128ce5bc98b844792d,18e6036e7951421d90803a6ca37b158c,5,Ótimo produto,Recomendo muito este vendedor!,2017-10-16 11:14:02,2017-10-17 11:14:02
e0df57c2410049c786b62be1fb620f64,a7f8a9043d9449b7ae2f452a10429eb1,3,Atrasou a entrega,Demorou para responder.,2017-10-08 11:14:02,2017-10-09 11:14:02
dc4382f60b8c427cb9532b3aed081aa9,07e0ac20b93c4a72ace7effd339e1b26,3,Atrasou a entrega,Demorou para responder.,2017-10-25 13:14:02,2017-10-26 13:14:02
471a2b8e7229404eb8964d7e70ed1612,ad4b20d653f1402dbfdf0bf83c7846a6,5,Ótimo produto,Recomendo muito este vendedor!,2017-10-27 11:14:02,2017-10-28 11:14:02
eaca90f1b29d4e799b91ee66ac660969,a852ebc04cdd4c42af75943363e781e0,4,Ótimo produto,Recomendo muito este vendedor!,2017-10-12 09:14:02,2017-10-13 09:14:02
8d092bfcd5bc4ac6aa52e876ce203a86,df56e9ead85a424782db793048c1590a,4,Ótimo produto,Recomendo muito este vendedor!,2017-10-10 01:14:02,2017-10-11 01:14:02
bb5d7a38314a4d1faa5f7278430101a8,35148d7c8a744a5a9931c4989ddeded2,4,Ótimo produto,Recomendo muito este vendedor!,2018-02-06 23:46:59,2018-02-07 23:46:59
0b3f9bd68d0f4f6082ad75f6fbd8b35d,37c6f2f18aef4ea5ab0c5a4ad2c00b3b,4,Ótimo produto,Recomendo muito este vendedor!,2017-12-31 21:46:59,2018-01-01 21:46:59
41dd51f8864a4cbc8d04e6a85e13f8aa,43910c047c5349cd8ce4a5e461932e5a,5,Ótimo produto,Recomendo muito este vendedor!,2018-01-18 09:46:59,2018-01-19 09:46:59
68148a53f9ce424d810994e5a1a7f817,b35a234311284eaab00680134406fd19,5,Ótimo produto,Recomendo muito este vendedor!,2018-05-02 22:10:09,2018-05-03 22:10:09
0c0d3cd21cd143ecafeaa2e348ff7244,9e2be1d3743b47c3bcad17c2f5b4c0c6,4,Ótimo produto,Recomendo muito este vendedor!,2018-06-23 20:10:09,2018-06-24 20:10:09
60d0587f77bc4431b67867d37ba8d592,65cdf3a5e58a4733bb36b796be6c8e74,5,Ótimo produto,Recomendo muito este vendedor!,2018-04-30 19:10:09,2018-05-01 19:10:09
b1e88886b66c4af98362bc0aff0a039a,57b82750cf7d4b36a422c899dcd4dd0f,4,Ótimo produto,Recomendo muito este vendedor!,2018-05-25 22:10:09,2018-05-26 22:10:09
0b7e443cb9af4190a8855343452b7a02,804cfded75f741abb996e773eb312b3b,5,Ótimo produto,Recomendo muito este vendedor!,2018-05-02 16:10:09,2018-05-03 16:10:09
d487c8031ee64b76845fd29428268e9d,8107dad5e7584443988defa99a91ca80,2,Atrasou a entrega,Demorou para responder.,2018-05-11 13:10:09,2018-05-12 13:10:09
df13153c2f4d4d5db2372dacbf3c004d,4ee0fd1ba005461b83e4d46ff54ab4a3,5,Ótimo produto,Recomendo muito este vendedor!,2018-05-03 11:10:09,2018-05-04 11:10:09
f7721c23b9ae44aab2960696a12fcfc4,366bcdbd706a4d6cbb19d1ab283f1357,5,Ótimo produto,Recomendo muito este vendedor!,2018-05-14 22:10:09,2018-05-15 22:10:09
c9ce22953b3f45dc8f4eb97e3ce49b97,c495d3b5c43c46949e6437acd21ea59a,5,Ótimo produto,Recomendo muito este vendedor!,2018-05-22 08:10:09,2018-05-23 08:10:09
dbda8aef3efb4586ba09408c1754f2ec,7a2c25ccd3684627b92b3c35a9ea792a,1,Atrasou a entrega,Demorou para responder.,2018-06-09 19:10:09,2018-06-10 19:10:09
1b84964534b6471880dd6eb162e7c0b1,a8a4f467f3cc46f19040d207b80f8c8a,5,Ótimo produto,Recomendo muito este vendedor!,2018-05-14 12:10:09,2018-05-15 12:10:09
f684c8a2075245eebad7f8efe2db857a,4d3bee1dd99149d8896dfd512bb2b553,5,Ótimo produto,Recomendo muito este vendedor!,2017-08-14 18:02:03,2017-08-15 18:02:03
d2d404f782d64e8e9172a24e2fd82713,f1aeceac91cf4f1fb32222fee3531dbd,5,Ótimo produto,Recomendo muito este vendedor!,2017-07-08 16:02:03,2017-07-09 16:02:03
17e8947f71094d75a9d29f2449f7bf40,dd25a764d7a04ed2a9978b28a6d4617c,5,Ótimo produto,Recomendo muito este vendedor!,2017-07-16 00:02:03,2017-07-17 00:02:03
e05aa3f717e44652af8ba7f93e9d23f2,0c7a3b3f3105490c9cea56456059d75d,4,Ótimo produto,Recomendo muito este vendedor!,2017-07-28 12:02:03,2017-07-29 12:02:03
8f210374b4c6431ab0a66b7e577c9716,d6076f353f94444c957b4590efdd0d92,5,Ótimo produto,Recomendo muito este vendedor!,2017-07-21 09:02:03,2017-07-22 09:02:03
a62361109ddf4ea18b92888e9d5fbf34,3a8302e254d94101989a8c223ced630c,5,Ótimo produto,Recomendo muito este vendedor!,2017-07-14 07:02:03,2017-07-15 07:02:03
740bb665ed6b4c3ba0104e17a8ca6bc7,4724e68c4e264503b5bb35413f23fc16,5,Ótimo produto,Recomendo muito este vendedor!,2017-08-17 21:02:03,2017-08-18 21:02:03
3479d9552be74174929538378d3f7432,a4e69cf063864d35b1981e1f50ff616c,5,Ótimo produto,Recomendo muito este vendedor!,2018-04-25 02:49:28,2018-04-26 02:49:28
d39d4c4b71fe41a8bda83473b6639d56,d3aa6fa8dfd440febd1526d9ccdeb67e,4,Ótimo produto,Recomendo muito este vendedor!,2018-04-22 11:49:28,2018-04-23 11:49:28
fa0c2a9351ad493ebe5ebb56b7b45742,e766b44688a34862940b496e17af2179,5,Ótimo produto,Recomendo muito este vendedor!,2018-05-26 08:29:46,2018-05-27 08:29:46
a95b110e86f446c8b3eca17c4acb1a73,3a7535e0298d4687b47b5f45934842fd,1,Atrasou a entrega,Demorou para responder.,2018-07-12 03:29:46,2018-07-13 03:29:46
6e809c3b0cfa43ee82513fbd04a8efcd,077d78602e904da188fe1f6b0472914f,5,Ótimo produto,Recomendo muito este vendedor!,2018-06-07 17:29:46,2018-06-08 17:29:46
a616b521613847ecada7255c9edaad62,bd9e9b56950747b091972da3040ebdfe,4,Ótimo produto,Recomendo muito este vendedor!,2017-09-13 19:57:56,2017-09-14 19:57:56
05b88fb2ecf04138943b2a416ea7a832,a909ea0ceb0c468782e152eb6b605260,1,Atrasou a entrega,Demorou para responder.,2017-09-04 02:57:56,2017-09-05 02:57:56
01a6dbad613549618c57f5fdde04c683,08656fd80e694cc4b9b7c93d71d7c1fc,5,Ótimo produto,Recomendo muito este vendedor!,2017-09-01 15:57:56,2017-09-02 15:57:56
ad5b42f545ce4d87b9d8735b84562771,ca8bd4a42110480eb9579968ff6f9e34,4,Ótimo produto,Recomendo muito este vendedor!,2017-09-29 05:57:56,2017-09-30 05:57:56
6c5bf5d067fa4164b85d766bd49bf6bc,633dfb57df154a8db4f486c6bccf73ed,4,Ótimo produto,Recomendo muito este vendedor!,2017-09-18 07:57:56,2017-09-19 07:57:56
440b892c41a1439eb2e1ee79aa9a8c05,e955fe2881b148e4a737166d3f297238,3,Atrasou a entrega,Demorou para responder.,2018-01-28 23:43:15,2018-01-29 23:43:15
e30866e465194fa3a026d60d9da1c318,cd62ef5b58674706a0f7e135af274497,3,Atrasou a entrega,Demorou para responder.,2018-02-01 23:43:15,2018-02-02 23:43:15
7a30745802b0459e8a67969412a48c36,98925eb04fad40db92d4076dd8524ec6,5,Ótimo produto,Recomendo muito este vendedor!,2018-01-28 01:43:15,2018-01-29 01:43:15
4bb74de0c92e43159fa980579fef1a41,7494285f08ff48a2bd87ed59039f9647,5,Ótimo produto,Recomendo muito este vendedor!,2017-11-27 09:25:52,2017-11-28 09:25:52
017b7d080be04d8ca8d46357846256c1,cd8066f8f8e4476d81def3ea85c5382d,5,Ótimo produto,Recomendo muito este vendedor!,2017-08-11 06:25:52,2017-08-12 06:25:52
c8f6678da13b4a3a97d8b821bb845878,0d24dc65eb7f42e2b857d40eddb6c27d,5,Ótimo produto,Recomendo muito este vendedor!,2018-02-02 05:31:43,2018-02-03 05:31:43
a7b9cf97c3d64875913464cbd5c9af4e,30e11df92130499baa8966bd141c657e,5,Ótimo produto,Recomendo muito este vendedor!,2018-06-17 19:21:15,2018-06-18 19:21:15
779660caeabf40818fb37253e4652f7a,d47cb238b2d445e6bf8c9fcd988bf61a,4,Ótimo produto,Recomendo muito este vendedor!,2018-06-06 11:21:15,2018-06-07 11:21:15
3ba34432974546d2bb7ea43370b2c83b,44007e7903f1412aa0cdd91657f653cb,4,Ótimo produto,Recomendo muito este vendedor!,2018-06-10 04:21:15,2018-06-11 04:21:15
e7b93ddf79704ea69638b86ea6fb2556,90f799367cc144b39381a4d2c8f37397,4,Ótimo produto,Recomendo muito este vendedor!,2017-11-05 23:09:24,2017-11-06 23:09:24
bf2762ea18aa489e92cfc2f91f004f5a,60714679939c4eb38085ce38b00fa2b6,5,Ótimo produto,Recomendo muito este vendedor!,2017-10-28 16:09:24,2017-10-29 16:09:24
1d6b15c2b0594052a2a86af975ad90ad,838a1854f811494dbee7534c734e6c49,5,Ótimo produto,Recomendo muito este vendedor!,2017-11-04 04:09:24,2017-11-05 04:09:24
bda6e91039524dd28aee17bacfafeb0a,0e1548e3ee3e45e8b5b53ebae570afc5,4,Ótimo produto,Recomendo muito este vendedor!,2017-10-30 07:09:24,2017-10-31 07:09:24
cf577cb8e920483a804d612808ac1ecb,12af1e1541dd44d1993f0d504aa2a170,5,Ótimo produto,Recomendo muito este vendedor!,2017-12-13 01:09:24,2017-12-14 01:09:24
481444dabba04f989a664b05a2e15496,8bd60c28cfb642299d24705d88d47599,5,Ótimo produto,Recomendo muito este vendedor!,2017-12-13 23:09:24,2017-12-14 23:09:24
cefa3dc2f0b24b72949c748bc0c39074,9d0e3a3070914d33a8f9ca90a5a78189,5,Ótimo produto,Recomendo muito este vendedor!,2017-10-30 21:09:24,2017-10-31 21:09:24
9efb83f676f24134ab955c763f52171b,6003f5ff0b5b47099d25e47397b361ad,1,Atrasou a entrega,Demorou para responder.,2017-11-05 17:09:24,2017-11-06 17:09:24
831fd09eb4394441a24063a93ceb4c2c,4f9154e992b64d9c9b5b1529b7b36d5c,5,Ótimo produto,Recomendo muito este vendedor!,2017-11-28 00:09:24,2017-11-29 00:09:24
dc1a7a85f79c4aac8f6a601db6050e75,ca51c1296fa04bfe99ab5a24f654d566,5,Ótimo produto,Recomendo muito este vendedor!,2017-11-21 20:09:24,2017-11-22 20:09:24
c9d3ab13a6df4bdd98a1b0baed7383ee,57b979b4621a45c7a80749e341aca03f,3,Atrasou a entrega,Demorou para responder.,2017-11-23 08:09:24,2017-11-24 08:09:24
5ee90f1efb834f17be9269edbf53ce3d,5ae7e94d874c40abba232568a60b2883,5,Ótimo produto,Recomendo muito este vendedor!,2017-11-13 04:09:24,2017-11-14 04:09:24
6c9fc831ae0c47dd9e41dcc1aaafb422,dc6df0cef46c40959e3d6f282a7e38af,5,Ótimo produto,Recomendo muito este vendedor!,2017-10-28 18:09:24,2017-10-29 18:09:24
e2b37db9a6ac48d6807ed4f15be3f4db,343dc5126c984b3cbc0b17354803537e,5,Ótimo produto,Recomendo muito este vendedor!,2017-11-07 01:09:24,2017-11-08 01:09:24
c2b0dad091164c9797b7148a861cb422,2894b2f3128748ea831359f95da51af6,5,Ótimo produto,Recomendo muito este vendedor!,2017-10-31 07:09:24,2017-11-01 07:09:24
68253a3891dc4179a027e81b9dce5c88,5271f7d69eb54f6bb205e8bb131f0e9b,5,Ótimo produto,Recomendo muito este vendedor!,2017-11-16 04:09:24,2017-11-17 04:09:24
e4c0ed3c119c46d3a23c84b68444828d,a1798bb2523d40fc9522c78dceaed2cb,5,Ótimo produto,Recomendo muito este vendedor!,2017-10-17 06:15:01,2017-10-18 06:15:01
752155577b2b4cedb3f1c227b73d999a,235389512dfd4c179e4fdef086cb5624,5,Ótimo produto,Recomendo muito este vendedor!,2017-10-24 01:15:01,2017-10-25 01:15:01
ffbfc695528349f8af371427bb6404a1,27865c2990c84b649c30664b45db2fc9,5,Ótimo produto,Recomendo muito este vendedor!,2017-10-31 16:15:01,2017-11-01 16:15:01
c991fe1879c04eac9eb57ec7513af5d3,8c8d7f5e4e474d69bf60564469c2b36e,3,Atrasou a entrega,Demorou para responder.,2017-10-16 22:15:01,2017-10-17 22:15:01
fa06cb9b1ea643599a0829b20fb51525,8af636a756704b5582ef9e91ec1892d8,4,Ótimo produto,Recomendo muito este vendedor!,2017-11-09 16:15:01,2017-11-10 16:15:01
0623e20c280f46b0860aa6725ddf8065,fcd79e93a812449db9368d5df3d02995,5,Ótimo produto,Recomendo muito este vendedor!,2017-10-25 01:15:01,2017-10-26 01:15:01
d883c1d940fb45ca8328fd8b77ee45d2,90920cd0db804f7ea664bcbc482998d9,5,Ótimo produto,Recomendo muito este vendedor!,2017-11-25 00:15:01,2017-11-26 00:15:01
284cadbb97dd454d9f6c005a81d911b7,a20c358e66754ba8a3bd27428ad10f3f,4,Ótimo produto,Recomendo muito este vendedor!,2017-10-20 19:15:01,2017-10-21 19:15:01
d9f464dd4fe540049af856177f90212d,c881e96ff6a5495c82e2843ac29483cd,5,Ótimo produto,Recomendo muito este vendedor!,2017-11-04 00:15:01,2017-11-05 00:15:01
adb919c0155b45d38cbdb266c06d9e0c,cb5db762f89145578613c8cdf34dd63b,3,Atrasou a entrega,Demorou para responder.,2017-10-17 04:15:01,2017-10-18 04:15:01
90e38b67faaa44e08b758fc9e4f44152,05a318970935452ab61893bab4e3926f,5,Ótimo produto,Recomendo muito este vendedor!,2017-10-16 00:15:01,2017-10-17 00:15:01
9b46fec47f7a4de4848e10a750b8d1d0,b8ef740a1d71445e813bbecccee9c997,3,Atrasou a entrega,Demorou para responder.,2017-10-30 18:15:01,2017-10-31 18:15:01
1b4e682f0aed4d169724e453821e723f,2de76443b2c94bc7979bfad2c1ec6b49,5,Ótimo produto,Recomendo muito este vendedor!,2017-10-25 15:15:01,2017-10-26 15:15:01
9cd2d820f38646a8909c2ae68843af3b,eda2276b141d40c8b1eac6b6e5cc3e40,4,Ótimo produto,Recomendo muito este vendedor!,2018-06-29 01:28:10,2018-06-30 01:28:10
faf3f86e8ff04bfa9af481074efaa5d9,8aa655613e6d4fc5ab5780ee069c678f,5,Ótimo produto,Recomendo muito este vendedor!,2018-07-08 19:28:10,2018-07-09 19:28:10
ca7acdad544a41de9e3f31b0f4a4968e,5676e9e8478c4a2ca8ecc551a25a1816,3,Atrasou a entrega,Demorou para responder.,2018-06-30 14:28:10,2018-07-01 14:28:10
c8eca330cda04c7d9c68e9e99dc98149,1619915f19f043f78db78f991c2a3352,5,Ótimo produto,Recomendo muito este vendedor!,2018-07-07 05:28:10,2018-07-08 05:28:10
a9bf14d8274646c4981a08cf62c74968,75c6cc0cb3f541559c9f88c27f6375f7,4,Ótimo produto,Recomendo muito este vendedor!,2018-04-02 13:29:42,2018-04-03 13:29:42
095b12f5d9654d388897be3b528acc92,26a63ec6103f46a189210af957eec006,5,Ótimo produto,Recomendo muito este vendedor!,2017-09-24 23:45:03,2017-09-25 23:45:03
39a8c80c9bc64cdc955a63fe762a7f51,4c43474642bf468cb0288ff54bf0c7df,5,Ótimo produto,Recomendo muito este vendedor!,2017-09-25 04:45:03,2017-09-26 04:45:03
b6d7b7ec82cf49e08f4215c8f7fb1bc1,f7464c300d674f55b6eb75d12dd418d2,5,Ótimo produto,Recomendo muito este vendedor!,2017-09-18 08:45:03,2017-09-19 08:45:03
3877c9ff7d3c409f83734d31edd54da0,50e3a6e5764c41a99d78d95f90afa8eb,5,Ótimo produto,Recomendo muito este vendedor!,2017-09-28 01:45:03,2017-09-29 01:45:03
75efb3e298654e98adb92e49450d464e,236efc1124db461b98a092c4bd9ebfb1,5,Ótimo produto,Recomendo muito este vendedor!,2017-10-26 11:45:03,2017-10-27 11:45:03
a6780838a671479593c46eab07b1e653,c60ded1c5368493c88d24cf9c2bdb837,5,Ótimo produto,Recomendo muito este vendedor!,2017-10-23 23:43:49,2017-10-24 23:43:49
046a9e59112c48938e0661e9d4f98218,d2e03d159c7e4b3b88301f67a0590434,5,Ótimo produto,Recomendo muito este vendedor!,2017-10-09 08:43:49,2017-10-10 08:43:49
99935f67ed474ef3916667f7af0d0aeb,8a359f62d61741a2922e74825f012501,5,Ótimo produto,Recomendo muito este vendedor!,2017-10-08 08:43:49,2017-10-09 08:43:49
fb2b39dff68a4e6284dd1d97edcb4d80,d5f37eaf95274596886a7a3217f5e831,5,Ótimo produto,Recomendo muito este vendedor!,2017-09-24 07:31:52,2017-09-25 07:31:52
e40f8be6ee144c97994cae2d034c76f2,45655a3943f144958788de7f3f3f2cd1,2,Atrasou a entrega,Demorou para responder.,2017-10-26 22:26:17,2017-10-27 22:26:17
4b323931f0824b8a9108c38ab62491ca,e93eb15c66a1429999268944b8a7642f,5,Ótimo produto,Recomendo muito este vendedor!,2018-06-23 06:28:12,2018-06-24 06:28:12
370a1fb07db94d44a95eef09b5a8c9de,f82c35ed3cb64173bfb4a9c4ec96b3f6,3,Atrasou a entrega,Demorou para responder.,2018-06-06 15:28:12,2018-06-07 15:28:12
a4533921e5ae4353ab15d5729dffec47,e649b96d509b471ab1484bcc3fe19620,5,Ótimo produto,Recomendo muito este vendedor!,2018-07-14 17:28:12,2018-07-15 17:28:12
c1dcc91a230547f5b4a47d179bf6ef23,aeba4f4ca2534e40a38edec36c03f798,4,Ótimo produto,Recomendo muito este vendedor!,2018-06-15 00:28:12,2018-06-16 00:28:12
02deee23a61e41f5968bb117e26bdeeb,1bdf2f870b084357a7901628ffa37b29,5,Ótimo produto,Recomendo muito este vendedor!,2017-10-20 18:32:32,2017-10-21 18:32:32
f8cb60226f704a7690c4b9c287e1020e,fd021cd8c22c4d3a83a4da2cf690e151,5,Ótimo produto,Recomendo muito este vendedor!,2017-08-29 23:08:12,2017-08-30 23:08:12
3450a7d5a2bb405b99944dcc19d86f02,21deec4aabaf437facc4be3b423b4dcd,5,Ótimo produto,Recomendo muito este vendedor!,2017-08-14 02:08:12,2017-08-15 02:08:12
5826fc5d055347e0b7282c2f3c168292,1411d798d3d945d5b83d7bbe82a12947,5,Ótimo produto,Recomendo muito este vendedor!,2018-02-27 05:05:55,2018-02-28 05:05:55
f30145f22b094087aa42332f1193a94e,47ffc1a36f18446fad6e73550dc0b45a,5,Ótimo produto,Recomendo muito este vendedor!,2018-02-11 17:05:55,2018-02-12 17:05:55
26a8f8cc5d9846b79b1f8cb5d1bc7a4e,ebe3bab45e2749b18697958caa7a31c9,3,Atrasou a entrega,Demorou para responder.,2018-02-19 21:05:55,2018-02-20 21:05:55
0e53384fe1634d8da3de5352a685cf0b,917326333ddb49b9af2e1aec4a5f6112,5,Ótimo produto,Recomendo muito este vendedor!,2018-02-19 06:05:55,2018-02-20 06:05:55
15ef15a5730f431e986138bf21014c8f,8c057ab0db474bedaf10b7fb4b07c9bf,5,Ótimo produto,Recomendo muito este vendedor!,2018-03-03 06:05:55,2018-03-04 06:05:55
d2bb97ca7d4a4644ab2af09404b17218,2cd53a3a539842f19e917fc2aa72c6da,5,Ótimo produto,Recomendo muito este vendedor!,2018-03-06 00:03:28,2018-03-07 00:03:28
d078cc2734c54a8bab0df7d193943eee,c46eb93f96b54cbe875253714150a858,5,Ótimo produto,Recomendo muito este vendedor!,2018-03-20 02:03:28,2018-03-21 02:03:28
7163aa061b134113a80e24634e9dce6d,37bc54caf0ca4b03a2f6ab21c1483374,5,Ótimo produto,Recomendo muito este vendedor!,2018-02-15 21:03:28,2018-02-16 21:03:28
1907623151cb4e1f8300df876435a33d,74f1581126604890b082f501e0759300,4,Ótimo produto,Recomendo muito este vendedor!,2018-03-04 02:03:28,2018-03-05 02:03:28
741f0b3bf8304489aff325b525035ad4,83892ff2a9884cad8557e0631ebccd61,5,Ótimo produto,Recomendo muito este vendedor!,2018-02-26 11:03:28,2018-02-27 11:03:28
9b1a7ad8db784465b731c15e687ab3cf,32e22f8f0f884b26bc0a3f9c59c432cb,4,Ótimo produto,Recomendo muito este vendedor!,2018-02-14 21:03:28,2018-02-15 21:03:28
9b689586b0a44ab6810fde95263b246b,0c92a8d670764ff1b926340c6fc3195b,5,Ótimo produto,Recomendo muito este vendedor!,2018-02-24 15:03:28,2018-02-25 15:03:28
0a81a4ad380d479a98f74380de16f8a4,0025bc7f4263494e8149452371d41769,5,Ótimo produto,Recomendo muito este vendedor!,2018-02-15 11:03:28,2018-02-16 11:03:28
1e98b1df8efc4c639c9baf6ae7a2e14f,6d50458b18cc40c9ae6aa80af5495224,4,Ótimo produto,Recomendo muito este vendedor!,2018-02-15 05:03:28,2018-02-16 05:03:28
f12e690c9c134954a54a5a28c6f0d58a,e08ee83f82ba47d1abef7b70603ef2da,4,Ótimo produto,Recomendo muito este vendedor!,2018-02-24 00:03:28,2018-02-25 00:03:28
31dba23c8df6445eae37ef8caad8581e,71d0a58768a34e9ab230011fa90ae17d,5,Ótimo produto,Recomendo muito este vendedor!,2018-02-16 00:03:28,2018-02-17 00:03:28
9e277534cf5248408c7db5a1f2a01350,feb99af3ea9744a4ac9060a7deaffaf0,2,Atrasou a entrega,Demorou para responder.,2018-02-27 12:03:28,2018-02-28 12:03:28
e60c11ae48d24c0793000e5dd1361c87,beba89cb82ff4d27a65c3020f119e19d,5,Ótimo produto,Recomendo muito este vendedor!,2018-02-25 15:03:28,2018-02-26 15:03:28
5cdea7ea08dc4ab0b8bb5127c69bdb94,97bf333d75bb41e4876c61a757257f6d,5,Ótimo produto,Recomendo muito este vendedor!,2018-02-14 20:03:28,2018-02-15 20:03:28
25ff40ece02442009ee1d80a24413f4f,c7f28a3567be4e74baf54d3227c5804a,5,Ótimo produto,Recomendo muito este vendedor!,2017-11-21 10:52:49,2017-11-22 10:52:49
695fddbeaf4345b187a88cd7bc065cc9,22dddfa34b2b46ab9dd17328df7a833b,3,Atrasou a entrega,Demorou para responder.,2018-03-09 17:55:21,2018-03-10 17:55:21
91688600e97e412f96f022b4f153a190,6927f25cffc64ab08db73668134a07ea,4,Ótimo produto,Recomendo muito este vendedor!,2018-04-27 20:55:21,2018-04-28 20:55:21
f2c7ba63c8c24b87a1f9e508f4b5a89d,4b54d5a5476c4b54a6d1f244c5f2c1bb,5,Ótimo produto,Recomendo muito este vendedor!,2017-07-19 06:52:37,2017-07-20 06:52:37
2c9d67ed4ff2485099dc77782729ac78,8bb15b4668a74171ad5ec7033037efed,2,Atrasou a entrega,Demorou para responder.,2017-08-13 07:52:37,2017-08-14 07:52:37
c63901e6397745778a5f90d372efc241,482026ac90cf42b7a54e7717625b9468,5,Ótimo produto,Recomendo muito este vendedor!,2017-08-28 11:52:37,2017-08-29 11:52:37
4c9b2f8a462d42528935ce3987ee058a,834a92643d9d4ba29a13b4dab2f3b04b,5,Ótimo produto,Recomendo muito este vendedor!,2017-07-23 07:52:37,2017-07-24 07:52:37
fbf6104d6fb24c72be48227fb0e869e4,9724db9cfff74661a3c00040abff0271,4,Ótimo produto,Recomendo muito este vendedor!,2017-08-02 14:52:37,2017-08-03 14:52:37
8bab1465af754381bfab60886726b73e,a9587b14520546f9bb2e3add9acb3dd4,3,Atrasou a entrega,Demorou para responder.,2017-09-26 02:52:37,2017-09-27 02:52:37
eaeeabcba1e44a269d64b2ec3ae24abf,370d9605ea23461097fc0ea55b3e49b2,4,Ótimo produto,Recomendo muito este vendedor!,2017-07-29 05:52:37,2017-07-30 05:52:37
eaca2cba02d341a2b61dcb5662e743c9,9d91e2d3fc3a482e9fa86ddfb05f2a18,5,Ótimo produto,Recomendo muito este vendedor!,2017-07-20 12:52:37,2017-07-21 12:52:37
700e36d12f0448229620da8f0e6ffb06,6a6ec172df3847e281fb1a8e63f54f92,5,Ótimo produto,Recomendo muito este vendedor!,2017-07-15 11:52:37,2017-07-16 11:52:37
1fceaf93505d462692824c650fc44e8a,87999ddd4bf04dbdb3f73eff48497fdd,5,Ótimo produto,Recomendo muito este vendedor!,2017-09-01 11:12:29,2017-09-02 11:12:29
0f615bdea5e3472d8935ac4613d1cb07,f08acc5cc3cf4a51b32aa944363f8e03,4,Ótimo produto,Recomendo muito este vendedor!,2017-12-05 17:41:46,2017-12-06 17:41:46
e7fde5d3298847488dfb539fc7d92f24,d8af5985bf084371b58b44aee006855b,5,Ótimo produto,Recomendo muito este vendedor!,2017-08-30 17:06:14,2017-08-31 17:06:14
837fc1bbecd9450e84763136a7216077,37ee6bbaee3d4c45b52c4e488a57d8d0,5,Ótimo produto,Recomendo muito este vendedor!,2017-08-29 22:06:14,2017-08-30 22:06:14
424b6fe49879488a99dde24bb06d8c3c,2ead73716c0e4e649ebcdd7f8a6e9d3c,4,Ótimo produto,Recomendo muito este vendedor!,2017-12-18 04:06:14,2017-12-19 04:06:14
9fb70e6ff56e4467a2eea7ba96120a3b,781e497370f04175be6b2a1209f9d9dc,5,Ótimo produto,Recomendo muito este vendedor!,2017-09-09 04:06:14,2017-09-10 04:06:14
b408dfd8a3094777b53ef5c3b32a4712,08611f6e24fa4db293899acc16afaacc,5,Ótimo produto,Recomendo muito este vendedor!,2017-11-17 22:58:01,2017-11-18 22:58:01
a41c631e4248449388b6174abd5ba1f7,2fec383a499f4480b66f8d33ea8b8cf8,5,Ótimo produto,Recomendo muito este vendedor!,2017-11-08 16:58:01,2017-11-09 16:58:01
b865de16623f4e679f2cc6f3095baf3a,131313be00c246e59031564d88e45874,5,Ótimo produto,Recomendo muito este vendedor!,2018-02-23 15:33:53,2018-02-24 15:33:53
b03d5d15a5b44ab7b1a1025020082422,af539647007a402f9166b83861822305,5,Ótimo produto,Recomendo muito este vendedor!,2018-03-05 12:33:53,2018-03-06 12:33:53
a7cc73dca83b4d38808509a79a1e6ff8,64e929d75f344e3eaac89e130a1a324b,5,Ótimo produto,Recomendo muito este vendedor!,2018-03-07 02:33:53,2018-03-08 02:33:53
7e2c116454ed4cbda24f814dc7737825,46d68ec6d22a43de8a73774250c3ef96,5,Ótimo produto,Recomendo muito este vendedor!,2018-05-11 14:33:53,2018-05-12 14:33:53
e095b2a29b524556879844dde6751093,cb6bdc5861a044b892d24c179ff0ed8c,3,Atrasou a entrega,Demorou para responder.,2018-02-23 20:33:53,2018-02-24 20:33:53
29ebabdba7b140f1aa46214c85271939,d9affadf0dc2445981cab776c642608e,4,Ótimo produto,Recomendo muito este vendedor!,2018-02-28 21:33:53,2018-03-01 21:33:53
c37b027519fc4f17a5ecec68b9754b1e,d824c646e5cc46fc9ef5d810a79dd5a9,1,Atrasou a entrega,Demorou para responder.,2018-07-23 00:04:40,2018-07-24 00:04:40
022701ef020144ea98c1320c30ed2d56,b8b5cb3aa37f49d9a80b0983b052153d,5,Ótimo produto,Recomendo muito este vendedor!,2018-07-12 00:04:40,2018-07-13 00:04:40
d1546841d9d24386af16ecd1d3579490,934f152e0547428a8c1e50dc1e336c36,5,Ótimo produto,Recomendo muito este vendedor!,2018-07-29 15:04:40,2018-07-30 15:04:40
d5aed65ef6ba433fa498d70051536af9,690094015a334408b7c73dc0b0480c8a,4,Ótimo produto,Recomendo muito este vendedor!,2018-07-07 00:04:40,2018-07-08 00:04:40
3ef134db43c04ccdb2be5fdfdd8b196d,e6ad2de72a784687982dcc8e8a60210f,5,Ótimo produto,Recomendo muito este vendedor!,2018-06-17 19:04:40,2018-06-18 19:04:40
32ce2be94c6a4023a3593769e2216a56,e298eaf703a04bf4b3b6f454afe55487,5,Ótimo produto,Recomendo muito este vendedor!,2018-06-28 02:04:40,2018-06-29 02:04:40
95bae478870e4548ae44abcf15bca695,d5a74f7c671f4412a36bfa2d72982d39,3,Atrasou a entrega,Demorou para responder.,2018-06-23 19:04:40,2018-06-24 19:04:40
7a00095b945f43c3a607477a8c254be8,859557e93d1548dfb5dfc6e3cecc5b57,5,Ótimo produto,Recomendo muito este vendedor!,2018-06-18 02:04:40,2018-06-19 02:04:40
908859f223dc42ec8acadd5067df4b1b,702840bffd8b4c22b35265deacb29029,5,Ótimo produto,Recomendo muito este vendedor!,2018-07-02 07:04:40,2018-07-03 07:04:40
b097ba7e49334d338873a75ef62a17dd,78ca6fcee0cc4f0db19ac4a23ce7e682,4,Ótimo produto,Recomendo muito este vendedor!,2018-07-11 20:04:40,2018-07-12 20:04:40
3f35d39f1d844da7a957ef6b9f56a51a,e8929cc40d1a4a9f9548921a9c914824,3,Atrasou a entrega,Demorou para responder.,2018-06-23 22:04:40,2018-06-24 22:04:40
34baed4151f441fb9422a3b9831b30d1,74aa2bca87cb4b1fba3972ff6052ca21,2,Atrasou a entrega,Demorou para responder.,2018-06-25 05:04:40,2018-06-26 05:04:40
9ea5323856d64d6fa71cc336fca7688f,0bb061b16b1c4eabaf7ba48850ba60e5,5,Ótimo produto,Recomendo muito este vendedor!,2017-09-21 04:41:06,2017-09-22 04:41:06
e7be1de57c5847e686bbca2355424061,128c87e978d147d291f8bc4258c0c121,5,Ótimo produto,Recomendo muito este vendedor!,2018-03-17 08:25:10,2018-03-18 08:25:10
519d71fb68fb4816b3898c13f4d3e910,b82721ec441044538f993e65b9c67214,5,Ótimo produto,Recomendo muito este vendedor!,2018-04-03 18:25:10,2018-04-04 18:25:10
afc9058bd97d4fb7b041c01b7520c32b,0d4fc94e195943bd9d3975dc54ae1fa9,5,Ótimo produto,Recomendo muito este vendedor!,2017-12-22 14:56:24,2017-12-23 14:56:24
33933126edb7485cb4fe6cbdb323cee2,33ea34235a3240f38fb10135b3f09d46,5,Ótimo produto,Recomendo muito este vendedor!,2017-11-21 15:56:24,2017-11-22 15:56:24
8a84fcb96ad244cc8288959407f44c2b,9fae6ddd6f944c7fa31d41292538e09c,3,Atrasou a entrega,Demorou para responder.,2017-12-02 06:56:24,2017-12-03 06:56:24
a0cb23613a8a484fb207316ddb5d8c5f,b140a0bc3f2241dfad1f735d40d98afe,5,Ótimo produto,Recomendo muito este vendedor!,2017-12-03 04:56:24,2017-12-04 04:56:24
e40e2301f87f4c1ba38338029f0a7616,ba26af23810c4d7697ba865da5809b50,5,Ótimo produto,Recomendo muito este vendedor!,2017-11-20 02:56:24,2017-11-21 02:56:24
d448396dbdba4393bfc78aae9bd6bd7a,4b19ea4672824a6d94bd1590275fb26e,1,Atrasou a entrega,Demorou para responder.,2017-11-24 16:56:24,2017-11-25 16:56:24
28a4118c25854133b8489192073a3c7b,da7a787a18554d59942be0446533ce68,5,Ótimo produto,Recomendo muito este vendedor!,2018-01-20 02:56:24,2018-01-21 02:56:24
21092afb0f2f449db9e5ad0ab042dd33,598a97931e474af4970a5bdbc34ad338,4,Ótimo produto,Recomendo muito este vendedor!,2017-12-14 04:56:24,2017-12-15 04:56:24
fe4d329153da4466b5166e184bdbc15f,c532af0323f246dba340411730622bf4,5,Ótimo produto,Recomendo muito este vendedor!,2018-01-23 15:56:24,2018-01-24 15:56:24
46a1340de04448949654d5df4f7ed56b,41367faf290f4c6dac10856d27e1164c,5,Ótimo produto,Recomendo muito este vendedor!,2017-11-30 05:56:24,2017-12-01 05:56:24
b7b7f789b44f4a3eb63b8c28c061b0fe,ee8714613e124636b31a90c5afc94e9a,5,Ótimo produto,Recomendo muito este vendedor!,2017-07-22 11:46:43,2017-07-23 11:46:43
66e2dabe54b84d1f809d5c313c00625e,cafaf28d474d4d82aa5afef68892633d,3,Atrasou a entrega,Demorou para responder.,2017-11-23 00:19:20,2017-11-24 00:19:20
a502f83e2ea84499a7f3f4e9d28f49b1,076d601d95b14788bcfcca9337ccd922,4,Ótimo produto,Recomendo muito este vendedor!,2017-10-01 22:19:20,2017-10-02 22:19:20
a50bd5145d2a44cfb198356b5ecc6c71,207af1d6b05f49ae8056e740cf96c9da,4,Ótimo produto,Recomendo muito este vendedor!,2017-10-01 07:19:20,2017-10-02 07:19:20
6f5a6a500ad147148122e38ae5fecbd0,5b91f1eaf5b9411fb82be92dfaa0c070,3,Atrasou a entrega,Demorou para responder.,2017-10-03 10:19:20,2017-10-04 10:19:20
0bb506152a9b46d18029049cef314049,0b1ce158184149269d99c2364f7106f3,5,Ótimo produto,Recomendo muito este vendedor!,2017-11-17 10:19:20,2017-11-18 10:19:20
2dab93837dd440bfb4dbb34bd69483ff,60811b44ac464ff6aed5e461a931b7d6,4,Ótimo produto,Recomendo muito este vendedor!,2017-10-04 09:19:20,2017-10-05 09:19:20
785fa6949f4641ca8ec8df3b2f53dcd1,d6418bd1dd234533b01d0eff1d1f342b,3,Atrasou a entrega,Demorou para responder.,2017-10-01 07:19:20,2017-10-02 07:19:20
3d9b321da17048f987233e21289a07ef,c35927af17344580be05a570d2fdd9be,1,Atrasou a entrega,Demorou para responder.,2018-05-31 03:17:50,2018-06-01 03:17:50
382eaf0f960a496fb9cc8695f78b6ae9,b42f8e3f97504d509d84be5d26df73dd,5,Ótimo produto,Recomendo muito este vendedor!,2017-09-22 07:20:53,2017-09-23 07:20:53
991844b53b044319b19e1124b27cc89f,1eb370fb2f0143e88f2c1947dc7484e8,5,Ótimo produto,Recomendo muito este vendedor!,2017-09-27 22:20:53,2017-09-28 22:20:53
3a0f938dcf8846bc80c8900379cb46cd,39d52ebc69d644f99f7b0e626f1a8792,3,Atrasou a entrega,Demorou para responder.,2018-02-24 23:30:48,2018-02-25 23:30:48
05d1721e0d0a4841a54b6820dd9609a4,05d532ab6a9d460db8e8cfe1d3bb4742,4,Ótimo produto,Recomendo muito este vendedor!,2017-08-21 20:51:55,2017-08-22 20:51:55
99011b935eac473c8d1f15c31c89da86,7811f7799a5646e28d167dc15e6f6edd,5,Ótimo produto,Recomendo muito este vendedor!,2017-07-29 13:51:55,2017-07-30 13:51:55
7dac0d831f3b4035998526d05c73077a,90021dae87fe4aa68b54edf3ca9d20f1,5,Ótimo produto,Recomendo muito este vendedor!,2017-10-18 06:24:47,2017-10-19 06:24:47
337d86c7826a430bad1ac343f2b1b0d2,bb89415061684fedbf5aa66c25a4a46a,5,Ótimo produto,Recomendo muito este vendedor!,2018-06-14 18:16:47,2018-06-15 18:16:47
58fda93560df49a5895cf23bf034aafa,7c5c3fef68fc4f6792d3375121e67fe2,5,Ótimo produto,Recomendo muito este vendedor!,2018-06-15 07:16:47,2018-06-16 07:16:47
cc854b3c8a534cbfb98640b90a9c9f85,8b68266dd95b4f3cb129c7847655a745,4,Ótimo produto,Recomendo muito este vendedor!,2018-05-26 07:16:47,2018-05-27 07:16:47
f83677afdb254e99b5b93f6989bed37c,be2b9e97953146af8e3a57056861830f,4,Ótimo produto,Recomendo muito este vendedor!,2018-06-21 21:16:47,2018-06-22 21:16:47
c9311b3284454589a58460652cf1a11f,21a3cabdc27e46bb9d4c9f6ee6418cb7,3,Atrasou a entrega,Demorou para responder.,2018-05-29 22:16:47,2018-05-30 22:16:47
fb1917e394bc460686a7ebc2c88bd990,b894dda0ba3d48c3857a90a1cea3fa6c,5,Ótimo produto,Recomendo muito este vendedor!,2018-06-08 10:16:47,2018-06-09 10:16:47
cec892df47fb4c878f8109281db50b3c,87407100fd7e4e20adcc86baada44d4e,5,Ótimo produto,Recomendo muito este vendedor!,2018-06-06 09:16:47,2018-06-07 09:16:47
0aa04828091d4e5db15a396141629092,5fdc2ea0616440669c77f07a94a0616c,4,Ótimo produto,Recomendo muito este vendedor!,2017-12-28 22:47:06,2017-12-29 22:47:06
4cd2bee77124450e927ebcf2007f45c8,7c4c35c5fb664715a79353892135aff1,3,Atrasou a entrega,Demorou para responder.,2018-01-20 13:47:06,2018-01-21 13:47:06
aacd482bd574427faa7a24cdc062e564,c89039a08cfd468881c64e9b7fcc3c0a,2,Atrasou a entrega,Demorou para responder.,2018-01-11 20:47:06,2018-01-12 20:47:06
134c6d17cd3d4482ab123ca43ab55e07,787463f298e24470a44746fe3e872810,5,Ótimo produto,Recomendo muito este vendedor!,2018-02-18 22:47:06,2018-02-19 22:47:06
e7ab116a2f5348b78d0965c2e09eb4e3,75177e07620f4e3fafc6a5af3140fe91,5,Ótimo produto,Recomendo muito este vendedor!,2018-02-09 19:47:06,2018-02-10 19:47:06
6825683b3379434ea4025cb34f1973fe,0cc0f3aa1e914cba9e003824d1d34efd,4,Ótimo produto,Recomendo muito este vendedor!,2018-01-09 19:47:06,2018-01-10 19:47:06
4b546582d3e645e2afef0e397dcd57a9,1c516b489388420e846c3989bc33b168,5,Ótimo produto,Recomendo muito este vendedor!,2018-01-17 16:47:06,2018-01-18 16:47:06
420f60eb45804ea3bd914743534d8cd1,5f7c0e00a5f04f09bdea717f91a4b96f,1,Atrasou a entrega,Demorou para responder.,2018-01-01 12:47:06,2018-01-02 12:47:06
4416dd0c7a244567b0a1da977ac72051,c126215d038f4d7c8f4bf48082e56dca,5,Ótimo produto,Recomendo muito este vendedor!,2017-12-27 13:47:06,2017-12-28 13:47:06
6fd0012f642a46a6951e3c7862087880,0f5828f520e74004ba26e6128342e1b8,5,Ótimo produto,Recomendo muito este vendedor!,2018-01-05 07:47:06,2018-01-06 07:47:06
ddb7e7f5950e46cfad0d00f816c3519c,01ac67bd15764048839d8ebbcd67f96b,5,Ótimo produto,Recomendo muito este vendedor!,2018-02-13 17:47:06,2018-02-14 17:47:06
22f888528a064e4886655e6b89e37745,290c2444eea34876a4713e0c55e18ed0,5,Ótimo produto,Recomendo muito este vendedor!,2018-06-17 09:29:38,2018-06-18 09:29:38
d366f463580743e29a09ab0a6c50ad5e,f2a758056a4b4aa58a4c04b2e833e0d9,5,Ótimo produto,Recomendo muito este vendedor!,2018-06-14 04:29:38,2018-06-15 04:29:38
02106bd0354748428fa15387af595cb0,f09811766b4249d8a15d579651a23d89,5,Ótimo produto,Recomendo muito este vendedor!,2018-07-04 03:29:38,2018-07-05 03:29:38
3b8d2f4de635421e90405c1c494fb41b,93eb74d8f333483dae453409ad73a67a,5,Ótimo produto,Recomendo muito este vendedor!,2018-06-15 15:29:38,2018-06-16 15:29:38
d8ed99c3943144728c799e63f648b4a4,1f88b4081b0a41bd9b4542832a8cf4db,4,Ótimo produto,Recomendo muito este vendedor!,2018-07-06 01:29:38,2018-07-07 01:29:38
d7f3ea649edf43da905b724884ca59fa,e8a3db10c924439ab7936b2608ad23f7,3,Atrasou a entrega,Demorou para responder.,2017-11-29 23:45:17,2017-11-30 23:45:17
bd5a382c72ba4b62aaf32415b0102f9d,2218205aa53b4bbabd80e7ddd6e76455,5,Ótimo produto,Recomendo muito este vendedor!,2017-11-27 18:45:17,2017-11-28 18:45:17
2e0c595441f24b8eba7831fa2455b1c0,cda1e99be7104a2d8ba9321206e99249,5,Ótimo produto,Recomendo muito este vendedor!,2017-12-01 00:45:17,2017-12-02 00:45:17
839b090a7865463bb4f68babc0517e3d,fe656ed54f6545b8ae4bc769f14342bf,4,Ótimo produto,Recomendo muito este vendedor!,2017-11-22 17:45:17,2017-11-23 17:45:17
ea9684c4cf1e4bd18dbe61e71d7312a4,8247e5dd7e8b4cd792b70452e071eafb,3,Atrasou a entrega,Demorou para responder.,2017-11-27 16:45:17,2017-11-28 16:45:17
1a5fd68c62044d3897ecf8989f1ee9c9,622d2099534d479d9d1dabc391d687b2,4,Ótimo produto,Recomendo muito este vendedor!,2017-12-10 19:45:17,2017-12-11 19:45:17
031291e9928e4cc59e3825932748b2d4,1669ab1a3e07453eb3098e8a94df2692,5,Ótimo produto,Recomendo muito este vendedor!,2017-11-30 07:45:17,2017-12-01 07:45:17
e54ddc74ca944920b5c0187c8b363af5,1f3925834ad64fffbd8f9d20d9e04f76,5,Ótimo produto,Recomendo muito este vendedor!,2017-12-01 17:45:17,2017-12-02 17:45:17
386f06db82644806a2c9f7b2446283a7,733406c1f11d48f882c0a459a46ac15f,5,Ótimo produto,Recomendo muito este vendedor!,2017-11-20 00:45:17,2017-11-21 00:45:17
e15300ebe7bf47e18ccc1707a32932a5,06ac24600f5645e9a2853d0256b936de,5,Ótimo produto,Recomendo muito este vendedor!,2017-12-20 01:45:17,2017-12-21 01:45:17
4b56cfc211e24f3e9e52fdf81dd15f27,ba039e96225a4e298bd80276db0d49ec,4,Ótimo produto,Recomendo muito este vendedor!,2017-11-19 23:45:17,2017-11-20 23:45:17
fd95293f889345f082b354997718abf5,f7968e7a14b84cffb953d5a8daa53b58,3,Atrasou a entrega,Demorou para responder.,2017-11-20 16:45:17,2017-11-21 16:45:17
66b914eb4ea94045b8b37854b91cf1a8,c87a533fe06b445f983edc50f0ea6768,5,Ótimo produto,Recomendo muito este vendedor!,2017-12-09 22:45:17,2017-12-10 22:45:17
f32ce055e7004cd9b31228abccec3b17,4915c051d497426fb26a4191a60b541f,5,Ótimo produto,Recomendo muito este vendedor!,2017-12-14 03:45:17,2017-12-15 03:45:17
7567c5ed18d645c8843d6f7bb32ac3c1,fef55a9684bd4af699b027d932ae2c17,4,Ótimo produto,Recomendo muito este vendedor!,2018-03-16 00:05:27,2018-03-17 00:05:27
af13e11966f1412b8cbd6a104daf2042,e530cbe8944f4339829276d9c410d6db,4,Ótimo produto,Recomendo muito este vendedor!,2018-01-24 07:05:27,2018-01-25 07:05:27
2e8377e4d83b4eafa5bf548bc35beca2,3a23eae9dd7948b9bd204fcb27b4ef01,3,Atrasou a entrega,Demorou para responder.,2018-01-24 04:05:27,2018-01-25 04:05:27
d4946a976ef44708a102cd4349376958,902cfcb4bf1241ad87277e90ce494ec9,3,Atrasou a entrega,Demorou para responder.,2018-01-27 13:05:27,2018-01-28 13:05:27
9a1ec37a877d4457a61e9dcf9db32aef,739f3dce426e46afbf88980a40894fe0,5,Ótimo produto,Recomendo muito este vendedor!,2018-02-09 23:05:27,2018-02-10 23:05:27
5d405cb09e6e48139ce6a9cc28279937,a3256a2b83674f64b7b93a6f46e9f381,5,Ótimo produto,Recomendo muito este vendedor!,2018-01-30 14:05:27,2018-01-31 14:05:27
abe45d09ab60476a89c177d73f0db498,3d175d6d732448a9802c99956eb6128b,2,Atrasou a entrega,Demorou para responder.,2018-01-25 13:05:27,2018-01-26 13:05:27
3b9cdcc64419436e95cf907b30ad1bd7,829d3d00ac7d4728bc6616f296e90acf,2,Atrasou a entrega,Demorou para responder.,2018-03-02 22:05:27,2018-03-03 22:05:27
eea18509ce1745a095dec6752cd15f70,08f97f677922453cbe6e54f4914bd158,3,Atrasou a entrega,Demorou para responder.,2018-02-07 07:05:27,2018-02-08 07:05:27
653cc22308f6416a8ce06a05cb1e4544,3a40391c8cd2442da9a7d8c366bbaf8a,5,Ótimo produto,Recomendo muito este vendedor!,2018-03-27 15:05:27,2018-03-28 15:05:27
7a124522bb774d63b1790b81b2d9e8fc,44976af0cf6b4d69bd61e4abe34dd740,5,Ótimo produto,Recomendo muito este vendedor!,2018-01-30 04:05:27,2018-01-31 04:05:27
7405c894682145debe04b52d61a69580,ee5d499262b64cd7beb7b8695b2c88f0,1,Atrasou a entrega,Demorou para responder.,2018-01-25 01:05:27,2018-01-26 01:05:27
0578a4c771be4a439285cf00e438d21e,54e032e583b24baeb3ca3d133d2b7023,4,Ótimo produto,Recomendo muito este vendedor!,2018-02-10 11:05:27,2018-02-11 11:05:27
28df1adb88f1481084a04aef78dc2d60,17e258175c064a74920dd2b4558c96cb,3,Atrasou a entrega,Demorou para responder.,2017-10-31 06:42:57,2017-11-01 06:42:57
1a73104f7aba4c19954150de8446b3e6,0a407bc0ba704cdda9dabc2a97728cab,4,Ótimo produto,Recomendo muito este vendedor!,2017-10-07 05:42:57,2017-10-08 05:42:57
9332cfd742e143b3b305e277c4001599,7443ddf280a840f5a97c5cf8256baf32,4,Ótimo produto,Recomendo muito este vendedor!,2017-10-20 20:42:57,2017-10-21 20:42:57
3c43bd55383b49db9a084b0f6b87c720,45c25b7e6b104ce5b5a6b5bc522bfb9e,1,Atrasou a entrega,Demorou para responder.,2017-10-10 05:42:57,2017-10-11 05:42:57
40accd207dd84828b67f79daffaa3099,b5668ed7034a4d5fafbbb7efdc7cda2b,3,Atrasou a entrega,Demorou para responder.,2017-10-10 06:42:57,2017-10-11 06:42:57
8ba296ee83cc4e98959b6fbfea078333,ff122da0151b41fe87e08acb43fad6be,4,Ótimo produto,Recomendo muito este vendedor!,2017-10-31 06:42:57,2017-11-01 06:42:57
8c24b13dfbfd48f28ae65b6067b01efb,4c2efb2a8bef4a14be32ee4aa3c197cb,5,Ótimo produto,Recomendo muito este vendedor!,2017-11-12 02:42:57,2017-11-13 02:42:57
b1968cebae4043fa831187a80232cd58,171183b0931943698af09428ab43f053,5,Ótimo produto,Recomendo muito este vendedor!,2017-10-08 02:42:57,2017-10-09 02:42:57
2cba324179294c1c8afdabf574a3f78c,055af2b7648649458f6140715400434b,5,Ótimo produto,Recomendo muito este vendedor!,2017-10-15 08:42:57,2017-10-16 08:42:57
e2c51b294d0b46468f9dc95bb507c57d,81485021b7e24c4fa07debd599b12711,5,Ótimo produto,Recomendo muito este vendedor!,2017-10-15 11:42:57,2017-10-16 11:42:57
b7fb1277735c4b4daa3770ecff122141,04b54761d49d496b94eaa7399bcffa71,4,Ótimo produto,Recomendo muito este vendedor!,2017-10-10 17:42:57,2017-10-11 17:42:57
e56189fda8e54bd3a829827c275c8e18,d83201601e3743d98c9280368ea33094,4,Ótimo produto,Recomendo muito este vendedor!,2017-11-13 08:42:57,2017-11-14 08:42:57
a6111179bae74675bedd9682cc8890cc,fd120e1d822346b59dbd21162b0afa1d,5,Ótimo produto,Recomendo muito este vendedor!,2017-11-06 00:42:57,2017-11-07 00:42:57
df88accd3e27439497c519dec01b5bbe,99fa535c6720448dae2d9ce85b38b704,4,Ótimo produto,Recomendo muito este vendedor!,2018-04-08 18:24:02,2018-04-09 18:24:02
0f5477db29a3417b94b1a3a947721022,bb7e08eb77fd46a38b2d4eac1d11793f,5,Ótimo produto,Recomendo muito este vendedor!,2018-04-30 12:24:02,2018-05-01 12:24:02
e0e67b65cd9641c393e64c1e501fe592,527b1c89c63e49a4b469cbab6e0141e7,5,Ótimo produto,Recomendo muito este vendedor!,2018-04-05 02:24:02,2018-04-06 02:24:02
28889509ab1c4dfd9e8e0617bb91bde7,7da8f0d545ef4d09abca12d3d3ccf110,5,Ótimo produto,Recomendo muito este vendedor!,2017-11-17 10:43:03,2017-11-18 10:43:03
a9b0354bbee34ff79c66d46ae9cb9462,4fc7e34a7f0944048d23fdf77f86a784,5,Ótimo produto,Recomendo muito este vendedor!,2017-12-22 22:43:03,2017-12-23 22:43:03
446d542649e94d87acf94b49f659269e,6eb6dd626fa54d7a8d677afca1b019c8,3,Atrasou a entrega,Demorou para responder.,2017-10-26 18:43:03,2017-10-27 18:43:03
bbd9d2e1ad3e4eb69b7095bc85b81e58,eb9bf72418e54a58a468b63092fb7678,5,Ótimo produto,Recomendo muito este vendedor!,2017-11-06 09:43:03,2017-11-07 09:43:03
54a4227081624f9a95aaae58a9fa49e6,07b90785ace84ecfa37c3df3bcfd508d,5,Ótimo produto,Recomendo muito este vendedor!,2017-11-05 12:43:03,2017-11-06 12:43:03
dd8de7a51d654ab1af4e360079063f30,48ce98a8d47d4b39a04e3d78376dc6b0,5,Ótimo produto,Recomendo muito este vendedor!,2017-10-28 19:43:03,2017-10-29 19:43:03
43ca156ae9364d26b577d2948f17fd84,428cb2cc71334ee9afa2ec8f12c8a1a4,5,Ótimo produto,Recomendo muito este vendedor!,2017-10-23 22:43:03,2017-10-24 22:43:03
0622773c6d044097bdc253faf0c38fc4,4b438c81f36e408eb62ea0a6e9c701d4,5,Ótimo produto,Recomendo muito este vendedor!,2017-10-26 09:43:03,2017-10-27 09:43:03
7c5d480538fe4675a533bf440742d59a,f4ca4a610dff470e99d1ea7de04c5428,5,Ótimo produto,Recomendo muito este vendedor!,2017-12-17 05:30:58,2017-12-18 05:30:58
c45edd95853541c6a359188ce48352ed,42cc9ae81b0f4526a3f8e58aa685e306,5,Ótimo produto,Recomendo muito este vendedor!,2017-12-12 22:30:58,2017-12-13 22:30:58
c1312fe162bd4d3e97491459fc54b8a7,30423f99de364b8882ad3862af7e7725,5,Ótimo produto,Recomendo muito este vendedor!,2017-11-19 09:30:58,2017-11-20 09:30:58
929378b6465b400aaf6070838211bd8d,8d5c84e4444b4acaaccc025c24a810db,5,Ótimo produto,Recomendo muito este vendedor!,2017-12-09 07:30:58,2017-12-10 07:30:58
5e0ed4c9d7164f96b6f33553d7c4622c,e472a4e561ea459a83a611073198fd1b,5,Ótimo produto,Recomendo muito este vendedor!,2017-11-22 16:30:58,2017-11-23 16:30:58
31704a22a47b4ab5906e2cd65e216fa9,b06198f66cf64625b8ced84f32aa5e4a,5,Ótimo produto,Recomendo muito este vendedor!,2017-11-21 11:30:58,2017-11-22 11:30:58
95eabc52e24f422d9c5d325d0ea046d6,3ad17ab3f82f43ea80dad0af0910eea0,5,Ótimo produto,Recomendo muito este vendedor!,2017-11-25 09:30:58,2017-11-26 09:30:58
37a764e2b33243d8a0f5e91fd426d8cc,2a639d3bc6414dca9eebc5134dc2d92f,5,Ótimo produto,Recomendo muito este vendedor!,2017-12-08 11:30:58,2017-12-09 11:30:58
cb06ae02d62b4fb5af911fe55a2292f9,bbe7d4b561524b45a3540054012ca127,1,Atrasou a entrega,Demorou para responder.,2018-02-01 20:16:30,2018-02-02 20:16:30
39f7e451b7de4ca08073d6261193a0b9,19a7352ce2ae4d70ae7293b18655e0e1,5,Ótimo produto,Recomendo muito este vendedor!,2018-02-22 11:16:30,2018-02-23 11:16:30
aa9697140ce349eb837938160bc082de,a3e9a9a4ab9048078258154fdaac7684,5,Ótimo produto,Recomendo muito este vendedor!,2018-01-19 15:16:30,2018-01-20 15:16:30
ac1c6987c55041919e47fca0527a8c6a,0aee1fea8ad1468c8cf95bde1d6714cb,4,Ótimo produto,Recomendo muito este vendedor!,2017-10-07 13:55:10,2017-10-08 13:55:10
dd2ce680f18847eda8fee8029ee90109,c518549c536b4e4a9e25426115f750f4,2,Atrasou a entrega,Demorou para responder.,2017-09-08 13:55:10,2017-09-09 13:55:10
d061b7bafc2a4e068182e6faf50220a0,96df8843d06e430b86285f49221e56c4,5,Ótimo produto,Recomendo muito este vendedor!,2017-09-22 22:55:15,2017-09-23 22:55:15
a27db480556245c5a6f2ee457bef72f2,beb7c7cc5eb34699a01ce52db48d914d,5,Ótimo produto,Recomendo muito este vendedor!,2018-02-18 23:58:09,2018-02-19 23:58:09
8839decd286541ffa2066ca4f78e239c,8688aa5db1c8498887f7fdd7b7fc1325,5,Ótimo produto,Recomendo muito este vendedor!,2018-01-12 01:58:09,2018-01-13 01:58:09
2ae79c394c4943239f63e8ee741f851b,3aa06f082bfa4333b370b596d8879b11,5,Ótimo produto,Recomendo muito este vendedor!,2018-01-22 22:58:09,2018-01-23 22:58:09
5e740cb32794433b852f397a279173e1,9082d8cafd434fb49c47c2a3e5421b08,5,Ótimo produto,Recomendo muito este vendedor!,2018-02-19 20:58:09,2018-02-20 20:58:09
d8d9bb123de54060b317111e0b942d83,c3122f238150454bb56c3979345490ea,5,Ótimo produto,Recomendo muito este vendedor!,2018-02-09 04:58:09,2018-02-10 04:58:09
2b3b1cfd87f44020bd9bfcde3a36ae91,7e913c38ad8045f4b0859611fb0e30be,3,Atrasou a entrega,Demorou para responder.,2018-01-21 06:58:09,2018-01-22 06:58:09
db5288e774934b8a909c6acd2c0b9877,63ae501a5cd04ce6a7364c0bc423382e,4,Ótimo produto,Recomendo muito este vendedor!,2018-01-17 21:58:09,2018-01-18 21:58:09
4a7b96785d354029ac23663d6b2479b2,f53245a95dbf4a8890cbd7377a6de4e1,1,Atrasou a entrega,Demorou para responder.,2017-07-05 12:20:32,2017-07-06 12:20:32
12802e17dd1f497e97069e9fd89eddef,6031ce645ed64ea7a6c662c38b493dcb,5,Ótimo produto,Recomendo muito este vendedor!,2017-11-13 08:47:35,2017-11-14 08:47:35
e39bf2b9363946a7a1e012aed0def149,394769a3e86f4c918ee31a6e123dbeb6,5,Ótimo produto,Recomendo muito este vendedor!,2017-10-19 00:47:35,2017-10-20 00:47:35
fce26b6ee2194aa4b7ea0eb99b41cfd4,4906e048e7a045ada7dbf50556e6081f,5,Ótimo produto,Recomendo muito este vendedor!,2017-09-21 09:47:35,2017-09-22 09:47:35
cc08ea9c8b854ddf8ed17b80e1528ad8,dc19cbf2f2504005a3bed12fc9a384ca,4,Ótimo produto,Recomendo muito este vendedor!,2018-02-08 19:12:35,2018-02-09 19:12:35
fb05250480594dc7a176532f1c4a6c1c,635fefc16fb842e9b301508bf955885a,4,Ótimo produto,Recomendo muito este vendedor!,2018-02-07 01:12:35,2018-02-08 01:12:35
4f3b12d33ac4469ba27902f4fa611de3,e91bebcc86e74c5ba8b8ce0a296408c6,5,Ótimo produto,Recomendo muito este vendedor!,2018-02-09 08:12:35,2018-02-10 08:12:35
7f148af2a9ef4e57a256cd57ec784bb9,044569ed395b40ecb1dcfddc65daad13,3,Atrasou a entrega,Demorou para responder.,2018-03-06 23:12:35,2018-03-07 23:12:35
18a99194d8454d1bbc86f678c9a67fd8,fa3cb93c51714e1aafb6269dea89d170,3,Atrasou a entrega,Demorou para responder.,2018-02-05 13:12:35,2018-02-06 13:12:35
6a994e3d3ccc4943814824648e4a36ed,10eaa2be6d8c47c48120e6e91669327d,4,Ótimo produto,Recomendo muito este vendedor!,2018-02-03 07:12:35,2018-02-04 07:12:35
ac1bce07e4d34449a105da6c6db0d19b,c368ea0bb76c449e9c2645e8156cdbb8,5,Ótimo produto,Recomendo muito este vendedor!,2018-02-04 06:12:35,2018-02-05 06:12:35
2c250afdb770472f9943c741c74f3a17,a770dbbd24d24130b125c47eedc49b83,4,Ótimo produto,Recomendo muito este vendedor!,2018-02-11 16:12:35,2018-02-12 16:12:35
cf2c4845188e4354b6e41735833e03f3,3be637f8c8ee461ea92a482e559aeb20,1,Atrasou a entrega,Demorou para responder.,2018-02-18 12:12:35,2018-02-19 12:12:35
44b7fd828bd4450eabf4061e2a08ba7b,fd22cc4ec48a40f5b1e1fc55bafd44a2,5,Ótimo produto,Recomendo muito este vendedor!,2017-08-09 10:58:59,2017-08-10 10:58:59
bf7a0f23d66047e18a3dcbb844de0706,00782c19dd8842019cfbb603ec03d282,5,Ótimo produto,Recomendo muito este vendedor!,2017-08-15 18:58:59,2017-08-16 18:58:59
e6032a15263148ee9b24b8a4c3d4e911,ae41bd0311504fe8a42650672df769b1,5,Ótimo produto,Recomendo muito este vendedor!,2017-08-31 03:58:59,2017-09-01 03:58:59
e81d5252dd094eeda22d3a6127a61e68,859c725f49ff4ee3913a1802e42db072,5,Ótimo produto,Recomendo muito este vendedor!,2017-09-01 02:58:59,2017-09-02 02:58:59
dd17e04894df43719181677c43a5d421,d322a0beccd64ff48285433ac7ab3a8e,5,Ótimo produto,Recomendo muito este vendedor!,2017-08-29 18:58:59,2017-08-30 18:58:59
9f7daf2a9bc54a5d91ebbb4e8d4d1630,7a07c4cc81f64d3bab6bb208ac3f0851,2,Atrasou a entrega,Demorou para responder.,2017-08-19 06:58:59,2017-08-20 06:58:59
8d8b04edf44d4f9b8da20613f5cbf96e,6d007b381b244d7a96fe96d319344daa,4,Ótimo produto,Recomendo muito este vendedor!,2017-08-07 17:58:59,2017-08-08 17:58:59
93bacc761a3b4dde8d9079fd90643959,990252399f374071baf44ba72332568e,4,Ótimo produto,Recomendo muito este vendedor!,2017-08-23 01:58:59,2017-08-24 01:58:59
d18ab59771254f0fb776fb1b8ac5b009,e75b6273ee744e2cbea1a7eda9db685f,5,Ótimo produto,Recomendo muito este vendedor!,2017-08-07 17:58:59,2017-08-08 17:58:59
8a2da209630e42b58aed1baa18e13b91,a531e3d83b904a7db0e555b7eddc4555,5,Ótimo produto,Recomendo muito este vendedor!,2017-08-17 06:58:59,2017-08-18 06:58:59
8371d9bca1c34d40a3d91385bacc2722,cdbcdb7b9df54831a9147c11411bbc6e,4,Ótimo produto,Recomendo muito este vendedor!,2017-09-11 17:58:59,2017-09-12 17:58:59
8c9f55713fb44644a7f8302dc495daa1,1f303c51eac34095be6c3ae7258f5ab5,1,Atrasou a entrega,Demorou para responder.,2017-08-15 20:58:59,2017-08-16 20:58:59
2a60a556f79f4707b08b15b90f6b5184,57875cda823548e799a0fb6ba586cf57,1,Atrasou a entrega,Demorou para responder.,2017-08-06 21:58:59,2017-08-07 21:58:59
115ef452e88a4c3b9a2280e1498c6977,4f3bc4f724284edd9998cbcb6422aa38,4,Ótimo produto,Recomendo muito este vendedor!,2017-09-09 21:58:59,2017-09-10 21:58:59
84dc285c9ea842b2a8420783525f5a26,3b7fb33214c045f48b4ea83a741e3bd0,1,Atrasou a entrega,Demorou para responder.,2017-08-30 03:58:59,2017-08-31 03:58:59
442a5fbf5a1e445a8841d663f53cc4b7,d74b9dc1b9f44157b50f939295d845d9,5,Ótimo produto,Recomendo muito este vendedor!,2017-09-20 20:55:56,2017-09-21 20:55:56
a9c2dab180434c75856143290c6a8df5,5215b34869ff428bb026468ef1298b96,4,Ótimo produto,Recomendo muito este vendedor!,2017-10-14 11:55:56,2017-10-15 11:55:56
634f75e9154843e7bad360c4039410b7,7110e9cc7e8c426aad72002e014575a6,5,Ótimo produto,Recomendo muito este vendedor!,2017-11-05 06:55:56,2017-11-06 06:55:56
f5e5a0ddf5b14ebfb2f1dc0716b82c77,f25348d8aac04d14acbc1bfe3bf41c73,5,Ótimo produto,Recomendo muito este vendedor!,2018-05-27 16:02:31,2018-05-28 16:02:31
7278841720a942d8bbec7727b6dcb6e4,1ce617dcbad24953ad5afe637b0e3324,1,Atrasou a entrega,Demorou para responder.,2018-04-27 16:02:31,2018-04-28 16:02:31
b7d3296a300f464fa4d1455c86d17697,3a2ba345e31e4a0f8193312ce7d13842,5,Ótimo produto,Recomendo muito este vendedor!,2018-04-26 01:02:31,2018-04-27 01:02:31
33aee6d97d9c4780a3ad8e00bd37ef83,abc93bda94e94fc8aa573248ed90153b,4,Ótimo produto,Recomendo muito este vendedor!,2018-02-16 15:11:11,2018-02-17 15:11:11
012f2fd49e094092be6c7bc9dcf6394b,ce0dade477154d41815af607ff33c46d,3,Atrasou a entrega,Demorou para responder.,2018-02-25 07:11:11,2018-02-26 07:11:11
2580e7a7c37244b08d6fa882bff9eb16,6f73e52a60664a97884b1eaf453a53f5,1,Atrasou a entrega,Demorou para responder.,2018-03-06 23:11:11,2018-03-07 23:11:11
6ee18acb7eb744cc83448bba3d8d448c,5b4ba837310e46edb841906c1024acb1,3,Atrasou a entrega,Demorou para responder.,2018-02-24 09:11:11,2018-02-25 09:11:11
aa3c1da2fcdf447ca256af421bd27847,306c37de10dc46b687dc1399204baa2e,4,Ótimo produto,Recomendo muito este vendedor!,2018-02-27 10:11:11,2018-02-28 10:11:11
7fdf1b90ba554a118f6c016487aec022,ab18d3516ea44a788280caff231b7563,5,Ótimo produto,Recomendo muito este vendedor!,2018-02-21 21:11:11,2018-02-22 21:11:11
123d3ce2e0da44aa9d5b1aa0e2bb2cc2,aa53fbbb70ac4f4e9d45de40d0b5e897,4,Ótimo produto,Recomendo muito este vendedor!,2018-06-09 08:50:12,2018-06-10 08:50:12
4e5050c0eeb04a6d878889dcc05c98d3,88d2abaa279c4fad997b3096d820cea5,5,Ótimo produto,Recomendo muito este vendedor!,2018-05-04 11:50:12,2018-05-05 11:50:12
9cdf00335e23443e8e543a55142f8884,3214ae71c0b44a359e4261cbd5a4fc2c,5,Ótimo produto,Recomendo muito este vendedor!,2018-04-16 09:50:12,2018-04-17 09:50:12
ae4eafa798d642cabea9c04fd22ea336,4ee258f72bdd435693df3a92fd595156,5,Ótimo produto,Recomendo muito este vendedor!,2018-04-11 02:50:12,2018-04-12 02:50:12
9d65bfba1209483fa49ec0f3c21a7010,972e1ba8e99b408d909a0ba0411960bc,4,Ótimo produto,Recomendo muito este vendedor!,2018-04-15 02:50:12,2018-04-16 02:50:12
4c23987dca5e44efa85ac41420922136,c4bf3f4cb8b94cad9ddfd2e32f315c60,5,Ótimo produto,Recomendo muito este vendedor!,2018-04-20 12:50:12,2018-04-21 12:50:12
261ad517d77042958b415373a4dbb1d4,8a8804e11d1d48ce8e7128ece9d4dc3b,5,Ótimo produto,Recomendo muito este vendedor!,2018-04-19 11:50:12,2018-04-20 11:50:12
3b2e72627ac3488cbe2e77c419fff5eb,fb47f549638b432fbd0ba6681f34f1fd,1,Atrasou a entrega,Demorou para responder.,2018-04-13 10:50:12,2018-04-14 10:50:12
803c17c6b3be4f48ab1bff835f818211,9d90b23c4e9f4f63aa8c5afc6f228b5a,4,Ótimo produto,Recomendo muito este vendedor!,2018-04-22 13:50:12,2018-04-23 13:50:12
624c2e3fb11543fb96232a3f7cd3e4af,d900f366cbf244d28f43303d44c2c890,1,Atrasou a entrega,Demorou para responder.,2018-04-20 06:50:12,2018-04-21 06:50:12
dc76b4013938491c81d3642df23a42b6,d3a0b9d8ef314203be0adb54f3d63aa3,5,Ótimo produto,Recomendo muito este vendedor!,2018-04-24 05:50:12,2018-04-25 05:50:12
bdda1e8736b54740a36b28481fa9bae3,5d2caa64e073467fab24b3d574130764,1,Atrasou a entrega,Demorou para responder.,2018-04-28 05:50:12,2018-04-29 05:50:12
f73d7d9c3eea49208632bf09cd89569d,062189f5400b48e48dc28557a11cacc3,5,Ótimo produto,Recomendo muito este vendedor!,2018-04-12 09:50:12,2018-04-13 09:50:12
ce1976a3e6aa400aaae854bb948527fc,3e24e869c29047a29448921c95af7eda,1,Atrasou a entrega,Demorou para responder.,2018-04-30 08:50:12,2018-05-01 08:50:12
d06a5194828242ad8050bc6b187b4908,a939bbc9f351401997485c0f0c5f7635,2,Atrasou a entrega,Demorou para responder.,2018-03-04 15:48:25,2018-03-05 15:48:25
6f0ca32cafd44cda9da1d3c4d70bf0f2,6515efc4e1e94770942ec5ce970485d1,5,Ótimo produto,Recomendo muito este vendedor!,2018-01-26 11:18:38,2018-01-27 11:18:38
e747f8604e4e4022a4184138c3f49391,ca14c65f6e244e99abfca71868acc301,5,Ótimo produto,Recomendo muito este vendedor!,2018-05-20 23:29:11,2018-05-21 23:29:11
c55dd8d1dd8d48b1bad6b4ee410e2901,4c7fe3d25086446f80cd880350dcc44a,5,Ótimo produto,Recomendo muito este vendedor!,2018-06-02 05:29:11,2018-06-03 05:29:11
5a015d5241f449fc8c684915b9d41238,324f029e21ea48b1b5c5a72bce6a7b76,3,Atrasou a entrega,Demorou para responder.,2017-10-05 01:36:39,2017-10-06 01:36:39
288f868158774792b89ee1c7da21128b,98e992ce62484988af657eb0a0db8a99,4,Ótimo produto,Recomendo muito este vendedor!,2017-10-04 07:36:39,2017-10-05 07:36:39
c398c01f386347e3a50816fc3ed746d1,6a98c75580374afbacb4ea8bb61b834b,5,Ótimo produto,Recomendo muito este vendedor!,2017-10-17 06:36:39,2017-10-18 06:36:39
107ae01d7a4945abb341211d5a8941ee,85d1cc430c33466ca446639a8efe5ee6,4,Ótimo produto,Recomendo muito este vendedor!,2017-10-26 02:36:39,2017-10-27 02:36:39
12e310821d4c42fcb487adf91d29bce0,778a58e62af141c3bb571d15c0c84643,5,Ótimo produto,Recomendo muito este vendedor!,2018-05-29 00:37:32,2018-05-30 00:37:32
4935be4ab7934e6ea775d13e5d6cc8c8,6d4c69e4eb644cfc94b5916a4cce2b26,4,Ótimo produto,Recomendo muito este vendedor!,2018-06-10 10:37:32,2018-06-11 10:37:32
f5ae373d024b49638ce98af410b38678,c32e993dc1a745b98e317a6d19245b87,2,Atrasou a entrega,Demorou para responder.,2018-06-04 06:37:32,2018-06-05 06:37:32
dd8f3570adcc46e3ba5dd92a4dfd1cdc,28a556fd392f471b9b61d5f6252953ea,5,Ótimo produto,Recomendo muito este vendedor!,2018-05-29 12:37:32,2018-05-30 12:37:32
f21540eab3c24519a2851ecece5d2435,e977a39806ce4ae8b5fdd2590a1bf57b,4,Ótimo produto,Recomendo muito este vendedor!,2018-08-28 22:37:32,2018-08-29 22:37:32
53335b56b8eb46d4b946be9b20f86ff7,6407187fdbf14a3b811da517849834b5,5,Ótimo produto,Recomendo muito este vendedor!,2018-06-26 20:37:32,2018-06-27 20:37:32
7c345558ca454df793ef1b08bd43dfdb,aaa1d8ce61a241c38093d881f8ffda88,5,Ótimo produto,Recomendo muito este vendedor!,2018-06-18 09:37:32,2018-06-19 09:37:32
01c4597bbb324a5cbeedc42713b54e84,47d2a028bc704fffa3d77a651dba5fef,5,Ótimo produto,Recomendo muito este vendedor!,2018-07-15 23:37:32,2018-07-16 23:37:32
ee340c3f37fd4d17b6a3f6b0112d0638,1c26c409dc984e9da6fdaefc43fcff1d,5,Ótimo produto,Recomendo muito este vendedor!,2018-05-31 18:37:32,2018-06-01 18:37:32
40536bc8d9d2498db9e970eb90827820,589fd60408644c048aa2c5fec61f03a2,5,Ótimo produto,Recomendo muito este vendedor!,2018-06-13 20:37:32,2018-06-14 20:37:32
ca15c69b8d84406581c1c504fd708b4a,7bfec4473a8849ba8f80f95485bd04a8,5,Ótimo produto,Recomendo muito este vendedor!,2018-06-06 18:37:32,2018-06-07 18:37:32
3744e6f12cfb41b9adfaf2041ad2344b,44e30b4bf7cf49cf929cde099852cd02,5,Ótimo produto,Recomendo muito este vendedor!,2018-07-11 04:37:32,2018-07-12 04:37:32
855018a4aa584b89b4ef1a82b2bc07fa,bb423ccf4b564f848440900b2fdd36ed,4,Ótimo produto,Recomendo muito este vendedor!,2018-07-04 07:37:32,2018-07-05 07:37:32
436a6a9702ce4f789e240661a321005a,4036e238b9224c648279be19c3c3e794,1,Atrasou a entrega,Demorou para responder.,2018-06-06 08:37:32,2018-06-07 08:37:32
65f9e566f7164913a1e54573cb033ad2,558ea8c221e447ad82f0f80a41f5b098,5,Ótimo produto,Recomendo muito este vendedor!,2017-08-05 22:25:31,2017-08-06 22:25:31
bdce66e94a3c470384d8fdea9eac51ac,5da00e97bb5143bdbb9ea198370aba5a,5,Ótimo produto,Recomendo muito este vendedor!,2017-08-13 17:25:31,2017-08-14 17:25:31
a0a3ab2cfcab455b97215f5337ee86e5,b69350a7a197409fa81bb7182df8e4aa,5,Ótimo produto,Recomendo muito este vendedor!,2017-08-10 12:45:39,2017-08-11 12:45:39
1e75ceededfc40b2ae597db1fc1a932b,ef7fa63b9f7e477dab23cd3c469ca21b,5,Ótimo produto,Recomendo muito este vendedor!,2017-07-10 10:45:39,2017-07-11 10:45:39
265e091977b244f19491b83c9cb49e19,f1b30638a5644326ae7d80e98e3f6965,5,Ótimo produto,Recomendo muito este vendedor!,2017-08-27 18:45:39,2017-08-28 18:45:39
7f648f414d3d49a38ce46599579e3866,2f751146ef2348748e1cc790984611dc,5,Ótimo produto,Recomendo muito este vendedor!,2017-07-20 07:45:39,2017-07-21 07:45:39
944fc1b53cac49a48b3b69650da1a944,d9d5044524584b20b837e00029868b7e,5,Ótimo produto,Recomendo muito este vendedor!,2017-07-27 19:45:39,2017-07-28 19:45:39
ab26d659322b4f779f2b8ea87f58245e,209ce3a35dad44e895790f1d5bede792,5,Ótimo produto,Recomendo muito este vendedor!,2017-07-08 11:45:39,2017-07-09 11:45:39
7f88d2bd89924ea69a31b0ececf03ceb,431ae923bfe849af906715cdad4524ff,4,Ótimo produto,Recomendo muito este vendedor!,2017-07-02 12:45:39,2017-07-03 12:45:39
7a2c1e2c5c0449518dfff46685f03ff2,9aab1ee057464945bbb4941833f8cc3e,5,Ótimo produto,Recomendo muito este vendedor!,2017-07-27 09:45:39,2017-07-28 09:45:39
d65d8a596bdc4106b44bed638b68b35a,cf63707fbcf14a2b834e081a35426a38,5,Ótimo produto,Recomendo muito este vendedor!,2017-07-14 22:45:39,2017-07-15 22:45:39
38cfa85c2c1f4b7b985c48add080af5f,c925c589e8dc48f983d96d738d88b990,4,Ótimo produto,Recomendo muito este vendedor!,2017-07-04 00:45:39,2017-07-05 00:45:39
7b245a22fbfb473fb5a5848b5e5a4e9a,83796197012f4efda31cb3ea10e32159,3,Atrasou a entrega,Demorou para responder.,2017-07-05 06:45:39,2017-07-06 06:45:39
f50d94e9f033406fb34258e00179feb1,4003fd68d5af4dd588b2164bfc44c031,1,Atrasou a entrega,Demorou para responder.,2017-07-22 07:45:39,2017-07-23 07:45:39
1512d12fd8194c10ad2095ecfd9f59c4,5bb7cf621ab3480c9d75e99dd1260bda,5,Ótimo produto,Recomendo muito este vendedor!,2017-08-01 12:45:39,2017-08-02 12:45:39
ed1f4b44df4546aba072885b9dc40b85,c09d5c8f6c874ad2b0853aadd1babe06,4,Ótimo produto,Recomendo muito este vendedor!,2017-08-25 12:45:39,2017-08-26 12:45:39
843716309cfc4fc3b4a1530ec4d786c4,64978eafa30847ad986da5a8122ec18d,5,Ótimo produto,Recomendo muito este vendedor!,2017-08-13 10:45:39,2017-08-14 10:45:39
024a9c93c8474e449419428473d48fbd,4a84bcd12e2e412785fa2fbf205480c5,3,Atrasou a entrega,Demorou para responder.,2017-07-19 00:45:39,2017-07-20 00:45:39
ff370c2d23c84524bf93847470cd10cd,5025e40afce04e39855e88e01889caa5,5,Ótimo produto,Recomendo muito este vendedor!,2017-07-04 08:45:39,2017-07-05 08:45:39
e1b493dffe8a43aab07d3888c774dc09,d0a1372473784111b15028895e022f9c,4,Ótimo produto,Recomendo muito este vendedor!,2017-07-04 09:45:39,2017-07-05 09:45:39
0306f2ab563f46c999c35c53b4c9699f,7b9928fd918e486c9a18f98a406052eb,5,Ótimo produto,Recomendo muito este vendedor!,2017-07-12 13:45:39,2017-07-13 13:45:39
e33758d897d647f194b9d8c5d591e6ab,b8cb38be230a47dab9a9a7c3b90cb269,5,Ótimo produto,Recomendo muito este vendedor!,2017-07-16 14:45:39,2017-07-17 14:45:39
926fd08c10844c97b61dbc4ecb4c9d07,5ade9d4645b048e7aff240d500c0200d,4,Ótimo produto,Recomendo muito este vendedor!,2017-07-04 10:45:39,2017-07-05 10:45:39
6dfbe62165e4432b85ebf4e39e09716f,87712979672f4ec9a0abd5bdd626825e,3,Atrasou a entrega,Demorou para responder.,2017-08-01 17:45:39,2017-08-02 17:45:39
febf10304e6844eb905761886a5c9981,115963decc9b474196cbdd75d14067fc,1,Atrasou a entrega,Demorou para responder.,2017-07-07 10:45:39,2017-07-08 10:45:39
2effa92d6c8e490cbb4612a6f8f9105f,0edc59f4835245a1a6edcdafe521d7eb,3,Atrasou a entrega,Demorou para responder.,2017-07-12 21:45:39,2017-07-13 21:45:39
15a65ae0534a4a9d9ce51ed8bc8b3fd9,e8da88cad110447196d799fb20870a15,5,Ótimo produto,Recomendo muito este vendedor!,2018-02-17 10:03:08,2018-02-18 10:03:08
957ee86c7b444dd7adb115b9c6058f52,3a4bd8b3155e47ebadd340bbc85a9641,5,Ótimo produto,Recomendo muito este vendedor!,2017-08-16 03:15:35,2017-08-17 03:15:35
23bbc2fda8f044a29232b771b1a818fb,fb6e032d4f3d44bc8b20639f9210a254,5,Ótimo produto,Recomendo muito este vendedor!,2017-08-07 06:15:35,2017-08-08 06:15:35
413fb9a7081345f8ae486ab8deb63f93,7b449fd63062482ea52768d9abef62dc,4,Ótimo produto,Recomendo muito este vendedor!,2017-07-24 07:15:35,2017-07-25 07:15:35
ee6fa5dce05b4921b47c6fcaf7ddc742,61c0b226b59946c79190fcbb95fdc2f5,3,Atrasou a entrega,Demorou para responder.,2017-09-17 18:15:35,2017-09-18 18:15:35
bada5fed8df54b89b91d8d10009afa53,88368d9990024639b40a628b06f91892,5,Ótimo produto,Recomendo muito este vendedor!,2017-08-12 17:15:35,2017-08-13 17:15:35
09ba2d551a504d519ec48aa1ed0bcf9d,4879a8e13ec3436cad7efb2a3bfefd43,5,Ótimo produto,Recomendo muito este vendedor!,2017-07-28 21:15:35,2017-07-29 21:15:35
51bee2fd4cfc49bc894e08858770abdb,3dee8bfe47db4d9783933aaa0fd09122,5,Ótimo produto,Recomendo muito este vendedor!,2017-12-14 17:15:35,2017-12-15 17:15:35
0f58743a337e408ca3ab30b0cf465672,da7c7ad8f6ee48d9bbe632e02c818342,5,Ótimo produto,Recomendo muito este vendedor!,2017-09-06 21:15:35,2017-09-07 21:15:35
185c963c26de45c784f4b514e610535e,5dca441516fb43d2a5724b1cc6b51540,5,Ótimo produto,Recomendo muito este vendedor!,2017-08-17 07:15:35,2017-08-18 07:15:35
6d5fb0857d0d4fbe89e5b890c959e20f,ae5ce2a5039740648d62b4089c023972,5,Ótimo produto,Recomendo muito este vendedor!,2018-05-18 14:42:51,2018-05-19 14:42:51
92308a11cc53492cbb36ecc2ae75805c,73bf545ab95543d59d3415273984ec14,5,Ótimo produto,Recomendo muito este vendedor!,2018-06-09 16:42:51,2018-06-10 16:42:51
0c01594e2c344962865ba6cef8102e27,12c19d39b8b04fb5af84f15caaae7b01,3,Atrasou a entrega,Demorou para responder.,2018-06-08 05:42:51,2018-06-09 05:42:51
1c350063301e4152ad749b03f705b0db,ce48b4231bec4b1bac92f387ede28861,5,Ótimo produto,Recomendo muito este vendedor!,2018-03-26 23:47:41,2018-03-27 23:47:41
7038d0b2d5a14313a645e865957efc88,cbaaab40ce13482794668b899e4773a1,1,Atrasou a entrega,Demorou para responder.,2018-04-08 01:47:41,2018-04-09 01:47:41
73baa272a510497eb175fd1bce0efc74,7a6f2606600d4b1cb1be6361215fec55,4,Ótimo produto,Recomendo muito este vendedor!,2018-04-06 00:47:41,2018-04-07 00:47:41
26a133631fd64990838ddf449b5c403e,39b452b13cbb4d4db99d20809c898c60,5,Ótimo produto,Recomendo muito este vendedor!,2018-04-02 21:47:41,2018-04-03 21:47:41
b23bc63824d743c18ff68e4254d3563f,99a00cf5d15d4c0e92b35864c6a16977,4,Ótimo produto,Recomendo muito este vendedor!,2018-04-07 04:47:41,2018-04-08 04:47:41
6deb8aa39d7e408baa1f4f7511540447,95d7b522669f4e2a8f887e2be2f296dc,5,Ótimo produto,Recomendo muito este vendedor!,2018-05-23 01:47:41,2018-05-24 01:47:41
1cb09fab6d52413d9681df49396ec67d,c8b476070ec045f3a6c3e26102475bba,5,Ótimo produto,Recomendo muito este vendedor!,2018-03-31 04:47:41,2018-04-01 04:47:41
8b4e8bd7bc894e9582b8725a6cd55b2d,dad4f77f40ea4a9db58e7082a8353ef2,5,Ótimo produto,Recomendo muito este vendedor!,2018-03-28 15:47:41,2018-03-29 15:47:41
541559874235458ab7fc9d25fb1b9f3c,5ddbc40e5db840fc8f0b6b2348f1698f,4,Ótimo produto,Recomendo muito este vendedor!,2018-03-29 08:47:41,2018-03-30 08:47:41
cd5f54cab83b4c108cbc6aefdba5259d,542dd92f65634f95babbcc684859533f,5,Ótimo produto,Recomendo muito este vendedor!,2018-03-31 19:47:41,2018-04-01 19:47:41
3dc55d9efdef4b0b800d9aa275e8e2eb,40de9b49e900438781c149d9a8c6e1ca,4,Ótimo produto,Recomendo muito este vendedor!,2018-04-07 00:47:41,2018-04-08 00:47:41
b5984e42a28d4775ae2245ab3b7df982,bfe9bfb7f62647389decaa5004fcbe56,5,Ótimo produto,Recomendo muito este vendedor!,2018-04-11 15:47:41,2018-04-12 15:47:41
3ae0c746288f46f5b770acd60304a3c2,feeadbdff714468899c915c69b341270,5,Ótimo produto,Recomendo muito este vendedor!,2018-03-26 21:47:41,2018-03-27 21:47:41
dc32d6fb72fb4455bc40481915a041c5,77105d9bfa164b7d89bc92446a5b0b2c,5,Ótimo produto,Recomendo muito este vendedor!,2018-03-28 07:47:41,2018-03-29 07:47:41
016941fe4d214175bc7dccb6438061fc,7cb3ae758577472f8e6c2142ddbabb52,5,Ótimo produto,Recomendo muito este vendedor!,2018-04-06 16:47:41,2018-04-07 16:47:41
8979ad7430d6417a8b64b0a15be6b51c,cf55b602e68e4802bd4cc3ce75a29ddd,4,Ótimo produto,Recomendo muito este vendedor!,2018-04-07 09:47:41,2018-04-08 09:47:41
b3947c78c3d74695b96bb75a3a75625f,20c51ceccc514ced88edf98d800613f5,5,Ótimo produto,Recomendo muito este vendedor!,2018-02-03 21:56:53,2018-02-04 21:56:53
969f3861c7d74fa49b587eda27ee4f51,227bd800542b47c0a3af2b9513531eaa,5,Ótimo produto,Recomendo muito este vendedor!,2018-01-29 21:56:53,2018-01-30 21:56:53
05756f8693804ec484ee5939caadb9c2,bf73c8da26cb49a8a5e08921007d3a8e,1,Atrasou a entrega,Demorou para responder.,2018-01-22 00:56:53,2018-01-23 00:56:53
40b3b8aba1484746bae8fa68a3c61a63,d4122cdf90494dca8e4ab4254faf7c6b,5,Ótimo produto,Recomendo muito este vendedor!,2018-01-20 21:56:53,2018-01-21 21:56:53
4d3ec7548d6a4455b155a83b17019378,785ad63ba2264f828c52f8c20af9c908,4,Ótimo produto,Recomendo muito este vendedor!,2018-01-24 16:56:53,2018-01-25 16:56:53
a83739ce53ea422faaf552247a82fb3e,70ff385345d540e9b0221dd7a88a3778,5,Ótimo produto,Recomendo muito este vendedor!,2017-07-31 16:47:40,2017-08-01 16:47:40
eed4ca660cb848b2a708e8137cd9d77e,8963265821f9466db6624921068f854a,1,Atrasou a entrega,Demorou para responder.,2018-05-05 17:07:11,2018-05-06 17:07:11
7f1ad4cad9344c33b35d6d07b902c69d,4f03ed58358940b484e582957269b88d,2,Atrasou a entrega,Demorou para responder.,2018-03-24 16:07:11,2018-03-25 16:07:11
c8605dafd9654cc8a319d7ff4f31ff3a,fadb83b1fb9d49ee95229c5c17287b92,5,Ótimo produto,Recomendo muito este vendedor!,2018-04-09 06:07:11,2018-04-10 06:07:11
c8fd5d090a7142c4abae5217b6ffa5ec,30de031f6fe9493c968912acb6b9b16d,5,Ótimo produto,Recomendo muito este vendedor!,2018-03-22 13:07:11,2018-03-23 13:07:11
a96915971f14442383495f8c8f2634ec,34c48ee8fd1d40f2a10258fcf6e59c11,5,Ótimo produto,Recomendo muito este vendedor!,2018-03-18 04:10:36,2018-03-19 04:10:36
a89202bd34b94e6f9c1b36e2de268bf2,ec825b80629f49948ffa8166bc69e260,2,Atrasou a entrega,Demorou para responder.,2018-04-26 15:10:36,2018-04-27 15:10:36
3ebe3bf9647a4833b0e6ad339589765a,e47aa28a9fe44300bbcebfac898def2b,5,Ótimo produto,Recomendo muito este vendedor!,2018-03-18 18:10:36,2018-03-19 18:10:36
8241cd4b1cc049fd8d0d6f9928c2cb74,fc98e7ab4d6f40b29ba0fbd9620a571b,5,Ótimo produto,Recomendo muito este vendedor!,2018-03-27 14:10:36,2018-03-28 14:10:36
5bad2fc6f75b45bba7e2cab6c65f94e3,9964af67cc284046b8a9085c4969eaae,1,Atrasou a entrega,Demorou para responder.,2018-03-16 22:10:36,2018-03-17 22:10:36
47d449295c4a4b99b6994e8a5827885d,452c269d3174490689cc5009ca1c4804,3,Atrasou a entrega,Demorou para responder.,2018-03-24 03:10:36,2018-03-25 03:10:36
8207359738f848049d41d12867e92309,7557eeda5079413d9b43e34ee39879cf,4,Ótimo produto,Recomendo muito este vendedor!,2018-03-18 20:10:36,2018-03-19 20:10:36
fd59a3a9aa444a24948a87bc9b0272bb,2ed02c189dfa47c7a57f53bf6fde4d72,5,Ótimo produto,Recomendo muito este vendedor!,2018-05-04 01:10:36,2018-05-05 01:10:36
0f3f413c47ca455fb4068bf37d6ead39,bc590acbda5440a0838efa20175a3ede,5,Ótimo produto,Recomendo muito este vendedor!,2018-03-14 15:10:36,2018-03-15 15:10:36
82ee53a390bc4cffb90ab16b83536cb0,294f996c80914f8e9cc547adca9bcd9b,1,Atrasou a entrega,Demorou para responder.,2018-03-27 15:10:36,2018-03-28 15:10:36
4586fd75ab524fa080f3cb896697a2d0,b70e47a342dc4efcbfb8cde18b0589c8,5,Ótimo produto,Recomendo muito este vendedor!,2017-11-21 01:06:37,2017-11-22 01:06:37
2f130f2f52d548f3bbbf924c2e9cb83d,416831e4bc1d42688d67cae0cd992102,5,Ótimo produto,Recomendo muito este vendedor!,2017-11-11 12:06:37,2017-11-12 12:06:37
cf7d8ad1b876491cb1012084a8b99ffb,1191b916051c4e8eac7cbb87ff5affcd,4,Ótimo produto,Recomendo muito este vendedor!,2017-09-28 03:23:21,2017-09-29 03:23:21
e2e9ea9b37484a55bd3a4cbe274e00d3,a9aac64958f348b3818dd8d5b33fe8d1,2,Atrasou a entrega,Demorou para responder.,2017-09-16 14:23:21,2017-09-17 14:23:21
c917ab0377354fc9886344b5748e9f22,2dc6578bba5a4b59bc495cddf47dd419,5,Ótimo produto,Recomendo muito este vendedor!,2017-09-16 21:23:21,2017-09-17 21:23:21
6f88df56e8664e5d945857f55959fb83,5ac4218ea4224dd58cf26ad65fbed52e,2,Atrasou a entrega,Demorou para responder.,2017-09-17 15:23:21,2017-09-18 15:23:21
952a9c58e1f3420496fa251259415c69,9850e93cd77d430888c197b2948dd86c,2,Atrasou a entrega,Demorou para responder.,2017-09-25 07:23:21,2017-09-26 07:23:21
3fff557750de422d9aabf026a08a4ef1,b744047d78ad4080a52c8401621b9879,5,Ótimo produto,Recomendo muito este vendedor!,2017-09-30 20:23:21,2017-10-01 20:23:21
c6a5fe60d3d34e5285dd18c9bc7b0a29,34cd8ad86a98488aa9c290005681fd22,5,Ótimo produto,Recomendo muito este vendedor!,2017-10-19 23:23:21,2017-10-20 23:23:21
d466a6b7844243c8a6889175218fbf84,49c523b5581d4c54b1bcc6e7aee3afc6,5,Ótimo produto,Recomendo muito este vendedor!,2017-12-11 01:56:40,2017-12-12 01:56:40
fd004ebbdf7c4f4e9df58d79e9147a55,663eb662d576498082a9b48160cb272c,4,Ótimo produto,Recomendo muito este vendedor!,2017-12-26 17:56:40,2017-12-27 17:56:40
2bd7f74fd5774be7b14460aaa2b29be1,cdb93e36894445f0b7d9fd635c504927,5,Ótimo produto,Recomendo muito este vendedor!,2017-12-03 00:56:40,2017-12-04 00:56:40
a355d7f298674d718ccc9d8bbec12809,2c7d2dc59ae7432d9e62a08704a50873,5,Ótimo produto,Recomendo muito este vendedor!,2017-12-02 09:56:40,2017-12-03 09:56:40
d2611ec4e71a451e8a34050125ef1fd6,9857d2443002463988cb94fb60e4f91d,5,Ótimo produto,Recomendo muito este vendedor!,2017-12-03 21:56:40,2017-12-04 21:56:40
fc7593cc46334cb7be7d142c9ccd4072,66db27cb933449f2ba5e080e844baa99,5,Ótimo produto,Recomendo muito este vendedor!,2017-10-13 07:27:52,2017-10-14 07:27:52
2d262457c2d3428da277862a0ec9e31b,244e712fc9c84fcf89295fb859a90e52,3,Atrasou a entrega,Demorou para responder.,2017-10-15 14:27:52,2017-10-16 14:27:52
a632634b456547c0ba3dc2ac2b94e856,5705739ea902481fa82d01cfa9554271,5,Ótimo produto,Recomendo muito este vendedor!,2017-10-22 23:27:52,2017-10-23 23:27:52
b2307ce861044172ae98709c4b05d1ee,f9a7dd0b91c14016a19834344467381e,4,Ótimo produto,Recomendo muito este vendedor!,2017-08-28 20:30:31,2017-08-29 20:30:31
bb3c5b0424f240beac60ee7e9bb0e82a,b554d4475835486bba712e7c19f980ab,3,Atrasou a entrega,Demorou para responder.,2017-11-13 09:41:42,2017-11-14 09:41:42
b6f130d57525415c82c02007ddd1dbc7,22beebd420c048f9b352e2b684329663,4,Ótimo produto,Recomendo muito este vendedor!,2017-10-27 20:41:42,2017-10-28 20:41:42
4607e12582164995bf65ca000ba8d56e,7610df4f32584ab4b34f27636cacf346,5,Ótimo produto,Recomendo muito este vendedor!,2017-10-27 14:41:42,2017-10-28 14:41:42
752018f2b7f341a09f05f571a914821f,53c26bb8cebb4636a900bdc243092f0e,4,Ótimo produto,Recomendo muito este vendedor!,2018-07-15 20:40:34,2018-07-16 20:40:34
10978f4f102d47029a6e0d179c9acdfd,428365c3b9bb49cc97184be8d9bd7ef6,5,Ótimo produto,Recomendo muito este vendedor!,2018-05-15 22:39:35,2018-05-16 22:39:35
ce6c1c1924ae45228a726f78c8c92891,4cb432a1ab474b2e9a3455f7ef69c953,5,Ótimo produto,Recomendo muito este vendedor!,2018-05-16 04:39:35,2018-05-17 04:39:35
0f496603906f468d8947c693b1af0418,02b8355e2c344713b856e46bcd8ee33f,3,Atrasou a entrega,Demorou para responder.,2018-05-10 20:39:35,2018-05-11 20:39:35
e40c028197c74166b916ef756933e52f,610f7026209b437499f1a1eea5dd6d5c,4,Ótimo produto,Recomendo muito este vendedor!,2018-05-19 18:39:35,2018-05-20 18:39:35
d5c03b682dac455b83c3699c84b1bed7,e0a6319629fb436b9dd03004936419ba,2,Atrasou a entrega,Demorou para responder.,2018-05-27 18:22:12,2018-05-28 18:22:12
df4d0e93a75048a4a1b0d11041405bbc,251b54ce92724e93863d0502f601ee05,5,Ótimo produto,Recomendo muito este vendedor!,2018-05-18 12:22:12,2018-05-19 12:22:12
10a9312d010c4393b0273858cd4c964a,213e8cd072dd41ee9d10a66670a3904c,5,Ótimo produto,Recomendo muito este vendedor!,2018-05-27 21:22:12,2018-05-28 21:22:12
dac2fb5c1b8444aea893db590fb86dfa,c113b06de5ea449abd45da0224d6288f,5,Ótimo produto,Recomendo muito este vendedor!,2018-05-20 18:22:12,2018-05-21 18:22:12
43f7cc6f495c4908b6c51d2d01839366,7ff989ab4c6044bf82a6f27f10b143d9,5,Ótimo produto,Recomendo muito este vendedor!,2018-03-29 09:03:59,2018-03-30 09:03:59
2a55628fbb494f2aac62eb842aaba4a6,3090ea6e0ca84dd88968df1822dd10d1,5,Ótimo produto,Recomendo muito este vendedor!,2018-04-04 11:03:59,2018-04-05 11:03:59
449722f6a12f4a75a7f3ccc10c1ca57d,2c2b15895d504ebd9f4c881cc1c7f4cf,4,Ótimo produto,Recomendo muito este vendedor!,2018-03-26 08:03:59,2018-03-27 08:03:59
785c98ee9b424092a0a7634d31581605,5732edd0db484bb7bc64c0990bdff1ce,5,Ótimo produto,Recomendo muito este vendedor!,2017-12-07 02:26:06,2017-12-08 02:26:06
92acb7d12edc43c18b7f9e56d9f22aff,63c0ef25fc0d406da74d5b537904994b,5,Ótimo produto,Recomendo muito este vendedor!,2018-02-02 01:26:06,2018-02-03 01:26:06
df0b874144f5465e8a7f6082cada8153,159c3cacba8c49d0baf519b05a381414,4,Ótimo produto,Recomendo muito este vendedor!,2018-03-09 06:05:29,2018-03-10 06:05:29
2357cda3344a4073b081f45b70572c46,b4ef226c8a2d4c4a8ed8cce9c5e1ba6e,4,Ótimo produto,Recomendo muito este vendedor!,2018-02-05 16:05:29,2018-02-06 16:05:29
a474c9b2e84f40e889ba371370f9af02,1baf0d9ad2c04628bfd434772ecc9602,5,Ótimo produto,Recomendo muito este vendedor!,2018-04-09 08:05:29,2018-04-10 08:05:29
e3fabd82b87d4d4f986fae064d4ae4c1,67cf9163ad0744fa8abc1416dc67734e,5,Ótimo produto,Recomendo muito este vendedor!,2018-02-22 01:05:29,2018-02-23 01:05:29
f805b640fb2a47fcb75bc2bd2b405ad3,83e0c2a847194f0285f8efe3ab03e803,1,Atrasou a entrega,Demorou para responder.,2018-02-01 07:05:29,2018-02-02 07:05:29
06f99c78cbcd43d09a33145c2df37f2c,77c3848ea4104dc68ca76a99df3555ca,4,Ótimo produto,Recomendo muito este vendedor!,2018-02-05 18:05:29,2018-02-06 18:05:29
df884888cc56424b8d3f0bcf2e117388,ee77b035b4b0480fabcccc36a9f7b3d3,3,Atrasou a entrega,Demorou para responder.,2018-02-15 22:05:29,2018-02-16 22:05:29
676bfcb2468f4aa4a3d28edba285d7f4,25c3626a2d39460792f21f9cc26d4db1,5,Ótimo produto,Recomendo muito este vendedor!,2018-02-08 06:05:29,2018-02-09 06:05:29
a5c65d28b3474a14bf09ac774e2e6e10,957f54bdd63b432b9d34f5ccf62e77bc,5,Ótimo produto,Recomendo muito este vendedor!,2018-03-03 10:05:29,2018-03-04 10:05:29
752346873c1d4b89a40379b0d5e50e5b,e3748eb8f105429faac560dc6ce0e03e,5,Ótimo produto,Recomendo muito este vendedor!,2018-03-05 03:05:29,2018-03-06 03:05:29
61900acc22b647828ca1d867a94fcd12,d778a3a541d34605b313f2aff70cb26f,5,Ótimo produto,Recomendo muito este vendedor!,2018-02-06 22:05:29,2018-02-07 22:05:29
5aed1b0cb69049e99f7364f7ad0b9de0,c86a3a0884104b3093324cf27e6de3d7,3,Atrasou a entrega,Demorou para responder.,2018-02-22 10:05:29,2018-02-23 10:05:29
6677d372711641b89b5a297fd0a55767,119692b586c74fabba27f5feb92c3764,4,Ótimo produto,Recomendo muito este vendedor!,2018-03-01 05:05:29,2018-03-02 05:05:29
4a2732de501b48e4b894478f2cb309c3,cb104b4cd708467e9689af50c131decb,5,Ótimo produto,Recomendo muito este vendedor!,2018-01-31 02:05:29,2018-02-01 02:05:29
4a543d9e3bb442b08727ca47a74cce2d,e9d34733197f4274803093c204b71126,5,Ótimo produto,Recomendo muito este vendedor!,2018-02-25 03:05:29,2018-02-26 03:05:29
957ba849f1504a78bd3a754b302df560,9bb22d7a757042a096a15d2d00b9117e,5,Ótimo produto,Recomendo muito este vendedor!,2018-02-07 01:05:29,2018-02-08 01:05:29
f00260cd39e94f64bdaadc433ef2482f,e8d28ac5f9c741d3848a3eefb0a25dff,5,Ótimo produto,Recomendo muito este vendedor!,2018-02-12 09:05:29,2018-02-13 09:05:29
18976a7086de4184995dfaa97ced7614,cac0a344554d48218c12f4d27b63e2b8,4,Ótimo produto,Recomendo muito este vendedor!,2018-02-12 23:05:29,2018-02-13 23:05:29
068b02b0d5c441dcb7d57f45d1664b99,1632ff46456247f4bf254ea9d52961f3,5,Ótimo produto,Recomendo muito este vendedor!,2018-02-18 20:05:29,2018-02-19 20:05:29
b7fba68b94fe430d88e50acc0f80aa37,18b37403493140eab1a72bcfe3244082,5,Ótimo produto,Recomendo muito este vendedor!,2018-03-05 10:05:29,2018-03-06 10:05:29
03edc1edda8248f785509760b1b7792a,984a6d7171ba4709a197331434004363,5,Ótimo produto,Recomendo muito este vendedor!,2018-03-06 08:28:53,2018-03-07 08:28:53
f90d0ce2a69b4d0a8e3f0846feb0b808,6b8a565d64004ed1aa23033b80945e8d,5,Ótimo produto,Recomendo muito este vendedor!,2017-12-23 10:28:53,2017-12-24 10:28:53
38f6c412683d415298a2807f8dc37a98,d3bee96a15504b1da4121ab20eaea2f0,5,Ótimo produto,Recomendo muito este vendedor!,2018-03-08 11:01:25,2018-03-09 11:01:25
9ce8d165ae87484e95d67eb6648afc0c,a2abfd3443bc4f2bbee0307765403551,5,Ótimo produto,Recomendo muito este vendedor!,2018-03-08 11:01:25,2018-03-09 11:01:25
2fc5024ea8394ebba3557176e207b548,ca460d1bb0614f5f960436fdb9ef1ff1,4,Ótimo produto,Recomendo muito este vendedor!,2018-03-16 12:01:25,2018-03-17 12:01:25
0dda63b7cb9d4a3ba11299ca6eafc7f7,0bf7366ada0d4f9ea8e6a4c6ab6b6f67,5,Ótimo produto,Recomendo muito este vendedor!,2018-02-23 07:20:55,2018-02-24 07:20:55
d466fc4414fe4b61ae9b6b9508738a78,ed73e64f5b144a189d15a645ff47b1a1,5,Ótimo produto,Recomendo muito este vendedor!,2018-02-10 21:20:55,2018-02-11 21:20:55
94dae9c1970141b0903b34f889452c6d,8dc68d4167bc4e75aff638207111dafc,5,Ótimo produto,Recomendo muito este vendedor!,2018-02-08 10:20:55,2018-02-09 10:20:55
675f5925b5b14c2ebfac13fbeebc17a1,623dc3f155504e859f3226d4f0d4869a,4,Ótimo produto,Recomendo muito este vendedor!,2017-09-08 00:22:59,2017-09-09 00:22:59
83eeba2fe1cc4be183180c21c5085cf9,7407025595d74246b7d4deb058572494,3,Atrasou a entrega,Demorou para responder.,2017-09-07 13:22:59,2017-09-08 13:22:59
d748beedbb5b4c29be488efc75dd2ec9,474e96d05ce345488552c35be3e2cec3,3,Atrasou a entrega,Demorou para responder.,2017-09-06 16:22:59,2017-09-07 16:22:59
440b120db37a40609cdf570f2082cf37,f03df28fbf4e4b8cbb4c02eba827904c,3,Atrasou a entrega,Demorou para responder.,2017-09-19 02:22:59,2017-09-20 02:22:59
c8e0360f9093407a996459db13c5ec65,aaeed860a64b411f88584df36169e777,4,Ótimo produto,Recomendo muito este vendedor!,2017-09-30 02:22:59,2017-10-01 02:22:59
9a072bd1c8c945c9a2762ba48bd88a4c,bfa9aca9ec1d4b0ca072abd1e3d7922c,2,Atrasou a entrega,Demorou para responder.,2017-07-10 06:37:00,2017-07-11 06:37:00
b68bcd33064d42b682c9619eb2a70ca6,e561a662c8bc48f29ee6f2d77292dcd9,3,Atrasou a entrega,Demorou para responder.,2017-10-15 00:40:24,2017-10-16 00:40:24
4c0d190753504baebc6054b8dee8c806,33c58a2937f4404fa9534e3bd25c39ae,5,Ótimo produto,Recomendo muito este vendedor!,2017-10-13 16:40:24,2017-10-14 16:40:24
c389f3b8e8364b3cba5b08c3c09939ef,7f109df9236846cdab2b081570ca6785,1,Atrasou a entrega,Demorou para responder.,2017-10-08 06:40:24,2017-10-09 06:40:24
e679e3975f664d89a82d2b991e046daa,374759a65292456ebfcbb88378e68b27,5,Ótimo produto,Recomendo muito este vendedor!,2017-11-15 03:40:24,2017-11-16 03:40:24
433688f980704f2984554b4f5773f859,97ce3e4989034594b3bcec9c5861b179,5,Ótimo produto,Recomendo muito este vendedor!,2017-10-19 19:40:24,2017-10-20 19:40:24
a52fc8eadf2f4b07ad303c52bb12d707,12b7b5c419704f1a8e2ba4e97ffa524b,4,Ótimo produto,Recomendo muito este vendedor!,2017-10-16 04:40:24,2017-10-17 04:40:24
69655990aadb42719dd2ffa5fa39b477,c2baf37d689a48f384fea42659db8af8,5,Ótimo produto,Recomendo muito este vendedor!,2017-10-12 15:40:24,2017-10-13 15:40:24
8382c3b82aff4cef80f4598f13b5eaad,9054fefacaa943318b7e8221a2a677fe,4,Ótimo produto,Recomendo muito este vendedor!,2017-10-15 00:40:24,2017-10-16 00:40:24
4320f5bc1cd44dbe9c5307cda3a9792d,10aea23d5f04436f9d8818273f242707,4,Ótimo produto,Recomendo muito este vendedor!,2017-11-10 06:40:24,2017-11-11 06:40:24
13cb801e10e54806b26fe508195368cd,d9aa421664874e008b961c4b56a73222,3,Atrasou a entrega,Demorou para responder.,2017-11-19 03:40:24,2017-11-20 03:40:24
20433086825a46089ead8476cce07c56,136026c927ab4b05a5653e7a2183457b,5,Ótimo produto,Recomendo muito este vendedor!,2017-10-20 18:40:24,2017-10-21 18:40:24
085fa0a29ff047d597c606a513c03ad8,4d7b0bd788234262965fdaa3cfe1256a,5,Ótimo produto,Recomendo muito este vendedor!,2017-10-17 11:40:24,2017-10-18 11:40:24
9f3b0eff15fa425d98523817632700fa,7df12a6a7a4d4968adf3430cf94716fd,5,Ótimo produto,Recomendo muito este vendedor!,2017-10-21 23:03:56,2017-10-22 23:03:56
589d5215f6604e86b29b6839d33f65f4,df925b2a81954c47a01e986bcb5beb26,5,Ótimo produto,Recomendo muito este vendedor!,2017-10-28 19:03:56,2017-10-29 19:03:56
d6719b92676949009eb1f5293788dc4e,effc6684070b4b3f93f6003f499e2187,5,Ótimo produto,Recomendo muito este vendedor!,2017-10-03 07:03:56,2017-10-04 07:03:56
7fcab815ac2041f18a65a7b813b1f565,2b3e110c8c074f04b49a2e211da2637f,4,Ótimo produto,Recomendo muito este vendedor!,2017-09-06 22:03:56,2017-09-07 22:03:56
e8b4127787e14aaca47c1aafbc4c59e5,e9fd362dc2f2440799115f009e0004df,5,Ótimo produto,Recomendo muito este vendedor!,2017-09-18 11:03:56,2017-09-19 11:03:56
5c57603bad934898a6d40e4cd080e4fc,c5a277e3bad445f8baebb17ea0793683,4,Ótimo produto,Recomendo muito este vendedor!,2017-11-17 16:03:56,2017-11-18 16:03:56
19e7584493b6478796b1fcf6ea111e82,bed88f393bd64e4098b1ecdc2c3d3acd,5,Ótimo produto,Recomendo muito este vendedor!,2017-09-14 16:03:56,2017-09-15 16:03:56
1ba95744f71940b9b592f348c57be36d,1d3bd88454a94228b88c7f748bd98d06,5,Ótimo produto,Recomendo muito este vendedor!,2017-09-12 20:03:56,2017-09-13 20:03:56
8c79c938262040cd9e6e4de12e86b1c3,86a8673da8094309826ede86352ff6f8,5,Ótimo produto,Recomendo muito este vendedor!,2017-09-12 05:03:56,2017-09-13 05:03:56
df7e663a2f8d4d8f8fababf866e0284a,986e9e496f4d4dbebede1295cb3b569b,5,Ótimo produto,Recomendo muito este vendedor!,2017-10-06 20:03:56,2017-10-07 20:03:56
c93fba1e483141cfaf8f5e1ae6c21ea6,f756ba35b5f7446388085dd7666a3899,5,Ótimo produto,Recomendo muito este vendedor!,2017-09-02 21:03:56,2017-09-03 21:03:56
3ef037d0d22a4e3f899e197dc7161fe0,3efd3a85027b4db49ea774865c8076cd,1,Atrasou a entrega,Demorou para responder.,2017-09-16 21:03:56,2017-09-17 21:03:56
9f8d8d7a1bb449879bda9963b6252d85,1bfbdd4487624f7ba1375f5337166822,5,Ótimo produto,Recomendo muito este vendedor!,2018-04-01 07:02:06,2018-04-02 07:02:06
7911ddd4425e431f87327f1ddceb6002,2f2d49e227264bb3a5ec288b6d453f01,2,Atrasou a entrega,Demorou para responder.,2018-04-01 10:02:06,2018-04-02 10:02:06
548d78c374c545429ba6c50ac46e98bf,6ba9c78ee1a140de91b7682563333c65,5,Ótimo produto,Recomendo muito este vendedor!,2018-03-24 11:02:06,2018-03-25 11:02:06
b0be543632134ef39c12649db96aadd2,96b5de477023480280b0928a16cdacbe,4,Ótimo produto,Recomendo muito este vendedor!,2018-03-24 22:02:06,2018-03-25 22:02:06
5706c37b8f3841ffaf6a7ab83c163b3e,8f72a5b0cee34cc095b24b9ced0e3e9c,5,Ótimo produto,Recomendo muito este vendedor!,2018-04-02 23:02:06,2018-04-03 23:02:06
ac15640f898c4234a4b85b8f0d167c74,915c678e9bc2440e94f635cc0faa0e03,5,Ótimo produto,Recomendo muito este vendedor!,2018-03-29 06:02:06,2018-03-30 06:02:06
fd2ad234c0c342aa8255856bfdf287f1,03a8a46a186441088465b009deed96a9,5,Ótimo produto,Recomendo muito este vendedor!,2018-07-01 00:02:06,2018-07-02 00:02:06
91ca9385e16f41b3aa1939427c1f5640,a65425870cc3421ea2d088e569f2d4bb,5,Ótimo produto,Recomendo muito este vendedor!,2018-03-27 07:02:06,2018-03-28 07:02:06
74e9c9a2034c489aa6e0dc3b92c575a7,485b6b5fc65e4938aa205b3b4a47e3a2,5,Ótimo produto,Recomendo muito este vendedor!,2018-04-27 05:11:13,2018-04-28 05:11:13
a0063d1cb43d4c01be7c497bba64bff3,938a357e498c41dd86d7ed42fd574f32,5,Ótimo produto,Recomendo muito este vendedor!,2018-05-07 18:49:52,2018-05-08 18:49:52
6f9eb5dfdd184bd89248f20cded26102,439441efe9e94ca6a76e6f13d0125e73,5,Ótimo produto,Recomendo muito este vendedor!,2018-05-10 18:49:52,2018-05-11 18:49:52
38aa87cffe404ff79a4578a0c6e08b92,a1cd25d1812b4795bb3b585ce2e88656,5,Ótimo produto,Recomendo muito este vendedor!,2018-06-01 09:49:52,2018-06-02 09:49:52
5e6864b807b247e6bef876a43d8657da,1906f382985e44308edcaf4a259d1160,5,Ótimo produto,Recomendo muito este vendedor!,2018-05-07 18:49:52,2018-05-08 18:49:52
3f01785e0da94234902270f18f4019ff,427eb09c5e9c49fe8dbd8c5e43800ae5,5,Ótimo produto,Recomendo muito este vendedor!,2017-09-08 10:56:24,2017-09-09 10:56:24
e59200649dac4c4e958be96b47eb86da,a382bae3b86843f2aac7ad270082bfb1,5,Ótimo produto,Recomendo muito este vendedor!,2017-09-08 00:56:24,2017-09-09 00:56:24
8508eee850bc4679825e7e2acf29bc69,87764860814d4fe3b0ed5b5cefb50b3f,5,Ótimo produto,Recomendo muito este vendedor!,2017-09-11 05:56:24,2017-09-12 05:56:24
c1918ef7bc7c480a8797388dc8a6dea5,fd903b44b357464f915bdf102d25d613,4,Ótimo produto,Recomendo muito este vendedor!,2017-09-09 20:56:24,2017-09-10 20:56:24
43b69c585baa416fb3c978c34f59bdc1,79047c351f7e47ed8c6e44e8d175cb18,5,Ótimo produto,Recomendo muito este vendedor!,2017-07-14 19:12:17,2017-07-15 19:12:17
19a230316b4f44bfbdc23ac76f17444c,f56c22745bad481aa86658920d09c63b,5,Ótimo produto,Recomendo muito este vendedor!,2017-10-03 08:17:40,2017-10-04 08:17:40
afd897c426fe42c2b7bf6a0f105f54b7,1b1446395eda4dee8b814c046aa27bc6,5,Ótimo produto,Recomendo muito este vendedor!,2017-10-04 17:17:40,2017-10-05 17:17:40
5003e8a462b64a5bbcf0cd2a4f6150ca,9851502d3fff44229d22ae4557e8e564,5,Ótimo produto,Recomendo muito este vendedor!,2017-10-05 16:17:40,2017-10-06 16:17:40
33a24db25c1446e1af88047b311ee857,b2320d7ef570469c9303009af81fb3cc,5,Ótimo produto,Recomendo muito este vendedor!,2017-12-15 04:17:40,2017-12-16 04:17:40
a83295cb68004bb2877e0640373986f5,e66bccc672224bf688d9c65f52ca43b8,5,Ótimo produto,Recomendo muito este vendedor!,2017-10-18 04:17:40,2017-10-19 04:17:40
675b413e47a1453f8af9245fc58e35b0,eec6046480c4403aa96f1b7c157a6897,5,Ótimo produto,Recomendo muito este vendedor!,2017-10-06 21:17:40,2017-10-07 21:17:40
29ecb6def0334230b4289f521556101d,64552d1919f04f32ba33df51a61b83ce,5,Ótimo produto,Recomendo muito este vendedor!,2017-10-04 17:17:40,2017-10-05 17:17:40
3e50c1c97ce348228795525d0729de1a,d16578ea74a04320b318c02dc58e805f,4,Ótimo produto,Recomendo muito este vendedor!,2018-03-19 15:05:43,2018-03-20 15:05:43
100c7f93d6fd492a956c7b1a2b04ed2d,8f94c084e8df47a6a64669546817c419,5,Ótimo produto,Recomendo muito este vendedor!,2018-04-02 19:05:43,2018-04-03 19:05:43
ee4852fa67dc47d0858718145f3cced5,ccbd8bd3023b43d282ec31eb98072f5d,4,Ótimo produto,Recomendo muito este vendedor!,2018-03-17 20:05:43,2018-03-18 20:05:43
af28de8fff6e4650a24aabb980810555,ce8b930d8daa4400a5a4e2be492d6be0,5,Ótimo produto,Recomendo muito este vendedor!,2018-04-21 10:05:43,2018-04-22 10:05:43
540308cab81745958afdf596fa48053a,888fb56eb8d948da8094a64a00209a64,2,Atrasou a entrega,Demorou para responder.,2018-03-17 13:05:43,2018-03-18 13:05:43
0c00c1f5604e4a16bb33cb8bc53b2319,f33641ec0824452fb9743a46171229b3,5,Ótimo produto,Recomendo muito este vendedor!,2017-07-20 02:14:01,2017-07-21 02:14:01
71f21f5d49cf4eeb8adb364d64f393e4,8b4e10a55a13471da1b610bc0cacc021,5,Ótimo produto,Recomendo muito este vendedor!,2017-10-02 14:41:26,2017-10-03 14:41:26
65686d0996b8421b9a47e52a33d12ad0,3ac2942860a9459ca83476625a83ea0f,3,Atrasou a entrega,Demorou para responder.,2018-03-02 13:59:46,2018-03-03 13:59:46
fab0878a94a0412bbbccf2cd2a084429,d65648d711f44c309a4171fc32e60799,5,Ótimo produto,Recomendo muito este vendedor!,2018-01-23 08:59:46,2018-01-24 08:59:46
3975462f207244468215b3b645e1bf6d,0f92a69245f34581b468585357c178b9,5,Ótimo produto,Recomendo muito este vendedor!,2018-02-22 23:59:46,2018-02-23 23:59:46
862c666071134b62a613055fcb127d8c,7abaaf53476348d985106b7969cbae81,1,Atrasou a entrega,Demorou para responder.,2018-02-08 04:59:46,2018-02-09 04:59:46
34ef88a1ebac47c1944294dd30ad1ca2,6aacf9d4e57a4875807f10425d7f7490,5,Ótimo produto,Recomendo muito este vendedor!,2018-01-27 07:59:46,2018-01-28 07:59:46
83216c5dcaff4e718a9397ffa42f83d9,cd7bffb37dbd4e098e7b030684e577b2,5,Ótimo produto,Recomendo muito este vendedor!,2018-02-04 00:59:46,2018-02-05 00:59:46
0acbcec0dd224f7c874f942731059e38,8f5d4815dc2a4a37b6ae25ebad23f7f4,5,Ótimo produto,Recomendo muito este vendedor!,2018-01-31 10:59:46,2018-02-01 10:59:46
ab416371b65b4a77bfbe6d56c68226be,6b9a020c77a2440096e8aabc3ea60c6a,5,Ótimo produto,Recomendo muito este vendedor!,2018-01-22 21:27:05,2018-01-23 21:27:05
7101d4615d2f43489c4679b87d134095,d6a55449c3f4433984b46b09d9cf0c38,5,Ótimo produto,Recomendo muito este vendedor!,2018-01-18 18:27:05,2018-01-19 18:27:05
9d8c01336a574dbcbb8a873ba45b288e,f6c2c43d4f3f48fa9ce27914084bb403,3,Atrasou a entrega,Demorou para responder.,2018-01-24 04:27:05,2018-01-25 04:27:05
ff4a65d69c6d4d37a740eb83c31a68c7,41eb8db8f28a45acb30b0b7e06eac593,5,Ótimo produto,Recomendo muito este vendedor!,2018-02-13 16:27:05,2018-02-14 16:27:05
ce481720b2244a4984ebe20b9746adfa,0c4ff9b794674f12b63122c950b2e920,4,Ótimo produto,Recomendo muito este vendedor!,2018-02-04 00:27:05,2018-02-05 00:27:05
7b90733f24cf4ce3b384ced1c192419e,6cc88e48b7e0493ab08805edeb26de37,5,Ótimo produto,Recomendo muito este vendedor!,2018-01-13 00:27:05,2018-01-14 00:27:05
b5e083fc530b458b830b4d8010ab377b,03c94e28457e493280067cb8dd24df3f,3,Atrasou a entrega,Demorou para responder.,2018-02-15 15:56:19,2018-02-16 15:56:19
bef87d2b67fe4a2886811ac77e3a23c9,3d49e4580000498b8036384f52b500d6,5,Ótimo produto,Recomendo muito este vendedor!,2018-02-03 11:56:19,2018-02-04 11:56:19
fa67f6047f364222bd28b2b842fab290,8ac5410eaae64f68bd2bbc39e180a241,5,Ótimo produto,Recomendo muito este vendedor!,2018-02-08 09:56:19,2018-02-09 09:56:19
3dbd6aed9e404b68b1ca86355131f83b,17fd0a2f319a4e67b3d7a0e96b531e14,5,Ótimo produto,Recomendo muito este vendedor!,2018-01-26 13:56:19,2018-01-27 13:56:19
2751e7d9192640c084a1d0770ce4cc31,c79727cbd5284139bba4662132f1c276,5,Ótimo produto,Recomendo muito este vendedor!,2018-01-20 13:56:19,2018-01-21 13:56:19
14c6777829de44a3af80e2111849d114,ab255487c5d14f1f87089175de40a124,1,Atrasou a entrega,Demorou para responder.,2018-01-17 11:56:19,2018-01-18 11:56:19
357b7b3755634966b72a96ff24c225b0,5feb2d8c90b4414eb1044cf1586fb0d6,4,Ótimo produto,Recomendo muito este vendedor!,2017-12-12 12:34:47,2017-12-13 12:34:47
f5a4bea59f3d4ed2825c721685fef921,41f7a1ac5b5240af887e0a2835530007,5,Ótimo produto,Recomendo muito este vendedor!,2018-01-10 11:34:47,2018-01-11 11:34:47
5bc5e6aecdd84ef9ae8f1ea04fccc28e,674e0c23b38c4b3e8c9510e9a690d600,5,Ótimo produto,Recomendo muito este vendedor!,2017-12-24 15:34:47,2017-12-25 15:34:47
4377eea48f43432aa35bd9ff0c0de327,cafa953ecf6d428a950e077cf5cdf520,5,Ótimo produto,Recomendo muito este vendedor!,2017-12-06 21:34:47,2017-12-07 21:34:47
01ff4dbc947144c5ab89b93f308dc393,f704d85b2f8d4dc4826dbe9c0bd4dfa8,5,Ótimo produto,Recomendo muito este vendedor!,2017-12-31 13:34:47,2018-01-01 13:34:47
60458b621226487c9d72e6d38c6fef15,1bfbdd12b19e4404b281f1a1844f9dfe,4,Ótimo produto,Recomendo muito este vendedor!,2018-07-06 08:45:52,2018-07-07 08:45:52
030017626f924c488840f4bb05ee5134,e891ad84d0c54a239a208861d0f2442f,4,Ótimo produto,Recomendo muito este vendedor!,2018-07-14 17:45:52,2018-07-15 17:45:52
01d8e9218d5c40c398bd7f209e10c3dd,1072f232f5a64654bb26e47dd723817e,4,Ótimo produto,Recomendo muito este vendedor!,2018-07-08 06:45:52,2018-07-09 06:45:52
5c321580b7dd41cf813f045f9ad4bb5b,cd8faa85e2304ebb8f24127a1e623a22,5,Ótimo produto,Recomendo muito este vendedor!,2018-07-23 03:45:52,2018-07-24 03:45:52
b1da50d8558048b4b76cbcc78fd0b58d,5bc5d086b8b74671b47fb1b1d2d1993c,5,Ótimo produto,Recomendo muito este vendedor!,2018-05-11 03:43:56,2018-05-12 03:43:56
ab67999dc088424482b8d3fac35f03d3,185d3ee388cd4b5abc1c4ba1c98a3f5a,4,Ótimo produto,Recomendo muito este vendedor!,2018-05-15 01:43:56,2018-05-16 01:43:56
7f1d9253c49c4c9a9f01f4cd32f04b8e,32faa0d9fcf44071a8f1c2ef30d1a7cb,4,Ótimo produto,Recomendo muito este vendedor!,2018-05-07 16:43:56,2018-05-08 16:43:56
51def1b09fc84830bb50442802dc6b8d,6fac9ba826864596906ed64c02f57aa1,5,Ótimo produto,Recomendo muito este vendedor!,2018-05-05 08:43:56,2018-05-06 08:43:56
1093736e91ba427fb00d9cd726b85a33,c1e0c2be7b374d41b020d890f83f3848,5,Ótimo produto,Recomendo muito este vendedor!,2018-05-02 12:43:56,2018-05-03 12:43:56
7d2f579bff3d408d8ff375c11d4ba33d,e939a6334d04475c9d718ef4e6adfcd9,5,Ótimo produto,Recomendo muito este vendedor!,2018-05-27 22:43:56,2018-05-28 22:43:56
82bad27620de4fb5ac96cacbfb5121ed,185f8c490a4b47289a8184d3825a26fe,4,Ótimo produto,Recomendo muito este vendedor!,2018-05-19 14:43:56,2018-05-20 14:43:56
6616a459a290423188585391b78c64d4,3a403b9522a743dbb7edb4876548eca5,4,Ótimo produto,Recomendo muito este vendedor!,2018-03-15 10:08:59,2018-03-16 10:08:59
fb702c5f32be44adbd5f95b56ae0fe82,472bdd3cc8f64c219b97a0d287164b90,4,Ótimo produto,Recomendo muito este vendedor!,2018-01-22 23:31:14,2018-01-23 23:31:14
9ffba983b1c4444a81b10726c453d58e,13014f47497c483e9c6d306927c6d95d,5,Ótimo produto,Recomendo muito este vendedor!,2018-01-26 12:31:14,2018-01-27 12:31:14
63632cca7a50449ab0c32d8d0d9e8508,31a7abe041d5431192371649f1f25c0e,5,Ótimo produto,Recomendo muito este vendedor!,2018-03-10 04:35:44,2018-03-11 04:35:44
8c7f2f0c45d24999a5caed8331558287,d767ffd4d90e45ee919aa4a014725450,5,Ótimo produto,Recomendo muito este vendedor!,2018-01-03 05:35:44,2018-01-04 05:35:44
61f4ce77f9874fb0a79ee1bbfc5915fc,15a8565fdbdd4326acb1e65822088ce9,4,Ótimo produto,Recomendo muito este vendedor!,2018-01-14 18:35:44,2018-01-15 18:35:44
db8ecb1b8ade463d8da186d2487e9ccd,f97129463bb547c09c6a7211f4506e6a,5,Ótimo produto,Recomendo muito este vendedor!,2018-01-06 03:35:44,2018-01-07 03:35:44
ece535c523484db88ce15409a37718b7,ccf66b4d01f74fe89150d2f76acfeace,5,Ótimo produto,Recomendo muito este vendedor!,2018-01-14 22:35:44,2018-01-15 22:35:44
35c513f9eeda40f9a0d56a5376610a95,89b292a578284675bd5849cd479597ab,2,Atrasou a entrega,Demorou para responder.,2018-03-17 07:35:44,2018-03-18 07:35:44
963e96d1b3df40e7af5d3cd17e683ed2,d55d1395672642cfb6f0d28a8dd3067a,5,Ótimo produto,Recomendo muito este vendedor!,2018-07-07 04:05:32,2018-07-08 04:05:32
f1c3fa3f5666407e8d4a8a0b81a4828d,f84d0c9137d34c06bd216b7d030566fe,5,Ótimo produto,Recomendo muito este vendedor!,2018-06-12 14:05:32,2018-06-13 14:05:32
e946343583a042d090269d7fbb68708f,296c3e6c73964c57bbe0477bffbef9d8,5,Ótimo produto,Recomendo muito este vendedor!,2018-07-12 12:05:32,2018-07-13 12:05:32
183d1e6c9aad474e9c3cbd0cd0b2fca2,5ee4ae744fbf423fa1a3fdfd9783c43b,5,Ótimo produto,Recomendo muito este vendedor!,2018-06-18 02:05:32,2018-06-19 02:05:32
2e657c37f6134d0fa8ba82467019331c,badb81b026f3420fa42ef23bfdf1b641,5,Ótimo produto,Recomendo muito este vendedor!,2018-06-11 23:05:32,2018-06-12 23:05:32
84ba3fea62eb484ca4ee0f9dfc0be553,87845def5e804a358726c5e927a41236,5,Ótimo produto,Recomendo muito este vendedor!,2018-06-08 23:05:32,2018-06-09 23:05:32
0f3e6ba9e8eb4e94b4b8d962cd159983,488ae82a80ad4d1fa14fa788ee67dccb,4,Ótimo produto,Recomendo muito este vendedor!,2018-05-26 12:05:32,2018-05-27 12:05:32
c3975e5757a24468a781fbd7766a7730,36c56f2a6cd74144ba80f8dac8e4fda0,5,Ótimo produto,Recomendo muito este vendedor!,2018-05-28 11:05:32,2018-05-29 11:05:32
cdbe9fd4d4ca49c2aa91d082b206ee28,edc3cb46df344f27a86c572a57cd3b23,5,Ótimo produto,Recomendo muito este vendedor!,2018-07-27 06:05:32,2018-07-28 06:05:32
3182a45b97ca46bdb2b5b45077c290ac,ca31ff0b05db4f3882e3b74e9c2607fd,1,Atrasou a entrega,Demorou para responder.,2018-06-16 13:05:32,2018-06-17 13:05:32
5838c7ff028e4df5b83aba2786f2624f,c801923308e44274a747dae2e4809871,4,Ótimo produto,Recomendo muito este vendedor!,2018-06-02 10:05:32,2018-06-03 10:05:32
0a640e954c9d4058954fdb91fbdfa919,f1dbd32c6f8c48a29eea798a394f71e1,3,Atrasou a entrega,Demorou para responder.,2018-05-28 01:05:32,2018-05-29 01:05:32
b05d74e95a804ad1b74856bbc7d7599c,274103ce4b54445eb6d2e2a8fcbc3eb8,5,Ótimo produto,Recomendo muito este vendedor!,2018-06-03 03:05:32,2018-06-04 03:05:32
c575be80fb9b49a79521e6aa3bd779da,e878353ac44346e79da54dd40fa4b78c,5,Ótimo produto,Recomendo muito este vendedor!,2017-07-20 12:11:40,2017-07-21 12:11:40
062c598c5a274d00b367a046779d088a,7402b9d7e60a4f1aa6f44246a7c41253,4,Ótimo produto,Recomendo muito este vendedor!,2017-08-06 10:11:40,2017-08-07 10:11:40
aa5dd3c9f18a4e71a69ddbd859f46bff,d782da7fff2748298dfb9f72440a1897,5,Ótimo produto,Recomendo muito este vendedor!,2018-04-24 22:22:45,2018-04-25 22:22:45
34b4dbb80eb84a33942d524fa6eec2c2,8f138585f4fe47fbadbf0449914c0e4d,5,Ótimo produto,Recomendo muito este vendedor!,2018-04-16 20:22:45,2018-04-17 20:22:45
f20da36884b748aa92d3c5c6f075e385,a8e355a2614345a4834e13c0d75c6fbf,4,Ótimo produto,Recomendo muito este vendedor!,2018-05-24 04:39:09,2018-05-25 04:39:09
82a5ceb215804e308ebaba8d6e307c96,e98622c1dd804ffbaa21264e58dc1b3f,5,Ótimo produto,Recomendo muito este vendedor!,2018-05-24 18:39:09,2018-05-25 18:39:09
1fec1fdf9511402b9a0e313bc0e6cf49,a207deef940e44dfbf986f6cfcbbfb9c,4,Ótimo produto,Recomendo muito este vendedor!,2018-05-10 04:39:09,2018-05-11 04:39:09
193d3e7f7e8b46c79e9c4f0c222cec10,331e821efc0642de977829dbc145cad6,5,Ótimo produto,Recomendo muito este vendedor!,2018-05-12 05:39:09,2018-05-13 05:39:09
8318e8084f6340e6a6eb2c74f4f82e0d,af85d35621fe480ca07634c35bf3c226,1,Atrasou a entrega,Demorou para responder.,2018-07-19 05:39:09,2018-07-20 05:39:09
189ff08f9848476bb31a0011b33c951f,e9636b42553347d4a4a989efaf49b9ff,5,Ótimo produto,Recomendo muito este vendedor!,2018-04-29 21:39:09,2018-04-30 21:39:09
ceee394c716c4a83b9dbdb6a67016db0,861654adb80f40fe864502026418ab1b,3,Atrasou a entrega,Demorou para responder.,2018-04-25 09:39:09,2018-04-26 09:39:09
7bc6e6c6c8e54eb49f49166b6b2a2ed1,352c327be372465bb87d9378e75287dc,5,Ótimo produto,Recomendo muito este vendedor!,2018-04-24 17:39:09,2018-04-25 17:39:09
5e79e6a597b7485cb75d01a70abcd22d,372b4cbef3bb4d9fafe75994d0dbd3b1,2,Atrasou a entrega,Demorou para responder.,2018-06-13 15:39:09,2018-06-14 15:39:09
136221e043634eafac399fd0587e4f9e,5f9ff1fe924845f5b8621415f586867b,5,Ótimo produto,Recomendo muito este vendedor!,2018-05-14 05:39:09,2018-05-15 05:39:09
78b1c98548ee46eb8b017b5cfb3d7407,99461201c6214f5983268d383639210a,5,Ótimo produto,Recomendo muito este vendedor!,2018-04-28 21:39:09,2018-04-29 21:39:09
0524c96bfb69440cb6c850b57c4498cb,69a5179664ae44459c65bf91b9150278,4,Ótimo produto,Recomendo muito este vendedor!,2018-05-21 08:39:09,2018-05-22 08:39:09
36819b8819cb4a3abfd5414b7888e1e9,9f83250dd240491c8929a6ab8a1b8228,5,Ótimo produto,Recomendo muito este vendedor!,2018-05-04 22:39:09,2018-05-05 22:39:09
1eeceee43fe14359ae54e2628945ea65,00f2f28276734032aff89d88702ed441,4,Ótimo produto,Recomendo muito este vendedor!,2018-05-31 17:11:14,2018-06-01 17:11:14
6d9eaa21e7834303a298df4764f4e857,6fc5256ac4074af09e63997f30a2c081,5,Ótimo produto,Recomendo muito este vendedor!,2018-07-17 10:11:14,2018-07-18 10:11:14
64e9a54c434042eaa942821cfb375411,9a69802f0e2042c18463db17e58225da,2,Atrasou a entrega,Demorou para responder.,2018-06-16 09:11:14,2018-06-17 09:11:14
9e908fc0bce04802a7818753c7347d6b,80fa42601f7946b3bd60c6dd825d583a,5,Ótimo produto,Recomendo muito este vendedor!,2017-10-08 22:39:58,2017-10-09 22:39:58
2e695d3538504dc9b74bf5002f5f57bb,3ef7141ceab04c0c9ff4d6a0aa1be985,5,Ótimo produto,Recomendo muito este vendedor!,2017-10-07 02:39:58,2017-10-08 02:39:58
b7bc9bffb6264e1790a241563a28faab,1e87c3aae8a6487ba05c39182600e0b8,5,Ótimo produto,Recomendo muito este vendedor!,2017-10-07 21:39:58,2017-10-08 21:39:58
ac4952e3399647278b7e30cc5d84cfb4,5dfeb1e0b57546c88f7e28dbc2a90537,5,Ótimo produto,Recomendo muito este vendedor!,2017-10-27 19:39:58,2017-10-28 19:39:58
9992da5a3d6149bbbae47b76d6bd9fde,d1e91478788f4759bd36ec8f0548d1a5,3,Atrasou a entrega,Demorou para responder.,2017-10-14 07:39:58,2017-10-15 07:39:58
b48e4e8bfbd5444a93aedf3fc33fb04e,45b05a78d61c4e3b8e4d6ca15cd8dc60,5,Ótimo produto,Recomendo muito este vendedor!,2017-10-16 17:39:58,2017-10-17 17:39:58
ca1bfb2053444add8be97fe3ec4c5d02,35a60cb0031c47fcb3b5e1940b0be0af,5,Ótimo produto,Recomendo muito este vendedor!,2017-10-03 09:39:58,2017-10-04 09:39:58
64a747b6d05c4c8fa00e9d78b9a9a5e1,9251ce21303e432ea85bcddfff4c36d8,5,Ótimo produto,Recomendo muito este vendedor!,2018-03-01 22:27:23,2018-03-02 22:27:23
c6def97ad36e45bf923ce1930e7050c1,6733e8aa3cd344a4affbf5377ef4c995,5,Ótimo produto,Recomendo muito este vendedor!,2018-03-26 01:27:23,2018-03-27 01:27:23
5193c0a1bbfe4ac8aca1ecc1857cbbf6,64f6eaf356a042669f2a9316969a4735,5,Ótimo produto,Recomendo muito este vendedor!,2018-03-03 16:27:23,2018-03-04 16:27:23
d7d3e178b0474fe08d848ae4ef3bf4e8,d52b716af289495db48cc6a48e54e52f,5,Ótimo produto,Recomendo muito este vendedor!,2017-11-29 08:35:30,2017-11-30 08:35:30
fc9723b477f34cff9d93c2abeee3cda0,07ffeb14e84f4d0f96016601a648311d,5,Ótimo produto,Recomendo muito este vendedor!,2017-10-17 20:35:30,2017-10-18 20:35:30
dc60616cd91c49deb69e5293511ff353,8849561f94954e0a8601f09439777d82,5,Ótimo produto,Recomendo muito este vendedor!,2017-11-02 02:35:30,2017-11-03 02:35:30
fcc7ef4d77864c65bc563b8f35f97dc1,f87f83819bb940f6ac3e937c33ae3858,5,Ótimo produto,Recomendo muito este vendedor!,2017-12-04 08:35:30,2017-12-05 08:35:30
41fd85ff18ad49ea95f4dd4dfbc35250,e2c966bee3ab4b24997c738b6325f473,4,Ótimo produto,Recomendo muito este vendedor!,2017-10-18 00:35:30,2017-10-19 00:35:30
f2294305ca174aecb1c0c48a76e2d106,5ddeb0bf7cc4464e933f273924ff6395,5,Ótimo produto,Recomendo muito este vendedor!,2017-12-04 22:35:30,2017-12-05 22:35:30
60334f137d7f435c8174aaefa27dee49,a8f9d5df83494c1dba0b53635ddcc496,5,Ótimo produto,Recomendo muito este vendedor!,2017-11-09 07:35:30,2017-11-10 07:35:30
7d4b57ffe06f430d9dab19c011b56249,0f884520206b4519a283df52e8e2ded2,5,Ótimo produto,Recomendo muito este vendedor!,2017-10-18 09:35:30,2017-10-19 09:35:30
401c2dbafa604e57a4093c625e519df9,c8c351d5642a47e581dc881797e5bae6,3,Atrasou a entrega,Demorou para responder.,2017-10-15 11:35:30,2017-10-16 11:35:30
d4c8059663e74ffa9ead2f2a5443bc50,af571766a4e04f69adb4aebefd39bc42,5,Ótimo produto,Recomendo muito este vendedor!,2017-11-14 15:35:30,2017-11-15 15:35:30
4b2406584ac14caa814add3b4d10c435,40882786ba7e4028bf2caf632b5b5867,5,Ótimo produto,Recomendo muito este vendedor!,2017-10-23 23:35:30,2017-10-24 23:35:30
2b7b783794b84e8f8aced7496a2af7f8,df75bfb2d70848159c77803e01bb62a9,4,Ótimo produto,Recomendo muito este vendedor!,2017-10-27 09:35:30,2017-10-28 09:35:30
9dae6baee3e446b0bfebb9c3bec5c83b,32d1b1dfb1da47dd9b207486cfbaf423,4,Ótimo produto,Recomendo muito este vendedor!,2017-11-30 11:35:30,2017-12-01 11:35:30
bcfb44ddd4dd4abca7e9c94268249945,f95e5a4cc32f4353812f27737ac649a5,5,Ótimo produto,Recomendo muito este vendedor!,2017-12-15 00:35:30,2017-12-16 00:35:30
890bc492a5b54c51b3c9402ca5219292,e01fe2fb66284d78b74ccfcbaad99c32,4,Ótimo produto,Recomendo muito este vendedor!,2017-10-19 23:35:30,2017-10-20 23:35:30
8c5cae5976714bdfa1861e88d8bc893b,cee998bb5f7d47719d465c2c0b7e18b7,5,Ótimo produto,Recomendo muito este vendedor!,2018-07-02 22:24:00,2018-07-03 22:24:00
6d78d713ad094a26a26e9972b0304f34,e3ffa97c3d024c98a4f7095198146a77,3,Atrasou a entrega,Demorou para responder.,2018-06-21 14:22:20,2018-06-22 14:22:20
099459570a3a4ce89e1dd3a633a6ae10,785be048da074fc1a7eba5c2c0b56a7d,5,Ótimo produto,Recomendo muito este vendedor!,2017-10-26 21:20:19,2017-10-27 21:20:19
499acc747ead417e9ee01bffc0632650,ffa204dc656548669bd1813c9222a7c9,5,Ótimo produto,Recomendo muito este vendedor!,2017-11-23 14:20:19,2017-11-24 14:20:19
bd0e3678dce548968aabf5798a0ff3cb,b204d1aaa8b34f85a4362986064318f3,5,Ótimo produto,Recomendo muito este vendedor!,2017-10-07 16:20:19,2017-10-08 16:20:19
055dffdb77424a729288fea1202681da,790709432ade45b1a00a42a2de0bf844,5,Ótimo produto,Recomendo muito este vendedor!,2017-12-18 13:07:53,2017-12-19 13:07:53
0f5c4a31ac094341b0d8bf4b322dfa77,ada8c12564374e5dbf78a30bad6fecc1,1,Atrasou a entrega,Demorou para responder.,2018-01-02 04:07:53,2018-01-03 04:07:53
172b3002cc2d4defaf2d568ad8555c42,07437d48c281430ea8d7af01f44967e6,4,Ótimo produto,Recomendo muito este vendedor!,2017-12-27 21:07:53,2017-12-28 21:07:53
54c2e93b46ce4dc98f4a1fdbf43fae97,ef820e1d2dd745ad85684102da2b85ce,5,Ótimo produto,Recomendo muito este vendedor!,2017-12-28 04:07:53,2017-12-29 04:07:53
ca90be412bba40fea8936ac09795306f,6497964dfd41423e8a4a9b28f0ee4b4e,1,Atrasou a entrega,Demorou para responder.,2017-12-29 18:07:53,2017-12-30 18:07:53
2d2972e3bb134a70acba5cd1ed49fffc,2edba938ad0847a29b3b6183ac1ac925,3,Atrasou a entrega,Demorou para responder.,2017-12-17 03:07:53,2017-12-18 03:07:53
fc711045bf834c569a1ee7c5ce69d92c,6a5cf21f24ff4e34b2c73b35a6aef0ac,4,Ótimo produto,Recomendo muito este vendedor!,2017-10-28 08:41:52,2017-10-29 08:41:52
60a69e3926cb41f5ba64ada4d56a1488,2704761d8e804d70957945190b6afb6a,5,Ótimo produto,Recomendo muito este vendedor!,2017-10-17 21:41:52,2017-10-18 21:41:52
041c4ea379b44f9f810a927266be1047,5e051794ef374739b6c78f55e5a98f6a,5,Ótimo produto,Recomendo muito este vendedor!,2017-11-05 21:41:52,2017-11-06 21:41:52
15c8a915c8714c13a171cc2b5118c9fe,510f29f04ed04420975c2ed515b608a9,5,Ótimo produto,Recomendo muito este vendedor!,2017-10-29 08:41:52,2017-10-30 08:41:52
d5bdcc25bff64e44beaf762d34c2f00d,b2037e6bfe4f481eb82173bb3ae358ae,5,Ótimo produto,Recomendo muito este vendedor!,2017-10-17 05:41:52,2017-10-18 05:41:52
8781329028d641fa80b5aaf95070131d,69690d58c20044f98bb2a2725d131c11,3,Atrasou a entrega,Demorou para responder.,2017-10-18 05:41:52,2017-10-19 05:41:52
964cabde509344938371369a6e74b898,02f3741fc02844c992ee694d38112bb7,5,Ótimo produto,Recomendo muito este vendedor!,2017-11-26 16:41:52,2017-11-27 16:41:52
9fc0c0ed41354a7c9004220f08fb0c37,1f8acc5a58e04961919c8c93c56b8edc,5,Ótimo produto,Recomendo muito este vendedor!,2017-10-21 06:41:52,2017-10-22 06:41:52
8ce4780fda2d4c8bac5c7ef005a10df9,d9a6bff1ca964e14bcda12ca947c8abd,5,Ótimo produto,Recomendo muito este vendedor!,2017-11-23 00:13:45,2017-11-24 00:13:45
742fbe25f6c34a5287fa103fd47ddc19,42b7a77aa8e0453fb807fddba97e3060,5,Ótimo produto,Recomendo muito este vendedor!,2017-10-30 18:13:45,2017-10-31 18:13:45
549190dc833a4662989bb79f43707141,c104ac41b4a944568db498449037f0b7,5,Ótimo produto,Recomendo muito este vendedor!,2017-10-19 23:13:45,2017-10-20 23:13:45
be9f3bbf413249679d0167ca552a5a79,13f0f2f108034d5c8f8f2032ec5e1154,5,Ótimo produto,Recomendo muito este vendedor!,2017-10-26 04:13:45,2017-10-27 04:13:45
0cb70896f2844960a24f0f45fee694c0,5bc36dc3e8374aaf93c6241d0a758b83,1,Atrasou a entrega,Demorou para responder.,2017-10-16 06:13:45,2017-10-17 06:13:45
c98a1fc527924eac9b0e036fdb3c4dba,8251056b65844ed08206d41a2ed7902d,5,Ótimo produto,Recomendo muito este vendedor!,2017-12-13 11:54:20,2017-12-14 11:54:20
8dad46a07ce540929ef79aa049e0ac0e,3b55fdd0641d4ce2bb9fe3738f691a01,5,Ótimo produto,Recomendo muito este vendedor!,2018-04-06 12:38:08,2018-04-07 12:38:08
96f99951e8d44ce19bc6176d9d2a4b5a,527e30c4270c4accb20f818eec969387,4,Ótimo produto,Recomendo muito este vendedor!,2018-04-12 22:38:08,2018-04-13 22:38:08
49bfb3494c1d44938158479ef0c71b16,2f431bfedeae4be4bfddd0e19412362c,5,Ótimo produto,Recomendo muito este vendedor!,2018-03-29 21:38:08,2018-03-30 21:38:08
89da4ce5ee96413eb2d0e23a0c100b35,bfe4be48fe3f4c07b654d811547adbea,3,Atrasou a entrega,Demorou para responder.,2018-04-20 23:51:50,2018-04-21 23:51:50
ae3672f6fb9140e3aef96c5cbd74b862,e18a58633b104982bdb74d84fd37aaab,5,Ótimo produto,Recomendo muito este vendedor!,2018-04-18 20:51:50,2018-04-19 20:51:50
3cc34a6ebc8b409fb43122b71a26f7b7,2203ae47864043b0b5f078bde4b7bf98,5,Ótimo produto,Recomendo muito este vendedor!,2018-05-07 16:51:50,2018-05-08 16:51:50
765be87339a64812949012f7511134a0,63094061d44648bd8130340dd4f0c2bf,4,Ótimo produto,Recomendo muito este vendedor!,2018-04-15 09:51:50,2018-04-16 09:51:50
c498b78733834f60a61b00e980d9de55,834b3e4f07b44e509791dfa02f90744f,5,Ótimo produto,Recomendo muito este vendedor!,2018-01-17 22:08:59,2018-01-18 22:08:59
10ae15c06a59462b9467fc465b1c07df,520abf6125334def88682321b365c402,5,Ótimo produto,Recomendo muito este vendedor!,2018-01-04 02:08:59,2018-01-05 02:08:59
931198494f7846cb80f6ed05e07ad687,001a02ce02154444a275a2f7b9eb2523,5,Ótimo produto,Recomendo muito este vendedor!,2018-01-04 14:08:59,2018-01-05 14:08:59
d68e6e0677d74776a8288d63a11fa808,2486d17fa9cb4615bec2b5d695290cf6,5,Ótimo produto,Recomendo muito este vendedor!,2017-12-30 14:08:59,2017-12-31 14:08:59
a7000e17e88a4ed983b64e6213a35206,42acfe9374a64af58236147559ed5c61,5,Ótimo produto,Recomendo muito este vendedor!,2018-01-06 21:08:59,2018-01-07 21:08:59
22f0572ae9fb48efbba4d5ca7b074952,d5455cb605fd47e98793d8fd8bab6b5c,3,Atrasou a entrega,Demorou para responder.,2018-03-25 07:43:14,2018-03-26 07:43:14
50fef66cfe3549fdb531393b4f49c338,4730b72ce55b4f07982a12b584a13214,5,Ótimo produto,Recomendo muito este vendedor!,2018-04-23 04:12:07,2018-04-24 04:12:07
10fc62bdf012427e92065e71778b2a1e,ce0060aa6ab847ed943e0c3fa7a8f807,4,Ótimo produto,Recomendo muito este vendedor!,2018-04-17 01:12:07,2018-04-18 01:12:07
8feeb64eb0e2468ba2c844cbc93c67f0,4e0d65c8f21946d8a16b34b43a954152,5,Ótimo produto,Recomendo muito este vendedor!,2018-04-21 09:12:07,2018-04-22 09:12:07
9b5f536da1af4b2f95347a7c451dc9ec,3a64f432f7e94d9f982e14ff3bc5403c,5,Ótimo produto,Recomendo muito este vendedor!,2017-09-16 09:56:38,2017-09-17 09:56:38
a8587d9adc464fbcb315416ba143833d,5999ef3f3e334bc2be89d866fc8724a5,4,Ótimo produto,Recomendo muito este vendedor!,2017-10-02 11:56:38,2017-10-03 11:56:38
4be2a9dbff7541c789196551fedc665a,a5615421c3fd4cb3a9a833ee0f466ef3,5,Ótimo produto,Recomendo muito este vendedor!,2017-09-21 22:56:38,2017-09-22 22:56:38
faef185329654c659ed39154dc0f064c,c3fdafc84ca74f4897d0daa64278a24b,4,Ótimo produto,Recomendo muito este vendedor!,2017-09-24 19:56:38,2017-09-25 19:56:38
3c706e4c1b774c639392e2d03606b845,45c17a6202914fa896961fbb791aa09a,5,Ótimo produto,Recomendo muito este vendedor!,2017-10-14 12:56:38,2017-10-15 12:56:38
6c937f6b0a4a4f14aa4bba6db5f26126,1897cabade6141099ad4985ad8fe71db,5,Ótimo produto,Recomendo muito este vendedor!,2018-06-04 00:31:06,2018-06-05 00:31:06
537f1ebb089c448a8f0b00e877066e76,bf25683b0dc5412b93f3102f52b80c5d,5,Ótimo produto,Recomendo muito este vendedor!,2018-06-04 19:31:06,2018-06-05 19:31:06
f2b0ad790d914dadaacc28b85cfa54b4,c818235cafdf4c6e8451b1895b503629,5,Ótimo produto,Recomendo muito este vendedor!,2018-06-14 21:31:06,2018-06-15 21:31:06
e036469b076e438da565c9d24207295c,b47464d8a7ef42cea42288397facb583,2,Atrasou a entrega,Demorou para responder.,2018-05-21 04:31:06,2018-05-22 04:31:06
2c95b73f26d94ef389214eb6de6dd673,9e3896419ad945119037e387f5b5acaa,5,Ótimo produto,Recomendo muito este vendedor!,2018-05-17 11:31:06,2018-05-18 11:31:06
23b23e5694ef49e89b756e0042ce39dc,0e9932a420934be4a173b2f809579d5c,2,Atrasou a entrega,Demorou para responder.,2018-07-07 19:31:06,2018-07-08 19:31:06
981c730f289f4b209bae157e4369a401,0b0b00caae0644cdbdce44169b1a7d96,4,Ótimo produto,Recomendo muito este vendedor!,2017-09-25 12:02:25,2017-09-26 12:02:25
5276741730d84c3c875f647f6dda4d3b,c67e9444a76c41df88385602df971a05,5,Ótimo produto,Recomendo muito este vendedor!,2017-09-22 01:02:25,2017-09-23 01:02:25
5054e3fea7b54aaabbae5e701e058aa2,3a265ac52c314b959cb994e43666aa18,5,Ótimo produto,Recomendo muito este vendedor!,2017-12-05 21:02:25,2017-12-06 21:02:25
e7b813eceb5f4f248193b936cf8ae7e5,d61f2f9e5afe4b1988e76041144c5a56,5,Ótimo produto,Recomendo muito este vendedor!,2017-10-09 19:02:25,2017-10-10 19:02:25
f0182dc26d9549b998b695b1b69a204c,4ffdd8265dd74a1daa81070fadb98432,5,Ótimo produto,Recomendo muito este vendedor!,2017-09-27 13:02:25,2017-09-28 13:02:25
bd1f8e43575f498d860faf60c7b34f1f,517b186c6dcb4a8cbcbd1dd134435643,5,Ótimo produto,Recomendo muito este vendedor!,2017-10-09 02:02:25,2017-10-10 02:02:25
6bec6a4985914572a1c080d3bbb4ea46,02cea0ae612d4d27a44cb2497b7ee506,5,Ótimo produto,Recomendo muito este vendedor!,2017-09-27 19:02:25,2017-09-28 19:02:25
80f55ac755314ddeaf907206719baba3,c68bd883398b4e64b51ad8de6a6d17f3,4,Ótimo produto,Recomendo muito este vendedor!,2017-10-10 11:02:25,2017-10-11 11:02:25
6098f29cbd084a8196e6c40e6f3a7b8d,a85f7d3423f94011be75067e767c9de2,5,Ótimo produto,Recomendo muito este vendedor!,2017-11-04 08:02:25,2017-11-05 08:02:25
b810a1c9ce02441ba1337cbc8580dff4,248e6294720c4bb0af6b7a1b324f9b8d,5,Ótimo produto,Recomendo muito este vendedor!,2017-10-04 18:02:25,2017-10-05 18:02:25
ca545a158b204bb7b973dfcb410fca47,8227cf3d98e7497d9dd659e84961318b,5,Ótimo produto,Recomendo muito este vendedor!,2017-09-23 12:02:25,2017-09-24 12:02:25
3626dc37738d498da9bbda11661d796e,82307a6263db46bc9e4f134b78cc7aaf,1,Atrasou a entrega,Demorou para responder.,2017-09-20 01:02:25,2017-09-21 01:02:25
8336760b089d444985698b2f1fe7fab0,8c8cc8a4437e40b0a4f6e39da0e31acb,1,Atrasou a entrega,Demorou para responder.,2017-11-20 09:02:25,2017-11-21 09:02:25
8f30faa0e1d24d72889ffb9c6aad1a2d,21695920d75f4663ab037bb126a01ed8,2,Atrasou a entrega,Demorou para responder.,2018-04-13 13:12:12,2018-04-14 13:12:12
1f5d6f336125488fad6e4cfb21ef261c,804de4ef3c6d4009aa88f550f72148a8,5,Ótimo produto,Recomendo muito este vendedor!,2018-04-25 04:12:12,2018-04-26 04:12:12
09fbbaa2afcb4eada601936efc133b1a,c0cffe47120640648a22b9ae175ab1d9,5,Ótimo produto,Recomendo muito este vendedor!,2017-08-15 07:50:26,2017-08-16 07:50:26
038b6644c0374f1f90aa91935d2cf540,f855efe1e5d147b993c5969903b6064b,5,Ótimo produto,Recomendo muito este vendedor!,2017-08-07 04:50:26,2017-08-08 04:50:26
7caafb83db554d5b8ffc635ad912d745,38cfb9dd81c34fc9bf269e4daf284381,5,Ótimo produto,Recomendo muito este vendedor!,2017-08-10 12:50:26,2017-08-11 12:50:26
1e45a7436d914b15906b6e03c1d1cad9,bae5c7c48e9c4e52845082f60745b399,4,Ótimo produto,Recomendo muito este vendedor!,2017-07-22 13:50:26,2017-07-23 13:50:26
2c4f545131884301ad17efa9df1998ee,d7f175c3542642fe8e43f9c1b6e44ad3,5,Ótimo produto,Recomendo muito este vendedor!,2017-08-30 00:50:26,2017-08-31 00:50:26
14b8108ab75a4ccfbded6bcc326d4139,1c610d31c0d74e348f02cd2ed822adf5,5,Ótimo produto,Recomendo muito este vendedor!,2017-08-22 23:50:26,2017-08-23 23:50:26
d8d8079ae22d4a018eb4593fc248d59c,c233b9c84f474006a95d91b8d5c2fd66,5,Ótimo produto,Recomendo muito este vendedor!,2017-12-20 12:31:26,2017-12-21 12:31:26
b6f1f4ed0b2f4237832f989767533d40,54c4e0ea1fd1412cba3ddd6392aefbff,5,Ótimo produto,Recomendo muito este vendedor!,2018-01-22 23:31:26,2018-01-23 23:31:26
ff6cbb97a93d4543833b971129244550,d5e706d730c44995a69d93f61ea0c144,3,Atrasou a entrega,Demorou para responder.,2017-12-24 17:31:26,2017-12-25 17:31:26
94e9f78db47e4030acff928b9ffe153d,fb2b1d143e8a4c429526e9a19bc2ae28,3,Atrasou a entrega,Demorou para responder.,2018-01-05 16:31:26,2018-01-06 16:31:26
1298ae0b58704d72a451c77015676aa4,935bba79b4ec4ba8a6a747e4455161c0,5,Ótimo produto,Recomendo muito este vendedor!,2017-12-23 15:31:26,2017-12-24 15:31:26
1f820e9831584f9f956017598c32cf40,450b5f2541c940479b1d56966d3a012e,4,Ótimo produto,Recomendo muito este vendedor!,2018-01-02 12:31:26,2018-01-03 12:31:26
b3ae8c50b46d449b97e3bccfe2bbdbf0,8b1c1339d6bc428982e34c8cf63f5344,5,Ótimo produto,Recomendo muito este vendedor!,2018-07-03 04:36:01,2018-07-04 04:36:01
018a4c4c9dd6453bbf3bf44708e1057c,3ea6382184de4dab8b9b228850d32216,5,Ótimo produto,Recomendo muito este vendedor!,2018-06-25 02:36:01,2018-06-26 02:36:01
be92b848f4884f0c944ce7ca8e2871bf,d14eb253dec54098b6c89db5bb86e421,2,Atrasou a entrega,Demorou para responder.,2018-07-12 00:36:01,2018-07-13 00:36:01
a340561102c648ffa61ae823e97ba519,122de140a4954c978d7f2bb96c9ac1fb,1,Atrasou a entrega,Demorou para responder.,2018-07-11 23:36:01,2018-07-12 23:36:01
86148aeaaf10454ba12c7e5ae629727a,4f0d458dad30400e8224db60504fb40a,5,Ótimo produto,Recomendo muito este vendedor!,2018-06-25 20:36:01,2018-06-26 20:36:01
cbb34b71f0884e89aa177c3b8d771102,f21ccadaafc74ecd82e232f26c7cd689,5,Ótimo produto,Recomendo muito este vendedor!,2018-07-16 01:36:01,2018-07-17 01:36:01
2cb96fcc4d36410b90f320457fd63938,62818ba3524348339b61a9b819faeb1a,5,Ótimo produto,Recomendo muito este vendedor!,2018-06-24 03:36:01,2018-06-25 03:36:01
23e44c0a1798468498301b1cb4e67edb,f666ebcda65b4551aae156333661c421,4,Ótimo produto,Recomendo muito este vendedor!,2018-06-23 12:36:01,2018-06-24 12:36:01
0f4980de45374652af7a5c0bad979c77,3d4aaded01514b05a74e87e3fade4122,5,Ótimo produto,Recomendo muito este vendedor!,2018-06-22 05:36:01,2018-06-23 05:36:01
9036e0eff6e74e46bb665a550276e1d0,e5f492a903a64eaf914f19216c640434,1,Atrasou a entrega,Demorou para responder.,2018-07-02 07:36:01,2018-07-03 07:36:01
5088a9dc05b147e7a7c5b9ef3f6217ee,ff6ddce5646d44faa4658a425a69565a,5,Ótimo produto,Recomendo muito este vendedor!,2018-08-05 07:36:01,2018-08-06 07:36:01
0576e86679af477481eb8e9be7f739d6,85fd425b82f44e6382057bcf3e3b084c,1,Atrasou a entrega,Demorou para responder.,2017-07-23 14:36:25,2017-07-24 14:36:25
b2488a6f299244a6928d89943c0ef4a6,17b5b91cfd114eb9b7cc95b3fa48d4e6,5,Ótimo produto,Recomendo muito este vendedor!,2017-08-05 02:36:25,2017-08-06 02:36:25
318172650f0c4c299e350b0fc99e30f5,f59670a5a0f249b4967199e43ae2ee78,3,Atrasou a entrega,Demorou para responder.,2018-05-15 13:47:47,2018-05-16 13:47:47
6264a8b9a6994c8bb7025a14de89b541,86f672755270485eaa8281d769d83ea6,5,Ótimo produto,Recomendo muito este vendedor!,2018-04-26 18:47:47,2018-04-27 18:47:47
ac62ca90b2f346a0b6f366a806734648,49dfd26c912d4157abf19c492f2bde4e,3,Atrasou a entrega,Demorou para responder.,2018-05-20 05:47:47,2018-05-21 05:47:47
5b4c864745194660bc177bec2c9c4053,d5cc825860284b15a879d757c0d1da64,5,Ótimo produto,Recomendo muito este vendedor!,2017-10-01 17:45:23,2017-10-02 17:45:23
1cc7aeb682bc43aab3793ddb41bf67f0,6530e0815cc94c8ab10a676b7f09832e,5,Ótimo produto,Recomendo muito este vendedor!,2017-08-06 01:06:41,2017-08-07 01:06:41
b91abd4324204f5498a8b2d42dd8800f,54b340b085274a258301b1f6b4d90bfe,4,Ótimo produto,Recomendo muito este vendedor!,2017-08-22 11:06:41,2017-08-23 11:06:41
b3050f0d31d94ae38671d3abad3160b6,24823d0a95c54ad59ab0963c0a8d4505,5,Ótimo produto,Recomendo muito este vendedor!,2017-08-16 10:06:41,2017-08-17 10:06:41
48884ecdc5664e1b9c368b940551d3c5,47a02b5ff5124324bd7a4ec6dedef6d8,5,Ótimo produto,Recomendo muito este vendedor!,2017-08-05 10:06:41,2017-08-06 10:06:41
4809504f48f840b98d6b5fefc68a7881,f5a48ddd0f5e46ff9de01cbbcc1b097d,2,Atrasou a entrega,Demorou para responder.,2017-08-04 15:06:41,2017-08-05 15:06:41
6eec26d481424c43b830583cd03c77f4,b32eee63170f4d808e26a746d1255c55,5,Ótimo produto,Recomendo muito este vendedor!,2017-08-25 07:06:41,2017-08-26 07:06:41
a3531be89afc431c8a98ab3a366d80b9,517d062f0c714a3f9fca99e07b25a9f5,5,Ótimo produto,Recomendo muito este vendedor!,2017-08-21 05:06:41,2017-08-22 05:06:41
827d2cc1c5aa4c92851b720b8cdf1687,e636b29691154c29867085c390e8aca9,5,Ótimo produto,Recomendo muito este vendedor!,2017-07-30 08:06:41,2017-07-31 08:06:41
7d93f7a84863443d8cab67770f7624b3,dd8f9d23651e4d6b8f652823c44c146b,5,Ótimo produto,Recomendo muito este vendedor!,2017-08-06 21:06:41,2017-08-07 21:06:41
f302ffa72b8b4fcc902bd10a1b51c938,6f2c7ab0d86748809e143cc2a4e3984d,4,Ótimo produto,Recomendo muito este vendedor!,2017-08-15 07:06:41,2017-08-16 07:06:41
f06f8fbd59ce4fbebe2b3329d4510b37,b06e2bc2bfdc4390ba5eb25c532c8614,3,Atrasou a entrega,Demorou para responder.,2017-08-17 23:06:41,2017-08-18 23:06:41
da6b15c54ba84c0ab15c6e6894c9d1ce,d31b9f60aeed4c958bcd328c9d8d61ba,3,Atrasou a entrega,Demorou para responder.,2017-08-22 17:51:07,2017-08-23 17:51:07
94119e5a890e41c8aee2cc469c24890e,569b73c1f6eb40c9a22bf545b9d920ec,5,Ótimo produto,Recomendo muito este vendedor!,2017-08-11 19:51:07,2017-08-12 19:51:07
333523f385c844409b9451d572304880,83183306aadb4ba1aa00a795377c820c,4,Ótimo produto,Recomendo muito este vendedor!,2017-07-29 20:51:07,2017-07-30 20:51:07
96589275288d40f59f2680d74dc1c0a7,197fb8f8a2b24cfdb38ced1703bfe9b7,3,Atrasou a entrega,Demorou para responder.,2017-08-02 15:51:07,2017-08-03 15:51:07
2ae9d608cca64410a9dfe8888acc63d6,09e74a47974c47a1b6aa33d4fdd79e61,3,Atrasou a entrega,Demorou para responder.,2017-08-13 10:51:07,2017-08-14 10:51:07
02a1c7c01b3f4c10abc4c8dce493226a,ddb4195ab05b40089a67414cbceca70c,5,Ótimo produto,Recomendo muito este vendedor!,2017-08-08 00:51:07,2017-08-09 00:51:07
e7344e4dd0e84e0b800d5cbe7c7fe6da,319b92c1146949dba7b2ad0d1b3dc5a5,5,Ótimo produto,Recomendo muito este vendedor!,2017-08-19 03:51:07,2017-08-20 03:51:07
0ef0e60a141e458b89a660c082cdb2b7,4f94b88f8a7b4b17b5b88b4519478305,3,Atrasou a entrega,Demorou para responder.,2017-08-30 12:51:07,2017-08-31 12:51:07
fa4c1c5e0c1440178a8e8bea80984872,468687e7f16b408dbb0236b2f63c63a7,4,Ótimo produto,Recomendo muito este vendedor!,2017-08-19 18:51:07,2017-08-20 18:51:07
40be10f69b334730aab13d47329c3ad3,eeef9156e6ef49b79c54e74386a6d855,5,Ótimo produto,Recomendo muito este vendedor!,2018-04-27 05:48:11,2018-04-28 05:48:11
ff2e0e1500a9498e8302bf7b36179f17,e7fdb443fee34140a3274f82ae49dd3c,5,Ótimo produto,Recomendo muito este vendedor!,2018-04-28 03:48:11,2018-04-29 03:48:11
24f362f8847a41f19754c9dbe660ed70,795c4042446a46f09e3c263b49ee9744,4,Ótimo produto,Recomendo muito este vendedor!,2018-06-02 15:48:11,2018-06-03 15:48:11
6372adf9a7614d119a47b37e5b264b91,ebb8389ce336456da6abaafd78739608,4,Ótimo produto,Recomendo muito este vendedor!,2018-03-06 11:54:39,2018-03-07 11:54:39
9bd858a98c914fa5afa3f7c79e1bb6cd,3e9032d5393943f9b88aa91585f94553,5,Ótimo produto,Recomendo muito este vendedor!,2018-03-19 11:54:39,2018-03-20 11:54:39
e5e87c9c858b4bd59338cb9aca5458ef,94b45a6306cd44a69ea0aa56d485de51,5,Ótimo produto,Recomendo muito este vendedor!,2018-03-22 14:54:39,2018-03-23 14:54:39
9bf09793495c4dde9bb32495b04734d3,a57f121f75684597b750bb52afac25f2,5,Ótimo produto,Recomendo muito este vendedor!,2018-02-22 12:54:39,2018-02-23 12:54:39
9db0b43000324956b2749a9d8e61c453,d7366cf38c4c4b00bda93a56cd416ec4,5,Ótimo produto,Recomendo muito este vendedor!,2018-02-11 16:54:39,2018-02-12 16:54:39
db2120404cda41b9b215ba32f69dbefc,a52ad6d5f12f4133b0753b7e9d9aa798,4,Ótimo produto,Recomendo muito este vendedor!,2017-12-16 18:48:25,2017-12-17 18:48:25
2db0cefdc195498aa4fe5a8149a9b408,208ea0791d1c4b65875c588cb774baf7,5,Ótimo produto,Recomendo muito este vendedor!,2018-01-10 17:48:25,2018-01-11 17:48:25
3ba3556969de44d5a25ebfd68d9987bd,68a38ec350d9452e93d2be3efac04d57,4,Ótimo produto,Recomendo muito este vendedor!,2018-01-03 13:48:25,2018-01-04 13:48:25
dcb38bd67c464bfe8f27493a2a7581b4,75a654ccf3524604b2801d5e1236db88,4,Ótimo produto,Recomendo muito este vendedor!,2017-12-28 20:48:25,2017-12-29 20:48:25
607a6708c0154bf1956b384d2067564b,117e91807aba4dd29d331f51b40515bd,5,Ótimo produto,Recomendo muito este vendedor!,2017-12-12 12:48:25,2017-12-13 12:48:25
4f3d6f04aecd44499e587ee704259611,ab4a0a242b1d4e04ab1b94a65328bc5d,4,Ótimo produto,Recomendo muito este vendedor!,2017-12-02 09:48:25,2017-12-03 09:48:25
fc219c4b274e49f2ad3bdf98e5249084,5ea8c2413ac74129850a1c8fe9684bf7,4,Ótimo produto,Recomendo muito este vendedor!,2018-01-02 11:30:28,2018-01-03 11:30:28
c5a99c99612149e4a34ba70fa84eee7d,486f3b9825294daaa9ee167a2bba51ca,2,Atrasou a entrega,Demorou para responder.,2018-01-13 22:30:28,2018-01-14 22:30:28
932124fa7d794cd18add601146f28a66,1b27a089902242e98e1a5ea03964c7b3,5,Ótimo produto,Recomendo muito este vendedor!,2017-09-04 21:35:48,2017-09-05 21:35:48
4f1bb5c70e4b4e66a1bb4ae5c4591243,d0d180841bf04e7da8afa9c4bff057a7,5,Ótimo produto,Recomendo muito este vendedor!,2017-09-09 23:35:48,2017-09-10 23:35:48
01c8523c47234f74aedfccec84ca1d5e,379c30fd3919442a9ddfb7855b1a52c8,4,Ótimo produto,Recomendo muito este vendedor!,2017-10-01 02:35:48,2017-10-02 02:35:48
3c8dbaf91e4041f592e115891a3f2fb4,4a36ce4861f348889734975043052852,5,Ótimo produto,Recomendo muito este vendedor!,2017-09-15 01:35:48,2017-09-16 01:35:48
fbecc22cc3ea46a2aace5772e77b191d,e295917ab1564e29aa100e97681620f8,3,Atrasou a entrega,Demorou para responder.,2017-09-01 17:35:48,2017-09-02 17:35:48
12afb60e5290483f9b63abc41dfc351d,d00cf564b0f847d4ad2e9651b1c06e7f,5,Ótimo produto,Recomendo muito este vendedor!,2017-09-01 01:35:48,2017-09-02 01:35:48
2e57b783d15444cea29db1bbc372618e,ea98fc95ce384e77990723581547c2cb,4,Ótimo produto,Recomendo muito este vendedor!,2017-09-09 10:35:48,2017-09-10 10:35:48
1c6644887bf6416985055f34e09971b6,178b820ea01b47108842070793a2be42,3,Atrasou a entrega,Demorou para responder.,2017-09-19 12:35:48,2017-09-20 12:35:48
31a922a44c434b0888aa1a9797a202f5,753d51d9f9ab4a1d819645e0b90aba7a,3,Atrasou a entrega,Demorou para responder.,2017-12-19 21:09:03,2017-12-20 21:09:03
70f0ffca0ebe43b897c0bf06ea2a103a,595f71b352734f0ba6921a6e6cae36c7,5,Ótimo produto,Recomendo muito este vendedor!,2017-09-25 11:17:00,2017-09-26 11:17:00
37e0c84875174177b0c973075df62a1b,71d51b61070348d39132d33dcb7bd1c6,1,Atrasou a entrega,Demorou para responder.,2017-09-11 03:17:00,2017-09-12 03:17:00
de04e106e2cd4f0984c22eb9491b919d,71f1d601d3174b9fbc9406dac694db98,5,Ótimo produto,Recomendo muito este vendedor!,2018-04-13 11:17:02,2018-04-14 11:17:02
1e8627c200c444b7861af948af69e359,cd95ba418fe1454d9c5f2ac8cdcc6513,5,Ótimo produto,Recomendo muito este vendedor!,2018-04-16 01:17:02,2018-04-17 01:17:02
25984d2b28714faca8346fb5a228a853,013cb952455c4e7fa22da24c5fb8b2dd,4,Ótimo produto,Recomendo muito este vendedor!,2018-04-09 01:17:02,2018-04-10 01:17:02
d2c6e3b6d5ca4ac480cd299b82b8c2eb,d162a5c2d63d42eb844ecb4ad81b1f57,5,Ótimo produto,Recomendo muito este vendedor!,2018-03-23 05:17:02,2018-03-24 05:17:02
a3d70fd07d1a496b9d417864b6bc97ae,2cc8a6e7b3f144939ccc1ea7de77d475,5,Ótimo produto,Recomendo muito este vendedor!,2018-03-22 02:17:02,2018-03-23 02:17:02
a4b3b7d0815e45d68ed079749acd055e,f477c24ed26c4e56bbb1a42a2aa942b5,3,Atrasou a entrega,Demorou para responder.,2018-03-19 03:17:02,2018-03-20 03:17:02
bdbd39bfaf63460ea697dc72796c10e8,0ed001c57d3443cf8e2a8420a23f2c16,5,Ótimo produto,Recomendo muito este vendedor!,2018-03-26 13:17:02,2018-03-27 13:17:02
8c1235495381487bae4381262b19e3ff,4b5d12249da7459384a77ff0daa66a9a,5,Ótimo produto,Recomendo muito este vendedor!,2018-03-15 21:17:02,2018-03-16 21:17:02
a174258b790f4f0999c3dfe72469ca57,d0afa47060e8459cac5f4f98137ba72f,4,Ótimo produto,Recomendo muito este vendedor!,2018-05-26 21:17:02,2018-05-27 21:17:02
2288bbb0384d4f60869f4e5de4cb43dc,f48623f3e4ab4f06ac7bb50f06dbba9c,5,Ótimo produto,Recomendo muito este vendedor!,2018-04-04 12:17:02,2018-04-05 12:17:02
690f82981d8543d1b426be779a7d6c08,2a6f8c92c0d64f5ab90b32c7ecb426cb,4,Ótimo produto,Recomendo muito este vendedor!,2018-04-25 15:17:02,2018-04-26 15:17:02
4fd459233c3f413ebefb8cf9307ea0c5,e4fd10e7cf7f4d76989c3724ae7b6512,2,Atrasou a entrega,Demorou para responder.,2018-04-09 12:17:02,2018-04-10 12:17:02
584bdf5e291a4136899e21db95f4f5f1,f235d5f1e0b14e64aadb4d12f5c1d879,5,Ótimo produto,Recomendo muito este vendedor!,2017-08-15 05:26:00,2017-08-16 05:26:00
cf431d6a60b54b41834cc6c0706d6fc6,c80cf807bea44fbf87a7e82da30923b1,4,Ótimo produto,Recomendo muito este vendedor!,2017-09-17 17:01:25,2017-09-18 17:01:25
c00310527044450e9e6a74d95fc9b1c5,e1e52199074040e6af17a58ba2ae9e77,4,Ótimo produto,Recomendo muito este vendedor!,2017-08-14 21:01:25,2017-08-15 21:01:25
063a285da6664df889294b3ec183ae14,0d9e407029964603a21a4ee2a2f2b6fe,5,Ótimo produto,Recomendo muito este vendedor!,2017-08-20 08:01:25,2017-08-21 08:01:25
a802f8343b904952b5acb621e2a636a3,894e87ee59a84218a74639665b2f330b,5,Ótimo produto,Recomendo muito este vendedor!,2018-01-20 03:06:33,2018-01-21 03:06:33
f7b04fbf7677490583cace679acf0ae0,8eaaa507a3fd4b5e852b83a7f3af5498,5,Ótimo produto,Recomendo muito este vendedor!,2018-01-02 03:06:33,2018-01-03 03:06:33
541497d28d824e0796c1df286fd9a450,063c46cb32e74cebb8de68e343b0f04f,4,Ótimo produto,Recomendo muito este vendedor!,2018-01-03 23:06:33,2018-01-04 23:06:33
7b07f4c2f3354067b048b7a1fcc52fe7,a5621292f0e344c2a8aaade4fa8d93ca,5,Ótimo produto,Recomendo muito este vendedor!,2017-12-30 03:06:33,2017-12-31 03:06:33
050d7bcca40b4c25a38c22905c1bbb5c,7b749c7d779e4513bfe197a292e16c4c,4,Ótimo produto,Recomendo muito este vendedor!,2018-04-12 22:06:33,2018-04-13 22:06:33
8491bbc0e5794e32b24f990e88d71b1c,971b129d420d4773813234cc9f41787f,5,Ótimo produto,Recomendo muito este vendedor!,2017-10-04 04:27:39,2017-10-05 04:27:39
5d042193e9a642cd993a9754984706a3,8af0184ced884eb696e72583fe1e7acd,1,Atrasou a entrega,Demorou para responder.,2018-04-21 02:08:30,2018-04-22 02:08:30
028ac8d8596f4769be6a895a4913e9c8,d1674369e63e486da4185a47d8d0033c,5,Ótimo produto,Recomendo muito este vendedor!,2018-03-20 11:08:30,2018-03-21 11:08:30
6ab4ca036b564a24ba0f410bec298932,4dff026e068e4837bf10d13baa6f3a33,4,Ótimo produto,Recomendo muito este vendedor!,2018-03-30 03:08:30,2018-03-31 03:08:30
fc6cf68649e94138a0b04dfd7f315104,863e7b71143540a6a5d8bfb0b1d8ce02,3,Atrasou a entrega,Demorou para responder.,2018-03-18 11:08:30,2018-03-19 11:08:30
f2b8faac373d4f46b77f2d20ebcd5c19,974290ae8b62414eaf9b43afacc2d453,4,Ótimo produto,Recomendo muito este vendedor!,2018-03-15 08:08:30,2018-03-16 08:08:30
3a9eb9914ab34ffaaecd1b4e17df1fed,2d3c4a14bb4a424db57343520a3d0671,5,Ótimo produto,Recomendo muito este vendedor!,2018-02-27 06:58:46,2018-02-28 06:58:46
9127416238d842d395ddad8f67c0d7d2,6331317ccceb4e6e9905c0f9a208a37c,5,Ótimo produto,Recomendo muito este vendedor!,2018-02-27 00:58:46,2018-02-28 00:58:46
5fdd8ebf747f4030b1dfbe9eef8a5419,a02390e3e321491ebdc0090843383126,1,Atrasou a entrega,Demorou para responder.,2018-02-17 05:58:46,2018-02-18 05:58:46
8f33975c8a1a409ba2621a80607776d1,a3719bc29fe44ea18719f532e43d9d9b,4,Ótimo produto,Recomendo muito este vendedor!,2018-02-21 23:58:46,2018-02-22 23:58:46
a6f67a6e9ca34a939f043f2ec76ef99a,7e5b2233bfc140a583a1b6bf56654cd3,4,Ótimo produto,Recomendo muito este vendedor!,2018-02-21 00:58:46,2018-02-22 00:58:46
47518a64ae7b4706b71f14d0dc5b7820,50a77e201a504957986788a017b30cc3,4,Ótimo produto,Recomendo muito este vendedor!,2018-02-23 02:58:46,2018-02-24 02:58:46
5889dba1352f41e3845c8613eda2807e,56860c14dca2474d98021760c3c09506,5,Ótimo produto,Recomendo muito este vendedor!,2018-02-12 05:58:46,2018-02-13 05:58:46
69bdeadf5c3d49e6a03d66c56a5260d1,2a3adaa25c874bc288c542ddf26ff368,5,Ótimo produto,Recomendo muito este vendedor!,2018-03-05 04:58:46,2018-03-06 04:58:46
75e2d1dd66804b6c90ab51556db901aa,bc3be7cc46774ac3af7538c52c536e3d,3,Atrasou a entrega,Demorou para responder.,2018-03-09 12:58:46,2018-03-10 12:58:46
3cd8f2d56a484194bfd651637a89ae88,33fc31778944430083220f7d7b9450de,5,Ótimo produto,Recomendo muito este vendedor!,2018-02-22 02:58:46,2018-02-23 02:58:46
03802f9bd7704d1d8b677097fbb1d20d,5f26dd2a6b0245adbb87573f4ce25ce9,4,Ótimo produto,Recomendo muito este vendedor!,2018-07-09 03:34:52,2018-07-10 03:34:52
50fb9ec9f1fd4813b20fd55bb5fc7dd4,955799661a7d4c3195237540686c4175,3,Atrasou a entrega,Demorou para responder.,2018-06-27 20:34:52,2018-06-28 20:34:52
6faeab5a053d42f1ab800b0a75d6033c,451a30b4178e43098dea607ff179f33e,2,Atrasou a entrega,Demorou para responder.,2018-08-09 14:34:52,2018-08-10 14:34:52
95a88b9ab7df495688d19743a91e81da,c1e691321ce54ce5947f36c3b7ba14ff,5,Ótimo produto,Recomendo muito este vendedor!,2018-07-21 17:34:52,2018-07-22 17:34:52
55ac45d923374c5d9477092180a148ab,acb3e7bf8b8b43e39cce28b46e75094c,5,Ótimo produto,Recomendo muito este vendedor!,2018-06-24 03:34:52,2018-06-25 03:34:52
31ddfa893ee1493686ef5eb866ae55ea,051855b1c8c24bf8b732b0359992353a,5,Ótimo produto,Recomendo muito este vendedor!,2018-01-22 15:05:18,2018-01-23 15:05:18
dce6493ee34d4c42b886abc2908e717a,3286f43e984f451a9028f799adf1750f,5,Ótimo produto,Recomendo muito este vendedor!,2018-01-22 12:05:18,2018-01-23 12:05:18
e1a3f890da8140f5aa3ae8b48402c176,90ce36325e5d4767af66aea7ac461850,3,Atrasou a entrega,Demorou para responder.,2018-02-15 14:05:18,2018-02-16 14:05:18
c8f98f29eeb84e25935ed3873ed13594,430538e35de64968bc192a4b37b88ce1,4,Ótimo produto,Recomendo muito este vendedor!,2018-02-24 23:05:18,2018-02-25 23:05:18
e1d62b581636460fb6aa8e3db0dc6e8d,c8bf9453d6264966b3635a947bb4e5bf,5,Ótimo produto,Recomendo muito este vendedor!,2018-02-13 23:05:18,2018-02-14 23:05:18
a9526a978f4148c7a01a0c156459a95c,6f33532637b84ce780510489dbe156b6,5,Ótimo produto,Recomendo muito este vendedor!,2018-02-06 05:05:18,2018-02-07 05:05:18
e274f3a4c0cd48a3a1825a1c10672a61,1270078248004df3b49aa91929fc41f2,1,Atrasou a entrega,Demorou para responder.,2018-02-11 22:05:18,2018-02-12 22:05:18
9e368b275d49437db4c71588848e1cc0,092980bdbc5d4020bdc745ab833d8160,5,Ótimo produto,Recomendo muito este vendedor!,2018-02-09 15:05:18,2018-02-10 15:05:18
d48b862bc7db4e69b904f21a2869995d,04a4aac6dc0a4277a76296b8361211e5,5,Ótimo produto,Recomendo muito este vendedor!,2018-02-01 00:05:18,2018-02-02 00:05:18
506eb7d3bc904ce782ae4ec315963dfe,fd0aa437a93542dbb14d79106acfa96a,5,Ótimo produto,Recomendo muito este vendedor!,2018-02-04 02:05:18,2018-02-05 02:05:18
480fba2e730e4be8aaa6e48663a7be25,9b27282c6591454a8f78d2c0513a41e2,5,Ótimo produto,Recomendo muito este vendedor!,2018-01-28 21:05:18,2018-01-29 21:05:18
1c4bda8a7cae4df8b1cf4dcb13798f01,5821f208e160499691c60fe5dc1b10a8,5,Ótimo produto,Recomendo muito este vendedor!,2018-05-01 02:00:57,2018-05-02 02:00:57
f6e45597f706415aa35ee96a530dc774,0ad9fa3a97764d75811b237bdb28a99e,5,Ótimo produto,Recomendo muito este vendedor!,2018-03-15 17:49:40,2018-03-16 17:49:40
f403f97d2e56464fbd0c90218dacde54,912bbec8f9bc4299877c0de71a1f771a,5,Ótimo produto,Recomendo muito este vendedor!,2018-03-31 19:49:40,2018-04-01 19:49:40
d9e94711fe7f4ecd9db47579cdbf4fb9,4b0e5df65bbb40ec925796660f7f469d,4,Ótimo produto,Recomendo muito este vendedor!,2018-02-25 07:49:40,2018-02-26 07:49:40
672812d12225423db670039cff7b3b29,3c570a2e9c6d4fe5836010968daac2d0,4,Ótimo produto,Recomendo muito este vendedor!,2018-03-06 01:49:40,2018-03-07 01:49:40
a687831adafa459d86e2b39d08442b7e,23af5529d2a74fd3b830c32b68e88840,4,Ótimo produto,Recomendo muito este vendedor!,2018-03-16 23:49:40,2018-03-17 23:49:40
8c11ea4c166f4a9783660316dbe0d170,97f9ead17fd04f05a5a535105261b692,2,Atrasou a entrega,Demorou para responder.,2018-03-16 10:49:40,2018-03-17 10:49:40
dce4ed0dfd784d23887b09b6996e8606,471cd2328b954c9c81c2d038412aeae0,5,Ótimo produto,Recomendo muito este vendedor!,2018-08-03 01:58:52,2018-08-04 01:58:52
51c739be7e654ff29f65608f4e059176,f7bfcdbcc738411f9599023f10a65ae7,5,Ótimo produto,Recomendo muito este vendedor!,2017-08-27 06:13:17,2017-08-28 06:13:17
9626aff1a68845e4bd9b594d5f3286af,a853344967a94df7981cd71206c6d40c,3,Atrasou a entrega,Demorou para responder.,2018-01-26 17:48:24,2018-01-27 17:48:24
454e608a39494ae5bf0997336e9957c0,0287725550a34748a3d49a934a254b83,5,Ótimo produto,Recomendo muito este vendedor!,2018-06-19 20:01:16,2018-06-20 20:01:16
e0e10cf9ae3345af84840235ed982cf4,e1884791c8684d198cab5e02cdce3b7e,5,Ótimo produto,Recomendo muito este vendedor!,2018-06-28 13:01:16,2018-06-29 13:01:16
6ff0ffb09db14bcf92260b1f0cf03aec,17541076f60246e2b3eea591ef70c1b0,2,Atrasou a entrega,Demorou para responder.,2018-06-13 06:01:16,2018-06-14 06:01:16
d4e10514dc11408a85694cc6465291b1,c246239ac8cc4eb3ab2c7beedad21355,4,Ótimo produto,Recomendo muito este vendedor!,2018-07-29 00:01:16,2018-07-30 00:01:16
60fbf1d6dcba4e25b429a7f4a619069d,ba0a67d3b17e4fd1ae0b25cf735c54e7,5,Ótimo produto,Recomendo muito este vendedor!,2018-06-18 08:01:16,2018-06-19 08:01:16
77a0ed9664354e8cbb64dca53a811747,46c1c3f90ee04141af84aa23b3d998fc,5,Ótimo produto,Recomendo muito este vendedor!,2018-06-12 03:01:16,2018-06-13 03:01:16
c133a38073f64ba18915c731f75d473a,325ede4ba739479aa5d4e9dd6318baa8,4,Ótimo produto,Recomendo muito este vendedor!,2018-06-14 09:01:16,2018-06-15 09:01:16
93329b9e78544f0a82b8be83b388d700,eab92417efd4449b8941427cbd787fef,5,Ótimo produto,Recomendo muito este vendedor!,2018-06-12 22:01:16,2018-06-13 22:01:16
e284ccf0f1574765bcf045c22ab1e6f9,0c2ab9a29d404e80b5ed6d3decb2fa77,4,Ótimo produto,Recomendo muito este vendedor!,2018-06-10 20:01:16,2018-06-11 20:01:16
0499ace0d2f445869aa392fd58321bb7,2e870bb29f2d4d528e0e5e0df605b8b1,4,Ótimo produto,Recomendo muito este vendedor!,2018-06-14 12:01:16,2018-06-15 12:01:16
cdfbdb579afd46de8075620ac7298211,2677f8acb2a346db9fc0aa4d23a98bbd,5,Ótimo produto,Recomendo muito este vendedor!,2018-06-10 23:01:16,2018-06-11 23:01:16
1c6319ae84b445be928a4fbb39a4442c,42e35764ed5d4d82b360a1f4c042c7e6,5,Ótimo produto,Recomendo muito este vendedor!,2018-06-28 00:01:16,2018-06-29 00:01:16
46995d45766041e79bb8c30d61228155,b6d6e07632664234ae922a06694538ea,2,Atrasou a entrega,Demorou para responder.,2018-06-11 07:48:03,2018-06-12 07:48:03
76c942111075449bb9af9d3558c5cd74,bf66d37efd334a53a377fccbe2162971,2,Atrasou a entrega,Demorou para responder.,2018-05-08 11:48:03,2018-05-09 11:48:03
2ecf533939834183a3704dd01f6c67f9,93279c44e5274cb49ae402b0cb759bde,5,Ótimo produto,Recomendo muito este vendedor!,2018-05-12 11:48:03,2018-05-13 11:48:03
07e328162d194893bfed0ed1cbd085ce,76bec2fb8d2c4fb49b45a9cf0bcd00ee,5,Ótimo produto,Recomendo muito este vendedor!,2017-11-03 03:23:56,2017-11-04 03:23:56
40e92eb0e57e4b19b7124e54413d3294,25739681b14d4f38b922237da1e3122a,5,Ótimo produto,Recomendo muito este vendedor!,2018-01-30 00:11:03,2018-01-31 00:11:03
15d7b16ddb2a436a8a8620840cf5c061,e3c419c3a4d54d0f938e92c112a2b9d3,4,Ótimo produto,Recomendo muito este vendedor!,2018-01-29 06:11:03,2018-01-30 06:11:03
07a2e525b4a842229d1234d8ff4ea576,492eb19637224c62b4012797f4de99ed,5,Ótimo produto,Recomendo muito este vendedor!,2018-01-16 20:11:03,2018-01-17 20:11:03
45c530a467bd4d1cb4971da967a3bcc3,7173b78aba6847c094df7003f32f00bf,1,Atrasou a entrega,Demorou para responder.,2018-01-29 19:11:03,2018-01-30 19:11:03
48ded38364eb45c294a27aa925072465,7fc772b37f924fa790fbe403e6efc4a4,5,Ótimo produto,Recomendo muito este vendedor!,2018-01-13 15:11:03,2018-01-14 15:11:03
09a81a8bf4eb4c76bc22838e77f9c500,ebfd39a135624b938399b8a95bb85bc4,5,Ótimo produto,Recomendo muito este vendedor!,2018-01-12 17:11:03,2018-01-13 17:11:03
a2727d9efbe4445d83fa3d26cf4c1bd8,f57aad7ef66d42d89399291ed1fe4d81,4,Ótimo produto,Recomendo muito este vendedor!,2018-03-08 12:11:03,2018-03-09 12:11:03
ebe0389387ea48789fda0a8b33c1582a,e2ec86eaae044d43bfd93e2c0dddd89a,3,Atrasou a entrega,Demorou para responder.,2018-01-25 22:11:03,2018-01-26 22:11:03
aa26200fb3214078a4ac21be404872bd,2e8bfef28491494aae2a7a6bc7cb000a,4,Ótimo produto,Recomendo muito este vendedor!,2018-01-16 11:11:03,2018-01-17 11:11:03
ef0499570849478396c28da0ae0e3268,e6c633217cf8476ab6b0690021835f7a,5,Ótimo produto,Recomendo muito este vendedor!,2018-01-17 15:11:03,2018-01-18 15:11:03
27d68ea5092443a88279443b55950e50,988f545017b645bf898c2fffd4c0d863,5,Ótimo produto,Recomendo muito este vendedor!,2018-01-16 14:11:03,2018-01-17 14:11:03
fa2336531f4343e789224af3ff933ab1,aa7cb08f3f0e430f9baac9209d6ae75a,5,Ótimo produto,Recomendo muito este vendedor!,2018-03-09 21:11:03,2018-03-10 21:11:03
e2100e14fcfe41ec803495f95b822c2f,32739332353f4ac39c6c86ec0dffb254,1,Atrasou a entrega,Demorou para responder.,2018-01-21 07:11:03,2018-01-22 07:11:03
4131b60a80e54154b5f8bd8f74e9a1db,6fee3bdc0e6141e980ee75fa646f0a60,5,Ótimo produto,Recomendo muito este vendedor!,2018-02-02 22:11:03,2018-02-03 22:11:03
0af77ca59852430e8cfba6d0c38e8e30,e66e4f521fd84e94a6401856ae82424c,1,Atrasou a entrega,Demorou para responder.,2018-03-29 17:19:20,2018-03-30 17:19:20
8602704b23bf44f3923159c0ed384910,a70541f174614e699cb4b32a65b0dccb,2,Atrasou a entrega,Demorou para responder.,2018-03-29 01:19:20,2018-03-30 01:19:20
edb2fc75bd704c4eac1da5c96cd8f5ea,007e4c183ced433091194082e9e79787,3,Atrasou a entrega,Demorou para responder.,2018-04-17 01:19:20,2018-04-18 01:19:20
797e36481b324f15b7e61e8b2aea6dc6,894e51ec994b4b58bf471a2e26af595d,5,Ótimo produto,Recomendo muito este vendedor!,2018-04-27 22:19:20,2018-04-28 22:19:20
cdb275e0d3094e778258988e81f72a99,23d5d2ddc056486d9a6d78923fc875cf,4,Ótimo produto,Recomendo muito este vendedor!,2018-04-13 14:19:20,2018-04-14 14:19:20
6193d977974644dd912ba9f120826c76,050a857e37044e7cb1f56641e22b26b3,1,Atrasou a entrega,Demorou para responder.,2017-08-02 16:27:01,2017-08-03 16:27:01
6de2513cbe7e4a7ea9e87195c2220871,e4ae026fc51642c38a4813b335bb3cf9,4,Ótimo produto,Recomendo muito este vendedor!,2017-07-29 18:27:01,2017-07-30 18:27:01
82fec87e3d7040038e268c08c2be11a5,3bd9b8934b4c4a56be09871c47ae003f,3,Atrasou a entrega,Demorou para responder.,2017-07-31 11:27:01,2017-08-01 11:27:01
318f910153c345869056d220f674f424,2b3497bc5b264ef193dd55f21d3017af,5,Ótimo produto,Recomendo muito este vendedor!,2017-08-22 01:27:01,2017-08-23 01:27:01
b0709be48fe74fed88017d2300cd858e,0bbf7d4ba3f44e2aa864cfdfe98281bf,5,Ótimo produto,Recomendo muito este vendedor!,2017-08-08 04:27:01,2017-08-09 04:27:01
071102f6016347a291fd8e31d1cda742,4b00c912673e414bab1f934b33342960,5,Ótimo produto,Recomendo muito este vendedor!,2017-09-06 14:27:01,2017-09-07 14:27:01
cdf1806bc4724cbaaa174e00fd7ff367,f0a22bf717744e1fa994297fff612a5b,4,Ótimo produto,Recomendo muito este vendedor!,2017-09-05 14:27:01,2017-09-06 14:27:01
5c42660d1c3b49f7afae69056531f52a,c7231af4da4d4d61af08e1f54715dc03,4,Ótimo produto,Recomendo muito este vendedor!,2017-08-25 15:27:01,2017-08-26 15:27:01
13ed3df147ab4b2c99f95d76a63f7e45,bcda356335c846819959216346236553,5,Ótimo produto,Recomendo muito este vendedor!,2017-09-22 07:27:01,2017-09-23 07:27:01
746ef4a3be1f4e10afbb3345058f0a39,43e870683bcd44a2b624cee92e973f18,5,Ótimo produto,Recomendo muito este vendedor!,2017-09-03 04:27:01,2017-09-04 04:27:01
fe14a9a523754a59b57e41162005943e,ef20a595ede1404dac0417f532acb44e,5,Ótimo produto,Recomendo muito este vendedor!,2017-11-16 12:19:06,2017-11-17 12:19:06
77c8db5766c94b22ac8c42d972e792e0,f0e8d477e82c49219e038349c4f12846,4,Ótimo produto,Recomendo muito este vendedor!,2017-11-21 16:19:06,2017-11-22 16:19:06
c718bee65c574776b00f4711ab74b620,31e6f210cf714d2abac6882d994b6750,5,Ótimo produto,Recomendo muito este vendedor!,2017-11-14 00:19:06,2017-11-15 00:19:06
5f910da97f2d43709ac092f40846096d,63845275cf7f47b2a6d4e4a70129e4cc,5,Ótimo produto,Recomendo muito este vendedor!,2018-04-16 00:49:23,2018-04-17 00:49:23
5b94d7ea559e49609a874928e95d9e52,16ddfd4413e94fad96d1fa0a742c3ae0,5,Ótimo produto,Recomendo muito este vendedor!,2018-03-26 05:49:23,2018-03-27 05:49:23
c75f38feaab84bb2ac88a15d7a2b6ded,d64163c562d84e2284e1da61e5839f2d,5,Ótimo produto,Recomendo muito este vendedor!,2018-04-03 03:49:23,2018-04-04 03:49:23
a858bb6f9e0442c0a7646952b1cfa2ea,865f20eaa68e4840889f660121c335ac,5,Ótimo produto,Recomendo muito este vendedor!,2018-03-30 09:49:23,2018-03-31 09:49:23
7a34a609615545dd84fc04144611abdf,b889ef45ca0344129d37319a57c5fb91,4,Ótimo produto,Recomendo muito este vendedor!,2018-01-03 08:43:00,2018-01-04 08:43:00
93b947fe93054367be54ccf3ba81868a,3e47bc119d5d480b90a42a15e23cdc50,3,Atrasou a entrega,Demorou para responder.,2018-01-02 22:43:00,2018-01-03 22:43:00
b12f620addd140249eb893d9f7e532ac,bd3935485f01413ebd9b0c48a0303b5e,4,Ótimo produto,Recomendo muito este vendedor!,2017-12-31 05:43:00,2018-01-01 05:43:00
ddeae2314fc74e40a5c2fd2533a4b2dd,84674479a04b4e7fa9dd54cb78573904,5,Ótimo produto,Recomendo muito este vendedor!,2017-12-08 07:43:00,2017-12-09 07:43:00
a4eb7d8b35024b79818cc2f4998527b1,e2ad883cacc441babe5f411b16b42f6d,4,Ótimo produto,Recomendo muito este vendedor!,2018-03-02 06:43:00,2018-03-03 06:43:00
1e593b64a8754d8e96c0420e44a883e5,2fbac18f83374d04a870f7d45d7742c7,1,Atrasou a entrega,Demorou para responder.,2018-01-06 08:43:00,2018-01-07 08:43:00
f3eb04e4963d4d85b36c9aeab7fdd06a,01ef262dc839407e9733774065be1047,5,Ótimo produto,Recomendo muito este vendedor!,2018-01-26 00:43:00,2018-01-27 00:43:00
9ddb4f5d37b7413db0cc1243423cf022,9410deaa376a4a9ab88fc01be4130348,5,Ótimo produto,Recomendo muito este vendedor!,2017-12-05 05:43:00,2017-12-06 05:43:00
47cfff9e7e0049ec80b1d8b1184291cb,5f22aed7c5d5464d8d302a891338e0b5,5,Ótimo produto,Recomendo muito este vendedor!,2017-12-19 11:43:00,2017-12-20 11:43:00
7928c573b8d74a30949a102206ca163c,81fe8c35d1b7438ab448f80f8d06f4cc,5,Ótimo produto,Recomendo muito este vendedor!,2017-12-26 20:43:00,2017-12-27 20:43:00
980371774d5d4a0cb2131faf55aa22e3,f7d5f5a4bc4745f2b64b92e3505991cb,5,Ótimo produto,Recomendo muito este vendedor!,2018-01-02 04:43:00,2018-01-03 04:43:00
521b2f6c3be54119b3db06a9403f4006,8bc0d9167dbe481a846b940ee7e29797,5,Ótimo produto,Recomendo muito este vendedor!,2018-02-17 09:43:00,2018-02-18 09:43:00
718e3d09f0f148f384bfb82f7e046475,6d0e3a023d8e442fb1992cb4d34709ff,4,Ótimo produto,Recomendo muito este vendedor!,2017-12-09 10:43:00,2017-12-10 10:43:00
e24dc10de5414fb2963f3370c85beade,c2db151cdac64a98a7aec50b73517e51,3,Atrasou a entrega,Demorou para responder.,2017-12-17 17:43:00,2017-12-18 17:43:00
7a8a391b8d1e4a658c6c7f0032c83348,bca81806b3564f1aaed08538d874fa61,3,Atrasou a entrega,Demorou para responder.,2017-12-06 22:43:00,2017-12-07 22:43:00
778403ea1b98475ebd94e0b863f6982e,fb835209ce714dcab80999d44c9dcc41,5,Ótimo produto,Recomendo muito este vendedor!,2017-12-12 21:43:00,2017-12-13 21:43:00
2a256c8e273940e1b4656544d48bf451,5411b4ed702148e3bd20dc0074f02eb0,5,Ótimo produto,Recomendo muito este vendedor!,2018-01-23 03:43:00,2018-01-24 03:43:00
370d99cc477647f589aa0c7e5908ac5e,077861550fdd433497177c22b8334f9a,5,Ótimo produto,Recomendo muito este vendedor!,2017-12-07 11:43:00,2017-12-08 11:43:00
6a1b207b8aad45a4b266e30c51749461,cca4b7a1428b4233a09883a853220428,3,Atrasou a entrega,Demorou para responder.,2018-01-09 09:43:00,2018-01-10 09:43:00
3e8ebb2a45924f0f90ed9ed5c5074bf6,ac7b98b2cca9422dbbd4e9780f28fea4,4,Ótimo produto,Recomendo muito este vendedor!,2017-12-26 22:43:00,2017-12-27 22:43:00
eee072f5172f4d6b98870542245e0ab6,65c6d82e99804660ad90caf90c31f58b,1,Atrasou a entrega,Demorou para responder.,2018-01-14 06:43:00,2018-01-15 06:43:00
2ab195d4c65442f7820b5e28e0234c3d,270dadac3b13410d94639ab440c94045,4,Ótimo produto,Recomendo muito este vendedor!,2017-12-19 10:43:00,2017-12-20 10:43:00
fa160bf2a6654234819ad9d6767d3fd3,afb9e279e0864c4cbad1888279746cee,5,Ótimo produto,Recomendo muito este vendedor!,2017-12-07 08:43:00,2017-12-08 08:43:00
0fe1105d23a04591b41f4a5254a1b6c0,9a5eede73bf244a7a8230b99d596fb90,5,Ótimo produto,Recomendo muito este vendedor!,2017-12-21 04:43:00,2017-12-22 04:43:00
d3cdd59bd541450fb10f7814d8222aa0,f31975208435431d877ac13b4333d42e,5,Ótimo produto,Recomendo muito este vendedor!,2017-12-15 04:43:00,2017-12-16 04:43:00
c513ff0dc981465aaabb4d9e77e177ee,689e34b4433149e3a452942e90976829,5,Ótimo produto,Recomendo muito este vendedor!,2017-12-08 09:43:00,2017-12-09 09:43:00
9e3a132e2c084d6f949a9436810d9932,b46236f8dfcf45808c9b381925e1f93b,5,Ótimo produto,Recomendo muito este vendedor!,2017-12-07 17:43:00,2017-12-08 17:43:00
d585fe4ad9494dfda0372476267b91f5,8cf4fd43c0c549e28dcf454234739995,1,Atrasou a entrega,Demorou para responder.,2017-12-04 02:43:00,2017-12-05 02:43:00
46f3627854f9460fb748822323602f8e,c251dbfe77494f888b0610394681be1e,4,Ótimo produto,Recomendo muito este vendedor!,2018-01-16 06:43:00,2018-01-17 06:43:00
a735b007615d484a8285c39e1bf8bfa9,ad392cc2d3b9426a87f0ca65c8f2e197,4,Ótimo produto,Recomendo muito este vendedor!,2017-12-10 09:43:00,2017-12-11 09:43:00
0904dc4036cb4ea08b5a872c75584092,b6efbe9277cb43bd8e6e9f531ccd8ccd,1,Atrasou a entrega,Demorou para responder.,2017-12-27 20:43:00,2017-12-28 20:43:00
805384c65e134a4d856f53019e839e87,0dda28592fbf4acfb3a5af29ec1c6fa8,4,Ótimo produto,Recomendo muito este vendedor!,2017-12-24 16:43:00,2017-12-25 16:43:00
911e32a1c51f45d5810a45c5d9fd5db1,e023f40afc974309b1914b37295ca509,5,Ótimo produto,Recomendo muito este vendedor!,2017-12-23 09:43:00,2017-12-24 09:43:00
caa08ba7582c4eedbe801314aff827d8,7c9afaf901f74276a171ea2770b34848,3,Atrasou a entrega,Demorou para responder.,2017-12-26 04:43:00,2017-12-27 04:43:00
8d49726d9f7845ec80b0277b100b927a,0a0767e0fe71476992510e61f50ad464,5,Ótimo produto,Recomendo muito este vendedor!,2018-01-02 04:43:00,2018-01-03 04:43:00
d2a3ab3fb21c4ba9a162ba585ae8e38e,436cee6c34f947509ac78b1b182f49bc,5,Ótimo produto,Recomendo muito este vendedor!,2017-12-23 05:43:00,2017-12-24 05:43:00
392f00f2c03b48c2a766122f003c7ea8,7114c3ae3c314bcb8e819ab5a5714033,5,Ótimo produto,Recomendo muito este vendedor!,2017-12-08 10:43:00,2017-12-09 10:43:00
51a16899533e496ea4930d8ae691e386,865b8e26bbd9471b9b517932edaba3ef,5,Ótimo produto,Recomendo muito este vendedor!,2017-12-05 20:43:00,2017-12-06 20:43:00
c32283a02e4c43c78ea0ebefd57ded20,9d34492f36f542a8b4eeb1a1f85ab0ac,2,Atrasou a entrega,Demorou para responder.,2017-12-05 16:43:00,2017-12-06 16:43:00
3dc7ef4a2c694008bcdedffac792c816,d03fb7559b6f4defbad8a7b9233addf4,5,Ótimo produto,Recomendo muito este vendedor!,2017-12-12 21:43:00,2017-12-13 21:43:00
7b879c9d887f498cb5ba454cbc732d5c,4961f665bfaa4f04b915cae04977d63d,5,Ótimo produto,Recomendo muito este vendedor!,2017-09-06 01:29:28,2017-09-07 01:29:28
2bf34e40203d49ea8472c08646251b0d,aff6044250574b3ab2d73644d471c280,5,Ótimo produto,Recomendo muito este vendedor!,2017-07-17 13:37:41,2017-07-18 13:37:41
252a74d994f24637978c24838b0f37b6,806b068a67104b82a214bfb7babf6136,5,Ótimo produto,Recomendo muito este vendedor!,2017-08-11 00:37:41,2017-08-12 00:37:41
6db67ae41d804639a39bf5bdf5b91180,335094d219764f59885dccd04f91386d,2,Atrasou a entrega,Demorou para responder.,2017-09-06 16:37:41,2017-09-07 16:37:41
edecf51379bb4091a52f66fd79dcdb3c,a3f6b1e8dc0742f083de05ba7a86db0a,5,Ótimo produto,Recomendo muito este vendedor!,2017-07-14 10:37:41,2017-07-15 10:37:41
12cdbca351c04b87a6d1ba509962edae,19e396277b524722a7becbe982a774b2,5,Ótimo produto,Recomendo muito este vendedor!,2017-07-15 21:37:41,2017-07-16 21:37:41
80851842aee94599959e8008d772a731,cd7d6cae55094638b41913e0fad6ad7d,5,Ótimo produto,Recomendo muito este vendedor!,2017-07-16 09:37:41,2017-07-17 09:37:41
31416cf56d294953a9f98b54da390df9,86b8e65795904f84bc6fe271450b357e,4,Ótimo produto,Recomendo muito este vendedor!,2017-07-19 12:37:41,2017-07-20 12:37:41
a148b9aba39746c3ad8428c27d71a8c7,28fef6ff1fcf4422971156cd7bbdd1de,3,Atrasou a entrega,Demorou para responder.,2017-09-18 03:52:27,2017-09-19 03:52:27
900a0330dde14ad88089daabeba3d1ac,09acb844845a4a6e99a2f1144a4cdbff,1,Atrasou a entrega,Demorou para responder.,2017-08-30 08:52:27,2017-08-31 08:52:27
f9c136b3252e4db5a49c5b9eb89f742e,96f5329b4e0a4989af298c364c249227,5,Ótimo produto,Recomendo muito este vendedor!,2017-08-30 14:52:27,2017-08-31 14:52:27
7f7c43dc618f46c3b9998cc5baad0636,b72fe29b97d34e2d910f0a5e8d7765f0,5,Ótimo produto,Recomendo muito este vendedor!,2017-12-26 12:51:43,2017-12-27 12:51:43
c97b1c354c214817947ec0bebba6660d,5d391009b9144fe98c9d110c6419f623,3,Atrasou a entrega,Demorou para responder.,2017-12-21 19:51:43,2017-12-22 19:51:43
0f42198b6bf041778f625472c424b378,aabd56f7094349408ff5d43d9b70c2d0,5,Ótimo produto,Recomendo muito este vendedor!,2017-12-28 15:51:43,2017-12-29 15:51:43
64b0f93b190546d3bac5e8d3c727211a,91b6f737d88f4f6283d38f1a3a6d1e5d,5,Ótimo produto,Recomendo muito este vendedor!,2018-03-02 11:15:25,2018-03-03 11:15:25
3813d9601eb0483db2c429b22c718d60,69dc551e8ed540949b32046329015a7c,5,Ótimo produto,Recomendo muito este vendedor!,2018-02-23 12:15:25,2018-02-24 12:15:25
77d326050d88467bb0e59ce75b35105d,32dd101ec2a4478dbe8e0c9e353ba68f,4,Ótimo produto,Recomendo muito este vendedor!,2018-01-24 06:15:25,2018-01-25 06:15:25
ffb5cc185240489f868f0bed57be8000,a18b3a228e354a958ddebf14f531f7fd,5,Ótimo produto,Recomendo muito este vendedor!,2018-02-28 20:15:25,2018-03-01 20:15:25
8e9d61748e1c49b7806e4d23e1320113,4afbbfaa12284e8ba99fbba9cc3c3c1a,2,Atrasou a entrega,Demorou para responder.,2018-02-16 15:15:25,2018-02-17 15:15:25
d5494c96f4794f33bad42431a7e64b4f,436c01824db249d08cfa80857673949c,5,Ótimo produto,Recomendo muito este vendedor!,2018-01-22 09:15:25,2018-01-23 09:15:25
02ff43c32c2b42849eaa122a5e494e70,682bc36a8ccb4e149ae3f8cf01d84a16,3,Atrasou a entrega,Demorou para responder.,2018-02-05 07:15:25,2018-02-06 07:15:25
78a7f7e51de2403c813c1ed7ca0cdbca,41dc97df3f9e48f1a0485a843b2316e1,5,Ótimo produto,Recomendo muito este vendedor!,2018-01-30 11:15:25,2018-01-31 11:15:25
4bf27cc0e2a6425dbf41f9f9bec997f8,d92aedfa9c214ff7b0af17a5c9e62cd6,4,Ótimo produto,Recomendo muito este vendedor!,2018-01-26 14:15:25,2018-01-27 14:15:25
5979d20e6faa48209d3cb83b4378dc40,dbd7c4877b044fdeb29eb12b5b8cbe62,5,Ótimo produto,Recomendo muito este vendedor!,2018-01-27 08:15:25,2018-01-28 08:15:25
d09a4c367a274190ac5ab4b4cc1a1ccb,6bda0b4e6e9148cbaf9bacf5e313707c,5,Ótimo produto,Recomendo muito este vendedor!,2018-02-04 13:15:25,2018-02-05 13:15:25
e164d8838e194647bb514fcd1654343e,f51f5855a56c47ffbb0b48f5784f87e5,3,Atrasou a entrega,Demorou para responder.,2018-01-28 15:44:48,2018-01-29 15:44:48
df945749e3ba484ab7e9debbb47c62f9,e16b2a8e573648beb04af87094df319e,4,Ótimo produto,Recomendo muito este vendedor!,2018-01-07 13:44:48,2018-01-08 13:44:48
62296a3b63ea4a11b3577913adb0544c,dac03f3d72084c0dbc5b2cbe29082d49,5,Ótimo produto,Recomendo muito este vendedor!,2018-01-03 02:44:48,2018-01-04 02:44:48
1e2fd45dcf83493cb4977f84ce6a7b1c,ddc6acc77a6f47fda9a003777ba729ed,5,Ótimo produto,Recomendo muito este vendedor!,2018-01-02 04:44:48,2018-01-03 04:44:48
2aeefc07852244ca950a75c2f18f27ee,5e632f7aeafe4534b81d83d874926a0a,1,Atrasou a entrega,Demorou para responder.,2017-12-30 03:44:48,2017-12-31 03:44:48
f308df6c79a043ce87ecb4b0ebbca1a2,21cbb1c4d84f4b9394ec39930b1eec91,5,Ótimo produto,Recomendo muito este vendedor!,2017-11-05 03:20:27,2017-11-06 03:20:27
0d88e3ca8aa542b08ceca3e91dd50591,0bce3546fd954e55b96de24f6e328ffb,5,Ótimo produto,Recomendo muito este vendedor!,2017-10-04 06:20:27,2017-10-05 06:20:27
58c9006e90fa431ebc36709667c17d03,6e71c973d9ad46a9ba4934983ab4d80b,4,Ótimo produto,Recomendo muito este vendedor!,2017-11-26 01:20:27,2017-11-27 01:20:27
50e003426eb34efe933ab85f0c1e38c1,7ba02c3d98634e8aadf1d15cba2a14c8,4,Ótimo produto,Recomendo muito este vendedor!,2017-10-22 09:20:27,2017-10-23 09:20:27
9a160e6ea6d5482fadfa0a3d03e4d222,a11ba3633d824ab3aa3dad349e379f5c,4,Ótimo produto,Recomendo muito este vendedor!,2017-10-04 10:20:27,2017-10-05 10:20:27
ca9640c25160432db4d4b53e21d807cf,a1eacd4786874990b32b4a2f129f0fa6,3,Atrasou a entrega,Demorou para responder.,2017-10-04 20:20:27,2017-10-05 20:20:27
5fe3f9afb3c4419f8e4698729b072e85,69b399d843c349fbbeb892b1095a8968,4,Ótimo produto,Recomendo muito este vendedor!,2017-10-08 10:20:27,2017-10-09 10:20:27
d9634c9785204b5aad75b9b4da5fac51,dece680b63764defbf95ecbab9f48a01,4,Ótimo produto,Recomendo muito este vendedor!,2017-10-26 20:20:27,2017-10-27 20:20:27
a2331c854bd7476e9e4cebb92919948c,26fe5848808e4b8589784934bbfa38c7,4,Ótimo produto,Recomendo muito este vendedor!,2017-10-22 02:20:27,2017-10-23 02:20:27
7cc1163e0f6c43a082105cf5dc72c486,4d05c410b1c341e899c62d9eda5cd0c9,5,Ótimo produto,Recomendo muito este vendedor!,2017-10-07 23:20:27,2017-10-08 23:20:27
7fdfc640be5146a6a9106920d49875e4,919e06ee1b874a9dab74729c9b9aace6,5,Ótimo produto,Recomendo muito este vendedor!,2017-10-24 06:20:27,2017-10-25 06:20:27
dd39dcaaf7454ff3bfaed86fdb5835dd,bb147ecfeb1b4e19bb7da43c186ea369,4,Ótimo produto,Recomendo muito este vendedor!,2017-11-07 02:20:27,2017-11-08 02:20:27
040fa9c80f3c4cbab7ac666a554ba5d4,b0e0ee2712704f029633224d530604a7,5,Ótimo produto,Recomendo muito este vendedor!,2017-10-08 08:20:27,2017-10-09 08:20:27
eda479cb4c654696997f68701a2d1966,21aa9e95a9944891ae29cf78b9f039d9,5,Ótimo produto,Recomendo muito este vendedor!,2017-10-02 03:29:40,2017-10-03 03:29:40
141d7034dde841818c928bd0d8c86d43,a3305fdceff74378b340b2406fe5fb22,3,Atrasou a entrega,Demorou para responder.,2017-10-15 14:29:40,2017-10-16 14:29:40
3ebeeecfd4a646a4bc5d1fda0162ce27,877c816886de4e47af47bf7c37bfa4b3,5,Ótimo produto,Recomendo muito este vendedor!,2017-10-17 22:29:40,2017-10-18 22:29:40
d47c6e7484714927b1eec09657677be7,add722514b3543d28333981a7aa83403,5,Ótimo produto,Recomendo muito este vendedor!,2017-10-05 06:29:40,2017-10-06 06:29:40
bb010609b645405b8aed36a0b640d1aa,195a1bc4aabe4032bb2f22b0f9d42bfb,5,Ótimo produto,Recomendo muito este vendedor!,2017-10-02 22:29:40,2017-10-03 22:29:40
07c4b4b94e244452ab81776c5d1315ec,4bff3e946baa4962a75e0db4f43e17c2,5,Ótimo produto,Recomendo muito este vendedor!,2017-10-07 07:29:40,2017-10-08 07:29:40
c32fe630b263458f806f011521d106a8,55a6b0403b874a188ba696d30e53fd6f,4,Ótimo produto,Recomendo muito este vendedor!,2017-10-12 23:29:40,2017-10-13 23:29:40
ac9442fb05064d0890ee982eb61bdd98,c7e25035d9ca4377903a9a7cd7c34afd,5,Ótimo produto,Recomendo muito este vendedor!,2017-10-21 19:56:28,2017-10-22 19:56:28
2294e5e1340d478290c53ddb7fa35bf2,e5d399cb311d4c15aa2b4887360a4448,4,Ótimo produto,Recomendo muito este vendedor!,2017-10-29 02:56:28,2017-10-30 02:56:28
e7c19e1e2b5942de95abaf004912f647,9fbe08c58cd241859c45ff49808fabfd,5,Ótimo produto,Recomendo muito este vendedor!,2018-04-10 01:48:05,2018-04-11 01:48:05
ef7b86717c69494fb200ccd0a6fc1b5b,baf825691b754f6f8710b14748b6f252,5,Ótimo produto,Recomendo muito este vendedor!,2018-03-21 12:48:05,2018-03-22 12:48:05
ba62b4ff452042b2a1313739612dbfb4,aea86b7c45dd4b9385a2cbb08a1e1feb,5,Ótimo produto,Recomendo muito este vendedor!,2018-04-10 12:48:05,2018-04-11 12:48:05
72a881309ee74f8ba49547e0e914892f,f1700111b7f04c1a9f105d98205d10f6,5,Ótimo produto,Recomendo muito este vendedor!,2018-03-29 16:48:05,2018-03-30 16:48:05
01d149c5f7bd44f18ff3a4b0ff75aabc,592477bf584b4362a8241c1e67c582f3,5,Ótimo produto,Recomendo muito este vendedor!,2018-03-26 16:48:05,2018-03-27 16:48:05
da39b759890b4a9380859ed7e6f69abb,6dfdd2fa6f4a4e2ba35a6e61080a0cab,4,Ótimo produto,Recomendo muito este vendedor!,2018-03-25 17:48:05,2018-03-26 17:48:05
e7509e459c7940e1b92edf197d7d9805,3d672626a36a4618b0c8a4528258b48c,5,Ótimo produto,Recomendo muito este vendedor!,2018-03-28 11:48:05,2018-03-29 11:48:05
f939b9ac4c824ef299427c11fdee98d8,6844755b854741a798ae4fc5ebed8348,5,Ótimo produto,Recomendo muito este vendedor!,2017-09-03 14:51:01,2017-09-04 14:51:01
62642913e9ed449eae09175849031979,86438afb5e8342e18959aa67e9c4924d,5,Ótimo produto,Recomendo muito este vendedor!,2017-08-26 10:51:01,2017-08-27 10:51:01
98029f7e1e834693bc62b4c72613bfbf,651a526d81d448edb93d100588d1dff6,5,Ótimo produto,Recomendo muito este vendedor!,2017-08-20 00:51:01,2017-08-21 00:51:01
77ab65e42db145fd832979bd261c60c3,43c6fcb6cb5348cdbd46c7ef7ea648c8,5,Ótimo produto,Recomendo muito este vendedor!,2017-08-25 15:51:01,2017-08-26 15:51:01
ab438033ca2d4c4591a7b10528beb58a,1bdb173c69724010a7b8447641baaeb6,5,Ótimo produto,Recomendo muito este vendedor!,2017-09-01 03:51:01,2017-09-02 03:51:01
6fd98c87f33f4602a08aa3a5f87c6ee2,15ff4b8351c0465ea6d7aa2ad4d15400,5,Ótimo produto,Recomendo muito este vendedor!,2017-08-27 13:51:01,2017-08-28 13:51:01
c0a841d6b091488f97690bfa70f65f0c,3d54bff98b5f4b928b177cdd3ed47f05,1,Atrasou a entrega,Demorou para responder.,2017-09-13 19:51:01,2017-09-14 19:51:01
d69bca42243e492fb7fa195d746f5e0a,081af62297ac4dada5e88b15533c2f69,3,Atrasou a entrega,Demorou para responder.,2017-09-09 23:02:14,2017-09-10 23:02:14
321113ce7b51469691864f1bf6b48cf7,08b64921c902489da4c204cf220ee241,4,Ótimo produto,Recomendo muito este vendedor!,2017-08-25 03:02:14,2017-08-26 03:02:14
d23ff12498a54e34a9b87aa4a3f34218,0fda9d412df94ab796ccb10b11193c7c,4,Ótimo produto,Recomendo muito este vendedor!,2018-01-14 17:52:44,2018-01-15 17:52:44
a2fc5f8232c446369556554ee53d9790,7f2fcdfdb7fc4c3093cc9f1491a57d10,5,Ótimo produto,Recomendo muito este vendedor!,2018-01-09 18:51:13,2018-01-10 18:51:13
a8a7e9a7126647aa93b758f337fae8d1,3b9b182b8baa47429e7b6865e4472e02,5,Ótimo produto,Recomendo muito este vendedor!,2018-01-03 06:51:13,2018-01-04 06:51:13
a5a61a82ce3449e1a1b3e63a58ea2154,6bc31ed7192848f8956b64ae4fef65f4,5,Ótimo produto,Recomendo muito este vendedor!,2018-04-16 23:37:12,2018-04-17 23:37:12
d7ee0f12681f44af84d2bf15f9e4339e,8ef7b9a9d0d740c6aebf4c6c99c758a6,5,Ótimo produto,Recomendo muito este vendedor!,2018-05-13 15:37:12,2018-05-14 15:37:12
990f179212d749a0b8e55a019556a39c,41af24c945c44c5483884928d1221b50,5,Ótimo produto,Recomendo muito este vendedor!,2018-01-04 08:10:36,2018-01-05 08:10:36
f3c17ff3d6f1433c902f915a90f537d6,52d2f71a99184b23bfa7629bc31ef82a,3,Atrasou a entrega,Demorou para responder.,2017-12-26 20:10:36,2017-12-27 20:10:36
f55b768574184158a370c20fc58902f2,4c27f42374ea40b0974fc074d29f1f0e,4,Ótimo produto,Recomendo muito este vendedor!,2018-01-02 19:10:36,2018-01-03 19:10:36
23672084244e4c908298f4581e832987,777f9f94964f40ddb2ff2ad0f2a9bb16,4,Ótimo produto,Recomendo muito este vendedor!,2017-12-08 05:10:36,2017-12-09 05:10:36
b9882ec364b94b98bea571457b6e83c5,ee77529cc83f49e784bf99a66b4336fc,1,Atrasou a entrega,Demorou para responder.,2017-12-08 10:10:36,2017-12-09 10:10:36
7917027db3594581b92891c1fb7a1026,edde1a39974d40179260cdc718a283a6,3,Atrasou a entrega,Demorou para responder.,2017-12-08 00:10:36,2017-12-09 00:10:36
ef289a628b734dadb215e4efc17a8dc5,97902efd538f4b628a4edaa4583172f2,5,Ótimo produto,Recomendo muito este vendedor!,2018-01-09 19:10:36,2018-01-10 19:10:36
df58b975765e459fb55203848310928f,d2e6fc3ee7764f1fa89d29d8f4a7aaa7,3,Atrasou a entrega,Demorou para responder.,2017-12-16 09:10:36,2017-12-17 09:10:36
f04be140435f455abb6d40fd367cdafa,77f91f25089e4977a67e3071e7743dc2,2,Atrasou a entrega,Demorou para responder.,2017-12-05 15:10:36,2017-12-06 15:10:36
d8355644d17f48a8904bee1c2b3ac097,640a82d94b73417c8be2b9daae45b059,5,Ótimo produto,Recomendo muito este vendedor!,2018-02-01 16:10:36,2018-02-02 16:10:36
b48c9f8e53af49b68fca4227184a16a7,bef283dbff38427091919426c1848955,4,Ótimo produto,Recomendo muito este vendedor!,2017-12-11 05:10:36,2017-12-12 05:10:36
8c90e397f0844c7eafca4fdac5104950,62ec30c62a894a0d9f5862adf9cf142d,5,Ótimo produto,Recomendo muito este vendedor!,2017-12-09 22:10:36,2017-12-10 22:10:36
9d801fabeca549d08607876f7babf5d3,165c94f09c074470a2030dc0930bbead,3,Atrasou a entrega,Demorou para responder.,2017-12-14 06:10:36,2017-12-15 06:10:36
a5d1a406da824598ba35d7f4d1b4bbb2,0f0c696924cc451984379dabd98b38f9,4,Ótimo produto,Recomendo muito este vendedor!,2017-12-05 18:10:36,2017-12-06 18:10:36
1f74988acb41436a89fe70848614a4aa,459dd2bde5284a158a84eb0b36c21638,4,Ótimo produto,Recomendo muito este vendedor!,2017-12-11 17:10:36,2017-12-12 17:10:36
8775770282074fd696dcdbec5a043e6a,91b2fcfe91674c329d79bb454af2e8ab,4,Ótimo produto,Recomendo muito este vendedor!,2017-12-05 07:10:36,2017-12-06 07:10:36
cb0cce5103f546fb9d4f494ccd3ad1aa,df034ff35b1947fd947baf3aecb51486,1,Atrasou a entrega,Demorou para responder.,2017-12-10 00:10:36,2017-12-11 00:10:36
58bdf0cd50c649c19ffe55f3dd8caf01,58458dae47994e01b7f25f53d15d5b42,5,Ótimo produto,Recomendo muito este vendedor!,2017-12-20 22:10:36,2017-12-21 22:10:36
70c312fd1356480190afddb86a7a28d9,41f12d604bf3406fb75c560a7ddfa85a,5,Ótimo produto,Recomendo muito este vendedor!,2017-12-18 17:10:36,2017-12-19 17:10:36
22b94042f6ed4eaf9847cc3b37a4274f,ec562f62c21a4891a18138771ae9a294,4,Ótimo produto,Recomendo muito este vendedor!,2018-01-29 13:10:36,2018-01-30 13:10:36
b0fc7da368834b8dac79f5ca9d49e3cd,47aac5ba649248f19c18c446280516eb,5,Ótimo produto,Recomendo muito este vendedor!,2017-11-25 09:09:48,2017-11-26 09:09:48
4804250afcc744f0a7c98cb591ba9eeb,138b964c06ae456b8b3f1bf317837b1a,4,Ótimo produto,Recomendo muito este vendedor!,2017-12-03 18:09:48,2017-12-04 18:09:48
1c6a4d45ecc64d4eb75f0f9ed4e59cd0,c34645dfaa254ebfb6dd82c485089426,1,Atrasou a entrega,Demorou para responder.,2017-11-22 15:09:48,2017-11-23 15:09:48
3e756963ed4c498b8c355a41bd398c71,9fac6c7395a4420f9951a36b3063e082,4,Ótimo produto,Recomendo muito este vendedor!,2018-01-03 13:09:48,2018-01-04 13:09:48
a06d24060fdd47cea23d7c78be936f42,f476546a4b3f44c088cbb4401e02612c,4,Ótimo produto,Recomendo muito este vendedor!,2017-11-30 04:09:48,2017-12-01 04:09:48
cad06286bd4f40c3930580892e7219ee,ebbbf9bd057345b39ad5f20e83f37e34,5,Ótimo produto,Recomendo muito este vendedor!,2017-12-01 21:09:48,2017-12-02 21:09:48
8ace06460a234f85be48e24dcbe3bf26,52e27c30e1e842e1a6c50fc72b0a5860,5,Ótimo produto,Recomendo muito este vendedor!,2017-12-03 03:09:48,2017-12-04 03:09:48
67a2762e94cf4b3e974b413e337a93cf,649a81df1b724f22a4d2847886d8cffc,3,Atrasou a entrega,Demorou para responder.,2017-12-05 10:09:48,2017-12-06 10:09:48
025cbff167f54d52a730efe60e4697f1,207ec3f6fd04431c97da7561cc5f31a8,4,Ótimo produto,Recomendo muito este vendedor!,2017-11-20 19:09:48,2017-11-21 19:09:48
a90c975049c34e61bb233943fd911ce9,5537818a2fa6434cb2746ab6def13204,5,Ótimo produto,Recomendo muito este vendedor!,2017-09-11 21:35:23,2017-09-12 21:35:23
1f46b137b7f74fd4bc3b976abd457e19,a2145ad638b64a55b96dc370061a1f85,4,Ótimo produto,Recomendo muito este vendedor!,2017-10-29 06:35:23,2017-10-30 06:35:23
7108cc6c6234486da9c58b025136f58a,fb272daa76bb42b1b7750a5bcd205cb5,5,Ótimo produto,Recomendo muito este vendedor!,2017-09-17 16:35:23,2017-09-18 16:35:23
f131dad5d5d8420da38b6f50b0d9cbd6,df91956d8eb746d488ee16df87843017,5,Ótimo produto,Recomendo muito este vendedor!,2017-11-02 22:35:23,2017-11-03 22:35:23
c8b07bcd12134a37802f33aa3c9af278,cc87f1f20d084896979577120be752c8,5,Ótimo produto,Recomendo muito este vendedor!,2017-09-22 14:35:23,2017-09-23 14:35:23
c667000079df4cfc97030f0da6d2bb1d,8571e8a268fe49e6a552a1d8b83ecd26,4,Ótimo produto,Recomendo muito este vendedor!,2017-09-02 15:35:23,2017-09-03 15:35:23
8143592eba0146ec8ad2ff796081b749,f08dc3f9f3c9427093621a1b3bd43f03,4,Ótimo produto,Recomendo muito este vendedor!,2017-09-07 18:35:23,2017-09-08 18:35:23
61561be400f340a28195c4df50f52d4e,1cbe42051111420a81a7b24af4b61eac,1,Atrasou a entrega,Demorou para responder.,2017-09-08 00:35:23,2017-09-09 00:35:23
1953d5869a33483aaaf41912b7e0b5ba,e4486721f5564a3f8d8f6a7f4c3a2fdd,2,Atrasou a entrega,Demorou para responder.,2017-09-07 09:35:23,2017-09-08 09:35:23
d57f324cc87042e998b66b3d35fda139,8c1329ffae934f539c225178013173b4,4,Ótimo produto,Recomendo muito este vendedor!,2017-09-10 00:35:23,2017-09-11 00:35:23
c8ec9126fd0a409ba5022da20e8e49e4,0cf474fd1e754822aa86bc49389b8478,3,Atrasou a entrega,Demorou para responder.,2017-09-04 08:35:23,2017-09-05 08:35:23
c52e22448d8f4d66960d0a47bf1d3306,6b317815984c492e9a39c4d87ad83628,5,Ótimo produto,Recomendo muito este vendedor!,2018-04-15 07:25:49,2018-04-16 07:25:49
f05c7618b2b544aeaa9022dc9132efa4,bd21cc5028e0489c8cb1b9bf38a29743,5,Ótimo produto,Recomendo muito este vendedor!,2018-03-17 18:25:49,2018-03-18 18:25:49
6b396588cd054429995a39232b2e4966,820b235374794b1092885effc0c8e064,5,Ótimo produto,Recomendo muito este vendedor!,2018-03-17 17:25:49,2018-03-18 17:25:49
7480320bbe3e4b839b9b0595313acd3a,03e42f12d381495b82dfcccdd9c2bfb7,4,Ótimo produto,Recomendo muito este vendedor!,2018-03-31 20:25:49,2018-04-01 20:25:49
d0aba5c28e574f4387cf8adc8e8f06f2,b8390de8e5a34e6a853078e94461d342,4,Ótimo produto,Recomendo muito este vendedor!,2018-03-28 04:25:49,2018-03-29 04:25:49
04a18ec6be674217937045d85ae51ddf,a5837b96cb0d45cfae6096de1241af69,3,Atrasou a entrega,Demorou para responder.,2018-03-18 19:25:49,2018-03-19 19:25:49
453a3a460d8440f3b48e02b38be7e84c,6bb2fd8ca5d0407a87d3ed962f8bdc64,4,Ótimo produto,Recomendo muito este vendedor!,2018-03-15 09:25:49,2018-03-16 09:25:49
6f450a76f2114608b751e715baf3744d,eec8ef29d0b8465384e4a34c4dcf31c9,5,Ótimo produto,Recomendo muito este vendedor!,2018-03-25 10:25:49,2018-03-26 10:25:49
886e2c4fd8f747d3887d71a391d7d6e3,b771d7d907df4983bc08f7a8ba26d543,5,Ótimo produto,Recomendo muito este vendedor!,2018-03-28 19:25:49,2018-03-29 19:25:49
bc77b716035f4faa8d2833061bb12342,6cd7fe95aef44da4886239244f4ca836,5,Ótimo produto,Recomendo muito este vendedor!,2018-03-18 14:25:49,2018-03-19 14:25:49
331561acee484152a01334087ef02233,27933a40dee945e984d63a6ab51a881b,4,Ótimo produto,Recomendo muito este vendedor!,2017-09-09 00:04:33,2017-09-10 00:04:33
aa38c6c9835b43769ee5650aa79faa24,0532e3957f5246209908dfb27909ea68,2,Atrasou a entrega,Demorou para responder.,2017-08-21 15:04:33,2017-08-22 15:04:33
501cfa92d5934a218bf995d6263b3ea5,7d283f9312514e8a9566c18c8db8629c,4,Ótimo produto,Recomendo muito este vendedor!,2017-10-10 04:11:24,2017-10-11 04:11:24
7dbb4f35994b47f8b0f31513853c3b4b,36e133d022ef4896b282bb4a01767c22,3,Atrasou a entrega,Demorou para responder.,2017-12-09 05:21:12,2017-12-10 05:21:12
6fdb63ceceeb4f4a96fd9b842c2e648f,7a41ea8119504a78959099ffa04eeda6,5,Ótimo produto,Recomendo muito este vendedor!,2017-11-24 02:21:12,2017-11-25 02:21:12
d3a41eaf058d48f491c2bb2c5ff3de2b,45209650812148c285050863a7a1bce4,3,Atrasou a entrega,Demorou para responder.,2018-06-05 07:00:25,2018-06-06 07:00:25
58b71674fd3446dd8525e2c0de334244,296224f27321455fac1bf10e22591e09,5,Ótimo produto,Recomendo muito este vendedor!,2017-12-12 02:38:56,2017-12-13 02:38:56
f5835410a06f4bff9b4383631c28b125,63d31db6cef0454dba9bae26bdbc3faa,4,Ótimo produto,Recomendo muito este vendedor!,2017-12-26 23:38:56,2017-12-27 23:38:56
692d0a4df1cd4bc9b4a4688629a8862d,71dce493ddb748dd8423c919d87d2dbb,5,Ótimo produto,Recomendo muito este vendedor!,2017-12-14 19:38:56,2017-12-15 19:38:56
f3c82c1c3b2c424ab650d6f4a5cd3f2d,91d37c86ea4e4c5390d61e9a3a4b6a42,4,Ótimo produto,Recomendo muito este vendedor!,2017-12-08 12:37:41,2017-12-09 12:37:41
3fd45296f63e4e86b8ddaf7bbbd9c992,76d67b23ab9f47e99a369e728da619c7,4,Ótimo produto,Recomendo muito este vendedor!,2017-12-24 07:37:41,2017-12-25 07:37:41
d55d35138979454b8688a201b5e3fd14,1b590f96106448dfb7a8786165ae0e6b,5,Ótimo produto,Recomendo muito este vendedor!,2017-12-23 15:37:41,2017-12-24 15:37:41
b96fcc65fc684555875ade0ae8d9116f,f7223819db55463a93ce5c958e14703e,5,Ótimo produto,Recomendo muito este vendedor!,2017-12-16 15:37:41,2017-12-17 15:37:41
5f1f4a8b5b9642d29f8eca91f309c420,3703d416a18f44fbb759da24173b287e,5,Ótimo produto,Recomendo muito este vendedor!,2018-01-11 18:37:41,2018-01-12 18:37:41
86bf2cf4c4d94d76ad8f9020d5fb9264,f5c0568d62fc4d56b1258cf090caf234,5,Ótimo produto,Recomendo muito este vendedor!,2017-12-22 15:37:41,2017-12-23 15:37:41
cbebfe9693254634b550b1a889fda3d0,29dc743f65374562ba003179d971a1dd,5,Ótimo produto,Recomendo muito este vendedor!,2017-12-27 16:37:41,2017-12-28 16:37:41
cffe38df4df54979aec8d519e12f69c8,c1ba7e5f6d9748ce9100ee7f7a300726,4,Ótimo produto,Recomendo muito este vendedor!,2018-04-04 06:56:27,2018-04-05 06:56:27
86c97a94bb324d7c9f0deccb379a7b53,73e18f7fe03d41a99933c3a41f6164c2,5,Ótimo produto,Recomendo muito este vendedor!,2018-04-03 20:56:27,2018-04-04 20:56:27
a165d461c037489a9a11ae2a3dae6364,f1156d1aab3a492d844bf1456641e92c,4,Ótimo produto,Recomendo muito este vendedor!,2018-04-03 08:56:27,2018-04-04 08:56:27
c06c1eddf62540f0986995b652007ce7,97fc196ef0134dc4897c9aeed6dd3123,5,Ótimo produto,Recomendo muito este vendedor!,2018-04-19 11:56:27,2018-04-20 11:56:27
1b80f7dcaaef47a2a93426ef57079d4f,c24b794bf1cf402991972bd0f8c0ddb8,5,Ótimo produto,Recomendo muito este vendedor!,2018-04-18 23:56:27,2018-04-19 23:56:27
1208d74d1e54473aa8b76e98db81f270,ec72ddefd4a0402ab41b3ec2a8aeea9d,3,Atrasou a entrega,Demorou para responder.,2018-04-16 18:56:27,2018-04-17 18:56:27
16c7b72305c34df7a0319a6f5632d2a1,fb7bad735fb84e91a0ca1410beecc4bd,4,Ótimo produto,Recomendo muito este vendedor!,2018-04-01 18:56:27,2018-04-02 18:56:27
8a03d8fd46c647dc8de6fd4dc890034e,669094c171684c63a086c7718cf2aa4c,5,Ótimo produto,Recomendo muito este vendedor!,2017-10-20 01:14:13,2017-10-21 01:14:13
9a56eec1c24f437792197f25cd2bfb8a,2a734f1408e8437c99f1fc66710a9b12,5,Ótimo produto,Recomendo muito este vendedor!,2017-11-17 10:04:00,2017-11-18 10:04:00
caf2285d367f4f16a72c5aeb66247fdc,2d47af12cfba4f909c696d6302240968,5,Ótimo produto,Recomendo muito este vendedor!,2017-11-22 22:04:00,2017-11-23 22:04:00
c7a61924dfb0417d9db0da948b174919,436054885d50459297c16d243c6329e8,5,Ótimo produto,Recomendo muito este vendedor!,2017-12-29 07:04:00,2017-12-30 07:04:00
07892f758f414306889d87eb445902a6,2f54032c09fb4c9bb75e44038e9a4618,5,Ótimo produto,Recomendo muito este vendedor!,2017-11-17 11:04:00,2017-11-18 11:04:00
52a5f2fbbe3c4ffa92fc5e28699e6253,ab9cc3ea8b614631802d15bb41fca2e3,4,Ótimo produto,Recomendo muito este vendedor!,2017-12-01 03:04:00,2017-12-02 03:04:00
2187584d44704acf927caa1ffb73189f,95cfc8edeaf84d3faea4b4b3022d6ed5,5,Ótimo produto,Recomendo muito este vendedor!,2017-10-06 21:07:17,2017-10-07 21:07:17
0d5fe110c71941e0b45b95477d1195b5,8b0a1eeeb54a4c4b86ea5342a0a00585,5,Ótimo produto,Recomendo muito este vendedor!,2017-10-09 07:07:17,2017-10-10 07:07:17
9b2554644f374ba680400450f864469d,d0694b8ef1924f6c83c29d9abec136f0,5,Ótimo produto,Recomendo muito este vendedor!,2017-12-28 08:00:23,2017-12-29 08:00:23
b271f662adf14f859e424d52ef53a041,ae26c5590d814d33a55f074bdfd18489,4,Ótimo produto,Recomendo muito este vendedor!,2018-01-04 16:00:23,2018-01-05 16:00:23
245a1c39f5f04595a4b7ffd3db54bc93,2040ef278f2549bfb30a708b8f091d09,5,Ótimo produto,Recomendo muito este vendedor!,2018-01-25 06:00:23,2018-01-26 06:00:23
602ee440c98a4666b36fcea2cd9fac46,2776c41637ba4b16bffd6d561e29de65,5,Ótimo produto,Recomendo muito este vendedor!,2018-01-10 01:00:23,2018-01-11 01:00:23
edebfa63c7e84e288b0a2a949c61ce4b,fef8b900de9246f491cab7228c2a956e,5,Ótimo produto,Recomendo muito este vendedor!,2018-03-20 08:14:08,2018-03-21 08:14:08
f15029135fb647ababfbb53acc63ddd4,92f48b27878a48d2bfca0d2719c9e8ab,5,Ótimo produto,Recomendo muito este vendedor!,2018-05-12 17:35:53,2018-05-13 17:35:53
f94fa3ad25e7410b9c4737aed41f0f04,4a0811c848a140a2a438d516ae7f81b6,5,Ótimo produto,Recomendo muito este vendedor!,2018-05-19 14:35:53,2018-05-20 14:35:53
5732ba11020546879688e445070a5cec,1da9c38217554a318b43315cbf3cf2bf,4,Ótimo produto,Recomendo muito este vendedor!,2018-04-20 13:35:53,2018-04-21 13:35:53
4846cee4e2d54ec883cbaa3cfd507847,460bef9b69cb45689f78ed97c3b10cca,4,Ótimo produto,Recomendo muito este vendedor!,2018-04-05 20:35:53,2018-04-06 20:35:53
124570e23c3746bb8d4db6797c1cb3c5,4f14cae3ccef4396930f48bab1b2f043,5,Ótimo produto,Recomendo muito este vendedor!,2018-07-14 00:35:53,2018-07-15 00:35:53
e6ade9fb7b7d4dbf87b0a21d1d178515,a626d4e673f24d058feb9287ed23476e,5,Ótimo produto,Recomendo muito este vendedor!,2018-05-14 05:35:53,2018-05-15 05:35:53
00040e519b3c4da5996cd1916d3dee3e,85a6dcc454624c65b71550217b81f972,5,Ótimo produto,Recomendo muito este vendedor!,2018-04-13 19:35:53,2018-04-14 19:35:53
7ade7edd6da649e6a70045caa7b2f2f4,3d85004845084795aebdb9640b637c45,5,Ótimo produto,Recomendo muito este vendedor!,2018-04-25 20:35:53,2018-04-26 20:35:53
9e1be5ac0a4a48f3b8d22483be53e597,0560d19b12734109b5d397c570e9af99,5,Ótimo produto,Recomendo muito este vendedor!,2018-04-08 13:35:53,2018-04-09 13:35:53
ea990aa5f01145d9920fc6694438598f,9420dea165e34f1fbd01d08618fb07ca,4,Ótimo produto,Recomendo muito este vendedor!,2018-04-20 20:35:53,2018-04-21 20:35:53
20474fc9460e4859ac9082148a2ea84d,1096a6b8b9324aa0b703d1773a9438f7,4,Ótimo produto,Recomendo muito este vendedor!,2018-05-04 23:35:53,2018-05-05 23:35:53
44802a411c5d49f18e9145a27c91b96e,6a8c7c14a4fc4876a6d03483ae54c09b,5,Ótimo produto,Recomendo muito este vendedor!,2018-04-06 23:35:53,2018-04-07 23:35:53
3398a72a57244e8a940c63f8f8f543a3,e3e91ffe00364783a33dec0dc8c4a034,4,Ótimo produto,Recomendo muito este vendedor!,2018-04-23 23:35:53,2018-04-24 23:35:53
caf4c93b291b4669946c2bcbca70f019,7045c3de038f4b6ab9e152636755ee12,2,Atrasou a entrega,Demorou para responder.,2018-04-08 04:35:53,2018-04-09 04:35:53
c5c41dbaaf294bda963567a49ca7f653,66ca6f5c2b2e45c480950b981d2ff70f,5,Ótimo produto,Recomendo muito este vendedor!,2017-07-17 06:27:44,2017-07-18 06:27:44
545c1fb983044dc9871837abaaaa2943,590db7f0d0b146d8b1f9eccddaf8422f,2,Atrasou a entrega,Demorou para responder.,2017-09-11 23:02:11,2017-09-12 23:02:11
51b730c926c64f76bec81a3f01301be9,2c21a5238e1347879e140c9742794f59,4,Ótimo produto,Recomendo muito este vendedor!,2017-09-14 04:02:11,2017-09-15 04:02:11
baf83e1bed83484c8b94c3a21e8706aa,5e2e07afb9284c4da55eb869f52ab25b,3,Atrasou a entrega,Demorou para responder.,2017-09-10 12:02:11,2017-09-11 12:02:11
f084f85068364d5a8bf1bea399edc3bd,d087983caf01413cb515f076cec890ee,4,Ótimo produto,Recomendo muito este vendedor!,2017-10-29 00:24:12,2017-10-30 00:24:12
bb2808ac0bb244cdae10d12de9441897,d45b40e97c444da0807373fdaab0bf1f,4,Ótimo produto,Recomendo muito este vendedor!,2017-11-10 02:24:12,2017-11-11 02:24:12
7f3b55ed76c045388a84dbf16915ecf3,01bf940ede2d4c84836c657a51c972d5,5,Ótimo produto,Recomendo muito este vendedor!,2017-09-18 13:55:53,2017-09-19 13:55:53
b0358dac84b0478eaa6cbc2da45fc437,e743895d8bfc4251978ec9daccbfa4fb,5,Ótimo produto,Recomendo muito este vendedor!,2018-03-17 21:52:38,2018-03-18 21:52:38
365b276d952946b29637e7348ab56d22,02f9edec6b68425ab771280ffd5774df,1,Atrasou a entrega,Demorou para responder.,2018-04-11 16:52:38,2018-04-12 16:52:38
33690df839fe476f9715f3da041a349c,31cab6bbb1714c95a51d9db47e430f29,4,Ótimo produto,Recomendo muito este vendedor!,2018-03-25 17:52:38,2018-03-26 17:52:38
d2254ecfe60748959d1a382e0feec664,6a9cea00e8a34336b4764beee547e6ed,5,Ótimo produto,Recomendo muito este vendedor!,2018-03-13 23:52:38,2018-03-14 23:52:38
f14e22c9c0aa4d44a6455e37ae1c00b2,ddc00198250f4eacb8a3a0e9aee2643a,4,Ótimo produto,Recomendo muito este vendedor!,2017-08-13 17:10:05,2017-08-14 17:10:05
1f0cb4fc757c49a6a8fcb6598e6a319c,0c2bdba72866487a93178f6e02374c0d,5,Ótimo produto,Recomendo muito este vendedor!,2017-08-27 11:10:05,2017-08-28 11:10:05
b5a7025b6d9b4d9d8761349640b232d1,d8dc350c83c341a1a54ddcbf8232044e,5,Ótimo produto,Recomendo muito este vendedor!,2017-08-05 22:21:52,2017-08-06 22:21:52
50ef38ddf29d415097815b7e5c04aca7,a242af7a1fe04307adc452ed4b84af35,2,Atrasou a entrega,Demorou para responder.,2017-09-11 05:21:52,2017-09-12 05:21:52
0ff7289584e246c68f03a45301ec1982,f0b59a91f25944d7ab20db6ae0ab7a05,1,Atrasou a entrega,Demorou para responder.,2017-11-18 13:23:28,2017-11-19 13:23:28
dbd2cc344484426f821273663edbd124,854a63244f304e4788a32640fa5bab4c,4,Ótimo produto,Recomendo muito este vendedor!,2017-09-22 09:23:28,2017-09-23 09:23:28
3c6591a2e64d4ec29665ef54b03b4f07,139257f3c35b4af7b28c7941d0c10ead,5,Ótimo produto,Recomendo muito este vendedor!,2017-09-24 01:23:28,2017-09-25 01:23:28
91c24605f06447fd99707e44faad1d0e,6a2a4d0c28874ac3b6de255a2c0921ae,5,Ótimo produto,Recomendo muito este vendedor!,2018-03-12 23:28:29,2018-03-13 23:28:29
a7d846f0f5e24bd5833e6d55d3fd6231,49cf6b1d162443f0a25c41d960c5d65d,2,Atrasou a entrega,Demorou para responder.,2018-04-20 02:28:29,2018-04-21 02:28:29
925e780da23844af856183f3f6b9c30b,f18829d2992e48a886af02b5a82a59f2,5,Ótimo produto,Recomendo muito este vendedor!,2018-05-28 01:56:27,2018-05-29 01:56:27
243041e4d948426d818a9aaa2f732d5f,7e57ca1af9a0443ead112860b5b5d347,3,Atrasou a entrega,Demorou para responder.,2018-06-05 02:56:27,2018-06-06 02:56:27
40b4009c056348ff9377c157bf778556,dc7e02af90be4207b60a1de8f8ebb0e3,5,Ótimo produto,Recomendo muito este vendedor!,2018-05-24 12:56:27,2018-05-25 12:56:27
82ca680fe5d94602a8dd5d468a05ee3f,bbda4bf21b564690a8c1a349b4a46646,4,Ótimo produto,Recomendo muito este vendedor!,2018-06-27 00:56:27,2018-06-28 00:56:27
47c13f0e3a834273a6a05583d5f43487,99d223d7150742f2a20b77c53738394f,3,Atrasou a entrega,Demorou para responder.,2017-11-28 08:52:54,2017-11-29 08:52:54
2036765f0fbf4452807d0a235a3e0c7a,1ef3a4381d7b40079fc43f5252e34ee8,5,Ótimo produto,Recomendo muito este vendedor!,2017-12-29 14:32:26,2017-12-30 14:32:26
e12d52df207e4d60b3fdc571cee12ae2,f8f8221ca7004787ad8e20a74f59ee5a,4,Ótimo produto,Recomendo muito este vendedor!,2017-11-26 22:32:26,2017-11-27 22:32:26
85b9e5f1c85d49d4813ea588655c8f61,c697451e1f3444738987bb57542555b1,5,Ótimo produto,Recomendo muito este vendedor!,2017-10-13 10:50:49,2017-10-14 10:50:49
1a647282affc4fe8bb7e7ac29c2ea4aa,b4d3d4daaf854520b22d9918478c4c8d,5,Ótimo produto,Recomendo muito este vendedor!,2017-10-20 09:50:49,2017-10-21 09:50:49
72042db7396140aea5e32b6885f8095d,2471974e9c78479cba09a4b9a747ede5,2,Atrasou a entrega,Demorou para responder.,2017-11-27 10:50:49,2017-11-28 10:50:49
b1070f834f674dd98b60715ad6f97aee,3ff1f7e73b854eda847a9118e9f353f1,5,Ótimo produto,Recomendo muito este vendedor!,2017-10-21 23:50:49,2017-10-22 23:50:49
f5ba551c528848fdbc34e6ff0dc3dc0d,bb9fb438a3054309aa3b8df77e9c13aa,5,Ótimo produto,Recomendo muito este vendedor!,2017-10-09 05:50:49,2017-10-10 05:50:49
97a5ac1d815c47c5a923a13ae48c552f,e704a3bcfe344e39922947544e36f540,5,Ótimo produto,Recomendo muito este vendedor!,2017-10-18 09:50:49,2017-10-19 09:50:49
caf3fb1fe3624efda3705ccfad9409d3,ee395ff2557f45958864ce0453fdba37,5,Ótimo produto,Recomendo muito este vendedor!,2017-11-27 11:34:49,2017-11-28 11:34:49
d927729012544c7b9b8f35d3371988ec,56c945b199f94fc78f03026b8f87d3c5,4,Ótimo produto,Recomendo muito este vendedor!,2018-01-27 20:34:49,2018-01-28 20:34:49
fe1d276528a6412abc08c4abd96d5eab,6950464c4a5748d69943d6a9d4aca3ab,5,Ótimo produto,Recomendo muito este vendedor!,2017-12-17 03:34:49,2017-12-18 03:34:49
08e3fea55cb24cca8df6683e588a7874,cb159238f9c54d1e830e763dd3fd791a,5,Ótimo produto,Recomendo muito este vendedor!,2017-12-05 01:34:49,2017-12-06 01:34:49
ff88b17d4cf443158004c88a3c063312,1f878ea46df9421899deb2cb4196bbc9,5,Ótimo produto,Recomendo muito este vendedor!,2017-12-14 14:34:49,2017-12-15 14:34:49
169f47840e3245bd8b77cf82977cc885,fdf6806803234cd2b4ad24343cfde972,5,Ótimo produto,Recomendo muito este vendedor!,2017-11-25 13:34:49,2017-11-26 13:34:49
8701939e6cfc4498b60ce3f00170fb93,b13799c94d7e442682a5fe6dc57dd0a4,5,Ótimo produto,Recomendo muito este vendedor!,2017-12-01 20:34:49,2017-12-02 20:34:49
5892830ec2934c63aeb75a87a627efa4,4f78a6d93db64258ac8c598293ba9e3a,5,Ótimo produto,Recomendo muito este vendedor!,2017-12-07 23:34:49,2017-12-08 23:34:49
89e122dfb76149a482edfd9fc66cdcfa,a08d6a6c74aa4b5e9387e2697773cb75,5,Ótimo produto,Recomendo muito este vendedor!,2018-02-07 19:34:49,2018-02-08 19:34:49
e2552f2b6aa940e486cbd7005b570b8d,32ae9fdfb942485884caf05648e5348c,5,Ótimo produto,Recomendo muito este vendedor!,2017-12-04 12:34:49,2017-12-05 12:34:49
17cd2d77287e4fd1b9af2327bcb39d06,a44ed8bc2b774206831b33502c5236d9,2,Atrasou a entrega,Demorou para responder.,2018-01-04 09:34:49,2018-01-05 09:34:49
b9a444e9d68c44fb858dd9ab32bcd6f5,edc8f01369c844049891fe9ac17e4343,5,Ótimo produto,Recomendo muito este vendedor!,2017-12-03 14:34:49,2017-12-04 14:34:49
c4586d11f60e4769ada930be76a6ccad,8d0e1ec7cac542e49a99a5864ec55bb6,5,Ótimo produto,Recomendo muito este vendedor!,2017-12-03 06:34:49,2017-12-04 06:34:49
2534e277727e41d598269fff7bdfdaaf,fc27ef269b8948408bfcb0f412a8edba,5,Ótimo produto,Recomendo muito este vendedor!,2017-12-08 23:34:49,2017-12-09 23:34:49
5425d271222b4aa0adee7c4f9ceaaef6,fe25a3e1f7e343c8b96a70aa90ad13f1,5,Ótimo produto,Recomendo muito este vendedor!,2017-12-08 23:34:49,2017-12-09 23:34:49
c0ed897ce12a4176bf00c7e8f61fe978,dd0424ceef59414981413d76aed21cbc,5,Ótimo produto,Recomendo muito este vendedor!,2018-04-22 22:34:49,2018-04-23 22:34:49
40dfa5a5e6114f059e4eb1a1dcf9fae8,2500098abe1b42b0911d4450d17a6501,5,Ótimo produto,Recomendo muito este vendedor!,2017-12-09 04:34:49,2017-12-10 04:34:49
f08e00bddf5c4012bc8be20ea70b7075,fd35f16878134be1bd9dd786b0a274ae,5,Ótimo produto,Recomendo muito este vendedor!,2017-12-22 11:34:49,2017-12-23 11:34:49
4673c515df1e4b35a7926cd2b551d220,bb8b540e064240229b2d4bbf86ca8585,5,Ótimo produto,Recomendo muito este vendedor!,2017-12-20 20:34:49,2017-12-21 20:34:49
8560a1f9c0e44f8a80f4ed2f4c7f2344,b5a990df063642cea11db5efa4c0f1b1,3,Atrasou a entrega,Demorou para responder.,2017-11-29 01:34:49,2017-11-30 01:34:49
976a9928646f43259feccf25845dab86,0cf02d2659e0489ebb7c0fed2419b985,1,Atrasou a entrega,Demorou para responder.,2017-12-12 01:34:49,2017-12-13 01:34:49
4cd7f5cb9b9645e2b61c929b73b48642,96ba60590fc04349b3d9b85bc313b87e,5,Ótimo produto,Recomendo muito este vendedor!,2018-01-22 23:34:49,2018-01-23 23:34:49
9399ad84d17e492cbb778414ce28f244,4f36c46036b3422f964e86d8c0df694c,5,Ótimo produto,Recomendo muito este vendedor!,2017-12-12 20:34:49,2017-12-13 20:34:49
f12b155c46c2414e9f31a934413a368e,a4cde7195c6b4276aa2453bd45bb8263,4,Ótimo produto,Recomendo muito este vendedor!,2017-12-21 01:34:49,2017-12-22 01:34:49
07089e0461fe4a648f76e867e613d314,0cf9122845ec4f459fb071b53899ec3a,3,Atrasou a entrega,Demorou para responder.,2017-12-17 23:16:05,2017-12-18 23:16:05
f202020fc8ca42b09efb6707ec6040bc,ffe93f90bff5419e94bf0c2728e4bf3a,5,Ótimo produto,Recomendo muito este vendedor!,2018-05-14 23:45:38,2018-05-15 23:45:38
f5a891b2a1bf4746b8138bc4a39bdea5,2979db3a62054804ba4ebd61db81861f,2,Atrasou a entrega,Demorou para responder.,2018-06-05 04:45:38,2018-06-06 04:45:38
d889e6e4b507471e9370dbd55a7dd272,9aa9733a4a3d443d89acd9cf72624e83,5,Ótimo produto,Recomendo muito este vendedor!,2018-06-01 17:45:38,2018-06-02 17:45:38
29105034d1cd4b7c9d58c977e4994d87,621e6afbdbb7413bbf5280aa3e94119d,5,Ótimo produto,Recomendo muito este vendedor!,2017-10-14 12:27:15,2017-10-15 12:27:15
1c4951be3fed464eb7dd308ec19ed5d1,d74b83ac634c4090b4a5c86d07c5f0be,4,Ótimo produto,Recomendo muito este vendedor!,2017-10-18 04:27:15,2017-10-19 04:27:15
433618a625a345ef92a2984983d4949b,05f61fd36ed1455eb1b578526e9d10b5,5,Ótimo produto,Recomendo muito este vendedor!,2017-12-27 04:27:15,2017-12-28 04:27:15
6eb1282d12324d79b691ab8dbe8b3cfa,95c50bd6b5344e1585bd963d7c4209c9,1,Atrasou a entrega,Demorou para responder.,2017-10-24 14:27:15,2017-10-25 14:27:15
fec31d94e23544158f3b540c02c5ccdd,2535eaac9bd943e4b82be0eaae212408,4,Ótimo produto,Recomendo muito este vendedor!,2017-11-17 07:19:41,2017-11-18 07:19:41
a948706cdfe54c7a96c8cafe5ec1f4dc,1567247d77254ed783d43f8fd4aafdac,1,Atrasou a entrega,Demorou para responder.,2017-11-11 05:19:41,2017-11-12 05:19:41
72fb3a8c1e8e49f48a87fe1483639632,acde2faa209a456bad035f765a461800,4,Ótimo produto,Recomendo muito este vendedor!,2017-12-04 22:19:41,2017-12-05 22:19:41
20d97716361c476e9bf55dc805dcd10d,ed5cfad84c5740168cfdde689bf03133,5,Ótimo produto,Recomendo muito este vendedor!,2017-11-10 17:19:41,2017-11-11 17:19:41
a10b8e816e7b4c3d889a91753643899d,bfd732453c6449a69978099d42245564,1,Atrasou a entrega,Demorou para responder.,2017-10-03 11:29:25,2017-10-04 11:29:25
24f2f5e2f31f4362813dc28399981007,7b00e1c7d4894c5da7b39ac34149485b,4,Ótimo produto,Recomendo muito este vendedor!,2018-05-12 12:02:36,2018-05-13 12:02:36
1a2a1174429e415fbcb7a6080244dc23,80b35c61566e4d73be3075d49ed6c5a6,5,Ótimo produto,Recomendo muito este vendedor!,2018-05-20 18:11:28,2018-05-21 18:11:28
df5d8608a8d94cfba338936382c653ce,bb277f56a8f64808aea4e822a7cd3d7c,5,Ótimo produto,Recomendo muito este vendedor!,2018-05-07 15:11:28,2018-05-08 15:11:28
b7a5e617b5204390830ece1be40d5260,d0c328f3cfe44bf7a7f6e42710292461,5,Ótimo produto,Recomendo muito este vendedor!,2018-05-06 11:11:28,2018-05-07 11:11:28
616a6c129c984ba0bd41697b997e318c,4fd76475bc1d470ea6fadb08afc10bed,5,Ótimo produto,Recomendo muito este vendedor!,2018-05-26 15:11:28,2018-05-27 15:11:28
6303e0745eed4b0e8ae16c14e83e9785,1c3e1d5bbe944814ad6bff84694ee020,4,Ótimo produto,Recomendo muito este vendedor!,2018-07-28 00:59:54,2018-07-29 00:59:54
739d3d5da2c644a3b5d9865d2ed56691,568cb4350c014530b6823cc68825f161,5,Ótimo produto,Recomendo muito este vendedor!,2017-09-01 18:27:38,2017-09-02 18:27:38
83b6eaf379a34ee6bcda5d5ae871840f,b050c4b180eb4bfd990024dacdde9ec6,5,Ótimo produto,Recomendo muito este vendedor!,2017-07-28 22:27:38,2017-07-29 22:27:38
d5189839b5e84770a8a48c063e1f453a,87954238769b46f4b3e428317f264045,5,Ótimo produto,Recomendo muito este vendedor!,2017-08-07 19:27:38,2017-08-08 19:27:38
5ccd80973a3d408a8df2b3a9878a7ae5,1fc84780739d41aebd42c4042775f798,5,Ótimo produto,Recomendo muito este vendedor!,2018-05-01 12:33:56,2018-05-02 12:33:56
951f22bf3198455eb98d6775b7c71076,c6e9601a93bf420ea2b445df8af80a7b,5,Ótimo produto,Recomendo muito este vendedor!,2018-04-24 22:33:56,2018-04-25 22:33:56
71c00032dea84521b9d0043a280a4cab,5caf41818dba4cd193069a41020a8fd3,5,Ótimo produto,Recomendo muito este vendedor!,2018-01-29 22:14:54,2018-01-30 22:14:54
8c2affb4b71140afbf9a3839fbc08b50,04b24faef08d4e4f85ffe4fc5c39918d,5,Ótimo produto,Recomendo muito este vendedor!,2018-02-13 04:14:54,2018-02-14 04:14:54
47979576b5e3470192d74d8bdb28854b,f38ff9605d44427787a282bb6836ae69,5,Ótimo produto,Recomendo muito este vendedor!,2018-06-15 06:19:56,2018-06-16 06:19:56
7f82bee7f7704a19b7ea6776d6e3db45,a6371c1ad11a47029b53cdf1071d34b2,5,Ótimo produto,Recomendo muito este vendedor!,2018-07-09 18:19:56,2018-07-10 18:19:56
a0103a5bcdc6474d9195cde467b60239,6fae693a3c93460f9142b6776abc2531,1,Atrasou a entrega,Demorou para responder.,2018-02-23 11:13:27,2018-02-24 11:13:27
4e4b4edc76034e629a483d901a528fe0,05456612877d4f63b201a2e235de62c6,5,Ótimo produto,Recomendo muito este vendedor!,2018-03-13 14:13:27,2018-03-14 14:13:27
3564bf55115b4967bc741eb2bf0d655a,4466f82dbb0e453487e9b12bea78582c,4,Ótimo produto,Recomendo muito este vendedor!,2018-03-13 01:13:27,2018-03-14 01:13:27
55a19dae85fe4fba8e3ac9179bdef83c,ac283e8e93e34c5ab935c324b2356693,5,Ótimo produto,Recomendo muito este vendedor!,2018-02-26 04:13:27,2018-02-27 04:13:27
a24e98482cf64e698530afaed2100e7f,28a3af817b4f4416a915f6c86417b9b5,5,Ótimo produto,Recomendo muito este vendedor!,2018-03-12 19:13:27,2018-03-13 19:13:27
18136e5af3b74f3e8e62a30cb99d3de1,e17a31ba33e3407c9231bf5447edac73,5,Ótimo produto,Recomendo muito este vendedor!,2018-03-13 00:13:27,2018-03-14 00:13:27
724148c9efd5458b90ae6b62080b06ab,2ef31159a8cd4d8a84449a30070e203d,5,Ótimo produto,Recomendo muito este vendedor!,2018-03-09 22:13:27,2018-03-10 22:13:27
f762afb881654f278351ca72076a6382,cc532897259e44a8a192076c830aa864,5,Ótimo produto,Recomendo muito este vendedor!,2018-03-05 11:13:27,2018-03-06 11:13:27
3a4d5d3288cc4b2ea20d4242cd83abb6,3f31854246fe4579b54b0eb9be7abd8f,5,Ótimo produto,Recomendo muito este vendedor!,2018-03-06 13:13:27,2018-03-07 13:13:27
6ee7dc07401441daada4584f91b02f06,9f2d4fa20f064004a2b29e7d8610e322,3,Atrasou a entrega,Demorou para responder.,2018-03-06 00:13:27,2018-03-07 00:13:27
8c1ae7ca40e5438fb085f09987a9f2f1,7786a1fc9000478a921cdb4fd99032e7,5,Ótimo produto,Recomendo muito este vendedor!,2018-03-05 09:13:27,2018-03-06 09:13:27
01db695e93a4448d9c536e7288315b5e,f53ed99bd84944f79c38f643b847cbe9,5,Ótimo produto,Recomendo muito este vendedor!,2018-02-24 20:13:27,2018-02-25 20:13:27
ae0c810883e5498a81ff849a8172f7f2,9c29ee2397e3454f87a0ea62e300983a,1,Atrasou a entrega,Demorou para responder.,2018-03-05 12:13:27,2018-03-06 12:13:27
3350433da2b44f548f2ec52c7e553c69,943261bb7f1d42c1adb44b80143f6ede,5,Ótimo produto,Recomendo muito este vendedor!,2018-03-30 16:13:27,2018-03-31 16:13:27
f5c56ea5dd4846639d55970124c3228d,28779677fbfc4d6e9ed10d44cb4a794c,5,Ótimo produto,Recomendo muito este vendedor!,2018-03-24 09:13:27,2018-03-25 09:13:27
75d1e80c1db549488bc61ca326463e5d,8ec790a73e2b4be4b4848bca860c79b2,3,Atrasou a entrega,Demorou para responder.,2018-02-26 12:13:27,2018-02-27 12:13:27
3cfa0708b54440df896c5345fedf6d23,e0525f5056574b99ad563c556764aa03,3,Atrasou a entrega,Demorou para responder.,2018-03-01 02:13:27,2018-03-02 02:13:27
d0b3349a73314580bf818a6c78929499,89d07b8fd9c24e6186b9f87f17149569,4,Ótimo produto,Recomendo muito este vendedor!,2017-07-14 01:24:45,2017-07-15 01:24:45
e16efa720188420593380b26be0f19fc,3ecd832dbd3944e998d34963906c72bc,2,Atrasou a entrega,Demorou para responder.,2017-07-06 19:24:45,2017-07-07 19:24:45
4776e4b2973a4fceb5341da83fe8e789,b4a00f2cbd444081b859fc63202aaafc,4,Ótimo produto,Recomendo muito este vendedor!,2017-07-23 13:24:45,2017-07-24 13:24:45
bc4f99f5552e47d9a75ef76254a84a88,46d16c7479084556b98a052d4fad81d8,5,Ótimo produto,Recomendo muito este vendedor!,2017-08-12 08:24:45,2017-08-13 08:24:45
fd342521bb9c413d9ebb0927a7fce76b,fbac93b1c9b94e1998cdd75302d838f0,5,Ótimo produto,Recomendo muito este vendedor!,2018-05-15 20:15:25,2018-05-16 20:15:25
fb50049f7f5446c6833955d3db795917,0ac0a91e8dca47cbb8084e9c47e07eb4,5,Ótimo produto,Recomendo muito este vendedor!,2018-04-29 08:15:25,2018-04-30 08:15:25
9aa660a61b274831b839950222a2da91,fa45a85c861e4b10bf27cb87ca010175,5,Ótimo produto,Recomendo muito este vendedor!,2018-05-29 14:15:25,2018-05-30 14:15:25
8a804f67883d4ceaa659d4d8d78a752f,cc13d624712244d7b031926a026c3d5f,1,Atrasou a entrega,Demorou para responder.,2018-05-03 06:15:25,2018-05-04 06:15:25
2c3591b177d5421e878018bbddde8554,b472818b46164a7cb4cad731d67cb67f,4,Ótimo produto,Recomendo muito este vendedor!,2018-04-29 06:15:25,2018-04-30 06:15:25
bdde294bf09d41d4a2e3e440fd6e5834,8ecba7a25e9f4d31b559775b796369bf,5,Ótimo produto,Recomendo muito este vendedor!,2018-04-25 21:15:25,2018-04-26 21:15:25
91bab799be764a3bb98390e696c795ca,04aa608c70c54dd09e8c21e5b08058f9,3,Atrasou a entrega,Demorou para responder.,2018-06-20 09:15:25,2018-06-21 09:15:25
d0ffea002d6944579b1c84f11142ca09,56873e47105b440a849e2cafc27368f2,5,Ótimo produto,Recomendo muito este vendedor!,2018-03-03 22:00:02,2018-03-04 22:00:02
e7c7d2aee7274e1d9918e1728418379d,c5fa344182ba4d65beba23cb808ca3b8,5,Ótimo produto,Recomendo muito este vendedor!,2018-03-03 20:00:02,2018-03-04 20:00:02
01425080fb5949c09d781dda7ce0fafe,b533585e6de440a4b0af8a3fa1d762de,4,Ótimo produto,Recomendo muito este vendedor!,2018-03-02 16:00:02,2018-03-03 16:00:02
a3441cd53f004ce6ba4bce9c82cca741,e5f4939bd20f4052b03e62098fea289f,5,Ótimo produto,Recomendo muito este vendedor!,2018-02-23 21:00:02,2018-02-24 21:00:02
d288599813594091926e6eeebdbd3d4d,43635584166e4aaab034a32ebb3787e7,4,Ótimo produto,Recomendo muito este vendedor!,2018-02-23 16:00:02,2018-02-24 16:00:02
da87e408881a404a92f155297c54af13,00384a408e8f4929aa699c9bc46c3d79,5,Ótimo produto,Recomendo muito este vendedor!,2017-08-04 15:07:53,2017-08-05 15:07:53
3c652f2ba1b4418ea7b0f8060a83557c,8376b2f34dd643c1bd630aa848c4d3e3,3,Atrasou a entrega,Demorou para responder.,2017-08-12 11:07:53,2017-08-13 11:07:53
140ab6b850ed4398b184bd064a877c66,d2599d953b4e4a46b93b9aec1fdda8c8,4,Ótimo produto,Recomendo muito este vendedor!,2017-10-07 03:07:53,2017-10-08 03:07:53
21a34e70f0bd4f20afac67110ab6d388,6dbdb2ebd2c94122a98dbc2ab1f32da5,5,Ótimo produto,Recomendo muito este vendedor!,2017-07-19 16:07:53,2017-07-20 16:07:53
86eacd865ab34c64881932fda8e156d6,f95854cc42f64e9dbd3d61f1cb8b4542,5,Ótimo produto,Recomendo muito este vendedor!,2017-07-07 19:07:53,2017-07-08 19:07:53
e3588a33b6ea4931850022eb15749b1f,fd5713053fba41fb892caacbeba692f8,3,Atrasou a entrega,Demorou para responder.,2018-06-21 16:35:12,2018-06-22 16:35:12
23d008bd63454cc998ad4146eae3d933,7f191080d78f4594b2b608d8a8f51309,2,Atrasou a entrega,Demorou para responder.,2018-07-12 23:35:12,2018-07-13 23:35:12
578bf28da4c543d08095a1db839574b0,d814ea02bfcd46408f62664453db679f,5,Ótimo produto,Recomendo muito este vendedor!,2018-06-15 15:35:12,2018-06-16 15:35:12
a532a96bf4b144e48d562ba9922e69f4,1edf4d0ad1a04d2293dfb1604c943448,5,Ótimo produto,Recomendo muito este vendedor!,2018-07-17 23:35:12,2018-07-18 23:35:12
e985dbb9168e46a782b6ddc6de8cd978,bca738d715084bdb9cd21c7b5a473e40,5,Ótimo produto,Recomendo muito este vendedor!,2018-06-26 14:35:12,2018-06-27 14:35:12
3f6180062847433da12b30195a714ca1,f5940e21e5ca4380baa04668b3951211,3,Atrasou a entrega,Demorou para responder.,2018-06-15 01:35:12,2018-06-16 01:35:12
157f54f8aecf4db0a0649c29b30238fe,b1c644ff01064ec9bd63f90ed6cd6758,5,Ótimo produto,Recomendo muito este vendedor!,2018-06-20 07:35:12,2018-06-21 07:35:12
f115c2b448e7426fbde462cb8127d38f,361346f069f24ec8b908fc9207fb27eb,5,Ótimo produto,Recomendo muito este vendedor!,2018-06-15 05:21:30,2018-06-16 05:21:30
4ab6a1615db3410c8cbeed2c16cfbfa5,4a1d381c59bf46d395a2ac8f793016a9,3,Atrasou a entrega,Demorou para responder.,2018-06-06 07:21:30,2018-06-07 07:21:30
86c03389679f4539a81c940e7685ea80,4e6e6fdf7d154066bf1f35b100512cbb,5,Ótimo produto,Recomendo muito este vendedor!,2017-08-23 17:52:06,2017-08-24 17:52:06
858b3da303ae474faf6f999e103bcf93,336058364097410ba4c87d1a1d7b3016,5,Ótimo produto,Recomendo muito este vendedor!,2018-01-30 16:36:57,2018-01-31 16:36:57
8a93bb95e57b405984100d750ff12cb6,2033db9265cc4dda8700467486885b95,3,Atrasou a entrega,Demorou para responder.,2018-01-10 02:36:57,2018-01-11 02:36:57
6a0a8841670f49fd8173acd8f3c13bad,5f52084991dc4a82a80f7af07ab35ce7,5,Ótimo produto,Recomendo muito este vendedor!,2018-05-11 02:51:44,2018-05-12 02:51:44
254a3849c90c4baaba2a5871192c6d52,359121e17909478087cefd6c32b68fa5,1,Atrasou a entrega,Demorou para responder.,2018-05-07 00:51:44,2018-05-08 00:51:44
d0bc24412dd94b16b2332aa995ad9d27,e0dc4154c670468bbebebb8202572448,5,Ótimo produto,Recomendo muito este vendedor!,2018-05-13 20:51:44,2018-05-14 20:51:44
8885d88f67444e069dfe6bea46c23b33,7df912cf6c3048119984670453fb291e,5,Ótimo produto,Recomendo muito este vendedor!,2018-05-23 14:51:44,2018-05-24 14:51:44
8d75c55774e743dea7c5606f160268f0,2fb2cc763ebc4a24915da621e3b23018,5,Ótimo produto,Recomendo muito este vendedor!,2018-05-27 02:51:44,2018-05-28 02:51:44
d19c8c4a885449819e36ef90383ee408,c96961b88a85412788ef618e52fd574f,3,Atrasou a entrega,Demorou para responder.,2018-05-14 02:51:44,2018-05-15 02:51:44
55c86f1659224c8885dd87f7d6d86169,ae9655de1c7f473eb97878092437b9e6,5,Ótimo produto,Recomendo muito este vendedor!,2018-05-13 15:51:44,2018-05-14 15:51:44
3073175a3515439bbb087c869847c13b,4195c9982c4c4731a2174bce72f4427e,4,Ótimo produto,Recomendo muito este vendedor!,2018-05-12 01:51:44,2018-05-13 01:51:44
e92832d903c045b0903a539e66a78d3d,1f06db1b03894a2cae4a7d61ef8a8dfd,5,Ótimo produto,Recomendo muito este vendedor!,2018-06-03 12:51:44,2018-06-04 12:51:44
2e7bff8af4994acfb8e15972baab6079,e8cf99f88f294c7ba8b23137cc2a35a7,5,Ótimo produto,Recomendo muito este vendedor!,2018-07-04 10:51:44,2018-07-05 10:51:44
d83757976d4c49a5a5e32be89af2cdc5,959f37f5fbd0458888723bdb508989d3,4,Ótimo produto,Recomendo muito este vendedor!,2018-07-10 08:51:44,2018-07-11 08:51:44
ef4e430f9d9f434ab6be61c6eace02c3,639bb2644e6d43ed9300b5a0728081d9,4,Ótimo produto,Recomendo muito este vendedor!,2018-05-06 23:51:44,2018-05-07 23:51:44
9d23704d2acc4fb18333ccc93ac22872,6eb3176cc9be451cac4b039eb7962d36,4,Ótimo produto,Recomendo muito este vendedor!,2018-05-25 18:51:44,2018-05-26 18:51:44
56ae09e4fbe344f98737e282d312bb1e,51bc74160aa64643832ddd68520279d6,5,Ótimo produto,Recomendo muito este vendedor!,2018-07-13 15:51:44,2018-07-14 15:51:44
b179894c55b24bf992aa1b160a13e823,ced06b1460c441dc99c0134f0bae6983,5,Ótimo produto,Recomendo muito este vendedor!,2018-05-07 07:51:44,2018-05-08 07:51:44
907a47c1bcd544d1bc0680640c15e83e,999785be52b54f579ae91797f67c8acf,1,Atrasou a entrega,Demorou para responder.,2018-03-06 21:58:07,2018-03-07 21:58:07
dec52d16b392427d8d307939efec023a,64bdcf416aa04a33ab2fe5be7ff33b07,3,Atrasou a entrega,Demorou para responder.,2018-03-29 21:58:07,2018-03-30 21:58:07
e7c83ae5581d41f1be96a048e259fbc4,e6b79120f44e45298bda36833389c606,5,Ótimo produto,Recomendo muito este vendedor!,2018-03-28 08:58:07,2018-03-29 08:58:07
7cb82f25bb204d4a8ff492f1687f1b0e,2fe8ae50bcd844b1a8be3199ecbc1bec,5,Ótimo produto,Recomendo muito este vendedor!,2018-04-02 15:58:07,2018-04-03 15:58:07
1f958cde7f2840b89ac787a6def99b32,c964014ca2cc48c0b40a03b567def9d8,4,Ótimo produto,Recomendo muito este vendedor!,2017-08-06 18:03:19,2017-08-07 18:03:19
de58362879c54ab78252f531c32f38a8,702a212dfcd74425847fd39c5df296bf,2,Atrasou a entrega,Demorou para responder.,2017-08-11 15:03:19,2017-08-12 15:03:19
28f347c1ea11430dbdba27bf52c016ca,b80964ba45a34122abd50092c9163196,5,Ótimo produto,Recomendo muito este vendedor!,2017-08-02 07:03:19,2017-08-03 07:03:19
808ebbde883b4a3080f67697606c17de,11547f2ca18a429c941d8667a756b833,3,Atrasou a entrega,Demorou para responder.,2017-08-27 10:03:19,2017-08-28 10:03:19
dfc1514a319542d0974391b76ad05b7d,251dedc3cf05404aba01fc9c6fed3cb7,5,Ótimo produto,Recomendo muito este vendedor!,2017-08-25 16:03:19,2017-08-26 16:03:19
41335279d3e646158dafd8011f353c89,d6b347ff6f4941418e89e54c8ccd7eb5,5,Ótimo produto,Recomendo muito este vendedor!,2017-09-09 03:03:19,2017-09-10 03:03:19
a6f64a2c03324fa2a2e2321f0da4d12b,8e12d957c6fd425fbab0ea86da4e6c20,5,Ótimo produto,Recomendo muito este vendedor!,2017-08-09 15:03:19,2017-08-10 15:03:19
f0eaea631d5649e3a1c6bb97d3e1f545,22d9c9d9894e4b8ab1f41a76b712d94f,5,Ótimo produto,Recomendo muito este vendedor!,2017-08-16 00:03:19,2017-08-17 00:03:19
9c420680239d4690a44ad1048fb8f19b,3f92e2541198446eb337823cd52dda52,5,Ótimo produto,Recomendo muito este vendedor!,2017-08-05 09:03:19,2017-08-06 09:03:19
870fc0c01f2d4467b007bb0078f6285d,c2e4caf4606e40b18a57d40f887b1c9f,3,Atrasou a entrega,Demorou para responder.,2017-08-01 14:03:19,2017-08-02 14:03:19
b7c2200891314842a5325614b94292a6,f1ce32e15c594199b8424e1f73b42dcc,5,Ótimo produto,Recomendo muito este vendedor!,2017-08-04 05:03:19,2017-08-05 05:03:19
dcef651cbd974fbbb59342c02c7f55e2,682055c84d8647dd9d54aec5b0e3baa9,5,Ótimo produto,Recomendo muito este vendedor!,2017-08-05 14:03:19,2017-08-06 14:03:19
e040246015ca4298a83cc7f6c7e0c5d6,a9b5bec2d9b448ee9108b27f6509336f,1,Atrasou a entrega,Demorou para responder.,2017-08-28 06:03:19,2017-08-29 06:03:19
2654d534a3cf451bb329ef1f1eb773c0,b0b20a037e874ea3bda7e01a0b9c058b,5,Ótimo produto,Recomendo muito este vendedor!,2017-09-03 07:03:19,2017-09-04 07:03:19
5f5d98986fe2476db9ed667f7241114c,708dcac8552548bb89b76efbfe132e7c,5,Ótimo produto,Recomendo muito este vendedor!,2017-08-26 06:03:19,2017-08-27 06:03:19
b55e80859b9c4abf9e9fac53954a8ea2,e9cf6b4c854c4de9a3d69ce1e60d6649,2,Atrasou a entrega,Demorou para responder.,2017-09-08 01:48:00,2017-09-09 01:48:00
8d4de88912e6468099902d2020bda0ab,84b2fa6f46304f7dbd0c17e24718c88c,5,Ótimo produto,Recomendo muito este vendedor!,2017-09-30 13:48:00,2017-10-01 13:48:00
d89306cff61a4195913d57b085d092ad,1ec3410b05234b7ab4cfc0e1d4bd82de,5,Ótimo produto,Recomendo muito este vendedor!,2017-09-03 13:48:00,2017-09-04 13:48:00
15f8df70740c47229c2f874fb27437f7,df35502584584ef3a013dbda3ffc93b5,5,Ótimo produto,Recomendo muito este vendedor!,2017-08-17 12:48:00,2017-08-18 12:48:00
cf20dd4cc29247478bafa28c5885eb3f,46fa0b29bb334bfeb6824579b17412eb,5,Ótimo produto,Recomendo muito este vendedor!,2017-09-07 06:48:00,2017-09-08 06:48:00
8ed41700884e48aebd7ac93fa5099154,eaa8fbb5c90f4648876cab7c40656d40,5,Ótimo produto,Recomendo muito este vendedor!,2017-10-24 23:22:15,2017-10-25 23:22:15
b063c3e1f26949fa800fabee469605b2,bc6dfff1cdaa47c09c618996c33ec185,5,Ótimo produto,Recomendo muito este vendedor!,2017-10-08 17:22:15,2017-10-09 17:22:15
77a0d915b43e4503bb9eb92148960bba,c0af007a74224228a50ad86902e413ee,4,Ótimo produto,Recomendo muito este vendedor!,2017-09-20 08:22:15,2017-09-21 08:22:15
206ca91cba1549f9a1b55679fa89610e,1852d45053304688ba82496ab87d5bbf,5,Ótimo produto,Recomendo muito este vendedor!,2017-10-08 21:22:15,2017-10-09 21:22:15
df19c2d1fdf24e76af2d372262636721,d9af4b9e1bd44d5c8c71405646d72c76,5,Ótimo produto,Recomendo muito este vendedor!,2017-09-29 13:22:15,2017-09-30 13:22:15
b38d34d247e547fdbe918ce925366c72,d791ba6673fb4078810f540b30a72668,3,Atrasou a entrega,Demorou para responder.,2017-09-24 02:22:15,2017-09-25 02:22:15
0075c5ca858a4ba4a931983841670d75,5c64da18788a468f80faafa34faf7cac,5,Ótimo produto,Recomendo muito este vendedor!,2017-09-28 15:22:15,2017-09-29 15:22:15
caf6a02d10d947f9b7eff926f8e3d023,f20b701362f34c0793a34251fdaee760,5,Ótimo produto,Recomendo muito este vendedor!,2017-09-22 22:22:15,2017-09-23 22:22:15
90e28e1df2234054b498b842e8edfd92,6959b09a88ab4aee90abb3b19d2da7c1,5,Ótimo produto,Recomendo muito este vendedor!,2017-10-14 19:22:15,2017-10-15 19:22:15
34747a56422f4e40b1c9ee68d4d7fbe6,3f7872424eb84b61a5f1cf9107012d31,5,Ótimo produto,Recomendo muito este vendedor!,2017-09-28 10:22:15,2017-09-29 10:22:15
12e0fc61ab064c89beb72ce272847d35,d88e79f88d2c4711a50acaba39f2d9f5,5,Ótimo produto,Recomendo muito este vendedor!,2017-09-29 22:22:15,2017-09-30 22:22:15
cb196727197b4a44b45b48d5d345f46b,f8ab90b197834e6c87aecbbe899de955,5,Ótimo produto,Recomendo muito este vendedor!,2017-09-22 00:22:15,2017-09-23 00:22:15
ea64c75d28124c089dc764f0101cc063,688a7e9031e5441aa67f50497f01015c,3,Atrasou a entrega,Demorou para responder.,2017-10-29 16:22:15,2017-10-30 16:22:15
cf9741d5a4e14aef94e8143564e203e6,293783ed0a784cf4820d14ae9ead3f32,5,Ótimo produto,Recomendo muito este vendedor!,2017-10-20 15:22:15,2017-10-21 15:22:15
796457519e6b4744b513063a54db57c7,8dad2ad539c941f78fee84047325ea23,4,Ótimo produto,Recomendo muito este vendedor!,2017-10-04 16:22:15,2017-10-05 16:22:15
45c8c5be5b544eb28752999925d617a8,692878f197d7493dad43e4506d384dd9,5,Ótimo produto,Recomendo muito este vendedor!,2017-10-12 01:22:15,2017-10-13 01:22:15
b4d8f085b999467c934c8f6597ad9ea7,080e235f3eb44b2f9557ee72da64501f,5,Ótimo produto,Recomendo muito este vendedor!,2017-10-21 03:22:15,2017-10-22 03:22:15
adf2aaf408ab4c7f864ed23c717b5f73,dc5b4afab7e74c9d97a99de92d998afd,5,Ótimo produto,Recomendo muito este vendedor!,2017-10-03 20:22:15,2017-10-04 20:22:15
fd7cf309e68c4c02ac70a495d08e1d0b,1cfc0eebfad64008846c1b441cdfbd50,3,Atrasou a entrega,Demorou para responder.,2017-10-01 22:22:15,2017-10-02 22:22:15
115744357c574035aa9b97fa0a47b08f,0bed48422e5e4a7b9df3b54c6f3cb09b,3,Atrasou a entrega,Demorou para responder.,2017-09-25 23:22:15,2017-09-26 23:22:15
e5ccbf51c7bb4795a5eb46cd5d1fac8f,b760f41fa87c4e76831c2151b46da867,5,Ótimo produto,Recomendo muito este vendedor!,2017-10-10 07:29:02,2017-10-11 07:29:02
738a21b5f2c1418d9a953d2f45a79517,77e40172de974f4ab9ab59e19a6c895a,5,Ótimo produto,Recomendo muito este vendedor!,2017-09-12 04:29:02,2017-09-13 04:29:02
ac1178697cd94f1e8f8a0ae66196cf8e,0a09d403c54b4daaaf718cd198859764,4,Ótimo produto,Recomendo muito este vendedor!,2017-11-11 11:29:02,2017-11-12 11:29:02
92f032d93ad64a4f92da2709e58befe3,698df8f7f30f4adbab393f8492f5a473,2,Atrasou a entrega,Demorou para responder.,2017-09-24 14:29:02,2017-09-25 14:29:02
5cffec03ff0b42a595edd6752ea640aa,d696b3f868dc4d239c966fbd5a505eeb,5,Ótimo produto,Recomendo muito este vendedor!,2017-09-11 14:29:02,2017-09-12 14:29:02
6ebd6e72463d421f8c7a226b9f086558,f87953f8fd184b3f9c98233d61b4330b,3,Atrasou a entrega,Demorou para responder.,2018-06-25 23:29:42,2018-06-26 23:29:42
06d0bc1ceff4434a8eac32a6af27897e,1da636468c9046979591c2508257f169,3,Atrasou a entrega,Demorou para responder.,2018-06-27 17:29:42,2018-06-28 17:29:42
baad4c5160dd475282d8284c82b70491,9c0edc00456841e8b69d7e8316106b92,5,Ótimo produto,Recomendo muito este vendedor!,2018-05-30 23:29:42,2018-05-31 23:29:42
755eac89b62e43e68cc6da3cf78de476,508fe1997a044884a3ebae032b039b05,4,Ótimo produto,Recomendo muito este vendedor!,2018-05-26 22:29:42,2018-05-27 22:29:42
9e125f4efd1a4096878f9ae071ac5eda,8648f72ed4514b70b4e4e78a585e32ce,5,Ótimo produto,Recomendo muito este vendedor!,2018-05-19 18:29:42,2018-05-20 18:29:42
9ed7e7820a8944cfa5201769e880f354,077bdb000d35424897a4416c07f6f48f,5,Ótimo produto,Recomendo muito este vendedor!,2018-05-29 12:29:42,2018-05-30 12:29:42
4984c8d8824d4ce48addf8fdf4fdc064,9202857ec95843fb9606656d4e23d6fd,5,Ótimo produto,Recomendo muito este vendedor!,2018-05-16 17:29:42,2018-05-17 17:29:42
f6942d39331742ca9f73e0ca90c6bc22,1d652259a6a740d692cec69131837653,5,Ótimo produto,Recomendo muito este vendedor!,2018-05-28 12:29:42,2018-05-29 12:29:42
01dddde0818845698673ea9ed2002bfb,f4caa5a4445546cbbeeff3ad5bd77ffe,5,Ótimo produto,Recomendo muito este vendedor!,2018-05-23 00:29:42,2018-05-24 00:29:42
9540bd4816fe4b80aa975169ca41b421,7329f70141b34b87a7154e2cc7a4ff88,4,Ótimo produto,Recomendo muito este vendedor!,2018-05-23 02:29:42,2018-05-24 02:29:42
1067d95c5e9a43c788349a02f7b41319,2bd51ee1d94146dbb83a3122fdb50486,3,Atrasou a entrega,Demorou para responder.,2018-06-05 21:29:42,2018-06-06 21:29:42
13ac329ff1294c8daaea8fa47361150e,2d52d8286718495cbaa1a484c2624a7b,5,Ótimo produto,Recomendo muito este vendedor!,2018-06-17 11:29:42,2018-06-18 11:29:42
4ca97b66410241a4ac322fd5dcb2d25b,d27bf47dd2af4066ad767f2c4d8736e5,5,Ótimo produto,Recomendo muito este vendedor!,2018-06-01 15:29:42,2018-06-02 15:29:42
543da5f3e99746afaff83eadccb49172,a7a4d562eaab4ddba19c19c1909a0831,3,Atrasou a entrega,Demorou para responder.,2018-05-26 19:29:42,2018-05-27 19:29:42
456ed6e4c80f4451b8388fc46f5a9cf0,44f130c6676d4b2593a1a5bb521b365e,2,Atrasou a entrega,Demorou para responder.,2018-05-19 10:29:42,2018-05-20 10:29:42
e096146701ba4cb4aab5763c87d19c17,2b5faef5fb2d485e904b80abc347736a,1,Atrasou a entrega,Demorou para responder.,2018-05-15 22:29:42,2018-05-16 22:29:42
2e68b15003c940fbb01f4ae1c48b7b05,bf648df6af5c4371a9629c437037f97a,5,Ótimo produto,Recomendo muito este vendedor!,2018-05-17 02:29:42,2018-05-18 02:29:42
4afd0754c68d4ec0b5fb56359dee6bac,da9db0f27e32420eb80371ca39f43d0e,3,Atrasou a entrega,Demorou para responder.,2017-11-30 07:44:43,2017-12-01 07:44:43
69859a9a05d34e328f2492bbdbeac093,da288a4a982c42c4b560ebb59928485d,2,Atrasou a entrega,Demorou para responder.,2018-07-05 19:00:02,2018-07-06 19:00:02
f1f985ea43b8425ea561569997d9137d,7733d4c48b524eb08ddfd26e7b1d971c,5,Ótimo produto,Recomendo muito este vendedor!,2018-07-20 12:00:02,2018-07-21 12:00:02
df98ebe918ce4206a053b06ccc1102a1,692fc4d5a13f4af9b80af86edd926567,5,Ótimo produto,Recomendo muito este vendedor!,2018-07-17 14:00:02,2018-07-18 14:00:02
63470241193d4aebad284c95fb15dfbf,77c11bef745441289b9d15f3b33f7803,5,Ótimo produto,Recomendo muito este vendedor!,2018-07-02 15:00:02,2018-07-03 15:00:02
5fef90a8bb624b5085b9cf545e406c12,8dc98e6c9e5f499e9b68de6bcf3f92c6,5,Ótimo produto,Recomendo muito este vendedor!,2018-06-26 11:00:02,2018-06-27 11:00:02
33d64f9e609546e8be868c22eb6d30f7,242015b6394d4967ada67c0ce6b64c9d,5,Ótimo produto,Recomendo muito este vendedor!,2018-06-19 08:00:02,2018-06-20 08:00:02
4172a5147a414a458967e1697f7016d3,aa4834aabc0249a483564338bed821ff,2,Atrasou a entrega,Demorou para responder.,2018-06-14 20:00:02,2018-06-15 20:00:02
3de15ae4e8b44a32ae781e058d885a9e,6cb3d1a9a35e469184cc589688cbec1b,5,Ótimo produto,Recomendo muito este vendedor!,2018-08-22 07:23:35,2018-08-23 07:23:35
736811cb844f400d830146815536c8cb,691239b8be454cd5bbd0f65f8fbbe375,5,Ótimo produto,Recomendo muito este vendedor!,2018-08-14 01:23:35,2018-08-15 01:23:35
bce81f5477824552857d5b2789ffd865,d20beabe16024085819c099a4f52155e,5,Ótimo produto,Recomendo muito este vendedor!,2018-08-07 00:23:35,2018-08-08 00:23:35
942c676451734b1ca3863c6857ec438f,16d39450c3db4ffb923a37cf3c8ae282,5,Ótimo produto,Recomendo muito este vendedor!,2018-07-01 00:23:35,2018-07-02 00:23:35
35d3e2d6742b4622aeb5e9448cadf14b,23a93f49d5cc433bb759b04833ee70d8,5,Ótimo produto,Recomendo muito este vendedor!,2018-07-03 02:23:35,2018-07-04 02:23:35
44b57ae2bb7e44209e7b2c59ae06e607,3231e0c405104f10b8ad5ff3004cae3e,4,Ótimo produto,Recomendo muito este vendedor!,2018-08-14 17:23:35,2018-08-15 17:23:35
01a85b0d1d5f4f58aafb4ccc9fdfd80a,1e3733c8e0894a109e9e965e94a2fab4,3,Atrasou a entrega,Demorou para responder.,2018-07-20 10:23:35,2018-07-21 10:23:35
3e8c518de552418cb094e4252a1d018c,90d4157314fc45c7becba8179097f7c1,4,Ótimo produto,Recomendo muito este vendedor!,2018-07-12 11:23:35,2018-07-13 11:23:35
9e8644d146074923858d16af881da278,5c23ee0b3be84c308e4548ec5e59a095,1,Atrasou a entrega,Demorou para responder.,2018-07-14 23:23:35,2018-07-15 23:23:35
120740ec578246188b9666b2492a3208,017b0d9b10de4123b1e25ede4210e05f,1,Atrasou a entrega,Demorou para responder.,2018-07-07 01:23:35,2018-07-08 01:23:35
df22d7fa8c4c4a0b9ca9f81d655f2478,c454a7f41a3b4b64bac78146e3bb4c9a,1,Atrasou a entrega,Demorou para responder.,2018-07-05 14:23:35,2018-07-06 14:23:35
db08bb6dc0134a5090fa832a9173921c,729b2f0e9354446a868412a830cec5a3,5,Ótimo produto,Recomendo muito este vendedor!,2018-07-27 02:23:35,2018-07-28 02:23:35
fd60554e79204912a329ee10603b58d0,f3d830f3fa1b4b42982e07ceb50bbf8d,4,Ótimo produto,Recomendo muito este vendedor!,2018-07-14 17:23:35,2018-07-15 17:23:35
7685d074a90545b994a2aa9081d5b553,6f1fd33ef66744a3969167f7a08df0d3,5,Ótimo produto,Recomendo muito este vendedor!,2018-08-04 18:23:35,2018-08-05 18:23:35
255f9eab97b84edeb70f401a8290a15f,dba1c98a529342a0bf234f5f5d8c2d3c,5,Ótimo produto,Recomendo muito este vendedor!,2018-07-19 14:23:35,2018-07-20 14:23:35
65cf6e07dc1e4a38b542c9a452af9ed7,29459e01d8774042a242f62d6842c857,5,Ótimo produto,Recomendo muito este vendedor!,2018-06-27 17:23:35,2018-06-28 17:23:35
3270190a26724adc8ce35a5786eca873,dfc71bcdc4d1447588b6ba58d09787d7,5,Ótimo produto,Recomendo muito este vendedor!,2018-06-30 01:23:35,2018-07-01 01:23:35
014c7dd4ab3f415e96f3b513aa50766c,ee92b2fe76c94452a620b3d80428c23f,5,Ótimo produto,Recomendo muito este vendedor!,2018-07-10 09:23:35,2018-07-11 09:23:35
5400e3144e314140a1fe69c2d8594dc4,4878f69050104187bac573fb4a73ec40,5,Ótimo produto,Recomendo muito este vendedor!,2018-07-18 05:23:35,2018-07-19 05:23:35
1fc0db774d964875bfb04f93b99472f0,1e4286ef6aae4039aa00b6386aaeac1f,5,Ótimo produto,Recomendo muito este vendedor!,2018-06-30 07:23:35,2018-07-01 07:23:35
06fa3ec2e54c4444ac62329c422b5360,c0c4c990cdc74b1aa175444bba8aca2e,5,Ótimo produto,Recomendo muito este vendedor!,2018-07-01 00:23:35,2018-07-02 00:23:35
2cc115751cbf40dbb62e1e9ffe8560ef,c4e6aab563534bce8de4ee0cb3e8fddd,5,Ótimo produto,Recomendo muito este vendedor!,2018-07-04 10:23:35,2018-07-05 10:23:35
b94dc6169aa04576a8bdd7c4f9fc14a5,0fb953f507654180a25f6ed775ef7c11,3,Atrasou a entrega,Demorou para responder.,2018-06-29 08:23:35,2018-06-30 08:23:35
260645beb6fa433e9e40ebf96ea8162b,de46124c1683400888319487d0a857b1,5,Ótimo produto,Recomendo muito este vendedor!,2018-01-16 06:04:22,2018-01-17 06:04:22
cc757cedc67d422f9ebb6b5790783ee8,eca90ba487ac45f4a23dd363037ad4b4,3,Atrasou a entrega,Demorou para responder.,2018-01-22 07:04:22,2018-01-23 07:04:22
706e2ad9d6694413b8fbd242fdcdcee8,b08133b0467e4b3782c42d2031caf003,5,Ótimo produto,Recomendo muito este vendedor!,2018-01-15 02:04:22,2018-01-16 02:04:22
1840694188c44d14b8a52007400f4187,ad0580b727e444c99fd4b2e6cb378245,5,Ótimo produto,Recomendo muito este vendedor!,2018-01-27 06:04:22,2018-01-28 06:04:22
602b3e537bb24bbb8a52ef08e124e2fc,9733fc5a4805448bad4a013bf8dcb498,5,Ótimo produto,Recomendo muito este vendedor!,2018-02-02 15:04:22,2018-02-03 15:04:22
